region_code,都道府県,地域,ACTIVITY_v28,ACTIVITY_v29,ACTIVITY差,CURRENT_SUPPLY_v28,CURRENT_SUPPLY_v29,CURRENT_SUPPLY差,ACTIVITY充足率_v28,ACTIVITY充足率_v29,手術型β,手術データ充足率,救急型β,救急データ充足率,入院型β,入院データ充足率,活動プロファイル
36405,徳島県,上板町,-1.0,,,-0.050224962829767246,0.467834148353996,0.5180591111837632,0.3333333333333333,0.0,,0,,0,,0,データ不足
26213,京都府,南丹市,0.95,2.0,1.05,0.9615655502454284,1.2765655502454285,0.31500000000000006,0.6666666666666666,0.6499999999999999,2.0,1,2.0,1,,0,複合型
26465,京都府,与謝野町,0.95,2.0,1.05,0.6965866143147768,1.0115866143147767,0.31499999999999995,0.6666666666666666,0.6499999999999999,2.0,1,2.0,1,,0,複合型
26105,京都府,京都市東山区,0.95,2.0,1.05,1.491973214483173,1.806973214483173,0.31499999999999995,0.6666666666666666,0.6499999999999999,2.0,1,2.0,1,,0,複合型
26102,京都府,京都市上京区,0.95,2.0,1.05,1.5112475193636965,1.8262475193636964,0.31499999999999995,0.6666666666666666,0.6499999999999999,2.0,1,2.0,1,,0,複合型
37403,香川県,琴平町,0.4584295788522552,1.2437378136188544,0.7853082347665992,0.7504544066734652,0.986046877103445,0.23559247042997977,0.6666666666666666,0.6499999999999999,2.0,1,0.36143192950751746,1,,0,手術型
26203,京都府,綾部市,0.41162487450831575,1.1717305761666397,0.7601057016583239,0.21811790991987273,0.4461496204173699,0.22803171049749715,0.6666666666666666,0.6499999999999999,1.5929385208134224,1,0.68032130741206,1,,0,手術型
26104,京都府,京都市中京区,0.38627977204218134,1.1327381108341252,0.7464583387919439,0.5334802481377228,0.757417749775306,0.2239375016375832,0.6666666666666666,0.6499999999999999,1.4872726974430877,1,0.7191144264570024,1,,0,手術型
11365,埼玉県,小鹿野町,0.36865155960469426,1.1056177840072219,0.7369662244025277,0.2345472203462585,0.45563708766701677,0.22108986732075828,0.6666666666666666,0.6499999999999999,2.0,1,0.06217186534898089,1,,0,手術型
07521,福島県,三春町,-0.6662548333380373,-0.04644238096582088,0.6198124523722164,-0.35891113694459226,-0.14015380081322182,0.21875733613137044,0.3333333333333333,0.35,,0,,0,-0.04644238096582087,1,入院型（参考）
26212,京都府,京丹後市,0.3306845030497544,1.047206927768853,0.7165224247190985,0.20474335572510916,0.4197000831408387,0.21495672741572952,0.6666666666666666,0.6499999999999999,1.792956969824691,1,0.17716521203704194,1,,0,手術型
08364,茨城県,大子町,0.2774554723703224,0.9653161113389577,0.6878606389686353,0.3498371280214619,0.5561953197120524,0.2063581916905905,0.6666666666666666,0.6499999999999999,1.2074882903981266,1,0.6827819024365938,1,,0,手術型
26201,京都府,福知山市,0.23026872482686656,0.8927211151182564,0.6624523902913898,0.3276250203662244,0.5263607374536413,0.19873571708741694,0.6666666666666666,0.6499999999999999,1.380111880689931,1,0.3240985552846356,1,,0,手術型
26111,京都府,京都市西京区,0.159613106405054,0.7840201637000831,0.6244070572950291,0.11430966399946177,0.3016317811879705,0.18732211718850875,0.6666666666666666,0.6499999999999999,1.1326807266278442,1,0.37724950695102843,1,,0,手術型
26106,京都府,京都市下京区,0.14100353721105205,0.7553900572477725,0.6143865200367205,0.790489663302659,0.9748056193136752,0.18431595601101614,0.6666666666666666,0.6499999999999999,0.33077474371303683,1,1.2507745897049638,1,,0,救急型
03483,岩手県,岩泉町,0.0011974303485222104,0.5403037389977265,0.5391063086492043,0.0006565850084768301,0.16238847760323813,0.1617318925947613,0.6666666666666666,0.6499999999999999,0.8105222536660663,1,0.22504880521799664,1,,0,手術型
24341,三重県,菰野町,-0.02914512521304051,0.49362288428763,0.5227680095006705,-0.16415625898867583,-0.007325856138474668,0.15683040285020117,0.6666666666666666,0.6499999999999999,1.1306638467586785,1,-0.24959157192859327,1,,0,手術型
26202,京都府,舞鶴市,-0.05129419405188712,0.4595473937663275,0.5108415878182146,0.24141997428704867,0.39467245063251305,0.15325247634546438,0.6666666666666666,0.6499999999999999,0.589517407352564,1,0.3079157112490516,1,,0,複合型
26211,京都府,京田辺市,-0.08695428150502635,0.4046857207614979,0.49164000226652427,-0.04466920778108181,0.10282279289887546,0.14749200067995727,0.6666666666666666,0.6499999999999999,0.055515048183781834,1,0.8120515054355,1,,0,救急型
26103,京都府,京都市左京区,-0.09193049924611434,0.3970300011598241,0.48896050040593847,0.4212731319649931,0.5679612820867747,0.14668815012178155,0.6666666666666666,0.6499999999999999,0.7447470721463254,1,-0.008639914991094066,1,,0,手術型
26110,京都府,京都市山科区,-0.15087079808717443,0.30635261832742394,0.4572234164145984,0.09809706733405144,0.23526409225843095,0.13716702492437952,0.6666666666666666,0.6499999999999999,0.5358717985473733,1,0.03858024140414962,1,,0,手術型
26366,京都府,精華町,-0.16312796842114938,0.28749543319823173,0.4506234016193811,0.21198486087792326,0.34717188136373756,0.1351870204858143,0.6666666666666666,0.6499999999999999,0.5393081377787954,1,-0.006286055479092556,1,,0,手術型
26204,京都府,宇治市,-0.22563773563231432,0.19132656056567027,0.4169642961979846,-0.023092495976762245,0.10199679288263312,0.12508928885939535,0.6666666666666666,0.6499999999999999,0.1742836852180285,1,0.21120991513791898,1,,0,複合型
26214,京都府,木津川市,-0.3019833968860702,0.0738716970983535,0.3758550939844237,-0.3092167854771867,-0.1964602572818596,0.11275652819532708,0.6666666666666666,0.6499999999999999,0.07631051073854445,1,0.07102641451813074,1,,0,複合型
26109,京都府,京都市伏見区,-0.3539087300453744,-0.006013430839037541,0.3478952992063368,-0.11500931223859541,-0.010640722476694358,0.10436858976190105,0.6666666666666666,0.6499999999999999,-0.07144903731526309,1,0.07032811004989226,1,,0,複合型
37404,香川県,多度津町,-0.37002507262678086,-0.030807804041201363,0.3392172685855795,0.06136772077495218,0.16313290135062603,0.10176518057567385,0.6666666666666666,0.6499999999999999,0.600898328562194,1,-0.7677982920784959,1,,0,手術型
26210,京都府,八幡市,-0.406381189689706,-0.08674029183031694,0.31964089785938904,-0.2077901481413491,-0.11189787878353238,0.09589226935781672,0.6666666666666666,0.6499999999999999,-0.18383091731602996,1,0.02653210456968158,1,,0,複合型
26107,京都府,京都市南区,-0.48764588594897174,-0.21176290145995663,0.2758829844890151,-0.1796939446497526,-0.09692904930304806,0.08276489534670455,0.6666666666666666,0.6499999999999999,-0.1861316659285186,1,-0.24166600957996764,1,,0,複合型
26207,京都府,城陽市,-0.5917771016308365,-0.37196477173974857,0.21981232989108795,-0.32549983528340826,-0.2595561363160819,0.06594369896732638,0.6666666666666666,0.6499999999999999,-0.42585358839254894,1,-0.3090944856448148,1,,0,活動量低め
26407,京都府,京丹波町,-0.6243022530808927,-0.42200346627829655,0.20229878680259616,-0.1578710346236477,-0.09718139858286882,0.060689636040778885,0.6666666666666666,0.6499999999999999,-0.6369197584124245,1,-0.17126779212181387,1,,0,救急型
26101,京都府,京都市北区,-0.7463996771044883,-0.6098456570838282,0.13655402002066008,-0.07172923850669946,-0.030763032500501414,0.04096620600619805,0.6666666666666666,0.6499999999999999,-0.48955598579281845,1,-0.7501836069233396,1,,0,活動量低め
26108,京都府,京都市右京区,-0.7465491775054541,-0.6100756577006988,0.1364735198047553,-0.332133673583493,-0.2911916176420664,0.04094205594142658,0.6666666666666666,0.6499999999999999,-0.6275735045232247,1,-0.5896615030744186,1,,0,活動量低め
26209,京都府,長岡京市,-0.7518289238619887,-0.6181983444030598,0.13363057945892898,-0.044840455618285105,-0.004751281780606426,0.04008917383767868,0.6666666666666666,0.6499999999999999,-0.649702957920113,1,-0.5814429619664975,1,,0,活動量低め
26206,京都府,亀岡市,-0.7529433248893124,-0.6199128075220192,0.1330305173672932,-0.42006151946148534,-0.3801523642512974,0.03990915521018795,0.6666666666666666,0.6499999999999999,-0.6358981053542635,1,-0.6012632933844007,1,,0,活動量低め
12329,千葉県,栄町,-0.7558265969250277,-0.6243486106538889,0.13147798627113882,-0.5832471002943409,-0.5438037044129992,0.039443395881341714,0.6666666666666666,0.6499999999999999,-0.30236170550007935,1,-1.0,1,,0,活動量低め
19384,山梨県,昭和町,-0.7636301887957516,-0.6363541366088489,0.12727605218690274,-0.24777800693950788,-0.20959519128343707,0.03818281565607082,0.6666666666666666,0.6499999999999999,-0.3246576822735763,1,-1.0,1,,0,活動量低め
09386,栃木県,高根沢町,-0.8032307938967415,-0.6972781444565255,0.10595264944021598,-0.399951348928082,-0.3681655540960172,0.031785794832064784,0.6666666666666666,0.6499999999999999,-0.6723816229537054,1,-0.7263240862098155,1,,0,活動量低め
21521,岐阜県,御嵩町,-0.8088155062634117,-0.7058700096360181,0.1029454966273936,-0.41860179370469514,-0.3877181447164771,0.03088364898821805,0.6666666666666666,0.6499999999999999,-0.5870032861515757,1,-0.8445478537012008,1,,0,活動量低め
10524,群馬県,大泉町,-0.8262199906579103,-0.7326461394737083,0.09357385118420203,-0.5935328836750926,-0.5654607283198321,0.02807215535526053,0.6666666666666666,0.6499999999999999,-0.5203144807071074,1,-0.9803664080347424,1,,0,活動量低め
26205,京都府,宮津市,-0.8435058241118125,-0.7592397294027886,0.08426609470902391,-0.2729315160904004,-0.24765168767769324,0.02527982841270715,0.6666666666666666,0.6499999999999999,-0.5936815981749237,1,-0.9523908825019642,1,,0,活動量低め
04505,宮城県,美里町,-0.924120184759631,-0.8832618227071247,0.04085836205250626,-0.5553691795466814,-0.5431116709309295,0.012257508615751922,0.6666666666666666,0.6499999999999999,-0.9895181387792935,1,-0.7592961206229276,1,,0,活動量低め
26208,京都府,向日市,-0.9342416384946732,-0.8988332899918051,0.035408348502868114,-0.5221646730148393,-0.5115421684639789,0.010622504550860334,0.6666666666666666,0.6499999999999999,-0.9558161115432574,1,-0.8323533315151108,1,,0,活動量低め
08521,茨城県,八千代町,-0.9534056489967846,-0.9283163830719766,0.02508926592480798,-0.603145084314986,-0.5956183045375436,0.007526779777442427,0.6666666666666666,0.6499999999999999,-1.0,1,-0.844685496655949,1,,0,活動量低め
18205,福井県,大野市,-0.956986328533481,-0.93382512082074,0.023161207712740994,-0.40044004097116864,-0.3934916786573463,0.006948362313822343,0.6666666666666666,0.6499999999999999,-0.9609935978119621,1,-0.9021285643309808,1,,0,活動量低め
36341,徳島県,石井町,-0.9668822156240953,-0.9490495624986081,0.017832653125487208,-0.35642339836215486,-0.3510736024245087,0.0053497959376461734,0.6666666666666666,0.6499999999999999,-0.9634559689841496,1,-0.9322420882654762,1,,0,活動量低め
21505,岐阜県,八百津町,-0.9722240302004685,-0.9572677387699517,0.0149562914305168,-0.35585648960300775,-0.3513696021738527,0.00448688742915504,0.6666666666666666,0.6499999999999999,-0.9206400862870532,1,-1.0,1,,0,活動量低め
04301,宮城県,蔵王町,-0.980890409094209,-0.9706006293757063,0.010289779718502645,-0.478609175476217,-0.47552224156066625,0.0030869339155507602,0.6666666666666666,0.6499999999999999,-1.0,1,-0.9363013636473635,1,,0,活動量低め
38401,愛媛県,松前町,-0.9810351784089368,-0.9708233513983645,0.010211827010572327,-0.5055716523226055,-0.5025081042194338,0.003063548103171665,0.6666666666666666,0.6499999999999999,-0.9458147954541054,1,-1.0,1,,0,活動量低め
04323,宮城県,柴田町,-0.9825407868883287,-0.9731396721358906,0.0094011147524381,-0.6555110470175995,-0.6526907125918682,0.0028203344257313745,0.6666666666666666,0.6499999999999999,-0.989067694012209,1,-0.9545569799468522,1,,0,活動量低め
11342,埼玉県,嵐山町,-0.9904567970204841,-0.9853181492622836,0.005138647758200499,-0.6429032694850514,-0.6413616751575912,0.0015415943274601496,0.6666666666666666,0.6499999999999999,-0.9727337057728119,1,-1.0,1,,0,活動量低め
14208,神奈川県,逗子市,-0.9965249424387075,-0.9946537575980117,0.0018711848406958165,-0.43629333948582877,-0.43573198403362007,0.0005613554522087005,0.6666666666666666,0.6499999999999999,-0.990071264110593,1,-1.0,1,,0,活動量低め
09411,栃木県,那珂川町,-0.9966606835689178,-0.9948625901060274,0.0017980934628903933,-0.44173175006887044,-0.44119232203000336,0.0005394280388670847,0.6666666666666666,0.6499999999999999,-0.9904590959111937,1,-1.0,1,,0,活動量低め
21208,岐阜県,瑞浪市,-0.9974034059722757,-0.9960052399573475,0.0013981660149282593,-0.5183239755957925,-0.517904525791314,0.0004194498044785,0.6666666666666666,0.6499999999999999,-0.9925811599207879,1,-1.0,1,,0,活動量低め
47382,沖縄県,与那国町,,,,0.02635571994331402,0.02635571994331402,0.0,,0.0,,,,,,,データ不足
47381,沖縄県,竹富町,,,,0.6545454545454545,0.6545454545454545,0.0,,0.0,,,,,,,データ不足
47375,沖縄県,多良間村,,,,0.06423570161638761,0.06423570161638761,0.0,,0.0,,,,,,,データ不足
47362,沖縄県,八重瀬町,2.0,2.0,0.0,1.0790582585506128,1.0790582585506128,0.0,1,0.9999999999999999,2.0,1,2.0,1,2.0,1,複合型
47361,沖縄県,久米島町,,,,0.5040324705964844,0.5040324705964844,0.0,1,0.0,,0,,0,,0,データ不足
47360,沖縄県,伊是名村,,,,0.034862296266602956,0.034862296266602956,0.0,,0.0,,,,,,,データ不足
47359,沖縄県,伊平屋村,,,,0.06174226910550065,0.06174226910550065,0.0,,0.0,,,,,,,データ不足
47358,沖縄県,北大東村,,,,0.21750356783995398,0.21750356783995398,0.0,,0.0,,,,,,,データ不足
47357,沖縄県,南大東村,,,,0.04089715639717474,0.04089715639717474,0.0,,0.0,,,,,,,データ不足
47356,沖縄県,渡名喜村,,,,0.36363636363636365,0.36363636363636365,0.0,,0.0,,,,,,,データ不足
47355,沖縄県,粟国村,,,,0.1673450623806766,0.1673450623806766,0.0,,0.0,,,,,,,データ不足
47354,沖縄県,座間味村,,,,0.36363636363636365,0.36363636363636365,0.0,,0.0,,,,,,,データ不足
47353,沖縄県,渡嘉敷村,,,,0.18759115704470933,0.18759115704470933,0.0,,0.0,,,,,,,データ不足
47350,沖縄県,南風原町,2.0,2.0,0.0,1.4908590209908898,1.4908590209908898,0.0,0.8333333333333334,0.8374999999999999,2.0,0.75,2.0,0.75,2.0,1,複合型
47348,沖縄県,与那原町,2.0,2.0,0.0,0.9322081546942456,0.9322081546942456,0.0,1,0.9999999999999999,2.0,1,2.0,1,2.0,1,複合型
47329,沖縄県,西原町,-1.0,-1.0,0.0,-0.6158022868816548,-0.6158022868816548,0.0,1,0.9999999999999999,-1.0,1,-1.0,1,-1.0,1,活動量低め
47328,沖縄県,中城村,2.0,2.0,0.0,1.5930154475117142,1.5930154475117142,0.0,1,0.9999999999999999,2.0,1,2.0,1,2.0,1,複合型
47327,沖縄県,北中城村,2.0,2.0,0.0,3.1952365401311775,3.1952365401311775,0.0,1,0.9999999999999999,2.0,1,2.0,1,2.0,1,複合型
47326,沖縄県,北谷町,-0.997368,-0.997368,0.0,-0.423621567059186,-0.423621567059186,0.0,0.6666666666666666,0.6499999999999999,-0.99248,0.5,-1.0,1,-1.0,0.5,活動量低め
47325,沖縄県,嘉手納町,1.5691244239631337,1.5691244239631337,0.0,0.6435304713138434,0.6435304713138434,0.0,1,0.6499999999999999,2.0,1,1.066436251920123,1,,0,手術型
47324,沖縄県,読谷村,,,,-0.5696982707124024,-0.5696982707124024,0.0,,0.0,,,,,,,データ不足
47315,沖縄県,伊江村,,,,-0.2602349159928628,-0.2602349159928628,0.0,,0.0,,,,,,,データ不足
47314,沖縄県,金武町,-0.5212642774434263,-0.5212642774434263,0.0,0.42563598480113024,0.42563598480113024,0.0,0.6666666666666666,0.6499999999999999,-1.0,1,0.03726073220590975,1,,0,救急型
47313,沖縄県,宜野座村,,,,0.4892235934257614,0.4892235934257614,0.0,1,0.0,,0,,0,,0,データ不足
47311,沖縄県,恩納村,,,,-0.2888859808220995,-0.2888859808220995,0.0,,0.0,,,,,,,データ不足
47308,沖縄県,本部町,0.0,0.0,0.0,0.43297407816857647,0.43297407816857647,0.0,1,0.35,0.0,1,,0,,0,手術型（参考）
47306,沖縄県,今帰仁村,,,,0.43068569296943404,0.43068569296943404,0.0,1,0.0,,0,,0,,0,データ不足
47303,沖縄県,東村,,,,0.004746040274025607,0.004746040274025607,0.0,,0.0,,,,,,,データ不足
47302,沖縄県,大宜味村,,,,-0.039999194752350926,-0.039999194752350926,0.0,,0.0,,,,,,,データ不足
47301,沖縄県,国頭村,,,,-0.13240091490757191,-0.13240091490757191,0.0,,0.0,,,,,,,データ不足
47215,沖縄県,南城市,-0.917316816663956,-0.917316816663956,0.0,-0.6942929521224039,-0.6942929521224039,0.0,1,0.9999999999999999,-0.9491825365304968,1,-0.9921285930388314,1,-0.8213267170475222,1,活動量低め
47214,沖縄県,宮古島市,1.267701110886606,1.267701110886606,0.0,0.6002461789158363,0.6002461789158363,0.0,0.8888888888888888,0.8833333333333332,0.7167801471065687,1,1.3419352668413946,1,1.754992798133968,0.6666666666666666,入院型
47213,沖縄県,うるま市,0.14547971788273625,0.14547971788273625,0.0,-0.09347074823548364,-0.09347074823548364,0.0,0.8333333333333334,0.8374999999999999,0.006057190034021831,0.75,0.214719191072267,0.75,0.22555412585471002,1,複合型
47212,沖縄県,豊見城市,1.8324731636530254,1.8324731636530254,0.0,0.9933136946939114,0.9933136946939114,0.0,1,0.9999999999999999,2.0,1,1.4415772121767514,1,2.0,1,複合型
47211,沖縄県,沖縄市,0.19236919542375336,0.19236919542375336,0.0,0.21229242064103837,0.21229242064103837,0.0,0.8148148148148148,0.8166666666666667,-0.005482754917117694,0.7777777777777778,0.3545577308631267,0.7777777777777778,0.2512024011023044,0.8888888888888888,複合型
47210,沖縄県,糸満市,-0.959829003853566,-0.959829003853566,0.0,-0.2542860707111453,-0.2542860707111453,0.0,0.7777777777777778,0.7833333333333332,-0.9918368502399739,0.6666666666666666,-1.0,0.6666666666666666,-0.8933888750559289,1,活動量低め
47209,沖縄県,名護市,1.7028273782336278,1.7028273782336278,0.0,1.1013209040268621,1.1013209040268621,0.0,0.8888888888888888,0.8833333333333332,1.1509353663817943,1,2.0,1,2.0,0.6666666666666666,複合型
47208,沖縄県,浦添市,0.5647031084568823,0.5647031084568823,0.0,0.3839926206540313,0.3839926206540313,0.0,0.9523809523809523,0.95,0.6448201494286896,1,0.40020384028168166,1,0.6255854402066756,0.8571428571428571,複合型
47207,沖縄県,石垣市,1.8561754784513302,1.8561754784513302,0.0,0.8392455099615304,0.8392455099615304,0.0,1,0.9999999999999999,1.5890727955752295,1,2.0,1,2.0,1,複合型
47205,沖縄県,宜野湾市,0.26328753617371353,0.26328753617371353,0.0,0.35432424832898013,0.35432424832898013,0.0,1,0.9999999999999999,0.5938726908734171,1,-0.8339041806554878,1,0.8731524244704683,1,複合型
47201,沖縄県,那覇市,0.02794967063939971,0.02794967063939971,0.0,0.047096602305291314,0.047096602305291314,0.0,0.9583333333333334,0.959375,-0.0705085060980285,0.9375,0.06406710167390095,0.9375,0.09545004934725543,1,複合型
46535,鹿児島県,与論町,,,,0.15405921114386445,0.15405921114386445,0.0,1,0.0,,0,,0,,0,データ不足
46534,鹿児島県,知名町,,,,0.6148653906962938,0.6148653906962938,0.0,1,0.0,,0,,0,,0,データ不足
46533,鹿児島県,和泊町,,,,0.49640920248393894,0.49640920248393894,0.0,,0.0,,,,,,,データ不足
46532,鹿児島県,伊仙町,,,,-0.28274584947953324,-0.28274584947953324,0.0,,0.0,,,,,,,データ不足
46531,鹿児島県,天城町,,,,-0.22611725554939638,-0.22611725554939638,0.0,,0.0,,,,,,,データ不足
46530,鹿児島県,徳之島町,,,,1.157428295207047,1.157428295207047,0.0,1,0.0,,0,,0,,0,データ不足
46529,鹿児島県,喜界町,2.0,2.0,0.0,0.8576690950671084,0.8576690950671084,0.0,1,0.6499999999999999,2.0,1,2.0,1,,0,複合型
46527,鹿児島県,龍郷町,,,,0.23132749662275534,0.23132749662275534,0.0,,0.0,,,,,,,データ不足
46525,鹿児島県,瀬戸内町,2.0,2.0,0.0,1.3005042672561609,1.3005042672561609,0.0,1,0.6499999999999999,2.0,1,2.0,1,,0,複合型
46524,鹿児島県,宇検村,,,,0.0006012506012506126,0.0006012506012506126,0.0,,0.0,,,,,,,データ不足
46523,鹿児島県,大和村,,,,0.22968849159716404,0.22968849159716404,0.0,,0.0,,,,,,,データ不足
46505,鹿児島県,屋久島町,2.0,2.0,0.0,1.0648726991616206,1.0648726991616206,0.0,1,0.6499999999999999,2.0,1,2.0,1,,0,複合型
46502,鹿児島県,南種子町,,,,0.5968819549807025,0.5968819549807025,0.0,1,0.0,,0,,0,,0,データ不足
46501,鹿児島県,中種子町,,,,-0.4496454400120527,-0.4496454400120527,0.0,,0.0,,,,,,,データ不足
46492,鹿児島県,肝付町,0.7276952889939433,0.7276952889939433,0.0,0.6682808230358841,0.6682808230358841,0.0,1,0.9999999999999999,2.0,1,-0.3164344065353195,1,0.35035888844154073,1,手術型
46491,鹿児島県,南大隅町,,,,-0.24138632432488227,-0.24138632432488227,0.0,,0.0,,,,,,,データ不足
46490,鹿児島県,錦江町,2.0,2.0,0.0,1.2367249395398403,1.2367249395398403,0.0,1,0.6499999999999999,2.0,1,2.0,1,,0,複合型
46482,鹿児島県,東串良町,,,,-0.24259271284349812,-0.24259271284349812,0.0,,0.0,,,,,,,データ不足
46468,鹿児島県,大崎町,,,,-0.4025876667549183,-0.4025876667549183,0.0,,0.0,,,,,,,データ不足
46452,鹿児島県,湧水町,-0.9979759514698558,-0.9979759514698558,0.0,0.08560322261121686,0.08560322261121686,0.0,1,0.9999999999999999,-1.0,1,-0.9932531715661861,1,-1.0,1,活動量低め
46404,鹿児島県,長島町,,,,0.13060907189857052,0.13060907189857052,0.0,,0.0,,,,,,,データ不足
46392,鹿児島県,さつま町,-0.013755541693306984,-0.013755541693306984,0.0,0.5058689436878424,0.5058689436878424,0.0,1,0.9999999999999999,-0.2154776707967273,1,0.3922845265125736,1,-0.16006775676635576,1,救急型
46304,鹿児島県,十島村,,,,0.36363636363636365,0.36363636363636365,0.0,,0.0,,,,,,,データ不足
46303,鹿児島県,三島村,,,,0.36363636363636365,0.36363636363636365,0.0,,0.0,,,,,,,データ不足
46225,鹿児島県,姶良市,-0.1541093940447702,-0.1541093940447702,0.0,0.7267923067505058,0.7267923067505058,0.0,0.9259259259259259,0.9277777777777777,-0.3858392266645775,0.8888888888888888,-0.0567521296628698,0.8888888888888888,-0.005828645180877556,1,複合型
46224,鹿児島県,伊佐市,0.5732137397853081,0.5732137397853081,0.0,0.8352957691788013,0.8352957691788013,0.0,0.9333333333333333,0.9299999999999999,0.26407596441711867,1,0.40944676222055243,1,1.0227232102090027,0.8,入院型
46223,鹿児島県,南九州市,-0.8138105353453401,-0.8138105353453401,0.0,-0.12753374715562996,-0.12753374715562996,0.0,1,0.9999999999999999,-0.6939351028032296,1,-0.8037326409843086,1,-0.9423241630540492,1,活動量低め
46222,鹿児島県,奄美市,1.360108015986337,1.360108015986337,0.0,1.350728369947939,1.350728369947939,0.0,0.9444444444444444,0.9416666666666667,1.2490061500132534,1,0.7431862116056609,1,2.0,0.8333333333333334,入院型
46221,鹿児島県,志布志市,-1.0,-1.0,0.0,-0.3530940753444287,-0.3530940753444287,0.0,0.6666666666666666,0.6499999999999999,-1.0,1,-1.0,1,,0,活動量低め
46220,鹿児島県,南さつま市,0.4691873762468576,0.4691873762468576,0.0,0.5899080935474912,0.5899080935474912,0.0,0.888888888888889,0.8916666666666667,0.2050017460061926,0.8333333333333334,-0.37762559834018594,0.8333333333333334,1.4592126989907026,1,入院型
46219,鹿児島県,いちき串木野市,0.41805562561919357,0.41805562561919357,0.0,0.48445278098475053,0.48445278098475053,0.0,1,0.9999999999999999,0.46908671479907826,1,-0.2237479443472814,1,0.9171418821248589,1,入院型
46218,鹿児島県,霧島市,-0.1080164633510661,-0.1080164633510661,0.0,0.48354650922343667,0.48354650922343667,0.0,0.9523809523809523,0.95,-0.2703901362161163,1,0.09478568975849311,1,-0.11947320743706669,0.8571428571428571,複合型
46217,鹿児島県,曽於市,0.17651837838879186,0.17651837838879186,0.0,0.20904019183342928,0.20904019183342928,0.0,0.9333333333333333,0.9299999999999999,0.1697709018482676,1,-0.07373368972503169,1,0.39776762759830775,0.8,複合型
46216,鹿児島県,日置市,-0.36247703405130616,-0.36247703405130616,0.0,0.27131608842710786,0.27131608842710786,0.0,0.9166666666666666,0.9124999999999999,-0.28710823716816514,1,-0.5286182822740073,1,-0.2954390467435605,0.75,活動量低め
46215,鹿児島県,薩摩川内市,0.12855476231805427,0.12855476231805427,0.0,0.5348522276212395,0.5348522276212395,0.0,0.9629629629629629,0.961111111111111,0.013728903690576999,1,-0.08869875574155317,1,0.4295979221394808,0.8888888888888888,入院型
46214,鹿児島県,垂水市,1.9470944793175597,1.9470944793175597,0.0,0.8496970883091534,0.8496970883091534,0.0,1,0.9999999999999999,2.0,1,1.8236482643918661,1,2.0,1,複合型
46213,鹿児島県,西之表市,2.0,2.0,0.0,1.1548433593796565,1.1548433593796565,0.0,1,0.9999999999999999,2.0,1,2.0,1,2.0,1,複合型
46210,鹿児島県,指宿市,0.5121071897331094,0.5121071897331094,0.0,0.8361002218561225,0.8361002218561225,0.0,0.888888888888889,0.8916666666666667,0.46299866769328046,0.8333333333333334,0.26057458391536903,0.8333333333333334,0.7768150881881446,1,入院型
46208,鹿児島県,出水市,-0.34531583541097854,-0.34531583541097854,0.0,0.03413476467123719,0.03413476467123719,0.0,0.8888888888888888,0.8833333333333332,-0.3365417133958196,1,-0.27554090948223253,1,-0.4138970367936342,0.6666666666666666,活動量低め
46206,鹿児島県,阿久根市,1.8149340708093324,1.8149340708093324,0.0,1.1737866448332086,1.1737866448332086,0.0,1,0.9999999999999999,2.0,1,1.383113569364442,1,2.0,1,複合型
46204,鹿児島県,枕崎市,1.3369773660792614,1.3369773660792614,0.0,1.1495084792877253,1.1495084792877253,0.0,0.8095238095238095,0.7999999999999999,2.0,1,2.0,1,0.10564961736931844,0.42857142857142855,複合型
46203,鹿児島県,鹿屋市,1.0742002710459289,1.0742002710459289,0.0,0.859350279624837,0.859350279624837,0.0,0.9629629629629629,0.961111111111111,0.8555460268790125,1,1.125848191360769,1,1.2485848692286967,0.8888888888888888,複合型
46201,鹿児島県,鹿児島市,0.4428809157570579,0.4428809157570579,0.0,0.7323215136891734,0.7323215136891734,0.0,0.9212962962962963,0.9201388888888888,0.5820861234060204,0.9444444444444444,0.14652078478361963,0.9444444444444444,0.5576986775138997,0.875,複合型
45443,宮崎県,五ヶ瀬町,,,,-0.05025767865009228,-0.05025767865009228,0.0,1,0.0,,0,,0,,0,データ不足
45442,宮崎県,日之影町,,,,-0.06193686781404188,-0.06193686781404188,0.0,1,0.0,,0,,0,,0,データ不足
45441,宮崎県,高千穂町,2.0,2.0,0.0,0.8512372237693518,0.8512372237693518,0.0,1,0.9999999999999999,2.0,1,2.0,1,2.0,1,複合型
45431,宮崎県,美郷町,,,,0.10818982777707264,0.10818982777707264,0.0,1,0.0,,0,,0,,0,データ不足
45430,宮崎県,椎葉村,,,,-0.03375051003821306,-0.03375051003821306,0.0,1,0.0,,0,,0,,0,データ不足
45429,宮崎県,諸塚村,,,,0.008971297163819291,0.008971297163819291,0.0,,0.0,,,,,,,データ不足
45421,宮崎県,門川町,2.0,2.0,0.0,1.0802862737998085,1.0802862737998085,0.0,0.8888888888888888,0.8833333333333332,2.0,1,2.0,1,2.0,0.6666666666666666,複合型
45406,宮崎県,都農町,2.0,2.0,0.0,0.6307108375187314,0.6307108375187314,0.0,1,0.9999999999999999,2.0,1,2.0,1,2.0,1,複合型
45405,宮崎県,川南町,2.0,2.0,0.0,1.2262910441706054,1.2262910441706054,0.0,1,0.9999999999999999,2.0,1,2.0,1,2.0,1,複合型
45404,宮崎県,木城町,,,,-0.27104989472580465,-0.27104989472580465,0.0,,0.0,,,,,,,データ不足
45403,宮崎県,西米良村,,,,0.333145129975414,0.333145129975414,0.0,,0.0,,,,,,,データ不足
45402,宮崎県,新富町,,,,-0.4432790230950537,-0.4432790230950537,0.0,,0.0,,,,,,,データ不足
45401,宮崎県,高鍋町,0.4695166517240784,0.4695166517240784,0.0,0.38616727680865004,0.38616727680865004,0.0,0.8333333333333334,0.825,0.41344823724704893,1,0.6090367078794467,1,0.40599644663936374,0.5,複合型
45383,宮崎県,綾町,,,,0.11307205659562052,0.11307205659562052,0.0,,0.0,,,,,,,データ不足
45382,宮崎県,国富町,-0.8206233737252013,-0.8206233737252013,0.0,-0.2694934723961977,-0.2694934723961977,0.0,1,0.9999999999999999,-0.552495146281047,1,-0.9901469877187893,1,-0.943445646317709,1,活動量低め
45361,宮崎県,高原町,1.502997737556561,1.502997737556561,0.0,0.5373301830900503,0.5373301830900503,0.0,1,0.9999999999999999,2.0,1,0.34332579185520373,1,2.0,1,複合型
45341,宮崎県,三股町,,,,-0.21345191065215482,-0.21345191065215482,0.0,,0.0,,,,,,,データ不足
45209,宮崎県,えびの市,-0.8309671680054522,-0.8309671680054522,0.0,-0.38708681091219643,-0.38708681091219643,0.0,0.8333333333333334,0.825,-0.9189077584652041,1,-0.7863839628786604,1,-0.7812407533686649,0.5,活動量低め
45208,宮崎県,西都市,0.015854837112430208,0.015854837112430208,0.0,0.36877992040086716,0.36877992040086716,0.0,0.9166666666666666,0.9124999999999999,-0.049232401673814374,1,-0.1550927299139342,1,0.22746856192127285,0.75,複合型
45207,宮崎県,串間市,0.5227509279258219,0.5227509279258219,0.0,0.5835834546523968,0.5835834546523968,0.0,1,0.9999999999999999,0.9326203259326773,1,0.47697094422630104,1,0.1521215159471272,1,手術型
45206,宮崎県,日向市,-0.4321089211878456,-0.4321089211878456,0.0,-0.03668398545995592,-0.03668398545995592,0.0,0.8333333333333334,0.8374999999999999,-0.5187927805635055,0.75,-0.27651520840732935,0.75,-0.4787911013383426,1,活動量低め
45205,宮崎県,小林市,0.7803495446452439,0.7803495446452439,0.0,0.9639004563168094,0.9639004563168094,0.0,0.8666666666666667,0.87,0.9326476206989438,0.8,0.2154689900518838,0.8,1.1122348011001382,1,複合型
45204,宮崎県,日南市,0.3877957163763399,0.3877957163763399,0.0,0.35470082017160104,0.35470082017160104,0.0,1,0.9999999999999999,0.6588802758678918,1,0.0,1,0.4491074852073651,1,複合型
45203,宮崎県,延岡市,-0.05357945970807037,-0.05357945970807037,0.0,0.2942920935138589,0.2942920935138589,0.0,0.9333333333333333,0.9333333333333333,-0.038379003521172295,0.9333333333333333,-0.1338226949188669,0.9333333333333333,0.0,0.9333333333333333,複合型
45202,宮崎県,都城市,0.43328030492719855,0.43328030492719855,0.0,0.6492594569365411,0.6492594569365411,0.0,0.9696969696969697,0.968181818181818,0.7101227401120935,1,-0.12926998596215145,1,0.6386238333617464,0.9090909090909091,複合型
45201,宮崎県,宮崎市,0.15008545396049752,0.15008545396049752,0.0,0.2660921929551152,0.2660921929551152,0.0,0.9479166666666666,0.9468749999999999,0.3321934911139375,0.96875,-0.1512989896715895,0.96875,0.22630693992027506,0.90625,複合型
44462,大分県,玖珠町,-0.610125913478217,-0.610125913478217,0.0,0.24182198352898523,0.24182198352898523,0.0,0.6666666666666666,0.6749999999999999,-0.9343152637329237,0.5,-0.7438083161630724,0.5,-0.17135164663649138,1,入院型
44461,大分県,九重町,,,,-0.2885745080480869,-0.2885745080480869,0.0,,0.0,,,,,,,データ不足
44341,大分県,日出町,0.6896719909060678,0.6896719909060678,0.0,0.5759615121034406,0.5759615121034406,0.0,1,0.9999999999999999,0.8906367001612989,1,0.6429226669497017,1,0.5287781307562933,1,複合型
44322,大分県,姫島村,,,,-0.019276218563783185,-0.019276218563783185,0.0,,0.0,,,,,,,データ不足
44214,大分県,国東市,0.6128479971448285,0.6128479971448285,0.0,0.27619911433794114,0.27619911433794114,0.0,1,0.9999999999999999,0.8785133990333927,1,0.17563462362555993,1,0.7219369154156374,1,複合型
44213,大分県,由布市,1.8700692227574367,1.8700692227574367,0.0,1.7660447822411096,1.7660447822411096,0.0,1,0.9999999999999999,2.0,1,1.5668974091914558,1,2.0,1,複合型
44212,大分県,豊後大野市,0.549068890314231,0.549068890314231,0.0,0.40817092405523636,0.40817092405523636,0.0,1,0.9999999999999999,0.7214670714311449,1,0.5121619563502613,1,0.40830522402357694,1,複合型
44211,大分県,宇佐市,-0.0037427027979043638,-0.0037427027979043638,0.0,0.2009275171414129,0.2009275171414129,0.0,0.9444444444444444,0.9416666666666667,-0.022254812184841377,1,-0.07696991912993556,1,0.07753559201648796,0.8333333333333334,複合型
44210,大分県,杵築市,-0.12666344967487386,-0.12666344967487386,0.0,-0.06614296726804379,-0.06614296726804379,0.0,1,0.9999999999999999,-0.1762842576339626,1,-0.2165465316766232,1,0.0,1,複合型
44209,大分県,豊後高田市,1.2164491226335747,1.2164491226335747,0.0,0.7283779104541873,0.7283779104541873,0.0,1,0.9999999999999999,0.5393586467765168,1,1.0922453208726468,1,2.0,1,入院型
44208,大分県,竹田市,1.079064614562019,1.079064614562019,0.0,0.7857418146813074,0.7857418146813074,0.0,1,0.9999999999999999,2.0,1,-0.6455499984804873,1,1.6363703260176155,1,手術型
44207,大分県,津久見市,1.382501688233469,1.382501688233469,0.0,0.644450668002642,0.644450668002642,0.0,1,0.9999999999999999,1.7303043230944257,1,1.2863877684696798,1,1.1170824131700465,1,手術型
44206,大分県,臼杵市,-0.28881906727131884,-0.28881906727131884,0.0,-0.06326238186087028,-0.06326238186087028,0.0,0.8888888888888888,0.8833333333333332,-0.4227352090671125,1,-0.08851144264754784,1,-0.32659517515304326,0.6666666666666666,複合型
44205,大分県,佐伯市,0.9568598459867287,0.9568598459867287,0.0,0.5847226173981745,0.5847226173981745,0.0,0.8571428571428571,0.8571428571428572,1.358982065598187,0.8571428571428571,0.2650807576294083,0.8571428571428571,1.1476911306815452,0.8571428571428571,複合型
44204,大分県,日田市,0.44090899327542055,0.44090899327542055,0.0,0.8234365186375581,0.8234365186375581,0.0,0.9523809523809523,0.95,0.4929721596698915,1,0.43420104633781764,1,0.3945954956846094,0.8571428571428571,複合型
44203,大分県,中津市,1.0194922134902402,1.0194922134902402,0.0,0.8671701128211917,0.8671701128211917,0.0,1,0.9999999999999999,1.0482664791524292,1,0.8492910476620357,1,1.1366046613950842,1,複合型
44202,大分県,別府市,0.6939803527855906,0.6939803527855906,0.0,1.107649518547814,1.107649518547814,0.0,0.9473684210526315,0.9447368421052631,0.9547167107833332,1,0.2703313745044078,1,0.7963716904574332,0.8421052631578947,複合型
44201,大分県,大分市,0.049337371508576526,0.049337371508576526,0.0,0.3747392742939024,0.3747392742939024,0.0,0.967479674796748,0.9658536585365853,0.1081618960623989,1,-0.16387198920144852,1,0.17326372756334707,0.9024390243902439,複合型
43531,熊本県,苓北町,2.0,2.0,0.0,1.471302436366737,1.471302436366737,0.0,1,0.6499999999999999,2.0,1,2.0,1,,0,複合型
43514,熊本県,あさぎり町,-0.9853502701390153,-0.9853502701390153,0.0,-0.448598611910017,-0.448598611910017,0.0,1,0.9999999999999999,-0.9581436289686153,1,-1.0,1,-1.0,1,活動量低め
43513,熊本県,球磨村,,,,0.004036829224700894,0.004036829224700894,0.0,,0.0,,,,,,,データ不足
43512,熊本県,山江村,,,,-0.14545454545454548,-0.14545454545454548,0.0,,0.0,,,,,,,データ不足
43511,熊本県,五木村,,,,0.09535924968028887,0.09535924968028887,0.0,,0.0,,,,,,,データ不足
43510,熊本県,相良村,,,,0.044276775451413,0.044276775451413,0.0,,0.0,,,,,,,データ不足
43507,熊本県,水上村,,,,0.16222855420511936,0.16222855420511936,0.0,,0.0,,,,,,,データ不足
43506,熊本県,湯前町,,,,-0.06288580716209471,-0.06288580716209471,0.0,,0.0,,,,,,,データ不足
43505,熊本県,多良木町,2.0,2.0,0.0,0.9265329115633975,0.9265329115633975,0.0,1,0.9999999999999999,2.0,1,2.0,1,2.0,1,複合型
43501,熊本県,錦町,,,,-0.3810757818285572,-0.3810757818285572,0.0,,0.0,,,,,,,データ不足
43484,熊本県,津奈木町,,,,-0.2869290403711494,-0.2869290403711494,0.0,,0.0,,,,,,,データ不足
43482,熊本県,芦北町,-0.9703453619659066,-0.9703453619659066,0.0,0.05434087411444473,0.05434087411444473,0.0,0.8888888888888888,0.8833333333333332,-0.9152724627597331,1,-1.0,1,-1.0,0.6666666666666666,活動量低め
43468,熊本県,氷川町,1.7200991661448812,1.7200991661448812,0.0,0.49279939451658383,0.49279939451658383,0.0,1,0.9999999999999999,2.0,1,1.0669972204829379,1,2.0,1,複合型
43447,熊本県,山都町,1.4708245086587135,1.4708245086587135,0.0,0.7808332577264689,0.7808332577264689,0.0,0.8888888888888888,0.8833333333333332,2.0,1,0.6087813605364016,1,1.6805431442794085,0.6666666666666666,手術型
43444,熊本県,甲佐町,0.9124642807601608,0.9124642807601608,0.0,0.6921664533352951,0.6921664533352951,0.0,0.8333333333333334,0.825,2.0,1,0.7082142692005364,1,0.0,0.5,手術型
43443,熊本県,益城町,-0.9849281181742864,-0.9849281181742864,0.0,-0.32698586557990555,-0.32698586557990555,0.0,0.6666666666666666,0.6666666666666666,-0.956937480497961,0.6666666666666666,-1.0,0.6666666666666666,-1.0,0.6666666666666666,活動量低め
43442,熊本県,嘉島町,1.076923076923077,1.076923076923077,0.0,1.1872231967742595,1.1872231967742595,0.0,0.8333333333333334,0.6499999999999999,2.0,1,0.0,1,,0,手術型
43441,熊本県,御船町,,,,0.0824134616040443,0.0824134616040443,0.0,,0.0,,,,,,,データ不足
43433,熊本県,南阿蘇村,-0.3223234902954278,-0.3223234902954278,0.0,-0.005752559359738819,-0.005752559359738819,0.0,1,0.9999999999999999,-0.40341998313012817,1,0.5629116793337234,1,-1.0,1,救急型
43432,熊本県,西原村,,,,-0.3417296697479729,-0.3417296697479729,0.0,,0.0,,,,,,,データ不足
43428,熊本県,高森町,,,,-0.3567614674412673,-0.3567614674412673,0.0,,0.0,,,,,,,データ不足
43425,熊本県,産山村,,,,0.026549120210362143,0.026549120210362143,0.0,,0.0,,,,,,,データ不足
43424,熊本県,小国町,2.0,2.0,0.0,0.9336746514227898,0.9336746514227898,0.0,1,0.35,2.0,1,,0,,0,手術型（参考）
43423,熊本県,南小国町,,,,-0.05769320326855283,-0.05769320326855283,0.0,,0.0,,,,,,,データ不足
43404,熊本県,菊陽町,1.4672860862266175,1.4672860862266175,0.0,1.140371809167767,1.140371809167767,0.0,0.8666666666666667,0.87,2.0,0.8,1.593397996949768,0.8,0.8264762489762489,1,手術型
43403,熊本県,大津町,-0.9495017136264754,-0.9495017136264754,0.0,-0.5739618805872063,-0.5739618805872063,0.0,1,0.9999999999999999,-1.0,1,-1.0,1,-0.8557191817899299,1,活動量低め
43369,熊本県,和水町,0.5324926031691309,0.5324926031691309,0.0,0.1912521714190641,0.1912521714190641,0.0,1,0.9999999999999999,0.0,1,0.04579862968340054,1,1.482151469326031,1,入院型
43368,熊本県,長洲町,-0.6542358251746119,-0.6542358251746119,0.0,-0.21091728312641345,-0.21091728312641345,0.0,1,0.9999999999999999,-0.49872815445145946,1,-0.4322699037220037,1,-1.0,1,活動量低め
43367,熊本県,南関町,,,,-0.1365909150500235,-0.1365909150500235,0.0,,0.0,,,,,,,データ不足
43364,熊本県,玉東町,,,,-0.0696777264909879,-0.0696777264909879,0.0,,0.0,,,,,,,データ不足
43348,熊本県,美里町,-0.5443671238885487,-0.5443671238885487,0.0,0.17069046948810757,0.17069046948810757,0.0,1,0.9999999999999999,0.0,1,-0.647890412961829,1,-1.0,1,手術型
43216,熊本県,合志市,-0.14211650754374783,-0.14211650754374783,0.0,0.31917793134588845,0.31917793134588845,0.0,0.8333333333333334,0.825,-0.378551001973354,0.75,-0.35346530457613234,1,0.2754740986279023,0.75,入院型
43215,熊本県,天草市,0.4796520218311311,0.4796520218311311,0.0,0.6344512072633846,0.6344512072633846,0.0,0.9696969696969697,0.968181818181818,0.5686272089633877,1,0.21622162003638135,1,0.6164743219515172,0.9090909090909091,複合型
43214,熊本県,阿蘇市,0.32541709305245436,0.32541709305245436,0.0,0.42222978492772606,0.42222978492772606,0.0,0.8888888888888888,0.8833333333333332,-0.4194901204045981,1,0.43612552614887856,1,0.9754313638554291,0.6666666666666666,入院型
43213,熊本県,宇城市,-0.3869837941629569,-0.3869837941629569,0.0,0.14587366094500337,0.14587366094500337,0.0,1,0.9999999999999999,-0.6488068975659975,1,-0.0244931401027354,1,-0.43586696566867755,1,救急型
43212,熊本県,上天草市,0.018691603822189887,0.018691603822189887,0.0,-0.043697117437306136,-0.043697117437306136,0.0,1,0.9999999999999999,0.319494195349433,1,-0.21383094510963985,1,-0.08280594576348488,1,手術型
43211,熊本県,宇土市,,,,-0.3197804600177247,-0.3197804600177247,0.0,,0.0,,,,,,,データ不足
43210,熊本県,菊池市,-0.7997563612557572,-0.7997563612557572,0.0,-0.25044977640593646,-0.25044977640593646,0.0,0.9166666666666666,0.9124999999999999,-0.9337649140332405,1,-0.6655727932345438,1,-0.7807622953536,0.75,活動量低め
43208,熊本県,山鹿市,0.28883237886757906,0.28883237886757906,0.0,0.44535407473420136,0.44535407473420136,0.0,1,0.9999999999999999,0.2819436493748577,1,0.2581165109221899,1,0.322048995170634,1,複合型
43206,熊本県,玉名市,0.19398361870325892,0.19398361870325892,0.0,0.09705589539164794,0.09705589539164794,0.0,1,0.9999999999999999,0.041091579750448526,1,0.21167024761871955,1,0.33171569001424595,1,複合型
43205,熊本県,水俣市,1.8891230168013107,1.8891230168013107,0.0,1.6560746874860321,1.6560746874860321,0.0,0.9333333333333333,0.9299999999999999,2.0,1,1.6304100560043695,1,2.0,0.8,複合型
43204,熊本県,荒尾市,0.2636285185142087,0.2636285185142087,0.0,0.23653778723649027,0.23653778723649027,0.0,1,0.9999999999999999,0.17086319111169557,1,0.1857230777600587,1,0.42316993799170755,1,複合型
43203,熊本県,人吉市,1.9126371654448113,1.9126371654448113,0.0,1.7254597785435273,1.7254597785435273,0.0,0.9444444444444444,0.9416666666666667,2.0,1,1.7087905514827044,1,2.0,0.8333333333333334,複合型
43202,熊本県,八代市,0.48226098159730535,0.48226098159730535,0.0,0.34152900225950317,0.34152900225950317,0.0,1,0.9999999999999999,0.4874906706336133,1,0.4569295339622652,1,0.4987439619624605,1,複合型
43105,熊本県,熊本市北区,-0.5944521133961359,-0.5944521133961359,0.0,0.10257108052196237,0.10257108052196237,0.0,0.8181818181818182,0.8181818181818182,-0.47960310189720234,0.8181818181818182,-0.5837769201341876,0.8181818181818182,-0.7184512905481683,0.8181818181818182,活動量低め
43104,熊本県,熊本市南区,1.3398133332274265,1.3398133332274265,0.0,1.1407408974983775,1.1407408974983775,0.0,1,0.9999999999999999,1.6156718758716373,1,0.7887292507310417,1,1.5363125755801175,1,複合型
43103,熊本県,熊本市西区,-0.8825906360791278,-0.8825906360791278,0.0,-0.2942674524119245,-0.2942674524119245,0.0,1,0.9999999999999999,-0.8609004349468308,1,-0.9773656804431855,1,-0.8230450848993753,1,活動量低め
43102,熊本県,熊本市東区,0.7813724613311119,0.7813724613311119,0.0,0.5281108891026,0.5281108891026,0.0,0.9696969696969697,0.968181818181818,0.8140716131328616,1,0.7532370830738586,1,0.7727893480355796,0.9090909090909091,複合型
43101,熊本県,熊本市中央区,1.6930610627566356,1.6930610627566356,0.0,1.770922688998703,1.770922688998703,0.0,0.946236559139785,0.943548387096774,2.0,1,0.9768702091887853,1,2.0,0.8387096774193549,複合型
42411,長崎県,新上五島町,1.609252003176957,1.609252003176957,0.0,0.4975434734194413,0.4975434734194413,0.0,1,0.9999999999999999,2.0,1,1.3646526734218876,1,1.428160574715402,1,手術型
42391,長崎県,佐々町,,,,0.6015920652142512,0.6015920652142512,0.0,,0.0,,,,,,,データ不足
42383,長崎県,小値賀町,,,,-0.045169989611047345,-0.045169989611047345,0.0,,0.0,,,,,,,データ不足
42323,長崎県,波佐見町,-0.23913951574856224,-0.23913951574856224,0.0,0.5845248566535043,0.5845248566535043,0.0,0.6666666666666666,0.6499999999999999,0.4130266136098131,1,-1.0,1,,0,手術型
42322,長崎県,川棚町,2.0,2.0,0.0,1.2589378198504362,1.2589378198504362,0.0,1,0.35,2.0,1,,0,,0,手術型（参考）
42321,長崎県,東彼杵町,-1.0,-1.0,0.0,-0.08196532242429647,-0.08196532242429647,0.0,0.6666666666666666,0.6499999999999999,-1.0,1,-1.0,1,,0,活動量低め
42308,長崎県,時津町,1.8008355537403524,1.8008355537403524,0.0,1.4753915442563386,1.4753915442563386,0.0,1,0.9999999999999999,1.7862053883834847,1,2.0,1,1.6447533365889515,1,複合型
42307,長崎県,長与町,0.05623666505867525,0.05623666505867525,0.0,0.2982690415964531,0.2982690415964531,0.0,1,0.9999999999999999,-0.4710776534092005,1,0.23995209819020435,1,0.4260806122709546,1,複合型
42214,長崎県,南島原市,-0.13378330805460412,-0.13378330805460412,0.0,-0.06402073645384523,-0.06402073645384523,0.0,0.9166666666666666,0.9124999999999999,-0.3993101148207605,1,-0.37076444887371396,1,0.3348701908422178,0.75,入院型
42213,長崎県,雲仙市,0.5242719130010557,0.5242719130010557,0.0,0.31702345356778094,0.31702345356778094,0.0,0.8888888888888888,0.8833333333333332,0.9659221460953882,1,0.023851736915199817,1,0.5115532594088854,0.6666666666666666,手術型
42212,長崎県,西海市,-0.9836111538412797,-0.9836111538412797,0.0,-0.4491283116838398,-0.4491283116838398,0.0,0.6666666666666666,0.6749999999999999,-0.9848249588358362,0.5,-0.9630747274957904,0.5,-1.0,1,活動量低め
42211,長崎県,五島市,0.8432396162974841,0.8432396162974841,0.0,0.3701892051863512,0.3701892051863512,0.0,1,0.9999999999999999,1.2208218442296022,1,0.25913804441949595,1,0.9663158785464987,1,複合型
42210,長崎県,壱岐市,1.515611597186512,1.515611597186512,0.0,0.7139106232522444,0.7139106232522444,0.0,0.9166666666666666,0.9124999999999999,1.6756769193602192,1,1.3069115119919483,1,1.534432062322431,0.75,複合型
42209,長崎県,対馬市,1.178462035210891,1.178462035210891,0.0,0.34154391380275,0.34154391380275,0.0,1,0.9999999999999999,0.7631617201184853,1,1.8338798245960573,1,1.0319756736874401,1,救急型
42208,長崎県,松浦市,0.37941503925415154,0.37941503925415154,0.0,0.2512091960130952,0.2512091960130952,0.0,0.7777777777777778,0.7666666666666666,0.4499745681669014,0.6666666666666666,0.24438435842771566,1,0.4245960939069182,0.6666666666666666,複合型
42207,長崎県,平戸市,0.20760672004418257,0.20760672004418257,0.0,0.5907139174370145,0.5907139174370145,0.0,0.888888888888889,0.8833333333333333,-0.31477204739363807,0.8333333333333334,0.2500935895538434,1,0.6935681707594368,0.8333333333333334,入院型
42205,長崎県,大村市,1.4071429636951047,1.4071429636951047,0.0,0.9075281638367937,0.9075281638367937,0.0,0.9047619047619048,0.9071428571428571,1.4201913371281107,0.8571428571428571,0.7093046352927628,0.8571428571428571,1.9922417288926777,1,入院型
42204,長崎県,諫早市,0.04271533985661799,0.04271533985661799,0.0,0.5679940936349828,0.5679940936349828,0.0,0.9285714285714286,0.9249999999999998,0.16182731486345303,1,-0.12424014453069099,1,0.06670806575319066,0.7857142857142857,複合型
42203,長崎県,島原市,0.7850781461158644,0.7850781461158644,0.0,0.9199686372654557,0.9199686372654557,0.0,0.9444444444444444,0.9416666666666667,0.7948273999062805,1,0.6373611077073886,1,0.9019434966755702,0.8333333333333334,複合型
42202,長崎県,佐世保市,0.2072210657748423,0.2072210657748423,0.0,0.2948257601386372,0.2948257601386372,0.0,1,0.9999999999999999,0.293233520268507,1,-0.02315486735939576,1,0.3186736968248103,1,複合型
42201,長崎県,長崎市,0.1898850767362833,0.1898850767362833,0.0,0.5086756118245409,0.5086756118245409,0.0,0.9292929292929293,0.9272727272727272,0.3955989130688582,0.9696969696969697,-0.03759316862757267,0.9696969696969697,0.17915259357272784,0.8484848484848485,複合型
41441,佐賀県,太良町,1.259620005970515,1.259620005970515,0.0,0.44760984095976847,0.44760984095976847,0.0,1,0.6499999999999999,2.0,1,0.39584334626944906,1,,0,手術型
41425,佐賀県,白石町,0.7699356155088724,0.7699356155088724,0.0,0.6266618702516301,0.6266618702516301,0.0,1,0.9999999999999999,1.2402683323793005,1,0.47674528473811306,1,0.5509088964419524,1,手術型
41424,佐賀県,江北町,,,,0.8840911448948781,0.8840911448948781,0.0,0.6666666666666666,0.0,,0,,0,,0,データ不足
41423,佐賀県,大町町,1.3786829481917526,1.3786829481917526,0.0,0.8681177653858339,0.8681177653858339,0.0,1,0.6499999999999999,2.0,1,0.6538130544154639,1,,0,手術型
41401,佐賀県,有田町,2.0,2.0,0.0,1.0772606451552929,1.0772606451552929,0.0,1,0.9999999999999999,2.0,1,2.0,1,2.0,1,複合型
41387,佐賀県,玄海町,,,,0.31925672170862396,0.31925672170862396,0.0,,0.0,,,,,,,データ不足
41346,佐賀県,みやき町,1.005187733400065,1.005187733400065,0.0,0.8688408554239858,0.8688408554239858,0.0,1,0.9999999999999999,0.7870084894804266,1,1.0211538295965155,1,1.2096817520084602,1,複合型
41345,佐賀県,上峰町,,,,0.7077221928512083,0.7077221928512083,0.0,1,0.0,,0,,0,,0,データ不足
41341,佐賀県,基山町,-1.0,-1.0,0.0,-0.402559254226723,-0.402559254226723,0.0,0.6666666666666666,0.6499999999999999,-1.0,1,-1.0,1,,0,活動量低め
41327,佐賀県,吉野ヶ里町,0.3846153846153847,0.3846153846153847,0.0,0.45811438769266677,0.45811438769266677,0.0,1,0.6499999999999999,-1.0,1,2.0,1,,0,救急型
41210,佐賀県,神埼市,-0.867096986337861,-0.867096986337861,0.0,-0.25943458503860284,-0.25943458503860284,0.0,0.8888888888888888,0.8833333333333332,-0.8831057878948779,1,-0.922771418341278,1,-0.8033672430636299,0.6666666666666666,活動量低め
41209,佐賀県,嬉野市,2.0,2.0,0.0,1.7091122094978912,1.7091122094978912,0.0,1,0.9999999999999999,2.0,1,2.0,1,2.0,1,複合型
41208,佐賀県,小城市,-0.36908732620581103,-0.36908732620581103,0.0,-0.10886864812936778,-0.10886864812936778,0.0,1,0.9999999999999999,-0.20776663859551303,1,-0.5775075262660179,1,-0.35176212805021745,1,複合型
41207,佐賀県,鹿島市,1.5837045383957882,1.5837045383957882,0.0,0.9116593360004367,0.9116593360004367,0.0,1,0.9999999999999999,2.0,1,0.6123484613192944,1,2.0,1,複合型
41206,佐賀県,武雄市,0.8044357383197388,0.8044357383197388,0.0,0.4406510499775525,0.4406510499775525,0.0,0.9166666666666666,0.9124999999999999,1.1582441692143166,1,0.4246969828876428,1,0.7761176692241005,0.75,手術型
41205,佐賀県,伊万里市,-0.49341226607527644,-0.49341226607527644,0.0,0.30178633463186455,0.30178633463186455,0.0,1,0.9999999999999999,-0.48253489903255364,1,-0.44150234027994806,1,-0.5487838552282809,1,活動量低め
41204,佐賀県,多久市,-0.9146535788432659,-0.9146535788432659,0.0,0.13979982960415047,0.13979982960415047,0.0,0.6666666666666666,0.6499999999999999,-0.9402676454288595,0.5,-0.9211257015165981,1,-0.8834919785376735,0.5,活動量低め
41203,佐賀県,鳥栖市,0.01687867628042289,0.01687867628042289,0.0,0.7193443899847558,0.7193443899847558,0.0,0.9047619047619048,0.8999999999999999,0.23008457159399187,1,0.20976039209142905,1,-0.3616544040140085,0.7142857142857143,複合型
41202,佐賀県,唐津市,0.1418368365934246,0.1418368365934246,0.0,0.45479715301277673,0.45479715301277673,0.0,0.9743589743589743,0.973076923076923,0.19284029344188358,1,0.05192627839321906,1,0.16789957248799903,0.9230769230769231,複合型
41201,佐賀県,佐賀市,0.5259374378899072,0.5259374378899072,0.0,0.6506481401884795,0.6506481401884795,0.0,0.8985507246376812,0.8956521739130434,0.6391236268322087,0.9565217391304348,0.19352924430898621,0.9565217391304348,0.6976725577312526,0.782608695652174,複合型
40647,福岡県,築上町,-1.0,-1.0,0.0,-0.596417837437661,-0.596417837437661,0.0,1,0.9999999999999999,-1.0,1,-1.0,1,-1.0,1,活動量低め
40646,福岡県,上毛町,,,,-0.11272413306616431,-0.11272413306616431,0.0,,0.0,,,,,,,データ不足
40642,福岡県,吉富町,,,,0.5873173081040881,0.5873173081040881,0.0,1,0.0,,0,,0,,0,データ不足
40625,福岡県,みやこ町,-0.9533228815713254,-0.9533228815713254,0.0,-0.5405128964260475,-0.5405128964260475,0.0,1,0.9999999999999999,-0.9246195729232368,1,-0.9932297543914711,1,-0.9478202992307178,1,活動量低め
40621,福岡県,苅田町,1.0836732429928755,1.0836732429928755,0.0,0.7209934063843375,0.7209934063843375,0.0,1,0.9999999999999999,2.0,1,-0.9839489497622746,1,1.9395940797758802,1,複合型
40610,福岡県,福智町,-0.9914522356102596,-0.9914522356102596,0.0,-0.3318164276773323,-0.3318164276773323,0.0,0.8333333333333334,0.825,-0.9755778160293134,1,-1.0,1,-1.0,0.5,活動量低め
40609,福岡県,赤村,,,,-0.03169515017187799,-0.03169515017187799,0.0,,0.0,,,,,,,データ不足
40608,福岡県,大任町,,,,0.00290516601088673,0.00290516601088673,0.0,,0.0,,,,,,,データ不足
40605,福岡県,川崎町,2.0,2.0,0.0,1.3007527120880187,1.3007527120880187,0.0,1,0.9999999999999999,2.0,1,2.0,1,2.0,1,複合型
40604,福岡県,糸田町,1.888741134751773,1.888741134751773,0.0,1.0710153793657335,1.0710153793657335,0.0,0.6666666666666666,0.35,1.8887411347517733,1,,0,,0,手術型（参考）
40602,福岡県,添田町,-1.0,-1.0,0.0,-0.0803979778236584,-0.0803979778236584,0.0,0.6666666666666666,0.6499999999999999,-1.0,1,-1.0,1,,0,活動量低め
40601,福岡県,香春町,,,,-0.17634017781927913,-0.17634017781927913,0.0,,0.0,,,,,,,データ不足
40544,福岡県,広川町,2.0,2.0,0.0,1.8663689364179104,1.8663689364179104,0.0,0.9166666666666666,0.9124999999999999,2.0,1,2.0,1,2.0,0.75,複合型
40522,福岡県,大木町,-0.7840166369578134,-0.7840166369578134,0.0,-0.1892780062929994,-0.1892780062929994,0.0,0.6666666666666666,0.6499999999999999,-0.5988880400645107,1,-1.0,1,,0,活動量低め
40503,福岡県,大刀洗町,-1.0,-1.0,0.0,-0.5514677188675864,-0.5514677188675864,0.0,0.6666666666666666,0.6499999999999999,-1.0,1,-1.0,1,,0,活動量低め
40448,福岡県,東峰村,,,,-0.016439238158319724,-0.016439238158319724,0.0,,0.0,,,,,,,データ不足
40447,福岡県,筑前町,-0.9760742122021135,-0.9760742122021135,0.0,-0.2866580919013937,-0.2866580919013937,0.0,1,0.9999999999999999,-0.934259384536749,1,-0.9969447587141715,1,-1.0,1,活動量低め
40421,福岡県,桂川町,-0.594741057636686,-0.594741057636686,0.0,-0.4314425013152036,-0.4314425013152036,0.0,1,0.6499999999999999,-0.2473762498967026,1,-1.0,1,,0,手術型
40402,福岡県,鞍手町,2.0,2.0,0.0,0.6424058666603824,0.6424058666603824,0.0,1,0.9999999999999999,2.0,1,2.0,1,2.0,1,複合型
40401,福岡県,小竹町,0.4394827870202604,0.4394827870202604,0.0,0.3778995225383494,0.3778995225383494,0.0,1,0.6499999999999999,-0.15900887121443863,1,1.1377230549607424,1,,0,救急型
40384,福岡県,遠賀町,2.0,2.0,0.0,1.68197590231707,1.68197590231707,0.0,0.9166666666666666,0.9124999999999999,2.0,1,2.0,1,2.0,0.75,複合型
40383,福岡県,岡垣町,-0.9169653986777869,-0.9169653986777869,0.0,-0.49961881468465025,-0.49961881468465025,0.0,1,0.9999999999999999,-0.9127863199362702,1,-0.8249672890003079,1,-1.0,1,活動量低め
40382,福岡県,水巻町,2.0,2.0,0.0,1.1111138371371538,1.1111138371371538,0.0,0.6666666666666666,0.6666666666666666,2.0,0.6666666666666666,2.0,0.6666666666666666,2.0,0.6666666666666666,複合型
40381,福岡県,芦屋町,2.0,2.0,0.0,0.9216466553907335,0.9216466553907335,0.0,1,0.6499999999999999,2.0,1,2.0,1,,0,複合型
40349,福岡県,粕屋町,1.27482662377457,1.27482662377457,0.0,0.6760612993410237,0.6760612993410237,0.0,0.7777777777777778,0.7666666666666666,0.9325386503707231,1,2.0,1,0.9955374175566201,0.3333333333333333,救急型
40348,福岡県,久山町,0.7109004739336493,0.7109004739336493,0.0,0.4897554765823982,0.4897554765823982,0.0,1,0.35,0.7109004739336493,1,,0,,0,手術型（参考）
40345,福岡県,新宮町,-0.4564989842480568,-0.4564989842480568,0.0,-0.1627702447349652,-0.1627702447349652,0.0,1,0.9999999999999999,-0.18877013237516205,1,-0.963689521091903,1,-0.28949309025479764,1,複合型
40344,福岡県,須恵町,-0.9495276199215126,-0.9495276199215126,0.0,-0.3192988759871628,-0.3192988759871628,0.0,1,0.9999999999999999,-0.9318328533450749,1,-0.9112870708357883,1,-1.0,1,活動量低め
40343,福岡県,志免町,0.2648283842090511,0.2648283842090511,0.0,0.6292293691052964,0.6292293691052964,0.0,1,0.9999999999999999,0.7335781636467595,1,-0.530065156498897,1,0.47741592537815536,1,複合型
40342,福岡県,篠栗町,-0.05073683865305146,-0.05073683865305146,0.0,0.41733957054501586,0.41733957054501586,0.0,1,0.9999999999999999,-0.36453298497713904,1,0.12813014398290545,1,0.10974475112593018,1,複合型
40341,福岡県,宇美町,-0.7444106637365526,-0.7444106637365526,0.0,-0.15250332272315498,-0.15250332272315498,0.0,1,0.9999999999999999,-0.7295738463678475,1,-0.6355764691999056,1,-0.8525339335652411,1,活動量低め
40231,福岡県,那珂川市,0.062047220150022196,0.062047220150022196,0.0,-0.05627634135495037,-0.05627634135495037,0.0,1,0.9999999999999999,0.07489442695991388,1,-0.11243353516409749,1,0.1987549464665188,1,複合型
40230,福岡県,糸島市,-0.6670913452624099,-0.6670913452624099,0.0,-0.15731012444932208,-0.15731012444932208,0.0,0.9444444444444444,0.9416666666666667,-0.6680873977720108,1,-0.6707309611313508,1,-0.6629756220080028,0.8333333333333334,活動量低め
40229,福岡県,みやま市,-0.19287626512013217,-0.19287626512013217,0.0,-0.11223913800893906,-0.11223913800893906,0.0,1,0.9999999999999999,-0.08519686274965632,1,0.09257700723783868,1,-0.5452299009402974,1,複合型
40228,福岡県,朝倉市,0.2292694061544,0.2292694061544,0.0,0.5177284782551907,0.5177284782551907,0.0,1,0.9999999999999999,0.23400128907742923,1,0.24365698452962858,1,0.21220531319546065,1,複合型
40227,福岡県,嘉麻市,-0.6274183492148427,-0.6274183492148427,0.0,0.06559067869938742,0.06559067869938742,0.0,1,0.9999999999999999,-0.6178188167385099,1,-0.31397768813989835,1,-0.9056813054696995,1,活動量低め
40226,福岡県,宮若市,0.20627364365322576,0.20627364365322576,0.0,0.46940327759629435,0.46940327759629435,0.0,1,0.9999999999999999,0.5458266239288241,1,0.19191419220075479,1,-0.1209712353773974,1,手術型
40225,福岡県,うきは市,-0.8613478826459993,-0.8613478826459993,0.0,-0.11250940830981104,-0.11250940830981104,0.0,0.6666666666666666,0.6749999999999999,-0.8065317576658166,0.5,-0.9587195253601649,0.5,-0.8327025995854688,1,活動量低め
40224,福岡県,福津市,0.3069162306481277,0.3069162306481277,0.0,0.270815751906374,0.270815751906374,0.0,0.8,0.8,0.3861988941849759,0.8,0.41902141592304654,0.8,0.1315434083042062,0.8,複合型
40223,福岡県,古賀市,1.6359259694463653,1.6359259694463653,0.0,0.9861482721633344,0.9861482721633344,0.0,1,0.9999999999999999,1.8424491324773817,1,0.9702292435976057,1,2.0,1,複合型
40221,福岡県,太宰府市,-0.951782995820367,-0.951782995820367,0.0,-0.46614920004461513,-0.46614920004461513,0.0,0.8333333333333334,0.8374999999999999,-0.9700852334069752,0.75,-0.9403136823064688,0.75,-0.9433115983885288,1,活動量低め
40220,福岡県,宗像市,-0.5424366810806642,-0.5424366810806642,0.0,-0.11123594176752846,-0.11123594176752846,0.0,1,0.9999999999999999,-0.5662167514643592,1,-0.4545186918232462,1,-0.5940148872033275,1,活動量低め
40219,福岡県,大野城市,-0.9777526742590664,-0.9777526742590664,0.0,-0.18771821916452025,-0.18771821916452025,0.0,0.9047619047619048,0.8999999999999999,-0.9948554120941889,1,-0.9464661661878014,1,-0.9874669433421712,0.7142857142857143,活動量低め
40218,福岡県,春日市,1.1675039175561008,1.1675039175561008,0.0,0.3523531284546309,0.3523531284546309,0.0,0.8,0.7899999999999999,0.7599417543922367,1,1.5851053583483963,1,1.2171219886122833,0.4,救急型
40217,福岡県,筑紫野市,1.189369770428575,1.189369770428575,0.0,0.60432044160741,0.60432044160741,0.0,0.9047619047619048,0.9071428571428571,1.075570006426338,0.8571428571428571,0.8939285836550415,0.8571428571428571,1.5564048373795556,1,入院型
40216,福岡県,小郡市,0.23182129437844753,0.23182129437844753,0.0,0.541959601828928,0.541959601828928,0.0,0.9523809523809523,0.95,0.06558445995363016,1,0.26111315069360774,1,0.3729508233902705,0.8571428571428571,複合型
40215,福岡県,中間市,,,,-0.5030182290515849,-0.5030182290515849,0.0,,0.0,,,,,,,データ不足
40214,福岡県,豊前市,-1.0,-1.0,0.0,-0.30007870076013854,-0.30007870076013854,0.0,1,0.9999999999999999,-1.0,1,-1.0,1,-1.0,1,活動量低め
40213,福岡県,行橋市,0.5121520070868271,0.5121520070868271,0.0,0.4751042257633012,0.4751042257633012,0.0,0.888888888888889,0.8916666666666667,0.21569355567720327,0.8333333333333334,0.5553288624475445,0.8333333333333334,0.7716017253301217,1,複合型
40212,福岡県,大川市,1.9786157917499905,1.9786157917499905,0.0,0.9786814039158325,0.9786814039158325,0.0,1,0.9999999999999999,2.0,1,1.9287193058333014,1,2.0,1,複合型
40211,福岡県,筑後市,0.49075017187876807,0.49075017187876807,0.0,0.2934788143694197,0.2934788143694197,0.0,1,0.9999999999999999,0.6230809432599891,1,0.19215076574952938,1,0.614361748608323,1,複合型
40210,福岡県,八女市,0.3902475815974039,0.3902475815974039,0.0,0.4030101157722984,0.4030101157722984,0.0,0.9523809523809523,0.95,0.41428473453962744,1,0.24723016939123288,1,0.4887967819747556,0.8571428571428571,複合型
40207,福岡県,柳川市,-0.32986191709535206,-0.32986191709535206,0.0,-0.006173054657413477,-0.006173054657413477,0.0,1,0.9999999999999999,-0.40587713268823367,1,-0.4293276756669615,1,-0.16859033701251958,1,複合型
40206,福岡県,田川市,1.33275835213677,1.33275835213677,0.0,1.1704066898128291,1.1704066898128291,0.0,0.9333333333333333,0.9299999999999999,1.627834551128497,1,1.2137337434536621,1,1.139703246301993,0.8,手術型
40205,福岡県,飯塚市,1.24303983997409,1.24303983997409,0.0,0.9074058287445028,0.9074058287445028,0.0,0.9,0.8999999999999999,1.3213965105002674,0.9,0.8322414573088113,0.9,1.5167960688752946,0.9,複合型
40204,福岡県,直方市,-0.14640432802033349,-0.14640432802033349,0.0,0.2238440182502643,0.2238440182502643,0.0,1,0.9999999999999999,0.11888518389995495,1,-0.5555447912799978,1,-0.061002014289481155,1,複合型
40203,福岡県,久留米市,0.6305362778620393,0.6305362778620393,0.0,0.6522966881529968,0.6522966881529968,0.0,0.8717948717948718,0.8711538461538462,0.7005559132324743,0.8846153846153846,0.3515796055045328,0.8846153846153846,0.7996223616551812,0.8461538461538461,複合型
40202,福岡県,大牟田市,0.26816009131003454,0.26816009131003454,0.0,0.8679697512976605,0.8679697512976605,0.0,0.9791666666666666,0.9781249999999999,0.28166493585721675,1,0.03161929369666949,1,0.45740450186002235,0.9375,複合型
40137,福岡県,福岡市早良区,0.11015641359626036,0.11015641359626036,0.0,0.1642287144676144,0.1642287144676144,0.0,0.9487179487179487,0.9461538461538461,0.04385066463357923,1,0.28107529422647737,1,0.029960264875898313,0.8461538461538461,複合型
40136,福岡県,福岡市城南区,0.4986285312865585,0.4986285312865585,0.0,0.4147117585195216,0.4147117585195216,0.0,0.9166666666666666,0.91875,0.9092833298855492,0.875,-0.3737741679003155,0.875,0.8357474748477456,1,複合型
40135,福岡県,福岡市西区,-0.34837484453625717,-0.34837484453625717,0.0,0.29424501941888037,0.29424501941888037,0.0,0.9411764705882353,0.9411764705882353,-0.24362207755546406,0.9411764705882353,-0.33966632564428545,0.9411764705882353,-0.4605920562815976,0.9411764705882353,複合型
40134,福岡県,福岡市南区,0.5322243187130025,0.5322243187130025,0.0,0.5492256095654252,0.5492256095654252,0.0,0.9555555555555556,0.9566666666666667,0.6010963020144242,0.9333333333333333,0.11331940195122048,0.9333333333333333,0.8224136926359653,1,複合型
40133,福岡県,福岡市中央区,1.0478666480691716,1.0478666480691716,0.0,1.073269644310249,1.073269644310249,0.0,1,0.9999999999999999,1.1937318179837595,1,0.39501413168935695,1,1.4615893493372822,1,複合型
40132,福岡県,福岡市博多区,0.10784001959700004,0.10784001959700004,0.0,0.22316151538270748,0.22316151538270748,0.0,0.9411764705882353,0.938235294117647,0.26999503015988124,1,-0.06701384849923953,1,0.09555975311660991,0.8235294117647058,複合型
40131,福岡県,福岡市東区,0.4450285654355909,0.4450285654355909,0.0,0.4171798346321961,0.4171798346321961,0.0,0.9791666666666666,0.9781249999999999,0.7104146635283772,1,-0.12897963635956633,1,0.6716494974529394,0.9375,複合型
40109,福岡県,北九州市八幡西区,0.2566415731254118,0.2566415731254118,0.0,0.366515348606772,0.366515348606772,0.0,0.9,0.8999999999999999,0.30766865613849714,0.9,-0.06826401485261158,0.9,0.4841049940934894,0.9,複合型
40108,福岡県,北九州市八幡東区,1.657643636060723,1.657643636060723,0.0,1.019939513095835,1.019939513095835,0.0,1,0.9999999999999999,1.2503887767419632,1,1.773950701527681,1,1.9652067249792333,1,複合型
40107,福岡県,北九州市小倉南区,-0.3405510625321996,-0.3405510625321996,0.0,-0.05797467229989644,-0.05797467229989644,0.0,0.8974358974358975,0.8923076923076922,-0.28368389012846007,1,-0.6023464130272815,1,-0.17302222022586888,0.6923076923076923,複合型
40106,福岡県,北九州市小倉北区,1.6994640836305346,1.6994640836305346,0.0,1.3874354122047081,1.3874354122047081,0.0,0.95,0.9474999999999999,1.7371771442755888,1,1.3048402771135956,1,2.0,0.85,複合型
40105,福岡県,北九州市戸畑区,1.2625409303195727,1.2625409303195727,0.0,0.8451649701717487,0.8451649701717487,0.0,0.9333333333333333,0.9299999999999999,1.2767034163060633,1,0.8379220730955792,1,1.6123374648107909,0.8,入院型
40103,福岡県,北九州市若松区,-0.5773825622817794,-0.5773825622817794,0.0,-0.2414765538077186,-0.2414765538077186,0.0,0.8888888888888888,0.8833333333333332,-0.4006171415247475,1,-0.9237506046786103,1,-0.45726108955581357,0.6666666666666666,活動量低め
40101,福岡県,北九州市門司区,0.6558014311766958,0.6558014311766958,0.0,0.6217258108642676,0.6217258108642676,0.0,0.9166666666666666,0.9124999999999999,0.7695688303255757,1,0.5753800508626983,1,0.6109666437255279,0.75,複合型
39428,高知県,黒潮町,,,,-0.45779671108802983,-0.45779671108802983,0.0,,0.0,,,,,,,データ不足
39427,高知県,三原村,,,,0.021336305923240925,0.021336305923240925,0.0,,0.0,,,,,,,データ不足
39424,高知県,大月町,,,,-0.11171303788992674,-0.11171303788992674,0.0,1,0.0,,0,,0,,0,データ不足
39412,高知県,四万十町,1.0405085607879052,1.0405085607879052,0.0,0.5820866089164991,0.5820866089164991,0.0,1,0.9999999999999999,2.0,1,0.6542931672307624,1,0.4120588874819333,1,手術型
39411,高知県,津野町,,,,-0.24110725313202652,-0.24110725313202652,0.0,,0.0,,,,,,,データ不足
39410,高知県,日高村,,,,-0.41512733217837183,-0.41512733217837183,0.0,,0.0,,,,,,,データ不足
39405,高知県,檮原町,,,,0.2181296189415905,0.2181296189415905,0.0,1,0.0,,0,,0,,0,データ不足
39403,高知県,越知町,,,,0.9982657350536066,0.9982657350536066,0.0,0.8888888888888888,0.0,,0,,0,,0,データ不足
39402,高知県,佐川町,0.7953356414144419,0.7953356414144419,0.0,0.8348379227474669,0.8348379227474669,0.0,1,0.9999999999999999,0.5750901319797883,1,0.59657063277918,1,1.1859511582507487,1,入院型
39401,高知県,中土佐町,,,,0.10098033494087026,0.10098033494087026,0.0,0.6666666666666666,0.0,,0,,0,,0,データ不足
39387,高知県,仁淀川町,,,,-0.010401284283404234,-0.010401284283404234,0.0,0.6666666666666666,0.0,,0,,0,,0,データ不足
39386,高知県,いの町,-0.10653366600465178,-0.10653366600465178,0.0,0.06673253520896001,0.06673253520896001,0.0,0.7777777777777778,0.7666666666666666,-0.8020008166598611,1,0.7452622739003143,1,-0.14117732098227054,0.3333333333333333,救急型
39364,高知県,大川村,,,,0.36363636363636365,0.36363636363636365,0.0,,0.0,,,,,,,データ不足
39363,高知県,土佐町,,,,0.045306884538124224,0.045306884538124224,0.0,1,0.0,,0,,0,,0,データ不足
39344,高知県,大豊町,,,,-0.025063457783462164,-0.025063457783462164,0.0,1,0.0,,0,,0,,0,データ不足
39341,高知県,本山町,,,,0.08303907313808309,0.08303907313808309,0.0,0.3333333333333333,0.0,,0,,0,,0,データ不足
39307,高知県,芸西村,,,,0.20885891705120826,0.20885891705120826,0.0,1,0.0,,0,,0,,0,データ不足
39306,高知県,馬路村,,,,0.36363636363636365,0.36363636363636365,0.0,,0.0,,,,,,,データ不足
39305,高知県,北川村,,,,-0.14545454545454548,-0.14545454545454548,0.0,,0.0,,,,,,,データ不足
39304,高知県,安田町,,,,-0.026986225298065308,-0.026986225298065308,0.0,,0.0,,,,,,,データ不足
39303,高知県,田野町,,,,-0.02550076872059457,-0.02550076872059457,0.0,1,0.0,,0,,0,,0,データ不足
39302,高知県,奈半利町,,,,0.22239030460554873,0.22239030460554873,0.0,,0.0,,,,,,,データ不足
39301,高知県,東洋町,,,,0.1035038161585799,0.1035038161585799,0.0,,0.0,,,,,,,データ不足
39212,高知県,香美市,-0.9810563627382997,-0.9810563627382997,0.0,-0.2416746772167443,-0.2416746772167443,0.0,0.8888888888888888,0.8833333333333332,-0.9458753221094278,1,-1.0,1,-1.0,0.6666666666666666,活動量低め
39211,高知県,香南市,-0.7037133397942563,-0.7037133397942563,0.0,-0.3802759116643252,-0.3802759116643252,0.0,1,0.9999999999999999,-0.8704089091621129,1,-0.5765110961524078,1,-0.6460482649765555,1,活動量低め
39210,高知県,四万十市,-0.6660825897154039,-0.6660825897154039,0.0,0.10449621062066596,0.10449621062066596,0.0,1,0.9999999999999999,-0.7311998484421993,1,-0.4945027296582649,1,-0.7480337824661564,1,活動量低め
39209,高知県,土佐清水市,0.9927304254302938,0.9927304254302938,0.0,0.6403182562849679,0.6403182562849679,0.0,1,0.9999999999999999,1.5230249954387882,1,1.8589417756999578,1,-0.2800310162379127,1,救急型
39208,高知県,宿毛市,2.0,2.0,0.0,2.002650202436829,2.002650202436829,0.0,0.9333333333333333,0.9299999999999999,2.0,1,2.0,1,2.0,0.8,複合型
39206,高知県,須崎市,1.4483349873783693,1.4483349873783693,0.0,1.0148966570966114,1.0148966570966114,0.0,1,0.9999999999999999,1.9548959321092299,1,0.8347842041418128,1,1.4676747139931288,1,手術型
39205,高知県,土佐市,0.6160484389610112,0.6160484389610112,0.0,0.3942628309386527,0.3942628309386527,0.0,1,0.9999999999999999,0.6442130984337895,1,0.3931834195884054,1,0.7789109389504667,1,複合型
39204,高知県,南国市,1.8229497442492764,1.8229497442492764,0.0,1.6167708287712927,1.6167708287712927,0.0,0.9629629629629629,0.961111111111111,2.0,1,1.4098324808309215,1,2.0,0.8888888888888888,複合型
39203,高知県,安芸市,2.0,2.0,0.0,1.3672464648360556,1.3672464648360556,0.0,0.8333333333333334,0.825,2.0,1,2.0,1,2.0,0.5,複合型
39202,高知県,室戸市,-1.0,-1.0,0.0,-0.021592910828595366,-0.021592910828595366,0.0,1,0.9999999999999999,-1.0,1,-1.0,1,-1.0,1,活動量低め
39201,高知県,高知市,0.5155364134254543,0.5155364134254543,0.0,0.8319952959436139,0.8319952959436139,0.0,0.9135802469135802,0.912037037037037,0.5487318554534197,0.9444444444444444,0.44492131259511347,0.9444444444444444,0.5428682006806382,0.8518518518518519,複合型
38506,愛媛県,愛南町,0.9376987305814262,0.9376987305814262,0.0,0.6172433038554207,0.6172433038554207,0.0,1,0.9999999999999999,1.5130868579700874,1,0.5907788993789167,1,0.6596704585092019,1,手術型
38488,愛媛県,鬼北町,0.6005792216512101,0.6005792216512101,0.0,0.7289272356184754,0.7289272356184754,0.0,0.8333333333333334,0.825,2.0,1,-0.002898882974835537,1,-0.28157460987525484,0.5,手術型
38484,愛媛県,松野町,,,,-0.0664062781165779,-0.0664062781165779,0.0,,0.0,,,,,,,データ不足
38442,愛媛県,伊方町,,,,-0.1509793423981981,-0.1509793423981981,0.0,,0.0,,,,,,,データ不足
38422,愛媛県,内子町,-0.18384084002800682,-0.18384084002800682,0.0,0.05404423387109971,0.05404423387109971,0.0,1,0.9999999999999999,-0.030190111182787582,1,-0.17830299206921407,1,-0.3422382956950485,1,複合型
38402,愛媛県,砥部町,-0.9679204149838021,-0.9679204149838021,0.0,-0.345288621298347,-0.345288621298347,0.0,1,0.9999999999999999,-0.9926927190456603,1,-0.9015932110594033,1,-1.0,1,活動量低め
38386,愛媛県,久万高原町,2.0,2.0,0.0,1.014590643038354,1.014590643038354,0.0,1,0.6499999999999999,2.0,1,2.0,1,,0,複合型
38356,愛媛県,上島町,,,,-0.09627869540845711,-0.09627869540845711,0.0,,0.0,,,,,,,データ不足
38215,愛媛県,東温市,2.0,2.0,0.0,1.9329596048147826,1.9329596048147826,0.0,1,0.9999999999999999,2.0,1,2.0,1,2.0,1,複合型
38214,愛媛県,西予市,-0.3222027257580976,-0.3222027257580976,0.0,-0.16629736196158848,-0.16629736196158848,0.0,1,0.9999999999999999,-0.3227882900788822,1,-0.4204838898495985,1,-0.23737616364459801,1,複合型
38213,愛媛県,四国中央市,-0.14513377209591588,-0.14513377209591588,0.0,0.12484151625356983,0.12484151625356983,0.0,0.875,0.8687499999999999,-0.10608944115561281,1,-0.035827204161971604,1,-0.2778694469795998,0.625,複合型
38210,愛媛県,伊予市,-0.9825300165539799,-0.9825300165539799,0.0,-0.6013358636402886,-0.6013358636402886,0.0,1,0.9999999999999999,-0.9500857615827998,1,-1.0,1,-1.0,1,活動量低め
38207,愛媛県,大洲市,1.4231279890984863,1.4231279890984863,0.0,1.1378956167415124,1.1378956167415124,0.0,0.9333333333333333,0.9299999999999999,1.8793767269025055,1,1.4866377774349289,1,0.9124422898632305,0.8,手術型
38206,愛媛県,西条市,-0.1701544351874828,-0.1701544351874828,0.0,0.12258008733782845,0.12258008733782845,0.0,0.9259259259259259,0.922222222222222,-0.26947405542088254,1,0.02723019596505072,1,-0.24002164165625473,0.7777777777777778,複合型
38205,愛媛県,新居浜市,0.6301881510734535,0.6301881510734535,0.0,0.5477672336143149,0.5477672336143149,0.0,0.9166666666666666,0.9124999999999999,0.811697776655675,1,0.44682900614528376,1,0.6058435068582346,0.75,複合型
38204,愛媛県,八幡浜市,0.9370999284377697,0.9370999284377697,0.0,0.6797733138948397,0.6797733138948397,0.0,1,0.9999999999999999,0.9690793563340203,1,0.6806973003189707,1,1.1248941817862042,1,複合型
38203,愛媛県,宇和島市,1.5645964248867932,1.5645964248867932,0.0,0.8541176039319456,0.8541176039319456,0.0,1,0.9999999999999999,2.0,1,0.8731056434316213,1,1.7218992338780192,1,複合型
38202,愛媛県,今治市,-0.046025347636056146,-0.046025347636056146,0.0,0.4191618442349514,0.4191618442349514,0.0,0.9305555555555556,0.9270833333333333,-0.06217884615213065,1,-0.10555539747325882,1,0.021153907883334933,0.7916666666666666,複合型
38201,愛媛県,松山市,0.14918313590443671,0.14918313590443671,0.0,0.2904701650033907,0.2904701650033907,0.0,0.9444444444444444,0.9430555555555555,0.09889687547729031,0.9722222222222222,0.19565829357330977,0.9722222222222222,0.15963354690112053,0.8888888888888888,複合型
37406,香川県,まんのう町,-0.7400852198842737,-0.7400852198842737,0.0,-0.34522559646798123,-0.34522559646798123,0.0,1,0.9999999999999999,-0.8348073958006894,1,-0.8718626249964389,1,-0.5324109824431452,1,活動量低め
37387,香川県,綾川町,2.0,2.0,0.0,1.0174335579319238,1.0174335579319238,0.0,1,0.9999999999999999,2.0,1,2.0,1,2.0,1,複合型
37386,香川県,宇多津町,0.3785863886569764,0.3785863886569764,0.0,0.00016905999971966734,0.00016905999971966734,0.0,1,0.9999999999999999,-0.8923831329981626,1,0.12217023785224868,1,1.8693411824304538,1,入院型
37364,香川県,直島町,,,,-0.02025134488833205,-0.02025134488833205,0.0,,0.0,,,,,,,データ不足
37341,香川県,三木町,2.0,2.0,0.0,2.536606472882274,2.536606472882274,0.0,1,0.9999999999999999,2.0,1,2.0,1,2.0,1,複合型
37324,香川県,小豆島町,2.0,2.0,0.0,1.4747841513869897,1.4747841513869897,0.0,0.8333333333333334,0.825,2.0,1,2.0,1,2.0,0.5,複合型
37322,香川県,土庄町,,,,-0.4665143431138676,-0.4665143431138676,0.0,,0.0,,,,,,,データ不足
37208,香川県,三豊市,-0.5530714420052277,-0.5530714420052277,0.0,-0.2467244782819153,-0.2467244782819153,0.0,0.8888888888888888,0.8833333333333332,-0.3342572947190089,1,-0.7281999082042456,1,-0.6217754754065743,0.6666666666666666,活動量低め
37207,香川県,東かがわ市,0.5808105902822754,0.5808105902822754,0.0,0.3159300283235998,0.3159300283235998,0.0,1,0.9999999999999999,0.5919414115366421,1,0.1605847146303545,1,0.9298733767295555,1,入院型
37206,香川県,さぬき市,-0.34526881766610906,-0.34526881766610906,0.0,-0.32869502539178397,-0.32869502539178397,0.0,1,0.9999999999999999,-0.29669027206159115,1,-0.48844487706320916,1,-0.2711250266445412,1,活動量低め
37205,香川県,観音寺市,1.130957172698417,1.130957172698417,0.0,0.723911638663473,0.723911638663473,0.0,1,0.9999999999999999,1.3802691711834583,1,0.33835827471255087,1,1.5610156582012609,1,複合型
37204,香川県,善通寺市,2.0,2.0,0.0,1.6257862869701096,1.6257862869701096,0.0,1,0.9999999999999999,2.0,1,2.0,1,2.0,1,複合型
37203,香川県,坂出市,1.5714361111642141,1.5714361111642141,0.0,0.9509414982761346,0.9509414982761346,0.0,0.8333333333333334,0.8333333333333335,1.6071342805290874,0.8333333333333334,1.5019579596600847,0.8333333333333334,1.5952906430885951,0.8333333333333334,複合型
37202,香川県,丸亀市,0.15875292458235468,0.15875292458235468,0.0,0.3832370908136278,0.3832370908136278,0.0,0.7777777777777778,0.7722222222222221,0.3334867971051536,0.8888888888888888,-0.16267840915808573,0.8888888888888888,0.2595316238370762,0.5555555555555556,複合型
37201,香川県,高松市,0.007086109018292017,0.007086109018292017,0.0,0.20911658521065207,0.20911658521065207,0.0,0.9111111111111111,0.91,0.03160080871732984,0.9333333333333333,-0.08234572820947561,0.9333333333333333,0.05922726980019788,0.8666666666666667,複合型
36489,徳島県,東みよし町,0.11010128666272997,0.11010128666272997,0.0,0.6195337252377325,0.6195337252377325,0.0,0.8333333333333334,0.825,1.2209337699754843,1,-0.2020096276015103,1,-0.7332075558521041,0.5,手術型
36468,徳島県,つるぎ町,2.0,2.0,0.0,0.7853739356994964,0.7853739356994964,0.0,1,0.6499999999999999,2.0,1,2.0,1,,0,複合型
36404,徳島県,板野町,2.0,2.0,0.0,1.4143721025575937,1.4143721025575937,0.0,1,0.35,2.0,1,,0,,0,手術型（参考）
36403,徳島県,藍住町,-0.9017837813535504,-0.9017837813535504,0.0,-0.2971407926841652,-0.2971407926841652,0.0,0.8333333333333334,0.825,-0.9040414688407405,1,-0.8915359593782904,1,-0.908309941273726,0.5,活動量低め
36402,徳島県,北島町,1.7168143595106384,1.7168143595106384,0.0,1.269065356153646,1.269065356153646,0.0,1,0.9999999999999999,2.0,1,2.0,1,1.1908981700303958,1,複合型
36401,徳島県,松茂町,0.36912092041742567,0.36912092041742567,0.0,0.8666594225067406,0.8666594225067406,0.0,0.6666666666666666,0.6499999999999999,1.267427658774897,1,-0.6789036076662909,1,,0,手術型
36388,徳島県,海陽町,-0.3108666755460317,-0.3108666755460317,0.0,0.0502747880067476,0.0502747880067476,0.0,1,0.9999999999999999,-0.8125251576546357,1,-0.22392224246857373,1,0.11626800678189397,1,入院型
36387,徳島県,美波町,2.0,2.0,0.0,1.3954062425002263,1.3954062425002263,0.0,1,0.35,2.0,1,,0,,0,手術型（参考）
36383,徳島県,牟岐町,,,,1.1636363636363638,1.1636363636363638,0.0,1,0.0,,0,,0,,0,データ不足
36368,徳島県,那賀町,2.0,2.0,0.0,0.8714125535643003,0.8714125535643003,0.0,1,0.6499999999999999,2.0,1,2.0,1,,0,複合型
36342,徳島県,神山町,,,,0.5066404026625511,0.5066404026625511,0.0,,0.0,,,,,,,データ不足
36321,徳島県,佐那河内村,,,,-0.018854421862379945,-0.018854421862379945,0.0,,0.0,,,,,,,データ不足
36302,徳島県,上勝町,,,,0.2285355828119583,0.2285355828119583,0.0,,0.0,,,,,,,データ不足
36301,徳島県,勝浦町,,,,0.5846249665359518,0.5846249665359518,0.0,1,0.0,,0,,0,,0,データ不足
36208,徳島県,三好市,2.0,2.0,0.0,1.4124668057906336,1.4124668057906336,0.0,0.9166666666666666,0.9124999999999999,2.0,1,2.0,1,2.0,0.75,複合型
36207,徳島県,美馬市,-0.7220094250974358,-0.7220094250974358,0.0,0.04909553911952154,0.04909553911952154,0.0,0.8,0.7899999999999999,-0.8791892848496923,1,-0.45772344118484787,1,-0.7913604086988263,0.4,活動量低め
36206,徳島県,阿波市,-0.9599760475715375,-0.9599760475715375,0.0,-0.3671185387961928,-0.3671185387961928,0.0,1,0.9999999999999999,-0.9683412165742629,1,-0.9035220725684855,1,-1.0,1,活動量低め
36205,徳島県,吉野川市,1.8763186585109404,1.8763186585109404,0.0,1.0101203492933148,1.0101203492933148,0.0,1,0.9999999999999999,2.0,1,1.5877288617031353,1,2.0,1,複合型
36204,徳島県,阿南市,-0.1097983248884959,-0.1097983248884959,0.0,-0.039337031845064103,-0.039337031845064103,0.0,0.9333333333333333,0.9299999999999999,-0.2180747194562379,1,-0.03098055656438381,1,-0.06908001745570713,0.8,複合型
36203,徳島県,小松島市,2.0,2.0,0.0,1.4290293715359201,1.4290293715359201,0.0,1,0.9999999999999999,2.0,1,2.0,1,2.0,1,複合型
36202,徳島県,鳴門市,0.26337921687307203,0.26337921687307203,0.0,0.3694125441475054,0.3694125441475054,0.0,0.9333333333333333,0.9299999999999999,0.31045918443165776,1,0.31447818581444387,1,0.1725001330790248,0.8,複合型
36201,徳島県,徳島市,0.46911251708254736,0.46911251708254736,0.0,0.8931001810628869,0.8931001810628869,0.0,0.9024390243902439,0.9012195121951221,0.5759787062352602,0.926829268292683,0.17305624570125056,0.926829268292683,0.6160088462566604,0.8536585365853658,複合型
35502,山口県,阿武町,,,,0.055567383436235934,0.055567383436235934,0.0,,0.0,,,,,,,データ不足
35344,山口県,平生町,-0.9620753256216412,-0.9620753256216412,0.0,-0.10599069983425095,-0.10599069983425095,0.0,1,0.9999999999999999,-0.8916437874904037,1,-1.0,1,-1.0,1,活動量低め
35343,山口県,田布施町,,,,-0.3322626733311844,-0.3322626733311844,0.0,,0.0,,,,,,,データ不足
35341,山口県,上関町,,,,0.36363636363636365,0.36363636363636365,0.0,,0.0,,,,,,,データ不足
35321,山口県,和木町,,,,-0.3217567185834873,-0.3217567185834873,0.0,,0.0,,,,,,,データ不足
35305,山口県,周防大島町,1.778353057788967,1.778353057788967,0.0,1.1245018815761905,1.1245018815761905,0.0,1,0.9999999999999999,2.0,1,1.2611768592965573,1,2.0,1,複合型
35216,山口県,山陽小野田市,0.5766318596074382,0.5766318596074382,0.0,0.3951191336901431,0.3951191336901431,0.0,1,0.9999999999999999,0.8278519963178033,1,0.21133787068344034,1,0.6385208562605,1,複合型
35215,山口県,周南市,0.2577288768639714,0.2577288768639714,0.0,0.2466335455103553,0.2466335455103553,0.0,0.861111111111111,0.8583333333333332,0.2901159768235395,0.9166666666666666,0.09973837420364728,0.9166666666666666,0.3607622077561097,0.75,複合型
35213,山口県,美祢市,0.05691148994037402,0.05691148994037402,0.0,0.2390286660383303,0.2390286660383303,0.0,1,0.9999999999999999,-0.008821456170029163,1,0.04697782560737962,1,0.13115900547905812,1,複合型
35212,山口県,柳井市,1.825463128707311,1.825463128707311,0.0,1.068432784471426,1.068432784471426,0.0,0.8888888888888888,0.8833333333333332,2.0,1,1.4182104290243704,1,2.0,0.6666666666666666,複合型
35211,山口県,長門市,1.5781610370829966,1.5781610370829966,0.0,0.8724649964230851,0.8724649964230851,0.0,0.8888888888888888,0.8833333333333333,2.0,0.6666666666666666,0.5938701236099893,1,2.0,1,複合型
35210,山口県,光市,-0.24521629428714847,-0.24521629428714847,0.0,0.018211512019363312,0.018211512019363312,0.0,1,0.9999999999999999,-0.1719030177927704,1,-0.31276809060290345,1,-0.26062803108230803,1,複合型
35208,山口県,岩国市,0.031537139756153784,0.031537139756153784,0.0,0.1698805006010303,0.1698805006010303,0.0,0.9285714285714286,0.9285714285714286,0.05845043572284281,0.9285714285714286,-0.005445448101013439,0.9285714285714286,0.036323204809893817,0.9285714285714286,複合型
35207,山口県,下松市,-0.05679733363415592,-0.05679733363415592,0.0,-0.0463615352381397,-0.0463615352381397,0.0,1,0.9999999999999999,-0.16129317880327843,1,0.23148274085324005,1,-0.19939869516851572,1,救急型
35206,山口県,防府市,0.4577219866621309,0.4577219866621309,0.0,0.3678551080531221,0.3678551080531221,0.0,1,0.9999999999999999,0.6491992202195009,1,-0.08277339357682456,1,0.7295265075952941,1,複合型
35204,山口県,萩市,0.6149520957412568,0.6149520957412568,0.0,0.4693015380919158,0.4693015380919158,0.0,0.9333333333333333,0.9299999999999999,0.3687446030528805,1,0.5742590433713404,1,0.8960393476038473,0.8,入院型
35203,山口県,山口市,-0.08614816692413435,-0.08614816692413435,0.0,0.16627627377149687,0.16627627377149687,0.0,0.8974358974358975,0.8961538461538463,-0.027350538664174806,0.9230769230769231,-0.3098339297044699,0.9230769230769231,0.04678485862762227,0.8461538461538461,複合型
35202,山口県,宇部市,0.5755168870340001,0.5755168870340001,0.0,0.7126532656117264,0.7126532656117264,0.0,0.9111111111111111,0.9133333333333333,1.0854664156206155,0.8666666666666667,-0.29059644321782796,0.8666666666666667,0.8079502129489515,1,複合型
35201,山口県,下関市,0.10225852962775564,0.10225852962775564,0.0,0.2630310543697233,0.2630310543697233,0.0,0.8771929824561403,0.8736842105263156,0.03768863373736964,0.9473684210526315,0.10038028532939314,0.9473684210526315,0.16843834920245238,0.7368421052631579,複合型
34545,広島県,神石高原町,1.2108836015918283,1.2108836015918283,0.0,0.4258551608986557,0.4258551608986557,0.0,1,0.9999999999999999,1.0503971514653525,1,0.47748199526318325,1,2.0,1,入院型
34462,広島県,世羅町,1.4212064580356008,1.4212064580356008,0.0,0.5138921243737472,0.5138921243737472,0.0,1,0.9999999999999999,2.0,1,1.7369918823131414,1,0.5717396952618814,1,複合型
34431,広島県,大崎上島町,,,,-0.14649284466876586,-0.14649284466876586,0.0,,0.0,,,,,,,データ不足
34369,広島県,北広島町,0.11865300785697318,0.11865300785697318,0.0,0.39566649444621604,0.39566649444621604,0.0,1,0.9999999999999999,0.026283798718043094,1,0.5492482536760297,1,-0.15805942227757375,1,救急型
34368,広島県,安芸太田町,,,,0.6930041975260056,0.6930041975260056,0.0,1,0.0,,0,,0,,0,データ不足
34309,広島県,坂町,2.0,2.0,0.0,0.9817151504775163,0.9817151504775163,0.0,1,0.6499999999999999,2.0,1,2.0,1,,0,複合型
34307,広島県,熊野町,,,,-0.5797769117057515,-0.5797769117057515,0.0,,0.0,,,,,,,データ不足
34304,広島県,海田町,-0.16282376653251499,-0.16282376653251499,0.0,0.12547995841417067,0.12547995841417067,0.0,1,0.9999999999999999,0.6378664782762273,1,-0.984472656883631,1,-0.2592435338974436,1,手術型
34302,広島県,府中町,1.7932567325030555,1.7932567325030555,0.0,0.7378971945978134,0.7378971945978134,0.0,1,0.9999999999999999,1.6746863280086286,1,1.6903883923334524,1,2.0,1,入院型
34215,広島県,江田島市,-0.6978269699229361,-0.6978269699229361,0.0,0.042336597181970435,0.042336597181970435,0.0,0.8888888888888888,0.8833333333333332,-0.8535399942912778,1,-0.1636265730699631,1,-1.0,0.6666666666666666,救急型
34214,広島県,安芸高田市,0.9089076263058661,0.9089076263058661,0.0,0.36675405315456316,0.36675405315456316,0.0,1,0.9999999999999999,2.0,1,0.2970648271105132,1,0.34225193763632045,1,手術型
34213,広島県,廿日市市,-0.9754807524881282,-0.9754807524881282,0.0,-0.29874967932952395,-0.29874967932952395,0.0,1,0.9999999999999999,-0.9415282083545672,1,-0.9903589530936392,1,-0.996680553245537,1,活動量低め
34212,広島県,東広島市,-0.2039078542021232,-0.2039078542021232,0.0,0.3248580277627192,0.3248580277627192,0.0,0.9487179487179487,0.9461538461538461,-0.16749447309696053,1,-0.2721778479969529,1,-0.18180409776886053,0.8461538461538461,複合型
34211,広島県,大竹市,1.608319911982216,1.608319911982216,0.0,0.9837200084354941,0.9837200084354941,0.0,1,0.9999999999999999,1.9936629583264747,1,0.7017929218931667,1,2.0,1,複合型
34210,広島県,庄原市,1.04801349977785,1.04801349977785,0.0,0.5404338834152278,0.5404338834152278,0.0,0.9333333333333333,0.9299999999999999,1.318269196631845,1,0.42949360462146857,1,1.307917713057897,0.8,複合型
34209,広島県,三次市,0.9106242301970922,0.9106242301970922,0.0,0.5896976130714812,0.5896976130714812,0.0,0.9166666666666666,0.9124999999999999,1.1907853563617832,1,0.2979613610598486,1,1.1556027061500385,0.75,複合型
34208,広島県,府中市,-0.3413664804739779,-0.3413664804739779,0.0,0.007688983928159927,0.007688983928159927,0.0,1,0.9999999999999999,-0.3516956127665438,1,-0.40246053202447984,1,-0.27867101828098173,1,活動量低め
34207,広島県,福山市,-0.0803113500340199,-0.0803113500340199,0.0,0.16531659469261112,0.16531659469261112,0.0,1,0.9999999999999999,-0.02860680013613648,1,-0.18797082209097526,1,-0.03973635245451301,1,複合型
34205,広島県,尾道市,0.49709327031494865,0.49709327031494865,0.0,0.4605579823758707,0.4605579823758707,0.0,0.9259259259259259,0.922222222222222,0.7737474554327028,1,0.18914143643508696,1,0.4843977999513618,0.7777777777777778,複合型
34204,広島県,三原市,-0.05529889896722582,-0.05529889896722582,0.0,0.2537137512652898,0.2537137512652898,0.0,1,0.9999999999999999,0.009281447268775667,1,-0.024355204100230288,1,-0.14640241223208061,1,複合型
34203,広島県,竹原市,0.09736012268642112,0.09736012268642112,0.0,0.35412783494750466,0.35412783494750466,0.0,1,0.9999999999999999,0.24100313294777953,1,0.03264912431010236,1,0.009183682461907372,1,複合型
34202,広島県,呉市,0.42324804665222665,0.42324804665222665,0.0,0.43929127221029096,0.43929127221029096,0.0,0.9,0.8975,0.5933078062136177,0.95,0.02038370289549407,0.95,0.5985005817394635,0.8,複合型
34108,広島県,広島市佐伯区,-0.7174206259795743,-0.7174206259795743,0.0,-0.24640702994643554,-0.24640702994643554,0.0,1,0.9999999999999999,-0.809109415930089,1,-0.58138933480858,1,-0.7423300856041977,1,活動量低め
34107,広島県,広島市安芸区,-0.8125202393266565,-0.8125202393266565,0.0,-0.35360489038754767,-0.35360489038754767,0.0,0.75,0.7499999999999999,-0.8462269417928574,0.75,-0.7233374940601112,0.75,-0.8552558899460662,0.75,活動量低め
34106,広島県,広島市安佐北区,0.24575958544639717,0.24575958544639717,0.0,-0.02622599683476768,-0.02622599683476768,0.0,1,0.9999999999999999,0.3839898155128645,1,0.048050872283571966,1,0.27699396666235154,1,複合型
34105,広島県,広島市安佐南区,-0.6645009764887218,-0.6645009764887218,0.0,-0.15299319206817516,-0.15299319206817516,0.0,0.9487179487179487,0.9461538461538461,-0.6273068354432267,1,-0.6518895715979416,1,-0.7125048931548857,0.8461538461538461,活動量低め
34104,広島県,広島市西区,-0.720350829969412,-0.720350829969412,0.0,-0.24784831792103867,-0.24784831792103867,0.0,0.8666666666666667,0.865,-0.7691005924200006,0.9,-0.5693557902700421,0.9,-0.8010253872611406,0.8,活動量低め
34103,広島県,広島市南区,1.6014580069514601,1.6014580069514601,0.0,1.1968862680611305,1.1968862680611305,0.0,1,0.9999999999999999,2.0,1,0.6715266898382004,1,2.0,1,複合型
34102,広島県,広島市東区,-0.4078517469818915,-0.4078517469818915,0.0,-0.07100238210807974,-0.07100238210807974,0.0,0.8666666666666667,0.8599999999999999,-0.29775468152478135,1,-0.6075759436245696,1,-0.346756643888135,0.6,活動量低め
34101,広島県,広島市中区,2.0,2.0,0.0,1.9300111576374865,1.9300111576374865,0.0,0.9777777777777777,0.9766666666666666,2.0,1,2.0,1,2.0,0.9333333333333333,複合型
33681,岡山県,吉備中央町,-0.3644993414582126,-0.3644993414582126,0.0,0.41919740449786397,0.41919740449786397,0.0,0.8333333333333334,0.825,0.6799315076108834,1,-0.8415845637400726,1,-1.0,0.5,手術型
33666,岡山県,美咲町,-1.0,-1.0,0.0,-0.43320394743786883,-0.43320394743786883,0.0,0.6666666666666666,0.6499999999999999,-1.0,1,-1.0,1,,0,活動量低め
33663,岡山県,久米南町,,,,-0.19956912025099813,-0.19956912025099813,0.0,,0.0,,,,,,,データ不足
33643,岡山県,西粟倉村,,,,0.026658231798962498,0.026658231798962498,0.0,,0.0,,,,,,,データ不足
33623,岡山県,奈義町,,,,-0.10266753725876042,-0.10266753725876042,0.0,,0.0,,,,,,,データ不足
33622,岡山県,勝央町,,,,0.8180785696177657,0.8180785696177657,0.0,1,0.0,,0,,0,,0,データ不足
33606,岡山県,鏡野町,2.0,2.0,0.0,1.282484713216624,1.282484713216624,0.0,1,0.9999999999999999,2.0,1,2.0,1,2.0,1,複合型
33586,岡山県,新庄村,,,,0.11726305609284327,0.11726305609284327,0.0,,0.0,,,,,,,データ不足
33461,岡山県,矢掛町,2.0,2.0,0.0,0.8709209587492919,0.8709209587492919,0.0,1,0.9999999999999999,2.0,1,2.0,1,2.0,1,複合型
33445,岡山県,里庄町,,,,0.5469760191011364,0.5469760191011364,0.0,1,0.0,,0,,0,,0,データ不足
33423,岡山県,早島町,2.0,2.0,0.0,1.248696309162932,1.248696309162932,0.0,1,0.6499999999999999,2.0,1,2.0,1,,0,複合型
33346,岡山県,和気町,1.1090341556306758,1.1090341556306758,0.0,0.9020052816309245,0.9020052816309245,0.0,1,0.9999999999999999,1.5869544169474459,1,0.8197055137844611,1,0.8791098730392328,1,手術型
33216,岡山県,浅口市,-0.5288415561690617,-0.5288415561690617,0.0,-0.27420606842034545,-0.27420606842034545,0.0,1,0.9999999999999999,-0.524974495274914,1,-0.5530570702478999,1,-0.511952462138491,1,活動量低め
33215,岡山県,美作市,-0.4407785456194565,-0.4407785456194565,0.0,-0.217809080220111,-0.217809080220111,0.0,0.8888888888888888,0.8833333333333332,-0.5940025780956104,1,-0.1412400591469002,1,-0.5443017872626366,0.6666666666666666,救急型
33214,岡山県,真庭市,0.10207365002722538,0.10207365002722538,0.0,0.2455910938457605,0.2455910938457605,0.0,1,0.9999999999999999,-0.018025310509937498,1,0.36127502901901165,1,0.0,1,救急型
33213,岡山県,赤磐市,-0.5904570957243216,-0.5904570957243216,0.0,-0.41312410137121336,-0.41312410137121336,0.0,1,0.9999999999999999,-0.6037472707703416,1,-0.40299783259194866,1,-0.7378462890774786,1,活動量低め
33212,岡山県,瀬戸内市,-0.4198227646976846,-0.4198227646976846,0.0,0.07196362791904372,0.07196362791904372,0.0,0.8333333333333334,0.825,-0.5103797033958102,1,-0.32704966258625734,1,-0.4087856278093538,0.5,活動量低め
33211,岡山県,備前市,0.38652205569950154,0.38652205569950154,0.0,0.38918555632103535,0.38918555632103535,0.0,1,0.9999999999999999,0.42690720366660506,1,-0.09936323335833719,1,0.7626100126391171,1,入院型
33210,岡山県,新見市,0.4448097630221217,0.4448097630221217,0.0,0.45915201477546863,0.45915201477546863,0.0,1,0.9999999999999999,0.3623417820780104,1,0.32807578705018603,1,0.6273354376564637,1,複合型
33209,岡山県,高梁市,0.28353938770072296,0.28353938770072296,0.0,0.37442179290869665,0.37442179290869665,0.0,1,0.9999999999999999,0.42385592397730787,1,0.4506327143622175,1,0.0,1,複合型
33208,岡山県,総社市,-0.820868056582878,-0.820868056582878,0.0,-0.46061239976831986,-0.46061239976831986,0.0,1,0.9999999999999999,-0.8976927540720498,1,-0.7244949781247013,1,-0.8266488549150005,1,活動量低め
33207,岡山県,井原市,-0.23214696574428575,-0.23214696574428575,0.0,-0.2222474147671747,-0.2222474147671747,0.0,1,0.9999999999999999,-0.41812500671861086,1,-0.14179694418808442,1,-0.12361180038956188,1,複合型
33205,岡山県,笠岡市,-0.02815307853143257,-0.02815307853143257,0.0,0.09822794092442678,0.09822794092442678,0.0,1,0.9999999999999999,0.03936569502324483,1,0.0,1,-0.11980306225590931,1,複合型
33204,岡山県,玉野市,-0.780647257860971,-0.780647257860971,0.0,-0.29887111888750073,-0.29887111888750073,0.0,0.9444444444444444,0.9416666666666667,-0.808170386354827,1,-0.8058775457422118,1,-0.7314981683260515,0.8333333333333334,活動量低め
33203,岡山県,津山市,0.8336916771043343,0.8336916771043343,0.0,0.6447170778927465,0.6447170778927465,0.0,0.9166666666666666,0.91875,0.8994844225172902,0.875,0.5425999503621344,0.875,1.017406126041836,1,複合型
33202,岡山県,倉敷市,0.4097181170198747,0.4097181170198747,0.0,0.3202754070581688,0.3202754070581688,0.0,0.956989247311828,0.9564516129032258,0.6019971729035429,0.967741935483871,0.05049705871214916,0.967741935483871,0.5253428253999712,0.9354838709677419,複合型
33104,岡山県,岡山市南区,-0.5038742841734566,-0.5038742841734566,0.0,-0.21094980771610053,-0.21094980771610053,0.0,0.875,0.875,-0.48983625975438005,0.875,-0.5626072351102241,0.875,-0.467569779218161,0.875,活動量低め
33103,岡山県,岡山市東区,-0.38727936971833105,-0.38727936971833105,0.0,-0.07585596384148618,-0.07585596384148618,0.0,1,0.9999999999999999,-0.48966358301381074,1,-0.35840464676685113,1,-0.3096449189526913,1,活動量低め
33102,岡山県,岡山市中区,-0.3895074017893681,-0.3895074017893681,0.0,0.11847911967237362,0.11847911967237362,0.0,0.9393939393939393,0.9409090909090908,-0.2709640255625644,0.9090909090909091,-0.4343308477822687,0.9090909090909091,-0.4696306814508284,1,活動量低め
33101,岡山県,岡山市北区,1.659739935443273,1.659739935443273,0.0,1.2739460355030527,1.2739460355030527,0.0,0.9466666666666667,0.946,2.0,0.96,0.8657997848109098,0.96,2.0,0.92,複合型
32528,島根県,隠岐の島町,1.459724849722652,1.459724849722652,0.0,0.5029895393692955,0.5029895393692955,0.0,1,0.9999999999999999,2.0,1,0.6323251108971173,1,1.628649475581477,1,手術型
32527,島根県,知夫村,,,,0.19066247081176466,0.19066247081176466,0.0,,0.0,,,,,,,データ不足
32526,島根県,西ノ島町,,,,0.2648834793495396,0.2648834793495396,0.0,1,0.0,,0,,0,,0,データ不足
32525,島根県,海士町,,,,-0.018303022481366848,-0.018303022481366848,0.0,,0.0,,,,,,,データ不足
32505,島根県,吉賀町,2.0,2.0,0.0,0.9266849657176243,0.9266849657176243,0.0,1,0.6499999999999999,2.0,1,2.0,1,,0,複合型
32501,島根県,津和野町,2.0,2.0,0.0,0.7577362724127539,0.7577362724127539,0.0,1,0.6499999999999999,2.0,1,2.0,1,,0,複合型
32449,島根県,邑南町,2.0,2.0,0.0,0.7511068805754282,0.7511068805754282,0.0,1,0.9999999999999999,2.0,1,2.0,1,2.0,1,複合型
32448,島根県,美郷町,,,,-0.06064618099525442,-0.06064618099525442,0.0,,0.0,,,,,,,データ不足
32441,島根県,川本町,,,,-0.043313514320494045,-0.043313514320494045,0.0,1,0.0,,0,,0,,0,データ不足
32386,島根県,飯南町,,,,0.4575242675069657,0.4575242675069657,0.0,1,0.0,,0,,0,,0,データ不足
32343,島根県,奥出雲町,1.5257550351367388,1.5257550351367388,0.0,0.6465337748880365,0.6465337748880365,0.0,1,0.9999999999999999,2.0,1,0.9255655604394561,1,1.5659581914425775,1,手術型
32209,島根県,雲南市,0.5238644014981597,0.5238644014981597,0.0,0.16799661673506022,0.16799661673506022,0.0,1,0.9999999999999999,0.7119137514207972,1,-0.04958686587471128,1,0.8273447093236976,1,複合型
32207,島根県,江津市,0.2326124693317899,0.2326124693317899,0.0,0.30380445920715193,0.30380445920715193,0.0,1,0.9999999999999999,-0.24674548535315755,1,1.162232173208503,1,-0.08484646502044535,1,救急型
32206,島根県,安来市,-0.5218709906665179,-0.5218709906665179,0.0,-0.08508835893606993,-0.08508835893606993,0.0,1,0.9999999999999999,-0.7930503265860598,1,-0.00814264739298931,1,-0.6910302346957149,1,救急型
32205,島根県,大田市,0.5178728670745868,0.5178728670745868,0.0,0.12735389901193994,0.12735389901193994,0.0,1,0.9999999999999999,0.3176658976807747,1,0.2867568119519064,1,0.9161793122878392,1,入院型
32204,島根県,益田市,1.6595956534781884,1.6595956534781884,0.0,0.6068918540671837,0.6068918540671837,0.0,1,0.9999999999999999,1.5114138011358245,1,1.4937504447027012,1,1.9499305419138278,1,入院型
32203,島根県,出雲市,0.6709312578257813,0.6709312578257813,0.0,0.4430438642154316,0.4430438642154316,0.0,0.9333333333333333,0.9349999999999999,0.9416067057405397,0.9,-0.012414200847669088,0.9,0.9859804887739805,1,複合型
32202,島根県,浜田市,0.43532773184675866,0.43532773184675866,0.0,0.2471859471416079,0.2471859471416079,0.0,0.6666666666666666,0.6624999999999999,0.568315574661308,0.75,0.4126067621938305,0.75,0.3218150058775764,0.5,複合型
32201,島根県,松江市,0.09277322970150632,0.09277322970150632,0.0,0.2063227055327507,0.2063227055327507,0.0,0.9583333333333334,0.9562499999999998,0.09911661952511408,1,-0.07850475391803624,1,0.2332395401232208,0.875,複合型
31403,鳥取県,江府町,,,,0.09585730299972102,0.09585730299972102,0.0,,0.0,,,,,,,データ不足
31402,鳥取県,日野町,,,,0.062383422276604344,0.062383422276604344,0.0,1,0.0,,0,,0,,0,データ不足
31401,鳥取県,日南町,,,,0.4792857168715961,0.4792857168715961,0.0,1,0.0,,0,,0,,0,データ不足
31390,鳥取県,伯耆町,-0.9681369270656783,-0.9681369270656783,0.0,-0.0838000513556731,-0.0838000513556731,0.0,0.8333333333333334,0.825,-0.9089626487590813,1,-1.0,1,-1.0,0.5,活動量低め
31389,鳥取県,南部町,2.0,2.0,0.0,1.0699389610064525,1.0699389610064525,0.0,1,0.6499999999999999,2.0,1,2.0,1,,0,複合型
31386,鳥取県,大山町,,,,-0.4722345258556354,-0.4722345258556354,0.0,,0.0,,,,,,,データ不足
31384,鳥取県,日吉津村,,,,0.24727272727272723,0.24727272727272723,0.0,,0.0,,,,,,,データ不足
31372,鳥取県,北栄町,,,,-0.4829274683919522,-0.4829274683919522,0.0,,0.0,,,,,,,データ不足
31371,鳥取県,琴浦町,,,,-0.3604704386499776,-0.3604704386499776,0.0,,0.0,,,,,,,データ不足
31370,鳥取県,湯梨浜町,,,,-0.3300923012403905,-0.3300923012403905,0.0,,0.0,,,,,,,データ不足
31364,鳥取県,三朝町,2.0,2.0,0.0,1.0595542612984346,1.0595542612984346,0.0,1,0.35,2.0,1,,0,,0,手術型（参考）
31329,鳥取県,八頭町,,,,-0.5062172728980415,-0.5062172728980415,0.0,,0.0,,,,,,,データ不足
31328,鳥取県,智頭町,2.0,2.0,0.0,0.9509001538736367,0.9509001538736367,0.0,1,0.35,2.0,1,,0,,0,手術型（参考）
31325,鳥取県,若桜町,,,,0.07866308319193777,0.07866308319193777,0.0,,0.0,,,,,,,データ不足
31302,鳥取県,岩美町,1.746153963057478,1.746153963057478,0.0,0.5462031308357346,0.5462031308357346,0.0,1,0.9999999999999999,2.0,1,1.153846543524927,1,2.0,1,複合型
31204,鳥取県,境港市,0.31494689842004364,0.31494689842004364,0.0,0.15701458391755824,0.15701458391755824,0.0,1,0.9999999999999999,0.6293710398424821,1,0.3566398400804718,1,-0.03521405013990464,1,複合型
31203,鳥取県,倉吉市,1.8541034880868752,1.8541034880868752,0.0,1.2927838298553491,1.2927838298553491,0.0,0.9259259259259259,0.9277777777777777,2.0,0.8888888888888888,1.513678293622918,0.8888888888888888,2.0,1,複合型
31202,鳥取県,米子市,1.1750835566231062,1.1750835566231062,0.0,0.8907077696410922,0.8907077696410922,0.0,0.9696969696969697,0.968181818181818,1.4602169744697266,1,0.4495555437146479,1,1.5118312926980213,0.9090909090909091,複合型
31201,鳥取県,鳥取市,0.3433738765936462,0.3433738765936462,0.0,0.2821867591698395,0.2821867591698395,0.0,0.9666666666666667,0.9649999999999999,0.34724182349413124,1,0.22399134573930946,1,0.44183381328259275,0.9,複合型
30428,和歌山県,串本町,1.8427188610584113,1.8427188610584113,0.0,0.9011741573885714,0.9011741573885714,0.0,1,0.9999999999999999,2.0,1,1.9300767746949337,1,1.6105595104283754,1,複合型
30427,和歌山県,北山村,,,,0.36363636363636365,0.36363636363636365,0.0,,0.0,,,,,,,データ不足
30424,和歌山県,古座川町,,,,0.36363636363636365,0.36363636363636365,0.0,,0.0,,,,,,,データ不足
30422,和歌山県,太地町,,,,0.10943906982967104,0.10943906982967104,0.0,,0.0,,,,,,,データ不足
30421,和歌山県,那智勝浦町,1.4253143308279275,1.4253143308279275,0.0,0.8009861881063992,0.8009861881063992,0.0,0.8333333333333334,0.825,1.070355234203081,1,2.0,1,1.2876857110195687,0.5,救急型
30406,和歌山県,すさみ町,,,,0.36363636363636365,0.36363636363636365,0.0,1,0.0,,0,,0,,0,データ不足
30404,和歌山県,上富田町,-1.0,-1.0,0.0,-0.29238670492318947,-0.29238670492318947,0.0,1,0.6499999999999999,-1.0,1,-1.0,1,,0,活動量低め
30401,和歌山県,白浜町,1.3688575988438028,1.3688575988438028,0.0,0.543527541392242,0.543527541392242,0.0,1,0.9999999999999999,1.2392425680898147,1,2.0,1,0.9574934286067645,1,救急型
30392,和歌山県,日高川町,,,,-0.04080130046792921,-0.04080130046792921,0.0,,0.0,,,,,,,データ不足
30391,和歌山県,みなべ町,,,,-0.18802980777210304,-0.18802980777210304,0.0,,0.0,,,,,,,データ不足
30390,和歌山県,印南町,,,,-0.13804814035270302,-0.13804814035270302,0.0,,0.0,,,,,,,データ不足
30383,和歌山県,由良町,,,,-0.22421744094407547,-0.22421744094407547,0.0,,0.0,,,,,,,データ不足
30382,和歌山県,日高町,,,,-0.18175177758014996,-0.18175177758014996,0.0,,0.0,,,,,,,データ不足
30381,和歌山県,美浜町,,,,0.7565509810889453,0.7565509810889453,0.0,1,0.0,,0,,0,,0,データ不足
30366,和歌山県,有田川町,0.3606734670165405,0.3606734670165405,0.0,0.41218985098356026,0.41218985098356026,0.0,0.7777777777777778,0.7833333333333332,1.4353018559099637,0.6666666666666666,-0.5409660350958694,0.6666666666666666,0.058878937076611404,1,手術型
30362,和歌山県,広川町,,,,-0.34658935063981056,-0.34658935063981056,0.0,,0.0,,,,,,,データ不足
30361,和歌山県,湯浅町,2.0,2.0,0.0,0.8583020382655693,0.8583020382655693,0.0,1,0.6499999999999999,2.0,1,2.0,1,,0,複合型
30344,和歌山県,高野町,,,,0.28204279871420096,0.28204279871420096,0.0,,0.0,,,,,,,データ不足
30343,和歌山県,九度山町,,,,0.565537631705613,0.565537631705613,0.0,0.3333333333333333,0.0,,0,,0,,0,データ不足
30341,和歌山県,かつらぎ町,2.0,2.0,0.0,0.6989110300177287,0.6989110300177287,0.0,1,0.9999999999999999,2.0,1,2.0,1,2.0,1,複合型
30304,和歌山県,紀美野町,2.0,2.0,0.0,1.1716836388985463,1.1716836388985463,0.0,1,0.9999999999999999,2.0,1,2.0,1,2.0,1,複合型
30209,和歌山県,岩出市,-0.7447460638567361,-0.7447460638567361,0.0,-0.1754155449509433,-0.1754155449509433,0.0,1,0.9999999999999999,-0.7486346475663612,1,-0.8515942796101461,1,-0.6492732952156167,1,活動量低め
30208,和歌山県,紀の川市,0.15099404197612024,0.15099404197612024,0.0,0.2143303159153639,0.2143303159153639,0.0,1,0.9999999999999999,0.27985441517888043,1,0.2945191032773591,1,-0.10088781234198752,1,複合型
30207,和歌山県,新宮市,1.99826444125942,1.99826444125942,0.0,0.9386671738721986,0.9386671738721986,0.0,1,0.9999999999999999,2.0,1,1.9942148041980667,1,2.0,1,複合型
30206,和歌山県,田辺市,1.2660799380253676,1.2660799380253676,0.0,0.7116875354379794,0.7116875354379794,0.0,1,0.9999999999999999,1.644371433658204,1,0.9789112435257243,1,1.1339330376779397,1,手術型
30205,和歌山県,御坊市,2.0,2.0,0.0,2.531816603596833,2.531816603596833,0.0,1,0.9999999999999999,2.0,1,2.0,1,2.0,1,複合型
30204,和歌山県,有田市,-0.1801074301305811,-0.1801074301305811,0.0,-0.024197963794397565,-0.024197963794397565,0.0,1,0.9999999999999999,-0.2631167539566699,1,0.17611196618918856,1,-0.40242901743572346,1,救急型
30203,和歌山県,橋本市,0.5670671560177787,0.5670671560177787,0.0,0.2796536030841514,0.2796536030841514,0.0,1,0.9999999999999999,0.7167983678410434,1,0.4148864158824985,1,0.5477765785961826,1,複合型
30202,和歌山県,海南市,0.0832509521264895,0.0832509521264895,0.0,0.048957209912171874,0.048957209912171874,0.0,0.9333333333333333,0.9299999999999999,0.0,1,-0.0759026137561365,1,0.302919246438087,0.8,入院型
30201,和歌山県,和歌山市,0.5134872654578658,0.5134872654578658,0.0,0.558662271735438,0.558662271735438,0.0,0.9797979797979798,0.9787878787878788,0.6118213847212761,1,0.3437889170012889,1,0.5606088734429502,0.9393939393939394,複合型
29453,奈良県,東吉野村,,,,0.36363636363636365,0.36363636363636365,0.0,,0.0,,,,,,,データ不足
29452,奈良県,川上村,,,,0.05091970259523094,0.05091970259523094,0.0,,0.0,,,,,,,データ不足
29451,奈良県,上北山村,,,,0.36363636363636365,0.36363636363636365,0.0,,0.0,,,,,,,データ不足
29450,奈良県,下北山村,,,,0.1557466005504825,0.1557466005504825,0.0,,0.0,,,,,,,データ不足
29449,奈良県,十津川村,,,,0.26887134677316704,0.26887134677316704,0.0,,0.0,,,,,,,データ不足
29447,奈良県,野迫川村,,,,0.36363636363636365,0.36363636363636365,0.0,,0.0,,,,,,,データ不足
29446,奈良県,天川村,,,,0.04947091351806477,0.04947091351806477,0.0,,0.0,,,,,,,データ不足
29444,奈良県,黒滝村,,,,0.23737678467886283,0.23737678467886283,0.0,,0.0,,,,,,,データ不足
29443,奈良県,下市町,,,,-0.054323296159614995,-0.054323296159614995,0.0,,0.0,,,,,,,データ不足
29442,奈良県,大淀町,2.0,2.0,0.0,1.5916374957353545,1.5916374957353545,0.0,1,0.9999999999999999,2.0,1,2.0,1,2.0,1,複合型
29441,奈良県,吉野町,,,,0.4297515450733647,0.4297515450733647,0.0,1,0.0,,0,,0,,0,データ不足
29427,奈良県,河合町,,,,-0.3222134840081013,-0.3222134840081013,0.0,,0.0,,,,,,,データ不足
29426,奈良県,広陵町,,,,-0.4651806095884062,-0.4651806095884062,0.0,,0.0,,,,,,,データ不足
29425,奈良県,王寺町,0.7462220219042945,0.7462220219042945,0.0,0.3471068839144424,0.3471068839144424,0.0,1,0.9999999999999999,0.01268563778797649,1,2.0,1,0.40509156765286525,1,救急型
29424,奈良県,上牧町,0.586683028428693,0.586683028428693,0.0,0.6898778084334238,0.6898778084334238,0.0,1,0.9999999999999999,0.5096948416913902,1,0.7422186800350434,1,0.5303549423605527,1,複合型
29402,奈良県,明日香村,,,,0.03540842467432081,0.03540842467432081,0.0,,0.0,,,,,,,データ不足
29401,奈良県,高取町,,,,0.9505148312896052,0.9505148312896052,0.0,,0.0,,,,,,,データ不足
29386,奈良県,御杖村,,,,0.010823359971579178,0.010823359971579178,0.0,,0.0,,,,,,,データ不足
29385,奈良県,曽爾村,,,,0.035788853898377215,0.035788853898377215,0.0,,0.0,,,,,,,データ不足
29363,奈良県,田原本町,0.4645209705047228,0.4645209705047228,0.0,0.37104016758907865,0.37104016758907865,0.0,1,0.9999999999999999,0.18072578254286653,1,0.3551404085034975,1,0.8420709258962009,1,入院型
29362,奈良県,三宅町,,,,-0.2769233122888551,-0.2769233122888551,0.0,,0.0,,,,,,,データ不足
29361,奈良県,川西町,,,,0.18255285546759917,0.18255285546759917,0.0,,0.0,,,,,,,データ不足
29345,奈良県,安堵町,,,,-0.43493270268707335,-0.43493270268707335,0.0,,0.0,,,,,,,データ不足
29344,奈良県,斑鳩町,,,,-0.22948701334847826,-0.22948701334847826,0.0,,0.0,,,,,,,データ不足
29343,奈良県,三郷町,2.0,2.0,0.0,1.7915730957242435,1.7915730957242435,0.0,1,0.9999999999999999,2.0,1,2.0,1,2.0,1,複合型
29342,奈良県,平群町,,,,-0.4611949658977192,-0.4611949658977192,0.0,,0.0,,,,,,,データ不足
29322,奈良県,山添村,,,,0.2679441690978907,0.2679441690978907,0.0,,0.0,,,,,,,データ不足
29212,奈良県,宇陀市,0.2338428033042155,0.2338428033042155,0.0,-0.01938347876811975,-0.01938347876811975,0.0,1,0.9999999999999999,0.556391323551177,1,0.059271377071394404,1,0.060926934113957776,1,手術型
29211,奈良県,葛城市,0.2152022464684534,0.2152022464684534,0.0,-0.054893968099045995,-0.054893968099045995,0.0,1,0.9999999999999999,0.8427224674273384,1,-0.25348816590856527,1,-0.010583335310129782,1,手術型
29210,奈良県,香芝市,0.1251456955851901,0.1251456955851901,0.0,0.017571685587028874,0.017571685587028874,0.0,1,0.9999999999999999,-0.060099617263036365,1,0.2637662844624651,1,0.19157336082432375,1,複合型
29209,奈良県,生駒市,0.782159237628352,0.782159237628352,0.0,0.4332091171801782,0.4332091171801782,0.0,1,0.9999999999999999,0.8839771195590995,1,0.3964159207838138,1,1.0109784844214946,1,複合型
29208,奈良県,御所市,0.07767259955022791,0.07767259955022791,0.0,0.35957580388174715,0.35957580388174715,0.0,1,0.9999999999999999,0.5475127551020407,1,-0.14772640398758474,1,-0.19896841011203115,1,手術型
29207,奈良県,五條市,-0.9529670941680707,-0.9529670941680707,0.0,-0.6094013294068178,-0.6094013294068178,0.0,1,0.9999999999999999,-0.9838050425426618,1,-1.0,1,-0.8818152265089688,1,活動量低め
29206,奈良県,桜井市,0.36673500652245994,0.36673500652245994,0.0,0.24314350515207572,0.24314350515207572,0.0,0.8888888888888888,0.8833333333333332,0.3484502178812292,1,0.22284448163287895,1,0.5083545307833315,0.6666666666666666,複合型
29205,奈良県,橿原市,1.6946515647935958,1.6946515647935958,0.0,1.0376619150197284,1.0376619150197284,0.0,0.9523809523809523,0.95,2.0,1,0.9821718826453201,1,2.0,0.8571428571428571,複合型
29204,奈良県,天理市,2.0,2.0,0.0,1.5568123422162539,1.5568123422162539,0.0,0.9333333333333333,0.9299999999999999,2.0,1,2.0,1,2.0,0.8,複合型
29203,奈良県,大和郡山市,-0.13794734642028605,-0.13794734642028605,0.0,0.09458998834777194,0.09458998834777194,0.0,0.9444444444444444,0.9416666666666667,-0.16798066065372041,1,0.08873543471030154,1,-0.3022135588702125,0.8333333333333334,複合型
29202,奈良県,大和高田市,1.255906822291795,1.255906822291795,0.0,0.4198221841366718,0.4198221841366718,0.0,1,0.9999999999999999,1.216951453269211,1,1.1502206177592558,1,1.3854503666279845,1,複合型
29201,奈良県,奈良市,-0.05016408868610081,-0.05016408868610081,0.0,0.03773668064890234,0.03773668064890234,0.0,0.9814814814814815,0.9805555555555554,-0.05125747633478428,1,0.07437054412857291,1,-0.1558146720214234,0.9444444444444444,複合型
28586,兵庫県,新温泉町,-0.2682284416809631,-0.2682284416809631,0.0,0.05493128687915945,0.05493128687915945,0.0,1,0.9999999999999999,-0.5734112995146943,1,-0.027840808124991345,1,-0.1690921268952078,1,複合型
28585,兵庫県,香美町,-0.2769551270220914,-0.2769551270220914,0.0,-0.20097903199123793,-0.20097903199123793,0.0,1,0.9999999999999999,-0.4452229883184471,1,-0.37365752603172864,1,-0.025799495146046736,1,入院型
28501,兵庫県,佐用町,1.450454417315052,1.450454417315052,0.0,1.2430490494875275,1.2430490494875275,0.0,0.7777777777777778,0.7666666666666666,1.861189887348301,1,0.5865723473286799,1,1.7801892929844079,0.3333333333333333,複合型
28481,兵庫県,上郡町,,,,-0.10721571349324663,-0.10721571349324663,0.0,,0.0,,,,,,,データ不足
28464,兵庫県,太子町,-0.5607460345294418,-0.5607460345294418,0.0,-0.27465914027910704,-0.27465914027910704,0.0,1,0.9999999999999999,-0.5367530627035884,1,-0.7420604926899268,1,-0.4293266136463083,1,活動量低め
28446,兵庫県,神河町,2.0,2.0,0.0,0.8966347787430008,0.8966347787430008,0.0,1,0.9999999999999999,2.0,1,2.0,1,2.0,1,複合型
28443,兵庫県,福崎町,,,,0.22442233876254228,0.22442233876254228,0.0,,0.0,,,,,,,データ不足
28442,兵庫県,市川町,,,,-0.48015698262136663,-0.48015698262136663,0.0,,0.0,,,,,,,データ不足
28382,兵庫県,播磨町,0.074221544345704,0.074221544345704,0.0,-0.05602114641465471,-0.05602114641465471,0.0,1,0.9999999999999999,0.0,1,0.3395634929445972,1,-0.07899286725050048,1,救急型
28381,兵庫県,稲美町,-0.27723320486085834,-0.27723320486085834,0.0,-0.1427922963860342,-0.1427922963860342,0.0,1,0.9999999999999999,-0.6187255932923303,1,-0.3927992569674199,1,0.1633157996619521,1,入院型
28365,兵庫県,多可町,-0.22324712464104068,-0.22324712464104068,0.0,-0.10987542387652587,-0.10987542387652587,0.0,1,0.9999999999999999,0.30133903912459514,1,-0.5810332093036219,1,-0.4411595015530355,1,手術型
28301,兵庫県,猪名川町,-0.9530114890503794,-0.9530114890503794,0.0,-0.5539691882970954,-0.5539691882970954,0.0,1,0.9999999999999999,-0.8670365264026857,1,-0.9984956826981314,1,-1.0,1,活動量低め
28229,兵庫県,たつの市,-0.6255948645715823,-0.6255948645715823,0.0,0.051299191517562126,0.051299191517562126,0.0,1,0.9999999999999999,-0.7574827828295093,1,-0.4222348010595849,1,-0.6680155721810818,1,活動量低め
28228,兵庫県,加東市,0.01873540563185662,0.01873540563185662,0.0,0.3453743514346672,0.3453743514346672,0.0,1,0.9999999999999999,-0.24840836752354745,1,-0.1261128479635324,1,0.4100348247261656,1,入院型
28227,兵庫県,宍粟市,0.43676877128706093,0.43676877128706093,0.0,-0.034785054685952055,-0.034785054685952055,0.0,1,0.9999999999999999,0.5823106231298063,1,0.197561669892375,1,0.4962615777826178,1,複合型
28226,兵庫県,淡路市,-0.6169171010629002,-0.6169171010629002,0.0,-0.03980346422490355,-0.03980346422490355,0.0,1,0.9999999999999999,-0.7345724924339699,1,-0.17758914689803895,1,-0.8758285275474259,1,救急型
28225,兵庫県,朝来市,-0.40455719739594753,-0.40455719739594753,0.0,-0.19132827913795014,-0.19132827913795014,0.0,1,0.9999999999999999,-0.5909588154503951,1,-0.5083346103449704,1,-0.12920351109948047,1,入院型
28224,兵庫県,南あわじ市,-0.7770278935906456,-0.7770278935906456,0.0,0.018616679620100853,0.018616679620100853,0.0,1,0.9999999999999999,-0.801113314216857,1,-0.7145112050945506,1,-0.8065282059610871,1,活動量低め
28223,兵庫県,丹波市,0.25226994124383906,0.25226994124383906,0.0,0.11002860357536197,0.11002860357536197,0.0,1,0.9999999999999999,0.31485562729429684,1,0.17231867077288676,1,0.25821391559705464,1,複合型
28222,兵庫県,養父市,1.6037705118014522,1.6037705118014522,0.0,0.9914812785087925,0.9914812785087925,0.0,1,0.9999999999999999,2.0,1,0.930902274280381,1,1.7842852271923944,1,複合型
28221,兵庫県,丹波篠山市,-0.08910802024983931,-0.08910802024983931,0.0,0.08237618377298432,0.08237618377298432,0.0,1,0.9999999999999999,-0.013471413572137103,1,-0.03348112051978491,1,-0.21242482669615959,1,複合型
28220,兵庫県,加西市,-0.45549827996336906,-0.45549827996336906,0.0,-0.2557395514634446,-0.2557395514634446,0.0,0.8888888888888888,0.8833333333333332,-0.4446785705229853,1,-0.34259952323472487,1,-0.5630883523140193,0.6666666666666666,活動量低め
28219,兵庫県,三田市,0.09442513809721408,0.09442513809721408,0.0,0.372178037782099,0.372178037782099,0.0,0.9166666666666666,0.91875,0.22665807347020261,0.875,-0.25490837889744666,0.875,0.2616209315767919,1,複合型
28218,兵庫県,小野市,1.9715960731970852,1.9715960731970852,0.0,1.4311091951149582,1.4311091951149582,0.0,0.9333333333333333,0.9299999999999999,2.0,1,1.905320243990284,1,2.0,0.8,複合型
28217,兵庫県,川西市,0.1204059122925133,0.1204059122925133,0.0,0.11642546965150517,0.11642546965150517,0.0,0.9583333333333334,0.9562499999999998,-0.101281518289981,1,0.5195148123133555,1,0.0,0.875,救急型
28216,兵庫県,高砂市,-0.3809323422735451,-0.3809323422735451,0.0,-0.30963137562263454,-0.30963137562263454,0.0,1,0.9999999999999999,-0.4710810247645517,1,-0.08687160685651307,1,-0.5428357187114232,1,救急型
28215,兵庫県,三木市,-0.5297077898144292,-0.5297077898144292,0.0,0.023533440574210737,0.023533440574210737,0.0,1,0.9999999999999999,-0.23274544913962225,1,-0.5747974573758868,1,-0.7880218440079869,1,手術型
28214,兵庫県,宝塚市,-0.17280838979986887,-0.17280838979986887,0.0,-0.1539889541922479,-0.1539889541922479,0.0,1,0.9999999999999999,-0.25143189765435825,1,-0.07828967490815997,1,-0.17520092328113002,1,複合型
28213,兵庫県,西脇市,2.0,2.0,0.0,0.9599819318238012,0.9599819318238012,0.0,1,0.9999999999999999,2.0,1,2.0,1,2.0,1,複合型
28212,兵庫県,赤穂市,0.942693893502822,0.942693893502822,0.0,0.5221157016482342,0.5221157016482342,0.0,1,0.9999999999999999,1.1252517213631061,1,0.5465064634279064,1,1.099725291421037,1,複合型
28210,兵庫県,加古川市,0.18406642500165846,0.18406642500165846,0.0,0.03311697442954778,0.03311697442954778,0.0,1,0.9999999999999999,0.11033231820126521,1,0.20911484435939287,1,0.23633045806685082,1,複合型
28209,兵庫県,豊岡市,0.7287521019667377,0.7287521019667377,0.0,0.13851824263318357,0.13851824263318357,0.0,1,0.9999999999999999,0.7254844330668693,1,0.7746135377726944,1,0.6927099687472147,1,複合型
28208,兵庫県,相生市,0.7357611066247445,0.7357611066247445,0.0,0.766498535690267,0.766498535690267,0.0,1,0.9999999999999999,1.2031000199076365,1,-0.5746134490640024,1,1.3916003839322069,1,複合型
28207,兵庫県,伊丹市,-0.37138267850681544,-0.37138267850681544,0.0,-0.1296812815256226,-0.1296812815256226,0.0,1,0.9999999999999999,-0.38216675728717286,1,-0.36919134360014005,1,-0.36247688678932266,1,活動量低め
28206,兵庫県,芦屋市,-0.3541422389175043,-0.3541422389175043,0.0,-0.016593824239160004,-0.016593824239160004,0.0,1,0.9999999999999999,-0.4912050222063552,1,-0.3514162976755012,1,-0.21941597669322754,1,複合型
28205,兵庫県,洲本市,2.0,2.0,0.0,0.9983603642961052,0.9983603642961052,0.0,1,0.9999999999999999,2.0,1,2.0,1,2.0,1,複合型
28204,兵庫県,西宮市,0.09849286759877968,0.09849286759877968,0.0,0.1685131874201449,0.1685131874201449,0.0,0.9545454545454546,0.9522727272727272,0.1876433331288232,0.9545454545454546,-0.0866600635782474,1,0.16804491450618797,0.9090909090909091,複合型
28203,兵庫県,明石市,0.12089334236604524,0.12089334236604524,0.0,0.19351456121542132,0.19351456121542132,0.0,0.9666666666666667,0.9674999999999999,0.19030184622058077,0.95,0.011518279007197041,0.95,0.14523489281909385,1,複合型
28202,兵庫県,尼崎市,0.0779707185970655,0.0779707185970655,0.0,0.14331938540735822,0.14331938540735822,0.0,0.9444444444444444,0.9437499999999999,0.034426409689327864,0.9166666666666666,0.23343748253611918,0.9583333333333334,-0.011742198728671438,0.9583333333333334,複合型
28201,兵庫県,姫路市,0.24113221450842454,0.24113221450842454,0.0,0.1992041948975598,0.1992041948975598,0.0,0.9666666666666667,0.9666666666666666,0.32353789636183206,0.9666666666666667,0.13828847640329722,0.9666666666666667,0.2468783081736976,0.9666666666666667,複合型
28111,兵庫県,神戸市西区,-0.37206187195249957,-0.37206187195249957,0.0,-0.10196675206201064,-0.10196675206201064,0.0,0.8717948717948718,0.8730769230769231,-0.2541808826389844,0.8461538461538461,-0.5516500542272704,0.8461538461538461,-0.33601013360192544,0.9230769230769231,活動量低め
28110,兵庫県,神戸市中央区,2.0,2.0,0.0,2.116161128088287,2.116161128088287,0.0,0.9583333333333334,0.9562499999999998,2.0,1,2.0,1,2.0,0.875,複合型
28109,兵庫県,神戸市北区,-0.24801505325938628,-0.24801505325938628,0.0,0.1481460068263479,0.1481460068263479,0.0,0.9411764705882353,0.9411764705882353,-0.2758936728594449,0.9411764705882353,-0.14584194599460942,0.9411764705882353,-0.3077133827434222,0.9411764705882353,複合型
28108,兵庫県,神戸市垂水区,-0.4423667078193436,-0.4423667078193436,0.0,-0.27779068674889973,-0.27779068674889973,0.0,1,0.9999999999999999,-0.6076508090100654,1,-0.23636695290730447,1,-0.45365382512465546,1,複合型
28107,兵庫県,神戸市須磨区,-0.24564972667764184,-0.24564972667764184,0.0,-0.13070581850593171,-0.13070581850593171,0.0,1,0.9999999999999999,-0.242365585820021,1,-0.23690601713740345,1,-0.25642847571260996,1,複合型
28106,兵庫県,神戸市長田区,0.3791548907702782,0.3791548907702782,0.0,0.4598454882292067,0.4598454882292067,0.0,0.9629629629629629,0.961111111111111,0.47100891383001,1,0.20499696406677348,1,0.4365790905992648,0.8888888888888888,複合型
28105,兵庫県,神戸市兵庫区,0.7885938315060634,0.7885938315060634,0.0,0.646656853584956,0.646656853584956,0.0,0.8148148148148148,0.811111111111111,0.6859382867137538,0.8888888888888888,1.1509677250227641,0.8888888888888888,0.5806431818554869,0.6666666666666666,救急型
28102,兵庫県,神戸市灘区,-0.4707915729803064,-0.4707915729803064,0.0,0.0025477074971473907,0.0025477074971473907,0.0,1,0.9999999999999999,-0.23682478902344073,1,-0.5494689195653477,1,-0.6373206312928511,1,手術型
28101,兵庫県,神戸市東灘区,-0.320867826528977,-0.320867826528977,0.0,-0.09624432077892897,-0.09624432077892897,0.0,1,0.9999999999999999,-0.33926165386453966,1,-0.3606350886366726,1,-0.2683877745296753,1,活動量低め
27383,大阪府,千早赤阪村,,,,-0.18298070317149845,-0.18298070317149845,0.0,,0.0,,,,,,,データ不足
27382,大阪府,河南町,,,,-0.3013348445248706,-0.3013348445248706,0.0,,0.0,,,,,,,データ不足
27381,大阪府,太子町,,,,-0.3297280589287138,-0.3297280589287138,0.0,,0.0,,,,,,,データ不足
27366,大阪府,岬町,-0.63396797782078,-0.63396797782078,0.0,0.08611625623007885,0.08611625623007885,0.0,1,0.9999999999999999,-0.04383745162250674,1,-0.9648658454897291,1,-0.9404717603028112,1,手術型
27362,大阪府,田尻町,,,,0.06637350043449805,0.06637350043449805,0.0,,0.0,,,,,,,データ不足
27361,大阪府,熊取町,0.3497841697589009,0.3497841697589009,0.0,0.19392309174764805,0.19392309174764805,0.0,0.6666666666666666,0.6749999999999999,-0.05829839804611536,0.5,1.0897753829631176,0.5,0.1235885548174458,1,救急型
27341,大阪府,忠岡町,-0.97971049391911,-0.97971049391911,0.0,-0.23381376469749013,-0.23381376469749013,0.0,0.6666666666666666,0.6499999999999999,-0.9623194887069183,1,-1.0,1,,0,活動量低め
27322,大阪府,能勢町,,,,-0.09016208888324373,-0.09016208888324373,0.0,,0.0,,,,,,,データ不足
27321,大阪府,豊能町,,,,-0.3864200886502869,-0.3864200886502869,0.0,,0.0,,,,,,,データ不足
27301,大阪府,島本町,-0.504231069618583,-0.504231069618583,0.0,-0.19191523331963686,-0.19191523331963686,0.0,1,0.9999999999999999,-0.2607171000788021,1,-1.0,1,-0.322800241688578,1,活動量低め
27232,大阪府,阪南市,0.1655634331304523,0.1655634331304523,0.0,0.037915864563957354,0.037915864563957354,0.0,1,0.9999999999999999,0.30577661842065074,1,0.06945802087109909,1,0.1077263154911281,1,複合型
27231,大阪府,大阪狭山市,2.0,2.0,0.0,1.862165546143059,1.862165546143059,0.0,1,0.9999999999999999,2.0,1,2.0,1,2.0,1,複合型
27230,大阪府,交野市,-0.12431247053748558,-0.12431247053748558,0.0,-0.2653490956439364,-0.2653490956439364,0.0,0.8333333333333334,0.825,-0.038972572523677695,1,-0.17610592834123995,1,-0.16525797614807547,0.5,複合型
27229,大阪府,四條畷市,1.3439592754744292,1.3439592754744292,0.0,0.5133437676272391,0.5133437676272391,0.0,1,0.9999999999999999,0.9608969720641902,1,1.5785018569041256,1,1.525985080516357,1,複合型
27228,大阪府,泉南市,-0.5856898013769346,-0.5856898013769346,0.0,0.1808374320359925,0.1808374320359925,0.0,1,0.9999999999999999,-0.5055596822332645,1,-0.6831789204302625,1,-0.5822578184748952,1,活動量低め
27227,大阪府,東大阪市,-0.23048974400569516,-0.23048974400569516,0.0,-0.16586072194828297,-0.16586072194828297,0.0,0.9814814814814815,0.9805555555555554,-0.2630056899799431,1,-0.11815415214865332,1,-0.29426144819462596,0.9444444444444444,複合型
27226,大阪府,藤井寺市,-0.44631335752186224,-0.44631335752186224,0.0,-0.020236078446140216,-0.020236078446140216,0.0,1,0.9999999999999999,-0.5209173404083709,1,-0.28382448799958704,1,-0.5109855485115896,1,活動量低め
27225,大阪府,高石市,-0.42910246086583914,-0.42910246086583914,0.0,0.17095576270426024,0.17095576270426024,0.0,0.8333333333333334,0.8374999999999999,-0.4731131997538909,0.75,-0.49612507321006916,0.75,-0.3276437685398761,1,活動量低め
27224,大阪府,摂津市,-0.9183101932636488,-0.9183101932636488,0.0,-0.4395356456444404,-0.4395356456444404,0.0,0.8333333333333334,0.825,-0.966803297992731,1,-0.9340763433307739,1,-0.8563032456198879,0.5,活動量低め
27223,大阪府,門真市,-0.0822712344166918,-0.0822712344166918,0.0,-0.05462820866836962,-0.05462820866836962,0.0,1,0.9999999999999999,-0.37977714975099786,1,0.25048446689733517,1,-0.06998449163726606,1,救急型
27222,大阪府,羽曳野市,1.1593407269963756,1.1593407269963756,0.0,0.6352773560417165,0.6352773560417165,0.0,1,0.9999999999999999,1.1847400841104005,1,1.030502684296394,1,1.2443739779109064,1,複合型
27221,大阪府,柏原市,-0.21136741701072792,-0.21136741701072792,0.0,-0.28093963633289604,-0.28093963633289604,0.0,0.6666666666666666,0.6749999999999999,-0.17491055782175802,0.5,-0.3404747326042631,0.5,-0.13716086283381057,1,複合型
27220,大阪府,箕面市,-0.33266174230799517,-0.33266174230799517,0.0,0.022892105225070892,0.022892105225070892,0.0,0.8888888888888888,0.8888888888888888,-0.3085872961226118,0.8888888888888888,-0.3473279314711313,0.8888888888888888,-0.3441651692106905,0.8888888888888888,活動量低め
27219,大阪府,和泉市,0.1688801005003585,0.1688801005003585,0.0,0.23489227870216706,0.23489227870216706,0.0,0.9259259259259259,0.922222222222222,0.5638033421986905,1,-0.4147017604907274,1,0.2741698825086716,0.7777777777777778,複合型
27218,大阪府,大東市,-0.14249871946163062,-0.14249871946163062,0.0,-0.05791287339986593,-0.05791287339986593,0.0,1,0.9999999999999999,-0.3093756902677747,1,0.10199064379886402,1,-0.1851840600216248,1,複合型
27217,大阪府,松原市,0.1685835981655804,0.1685835981655804,0.0,0.046454087858601854,0.046454087858601854,0.0,1,0.9999999999999999,0.0005865745088904362,1,0.6492950917358649,1,-0.07545780123797341,1,救急型
27216,大阪府,河内長野市,-0.009296422921208894,-0.009296422921208894,0.0,0.055540940035195,0.055540940035195,0.0,1,0.9999999999999999,0.039856807533660055,1,-0.2037283015391882,1,0.10820624258219014,1,複合型
27215,大阪府,寝屋川市,-0.1082051097571451,-0.1082051097571451,0.0,-0.03656509381476771,-0.03656509381476771,0.0,0.8571428571428572,0.8535714285714286,-0.25317513767601907,0.9285714285714286,0.27579649913207116,0.9285714285714286,-0.29237931802902795,0.7142857142857143,救急型
27214,大阪府,富田林市,0.4479876092707066,0.4479876092707066,0.0,0.3244827388279602,0.3244827388279602,0.0,0.9444444444444444,0.9416666666666667,0.525520712579508,1,0.1849825266761631,1,0.5958874339000853,0.8333333333333334,複合型
27213,大阪府,泉佐野市,1.2630584411985413,1.2630584411985413,0.0,0.8404592329011266,0.8404592329011266,0.0,0.9629629629629629,0.961111111111111,1.4964387097109366,1,1.4420756976269975,1,0.8762348100331834,0.8888888888888888,複合型
27212,大阪府,八尾市,0.15227576213754646,0.15227576213754646,0.0,0.013351191786631564,0.013351191786631564,0.0,0.9629629629629629,0.961111111111111,0.011855525928003985,1,0.4967139014499695,1,-0.002536692492130843,0.8888888888888888,救急型
27211,大阪府,茨木市,-0.5976453828905856,-0.5976453828905856,0.0,-0.15514712507359768,-0.15514712507359768,0.0,1,0.9999999999999999,-0.696611040745962,1,-0.424097527661501,1,-0.6474350295172817,1,活動量低め
27210,大阪府,枚方市,0.2716652940505886,0.2716652940505886,0.0,0.16439506481437366,0.16439506481437366,0.0,0.9242424242424243,0.9227272727272727,0.4044095376936616,0.9545454545454546,0.07381087644384232,0.9545454545454546,0.3085105512132982,0.8636363636363636,複合型
27209,大阪府,守口市,1.4580588251096236,1.4580588251096236,0.0,0.6550286245480932,0.6550286245480932,0.0,1,0.9999999999999999,1.6576789108712084,1,1.1720375413006665,1,1.5035998397557169,1,複合型
27208,大阪府,貝塚市,0.43666105352327733,0.43666105352327733,0.0,0.5035212918031443,0.5035212918031443,0.0,0.9166666666666666,0.9124999999999999,0.6877501415396394,1,0.09704181124059863,1,0.4766741731777828,0.75,複合型
27207,大阪府,高槻市,0.6125257966259817,0.6125257966259817,0.0,0.27431226649839197,0.27431226649839197,0.0,0.9166666666666666,0.91875,0.5455428732395702,0.875,0.6615434352997074,0.875,0.6374936011491998,1,複合型
27206,大阪府,泉大津市,0.8938247987607965,0.8938247987607965,0.0,0.6433919378318302,0.6433919378318302,0.0,0.9444444444444444,0.9416666666666667,0.4095930625715156,1,0.3457302025969029,1,1.8478519030905578,0.8333333333333334,入院型
27205,大阪府,吹田市,0.8402027558413221,0.8402027558413221,0.0,0.45984599665793363,0.45984599665793363,0.0,0.9523809523809523,0.95,0.8772331455311926,1,0.39929472960393975,1,1.1810935314977797,0.8571428571428571,入院型
27204,大阪府,池田市,0.33435711892820136,0.33435711892820136,0.0,0.04915716745590544,0.04915716745590544,0.0,1,0.9999999999999999,0.451159377751035,1,0.052473343523885996,1,0.45916952473763817,1,複合型
27203,大阪府,豊中市,-0.22629997459194862,-0.22629997459194862,0.0,-0.08753609228256151,-0.08753609228256151,0.0,0.9019607843137255,0.9029411764705881,-0.402142293011726,0.8823529411764706,0.013799097216909084,0.8823529411764706,-0.2562568605797636,0.9411764705882353,複合型
27202,大阪府,岸和田市,0.5908985277519038,0.5908985277519038,0.0,0.5252027938112904,0.5252027938112904,0.0,0.9333333333333333,0.9333333333333333,0.4771385631500844,0.9333333333333333,0.8761351083455966,0.9333333333333333,0.4601699947019866,0.9333333333333333,救急型
27147,大阪府,堺市美原区,-0.6303108728738334,-0.6303108728738334,0.0,-0.2204011792843994,-0.2204011792843994,0.0,1,0.9999999999999999,-0.6791294001478387,1,-0.4727192163891816,1,-0.7165709083009584,1,活動量低め
27146,大阪府,堺市北区,0.8472321389683287,0.8472321389683287,0.0,0.6342125831256122,0.6342125831256122,0.0,0.9333333333333333,0.9299999999999999,1.4372763731955822,1,-0.15246716220537726,1,1.1140730200328233,0.8,手術型
27145,大阪府,堺市南区,-0.8749940902075507,-0.8749940902075507,0.0,-0.41574195019418725,-0.41574195019418725,0.0,1,0.9999999999999999,-0.9188320309944962,1,-0.7397862010915843,1,-0.9470486258057194,1,活動量低め
27144,大阪府,堺市西区,1.2135870103151087,1.2135870103151087,0.0,0.5228260580146555,0.5228260580146555,0.0,1,0.9999999999999999,0.8302289915007666,1,1.695129569138079,1,1.1841942644240477,1,救急型
27143,大阪府,堺市東区,-0.916414196683752,-0.916414196683752,0.0,-0.5120507449422687,-0.5120507449422687,0.0,1,0.9999999999999999,-0.876168452239639,1,-0.9639381093507068,1,-0.9159251588419037,1,活動量低め
27142,大阪府,堺市中区,1.1926305052026156,1.1926305052026156,0.0,0.8917203640847758,0.8917203640847758,0.0,0.9047619047619048,0.9071428571428571,1.0969934080049466,0.8571428571428571,1.587979016593636,0.8571428571428571,0.94939744977941,1,救急型
27141,大阪府,堺市堺区,0.5964496562633499,0.5964496562633499,0.0,0.5992633733912066,0.5992633733912066,0.0,0.9,0.8999999999999999,0.25915571706136586,0.9,1.3168242383560296,0.9,0.31627966795732276,0.9,救急型
27128,大阪府,大阪市中央区,1.7380187244800889,1.7380187244800889,0.0,1.387305025475564,1.387305025475564,0.0,0.9583333333333334,0.9562499999999998,2.0,1,1.1267290816002968,1,2.0,0.875,複合型
27127,大阪府,大阪市北区,2.0,2.0,0.0,1.8228499746843516,1.8228499746843516,0.0,0.9696969696969697,0.968181818181818,2.0,1,2.0,1,2.0,0.9090909090909091,複合型
27126,大阪府,大阪市平野区,-0.6976048328004771,-0.6976048328004771,0.0,-0.15043534177148282,-0.15043534177148282,0.0,0.8333333333333334,0.8300000000000001,-0.806655438972868,0.8,-0.4550413150498539,0.9,-0.7964658132714777,0.8,活動量低め
27125,大阪府,大阪市住之江区,-0.00378337438534105,-0.00378337438534105,0.0,-0.008207950709425331,-0.008207950709425331,0.0,1,0.9999999999999999,-0.11085842266940604,1,0.3005954131383486,1,-0.15760442969301003,1,救急型
27124,大阪府,大阪市鶴見区,-0.6569777178640521,-0.6569777178640521,0.0,-0.15761673479210425,-0.15761673479210425,0.0,0.8888888888888888,0.8833333333333332,-0.8157621316907504,1,-0.32947530507920597,1,-0.7789096578529362,0.6666666666666666,活動量低め
27123,大阪府,大阪市淀川区,-0.3994940583194285,-0.3994940583194285,0.0,-0.17761797005152574,-0.17761797005152574,0.0,0.875,0.8687499999999999,-0.39787882868472824,1,-0.40006697094816424,1,-0.40061821998664104,0.625,活動量低め
27122,大阪府,大阪市西成区,-0.24988289891704316,-0.24988289891704316,0.0,0.2043553782978869,0.2043553782978869,0.0,0.9,0.8949999999999999,-0.5802353166087473,1,0.35082737654016927,1,-0.4344250030458069,0.7,救急型
27121,大阪府,大阪市東住吉区,-0.2595562097085042,-0.2595562097085042,0.0,0.08361715514446455,0.08361715514446455,0.0,0.9523809523809523,0.95,-0.46352483300722136,1,0.06223015807602961,1,-0.33140447308224463,0.8571428571428571,救急型
27120,大阪府,大阪市住吉区,0.909372828673401,0.909372828673401,0.0,0.6012956915497738,0.6012956915497738,0.0,0.9523809523809523,0.95,1.03362088773794,1,0.7702447863300366,1,0.9043773773317458,0.8571428571428571,複合型
27119,大阪府,大阪市阿倍野区,1.3952992354029745,1.3952992354029745,0.0,1.06802298547041,1.06802298547041,0.0,0.9333333333333333,0.9299999999999999,2.0,1,-0.015669215323417696,1,2.0,0.8,複合型
27118,大阪府,大阪市城東区,0.34773059934486317,0.34773059934486317,0.0,0.32032248843801214,0.32032248843801214,0.0,1,0.9999999999999999,0.49130126338246094,1,0.33054225082285216,1,0.21889280546898915,1,複合型
27117,大阪府,大阪市旭区,-0.3645605095723917,-0.3645605095723917,0.0,-0.013963246458904698,-0.013963246458904698,0.0,0.8,0.8,-0.8617193784252437,0.8,-0.13521808892010245,0.8,-0.06398085842150203,0.8,複合型
27116,大阪府,大阪市生野区,-0.39435385224554276,-0.39435385224554276,0.0,0.34609940228238706,0.34609940228238706,0.0,0.8666666666666667,0.8599999999999999,-0.5037780934741709,1,-0.2510762779483521,1,-0.40773896041450675,0.6,活動量低め
27115,大阪府,大阪市東成区,-0.21130086121785657,-0.21130086121785657,0.0,0.3922290284283702,0.3922290284283702,0.0,1,0.9999999999999999,-0.2402179439853105,1,-0.11788563407116837,1,-0.262453973147564,1,複合型
27114,大阪府,大阪市東淀川区,-0.05210902712954159,-0.05210902712954159,0.0,-0.1653720156653841,-0.1653720156653841,0.0,0.9166666666666666,0.9124999999999999,-0.14072394165306712,1,0.05169884114074863,1,-0.052472285409121966,0.75,複合型
27113,大阪府,大阪市西淀川区,0.85198997689624,0.85198997689624,0.0,0.5200836300919698,0.5200836300919698,0.0,0.9333333333333333,0.9299999999999999,0.5561000327557486,1,0.974728450584879,1,1.0426755150178981,0.8,複合型
27111,大阪府,大阪市浪速区,0.840373504882347,0.840373504882347,0.0,0.8193437354605327,0.8193437354605327,0.0,1,0.9999999999999999,0.44936521831168585,1,1.4793242157344144,1,0.6837097535798073,1,救急型
27109,大阪府,大阪市天王寺区,2.0,2.0,0.0,1.7785612232779764,1.7785612232779764,0.0,0.9047619047619048,0.9071428571428571,2.0,0.8571428571428571,2.0,0.8571428571428571,2.0,1,複合型
27108,大阪府,大阪市大正区,0.4445857861019607,0.4445857861019607,0.0,0.3879103133998028,0.3879103133998028,0.0,0.7777777777777778,0.7833333333333332,0.45959931326053494,0.6666666666666666,0.5634239910761101,0.6666666666666666,0.32771094039411564,1,複合型
27107,大阪府,大阪市港区,-0.19288247629922733,-0.19288247629922733,0.0,-0.16337108253464,-0.16337108253464,0.0,1,0.9999999999999999,-0.06154787576057941,1,-0.5607992850235639,1,-0.008859812217015373,1,複合型
27106,大阪府,大阪市西区,1.4559952426767824,1.4559952426767824,0.0,0.8990168329168404,0.8990168329168404,0.0,1,0.9999999999999999,1.2011486741193154,1,1.7744976647107498,1,1.4378397352051349,1,救急型
27104,大阪府,大阪市此花区,0.33329760170752404,0.33329760170752404,0.0,0.20696933727683192,0.20696933727683192,0.0,1,0.9999999999999999,0.4943876589074263,1,0.0537010176582422,1,0.4118617594070062,1,複合型
27103,大阪府,大阪市福島区,1.8584374902062313,1.8584374902062313,0.0,1.3085463091600906,1.3085463091600906,0.0,0.9444444444444444,0.9416666666666667,2.0,1,1.5281249673541049,1,2.0,0.8333333333333334,複合型
27102,大阪府,大阪市都島区,1.4874501350888714,1.4874501350888714,0.0,1.0109670960443575,1.0109670960443575,0.0,1,0.9999999999999999,2.0,1,0.29150045029623795,1,2.0,1,複合型
26463,京都府,伊根町,,,,-0.019747695769570382,-0.019747695769570382,0.0,,0.0,,,,,,,データ不足
26367,京都府,南山城村,,,,-0.03947881271442277,-0.03947881271442277,0.0,,0.0,,,,,,,データ不足
26365,京都府,和束町,,,,0.04183069933199941,0.04183069933199941,0.0,,0.0,,,,,,,データ不足
26364,京都府,笠置町,,,,0.054104864821600256,0.054104864821600256,0.0,,0.0,,,,,,,データ不足
26344,京都府,宇治田原町,,,,-0.23107697414469258,-0.23107697414469258,0.0,,0.0,,,,,,,データ不足
26343,京都府,井手町,,,,-0.1651116786007162,-0.1651116786007162,0.0,,0.0,,,,,,,データ不足
26322,京都府,久御山町,2.0,2.0,0.0,1.4569842650319873,1.4569842650319873,0.0,0.5555555555555556,0.5333333333333333,2.0,0.6666666666666666,2.0,1,,0,複合型
26303,京都府,大山崎町,,,,-0.33041580757774974,-0.33041580757774974,0.0,,0.0,,,,,,,データ不足
25443,滋賀県,多賀町,,,,-0.3660605226934001,-0.3660605226934001,0.0,,0.0,,,,,,,データ不足
25442,滋賀県,甲良町,,,,-0.31545142961563855,-0.31545142961563855,0.0,,0.0,,,,,,,データ不足
25441,滋賀県,豊郷町,,,,0.6462824367286312,0.6462824367286312,0.0,1,0.0,,0,,0,,0,データ不足
25425,滋賀県,愛荘町,,,,-0.6200525384907721,-0.6200525384907721,0.0,,0.0,,,,,,,データ不足
25384,滋賀県,竜王町,,,,-0.2610603683593269,-0.2610603683593269,0.0,,0.0,,,,,,,データ不足
25383,滋賀県,日野町,2.0,2.0,0.0,0.8383342791945442,0.8383342791945442,0.0,1,0.9999999999999999,2.0,1,2.0,1,2.0,1,複合型
25214,滋賀県,米原市,,,,-0.49871689283060544,-0.49871689283060544,0.0,,0.0,,,,,,,データ不足
25213,滋賀県,東近江市,0.12152644579576828,0.12152644579576828,0.0,0.16633159044357965,0.16633159044357965,0.0,0.9523809523809523,0.95,0.3001787671457554,1,-0.2368219905755532,1,0.250029927049771,0.8571428571428571,複合型
25212,滋賀県,高島市,0.27022099426031093,0.27022099426031093,0.0,0.15553674509999377,0.15553674509999377,0.0,1,0.9999999999999999,0.007287909789623015,1,0.6409724585069325,1,0.21536710937675174,1,救急型
25211,滋賀県,湖南市,-0.7177023031827346,-0.7177023031827346,0.0,-0.47659793669879325,-0.47659793669879325,0.0,1,0.9999999999999999,-0.9990826844006149,1,-0.5354230403299778,1,-0.5925612901243604,1,活動量低め
25210,滋賀県,野洲市,-0.6330346167622547,-0.6330346167622547,0.0,-0.10272309308469074,-0.10272309308469074,0.0,0.7777777777777778,0.7833333333333332,-0.6063007129723221,0.6666666666666666,-0.7979969807045528,0.6666666666666666,-0.518372208601646,1,活動量低め
25209,滋賀県,甲賀市,0.3503232550456148,0.3503232550456148,0.0,0.24862214430605428,0.24862214430605428,0.0,0.9166666666666666,0.9124999999999999,0.4265441818706821,1,0.3625000419112987,1,0.26366508233567565,0.75,複合型
25208,滋賀県,栗東市,1.51568763840785,1.51568763840785,0.0,0.3548648764893963,0.3548648764893963,0.0,1,0.9999999999999999,1.180248062968679,1,1.406340872032755,1,1.9448530135971023,1,入院型
25207,滋賀県,守山市,0.8741470139610177,0.8741470139610177,0.0,0.3786004872933379,0.3786004872933379,0.0,1,0.9999999999999999,0.9822703630299072,1,0.16413534029075283,1,1.374605099466641,1,入院型
25206,滋賀県,草津市,-0.08336407205565571,-0.08336407205565571,0.0,0.029591047301484187,0.029591047301484187,0.0,1,0.9999999999999999,0.15444454504605765,1,-0.41273003204417713,1,-0.03885900916720786,1,複合型
25204,滋賀県,近江八幡市,1.0719895909401267,1.0719895909401267,0.0,0.39677968329189633,0.39677968329189633,0.0,1,0.9999999999999999,1.0443888970382798,1,0.9034661963285713,1,1.2440389087947357,1,複合型
25203,滋賀県,長浜市,1.1280517824489074,1.1280517824489074,0.0,0.4188546432717494,0.4188546432717494,0.0,1,0.9999999999999999,1.2813219602664399,1,0.6168838471568345,1,1.4129255491674377,1,複合型
25202,滋賀県,彦根市,0.1142105169186502,0.1142105169186502,0.0,-0.018345704207905024,-0.018345704207905024,0.0,1,0.9999999999999999,0.06981501477934215,1,0.06145049624894661,1,0.2038288939177042,1,複合型
25201,滋賀県,大津市,0.12183074556597748,0.12183074556597748,0.0,0.03337273781558907,0.03337273781558907,0.0,0.9487179487179487,0.9461538461538461,0.17803835206294405,1,0.024152837424483264,1,0.14934706033314882,0.8461538461538461,複合型
24562,三重県,紀宝町,,,,-0.22405529209699232,-0.22405529209699232,0.0,,0.0,,,,,,,データ不足
24561,三重県,御浜町,2.0,2.0,0.0,1.0802723460611772,1.0802723460611772,0.0,1,0.9999999999999999,2.0,1,2.0,1,2.0,1,複合型
24543,三重県,紀北町,-0.704706785083209,-0.704706785083209,0.0,0.04973661427089496,0.04973661427089496,0.0,1,0.9999999999999999,-0.9006041697818119,1,-0.640794195713835,1,-0.5635916198440698,1,活動量低め
24472,三重県,南伊勢町,-0.23541116602529857,-0.23541116602529857,0.0,-0.06246167650370109,-0.06246167650370109,0.0,1,0.6499999999999999,-0.7293754538852578,1,0.340880503144654,1,,0,救急型
24471,三重県,大紀町,,,,-0.3158285725790038,-0.3158285725790038,0.0,,0.0,,,,,,,データ不足
24470,三重県,度会町,,,,-0.37796365228989337,-0.37796365228989337,0.0,,0.0,,,,,,,データ不足
24461,三重県,玉城町,-0.6409804821683963,-0.6409804821683963,0.0,-0.01479838800808548,-0.01479838800808548,0.0,1,0.6499999999999999,-0.6800895947872123,1,-0.5953531841131108,1,,0,活動量低め
24443,三重県,大台町,1.2267602297625393,1.2267602297625393,0.0,0.5515518310183446,0.5515518310183446,0.0,1,0.6499999999999999,2.0,1,0.32464716448550157,1,,0,手術型
24442,三重県,明和町,1.2185078958524984,1.2185078958524984,0.0,0.6282533457909361,0.6282533457909361,0.0,1,0.9999999999999999,2.0,1,-0.6049736804916714,1,2.0,1,複合型
24441,三重県,多気町,,,,-0.5117140599820141,-0.5117140599820141,0.0,,0.0,,,,,,,データ不足
24344,三重県,川越町,,,,-0.6326335166172988,-0.6326335166172988,0.0,,0.0,,,,,,,データ不足
24343,三重県,朝日町,,,,-0.4215968850485229,-0.4215968850485229,0.0,,0.0,,,,,,,データ不足
24324,三重県,東員町,-1.0,-1.0,0.0,-0.42490460916721323,-0.42490460916721323,0.0,0.3333333333333333,0.35,,0,,0,-1.0,1,入院型（参考）
24303,三重県,木曽岬町,,,,0.05756483562432332,0.05756483562432332,0.0,,0.0,,,,,,,データ不足
24216,三重県,伊賀市,0.22566032608530578,0.22566032608530578,0.0,-0.02446384236571681,-0.02446384236571681,0.0,0.8333333333333334,0.8374999999999999,0.28113119129387165,0.75,0.2805599740245339,0.75,0.12313261978597301,1,複合型
24215,三重県,志摩市,-0.1409529739490492,-0.1409529739490492,0.0,-0.13126427625269171,-0.13126427625269171,0.0,0.8888888888888888,0.8833333333333332,-0.31166832445296666,1,0.40767483320058284,1,-0.4404900295733878,0.6666666666666666,救急型
24214,三重県,いなべ市,-0.8182915883631126,-0.8182915883631126,0.0,-0.4147292066704075,-0.4147292066704075,0.0,0.6666666666666666,0.6749999999999999,-0.8939485012416288,0.5,-0.9240116657739565,0.5,-0.6520174662753015,1,活動量低め
24212,三重県,熊野市,-1.0,-1.0,0.0,-0.10859241320656388,-0.10859241320656388,0.0,0.3333333333333333,0.35,,0,,0,-1.0,1,入院型（参考）
24211,三重県,鳥羽市,,,,-0.40525396024372945,-0.40525396024372945,0.0,,0.0,,,,,,,データ不足
24210,三重県,亀山市,-0.6191786174673024,-0.6191786174673024,0.0,-0.3620527603541349,-0.3620527603541349,0.0,0.8888888888888888,0.8833333333333332,-0.7139007984757804,1,-0.6119804451341135,1,-0.5306262984587007,0.6666666666666666,活動量低め
24209,三重県,尾鷲市,2.0,2.0,0.0,0.9485454932640612,0.9485454932640612,0.0,1,0.9999999999999999,2.0,1,2.0,1,2.0,1,複合型
24208,三重県,名張市,-0.33150884633575695,-0.33150884633575695,0.0,-0.3605259157562373,-0.3605259157562373,0.0,1,0.9999999999999999,-0.3793611091811606,1,-0.24374692539016218,1,-0.35888108715800604,1,複合型
24207,三重県,鈴鹿市,-0.0018813576883147283,-0.0018813576883147283,0.0,0.007715899854724527,0.007715899854724527,0.0,0.9259259259259259,0.9277777777777777,-0.05199025330898788,0.8888888888888888,0.0543841032327701,0.8888888888888888,0.0,1,複合型
24205,三重県,桑名市,0.1433229060271204,0.1433229060271204,0.0,0.10820994528355866,0.10820994528355866,0.0,0.9166666666666666,0.91875,0.12009271891018503,0.875,0.16909951969855808,0.875,0.14445885285425208,1,複合型
24204,三重県,松阪市,0.600877373449612,0.600877373449612,0.0,0.2815399434094425,0.2815399434094425,0.0,0.9523809523809523,0.95,0.33584779018541644,1,0.8897606753040082,1,0.6182926979814682,0.8571428571428571,複合型
24203,三重県,伊勢市,1.3000886208511793,1.3000886208511793,0.0,0.4376998331773726,0.4376998331773726,0.0,1,0.9999999999999999,1.5268815083985774,1,1.2428501764524484,1,1.122357257074122,1,複合型
24202,三重県,四日市市,0.0372312433749443,0.0372312433749443,0.0,-0.0005815383172517114,-0.0005815383172517114,0.0,0.9230769230769231,0.9230769230769231,-0.004160225341659607,0.9230769230769231,0.076736509515694,0.9230769230769231,0.04476105539947706,0.9230769230769231,複合型
24201,三重県,津市,0.26147579207947563,0.26147579207947563,0.0,0.28433970106836953,0.28433970106836953,0.0,0.9,0.8999999999999999,0.24979329470390876,0.9,0.07705743853884361,0.9,0.4312311639184414,0.9,複合型
23563,愛知県,豊根村,,,,0.07348504426327317,0.07348504426327317,0.0,,0.0,,,,,,,データ不足
23562,愛知県,東栄町,,,,-0.05641808385454121,-0.05641808385454121,0.0,,0.0,,,,,,,データ不足
23561,愛知県,設楽町,,,,-0.2656132178390403,-0.2656132178390403,0.0,,0.0,,,,,,,データ不足
23501,愛知県,幸田町,-1.0,-1.0,0.0,-0.5235828004342311,-0.5235828004342311,0.0,0.3333333333333333,0.35,,0,,0,-1.0,1,入院型（参考）
23447,愛知県,武豊町,-0.6899701517383875,-0.6899701517383875,0.0,-0.3594328242953678,-0.3594328242953678,0.0,1,0.9999999999999999,-0.8541161147107486,1,-0.17363491122805963,1,-0.9683972520605933,1,救急型
23446,愛知県,美浜町,2.0,2.0,0.0,1.3428619114530034,1.3428619114530034,0.0,1,0.9999999999999999,2.0,1,2.0,1,2.0,1,複合型
23445,愛知県,南知多町,-1.0,-1.0,0.0,-0.4719745803097087,-0.4719745803097087,0.0,0.3333333333333333,0.35,,0,,0,-1.0,1,入院型（参考）
23442,愛知県,東浦町,,,,-0.5596780395004716,-0.5596780395004716,0.0,,0.0,,,,,,,データ不足
23441,愛知県,阿久比町,,,,-0.3656247043738818,-0.3656247043738818,0.0,,0.0,,,,,,,データ不足
23427,愛知県,飛島村,,,,0.1817495774656046,0.1817495774656046,0.0,,0.0,,,,,,,データ不足
23425,愛知県,蟹江町,-0.9911943104872524,-0.9911943104872524,0.0,-0.3988610817848256,-0.3988610817848256,0.0,1,0.9999999999999999,-0.9958194267434677,1,-0.9755250370901293,1,-1.0,1,活動量低め
23424,愛知県,大治町,,,,-0.5079231394824777,-0.5079231394824777,0.0,,0.0,,,,,,,データ不足
23362,愛知県,扶桑町,,,,-0.4164870491506437,-0.4164870491506437,0.0,,0.0,,,,,,,データ不足
23361,愛知県,大口町,2.0,2.0,0.0,1.3944899078962378,1.3944899078962378,0.0,1,0.9999999999999999,2.0,1,2.0,1,2.0,1,複合型
23342,愛知県,豊山町,,,,-0.5904674069919233,-0.5904674069919233,0.0,,0.0,,,,,,,データ不足
23302,愛知県,東郷町,,,,-0.07720274890571996,-0.07720274890571996,0.0,,0.0,,,,,,,データ不足
23238,愛知県,長久手市,2.0,2.0,0.0,1.146911127373438,1.146911127373438,0.0,1,0.9999999999999999,2.0,1,2.0,1,2.0,1,複合型
23237,愛知県,あま市,-0.5436533154681107,-0.5436533154681107,0.0,-0.39623534459528,-0.39623534459528,0.0,1,0.9999999999999999,-0.5921678923829932,1,-0.32756532914240366,1,-0.6803570125466913,1,活動量低め
23236,愛知県,みよし市,-0.8463156865899042,-0.8463156865899042,0.0,-0.4798513952291809,-0.4798513952291809,0.0,1,0.9999999999999999,-0.8220653783476932,1,-0.8719746701184821,1,-0.8485725803790488,1,活動量低め
23235,愛知県,弥富市,2.0,2.0,0.0,1.351826057429888,1.351826057429888,0.0,1,0.9999999999999999,2.0,1,2.0,1,2.0,1,複合型
23234,愛知県,北名古屋市,-0.493707601812236,-0.493707601812236,0.0,-0.3775127312277376,-0.3775127312277376,0.0,1,0.9999999999999999,-0.5776301066348073,1,-0.18232767518969317,1,-0.6766821769518444,1,救急型
23233,愛知県,清須市,-0.6676953426434435,-0.6676953426434435,0.0,-0.41180159228619906,-0.41180159228619906,0.0,1,0.9999999999999999,-0.8842198010196188,1,-0.8053370048640334,1,-0.33319231664962,1,活動量低め
23232,愛知県,愛西市,,,,-0.6255772402766888,-0.6255772402766888,0.0,,0.0,,,,,,,データ不足
23231,愛知県,田原市,0.007043389665962045,0.007043389665962045,0.0,-0.22690071602156597,-0.22690071602156597,0.0,1,0.9999999999999999,-0.07258100918475752,1,0.07700514208778664,1,0.026700572155117674,1,複合型
23230,愛知県,日進市,-0.8008003508396642,-0.8008003508396642,0.0,-0.261749453346151,-0.261749453346151,0.0,1,0.9999999999999999,-0.8687233707681796,1,-0.6841838212713998,1,-0.8328343562553755,1,活動量低め
23229,愛知県,豊明市,2.0,2.0,0.0,1.1850381548538484,1.1850381548538484,0.0,0.6666666666666666,0.6749999999999999,2.0,0.5,2.0,0.5,2.0,1,複合型
23228,愛知県,岩倉市,-0.7951298950374164,-0.7951298950374164,0.0,-0.4072084267353079,-0.4072084267353079,0.0,1,0.9999999999999999,-0.7787434134304185,1,-0.9467733787718443,1,-0.6815362477291905,1,活動量低め
23227,愛知県,高浜市,-0.926197127005277,-0.926197127005277,0.0,-0.6821742039747716,-0.6821742039747716,0.0,1,0.9999999999999999,-0.9244229600565362,1,-0.9940513020996398,1,-0.8698105724445642,1,活動量低め
23226,愛知県,尾張旭市,-0.2510226181173296,-0.2510226181173296,0.0,-0.2946393585756004,-0.2946393585756004,0.0,1,0.9999999999999999,-0.3291172739721874,1,-0.12288898727906317,1,-0.28275678869527165,1,複合型
23225,愛知県,知立市,-0.6482673518655081,-0.6482673518655081,0.0,-0.3869119155261203,-0.3869119155261203,0.0,1,0.9999999999999999,-0.7693371382440584,1,-0.37612140581801723,1,-0.76046551924195,1,活動量低め
23224,愛知県,知多市,-0.9372339233519706,-0.9372339233519706,0.0,-0.6677370164824521,-0.6677370164824521,0.0,1,0.9999999999999999,-0.8252249515062687,1,-0.9987691583449035,1,-0.9964984080608732,1,活動量低め
23223,愛知県,大府市,0.09950702259446771,0.09950702259446771,0.0,0.061883698800440125,0.061883698800440125,0.0,1,0.9999999999999999,0.31489020711603577,1,-0.5330413496234496,1,0.4263081571168288,1,複合型
23222,愛知県,東海市,0.15149339750822738,0.15149339750822738,0.0,-0.06230851527434013,-0.06230851527434013,0.0,1,0.9999999999999999,0.1211297705324006,1,0.04207162650312157,1,0.27564711391700203,1,複合型
23221,愛知県,新城市,-0.3332794593824441,-0.3332794593824441,0.0,-0.28480613836645513,-0.28480613836645513,0.0,0.7777777777777778,0.7666666666666666,-0.3515778388095191,1,-0.17137371494366316,1,-0.45375743233146715,0.3333333333333333,複合型
23220,愛知県,稲沢市,-0.3921871948192298,-0.3921871948192298,0.0,-0.24267897168797933,-0.24267897168797933,0.0,0.9166666666666666,0.9124999999999999,-0.41208953030338136,1,-0.29063208810459396,1,-0.4593320936619091,0.75,活動量低め
23219,愛知県,小牧市,0.10676035518904954,0.10676035518904954,0.0,-0.11495082376570659,-0.11495082376570659,0.0,1,0.9999999999999999,0.13138814569058987,1,0.07383161690464424,1,0.11035719750271378,1,複合型
23217,愛知県,江南市,1.2339240728707868,1.2339240728707868,0.0,0.3258084319800888,0.3258084319800888,0.0,1,0.9999999999999999,0.9251581030331593,1,1.008016154218832,1,1.7363254015529472,1,入院型
23216,愛知県,常滑市,-0.016760752261068684,-0.016760752261068684,0.0,-0.2156564654345151,-0.2156564654345151,0.0,1,0.9999999999999999,-0.02051246116238159,1,-0.03738166566434531,1,0.004666025271624186,1,複合型
23215,愛知県,犬山市,0.0987034164394269,0.0987034164394269,0.0,0.19047622904296957,0.19047622904296957,0.0,0.8666666666666667,0.87,0.22475589061017076,0.8,-0.06251215402177046,0.8,0.1108357169497094,1,複合型
23214,愛知県,蒲郡市,0.2613835655402474,0.2613835655402474,0.0,0.017187978204876903,0.017187978204876903,0.0,1,0.9999999999999999,0.3368826839746675,1,0.22445147838482038,1,0.21754052181047911,1,複合型
23213,愛知県,西尾市,-0.5886573084081281,-0.5886573084081281,0.0,-0.4007961191613223,-0.4007961191613223,0.0,1,0.9999999999999999,-0.6466621159132988,1,-0.4484044352501142,1,-0.6508692493241124,1,活動量低め
23212,愛知県,安城市,0.5470937278422132,0.5470937278422132,0.0,0.06128733930096639,0.06128733930096639,0.0,1,0.9999999999999999,0.5808751852946508,1,0.41157449532402635,1,0.6294716125482218,1,複合型
23211,愛知県,豊田市,0.038439466682911455,0.038439466682911455,0.0,-0.1239480176900157,-0.1239480176900157,0.0,0.9333333333333333,0.9333333333333333,0.07011215238689372,0.9333333333333333,-0.0875673963761564,0.9333333333333333,0.11477266360098737,0.9333333333333333,複合型
23210,愛知県,刈谷市,0.2267495135233767,0.2267495135233767,0.0,0.16904837439270226,0.16904837439270226,0.0,0.8095238095238095,0.8071428571428572,0.18972564515720558,0.8571428571428571,0.1503454342149011,0.8571428571428571,0.32926259272538405,0.7142857142857143,複合型
23209,愛知県,碧南市,0.2315595603089809,0.2315595603089809,0.0,0.23854350191815235,0.23854350191815235,0.0,0.8333333333333334,0.825,0.1011835596125279,1,0.5425663358512878,1,0.09535832482631368,0.5,救急型
23208,愛知県,津島市,0.49120110998494926,0.49120110998494926,0.0,0.37375026334630757,0.37375026334630757,0.0,1,0.9999999999999999,0.4073322616305599,1,0.43109679338168405,1,0.6265879439992803,1,複合型
23207,愛知県,豊川市,-0.1086689648453552,-0.1086689648453552,0.0,-0.05341295727277078,-0.05341295727277078,0.0,0.9166666666666666,0.9124999999999999,-0.11503840067843007,1,-0.028641543498867827,1,-0.17089446159498378,0.75,複合型
23206,愛知県,春日井市,-0.13686298815508063,-0.13686298815508063,0.0,-0.17198518885742853,-0.17198518885742853,0.0,0.9333333333333333,0.9299999999999999,-0.2152672045212063,1,0.012546557944204118,1,-0.18652409701691341,0.8,複合型
23205,愛知県,半田市,0.5417953783637929,0.5417953783637929,0.0,0.09859146038187513,0.09859146038187513,0.0,1,0.9999999999999999,0.3763071065637673,1,0.7663582823339405,1,0.514801161046549,1,複合型
23204,愛知県,瀬戸市,0.49422142706742656,0.49422142706742656,0.0,0.19952297235545358,0.19952297235545358,0.0,0.9444444444444444,0.9416666666666667,0.45600427406902644,1,0.340809879275203,1,0.6639341924591613,0.8333333333333334,複合型
23203,愛知県,一宮市,0.3205650401276497,0.3205650401276497,0.0,0.03800812654624515,0.03800812654624515,0.0,0.9743589743589743,0.973076923076923,0.2986718230220078,1,0.1963409215756542,1,0.44893607313500206,0.9230769230769231,複合型
23202,愛知県,岡崎市,-0.17764080256900078,-0.17764080256900078,0.0,-0.24983162076421928,-0.24983162076421928,0.0,0.9487179487179488,0.9500000000000001,-0.2915246736125442,0.9230769230769231,-0.1063488135818077,0.9230769230769231,-0.12486435065733714,1,複合型
23201,愛知県,豊橋市,-0.015171090186061434,-0.015171090186061434,0.0,-0.0452711998781446,-0.0452711998781446,0.0,0.9411764705882353,0.9411764705882353,0.041105295594911384,0.9411764705882353,-0.18042130504256626,0.9411764705882353,0.07019556533854132,0.9411764705882353,複合型
23116,愛知県,名古屋市天白区,-0.33848886401472134,-0.33848886401472134,0.0,-0.2188509040583489,-0.2188509040583489,0.0,1,0.9999999999999999,-0.5153116044864952,1,-0.11558974606808159,1,-0.3527225103543531,1,複合型
23115,愛知県,名古屋市名東区,-0.9682452208613785,-0.9682452208613785,0.0,-0.34420519085390167,-0.34420519085390167,0.0,1,0.9999999999999999,-0.9840422903539963,1,-0.9776532292769975,1,-0.9443841441553733,1,活動量低め
23114,愛知県,名古屋市緑区,-0.6242773142470831,-0.6242773142470831,0.0,-0.4361685022432014,-0.4361685022432014,0.0,1,0.9999999999999999,-0.6919487415798424,1,-0.49804619278701323,1,-0.6648039910229551,1,活動量低め
23113,愛知県,名古屋市守山区,-0.9776781154765796,-0.9776781154765796,0.0,-0.5472899626006644,-0.5472899626006644,0.0,0.7777777777777778,0.7833333333333332,-0.968839684577556,0.6666666666666666,-0.9787021581285857,0.6666666666666666,-0.9856387955310265,1,活動量低め
23112,愛知県,名古屋市南区,1.475703880650763,1.475703880650763,0.0,0.8760229258608578,0.8760229258608578,0.0,0.9393939393939393,0.9409090909090908,1.4466486714936568,0.9090909090909091,1.202068020993745,0.9090909090909091,1.7393041123710273,1,複合型
23111,愛知県,名古屋市港区,-0.19454643714643724,-0.19454643714643724,0.0,-0.2345123786886631,-0.2345123786886631,0.0,0.8666666666666667,0.8599999999999999,-0.3114512681078747,1,-0.14631938370343922,1,-0.1189790805647124,0.6,複合型
23110,愛知県,名古屋市中川区,0.4747664940852958,0.4747664940852958,0.0,0.1843723248517063,0.1843723248517063,0.0,0.8484848484848485,0.8454545454545453,0.3589513529378965,0.9090909090909091,0.47278548480506033,0.9090909090909091,0.5922796431871828,0.7272727272727273,複合型
23109,愛知県,名古屋市熱田区,0.5188365119093039,0.5188365119093039,0.0,0.4605057665849771,0.4605057665849771,0.0,1,0.9999999999999999,0.17784053585876136,1,0.5233631139469912,1,0.8559525433561144,1,入院型
23108,愛知県,名古屋市瑞穂区,1.3764600735009596,1.3764600735009596,0.0,0.710553123495128,0.710553123495128,0.0,0.8888888888888888,0.8833333333333332,2.0,1,0.24501064165159692,1,1.7227339457299444,0.6666666666666666,複合型
23107,愛知県,名古屋市昭和区,2.0,2.0,0.0,1.3463597046525737,1.3463597046525737,0.0,1,0.9999999999999999,2.0,1,2.0,1,2.0,1,複合型
23106,愛知県,名古屋市中区,2.0,2.0,0.0,1.4103328342113917,1.4103328342113917,0.0,1,0.9999999999999999,2.0,1,2.0,1,2.0,1,複合型
23105,愛知県,名古屋市中村区,1.5406113719385965,1.5406113719385965,0.0,0.9520355172994844,0.9520355172994844,0.0,0.9629629629629629,0.961111111111111,1.7096879579939146,1,1.2238624830220286,1,1.6430338335260517,0.8888888888888888,複合型
23104,愛知県,名古屋市西区,-0.2993179013954085,-0.2993179013954085,0.0,-0.2164997506751127,-0.2164997506751127,0.0,1,0.9999999999999999,-0.3722693326126506,1,-0.26609806972903394,1,-0.2548406116064874,1,活動量低め
23103,愛知県,名古屋市北区,0.5817500773351829,0.5817500773351829,0.0,0.22171253746172132,0.22171253746172132,0.0,1,0.9999999999999999,0.8035407012525781,1,0.28447495790006716,1,0.6147666986478868,1,複合型
23102,愛知県,名古屋市東区,-0.4462923841603812,-0.4462923841603812,0.0,-0.19625522972607964,-0.19625522972607964,0.0,0.8888888888888888,0.8833333333333332,-0.20642916561443447,1,-0.8059435401571748,1,-0.37788318328050485,0.6666666666666666,複合型
23101,愛知県,名古屋市千種区,0.9252798260508307,0.9252798260508307,0.0,0.6911087943998702,0.6911087943998702,0.0,0.8611111111111112,0.8625,1.2695217221741286,0.8333333333333334,0.4098629689613509,0.8333333333333334,1.0228238074328013,0.9166666666666666,複合型
22461,静岡県,森町,1.9473519013264442,1.9473519013264442,0.0,0.5619048057358972,0.5619048057358972,0.0,1,0.9999999999999999,2.0,1,2.0,1,1.849576860932698,1,複合型
22429,静岡県,川根本町,,,,-0.23061414643300687,-0.23061414643300687,0.0,,0.0,,,,,,,データ不足
22424,静岡県,吉田町,-0.996098471539002,-0.996098471539002,0.0,-0.6038034765342287,-0.6038034765342287,0.0,1,0.9999999999999999,-0.9888527758257203,1,-1.0,1,-1.0,1,活動量低め
22344,静岡県,小山町,1.636061000513322,1.636061000513322,0.0,1.084425805076419,1.084425805076419,0.0,0.8333333333333334,0.6499999999999999,2.0,1,1.211465501112197,1,,0,手術型
22342,静岡県,長泉町,1.4742396970476166,1.4742396970476166,0.0,1.4568458585975999,1.4568458585975999,0.0,0.8333333333333334,0.825,2.0,1,0.24746565682538924,1,2.0,0.5,複合型
22341,静岡県,清水町,2.0,2.0,0.0,1.4676955555453508,1.4676955555453508,0.0,1,0.9999999999999999,2.0,1,2.0,1,2.0,1,複合型
22325,静岡県,函南町,-0.9327011665153737,-0.9327011665153737,0.0,-0.35667845739746346,-0.35667845739746346,0.0,1,0.9999999999999999,-0.9630085478138738,1,-0.9216356757931129,1,-0.91187849155024,1,活動量低め
22306,静岡県,西伊豆町,2.0,2.0,0.0,0.8567852555508207,0.8567852555508207,0.0,1,0.6499999999999999,2.0,1,2.0,1,,0,複合型
22305,静岡県,松崎町,,,,-0.28225108382754155,-0.28225108382754155,0.0,,0.0,,,,,,,データ不足
22304,静岡県,南伊豆町,,,,0.6716551533788631,0.6716551533788631,0.0,,0.0,,,,,,,データ不足
22302,静岡県,河津町,2.0,2.0,0.0,1.257297189523071,1.257297189523071,0.0,1,0.6499999999999999,2.0,1,2.0,1,,0,複合型
22301,静岡県,東伊豆町,1.0097104185220829,1.0097104185220829,0.0,0.7297722899246699,0.7297722899246699,0.0,1,0.9999999999999999,0.646888567293777,1,1.3563971638951844,1,1.0753722022877308,1,複合型
22226,静岡県,牧之原市,0.3288318617419533,0.3288318617419533,0.0,-0.09059602987887318,-0.09059602987887318,0.0,1,0.9999999999999999,0.7475728594952677,1,0.22393786972869867,1,0.0,1,手術型
22225,静岡県,伊豆の国市,2.0,2.0,0.0,1.158952809759532,1.158952809759532,0.0,0.9444444444444444,0.9416666666666667,2.0,1,2.0,1,2.0,0.8333333333333334,複合型
22224,静岡県,菊川市,0.10731725712507097,0.10731725712507097,0.0,-0.14629298944488572,-0.14629298944488572,0.0,1,0.9999999999999999,0.3146675939134853,1,0.01887445155842893,1,-0.02422496060622159,1,複合型
22223,静岡県,御前崎市,0.714915775430945,0.714915775430945,0.0,0.036250508414976026,0.036250508414976026,0.0,1,0.9999999999999999,0.6837619748835382,1,0.30312052455036076,1,1.0990369338759955,1,入院型
22222,静岡県,伊豆市,0.21164932184375712,0.21164932184375712,0.0,0.2620455766656196,0.2620455766656196,0.0,0.9333333333333333,0.9299999999999999,0.7278570647917084,1,-0.07247454380481921,1,-0.06102367911970008,0.8,手術型
22221,静岡県,湖西市,-0.46809436514245756,-0.46809436514245756,0.0,-0.3029288964944098,-0.3029288964944098,0.0,1,0.9999999999999999,-0.5533738549573586,1,-0.1019606947451267,1,-0.6966437356681259,1,救急型
22220,静岡県,裾野市,-0.8743273317671825,-0.8743273317671825,0.0,-0.3327920695822598,-0.3327920695822598,0.0,1,0.9999999999999999,-0.8701147956598181,1,-0.7571146825327937,1,-0.9790078529325946,1,活動量低め
22219,静岡県,下田市,1.3615589158157206,1.3615589158157206,0.0,0.541381296758516,0.541381296758516,0.0,0.8333333333333334,0.825,1.7818747025018458,1,1.4029129198628398,1,0.9057968399463503,0.5,手術型
22216,静岡県,袋井市,-0.9780276389986076,-0.9780276389986076,0.0,-0.636926009149899,-0.636926009149899,0.0,1,0.9999999999999999,-0.9877038850107441,1,-1.0,1,-0.9495179406995634,1,活動量低め
22215,静岡県,御殿場市,0.24035868635030572,0.24035868635030572,0.0,0.2694831443777049,0.2694831443777049,0.0,0.8571428571428571,0.8499999999999999,0.5615862121367563,1,-0.13916245935245863,1,0.24443499973765315,0.5714285714285714,手術型
22214,静岡県,藤枝市,0.13770235034712633,0.13770235034712633,0.0,-0.10826260801506102,-0.10826260801506102,0.0,1,0.9999999999999999,0.23978161238062867,1,-0.090023221972937,1,0.23081643601653545,1,複合型
22213,静岡県,掛川市,0.6015524960455547,0.6015524960455547,0.0,0.08583585408772484,0.08583585408772484,0.0,1,0.9999999999999999,0.5924286805355838,1,0.36721618761860086,1,0.8115360044929147,1,複合型
22212,静岡県,焼津市,0.10773528543945199,0.10773528543945199,0.0,-0.019217683091970566,-0.019217683091970566,0.0,1,0.9999999999999999,0.16521381320851836,1,0.00402158525411167,1,0.1391542149721059,1,複合型
22211,静岡県,磐田市,-0.16860285060902105,-0.16860285060902105,0.0,-0.13650309729710175,-0.13650309729710175,0.0,0.9047619047619048,0.9071428571428571,-0.21769050008973356,0.8571428571428571,-0.2710906973279269,0.8571428571428571,-0.03166847536924644,1,複合型
22210,静岡県,富士市,-0.37089744140980535,-0.37089744140980535,0.0,-0.2317310338247119,-0.2317310338247119,0.0,0.9,0.8999999999999999,-0.32454410408212,0.9,-0.4309382447233162,0.9,-0.3657872330401958,0.9,活動量低め
22209,静岡県,島田市,0.33770438333933084,0.33770438333933084,0.0,-0.16641865194067723,-0.16641865194067723,0.0,1,0.9999999999999999,0.37893350673405446,1,0.17291086143396006,1,0.43772685014921087,1,複合型
22208,静岡県,伊東市,-0.00877735290158295,-0.00877735290158295,0.0,-0.3355661058146203,-0.3355661058146203,0.0,1,0.9999999999999999,-0.29849389710839136,1,0.5714356866700914,1,-0.21638627118478115,1,救急型
22207,静岡県,富士宮市,-0.2076962489130133,-0.2076962489130133,0.0,-0.31312746257381857,-0.31312746257381857,0.0,0.7777777777777778,0.7833333333333332,-0.24005598067640144,0.6666666666666666,-0.2122875432343171,0.6666666666666666,-0.17140112201707913,1,複合型
22206,静岡県,三島市,-0.3065569294947649,-0.3065569294947649,0.0,-0.13066967705940613,-0.13066967705940613,0.0,1,0.9999999999999999,-0.3272338467309195,1,-0.2872328921077203,1,-0.3024434728760771,1,活動量低め
22205,静岡県,熱海市,2.0,2.0,0.0,1.0909496809266226,1.0909496809266226,0.0,0.9333333333333333,0.9299999999999999,2.0,1,2.0,1,2.0,0.8,複合型
22203,静岡県,沼津市,-0.2839626278749888,-0.2839626278749888,0.0,-0.2131995398612433,-0.2131995398612433,0.0,0.8518518518518519,0.8499999999999999,-0.27451658052754857,0.8888888888888888,-0.26358831628778934,0.8888888888888888,-0.3108723708686001,0.7777777777777778,活動量低め
22140,静岡県,浜松市天竜区,,,,-0.08674579006891829,-0.08674579006891829,0.0,,0.0,,,,,,,データ不足
22139,静岡県,浜松市浜名区,,,,-0.03964977261145795,-0.03964977261145795,0.0,,0.0,,,,,,,データ不足
22138,静岡県,浜松市中央区,,,,-0.24114880916081657,-0.24114880916081657,0.0,,0.0,,,,,,,データ不足
22103,静岡県,静岡市清水区,-0.594451251937212,-0.594451251937212,0.0,-0.4658323788367521,-0.4658323788367521,0.0,0.888888888888889,0.8916666666666667,-0.687388818379018,0.8333333333333334,-0.38121313090053577,0.8333333333333334,-0.6842892178125575,1,活動量低め
22102,静岡県,静岡市駿河区,-0.36780076580719034,-0.36780076580719034,0.0,-0.3543535549348039,-0.3543535549348039,0.0,1,0.9999999999999999,-0.3960280122215889,1,-0.37554782864081304,1,-0.33293317982111525,1,活動量低め
22101,静岡県,静岡市葵区,0.833754874108161,0.833754874108161,0.0,0.415930181337931,0.415930181337931,0.0,0.9285714285714286,0.9285714285714286,0.8582800527719081,0.9285714285714286,0.6346396642392487,0.9285714285714286,0.9798998753320529,0.9285714285714286,複合型
21604,岐阜県,白川村,,,,0.20777227213244923,0.20777227213244923,0.0,,0.0,,,,,,,データ不足
21507,岐阜県,東白川村,,,,-0.01375109407574742,-0.01375109407574742,0.0,,0.0,,,,,,,データ不足
21506,岐阜県,白川町,2.0,2.0,0.0,0.9133352636535184,0.9133352636535184,0.0,1,0.6499999999999999,2.0,1,2.0,1,,0,複合型
21504,岐阜県,七宗町,,,,0.2045867913444651,0.2045867913444651,0.0,,0.0,,,,,,,データ不足
21503,岐阜県,川辺町,,,,-0.009657139366496792,-0.009657139366496792,0.0,,0.0,,,,,,,データ不足
21502,岐阜県,富加町,,,,0.0817538215766006,0.0817538215766006,0.0,,0.0,,,,,,,データ不足
21501,岐阜県,坂祝町,,,,-0.036057632066471675,-0.036057632066471675,0.0,,0.0,,,,,,,データ不足
21421,岐阜県,北方町,,,,0.01942712510369146,0.01942712510369146,0.0,,0.0,,,,,,,データ不足
21404,岐阜県,池田町,-0.46326832238706617,-0.46326832238706617,0.0,-0.4304424848666169,-0.4304424848666169,0.0,1,0.9999999999999999,-0.7230244613620131,1,-0.43892251880141764,1,-0.2243800150569608,1,複合型
21403,岐阜県,大野町,,,,0.034619580676063695,0.034619580676063695,0.0,,0.0,,,,,,,データ不足
21401,岐阜県,揖斐川町,,,,-0.15346285732921638,-0.15346285732921638,0.0,,0.0,,,,,,,データ不足
21383,岐阜県,安八町,,,,-0.30292406526979987,-0.30292406526979987,0.0,,0.0,,,,,,,データ不足
21382,岐阜県,輪之内町,,,,-0.38346531435046566,-0.38346531435046566,0.0,,0.0,,,,,,,データ不足
21381,岐阜県,神戸町,,,,-0.4705878922970151,-0.4705878922970151,0.0,,0.0,,,,,,,データ不足
21362,岐阜県,関ケ原町,,,,-0.026612097501533937,-0.026612097501533937,0.0,,0.0,,,,,,,データ不足
21361,岐阜県,垂井町,1.2315137093881232,1.2315137093881232,0.0,0.6710841200374079,0.6710841200374079,0.0,1,0.9999999999999999,2.0,1,0.8288819471813282,1,0.8081403578106423,1,手術型
21341,岐阜県,養老町,,,,-0.42323929905889335,-0.42323929905889335,0.0,,0.0,,,,,,,データ不足
21303,岐阜県,笠松町,2.0,2.0,0.0,2.3787102261530095,2.3787102261530095,0.0,1,0.9999999999999999,2.0,1,2.0,1,2.0,1,複合型
21302,岐阜県,岐南町,,,,-0.10614780297708813,-0.10614780297708813,0.0,,0.0,,,,,,,データ不足
21221,岐阜県,海津市,-0.9223872764692065,-0.9223872764692065,0.0,-0.537438950882192,-0.537438950882192,0.0,1,0.9999999999999999,-0.9843802224759507,1,-0.7595139953420795,1,-1.0,1,活動量低め
21220,岐阜県,下呂市,0.053558231487892696,0.053558231487892696,0.0,0.05225334655183961,0.05225334655183961,0.0,1,0.9999999999999999,-0.057846795537407236,1,0.3041409658052403,1,-0.04982194233024817,1,救急型
21219,岐阜県,郡上市,0.12042375367726513,0.12042375367726513,0.0,0.28946202857194275,0.28946202857194275,0.0,0.9166666666666666,0.9124999999999999,-0.0782977380653449,1,-0.011712087435691854,1,0.4324045378024097,0.75,入院型
21218,岐阜県,本巣市,,,,-0.4928663373527171,-0.4928663373527171,0.0,,0.0,,,,,,,データ不足
21217,岐阜県,飛騨市,-0.5664883756037781,-0.5664883756037781,0.0,-0.3040671311817312,-0.3040671311817312,0.0,0.8333333333333334,0.825,-0.6902818776407942,1,-0.3902045853909064,1,-0.5937952651777949,0.5,活動量低め
21216,岐阜県,瑞穂市,,,,-0.4701040444572787,-0.4701040444572787,0.0,,0.0,,,,,,,データ不足
21215,岐阜県,山県市,,,,-0.2722670263473562,-0.2722670263473562,0.0,,0.0,,,,,,,データ不足
21214,岐阜県,可児市,-0.47564682892240584,-0.47564682892240584,0.0,-0.3695247525668925,-0.3695247525668925,0.0,0.9166666666666666,0.9124999999999999,-0.5586885831492626,1,-0.40265806322695386,1,-0.4551668738630793,0.75,活動量低め
21213,岐阜県,各務原市,-0.6507011689396648,-0.6507011689396648,0.0,-0.43875246056883105,-0.43875246056883105,0.0,0.75,0.7499999999999999,-0.7067612582367993,0.75,-0.5306365076295785,0.75,-0.6975536464797474,0.75,活動量低め
21212,岐阜県,土岐市,-0.9956063984477896,-0.9956063984477896,0.0,-0.56438383966392,-0.56438383966392,0.0,0.6666666666666666,0.6749999999999999,-0.9874468527079705,0.5,-1.0,0.5,-1.0,1,活動量低め
21211,岐阜県,美濃加茂市,2.0,2.0,0.0,1.331403348285204,1.331403348285204,0.0,0.8333333333333334,0.8374999999999999,2.0,0.75,2.0,0.75,2.0,1,複合型
21210,岐阜県,恵那市,-0.2626764119174851,-0.2626764119174851,0.0,-0.3129374278946755,-0.3129374278946755,0.0,1,0.9999999999999999,-0.5698575069347769,1,-0.007644508279294415,1,-0.174094091447214,1,複合型
21209,岐阜県,羽島市,-0.42461675771591084,-0.42461675771591084,0.0,-0.2957215233344419,-0.2957215233344419,0.0,1,0.9999999999999999,-0.5508690944338736,1,-0.09111889734067546,1,-0.5842197298910071,1,救急型
21207,岐阜県,美濃市,0.7691300935143384,0.7691300935143384,0.0,0.25399655098419954,0.25399655098419954,0.0,1,0.9999999999999999,2.0,1,-1.0,1,1.0546574100409667,1,手術型
21206,岐阜県,中津川市,-0.07166956985837765,-0.07166956985837765,0.0,-0.2027919873513157,-0.2027919873513157,0.0,1,0.9999999999999999,0.047743054363545534,1,-0.0682843257039395,1,-0.1939838319269621,1,複合型
21205,岐阜県,関市,0.2867791518690801,0.2867791518690801,0.0,0.11910968907629216,0.11910968907629216,0.0,1,0.9999999999999999,0.12468028207861814,1,0.1526450716856782,1,0.5638500903881722,1,入院型
21204,岐阜県,多治見市,0.6652094569215442,0.6652094569215442,0.0,0.24319312100179705,0.24319312100179705,0.0,1,0.9999999999999999,0.7675845735852258,1,0.40824819639926413,1,0.78308684927696,1,複合型
21203,岐阜県,高山市,-0.17132184834353,-0.17132184834353,0.0,-0.215186257848169,-0.215186257848169,0.0,1,0.9999999999999999,-0.24179440673956698,1,-0.02142024661018349,1,-0.22933637714750432,1,複合型
21202,岐阜県,大垣市,0.8364451282331021,0.8364451282331021,0.0,0.3033347244321589,0.3033347244321589,0.0,0.9444444444444444,0.9416666666666667,0.6399690024766322,1,1.0842840977255093,1,0.8204878515675089,0.8333333333333334,複合型
21201,岐阜県,岐阜市,0.39249585420517924,0.39249585420517924,0.0,0.418553186304989,0.418553186304989,0.0,0.9166666666666666,0.9142857142857143,0.4434251642637377,0.9642857142857143,0.15219641869139555,0.9642857142857143,0.5475374888727211,0.8214285714285714,複合型
20602,長野県,栄村,,,,0.16798170009699573,0.16798170009699573,0.0,,0.0,,,,,,,データ不足
20590,長野県,飯綱町,1.862284613951177,1.862284613951177,0.0,0.4859508261558625,0.4859508261558625,0.0,1,0.9999999999999999,2.0,1,1.5409487131705903,1,2.0,1,複合型
20588,長野県,小川村,,,,-0.021014573357076148,-0.021014573357076148,0.0,,0.0,,,,,,,データ不足
20583,長野県,信濃町,1.5989147424744052,1.5989147424744052,0.0,0.46785988490886465,0.46785988490886465,0.0,1,0.6499999999999999,2.0,1,1.1309819420278782,1,,0,手術型
20563,長野県,野沢温泉村,,,,0.26262113660704856,0.26262113660704856,0.0,,0.0,,,,,,,データ不足
20562,長野県,木島平村,,,,-0.1484719019990044,-0.1484719019990044,0.0,,0.0,,,,,,,データ不足
20561,長野県,山ノ内町,,,,-0.5267504340200383,-0.5267504340200383,0.0,,0.0,,,,,,,データ不足
20543,長野県,高山村,,,,-0.2285224141298834,-0.2285224141298834,0.0,,0.0,,,,,,,データ不足
20541,長野県,小布施町,,,,1.2665841515257443,1.2665841515257443,0.0,1,0.0,,0,,0,,0,データ不足
20521,長野県,坂城町,,,,-0.1974543012819537,-0.1974543012819537,0.0,,0.0,,,,,,,データ不足
20486,長野県,小谷村,,,,-0.016777251097404525,-0.016777251097404525,0.0,,0.0,,,,,,,データ不足
20485,長野県,白馬村,,,,0.6491409089268596,0.6491409089268596,0.0,,0.0,,,,,,,データ不足
20482,長野県,松川村,,,,0.013124135040044433,0.013124135040044433,0.0,,0.0,,,,,,,データ不足
20481,長野県,池田町,2.0,2.0,0.0,1.3749643895236856,1.3749643895236856,0.0,1,0.6499999999999999,2.0,1,2.0,1,,0,複合型
20452,長野県,筑北村,,,,0.0014171337919301826,0.0014171337919301826,0.0,,0.0,,,,,,,データ不足
20451,長野県,朝日村,,,,-0.050659274452822985,-0.050659274452822985,0.0,,0.0,,,,,,,データ不足
20450,長野県,山形村,,,,0.13519115149616437,0.13519115149616437,0.0,,0.0,,,,,,,データ不足
20448,長野県,生坂村,,,,0.004742039076803009,0.004742039076803009,0.0,,0.0,,,,,,,データ不足
20446,長野県,麻績村,,,,-0.02262469188820735,-0.02262469188820735,0.0,,0.0,,,,,,,データ不足
20432,長野県,木曽町,2.0,2.0,0.0,1.0078937731375617,1.0078937731375617,0.0,1,0.9999999999999999,2.0,1,2.0,1,2.0,1,複合型
20430,長野県,大桑村,,,,-0.2505895229951554,-0.2505895229951554,0.0,,0.0,,,,,,,データ不足
20429,長野県,王滝村,,,,0.1656307241832098,0.1656307241832098,0.0,,0.0,,,,,,,データ不足
20425,長野県,木祖村,,,,-0.023238535761314093,-0.023238535761314093,0.0,,0.0,,,,,,,データ不足
20423,長野県,南木曽町,,,,-0.05321427768941806,-0.05321427768941806,0.0,,0.0,,,,,,,データ不足
20422,長野県,上松町,,,,0.06669997079384499,0.06669997079384499,0.0,,0.0,,,,,,,データ不足
20417,長野県,大鹿村,,,,0.08065357923426958,0.08065357923426958,0.0,,0.0,,,,,,,データ不足
20416,長野県,豊丘村,,,,-0.2575304392368287,-0.2575304392368287,0.0,,0.0,,,,,,,データ不足
20415,長野県,喬木村,,,,-0.23580737783447797,-0.23580737783447797,0.0,,0.0,,,,,,,データ不足
20414,長野県,泰阜村,,,,0.022608608115743663,0.022608608115743663,0.0,,0.0,,,,,,,データ不足
20413,長野県,天龍村,,,,0.07372795146592004,0.07372795146592004,0.0,,0.0,,,,,,,データ不足
20412,長野県,売木村,,,,0.24299203603632805,0.24299203603632805,0.0,,0.0,,,,,,,データ不足
20411,長野県,下條村,,,,0.10602277336546685,0.10602277336546685,0.0,,0.0,,,,,,,データ不足
20410,長野県,根羽村,,,,0.11924608661055246,0.11924608661055246,0.0,,0.0,,,,,,,データ不足
20409,長野県,平谷村,,,,0.36363636363636365,0.36363636363636365,0.0,,0.0,,,,,,,データ不足
20407,長野県,阿智村,,,,0.36842163784521775,0.36842163784521775,0.0,,0.0,,,,,,,データ不足
20404,長野県,阿南町,,,,0.27028775713830366,0.27028775713830366,0.0,1,0.0,,0,,0,,0,データ不足
20403,長野県,高森町,2.0,2.0,0.0,0.8324609653953668,0.8324609653953668,0.0,1,0.6499999999999999,2.0,1,2.0,1,,0,複合型
20402,長野県,松川町,2.0,2.0,0.0,0.7633228031108521,0.7633228031108521,0.0,1,0.35,2.0,1,,0,,0,手術型（参考）
20388,長野県,宮田村,,,,-0.2677019942091053,-0.2677019942091053,0.0,,0.0,,,,,,,データ不足
20386,長野県,中川村,,,,-0.1420915941717368,-0.1420915941717368,0.0,,0.0,,,,,,,データ不足
20385,長野県,南箕輪村,,,,-0.38165072366480196,-0.38165072366480196,0.0,,0.0,,,,,,,データ不足
20384,長野県,飯島町,,,,-0.2087055179158592,-0.2087055179158592,0.0,,0.0,,,,,,,データ不足
20383,長野県,箕輪町,-0.8392310157402388,-0.8392310157402388,0.0,-0.469349791864739,-0.469349791864739,0.0,1,0.9999999999999999,-0.8636610745770135,1,-0.6231654654609471,1,-1.0,1,活動量低め
20382,長野県,辰野町,0.5906695480449964,0.5906695480449964,0.0,-0.02602170954252776,-0.02602170954252776,0.0,1,0.9999999999999999,-0.4964656068133956,1,2.0,1,0.4698071726562425,1,救急型
20363,長野県,原村,,,,-0.20915534331438093,-0.20915534331438093,0.0,,0.0,,,,,,,データ不足
20362,長野県,富士見町,2.0,2.0,0.0,0.663487421634906,0.663487421634906,0.0,1,0.9999999999999999,2.0,1,2.0,1,2.0,1,複合型
20361,長野県,下諏訪町,-0.40339170405468605,-0.40339170405468605,0.0,-0.08919028376656817,-0.08919028376656817,0.0,0.7777777777777778,0.7666666666666666,0.0,1,-0.512363124551863,1,-0.7133793333975064,0.3333333333333333,手術型
20350,長野県,長和町,,,,0.590370157826447,0.590370157826447,0.0,1,0.0,,0,,0,,0,データ不足
20349,長野県,青木村,,,,-0.05940415024286582,-0.05940415024286582,0.0,,0.0,,,,,,,データ不足
20324,長野県,立科町,,,,-0.345893866000983,-0.345893866000983,0.0,,0.0,,,,,,,データ不足
20323,長野県,御代田町,1.8650766994337764,1.8650766994337764,0.0,1.1423813422988118,1.1423813422988118,0.0,1,0.6499999999999999,2.0,1,1.7076661821065153,1,,0,複合型
20321,長野県,軽井沢町,1.9867265002655339,1.9867265002655339,0.0,0.589350133149198,0.589350133149198,0.0,1,0.9999999999999999,2.0,1,2.0,1,1.9620757150443824,1,複合型
20309,長野県,佐久穂町,1.9070311505800532,1.9070311505800532,0.0,0.6326260809586473,0.6326260809586473,0.0,1,0.9999999999999999,2.0,1,1.6901038352668447,1,2.0,1,複合型
20307,長野県,北相木村,,,,0.14977200263245302,0.14977200263245302,0.0,,0.0,,,,,,,データ不足
20306,長野県,南相木村,,,,0.08460707750777896,0.08460707750777896,0.0,,0.0,,,,,,,データ不足
20305,長野県,南牧村,,,,0.36363636363636365,0.36363636363636365,0.0,,0.0,,,,,,,データ不足
20304,長野県,川上村,,,,0.23848273619117544,0.23848273619117544,0.0,,0.0,,,,,,,データ不足
20303,長野県,小海町,,,,0.5659203717319717,0.5659203717319717,0.0,1,0.0,,0,,0,,0,データ不足
20220,長野県,安曇野市,0.2182029967035343,0.2182029967035343,0.0,0.09726120873062952,0.09726120873062952,0.0,1,0.9999999999999999,0.23348994604020024,1,-0.04935212296073288,1,0.4322490070790974,1,複合型
20219,長野県,東御市,-0.6313875055820779,-0.6313875055820779,0.0,-0.4042289026673297,-0.4042289026673297,0.0,1,0.9999999999999999,-0.9833313943362005,1,0.0,1,-0.8206329073268792,1,救急型
20218,長野県,千曲市,-0.62375168916405,-0.62375168916405,0.0,-0.266122351929925,-0.266122351929925,0.0,1,0.9999999999999999,-0.6087515766333089,1,-0.6435988487530961,1,-0.6217399506184659,1,活動量低め
20217,長野県,佐久市,1.6954083205570831,1.6954083205570831,0.0,0.8899058223190977,0.8899058223190977,0.0,1,0.9999999999999999,2.0,1,0.9846944018569439,1,2.0,1,複合型
20215,長野県,塩尻市,-0.8491637579961848,-0.8491637579961848,0.0,-0.336678527798002,-0.336678527798002,0.0,1,0.9999999999999999,-0.6780746310902315,1,-0.941171720168233,1,-0.9413889173260969,1,活動量低め
20214,長野県,茅野市,0.6161892923765463,0.6161892923765463,0.0,0.10322982918097458,0.10322982918097458,0.0,1,0.9999999999999999,0.5078979574081417,1,0.5634701645879441,1,0.7696684511637528,1,複合型
20213,長野県,飯山市,1.5862476439717261,1.5862476439717261,0.0,0.5143584103064415,0.5143584103064415,0.0,1,0.9999999999999999,1.8431980214689072,1,2.0,1,0.9746523898788821,1,複合型
20212,長野県,大町市,1.6801684207208447,1.6801684207208447,0.0,0.4063482027300065,0.4063482027300065,0.0,1,0.9999999999999999,1.5067465426484272,1,1.7118018728287465,1,1.8264759112722038,1,複合型
20211,長野県,中野市,1.662837441528037,1.662837441528037,0.0,0.5637540852417461,0.5637540852417461,0.0,0.8333333333333334,0.825,2.0,1,0.9814834391286096,1,1.9096925993984404,0.5,複合型
20210,長野県,駒ヶ根市,1.8522468512165804,1.8522468512165804,0.0,0.9093431266351532,0.9093431266351532,0.0,0.6666666666666666,0.6749999999999999,1.577848146333087,0.5,2.0,0.5,2.0,1,複合型
20209,長野県,伊那市,0.9888012827367126,0.9888012827367126,0.0,0.40654756665793296,0.40654756665793296,0.0,0.8888888888888888,0.8833333333333332,1.396576961507686,1,0.13068695369258898,1,1.3165521717178454,0.6666666666666666,複合型
20208,長野県,小諸市,0.4391148784988679,0.4391148784988679,0.0,0.24095746799268825,0.24095746799268825,0.0,0.8333333333333334,0.825,0.3710499977824757,1,0.5912893860320965,1,0.3767444670439213,0.5,複合型
20207,長野県,須坂市,0.7472738020228975,0.7472738020228975,0.0,0.10089835923623064,0.10089835923623064,0.0,1,0.9999999999999999,0.6520080707816962,1,0.3407371147914906,1,1.1909995508910192,1,入院型
20206,長野県,諏訪市,1.8403968373136799,1.8403968373136799,0.0,0.8561445147193332,0.8561445147193332,0.0,1,0.9999999999999999,2.0,1,1.4679894577122665,1,2.0,1,複合型
20205,長野県,飯田市,0.7567779519788276,0.7567779519788276,0.0,0.5538342977282646,0.5538342977282646,0.0,1,0.9999999999999999,0.7813397123835664,1,0.6670251910078924,1,0.8091471295491763,1,複合型
20204,長野県,岡谷市,-0.12813067139655618,-0.12813067139655618,0.0,0.07033956141631238,0.07033956141631238,0.0,1,0.9999999999999999,-0.11687389789826086,1,-0.016467587098570102,1,-0.23509866000741098,1,複合型
20203,長野県,上田市,-0.11563204989709583,-0.11563204989709583,0.0,-0.027651759044417416,-0.027651759044417416,0.0,0.8148148148148148,0.8166666666666667,-0.15659909986150855,0.7777777777777778,-0.06022619788601136,0.7777777777777778,-0.12215573022789838,0.8888888888888888,複合型
20202,長野県,松本市,0.642330388745634,0.642330388745634,0.0,0.5543042694139835,0.5543042694139835,0.0,0.9523809523809524,0.9535714285714286,0.7412743342800543,0.9285714285714286,0.35067466265138236,0.9285714285714286,0.7933770655777153,1,複合型
20201,長野県,長野市,-0.04110419645443744,-0.04110419645443744,0.0,-0.06083743269103588,-0.06083743269103588,0.0,0.9649122807017544,0.963157894736842,-0.06133381282036521,1,-0.02090849102018766,1,-0.03818518474643806,0.8947368421052632,複合型
19443,山梨県,丹波山村,,,,0.36363636363636365,0.36363636363636365,0.0,,0.0,,,,,,,データ不足
19442,山梨県,小菅村,,,,0.1803434559037547,0.1803434559037547,0.0,,0.0,,,,,,,データ不足
19430,山梨県,富士河口湖町,2.0,2.0,0.0,0.9303408106120737,0.9303408106120737,0.0,1,0.9999999999999999,2.0,1,2.0,1,2.0,1,複合型
19429,山梨県,鳴沢村,,,,-0.02547552564234177,-0.02547552564234177,0.0,,0.0,,,,,,,データ不足
19425,山梨県,山中湖村,,,,0.12340462890264678,0.12340462890264678,0.0,,0.0,,,,,,,データ不足
19424,山梨県,忍野村,,,,-0.49772509738960347,-0.49772509738960347,0.0,,0.0,,,,,,,データ不足
19423,山梨県,西桂町,,,,0.10192591824275529,0.10192591824275529,0.0,,0.0,,,,,,,データ不足
19422,山梨県,道志村,,,,0.004112193631512717,0.004112193631512717,0.0,,0.0,,,,,,,データ不足
19368,山梨県,富士川町,2.0,2.0,0.0,0.8336637588855068,0.8336637588855068,0.0,1,0.6499999999999999,2.0,1,2.0,1,,0,複合型
19366,山梨県,南部町,,,,-0.3406237488430708,-0.3406237488430708,0.0,,0.0,,,,,,,データ不足
19365,山梨県,身延町,2.0,2.0,0.0,1.2316006636241152,1.2316006636241152,0.0,0.8888888888888888,0.8833333333333332,2.0,1,2.0,1,2.0,0.6666666666666666,複合型
19364,山梨県,早川町,,,,0.36363636363636365,0.36363636363636365,0.0,,0.0,,,,,,,データ不足
19346,山梨県,市川三郷町,,,,-0.5412703059337826,-0.5412703059337826,0.0,,0.0,,,,,,,データ不足
19214,山梨県,中央市,2.0,2.0,0.0,1.4800714226584752,1.4800714226584752,0.0,1,0.9999999999999999,2.0,1,2.0,1,2.0,1,複合型
19213,山梨県,甲州市,-0.6113902472172988,-0.6113902472172988,0.0,-0.3172992768903871,-0.3172992768903871,0.0,1,0.9999999999999999,-0.4924097694978159,1,-0.7374442191822081,1,-0.622324463252574,1,活動量低め
19212,山梨県,上野原市,0.7044013996084278,0.7044013996084278,0.0,0.26672808250133445,0.26672808250133445,0.0,0.6666666666666666,0.6749999999999999,0.3284437052089977,0.5,1.2543324180084126,0.5,0.608989649665014,1,救急型
19211,山梨県,笛吹市,-0.516687753210356,-0.516687753210356,0.0,0.1256149660126548,0.1256149660126548,0.0,1,0.9999999999999999,-0.6084683057930332,1,-0.21538047329037546,1,-0.6831705834162336,1,救急型
19210,山梨県,甲斐市,-0.9533000547380535,-0.9533000547380535,0.0,-0.5048324253407585,-0.5048324253407585,0.0,0.8333333333333334,0.825,-0.9672666885818247,1,-0.9520649324173374,1,-0.940392097169182,0.5,活動量低め
19209,山梨県,北杜市,-0.47108180144416134,-0.47108180144416134,0.0,-0.3946507921558863,-0.3946507921558863,0.0,1,0.9999999999999999,-0.6193539286825646,1,-0.3823717798503382,1,-0.39884683557189227,1,活動量低め
19208,山梨県,南アルプス市,-0.24405818702753496,-0.24405818702753496,0.0,-0.12848599946037922,-0.12848599946037922,0.0,0.8666666666666667,0.87,-0.563865063408258,0.8,0.30642554686206225,0.8,-0.3960945111236095,1,救急型
19207,山梨県,韮崎市,1.546131306993594,1.546131306993594,0.0,0.9280661579684907,0.9280661579684907,0.0,0.6666666666666666,0.6749999999999999,2.0,0.5,1.3828968907687593,0.5,1.2321778278941893,1,手術型
19206,山梨県,大月市,0.034560639214770705,0.034560639214770705,0.0,-0.17580028801800118,-0.17580028801800118,0.0,1,0.9999999999999999,0.3047724888961252,1,0.40891555554722037,1,-0.5565268530372549,1,複合型
19205,山梨県,山梨市,1.9271096132393932,1.9271096132393932,0.0,1.2064581780589285,1.2064581780589285,0.0,0.8333333333333334,0.8374999999999999,2.0,0.75,1.7570320441313108,0.75,2.0,1,複合型
19204,山梨県,都留市,1.0629221100110438,1.0629221100110438,0.0,0.5109672780654095,0.5109672780654095,0.0,0.8333333333333334,0.825,0.42826630590334425,1,1.456834739221402,1,1.3599385176527221,0.5,複合型
19202,山梨県,富士吉田市,1.2710055435229508,1.2710055435229508,0.0,0.4046268510198211,0.4046268510198211,0.0,1,0.9999999999999999,1.7884000455965685,1,0.5607650768685541,1,1.3623885842959589,1,手術型
19201,山梨県,甲府市,0.798167638583356,0.798167638583356,0.0,0.5974448518075003,0.5974448518075003,0.0,0.9166666666666666,0.9166666666666665,0.6585222636287751,0.9166666666666666,0.8589969634618995,0.9166666666666666,0.8856735922134715,0.9166666666666666,複合型
18501,福井県,若狭町,-0.8500995300833472,-0.8500995300833472,0.0,0.19217449932844383,0.19217449932844383,0.0,1,0.9999999999999999,-0.7405867326483155,1,-0.9317723785849839,1,-0.88960702880269,1,活動量低め
18483,福井県,おおい町,,,,0.21539023574940172,0.21539023574940172,0.0,,0.0,,,,,,,データ不足
18481,福井県,高浜町,,,,0.5462620331149314,0.5462620331149314,0.0,1,0.0,,0,,0,,0,データ不足
18442,福井県,美浜町,,,,-0.28340137243066676,-0.28340137243066676,0.0,,0.0,,,,,,,データ不足
18423,福井県,越前町,0.6968800057311886,0.6968800057311886,0.0,0.19094792695341348,0.19094792695341348,0.0,1,0.9999999999999999,1.9050541160479146,1,-0.15902789871587308,1,0.2223412420833728,1,手術型
18404,福井県,南越前町,,,,0.018811189991360857,0.018811189991360857,0.0,,0.0,,,,,,,データ不足
18382,福井県,池田町,,,,0.13066589559625988,0.13066589559625988,0.0,,0.0,,,,,,,データ不足
18322,福井県,永平寺町,2.0,2.0,0.0,2.476436754980982,2.476436754980982,0.0,1,0.9999999999999999,2.0,1,2.0,1,2.0,1,複合型
18210,福井県,坂井市,-0.5972982531455574,-0.5972982531455574,0.0,-0.4041298400675298,-0.4041298400675298,0.0,1,0.9999999999999999,-0.36984943155340444,1,-0.7389986758269138,1,-0.7032895695822621,1,活動量低め
18209,福井県,越前市,-0.1718384441169245,-0.1718384441169245,0.0,0.03733668737939641,0.03733668737939641,0.0,0.8888888888888888,0.8833333333333332,0.010831531320849797,1,-0.0025149695372576053,1,-0.4996428263372704,0.6666666666666666,複合型
18208,福井県,あわら市,0.03325025960872119,0.03325025960872119,0.0,0.16400505637146315,0.16400505637146315,0.0,1,0.9999999999999999,-0.08416699502938574,1,-0.05167174381356243,1,0.2234578028944998,1,複合型
18207,福井県,鯖江市,-0.09940439520059116,-0.09940439520059116,0.0,0.33602659906396365,0.33602659906396365,0.0,0.8333333333333334,0.825,-0.16761876441930368,0.8333333333333334,-0.1357927588461163,1,0.0,0.6666666666666666,複合型
18206,福井県,勝山市,1.653928540171103,1.653928540171103,0.0,0.784631012146281,0.784631012146281,0.0,1,0.9999999999999999,1.7852270397299814,1,1.0969969208853652,1,2.0,1,複合型
18204,福井県,小浜市,1.9340594968400668,1.9340594968400668,0.0,0.9541711983182607,0.9541711983182607,0.0,0.8333333333333334,0.825,2.0,1,1.7801983228002234,1,2.0,0.5,複合型
18202,福井県,敦賀市,0.48703464982461747,0.48703464982461747,0.0,0.33509281040793054,0.33509281040793054,0.0,1,0.9999999999999999,0.555171275169065,1,0.2938669668315328,1,0.5844703241885283,1,複合型
18201,福井県,福井市,0.4429657165634654,0.4429657165634654,0.0,0.5363221365974873,0.5363221365974873,0.0,0.9420289855072463,0.941304347826087,0.5521786205604913,0.9565217391304348,0.07110843028404967,0.9565217391304348,0.6524876293773674,0.9130434782608695,複合型
17463,石川県,能登町,1.6858845312236996,1.6858845312236996,0.0,0.5296535379366819,0.5296535379366819,0.0,0.8333333333333334,0.825,2.0,1,0.9529484374123325,1,2.0,0.5,複合型
17461,石川県,穴水町,2.0,2.0,0.0,0.8546454179084721,0.8546454179084721,0.0,1,0.6499999999999999,2.0,1,2.0,1,,0,複合型
17407,石川県,中能登町,,,,-0.6212337788725564,-0.6212337788725564,0.0,,0.0,,,,,,,データ不足
17386,石川県,宝達志水町,0.8883226747871965,0.8883226747871965,0.0,0.2839290503591972,0.2839290503591972,0.0,1,0.9999999999999999,1.5012661602025852,1,1.593576113275926,1,-0.32912375790424575,1,複合型
17384,石川県,志賀町,-0.538756381750807,-0.538756381750807,0.0,-0.47037075092588,-0.47037075092588,0.0,1,0.9999999999999999,-0.5031625212266506,1,-0.48646221980249216,1,-0.6191738096592332,1,活動量低め
17365,石川県,内灘町,2.0,2.0,0.0,2.1146802778975466,2.1146802778975466,0.0,0.8333333333333334,0.825,2.0,1,2.0,1,2.0,0.5,複合型
17361,石川県,津幡町,-0.22548599398895958,-0.22548599398895958,0.0,-0.2640309470001376,-0.2640309470001376,0.0,1,0.9999999999999999,-0.2906494184806606,1,-0.42500828885004116,1,0.010696540383668518,1,入院型
17324,石川県,川北町,,,,-0.20193854054631902,-0.20193854054631902,0.0,,0.0,,,,,,,データ不足
17212,石川県,野々市市,-0.42915341194038553,-0.42915341194038553,0.0,0.17904037981894172,0.17904037981894172,0.0,0.8888888888888888,0.8833333333333332,-0.42155737618972844,1,-0.2286084767807982,1,-0.6086451063992604,0.6666666666666666,複合型
17211,石川県,能美市,0.099570278155636,0.099570278155636,0.0,0.275134426478854,0.275134426478854,0.0,1,0.9999999999999999,0.19328776082068688,1,0.2575126682908011,1,-0.12952639605384209,1,複合型
17210,石川県,白山市,-0.013825493574800288,-0.013825493574800288,0.0,-0.07779780980088588,-0.07779780980088588,0.0,1,0.9999999999999999,0.01579282817029415,1,-0.13224926645890156,1,0.05806227572362066,1,複合型
17209,石川県,かほく市,-0.9679250748191555,-0.9679250748191555,0.0,-0.2979303486231955,-0.2979303486231955,0.0,0.7777777777777778,0.7833333333333332,-0.9102803637578732,0.6666666666666666,-0.9977564916796663,0.6666666666666666,-1.0,1,活動量低め
17207,石川県,羽咋市,1.1966783636284364,1.1966783636284364,0.0,0.44934010993123225,0.44934010993123225,0.0,1,0.9999999999999999,2.0,1,0.9788071768308764,1,0.5801034587976388,1,手術型
17206,石川県,加賀市,0.027477449659800323,0.027477449659800323,0.0,0.14881299772675452,0.14881299772675452,0.0,1,0.9999999999999999,-0.10360958166485246,1,0.23181023701102865,1,-0.016577908173742606,1,複合型
17205,石川県,珠洲市,1.7713571291756809,1.7713571291756809,0.0,0.46815625306616226,0.46815625306616226,0.0,1,0.9999999999999999,2.0,1,1.2378570972522702,1,2.0,1,複合型
17204,石川県,輪島市,-0.10731707192875714,-0.10731707192875714,0.0,-0.24200063686309398,-0.24200063686309398,0.0,1,0.9999999999999999,-0.13561326024234044,1,-0.17037265405217916,1,-0.024973241795097856,1,複合型
17203,石川県,小松市,0.24549654383635405,0.24549654383635405,0.0,0.22309755239492432,0.22309755239492432,0.0,0.8518518518518519,0.8499999999999999,0.2823884735325324,0.8888888888888888,0.09024312312483862,0.8888888888888888,0.34167897475004616,0.7777777777777778,複合型
17202,石川県,七尾市,1.8424734070309705,1.8424734070309705,0.0,0.8547610124991158,0.8547610124991158,0.0,0.9166666666666666,0.9124999999999999,2.0,1,1.4749113567699021,1,2.0,0.75,複合型
17201,石川県,金沢市,0.2677168237041687,0.2677168237041687,0.0,0.47521517133282787,0.47521517133282787,0.0,0.9210526315789473,0.9197368421052631,0.39980059091672837,0.9473684210526315,-0.03036102234578908,0.9473684210526315,0.3911283531058587,0.868421052631579,複合型
16343,富山県,朝日町,2.0,2.0,0.0,0.8175971981448916,0.8175971981448916,0.0,1,0.9999999999999999,2.0,1,2.0,1,2.0,1,複合型
16342,富山県,入善町,-0.6280078952641216,-0.6280078952641216,0.0,-0.45276002526357706,-0.45276002526357706,0.0,1,0.9999999999999999,-0.9689248192557713,1,-1.0,1,0.03175940421542367,1,入院型
16323,富山県,立山町,-0.8131719849282193,-0.8131719849282193,0.0,-0.5117241320646524,-0.5117241320646524,0.0,1,0.9999999999999999,-0.8469070852186897,1,-0.8601676403352807,1,-0.739154894288839,1,活動量低め
16322,富山県,上市町,1.5040075234681747,1.5040075234681747,0.0,0.3016609931713834,0.3016609931713834,0.0,1,0.9999999999999999,2.0,1,1.4726688755736688,1,1.03487674513164,1,手術型
16321,富山県,舟橋村,,,,0.39664365048588657,0.39664365048588657,0.0,,0.0,,,,,,,データ不足
16211,富山県,射水市,-0.19700977236943606,-0.19700977236943606,0.0,-0.19250850878014208,-0.19250850878014208,0.0,0.8333333333333334,0.825,0.23009973198352096,1,-0.2657837679624979,1,-0.5651701376426258,0.5,手術型
16210,富山県,南砺市,-0.032250403593092176,-0.032250403593092176,0.0,-0.04016624382695423,-0.04016624382695423,0.0,0.8333333333333334,0.825,-0.059332058500907725,1,0.09710647701891273,1,-0.11604607492413799,0.5,複合型
16209,富山県,小矢部市,0.06910576161803744,0.06910576161803744,0.0,0.21298178996022127,0.21298178996022127,0.0,0.9166666666666666,0.9124999999999999,0.1215439416498616,1,0.0535263431934061,1,0.030021368807325866,0.75,複合型
16208,富山県,砺波市,1.4036320684322987,1.4036320684322987,0.0,0.8139686099236872,0.8139686099236872,0.0,0.8,0.7899999999999999,1.5206632007440368,1,0.5831839433675825,1,1.9898421861760318,0.4,入院型
16207,富山県,黒部市,1.8276847434825827,1.8276847434825827,0.0,0.9558267080933905,0.9558267080933905,0.0,0.9166666666666666,0.9124999999999999,2.0,1,1.4256158116086093,1,2.0,0.75,複合型
16206,富山県,滑川市,0.46585156724231214,0.46585156724231214,0.0,0.069240190863926,0.069240190863926,0.0,1,0.9999999999999999,0.8743952797108261,1,0.13927479682693256,1,0.3372308008441236,1,手術型
16205,富山県,氷見市,0.3082540593248393,0.3082540593248393,0.0,0.0164768589712837,0.0164768589712837,0.0,0.8888888888888888,0.8833333333333332,0.5135647545686424,1,-0.11988686407357141,1,0.46992129842253116,0.6666666666666666,複合型
16204,富山県,魚津市,0.1864401527820567,0.1864401527820567,0.0,0.2861160863779763,0.2861160863779763,0.0,0.8666666666666667,0.87,0.2040708792230279,0.8,-0.10120088304415009,0.8,0.41535888562069134,1,複合型
16202,富山県,高岡市,0.27263195449201694,0.27263195449201694,0.0,0.24957656754795193,0.24957656754795193,0.0,0.861111111111111,0.8583333333333332,0.67293473221508,0.9166666666666666,-0.39264241368244635,0.9166666666666666,0.4425643494899225,0.75,複合型
16201,富山県,富山市,0.2886565356578534,0.2886565356578534,0.0,0.29581729667342,0.29581729667342,0.0,0.9428571428571428,0.94,0.3789661015513879,1,0.10251988863574635,1,0.3578926672118392,0.8285714285714286,複合型
15586,新潟県,粟島浦村,,,,0.36363636363636365,0.36363636363636365,0.0,,0.0,,,,,,,データ不足
15581,新潟県,関川村,,,,-0.3314528124753798,-0.3314528124753798,0.0,,0.0,,,,,,,データ不足
15504,新潟県,刈羽村,,,,-0.05276421577685076,-0.05276421577685076,0.0,,0.0,,,,,,,データ不足
15482,新潟県,津南町,1.6328388878907654,1.6328388878907654,0.0,0.47360240110075497,0.47360240110075497,0.0,1,0.9999999999999999,2.0,1,0.7761296263025512,1,2.0,1,複合型
15461,新潟県,湯沢町,2.0,2.0,0.0,0.6016538562188304,0.6016538562188304,0.0,1,0.6499999999999999,2.0,1,2.0,1,,0,複合型
15405,新潟県,出雲崎町,,,,-0.07185890105441875,-0.07185890105441875,0.0,,0.0,,,,,,,データ不足
15385,新潟県,阿賀町,0.6273683308189723,0.6273683308189723,0.0,0.07803806548974841,0.07803806548974841,0.0,1,0.9999999999999999,0.54292343387471,1,0.9240189107601724,1,0.4575413020993486,1,救急型
15361,新潟県,田上町,,,,-0.5160790700107865,-0.5160790700107865,0.0,,0.0,,,,,,,データ不足
15342,新潟県,弥彦村,,,,-0.3714751990647422,-0.3714751990647422,0.0,,0.0,,,,,,,データ不足
15307,新潟県,聖籠町,2.0,2.0,0.0,1.6013968905319909,1.6013968905319909,0.0,1,0.6499999999999999,2.0,1,2.0,1,,0,複合型
15227,新潟県,胎内市,-0.6607737556233189,-0.6607737556233189,0.0,-0.34153484527225103,-0.34153484527225103,0.0,1,0.9999999999999999,-0.6395739861813569,1,-0.6892146041935576,1,-0.657595654862219,1,活動量低め
15226,新潟県,南魚沼市,0.2419950029505797,0.2419950029505797,0.0,-0.018082867003420662,-0.018082867003420662,0.0,0.7777777777777778,0.7833333333333332,-0.5225598759007346,0.6666666666666666,-0.6067802363639214,0.6666666666666666,1.734071515500038,1,入院型
15225,新潟県,魚沼市,-0.6334634909736697,-0.6334634909736697,0.0,-0.42425517284541,-0.42425517284541,0.0,1,0.9999999999999999,-0.8052987666400726,1,-0.6544567942853347,1,-0.4436339553258398,1,活動量低め
15224,新潟県,佐渡市,0.3382044857621677,0.3382044857621677,0.0,-0.17298125689274887,-0.17298125689274887,0.0,1,0.9999999999999999,0.4312450475563976,1,0.29032007706773855,1,0.2862077028488772,1,複合型
15223,新潟県,阿賀野市,-0.6810713876195595,-0.6810713876195595,0.0,-0.4606039874578898,-0.4606039874578898,0.0,0.8333333333333334,0.825,-0.7338424089591571,1,-0.5415172647799593,1,-0.7479181858567622,0.5,活動量低め
15222,新潟県,上越市,-0.03751335431004012,-0.03751335431004012,0.0,-0.11371831680056808,-0.11371831680056808,0.0,0.9444444444444444,0.9416666666666667,-0.1501763418932378,1,0.029884251888285807,1,0.01738025653173536,0.8333333333333334,複合型
15218,新潟県,五泉市,-0.5924185657369724,-0.5924185657369724,0.0,-0.4056992992970611,-0.4056992992970611,0.0,0.8333333333333334,0.825,-0.6342964561293781,1,-0.5895371606704338,1,-0.5530104511158855,0.5,活動量低め
15217,新潟県,妙高市,-0.546764787972896,-0.546764787972896,0.0,-0.41725911138153216,-0.41725911138153216,0.0,1,0.9999999999999999,-0.6620614956805846,1,-0.3315045081738103,1,-0.6159768915215664,1,活動量低め
15216,新潟県,糸魚川市,0.3400500878732727,0.3400500878732727,0.0,-0.10626567332509282,-0.10626567332509282,0.0,1,0.9999999999999999,0.1386560416193563,1,0.5591032849123336,1,0.3536842509508511,1,複合型
15213,新潟県,燕市,-0.8909714465691296,-0.8909714465691296,0.0,-0.7379869401562891,-0.7379869401562891,0.0,1,0.9999999999999999,-0.9034195593798305,1,-0.9251346121664628,1,-0.8492406203892862,1,活動量低め
15212,新潟県,村上市,0.036188733636897064,0.036188733636897064,0.0,-0.0895826895768597,-0.0895826895768597,0.0,1,0.9999999999999999,-0.02348563270345294,1,0.1480290169436853,1,0.0,1,複合型
15211,新潟県,見附市,-0.7027660556360931,-0.7027660556360931,0.0,-0.5637723418078996,-0.5637723418078996,0.0,1,0.9999999999999999,-0.9236903097723307,1,-0.4298373225721036,1,-0.7157807155547036,1,活動量低め
15210,新潟県,十日町市,0.03278841048900959,0.03278841048900959,0.0,-0.2788989109183505,-0.2788989109183505,0.0,1,0.9999999999999999,-0.19545193602650246,1,0.2072716250986164,1,0.11147171591057292,1,複合型
15209,新潟県,加茂市,-0.6590127498846476,-0.6590127498846476,0.0,-0.49019298823568347,-0.49019298823568347,0.0,1,0.9999999999999999,-0.9543689807459642,1,-0.6476084322984306,1,-0.37343164838294574,1,活動量低め
15208,新潟県,小千谷市,-0.22994535560145035,-0.22994535560145035,0.0,-0.0969534197639379,-0.0969534197639379,0.0,1,0.9999999999999999,-0.017420462903700362,1,-0.1156229286601339,1,-0.5404608999631859,1,複合型
15206,新潟県,新発田市,0.3890373832866992,0.3890373832866992,0.0,0.013965112330695627,0.013965112330695627,0.0,0.9166666666666666,0.9124999999999999,0.2738707960113387,1,0.45502100710676596,1,0.4476465787162882,0.75,複合型
15205,新潟県,柏崎市,-0.23460777654222148,-0.23460777654222148,0.0,-0.16720670018246603,-0.16720670018246603,0.0,0.8333333333333334,0.825,-0.23960332159285858,1,-0.23523124111921456,1,-0.22907783328273323,0.5,複合型
15204,新潟県,三条市,0.5398712176314729,0.5398712176314729,0.0,0.24241487177460327,0.24241487177460327,0.0,0.9444444444444444,0.9416666666666667,0.35820055190735967,1,0.9865478756158581,1,0.3386761765118276,0.8333333333333334,救急型
15202,新潟県,長岡市,0.14849469230508788,0.14849469230508788,0.0,-0.1029808625301491,-0.1029808625301491,0.0,0.9,0.8999999999999999,0.15807331402351954,0.9,-0.0167463170867036,0.9,0.2805512214939061,0.9,複合型
15108,新潟県,新潟市西蒲区,-0.9248219707738279,-0.9248219707738279,0.0,-0.44646019315894936,-0.44646019315894936,0.0,0.9166666666666666,0.9124999999999999,-0.9619858549451116,1,-0.8727739638007337,1,-0.9322706640080535,0.75,活動量低め
15107,新潟県,新潟市西区,0.48099253263273856,0.48099253263273856,0.0,0.20901679733441017,0.20901679733441017,0.0,1,0.9999999999999999,0.19220190256091318,1,0.837687632090351,1,0.4640445060266105,1,救急型
15106,新潟県,新潟市南区,-0.6321550028608567,-0.6321550028608567,0.0,-0.24077237160489182,-0.24077237160489182,0.0,1,0.9999999999999999,-0.6672548812381996,1,-0.6365180005797781,1,-0.5933154121530098,1,活動量低め
15105,新潟県,新潟市秋葉区,-0.3907852429100178,-0.3907852429100178,0.0,-0.2851619184896443,-0.2851619184896443,0.0,1,0.9999999999999999,-0.6181949975394029,1,-0.11046069775569878,1,-0.40365366984147777,1,複合型
15104,新潟県,新潟市江南区,-0.1670048208840606,-0.1670048208840606,0.0,-0.3650683831158154,-0.3650683831158154,0.0,1,0.9999999999999999,-0.03458805088064043,1,-0.4567755563804775,1,-0.051046674747694865,1,複合型
15103,新潟県,新潟市中央区,1.5393263543282742,1.5393263543282742,0.0,1.035076360176714,1.035076360176714,0.0,0.9743589743589743,0.973076923076923,2.0,1,0.4644211810942478,1,2.0,0.9230769230769231,複合型
15102,新潟県,新潟市東区,-0.33037368201292316,-0.33037368201292316,0.0,-0.2829795618648787,-0.2829795618648787,0.0,1,0.9999999999999999,-0.46296770066251347,1,-0.16901836691941685,1,-0.3360842191577669,1,複合型
15101,新潟県,新潟市北区,-0.7374249420392383,-0.7374249420392383,0.0,-0.3838857352013222,-0.3838857352013222,0.0,0.7777777777777778,0.7833333333333332,-0.6880026936973396,0.6666666666666666,-0.6811227894840088,0.6666666666666666,-0.8351061782856195,1,活動量低め
14402,神奈川県,清川村,,,,0.2581213589003567,0.2581213589003567,0.0,,0.0,,,,,,,データ不足
14401,神奈川県,愛川町,-0.6226339022441809,-0.6226339022441809,0.0,-0.49934639652157803,-0.49934639652157803,0.0,1,0.9999999999999999,-0.7364825454917536,1,-0.39262268073398543,1,-0.7059377345767758,1,活動量低め
14384,神奈川県,湯河原町,0.4267166239544964,0.4267166239544964,0.0,0.33516032261103174,0.33516032261103174,0.0,1,0.9999999999999999,1.04087314499894,1,-0.31137152002207,1,0.4452070834613957,1,手術型
14383,神奈川県,真鶴町,,,,-0.39284140743709206,-0.39284140743709206,0.0,,0.0,,,,,,,データ不足
14382,神奈川県,箱根町,-1.0,-1.0,0.0,0.013309607913278274,0.013309607913278274,0.0,1,0.6499999999999999,-1.0,1,-1.0,1,,0,活動量低め
14366,神奈川県,開成町,,,,0.5330450880567694,0.5330450880567694,0.0,,0.0,,,,,,,データ不足
14364,神奈川県,山北町,,,,-0.241643627854097,-0.241643627854097,0.0,,0.0,,,,,,,データ不足
14363,神奈川県,松田町,,,,0.7970753067148894,0.7970753067148894,0.0,1,0.0,,0,,0,,0,データ不足
14362,神奈川県,大井町,2.0,2.0,0.0,0.36823026279806387,0.36823026279806387,0.0,1,0.6499999999999999,2.0,1,2.0,1,,0,複合型
14361,神奈川県,中井町,,,,0.2460328305542961,0.2460328305542961,0.0,1,0.0,,0,,0,,0,データ不足
14342,神奈川県,二宮町,,,,-0.4067575053545075,-0.4067575053545075,0.0,,0.0,,,,,,,データ不足
14341,神奈川県,大磯町,1.9302346908999957,1.9302346908999957,0.0,0.6477605914643727,0.6477605914643727,0.0,1,0.9999999999999999,2.0,1,1.7674489696666527,1,2.0,1,複合型
14321,神奈川県,寒川町,-0.397104148262193,-0.397104148262193,0.0,-0.3806220894602854,-0.3806220894602854,0.0,1,0.9999999999999999,-0.4314450341026749,1,-0.548884903632149,1,-0.23266547210460586,1,複合型
14301,神奈川県,葉山町,1.4224098452662282,1.4224098452662282,0.0,0.2177547304822168,0.2177547304822168,0.0,1,0.9999999999999999,1.091820575918491,1,1.1342421456491878,1,2.0,1,入院型
14218,神奈川県,綾瀬市,-0.8221683503180486,-0.8221683503180486,0.0,-0.7160650681387074,-0.7160650681387074,0.0,1,0.9999999999999999,-0.8780102439754149,1,-0.7482860082320891,1,-0.8296541784486479,1,活動量低め
14217,神奈川県,南足柄市,-0.9562053978450298,-0.9562053978450298,0.0,-0.5290602206237047,-0.5290602206237047,0.0,1,0.9999999999999999,-0.9906936831534403,1,-0.8819049135958944,1,-0.9854032418930213,1,活動量低め
14216,神奈川県,座間市,-0.4287671124978911,-0.4287671124978911,0.0,-0.3482098878683914,-0.3482098878683914,0.0,0.9166666666666666,0.9124999999999999,-0.417970525814515,1,-0.23228105441250824,1,-0.6079803203973098,0.75,複合型
14215,神奈川県,海老名市,0.44472555594106306,0.44472555594106306,0.0,0.02050185302978051,0.02050185302978051,0.0,1,0.9999999999999999,0.21633308679113483,1,1.0907568415982603,1,0.11937692309910797,1,救急型
14214,神奈川県,伊勢原市,1.9786961499272313,1.9786961499272313,0.0,0.8402400592278518,0.8402400592278518,0.0,1,0.9999999999999999,2.0,1,1.928987166424105,1,2.0,1,複合型
14213,神奈川県,大和市,-0.0711545634685587,-0.0711545634685587,0.0,-0.1684406498089846,-0.1684406498089846,0.0,0.9583333333333334,0.9562499999999998,-0.1327692332241326,1,0.07228079184816005,1,-0.132484483984458,0.875,複合型
14212,神奈川県,厚木市,0.06440608286569123,0.06440608286569123,0.0,0.015488092539200698,0.015488092539200698,0.0,1,0.9999999999999999,0.003960005967037938,1,0.2100669359240932,1,0.0,1,複合型
14211,神奈川県,秦野市,-0.5334012267665347,-0.5334012267665347,0.0,-0.24479144628083227,-0.24479144628083227,0.0,0.8666666666666667,0.87,-0.5849983934845349,0.8,-0.33930360203764953,0.8,-0.6481734526732933,1,活動量低め
14210,神奈川県,三浦市,-0.4804303626883769,-0.4804303626883769,0.0,-0.3650720050338274,-0.3650720050338274,0.0,0.6666666666666666,0.6749999999999999,-0.4070465413963895,0.5,-0.5811446361739475,0.5,-0.4674876638498753,1,活動量低め
14207,神奈川県,茅ヶ崎市,-0.4077362917265296,-0.4077362917265296,0.0,-0.36121871830673147,-0.36121871830673147,0.0,0.8,0.8,-0.4459507859170153,0.8,-0.16800707524052938,0.8,-0.5750039830954727,0.8,複合型
14206,神奈川県,小田原市,0.14260765588515342,0.14260765588515342,0.0,0.01708711158106579,0.01708711158106579,0.0,0.8787878787878788,0.8772727272727272,-0.04483275198055248,0.9090909090909091,0.41624629248317224,0.9090909090909091,0.09550066095255749,0.8181818181818182,救急型
14205,神奈川県,藤沢市,-0.06294584029267991,-0.06294584029267991,0.0,-0.10301459115135202,-0.10301459115135202,0.0,1,0.9999999999999999,-0.1872592557302183,1,0.1423476291334429,1,-0.11459825579181826,1,複合型
14204,神奈川県,鎌倉市,1.0966363825308825,1.0966363825308825,0.0,0.5097565779338822,0.5097565779338822,0.0,1,0.9999999999999999,0.8682023214914183,1,1.414214401945154,1,1.0528607126438283,1,救急型
14203,神奈川県,平塚市,-0.1219969984550413,-0.1219969984550413,0.0,-0.2241583992692475,-0.2241583992692475,0.0,0.9166666666666666,0.91875,-0.3157818499920758,0.875,0.21922640069476151,0.875,-0.2206893461892664,1,救急型
14201,神奈川県,横須賀市,-0.08027783303807141,-0.08027783303807141,0.0,-0.23727658379091,-0.23727658379091,0.0,1,0.9999999999999999,-0.2125417463079632,1,0.20844886293291331,1,-0.19549394488616656,1,救急型
14153,神奈川県,相模原市南区,0.5427175648568707,0.5427175648568707,0.0,0.17467119353016386,0.17467119353016386,0.0,0.9487179487179487,0.9461538461538461,0.6731151877664703,1,0.05802589495502963,1,0.827769944720278,0.8461538461538461,複合型
14152,神奈川県,相模原市中央区,-0.5152538977693466,-0.5152538977693466,0.0,-0.4513059981909897,-0.4513059981909897,0.0,0.9629629629629629,0.961111111111111,-0.5142689695955471,1,-0.45721259599978836,1,-0.565988513174196,0.8888888888888888,活動量低め
14151,神奈川県,相模原市緑区,0.045743956077559614,0.045743956077559614,0.0,0.023006490024225234,0.023006490024225234,0.0,1,0.9999999999999999,-0.14178840941954485,1,0.3700007221031798,1,-0.04465804930443895,1,救急型
14137,神奈川県,川崎市麻生区,0.22934017622195335,0.22934017622195335,0.0,0.11207982329997546,0.11207982329997546,0.0,1,0.9999999999999999,0.4430104882259476,1,0.2858206039565505,1,-0.03274193098312417,1,複合型
14136,神奈川県,川崎市宮前区,-0.039154365334178036,-0.039154365334178036,0.0,-0.25422827429951933,-0.25422827429951933,0.0,0.8333333333333334,0.825,0.10835907735259465,1,-0.3311165198751813,1,0.06358546729990922,0.5,複合型
14135,神奈川県,川崎市多摩区,-0.6421249358875222,-0.6421249358875222,0.0,-0.5794304237518861,-0.5794304237518861,0.0,0.6666666666666666,0.6749999999999999,-0.6676287174601917,0.5,-0.6685958199724522,0.5,-0.5939318250991983,1,活動量低め
14134,神奈川県,川崎市高津区,-0.20266573384773118,-0.20266573384773118,0.0,-0.2260534322453539,-0.2260534322453539,0.0,0.8666666666666667,0.87,-0.22072147630923,0.8,-0.29745689823234234,0.8,-0.10336042191370853,1,複合型
14133,神奈川県,川崎市中原区,0.22712982782326882,0.22712982782326882,0.0,-0.06514708298532217,-0.06514708298532217,0.0,1,0.9999999999999999,0.3047620526127519,1,0.06627833886764956,1,0.287370307852888,1,複合型
14132,神奈川県,川崎市幸区,-0.1368212506005472,-0.1368212506005472,0.0,-0.3468980830327556,-0.3468980830327556,0.0,0.8888888888888888,0.8833333333333332,-0.08892885049333432,1,-0.04463996640857881,1,-0.26372618001516157,0.6666666666666666,複合型
14131,神奈川県,川崎市川崎区,0.8327456214231352,0.8327456214231352,0.0,0.48194971236720086,0.48194971236720086,0.0,0.9666666666666667,0.9649999999999999,1.160823562555421,1,0.44452969086347127,1,0.8374241921991328,0.9,手術型
14118,神奈川県,横浜市都筑区,-0.25199341465148273,-0.25199341465148273,0.0,-0.3024469569452511,-0.3024469569452511,0.0,1,0.9999999999999999,-0.20125777249877053,1,-0.4625565860812879,1,-0.12224633843579058,1,複合型
14117,神奈川県,横浜市青葉区,0.14558677906547762,0.14558677906547762,0.0,-0.04786787359561204,-0.04786787359561204,0.0,0.9333333333333333,0.9299999999999999,0.08132034599197024,1,0.18177684923968318,1,0.17883315198966598,0.8,複合型
14116,神奈川県,横浜市泉区,-0.12620544548514873,-0.12620544548514873,0.0,-0.21582359896633066,-0.21582359896633066,0.0,1,0.9999999999999999,-0.24558605951067336,1,0.11015895870217807,1,-0.20942289219161847,1,救急型
14115,神奈川県,横浜市栄区,0.2270677555955952,0.2270677555955952,0.0,-0.302910016286648,-0.302910016286648,0.0,1,0.9999999999999999,0.41074343673044034,1,0.06408584464744038,1,0.18309085527345426,1,複合型
14114,神奈川県,横浜市瀬谷区,-0.9119714443043717,-0.9119714443043717,0.0,-0.5794453121913204,-0.5794453121913204,0.0,1,0.9999999999999999,-0.8600863706405807,1,-0.9707592594936947,1,-0.9134669620916003,1,活動量低め
14113,神奈川県,横浜市緑区,-0.6831603919105244,-0.6831603919105244,0.0,-0.3485514760518801,-0.3485514760518801,0.0,0.888888888888889,0.8916666666666667,-0.7352499697878279,0.8333333333333334,-0.5605747242133805,0.8333333333333334,-0.7361442434879155,1,活動量低め
14112,神奈川県,横浜市旭区,0.3191395773112625,0.3191395773112625,0.0,0.08461017703291403,0.08461017703291403,0.0,0.8666666666666667,0.87,0.14895147612598758,0.8,0.370218924091652,0.8,0.4455453812562036,1,複合型
14111,神奈川県,横浜市港南区,-0.16408059142259515,-0.16408059142259515,0.0,-0.1747517823045931,-0.1747517823045931,0.0,0.9393939393939393,0.9409090909090908,-0.2970819731213097,0.9090909090909091,-0.014105159648146959,0.9090909090909091,-0.1596295798162648,1,複合型
14110,神奈川県,横浜市戸塚区,0.03172805094069496,0.03172805094069496,0.0,-0.08613668314608629,-0.08613668314608629,0.0,0.9333333333333333,0.9349999999999999,-0.14777115597329704,0.9,0.17460504776609453,0.9,0.08876126057577305,1,複合型
14109,神奈川県,横浜市港北区,-0.22132906731011406,-0.22132906731011406,0.0,-0.3198818485625495,-0.3198818485625495,0.0,1,0.9999999999999999,-0.22429415547184794,1,-0.16464304397126783,1,-0.2669519991531055,1,複合型
14108,神奈川県,横浜市金沢区,0.8265356565380658,0.8265356565380658,0.0,0.25033601973719094,0.25033601973719094,0.0,1,0.9999999999999999,0.8810083333414349,1,0.48146506376287634,1,1.067837773542002,1,複合型
14107,神奈川県,横浜市磯子区,-0.5683383247938163,-0.5683383247938163,0.0,-0.3695837727583714,-0.3695837727583714,0.0,1,0.9999999999999999,-0.5873924935101795,1,-0.3861297919424447,1,-0.7054628985214859,1,活動量低め
14106,神奈川県,横浜市保土ケ谷区,-0.39387394619908556,-0.39387394619908556,0.0,-0.37399545601304823,-0.37399545601304823,0.0,1,0.9999999999999999,-0.5207585009810103,1,-0.11824232688567304,1,-0.5032450651143717,1,救急型
14105,神奈川県,横浜市南区,0.1780698987875965,0.1780698987875965,0.0,-0.1711070411030131,-0.1711070411030131,0.0,0.9166666666666666,0.9124999999999999,0.46760343986117237,1,-0.4544541820400353,1,0.43069985556627643,0.75,複合型
14104,神奈川県,横浜市中区,0.932158195303959,0.932158195303959,0.0,0.5106165610273775,0.5106165610273775,0.0,1,0.9999999999999999,0.6806804526630885,1,1.521986561201214,1,0.6780687671757542,1,救急型
14103,神奈川県,横浜市西区,0.6382356929752938,0.6382356929752938,0.0,0.24362541858089481,0.24362541858089481,0.0,1,0.9999999999999999,1.0634468416220169,1,-0.00647346837178886,1,0.7656323969117846,1,複合型
14102,神奈川県,横浜市神奈川区,-0.005473011711948151,-0.005473011711948151,0.0,-0.014922565764621037,-0.014922565764621037,0.0,1,0.9999999999999999,0.006156785510752494,1,-0.06370177219482964,1,0.03280755719353534,1,複合型
14101,神奈川県,横浜市鶴見区,-0.23240732953654616,-0.23240732953654616,0.0,-0.16308415786628394,-0.16308415786628394,0.0,0.9722222222222222,0.9708333333333332,-0.1062606955078903,1,-0.36615070092385493,1,-0.243916788090366,0.9166666666666666,複合型
13421,東京都,小笠原村,,,,0.41706663782773773,0.41706663782773773,0.0,,0.0,,,,,,,データ不足
13402,東京都,青ヶ島村,,,,0.36363636363636365,0.36363636363636365,0.0,,0.0,,,,,,,データ不足
13401,東京都,八丈町,,,,0.07350392748537123,0.07350392748537123,0.0,1,0.0,,0,,0,,0,データ不足
13382,東京都,御蔵島村,,,,0.36363636363636365,0.36363636363636365,0.0,,0.0,,,,,,,データ不足
13381,東京都,三宅村,,,,-0.012523959301030048,-0.012523959301030048,0.0,,0.0,,,,,,,データ不足
13364,東京都,神津島村,,,,0.012631786998138777,0.012631786998138777,0.0,,0.0,,,,,,,データ不足
13363,東京都,新島村,,,,0.32715427537229463,0.32715427537229463,0.0,,0.0,,,,,,,データ不足
13362,東京都,利島村,,,,0.36363636363636365,0.36363636363636365,0.0,,0.0,,,,,,,データ不足
13361,東京都,大島町,,,,-0.0035775115262688937,-0.0035775115262688937,0.0,,0.0,,,,,,,データ不足
13308,東京都,奥多摩町,,,,0.7144144661888222,0.7144144661888222,0.0,1,0.0,,0,,0,,0,データ不足
13307,東京都,檜原村,,,,-0.03611126866586138,-0.03611126866586138,0.0,,0.0,,,,,,,データ不足
13305,東京都,日の出町,-0.9937247725171976,-0.9937247725171976,0.0,-0.3240820443539924,-0.3240820443539924,0.0,1,0.9999999999999999,-0.9820707786205647,1,-1.0,1,-1.0,1,活動量低め
13303,東京都,瑞穂町,-0.9965603200727187,-0.9965603200727187,0.0,-0.7341576151419135,-0.7341576151419135,0.0,1,0.9999999999999999,-0.9901723430649108,1,-1.0,1,-1.0,1,活動量低め
13229,東京都,西東京市,-0.12603037831649333,-0.12603037831649333,0.0,-0.13950664623679093,-0.13950664623679093,0.0,0.888888888888889,0.8916666666666667,-0.28082987044853536,0.8333333333333334,0.1591552889562311,0.8333333333333334,-0.21567574384678656,1,救急型
13228,東京都,あきる野市,-0.25129157883680986,-0.25129157883680986,0.0,-0.1415028557281492,-0.1415028557281492,0.0,1,0.9999999999999999,-0.2538119238248583,1,-0.23422592037866075,1,-0.2633989410986036,1,複合型
13227,東京都,羽村市,-1.0,-1.0,0.0,-0.6019709585227183,-0.6019709585227183,0.0,1,0.9999999999999999,-1.0,1,-1.0,1,-1.0,1,活動量低め
13225,東京都,稲城市,-0.33955667473591633,-0.33955667473591633,0.0,-0.17149937276952631,-0.17149937276952631,0.0,1,0.9999999999999999,-0.3436615104842501,1,-0.40291233227193524,1,-0.28114698967099505,1,活動量低め
13224,東京都,多摩市,0.29057089007581605,0.29057089007581605,0.0,0.060446998354894727,0.060446998354894727,0.0,0.8333333333333334,0.8333333333333335,0.3866010382252527,0.8333333333333334,-0.04792216409894223,0.8333333333333334,0.4846776455047437,0.8333333333333334,複合型
13223,東京都,武蔵村山市,0.5316872504745302,0.5316872504745302,0.0,0.34070404319525466,0.34070404319525466,0.0,1,0.9999999999999999,0.7046799300762014,1,0.08287771214809703,1,0.7433884608669448,1,複合型
13222,東京都,東久留米市,-0.8557472303037812,-0.8557472303037812,0.0,-0.6329160062808998,-0.6329160062808998,0.0,0.6666666666666666,0.6749999999999999,-0.9319003789715745,0.5,-0.8761496273734772,0.5,-0.7621063127191059,1,活動量低め
13221,東京都,清瀬市,0.3450896189447382,0.3450896189447382,0.0,0.7960375795442857,0.7960375795442857,0.0,1,0.9999999999999999,0.01977830961578797,1,-0.26576171272167026,1,1.1939877839877528,1,入院型
13220,東京都,東大和市,0.24736086996166853,0.24736086996166853,0.0,-0.19412752285338314,-0.19412752285338314,0.0,0.8333333333333334,0.825,0.05004679822560498,1,0.5372908549825501,1,0.19616352596554787,0.5,救急型
13219,東京都,狛江市,,,,-0.49850929893375123,-0.49850929893375123,0.0,,0.0,,,,,,,データ不足
13218,東京都,福生市,1.3399719122295184,1.3399719122295184,0.0,0.7308871693837763,0.7308871693837763,0.0,1,0.9999999999999999,0.9213164510018668,1,2.0,1,1.1928890125110434,1,救急型
13215,東京都,国立市,-0.6950851878673519,-0.6950851878673519,0.0,-0.5076212484458287,-0.5076212484458287,0.0,0.8333333333333334,0.825,-0.5573892807942821,1,-0.9392163209075144,1,-0.6235258380488538,0.5,活動量低め
13214,東京都,国分寺市,-0.9937261062615359,-0.9937261062615359,0.0,-0.6380520934904053,-0.6380520934904053,0.0,0.8333333333333334,0.825,-0.9994320753963155,1,-0.9797495995760853,1,-1.0,0.5,活動量低め
13213,東京都,東村山市,-0.0319994155589322,-0.0319994155589322,0.0,0.027802839807376998,0.027802839807376998,0.0,0.8888888888888888,0.8888888888888888,-0.14353448283172932,0.8888888888888888,0.1861346963136994,0.8888888888888888,-0.10743644417696219,0.8888888888888888,複合型
13212,東京都,日野市,-0.6164232078689534,-0.6164232078689534,0.0,-0.4144081415839964,-0.4144081415839964,0.0,1,0.9999999999999999,-0.6922423771262475,1,-0.5357077997065418,1,-0.6097886741794409,1,活動量低め
13211,東京都,小平市,0.144100191078578,0.144100191078578,0.0,0.06726718974647838,0.06726718974647838,0.0,1,0.9999999999999999,-0.16308134805208596,1,0.6133765646437948,1,0.04904483858191333,1,救急型
13210,東京都,小金井市,-0.8655599219878618,-0.8655599219878618,0.0,-0.4229492097889449,-0.4229492097889449,0.0,1,0.9999999999999999,-0.7893247102302392,1,-0.9081712389587325,1,-0.9052711477704527,1,活動量低め
13209,東京都,町田市,-0.5083672051060192,-0.5083672051060192,0.0,-0.3168816000004868,-0.3168816000004868,0.0,0.9777777777777777,0.9766666666666666,-0.5524112705690116,1,-0.33575927423982976,1,-0.6122727946711891,0.9333333333333333,活動量低め
13208,東京都,調布市,-0.804102004622428,-0.804102004622428,0.0,-0.42862998834122157,-0.42862998834122157,0.0,0.9047619047619048,0.9071428571428571,-0.8395395197565034,0.8571428571428571,-0.6829577775864222,0.8571428571428571,-0.8725023983763576,1,活動量低め
13207,東京都,昭島市,0.284686527759412,0.284686527759412,0.0,0.20559331648493742,0.20559331648493742,0.0,1,0.9999999999999999,-0.05998768538046084,1,0.7463661730350697,1,0.2336353306630068,1,救急型
13206,東京都,府中市,0.36532897375677237,0.36532897375677237,0.0,0.21586984877329626,0.21586984877329626,0.0,0.9696969696969697,0.968181818181818,0.39837797264440034,1,0.3330678345645708,1,0.35993237989103144,0.9090909090909091,複合型
13205,東京都,青梅市,0.03004177173590157,0.03004177173590157,0.0,0.1702006721094054,0.1702006721094054,0.0,1,0.9999999999999999,-0.24458402513446453,1,0.27645699596587225,1,0.09345451926629278,1,複合型
13204,東京都,三鷹市,0.45080359814967463,0.45080359814967463,0.0,0.1612906478242126,0.1612906478242126,0.0,1,0.9999999999999999,0.6772757587259741,1,0.0,1,0.6107345217016678,1,複合型
13203,東京都,武蔵野市,0.5828737327297959,0.5828737327297959,0.0,0.2208499533752123,0.2208499533752123,0.0,0.9444444444444444,0.9416666666666667,0.6032219196989057,1,0.47233731673263146,1,0.6572710451868273,0.8333333333333334,複合型
13202,東京都,立川市,0.9436132873125554,0.9436132873125554,0.0,0.3417993388646411,0.3417993388646411,0.0,0.9523809523809523,0.95,1.0282031769870468,1,0.7319892847855549,1,1.0404153998040648,0.8571428571428571,複合型
13201,東京都,八王子市,-0.2254144989876173,-0.2254144989876173,0.0,-0.1388727377689716,-0.1388727377689716,0.0,0.9523809523809524,0.9517857142857142,-0.3077059557501757,0.9642857142857143,-0.08609684487224023,0.9642857142857143,-0.26253817432395365,0.9285714285714286,複合型
13123,東京都,江戸川区,-0.3392751053267127,-0.3392751053267127,0.0,-0.3488819024168826,-0.3488819024168826,0.0,0.9545454545454546,0.9545454545454546,-0.32479203229820774,0.9545454545454546,-0.3831929033460404,0.9545454545454546,-0.31611435148150824,0.9545454545454546,活動量低め
13122,東京都,葛飾区,-0.1406196997871189,-0.1406196997871189,0.0,-0.17269192977815342,-0.17269192977815342,0.0,0.95,0.9474999999999999,-0.23045956781506383,1,0.017885258971273466,1,-0.18664122498065316,0.85,複合型
13121,東京都,足立区,-0.351196786072812,-0.351196786072812,0.0,-0.04553307992874556,-0.04553307992874556,0.0,0.8782051282051282,0.8769230769230769,-0.4250775266732342,0.8846153846153846,-0.1281224007994275,0.9038461538461539,-0.4685226614210052,0.8461538461538461,複合型
13120,東京都,練馬区,-0.5195662641597342,-0.5195662641597342,0.0,-0.4372614579579531,-0.4372614579579531,0.0,0.8484848484848485,0.8477272727272727,-0.5557863556446762,0.8181818181818182,-0.4248650852065772,0.8636363636363636,-0.5645186117774982,0.8636363636363636,活動量低め
13119,東京都,板橋区,0.4590867019591275,0.4590867019591275,0.0,0.40366286244005123,0.40366286244005123,0.0,0.9487179487179487,0.9461538461538461,0.4947493439302417,1,0.34107878777287337,1,0.5245737007190883,0.8461538461538461,複合型
13118,東京都,荒川区,-0.6651074349131421,-0.6651074349131421,0.0,-0.28075891935233965,-0.28075891935233965,0.0,0.9666666666666667,0.9649999999999999,-0.7720693751801865,1,-0.42702204328661475,1,-0.7622186874688357,0.9,活動量低め
13117,東京都,北区,-0.19225899773904032,-0.19225899773904032,0.0,-0.08251007481365803,-0.08251007481365803,0.0,0.9583333333333334,0.9562499999999998,-0.3514937865270733,1,0.12190926208274866,1,-0.3023112887982551,0.875,救急型
13116,東京都,豊島区,-0.6182076313515517,-0.6182076313515517,0.0,-0.2410983600232121,-0.2410983600232121,0.0,0.9333333333333333,0.9299999999999999,-0.6706120295853597,1,-0.5174917239442444,1,-0.6521311537525785,0.8,活動量低め
13115,東京都,杉並区,-0.5533978316245387,-0.5533978316245387,0.0,-0.34392452167740845,-0.34392452167740845,0.0,0.9444444444444444,0.9416666666666667,-0.598467891165818,1,-0.6380947162641559,1,-0.4357304423921591,0.8333333333333334,活動量低め
13114,東京都,中野区,-0.13344147958044902,-0.13344147958044902,0.0,-0.15730179837079172,-0.15730179837079172,0.0,1,0.9999999999999999,-0.23520397688446704,1,0.09455810128669162,1,-0.22710719444826588,1,救急型
13113,東京都,渋谷区,0.4058015953442202,0.4058015953442202,0.0,0.585691242912186,0.585691242912186,0.0,0.9761904761904762,0.9749999999999999,0.5489659791281496,1,0.17571994763302823,1,0.4598500524555984,0.9285714285714286,複合型
13112,東京都,世田谷区,-0.5118635856224821,-0.5118635856224821,0.0,-0.3244526227051502,-0.3244526227051502,0.0,1,0.9999999999999999,-0.5926720736334239,1,-0.3636748152036462,1,-0.5580740436848284,1,活動量低め
13111,東京都,大田区,-0.10469228172640667,-0.10469228172640667,0.0,-0.15160456527324645,-0.15160456527324645,0.0,0.9393939393939394,0.9363636363636363,-0.12470944609760493,1,-0.019241123535145177,1,-0.15791896723343257,0.8181818181818182,複合型
13110,東京都,目黒区,0.3718024013380265,0.3718024013380265,0.0,0.20716732149103728,0.20716732149103728,0.0,0.9,0.8999999999999999,0.2657162509309783,0.9,0.26335004625975467,0.9,0.5708477132407364,0.9,入院型
13109,東京都,品川区,0.41467612547674004,0.41467612547674004,0.0,0.17673000773496475,0.17673000773496475,0.0,0.9333333333333333,0.9333333333333333,0.7010204924340735,0.9333333333333333,0.07088410245549848,0.9333333333333333,0.4230106353947567,0.9333333333333333,複合型
13108,東京都,江東区,-0.22033927300318043,-0.22033927300318043,0.0,-0.1540387311351648,-0.1540387311351648,0.0,1,0.9999999999999999,-0.12270957648289982,1,-0.4340376173572611,1,-0.13479896007710623,1,複合型
13107,東京都,墨田区,0.4800956215870928,0.4800956215870928,0.0,0.25994156733464624,0.25994156733464624,0.0,0.9487179487179487,0.9461538461538461,0.23151771964555423,1,0.9309196298595381,1,0.3422529450093925,0.8461538461538461,救急型
13106,東京都,台東区,-0.4833007736497492,-0.4833007736497492,0.0,-0.18747153709986197,-0.18747153709986197,0.0,1,0.9999999999999999,-0.5022533301993559,1,-0.4829193295911285,1,-0.464675169150389,1,活動量低め
13105,東京都,文京区,1.6299800781301332,1.6299800781301332,0.0,1.1463838789324061,1.1463838789324061,0.0,1,0.9999999999999999,2.0,1,0.7666002604337774,1,2.0,1,複合型
13104,東京都,新宿区,1.884896841879189,1.884896841879189,0.0,1.1847841288744652,1.1847841288744652,0.0,0.9722222222222222,0.9708333333333332,2.0,1,1.6163228062639639,1,2.0,0.9166666666666666,複合型
13103,東京都,港区,1.5573506189916535,1.5573506189916535,0.0,1.1281171124591718,1.1281171124591718,0.0,1,0.9999999999999999,1.9175368191402944,1,0.6207091076418352,1,2.0,1,複合型
13102,東京都,中央区,0.6354581777721184,0.6354581777721184,0.0,0.5992494553520267,0.5992494553520267,0.0,1,0.9999999999999999,0.7975425044648758,1,0.13558158978235313,1,0.9018394979277315,1,複合型
13101,東京都,千代田区,2.0,2.0,0.0,2.2259562811037545,2.2259562811037545,0.0,0.9285714285714286,0.9249999999999998,2.0,1,2.0,1,2.0,0.7857142857142857,複合型
12463,千葉県,鋸南町,0.6972464541427279,0.6972464541427279,0.0,0.37238008951992313,0.37238008951992313,0.0,1,0.6499999999999999,-0.4193994423063627,1,2.0,1,,0,救急型
12443,千葉県,御宿町,,,,-0.44347586719273513,-0.44347586719273513,0.0,,0.0,,,,,,,データ不足
12441,千葉県,大多喜町,-0.8582147738568588,-0.8582147738568588,0.0,0.3461976972395157,0.3461976972395157,0.0,1,0.9999999999999999,-0.5948993538767395,1,-1.0,1,-1.0,1,活動量低め
12427,千葉県,長南町,,,,-0.47346397492742825,-0.47346397492742825,0.0,,0.0,,,,,,,データ不足
12426,千葉県,長柄町,2.0,2.0,0.0,1.2293878592975294,1.2293878592975294,0.0,1,0.6499999999999999,2.0,1,2.0,1,,0,複合型
12424,千葉県,白子町,,,,-0.28478550037155825,-0.28478550037155825,0.0,,0.0,,,,,,,データ不足
12423,千葉県,長生村,,,,-0.3951475989941079,-0.3951475989941079,0.0,,0.0,,,,,,,データ不足
12422,千葉県,睦沢町,,,,-0.49394064726463266,-0.49394064726463266,0.0,,0.0,,,,,,,データ不足
12421,千葉県,一宮町,,,,-0.22258746556219478,-0.22258746556219478,0.0,,0.0,,,,,,,データ不足
12410,千葉県,横芝光町,-0.4496685788978964,-0.4496685788978964,0.0,-0.3316668037557521,-0.3316668037557521,0.0,1,0.9999999999999999,-0.4101812450491341,1,-0.4603378511944225,1,-0.48001082220677926,1,活動量低め
12409,千葉県,芝山町,,,,0.4853073711539025,0.4853073711539025,0.0,1,0.0,,0,,0,,0,データ不足
12403,千葉県,九十九里町,0.5587443223953789,0.5587443223953789,0.0,0.31634261132058594,0.31634261132058594,0.0,1,0.9999999999999999,-0.18899527518398074,1,2.0,1,0.07112191059934903,1,救急型
12349,千葉県,東庄町,0.17413926477873232,0.17413926477873232,0.0,-0.20120975205653555,-0.20120975205653555,0.0,1,0.9999999999999999,0.0,1,-0.06373627065104892,1,0.5521718456401343,1,入院型
12347,千葉県,多古町,1.332925905612578,1.332925905612578,0.0,0.3127483489847469,0.3127483489847469,0.0,1,0.9999999999999999,2.0,1,-0.22358031462473982,1,2.0,1,複合型
12342,千葉県,神崎町,,,,-0.40373621058036424,-0.40373621058036424,0.0,,0.0,,,,,,,データ不足
12322,千葉県,酒々井町,-0.6953311455847255,-0.6953311455847255,0.0,-0.33067446050089105,-0.33067446050089105,0.0,1,0.9999999999999999,-0.12951755881350158,1,-1.0,1,-1.0,1,手術型
12239,千葉県,大網白里市,-0.6312651276396122,-0.6312651276396122,0.0,-0.45382013525760534,-0.45382013525760534,0.0,1,0.9999999999999999,-0.7888102677190217,1,-0.6282805968525456,1,-0.4762781568062596,1,活動量低め
12238,千葉県,いすみ市,-0.4705428718731413,-0.4705428718731413,0.0,-0.39277055157643,-0.39277055157643,0.0,1,0.9999999999999999,-0.7333187946074544,1,-0.04828594788351359,1,-0.569701455415652,1,救急型
12237,千葉県,山武市,0.007004105860332496,0.007004105860332496,0.0,-0.3868330721463629,-0.3868330721463629,0.0,1,0.9999999999999999,0.262215984819254,1,-0.12317798181955697,1,-0.13662312651582664,1,手術型
12236,千葉県,香取市,-0.09798463438702604,-0.09798463438702604,0.0,-0.12255051243000666,-0.12255051243000666,0.0,0.9333333333333333,0.9299999999999999,0.22949527493994193,1,-0.4942432073635178,1,-0.0858143383055725,0.8,手術型
12235,千葉県,匝瑳市,-0.5640596551002571,-0.5640596551002571,0.0,-0.2477663171654349,-0.2477663171654349,0.0,1,0.9999999999999999,-0.7168928107493708,1,-0.6568956003154703,1,-0.331652832123818,1,活動量低め
12234,千葉県,南房総市,-0.9194692659887262,-0.9194692659887262,0.0,-0.47035860978444094,-0.47035860978444094,0.0,0.8888888888888888,0.8833333333333332,-0.9071720280481006,1,-0.8398635205729702,1,-1.0,0.6666666666666666,活動量低め
12233,千葉県,富里市,1.2014316035733297,1.2014316035733297,0.0,0.3298265900502553,0.3298265900502553,0.0,0.8333333333333334,0.825,0.6328589203518022,1,2.0,1,1.0855170898577113,0.5,救急型
12232,千葉県,白井市,0.10501261417023632,0.10501261417023632,0.0,-0.017684193732588217,-0.017684193732588217,0.0,1,0.9999999999999999,0.12578825364174406,1,0.15636091271988883,1,0.04022414737045499,1,複合型
12231,千葉県,印西市,0.5432960556698209,0.5432960556698209,0.0,0.09577266308343359,0.09577266308343359,0.0,1,0.9999999999999999,0.7766634250918698,1,0.14220399097109615,1,0.6537218845609647,1,複合型
12230,千葉県,八街市,-0.92362827110094,-0.92362827110094,0.0,-0.569565478941951,-0.569565478941951,0.0,0.8888888888888888,0.8833333333333332,-0.9166106978425916,1,-0.9109418415836567,1,-0.9415199268026742,0.6666666666666666,活動量低め
12229,千葉県,袖ケ浦市,-0.7446664619011932,-0.7446664619011932,0.0,-0.5292082208740045,-0.5292082208740045,0.0,1,0.9999999999999999,-0.7295354506380487,1,-0.5620972991688876,1,-0.9162853269348854,1,活動量低め
12228,千葉県,四街道市,-0.13692463744886463,-0.13692463744886463,0.0,-0.10266384379640044,-0.10266384379640044,0.0,0.9166666666666666,0.9124999999999999,-0.32460119554060385,1,-0.13254315532775396,1,0.046996364539065416,0.75,複合型
12227,千葉県,浦安市,0.4514780177718666,0.4514780177718666,0.0,0.0882922499674604,0.0882922499674604,0.0,0.9444444444444444,0.9416666666666667,0.7843745399456992,1,1.0156457381560413,1,-0.36499083615982997,0.8333333333333334,複合型
12226,千葉県,富津市,-0.5277760272865066,-0.5277760272865066,0.0,-0.492224577289536,-0.492224577289536,0.0,0.8888888888888888,0.8833333333333332,-0.8944169639782689,1,0.0,1,-0.6135145425546076,0.6666666666666666,救急型
12225,千葉県,君津市,-0.5888365587776929,-0.5888365587776929,0.0,-0.48601043003473754,-0.48601043003473754,0.0,0.75,0.7374999999999999,-0.648474395314544,1,-0.41024635238807494,1,-0.6822760420033718,0.25,活動量低め
12224,千葉県,鎌ケ谷市,-0.8301806627831247,-0.8301806627831247,0.0,-0.2858602876700377,-0.2858602876700377,0.0,0.9166666666666666,0.9124999999999999,-0.8289703995983373,1,-0.8696741107169822,1,-0.7975393991674633,0.75,活動量低め
12223,千葉県,鴨川市,2.0,2.0,0.0,1.8903437739131703,1.8903437739131703,0.0,0.8888888888888888,0.8833333333333332,2.0,1,2.0,1,2.0,0.6666666666666666,複合型
12222,千葉県,我孫子市,-0.11090430179653135,-0.11090430179653135,0.0,-0.19874250215307573,-0.19874250215307573,0.0,0.9523809523809523,0.95,-0.03921972917386862,1,-0.23832231090670797,1,-0.07337343803904273,0.8571428571428571,複合型
12221,千葉県,八千代市,-0.44380355697658674,-0.44380355697658674,0.0,-0.16666404416446737,-0.16666404416446737,0.0,1,0.9999999999999999,-0.44764339016057686,1,-0.47636114380935723,1,-0.41205722079307916,1,活動量低め
12220,千葉県,流山市,-0.508620257618672,-0.508620257618672,0.0,-0.3788200030626167,-0.3788200030626167,0.0,0.8888888888888888,0.8833333333333332,-0.5832172282313425,1,-0.3214668873596864,1,-0.5944404615137036,0.6666666666666666,活動量低め
12219,千葉県,市原市,-0.12294095205705877,-0.12294095205705877,0.0,-0.1833639848482127,-0.1833639848482127,0.0,0.8717948717948718,0.8730769230769231,-0.2324065925579143,0.8461538461538461,-0.014870160629767204,0.8461538461538461,-0.10610741849388172,0.9230769230769231,複合型
12218,千葉県,勝浦市,2.0,2.0,0.0,0.9175311933011395,0.9175311933011395,0.0,1,0.9999999999999999,2.0,1,2.0,1,2.0,1,複合型
12217,千葉県,柏市,0.3592224386533845,0.3592224386533845,0.0,0.11443460478607079,0.11443460478607079,0.0,0.9259259259259259,0.925,0.402618517658744,0.9444444444444444,0.27454049471259423,0.9444444444444444,0.38841088302584525,0.8888888888888888,複合型
12216,千葉県,習志野市,0.341857324649674,0.341857324649674,0.0,0.04053053896738179,0.04053053896738179,0.0,1,0.9999999999999999,0.21096813530522196,1,0.630527564626304,1,0.22531487972844322,1,救急型
12215,千葉県,旭市,2.0,2.0,0.0,0.9358344633414343,0.9358344633414343,0.0,0.8888888888888888,0.8833333333333332,2.0,1,2.0,1,2.0,0.6666666666666666,複合型
12213,千葉県,東金市,0.9214283408071167,0.9214283408071167,0.0,0.24652220381450263,0.24652220381450263,0.0,1,0.9999999999999999,1.0469232936032715,1,0.4562458474985087,1,1.1946612394183402,1,複合型
12212,千葉県,佐倉市,0.18452980994819954,0.18452980994819954,0.0,-0.1266609312733398,-0.1266609312733398,0.0,1,0.9999999999999999,0.4083918217313598,1,-0.09082161837600733,1,0.19668330815721657,1,複合型
12211,千葉県,成田市,1.6125401478889334,1.6125401478889334,0.0,0.8005610359831159,0.8005610359831159,0.0,1,0.9999999999999999,1.7022043184940512,1,1.285182379660574,1,1.8034683500509812,1,複合型
12210,千葉県,茂原市,-0.46820637471324,-0.46820637471324,0.0,-0.2127762251909383,-0.2127762251909383,0.0,1,0.9999999999999999,-0.7098356187152817,1,-0.13030352109001586,1,-0.5162081481025333,1,救急型
12208,千葉県,野田市,-0.4399219888079079,-0.4399219888079079,0.0,-0.28867958316908404,-0.28867958316908404,0.0,0.888888888888889,0.8833333333333333,-0.6483310529180639,0.8333333333333334,-0.20314209401130678,1,-0.43446712023769574,0.8333333333333334,複合型
12207,千葉県,松戸市,0.08067418296954729,0.08067418296954729,0.0,-0.17478075602156717,-0.17478075602156717,0.0,0.9074074074074074,0.9055555555555557,0.0323785737747444,0.9444444444444444,0.025155216343972553,0.9444444444444444,0.17655747784341425,0.8333333333333334,複合型
12206,千葉県,木更津市,0.43961929355402324,0.43961929355402324,0.0,0.2646161461744102,0.2646161461744102,0.0,0.8181818181818181,0.8136363636363635,0.6645857924052632,0.9090909090909091,0.1984549637743651,0.9090909090909091,0.42136507737106177,0.6363636363636364,複合型
12205,千葉県,館山市,0.5272659440831559,0.5272659440831559,0.0,0.2632706755953524,0.2632706755953524,0.0,0.8333333333333334,0.825,0.36881460905605845,1,0.9988489041617665,1,0.2815033133285869,0.5,救急型
12204,千葉県,船橋市,-0.2721439699049811,-0.2721439699049811,0.0,-0.3167815321844655,-0.3167815321844655,0.0,0.8888888888888888,0.888095238095238,-0.32437307255354575,0.9047619047619048,-0.18104446211313363,0.9047619047619048,-0.2980001596494285,0.8571428571428571,複合型
12203,千葉県,市川市,-0.6878795868052698,-0.6878795868052698,0.0,-0.5332279595026962,-0.5332279595026962,0.0,0.8888888888888888,0.8833333333333332,-0.7425404004783198,1,-0.5819628422620453,1,-0.7240045541692695,0.6666666666666666,活動量低め
12202,千葉県,銚子市,-0.19483215605729975,-0.19483215605729975,0.0,-0.2896207670547033,-0.2896207670547033,0.0,0.8333333333333334,0.825,-0.009499909620189317,1,-0.21692814544844607,1,-0.3612249830162848,0.5,複合型
12106,千葉県,千葉市美浜区,0.03684875890374949,0.03684875890374949,0.0,-0.2534851673037479,-0.2534851673037479,0.0,1,0.9999999999999999,-0.20288136922028666,1,0.45496209234967555,1,-0.08180397021157959,1,救急型
12105,千葉県,千葉市緑区,-0.48393526741681514,-0.48393526741681514,0.0,-0.08631453536578289,-0.08631453536578289,0.0,0.8571428571428571,0.8571428571428572,-0.39637762302863433,0.8571428571428571,-0.6405086520509622,0.8571428571428571,-0.43728715354715564,0.8571428571428571,活動量低め
12104,千葉県,千葉市若葉区,0.001171014492063395,0.001171014492063395,0.0,-0.26987887478712913,-0.26987887478712913,0.0,0.8666666666666667,0.8599999999999999,-0.17693520502288862,1,0.4522581586073997,1,-0.20736888952041577,0.6,救急型
12103,千葉県,千葉市稲毛区,-0.6163630713517233,-0.6163630713517233,0.0,-0.3131221152109375,-0.3131221152109375,0.0,1,0.9999999999999999,-0.6873607668044543,1,-0.5903389570221818,1,-0.5676717596100278,1,活動量低め
12102,千葉県,千葉市花見川区,-0.7596407472327845,-0.7596407472327845,0.0,-0.532867776835601,-0.532867776835601,0.0,1,0.9999999999999999,-0.7520533957599159,1,-0.6841289241996862,1,-0.8319525184483089,1,活動量低め
12101,千葉県,千葉市中央区,1.7654709453070787,1.7654709453070787,0.0,1.288004079626935,1.288004079626935,0.0,0.9555555555555556,0.9566666666666667,2.0,0.9333333333333333,1.2182364843569293,0.9333333333333333,2.0,1,複合型
11465,埼玉県,松伏町,-0.46306557603560156,-0.46306557603560156,0.0,-0.14027096745289883,-0.14027096745289883,0.0,0.8888888888888888,0.8833333333333332,-0.5353935494514559,1,-0.582573066254936,1,-0.2883026110031749,0.6666666666666666,活動量低め
11464,埼玉県,杉戸町,-0.9981564189059544,-0.9981564189059544,0.0,-0.774128118832464,-0.774128118832464,0.0,0.8333333333333334,0.825,-0.9992797189012119,1,-0.9946950576351009,1,-1.0,0.5,活動量低め
11442,埼玉県,宮代町,,,,-0.6991807042807234,-0.6991807042807234,0.0,,0.0,,,,,,,データ不足
11408,埼玉県,寄居町,-0.43411011135846916,-0.43411011135846916,0.0,-0.3777521121870817,-0.3777521121870817,0.0,1,0.9999999999999999,-0.6901831993959702,1,-0.014009840406451035,1,-0.5381229698512694,1,救急型
11385,埼玉県,上里町,,,,-0.582619664212319,-0.582619664212319,0.0,,0.0,,,,,,,データ不足
11383,埼玉県,神川町,,,,-0.3510647784130002,-0.3510647784130002,0.0,,0.0,,,,,,,データ不足
11381,埼玉県,美里町,,,,-0.1800128859222502,-0.1800128859222502,0.0,,0.0,,,,,,,データ不足
11369,埼玉県,東秩父村,,,,-0.14545454545454548,-0.14545454545454548,0.0,,0.0,,,,,,,データ不足
11363,埼玉県,長瀞町,,,,-0.15225754961451257,-0.15225754961451257,0.0,,0.0,,,,,,,データ不足
11362,埼玉県,皆野町,2.0,2.0,0.0,1.0967961457617457,1.0967961457617457,0.0,1,0.6499999999999999,2.0,1,2.0,1,,0,複合型
11361,埼玉県,横瀬町,,,,-0.3144831831392681,-0.3144831831392681,0.0,,0.0,,,,,,,データ不足
11349,埼玉県,ときがわ町,,,,-0.2606529651937631,-0.2606529651937631,0.0,,0.0,,,,,,,データ不足
11348,埼玉県,鳩山町,-0.9470321579056327,-0.9470321579056327,0.0,-0.2884940322426167,-0.2884940322426167,0.0,1,0.9999999999999999,-0.8939126496037806,1,-0.9472091018143649,1,-1.0,1,活動量低め
11347,埼玉県,吉見町,,,,-0.6958641551748369,-0.6958641551748369,0.0,,0.0,,,,,,,データ不足
11346,埼玉県,川島町,-0.9522392264846863,-0.9522392264846863,0.0,-0.4982255552393814,-0.4982255552393814,0.0,1,0.9999999999999999,-0.866213283852384,1,-0.9968819237878398,1,-1.0,1,活動量低め
11343,埼玉県,小川町,1.3251848791999328,1.3251848791999328,0.0,0.4559176989159843,0.4559176989159843,0.0,0.8888888888888888,0.8833333333333332,1.3320121017653164,1,1.6369940240172762,1,1.0510926753625407,0.6666666666666666,救急型
11341,埼玉県,滑川町,,,,-0.1892374795339937,-0.1892374795339937,0.0,,0.0,,,,,,,データ不足
11327,埼玉県,越生町,,,,-0.4115788146447319,-0.4115788146447319,0.0,,0.0,,,,,,,データ不足
11326,埼玉県,毛呂山町,2.0,2.0,0.0,1.7192392442495927,1.7192392442495927,0.0,1,0.9999999999999999,2.0,1,2.0,1,2.0,1,複合型
11324,埼玉県,三芳町,2.0,2.0,0.0,1.4217173279032302,1.4217173279032302,0.0,1,0.9999999999999999,2.0,1,2.0,1,2.0,1,複合型
11301,埼玉県,伊奈町,2.0,2.0,0.0,1.742275702670411,1.742275702670411,0.0,0.8,0.8,2.0,0.8,2.0,0.8,2.0,0.8,複合型
11246,埼玉県,白岡市,0.49623178265409257,0.49623178265409257,0.0,0.1905641003808747,0.1905641003808747,0.0,0.8333333333333334,0.8374999999999999,0.6073404002538552,0.75,0.2632789640985538,0.75,0.5847970095305062,1,複合型
11245,埼玉県,ふじみ野市,-0.6741306529152389,-0.6741306529152389,0.0,-0.4459558536038662,-0.4459558536038662,0.0,1,0.9999999999999999,-0.6049896672120285,1,-0.8820445262742166,1,-0.5650597471678969,1,活動量低め
11243,埼玉県,吉川市,-0.33696824347764703,-0.33696824347764703,0.0,-0.39762246187605355,-0.39762246187605355,0.0,1,0.9999999999999999,-0.5057786241968768,1,-0.0707114447911954,1,-0.3963779759182331,1,救急型
11242,埼玉県,日高市,1.7872595895352252,1.7872595895352252,0.0,0.9725064321757592,0.9725064321757592,0.0,0.8888888888888888,0.8833333333333332,2.0,1,1.290865298450751,1,2.0,0.6666666666666666,複合型
11241,埼玉県,鶴ヶ島市,-0.07917997697012277,-0.07917997697012277,0.0,-0.2603220017526167,-0.2603220017526167,0.0,0.8333333333333334,0.825,-0.1347942940777226,1,0.2867633458690524,1,-0.3372313651532446,0.5,救急型
11240,埼玉県,幸手市,0.3651498217841281,0.3651498217841281,0.0,-0.02863506803879988,-0.02863506803879988,0.0,0.8888888888888888,0.8833333333333332,0.2997215958179218,1,0.5318845118055988,1,0.2876625991605024,0.6666666666666666,複合型
11239,埼玉県,坂戸市,-0.6869215221451233,-0.6869215221451233,0.0,-0.4192038209012045,-0.4192038209012045,0.0,0.8,0.7899999999999999,-0.6927232452186589,1,-0.49404248787504235,1,-0.8464446855887999,0.4,活動量低め
11238,埼玉県,蓮田市,-0.13857854018994004,-0.13857854018994004,0.0,0.038115301136415584,0.038115301136415584,0.0,1,0.9999999999999999,0.15287462546632757,1,-0.3021852844117957,1,-0.28979735365604564,1,手術型
11237,埼玉県,三郷市,0.11807522682467281,0.11807522682467281,0.0,-0.07789015559250007,-0.07789015559250007,0.0,0.9444444444444444,0.9416666666666667,0.1463304463251871,1,0.32607144780276487,1,-0.0884624677999204,0.8333333333333334,複合型
11235,埼玉県,富士見市,0.24107216472660786,0.24107216472660786,0.0,-0.034509981207997004,-0.034509981207997004,0.0,0.9333333333333333,0.9299999999999999,0.10007797586544065,1,0.43228884348079855,1,0.2181663432270402,0.8,複合型
11234,埼玉県,八潮市,-0.4773709590641939,-0.4773709590641939,0.0,-0.28418907357078366,-0.28418907357078366,0.0,1,0.9999999999999999,-0.5374973286688871,1,-0.4509657200564333,1,-0.43987765146615265,1,活動量低め
11233,埼玉県,北本市,0.7171259534972463,0.7171259534972463,0.0,0.1492642378752639,0.1492642378752639,0.0,1,0.9999999999999999,0.683435382142795,1,0.7606106235962624,1,0.7135439504811123,1,複合型
11232,埼玉県,久喜市,-0.11278180965973733,-0.11278180965973733,0.0,-0.1560805503601723,-0.1560805503601723,0.0,0.9047619047619048,0.9071428571428571,-0.3032559992082302,0.8571428571428571,0.17432278407400892,0.8571428571428571,-0.168397271883027,1,救急型
11231,埼玉県,桶川市,-0.7547272638141846,-0.7547272638141846,0.0,-0.5397674721002778,-0.5397674721002778,0.0,1,0.9999999999999999,-0.7471528242091727,1,-0.7138005991833021,1,-0.797381701674239,1,活動量低め
11230,埼玉県,新座市,-0.37664150213580466,-0.37664150213580466,0.0,-0.33646671529034844,-0.33646671529034844,0.0,1,0.9999999999999999,-0.45510961914042347,1,-0.20766115429527676,1,-0.44301368328020985,1,複合型
11229,埼玉県,和光市,1.033178966665922,1.033178966665922,0.0,0.47399131424270496,0.47399131424270496,0.0,0.9166666666666666,0.9124999999999999,1.1575517229299734,1,0.6399427654744019,1,1.2458658114231733,0.75,複合型
11228,埼玉県,志木市,-0.9122151000872996,-0.9122151000872996,0.0,-0.6337889529188284,-0.6337889529188284,0.0,1,0.9999999999999999,-0.9078076305381424,1,-0.8675936538352733,1,-0.954869523566765,1,活動量低め
11227,埼玉県,朝霞市,-0.1693930994649513,-0.1693930994649513,0.0,-0.2962147690350418,-0.2962147690350418,0.0,0.7777777777777778,0.7666666666666666,-0.15304813707210374,0.6666666666666666,-0.19130532665372602,1,-0.16695615283884913,0.6666666666666666,複合型
11225,埼玉県,入間市,-0.573816793282136,-0.573816793282136,0.0,-0.3370776274862462,-0.3370776274862462,0.0,0.9583333333333334,0.9562499999999998,-0.6121443120406087,1,-0.3786402963963106,1,-0.7027834147115137,0.875,活動量低め
11224,埼玉県,戸田市,-0.13025223692709034,-0.13025223692709034,0.0,-0.12596881923909092,-0.12596881923909092,0.0,1,0.9999999999999999,-0.15868497772516577,1,-0.13167307062888944,1,-0.10060163867033001,1,複合型
11223,埼玉県,蕨市,-0.6664491790710784,-0.6664491790710784,0.0,-0.5616476055808319,-0.5616476055808319,0.0,1,0.9999999999999999,-0.7127272989759363,1,-0.6597356578387946,1,-0.6259255059367494,1,活動量低め
11222,埼玉県,越谷市,0.08018702686206604,0.08018702686206604,0.0,-0.12576015403617485,-0.12576015403617485,0.0,0.9487179487179488,0.9500000000000001,0.21251767954121092,0.9230769230769231,-0.2185152085642561,0.9230769230769231,0.2038868616911973,1,複合型
11221,埼玉県,草加市,-0.5108545273479899,-0.5108545273479899,0.0,-0.4913021316180024,-0.4913021316180024,0.0,1,0.9999999999999999,-0.46112759628534294,1,-0.6279561257371011,1,-0.4602086597913988,1,活動量低め
11219,埼玉県,上尾市,-0.15280678267525816,-0.15280678267525816,0.0,-0.35645251688702,-0.35645251688702,0.0,1,0.9999999999999999,-0.026875813978112784,1,-0.2948041590949586,1,-0.1570257144412317,1,複合型
11218,埼玉県,深谷市,-0.01550375237992148,-0.01550375237992148,0.0,-0.06435292672251305,-0.06435292672251305,0.0,0.9047619047619048,0.8999999999999999,0.034582706364665095,1,-0.16053921420739703,1,0.05872589901332814,0.7142857142857143,複合型
11217,埼玉県,鴻巣市,-0.7531591598226258,-0.7531591598226258,0.0,-0.5011477400209318,-0.5011477400209318,0.0,0.8333333333333334,0.8374999999999999,-0.8570968140215446,0.75,-0.5348200526996889,0.75,-0.8363693117290818,1,活動量低め
11216,埼玉県,羽生市,1.3685902393834986,1.3685902393834986,0.0,0.4295762659248777,0.4295762659248777,0.0,0.8333333333333334,0.825,1.4386993239465684,1,1.5152274689193814,1,1.1727921009325288,0.5,複合型
11215,埼玉県,狭山市,0.30686825034963694,0.30686825034963694,0.0,0.04895943236617064,0.04895943236617064,0.0,0.9523809523809523,0.95,0.19895667148870477,1,0.724892323076036,1,0.0564734811593699,0.8571428571428571,救急型
11214,埼玉県,春日部市,-0.05704251958191047,-0.05704251958191047,0.0,-0.17291397733052832,-0.17291397733052832,0.0,1,0.9999999999999999,-0.07955249440445367,1,-0.021597017205018387,1,-0.0649144039395605,1,複合型
11212,埼玉県,東松山市,0.22249967992435774,0.22249967992435774,0.0,0.23341343174592105,0.23341343174592105,0.0,0.9444444444444444,0.9416666666666667,0.15539053893332322,1,0.44609405226639276,1,0.09795650176507653,0.8333333333333334,複合型
11211,埼玉県,本庄市,-0.1242202853162236,-0.1242202853162236,0.0,0.5338405781281438,0.5338405781281438,0.0,0.9333333333333333,0.9299999999999999,-0.1362296457539185,1,0.043457816961300244,1,-0.25593501254497775,0.8,複合型
11210,埼玉県,加須市,0.17422558031917393,0.17422558031917393,0.0,-0.09605821423131282,-0.09605821423131282,0.0,1,0.9999999999999999,-0.11121733673151246,1,0.3416130735254661,1,0.3161935031930385,1,複合型
11209,埼玉県,飯能市,-0.7810734986485336,-0.7810734986485336,0.0,-0.24226444665857816,-0.24226444665857816,0.0,0.8333333333333334,0.825,-0.7893610873145062,1,-0.7262147644730614,1,-0.819807682132966,0.5,活動量低め
11208,埼玉県,所沢市,-0.04242179558331256,-0.04242179558331256,0.0,-0.0056327213306132185,-0.0056327213306132185,0.0,0.9682539682539683,0.969047619047619,-0.11195455193628323,0.9523809523809523,0.08272988575802143,0.9523809523809523,-0.08016190895148534,1,複合型
11207,埼玉県,秩父市,-0.32804717615009804,-0.32804717615009804,0.0,-0.25074110525977766,-0.25074110525977766,0.0,1,0.9999999999999999,-0.50726907466986,1,-0.04613326528883499,1,-0.39046577265427584,1,救急型
11206,埼玉県,行田市,0.30666219992959703,0.30666219992959703,0.0,-0.10123217710364832,-0.10123217710364832,0.0,1,0.9999999999999999,0.14869536403627848,1,0.6536324263415396,1,0.16722598461267912,1,救急型
11203,埼玉県,川口市,-0.17997496732234658,-0.17997496732234658,0.0,-0.2328185789501742,-0.2328185789501742,0.0,0.9682539682539683,0.9666666666666666,-0.24666746705737597,1,0.0,1,-0.2675467252921857,0.9047619047619048,複合型
11202,埼玉県,熊谷市,0.030392511526352584,0.030392511526352584,0.0,0.040432070882447914,0.040432070882447914,0.0,0.9090909090909091,0.909090909090909,-0.07329811472974423,0.9090909090909091,0.17099053764499916,0.9090909090909091,0.01357054396646662,0.9090909090909091,複合型
11201,埼玉県,川越市,-0.09608250193331477,-0.09608250193331477,0.0,-0.1092658502780855,-0.1092658502780855,0.0,0.9444444444444444,0.9416666666666667,0.0,1,-0.14853940616181605,1,-0.14720194309934276,0.8333333333333334,複合型
11110,埼玉県,さいたま市岩槻区,-0.3531455101388275,-0.3531455101388275,0.0,-0.3049608624412329,-0.3049608624412329,0.0,1,0.9999999999999999,-0.4234938591096542,1,-0.20352911386589834,1,-0.41103978654479734,1,複合型
11109,埼玉県,さいたま市緑区,0.45803362288108057,0.45803362288108057,0.0,0.008225970137041414,0.008225970137041414,0.0,1,0.9999999999999999,0.32806683216244314,1,0.6377814065885918,1,0.4339308847075656,1,複合型
11108,埼玉県,さいたま市南区,-0.9429424912410638,-0.9429424912410638,0.0,-0.7112260714169422,-0.7112260714169422,0.0,0.6666666666666666,0.6666666666666666,-0.982284114474698,0.6666666666666666,-0.8867505039645752,0.6666666666666666,-0.9517654285301345,0.6666666666666666,活動量低め
11107,埼玉県,さいたま市浦和区,-0.4805392216023062,-0.4805392216023062,0.0,-0.3140689993332914,-0.3140689993332914,0.0,0.9166666666666666,0.9124999999999999,-0.4111588557506637,1,-0.5391375199166879,1,-0.49969247461305033,0.75,活動量低め
11106,埼玉県,さいたま市桜区,-0.11325282797429508,-0.11325282797429508,0.0,-0.22717210793211517,-0.22717210793211517,0.0,1,0.9999999999999999,-0.24192849195094857,1,0.09606670156034403,1,-0.16399390359876087,1,複合型
11105,埼玉県,さいたま市中央区,1.7939384978753392,1.7939384978753392,0.0,0.8290798687959451,0.8290798687959451,0.0,1,0.9999999999999999,2.0,1,1.3131283262511309,1,2.0,1,複合型
11104,埼玉県,さいたま市見沼区,-0.9987786542845174,-0.9987786542845174,0.0,-0.7207617486769216,-0.7207617486769216,0.0,0.6666666666666666,0.6666666666666666,-0.9975058717969557,0.6666666666666666,-0.9988386638519432,0.6666666666666666,-1.0,0.6666666666666666,活動量低め
11103,埼玉県,さいたま市大宮区,1.034616811407832,1.034616811407832,0.0,0.527167147737947,0.527167147737947,0.0,0.8666666666666667,0.8599999999999999,1.205042013181124,1,0.8295893030401364,1,1.0399294739497078,0.6,複合型
11102,埼玉県,さいたま市北区,0.29006649387805916,0.29006649387805916,0.0,-0.07369214738607976,-0.07369214738607976,0.0,1,0.9999999999999999,0.012843716646436798,1,0.9047355477249177,1,0.040430082098088516,1,救急型
11101,埼玉県,さいたま市西区,0.7500952825067143,0.7500952825067143,0.0,0.11867762627304305,0.11867762627304305,0.0,1,0.9999999999999999,0.2304380219134181,1,1.1716022048348296,1,0.9084608953901976,1,複合型
10525,群馬県,邑楽町,-0.15168318953443427,-0.15168318953443427,0.0,-0.28579177813113527,-0.28579177813113527,0.0,1,0.9999999999999999,-0.46256661331324733,1,-0.3462265937231618,1,0.32595172354900237,1,入院型
10523,群馬県,千代田町,,,,-0.4239718903474763,-0.4239718903474763,0.0,,0.0,,,,,,,データ不足
10522,群馬県,明和町,,,,0.18340194759424747,0.18340194759424747,0.0,1,0.0,,0,,0,,0,データ不足
10521,群馬県,板倉町,,,,-0.42800669612758346,-0.42800669612758346,0.0,,0.0,,,,,,,データ不足
10464,群馬県,玉村町,-0.2933018611171415,-0.2933018611171415,0.0,-0.3220204052114476,-0.3220204052114476,0.0,1,0.9999999999999999,0.021344030255372237,1,-0.9174284109681493,1,-0.07298213833164857,1,複合型
10449,群馬県,みなかみ町,0.056733198494447995,0.056733198494447995,0.0,0.01948534734402513,0.01948534734402513,0.0,1,0.9999999999999999,0.32654781199351723,1,-0.2823338735818476,1,0.07754750391791787,1,複合型
10448,群馬県,昭和村,,,,-0.42585395948560617,-0.42585395948560617,0.0,,0.0,,,,,,,データ不足
10444,群馬県,川場村,,,,0.18864920760782417,0.18864920760782417,0.0,1,0.0,,0,,0,,0,データ不足
10443,群馬県,片品村,,,,0.0502069571741011,0.0502069571741011,0.0,,0.0,,,,,,,データ不足
10429,群馬県,東吾妻町,2.0,2.0,0.0,0.723197919765306,0.723197919765306,0.0,1,0.9999999999999999,2.0,1,2.0,1,2.0,1,複合型
10428,群馬県,高山村,,,,-0.04091055081220506,-0.04091055081220506,0.0,,0.0,,,,,,,データ不足
10426,群馬県,草津町,-1.0,-1.0,0.0,0.3528547926156858,0.3528547926156858,0.0,0.6666666666666666,0.35,-1.0,1,,0,,0,手術型（参考）
10425,群馬県,嬬恋村,,,,-0.5166665906790867,-0.5166665906790867,0.0,,0.0,,,,,,,データ不足
10424,群馬県,長野原町,,,,0.9145618824634913,0.9145618824634913,0.0,1,0.0,,0,,0,,0,データ不足
10421,群馬県,中之条町,-0.6901779102250281,-0.6901779102250281,0.0,0.3376906525392304,0.3376906525392304,0.0,1,0.9999999999999999,-0.7243380902124534,1,-0.8058265696036594,1,-0.5568903079130614,1,活動量低め
10384,群馬県,甘楽町,,,,-0.09805923725527531,-0.09805923725527531,0.0,,0.0,,,,,,,データ不足
10383,群馬県,南牧村,,,,-0.0026014555504245292,-0.0026014555504245292,0.0,,0.0,,,,,,,データ不足
10382,群馬県,下仁田町,,,,0.502953650279054,0.502953650279054,0.0,1,0.0,,0,,0,,0,データ不足
10367,群馬県,神流町,,,,0.16609725515406834,0.16609725515406834,0.0,,0.0,,,,,,,データ不足
10366,群馬県,上野村,,,,0.05655872352888739,0.05655872352888739,0.0,,0.0,,,,,,,データ不足
10345,群馬県,吉岡町,-0.9333493353164011,-0.9333493353164011,0.0,-0.2399379513446537,-0.2399379513446537,0.0,1,0.9999999999999999,-0.9353152967422956,1,-0.8532966048553257,1,-1.0,1,活動量低め
10344,群馬県,榛東村,,,,-0.40641727123010585,-0.40641727123010585,0.0,,0.0,,,,,,,データ不足
10212,群馬県,みどり市,0.9561480651020731,0.9561480651020731,0.0,0.7463676642514666,0.7463676642514666,0.0,1,0.9999999999999999,0.8350089350616035,1,1.1937145828963165,1,0.8736587513189058,1,救急型
10211,群馬県,安中市,-0.6944878182858664,-0.6944878182858664,0.0,-0.3923125102912317,-0.3923125102912317,0.0,0.9166666666666666,0.9124999999999999,-0.8230505698011586,1,-0.5710190515599003,1,-0.6717554382499736,0.75,活動量低め
10210,群馬県,富岡市,1.021255681005348,1.021255681005348,0.0,0.3838941956292016,0.3838941956292016,0.0,1,0.9999999999999999,0.8691373551370771,1,0.6297118255585772,1,1.5089830258279937,1,入院型
10209,群馬県,藤岡市,0.6922162621184156,0.6922162621184156,0.0,0.4996925435896636,0.4996925435896636,0.0,0.9166666666666666,0.9124999999999999,0.5723544709298918,1,0.7871314498788298,1,0.7307221780837272,0.75,複合型
10208,群馬県,渋川市,0.939961736421379,0.939961736421379,0.0,0.6570398495817302,0.6570398495817302,0.0,1,0.9999999999999999,1.0191679624127983,1,0.4837943777539213,1,1.251756103573495,1,複合型
10207,群馬県,館林市,1.1216846197048183,1.1216846197048183,0.0,0.47794195679421153,0.47794195679421153,0.0,0.9166666666666666,0.9124999999999999,1.8177869335613912,1,0.5173104160646331,1,0.9436173375398327,0.75,手術型
10206,群馬県,沼田市,1.7000521865815836,1.7000521865815836,0.0,0.7674585084433968,0.7674585084433968,0.0,1,0.9999999999999999,1.4689677236728533,1,1.6197116109869505,1,2.0,1,入院型
10205,群馬県,太田市,-0.015435306642798137,-0.015435306642798137,0.0,-0.029292255034832036,-0.029292255034832036,0.0,0.8888888888888888,0.8888888888888888,-0.003944386174251635,0.8888888888888888,-0.15768748276020506,0.8888888888888888,0.09500420956071842,0.8888888888888888,複合型
10204,群馬県,伊勢崎市,-0.014620159618797632,-0.014620159618797632,0.0,0.06337432462940688,0.06337432462940688,0.0,0.8518518518518519,0.8499999999999999,-0.08008224169382827,0.8888888888888888,0.01961574058944815,0.8888888888888888,0.021496865134879473,0.7777777777777778,複合型
10203,群馬県,桐生市,-0.2943284239942554,-0.2943284239942554,0.0,-0.04807561382199606,-0.04807561382199606,0.0,0.8333333333333334,0.8312499999999999,-0.32457345785019676,0.875,-0.26844152822528655,0.875,-0.2862721579402874,0.75,活動量低め
10202,群馬県,高崎市,-0.18033648574198505,-0.18033648574198505,0.0,-0.017854714943280916,-0.017854714943280916,0.0,0.9305555555555556,0.9291666666666665,-0.25327482008274005,0.9583333333333334,-0.0850625417777432,0.9583333333333334,-0.1890615319420088,0.875,複合型
10201,群馬県,前橋市,0.42579434360715185,0.42579434360715185,0.0,0.30527731233304795,0.30527731233304795,0.0,0.8888888888888888,0.8888888888888888,0.5935304222216162,0.8888888888888888,0.06207447053607584,0.8888888888888888,0.569818156196467,0.8888888888888888,複合型
09407,栃木県,那須町,,,,-0.4665142707755162,-0.4665142707755162,0.0,,0.0,,,,,,,データ不足
09384,栃木県,塩谷町,,,,-0.26341328669239905,-0.26341328669239905,0.0,,0.0,,,,,,,データ不足
09364,栃木県,野木町,-0.7617520276441607,-0.7617520276441607,0.0,-0.3465797577049392,-0.3465797577049392,0.0,1,0.9999999999999999,-0.5751664623359207,1,-0.7014792194219615,1,-1.0,1,活動量低め
09361,栃木県,壬生町,2.0,2.0,0.0,1.4343556886766864,1.4343556886766864,0.0,1,0.9999999999999999,2.0,1,2.0,1,2.0,1,複合型
09345,栃木県,芳賀町,,,,-0.514326681932742,-0.514326681932742,0.0,,0.0,,,,,,,データ不足
09344,栃木県,市貝町,,,,0.6036209223099942,0.6036209223099942,0.0,1,0.0,,0,,0,,0,データ不足
09343,栃木県,茂木町,,,,-0.5309744194933705,-0.5309744194933705,0.0,,0.0,,,,,,,データ不足
09342,栃木県,益子町,,,,-0.249257444438221,-0.249257444438221,0.0,,0.0,,,,,,,データ不足
09301,栃木県,上三川町,0.9325235441142643,0.9325235441142643,0.0,0.2558195277627435,0.2558195277627435,0.0,1,0.9999999999999999,2.0,1,0.11534655388903259,1,0.5654845084215845,1,手術型
09216,栃木県,下野市,2.0,2.0,0.0,1.719023258349298,1.719023258349298,0.0,1,0.9999999999999999,2.0,1,2.0,1,2.0,1,複合型
09215,栃木県,那須烏山市,0.6326971115667788,0.6326971115667788,0.0,0.0808708663316647,0.0808708663316647,0.0,1,0.9999999999999999,0.27200765821752615,1,1.0106701138430685,1,0.6694097058220689,1,救急型
09214,栃木県,さくら市,-0.24217906702459385,-0.24217906702459385,0.0,-0.13248121211231395,-0.13248121211231395,0.0,1,0.9999999999999999,-0.5410895935878044,1,0.0,1,-0.15085059791103517,1,複合型
09213,栃木県,那須塩原市,-0.5791556097438995,-0.5791556097438995,0.0,-0.26058334713197573,-0.26058334713197573,0.0,0.8666666666666667,0.8599999999999999,-0.5511911698882852,1,-0.5227193918738303,1,-0.6554939506310015,0.6,活動量低め
09211,栃木県,矢板市,0.47894828313011467,0.47894828313011467,0.0,0.1940355863233632,0.1940355863233632,0.0,1,0.9999999999999999,0.4565578354787838,1,-0.06634722790346437,1,0.9687348830959419,1,入院型
09210,栃木県,大田原市,1.2270802277151134,1.2270802277151134,0.0,0.5104357355786332,0.5104357355786332,0.0,1,0.9999999999999999,1.2746751364440252,1,0.5364576522256459,1,1.7714475265486027,1,入院型
09209,栃木県,真岡市,0.8956650715896339,0.8956650715896339,0.0,0.32560979483448393,0.32560979483448393,0.0,1,0.9999999999999999,0.7376826668012169,1,0.9100107468643059,1,1.041351183285475,1,複合型
09208,栃木県,小山市,-0.40466204285828605,-0.40466204285828605,0.0,-0.2979920478747892,-0.2979920478747892,0.0,0.8888888888888888,0.8888888888888888,-0.40828128416414156,0.8888888888888888,-0.4071573805700922,0.8888888888888888,-0.39890394065659673,0.8888888888888888,活動量低め
09206,栃木県,日光市,0.04542894019375716,0.04542894019375716,0.0,-0.10075459768678914,-0.10075459768678914,0.0,1,0.9999999999999999,-0.06197549799922175,1,0.021186963621174115,1,0.1736122154489501,1,複合型
09205,栃木県,鹿沼市,-0.2777828073904327,-0.2777828073904327,0.0,-0.27912277386869805,-0.27912277386869805,0.0,1,0.9999999999999999,-0.3335124637026792,1,-0.2515712169730442,1,-0.24452022857880495,1,複合型
09204,栃木県,佐野市,0.014523442079828133,0.014523442079828133,0.0,-0.11595354773791797,-0.11595354773791797,0.0,1,0.9999999999999999,-0.0005862306409400997,1,-0.13294626294372747,1,0.15603571910650116,1,複合型
09203,栃木県,栃木市,-0.5287410153810248,-0.5287410153810248,0.0,-0.34491749922602916,-0.34491749922602916,0.0,0.7777777777777778,0.775,-0.608228006984506,0.8333333333333334,-0.3709092444997607,0.8333333333333334,-0.5845383988186272,0.6666666666666666,活動量低め
09202,栃木県,足利市,-0.009672778587590268,-0.009672778587590268,0.0,0.01695672463011754,0.01695672463011754,0.0,0.9259259259259259,0.922222222222222,0.08419529535032977,1,-0.11388871201108619,1,-0.014212909591085232,0.7777777777777778,複合型
09201,栃木県,宇都宮市,-0.1216133518807034,-0.1216133518807034,0.0,-0.052312291281766135,-0.052312291281766135,0.0,0.9466666666666667,0.946,-0.04725046638079711,0.96,-0.1605479196624976,0.96,-0.16260375071050037,0.92,複合型
08564,茨城県,利根町,,,,-0.5902321041247267,-0.5902321041247267,0.0,,0.0,,,,,,,データ不足
08546,茨城県,境町,2.0,2.0,0.0,1.4174872123396718,1.4174872123396718,0.0,1,0.9999999999999999,2.0,1,2.0,1,2.0,1,複合型
08542,茨城県,五霞町,,,,-0.37842435746561465,-0.37842435746561465,0.0,,0.0,,,,,,,データ不足
08447,茨城県,河内町,,,,-0.5818181818181819,-0.5818181818181819,0.0,,0.0,,,,,,,データ不足
08443,茨城県,阿見町,2.0,2.0,0.0,0.9395015562601287,0.9395015562601287,0.0,1,0.9999999999999999,2.0,1,2.0,1,2.0,1,複合型
08442,茨城県,美浦村,2.0,2.0,0.0,0.6886855704881287,0.6886855704881287,0.0,1,0.6499999999999999,2.0,1,2.0,1,,0,複合型
08341,茨城県,東海村,0.984987050374047,0.984987050374047,0.0,0.49023261194646717,0.49023261194646717,0.0,1,0.9999999999999999,-0.1485056297531977,1,1.123213402625554,1,2.0,1,入院型
08310,茨城県,城里町,,,,-0.665729763028448,-0.665729763028448,0.0,,0.0,,,,,,,データ不足
08309,茨城県,大洗町,2.0,2.0,0.0,0.5729385659380453,0.5729385659380453,0.0,1,0.6499999999999999,2.0,1,2.0,1,,0,複合型
08302,茨城県,茨城町,2.0,2.0,0.0,0.9661785390037764,0.9661785390037764,0.0,1,0.9999999999999999,2.0,1,2.0,1,2.0,1,複合型
08236,茨城県,小美玉市,-0.2886021301544041,-0.2886021301544041,0.0,-0.045620738533166304,-0.045620738533166304,0.0,0.8333333333333334,0.825,-0.6114165760183776,1,-0.19354640853572946,1,-0.04726401710643746,0.5,複合型
08235,茨城県,つくばみらい市,,,,-0.7037101868697632,-0.7037101868697632,0.0,,0.0,,,,,,,データ不足
08234,茨城県,鉾田市,-0.8025713958085495,-0.8025713958085495,0.0,-0.648863986316366,-0.648863986316366,0.0,0.8333333333333334,0.825,-0.9711566102694159,1,-0.5766171503043547,1,-0.8276612489227074,0.5,活動量低め
08233,茨城県,行方市,-1.0,-1.0,0.0,-0.6766747898470851,-0.6766747898470851,0.0,0.6666666666666666,0.6499999999999999,-1.0,1,-1.0,1,,0,活動量低め
08232,茨城県,神栖市,-0.21027966006283635,-0.21027966006283635,0.0,-0.09110970873258006,-0.09110970873258006,0.0,0.8666666666666667,0.8599999999999999,-0.45987244823727824,1,-0.06143679582080874,1,-0.08826646981013242,0.6,複合型
08231,茨城県,桜川市,-0.3501996659818294,-0.3501996659818294,0.0,-0.2938977391548711,-0.2938977391548711,0.0,1,0.9999999999999999,-0.07061250451915324,1,-0.7681539201267111,1,-0.27154032389174987,1,複合型
08230,茨城県,かすみがうら市,,,,-0.6926195278454282,-0.6926195278454282,0.0,,0.0,,,,,,,データ不足
08229,茨城県,稲敷市,-0.9710948351956499,-0.9710948351956499,0.0,-0.4815328587260551,-0.4815328587260551,0.0,1,0.9999999999999999,-0.9320182376891573,1,-0.9829615066814827,1,-1.0,1,活動量低め
08228,茨城県,坂東市,-0.7534974578613183,-0.7534974578613183,0.0,-0.563446573759832,-0.563446573759832,0.0,0.6666666666666666,0.6749999999999999,-0.9195694723037908,0.5,-0.8328587786096202,0.5,-0.5194014542060158,1,活動量低め
08227,茨城県,筑西市,-0.4563243230725742,-0.4563243230725742,0.0,-0.23240323814816888,-0.23240323814816888,0.0,0.9333333333333333,0.9299999999999999,-0.4528447187806174,1,-0.6272832006583808,1,-0.31326774657669676,0.8,活動量低め
08226,茨城県,那珂市,-0.7309852587252094,-0.7309852587252094,0.0,-0.40071110087113027,-0.40071110087113027,0.0,1,0.9999999999999999,-0.8472335103172475,1,-0.6432769811031763,1,-0.6899155308091998,1,活動量低め
08225,茨城県,常陸大宮市,0.19713661836250593,0.19713661836250593,0.0,0.01816641664782191,0.01816641664782191,0.0,1,0.9999999999999999,-0.46791743115315765,1,1.1467804177797363,1,0.04821026837768638,1,救急型
08224,茨城県,守谷市,0.35740363891683186,0.35740363891683186,0.0,0.19467483326278337,0.19467483326278337,0.0,1,0.9999999999999999,0.42476425159394404,1,0.645272806538522,1,0.04329802542112815,1,複合型
08223,茨城県,潮来市,,,,-0.5979322082501947,-0.5979322082501947,0.0,,0.0,,,,,,,データ不足
08222,茨城県,鹿嶋市,0.4375094404866251,0.4375094404866251,0.0,0.07130364279905359,0.07130364279905359,0.0,0.9166666666666666,0.9124999999999999,0.6081630459054201,1,0.3122107140597732,1,0.37425474343370313,0.75,複合型
08221,茨城県,ひたちなか市,-0.3889089702044149,-0.3889089702044149,0.0,-0.44620101845237814,-0.44620101845237814,0.0,1,0.9999999999999999,-0.47323653657957865,1,-0.2879637228889229,1,-0.3911059015282444,1,活動量低め
08220,茨城県,つくば市,0.8821145368056884,0.8821145368056884,0.0,0.5025262246971748,0.5025262246971748,0.0,1,0.9999999999999999,1.233998673689734,1,0.2361555755179907,1,1.0839095095968125,1,複合型
08219,茨城県,牛久市,0.9515593332383989,0.9515593332383989,0.0,0.23779128301635474,0.23779128301635474,0.0,1,0.9999999999999999,0.8259205930596736,1,1.3494322491307442,1,0.7361641455093999,1,救急型
08217,茨城県,取手市,0.1052081627246722,0.1052081627246722,0.0,-0.018847906010999966,-0.018847906010999966,0.0,0.8571428571428571,0.8571428571428572,0.0,0.8571428571428571,0.36185363612664956,0.8571428571428571,-0.009565508895207575,0.8571428571428571,救急型
08216,茨城県,笠間市,0.7403145928367947,0.7403145928367947,0.0,0.302328955266438,0.302328955266438,0.0,0.8333333333333334,0.8374999999999999,0.8030370927244432,0.75,0.27733954399024596,0.75,1.0744278491033308,1,複合型
08215,茨城県,北茨城市,-0.22875204643427582,-0.22875204643427582,0.0,-0.2996955442504048,-0.2996955442504048,0.0,0.8888888888888888,0.8833333333333332,-0.40395968717469033,1,-0.11514125834150934,1,-0.15092508120194692,0.6666666666666666,複合型
08214,茨城県,高萩市,0.36630397644909296,0.36630397644909296,0.0,0.27968597778720544,0.27968597778720544,0.0,0.8888888888888888,0.8833333333333332,0.901856601101517,1,0.17661768149990875,1,-0.0066603953897445,0.6666666666666666,手術型
08212,茨城県,常陸太田市,-0.5896699899739128,-0.5896699899739128,0.0,-0.4432453105278916,-0.4432453105278916,0.0,1,0.9999999999999999,-0.5447663488841812,1,-0.6866202108870898,1,-0.5514734417094929,1,活動量低め
08211,茨城県,常総市,-0.576171456558075,-0.576171456558075,0.0,-0.33473939737789754,-0.33473939737789754,0.0,0.8888888888888888,0.8833333333333332,-0.6285709983691299,1,-0.7402128664315573,1,-0.383164991998321,0.6666666666666666,活動量低め
08210,茨城県,下妻市,-0.5179004737680353,-0.5179004737680353,0.0,-0.13746946421849174,-0.13746946421849174,0.0,1,0.9999999999999999,-0.4820188217485257,1,-0.42594541671766006,1,-0.6326007461164378,1,活動量低め
08208,茨城県,龍ケ崎市,-0.005424157353320455,-0.005424157353320455,0.0,-0.22020882077992066,-0.22020882077992066,0.0,1,0.9999999999999999,-0.0757115958559953,1,-0.10136012480925471,1,0.14709411039729803,1,複合型
08207,茨城県,結城市,0.3722559419132055,0.3722559419132055,0.0,0.0339372205696875,0.0339372205696875,0.0,1,0.9999999999999999,-0.02403917726419913,1,0.7756326557641953,1,0.4227995920754761,1,救急型
08205,茨城県,石岡市,-0.36974138197718076,-0.36974138197718076,0.0,-0.021869227157475704,-0.021869227157475704,0.0,1,0.9999999999999999,-0.4718027095299825,1,-0.24842223055892843,1,-0.37166789849716675,1,複合型
08204,茨城県,古河市,-0.02259760659306255,-0.02259760659306255,0.0,-0.08279895096982753,-0.08279895096982753,0.0,1,0.9999999999999999,0.005787233889387844,1,0.0672687263961782,1,-0.12801073249486217,1,複合型
08203,茨城県,土浦市,0.8000973865956706,0.8000973865956706,0.0,0.37645993125446925,0.37645993125446925,0.0,1,0.9999999999999999,0.908242173702585,1,0.5304286911781197,1,0.9230971955609428,1,複合型
08202,茨城県,日立市,0.31960857531660536,0.31960857531660536,0.0,0.033400914950870726,0.033400914950870726,0.0,0.9090909090909091,0.909090909090909,0.3379395507353664,0.9090909090909091,0.25391400547024046,0.9090909090909091,0.35758723119472857,0.9090909090909091,複合型
08201,茨城県,水戸市,0.5925191982208218,0.5925191982208218,0.0,0.4195564786989875,0.4195564786989875,0.0,0.9166666666666666,0.9124999999999999,0.772602744109983,1,0.2837711239375986,1,0.6770768588601377,0.75,複合型
07999,福島県,浜通り地域,,,,0.11940848119483148,0.11940848119483148,0.0,,0.0,,,,,,,データ不足
07522,福島県,小野町,2.0,2.0,0.0,1.1532338128676893,1.1532338128676893,0.0,1,0.6499999999999999,2.0,1,2.0,1,,0,複合型
07505,福島県,古殿町,,,,-0.40703126068716494,-0.40703126068716494,0.0,,0.0,,,,,,,データ不足
07504,福島県,浅川町,,,,-0.4040641822013546,-0.4040641822013546,0.0,,0.0,,,,,,,データ不足
07503,福島県,平田村,,,,0.5282821822558865,0.5282821822558865,0.0,1,0.0,,0,,0,,0,データ不足
07502,福島県,玉川村,,,,-0.3251092753355314,-0.3251092753355314,0.0,,0.0,,,,,,,データ不足
07501,福島県,石川町,,,,-0.31501691028741313,-0.31501691028741313,0.0,,0.0,,,,,,,データ不足
07484,福島県,鮫川村,,,,-0.03725110536177856,-0.03725110536177856,0.0,,0.0,,,,,,,データ不足
07483,福島県,塙町,2.0,2.0,0.0,1.0511426234516923,1.0511426234516923,0.0,1,0.6499999999999999,2.0,1,2.0,1,,0,複合型
07482,福島県,矢祭町,,,,-0.333985030427959,-0.333985030427959,0.0,,0.0,,,,,,,データ不足
07481,福島県,棚倉町,,,,-0.4134649009585863,-0.4134649009585863,0.0,,0.0,,,,,,,データ不足
07466,福島県,矢吹町,2.0,2.0,0.0,1.0205236523248031,1.0205236523248031,0.0,1,0.6499999999999999,2.0,1,2.0,1,,0,複合型
07465,福島県,中島村,,,,-0.1787775704692559,-0.1787775704692559,0.0,,0.0,,,,,,,データ不足
07464,福島県,泉崎村,,,,-0.41290049684843094,-0.41290049684843094,0.0,,0.0,,,,,,,データ不足
07461,福島県,西郷村,,,,-0.4690423486164477,-0.4690423486164477,0.0,,0.0,,,,,,,データ不足
07447,福島県,会津美里町,,,,-0.7219683756313562,-0.7219683756313562,0.0,,0.0,,,,,,,データ不足
07446,福島県,昭和村,,,,0.036395255672364145,0.036395255672364145,0.0,,0.0,,,,,,,データ不足
07445,福島県,金山町,,,,0.28870422391306844,0.28870422391306844,0.0,,0.0,,,,,,,データ不足
07444,福島県,三島町,,,,0.021422471552969915,0.021422471552969915,0.0,1,0.0,,0,,0,,0,データ不足
07423,福島県,柳津町,,,,0.09829453093255318,0.09829453093255318,0.0,,0.0,,,,,,,データ不足
07422,福島県,湯川村,,,,-0.14545454545454548,-0.14545454545454548,0.0,,0.0,,,,,,,データ不足
07421,福島県,会津坂下町,2.0,2.0,0.0,0.49298421353507904,0.49298421353507904,0.0,1,0.9999999999999999,2.0,1,2.0,1,2.0,1,複合型
07408,福島県,猪苗代町,-0.34303602301592173,-0.34303602301592173,0.0,-0.25238479903238725,-0.25238479903238725,0.0,1,0.9999999999999999,-0.7376950228975581,1,-0.30505692678467544,1,0.01906946581036073,1,入院型
07407,福島県,磐梯町,,,,-0.03408230703063815,-0.03408230703063815,0.0,,0.0,,,,,,,データ不足
07405,福島県,西会津町,,,,-0.43698254190641755,-0.43698254190641755,0.0,,0.0,,,,,,,データ不足
07402,福島県,北塩原村,,,,0.14934211802300992,0.14934211802300992,0.0,,0.0,,,,,,,データ不足
07368,福島県,南会津町,1.1905928728196835,1.1905928728196835,0.0,0.41971255220833237,0.41971255220833237,0.0,1,0.9999999999999999,0.6888892555982773,1,2.0,1,0.9985189524579614,1,救急型
07367,福島県,只見町,,,,-0.07312309085514399,-0.07312309085514399,0.0,,0.0,,,,,,,データ不足
07364,福島県,檜枝岐村,,,,0.28385744849213096,0.28385744849213096,0.0,,0.0,,,,,,,データ不足
07362,福島県,下郷町,,,,-0.3386133562653698,-0.3386133562653698,0.0,,0.0,,,,,,,データ不足
07344,福島県,天栄村,,,,-0.20038648768072828,-0.20038648768072828,0.0,,0.0,,,,,,,データ不足
07342,福島県,鏡石町,,,,-0.3574504998182971,-0.3574504998182971,0.0,,0.0,,,,,,,データ不足
07322,福島県,大玉村,,,,-0.46545454545454545,-0.46545454545454545,0.0,,0.0,,,,,,,データ不足
07308,福島県,川俣町,0.04801316943486145,0.04801316943486145,0.0,0.007531453718989896,0.007531453718989896,0.0,1,0.9999999999999999,0.8158860099625442,1,-0.09001303752752221,1,-0.6015514936964925,1,手術型
07303,福島県,国見町,2.0,2.0,0.0,0.9441624116482454,0.9441624116482454,0.0,1,0.9999999999999999,2.0,1,2.0,1,2.0,1,複合型
07301,福島県,桑折町,,,,-0.41144505899311284,-0.41144505899311284,0.0,,0.0,,,,,,,データ不足
07214,福島県,本宮市,-0.6346561628306393,-0.6346561628306393,0.0,-0.19466113947925764,-0.19466113947925764,0.0,1,0.9999999999999999,-0.6561824080409331,1,-0.5937530771095425,1,-0.6481897053812856,1,活動量低め
07213,福島県,伊達市,-0.3835256082895922,-0.3835256082895922,0.0,-0.4305589961377146,-0.4305589961377146,0.0,1,0.9999999999999999,-0.5199589402926599,1,-0.3907600522643788,1,-0.2408913243081361,1,複合型
07211,福島県,田村市,-0.9488270378761083,-0.9488270378761083,0.0,-0.7157802627174301,-0.7157802627174301,0.0,1,0.9999999999999999,-0.9038068406833678,1,-0.9559378507952416,1,-0.9877522525667348,1,活動量低め
07210,福島県,二本松市,0.015042598541124247,0.015042598541124247,0.0,-0.10968987133583337,-0.10968987133583337,0.0,1,0.9999999999999999,-0.3834273122227889,1,0.21351393329522317,1,0.2433942223729526,1,複合型
07208,福島県,喜多方市,-0.8657042051379478,-0.8657042051379478,0.0,-0.3527212231305946,-0.3527212231305946,0.0,0.8333333333333334,0.825,-0.8444171804032929,1,-0.8357105117700612,1,-0.9127001099022198,0.5,活動量低め
07207,福島県,須賀川市,0.549950534666489,0.549950534666489,0.0,0.4523114561362185,0.4523114561362185,0.0,1,0.9999999999999999,0.9817854471462566,1,-0.13398964638944233,1,0.7043500630918056,1,複合型
07205,福島県,白河市,1.2898916752948155,1.2898916752948155,0.0,0.46168409885652867,0.46168409885652867,0.0,1,0.9999999999999999,1.0813592223939095,1,0.7047198248564905,1,2.0,1,入院型
07203,福島県,郡山市,0.2733610506314491,0.2733610506314491,0.0,0.17356793660769793,0.17356793660769793,0.0,0.8833333333333333,0.8799999999999999,0.2904108687257785,0.95,0.13674947772939317,0.95,0.3734068664531678,0.75,複合型
07202,福島県,会津若松市,1.4886590006083409,1.4886590006083409,0.0,0.6898716721856476,0.6898716721856476,0.0,0.8888888888888888,0.8833333333333332,1.680668498876837,1,1.3177877904408515,1,1.443110539626265,0.6666666666666666,複合型
07201,福島県,福島市,0.21020210278093227,0.21020210278093227,0.0,0.1467895275952764,0.1467895275952764,0.0,0.9777777777777777,0.9766666666666666,0.1898669576776364,1,0.06776356332431721,1,0.3526274245613268,0.9333333333333333,複合型
06461,山形県,遊佐町,-1.0,-1.0,0.0,-0.5497824531590982,-0.5497824531590982,0.0,1,0.9999999999999999,-1.0,1,-1.0,1,-1.0,1,活動量低め
06428,山形県,庄内町,2.0,2.0,0.0,0.7625724882881587,0.7625724882881587,0.0,1,0.9999999999999999,2.0,1,2.0,1,2.0,1,複合型
06426,山形県,三川町,,,,0.5201651015268584,0.5201651015268584,0.0,0.6666666666666666,0.0,,0,,0,,0,データ不足
06403,山形県,飯豊町,,,,-0.39539808746198885,-0.39539808746198885,0.0,,0.0,,,,,,,データ不足
06402,山形県,白鷹町,0.764881163051371,0.764881163051371,0.0,0.09501866051821936,0.09501866051821936,0.0,1,0.9999999999999999,0.13663982332669433,1,0.05685741629009344,1,2.0,1,入院型
06401,山形県,小国町,-0.22820781775526475,-0.22820781775526475,0.0,-0.08323978934676488,-0.08323978934676488,0.0,1,0.6499999999999999,-0.5524442335073565,1,0.15006800062217573,1,,0,救急型
06382,山形県,川西町,2.0,2.0,0.0,1.2372474027826597,1.2372474027826597,0.0,1,0.9999999999999999,2.0,1,2.0,1,2.0,1,複合型
06381,山形県,高畠町,-0.5756504183529924,-0.5756504183529924,0.0,-0.32071466859151676,-0.32071466859151676,0.0,1,0.9999999999999999,-0.9029235398397225,1,0.30124273530303514,1,-1.0,1,救急型
06367,山形県,戸沢村,,,,-0.2726376319337844,-0.2726376319337844,0.0,,0.0,,,,,,,データ不足
06366,山形県,鮭川村,,,,-0.06419754625534445,-0.06419754625534445,0.0,,0.0,,,,,,,データ不足
06365,山形県,大蔵村,,,,-0.23674570712144705,-0.23674570712144705,0.0,,0.0,,,,,,,データ不足
06364,山形県,真室川町,2.0,2.0,0.0,0.6594936575403346,0.6594936575403346,0.0,1,0.35,2.0,1,,0,,0,手術型（参考）
06363,山形県,舟形町,,,,-0.41866108519405026,-0.41866108519405026,0.0,,0.0,,,,,,,データ不足
06362,山形県,最上町,1.0803398086537004,1.0803398086537004,0.0,0.3184906965995332,0.3184906965995332,0.0,1,0.6499999999999999,2.0,1,0.00740291874968424,1,,0,手術型
06361,山形県,金山町,,,,-0.39094348111849764,-0.39094348111849764,0.0,,0.0,,,,,,,データ不足
06341,山形県,大石田町,,,,-0.35523362144021575,-0.35523362144021575,0.0,,0.0,,,,,,,データ不足
06324,山形県,大江町,,,,-0.38440231886571735,-0.38440231886571735,0.0,,0.0,,,,,,,データ不足
06323,山形県,朝日町,0.8249054336396782,0.8249054336396782,0.0,0.3978454948782755,0.3978454948782755,0.0,1,0.6499999999999999,-0.18231848038345488,1,2.0,1,,0,救急型
06322,山形県,西川町,,,,0.2444745457453653,0.2444745457453653,0.0,1,0.0,,0,,0,,0,データ不足
06321,山形県,河北町,1.9366890599008328,1.9366890599008328,0.0,0.7755585078464831,0.7755585078464831,0.0,1,0.9999999999999999,2.0,1,2.0,1,1.8191115997166656,1,複合型
06302,山形県,中山町,,,,-0.4383653208909163,-0.4383653208909163,0.0,,0.0,,,,,,,データ不足
06301,山形県,山辺町,,,,-0.3647697673879163,-0.3647697673879163,0.0,,0.0,,,,,,,データ不足
06213,山形県,南陽市,-0.9693185491481593,-0.9693185491481593,0.0,-0.6284295968553628,-0.6284295968553628,0.0,0.6666666666666666,0.6749999999999999,-1.0,0.5,-1.0,0.5,-0.9123387118518838,1,活動量低め
06212,山形県,尾花沢市,-0.9975504546933118,-0.9975504546933118,0.0,-0.47937200559730975,-0.47937200559730975,0.0,1,0.9999999999999999,-1.0,1,-0.9918348489777061,1,-1.0,1,活動量低め
06211,山形県,東根市,0.37116317986176284,0.37116317986176284,0.0,0.27798288375349195,0.27798288375349195,0.0,1,0.9999999999999999,-0.08919164183057016,1,0.6061412009422789,1,0.6301082691993678,1,複合型
06210,山形県,天童市,-0.5571966837039076,-0.5571966837039076,0.0,-0.23725866474000593,-0.23725866474000593,0.0,1,0.9999999999999999,-0.45359456024408085,1,-0.5692534812698051,1,-0.650464409250108,1,活動量低め
06209,山形県,長井市,-0.9329702752203706,-0.9329702752203706,0.0,-0.5569220505157847,-0.5569220505157847,0.0,1,0.9999999999999999,-1.0,1,-0.9975222045593454,1,-0.8106103252930488,1,活動量低め
06208,山形県,村山市,,,,-0.4207069087539476,-0.4207069087539476,0.0,,0.0,,,,,,,データ不足
06207,山形県,上山市,-0.14631562311186452,-0.14631562311186452,0.0,-0.076899736255882,-0.076899736255882,0.0,1,0.9999999999999999,0.6028755705920146,1,-0.4714116143448933,1,-0.6168531100445761,1,手術型
06206,山形県,寒河江市,-0.7233787285112906,-0.7233787285112906,0.0,-0.5109918580307264,-0.5109918580307264,0.0,1,0.9999999999999999,-0.8560130027444935,1,-0.5835313450830806,1,-0.7106136400736964,1,活動量低め
06205,山形県,新庄市,1.8726488971133692,1.8726488971133692,0.0,0.9906236319212083,0.9906236319212083,0.0,1,0.9999999999999999,2.0,1,1.575496323711231,1,2.0,1,複合型
06204,山形県,酒田市,0.5104779783539382,0.5104779783539382,0.0,0.07662511013210596,0.07662511013210596,0.0,1,0.9999999999999999,0.6379867908663848,1,-0.03811284904048695,1,0.8531898750367131,1,複合型
06203,山形県,鶴岡市,-0.21517740318936923,-0.21517740318936923,0.0,-0.1535023612873858,-0.1535023612873858,0.0,0.888888888888889,0.8916666666666667,-0.20394504804314662,0.8333333333333334,-0.2546690553777837,0.8333333333333334,-0.19255977074552233,1,複合型
06202,山形県,米沢市,0.1909200154107642,0.1909200154107642,0.0,0.11673369334763271,0.11673369334763271,0.0,0.8666666666666667,0.87,0.14021378229343218,0.8,-0.05073332604031311,0.8,0.4487576840575911,1,入院型
06201,山形県,山形市,0.7113069743990189,0.7113069743990189,0.0,0.4672794694151504,0.4672794694151504,0.0,0.8666666666666667,0.8666666666666667,0.9032430679669852,0.8666666666666667,0.21578887320285456,0.8666666666666667,0.9441006818563364,0.8666666666666667,複合型
05464,秋田県,東成瀬村,,,,0.12753351858819567,0.12753351858819567,0.0,,0.0,,,,,,,データ不足
05463,秋田県,羽後町,1.0971136968362982,1.0971136968362982,0.0,0.19858470169606007,0.19858470169606007,0.0,1,0.9999999999999999,2.0,1,0.3355407965674322,1,0.8470041653316247,1,手術型
05434,秋田県,美郷町,,,,-0.532685311104774,-0.532685311104774,0.0,,0.0,,,,,,,データ不足
05368,秋田県,大潟村,,,,-0.01771654994855105,-0.01771654994855105,0.0,,0.0,,,,,,,データ不足
05366,秋田県,井川町,,,,-0.4110498222119,-0.4110498222119,0.0,,0.0,,,,,,,データ不足
05363,秋田県,八郎潟町,,,,0.8027063411602577,0.8027063411602577,0.0,1,0.0,,0,,0,,0,データ不足
05361,秋田県,五城目町,,,,-0.38275324845621,-0.38275324845621,0.0,,0.0,,,,,,,データ不足
05349,秋田県,八峰町,,,,-0.5116790581542157,-0.5116790581542157,0.0,,0.0,,,,,,,データ不足
05348,秋田県,三種町,-0.9927494007366553,-0.9927494007366553,0.0,-0.4776966429144513,-0.4776966429144513,0.0,1,0.9999999999999999,-0.9792840021047298,1,-1.0,1,-1.0,1,活動量低め
05346,秋田県,藤里町,,,,-0.050917543685723675,-0.050917543685723675,0.0,,0.0,,,,,,,データ不足
05327,秋田県,上小阿仁村,,,,-0.03219738185803397,-0.03219738185803397,0.0,,0.0,,,,,,,データ不足
05303,秋田県,小坂町,,,,0.07778879532629779,0.07778879532629779,0.0,,0.0,,,,,,,データ不足
05215,秋田県,仙北市,0.5659192902341574,0.5659192902341574,0.0,0.13307907227764043,0.13307907227764043,0.0,1,0.9999999999999999,0.6271283870839857,1,0.4968811524961436,1,0.5638857400169124,1,複合型
05214,秋田県,にかほ市,,,,-0.5428470489602618,-0.5428470489602618,0.0,,0.0,,,,,,,データ不足
05213,秋田県,北秋田市,0.8149984126302952,0.8149984126302952,0.0,0.04595667880718166,0.04595667880718166,0.0,1,0.9999999999999999,0.9427013301300575,1,0.5006481419253599,1,0.9567385843061915,1,複合型
05212,秋田県,大仙市,0.311081641071767,0.311081641071767,0.0,0.06005298917726001,0.06005298917726001,0.0,0.9333333333333333,0.9299999999999999,0.403548327650191,1,0.11942007321880599,1,0.38289629836730965,0.8,複合型
05211,秋田県,潟上市,-0.5078949173887495,-0.5078949173887495,0.0,-0.30684381088502394,-0.30684381088502394,0.0,1,0.9999999999999999,-0.56103319580311,1,-0.7608126825996863,1,-0.2379699830793004,1,入院型
05210,秋田県,由利本荘市,0.4536586403816122,0.4536586403816122,0.0,0.23194105008028565,0.23194105008028565,0.0,1,0.9999999999999999,0.5588473513956269,1,0.1582814245253783,1,0.6016504001015122,1,複合型
05209,秋田県,鹿角市,0.42766346747632844,0.42766346747632844,0.0,0.14038516346850868,0.14038516346850868,0.0,0.8888888888888888,0.8833333333333332,0.6800388164325666,1,0.39552250554350743,1,0.2028375144625083,0.6666666666666666,複合型
05207,秋田県,湯沢市,-0.05343838974095507,-0.05343838974095507,0.0,-0.27455481649859675,-0.27455481649859675,0.0,1,0.9999999999999999,0.0,1,-0.17812796580318357,1,0.0,1,複合型
05206,秋田県,男鹿市,0.6391180178818378,0.6391180178818378,0.0,0.08215676532836208,0.08215676532836208,0.0,1,0.9999999999999999,1.1293991598560127,1,0.0493858865992598,1,0.6543215598641583,1,手術型
05204,秋田県,大館市,0.38804746586107897,0.38804746586107897,0.0,0.051525240912257034,0.051525240912257034,0.0,1,0.9999999999999999,0.6300454653143255,1,0.053834100877441005,1,0.4325180649652365,1,複合型
05203,秋田県,横手市,0.8112339685592875,0.8112339685592875,0.0,0.18923437055101044,0.18923437055101044,0.0,0.8333333333333334,0.8374999999999999,1.1461465571312628,0.75,0.28384796931524114,0.75,0.928366522196495,1,複合型
05202,秋田県,能代市,1.595677054592513,1.595677054592513,0.0,0.7602779847256674,0.7602779847256674,0.0,0.9166666666666666,0.9124999999999999,2.0,1,0.6522568486417102,1,2.0,0.75,複合型
05201,秋田県,秋田市,0.25004598447946064,0.25004598447946064,0.0,0.10676825891205373,0.10676825891205373,0.0,0.9285714285714286,0.9285714285714286,0.3119044940010125,0.9285714285714286,-0.045500739056867134,0.9285714285714286,0.44151323798904696,0.9285714285714286,複合型
04606,宮城県,南三陸町,-0.022567828810322377,-0.022567828810322377,0.0,0.10981550533495622,0.10981550533495622,0.0,1,0.9999999999999999,-0.37127956417751795,1,1.5246000621726963,1,-1.0,1,救急型
04581,宮城県,女川町,,,,0.04961635018613714,0.04961635018613714,0.0,,0.0,,,,,,,データ不足
04501,宮城県,涌谷町,0.1396136262538215,0.1396136262538215,0.0,0.2641704372883029,0.2641704372883029,0.0,0.8333333333333334,0.825,0.150017613284273,1,0.0529382043706661,1,0.20350285798036039,0.5,複合型
04445,宮城県,加美町,,,,-0.606427492336312,-0.606427492336312,0.0,,0.0,,,,,,,データ不足
04444,宮城県,色麻町,,,,0.4195287663100351,0.4195287663100351,0.0,1,0.0,,0,,0,,0,データ不足
04424,宮城県,大衡村,,,,-0.4146392510091504,-0.4146392510091504,0.0,,0.0,,,,,,,データ不足
04422,宮城県,大郷町,,,,-0.4699039432276938,-0.4699039432276938,0.0,,0.0,,,,,,,データ不足
04421,宮城県,大和町,-0.1254870057124739,-0.1254870057124739,0.0,0.030056149882545218,0.030056149882545218,0.0,1,0.9999999999999999,-0.36010750810916625,1,0.18467285017177248,1,-0.15671780835942128,1,救急型
04406,宮城県,利府町,0.24762349458127214,0.24762349458127214,0.0,0.030680966678695753,0.030680966678695753,0.0,1,0.9999999999999999,-0.6298411080166073,1,-0.33448986802453773,1,1.6240424079841316,1,入院型
04404,宮城県,七ヶ浜町,,,,-0.6869381728643008,-0.6869381728643008,0.0,,0.0,,,,,,,データ不足
04401,宮城県,松島町,-0.7681620594353638,-0.7681620594353638,0.0,-0.408007073192193,-0.408007073192193,0.0,1,0.9999999999999999,-0.914836873631383,1,-0.3265638455479326,1,-1.0,1,活動量低め
04362,宮城県,山元町,0.41721982865933394,0.41721982865933394,0.0,0.4599359514020421,0.4599359514020421,0.0,1,0.9999999999999999,1.8170444390283533,1,0.43751424999803445,1,-1.0,1,手術型
04361,宮城県,亘理町,,,,-0.5205785577608365,-0.5205785577608365,0.0,,0.0,,,,,,,データ不足
04341,宮城県,丸森町,-0.7073817770009246,-0.7073817770009246,0.0,-0.16139694790536033,-0.16139694790536033,0.0,1,0.9999999999999999,-0.9290444324078766,1,-0.2824114434617512,1,-0.8499794074846929,1,活動量低め
04324,宮城県,川崎町,0.6382664254385565,0.6382664254385565,0.0,0.5428774250615274,0.5428774250615274,0.0,1,0.9999999999999999,-0.05510018214936263,1,0.10928415846448658,1,1.7850464047185355,1,入院型
04322,宮城県,村田町,,,,-0.4303470754237445,-0.4303470754237445,0.0,,0.0,,,,,,,データ不足
04321,宮城県,大河原町,2.0,2.0,0.0,1.361745657446656,1.361745657446656,0.0,1,0.9999999999999999,2.0,1,2.0,1,2.0,1,複合型
04302,宮城県,七ヶ宿町,,,,0.25645828876627463,0.25645828876627463,0.0,,0.0,,,,,,,データ不足
04216,宮城県,富谷市,-0.8408489945559072,-0.8408489945559072,0.0,-0.4480648732517199,-0.4480648732517199,0.0,1,0.9999999999999999,-0.9290675941269413,1,-0.9231989253259126,1,-0.6820447400391545,1,活動量低め
04215,宮城県,大崎市,0.4009877274510095,0.4009877274510095,0.0,0.36723009774280096,0.36723009774280096,0.0,0.9444444444444444,0.9416666666666667,0.23018974129348369,1,0.329057290232335,1,0.633440374081685,0.8333333333333334,入院型
04214,宮城県,東松島市,0.8732833308978615,0.8732833308978615,0.0,0.22902800642012466,0.22902800642012466,0.0,1,0.9999999999999999,0.8469810950259336,1,0.4941977289786892,1,1.2245160827005086,1,入院型
04213,宮城県,栗原市,-0.16916240408849106,-0.16916240408849106,0.0,-0.1554468979760373,-0.1554468979760373,0.0,0.9166666666666666,0.9124999999999999,-0.2611051592203969,1,0.12490193652921944,1,-0.32927479805747994,0.75,救急型
04212,宮城県,登米市,-0.49839602282527384,-0.49839602282527384,0.0,-0.359625410659603,-0.359625410659603,0.0,0.9166666666666666,0.9124999999999999,-0.654412599621594,1,-0.3409293981654856,1,-0.47735083859448657,0.75,活動量低め
04211,宮城県,岩沼市,1.5339119836816015,1.5339119836816015,0.0,0.8113549942455455,0.8113549942455455,0.0,0.7777777777777778,0.7833333333333332,1.2374838591482535,0.6666666666666666,1.4633937468842029,0.6666666666666666,1.8907843111841482,1,入院型
04209,宮城県,多賀城市,-0.9681084994718652,-0.9681084994718652,0.0,-0.6949551421645421,-0.6949551421645421,0.0,1,0.9999999999999999,-0.9993853448932415,1,-0.9735503171949531,1,-0.9321672388592707,1,活動量低め
04208,宮城県,角田市,-0.8050851940745163,-0.8050851940745163,0.0,-0.39108163974906845,-0.39108163974906845,0.0,0.8888888888888888,0.8833333333333332,-0.7784432620100397,1,-0.7331689272422013,1,-0.8933696405666917,0.6666666666666666,活動量低め
04207,宮城県,名取市,-0.12114943920845606,-0.12114943920845606,0.0,-0.0675524216232341,-0.0675524216232341,0.0,0.6666666666666666,0.6749999999999999,0.014939987111588726,0.5,-0.8917071542439036,0.5,0.4032391759304541,1,入院型
04206,宮城県,白石市,0.13396290652161497,0.13396290652161497,0.0,0.1821315469123031,0.1821315469123031,0.0,0.7777777777777778,0.7833333333333332,0.0658399938781058,0.6666666666666666,0.5289569891524046,0.6666666666666666,-0.13648053737555266,1,救急型
04205,宮城県,気仙沼市,0.3950919440055362,0.3950919440055362,0.0,-0.09093023080929732,-0.09093023080929732,0.0,1,0.9999999999999999,0.5615237474498143,1,0.15995921803646107,1,0.43020247710617987,1,複合型
04203,宮城県,塩竈市,0.9350283727528821,0.9350283727528821,0.0,0.40081071563619725,0.40081071563619725,0.0,0.8333333333333334,0.8374999999999999,0.4862044112687611,0.75,1.0891016188463962,0.75,1.2517895518711337,1,複合型
04202,宮城県,石巻市,0.2838702883984422,0.2838702883984422,0.0,0.020289872297698797,0.020289872297698797,0.0,1,0.9999999999999999,0.31562641994224894,1,0.21778715803840343,1,0.30875684002038306,1,複合型
04105,宮城県,仙台市泉区,0.0433182443130974,0.0433182443130974,0.0,-0.09484904485630594,-0.09484904485630594,0.0,1,0.9999999999999999,0.1347757308590214,1,-0.051765352091467265,1,0.03336098325680026,1,複合型
04104,宮城県,仙台市太白区,0.062187541787030204,0.062187541787030204,0.0,-0.031029705812837094,-0.031029705812837094,0.0,1,0.9999999999999999,0.007932281858936907,1,0.050968378670471104,1,0.12605922724360275,1,複合型
04103,宮城県,仙台市若林区,-0.7218516704974046,-0.7218516704974046,0.0,-0.4639106318318208,-0.4639106318318208,0.0,0.9333333333333333,0.9299999999999999,-0.7156578414346382,1,-0.7563419951650708,1,-0.6984823641307428,0.8,活動量低め
04102,宮城県,仙台市宮城野区,1.163984617310826,1.163984617310826,0.0,0.5630992951431116,0.5630992951431116,0.0,0.9629629629629629,0.961111111111111,1.1114310833707708,1,0.8982511035940086,1,1.4443097344367244,0.8888888888888888,入院型
04101,宮城県,仙台市青葉区,1.0566749886007982,1.0566749886007982,0.0,0.6655939802666861,0.6655939802666861,0.0,0.9473684210526315,0.9473684210526314,1.37832251166315,0.9473684210526315,0.2559936613759122,0.9473684210526315,1.4213257460169202,0.9473684210526315,複合型
03524,岩手県,一戸町,-0.4465049108115719,-0.4465049108115719,0.0,0.026956655007280235,0.026956655007280235,0.0,1,0.9999999999999999,-1.0,1,-0.01079474431616878,1,-0.26647567861920374,1,複合型
03507,岩手県,洋野町,-0.4209310084716803,-0.4209310084716803,0.0,-0.5252934974627351,-0.5252934974627351,0.0,1,0.9999999999999999,-0.7627122144656946,1,-0.696987369252023,1,0.1574699353340563,1,入院型
03506,岩手県,九戸村,,,,-0.41854347351812277,-0.41854347351812277,0.0,,0.0,,,,,,,データ不足
03503,岩手県,野田村,,,,-0.05418542141167429,-0.05418542141167429,0.0,,0.0,,,,,,,データ不足
03501,岩手県,軽米町,1.5865290077898888,1.5865290077898888,0.0,0.5511594828702064,0.5511594828702064,0.0,1,0.6499999999999999,2.0,1,1.104146183544759,1,,0,手術型
03485,岩手県,普代村,,,,-0.03192323270453312,-0.03192323270453312,0.0,,0.0,,,,,,,データ不足
03484,岩手県,田野畑村,,,,-0.040474274829556546,-0.040474274829556546,0.0,,0.0,,,,,,,データ不足
03482,岩手県,山田町,-0.08652807154470712,-0.08652807154470712,0.0,-0.2540872606278159,-0.2540872606278159,0.0,1,0.9999999999999999,-0.845273207078547,1,-0.49677045424902044,1,1.0238533920214015,1,入院型
03461,岩手県,大槌町,0.8403489677274522,0.8403489677274522,0.0,0.28908649451857044,0.28908649451857044,0.0,1,0.6499999999999999,2.0,1,-0.5125772365905203,1,,0,手術型
03441,岩手県,住田町,,,,-0.2432015292977869,-0.2432015292977869,0.0,,0.0,,,,,,,データ不足
03402,岩手県,平泉町,,,,-0.5557545511435354,-0.5557545511435354,0.0,,0.0,,,,,,,データ不足
03381,岩手県,金ケ崎町,,,,-0.4192363015794115,-0.4192363015794115,0.0,,0.0,,,,,,,データ不足
03366,岩手県,西和賀町,,,,0.5678624932736043,0.5678624932736043,0.0,1,0.0,,0,,0,,0,データ不足
03322,岩手県,矢巾町,2.0,2.0,0.0,2.523372371322404,2.523372371322404,0.0,1,0.9999999999999999,2.0,1,2.0,1,2.0,1,複合型
03321,岩手県,紫波町,,,,-0.45588169524261435,-0.45588169524261435,0.0,,0.0,,,,,,,データ不足
03303,岩手県,岩手町,,,,-0.2793468310093643,-0.2793468310093643,0.0,,0.0,,,,,,,データ不足
03302,岩手県,葛巻町,,,,0.18788803110649388,0.18788803110649388,0.0,1,0.0,,0,,0,,0,データ不足
03301,岩手県,雫石町,-0.8577076774448436,-0.8577076774448436,0.0,-0.19448805170053307,-0.19448805170053307,0.0,1,0.9999999999999999,-0.7087027914614121,1,-0.8655390014444979,1,-1.0,1,活動量低め
03216,岩手県,滝沢市,-0.8532357229617942,-0.8532357229617942,0.0,-0.5910756259582679,-0.5910756259582679,0.0,1,0.9999999999999999,-0.8442883811635923,1,-0.9487570633479332,1,-0.7803076301433054,1,活動量低め
03215,岩手県,奥州市,0.006142408592905968,0.006142408592905968,0.0,-0.05327402690788484,-0.05327402690788484,0.0,0.9583333333333334,0.9562499999999998,0.006202219690406796,1,-0.07889925614835991,1,0.07897545298791875,0.875,複合型
03214,岩手県,八幡平市,-0.533793560317546,-0.533793560317546,0.0,-0.32831890941916836,-0.32831890941916836,0.0,1,0.9999999999999999,-0.8513326607765523,1,-0.2822026739080138,1,-0.43190379106671006,1,活動量低め
03213,岩手県,二戸市,1.8049864241692883,1.8049864241692883,0.0,0.4398992712906473,0.4398992712906473,0.0,1,0.9999999999999999,2.0,1,1.3499547472309614,1,2.0,1,複合型
03211,岩手県,釜石市,1.2157514786295223,1.2157514786295223,0.0,0.6792884277023001,0.6792884277023001,0.0,0.8333333333333334,0.825,1.15914661511375,1,1.1715748068609302,1,1.310222060804088,0.5,複合型
03210,岩手県,陸前高田市,-0.9503044216528416,-0.9503044216528416,0.0,-0.4211010047575645,-0.4211010047575645,0.0,0.8333333333333334,0.825,-0.9934577452545106,1,-0.8419807027125432,1,-1.0,0.5,活動量低め
03209,岩手県,一関市,-0.038673628215449535,-0.038673628215449535,0.0,-0.1384511995684485,-0.1384511995684485,0.0,0.9047619047619048,0.9071428571428571,-0.09087484031982096,0.8571428571428571,-0.037156302835197774,0.8571428571428571,0.01222701927727754,1,複合型
03208,岩手県,遠野市,-0.1393438928007499,-0.1393438928007499,0.0,-0.23388122118223129,-0.23388122118223129,0.0,1,0.9999999999999999,-0.6719116275486502,1,0.18718243130084988,1,0.11334413557435052,1,複合型
03207,岩手県,久慈市,1.2265447717840572,1.2265447717840572,0.0,0.3697545614164017,0.3697545614164017,0.0,0.8333333333333334,0.825,1.2339550721017685,1,1.016583447927518,1,1.399101320486237,0.5,複合型
03206,岩手県,北上市,1.0233940267078543,1.0233940267078543,0.0,0.3438326751197226,0.3438326751197226,0.0,1,0.9999999999999999,1.2246908571810091,1,0.47245263047173913,1,1.2943326787227982,1,複合型
03205,岩手県,花巻市,-0.7816151461671911,-0.7816151461671911,0.0,-0.46780556513692095,-0.46780556513692095,0.0,0.9166666666666666,0.9124999999999999,-0.8270604387532845,1,-0.7005748070816403,1,-0.8056330013687127,0.75,活動量低め
03203,岩手県,大船渡市,1.875414064673421,1.875414064673421,0.0,0.4736903731008825,0.4736903731008825,0.0,1,0.9999999999999999,2.0,1,1.5847135489114033,1,2.0,1,複合型
03202,岩手県,宮古市,0.582972549251323,0.582972549251323,0.0,0.14693409605279575,0.14693409605279575,0.0,1,0.9999999999999999,0.4491474034726768,1,0.5455782105973683,1,0.7488499853047876,1,複合型
03201,岩手県,盛岡市,-0.060365253089593424,-0.060365253089593424,0.0,0.14260140748970962,0.14260140748970962,0.0,0.8947368421052632,0.894736842105263,-0.07391025125187956,0.8947368421052632,-0.1295184346915219,0.8947368421052632,0.012453900731488554,0.8947368421052632,複合型
02450,青森県,新郷村,,,,-0.03795042526593643,-0.03795042526593643,0.0,,0.0,,,,,,,データ不足
02446,青森県,階上町,,,,-0.5818181818181819,-0.5818181818181819,0.0,,0.0,,,,,,,データ不足
02445,青森県,南部町,1.2086535062989439,1.2086535062989439,0.0,0.5546068886570754,0.5546068886570754,0.0,1,0.9999999999999999,2.0,1,0.049070070261153065,1,1.4112356720588513,1,手術型
02443,青森県,田子町,,,,-0.3383751885452025,-0.3383751885452025,0.0,,0.0,,,,,,,データ不足
02442,青森県,五戸町,-0.2112314153245471,-0.2112314153245471,0.0,-0.09570357939647951,-0.09570357939647951,0.0,1,0.9999999999999999,0.23481853772087602,1,-1.0,1,0.01880598992327509,1,複合型
02441,青森県,三戸町,1.3127641730524637,1.3127641730524637,0.0,0.34865277934218775,0.34865277934218775,0.0,1,0.9999999999999999,0.8397946934252647,1,1.0627867678454037,1,2.0,1,入院型
02426,青森県,佐井村,,,,0.35014239844422335,0.35014239844422335,0.0,,0.0,,,,,,,データ不足
02425,青森県,風間浦村,,,,0.002388127320200641,0.002388127320200641,0.0,,0.0,,,,,,,データ不足
02424,青森県,東通村,,,,0.5971682028963525,0.5971682028963525,0.0,,0.0,,,,,,,データ不足
02423,青森県,大間町,,,,0.4429918992317253,0.4429918992317253,0.0,1,0.0,,0,,0,,0,データ不足
02412,青森県,おいらせ町,-0.406548607127523,-0.406548607127523,0.0,-0.30571076712714434,-0.30571076712714434,0.0,0.8333333333333334,0.825,-0.5560337948200745,1,-0.3864275474425024,1,-0.27431004202213205,0.5,活動量低め
02411,青森県,六ヶ所村,,,,-0.3802813555487468,-0.3802813555487468,0.0,,0.0,,,,,,,データ不足
02408,青森県,東北町,1.1179841512138808,1.1179841512138808,0.0,0.2512440626736485,0.2512440626736485,0.0,1,0.9999999999999999,2.0,1,-0.7498688657184958,1,1.8369851740840848,1,複合型
02406,青森県,横浜町,,,,-0.2661445784640702,-0.2661445784640702,0.0,,0.0,,,,,,,データ不足
02405,青森県,六戸町,,,,-0.2572657335071484,-0.2572657335071484,0.0,,0.0,,,,,,,データ不足
02402,青森県,七戸町,1.2060393312537656,1.2060393312537656,0.0,0.29756946804761997,0.29756946804761997,0.0,1,0.9999999999999999,2.0,1,0.8430779629662568,1,0.7231884067539676,1,手術型
02401,青森県,野辺地町,2.0,2.0,0.0,0.7802938719146767,0.7802938719146767,0.0,1,0.9999999999999999,2.0,1,2.0,1,2.0,1,複合型
02387,青森県,中泊町,,,,-0.5136625628145832,-0.5136625628145832,0.0,,0.0,,,,,,,データ不足
02384,青森県,鶴田町,,,,-0.5195138911994013,-0.5195138911994013,0.0,,0.0,,,,,,,データ不足
02381,青森県,板柳町,0.24555979312718834,0.24555979312718834,0.0,0.1715730569390398,0.1715730569390398,0.0,1,0.9999999999999999,-0.7398308984507547,1,0.4351372579349668,1,1.0684555148698927,1,入院型
02367,青森県,田舎館村,,,,-0.0913705292332282,-0.0913705292332282,0.0,,0.0,,,,,,,データ不足
02362,青森県,大鰐町,,,,-0.42112224891630934,-0.42112224891630934,0.0,,0.0,,,,,,,データ不足
02361,青森県,藤崎町,2.0,2.0,0.0,0.8889845763790643,0.8889845763790643,0.0,1,0.6499999999999999,2.0,1,2.0,1,,0,複合型
02343,青森県,西目屋村,,,,-0.14545454545454548,-0.14545454545454548,0.0,,0.0,,,,,,,データ不足
02323,青森県,深浦町,,,,-0.4828067301580489,-0.4828067301580489,0.0,,0.0,,,,,,,データ不足
02321,青森県,鰺ヶ沢町,2.0,2.0,0.0,0.5455973344924314,0.5455973344924314,0.0,1,0.9999999999999999,2.0,1,2.0,1,2.0,1,複合型
02307,青森県,外ヶ浜町,,,,0.43708887804860813,0.43708887804860813,0.0,1,0.0,,0,,0,,0,データ不足
02304,青森県,蓬田村,,,,-0.02124162837962872,-0.02124162837962872,0.0,,0.0,,,,,,,データ不足
02303,青森県,今別町,,,,0.06409593737980737,0.06409593737980737,0.0,,0.0,,,,,,,データ不足
02301,青森県,平内町,-0.49831519081944586,-0.49831519081944586,0.0,-0.08169047777981737,-0.08169047777981737,0.0,1,0.9999999999999999,-0.3141596823996471,1,-0.2552439883312577,1,-0.8908174442291203,1,活動量低め
02210,青森県,平川市,,,,-0.7466732514556106,-0.7466732514556106,0.0,,0.0,,,,,,,データ不足
02209,青森県,つがる市,-0.9994231384228119,-0.9994231384228119,0.0,-0.8573264442189248,-0.8573264442189248,0.0,1,0.9999999999999999,-0.9983518240651772,1,-1.0,1,-1.0,1,活動量低め
02208,青森県,むつ市,0.45915570821985485,0.45915570821985485,0.0,-0.09468624981501253,-0.09468624981501253,0.0,0.8333333333333334,0.825,0.585140609590874,1,0.2514744577977328,1,0.5111833072106546,0.5,複合型
02207,青森県,三沢市,1.6351065263729438,1.6351065263729438,0.0,0.5792665685394437,0.5792665685394437,0.0,0.8333333333333334,0.825,1.6626679462571974,1,1.4438555659261847,1,1.7714745011573414,0.5,複合型
02206,青森県,十和田市,0.4870583232819663,0.4870583232819663,0.0,0.10608554075406967,0.10608554075406967,0.0,1,0.9999999999999999,0.25344678479688976,1,0.0474463439858992,1,1.0974801297351005,1,入院型
02205,青森県,五所川原市,0.997788041082438,0.997788041082438,0.0,0.3149580493375595,0.3149580493375595,0.0,0.8333333333333334,0.825,0.8907765712823432,1,0.8993658822193369,1,1.1891613613366196,0.5,複合型
02204,青森県,黒石市,0.4645577493011155,0.4645577493011155,0.0,0.207324060260291,0.207324060260291,0.0,1,0.9999999999999999,0.5337748514225464,1,0.2893182813717019,1,0.5455459054048963,1,複合型
02203,青森県,八戸市,0.21051166164086246,0.21051166164086246,0.0,0.12857814434285003,0.12857814434285003,0.0,0.8888888888888888,0.8833333333333332,0.24558447071405598,1,0.07481805118058982,1,0.291747661533617,0.6666666666666666,複合型
02202,青森県,弘前市,0.8195339535919518,0.8195339535919518,0.0,0.5476806854270442,0.5476806854270442,0.0,0.9444444444444444,0.9458333333333332,1.1403592431529628,0.9166666666666666,0.24156362684817,0.9166666666666666,0.9941118012398968,1,複合型
02201,青森県,青森市,-0.084514385286691,-0.084514385286691,0.0,0.01878996983497064,0.01878996983497064,0.0,0.9777777777777777,0.9766666666666666,-0.06073883633339683,1,-0.21085264190000708,1,0.0,0.9333333333333333,複合型
01694,北海道,羅臼町,,,,-0.0535697441223478,-0.0535697441223478,0.0,,0.0,,,,,,,データ不足
01693,北海道,標津町,,,,-0.17968750969822547,-0.17968750969822547,0.0,1,0.0,,0,,0,,0,データ不足
01692,北海道,中標津町,1.8884021299700389,1.8884021299700389,0.0,0.7737558894704941,0.7737558894704941,0.0,1,0.9999999999999999,2.0,1,1.6280070999001302,1,2.0,1,複合型
01691,北海道,別海町,2.0,2.0,0.0,0.5794403360885169,0.5794403360885169,0.0,1,0.6499999999999999,2.0,1,2.0,1,,0,複合型
01668,北海道,白糠町,,,,-0.4348372042229232,-0.4348372042229232,0.0,,0.0,,,,,,,データ不足
01667,北海道,鶴居村,,,,0.1491413617282408,0.1491413617282408,0.0,,0.0,,,,,,,データ不足
01665,北海道,弟子屈町,2.0,2.0,0.0,1.4140358757733684,1.4140358757733684,0.0,0.8333333333333334,0.6499999999999999,2.0,1,2.0,1,,0,複合型
01664,北海道,標茶町,,,,0.2834298982120751,0.2834298982120751,0.0,1,0.0,,0,,0,,0,データ不足
01663,北海道,浜中町,,,,-0.18810537851443734,-0.18810537851443734,0.0,,0.0,,,,,,,データ不足
01662,北海道,厚岸町,,,,0.3224540056419809,0.3224540056419809,0.0,1,0.0,,0,,0,,0,データ不足
01661,北海道,釧路町,,,,-0.5150675112917267,-0.5150675112917267,0.0,,0.0,,,,,,,データ不足
01649,北海道,浦幌町,,,,0.12223893135628378,0.12223893135628378,0.0,,0.0,,,,,,,データ不足
01648,北海道,陸別町,,,,-0.0025317012927418784,-0.0025317012927418784,0.0,,0.0,,,,,,,データ不足
01647,北海道,足寄町,,,,0.4858027712224244,0.4858027712224244,0.0,1,0.0,,0,,0,,0,データ不足
01646,北海道,本別町,2.0,2.0,0.0,0.8220569283060712,0.8220569283060712,0.0,1,0.6499999999999999,2.0,1,2.0,1,,0,複合型
01645,北海道,豊頃町,,,,0.1125344974866117,0.1125344974866117,0.0,,0.0,,,,,,,データ不足
01644,北海道,池田町,,,,0.5298156035042726,0.5298156035042726,0.0,1,0.0,,0,,0,,0,データ不足
01643,北海道,幕別町,-0.9386436717912034,-0.9386436717912034,0.0,-0.6802541329135672,-0.6802541329135672,0.0,1,0.9999999999999999,-0.8622521401335173,1,-0.956184742481575,1,-1.0,1,活動量低め
01642,北海道,広尾町,,,,0.2555504002549574,0.2555504002549574,0.0,1,0.0,,0,,0,,0,データ不足
01641,北海道,大樹町,,,,0.6572061652590258,0.6572061652590258,0.0,1,0.0,,0,,0,,0,データ不足
01639,北海道,更別村,,,,-0.021882210942642703,-0.021882210942642703,0.0,,0.0,,,,,,,データ不足
01638,北海道,中札内村,,,,0.15915004464732813,0.15915004464732813,0.0,,0.0,,,,,,,データ不足
01637,北海道,芽室町,0.9279329705339691,0.9279329705339691,0.0,0.2496214094246011,0.2496214094246011,0.0,1,0.6499999999999999,0.009018373848799666,1,2.0,1,,0,救急型
01636,北海道,清水町,,,,0.6133964249549521,0.6133964249549521,0.0,1,0.0,,0,,0,,0,データ不足
01635,北海道,新得町,,,,0.4906013021072695,0.4906013021072695,0.0,,0.0,,,,,,,データ不足
01634,北海道,鹿追町,,,,-0.18962084373297988,-0.18962084373297988,0.0,0.6666666666666666,0.0,,0,,0,,0,データ不足
01633,北海道,上士幌町,,,,0.06435204298677531,0.06435204298677531,0.0,,0.0,,,,,,,データ不足
01632,北海道,士幌町,,,,-0.20113036817618674,-0.20113036817618674,0.0,1,0.0,,0,,0,,0,データ不足
01631,北海道,音更町,-0.46805145784327157,-0.46805145784327157,0.0,-0.10596158017725635,-0.10596158017725635,0.0,0.8333333333333334,0.8374999999999999,-0.5773143398447413,0.75,-0.5056776224771523,0.75,-0.3265375775841899,1,活動量低め
01610,北海道,新ひだか町,1.388217735571821,1.388217735571821,0.0,0.9618876046020792,0.9618876046020792,0.0,1,0.9999999999999999,0.2520506730623462,1,2.0,1,2.0,1,複合型
01609,北海道,えりも町,,,,0.09255098734120586,0.09255098734120586,0.0,,0.0,,,,,,,データ不足
01608,北海道,様似町,,,,-0.2671613613828906,-0.2671613613828906,0.0,,0.0,,,,,,,データ不足
01607,北海道,浦河町,,,,0.40499481495418727,0.40499481495418727,0.0,1,0.0,,0,,0,,0,データ不足
01604,北海道,新冠町,,,,-0.18678153319347437,-0.18678153319347437,0.0,,0.0,,,,,,,データ不足
01602,北海道,平取町,,,,0.06733817739511627,0.06733817739511627,0.0,0.6666666666666666,0.0,,0,,0,,0,データ不足
01601,北海道,日高町,,,,-0.08915134900264096,-0.08915134900264096,0.0,1,0.0,,0,,0,,0,データ不足
01586,北海道,むかわ町,0.7116746689946166,0.7116746689946166,0.0,0.23519287926422033,0.23519287926422033,0.0,1,0.9999999999999999,-0.4408555216062854,1,0.5532470051893885,1,2.0,1,入院型
01585,北海道,安平町,,,,-0.3654960811416089,-0.3654960811416089,0.0,,0.0,,,,,,,データ不足
01584,北海道,洞爺湖町,1.2004386406165115,1.2004386406165115,0.0,0.9132038228607797,0.9132038228607797,0.0,1,0.6499999999999999,2.0,1,0.2676170546691081,1,,0,手術型
01581,北海道,厚真町,,,,-0.05320336356662776,-0.05320336356662776,0.0,,0.0,,,,,,,データ不足
01578,北海道,白老町,-0.5800299653616539,-0.5800299653616539,0.0,-0.5489536472050639,-0.5489536472050639,0.0,1,0.9999999999999999,-1.0,1,-0.15569682938605722,1,-0.523774047273819,1,救急型
01575,北海道,壮瞥町,,,,0.12409934859541072,0.12409934859541072,0.0,,0.0,,,,,,,データ不足
01571,北海道,豊浦町,,,,0.205319414109554,0.205319414109554,0.0,1,0.0,,0,,0,,0,データ不足
01564,北海道,大空町,,,,0.4936470440958627,0.4936470440958627,0.0,1,0.0,,0,,0,,0,データ不足
01563,北海道,雄武町,,,,0.09882663932988396,0.09882663932988396,0.0,1,0.0,,0,,0,,0,データ不足
01562,北海道,西興部村,,,,0.06908499524947521,0.06908499524947521,0.0,,0.0,,,,,,,データ不足
01561,北海道,興部町,,,,-0.04363536394770418,-0.04363536394770418,0.0,0.8333333333333334,0.0,,0,,0,,0,データ不足
01560,北海道,滝上町,,,,-0.025159052459346274,-0.025159052459346274,0.0,,0.0,,,,,,,データ不足
01559,北海道,湧別町,2.0,2.0,0.0,0.38260068692956833,0.38260068692956833,0.0,0.6666666666666666,0.6499999999999999,2.0,1,2.0,1,,0,複合型
01555,北海道,遠軽町,2.0,2.0,0.0,0.7605569702907844,0.7605569702907844,0.0,1,0.9999999999999999,2.0,1,2.0,1,2.0,1,複合型
01552,北海道,佐呂間町,,,,0.3287639921880391,0.3287639921880391,0.0,,0.0,,,,,,,データ不足
01550,北海道,置戸町,,,,-0.027123362527157635,-0.027123362527157635,0.0,1,0.0,,0,,0,,0,データ不足
01549,北海道,訓子府町,,,,-0.04794186582731109,-0.04794186582731109,0.0,,0.0,,,,,,,データ不足
01547,北海道,小清水町,,,,0.45060624198416604,0.45060624198416604,0.0,1,0.0,,0,,0,,0,データ不足
01546,北海道,清里町,,,,-0.05335771916664266,-0.05335771916664266,0.0,,0.0,,,,,,,データ不足
01545,北海道,斜里町,,,,0.19501378957332688,0.19501378957332688,0.0,1,0.0,,0,,0,,0,データ不足
01544,北海道,津別町,,,,0.42664378707382755,0.42664378707382755,0.0,1,0.0,,0,,0,,0,データ不足
01543,北海道,美幌町,2.0,2.0,0.0,0.8549277183008632,0.8549277183008632,0.0,0.8333333333333334,0.825,2.0,1,2.0,1,2.0,0.5,複合型
01520,北海道,幌延町,,,,0.16692031537022178,0.16692031537022178,0.0,,0.0,,,,,,,データ不足
01519,北海道,利尻富士町,,,,0.16303610425370874,0.16303610425370874,0.0,,0.0,,,,,,,データ不足
01518,北海道,利尻町,,,,-0.0028573630726914353,-0.0028573630726914353,0.0,0.6666666666666666,0.0,,0,,0,,0,データ不足
01517,北海道,礼文町,,,,0.1596537206285102,0.1596537206285102,0.0,,0.0,,,,,,,データ不足
01516,北海道,豊富町,,,,0.0960139553349218,0.0960139553349218,0.0,,0.0,,,,,,,データ不足
01514,北海道,枝幸町,,,,0.2808932321682011,0.2808932321682011,0.0,1,0.0,,0,,0,,0,データ不足
01513,北海道,中頓別町,,,,0.010711018803504346,0.010711018803504346,0.0,0.6666666666666666,0.0,,0,,0,,0,データ不足
01512,北海道,浜頓別町,,,,-0.04641117848086732,-0.04641117848086732,0.0,1,0.0,,0,,0,,0,データ不足
01511,北海道,猿払村,,,,-0.015042643963021069,-0.015042643963021069,0.0,,0.0,,,,,,,データ不足
01487,北海道,天塩町,,,,-0.024603842971363633,-0.024603842971363633,0.0,0.6666666666666666,0.0,,0,,0,,0,データ不足
01486,北海道,遠別町,,,,-0.02038214087798661,-0.02038214087798661,0.0,,0.0,,,,,,,データ不足
01485,北海道,初山別村,,,,0.36363636363636365,0.36363636363636365,0.0,,0.0,,,,,,,データ不足
01484,北海道,羽幌町,2.0,2.0,0.0,0.8573991670439962,0.8573991670439962,0.0,1,0.6499999999999999,2.0,1,2.0,1,,0,複合型
01483,北海道,苫前町,,,,0.12518953185744786,0.12518953185744786,0.0,,0.0,,,,,,,データ不足
01482,北海道,小平町,,,,0.12614605641394921,0.12614605641394921,0.0,,0.0,,,,,,,データ不足
01481,北海道,増毛町,,,,-0.14004958234258602,-0.14004958234258602,0.0,,0.0,,,,,,,データ不足
01472,北海道,幌加内町,,,,0.36363636363636365,0.36363636363636365,0.0,,0.0,,,,,,,データ不足
01471,北海道,中川町,,,,0.021138537694829086,0.021138537694829086,0.0,,0.0,,,,,,,データ不足
01470,北海道,音威子府村,,,,0.19868279274554343,0.19868279274554343,0.0,,0.0,,,,,,,データ不足
01469,北海道,美深町,,,,0.0743354387179005,0.0743354387179005,0.0,1,0.0,,0,,0,,0,データ不足
01468,北海道,下川町,,,,-0.03657577499834526,-0.03657577499834526,0.0,1,0.0,,0,,0,,0,データ不足
01465,北海道,剣淵町,,,,-0.23367368062183447,-0.23367368062183447,0.0,,0.0,,,,,,,データ不足
01464,北海道,和寒町,,,,-0.04267539357161536,-0.04267539357161536,0.0,,0.0,,,,,,,データ不足
01463,北海道,占冠村,,,,0.27296259596707934,0.27296259596707934,0.0,,0.0,,,,,,,データ不足
01462,北海道,南富良野町,,,,0.36363636363636365,0.36363636363636365,0.0,,0.0,,,,,,,データ不足
01461,北海道,中富良野町,,,,-0.263359589955974,-0.263359589955974,0.0,,0.0,,,,,,,データ不足
01460,北海道,上富良野町,,,,0.09122136815256689,0.09122136815256689,0.0,1,0.0,,0,,0,,0,データ不足
01459,北海道,美瑛町,,,,0.02536513008891941,0.02536513008891941,0.0,1,0.0,,0,,0,,0,データ不足
01458,北海道,東川町,,,,-0.1242364562965048,-0.1242364562965048,0.0,,0.0,,,,,,,データ不足
01457,北海道,上川町,,,,-0.04558956060786124,-0.04558956060786124,0.0,,0.0,,,,,,,データ不足
01456,北海道,愛別町,,,,-0.036342108774723464,-0.036342108774723464,0.0,,0.0,,,,,,,データ不足
01455,北海道,比布町,,,,-0.05340388349287127,-0.05340388349287127,0.0,,0.0,,,,,,,データ不足
01454,北海道,当麻町,,,,-0.34397143056660023,-0.34397143056660023,0.0,,0.0,,,,,,,データ不足
01453,北海道,東神楽町,,,,0.5562540401238497,0.5562540401238497,0.0,,0.0,,,,,,,データ不足
01452,北海道,鷹栖町,,,,-0.4116547066813216,-0.4116547066813216,0.0,,0.0,,,,,,,データ不足
01438,北海道,沼田町,,,,-0.03448279155787103,-0.03448279155787103,0.0,,0.0,,,,,,,データ不足
01437,北海道,北竜町,,,,-0.004232202855797164,-0.004232202855797164,0.0,,0.0,,,,,,,データ不足
01436,北海道,雨竜町,,,,-0.023240949869324196,-0.023240949869324196,0.0,1,0.0,,0,,0,,0,データ不足
01434,北海道,秩父別町,,,,-0.022297265268373098,-0.022297265268373098,0.0,,0.0,,,,,,,データ不足
01433,北海道,妹背牛町,,,,-0.036972303897115595,-0.036972303897115595,0.0,,0.0,,,,,,,データ不足
01432,北海道,新十津川町,-0.4324469927271329,-0.4324469927271329,0.0,0.18779985201236063,0.18779985201236063,0.0,1,0.6499999999999999,0.05402701350675332,1,-1.0,1,,0,手術型
01431,北海道,浦臼町,,,,-0.002476243933954211,-0.002476243933954211,0.0,,0.0,,,,,,,データ不足
01430,北海道,月形町,,,,-0.03963963963963966,-0.03963963963963966,0.0,1,0.0,,0,,0,,0,データ不足
01429,北海道,栗山町,1.6435468341369728,1.6435468341369728,0.0,0.5346370788376976,0.5346370788376976,0.0,1,0.9999999999999999,1.1243622448979589,1,1.8334001614089575,1,2.0,1,複合型
01428,北海道,長沼町,0.22463674997698155,0.22463674997698155,0.0,0.2800022037529199,0.2800022037529199,0.0,1,0.9999999999999999,-0.6760379346680716,1,0.17540384871146952,1,1.1675110642781878,1,入院型
01427,北海道,由仁町,,,,0.005753695188594046,0.005753695188594046,0.0,,0.0,,,,,,,データ不足
01425,北海道,上砂川町,,,,0.09523257354890005,0.09523257354890005,0.0,,0.0,,,,,,,データ不足
01424,北海道,奈井江町,,,,0.2542052787857277,0.2542052787857277,0.0,1,0.0,,0,,0,,0,データ不足
01423,北海道,南幌町,,,,0.5801120308201785,0.5801120308201785,0.0,1,0.0,,0,,0,,0,データ不足
01409,北海道,赤井川村,,,,0.04970022517918362,0.04970022517918362,0.0,,0.0,,,,,,,データ不足
01408,北海道,余市町,0.07736854767791085,0.07736854767791085,0.0,0.2744324727071569,0.2744324727071569,0.0,1,0.9999999999999999,0.0,1,-1.0,1,1.0781958505083167,1,入院型
01407,北海道,仁木町,,,,-0.04287688812381747,-0.04287688812381747,0.0,,0.0,,,,,,,データ不足
01406,北海道,古平町,,,,-0.02474136047839879,-0.02474136047839879,0.0,,0.0,,,,,,,データ不足
01405,北海道,積丹町,,,,-0.011895670297362977,-0.011895670297362977,0.0,,0.0,,,,,,,データ不足
01404,北海道,神恵内村,,,,0.12031046888504536,0.12031046888504536,0.0,,0.0,,,,,,,データ不足
01403,北海道,泊村,,,,0.017575653113749846,0.017575653113749846,0.0,,0.0,,,,,,,データ不足
01402,北海道,岩内町,2.0,2.0,0.0,0.779760731211555,0.779760731211555,0.0,1,0.9999999999999999,2.0,1,2.0,1,2.0,1,複合型
01401,北海道,共和町,,,,0.006954254068447599,0.006954254068447599,0.0,,0.0,,,,,,,データ不足
01400,北海道,倶知安町,,,,0.2170484082067528,0.2170484082067528,0.0,,0.0,,,,,,,データ不足
01399,北海道,京極町,,,,0.1274044503596183,0.1274044503596183,0.0,,0.0,,,,,,,データ不足
01398,北海道,喜茂別町,,,,0.009250714934181553,0.009250714934181553,0.0,,0.0,,,,,,,データ不足
01397,北海道,留寿都村,,,,0.006334120513054002,0.006334120513054002,0.0,,0.0,,,,,,,データ不足
01396,北海道,真狩村,,,,0.19526242328317933,0.19526242328317933,0.0,,0.0,,,,,,,データ不足
01395,北海道,ニセコ町,,,,0.05665845489077379,0.05665845489077379,0.0,,0.0,,,,,,,データ不足
01394,北海道,蘭越町,,,,0.3643014205561737,0.3643014205561737,0.0,0.6666666666666666,0.0,,0,,0,,0,データ不足
01393,北海道,黒松内町,,,,0.1375234951569923,0.1375234951569923,0.0,,0.0,,,,,,,データ不足
01392,北海道,寿都町,,,,-0.024107762295791802,-0.024107762295791802,0.0,,0.0,,,,,,,データ不足
01391,北海道,島牧村,,,,0.031232587351874314,0.031232587351874314,0.0,,0.0,,,,,,,データ不足
01371,北海道,せたな町,2.0,2.0,0.0,1.2459930781308814,1.2459930781308814,0.0,1,0.6499999999999999,2.0,1,2.0,1,,0,複合型
01370,北海道,今金町,,,,0.6064381599071135,0.6064381599071135,0.0,1,0.0,,0,,0,,0,データ不足
01367,北海道,奥尻町,,,,0.1390589699212697,0.1390589699212697,0.0,1,0.0,,0,,0,,0,データ不足
01364,北海道,乙部町,,,,-0.05039966239988543,-0.05039966239988543,0.0,,0.0,,,,,,,データ不足
01363,北海道,厚沢部町,,,,-0.053577999457952524,-0.053577999457952524,0.0,1,0.0,,0,,0,,0,データ不足
01362,北海道,上ノ国町,,,,0.036400339239752395,0.036400339239752395,0.0,,0.0,,,,,,,データ不足
01361,北海道,江差町,,,,0.9957022233074542,0.9957022233074542,0.0,1,0.0,,0,,0,,0,データ不足
01347,北海道,長万部町,,,,0.3085223786532556,0.3085223786532556,0.0,0.6666666666666666,0.0,,0,,0,,0,データ不足
01346,北海道,八雲町,2.0,2.0,0.0,1.2168373970536492,1.2168373970536492,0.0,1,0.9999999999999999,2.0,1,2.0,1,2.0,1,複合型
01345,北海道,森町,0.32613579058359693,0.32613579058359693,0.0,0.5520924707980376,0.5520924707980376,0.0,0.8333333333333334,0.825,-0.7824691697611516,1,2.0,1,0.0,0.5,救急型
01343,北海道,鹿部町,,,,0.07799139544958944,0.07799139544958944,0.0,,0.0,,,,,,,データ不足
01337,北海道,七飯町,-0.9594619777241729,-0.9594619777241729,0.0,-0.258624067486813,-0.258624067486813,0.0,0.8333333333333334,0.825,-0.9570353433967173,1,-0.9149986917844061,1,-1.0,0.5,活動量低め
01334,北海道,木古内町,,,,0.6366347995792329,0.6366347995792329,0.0,1,0.0,,0,,0,,0,データ不足
01333,北海道,知内町,,,,-0.1313805594095573,-0.1313805594095573,0.0,,0.0,,,,,,,データ不足
01332,北海道,福島町,,,,0.1149772677184472,0.1149772677184472,0.0,,0.0,,,,,,,データ不足
01331,北海道,松前町,,,,0.6207080918754292,0.6207080918754292,0.0,1,0.0,,0,,0,,0,データ不足
01304,北海道,新篠津村,,,,0.11853785158749501,0.11853785158749501,0.0,,0.0,,,,,,,データ不足
01303,北海道,当別町,,,,-0.2462619670342729,-0.2462619670342729,0.0,,0.0,,,,,,,データ不足
01236,北海道,北斗市,,,,-0.6856649935241221,-0.6856649935241221,0.0,,0.0,,,,,,,データ不足
01235,北海道,石狩市,-0.8758853637696261,-0.8758853637696261,0.0,-0.3820956673440734,-0.3820956673440734,0.0,0.8333333333333334,0.825,-0.8730277548795417,1,-0.875017480652786,1,-0.8794868724741451,0.5,活動量低め
01234,北海道,北広島市,-0.84574628105817,-0.84574628105817,0.0,-0.4141890395350999,-0.4141890395350999,0.0,1,0.9999999999999999,-0.8647755245046626,1,-0.9243440070735819,1,-0.7593475581698956,1,活動量低め
01233,北海道,伊達市,0.43817545027021143,0.43817545027021143,0.0,0.2968594812261033,0.2968594812261033,0.0,0.7777777777777778,0.7666666666666666,0.9122806345161574,1,-0.3009852952674553,1,0.5976366193422655,0.3333333333333333,手術型
01231,北海道,恵庭市,0.9780392562094318,0.9780392562094318,0.0,0.5634801203449433,0.5634801203449433,0.0,0.9333333333333333,0.9299999999999999,1.8115975190851987,1,0.0,1,0.9828003557988922,0.8,手術型
01230,北海道,登別市,-0.7978230407890365,-0.7978230407890365,0.0,-0.16595423015009106,-0.16595423015009106,0.0,0.9444444444444444,0.9416666666666667,-0.7298332726022991,1,-0.8287171380935623,1,-0.8393321541433234,0.8333333333333334,活動量低め
01229,北海道,富良野市,2.0,2.0,0.0,1.21053684482792,1.21053684482792,0.0,0.8333333333333334,0.825,2.0,0.5,2.0,1,2.0,1,複合型
01228,北海道,深川市,1.781846106373429,1.781846106373429,0.0,1.113941037838705,1.113941037838705,0.0,0.8888888888888888,0.8833333333333332,2.0,1,1.272820354578097,1,2.0,0.6666666666666666,複合型
01227,北海道,歌志内市,,,,-0.07034055305485024,-0.07034055305485024,0.0,0.6666666666666666,0.0,,0,,0,,0,データ不足
01226,北海道,砂川市,2.0,2.0,0.0,1.5727618510846697,1.5727618510846697,0.0,1,0.9999999999999999,2.0,1,2.0,1,2.0,1,複合型
01225,北海道,滝川市,0.5050145185463497,0.5050145185463497,0.0,0.524327424313887,0.524327424313887,0.0,0.9166666666666666,0.9124999999999999,0.7014255633117437,1,0.16469172548256905,1,0.600308724978482,0.75,複合型
01224,北海道,千歳市,-0.2646591010000364,-0.2646591010000364,0.0,0.011601342517553577,0.011601342517553577,0.0,1,0.9999999999999999,-0.2629889902446886,1,-0.4883522301917278,1,-0.07459224387679175,1,複合型
01223,北海道,根室市,1.7802002072551502,1.7802002072551502,0.0,0.5850438485479257,0.5850438485479257,0.0,1,0.9999999999999999,1.4713529381457748,1,1.8840889296804302,1,2.0,1,複合型
01222,北海道,三笠市,1.9097116642962417,1.9097116642962417,0.0,1.291514310771045,1.291514310771045,0.0,1,0.6499999999999999,2.0,1,1.8043752726418574,1,,0,複合型
01221,北海道,名寄市,2.0,2.0,0.0,1.3919300674056752,1.3919300674056752,0.0,1,0.9999999999999999,2.0,1,2.0,1,2.0,1,複合型
01220,北海道,士別市,0.7450724527582758,0.7450724527582758,0.0,0.12051690364173684,0.12051690364173684,0.0,1,0.9999999999999999,0.34586603038794395,1,1.4086574499184832,1,0.5754917347055728,1,救急型
01219,北海道,紋別市,1.8232216677007742,1.8232216677007742,0.0,0.8033704375343875,0.8033704375343875,0.0,1,0.9999999999999999,2.0,1,1.4107388923359143,1,2.0,1,複合型
01218,北海道,赤平市,1.8755577197336908,1.8755577197336908,0.0,1.0156316696148724,1.0156316696148724,0.0,1,0.9999999999999999,2.0,1,1.606806766501995,1,1.9814733993802642,1,複合型
01217,北海道,江別市,-0.34762810706739883,-0.34762810706739883,0.0,-0.17547175502570428,-0.17547175502570428,0.0,1,0.9999999999999999,-0.3258250869253968,1,-0.3816307633788487,1,-0.3402859932281581,1,活動量低め
01216,北海道,芦別市,0.6816521732001986,0.6816521732001986,0.0,0.3660893625905877,0.3660893625905877,0.0,1,0.9999999999999999,0.41429550823925143,1,0.9427400985696499,1,0.7252191878444731,1,複合型
01215,北海道,美唄市,1.4362353359468538,1.4362353359468538,0.0,0.7923219619564356,0.7923219619564356,0.0,1,0.9999999999999999,2.0,1,0.5043898580787136,1,1.6711953672092563,1,手術型
01214,北海道,稚内市,1.4571802598761057,1.4571802598761057,0.0,0.49180579595786644,0.49180579595786644,0.0,1,0.9999999999999999,1.7128982062059306,1,0.5255529590134334,1,2.0,1,複合型
01213,北海道,苫小牧市,0.28418112083229596,0.28418112083229596,0.0,0.12121384482689312,0.12121384482689312,0.0,0.8055555555555556,0.8041666666666667,0.4099441315894452,0.8333333333333334,-0.03378732030339893,0.8333333333333334,0.43096248819145666,0.75,複合型
01212,北海道,留萌市,2.0,2.0,0.0,0.8394921168433715,0.8394921168433715,0.0,1,0.9999999999999999,2.0,1,2.0,1,2.0,1,複合型
01211,北海道,網走市,1.6954943296412077,1.6954943296412077,0.0,0.8729932168316764,0.8729932168316764,0.0,1,0.9999999999999999,2.0,1,0.9849810988040257,1,2.0,1,複合型
01210,北海道,岩見沢市,-0.04254818970866592,-0.04254818970866592,0.0,-0.012412691837319982,-0.012412691837319982,0.0,1,0.9999999999999999,0.04693624922190098,1,-0.208230847565001,1,0.00998107809476867,1,複合型
01209,北海道,夕張市,,,,-0.1910579073852064,-0.1910579073852064,0.0,,0.0,,,,,,,データ不足
01208,北海道,北見市,0.5227224503604083,0.5227224503604083,0.0,0.335256421016356,0.335256421016356,0.0,1,0.9999999999999999,0.6538957034677211,1,0.1787200806514273,1,0.6864083712893649,1,複合型
01207,北海道,帯広市,0.9244528229802184,0.9244528229802184,0.0,0.7646594286383392,0.7646594286383392,0.0,0.9166666666666666,0.9156249999999999,1.0794895947334475,0.9375,0.3621858133432132,0.9375,1.2513592023444224,0.875,複合型
01206,北海道,釧路市,1.0212967015391081,1.0212967015391081,0.0,0.639878386134599,0.639878386134599,0.0,0.9285714285714286,0.9249999999999998,1.32206649877834,1,0.5357217432512196,1,1.1367340114037812,0.7857142857142857,複合型
01205,北海道,室蘭市,1.5367619073089336,1.5367619073089336,0.0,0.7734157442641311,0.7734157442641311,0.0,1,0.9999999999999999,1.7544740586824759,1,0.9756735203610727,1,1.799982659033558,1,複合型
01204,北海道,旭川市,0.4027840176365479,0.4027840176365479,0.0,0.4184512239228118,0.4184512239228118,0.0,0.9583333333333334,0.9578125,0.6042130941923101,0.96875,0.009653897074901163,0.96875,0.5383236158479117,0.9375,複合型
01203,北海道,小樽市,0.799500029550851,0.799500029550851,0.0,0.6010215807212169,0.6010215807212169,0.0,0.8787878787878788,0.8772727272727272,1.144880603797711,0.9090909090909091,0.08303925157383785,0.9090909090909091,1.0682286935700023,0.8181818181818182,複合型
01202,北海道,函館市,0.9738178427048099,0.9738178427048099,0.0,0.6996054945848958,0.6996054945848958,0.0,0.9066666666666666,0.9019999999999999,1.1028231254102572,0.96,0.7162795977118872,1,1.0655596271361536,0.76,複合型
01110,北海道,札幌市清田区,-0.4493359015865538,-0.4493359015865538,0.0,0.07464614588556928,0.07464614588556928,0.0,0.8333333333333334,0.8333333333333333,-0.45302889747474007,0.75,-0.5572210909158636,0.8333333333333334,-0.35316988627324486,0.9166666666666666,活動量低め
01109,北海道,札幌市手稲区,0.5205238032357794,0.5205238032357794,0.0,0.3869984668400202,0.3869984668400202,0.0,0.9166666666666666,0.9125000000000001,0.8232671312221662,0.9166666666666666,0.03729954687803194,1,0.6319726949846047,0.8333333333333334,複合型
01108,北海道,札幌市厚別区,0.8691997020631028,0.8691997020631028,0.0,0.7453484162315515,0.7453484162315515,0.0,0.9791666666666666,0.9781249999999999,1.2705989157779447,1,0.4871124660021855,1,0.7953038335433329,0.9375,手術型
01107,北海道,札幌市西区,0.05020021681642642,0.05020021681642642,0.0,0.39213947814674854,0.39213947814674854,0.0,0.9166666666666666,0.9125,0.1364302420907315,0.9,-0.16948935281470967,1,0.152275536940238,0.85,複合型
01106,北海道,札幌市南区,-0.40800738558325483,-0.40800738558325483,0.0,-0.03859636117700465,-0.03859636117700465,0.0,1,0.9999999999999999,-0.2984082076267691,1,-0.42936360590331824,1,-0.4993012318368292,1,活動量低め
01105,北海道,札幌市豊平区,0.06004053659815735,0.06004053659815735,0.0,0.17233523617410063,0.17233523617410063,0.0,0.9761904761904762,0.9749999999999999,0.21984409822423223,1,-0.42707117310895004,1,0.3177612975781745,0.9285714285714286,複合型
01104,北海道,札幌市白石区,0.21404789488562237,0.21404789488562237,0.0,0.3017064003940412,0.3017064003940412,0.0,0.8888888888888888,0.8888888888888888,0.5275919727874212,0.8888888888888888,-0.7041479872734469,0.8888888888888888,0.6875288588344544,0.8888888888888888,複合型
01103,北海道,札幌市東区,1.2476511591931034,1.2476511591931034,0.0,0.7099513093895288,0.7099513093895288,0.0,0.9393939393939394,0.9386363636363637,1.4036367886231171,0.9545454545454546,0.8895928957285488,0.9545454545454546,1.3985726127327083,0.9090909090909091,複合型
01102,北海道,札幌市北区,-0.2855892811310134,-0.2855892811310134,0.0,-0.1677215485863602,-0.1677215485863602,0.0,0.8333333333333334,0.8333333333333335,0.027618072147585382,0.8333333333333334,-0.8420356884075653,0.8333333333333334,-0.12184257102971052,0.8333333333333334,複合型
01101,北海道,札幌市中央区,1.566965098023385,1.566965098023385,0.0,1.5936976121730795,1.5936976121730795,0.0,0.9791666666666666,0.9781249999999999,2.0,1,0.5565503267446166,1,2.0,0.9375,複合型
