pref_code,facility_code,map_type,map_name,standard_name,standard_address,in_equipment_master,CT_confirmed_detail,MRI_confirmed_detail,CT_detail_classes,MRI_detail_classes,standard_latest_start_date,detail_status
16,0115485,無床診療所,佐伯クリニック,佐伯クリニック,富山市栃谷２００ー２,False,True,False,16-63列CT,,平成24年 8月 1日,CT確認・MRI未確認
16,0116723,無床診療所,富山県健康増進センター,富山県健康増進センター,富山市蜷川３７３番地,False,True,False,16-63列CT,,令和 5年 3月 1日,CT確認・MRI未確認
16,0117499,無床診療所,富山市医師会健康管理センター,富山市医師会健康管理センター,富山市経堂４丁目１－３６,False,True,True,16-63列CT,1.5-3T MRI,平成29年 6月 1日,CT+MRI確認
16,0117523,無床診療所,吉田内科クリニック,吉田内科クリニック,富山市吉作３５５,False,True,False,16-63列CT,,平成25年 4月 1日,CT確認・MRI未確認
16,0117663,無床診療所,豊田魚津クリニック,豊田魚津クリニック,富山市豊田４６３－１,False,True,False,16-63列CT,,平成27年 3月 1日,CT確認・MRI未確認
16,0117903,無床診療所,さくらニューロクリニック,さくらニューロクリニック,富山市下新本町３－６,False,False,True,,1.5-3T MRI,令和元年10月 1日,MRI確認・CT未確認
16,0118000,無床診療所,医療法人社団 長森興南クリニック,医療法人社団　長森興南クリニック,富山市蜷川１１番地４,False,True,False,16-63列CT,,平成26年 9月 1日,CT確認・MRI未確認
16,0118166,無床診療所,アルペン室谷クリニック,アルペン室谷クリニック,富山市東岩瀬町２７５番地,False,True,False,16-63列CT,,平成25年 6月 1日,CT確認・MRI未確認
16,0118216,無床診療所,はやしクリニック,はやしクリニック,富山市金屋（４区）３８２７－７,False,True,False,16-63列CT,,平成27年 9月 1日,CT確認・MRI未確認
16,0118299,無床診療所,塚本脳神経外科医院,塚本脳神経外科医院,富山市住吉町１丁目５番,False,False,True,,1.5-3T MRI,平成28年10月 1日,MRI確認・CT未確認
16,0118315,無床診療所,ほおのき医院,ほおのき医院,富山市上赤江町２丁目１番３０号,False,False,True,,1.5-3T MRI,令和 5年 6月 1日,MRI確認・CT未確認
16,0118539,無床診療所,整形外科センター西能クリニック,整形外科センター西能クリニック,富山市高田７１番地１,False,True,True,16-63列CT,1.5-3T MRI,令和 7年 4月 1日,CT+MRI確認
16,0118851,無床診療所,前川クリニック,前川クリニック,富山市石坂２０２６番地１,False,True,False,16-63列CT,,平成26年11月 1日,CT確認・MRI未確認
16,0119313,無床診療所,北陸予防医学協会とやま健診プラザ,北陸予防医学協会とやま健診プラザ,富山市千代田町２－１,False,True,True,16-63列CT,1.5-3T MRI,平成30年 7月 1日,CT+MRI確認
16,0119701,無床診療所,いき内科クリニック,いき内科クリニック,富山市呉羽町６３０２－８,False,True,False,16-63列CT,,令和 3年 4月 1日,CT確認・MRI未確認
16,0120048,無床診療所,八尾クリニック,八尾クリニック,富山市八尾町福島７－４２,False,True,False,16-63列CT,,令和 6年 3月 1日,CT確認・MRI未確認
16,0120139,無床診療所,ふじのき内科クリニック,ふじのき内科クリニック,富山市町新４７,False,True,False,16-63列CT,,令和 7年 3月 1日,CT確認・MRI未確認
16,0212829,無床診療所,沼内科医院,沼内科医院,高岡市野村１３３１,False,True,False,16-63列CT,,平成29年 9月 1日,CT確認・MRI未確認
16,0213082,無床診療所,林内科医院,林内科医院,高岡市中島町３－１７,False,True,False,4-15列CT,,平成25年10月 1日,CT確認・MRI未確認
16,0213165,無床診療所,斉藤外科小児科クリニック,斉藤外科小児科クリニック,高岡市野村７９９番地,False,True,False,16-63列CT,,平成26年 6月 1日,CT確認・MRI未確認
16,0213231,無床診療所,泉脳神経外科医院,泉脳神経外科医院,高岡市駅南４丁目９－１６,False,True,False,4-15列CT,,平成26年12月 1日,CT確認・MRI未確認
16,0213512,無床診療所,藤田内科クリニック,藤田内科クリニック,高岡市瑞穂町４－２５,False,True,False,16-63列CT,,平成28年 6月 1日,CT確認・MRI未確認
16,0213843,無床診療所,北陸予防医学協会高岡総合健診センター,北陸予防医学協会高岡総合健診センター,高岡市金屋本町１－３,False,True,False,16-63列CT,,令和 8年 1月 1日,CT確認・MRI未確認
16,0214106,無床診療所,赤祖父 どいクリニック,赤祖父　どいクリニック,高岡市赤祖父５９３－１,False,True,False,16-63列CT,,令和 8年 7月 1日,CT確認・MRI未確認
16,0214221,無床診療所,こいで内科脳神経クリニック,こいで内科脳神経クリニック,高岡市佐野１２３８－１,False,True,False,16-63列CT,,平成30年11月 1日,CT確認・MRI未確認
16,0410811,無床診療所,吉島内科クリニック,吉島内科クリニック,魚津市吉島７５０－２,False,True,False,16-63列CT,,平成26年 8月 1日,CT確認・MRI未確認
16,0410936,無床診療所,浦田クリニック,浦田クリニック,魚津市本江１－２６,False,True,False,16-63列CT,,平成24年 4月 1日,CT確認・MRI未確認
16,1910686,無床診療所,富川クリニック,富川クリニック,射水市南太閤山３丁目１番地の１５,False,True,False,16-63列CT,,平成24年 4月 1日,CT確認・MRI未確認
16,1910918,無床診療所,佐野内科クリニック,佐野内科クリニック,射水市黒河新４８０８,False,True,False,16-63列CT,,令和 2年10月 1日,CT確認・MRI未確認
16,1911148,無床診療所,木戸クリニック,木戸クリニック,射水市朴木２４４,False,True,False,4-15列CT,,平成30年10月 1日,CT確認・MRI未確認
16,1911155,無床診療所,中新湊内科クリニック,中新湊内科クリニック,射水市中新湊７－１９,False,True,False,16-63列CT,,平成30年 2月 1日,CT確認・MRI未確認
16,1911163,無床診療所,矢野医院,矢野医院,射水市本町１丁目１３番１号,False,True,False,16-63列CT,,平成29年11月 1日,CT確認・MRI未確認
16,1911312,無床診療所,赤江クリニック,赤江クリニック,射水市堀岡３１０番地,False,False,True,,1.5-3T MRI,平成25年 5月 1日,MRI確認・CT未確認
16,1911437,無床診療所,医療法人社団 北林クリニック,医療法人社団　北林クリニック,射水市戸破字加茂１７０４番地１,False,True,False,16-63列CT,,令和 7年 4月 1日,CT確認・MRI未確認
16,1911528,無床診療所,医療法人社団 尾島クリニック,医療法人社団　尾島クリニック,射水市桜町１６－１８,False,True,False,4-15列CT,,令和 8年 8月 1日,CT確認・MRI未確認
16,2010833,無床診療所,南砺家庭・地域医療センター,南砺家庭・地域医療センター,南砺市松原５７７番地,False,True,False,4-15列CT,,平成28年 1月 1日,CT確認・MRI未確認
17,0114073,無床診療所,一般財団法人石川県予防医学協会 予防医学クリニック,一般財団法人石川県予防医学協会　予防医学クリニック,金沢市神野町東１１５番地,False,True,False,16-63列CT / 4-15列CT,,令和 8年 5月 1日,CT確認・MRI未確認
17,0115450,無床診療所,横浜外科整形外科医院,横浜外科整形外科医院,金沢市小坂町北１９５番地２,False,True,False,16-63列CT,,令和 6年 4月 1日,CT確認・MRI未確認
17,0116094,無床診療所,山本脳神経外科医院,山本脳神経外科医院,金沢市玉川町１０番２２号,False,True,True,16-63列CT,1.5-3T MRI,平成27年 7月 1日,CT+MRI確認
17,0116680,無床診療所,土原医院,土原医院,金沢市大樋町８番１号,False,True,False,16-63列CT,,平成25年 6月 1日,CT確認・MRI未確認
17,0116821,無床診療所,いしぐろ脳神経・整形外科クリニック,いしぐろ脳神経・整形外科クリニック,金沢市窪４丁目５１５番地,False,True,True,16-63列CT,1.5-3T MRI,令和 6年 8月 1日,CT+MRI確認
17,0117126,無床診療所,福島医院,福島医院,金沢市円光寺２丁目５番２０号,False,True,False,16-63列CT,,平成29年 9月 1日,CT確認・MRI未確認
17,0119791,無床診療所,上荒屋クリニック,上荒屋クリニック,金沢市上荒屋１－７９,False,True,False,16-63列CT,,平成27年 9月 1日,CT確認・MRI未確認
17,0119890,無床診療所,金沢春日クリニック,金沢春日クリニック,金沢市元菊町２０番１号,False,True,False,16-63列CT,,平成26年11月 1日,CT確認・MRI未確認
17,0120187,無床診療所,金沢メディカルステーション ヴィーク,金沢メディカルステーション　ヴィーク,金沢市木ノ新保町１番１号金沢駅西口ビル４Ｆ,False,True,False,16-63列CT,,令和 2年 8月 1日,CT確認・MRI未確認
17,0121243,無床診療所,池野内科クリニック,池野内科クリニック,金沢市高柳町１の１２番地１,False,True,False,16-63列CT,,平成27年 4月 1日,CT確認・MRI未確認
17,0121342,無床診療所,むねとおなか伊藤醫院,むねとおなか伊藤醫院,金沢市窪４丁目５２５番地,False,True,False,16-63列CT,,平成28年 6月 1日,CT確認・MRI未確認
17,0121722,無床診療所,こしの内科クリニック,こしの内科クリニック,金沢市朝霧台１丁目１７６番,False,True,False,16-63列CT,,令和 7年 7月 1日,CT確認・MRI未確認
17,0122449,無床診療所,えぐち内科,えぐち内科,金沢市鳴和１丁目２０番１１号,False,True,False,16-63列CT,,令和 4年 6月 1日,CT確認・MRI未確認
17,0122571,無床診療所,スコール金沢 健診ステーション,スコール金沢　健診ステーション,金沢市広岡３丁目３番７０号,False,True,True,16-63列CT,1.5-3T MRI,令和 5年 9月 1日,CT+MRI確認
17,0122746,無床診療所,金沢消化器内科・内視鏡クリニック 金沢駅前院,金沢消化器内科・内視鏡クリニック　金沢駅前院,金沢市本町一丁目６番１号　１階,False,True,False,16-63列CT,,令和 6年 9月 1日,CT確認・MRI未確認
17,0123173,無床診療所,いりたに内科かかりつけクリニック,いりたに内科かかりつけクリニック,金沢市上安原２丁目１９６番地,False,True,False,16-63列CT,,令和 8年 5月 1日,CT確認・MRI未確認
17,0123181,無床診療所,もりのさと整形外科クリニック,もりのさと整形外科クリニック,金沢市もりの里二丁目２１０番地,False,False,True,,1.5-3T MRI,令和 8年 6月 1日,MRI確認・CT未確認
17,0123207,無床診療所,たが整形外科クリニック,たが整形外科クリニック,金沢市元町２丁目２０番２３号,False,False,True,,1.5-3T MRI,令和 8年 8月 1日,MRI確認・CT未確認
17,0211374,無床診療所,口医院,口医院,七尾市中島町浜田壱２７番地,False,True,False,16-63列CT,,令和 2年 9月 1日,CT確認・MRI未確認
17,0311729,無床診療所,まだら園クリニック,まだら園クリニック,小松市福乃宮町２丁目１３０番地,False,True,False,4-15列CT,,平成28年 1月 1日,CT確認・MRI未確認
17,0311810,無床診療所,医療法人社団 中川外科医院,医療法人社団　中川外科医院,小松市向本折町マ５５番地,False,True,False,16-63列CT,,令和 4年 9月 1日,CT確認・MRI未確認
17,0410448,無床診療所,医療法人社団きのした きのしたクリニック,医療法人社団きのした　きのしたクリニック,輪島市釜屋谷町３字５番地,False,True,False,16-63列CT,,平成27年 6月 1日,CT確認・MRI未確認
17,0611243,無床診療所,宮本医院,宮本医院,加賀市山代温泉桔梗丘２丁目１８番地,False,True,False,4-15列CT,,平成26年10月 1日,CT確認・MRI未確認
17,0611417,無床診療所,山中温泉ぬくもり診療所,山中温泉ぬくもり診療所,加賀市山中温泉上野町ル１５番地１,False,True,False,4-15列CT,,平成28年12月 1日,CT確認・MRI未確認
17,0710607,無床診療所,ひきしまクリニック,ひきしまクリニック,羽咋市旭町ア４５,False,True,False,16-63列CT,,令和 4年 4月 1日,CT確認・MRI未確認
17,0710706,無床診療所,すこやか整形外科医院,すこやか整形外科医院,羽咋市石野町イ６１番１,False,False,True,,1.5-3T MRI,令和 8年 5月 1日,MRI確認・CT未確認
17,1311793,無床診療所,金沢消化器内科・内視鏡クリニック野々市中央院,金沢消化器内科・内視鏡クリニック野々市中央院,野々市市白山町４３８番地,False,True,False,16-63列CT,,令和 6年 9月 1日,CT確認・MRI未確認
17,1311801,無床診療所,ののいちメディカルクリニック,ののいちメディカルクリニック,野々市市矢作４丁目４２番地１の３,False,True,True,16-63列CT,1.5-3T MRI,令和 7年11月 1日,CT+MRI確認
17,1710655,無床診療所,社会医療法人財団董仙会 恵寿鳩ヶ丘クリニック,社会医療法人財団董仙会　恵寿鳩ヶ丘クリニック,鳳珠郡穴水町字麦ケ浦１５、３９番８,False,True,False,16-63列CT / 4-15列CT,,令和 7年 1月 1日,CT確認・MRI未確認
17,2110293,無床診療所,おきの内科医院,おきの内科医院,かほく市遠塚ロ５４番地９,False,True,False,16-63列CT,,平成30年 1月 1日,CT確認・MRI未確認
17,2210846,無床診療所,福留クリニック,福留クリニック,白山市福留町１７９番１,False,True,False,16-63列CT,,平成27年 6月 1日,CT確認・MRI未確認
21,0106677,無床診療所,あんどう内科クリニック,あんどう内科クリニック,岐阜市東駒爪町５,False,True,False,16-63列CT,,平成29年 3月 1日,CT確認・MRI未確認
21,0106727,無床診療所,杉浦内科,杉浦内科,岐阜市加納東丸町２－１８,False,True,False,16-63列CT,,令和元年 5月 1日,CT確認・MRI未確認
21,0107808,無床診療所,くらまえ診療所,くらまえ診療所,岐阜市蔵前７－１１－３,False,True,False,16-63列CT,,令和 6年 9月 1日,CT確認・MRI未確認
21,0108228,無床診療所,加納内科クリニック,加納内科クリニック,岐阜市加納寿町２－７,False,True,False,16-63列CT,,令和 5年 5月 1日,CT確認・MRI未確認
21,0108368,無床診療所,新美クリニック,新美クリニック,岐阜市都通１－６,False,True,False,16-63列CT,,平成27年10月 1日,CT確認・MRI未確認
21,0108814,無床診療所,医療法人社団正芳会 細野医院,医療法人社団正芳会　細野医院,岐阜市福光西３－９－１３,False,True,False,16-63列CT,,平成30年 4月 1日,CT確認・MRI未確認
21,0108897,無床診療所,森田整形外科,森田整形外科,岐阜市芥見３－３１４,False,True,False,16-63列CT,,平成30年 3月 1日,CT確認・MRI未確認
21,0109499,無床診療所,たけだ内科クリニック,たけだ内科クリニック,岐阜市岩滝西３－７５,False,True,False,16-63列CT,,平成30年 7月 1日,CT確認・MRI未確認
21,0109564,無床診療所,かとう泌尿器科・内科クリニック,かとう泌尿器科・内科クリニック,岐阜市長住町９－１８,False,True,False,16-63列CT,,令和 8年 1月 1日,CT確認・MRI未確認
21,0109838,無床診療所,はやし内科クリニック,はやし内科クリニック,岐阜市領下６－２５－１,False,True,False,16-63列CT,,平成28年 4月 1日,CT確認・MRI未確認
21,0109853,無床診療所,なかたにクリニック,なかたにクリニック,岐阜市琴塚２－７－１６,False,True,False,16-63列CT,,平成25年 9月 1日,CT確認・MRI未確認
21,0110000,無床診療所,加藤脳神経外科クリニック,加藤脳神経外科クリニック,岐阜市長住町９－１８,False,True,False,16-63列CT,,令和 8年 1月 1日,CT確認・MRI未確認
21,0110745,無床診療所,ＭＩＷＡ内科胃腸内科・内視鏡ＣＬＩＮＩＣ,ＭＩＷＡ内科胃腸内科・内視鏡ＣＬＩＮＩＣ,岐阜市長良東３－３,False,True,False,16-63列CT,,令和 2年 4月 1日,CT確認・MRI未確認
21,0110935,無床診療所,医療法人和光会 山田メディカルクリニック,医療法人和光会　山田メディカルクリニック,岐阜市東金宝町１－１２,False,True,False,16-63列CT,,平成28年 9月 1日,CT確認・MRI未確認
21,0110976,無床診療所,おのぎクリニック,おのぎクリニック,岐阜市萱場南２－１２－１７,False,True,False,16-63列CT,,令和 2年12月 1日,CT確認・MRI未確認
21,0111552,無床診療所,一般社団法人ぎふ綜合健診センター,一般社団法人ぎふ綜合健診センター,岐阜市日置江４－４７,False,True,False,16-63列CT,,令和 8年 8月 1日,CT確認・MRI未確認
21,0111651,無床診療所,さごうクリニック,さごうクリニック,岐阜市下川手７４７,False,True,False,4-15列CT,,平成24年 8月 1日,CT確認・MRI未確認
21,0112014,無床診療所,いまいずみクリニック,いまいずみクリニック,岐阜市早田栄町４丁目２３番地,False,True,False,16-63列CT,,平成28年11月 1日,CT確認・MRI未確認
21,0112444,無床診療所,大野整形外科クリニック,大野整形外科クリニック,岐阜市則武西一丁目２０番５,False,True,True,16-63列CT,1.5-3T MRI,令和 5年 6月 1日,CT+MRI確認
21,0112675,無床診療所,岐阜なかの内科・内視鏡クリニック,岐阜なかの内科・内視鏡クリニック,岐阜市柳津町丸野３－３－６　カラフルタウン岐阜１Ｆ,False,True,False,16-63列CT,,令和 2年10月 1日,CT確認・MRI未確認
21,0112683,無床診療所,えんや内科・糖尿病クリニック,えんや内科・糖尿病クリニック,岐阜市茜部新所三丁目１６１－１,False,True,False,16-63列CT,,令和 2年10月 1日,CT確認・MRI未確認
21,0112717,無床診療所,なかうずらクリニック,なかうずらクリニック,岐阜市中鶉７丁目７２－１,False,True,False,16-63列CT,,令和 2年11月 1日,CT確認・MRI未確認
21,0112832,無床診療所,くわたクリニック,くわたクリニック,岐阜市鷺山東一丁目２１番１１,False,True,False,16-63列CT,,令和 3年 8月 1日,CT確認・MRI未確認
21,0113103,無床診療所,川出内科クリニック,川出内科クリニック,岐阜市太郎丸新屋敷２０５番地２,False,True,False,16-63列CT,,令和 6年12月 1日,CT確認・MRI未確認
21,0113111,無床診療所,関谷内科外科クリニック,関谷内科外科クリニック,岐阜市北島１丁目７番２４号,False,True,False,16-63列CT,,令和 5年 1月25日,CT確認・MRI未確認
21,0113194,無床診療所,にしぎふ整形外科リハビリクリニック,にしぎふ整形外科リハビリクリニック,岐阜市西荘４丁目６番７号,False,True,False,16-63列CT,,令和 6年 3月 1日,CT確認・MRI未確認
21,0113301,無床診療所,ぎふ頭痛 脳神経クリニック,ぎふ頭痛　脳神経クリニック,岐阜市北島３丁目２－１,False,False,True,,1.5-3T MRI,令和 6年11月 1日,MRI確認・CT未確認
21,0113343,無床診療所,いわい整形外科 脊椎とリハビリのクリニック,いわい整形外科　脊椎とリハビリのクリニック,岐阜市六条南３丁目１２番１,False,True,False,16-63列CT,,令和 7年 6月 1日,CT確認・MRI未確認
21,0113582,無床診療所,いちはしメディカルクリニック,いちはしメディカルクリニック,岐阜市市橋３丁目４番２６号,False,True,False,16-63列CT,,令和 8年 6月 1日,CT確認・MRI未確認
21,0113657,無床診療所,みどりファミリークリニック,みどりファミリークリニック,岐阜市千石町二丁目２２番地　２階,False,True,False,16-63列CT,,令和 8年 7月 1日,CT確認・MRI未確認
21,0113665,無床診療所,谷村クリニック,谷村クリニック,岐阜市中西郷四丁目６７番地１,False,True,False,16-63列CT,,令和 8年 5月 1日,CT確認・MRI未確認
21,0201064,無床診療所,早川医院,早川医院,関市元重町２９,False,True,False,4-15列CT,,平成27年 3月 1日,CT確認・MRI未確認
21,0201122,無床診療所,平岡医院,平岡医院,関市武芸川町谷口８３４,False,True,False,16-63列CT,,平成25年 6月 1日,CT確認・MRI未確認
21,0201395,無床診療所,さわやか内科クリニック,さわやか内科クリニック,関市山田８２３－１,False,True,False,16-63列CT,,平成28年10月 1日,CT確認・MRI未確認
21,0201411,無床診療所,臼井ハツラツクリニック,臼井ハツラツクリニック,関市鋳物師屋６－１１－７,False,True,False,16-63列CT,,平成29年10月 1日,CT確認・MRI未確認
21,0501695,無床診療所,村井医院,村井医院,各務原市緑苑中２－９３,False,True,False,16-63列CT,,令和元年10月 1日,CT確認・MRI未確認
21,0501703,無床診療所,いでぐち医院,いでぐち医院,各務原市鵜沼東町２－１－１,False,True,False,16-63列CT,,令和 4年10月 1日,CT確認・MRI未確認
21,0501752,無床診療所,永井内科消化器科,永井内科消化器科,各務原市那加桜町３－２８２,False,True,False,16-63列CT / 4-15列CT,,令和 6年 4月 1日,CT確認・MRI未確認
21,0501786,無床診療所,酒井クリニック,酒井クリニック,各務原市蘇原柿沢町１－４７,False,True,False,16-63列CT,,令和 6年 2月 1日,CT確認・MRI未確認
21,0501851,無床診療所,医療法人社団恒仁会 田中クリニック,医療法人社団恒仁会　田中クリニック,各務原市那加前洞新町４－１８１－１,False,True,False,16-63列CT,,平成30年 8月 1日,CT確認・MRI未確認
21,0501968,無床診療所,佐々木クリニック,佐々木クリニック,各務原市那加西市場町７－２８５－５,False,True,False,16-63列CT,,平成28年10月 1日,CT確認・MRI未確認
21,0502107,無床診療所,そはら永田クリニック,そはら永田クリニック,各務原市蘇原外山町２－７１－１,False,True,False,16-63列CT,,令和元年10月 1日,CT確認・MRI未確認
21,0502560,無床診療所,ひろせ腎・泌尿器科クリニック,ひろせ腎・泌尿器科クリニック,各務原市那加西浦町３丁目５１番地,False,True,False,16-63列CT,,平成29年 7月 1日,CT確認・MRI未確認
21,0502636,無床診療所,あちわ内科胃腸科,あちわ内科胃腸科,各務原市鵜沼東町一丁目１１３,False,True,False,16-63列CT,,令和元年 9月17日,CT確認・MRI未確認
21,0502719,無床診療所,なかハートクリニック,なかハートクリニック,各務原市那加前野町三丁目１６７番地の１,False,True,False,16-63列CT,,令和 2年 9月 1日,CT確認・MRI未確認
21,0502768,無床診療所,二宮医院,二宮医院,各務原市三井町三丁目３番１,False,True,False,16-63列CT,,令和 3年 6月 1日,CT確認・MRI未確認
21,0502776,無床診療所,いまいクリニック,いまいクリニック,各務原市小佐野町６丁目８６番１号,False,True,False,16-63列CT,,令和 4年11月 1日,CT確認・MRI未確認
21,0502859,無床診療所,東海内科・内視鏡クリニック 岐阜各務原院,東海内科・内視鏡クリニック　岐阜各務原院,各務原市那加桐野町二丁目３５番,False,True,False,16-63列CT,,令和 6年 7月 1日,CT確認・MRI未確認
21,0502883,無床診療所,さくら胃腸科内科クリニック,さくら胃腸科内科クリニック,各務原市那加住吉町一丁目４８番地１,False,True,False,4-15列CT,,令和 6年 9月 1日,CT確認・MRI未確認
21,0502925,無床診療所,各務原まつおクリニック,各務原まつおクリニック,各務原市各務山の前町四丁目２８４番地,False,True,False,16-63列CT,,令和 7年 4月 1日,CT確認・MRI未確認
21,0502966,無床診療所,あさの内科,あさの内科,各務原市蘇原希望町４丁目３１番地１,False,True,False,16-63列CT,,令和 8年 1月 1日,CT確認・MRI未確認
21,0601057,無床診療所,北田内科クリニック,北田内科クリニック,羽島郡岐南町下印食２－４５,False,True,False,16-63列CT,,平成31年 2月 1日,CT確認・MRI未確認
21,0601206,無床診療所,サンライズ健康管理クリニック,サンライズ健康管理クリニック,羽島郡岐南町野中４－１６,False,True,False,16-63列CT,,平成24年 4月 1日,CT確認・MRI未確認
21,0601370,無床診療所,けやきクリニック,けやきクリニック,羽島郡岐南町平島５－１１８,False,True,False,16-63列CT,,平成31年 4月 1日,CT確認・MRI未確認
21,0601438,無床診療所,ひらたクリニック,ひらたクリニック,羽島郡笠松町田代３２５番１,False,True,False,16-63列CT,,令和 5年 2月 1日,CT確認・MRI未確認
21,0601461,無床診療所,岐南ハートと呼吸のクリニック,岐南ハートと呼吸のクリニック,羽島郡岐南町伏屋４丁目６４番地,False,True,False,16-63列CT,,令和 6年 9月 1日,CT確認・MRI未確認
21,0701188,無床診療所,鹿野クリニック,鹿野クリニック,本巣郡北方町高屋白木２－７７,False,True,False,16-63列CT,,令和 8年 3月 1日,CT確認・MRI未確認
21,0701287,無床診療所,野口整形外科内科医院,野口整形外科内科医院,本巣郡北方町柱本５９２－３,False,True,False,16-63列CT,,令和 8年 9月 1日,CT確認・MRI未確認
21,0800360,無床診療所,宇野クリニック,宇野クリニック,山県市伊佐美東川２４３,False,True,False,16-63列CT,,令和 2年 1月 1日,CT確認・MRI未確認
21,0800402,無床診療所,あらいクリニック,あらいクリニック,山県市高富２１１９－１,False,True,False,16-63列CT,,平成28年 9月 1日,CT確認・MRI未確認
21,0800501,無床診療所,鳥沢クリニック,鳥沢クリニック,山県市高木１０１６番地１,False,True,False,16-63列CT,,令和 5年 5月 1日,CT確認・MRI未確認
21,1001208,無床診療所,医療法人社団福寿会 石井医院,医療法人社団福寿会　石井医院,郡上市白鳥町白鳥４１５番地１,False,True,False,16-63列CT,,令和 4年 4月11日,CT確認・MRI未確認
21,1001257,無床診療所,医療法人新生会 八幡医院,医療法人新生会　八幡医院,郡上市八幡町桜町２７８番地,False,True,False,16-63列CT,,令和 8年 4月 1日,CT確認・MRI未確認
21,1101644,無床診療所,医療法人知真会 伊藤内科,医療法人知真会　伊藤内科,多治見市太平町３－１５,False,True,False,16-63列CT,,平成24年 5月 1日,CT確認・MRI未確認
21,1101842,無床診療所,はら内科クリニック,はら内科クリニック,多治見市大畑町西仲根３－７,False,True,False,16-63列CT,,平成30年 5月 1日,CT確認・MRI未確認
21,1200578,無床診療所,堀部医院,堀部医院,美濃加茂市蜂屋町下蜂屋３７２－１,False,True,False,16-63列CT,,令和 4年10月 1日,CT確認・MRI未確認
21,1200867,無床診療所,うえだクリニック,うえだクリニック,美濃加茂市下米田町小山１０４６－７,False,True,False,4-15列CT,,令和 4年 2月 1日,CT確認・MRI未確認
21,1200974,無床診療所,一般財団法人岐阜健康管理センター すこやかクリニック,一般財団法人岐阜健康管理センター　すこやかクリニック,美濃加茂市西町２丁目４３番地,False,True,True,16-63列CT,1.5-3T MRI,令和 5年 3月 1日,CT+MRI確認
21,1201006,無床診療所,西田醫院,西田醫院,美濃加茂市本郷町七丁目１３４番地１,False,True,False,4-15列CT,,令和 6年11月 1日,CT確認・MRI未確認
21,1300873,無床診療所,小林クリニック,小林クリニック,加茂郡坂祝町黒岩３８３－５,False,True,False,4-15列CT,,平成25年12月 1日,CT確認・MRI未確認
21,1300931,無床診療所,濃飛ファミリークリニック,濃飛ファミリークリニック,加茂郡川辺町西栃井１２２５－１,False,True,False,16-63列CT,,平成24年 7月 1日,CT確認・MRI未確認
21,1300964,無床診療所,カブチ山田クリニック,カブチ山田クリニック,加茂郡七宗町神渕１０２９０－１,False,True,False,16-63列CT,,令和元年10月 1日,CT確認・MRI未確認
21,1300972,無床診療所,和知すこやかクリニック,和知すこやかクリニック,加茂郡八百津町和知１０３２－５２,False,True,False,16-63列CT,,令和 4年10月 1日,CT確認・MRI未確認
21,1300980,無床診療所,医療法人知真会 さかほぎ内科クリニック,医療法人知真会　さかほぎ内科クリニック,加茂郡坂祝町黒岩３８６－１,False,True,False,16-63列CT,,平成24年12月 1日,CT確認・MRI未確認
21,1400673,無床診療所,アカシクリニック,アカシクリニック,可児郡御嵩町上恵土１２８５－１,False,True,False,16-63列CT,,平成29年 1月 1日,CT確認・MRI未確認
21,1501058,無床診療所,深谷医院,深谷医院,中津川市福岡１０６８,False,True,False,16-63列CT,,令和 8年 3月 1日,CT確認・MRI未確認
21,1501223,無床診療所,にしおクリニック,にしおクリニック,中津川市中津川９６４－２７４,False,True,True,16-63列CT,1.5-3T MRI,令和 4年10月 1日,CT+MRI確認
21,1501306,無床診療所,やまだ内科クリニック,やまだ内科クリニック,中津川市中津川字上金１１５０番地１,False,True,False,16-63列CT,,平成30年11月 1日,CT確認・MRI未確認
21,1600868,無床診療所,わだ内科外科クリニック,わだ内科外科クリニック,瑞浪市山田町字大坪６７１－１１,False,True,True,16-63列CT,1.5-3T MRI,平成24年 4月 1日,CT+MRI確認
21,1600975,無床診療所,東濃中央クリニック,東濃中央クリニック,瑞浪市松ケ瀬町一丁目１４番地１,False,True,False,16-63列CT,,令和 5年 1月 1日,CT確認・MRI未確認
21,1601031,無床診療所,うちむら内科外科クリニック,うちむら内科外科クリニック,瑞浪市一色町２丁目８４番地１,False,True,False,16-63列CT,,令和 8年 9月 1日,CT確認・MRI未確認
21,1700700,無床診療所,恵那ファミリークリニック,恵那ファミリークリニック,恵那市長島町正家三丁目９番地１２,False,True,False,16-63列CT,,平成25年12月 1日,CT確認・MRI未確認
21,1700726,無床診療所,医療法人恵雄会 井口ハートクリニック,医療法人恵雄会　井口ハートクリニック,恵那市大井町１０６４－１,False,True,False,4-15列CT,,平成24年 4月 1日,CT確認・MRI未確認
21,1700981,無床診療所,安部医院,安部医院,恵那市長島町中野１－２－４,False,True,False,16-63列CT,,平成25年 8月 1日,CT確認・MRI未確認
21,1800898,無床診療所,河合クリニック,河合クリニック,土岐市泉町久尻１１－６,False,True,False,16-63列CT,,令和元年 5月 1日,CT確認・MRI未確認
21,1801037,無床診療所,土岐内科クリニック,土岐内科クリニック,土岐市肥田浅野笠神町２－１２,False,True,False,16-63列CT,,平成29年 1月 1日,CT確認・MRI未確認
21,2102054,無床診療所,松岡内科クリニック,松岡内科クリニック,大垣市新田町２－１４,False,True,False,16-63列CT,,令和 5年 1月 1日,CT確認・MRI未確認
21,2102294,無床診療所,林メディカルクリニック,林メディカルクリニック,大垣市内原１－１６７,False,True,False,16-63列CT,,令和 6年 4月 1日,CT確認・MRI未確認
21,2102419,無床診療所,倉橋クリニック,倉橋クリニック,大垣市宿地町９４３－１,False,True,False,16-63列CT,,令和 5年 5月 1日,CT確認・MRI未確認
21,2102948,無床診療所,井口クリニック,井口クリニック,大垣市領家町２－９３,False,True,False,16-63列CT,,令和 3年 6月 1日,CT確認・MRI未確認
21,2103086,無床診療所,沼口医院,沼口医院,大垣市笠木町６５０,False,True,False,16-63列CT,,令和元年 5月 1日,CT確認・MRI未確認
21,2103326,無床診療所,渡辺内科クリニック,渡辺内科クリニック,大垣市御殿町２－２１,False,True,False,4-15列CT,,平成24年 4月 1日,CT確認・MRI未確認
21,2103417,無床診療所,馬渕消化器内科クリニック,馬渕消化器内科クリニック,大垣市高屋町１－５４,False,True,False,16-63列CT,,令和元年 5月 1日,CT確認・MRI未確認
21,2103540,無床診療所,いはらクリニック,いはらクリニック,大垣市青墓町１－１３１,False,True,False,16-63列CT,,令和 5年 7月 1日,CT確認・MRI未確認
21,2103789,無床診療所,大井内科クリニック,大井内科クリニック,大垣市東前１丁目５８番地,False,True,False,4-15列CT,,平成30年10月 1日,CT確認・MRI未確認
21,2103938,無床診療所,和田医院,和田医院,大垣市荒尾玉池１丁目３４番地,False,True,False,16-63列CT,,令和 3年12月 1日,CT確認・MRI未確認
21,2104043,無床診療所,かなもり内科・消化器内科クリニック,かなもり内科・消化器内科クリニック,大垣市墨俣町墨俣５４４番地１,False,True,False,16-63列CT,,令和 6年 8月 1日,CT確認・MRI未確認
21,2200395,無床診療所,稲田クリニック,稲田クリニック,海津市平田町今尾８００－１,False,True,False,16-63列CT,,平成28年11月 1日,CT確認・MRI未確認
21,2200536,無床診療所,医療法人重和会 伊藤内科・神経科,医療法人重和会　伊藤内科・神経科,海津市南濃町駒野２５２－１,False,True,False,16-63列CT,,令和 5年 9月 1日,CT確認・MRI未確認
21,2200676,無床診療所,おおや内科循環器科,おおや内科循環器科,海津市海津町内記２０７－１,False,True,False,16-63列CT,,令和元年10月 1日,CT確認・MRI未確認
21,2300534,無床診療所,船戸クリニック,船戸クリニック,養老郡養老町船附中代１３４４,False,True,False,16-63列CT,,令和 6年 2月 1日,CT確認・MRI未確認
21,2400565,無床診療所,和田内科胃腸科,和田内科胃腸科,不破郡垂井町綾戸９０３－７,False,True,False,16-63列CT,,令和 6年10月 1日,CT確認・MRI未確認
21,2400581,無床診療所,浅野医院,浅野医院,不破郡関ケ原町関ケ原１１０２－１,False,True,False,16-63列CT,,平成29年 4月 1日,CT確認・MRI未確認
21,2500661,無床診療所,安八診療所,安八診療所,安八郡安八町南今ケ渕２７０－２,False,True,False,16-63列CT,,平成24年 4月 1日,CT確認・MRI未確認
21,2500802,無床診療所,荒川医院,荒川医院,安八郡輪之内町大吉新田５６２番地,False,True,False,16-63列CT,,令和 8年 6月 1日,CT確認・MRI未確認
21,2600933,無床診療所,小森内科クリニック,小森内科クリニック,揖斐郡大野町黒野６４５－１,False,True,False,16-63列CT,,平成26年 4月 1日,CT確認・MRI未確認
21,2601279,無床診療所,ゆり形成内科整形おおの,ゆり形成内科整形おおの,揖斐郡大野町大野７５３－１４１,False,True,False,4-15列CT,,平成24年 4月 1日,CT確認・MRI未確認
21,2601295,無床診療所,クリニック ラポール,クリニック　ラポール,揖斐郡大野町大野９２４－１,False,True,False,16-63列CT,,平成26年 4月 1日,CT確認・MRI未確認
21,2601311,無床診療所,社会福祉法人 浩仁会 ファミリークリニックやひろ,社会福祉法人　浩仁会　ファミリークリニックやひろ,揖斐郡揖斐川町長良６５７－１,False,True,False,16-63列CT,,平成24年 5月 1日,CT確認・MRI未確認
21,2701152,無床診療所,医療法人宗峰会 清水医院,医療法人宗峰会　清水医院,高山市千島町６５０,False,True,False,16-63列CT,,平成28年 4月 1日,CT確認・MRI未確認
21,2701855,無床診療所,医療法人万裕会 さもりファミリークリニック,医療法人万裕会　さもりファミリークリニック,高山市新宮町６８３－１,False,True,False,16-63列CT,,令和 6年 3月 1日,CT確認・MRI未確認
21,2701939,無床診療所,ひだ高山整形外科,ひだ高山整形外科,高山市岡本町２－９４－２,False,False,True,,1.5-3T MRI,平成25年 4月 1日,MRI確認・CT未確認
21,2702077,無床診療所,おおさかクリニック,おおさかクリニック,高山市昭和町１丁目３２５,False,True,False,16-63列CT,,令和 4年 9月 1日,CT確認・MRI未確認
21,3100479,無床診療所,堀澤医院,堀澤医院,可児市広見２３１０－１,False,True,False,16-63列CT,,平成24年 9月 1日,CT確認・MRI未確認
21,3101006,無床診療所,くろだ胃腸科内科,くろだ胃腸科内科,可児市塩９１７－１,False,True,False,16-63列CT,,平成27年 5月 1日,CT確認・MRI未確認
21,3101337,無床診療所,いけやまクリニック,いけやまクリニック,可児市下恵土字宮前５６３７番１,False,True,False,16-63列CT,,令和 6年 2月 1日,CT確認・MRI未確認
21,3200071,無床診療所,国枝医院,国枝医院,瑞穂市牛牧８０１－１,False,True,False,16-63列CT,,平成31年 4月 1日,CT確認・MRI未確認
21,3200311,無床診療所,さくらクリニック,さくらクリニック,瑞穂市稲里６８９－３,False,True,False,4-15列CT,,平成28年 4月 1日,CT確認・MRI未確認
21,3200337,無床診療所,みずほクリニック,みずほクリニック,瑞穂市本田５５６－１,False,True,False,16-63列CT,,平成28年 3月 1日,CT確認・MRI未確認
21,3200360,無床診療所,朝日大学医科歯科医療センター,朝日大学医科歯科医療センター,瑞穂市穂積１８５１番地の１,False,True,False,16-63列CT,,平成30年 4月 1日,CT確認・MRI未確認
21,3300251,無床診療所,医療法人社団厚洋会 垣内クリニック,医療法人社団厚洋会　垣内クリニック,飛騨市古川町貴船町１１－３２,False,True,False,16-63列CT,,令和 2年 2月 1日,CT確認・MRI未確認
21,3400093,無床診療所,まくわ内科・整形外科・スポーツクリニック,まくわ内科・整形外科・スポーツクリニック,本巣市軽海４９５－７,False,True,False,16-63列CT,,令和 6年 1月 1日,CT確認・MRI未確認
21,3400143,無床診療所,本巣市国民健康保険根尾診療所,本巣市国民健康保険根尾診療所,本巣市根尾樽見８０,False,True,False,16-63列CT,,平成24年 4月 1日,CT確認・MRI未確認
21,3400333,無床診療所,えさきクリニック,えさきクリニック,本巣市三橋三丁目６０番,False,True,False,16-63列CT,,平成28年10月 1日,CT確認・MRI未確認
22,0110207,無床診療所,医療法人慈愛会 石田医院,医療法人慈愛会　石田医院,賀茂郡松崎町江奈２４３－３,False,True,False,16-63列CT,,平成27年 5月 1日,CT確認・MRI未確認
22,0110405,無床診療所,西伊豆町安良里診療所,西伊豆町安良里診療所,賀茂郡西伊豆町安良里３３２－１,False,True,False,16-63列CT,,平成29年 4月 1日,CT確認・MRI未確認
22,0110413,無床診療所,市之瀬診療所,市之瀬診療所,賀茂郡南伊豆町市之瀬５０７－７,False,True,False,16-63列CT,,平成29年 4月 1日,CT確認・MRI未確認
22,0210270,無床診療所,伊豆ライフサポートクリニック,伊豆ライフサポートクリニック,下田市中５３６－１,False,True,False,16-63列CT,,令和 6年 7月 1日,CT確認・MRI未確認
22,0310286,無床診療所,江間クリニック,江間クリニック,伊豆の国市南江間１３０６－１,False,True,False,16-63列CT,,令和 3年10月 1日,CT確認・MRI未確認
22,0310567,無床診療所,あおきクリニック,あおきクリニック,伊豆の国市吉田字九十分１４２－１,False,True,False,16-63列CT,,令和 4年10月 1日,CT確認・MRI未確認
22,0310575,無床診療所,高橋クリニック,高橋クリニック,田方郡函南町間宮８９５－６,False,True,False,16-63列CT / 4-15列CT,,令和 7年12月 1日,CT確認・MRI未確認
22,0310617,無床診療所,かんなみ仁田クリニック,かんなみ仁田クリニック,田方郡函南町仁田８７番地の８,False,True,False,16-63列CT,,令和 7年12月 1日,CT確認・MRI未確認
22,0401804,無床診療所,日吉クリニック,日吉クリニック,伊東市富戸７４０－３,False,True,False,16-63列CT,,平成30年12月 1日,CT確認・MRI未確認
22,0410078,無床診療所,大橋脳神経外科医院,大橋脳神経外科医院,伊東市玖須美元和田７２７ー１２８,False,True,False,16-63列CT,,令和 2年10月 1日,CT確認・MRI未確認
22,0410128,無床診療所,医療法人社団順青会 青木クリニック,医療法人社団順青会　青木クリニック,伊東市吉田１１６－２,False,True,False,16-63列CT / 4-15列CT,,平成27年 4月 1日,CT確認・MRI未確認
22,0410243,無床診療所,メディカルはば伊豆高原,メディカルはば伊豆高原,伊東市富戸１３１７－４１１７,False,True,False,16-63列CT,,平成24年11月 1日,CT確認・MRI未確認
22,0410474,無床診療所,たちばなメディカルクリニック,たちばなメディカルクリニック,伊東市川奈１２５５－３３５,False,True,False,16-63列CT,,令和 3年 4月 1日,CT確認・MRI未確認
22,0601700,無床診療所,中島クリニック,中島クリニック,三島市御園４７１－２２,False,True,False,16-63列CT,,令和 6年 1月 1日,CT確認・MRI未確認
22,0601874,無床診療所,芝本町クリニック,芝本町クリニック,三島市芝本町１１ー１５,False,True,False,16-63列CT / 4-15列CT,,令和 4年 9月 1日,CT確認・MRI未確認
22,0610578,無床診療所,いとうクリニック,いとうクリニック,三島市玉川４１５ー２,False,True,False,16-63列CT,,平成24年 8月 1日,CT確認・MRI未確認
22,0610636,無床診療所,医療法人社団博章会 いづの里クリニック,医療法人社団博章会　いづの里クリニック,三島市松本２９４－３,False,True,False,16-63列CT,,令和元年 7月 1日,CT確認・MRI未確認
22,0610677,無床診療所,いのうえ内科・リウマチ科,いのうえ内科・リウマチ科,三島市平田１８５－３１,False,True,False,16-63列CT,,平成28年 4月 1日,CT確認・MRI未確認
22,0610693,無床診療所,北上クリニック,北上クリニック,三島市萩２８３ー４,False,True,False,16-63列CT,,令和元年 6月 1日,CT確認・MRI未確認
22,0610719,無床診療所,三島えんどうクリニック,三島えんどうクリニック,三島市壱町田７６－１,False,True,True,16-63列CT,1.5-3T MRI,平成30年 5月 1日,CT+MRI確認
22,0610768,無床診療所,ウィンザークリニックリゾート,ウィンザークリニックリゾート,三島市谷田５７０番地の１,False,True,False,16-63列CT,,令和 5年11月 1日,CT確認・MRI未確認
22,1104100,無床診療所,こんどうクリニック,こんどうクリニック,沼津市岡宮１１５７－１,False,True,False,16-63列CT,,平成27年 6月 1日,CT確認・MRI未確認
22,1104225,無床診療所,べっく・メディカル・クリニック,べっく・メディカル・クリニック,沼津市西沢田３３８－１,False,True,False,16-63列CT,,平成27年 1月 1日,CT確認・MRI未確認
22,1104308,無床診療所,森岡医院,森岡医院,沼津市大岡３５３,False,True,False,16-63列CT,,平成28年11月 1日,CT確認・MRI未確認
22,1104423,無床診療所,ベル内科・脳神経クリニック,ベル内科・脳神経クリニック,沼津市西沢田７２９－３,False,True,False,16-63列CT,,令和 6年 5月 1日,CT確認・MRI未確認
22,1104431,無床診療所,沼津グルメ街道クリニック,沼津グルメ街道クリニック,沼津市岡宮１２１３－１６,False,True,False,16-63列CT,,令和 7年 8月 1日,CT確認・MRI未確認
22,1110446,無床診療所,勝呂医院,勝呂医院,沼津市千本中町１９番地,False,True,False,16-63列CT,,令和 4年 5月 1日,CT確認・MRI未確認
22,1110719,無床診療所,医療法人社団愛康会 愛鷹クリニック,医療法人社団愛康会　愛鷹クリニック,沼津市今沢字西畑３７２－５,False,True,False,16-63列CT,,平成26年 7月 1日,CT確認・MRI未確認
22,1110776,無床診療所,社会福祉法人博友会 フジ高砂クリニック,社会福祉法人博友会　フジ高砂クリニック,沼津市高砂町２－５,False,True,False,4-15列CT,,平成24年 4月 1日,CT確認・MRI未確認
22,1110834,無床診療所,戸田診療所,戸田診療所,沼津市戸田９１６－３,False,True,False,16-63列CT,,平成26年 3月 1日,CT確認・MRI未確認
22,1110875,無床診療所,沼津大山クリニック,沼津大山クリニック,沼津市大手町１－１－６,False,True,False,16-63列CT / 4-15列CT,,令和 4年 3月 1日,CT確認・MRI未確認
22,1110958,無床診療所,さとやま整形外科内科,さとやま整形外科内科,沼津市東原５６０－１,False,True,False,16-63列CT,,平成29年12月 1日,CT確認・MRI未確認
22,1110974,無床診療所,ふじわらクリニック,ふじわらクリニック,沼津市寿町１８－８,False,True,False,16-63列CT,,平成29年12月 1日,CT確認・MRI未確認
22,1200718,無床診療所,渡辺整形外科内科医院,渡辺整形外科内科医院,御殿場市川島田１４２０番地の２,False,True,False,16-63列CT,,令和 6年 5月 1日,CT確認・MRI未確認
22,1201120,無床診療所,やましたクリニック,やましたクリニック,御殿場市神山１１７１－１,False,True,False,16-63列CT,,平成30年 9月 1日,CT確認・MRI未確認
22,1201138,無床診療所,みくりやクリニック,みくりやクリニック,御殿場市竈１９６０,False,True,False,4-15列CT,,令和 2年 4月 1日,CT確認・MRI未確認
22,1210196,無床診療所,御殿場市救急医療センター,御殿場市救急医療センター,御殿場市西田中２３７番地の７,False,True,False,16-63列CT,,令和 4年 9月 1日,CT確認・MRI未確認
22,1210220,無床診療所,上町医院,上町医院,御殿場市御殿場字上町２４－１,False,True,False,16-63列CT,,平成25年 3月 1日,CT確認・MRI未確認
22,1210329,無床診療所,齋藤耳鼻咽喉科医院,齋藤耳鼻咽喉科医院,御殿場市新橋６７０－１５,False,True,False,16-63列CT,,平成25年10月 1日,CT確認・MRI未確認
22,1210394,無床診療所,岩瀬内科医院,岩瀬内科医院,御殿場市茱萸沢７４５－１,False,True,False,16-63列CT,,令和 4年 4月 1日,CT確認・MRI未確認
22,1301649,無床診療所,スマイリークリニック,スマイリークリニック,駿東郡長泉町中土狩３６６－１,False,True,False,16-63列CT,,令和 6年 6月 1日,CT確認・MRI未確認
22,1310327,無床診療所,いしざき脳神経内科,いしざき脳神経内科,駿東郡長泉町納米里６７－３,False,True,False,16-63列CT,,平成24年 4月 1日,CT確認・MRI未確認
22,1310442,無床診療所,桑名眼科脳神経クリニック,桑名眼科脳神経クリニック,駿東郡清水町久米田２７番地の１,False,True,True,16-63列CT,1.5-3T MRI,令和 4年 5月 1日,CT+MRI確認
22,1310475,無床診療所,ひいらぎファミリークリニック,ひいらぎファミリークリニック,駿東郡長泉町中土狩３６９番地の１,False,True,False,16-63列CT,,令和 6年10月 1日,CT確認・MRI未確認
22,1310483,無床診療所,ＴＯＢＵ整形外科スポーツ＆リハビリクリニック,ＴＯＢＵ整形外科スポーツ＆リハビリクリニック,駿東郡清水町伏見５８番地の２７,False,False,True,,1.5-3T MRI,令和 7年10月 1日,MRI確認・CT未確認
22,1410184,無床診療所,清水館医院,清水館医院,裾野市茶畑１３６５－２,False,True,False,16-63列CT,,平成26年 4月 1日,CT確認・MRI未確認
22,2101337,無床診療所,戸塚内科クリニック,戸塚内科クリニック,富士宮市中央町１１ー１１,False,True,False,4-15列CT,,平成24年 4月 1日,CT確認・MRI未確認
22,2101410,無床診療所,佐野内科クリニック,佐野内科クリニック,富士宮市田中町１８５－６,False,True,False,16-63列CT,,令和元年 5月 1日,CT確認・MRI未確認
22,2101493,無床診療所,さとうクリニック,さとうクリニック,富士宮市中央町１２－３,False,True,False,16-63列CT,,平成26年12月 1日,CT確認・MRI未確認
22,2101766,無床診療所,ふじハートクリニック,ふじハートクリニック,富士宮市大岩７２－４５,False,True,False,16-63列CT,,令和 7年11月 1日,CT確認・MRI未確認
22,2110171,無床診療所,永松医院,永松医院,富士宮市東町２６番８号,False,True,False,16-63列CT,,令和 5年 2月 1日,CT確認・MRI未確認
22,2110189,無床診療所,医療法人社団哲栄会 後藤外科医院,医療法人社団哲栄会　後藤外科医院,富士宮市東町９番１号,False,True,False,16-63列CT,,平成25年 9月 1日,CT確認・MRI未確認
22,2110221,無床診療所,加藤脳神経外科,加藤脳神経外科,富士宮市三園平６６８－２,False,True,True,16-63列CT,1.5-3T MRI,平成28年 4月 1日,CT+MRI確認
22,2110270,無床診療所,東静脳神経センター,東静脳神経センター,富士宮市西小泉町１４番地の９,False,True,False,16-63列CT,,平成31年 2月 1日,CT確認・MRI未確認
22,2110403,無床診療所,吉見内科クリニック,吉見内科クリニック,富士宮市万野原新田３１１７－１,False,True,False,16-63列CT,,平成30年12月 1日,CT確認・MRI未確認
22,2110627,無床診療所,シモタクリニック,シモタクリニック,富士宮市前田町１３７番地の５,False,True,False,16-63列CT / 4-15列CT,,令和 3年 6月 1日,CT確認・MRI未確認
22,2310177,無床診療所,医療法人社団富士渡辺整形クリニック,医療法人社団富士渡辺整形クリニック,富士市川成島２０６－１,False,True,False,16-63列CT,,令和 4年12月 1日,CT確認・MRI未確認
22,2310391,無床診療所,佐野医院,佐野医院,富士市蓼原８６５－１,False,True,False,16-63列CT,,令和 6年 4月 1日,CT確認・MRI未確認
22,2310565,無床診療所,広見医院,広見医院,富士市大渕３９－１,False,True,False,16-63列CT,,平成30年10月 1日,CT確認・MRI未確認
22,2310623,無床診療所,小松クリニック,小松クリニック,富士市伝法１９８９ー６６,False,True,False,16-63列CT,,平成24年 4月 1日,CT確認・MRI未確認
22,2310672,無床診療所,こもれびクリニック,こもれびクリニック,富士市松本３１３番地の２５,False,True,False,16-63列CT,,令和 5年 6月 1日,CT確認・MRI未確認
22,2311068,無床診療所,ふじの町クリニック・健診センター,ふじの町クリニック・健診センター,富士市富士町１２－１２,False,True,True,16-63列CT,1.5-3T MRI,令和 2年 5月 1日,CT+MRI確認
22,2311084,無床診療所,ももはクリニック石坂,ももはクリニック石坂,富士市石坂４２０－１,False,False,True,,1.5-3T MRI,平成27年 4月 1日,MRI確認・CT未確認
22,2311092,無床診療所,岳南医院,岳南医院,富士市横割４－２－１７,False,True,False,16-63列CT,,令和 6年 5月 1日,CT確認・MRI未確認
22,3210293,無床診療所,清水医師会診療所,清水医師会診療所,静岡市清水区渋川２丁目１２番１号,False,True,False,16-63列CT,,令和 7年 7月 1日,CT確認・MRI未確認
22,3210368,無床診療所,宮地医院,宮地医院,静岡市清水区下野西７番７号,False,True,False,16-63列CT,,平成24年11月 1日,CT確認・MRI未確認
22,3210434,無床診療所,三上医院,三上医院,静岡市清水区原５６－１２,False,True,False,16-63列CT,,令和 4年 9月 1日,CT確認・MRI未確認
22,3210509,無床診療所,清水ひまわりクリニック,清水ひまわりクリニック,静岡市清水区村松原１丁目２番５号,False,True,False,16-63列CT,,平成29年 1月 1日,CT確認・MRI未確認
22,3210665,無床診療所,南しみずメディカルクリニック,南しみずメディカルクリニック,静岡市清水区上力町５番２８号,False,True,False,16-63列CT,,平成24年 4月 1日,CT確認・MRI未確認
22,3210673,無床診療所,草ヶ谷医院,草ヶ谷医院,静岡市清水区鶴舞町６－１,False,True,False,16-63列CT,,令和 3年 5月 1日,CT確認・MRI未確認
22,3210830,無床診療所,柴田内科医院,柴田内科医院,静岡市清水区西久保３１８,False,True,False,16-63列CT,,令和 5年 1月 1日,CT確認・MRI未確認
22,4110237,無床診療所,一般社団法人静岡市静岡医師会診療所,一般社団法人静岡市静岡医師会診療所,静岡市葵区東草深町３－２７,False,True,True,16-63列CT,1.5-3T MRI,令和 2年 2月 1日,CT+MRI確認
22,4110344,無床診療所,公益財団法人ＳＢＳ 静岡健康増進センター,公益財団法人ＳＢＳ　静岡健康増進センター,静岡市駿河区登呂３丁目１番１号,False,True,True,16-63列CT,1.5-3T MRI,令和 8年 7月 1日,CT+MRI確認
22,4110625,無床診療所,てらむらクリニック,てらむらクリニック,静岡市葵区千代田６丁目３０番１３号,False,True,False,4-15列CT,,平成25年 8月 1日,CT確認・MRI未確認
22,4110773,無床診療所,鈴木内科医院,鈴木内科医院,静岡市葵区安倍口新田５２６―３,False,True,False,16-63列CT / 4-15列CT,,令和 6年 3月 1日,CT確認・MRI未確認
22,4111086,無床診療所,服部クリニック,服部クリニック,静岡市葵区羽鳥５－７－３０,False,True,False,16-63列CT,,令和 6年 4月 1日,CT確認・MRI未確認
22,4111326,無床診療所,勝又整形形成外科医院,勝又整形形成外科医院,静岡市葵区瀬名川１丁目２７ー４０,False,True,False,16-63列CT,,平成29年 7月 1日,CT確認・MRI未確認
22,4111623,無床診療所,城西クリニック,城西クリニック,静岡市葵区新富町５丁目７番地の６,False,True,False,4-15列CT,,平成24年 4月 1日,CT確認・MRI未確認
22,4111805,無床診療所,小長井整形外科医院,小長井整形外科医院,静岡市駿河区新川２－５－３１,False,False,True,,1.5-3T MRI,平成24年 4月 1日,MRI確認・CT未確認
22,4111862,無床診療所,静岡共立クリニック,静岡共立クリニック,静岡市駿河区曲金４－１－２５,False,True,False,16-63列CT,,令和 4年 5月 1日,CT確認・MRI未確認
22,4112019,無床診療所,あきやま呼吸器クリニック,あきやま呼吸器クリニック,静岡市葵区呉服町２ー２ー３０,False,True,False,16-63列CT,,平成29年 2月 1日,CT確認・MRI未確認
22,4112027,無床診療所,まつとみクリニック,まつとみクリニック,静岡市葵区上伝馬２３―１８,False,True,False,16-63列CT / 4-15列CT,,令和 7年 8月 1日,CT確認・MRI未確認
22,4112076,無床診療所,医療法人社団芳月会 宮田医院,医療法人社団芳月会　宮田医院,静岡市駿河区国吉田４ー２４ー１７,False,True,False,16-63列CT,,令和 5年11月 1日,CT確認・MRI未確認
22,4200111,無床診療所,こんどうクリニック,こんどうクリニック,静岡市駿河区下島３２４　平瓮ビル　パート１　１０１号,False,True,False,16-63列CT,,平成27年10月 1日,CT確認・MRI未確認
22,4200921,無床診療所,こうのファミリークリニック,こうのファミリークリニック,静岡市清水区清水村松地先新田１０－８,False,True,False,4-15列CT,,平成24年 4月 1日,CT確認・MRI未確認
22,4201077,無床診療所,おおいし脳神経外科クリニック,おおいし脳神経外科クリニック,静岡市清水区高橋南町９―１５,False,False,True,,1.5-3T MRI,平成28年 3月 1日,MRI確認・CT未確認
22,4201176,無床診療所,桜心メンタルクリニック,桜心メンタルクリニック,静岡市駿河区中田３－１－３８エスペラール中田１階,False,True,False,4-15列CT,,平成24年 4月 1日,CT確認・MRI未確認
22,4201903,無床診療所,秋田内科・呼吸器内科,秋田内科・呼吸器内科,静岡市葵区籠上１２－４１,False,True,False,16-63列CT,,平成30年 5月 1日,CT確認・MRI未確認
22,4201945,無床診療所,静岡あおい消化器内科クリニック,静岡あおい消化器内科クリニック,静岡市葵区北安東３－３－２８,False,True,False,16-63列CT,,平成30年 9月 1日,CT確認・MRI未確認
22,4202034,無床診療所,あしたば診療所,あしたば診療所,静岡市駿河区中島１６８７－２,False,True,False,16-63列CT,,令和元年 6月 1日,CT確認・MRI未確認
22,4203669,無床診療所,輝齢ハラダクリニック,輝齢ハラダクリニック,静岡市清水区草薙一丁目３番１５－２０１号,False,True,False,16-63列CT,,令和 2年12月 1日,CT確認・MRI未確認
22,4203958,無床診療所,かのう内科クリニック,かのう内科クリニック,静岡市駿河区みずほ１丁目７－４,False,True,False,16-63列CT,,令和 6年 3月 1日,CT確認・MRI未確認
22,4203974,無床診療所,かとう内科・呼吸器クリニック,かとう内科・呼吸器クリニック,静岡市駿河区宮本町１０－１８,False,True,False,16-63列CT,,令和 6年 5月 1日,CT確認・MRI未確認
22,4204139,無床診療所,二番町クリニック,二番町クリニック,静岡市葵区二番町１１番８号,False,True,False,16-63列CT,,令和 8年 6月 1日,CT確認・MRI未確認
22,4210219,無床診療所,高野橋医院,高野橋医院,静岡市駿河区北丸子２ー５ー１０,False,True,False,16-63列CT,,平成29年 8月 1日,CT確認・MRI未確認
22,4210367,無床診療所,長谷通りクリニック,長谷通りクリニック,静岡市葵区安東１－２１－９,False,True,False,16-63列CT,,平成28年 4月 1日,CT確認・MRI未確認
22,4210458,無床診療所,板井クリニック,板井クリニック,静岡市駿河区曲金七丁目７番１９号,False,True,False,16-63列CT,,平成28年 3月 1日,CT確認・MRI未確認
22,4210466,無床診療所,堀田内科医院,堀田内科医院,静岡市駿河区宮竹１－４－７,False,False,True,,1.5-3T MRI,平成28年 4月 1日,MRI確認・CT未確認
22,4210516,無床診療所,塩川八幡ヒルズクリニック,塩川八幡ヒルズクリニック,静岡市駿河区八幡５－３２－１０,False,True,False,16-63列CT,,平成28年 4月 1日,CT確認・MRI未確認
22,4210540,無床診療所,青島整形外科,青島整形外科,静岡市駿河区池田４０１番地の２,False,False,True,,1.5-3T MRI,令和 3年 9月27日,MRI確認・CT未確認
22,4210680,無床診療所,脇理一郎クリニック,脇理一郎クリニック,静岡市葵区緑町５－３,False,True,False,4-15列CT,,平成26年 3月 1日,CT確認・MRI未確認
22,4210706,無床診療所,やまだメディカルクリニック,やまだメディカルクリニック,静岡市清水区江尻町９－１２,False,True,False,16-63列CT,,平成27年 4月 1日,CT確認・MRI未確認
22,4210847,無床診療所,清水両河内診療所,清水両河内診療所,静岡市清水区和田島６９３－１,False,True,False,4-15列CT,,平成26年 4月 1日,CT確認・MRI未確認
22,4210862,無床診療所,聖隷健康サポートセンターＳｈｉｚｕｏｋａ,聖隷健康サポートセンターＳｈｉｚｕｏｋａ,静岡市駿河区曲金６丁目８番５－２号,False,True,True,16-63列CT,1.5-3T MRI,平成24年 4月 1日,CT+MRI確認
22,4210912,無床診療所,花みずき通り内科クリニック,花みずき通り内科クリニック,静岡市清水区西高町４－６,False,True,False,4-15列CT,,平成24年 4月 1日,CT確認・MRI未確認
22,4211266,無床診療所,静岡みらいスポーツ・整形外科,静岡みらいスポーツ・整形外科,静岡市駿河区栗原６－２５静鉄栗原ビル１階,False,True,True,4-15列CT,1.5-3T MRI,平成27年 3月 1日,CT+MRI確認
22,4211530,無床診療所,水谷脳神経外科クリニック,水谷脳神経外科クリニック,静岡市駿河区馬渕４－１１－９,False,True,False,16-63列CT / 4-15列CT,,令和 6年 3月 1日,CT確認・MRI未確認
22,4211720,無床診療所,上土整形外科・スポーツクリニック,上土整形外科・スポーツクリニック,静岡市葵区上土２丁目１３番１４号,False,True,True,16-63列CT,1.5-3T MRI,令和 2年10月 1日,CT+MRI確認
22,4211746,無床診療所,浦島クリニック新院,浦島クリニック新院,静岡市清水区押切１４５６番地,False,True,False,16-63列CT,,令和 3年 2月 1日,CT確認・MRI未確認
22,4211936,無床診療所,みやぎ整形外科クリニック,みやぎ整形外科クリニック,静岡市葵区瀬名二丁目３１番１７号,False,False,True,,1.5-3T MRI,令和 6年 6月 1日,MRI確認・CT未確認
22,4212033,無床診療所,くさなぎ太陽クリニック,くさなぎ太陽クリニック,静岡市清水区中之郷１丁目１２番２８号,False,True,True,16-63列CT,1.5-3T MRI,令和 7年 7月 1日,CT+MRI確認
22,4212116,無床診療所,あさり内科クリニック,あさり内科クリニック,静岡市清水区村松原三丁目３番１０号,False,True,False,16-63列CT,,令和 8年 4月 1日,CT確認・MRI未確認
22,5101342,無床診療所,あしだクリニック,あしだクリニック,焼津市与惣次１丁目１０－３０,False,True,False,4-15列CT,,平成28年 4月 1日,CT確認・MRI未確認
22,5110434,無床診療所,さわい医院,さわい医院,焼津市栄町２－９－１８,False,False,True,,1.5-3T MRI,平成24年 8月 1日,MRI確認・CT未確認
22,5210069,無床診療所,医療法人社団アイエスメディチーナ 櫻井医院,医療法人社団アイエスメディチーナ　櫻井医院,焼津市上新田８２９－３,False,True,False,16-63列CT,,平成28年 3月 1日,CT確認・MRI未確認
22,5210077,無床診療所,ほしのクリニック,ほしのクリニック,藤枝市岡部町内谷６５０,False,True,False,16-63列CT,,平成30年 3月 1日,CT確認・MRI未確認
22,5210119,無床診療所,花岡医院,花岡医院,藤枝市岡部町内谷１７４０－４,False,True,False,16-63列CT,,令和 8年 4月 1日,CT確認・MRI未確認
22,5301405,無床診療所,山﨑クリニック,山﨑クリニック,藤枝市志太２－１１－１２,False,True,False,16-63列CT,,平成25年12月 1日,CT確認・MRI未確認
22,5301777,無床診療所,田沼脳神経クリニック,田沼脳神経クリニック,藤枝市田沼２丁目９番３３号,False,False,True,,1.5-3T MRI,令和 2年11月 1日,MRI確認・CT未確認
22,5301835,無床診療所,志太ＤＭ・内科クリニック,志太ＤＭ・内科クリニック,藤枝市上青島１４９番地の１３,False,True,False,16-63列CT,,令和 7年12月 1日,CT確認・MRI未確認
22,5310265,無床診療所,もちづき呼吸器内科クリニック,もちづき呼吸器内科クリニック,藤枝市藤岡２丁目１番地５号,False,True,False,16-63列CT,,令和 6年 3月 1日,CT確認・MRI未確認
22,5310430,無床診療所,西井胃腸科外科,西井胃腸科外科,藤枝市高柳２０３５ー１,False,True,False,16-63列CT,,平成25年11月 1日,CT確認・MRI未確認
22,5310455,無床診療所,杉田整形外科,杉田整形外科,藤枝市瀬戸新屋２３３－１,False,False,True,,1.5-3T MRI,令和 5年 4月 1日,MRI確認・CT未確認
22,5310489,無床診療所,すぎむらクリニック,すぎむらクリニック,藤枝市若王子３ー５ー２９,False,True,False,4-15列CT,,平成24年 4月 1日,CT確認・MRI未確認
22,5310570,無床診療所,公益財団法人静岡県予防医学協会 総合健診センター,公益財団法人静岡県予防医学協会　総合健診センター,藤枝市善左衛門２－１９－８,False,True,True,16-63列CT,1.5-3T MRI,令和 8年 7月 1日,CT+MRI確認
22,5310786,無床診療所,瀬古クリニック,瀬古クリニック,藤枝市瀬古三丁目１２番１２号,False,True,False,16-63列CT,,令和 7年12月 1日,CT確認・MRI未確認
22,5410354,無床診療所,しのざき消化器科・内科医院,しのざき消化器科・内科医院,島田市元島田２１０ー４,False,True,False,16-63列CT,,平成29年12月 1日,CT確認・MRI未確認
22,5510195,無床診療所,廣瀬医院,廣瀬医院,牧之原市相良１７４－１,False,True,False,16-63列CT,,平成27年 4月 1日,CT確認・MRI未確認
22,5510344,無床診療所,石井内科皮膚科医院,石井内科皮膚科医院,牧之原市静波２４８,False,True,False,16-63列CT / 4-15列CT,,令和 7年11月 1日,CT確認・MRI未確認
22,5510377,無床診療所,田﨑クリニック,田﨑クリニック,榛原郡吉田町神戸２４番地１５,False,True,False,16-63列CT / 4-15列CT,,令和 6年 8月 1日,CT確認・MRI未確認
22,5700176,無床診療所,水野医院,水野医院,島田市大柳南１０５,False,True,False,16-63列CT,,平成24年 6月 1日,CT確認・MRI未確認
22,5710175,無床診療所,おかにし内科糖尿病・甲状腺クリニック,おかにし内科糖尿病・甲状腺クリニック,島田市南原８５番地８,False,True,False,16-63列CT,,令和 7年 5月 1日,CT確認・MRI未確認
22,6110045,無床診療所,社会福祉法人賛育会 東海診療所,社会福祉法人賛育会　東海診療所,御前崎市池新田４０９０－１,False,True,False,16-63列CT,,令和元年 6月 1日,CT確認・MRI未確認
22,6110201,無床診療所,篠原医院,篠原医院,菊川市下平川１５０８,False,True,False,16-63列CT,,平成29年 4月 1日,CT確認・MRI未確認
22,6110227,無床診療所,菊川青葉台医療クリニック,菊川青葉台医療クリニック,菊川市青葉台一丁目２番地の３,False,True,True,16-63列CT,1.5-3T MRI,令和 5年10月 1日,CT+MRI確認
22,6410197,無床診療所,山名診療所,山名診療所,袋井市春岡５８８番地の１,False,True,False,16-63列CT,,平成25年12月 1日,CT確認・MRI未確認
22,6410254,無床診療所,志村内科医院,志村内科医院,袋井市久能１９７３－３,False,True,False,16-63列CT,,平成25年11月 1日,CT確認・MRI未確認
22,6610358,無床診療所,本田クリニック,本田クリニック,磐田市福田中島２７３ー１,False,True,False,16-63列CT,,平成29年10月 1日,CT確認・MRI未確認
22,6610382,無床診療所,豊田診療所,豊田診療所,磐田市豊田３２７番地,False,True,False,16-63列CT,,平成30年 8月 1日,CT確認・MRI未確認
22,6701066,無床診療所,サーク クリニック,サーク　クリニック,磐田市二之宮浅間２番地１５,False,True,True,16-63列CT,1.5-3T MRI,平成28年 6月 1日,CT+MRI確認
22,6710109,無床診療所,さくらクリニック,さくらクリニック,磐田市国府台１００－１,False,True,False,16-63列CT,,令和 2年 9月 1日,CT確認・MRI未確認
22,6710141,無床診療所,和田整形外科・外科医院,和田整形外科・外科医院,磐田市富士見町１丁目１１番地の１３,False,True,False,16-63列CT,,令和 8年 5月 1日,CT確認・MRI未確認
22,6710190,無床診療所,鈴木内科,鈴木内科,磐田市白拍子４４－１１,False,True,False,16-63列CT,,平成28年12月 1日,CT確認・MRI未確認
22,6810024,無床診療所,杉原脳神経外科クリニック,杉原脳神経外科クリニック,菊川市加茂４９６８,False,True,True,16-63列CT,1.5-3T MRI,令和 2年10月 1日,CT+MRI確認
22,6900452,無床診療所,つじファミリークリニック,つじファミリークリニック,磐田市今之浦１－１－８,False,True,False,16-63列CT,,令和 6年 5月 1日,CT確認・MRI未確認
22,6900460,無床診療所,磐田 としたかクリニック,磐田　としたかクリニック,磐田市富里３９－２,False,True,False,16-63列CT,,令和 6年 8月 1日,CT確認・MRI未確認
22,6910055,無床診療所,みつけ内科クリニック,みつけ内科クリニック,磐田市水堀３９５－１,False,True,False,16-63列CT / 4-15列CT,,令和 8年 4月 1日,CT確認・MRI未確認
22,6910063,無床診療所,大須賀医院,大須賀医院,磐田市新開４８２－１,False,True,False,16-63列CT,,平成25年11月 1日,CT確認・MRI未確認
22,6910139,無床診療所,あんざいクリニック,あんざいクリニック,磐田市中泉２９２３－２,False,False,True,,1.5-3T MRI,平成28年 2月 1日,MRI確認・CT未確認
22,6910204,無床診療所,えいせい脳外科クリニック,えいせい脳外科クリニック,磐田市見付１７６６－１,False,True,True,16-63列CT,1.5-3T MRI,平成28年10月 1日,CT+MRI確認
22,6910295,無床診療所,とりかい整形外科リウマチ科,とりかい整形外科リウマチ科,磐田市二之宮４０６番地１,False,True,False,16-63列CT,,令和 6年 5月 1日,CT確認・MRI未確認
22,6910329,無床診療所,きのさき内科・呼吸器内科,きのさき内科・呼吸器内科,磐田市城之崎三丁目７番地２４,False,True,False,16-63列CT,,令和 7年12月 1日,CT確認・MRI未確認
22,7110655,無床診療所,小島医院,小島医院,浜松市中央区曳馬２ー３ー１,False,True,False,16-63列CT,,平成27年 8月 1日,CT確認・MRI未確認
22,7110713,無床診療所,平良内科,平良内科,浜松市中央区瓜内町８０４,False,True,False,16-63列CT,,平成27年 1月 1日,CT確認・MRI未確認
22,7110978,無床診療所,渡辺医院,渡辺医院,浜松市中央区中央３－６－１３,False,True,False,16-63列CT,,平成30年 7月 1日,CT確認・MRI未確認
22,7111315,無床診療所,社会福祉法人聖隷福祉事業団 聖隷浜松病院附属診療所聖隷健康診断センター,社会福祉法人聖隷福祉事業団　聖隷浜松病院附属診療所聖隷健康診断センター,浜松市中央区住吉２ー３５ー８,False,True,True,16-63列CT,1.5-3T MRI,令和 7年 4月 1日,CT+MRI確認
22,7111422,無床診療所,いわた内科,いわた内科,浜松市中央区大瀬町２５１０,False,True,False,4-15列CT,,平成24年 4月 1日,CT確認・MRI未確認
22,7111604,無床診療所,社会福祉法人聖隷福祉事業団 聖隷予防検診センター,社会福祉法人聖隷福祉事業団　聖隷予防検診センター,浜松市中央区三方原町３４５３ー１,False,True,False,16-63列CT,,平成24年 4月 1日,CT確認・MRI未確認
22,7111737,無床診療所,なかむらクリニック,なかむらクリニック,浜松市中央区入野町１９９５４ー５５０,False,True,False,16-63列CT,,平成28年 9月 1日,CT確認・MRI未確認
22,7112131,無床診療所,しのはら医院,しのはら医院,浜松市中央区笠井新田町１９６－１,False,True,False,4-15列CT,,平成24年 4月 1日,CT確認・MRI未確認
22,7112198,無床診療所,やなせ内科呼吸器科クリニック,やなせ内科呼吸器科クリニック,浜松市中央区三方原町５６５－１,False,True,False,16-63列CT,,令和 3年 3月 1日,CT確認・MRI未確認
22,7112305,無床診療所,白鳥内科医院,白鳥内科医院,浜松市中央区恩地町１９２,False,True,False,16-63列CT,,平成24年 4月 1日,CT確認・MRI未確認
22,7200118,無床診療所,マツオ脳神経クリニック,マツオ脳神経クリニック,浜松市中央区市野町２９０－１,False,False,True,,1.5-3T MRI,平成24年 4月 1日,MRI確認・CT未確認
22,7201355,無床診療所,八木医院,八木医院,浜松市中央区初生町１１３７－２,False,True,False,16-63列CT / 4-15列CT,,令和 3年 2月 1日,CT確認・MRI未確認
22,7201967,無床診療所,いそべハートクリニック,いそべハートクリニック,浜松市中央区高丘東１丁目２番３３号,False,True,False,16-63列CT,,令和 2年 6月 1日,CT確認・MRI未確認
22,7202015,無床診療所,ＡＴＳＵＳＨＩメディカルクリニック,ＡＴＳＵＳＨＩメディカルクリニック,浜松市中央区中田町６９１,False,True,False,16-63列CT,,令和 2年10月 1日,CT確認・MRI未確認
22,7202064,無床診療所,やの脳神経外科・救急科クリニック,やの脳神経外科・救急科クリニック,浜松市中央区雄踏町宇布見４０６５番１,False,True,True,16-63列CT,1.5-3T MRI,令和 3年 7月 1日,CT+MRI確認
22,7202098,無床診療所,ＨＭＴ画像診断クリニック,ＨＭＴ画像診断クリニック,浜松市中央区小池町１７９０番地,False,True,True,16-63列CT,1.5-3T MRI,令和 7年 9月 1日,CT+MRI確認
22,7202510,無床診療所,ほそい内科・脳神経内科クリニック,ほそい内科・脳神経内科クリニック,浜松市中央区神ケ谷町８８６９－１,False,True,False,16-63列CT,,令和 7年10月 1日,CT確認・MRI未確認
22,7202544,無床診療所,あいざわ循環器内科・内視鏡・肛門クリニック,あいざわ循環器内科・内視鏡・肛門クリニック,浜松市中央区西山町１４３－１１,False,True,False,16-63列CT,,令和 8年 4月 1日,CT確認・MRI未確認
22,7202593,無床診療所,かとう鼻のクリニック,かとう鼻のクリニック,浜松市中央区入野町９４６２－１,False,True,False,16-63列CT,,令和 8年 9月 1日,CT確認・MRI未確認
22,7210190,無床診療所,山下ハートクリニック,山下ハートクリニック,浜松市中央区豊町６７１－１,False,True,False,16-63列CT,,令和元年10月 1日,CT確認・MRI未確認
22,7210349,無床診療所,かけい医院,かけい医院,浜松市中央区蜆塚３－８－５,False,True,False,16-63列CT,,平成28年 8月 1日,CT確認・MRI未確認
22,7210356,無床診療所,吉井医院,吉井医院,浜松市中央区下石田町１２９９－１,False,True,False,16-63列CT,,平成28年12月 1日,CT確認・MRI未確認
22,7210430,無床診療所,ながはしクリニック,ながはしクリニック,浜松市浜名区内野２４０４－１,False,True,False,16-63列CT / 4-15列CT,,令和 3年 9月 1日,CT確認・MRI未確認
22,7210620,無床診療所,佐野内科クリニック,佐野内科クリニック,浜松市中央区天王町１８１８,False,True,False,16-63列CT,,平成29年10月 1日,CT確認・MRI未確認
22,7210885,無床診療所,髙仲循環器クリニック,髙仲循環器クリニック,浜松市中央区富塚町５０６９－８,False,True,False,16-63列CT,,平成24年10月 1日,CT確認・MRI未確認
22,7211354,無床診療所,天竜吉田医院,天竜吉田医院,浜松市天竜区二俣町二俣２４０６－２,False,True,False,16-63列CT,,平成28年12月 1日,CT確認・MRI未確認
22,7211404,無床診療所,まつむら整形外科,まつむら整形外科,浜松市中央区笠井新田町１８０－１,False,True,True,16-63列CT,1.5-3T MRI,令和 4年12月 1日,CT+MRI確認
22,7211503,無床診療所,岡崎内科医院,岡崎内科医院,浜松市中央区有玉南町１４３６,False,True,False,16-63列CT,,令和 4年 4月 1日,CT確認・MRI未確認
22,7211545,無床診療所,サカイ脳神経外科,サカイ脳神経外科,浜松市中央区富塚町５５番地,False,True,True,16-63列CT,1.5-3T MRI,令和元年 5月 1日,CT+MRI確認
22,7211602,無床診療所,鈴木整形外科スポーツクリニック,鈴木整形外科スポーツクリニック,浜松市中央区高林四丁目６番１４号,False,False,True,,1.5-3T MRI,令和 2年 1月 1日,MRI確認・CT未確認
22,7211644,無床診療所,湖東クリニック,湖東クリニック,浜松市中央区伊左地町８１５１,False,True,False,16-63列CT,,令和 3年10月 1日,CT確認・MRI未確認
22,7211677,無床診療所,みどりのまち整形外科,みどりのまち整形外科,浜松市浜名区横須賀５９２番地,False,False,True,,1.5-3T MRI,令和 5年 8月 1日,MRI確認・CT未確認
22,7211818,無床診療所,たなか整形外科,たなか整形外科,浜松市中央区豊岡町３９８番地,False,False,True,,1.5-3T MRI,令和 3年 7月 1日,MRI確認・CT未確認
22,7212022,無床診療所,まつけんクリニック,まつけんクリニック,浜松市中央区半田町１５５番地の１,False,True,False,16-63列CT,,令和 6年 5月 1日,CT確認・MRI未確認
22,7212055,無床診療所,聖友脳神経外科クリニック,聖友脳神経外科クリニック,浜松市中央区天王町７５５番地の１,False,True,True,16-63列CT,1.5-3T MRI,令和 6年 5月 1日,CT+MRI確認
22,7212139,無床診療所,みどりのまち整形外科分院（もくれん通り）,みどりのまち整形外科分院（もくれん通り）,浜松市中央区三方原町１６５番地の１０,False,False,True,,1.5-3T MRI,令和 7年 1月 1日,MRI確認・CT未確認
22,7212170,無床診療所,鶴泌尿器科クリニック,鶴泌尿器科クリニック,浜松市中央区三島町６３２番地の１,False,True,False,16-63列CT,,令和 7年 1月 1日,CT確認・MRI未確認
22,7300058,無床診療所,げんま内科・呼吸器内科クリニック,げんま内科・呼吸器内科クリニック,袋井市豊沢１２８９－４１,False,True,False,16-63列CT,,平成27年 5月 1日,CT確認・MRI未確認
22,7310172,無床診療所,小早川整形リウマチクリニック,小早川整形リウマチクリニック,袋井市久能１９６９,False,True,True,16-63列CT,1.5-3T MRI,令和 3年11月 1日,CT+MRI確認
22,7310214,無床診療所,たなか循環器内科クリニック,たなか循環器内科クリニック,袋井市高尾１７６６番地の１,False,True,False,16-63列CT,,令和 8年 5月 1日,CT確認・MRI未確認
22,7400122,無床診療所,ながやま医院,ながやま医院,掛川市杉谷南２－１４－８,False,True,False,16-63列CT / 4-15列CT,,令和 5年10月 1日,CT確認・MRI未確認
22,7400296,無床診療所,ばんどう整形外科・ファミリークリニック,ばんどう整形外科・ファミリークリニック,掛川市成滝４８０番地の５,False,False,True,,1.5-3T MRI,令和 7年 4月 1日,MRI確認・CT未確認
22,7410063,無床診療所,ひぐち呼吸器内科医院,ひぐち呼吸器内科医院,掛川市上張２６１－３,False,True,False,16-63列CT,,令和 8年 6月 1日,CT確認・MRI未確認
22,7410188,無床診療所,掛川おかにし内科 糖尿病・甲状腺クリニック,掛川おかにし内科　糖尿病・甲状腺クリニック,掛川市南西郷４２４番１４,False,True,False,16-63列CT,,令和 8年 4月 1日,CT確認・MRI未確認
22,7410196,無床診療所,うめづ脳神経外科,うめづ脳神経外科,掛川市杉谷南一丁目１９番地の８,False,True,False,16-63列CT,,令和 8年 5月 1日,CT確認・MRI未確認
22,8110167,無床診療所,医療法人社団早友会 クロヤナギ医院,医療法人社団早友会　クロヤナギ医院,浜松市浜名区三ヶ日町宇志３４－１,False,True,False,16-63列CT,,令和 5年12月 1日,CT確認・MRI未確認
22,8210041,無床診療所,鈴木医院,鈴木医院,浜松市中央区雄踏町宇布見８９１０番地の１,False,True,True,16-63列CT,1.5-3T MRI,平成29年 9月 1日,CT+MRI確認
22,8310189,無床診療所,吉田クリニック,吉田クリニック,浜松市浜名区小松２１５－２,False,True,False,16-63列CT,,平成29年 4月 1日,CT確認・MRI未確認
22,8310304,無床診療所,西遠クリニック,西遠クリニック,浜松市浜名区東美薗１５４６ー８,False,True,False,16-63列CT,,平成27年 2月 1日,CT確認・MRI未確認
23,0103003,無床診療所,一社）オリエンタル労働衛生協会メディカルクリニック,一社）オリエンタル労働衛生協会メディカルクリニック,名古屋市千種区今池１－８－４,False,True,False,16-63列CT,,令和 2年 6月 1日,CT確認・MRI未確認
23,0104571,無床診療所,東名古屋画像診断クリニック,東名古屋画像診断クリニック,名古屋市千種区自由ケ丘３－４－２６,False,True,True,16-63列CT,1.5-3T MRI,平成27年 8月 1日,CT+MRI確認
23,0105131,無床診療所,ながい消化器内科クリニック,ながい消化器内科クリニック,名古屋市千種区東山通１－１６,False,True,False,16-63列CT,,平成27年 1月 1日,CT確認・MRI未確認
23,0105263,無床診療所,医療法人順秀会 メディカルパーク今池,医療法人順秀会　メディカルパーク今池,名古屋市千種区今池１－８－８今池ガスビル２階,False,True,True,16-63列CT,1.5-3T MRI,平成28年10月 1日,CT+MRI確認
23,0105529,無床診療所,春岡通クリニック,春岡通クリニック,名古屋市千種区春岡通５－１５,False,True,False,16-63列CT,,令和 2年11月 1日,CT確認・MRI未確認
23,0105818,無床診療所,あだち脳神経クリニック池下,あだち脳神経クリニック池下,名古屋市千種区覚王山通８－７０－１　サンクレア池下東棟１階,False,False,True,,1.5-3T MRI,令和 6年 9月 1日,MRI確認・CT未確認
23,0105925,無床診療所,いまいけ内科外科クリニック,いまいけ内科外科クリニック,名古屋市千種区今池３－３－６,False,True,False,16-63列CT,,令和 7年 7月 1日,CT確認・MRI未確認
23,0106030,無床診療所,赤羽乳腺クリニック,赤羽乳腺クリニック,名古屋市千種区四谷通１－１３　ノア四ツ谷ビル３階,False,True,False,16-63列CT,,令和 8年 1月 1日,CT確認・MRI未確認
23,0201591,無床診療所,名古屋市医師会健診センター,名古屋市医師会健診センター,名古屋市東区葵１－１８－１４,False,True,True,16-63列CT,1.5-3T MRI,令和元年 7月 1日,CT+MRI確認
23,0201781,無床診療所,小池ハートクリニック,小池ハートクリニック,名古屋市東区古出来１－１－１,False,True,False,16-63列CT,,平成30年 7月 1日,CT確認・MRI未確認
23,0202680,無床診療所,全国土木建築国民健康保険組合中部健康管理センター,全国土木建築国民健康保険組合中部健康管理センター,名古屋市東区代官町３４－２５,False,True,False,16-63列CT,,平成24年11月 1日,CT確認・MRI未確認
23,0202805,無床診療所,医療法人有心会 大幸砂田橋ブランチクリニック,医療法人有心会　大幸砂田橋ブランチクリニック,名古屋市東区大幸４－１６－２３,False,True,False,16-63列CT,,平成25年12月 1日,CT確認・MRI未確認
23,0202854,無床診療所,徳川かとうクリニック,徳川かとうクリニック,名古屋市東区徳川２－１４－１５パール徳川１階,False,True,False,16-63列CT,,令和 5年 7月 1日,CT確認・MRI未確認
23,0202995,無床診療所,からだと心 泉やわらかクリニック,からだと心　泉やわらかクリニック,名古屋市東区泉１－１０－２３パムスガーデン２階,False,True,False,16-63列CT,,令和 3年 8月 1日,CT確認・MRI未確認
23,0203126,無床診療所,医療法人社団小栗会 清水口脳神経クリニック,医療法人社団小栗会　清水口脳神経クリニック,名古屋市東区白壁２－６－２０,False,False,True,,1.5-3T MRI,令和 3年 5月 1日,MRI確認・CT未確認
23,0203134,無床診療所,清水口整形外科クリニック,清水口整形外科クリニック,名古屋市東区白壁２－６－１,False,True,False,16-63列CT,,令和 3年 5月 1日,CT確認・MRI未確認
23,0203241,無床診療所,おなか 内科東白壁クリニック,おなか　内科東白壁クリニック,名古屋市東区白壁３－２２－２２　１階,False,True,False,16-63列CT,,令和 7年 8月 1日,CT確認・MRI未確認
23,0302092,無床診療所,一般財団法人愛知健康増進財団診療所,一般財団法人愛知健康増進財団診療所,名古屋市北区清水１－１８－４,False,False,True,,1.5-3T MRI,平成26年10月 1日,MRI確認・CT未確認
23,0302787,無床診療所,やまねクリニック,やまねクリニック,名古屋市北区楠味鋺４－１５２４,False,True,False,16-63列CT,,令和 5年 7月 1日,CT確認・MRI未確認
23,0303207,無床診療所,中切パークサイドクリニック,中切パークサイドクリニック,名古屋市北区中切町２－１０,False,True,False,16-63列CT,,令和 5年 5月 1日,CT確認・MRI未確認
23,0303421,無床診療所,医療法人玲優会 ひらい内科クリニック,医療法人玲優会　ひらい内科クリニック,名古屋市北区山田４－１－５２,False,True,False,16-63列CT,,平成29年 5月 1日,CT確認・MRI未確認
23,0303926,無床診療所,ふわりもの忘れとこころのクリニック名古屋,ふわりもの忘れとこころのクリニック名古屋,名古屋市北区如意３－１０８－１,False,True,False,16-63列CT,,令和 4年 4月 1日,CT確認・MRI未確認
23,0304015,無床診療所,くろかわ内科・健診クリニック,くろかわ内科・健診クリニック,名古屋市北区元志賀町１－４－１,False,True,True,16-63列CT,1.5-3T MRI,令和 5年10月 1日,CT+MRI確認
23,0304031,無床診療所,上飯田泌尿器科内科クリニック,上飯田泌尿器科内科クリニック,名古屋市北区八龍町１－５６,False,True,False,16-63列CT,,令和 6年 3月 1日,CT確認・MRI未確認
23,0304106,無床診療所,なみのゆらぎ耳鼻咽喉科,なみのゆらぎ耳鼻咽喉科,名古屋市北区瑠璃光町１－５－１,False,True,False,16-63列CT,,令和 6年10月 1日,CT確認・MRI未確認
23,0304114,無床診療所,医療法人 有心会 名古屋北クリニック,医療法人　有心会　名古屋北クリニック,名古屋市北区丸新町３５７－１,False,True,False,16-63列CT,,令和 6年 8月 1日,CT確認・MRI未確認
23,0401985,無床診療所,医療法人加藤医院,医療法人加藤医院,名古屋市西区中小田井３－３４１,False,True,False,16-63列CT,,平成27年 2月 1日,CT確認・MRI未確認
23,0402124,無床診療所,松葉内科,松葉内科,名古屋市西区笹塚町１－３－１,False,True,False,4-15列CT,,平成27年 1月 1日,CT確認・MRI未確認
23,0402322,無床診療所,康友クリニック,康友クリニック,名古屋市西区浮野町２１－１,False,True,False,16-63列CT,,平成26年 4月 1日,CT確認・MRI未確認
23,0402561,無床診療所,大雄会ルーセントクリニック,大雄会ルーセントクリニック,名古屋市西区牛島町６－１名古屋ルーセントタワー３階,False,True,True,16-63列CT,1.5-3T MRI,平成26年 6月 1日,CT+MRI確認
23,0403148,無床診療所,はせ整形外科せぼねクリニック,はせ整形外科せぼねクリニック,名古屋市西区笠取町４－７１,False,False,True,,1.5-3T MRI,平成28年 9月 1日,MRI確認・CT未確認
23,0403296,無床診療所,愛知中央クリニック,愛知中央クリニック,名古屋市西区中小田井２－３－１,False,False,True,,1.5-3T MRI,令和 3年 1月 1日,MRI確認・CT未確認
23,0403320,無床診療所,ナゴヤガーデンクリニック,ナゴヤガーデンクリニック,名古屋市西区則武新町３－１－１７　イオンモール名古屋ノリタケガーデン３階,False,True,True,16-63列CT,1.5-3T MRI,令和 3年10月 1日,CT+MRI確認
23,0403338,無床診療所,かわい内科＆皮ふ科,かわい内科＆皮ふ科,名古屋市西区中小田井３－３８４－１,False,True,False,4-15列CT,,令和 3年10月 1日,CT確認・MRI未確認
23,0403379,無床診療所,リウゲ内科名駅クリニック,リウゲ内科名駅クリニック,名古屋市西区名駅２－１１－３,False,True,False,16-63列CT,,令和 4年11月 1日,CT確認・MRI未確認
23,0403478,無床診療所,なおみファミリークリニック名古屋中小田井,なおみファミリークリニック名古屋中小田井,名古屋市西区中小田井３－１７　ツルハドラッグ中小田井店２階,False,True,False,16-63列CT,,令和 8年 7月 1日,CT確認・MRI未確認
23,0503285,無床診療所,かとう医院,かとう医院,名古屋市中村区中村町茶ノ木１６－２,False,True,False,16-63列CT,,平成26年10月 1日,CT確認・MRI未確認
23,0504291,無床診療所,ライフ健康クリニック,ライフ健康クリニック,名古屋市中村区道下町２－２６,False,True,False,16-63列CT,,平成27年 9月 1日,CT確認・MRI未確認
23,0504325,無床診療所,一般財団法人全日本労働福祉協会東海診療所,一般財団法人全日本労働福祉協会東海診療所,名古屋市中村区名駅南１－２４－２０名古屋三井ビルディング新館３階,False,True,False,16-63列CT,,令和 5年 9月 1日,CT確認・MRI未確認
23,0504770,無床診療所,医療法人松柏会大名古屋ビルセントラルクリニック,医療法人松柏会大名古屋ビルセントラルクリニック,名古屋市中村区名駅３－２８－１２大名古屋ビルヂング　９階,False,True,True,16-63列CT,1.5-3T MRI,平成28年 4月 1日,CT+MRI確認
23,0505108,無床診療所,医療法人尚仁会 名古屋ステーションクリニック,医療法人尚仁会　名古屋ステーションクリニック,名古屋市中村区名駅４－６－１７名古屋ビルデイング８階,False,True,True,16-63列CT,1.5-3T MRI,平成28年 6月 1日,CT+MRI確認
23,0505140,無床診療所,かすもりクリニック,かすもりクリニック,名古屋市中村区烏森町８－１２０５－１,False,True,False,16-63列CT,,平成24年 4月 1日,CT確認・MRI未確認
23,0505298,無床診療所,太閤クリニック,太閤クリニック,名古屋市中村区太閤通５－３３,False,True,False,16-63列CT,,令和 6年 4月 1日,CT確認・MRI未確認
23,0505850,無床診療所,医療法人社団 進興会 ミッドタウンクリニック名駅,医療法人社団　進興会　ミッドタウンクリニック名駅,名古屋市中村区名駅１－１－１ＪＰタワー名古屋５階,False,True,True,16-63列CT,1.5-3T MRI,平成30年 7月23日,CT+MRI確認
23,0505975,無床診療所,リブラささしまメディカルクリニック,リブラささしまメディカルクリニック,名古屋市中村区平池町４－６０－１２　グローバルゲート５階,False,True,False,16-63列CT,,令和 2年 3月 1日,CT確認・MRI未確認
23,0506031,無床診療所,ヴェルヴァーレ本陣クリニック,ヴェルヴァーレ本陣クリニック,名古屋市中村区本陣通２－１９,False,True,False,16-63列CT,,令和 3年 6月 1日,CT確認・MRI未確認
23,0506197,無床診療所,クリニックテルミナ,クリニックテルミナ,名古屋市中村区鳥居通４－１３－１,False,True,False,16-63列CT,,令和 5年 9月 1日,CT確認・MRI未確認
23,0506262,無床診療所,二村整形外科,二村整形外科,名古屋市中村区岩塚町向田４５－１,False,False,True,,1.5-3T MRI,令和 6年 4月 1日,MRI確認・CT未確認
23,0506379,無床診療所,ゲートタワー黒松泌尿器科,ゲートタワー黒松泌尿器科,名古屋市中村区名駅１－１－３　ＪＲゲートタワー２６階,False,True,False,16-63列CT,,令和 7年 1月 1日,CT確認・MRI未確認
23,0506387,無床診療所,医療法人 向仁会 あおばクリニック,医療法人　向仁会　あおばクリニック,名古屋市中村区十王町４－５　ランドビル本陣１・２階,False,True,False,16-63列CT,,令和 6年12月 1日,CT確認・MRI未確認
23,0506536,無床診療所,医療法人ＯＪ会 ＩＬＣ国際腰痛クリニック名古屋,医療法人ＯＪ会　ＩＬＣ国際腰痛クリニック名古屋,名古屋市中村区名駅４－６－２３　第３堀内ビル１階,False,False,True,,1.5-3T MRI,令和 7年 9月 1日,MRI確認・CT未確認
23,0603952,無床診療所,医療法人斯文会岡田内科,医療法人斯文会岡田内科,名古屋市中区上前津１－１２－７,False,True,False,16-63列CT,,令和 2年10月 1日,CT確認・MRI未確認
23,0604968,無床診療所,本町クリニック,本町クリニック,名古屋市中区栄３－２０－２９,False,True,False,16-63列CT,,令和 7年 1月 1日,CT確認・MRI未確認
23,0606294,無床診療所,医療法人名古屋栄クリニック,医療法人名古屋栄クリニック,名古屋市中区栄５－２７－３ロイヤルオーク１階,False,True,False,16-63列CT,,平成25年12月 1日,CT確認・MRI未確認
23,0606443,無床診療所,エルズメディケア名古屋,エルズメディケア名古屋,名古屋市中区栄２－１－１日土地名古屋ビル３階,False,True,False,16-63列CT,,令和 7年 5月 1日,CT確認・MRI未確認
23,0606500,無床診療所,栄エンゼルクリニック,栄エンゼルクリニック,名古屋市中区栄５－４－１２,False,True,True,16-63列CT,1.5-3T MRI,平成24年 4月 1日,CT+MRI確認
23,0606609,無床診療所,医療法人社団甲仁会 名古屋甲状腺診療所,医療法人社団甲仁会　名古屋甲状腺診療所,名古屋市中区大須４－１４－５９,False,True,False,16-63列CT,,平成24年 4月 1日,CT確認・MRI未確認
23,0606807,無床診療所,上前津メディカルクリニック,上前津メディカルクリニック,名古屋市中区上前津１－６－１０,False,True,False,16-63列CT,,令和元年 9月 1日,CT確認・MRI未確認
23,0606963,無床診療所,マリンクリニック,マリンクリニック,名古屋市中区丸の内３－２０－１７ＫＤＸ桜通ビル４階,False,True,False,16-63列CT,,平成29年 1月 1日,CT確認・MRI未確認
23,0606997,無床診療所,ＳＬ外科・乳腺クリニック,ＳＬ外科・乳腺クリニック,名古屋市中区新栄町１－３日丸名古屋ビル４階,False,True,False,16-63列CT,,平成28年 7月 1日,CT確認・MRI未確認
23,0607201,無床診療所,トラストクリニック,トラストクリニック,名古屋市中区栄１－３０－２２,False,True,True,16-63列CT,1.5-3T MRI,令和 4年10月 1日,CT+MRI確認
23,0607227,無床診療所,ＫＫＣウエルネス名古屋健診クリニック,ＫＫＣウエルネス名古屋健診クリニック,名古屋市中区栄２－１０－１９名古屋商工会議所ビル１１階,False,True,False,16-63列CT,,平成29年 3月 1日,CT確認・MRI未確認
23,0607276,無床診療所,愛知三の丸クリニック,愛知三の丸クリニック,名古屋市中区三の丸３－２－１,False,True,False,16-63列CT,,令和 2年 9月 1日,CT確認・MRI未確認
23,0608191,無床診療所,メディカルイメージング栄みやがわ乳腺クリニック,メディカルイメージング栄みやがわ乳腺クリニック,名古屋市中区栄５－２－３６　松坂屋パークプレイスビル１階,False,True,True,16-63列CT,1.5-3T MRI,令和 5年 4月 1日,CT+MRI確認
23,0608324,無床診療所,ＤＡＩＤＯ ＭＥＤＩＣＡＬ ＳＱＵＡＲＥ,ＤＡＩＤＯ　ＭＥＤＩＣＡＬ　ＳＱＵＡＲＥ,名古屋市中区栄４－１－１　中日ビル９階,False,True,True,16-63列CT,1.5-3T MRI,令和 6年 4月 1日,CT+MRI確認
23,0608548,無床診療所,肩とひざの整形外科 金山院,肩とひざの整形外科　金山院,名古屋市中区金山１－１８－３　スギクリニックモール金山３階,False,False,True,,1.5-3T MRI,令和 7年 5月 1日,MRI確認・CT未確認
23,0701673,無床診療所,名古屋医師協同組合名古屋臨床検査センター附属診療所,名古屋医師協同組合名古屋臨床検査センター附属診療所,名古屋市昭和区滝子町２７－２２,False,True,True,16-63列CT,1.5-3T MRI,平成24年 4月 1日,CT+MRI確認
23,0702572,無床診療所,加藤内科クリニック,加藤内科クリニック,名古屋市昭和区西畑町４５,False,True,False,16-63列CT,,平成27年 8月 1日,CT確認・MRI未確認
23,0703356,無床診療所,医療法人いつき会 いつきクリニック石川橋,医療法人いつき会　いつきクリニック石川橋,名古屋市昭和区檀溪通５－２６,False,True,False,16-63列CT,,平成24年12月 1日,CT確認・MRI未確認
23,0703364,無床診療所,岩田脳神経外科クリニック,岩田脳神経外科クリニック,名古屋市昭和区桜山町６－１０４－２９　２階,False,True,False,16-63列CT,,令和 5年10月 1日,CT確認・MRI未確認
23,0703539,無床診療所,ごきそ内科・内視鏡クリニック,ごきそ内科・内視鏡クリニック,名古屋市昭和区恵方町１－２５－３,False,True,False,16-63列CT,,令和 7年 5月 1日,CT確認・MRI未確認
23,0704032,無床診療所,名古屋おもて内科・呼吸器内科クリニック,名古屋おもて内科・呼吸器内科クリニック,名古屋市昭和区御器所通１－１３－３,False,True,False,16-63列CT,,令和 7年11月 1日,CT確認・MRI未確認
23,0801549,無床診療所,野々村クリニック,野々村クリニック,名古屋市瑞穂区白砂町１－１９,False,False,True,,1.5-3T MRI,平成26年11月 1日,MRI確認・CT未確認
23,0801671,無床診療所,久米クリニック,久米クリニック,名古屋市瑞穂区丸根町１－８,False,True,False,16-63列CT,,平成28年 4月 1日,CT確認・MRI未確認
23,0802760,無床診療所,みかんやま整形外科,みかんやま整形外科,名古屋市瑞穂区密柑山町２－４９－１,False,True,False,16-63列CT,,令和元年11月 1日,CT確認・MRI未確認
23,0802935,無床診療所,みずほの森クリニック,みずほの森クリニック,名古屋市瑞穂区明前町１５－７,False,True,False,16-63列CT,,令和 4年 6月 1日,CT確認・MRI未確認
23,0803073,無床診療所,菅谷クリニック,菅谷クリニック,名古屋市瑞穂区豆田町２－１,False,True,False,16-63列CT,,令和 6年10月 1日,CT確認・MRI未確認
23,0901158,無床診療所,亀島クリニック,亀島クリニック,名古屋市熱田区伝馬２－２７－１２,False,True,False,16-63列CT,,令和 5年 6月 1日,CT確認・MRI未確認
23,0901364,無床診療所,医療法人中京クリニカル,医療法人中京クリニカル,名古屋市熱田区白鳥３－６－１７,False,True,False,16-63列CT,,平成27年 6月 1日,CT確認・MRI未確認
23,0901596,無床診療所,ハナノキ内科,ハナノキ内科,名古屋市熱田区花表町２１－１０,False,True,False,4-15列CT,,平成24年 4月 1日,CT確認・MRI未確認
23,0901612,無床診療所,うえの内科クリニック,うえの内科クリニック,名古屋市熱田区八番２－２－１７,False,True,False,16-63列CT,,平成29年 5月 1日,CT確認・MRI未確認
23,0901638,無床診療所,宮の森クリニック 耳鼻咽喉科,宮の森クリニック　耳鼻咽喉科,名古屋市熱田区一番３－９－７,False,True,False,4-15列CT,,平成25年 1月 1日,CT確認・MRI未確認
23,0901711,無床診療所,医療法人杏園会あんずクリニック,医療法人杏園会あんずクリニック,名古屋市熱田区六番１－１－９,False,True,False,16-63列CT,,令和 3年10月 1日,CT確認・MRI未確認
23,0901778,無床診療所,あつた神宮東クリニック,あつた神宮東クリニック,名古屋市熱田区三本松町１４－７,False,False,True,,1.5-3T MRI,平成30年 7月 1日,MRI確認・CT未確認
23,0901984,無床診療所,あつたモール総合クリニック,あつたモール総合クリニック,名古屋市熱田区六野１－２－１１　イオンモール熱田３階,False,True,True,16-63列CT,1.5-3T MRI,令和 5年 3月 1日,CT+MRI確認
23,1002410,無床診療所,名古屋放射線診断クリニック,名古屋放射線診断クリニック,名古屋市中川区法華１－１６２,False,True,False,16-63列CT,,平成27年11月 1日,CT確認・MRI未確認
23,1002543,無床診療所,はやせ希望クリニック,はやせ希望クリニック,名古屋市中川区松葉町４－６０,False,True,False,16-63列CT / 4-15列CT,,令和 4年 8月 1日,CT確認・MRI未確認
23,1002766,無床診療所,福井医院,福井医院,名古屋市中川区上脇町２－８７,False,True,False,4-15列CT,,平成24年 4月 1日,CT確認・MRI未確認
23,1003368,無床診療所,にのクリニック,にのクリニック,名古屋市中川区春田５－３８,False,True,False,16-63列CT,,令和 6年 3月 1日,CT確認・MRI未確認
23,1003392,無床診療所,まつばら循環器クリニック,まつばら循環器クリニック,名古屋市中川区千音寺土地区画整理組合７８街区仮１番,False,True,False,16-63列CT,,令和 7年 6月 1日,CT確認・MRI未確認
23,1003418,無床診療所,福寿メディカルクリニック,福寿メディカルクリニック,名古屋市中川区戸田西３－１７０７,False,True,False,16-63列CT,,令和 7年12月 1日,CT確認・MRI未確認
23,1101071,無床診療所,医療法人堂満医院,医療法人堂満医院,名古屋市港区七反野２－２３０２,False,True,False,16-63列CT,,平成30年 5月 1日,CT確認・MRI未確認
23,1101808,無床診療所,まるやま泌尿器科クリニック,まるやま泌尿器科クリニック,名古屋市港区東海通５－１２,False,True,False,16-63列CT,,平成25年 5月 1日,CT確認・MRI未確認
23,1101857,無床診療所,ながしま内科,ながしま内科,名古屋市港区秋葉２－７－１,False,True,False,16-63列CT,,平成28年 9月 1日,CT確認・MRI未確認
23,1102061,無床診療所,くすのき内科外科クリニック,くすのき内科外科クリニック,名古屋市港区油屋町１－３４－２,False,True,False,16-63列CT,,令和 7年 5月 1日,CT確認・MRI未確認
23,1201699,無床診療所,医療法人名翔会名古屋セントラルクリニック,医療法人名翔会名古屋セントラルクリニック,名古屋市南区千竈通７－１６－１,False,True,True,16-63列CT,1.5-3T MRI,令和 7年 8月 1日,CT+MRI確認
23,1202275,無床診療所,きりやまクリニック,きりやまクリニック,名古屋市南区桜本町４３－１,False,True,False,16-63列CT,,平成24年 4月 1日,CT確認・MRI未確認
23,1202333,無床診療所,だいどうクリニック,だいどうクリニック,名古屋市南区白水町８,False,True,True,16-63列CT,1.5-3T MRI,平成24年 4月 1日,CT+MRI確認
23,1301135,無床診療所,医療法人守誠会新守山クリニック,医療法人守誠会新守山クリニック,名古屋市守山区鳥羽見２－１２０６,False,True,False,16-63列CT,,平成29年 8月 1日,CT確認・MRI未確認
23,1301481,無床診療所,志水クリニック,志水クリニック,名古屋市守山区大森１－１２０４志水マンション１階,False,True,False,16-63列CT,,平成24年 4月 1日,CT確認・MRI未確認
23,1301507,無床診療所,長谷川内科,長谷川内科,名古屋市守山区幸心３－１１０２,False,True,False,16-63列CT,,平成24年10月 1日,CT確認・MRI未確認
23,1301580,無床診療所,にししろクリニック,にししろクリニック,名古屋市守山区西城２－１３－１３,False,True,False,16-63列CT,,平成29年 3月 1日,CT確認・MRI未確認
23,1301598,無床診療所,医療法人敬進会くれやま整形外科・胃腸科,医療法人敬進会くれやま整形外科・胃腸科,名古屋市守山区元郷２－１４０４,False,True,False,16-63列CT,,平成29年 6月 1日,CT確認・MRI未確認
23,1301846,無床診療所,よねづ内科クリニック,よねづ内科クリニック,名古屋市守山区大森１－２０１７,False,True,False,16-63列CT,,令和 5年12月 1日,CT確認・MRI未確認
23,1302067,無床診療所,ようていファミリークリニック藤が丘,ようていファミリークリニック藤が丘,名古屋市守山区四軒家２－７０２,False,True,False,16-63列CT,,平成25年 3月 1日,CT確認・MRI未確認
23,1302216,無床診療所,あさい整形外科ファミリークリニック,あさい整形外科ファミリークリニック,名古屋市守山区小幡南１－１４－１,False,False,True,,1.5-3T MRI,令和 6年10月 1日,MRI確認・CT未確認
23,1302349,無床診療所,しだみ高橋クリニック,しだみ高橋クリニック,名古屋市守山区中志段味洞畑２１５０－３,False,True,False,16-63列CT,,平成29年10月 1日,CT確認・MRI未確認
23,1302398,無床診療所,名古屋ニューロサージェリークリニック,名古屋ニューロサージェリークリニック,名古屋市守山区下志段味西ノ原８３５,False,True,True,16-63列CT,1.5-3T MRI,平成30年 3月 1日,CT+MRI確認
23,1302406,無床診療所,宮﨑クリニック,宮﨑クリニック,名古屋市守山区鳥神町２１９,False,True,False,16-63列CT,,令和 6年10月 1日,CT確認・MRI未確認
23,1302430,無床診療所,ゆりクリニック名古屋東,ゆりクリニック名古屋東,名古屋市守山区上志段味川原１５６,False,True,True,16-63列CT,1.5-3T MRI,平成31年 3月 1日,CT+MRI確認
23,1302554,無床診療所,しだみ早川整形外科,しだみ早川整形外科,名古屋市守山区上志段味大久手下１９７１－１,False,True,False,16-63列CT,,令和 5年 3月 1日,CT確認・MRI未確認
23,1401828,無床診療所,大清水クリニック,大清水クリニック,名古屋市緑区大清水西２０１,False,True,False,16-63列CT,,令和 4年 8月 1日,CT確認・MRI未確認
23,1402552,無床診療所,名古屋フォレストクリニック,名古屋フォレストクリニック,名古屋市緑区南大高３－１３０５,False,True,False,16-63列CT,,平成24年 4月 1日,CT確認・MRI未確認
23,1402677,無床診療所,とくしげ呼吸器クリニック,とくしげ呼吸器クリニック,名古屋市緑区元徳重１－１７０５,False,True,False,16-63列CT,,平成24年 4月 1日,CT確認・MRI未確認
23,1403139,無床診療所,あおやま胃腸内科外科,あおやま胃腸内科外科,名古屋市緑区諸の木３－１２０２,False,True,False,16-63列CT,,令和 8年 4月 1日,CT確認・MRI未確認
23,1403220,無床診療所,いとう脳神経クリニック,いとう脳神経クリニック,愛知県名古屋市緑区元徳重２－１０４,False,False,True,,1.5-3T MRI,平成31年 2月 1日,MRI確認・CT未確認
23,1403337,無床診療所,さくら医院,さくら医院,名古屋市緑区鳴子町３－４９－２３,False,True,False,16-63列CT,,令和 2年 6月 1日,CT確認・MRI未確認
23,1403394,無床診療所,医療法人正風堂 みどりの風クリニック,医療法人正風堂　みどりの風クリニック,名古屋市緑区鹿山３－１０,False,True,False,16-63列CT,,令和 5年 6月 1日,CT確認・MRI未確認
23,1403527,無床診療所,しもざとクリニック,しもざとクリニック,名古屋市緑区池上台２－２６６,False,True,False,16-63列CT,,令和 4年11月17日,CT確認・MRI未確認
23,1403535,無床診療所,やました内科産婦人科,やました内科産婦人科,名古屋市緑区黒沢台３－１３２０,False,True,False,16-63列CT,,令和 5年 1月 1日,CT確認・MRI未確認
23,1403592,無床診療所,相生山ほのぼのメモリークリニック,相生山ほのぼのメモリークリニック,名古屋市緑区相川２－１０５,False,True,False,16-63列CT,,令和 5年 6月 1日,CT確認・MRI未確認
23,1403774,無床診療所,みどり呼吸器ウェルネスクリニック,みどり呼吸器ウェルネスクリニック,名古屋市緑区砂田１－１１０２,False,True,False,16-63列CT,,令和 7年10月 1日,CT確認・MRI未確認
23,1500801,無床診療所,安井クリニック,安井クリニック,名古屋市名東区名東本通４－２６,False,True,False,16-63列CT,,平成31年 4月 1日,CT確認・MRI未確認
23,1501163,無床診療所,医療法人中村クリニック,医療法人中村クリニック,名古屋市名東区牧の里２－１９０７,False,True,False,16-63列CT,,平成28年 2月 1日,CT確認・MRI未確認
23,1501643,無床診療所,ねはし脳神経外科,ねはし脳神経外科,名古屋市名東区一社２－５ＴＨＥＱＯＬ３階,False,True,False,4-15列CT,,平成25年 9月 1日,CT確認・MRI未確認
23,1502237,無床診療所,こんどうクリニック,こんどうクリニック,名古屋市名東区極楽４－１３０５,False,True,False,16-63列CT,,平成29年 1月 1日,CT確認・MRI未確認
23,1502807,無床診療所,やすかわクリニック,やすかわクリニック,名古屋市名東区高社２－１１５一社メディカルステーション　１階,False,True,False,16-63列CT,,令和 3年 1月 1日,CT確認・MRI未確認
23,1502898,無床診療所,マルモブレストクリニック,マルモブレストクリニック,名古屋市名東区本郷２－１２４－１,False,True,False,16-63列CT,,平成29年 4月 1日,CT確認・MRI未確認
23,1502922,無床診療所,やまがみ整形外科腰痛クリニック,やまがみ整形外科腰痛クリニック,名古屋市名東区上菅２－１２０１－１,False,False,True,,1.5-3T MRI,平成29年11月 1日,MRI確認・CT未確認
23,1502955,無床診療所,藤が丘さくらなみきクリニック,藤が丘さくらなみきクリニック,名古屋市名東区藤見が丘２５－２藤が丘メディカルステーション２階,False,True,False,16-63列CT,,平成30年 4月 1日,CT確認・MRI未確認
23,1503052,無床診療所,さとう乳腺内科・健診クリニック,さとう乳腺内科・健診クリニック,名古屋市名東区一社２－８　オオタ一社ビル３階,False,False,True,,1.5-3T MRI,令和元年10月 1日,MRI確認・CT未確認
23,1503060,無床診療所,けやき内科,けやき内科,名古屋市名東区猪子石原１－２００２,False,True,False,16-63列CT,,令和 2年 4月 1日,CT確認・MRI未確認
23,1503177,無床診療所,わたなべ整形外科運動器クリニック,わたなべ整形外科運動器クリニック,名古屋市名東区亀の井１－２１４－２,False,False,True,,1.5-3T MRI,令和 3年 4月 1日,MRI確認・CT未確認
23,1503219,無床診療所,引山クリニック,引山クリニック,名古屋市名東区引山４－５０１,False,True,False,16-63列CT,,令和 4年 1月 1日,CT確認・MRI未確認
23,1503342,無床診療所,名東整形外科からだケアクリニック,名東整形外科からだケアクリニック,名古屋市名東区猪高台１－１０２３,False,False,True,,1.5-3T MRI,令和 5年 7月 1日,MRI確認・CT未確認
23,1503417,無床診療所,ふじのもりｔｏＵクリニック,ふじのもりｔｏＵクリニック,名古屋市名東区藤見が丘２５－２　Ｂ＆Ｄ藤が丘メディカルステーション３階,False,True,False,16-63列CT,,令和 6年 4月 1日,CT確認・MRI未確認
23,1503458,無床診療所,いだか台クリニック,いだか台クリニック,名古屋市名東区猪高台２－４１０－２,False,True,False,16-63列CT,,令和 7年 4月 1日,CT確認・MRI未確認
23,1503524,無床診療所,めいとうクリニック,めいとうクリニック,名古屋市名東区望が丘３０４－２　１階,False,True,False,16-63列CT,,令和 7年10月 1日,CT確認・MRI未確認
23,1503565,無床診療所,総合診療・内視鏡 タナカ内科,総合診療・内視鏡　タナカ内科,名古屋市名東区牧の里１－１５０１－２,False,True,False,16-63列CT,,令和 8年 5月 1日,CT確認・MRI未確認
23,1503599,無床診療所,医療法人知真会 めいとう真心クリニック,医療法人知真会　めいとう真心クリニック,名古屋市名東区亀の井２－１２,False,True,False,16-63列CT,,令和 8年 5月 1日,CT確認・MRI未確認
23,1600932,無床診療所,医療法人玲生会 にん内科,医療法人玲生会　にん内科,名古屋市天白区植田西１－４０９,False,True,False,16-63列CT,,令和元年 5月 1日,CT確認・MRI未確認
23,1601575,無床診療所,ひろせ内科脳神経クリニック,ひろせ内科脳神経クリニック,名古屋市天白区島田３－６０２,False,True,False,4-15列CT,,平成24年 4月 1日,CT確認・MRI未確認
23,1601872,無床診療所,元八事整形外科形成外科,元八事整形外科形成外科,名古屋市天白区元八事１－２４２,False,True,True,16-63列CT,1.5-3T MRI,令和 3年 3月 1日,CT+MRI確認
23,1602516,無床診療所,こうのすクリニック,こうのすクリニック,名古屋市天白区焼山２－２０６,False,True,False,16-63列CT,,平成27年 8月 1日,CT確認・MRI未確認
23,1602581,無床診療所,天白宮田クリニック,天白宮田クリニック,名古屋市天白区一本松２－１１０２,False,True,False,16-63列CT,,平成28年10月 1日,CT確認・MRI未確認
23,1602631,無床診療所,はま内科・神経内科クリニック,はま内科・神経内科クリニック,名古屋市天白区原１－４０９,False,True,False,16-63列CT,,平成29年 5月 1日,CT確認・MRI未確認
23,1602680,無床診療所,くりた内科クリニック,くりた内科クリニック,名古屋市天白区元八事４－８４元八事メディカルステーション２階,False,True,False,16-63列CT,,平成29年11月 1日,CT確認・MRI未確認
23,1602888,無床診療所,ゆうファミリアクリニック,ゆうファミリアクリニック,名古屋市天白区植田１－２１１６　‘８８ｂｕｉｌｄｉｎｇ１階,False,True,False,16-63列CT,,令和 3年12月 1日,CT確認・MRI未確認
23,1602979,無床診療所,たけもと脳神経外科,たけもと脳神経外科,名古屋市天白区元植田２－３０２,False,False,True,,1.5-3T MRI,令和 5年11月 1日,MRI確認・CT未確認
23,1603001,無床診療所,あいちハートクリニック野並,あいちハートクリニック野並,名古屋市天白区古川町１５８　野並メディカルステーション１階,False,True,False,16-63列CT,,令和 6年 4月 1日,CT確認・MRI未確認
23,1603118,無床診療所,一ツ山クリニック,一ツ山クリニック,名古屋市天白区山根町３３３,False,True,False,16-63列CT,,令和 7年11月 1日,CT確認・MRI未確認
23,1603126,無床診療所,植田リハビリクリニック,植田リハビリクリニック,名古屋市天白区元植田２－２４０５,False,False,True,,1.5-3T MRI,令和 7年11月 1日,MRI確認・CT未確認
23,1603134,無床診療所,天白かんだ整形外科クリニック,天白かんだ整形外科クリニック,名古屋市天白区高宮町１３０４,False,False,True,,1.5-3T MRI,令和 8年 4月 1日,MRI確認・CT未確認
23,2000041,無床診療所,医療法人青雲会 佐野医院,医療法人青雲会　佐野医院,豊橋市松葉町３－１０,False,True,False,16-63列CT,,平成29年10月 1日,CT確認・MRI未確認
23,2003334,無床診療所,医療法人秋山内科,医療法人秋山内科,豊橋市老松町１５６－１,False,True,False,16-63列CT,,令和 2年10月 1日,CT確認・MRI未確認
23,2004035,無床診療所,医療法人エムディーみゆきクリニック,医療法人エムディーみゆきクリニック,豊橋市西幸町古並２９３－４,False,True,False,16-63列CT,,平成25年 8月 1日,CT確認・MRI未確認
23,2004357,無床診療所,中島脳神経外科,中島脳神経外科,豊橋市下五井町捨田４５－１,False,True,True,16-63列CT,1.5-3T MRI,平成28年12月 1日,CT+MRI確認
23,2004936,無床診療所,岡村クリニック,岡村クリニック,豊橋市佐藤２－２４－１,False,True,False,16-63列CT,,令和 4年 9月 1日,CT確認・MRI未確認
23,2004985,無床診療所,医療法人弘和会 さたけクリニック,医療法人弘和会　さたけクリニック,豊橋市中野町大原４７－１,False,True,False,16-63列CT,,平成30年 8月 1日,CT確認・MRI未確認
23,2006428,無床診療所,はら脳神経内科・内科クリニック,はら脳神経内科・内科クリニック,豊橋市西幸町笠松３０－１,False,False,True,,1.5-3T MRI,平成29年10月 1日,MRI確認・CT未確認
23,2006444,無床診療所,成田記念陽子線センター,成田記念陽子線センター,豊橋市白河町７８,False,True,False,16-63列CT,,平成30年 4月 1日,CT確認・MRI未確認
23,2006469,無床診療所,佐藤脳神経外科,佐藤脳神経外科,愛知県豊橋市牛川通１－２１－７,False,True,True,16-63列CT,1.5-3T MRI,平成30年 6月 1日,CT+MRI確認
23,2006568,無床診療所,ふくい整形外科リウマチリハビリクリニック,ふくい整形外科リウマチリハビリクリニック,豊橋市西幸町笠松３３－１,False,True,False,16-63列CT,,令和元年 8月 1日,CT確認・MRI未確認
23,2006816,無床診療所,のぞみ内科外科甲状腺クリニック,のぞみ内科外科甲状腺クリニック,豊橋市飯村町高山１０－１４,False,True,False,16-63列CT,,令和 4年11月 1日,CT確認・MRI未確認
23,2006840,無床診療所,内科皮膚科ひなたの丘クリニック,内科皮膚科ひなたの丘クリニック,豊橋市中野町大原４７－１,False,True,False,16-63列CT,,令和 5年 3月 1日,CT確認・MRI未確認
23,2007012,無床診療所,いちかわ整形外科リハビリクリニック,いちかわ整形外科リハビリクリニック,豊橋市牟呂町松東４７,False,False,True,,1.5-3T MRI,令和 6年 7月 1日,MRI確認・CT未確認
23,2102508,無床診療所,ワシミ整形外科,ワシミ整形外科,岡崎市久後崎町キロ１５－２,False,True,True,16-63列CT,1.5-3T MRI,平成29年 8月 1日,CT+MRI確認
23,2102532,無床診療所,村医院,村医院,岡崎市細川町窪地６４－１,False,True,False,16-63列CT,,令和 7年 4月 1日,CT確認・MRI未確認
23,2103555,無床診療所,医療法人藤友会城南リハビリクリニック,医療法人藤友会城南リハビリクリニック,岡崎市中島町藤屋１５－１,False,True,False,16-63列CT,,平成29年 8月 1日,CT確認・MRI未確認
23,2103936,無床診療所,かとう整形外科,かとう整形外科,岡崎市南明大寺町３－１０,False,False,True,,1.5-3T MRI,令和元年10月 1日,MRI確認・CT未確認
23,2104108,無床診療所,医療法人山本 耳鼻咽喉科ｊクリニック,医療法人山本　耳鼻咽喉科ｊクリニック,岡崎市不吹町６－５,False,True,False,16-63列CT,,令和元年10月 1日,CT確認・MRI未確認
23,2104561,無床診療所,高木外科内科医院,高木外科内科医院,岡崎市洞町東前田２７－２,False,True,True,16-63列CT,1.5-3T MRI,平成25年 9月 1日,CT+MRI確認
23,2104736,無床診療所,石原クリニック,石原クリニック,岡崎市井田町３－９１－４５,False,True,False,16-63列CT,,平成25年 4月 1日,CT確認・MRI未確認
23,2105014,無床診療所,クリニック大倉,クリニック大倉,岡崎市稲熊町森下２８－１,False,True,False,16-63列CT,,令和 4年10月 1日,CT確認・MRI未確認
23,2105030,無床診療所,じんぐうじクリニック,じんぐうじクリニック,岡崎市下和田町神宮司６６－１,False,True,False,16-63列CT,,令和 6年 6月 1日,CT確認・MRI未確認
23,2105162,無床診療所,むつみ内科,むつみ内科,岡崎市土井町柳ケ坪１９－１,False,True,True,16-63列CT,1.5-3T MRI,平成28年11月 1日,CT+MRI確認
23,2105378,無床診療所,わたなべ整形リハビリクリニック,わたなべ整形リハビリクリニック,岡崎市竜美東３－１１－７,False,True,False,16-63列CT,,平成31年 3月 1日,CT確認・MRI未確認
23,2105451,無床診療所,岡崎たかはらクリニック,岡崎たかはらクリニック,岡崎市欠町下口３６,False,True,False,16-63列CT,,令和元年10月 1日,CT確認・MRI未確認
23,2105543,無床診療所,六名クリニック,六名クリニック,岡崎市六名３－３－８,False,True,False,16-63列CT,,令和 3年 1月 1日,CT確認・MRI未確認
23,2105600,無床診療所,ありま脳神経外科クリニック,ありま脳神経外科クリニック,岡崎市針崎西２－９－８,False,False,True,,1.5-3T MRI,令和 3年10月 1日,MRI確認・CT未確認
23,2105915,無床診療所,大樹寺内科クリニック,大樹寺内科クリニック,岡崎市大樹寺２－６－１,False,True,False,16-63列CT,,令和 7年10月 1日,CT確認・MRI未確認
23,2105956,無床診療所,かこ脳神経内科クリニック,かこ脳神経内科クリニック,岡崎市西蔵前町２－３－２,False,True,False,16-63列CT,,令和 8年 9月 1日,CT確認・MRI未確認
23,2202043,無床診療所,医療法人糖友会野村内科,医療法人糖友会野村内科,一宮市多加木３－４－３,False,True,False,4-15列CT,,平成25年 8月 1日,CT確認・MRI未確認
23,2202217,無床診療所,医療法人雄仁会 石黒クリニック,医療法人雄仁会　石黒クリニック,一宮市今伊勢町新神戸九反野６２,False,True,False,16-63列CT,,平成27年 8月 1日,CT確認・MRI未確認
23,2202274,無床診療所,おおやま内科,おおやま内科,一宮市大赤見八幡西５,False,True,False,16-63列CT,,令和 7年 5月13日,CT確認・MRI未確認
23,2203082,無床診療所,いくた内科クリニック,いくた内科クリニック,一宮市奥町三出１０４－１,False,True,False,16-63列CT,,令和 3年 4月 1日,CT確認・MRI未確認
23,2203173,無床診療所,とみつかクリニック,とみつかクリニック,一宮市富塚寸畑４,False,True,False,16-63列CT,,平成27年 1月 1日,CT確認・MRI未確認
23,2203264,無床診療所,あさいクリニック,あさいクリニック,一宮市今伊勢町宮後宮代１１－１,False,True,False,16-63列CT,,平成30年 7月 1日,CT確認・MRI未確認
23,2203447,無床診療所,大雄会クリニック,大雄会クリニック,一宮市大江１－３－２,False,True,False,16-63列CT,,平成24年 4月 1日,CT確認・MRI未確認
23,2203546,無床診療所,医療法人 愛礼会 松前内科医院,医療法人　愛礼会　松前内科医院,一宮市浅野紅楳野５０－１,False,True,False,16-63列CT,,平成29年 6月 1日,CT確認・MRI未確認
23,2203926,無床診療所,開明クリニック,開明クリニック,一宮市開明郷東３９,False,True,False,4-15列CT,,平成24年 8月 1日,CT確認・MRI未確認
23,2204338,無床診療所,いそむらファミリークリニック,いそむらファミリークリニック,一宮市丹羽古屋敷７２－１,False,True,False,16-63列CT,,平成29年11月 1日,CT確認・MRI未確認
23,2204692,無床診療所,節内科クリニック,節内科クリニック,一宮市森本１－１８－２３,False,True,False,16-63列CT,,平成26年10月 1日,CT確認・MRI未確認
23,2205178,無床診療所,医療法人悠彩会 森瀬内科,医療法人悠彩会　森瀬内科,一宮市牛野通１－２６,False,True,False,16-63列CT,,平成29年 1月 1日,CT確認・MRI未確認
23,2205236,無床診療所,みずの内科クリニック,みずの内科クリニック,一宮市西大海道宅美５１,False,True,False,16-63列CT,,令和 2年 7月 1日,CT確認・MRI未確認
23,2205343,無床診療所,きそがわ不破クリニック,きそがわ不破クリニック,一宮市木曽川町里小牧字寺東１７２,False,True,False,16-63列CT,,平成30年 6月 1日,CT確認・MRI未確認
23,2205442,無床診療所,いとう腎・泌尿器科クリニック,いとう腎・泌尿器科クリニック,一宮市浅野山林６７,False,True,False,16-63列CT,,令和元年 5月 1日,CT確認・MRI未確認
23,2205467,無床診療所,森中央クリニック,森中央クリニック,一宮市萩原町西宮重東光堂１８,False,True,False,16-63列CT,,平成31年 4月 1日,CT確認・MRI未確認
23,2205483,無床診療所,あらいファミリークリニック,あらいファミリークリニック,一宮市南小渕大日１３５,False,True,False,4-15列CT,,令和元年 6月11日,CT確認・MRI未確認
23,2205541,無床診療所,かみやファミリークリニック,かみやファミリークリニック,一宮市木曽川町門間沼奥１１６－１,False,True,False,16-63列CT,,令和 2年 1月 1日,CT確認・MRI未確認
23,2205806,無床診療所,あたまと内科のうえだクリニック,あたまと内科のうえだクリニック,一宮市浅野南之川３８,False,True,False,16-63列CT,,令和 4年12月 1日,CT確認・MRI未確認
23,2205855,無床診療所,おおすきクリニック,おおすきクリニック,一宮市今伊勢町馬寄北塚本１－１,False,True,False,16-63列CT,,令和 5年 5月 1日,CT確認・MRI未確認
23,2205863,無床診療所,しんりんクリニック,しんりんクリニック,一宮市柚木颪上ヶ田２－１,False,True,False,16-63列CT,,令和 7年 2月 1日,CT確認・MRI未確認
23,2206077,無床診療所,ＲＵＮクリニック,ＲＵＮクリニック,一宮市大毛五反田２６－１,False,True,False,16-63列CT,,令和 8年 2月 1日,CT確認・MRI未確認
23,2206119,無床診療所,かえでクリニック,かえでクリニック,一宮市千秋町小山城６６－６,False,False,True,,1.5-3T MRI,令和 8年 2月 1日,MRI確認・CT未確認
23,2206143,無床診療所,あさひ内科・小児科クリニック,あさひ内科・小児科クリニック,一宮市瀬部小山６－１,False,True,False,16-63列CT,,令和 8年 4月 1日,CT確認・MRI未確認
23,2300946,無床診療所,おいわけクリニック,おいわけクリニック,瀬戸市西追分町１１３,False,True,False,16-63列CT,,令和元年11月 1日,CT確認・MRI未確認
23,2301084,無床診療所,浅野整形外科医院,浅野整形外科医院,瀬戸市幡野町２,False,True,True,16-63列CT,1.5-3T MRI,令和元年10月 1日,CT+MRI確認
23,2301159,無床診療所,ひがしの医院,ひがしの医院,瀬戸市赤重町１１－１,False,True,False,16-63列CT,,平成28年 2月 1日,CT確認・MRI未確認
23,2301332,無床診療所,医療法人宏和会あさいクリニック,医療法人宏和会あさいクリニック,瀬戸市東権現町３,False,True,False,16-63列CT,,令和 5年 1月 1日,CT確認・MRI未確認
23,2301621,無床診療所,山手クリニック,山手クリニック,瀬戸市山手町２８３－１,False,True,False,16-63列CT,,令和 3年 3月 1日,CT確認・MRI未確認
23,2301753,無床診療所,水野クリニック,水野クリニック,瀬戸市小田妻町１－１９０－２,False,True,False,16-63列CT,,令和 5年 9月 1日,CT確認・MRI未確認
23,2301761,無床診療所,瀬戸たかはし内科呼吸器内科クリニック,瀬戸たかはし内科呼吸器内科クリニック,瀬戸市菱野町２４５,False,True,False,16-63列CT,,令和 6年 2月 1日,CT確認・MRI未確認
23,2301795,無床診療所,瀬戸みずの坂内科クリニック,瀬戸みずの坂内科クリニック,瀬戸市みずの坂４－１　クリエイトＳ・Ｄ瀬戸みずの坂店１階,False,True,False,16-63列CT,,令和 6年 6月 1日,CT確認・MRI未確認
23,2301811,無床診療所,たかやま内科・消化器内視鏡クリニック,たかやま内科・消化器内視鏡クリニック,瀬戸市高根町２－８３－１,False,True,False,16-63列CT,,令和 8年 2月 1日,CT確認・MRI未確認
23,2400993,無床診療所,医療法人青山外科,医療法人青山外科,半田市青山２－２１－１０,False,True,False,16-63列CT,,平成26年 9月 1日,CT確認・MRI未確認
23,2401009,無床診療所,医療法人知多クリニック,医療法人知多クリニック,半田市本町７－２０,False,True,False,16-63列CT,,平成24年 4月 1日,CT確認・MRI未確認
23,2401298,無床診療所,あべクリニック,あべクリニック,半田市南大矢知町２ー４１ー１,False,True,False,16-63列CT,,平成27年 6月 1日,CT確認・MRI未確認
23,2401512,無床診療所,小出クリニック,小出クリニック,半田市亀崎常盤町３－１０７,False,True,False,16-63列CT,,平成26年 6月 1日,CT確認・MRI未確認
23,2401595,無床診療所,一般社団法人半田市医師会健康管理センター雁宿支所,一般社団法人半田市医師会健康管理センター雁宿支所,半田市雁宿町１－５４－１,False,False,True,,1.5-3T MRI,平成24年 4月 1日,MRI確認・CT未確認
23,2401603,無床診療所,一般社団法人半田市医師会健康管理センター,一般社団法人半田市医師会健康管理センター,半田市神田町１－１,False,True,True,16-63列CT,1.5-3T MRI,令和 2年 4月 1日,CT+MRI確認
23,2401942,無床診療所,かみいけクリニック,かみいけクリニック,半田市大高町２－５１,False,True,False,16-63列CT,,平成27年 5月 1日,CT確認・MRI未確認
23,2402015,無床診療所,一般社団法人半田市医師会健康管理センター 緑ヶ丘支所,一般社団法人半田市医師会健康管理センター　緑ヶ丘支所,半田市緑ケ丘３－２－１,False,True,True,16-63列CT,1.5-3T MRI,平成29年 7月 1日,CT+MRI確認
23,2402080,無床診療所,アトラスファミリークリニック,アトラスファミリークリニック,半田市岩滑西町２－１１２－１,False,True,False,16-63列CT,,令和 2年 4月 1日,CT確認・MRI未確認
23,2402098,無床診療所,はんだ脳神経内科クリニック,はんだ脳神経内科クリニック,半田市青山５－１－５,False,False,True,,1.5-3T MRI,令和 2年 8月 1日,MRI確認・CT未確認
23,2501923,無床診療所,医療法人 さかきばらクリニック,医療法人　さかきばらクリニック,春日井市如意申町１－１０－１３,False,True,False,16-63列CT,,平成24年 8月 1日,CT確認・MRI未確認
23,2502236,無床診療所,灰本クリニック,灰本クリニック,春日井市弥生町１－８０,False,True,False,16-63列CT,,平成24年 4月 1日,CT確認・MRI未確認
23,2502772,無床診療所,白山外科クリニック,白山外科クリニック,春日井市白山町５－２１－８,False,True,False,16-63列CT,,平成26年 9月 1日,CT確認・MRI未確認
23,2502830,無床診療所,藤山台診療所,藤山台診療所,春日井市藤山台３－１－５,False,True,False,16-63列CT,,令和 4年 3月 1日,CT確認・MRI未確認
23,2503077,無床診療所,おおのクリニック,おおのクリニック,春日井市篠木町６－４－１,False,False,True,,1.5-3T MRI,平成29年 1月 1日,MRI確認・CT未確認
23,2503689,無床診療所,アベクリニック,アベクリニック,春日井市篠木町６－２－４,False,True,False,16-63列CT,,令和 4年 7月 1日,CT確認・MRI未確認
23,2503846,無床診療所,かとう内科クリニック,かとう内科クリニック,春日井市割塚町１９６,False,True,False,16-63列CT,,平成25年11月 1日,CT確認・MRI未確認
23,2503994,無床診療所,服部クリニック,服部クリニック,春日井市松本町１－３－７,False,True,False,4-15列CT,,平成24年 4月 1日,CT確認・MRI未確認
23,2504117,無床診療所,きたしろ整形外科,きたしろ整形外科,春日井市北城町４－１５２１－１,False,True,False,16-63列CT,,令和 4年10月 1日,CT確認・MRI未確認
23,2504315,無床診療所,たけだクリニック整形外科・内科,たけだクリニック整形外科・内科,春日井市小野町５－８９－６,False,True,True,16-63列CT,1.5-3T MRI,平成28年10月 1日,CT+MRI確認
23,2504364,無床診療所,まつした整形外科,まつした整形外科,春日井市篠木町２－６－１,False,False,True,,1.5-3T MRI,令和 8年 2月 1日,MRI確認・CT未確認
23,2504414,無床診療所,寺西心臓血管クリニック,寺西心臓血管クリニック,春日井市南下原町４－８－４,False,True,False,16-63列CT,,平成29年10月 1日,CT確認・MRI未確認
23,2504463,無床診療所,田島クリニック,田島クリニック,春日井市石尾台５－８－８,False,True,False,16-63列CT,,令和元年 7月 1日,CT確認・MRI未確認
23,2504513,無床診療所,医療法人ＨＡＲＵＭＩ 春見あおいクリニック,医療法人ＨＡＲＵＭＩ　春見あおいクリニック,春日井市春見町５６－５,False,True,False,16-63列CT,,令和 3年 1月 1日,CT確認・MRI未確認
23,2504588,無床診療所,勝川脳神経クリニック,勝川脳神経クリニック,春日井市勝川新町２－１５８,False,True,True,16-63列CT,1.5-3T MRI,令和元年 7月 1日,CT+MRI確認
23,2504703,無床診療所,やないクリニック,やないクリニック,春日井市南下原町２－２－１５,False,True,False,16-63列CT,,令和 2年 8月 1日,CT確認・MRI未確認
23,2504752,無床診療所,春日井みずほクリニック,春日井みずほクリニック,春日井市西山町３－１９－８,False,True,False,16-63列CT,,令和 3年 3月 1日,CT確認・MRI未確認
23,2504844,無床診療所,かすがい関節・スポーツ整形外科いたみのクリニック,かすがい関節・スポーツ整形外科いたみのクリニック,春日井市大手町４－７－１,False,False,True,,1.5-3T MRI,令和 5年11月 1日,MRI確認・CT未確認
23,2504851,無床診療所,かすがい内科 咳と頭痛と生活習慣病,かすがい内科　咳と頭痛と生活習慣病,春日井市南下原町３－１２－１０,False,True,False,16-63列CT,,令和 6年 4月 1日,CT確認・MRI未確認
23,2504927,無床診療所,ひじかた内科・消化器内科クリニック,ひじかた内科・消化器内科クリニック,春日井市高山町１－１８－５,False,True,False,16-63列CT,,令和 7年 2月 1日,CT確認・MRI未確認
23,2504992,無床診療所,ブレインランドクリニック春日井,ブレインランドクリニック春日井,春日井市大留町９－３－２,False,True,False,16-63列CT,,令和 7年 6月 2日,CT確認・MRI未確認
23,2601566,無床診療所,医療法人社団卓和会 しらゆりクリニック,医療法人社団卓和会　しらゆりクリニック,豊川市大堀町７７,False,True,False,16-63列CT,,令和 5年 2月 1日,CT確認・MRI未確認
23,2601731,無床診療所,医療法人安形医院,医療法人安形医院,豊川市一宮町泉１４０,False,True,True,16-63列CT,1.5-3T MRI,令和 4年 5月 1日,CT+MRI確認
23,2601830,無床診療所,こじま内科クリニック,こじま内科クリニック,豊川市八幡町上宿７５－５,False,True,False,16-63列CT,,令和 2年 4月 1日,CT確認・MRI未確認
23,2602150,無床診療所,丹羽クリニック,丹羽クリニック,豊川市諏訪４－２００,False,True,False,16-63列CT,,令和元年11月 1日,CT確認・MRI未確認
23,2602176,無床診療所,大竹内科クリニック,大竹内科クリニック,豊川市蔵子６－１４－３,False,True,False,16-63列CT,,平成26年11月 1日,CT確認・MRI未確認
23,2602267,無床診療所,医療法人鳳紀会 豊川脳神経外科クリニック,医療法人鳳紀会　豊川脳神経外科クリニック,豊川市四ツ谷町３－１０５,False,True,True,16-63列CT,1.5-3T MRI,平成29年10月 1日,CT+MRI確認
23,2700889,無床診療所,ジュンクリニック,ジュンクリニック,津島市大和町２－７６－１,False,True,False,16-63列CT,,令和 2年 4月 1日,CT確認・MRI未確認
23,2701036,無床診療所,奥村クリニック,奥村クリニック,津島市申塚町１－１２２,False,True,False,16-63列CT,,平成24年 4月 1日,CT確認・MRI未確認
23,2701176,無床診療所,あいち健康クリニック,あいち健康クリニック,津島市藤里町２－５,False,True,True,16-63列CT,1.5-3T MRI,令和 6年 4月 1日,CT+MRI確認
23,2701218,無床診療所,平井クリニック,平井クリニック,津島市高台寺町茶木原５９,False,True,False,16-63列CT,,平成29年 1月 1日,CT確認・MRI未確認
23,2701234,無床診療所,ひだかファミリークリニック,ひだかファミリークリニック,津島市東柳原町４－１９－１,False,True,False,16-63列CT,,平成31年 3月 1日,CT確認・MRI未確認
23,2701242,無床診療所,つしまセントラルクリニック,つしまセントラルクリニック,津島市今市場町２－４１－２,False,True,False,16-63列CT,,令和 2年 4月 1日,CT確認・MRI未確認
23,2701259,無床診療所,しらはま整形外科皮膚科クリニック,しらはま整形外科皮膚科クリニック,津島市白浜町平堤７４－１,False,False,True,,1.5-3T MRI,令和 3年 2月 1日,MRI確認・CT未確認
23,2701283,無床診療所,はせ川外科,はせ川外科,津島市神守町古道３４,False,True,False,16-63列CT,,令和 5年 4月 1日,CT確認・MRI未確認
23,2701333,無床診療所,いけむら脳神経クリニック,いけむら脳神経クリニック,津島市神尾町江西４５,False,False,True,,1.5-3T MRI,令和 8年 2月 1日,MRI確認・CT未確認
23,2800796,無床診療所,医療法人作塚杉浦クリニック,医療法人作塚杉浦クリニック,碧南市作塚町３－１０,False,False,True,,1.5-3T MRI,令和 8年 5月 1日,MRI確認・CT未確認
23,2800861,無床診療所,もぎ内科クリニック,もぎ内科クリニック,碧南市中山町１－２５,False,True,False,16-63列CT,,平成27年10月 1日,CT確認・MRI未確認
23,2800952,無床診療所,碧南整形外科,碧南整形外科,碧南市緑町２－７０,False,False,True,,1.5-3T MRI,令和 6年 5月 1日,MRI確認・CT未確認
23,2800978,無床診療所,へきなん中央クリニック,へきなん中央クリニック,碧南市栄町１－４４,False,True,False,16-63列CT,,令和 5年10月 1日,CT確認・MRI未確認
23,2800994,無床診療所,碧南さとう整形外科リウマチ科,碧南さとう整形外科リウマチ科,碧南市荒居町５－８９－１,False,False,True,,1.5-3T MRI,令和 6年 4月 1日,MRI確認・CT未確認
23,2901016,無床診療所,平野クリニック,平野クリニック,刈谷市高須町坤４０－２,False,True,True,4-15列CT,1.5-3T MRI,平成27年 4月 1日,CT+MRI確認
23,2901743,無床診療所,碧海中央クリニック,碧海中央クリニック,刈谷市野田町新上納３００－１,False,True,True,16-63列CT,1.5-3T MRI,令和 6年12月 1日,CT+MRI確認
23,2901867,無床診療所,痛みとあたまの刈谷クリニック,痛みとあたまの刈谷クリニック,刈谷市若松町２－１０１　みなくる刈谷ＳＣ２階２５,False,True,False,16-63列CT,,令和 4年 2月 1日,CT確認・MRI未確認
23,2902022,無床診療所,こんどう整形外科,こんどう整形外科,刈谷市東刈谷町２－１２－８,False,False,True,,1.5-3T MRI,令和 8年 4月 1日,MRI確認・CT未確認
23,3001345,無床診療所,医療法人泉会 細野クリニック,医療法人泉会　細野クリニック,豊田市曙町２－２１,False,True,False,16-63列CT,,平成30年 1月 1日,CT確認・MRI未確認
23,3001592,無床診療所,医療法人豊昌会豊田健康管理クリニック,医療法人豊昌会豊田健康管理クリニック,豊田市竜神町新生１５１－２,False,True,False,4-15列CT,,平成24年 4月 1日,CT確認・MRI未確認
23,3001618,無床診療所,医療法人平吹医院,医療法人平吹医院,豊田市鴛鴨町小畔屋敷１３０－１,False,True,False,16-63列CT,,平成29年 6月 1日,CT確認・MRI未確認
23,3002657,無床診療所,浅井クリニック,浅井クリニック,豊田市中根町永池１７５－１,False,True,False,16-63列CT,,令和 4年 1月 1日,CT確認・MRI未確認
23,3003168,無床診療所,山之手痛みと内科のクリニック,山之手痛みと内科のクリニック,豊田市丸山町８－２５,False,True,False,16-63列CT,,令和 3年11月 1日,CT確認・MRI未確認
23,3003846,無床診療所,山田醫院,山田醫院,豊田市武節町ソト田８０－２,False,True,False,16-63列CT,,平成24年11月 1日,CT確認・MRI未確認
23,3003945,無床診療所,あんどう内科皮フ科クリニック,あんどう内科皮フ科クリニック,豊田市広田町西山７６－１,False,True,False,16-63列CT,,平成26年 5月 1日,CT確認・MRI未確認
23,3004406,無床診療所,はやしファミリークリニック,はやしファミリークリニック,豊田市丸山町３－２０－１,False,True,False,16-63列CT,,令和元年 9月 1日,CT確認・MRI未確認
23,3004448,無床診療所,なかねクリニック,なかねクリニック,豊田市梅坪町８－３－９,False,False,True,,1.5-3T MRI,令和 2年 3月 1日,MRI確認・CT未確認
23,3004547,無床診療所,やまだ泌尿器科クリニック,やまだ泌尿器科クリニック,豊田市新町４－３４－１,False,True,False,16-63列CT,,令和 3年 2月 1日,CT確認・MRI未確認
23,3004737,無床診療所,さなげクリニック,さなげクリニック,豊田市井上町４－１４１,False,True,False,16-63列CT,,令和 5年 1月 1日,CT確認・MRI未確認
23,3004786,無床診療所,入谷Ｋ脳神経外科クリニック,入谷Ｋ脳神経外科クリニック,豊田市司町５－４０－１,False,True,True,16-63列CT,1.5-3T MRI,令和 5年10月 1日,CT+MRI確認
23,3004794,無床診療所,むつおクリニック,むつおクリニック,豊田市浄水町伊保原１７３－１,False,True,True,16-63列CT,1.5-3T MRI,令和 5年10月 1日,CT+MRI確認
23,3004836,無床診療所,こばやし腎・泌尿器科クリニック,こばやし腎・泌尿器科クリニック,豊田市河合町５－１５－１,False,True,False,16-63列CT,,令和 6年10月 1日,CT確認・MRI未確認
23,3004943,無床診療所,まつもと内科・消化器クリニック,まつもと内科・消化器クリニック,豊田市四郷町森前南５－５,False,True,False,16-63列CT,,令和 7年 9月 1日,CT確認・MRI未確認
23,3004976,無床診療所,とくやま桜クリニック,とくやま桜クリニック,豊田市桝塚東町寺前１４－１,False,True,False,16-63列CT,,令和 7年12月 1日,CT確認・MRI未確認
23,3101681,無床診療所,わたべクリニック,わたべクリニック,安城市東栄町２－５０４－１,False,True,False,16-63列CT,,平成24年10月 1日,CT確認・MRI未確認
23,3101871,無床診療所,三河安城クリニック,三河安城クリニック,安城市相生町１４－１４,False,True,True,16-63列CT,1.5-3T MRI,平成27年 4月 1日,CT+MRI確認
23,3102002,無床診療所,みうらクリニック,みうらクリニック,安城市里町阿賀多７５－１,False,True,False,16-63列CT,,令和 2年10月 1日,CT確認・MRI未確認
23,3102044,無床診療所,アイエムクリニック・安城,アイエムクリニック・安城,安城市篠目町１－１１－１６,False,True,False,4-15列CT,,平成24年 6月 1日,CT確認・MRI未確認
23,3102416,無床診療所,安城真クリニック,安城真クリニック,安城市安城町荒下５－５,False,True,False,16-63列CT,,令和 3年 7月 1日,CT確認・MRI未確認
23,3102424,無床診療所,文堂脳神経外科クリニック,文堂脳神経外科クリニック,安城市福釜町蓬野１４９－１,False,False,True,,1.5-3T MRI,令和 4年 2月 1日,MRI確認・CT未確認
23,3102465,無床診療所,いちかわメディカルクリニック,いちかわメディカルクリニック,安城市新田町新栄８５－１,False,True,False,16-63列CT,,令和 4年 5月 1日,CT確認・MRI未確認
23,3200707,無床診療所,なかざわ記念クリニック,なかざわ記念クリニック,西尾市寄住町洲田２０－１,False,False,True,,1.5-3T MRI,平成27年 2月 1日,MRI確認・CT未確認
23,3201168,無床診療所,すずきクリニック,すずきクリニック,西尾市矢曽根町赤地８８,False,True,False,16-63列CT,,平成28年 5月 1日,CT確認・MRI未確認
23,3201663,無床診療所,おのだクリニック,おのだクリニック,西尾市西幡豆町三反田５７,False,True,False,4-15列CT,,平成26年 5月 1日,CT確認・MRI未確認
23,3201796,無床診療所,酒井クリニック,酒井クリニック,西尾市西幡豆町寺後３５－１,False,True,False,4-15列CT,,令和 2年 9月 1日,CT確認・MRI未確認
23,3201853,無床診療所,吉良内科,吉良内科,西尾市吉良町下横須賀柳原１,False,True,False,16-63列CT,,令和 8年 8月 1日,CT確認・MRI未確認
23,3201937,無床診療所,１３あさいクリニック,１３あさいクリニック,西尾市戸ケ崎２－１５－１６,False,True,False,16-63列CT,,令和 7年 5月 1日,CT確認・MRI未確認
23,3301083,無床診療所,畑川クリニック,畑川クリニック,蒲郡市拾石町前浜４０ー１３,False,True,False,16-63列CT,,平成29年 4月 1日,CT確認・MRI未確認
23,3301398,無床診療所,こんどうクリニック,こんどうクリニック,蒲郡市鹿島町深田２２－１,False,True,False,4-15列CT,,平成26年 4月 1日,CT確認・MRI未確認
23,3301497,無床診療所,はたのクリニック,はたのクリニック,蒲郡市港町２０－１４,False,True,False,16-63列CT,,平成27年 4月 1日,CT確認・MRI未確認
23,3301646,無床診療所,オリエンタル蒲郡健診センター,オリエンタル蒲郡健診センター,蒲郡市海陽町２－２,False,True,False,16-63列CT / 4-15列CT,,平成29年12月 1日,CT確認・MRI未確認
23,3301836,無床診療所,かんだ消化器内科,かんだ消化器内科,蒲郡市一色町西山６－１,False,True,True,16-63列CT,1.5-3T MRI,令和 3年 6月 1日,CT+MRI確認
23,3400984,無床診療所,くわばらクリニック,くわばらクリニック,犬山市塔野地北４－１４－１,False,True,False,16-63列CT,,令和 2年 4月 1日,CT確認・MRI未確認
23,3401198,無床診療所,吉田内科クリニック,吉田内科クリニック,犬山市梅坪１－１１－１,False,True,False,16-63列CT,,令和 6年 3月 1日,CT確認・MRI未確認
23,3500403,無床診療所,医療法人健幸会伊藤クリニック,医療法人健幸会伊藤クリニック,常滑市市場町１－４５,False,True,False,16-63列CT,,平成29年 7月 1日,CT確認・MRI未確認
23,3500916,無床診療所,たてやまクリニック,たてやまクリニック,常滑市小倉町３－２６４,False,True,True,16-63列CT,1.5-3T MRI,令和 4年 7月 1日,CT+MRI確認
23,3600641,無床診療所,水谷内科,水谷内科,江南市上奈良町栄１１０,False,True,False,4-15列CT,,平成24年 6月 1日,CT確認・MRI未確認
23,3600807,無床診療所,平成クリニック,平成クリニック,江南市尾崎町上田９５,False,False,True,,1.5-3T MRI,平成29年11月 1日,MRI確認・CT未確認
23,3601094,無床診療所,上田整形外科,上田整形外科,江南市宮後町船渡１２３,False,False,True,,1.5-3T MRI,令和 2年11月 1日,MRI確認・CT未確認
23,3601458,無床診療所,ゆたかハートクリニック,ゆたかハートクリニック,江南市高屋町八幡１９,False,True,False,16-63列CT,,平成30年11月 1日,CT確認・MRI未確認
23,3601557,無床診療所,やまもとファミリークリニック,やまもとファミリークリニック,江南市東野町神田１９０－１,False,True,False,16-63列CT,,令和 5年 8月 1日,CT確認・MRI未確認
23,3601607,無床診療所,あかどうじクリニック,あかどうじクリニック,江南市赤童子町白山１５３－１,False,True,False,16-63列CT,,令和 7年 4月 1日,CT確認・MRI未確認
23,3601664,無床診療所,キトキトクリニック,キトキトクリニック,江南市村久野町金森１５５,False,True,False,16-63列CT,,令和 8年 9月 1日,CT確認・MRI未確認
23,3800530,無床診療所,舟橋外科クリニック,舟橋外科クリニック,小牧市外堀２－２２９,False,True,False,16-63列CT,,平成30年 7月 1日,CT確認・MRI未確認
23,3800571,無床診療所,医療法人柳雪会江崎外科内科,医療法人柳雪会江崎外科内科,小牧市曙町７０,False,True,False,16-63列CT,,平成24年 4月 1日,CT確認・MRI未確認
23,3801116,無床診療所,浅野外科内科,浅野外科内科,小牧市小牧原１－４０５,False,True,False,16-63列CT,,令和 3年 4月 1日,CT確認・MRI未確認
23,3801355,無床診療所,医療法人喜光会北里クリニック,医療法人喜光会北里クリニック,小牧市小木西３－５３,False,True,False,16-63列CT,,平成28年 7月 1日,CT確認・MRI未確認
23,3801496,無床診療所,もとまちクリニック,もとまちクリニック,小牧市元町１－４０,False,True,False,16-63列CT,,平成31年 4月 1日,CT確認・MRI未確認
23,3801652,無床診療所,医療法人啓生会 小木南クリニック,医療法人啓生会　小木南クリニック,小牧市小木南２－２９,False,True,False,16-63列CT,,平成27年 4月 1日,CT確認・MRI未確認
23,3801827,無床診療所,ふかつ泌尿器科・皮ふ科クリニック,ふかつ泌尿器科・皮ふ科クリニック,小牧市北外山神田１５７９,False,True,False,4-15列CT,,令和 3年 1月 1日,CT確認・MRI未確認
23,3801926,無床診療所,ＤＯＩ ＣＬＩＮＩＣ,ＤＯＩ　ＣＬＩＮＩＣ,小牧市藤島町鏡池７２,False,True,False,16-63列CT,,令和 5年 9月11日,CT確認・MRI未確認
23,3801991,無床診療所,小牧いとう整形外科,小牧いとう整形外科,小牧市久保一色９２９－１,False,False,True,,1.5-3T MRI,令和 8年 2月 1日,MRI確認・CT未確認
23,3802015,無床診療所,はたのクリニック,はたのクリニック,小牧市東田中北反田２０１１,False,True,False,16-63列CT,,令和 8年 8月 1日,CT確認・MRI未確認
23,3900553,無床診療所,医療法人芙蓉会田中医院,医療法人芙蓉会田中医院,稲沢市西町２－２－７,False,True,False,16-63列CT,,平成24年 4月 1日,CT確認・MRI未確認
23,3900777,無床診療所,稲沢クリニック,稲沢クリニック,稲沢市高御堂４－１－１,False,True,False,16-63列CT,,令和 3年 1月11日,CT確認・MRI未確認
23,3901171,無床診療所,医療法人佳信会尾張西クリニック,医療法人佳信会尾張西クリニック,稲沢市平和町須ケ谷馬橋７１２－３,False,True,False,16-63列CT,,平成30年12月 1日,CT確認・MRI未確認
23,3901254,無床診療所,荒尾内科・耳鼻咽喉科,荒尾内科・耳鼻咽喉科,稲沢市梅須賀町７－３１,False,True,False,16-63列CT,,平成24年 7月 1日,CT確認・MRI未確認
23,3901338,無床診療所,医療法人谷医院,医療法人谷医院,稲沢市井之口北畑町２３２,False,True,False,4-15列CT,,平成26年 4月 1日,CT確認・MRI未確認
23,3901429,無床診療所,稲垣医院,稲垣医院,稲沢市井之口大宮町８５,False,True,False,16-63列CT,,令和 5年 2月 1日,CT確認・MRI未確認
23,3901577,無床診療所,オリーブ内科クリニック,オリーブ内科クリニック,稲沢市正明寺３－１９１,False,True,False,16-63列CT,,令和 4年11月 1日,CT確認・MRI未確認
23,3901619,無床診療所,根木クリニック,根木クリニック,稲沢市平和町下起南１４６－１,False,True,False,16-63列CT,,令和元年10月 1日,CT確認・MRI未確認
23,3901924,無床診療所,明誠クリニック,明誠クリニック,稲沢市日下部南町１－１－１,False,True,False,16-63列CT,,令和 7年 3月 1日,CT確認・MRI未確認
23,3901973,無床診療所,みんなの森ファミリークリニック,みんなの森ファミリークリニック,稲沢市奥田白山町４７－１,False,True,False,16-63列CT,,令和 7年10月 1日,CT確認・MRI未確認
23,4000684,無床診療所,内山医院,内山医院,新城市平井新栄２－１,False,True,False,16-63列CT,,平成28年 2月 1日,CT確認・MRI未確認
23,4000783,無床診療所,泌尿器科おぐろクリニック,泌尿器科おぐろクリニック,新城市富永新栄８－１,False,True,False,16-63列CT,,令和 6年10月 1日,CT確認・MRI未確認
23,4100997,無床診療所,じんのクリニック,じんのクリニック,東海市荒尾町寿鎌９８,False,True,True,16-63列CT,1.5-3T MRI,令和 8年 8月 1日,CT+MRI確認
23,4101094,無床診療所,まつしまクリニック,まつしまクリニック,東海市横須賀町四ノ割１１,False,True,False,16-63列CT,,平成27年 7月 1日,CT確認・MRI未確認
23,4101342,無床診療所,おおすが整形外科,おおすが整形外科,東海市加木屋町竹ケ谷１１７,False,True,False,16-63列CT,,令和元年12月 1日,CT確認・MRI未確認
23,4101391,無床診療所,加木屋脳神経内科クリニック,加木屋脳神経内科クリニック,東海市加木屋町大堀２０－１,False,True,False,16-63列CT,,平成28年 9月 1日,CT確認・MRI未確認
23,4101599,無床診療所,さんのうメディカルクリニック,さんのうメディカルクリニック,東海市荒尾町山王前１６８,False,False,True,,1.5-3T MRI,令和 7年 2月 1日,MRI確認・CT未確認
23,4101623,無床診療所,太田川オレンジクリニック,太田川オレンジクリニック,東海市大田町汐田１０６２,False,True,False,16-63列CT,,令和 7年 8月 1日,CT確認・MRI未確認
23,4201100,無床診療所,いみずクリニック,いみずクリニック,大府市長根町１－８３－３,False,True,True,16-63列CT,1.5-3T MRI,令和 2年 7月 1日,CT+MRI確認
23,4201159,無床診療所,せんだ内科・外科クリニック,せんだ内科・外科クリニック,大府市長草町田面１６０－１,False,True,False,16-63列CT,,令和 3年 9月 1日,CT確認・MRI未確認
23,4201167,無床診療所,てらだ内科クリニック,てらだ内科クリニック,大府市横根町名高山２４,False,True,False,16-63列CT,,令和 4年 5月 1日,CT確認・MRI未確認
23,4201225,無床診療所,よこね町内科呼吸器科クリニック,よこね町内科呼吸器科クリニック,大府市横根町平子３９－１,False,True,False,16-63列CT,,令和 7年10月 1日,CT確認・MRI未確認
23,4201241,無床診療所,大府うららクリニック,大府うららクリニック,大府市共西町４－４８７,False,True,False,16-63列CT,,令和 8年 6月 1日,CT確認・MRI未確認
23,4300597,無床診療所,平クリニック,平クリニック,知多市旭３－１００,False,True,False,16-63列CT,,令和 4年 4月 1日,CT確認・MRI未確認
23,4300613,無床診療所,クリニックひらまつ,クリニックひらまつ,知多市岡田越地７－１５,False,True,False,16-63列CT,,令和 2年12月 1日,CT確認・MRI未確認
23,4300860,無床診療所,こしむらエールクリニック,こしむらエールクリニック,知多市日長東田２－２９－１,False,True,False,16-63列CT,,令和 7年 5月 1日,CT確認・MRI未確認
23,4400462,無床診療所,いわせ外科クリニック,いわせ外科クリニック,知立市西町新川１－３,False,True,False,16-63列CT,,平成29年10月 1日,CT確認・MRI未確認
23,4400728,無床診療所,大山クリニック,大山クリニック,知立市南陽２－４８,False,True,False,16-63列CT,,平成24年 9月 1日,CT確認・MRI未確認
23,4400819,無床診療所,高野ウエルネス内科医院,高野ウエルネス内科医院,知立市宝２－１０－１０,False,True,False,16-63列CT,,令和 3年 6月 1日,CT確認・MRI未確認
23,4400827,無床診療所,よだ整形外科,よだ整形外科,知立市上重原町城後６３－５,False,True,False,16-63列CT,,令和 3年10月 1日,CT確認・MRI未確認
23,4500857,無床診療所,あらかわ医院,あらかわ医院,尾張旭市大久手町中松原３９,False,True,True,16-63列CT,1.5-3T MRI,令和 4年11月 1日,CT+MRI確認
23,4500923,無床診療所,ひでき・ゆかりクリニック,ひでき・ゆかりクリニック,尾張旭市南本地ケ原町２－１４,False,True,False,16-63列CT,,平成27年11月 1日,CT確認・MRI未確認
23,4500956,無床診療所,旭街道にしかわ内科クリニック,旭街道にしかわ内科クリニック,尾張旭市北山町六反田２１,False,True,False,16-63列CT,,令和 8年 5月 1日,CT確認・MRI未確認
23,4500964,無床診療所,医療法人大岩医院,医療法人大岩医院,尾張旭市三郷町陶栄１０３,False,True,False,16-63列CT,,平成30年 3月 1日,CT確認・MRI未確認
23,4501012,無床診療所,いながきクリニック,いながきクリニック,尾張旭市根の鼻町１－２－９,False,True,False,16-63列CT,,平成26年 6月 1日,CT確認・MRI未確認
23,4501111,無床診療所,あさひ内科,あさひ内科,尾張旭市北本地ケ原町３－１２５,False,True,False,16-63列CT,,令和 5年 1月 1日,CT確認・MRI未確認
23,4501202,無床診療所,庄南内科,庄南内科,尾張旭市庄南町４－１１２－１,False,True,False,4-15列CT,,平成25年 2月 1日,CT確認・MRI未確認
23,4501392,無床診療所,尾張旭にいのみ内科消化器内科クリニック,尾張旭にいのみ内科消化器内科クリニック,尾張旭市城前町１－１０－１２,False,True,False,16-63列CT,,令和 4年 4月 1日,CT確認・MRI未確認
23,4501418,無床診療所,あさひの森 内科消化器クリニック,あさひの森　内科消化器クリニック,尾張旭市南栄町旭ケ丘６４－２,False,True,False,16-63列CT,,令和 5年 2月 1日,CT確認・MRI未確認
23,4501434,無床診療所,あさひの森整形外科リハビリクリニック,あさひの森整形外科リハビリクリニック,尾張旭市南栄町旭ケ丘６４－１,False,False,True,,1.5-3T MRI,令和 6年10月 4日,MRI確認・CT未確認
23,4501442,無床診療所,尾張旭いなもり整形外科,尾張旭いなもり整形外科,尾張旭市渋川町２－７－５,False,False,True,,1.5-3T MRI,令和 7年11月 1日,MRI確認・CT未確認
23,4501475,無床診療所,尾張旭駅北 かみむら内科ハートクリニック,尾張旭駅北　かみむら内科ハートクリニック,尾張旭市東大道町原田２－１,False,True,False,16-63列CT,,令和 8年 5月 1日,CT確認・MRI未確認
23,4700457,無床診療所,かみのクリニック,かみのクリニック,岩倉市神野町平久田７０,False,True,False,16-63列CT,,令和 3年 9月 1日,CT確認・MRI未確認
23,4700481,無床診療所,ませきクリニック,ませきクリニック,岩倉市下本町下市場１３５,False,True,False,16-63列CT,,平成29年10月 1日,CT確認・MRI未確認
23,4700549,無床診療所,おしたにクリニック,おしたにクリニック,岩倉市稲荷町高畑８,False,True,False,4-15列CT,,平成24年 4月 1日,CT確認・MRI未確認
23,4800570,無床診療所,中京サテライトクリニック,中京サテライトクリニック,豊明市沓掛町石畑１８０－１,False,True,True,16-63列CT,1.5-3T MRI,平成26年 3月 1日,CT+MRI確認
23,4800620,無床診療所,医療法人 豊明クリニック,医療法人　豊明クリニック,豊明市新栄町２－１３３,False,True,False,16-63列CT,,平成29年10月30日,CT確認・MRI未確認
23,4800711,無床診療所,医療法人成田内科循環器科,医療法人成田内科循環器科,豊明市沓掛町荒井１１－５,False,True,False,16-63列CT,,令和 3年12月 1日,CT確認・MRI未確認
23,4800760,無床診療所,すずき内科クリニック,すずき内科クリニック,豊明市三崎町高鴨５－９,False,True,False,4-15列CT,,平成24年 4月 1日,CT確認・MRI未確認
23,4800869,無床診療所,おおはらクリニック,おおはらクリニック,豊明市栄町　大根１－５９,False,True,False,4-15列CT,,平成28年 3月 1日,CT確認・MRI未確認
23,4800968,無床診療所,桜花クリニック,桜花クリニック,豊明市栄町武侍４１,False,True,True,16-63列CT,1.5-3T MRI,令和 8年 4月 1日,CT+MRI確認
23,4901188,無床診療所,中京スパインクリニック,中京スパインクリニック,日進市折戸町笠寺山５０－６,False,True,True,16-63列CT,1.5-3T MRI,令和元年12月 1日,CT+MRI確認
23,4901204,無床診療所,なしのきクリニック,なしのきクリニック,日進市折戸町梨子ノ木２８－６５１,False,True,False,16-63列CT,,令和 2年 4月 1日,CT確認・MRI未確認
23,4901451,無床診療所,かぐやま整形外科 痛みと運動のクリニック,かぐやま整形外科　痛みと運動のクリニック,日進市香久山４－２０１－４,False,False,True,,1.5-3T MRI,令和 7年 7月 1日,MRI確認・CT未確認
23,4901501,無床診療所,たなか呼吸器とぜんそくのクリニック,たなか呼吸器とぜんそくのクリニック,日進市蟹甲町浅間下６－１,False,True,False,16-63列CT,,令和 8年 5月 1日,CT確認・MRI未確認
23,5002044,無床診療所,愛知とうぶクリニック,愛知とうぶクリニック,愛知郡東郷町春木北野渕９－１,False,True,True,16-63列CT,1.5-3T MRI,令和元年 6月 1日,CT+MRI確認
23,5002101,無床診療所,みやけ整形外科,みやけ整形外科,愛知郡東郷町春木太子４５－１,False,False,True,,1.5-3T MRI,令和 5年 7月 1日,MRI確認・CT未確認
23,5201406,無床診療所,とよ山内科クリニック,とよ山内科クリニック,西春日井郡豊山町青山東川４６－２,False,True,False,16-63列CT,,平成25年10月 1日,CT確認・MRI未確認
23,5201463,無床診療所,わかばファミリークリニック,わかばファミリークリニック,西春日井郡豊山町豊場高前１８３－１,False,True,False,16-63列CT,,平成27年 7月 1日,CT確認・MRI未確認
23,5201513,無床診療所,杉山医院,杉山医院,西春日井郡豊山町豊場幸田２５－１,False,True,False,16-63列CT,,平成27年 4月 1日,CT確認・MRI未確認
23,5201521,無床診療所,なごやスポーツ＆リハビリクリニック,なごやスポーツ＆リハビリクリニック,西春日井郡豊山町豊場諏訪１３４－２,False,False,True,,1.5-3T MRI,令和 8年 2月 1日,MRI確認・CT未確認
23,5300562,無床診療所,かめいクリニック,かめいクリニック,丹羽郡扶桑町柏森長畑４６０,False,True,False,16-63列CT,,平成27年 3月 1日,CT確認・MRI未確認
23,5300885,無床診療所,ゆうゆう内科おなかクリニック,ゆうゆう内科おなかクリニック,丹羽郡扶桑町高雄郷東１９５－１,False,True,False,16-63列CT,,令和 5年 5月 1日,CT確認・MRI未確認
23,5300893,無床診療所,在宅医療ロータス,在宅医療ロータス,丹羽郡扶桑町斎藤東屋敷１５９,False,True,False,16-63列CT,,令和 6年 1月 1日,CT確認・MRI未確認
23,5601431,無床診療所,加藤胃腸科内科とびしまこどもクリニック,加藤胃腸科内科とびしまこどもクリニック,海部郡飛島村服岡４ー８,False,True,False,16-63列CT,,平成26年 1月 1日,CT確認・MRI未確認
23,5601662,無床診療所,医療法人 こうのう内科,医療法人　こうのう内科,海部郡大治町長牧中道１６５,False,True,False,16-63列CT,,令和 5年 4月 1日,CT確認・MRI未確認
23,5602413,無床診療所,梶原クリニック,梶原クリニック,海部郡蟹江町本町９－６,False,True,False,16-63列CT,,平成29年 5月 1日,CT確認・MRI未確認
23,5602835,無床診療所,すぎうらクリニック,すぎうらクリニック,海部郡蟹江町本町１１－３０,False,True,False,16-63列CT,,平成24年 4月 1日,CT確認・MRI未確認
23,5602967,無床診療所,やまだクリニック,やまだクリニック,海部郡蟹江町須成西市之坪１６１６－１,False,True,False,16-63列CT,,平成28年 2月 1日,CT確認・MRI未確認
23,5602975,無床診療所,成山ひだまりクリニック,成山ひだまりクリニック,海部郡蟹江町学戸１－３９,False,True,False,16-63列CT,,平成29年 8月 1日,CT確認・MRI未確認
23,5702429,無床診療所,ハーブ内科皮フ科,ハーブ内科皮フ科,知多郡阿久比町横松宮前６７,False,True,False,16-63列CT,,令和 5年 4月 1日,CT確認・MRI未確認
23,5702684,無床診療所,やまもとクリニック,やまもとクリニック,知多郡東浦町石浜西平地１７－２,False,True,False,16-63列CT,,平成24年 9月 1日,CT確認・MRI未確認
23,5703013,無床診療所,くめクリニック,くめクリニック,知多郡武豊町中山２－１２－９,False,True,False,16-63列CT,,平成29年 4月 1日,CT確認・MRI未確認
23,5703062,無床診療所,まつおか整形外科,まつおか整形外科,知多郡東浦町緒川大門二区３４－１,False,False,True,,1.5-3T MRI,令和 2年 2月 1日,MRI確認・CT未確認
23,5703112,無床診療所,やのクリニック,やのクリニック,知多郡美浜町北方３－１９,False,True,False,16-63列CT,,令和 6年11月 1日,CT確認・MRI未確認
23,5703146,無床診療所,はばたきファミリークリニック,はばたきファミリークリニック,知多郡東浦町森岡松原８４,False,True,False,16-63列CT,,令和 8年 9月 1日,CT確認・MRI未確認
23,6100854,無床診療所,たかもと内科クリニック,たかもと内科クリニック,みよし市福谷町壱丁田２－６,False,True,False,16-63列CT,,令和 3年 7月 1日,CT確認・MRI未確認
23,6101019,無床診療所,いしい外科三好クリニック,いしい外科三好クリニック,みよし市三好町中島３０－１,False,True,False,16-63列CT,,平成28年 4月 1日,CT確認・MRI未確認
23,6101027,無床診療所,たきざわ胃腸科外科,たきざわ胃腸科外科,みよし市三好町中島５５－２,False,True,False,16-63列CT,,平成30年 8月 1日,CT確認・MRI未確認
23,6101092,無床診療所,みよしうちだハートクリニック,みよしうちだハートクリニック,みよし市黒笹町前田１４－１,False,True,False,16-63列CT,,令和 7年 2月 1日,CT確認・MRI未確認
23,6300421,無床診療所,東栄町国民健康保険東栄診療所,東栄町国民健康保険東栄診療所,北設楽郡東栄町本郷大沼１－１,False,True,False,16-63列CT,,令和 4年11月 1日,CT確認・MRI未確認
23,7100358,無床診療所,津金医院,津金医院,田原市福江町下地４１,False,True,False,16-63列CT,,令和 3年11月 1日,CT確認・MRI未確認
23,7200109,無床診療所,かがクリニック,かがクリニック,愛西市大井町七川北５６,False,True,False,16-63列CT,,令和 7年10月 1日,CT確認・MRI未確認
23,7200257,無床診療所,医療法人彰和会おづクリニック,医療法人彰和会おづクリニック,愛西市小津町観音堂３,False,True,False,16-63列CT,,平成24年10月 1日,CT確認・MRI未確認
23,7200448,無床診療所,山田ファミリークリニック,山田ファミリークリニック,愛西市日置町山の池７９,False,True,False,16-63列CT,,令和 2年 9月 1日,CT確認・MRI未確認
23,7200521,無床診療所,リハビリ・整形外科３８５クリニック,リハビリ・整形外科３８５クリニック,愛西市大野町郷西１２２－２,False,False,True,,1.5-3T MRI,令和 5年 5月 1日,MRI確認・CT未確認
23,7300420,無床診療所,はなさきクリニック,はなさきクリニック,清須市西枇杷島町古城１－２－１７,False,True,False,16-63列CT,,平成28年10月 1日,CT確認・MRI未確認
23,7300503,無床診療所,須ヶ口クリニック,須ヶ口クリニック,清須市須ケ口２３３２－２,False,True,False,16-63列CT,,平成28年 5月 1日,CT確認・MRI未確認
23,7300537,無床診療所,はなみずき整形外科スポーツクリニック,はなみずき整形外科スポーツクリニック,清須市清洲１－１８－８,False,False,True,,1.5-3T MRI,令和 6年 1月 1日,MRI確認・CT未確認
23,7400204,無床診療所,医療法人倫紀会いぶき野クリニック,医療法人倫紀会いぶき野クリニック,北名古屋市熊之庄宮地１０,False,True,False,16-63列CT,,令和 4年 4月 1日,CT確認・MRI未確認
23,7400519,無床診療所,ようてい健康増進クリニック,ようてい健康増進クリニック,北名古屋市西之保三町地３－１,False,True,False,16-63列CT,,平成24年11月 1日,CT確認・MRI未確認
23,7400675,無床診療所,はなみずき整形外科スポーツクリニック北名古屋,はなみずき整形外科スポーツクリニック北名古屋,北名古屋市石橋五反田２０,False,True,False,16-63列CT,,令和元年10月 1日,CT確認・MRI未確認
23,7400717,無床診療所,ひらまつクリニック 内科・消化器内科,ひらまつクリニック　内科・消化器内科,北名古屋市片場都２０,False,True,False,16-63列CT,,令和 3年 9月 1日,CT確認・MRI未確認
23,7400840,無床診療所,西春内科・在宅クリニック,西春内科・在宅クリニック,北名古屋市九之坪北浦３１,False,True,False,16-63列CT,,令和 6年10月 1日,CT確認・MRI未確認
23,7400857,無床診療所,こっつ山ファミリークリニック,こっつ山ファミリークリニック,北名古屋市六ツ師山の神５５,False,True,False,16-63列CT,,令和 7年 2月 1日,CT確認・MRI未確認
23,7400873,無床診療所,新居クリニック,新居クリニック,北名古屋市井瀬木鴨７２,False,True,False,16-63列CT,,令和 8年 7月 1日,CT確認・MRI未確認
23,7500268,無床診療所,医療法人佳信会 桜セントラルクリニック,医療法人佳信会　桜セントラルクリニック,弥富市平島中３－３３,False,True,False,16-63列CT,,平成25年11月 1日,CT確認・MRI未確認
23,7600092,無床診療所,医療法人佳信会 あすかクリニック,医療法人佳信会　あすかクリニック,あま市七宝町沖之島西流３６,False,True,False,16-63列CT,,平成26年 9月 1日,CT確認・MRI未確認
23,7600480,無床診療所,杉村医院,杉村医院,あま市本郷花ノ木３９,False,True,False,16-63列CT,,令和 3年 4月 1日,CT確認・MRI未確認
23,7600506,無床診療所,医療法人浅井外科 浅井外科クリニック,医療法人浅井外科　浅井外科クリニック,あま市七宝町沖之島九之坪４４,False,True,False,16-63列CT,,令和 5年 1月 1日,CT確認・MRI未確認
23,7600530,無床診療所,小野クリニック,小野クリニック,あま市小路３－９－６,False,True,True,16-63列CT,1.5-3T MRI,平成30年 4月 1日,CT+MRI確認
23,7600571,無床診療所,森整形外科クリニック,森整形外科クリニック,あま市七宝町桂深田６０,False,True,False,16-63列CT,,平成29年 4月 1日,CT確認・MRI未確認
23,7600597,無床診療所,駅前ふじたクリニック,駅前ふじたクリニック,あま市甚目寺五位田１０３ＫＡＦＯビル１階,False,True,False,16-63列CT,,平成27年 4月 1日,CT確認・MRI未確認
23,7600704,無床診療所,脳神経外科のぞみクリニック,脳神経外科のぞみクリニック,あま市篠田寺後７５－１,False,False,True,,1.5-3T MRI,令和 2年 4月 1日,MRI確認・CT未確認
23,7700173,無床診療所,名古屋脳神経外科クリニック,名古屋脳神経外科クリニック,長久手市下川原１０－１,False,True,True,16-63列CT,1.5-3T MRI,令和 5年 8月 1日,CT+MRI確認
23,7700256,無床診療所,愛知淑徳大学クリニック,愛知淑徳大学クリニック,長久手市片平２－１４０１,False,True,True,16-63列CT,1.5-3T MRI,令和 4年 9月 1日,CT+MRI確認
23,7700538,無床診療所,長久手南クリニック,長久手南クリニック,長久手市市が洞３－１６０５,False,True,False,16-63列CT,,令和 2年 4月 1日,CT確認・MRI未確認
23,7700652,無床診療所,あいち脳神経クリニック,あいち脳神経クリニック,長久手市勝入塚４０２,False,False,True,,1.5-3T MRI,令和 7年 2月 1日,MRI確認・CT未確認
24,0101493,無床診療所,辻クリニック,辻クリニック,桑名市明正通２丁目４６４,False,True,False,16-63列CT,,令和元年 6月 1日,CT確認・MRI未確認
24,0101634,無床診療所,佐藤内科,佐藤内科,桑名市福島新町２６,False,True,False,16-63列CT,,平成30年 3月 1日,CT確認・MRI未確認
24,0101782,無床診療所,ペルソナクリニック,ペルソナクリニック,桑名市福島８５０番地３,False,True,False,16-63列CT,,平成29年 9月 1日,CT確認・MRI未確認
24,0101915,無床診療所,きせ腎泌尿器科・かんぽうクリニック,きせ腎泌尿器科・かんぽうクリニック,桑名市赤尾２０２７番地２,False,True,False,16-63列CT,,令和 4年 2月 1日,CT確認・MRI未確認
24,0105445,無床診療所,慶友整形外科,慶友整形外科,桑名市増田５９９番地１,False,False,True,,1.5-3T MRI,令和 4年 8月 1日,MRI確認・CT未確認
24,0105718,無床診療所,のだ内科・リウマチ膠原病・訪問診療クリニック,のだ内科・リウマチ膠原病・訪問診療クリニック,桑名市大字赤尾１３４４番地３,False,True,False,16-63列CT,,令和 5年 6月 1日,CT確認・MRI未確認
24,0105742,無床診療所,一般財団法人 三重県産業衛生協会 くわな健康クリニック,一般財団法人　三重県産業衛生協会　くわな健康クリニック,桑名市中央町三丁目２３番地,False,True,False,16-63列CT,,平成30年 8月 1日,CT確認・MRI未確認
24,0105858,無床診療所,田中クリニック,田中クリニック,桑名市梅園通３５－１,False,True,True,16-63列CT,1.5-3T MRI,平成29年 6月 1日,CT+MRI確認
24,0105916,無床診療所,桑名もり内科,桑名もり内科,桑名市大字西方４９９番地,False,True,False,16-63列CT,,令和 3年 8月 1日,CT確認・MRI未確認
24,0203612,無床診療所,山中内科・小児科,山中内科・小児科,四日市市松原町８－１１,False,True,False,16-63列CT,,令和 2年12月 1日,CT確認・MRI未確認
24,0204271,無床診療所,日置クリニック,日置クリニック,四日市市室山町字八反田５０３－１,False,True,False,16-63列CT,,平成29年 9月 1日,CT確認・MRI未確認
24,0204651,無床診療所,長谷川脳神経外科クリニック,長谷川脳神経外科クリニック,四日市市羽津中２丁目２－６,False,True,False,16-63列CT,,平成29年 6月 1日,CT確認・MRI未確認
24,0204875,無床診療所,にのみやクリニック内科外科,にのみやクリニック内科外科,四日市市生桑町５８２－５,False,True,False,16-63列CT,,令和元年10月 1日,CT確認・MRI未確認
24,0204966,無床診療所,にしい腎泌尿器科,にしい腎泌尿器科,四日市市高角町１５５８－３,False,True,False,16-63列CT,,令和 4年10月 1日,CT確認・MRI未確認
24,0205500,無床診療所,四日市膝肩スポーツの整形外科クリニック,四日市膝肩スポーツの整形外科クリニック,四日市市生桑町５８４番地の４,False,False,True,,1.5-3T MRI,令和 7年10月 1日,MRI確認・CT未確認
24,0205518,無床診療所,医療法人社団三原クリニック,医療法人社団三原クリニック,四日市市日永西三丁目１番２１号,False,False,True,,1.5-3T MRI,平成25年 4月 1日,MRI確認・CT未確認
24,0205575,無床診療所,医療法人山脇会 とと内科診療所,医療法人山脇会　とと内科診療所,四日市市小杉新町７０番地,False,True,False,16-63列CT,,令和 2年 4月 1日,CT確認・MRI未確認
24,0205583,無床診療所,小林内科胃腸科,小林内科胃腸科,四日市市富田一丁目９－３,False,True,False,16-63列CT,,平成24年 9月 1日,CT確認・MRI未確認
24,0205831,無床診療所,小野外科内科,小野外科内科,四日市市智積町６３３３番地,False,False,True,,1.5-3T MRI,平成30年 8月 1日,MRI確認・CT未確認
24,0205864,無床診療所,みやこクリニック,みやこクリニック,四日市市千代田町３０７番地１,False,True,False,4-15列CT,,平成24年 4月 1日,CT確認・MRI未確認
24,0205872,無床診療所,さくらクリニック,さくらクリニック,四日市市桜町１２７８番地の２,False,True,False,16-63列CT,,平成26年 1月 1日,CT確認・MRI未確認
24,0210047,無床診療所,三重呼吸器アレルギー・内科クリニック,三重呼吸器アレルギー・内科クリニック,四日市市高角町１５６３番地４,False,True,False,16-63列CT,,令和 7年 1月 1日,CT確認・MRI未確認
24,0210070,無床診療所,四日市おなかのクリニック,四日市おなかのクリニック,四日市市西浦一丁目４番２２－１号,False,True,False,16-63列CT,,令和 7年 6月 1日,CT確認・MRI未確認
24,0215186,無床診療所,医療法人 重盛外科内科,医療法人　重盛外科内科,四日市市小古曽一丁目３番３５号,False,True,False,16-63列CT,,令和 7年10月 1日,CT確認・MRI未確認
24,0215509,無床診療所,医療法人 愛済会 らんクリニック,医療法人　愛済会　らんクリニック,四日市市松本三丁目９番１１号,False,True,False,16-63列CT,,令和 6年 8月 1日,CT確認・MRI未確認
24,0215673,無床診療所,すずらん診療所,すずらん診療所,四日市市日永１丁目３番１８号,False,True,False,16-63列CT,,平成26年10月 1日,CT確認・MRI未確認
24,0215913,無床診療所,ＫＫＣウエルネス四日市健診クリニック,ＫＫＣウエルネス四日市健診クリニック,四日市市日永西三丁目５番３７号,False,True,False,16-63列CT,,令和 4年12月 1日,CT確認・MRI未確認
24,0302083,無床診療所,ますずがわ神経内科クリニック,ますずがわ神経内科クリニック,鈴鹿市飯野寺家町８１７－３,False,True,False,16-63列CT,,令和 6年10月 1日,CT確認・MRI未確認
24,0302174,無床診療所,小西内科クリニック,小西内科クリニック,鈴鹿市中箕田町１１２４－６,False,True,False,16-63列CT,,令和 2年 7月 1日,CT確認・MRI未確認
24,0302463,無床診療所,どうでんクリニック,どうでんクリニック,鈴鹿市三日市町１９６２番地１,False,True,False,16-63列CT,,平成29年 9月 1日,CT確認・MRI未確認
24,0302570,無床診療所,鈴鹿内科・呼吸器内科,鈴鹿内科・呼吸器内科,鈴鹿市南玉垣町２８５２－３,False,True,False,16-63列CT,,令和 6年 4月 1日,CT確認・MRI未確認
24,0305243,無床診療所,医療法人重幹会川村外科内科,医療法人重幹会川村外科内科,鈴鹿市加佐登２丁目２０番１号,False,True,False,16-63列CT,,令和 4年 4月 1日,CT確認・MRI未確認
24,0305391,無床診療所,医療法人 羽山クリニック,医療法人　羽山クリニック,鈴鹿市庄野羽山二丁目６番３号,False,True,False,16-63列CT,,令和 2年 4月 1日,CT確認・MRI未確認
24,0305540,無床診療所,医療法人 おかべ泌尿器科皮フ科,医療法人　おかべ泌尿器科皮フ科,鈴鹿市南江島町１０ー２７,False,True,False,16-63列CT,,令和元年 5月 1日,CT確認・MRI未確認
24,0305599,無床診療所,家田クリニック,家田クリニック,鈴鹿市南江島町５番８号,False,True,False,16-63列CT,,令和 4年 4月 1日,CT確認・MRI未確認
24,0305664,無床診療所,医療法人 裕心会 上田内科クリニック,医療法人　裕心会　上田内科クリニック,鈴鹿市長沢町１１６７番地１,False,True,False,16-63列CT,,平成28年 3月 1日,CT確認・MRI未確認
24,0305730,無床診療所,白鳳クリニック,白鳳クリニック,鈴鹿市庄野町２５５０番地,False,True,False,4-15列CT,,平成26年12月 1日,CT確認・MRI未確認
24,0315051,無床診療所,かわぐち脳神経クリニック,かわぐち脳神経クリニック,鈴鹿市桜島町六丁目２０番５,False,False,True,,1.5-3T MRI,令和 5年 1月 1日,MRI確認・CT未確認
24,0315085,無床診療所,すずか泌尿器科・腎クリニック,すずか泌尿器科・腎クリニック,鈴鹿市柳町字森１６６５－２,False,True,False,16-63列CT,,令和 6年 1月 1日,CT確認・MRI未確認
24,0400630,無床診療所,みずほ台クリニック,みずほ台クリニック,亀山市川合町１１５５－９,False,True,False,16-63列CT,,令和 6年 2月 1日,CT確認・MRI未確認
24,0405167,無床診療所,のぼのクリニック,のぼのクリニック,亀山市能褒野町７９番地２２,False,True,False,16-63列CT,,令和 3年 8月 1日,CT確認・MRI未確認
24,0503219,無床診療所,大橋クリニック,大橋クリニック,津市桜橋三丁目６１番地２,False,True,False,16-63列CT,,平成30年 2月 1日,CT確認・MRI未確認
24,0503912,無床診療所,山本クリニック,山本クリニック,津市白山町川口４９－１,False,True,False,16-63列CT,,令和 4年 9月 1日,CT確認・MRI未確認
24,0504100,無床診療所,ゆうあいクリニック,ゆうあいクリニック,津市雲出本郷町１３１－８３,False,True,False,16-63列CT,,平成30年 9月 1日,CT確認・MRI未確認
24,0504662,無床診療所,ひさい脳神経外科クリニック,ひさい脳神経外科クリニック,津市久居明神町字風早２３３６,False,True,False,16-63列CT,,平成31年 4月 1日,CT確認・MRI未確認
24,0504753,無床診療所,いぐち内科・消化器内科クリニック,いぐち内科・消化器内科クリニック,津市久居新町２１１５－８,False,True,False,16-63列CT,,令和 5年11月 1日,CT確認・MRI未確認
24,0504803,無床診療所,一志ささべクリニック,一志ささべクリニック,津市一志町高野２２９－１,False,True,False,16-63列CT,,令和 4年 4月 1日,CT確認・MRI未確認
24,0505636,無床診療所,フェニックス健診クリニック,フェニックス健診クリニック,津市乙部５番３号,False,True,False,4-15列CT,,平成27年11月 1日,CT確認・MRI未確認
24,0505701,無床診療所,高野尾クリニック,高野尾クリニック,津市高野尾町字西豊久野１８９０番地７６,False,True,False,16-63列CT,,平成25年10月 1日,CT確認・MRI未確認
24,0505982,無床診療所,津田クリニック,津田クリニック,津市久居新町３００６,False,True,True,16-63列CT,1.5-3T MRI,令和 7年12月 1日,CT+MRI確認
24,0506048,無床診療所,津かわもと救急・内科クリニック,津かわもと救急・内科クリニック,津市大里窪田町字下沢２８６２－１,False,True,False,16-63列CT,,令和 8年 3月 1日,CT確認・MRI未確認
24,0515015,無床診療所,みどりクリニック,みどりクリニック,津市久居野村町字権田３１４番地１３,False,True,True,16-63列CT,1.5-3T MRI,平成25年 1月 1日,CT+MRI確認
24,0515122,無床診療所,医療法人大樹会 はくさんクリニック,医療法人大樹会　はくさんクリニック,津市白山町二本木１１３９－５,False,True,False,16-63列CT,,令和 4年 7月 1日,CT確認・MRI未確認
24,0515387,無床診療所,医療法人社団Ｍ．Ｃ．Ｄ．おがわ脳神経外科クリニック,医療法人社団Ｍ．Ｃ．Ｄ．おがわ脳神経外科クリニック,津市一身田上津部田１４１４番地１,False,False,True,,1.5-3T MRI,令和 5年 9月 1日,MRI確認・CT未確認
24,0515528,無床診療所,ＫＫＣ健康スクエア ウエルネス三重健診クリニック,ＫＫＣ健康スクエア　ウエルネス三重健診クリニック,津市あのつ台４丁目１番３,False,True,True,16-63列CT,1.5-3T MRI,平成27年 1月 1日,CT+MRI確認
24,0515585,無床診療所,医療法人 津健康クリニック,医療法人　津健康クリニック,津市観音寺町７９９番地７,False,True,False,16-63列CT,,平成29年 8月 1日,CT確認・MRI未確認
24,0515627,無床診療所,あのつクリニック,あのつクリニック,津市一身田上津部田１８１７,False,True,False,16-63列CT,,令和 6年 1月 1日,CT確認・MRI未確認
24,0515700,無床診療所,おおにし呼吸器・糖尿病内科 呼春の森診療所,おおにし呼吸器・糖尿病内科　呼春の森診療所,津市一身田上津部田１５８１番地１,False,True,False,16-63列CT,,令和 3年 8月 1日,CT確認・MRI未確認
24,0515817,無床診療所,ますだクリニック,ますだクリニック,津市河芸町東千里２５９番地１,False,True,False,16-63列CT,,令和 6年12月 1日,CT確認・MRI未確認
24,0515825,無床診療所,津かじわらクリニック,津かじわらクリニック,津市鳥居町２７８番地６,False,True,False,16-63列CT,,令和 7年 4月 1日,CT確認・MRI未確認
24,0515841,無床診療所,中村整形外科皮フ科,中村整形外科皮フ科,津市半田２０６－１,False,False,True,,1.5-3T MRI,令和 7年 8月 1日,MRI確認・CT未確認
24,0702373,無床診療所,よしむら医院,よしむら医院,松阪市大黒田町４３１,False,True,False,16-63列CT,,令和 5年 4月 1日,CT確認・MRI未確認
24,0702555,無床診療所,やまなか脳神経クリニック,やまなか脳神経クリニック,松阪市嬉野中川新町１丁目３番,False,True,False,16-63列CT,,令和 3年 2月 1日,CT確認・MRI未確認
24,0702589,無床診療所,中島医院,中島医院,松阪市猟師町高須７２－１,False,True,False,4-15列CT,,令和 5年 7月 1日,CT確認・MRI未確認
24,0705210,無床診療所,堀江クリニック,堀江クリニック,松阪市鎌田町２３４－１,False,True,False,16-63列CT,,平成25年11月 1日,CT確認・MRI未確認
24,0705509,無床診療所,医療法人社団浜田内科胃腸科,医療法人社団浜田内科胃腸科,松阪市久保町西沖４８７番地の１,False,True,False,16-63列CT,,平成26年 3月 1日,CT確認・MRI未確認
24,0705616,無床診療所,野呂医院,野呂医院,松阪市小片野町３０２番地,False,True,False,16-63列CT,,令和 3年 1月 1日,CT確認・MRI未確認
24,0705822,無床診療所,嬉野医院,嬉野医院,松阪市嬉野町１４２５番地の３,False,True,False,16-63列CT,,令和 2年 3月 1日,CT確認・MRI未確認
24,0705939,無床診療所,まえのへた脳神経クリニック,まえのへた脳神経クリニック,松阪市駅部田町７５２－１,False,True,False,16-63列CT,,令和 4年12月 1日,CT確認・MRI未確認
24,0705970,無床診療所,まとかた大西クリニック,まとかた大西クリニック,松阪市東黒部町８３５,False,True,False,16-63列CT,,平成27年12月 1日,CT確認・MRI未確認
24,0802025,無床診療所,村松有滝診療所,村松有滝診療所,伊勢市村松町３２９４－１５,False,True,False,16-63列CT,,令和元年 6月 1日,CT確認・MRI未確認
24,0802132,無床診療所,うめだクリニック,うめだクリニック,伊勢市小木町曽祢５２０－１,False,True,False,16-63列CT,,令和 5年 9月 1日,CT確認・MRI未確認
24,0802280,無床診療所,ＭＧ糖尿病・内分泌・甲状腺クリニック,ＭＧ糖尿病・内分泌・甲状腺クリニック,伊勢市勢田町４３１,False,True,False,16-63列CT,,令和 4年10月 1日,CT確認・MRI未確認
24,0802330,無床診療所,あけの脳神経内科クリニック,あけの脳神経内科クリニック,伊勢市小俣町明野１１０２番地６,False,True,False,16-63列CT,,令和 5年11月 1日,CT確認・MRI未確認
24,0805135,無床診療所,石橋外科内科,石橋外科内科,伊勢市河崎町２丁目１７－１１,False,True,False,16-63列CT,,平成26年 3月 1日,CT確認・MRI未確認
24,0805283,無床診療所,医療法人海野内科,医療法人海野内科,伊勢市浦口２－２－１３,False,True,False,16-63列CT,,令和 3年 4月 1日,CT確認・MRI未確認
24,0805556,無床診療所,ハートクリニック福井,ハートクリニック福井,伊勢市御薗町長屋１９９７番地１,False,True,False,16-63列CT,,令和元年 6月 1日,CT確認・MRI未確認
24,0805648,無床診療所,医療法人社団山本医院,医療法人社団山本医院,伊勢市二見町溝口４０１番地の１,False,True,False,16-63列CT,,平成25年 1月 1日,CT確認・MRI未確認
24,0805721,無床診療所,いせ山川クリニック,いせ山川クリニック,伊勢市小木町５５７,False,True,False,16-63列CT,,平成24年10月 1日,CT確認・MRI未確認
24,0905182,無床診療所,中村クリニック,中村クリニック,鳥羽市鳥羽４丁目１３番７号,False,True,False,16-63列CT,,令和 5年12月 1日,CT確認・MRI未確認
24,1000652,無床診療所,九鬼脳神経クリニック,九鬼脳神経クリニック,尾鷲市九鬼町１０８０－１,False,True,False,16-63列CT,,令和 5年 4月 1日,CT確認・MRI未確認
24,1000686,無床診療所,西井外科胃腸科,西井外科胃腸科,尾鷲市中央町１０－２４,False,True,False,16-63列CT,,平成25年 7月 4日,CT確認・MRI未確認
24,1105212,無床診療所,協立内科外科医院,協立内科外科医院,熊野市井戸町３７８番地,False,True,False,16-63列CT,,令和 7年 1月 1日,CT確認・MRI未確認
24,1205335,無床診療所,竹代クリニック,竹代クリニック,伊賀市平野中川原５５７－３,False,True,False,16-63列CT,,令和 3年11月 1日,CT確認・MRI未確認
24,1205442,無床診療所,医療法人阿山共生会 河合診療所,医療法人阿山共生会　河合診療所,伊賀市馬場１１２８番地,False,True,False,16-63列CT,,令和 4年11月 1日,CT確認・MRI未確認
24,1205517,無床診療所,医療法人佐那具医院,医療法人佐那具医院,伊賀市佐那具町４２０番地,False,True,False,16-63列CT,,令和 7年 4月 1日,CT確認・MRI未確認
24,1205533,無床診療所,吉村クリニック,吉村クリニック,伊賀市土橋１９２の１,False,True,False,16-63列CT,,平成28年 7月 1日,CT確認・MRI未確認
24,1205632,無床診療所,おおのクリニック,おおのクリニック,伊賀市服部町二丁目９７番地,False,True,False,16-63列CT,,令和 7年 6月 1日,CT確認・MRI未確認
24,1305416,無床診療所,うえなみ内科クリニック,うえなみ内科クリニック,名張市鴻之台二番町２９番地１,False,True,False,16-63列CT,,令和 3年 7月 1日,CT確認・MRI未確認
24,1305499,無床診療所,総合医療クリニック桔梗,総合医療クリニック桔梗,名張市桔梗が丘５番町９街区１８１２番地１,False,True,False,16-63列CT,,令和 6年 4月 1日,CT確認・MRI未確認
24,1305507,無床診療所,医療法人大町会 名張ふくにしクリニック,医療法人大町会　名張ふくにしクリニック,名張市東町１９０１－１,False,True,False,16-63列CT,,令和 7年 4月 1日,CT確認・MRI未確認
24,2005106,無床診療所,もりえい病院附属伊勢湾岸クリニック,もりえい病院附属伊勢湾岸クリニック,桑名郡木曽岬町大字和富１０番１７,False,True,False,16-63列CT,,平成30年 2月 1日,CT確認・MRI未確認
24,2200681,無床診療所,にしはら整形外科スポーツクリニック,にしはら整形外科スポーツクリニック,三重郡川越町大字豊田一色字前浪２７２番地の１,False,True,True,16-63列CT,1.5-3T MRI,令和 6年10月 1日,CT+MRI確認
24,2205011,無床診療所,川越町国民健康保険川越診療所,川越町国民健康保険川越診療所,三重郡川越町大字豊田一色３１４,False,True,False,16-63列CT,,令和 6年 8月 1日,CT確認・MRI未確認
24,2705234,無床診療所,大台町報徳診療所,大台町報徳診療所,多気郡大台町江馬１２７番地,False,True,False,16-63列CT,,平成27年 4月 1日,CT確認・MRI未確認
24,2801264,無床診療所,関岡クリニック,関岡クリニック,度会郡南伊勢町五ケ所浦４１３３,False,True,False,16-63列CT,,令和 7年 4月 1日,CT確認・MRI未確認
24,2801322,無床診療所,こうせんクリニック,こうせんクリニック,度会郡玉城町勝田３９６７－１,False,True,False,16-63列CT,,令和 8年 8月 1日,CT確認・MRI未確認
24,2805398,無床診療所,医療法人社団久瀬医院,医療法人社団久瀬医院,度会郡玉城町佐田１７５０,False,True,False,16-63列CT,,平成27年 3月 1日,CT確認・MRI未確認
36,0116596,無床診療所,賀川脳外科クリニック,賀川脳外科クリニック,徳島市応神町東貞方字西中須２４５－１,False,True,False,16-63列CT,,平成31年 4月 1日,CT確認・MRI未確認
36,0117263,無床診療所,こおりクリニック,こおりクリニック,徳島市新浜本町１丁目７－６６,False,True,False,16-63列CT,,令和 6年 9月 1日,CT確認・MRI未確認
36,0124657,無床診療所,徳島県総合健診センター,徳島県総合健診センター,徳島市蔵本町１丁目１０番地３,False,True,False,16-63列CT,,令和 8年 4月 1日,CT確認・MRI未確認
36,0124707,無床診療所,伊月健診クリニック,伊月健診クリニック,徳島市東船場町１丁目８番地,False,True,True,16-63列CT,1.5-3T MRI,平成24年 4月 1日,CT+MRI確認
36,0125829,無床診療所,徳島クリニック,徳島クリニック,徳島市昭和町１丁目１６番地,False,True,False,16-63列CT,,令和 4年 9月 1日,CT確認・MRI未確認
36,0126041,無床診療所,文化の森内科,文化の森内科,徳島市八万町大坪１８０番地,False,True,False,16-63列CT,,平成29年 3月 1日,CT確認・MRI未確認
36,0127304,無床診療所,おきクリニック,おきクリニック,徳島市昭和町７丁目２９－１,False,True,False,16-63列CT,,平成29年 5月 1日,CT確認・MRI未確認
36,0127338,無床診療所,みなとクリニック,みなとクリニック,徳島市津田本町一丁目１番２６号,False,True,False,16-63列CT,,平成29年11月 9日,CT確認・MRI未確認
36,0127619,無床診療所,齋藤醫院,齋藤醫院,徳島市八百屋町２丁目１６番地,False,True,False,16-63列CT,,令和 2年10月 1日,CT確認・MRI未確認
36,0127890,無床診療所,徳島検診クリニック,徳島検診クリニック,徳島市南矢三町一丁目７番５８号,False,False,True,,1.5-3T MRI,令和 5年 9月 1日,MRI確認・CT未確認
36,0127916,無床診療所,名東天満クリニック,名東天満クリニック,徳島市名東町１丁目９１番地,False,True,False,16-63列CT,,令和 5年10月 1日,CT確認・MRI未確認
36,0128039,無床診療所,米田医院ラングクリニック,米田医院ラングクリニック,徳島市中島田町２丁目２５－２,False,True,False,16-63列CT,,令和 7年 4月 1日,CT確認・MRI未確認
36,0211538,無床診療所,岡﨑内科循環器科,岡﨑内科循環器科,鳴門市鳴門町高島字中島１－１,False,True,False,16-63列CT,,平成26年10月 1日,CT確認・MRI未確認
36,0310629,無床診療所,ライフクリニック,ライフクリニック,小松島市赤石町１４番２７号,False,True,False,16-63列CT,,令和 3年10月 1日,CT確認・MRI未確認
36,0311320,無床診療所,小松島天満クリニック,小松島天満クリニック,小松島市中田町字狭間４７番地,False,True,False,4-15列CT,,令和 5年10月 1日,CT確認・MRI未確認
36,0311338,無床診療所,坂本内科呼吸器クリニック,坂本内科呼吸器クリニック,小松島市前原町字東３７番１,False,True,False,16-63列CT,,令和 8年 1月 1日,CT確認・MRI未確認
36,0413084,無床診療所,島内科眼科医院,島内科眼科医院,阿南市富岡町東新町９９番地,False,True,False,16-63列CT,,平成30年10月 1日,CT確認・MRI未確認
36,0413308,無床診療所,阿南天満クリニック,阿南天満クリニック,阿南市上中町南島３２５－１,False,True,False,16-63列CT,,平成25年12月17日,CT確認・MRI未確認
36,0413407,無床診療所,とみおかハートクリニック,とみおかハートクリニック,阿南市富岡町東新町１１７,False,True,False,16-63列CT,,令和 6年 8月 8日,CT確認・MRI未確認
36,0510616,無床診療所,木下医院,木下医院,美馬市美馬町字喜来市２番地１,False,True,False,16-63列CT,,平成27年11月 1日,CT確認・MRI未確認
36,0510640,無床診療所,成田クリニック,成田クリニック,美馬市脇町大字猪尻字東分２７－１,False,True,False,16-63列CT,,令和 3年 5月 1日,CT確認・MRI未確認
36,0510665,無床診療所,サンクリニック,サンクリニック,美馬市美馬町字南荒川７１番地,False,True,False,16-63列CT,,平成28年 2月 1日,CT確認・MRI未確認
36,0510764,無床診療所,美馬市国民健康保険木屋平診療所,美馬市国民健康保険木屋平診療所,美馬市木屋平字川井２２４番地,False,True,False,16-63列CT,,平成29年 4月 1日,CT確認・MRI未確認
36,0610580,無床診療所,安宅循環器内科,安宅循環器内科,三好市池田町サラダ１６５１番地２,False,True,False,16-63列CT,,平成30年 2月 1日,CT確認・MRI未確認
36,0610697,無床診療所,三木医院,三木医院,三好市三野町芝生１０２７番地,False,True,False,4-15列CT,,平成26年 7月 1日,CT確認・MRI未確認
36,1213038,無床診療所,健生石井クリニック,健生石井クリニック,名西郡石井町高川原字高川原２１５５,False,True,False,16-63列CT,,令和 2年10月 1日,CT確認・MRI未確認
36,1312574,無床診療所,那賀町国民健康保険日野谷診療所,那賀町国民健康保険日野谷診療所,那賀郡那賀町大久保字大西３番地２,False,True,False,16-63列CT,,令和 3年 3月 1日,CT確認・MRI未確認
36,1410543,無床診療所,大里医院,大里医院,海部郡海陽町大里字松原３４番地の４７,False,True,False,16-63列CT,,令和 8年 4月 1日,CT確認・MRI未確認
36,1411335,無床診療所,美波町国民健康保険日和佐診療所,美波町国民健康保険日和佐診療所,海部郡美波町奥河内字井ノ上１３番地２,False,True,False,16-63列CT,,平成29年 8月 1日,CT確認・MRI未確認
36,1510482,無床診療所,有住内科クリニック,有住内科クリニック,板野郡北島町北村字壱町四反地６９－１,False,True,False,16-63列CT,,平成24年 4月 1日,CT確認・MRI未確認
36,1513551,無床診療所,藍住たまき青空クリニック,藍住たまき青空クリニック,板野郡藍住町住吉字千鳥ヶ浜１１０－５,False,True,False,4-15列CT,,令和元年 8月26日,CT確認・MRI未確認
36,1513593,無床診療所,たかた整形外科・せぼねクリニック,たかた整形外科・せぼねクリニック,板野郡北島町中村字東堤ノ内３０－１,False,False,True,,1.5-3T MRI,令和 3年 5月10日,MRI確認・CT未確認
36,1513668,無床診療所,こうのＩＮＲクリニック,こうのＩＮＲクリニック,板野郡藍住町東中富字龍池傍示５４番地３,False,True,False,16-63列CT,,令和 7年 5月 1日,CT確認・MRI未確認
36,1612015,無床診療所,村上医院,村上医院,阿波市阿波町大原７７番地５,False,True,False,16-63列CT,,令和 2年12月 1日,CT確認・MRI未確認
36,1612049,無床診療所,重清内科外科,重清内科外科,阿波市阿波町南整理２４６番地１,False,True,False,16-63列CT,,令和 2年 7月 1日,CT確認・MRI未確認
36,1612080,無床診療所,赤池循環器消化器内科,赤池循環器消化器内科,阿波市市場町香美字原田２９９番地,False,True,False,16-63列CT,,令和 3年10月 1日,CT確認・MRI未確認
36,1612247,無床診療所,阿波医院,阿波医院,阿波市市場町市場字岸ノ下１９０番地１,False,True,True,16-63列CT,1.5-3T MRI,令和 8年 4月 1日,CT+MRI確認
36,1713052,無床診療所,渡辺医院,渡辺医院,吉野川市鴨島町麻植塚３８６番地５,False,True,False,16-63列CT,,平成30年 8月 1日,CT確認・MRI未確認
36,1713169,無床診療所,麻名内科外科クリニック,麻名内科外科クリニック,吉野川市鴨島町上浦字市久保７７番地４,False,True,False,16-63列CT,,令和 3年 1月 1日,CT確認・MRI未確認
36,1713268,無床診療所,三木クリニック,三木クリニック,吉野川市山川町祇園４１番地５,False,True,False,16-63列CT,,令和 5年 3月 1日,CT確認・MRI未確認
36,1814058,無床診療所,永尾醫院,永尾醫院,美馬郡つるぎ町貞光字大須賀６６番地２,False,True,False,16-63列CT,,令和 7年11月 1日,CT確認・MRI未確認
37,0116041,無床診療所,医療法人社団 東高松クリニック,医療法人社団　東高松クリニック,高松市高松町２３１０番地２,False,True,True,16-63列CT,1.5-3T MRI,平成24年 4月 1日,CT+MRI確認
37,0116181,無床診療所,医療法人社団 高松脳神経外科・外科医院,医療法人社団　高松脳神経外科・外科医院,高松市檀紙町１５９３番地１,False,True,False,16-63列CT,,平成29年12月 1日,CT確認・MRI未確認
37,0116496,無床診療所,医療法人社団 いとうクリニック,医療法人社団　いとうクリニック,高松市木太町３２３８番地７,False,True,False,16-63列CT,,令和 5年 4月 1日,CT確認・MRI未確認
37,0118278,無床診療所,医療法人社団 中空医院,医療法人社団　中空医院,高松市香西本町２５６番地１,False,True,False,16-63列CT,,平成25年 9月 1日,CT確認・MRI未確認
37,0118500,無床診療所,医療法人社団 弘雅会 亀井内科呼吸器科医院,医療法人社団　弘雅会　亀井内科呼吸器科医院,高松市太田下町３００７番地４,False,True,False,16-63列CT,,平成26年 1月 1日,CT確認・MRI未確認
37,0119557,無床診療所,医療法人社団 勝賀 かつが整形外科クリニック,医療法人社団　勝賀　かつが整形外科クリニック,高松市香西本町１１４番地１０,False,False,True,,1.5-3T MRI,平成27年 3月 1日,MRI確認・CT未確認
37,0119912,無床診療所,医療法人社団 西高松脳外科・内科クリニック,医療法人社団　西高松脳外科・内科クリニック,高松市郷東町東新開１３４番地１西高松メディカルビルイーア２階,False,True,True,16-63列CT,1.5-3T MRI,平成24年 4月 1日,CT+MRI確認
37,0120241,無床診療所,医療法人社団のむら内科循環器消化器クリニック,医療法人社団のむら内科循環器消化器クリニック,高松市香川町川東上字漆原１８０２番７,False,True,False,16-63列CT,,平成24年 4月 1日,CT確認・MRI未確認
37,0120464,無床診療所,内科・消化器内科 佐々木クリニック,内科・消化器内科　佐々木クリニック,高松市香川町浅野１０３０番地１,False,True,False,16-63列CT,,平成24年 5月20日,CT確認・MRI未確認
37,0120522,無床診療所,こくぶ脳外科・内科クリニック,こくぶ脳外科・内科クリニック,高松市国分寺町福家字下福家甲３８１２番１イオンタウン国分寺メディカルモール,False,False,True,,1.5-3T MRI,平成24年 9月 1日,MRI確認・CT未確認
37,0120555,無床診療所,医療法人社団 雄翔会 綾田医院,医療法人社団　雄翔会　綾田医院,高松市香南町由佐２１０番地１,False,True,False,16-63列CT,,平成24年 9月 1日,CT確認・MRI未確認
37,0120563,無床診療所,医療法人社団佳友会 タウンクリニック高松東,医療法人社団佳友会　タウンクリニック高松東,高松市春日町４３８番地１,False,True,False,16-63列CT,,平成27年 1月 1日,CT確認・MRI未確認
37,0120803,無床診療所,医療法人 高松神経内科クリニック,医療法人　高松神経内科クリニック,高松市紺屋町４番１０号鹿島紺屋町ビル１階,False,True,False,16-63列CT,,平成30年 6月 1日,CT確認・MRI未確認
37,0121058,無床診療所,オリーブ高松メディカルクリニック,オリーブ高松メディカルクリニック,高松市観光町６４９番地８,False,True,False,16-63列CT,,平成27年 7月 1日,CT確認・MRI未確認
37,0121132,無床診療所,医療法人社団牛山クリニック,医療法人社団牛山クリニック,高松市檀紙町６８番地１,False,True,False,16-63列CT,,平成27年11月 1日,CT確認・MRI未確認
37,0121140,無床診療所,高松にれクリニック,高松にれクリニック,高松市番町二丁目１０番６号,False,True,False,16-63列CT,,平成27年11月 1日,CT確認・MRI未確認
37,0121181,無床診療所,高松画像診断クリニック,高松画像診断クリニック,高松市朝日町二丁目７番地２３,False,True,True,16-63列CT,1.5-3T MRI,平成28年 2月 1日,CT+MRI確認
37,0121561,無床診療所,医療法人社団博永会 香西内科医院,医療法人社団博永会　香西内科医院,高松市檀紙町１５３１番地１,False,True,False,16-63列CT,,令和 5年12月 1日,CT確認・MRI未確認
37,0121678,無床診療所,高松南整形外科スポーツクリニック,高松南整形外科スポーツクリニック,高松市三名町６５番,False,True,True,16-63列CT,1.5-3T MRI,令和 5年11月 1日,CT+MRI確認
37,0121702,無床診療所,医療法人社団なつめ会 美術館診療所,医療法人社団なつめ会　美術館診療所,高松市香西東町４３３ー１,False,True,False,16-63列CT,,令和 2年 4月 1日,CT確認・MRI未確認
37,0121710,無床診療所,医療法人社団 豊永会 丸亀町クリニック,医療法人社団　豊永会　丸亀町クリニック,高松市丸亀町１番地１丸亀町壱番街西館３階,False,True,False,16-63列CT,,令和 2年 4月 1日,CT確認・MRI未確認
37,0121959,無床診療所,医療法人社団恵生会 生成脳神経クリニック,医療法人社団恵生会　生成脳神経クリニック,高松市多肥下町４６８番地３,False,False,True,,1.5-3T MRI,令和 4年 5月 2日,MRI確認・CT未確認
37,0121983,無床診療所,医療法人社団光心会 みつ内科・ハートクリニック,医療法人社団光心会　みつ内科・ハートクリニック,高松市多肥上町１１１１番地１多肥メディカルビル・イーア２階,False,True,False,16-63列CT,,令和 4年 7月 1日,CT確認・MRI未確認
37,0122023,無床診療所,こうの呼吸器クリニック,こうの呼吸器クリニック,高松市出作町２０５番地１,False,True,False,16-63列CT,,令和 4年10月26日,CT確認・MRI未確認
37,0122114,無床診療所,きむら内科呼吸器内科クリニック,きむら内科呼吸器内科クリニック,高松市牟礼町原１１９２番地２,False,True,False,16-63列CT,,令和 5年12月 1日,CT確認・MRI未確認
37,0122213,無床診療所,医療法人社団立心会 中央高松ハートクリニック,医療法人社団立心会　中央高松ハートクリニック,高松市林町２５２８番地１,False,True,False,16-63列CT,,令和 6年 4月 1日,CT確認・MRI未確認
37,0122221,無床診療所,ブレイン脳外科・内科クリニック,ブレイン脳外科・内科クリニック,高松市林町２５２８番地１,False,True,True,16-63列CT,1.5-3T MRI,令和 8年 2月 1日,CT+MRI確認
37,0122247,無床診療所,医療法人社団幡内科・消化器内科クリニック,医療法人社団幡内科・消化器内科クリニック,高松市天神前６番２１号,False,True,False,16-63列CT,,令和 6年 3月25日,CT確認・MRI未確認
37,0122296,無床診療所,ちよ内科クリニック,ちよ内科クリニック,高松市岡本町字幸ノ神８５８番１,False,True,False,16-63列CT,,令和 6年12月 1日,CT確認・MRI未確認
37,0122320,無床診療所,高松救急クリニック,高松救急クリニック,高松市御厩町３７２,False,True,False,16-63列CT,,令和 7年 5月 1日,CT確認・MRI未確認
37,0122361,無床診療所,医療法人社団宅光会 リウマチ・腎臓内科はちまんクリニック,医療法人社団宅光会　リウマチ・腎臓内科はちまんクリニック,高松市宮脇町１丁目１８－１１,False,True,False,16-63列CT,,令和 7年12月15日,CT確認・MRI未確認
37,0122379,無床診療所,だいずもとクリニック,だいずもとクリニック,高松市西宝町三丁目１２番６号,False,True,False,16-63列CT,,令和 8年 6月 1日,CT確認・MRI未確認
37,0122437,無床診療所,印藤内科クリニック,印藤内科クリニック,高松市高松町３００６番地７,False,True,False,16-63列CT,,令和 8年 5月 1日,CT確認・MRI未確認
37,0212147,無床診療所,医療法人社団 博秀会 岸川脳神経外科医院,医療法人社団　博秀会　岸川脳神経外科医院,丸亀市柞原町１９０番地,False,True,False,16-63列CT,,平成24年 4月 1日,CT確認・MRI未確認
37,0212451,無床診療所,医療法人社団 良亜会 アイファミリークリニック,医療法人社団　良亜会　アイファミリークリニック,丸亀市川西町南８２６番地,False,True,False,16-63列CT,,平成25年12月 3日,CT確認・MRI未確認
37,0212477,無床診療所,医療法人社団樹希会 はやし整形外科リハビリクリニック,医療法人社団樹希会　はやし整形外科リハビリクリニック,丸亀市土器町西一丁目１４４１番地１,False,False,True,,1.5-3T MRI,令和 3年10月 1日,MRI確認・CT未確認
37,0212550,無床診療所,医療法人社団杏和会 おおにし整形外科スポーツクリニック,医療法人社団杏和会　おおにし整形外科スポーツクリニック,丸亀市御供所町二丁目１番１号,False,False,True,,1.5-3T MRI,令和 3年 5月10日,MRI確認・CT未確認
37,0212667,無床診療所,やすはらクリニック,やすはらクリニック,丸亀市柞原町９７９,False,True,True,16-63列CT,1.5-3T MRI,令和 7年 5月 1日,CT+MRI確認
37,0212675,無床診療所,丸亀しぶや内科クリニック,丸亀しぶや内科クリニック,丸亀市風袋町２１１－１,False,True,False,16-63列CT,,令和 7年 6月20日,CT確認・MRI未確認
37,0311709,無床診療所,公益財団法人 香川成人医学研究所 附属診療所 ウェルクリニック,公益財団法人　香川成人医学研究所　附属診療所　ウェルクリニック,坂出市横津町三丁目２ー３１,False,True,False,16-63列CT,,令和 8年 4月 1日,CT確認・MRI未確認
37,0311782,無床診療所,医療法人然みのりクリニック,医療法人然みのりクリニック,坂出市駒止町一丁目３番５号　ライフスクエア坂出１Ｆ,False,True,False,16-63列CT,,令和元年10月 1日,CT確認・MRI未確認
37,0411020,無床診療所,医療法人社団 行天クリニック,医療法人社団　行天クリニック,善通寺市生野町１８６０番地の３,False,True,False,16-63列CT,,平成27年10月 1日,CT確認・MRI未確認
37,0411079,無床診療所,石原消化器内科クリニック,石原消化器内科クリニック,善通寺市生野町字山端１８５２番地１,False,True,False,16-63列CT,,平成24年 4月 1日,CT確認・MRI未確認
37,0411145,無床診療所,水藤乳腺甲状腺クリニック,水藤乳腺甲状腺クリニック,善通寺市弘田町３９０－１,False,True,False,16-63列CT,,令和 5年 2月 1日,CT確認・MRI未確認
37,0511233,無床診療所,医療法人社団 国土外科医院,医療法人社団　国土外科医院,観音寺市古川町２７２番地,False,True,False,16-63列CT,,令和 6年 3月 1日,CT確認・MRI未確認
37,0511597,無床診療所,医療法人社団琴佳会 中央クリニック,医療法人社団琴佳会　中央クリニック,観音寺市観音寺町甲３１３０番地１,False,True,False,16-63列CT,,平成26年 9月 1日,CT確認・MRI未確認
37,0511605,無床診療所,みとよ内科にれクリニック,みとよ内科にれクリニック,観音寺市本大町１７３３番地１合田不動産本大ビル１階,False,True,False,16-63列CT,,令和元年 7月 1日,CT確認・MRI未確認
37,0511639,無床診療所,医療法人社団健成会 河田医院,医療法人社団健成会　河田医院,観音寺市茂木町五丁目５番３２号,False,True,False,16-63列CT,,平成29年 4月 1日,CT確認・MRI未確認
37,0511662,無床診療所,たかた内科医院,たかた内科医院,観音寺市坂本町四丁目１番５号,False,True,False,16-63列CT,,令和 6年 5月 1日,CT確認・MRI未確認
37,0610308,無床診療所,医療法人社団 溝渕内科循環器クリニック,医療法人社団　溝渕内科循環器クリニック,さぬき市津田町津田１０４８番地１,False,True,False,16-63列CT,,平成26年 4月 1日,CT確認・MRI未確認
37,0610324,無床診療所,医療法人社団 南医院,医療法人社団　南医院,さぬき市昭和３３４７番地１,False,True,False,16-63列CT,,平成29年 2月 1日,CT確認・MRI未確認
37,0610423,無床診療所,華山ファミリークリニック,華山ファミリークリニック,さぬき市寒川町神前１５２６番地１,False,True,False,16-63列CT,,平成27年 3月 1日,CT確認・MRI未確認
37,0610514,無床診療所,医療法人社団 健愛会 志度あきやまクリニック,医療法人社団　健愛会　志度あきやまクリニック,さぬき市志度２３５１ー１,False,True,False,16-63列CT,,令和 2年 4月 1日,CT確認・MRI未確認
37,0610530,無床診療所,医療法人社団 百寿会 つるわクリニック,医療法人社団　百寿会　つるわクリニック,さぬき市津田町津田２４８番地,False,True,False,16-63列CT,,令和 3年 9月13日,CT確認・MRI未確認
37,0610548,無床診療所,堀江整形外科スポーツ＆リハビリクリニック,堀江整形外科スポーツ＆リハビリクリニック,さぬき市志度２５４２－１,False,False,True,,1.5-3T MRI,令和 4年10月 6日,MRI確認・CT未確認
37,0810155,無床診療所,医療法人社団 池田外科医院,医療法人社団　池田外科医院,三豊市豊中町笠田笠岡２１３６番地,False,True,False,16-63列CT,,平成29年 1月 1日,CT確認・MRI未確認
37,0810304,無床診療所,医療法人社団 みずた内科,医療法人社団　みずた内科,三豊市詫間町松崎３０１,False,True,False,16-63列CT,,平成27年 4月 1日,CT確認・MRI未確認
37,0810361,無床診療所,医療法人社団昭慈会 藤田脳神経外科医院,医療法人社団昭慈会　藤田脳神経外科医院,三豊市高瀬町新名９７１番地１,False,True,True,16-63列CT,1.5-3T MRI,平成25年 4月 1日,CT+MRI確認
37,0810460,無床診療所,医療法人社団 平林医院,医療法人社団　平林医院,三豊市詫間町詫間４１３ー１,False,True,False,16-63列CT,,平成30年10月 1日,CT確認・MRI未確認
37,1210710,無床診療所,平井クリニック,平井クリニック,小豆郡土庄町字半ノ池甲１３６０番地１,False,True,False,16-63列CT,,令和 4年10月17日,CT確認・MRI未確認
37,1310759,無床診療所,医療法人社団 きただい医院,医療法人社団　きただい医院,木田郡三木町下高岡１４６４番地１２,False,True,False,16-63列CT,,令和 7年 4月 1日,CT確認・MRI未確認
37,1610869,無床診療所,医療法人社団 たかお整形外科医院,医療法人社団　たかお整形外科医院,仲多度郡まんのう町四條６７８番地,False,True,False,4-15列CT,,平成24年 4月 1日,CT確認・MRI未確認
37,1611149,無床診療所,医療法人社団相愛会 川口医院,医療法人社団相愛会　川口医院,仲多度郡まんのう町炭所西１５２８番地１,False,True,False,16-63列CT,,平成26年 1月 1日,CT確認・MRI未確認
37,7011575,無床診療所,綾川町国民健康保険綾上診療所,綾川町国民健康保険綾上診療所,綾歌郡綾川町山田下３３５２番地１,False,True,False,16-63列CT,,平成26年12月 1日,CT確認・MRI未確認
37,7011815,無床診療所,高松市立しおのえ診療所,高松市立しおのえ診療所,高松市塩江町安原上東９９番地１,False,True,False,16-63列CT,,令和 8年 4月 1日,CT確認・MRI未確認
38,0110415,無床診療所,山岡整形外科,山岡整形外科,松山市西長戸町２７５番地１,False,True,False,16-63列CT,,平成28年 7月 1日,CT確認・MRI未確認
38,0110589,無床診療所,友愛医院,友愛医院,松山市水泥町９０番地１,False,True,False,16-63列CT,,令和 2年 4月 1日,CT確認・MRI未確認
38,0111264,無床診療所,藤原胃腸科,藤原胃腸科,松山市中央二丁目１２３６番地５,False,True,False,4-15列CT,,平成24年 4月 1日,CT確認・MRI未確認
38,0111520,無床診療所,医療法人 和田医院,医療法人　和田医院,松山市西垣生町７７６番地３,False,True,False,4-15列CT,,平成28年10月 1日,CT確認・MRI未確認
38,0111579,無床診療所,愛媛県厚生連健診センター,愛媛県厚生連健診センター,松山市鷹子町５３３番地１,False,True,True,16-63列CT,1.5-3T MRI,平成28年 6月 1日,CT+MRI確認
38,0111819,無床診療所,公益財団法人愛媛県総合保健協会診療所,公益財団法人愛媛県総合保健協会診療所,松山市味酒町１丁目１０番地５,False,True,False,16-63列CT,,平成28年12月 1日,CT確認・MRI未確認
38,0113013,無床診療所,ベテル三番町クリニック,ベテル三番町クリニック,松山市三番町３丁目４－１２,False,True,False,16-63列CT,,令和元年 9月 1日,CT確認・MRI未確認
38,0113955,無床診療所,うめもとクリニック,うめもとクリニック,松山市南梅本町甲１２７１番,False,True,False,16-63列CT,,令和 6年 4月 1日,CT確認・MRI未確認
38,0114359,無床診療所,ながと脳神経外科・心療内科クリニック,ながと脳神経外科・心療内科クリニック,松山市余戸西３丁目９番２２号,False,True,True,16-63列CT,1.5-3T MRI,令和 3年 9月 1日,CT+MRI確認
38,0114524,無床診療所,よしだ内科クリニック,よしだ内科クリニック,松山市桑原四丁目８番７号,False,True,False,4-15列CT,,平成24年 4月 1日,CT確認・MRI未確認
38,0114599,無床診療所,立命クリニック,立命クリニック,松山市本町四丁目５番地１,False,True,False,16-63列CT,,平成30年 4月 1日,CT確認・MRI未確認
38,0115083,無床診療所,松山市医師会診療所,松山市医師会診療所,松山市藤原２丁目４番７０号,False,True,False,16-63列CT,,平成26年 4月 7日,CT確認・MRI未確認
38,0115265,無床診療所,石手まつもと内科循環器クリニック,石手まつもと内科循環器クリニック,松山市新石手甲７２番地１,False,True,False,16-63列CT,,令和 4年 4月 1日,CT確認・MRI未確認
38,0115307,無床診療所,はらだ脳神経外科,はらだ脳神経外科,松山市桑原四丁目８番３１号,False,True,True,16-63列CT,1.5-3T MRI,令和元年11月 1日,CT+MRI確認
38,0115547,無床診療所,はしもと脳神経外科,はしもと脳神経外科,松山市馬木町２２３０番地１,False,True,True,16-63列CT,1.5-3T MRI,令和 5年 6月 1日,CT+MRI確認
38,0115935,無床診療所,おち内科・ペインクリニック,おち内科・ペインクリニック,松山市北久米町７３２番１,False,True,False,16-63列CT,,令和 5年11月 1日,CT確認・MRI未確認
38,0116081,無床診療所,おのクリニック,おのクリニック,松山市北梅本町７５７番地,False,True,False,16-63列CT,,令和 3年 4月 1日,CT確認・MRI未確認
38,0116289,無床診療所,救急・在宅 シャイニークリニック,救急・在宅　シャイニークリニック,松山市畑寺２丁目４番３９号,False,True,False,16-63列CT,,令和 5年 4月 1日,CT確認・MRI未確認
38,0116297,無床診療所,みかんホームメディカルクリニック,みかんホームメディカルクリニック,松山市古三津二丁目１５番１３号,False,True,False,16-63列CT,,令和 5年 1月 1日,CT確認・MRI未確認
38,0116610,無床診療所,こさか心療内科・デイケア・もの忘れクリニック,こさか心療内科・デイケア・もの忘れクリニック,松山市小坂３丁目３番１号,False,True,False,16-63列CT,,令和 7年 4月 1日,CT確認・MRI未確認
38,0116750,無床診療所,道後画像クリニック,道後画像クリニック,松山市平和通１丁目５－３５,False,True,True,16-63列CT,1.5-3T MRI,令和 7年12月 1日,CT+MRI確認
38,0116834,無床診療所,はまぐち呼吸器・内科クリニック,はまぐち呼吸器・内科クリニック,松山市鷹子町６８２番地２,False,True,False,16-63列CT,,令和 8年 5月 1日,CT確認・MRI未確認
38,0129019,無床診療所,河田外科脳神経外科医院,河田外科脳神経外科医院,松山市六軒家町３番１９号,False,True,True,4-15列CT,1.5-3T MRI,平成30年12月 1日,CT+MRI確認
38,0129746,無床診療所,医療法人 束村内科医院,医療法人　束村内科医院,松山市若葉町７番地２１,False,True,False,16-63列CT,,令和 4年 8月 1日,CT確認・MRI未確認
38,0210926,無床診療所,武田脳神経外科,武田脳神経外科,今治市南高下町三丁目２番１０号,False,True,True,16-63列CT,1.5-3T MRI,令和 7年10月 1日,CT+MRI確認
38,0211064,無床診療所,ｉクリニック内科・呼吸器内科,ｉクリニック内科・呼吸器内科,今治市郷新屋敷町３丁目１番３９号,False,True,False,16-63列CT,,平成27年 7月 1日,CT確認・MRI未確認
38,0211163,無床診療所,今治セントラルクリニック,今治セントラルクリニック,今治市松本町２丁目６番地６,False,True,False,16-63列CT,,令和 2年 4月 1日,CT確認・MRI未確認
38,0211213,無床診療所,広瀬クリニック,広瀬クリニック,今治市拝志３番１号,False,True,False,16-63列CT,,令和 2年10月 1日,CT確認・MRI未確認
38,0211247,無床診療所,藤田クリニック,藤田クリニック,今治市桜井二丁目５番５０号,False,True,False,16-63列CT,,令和 4年11月 1日,CT確認・MRI未確認
38,0211270,無床診療所,有津むらかみクリニック,有津むらかみクリニック,今治市伯方町有津甲２３３１番地,False,True,False,16-63列CT,,令和 5年 5月 1日,CT確認・MRI未確認
38,0211312,無床診療所,Ａ’ｓクリニック,Ａ’ｓクリニック,今治市広紹寺町２丁目１２４５番地１,False,True,False,16-63列CT,,令和 7年 6月 1日,CT確認・MRI未確認
38,0211338,無床診療所,医療法人補天会 光生クリニック,医療法人補天会　光生クリニック,今治市室屋町３丁目２番地１０,False,True,False,16-63列CT,,令和 7年 4月 1日,CT確認・MRI未確認
38,0310643,無床診療所,清家消化器内科クリニック,清家消化器内科クリニック,宇和島市恵美須町一丁目３番１０号,False,True,False,16-63列CT,,平成29年 5月 1日,CT確認・MRI未確認
38,0310734,無床診療所,いしかわ内科・脳神経クリニック,いしかわ内科・脳神経クリニック,宇和島市和霊町１２０８－１,False,True,False,16-63列CT,,令和 7年 4月 1日,CT確認・MRI未確認
38,0410286,無床診療所,柳田脳神経外科,柳田脳神経外科,八幡浜市江戸岡１丁目７番１０号,False,True,False,4-15列CT,,平成30年 4月 1日,CT確認・MRI未確認
38,0410369,無床診療所,旭町内科クリニック,旭町内科クリニック,八幡浜市旭町３丁目１５１０番地７３,False,True,False,16-63列CT,,令和 2年10月 1日,CT確認・MRI未確認
38,0410435,無床診療所,ひらやま内科・呼吸器内科クリニック,ひらやま内科・呼吸器内科クリニック,八幡浜市桧谷三丁目１０２４番地１,False,True,False,16-63列CT,,令和 3年 5月10日,CT確認・MRI未確認
38,0510895,無床診療所,山内クリニック,山内クリニック,新居浜市松木町３番３７号,False,True,False,16-63列CT,,平成28年 1月 1日,CT確認・MRI未確認
38,0510945,無床診療所,さいとう脳神経外科,さいとう脳神経外科,新居浜市寿町１１番４１号,False,True,True,16-63列CT,1.5-3T MRI,令和 4年 3月 1日,CT+MRI確認
38,0510986,無床診療所,たに脳神経外科・内科・ものわすれクリニック,たに脳神経外科・内科・ものわすれクリニック,新居浜市郷二丁目１－１０,False,True,False,16-63列CT,,平成31年 4月 1日,CT確認・MRI未確認
38,0511018,無床診療所,西の土居あらいクリニック,西の土居あらいクリニック,新居浜市西の土居町１丁目８番５号,False,True,False,16-63列CT,,令和 3年10月 1日,CT確認・MRI未確認
38,0610000,無床診療所,伊藤医院,伊藤医院,西条市飯岡字原之段１２９２,False,True,False,16-63列CT,,令和 4年 7月 1日,CT確認・MRI未確認
38,0710396,無床診療所,井関クリニック,井関クリニック,大洲市新谷町甲３０６番地,False,True,False,4-15列CT,,平成25年 9月 1日,CT確認・MRI未確認
38,0710529,無床診療所,東若宮中川脳神経外科クリニック,東若宮中川脳神経外科クリニック,大洲市東若宮８番地７,False,True,False,16-63列CT,,平成27年 4月 1日,CT確認・MRI未確認
38,0710552,無床診療所,こじま内科,こじま内科,大洲市東大洲１０－１,False,True,False,16-63列CT,,平成30年12月 1日,CT確認・MRI未確認
38,0710636,無床診療所,医療法人 緑風会 神南診療所,医療法人　緑風会　神南診療所,大洲市新谷乙１１８６番地１,False,True,False,16-63列CT,,平成24年12月 1日,CT確認・MRI未確認
38,0710701,無床診療所,清水医院,清水医院,大洲市長浜甲２６８,False,True,False,16-63列CT,,令和 7年 8月 1日,CT確認・MRI未確認
38,1010119,無床診療所,中村脳神経外科,中村脳神経外科,伊予市米湊７８６番１,False,True,True,16-63列CT,1.5-3T MRI,令和 7年10月 1日,CT+MRI確認
38,1110026,無床診療所,北条フェニックス脳神経外科,北条フェニックス脳神経外科,松山市北条辻６０９番地１,False,True,False,16-63列CT,,平成24年 4月 1日,CT確認・MRI未確認
38,1110059,無床診療所,田辺医院,田辺医院,松山市北条辻１３番地４,False,True,False,16-63列CT,,令和 4年10月 1日,CT確認・MRI未確認
38,1110133,無床診療所,三好整形外科内科,三好整形外科内科,松山市小川甲８２番地,False,True,False,16-63列CT,,令和 6年11月 1日,CT確認・MRI未確認
38,1210040,無床診療所,医療法人 周恵会 近藤クリニック,医療法人　周恵会　近藤クリニック,西条市周布３４４番地３,False,True,False,16-63列CT,,平成24年 4月 1日,CT確認・MRI未確認
38,1210065,無床診療所,飯尾皮フ科泌尿器科,飯尾皮フ科泌尿器科,西条市周布７８２番地,False,True,False,16-63列CT,,平成26年 6月 1日,CT確認・MRI未確認
38,1410194,無床診療所,樋口脳神経外科,樋口脳神経外科,西予市宇和町上松葉１９１番地１,False,True,True,16-63列CT,1.5-3T MRI,令和 3年 5月 1日,CT+MRI確認
38,1410418,無床診療所,西予市立野村診療所,西予市立野村診療所,西予市野村町野村９号５３番地,False,True,True,16-63列CT,1.5-3T MRI,令和 7年 4月 1日,CT+MRI確認
38,3210238,無床診療所,はかた外科胃腸科,はかた外科胃腸科,今治市伯方町叶浦甲１６６７番地２５,False,True,False,16-63列CT,,平成30年 4月 1日,CT確認・MRI未確認
38,3310202,無床診療所,中野クリニック,中野クリニック,東温市志津川１５７７番地１,False,True,False,16-63列CT,,平成31年 4月 1日,CT確認・MRI未確認
38,3328196,無床診療所,辻井循環器科内科,辻井循環器科内科,東温市田窪２０３０番地,False,True,False,16-63列CT,,平成26年12月 1日,CT確認・MRI未確認
38,3410010,無床診療所,みかわクリニック,みかわクリニック,上浮穴郡久万高原町上黒岩２９２０番地,False,True,False,16-63列CT,,令和 5年12月 1日,CT確認・MRI未確認
38,3710211,無床診療所,門田医院,門田医院,西宇和郡伊方町三崎１４５２番地１,False,True,False,16-63列CT,,令和元年 8月 1日,CT確認・MRI未確認
39,0114259,無床診療所,公益財団法人 高知県総合保健協会 中央健診センター,公益財団法人　高知県総合保健協会　中央健診センター,高知市桟橋通６丁目７－４３,False,True,False,16-63列CT,,平成24年 5月 1日,CT確認・MRI未確認
39,0115801,無床診療所,医療法人 グリーンハウス クリニック グリーンハウス,医療法人　グリーンハウス　クリニック　グリーンハウス,高知市上町１丁目７－１,False,True,False,4-15列CT,,平成26年 4月 1日,CT確認・MRI未確認
39,0117070,無床診療所,吉村神経内科リハビリクリニック,吉村神経内科リハビリクリニック,高知市百石町２丁目２番１号,False,True,False,16-63列CT,,令和元年 8月 1日,CT確認・MRI未確認
39,0117294,無床診療所,梅ノ辻クリニック,梅ノ辻クリニック,高知市梅ノ辻８－７,False,True,False,16-63列CT,,平成26年 1月 1日,CT確認・MRI未確認
39,0117963,無床診療所,たむら内科クリニック,たむら内科クリニック,高知市曙町１丁目１－２０,False,True,False,16-63列CT,,平成29年10月 1日,CT確認・MRI未確認
39,0118045,無床診療所,ながの内科クリニック,ながの内科クリニック,高知市新田町１４－３１,False,True,False,16-63列CT,,平成29年10月 1日,CT確認・MRI未確認
39,0119464,無床診療所,山下脳神経外科,山下脳神経外科,高知市南元町３丁目１３番地,False,True,False,16-63列CT,,平成29年 6月 1日,CT確認・MRI未確認
39,0119753,無床診療所,駅前クリニック,駅前クリニック,高知市新本町１丁目１４－３メディパーク高知駅３階,False,True,False,16-63列CT,,令和 3年 5月 8日,CT確認・MRI未確認
39,0310527,無床診療所,医療法人 巧会 つつい脳神経外科,医療法人　巧会　つつい脳神経外科,安芸市本町２丁目２番１号,False,True,False,16-63列CT,,平成27年 2月 1日,CT確認・MRI未確認
39,0410715,無床診療所,医療法人若草会 高田内科,医療法人若草会　高田内科,南国市大埇乙１２５３－８,False,True,False,16-63列CT,,令和 4年 4月 1日,CT確認・MRI未確認
39,0411002,無床診療所,きび診療所,きび診療所,南国市明見字五台山分８００番,False,True,False,16-63列CT,,令和 2年 1月 1日,CT確認・MRI未確認
39,0411143,無床診療所,脳外科・内科 高知東クリニック,脳外科・内科　高知東クリニック,南国市篠原１６１番４,False,True,True,16-63列CT,1.5-3T MRI,平成30年 5月 1日,CT+MRI確認
39,0510332,無床診療所,医療法人桔梗ケ丘会 橋本外科胃腸科内科,医療法人桔梗ケ丘会　橋本外科胃腸科内科,土佐市高岡町甲７５０－１,False,True,False,16-63列CT,,平成26年 2月 1日,CT確認・MRI未確認
39,0610587,無床診療所,須崎医療クリニック,須崎医療クリニック,須崎市多ノ郷甲５７４８－１,False,True,False,16-63列CT,,平成26年11月 1日,CT確認・MRI未確認
39,0710676,無床診療所,医療法人四万十会 中村クリニック,医療法人四万十会　中村クリニック,四万十市中村大橋通７丁目１－１０,False,True,False,16-63列CT,,平成28年 6月 1日,CT確認・MRI未確認
39,0711211,無床診療所,吉井クリニック,吉井クリニック,四万十市中村大橋通６丁目７番５号,False,True,False,16-63列CT,,令和 4年 5月 1日,CT確認・MRI未確認
39,1110330,無床診療所,さくら香美クリニック,さくら香美クリニック,香美市土佐山田町１１７番地１３,False,True,False,16-63列CT,,令和 4年 2月 1日,CT確認・MRI未確認
39,2410994,無床診療所,仁淀川町国民健康保険大崎診療所,仁淀川町国民健康保険大崎診療所,吾川郡仁淀川町大崎３００番地,False,True,False,16-63列CT,,令和 3年 8月 1日,CT確認・MRI未確認
39,2511536,無床診療所,医療法人 窪川高橋会 高橋内科・呼吸器科・消化器科,医療法人　窪川高橋会　高橋内科・呼吸器科・消化器科,高岡郡四万十町東大奈路４８７番地５,False,True,False,16-63列CT,,令和元年 7月 1日,CT確認・MRI未確認
39,2511627,無床診療所,石川ヘルスクリニック,石川ヘルスクリニック,高岡郡四万十町榊山町７－２３,False,True,False,16-63列CT,,平成27年 5月 1日,CT確認・MRI未確認
39,2511833,無床診療所,中土佐町立大野見診療所,中土佐町立大野見診療所,高岡郡中土佐町大野見吉野２３４番地,False,True,False,16-63列CT,,令和 5年 1月 1日,CT確認・MRI未確認
39,2610833,無床診療所,佐賀診療所,佐賀診療所,幡多郡黒潮町佐賀７４６－１,False,True,False,16-63列CT,,平成28年 6月 1日,CT確認・MRI未確認
40,0210054,無床診療所,医療法人 松崎クリニック,医療法人　松崎クリニック,福岡県福岡市東区松崎２丁目２２番６号,False,True,False,4-15列CT,,平成29年 1月 1日,CT確認・MRI未確認
40,0210195,無床診療所,一般財団法人西日本産業衛生会 福岡健診診療所,一般財団法人西日本産業衛生会　福岡健診診療所,福岡県福岡市博多区博多駅前２丁目２０－１大博多ビル６Ｆ,False,True,False,16-63列CT,,平成27年 6月 1日,CT確認・MRI未確認
40,0210427,無床診療所,医療法人 坂本脳神経クリニック,医療法人　坂本脳神経クリニック,福岡市東区和白丘三丁目４番４０号,False,False,True,,1.5-3T MRI,令和 6年 8月 1日,MRI確認・CT未確認
40,0210500,無床診療所,福岡和白ＰＥＴ画像診断クリニック,福岡和白ＰＥＴ画像診断クリニック,福岡県福岡市東区和白丘２丁目２－７６,False,True,False,16-63列CT,,令和 6年10月 1日,CT確認・MRI未確認
40,0210997,無床診療所,丸岡内科小児科クリニック,丸岡内科小児科クリニック,福岡県福岡市東区千早４丁目１３－２,False,True,False,16-63列CT,,令和 8年 4月 1日,CT確認・MRI未確認
40,0212597,無床診療所,福岡和白総合健診クリニック,福岡和白総合健診クリニック,福岡県福岡市東区和白丘２丁目１１番１７号,False,True,True,16-63列CT,1.5-3T MRI,令和 8年 5月 1日,CT+MRI確認
40,0212605,無床診療所,医療法人 のむら内科・神経内科クリニック,医療法人　のむら内科・神経内科クリニック,福岡県福岡市博多区博多駅中央街１－１新幹線博多ビル５階,False,True,False,16-63列CT,,令和元年10月 1日,CT確認・MRI未確認
40,0213249,無床診療所,うちかど脳神経外科クリニック,うちかど脳神経外科クリニック,福岡県福岡市博多区那珂一丁目２番３号,False,True,False,16-63列CT,,平成26年 5月 1日,CT確認・MRI未確認
40,0213546,無床診療所,うだ脳神経外科クリニック,うだ脳神経外科クリニック,福岡市東区香椎浜三丁目２番４号,False,False,True,,1.5-3T MRI,令和 7年 9月 1日,MRI確認・CT未確認
40,0213959,無床診療所,ゆう内科医院,ゆう内科医院,福岡市東区千早四丁目２２番３７号Ｅタクビル１Ｆ,False,True,False,16-63列CT,,平成29年 1月 1日,CT確認・MRI未確認
40,0213967,無床診療所,かきの脳神経外科・内科クリニック,かきの脳神経外科・内科クリニック,福岡市博多区麦野六丁目２２番１１号,False,True,True,16-63列CT,1.5-3T MRI,平成29年 1月 1日,CT+MRI確認
40,0214080,無床診療所,よしむら脳神経外科・頭痛クリニック,よしむら脳神経外科・頭痛クリニック,福岡市東区箱崎６丁目１３番３号,False,True,True,16-63列CT,1.5-3T MRI,平成29年 7月 1日,CT+MRI確認
40,0214296,無床診療所,かなみやクリニック,かなみやクリニック,福岡県福岡市博多区博多駅南１丁目３番１１号ＫＤＸ博多南ビル１Ｆ,False,True,False,16-63列CT,,平成31年 1月 1日,CT確認・MRI未確認
40,0214387,無床診療所,まえだ整形外科 博多ひざスポーツクリニック,まえだ整形外科　博多ひざスポーツクリニック,福岡市博多区下呉服町五丁目７番地,False,False,True,,1.5-3T MRI,令和元年 5月 1日,MRI確認・CT未確認
40,0214643,無床診療所,医療法人愛友会 さくらクリニック,医療法人愛友会　さくらクリニック,福岡市東区蒲田五丁目７－３０,False,True,False,16-63列CT,,令和 4年 1月 1日,CT確認・MRI未確認
40,0214882,無床診療所,かしい駅前内科・脳神経クリニック,かしい駅前内科・脳神経クリニック,福岡市東区香椎駅前二丁目１５番１０－１階,False,False,True,,1.5-3T MRI,令和 3年 6月 1日,MRI確認・CT未確認
40,0215053,無床診療所,がんこクリニック ららぽーと福岡,がんこクリニック　ららぽーと福岡,福岡市博多区那珂６丁目２３－１ららぽーと福岡４階,False,True,False,16-63列CT,,令和 4年 5月 1日,CT確認・MRI未確認
40,0215129,無床診療所,ふるがきＣＬＩＮＩＣ,ふるがきＣＬＩＮＩＣ,福岡市東区香椎駅前一丁目１２番２号ＡＳＳＥＴ香椎２階,False,True,False,16-63列CT,,令和 4年 6月 1日,CT確認・MRI未確認
40,0215293,無床診療所,おおはら脳神経クリニック,おおはら脳神経クリニック,福岡市博多区千代４丁目２９－２４三原第３ビル２Ｆ,False,True,False,16-63列CT,,令和 5年 4月 1日,CT確認・MRI未確認
40,0215301,無床診療所,ブレインメディカルクリニック博多,ブレインメディカルクリニック博多,福岡市博多区堅粕４丁目２６番７号,False,False,True,,1.5-3T MRI,令和 5年 5月 1日,MRI確認・CT未確認
40,0215319,無床診療所,ＵＮＢ住吉神社前クリニック,ＵＮＢ住吉神社前クリニック,福岡市博多区住吉４丁目５番３号,False,False,True,,1.5-3T MRI,令和 5年 5月 1日,MRI確認・CT未確認
40,0215467,無床診療所,あきらめない頭痛クリニック,あきらめない頭痛クリニック,福岡市博多区千代１丁目１５－３０　パピオ１Ｆ,False,True,False,16-63列CT,,令和 5年11月 1日,CT確認・MRI未確認
40,0215558,無床診療所,福岡画像診断クリニック МｅーＷｅｌｌ,福岡画像診断クリニック　МｅーＷｅｌｌ,福岡市博多区冷泉町５番１３号,False,True,True,16-63列CT,1.5-3T MRI,令和 6年 7月 1日,CT+MRI確認
40,0317859,無床診療所,さかい内科・内視鏡クリニック,さかい内科・内視鏡クリニック,福岡市博多区半道橋２丁目７－５０,False,True,False,16-63列CT,,平成28年 3月 1日,CT確認・MRI未確認
40,0329987,無床診療所,あんどうクリニック,あんどうクリニック,福岡県福岡市東区美和台４丁目１－１,False,True,False,16-63列CT,,令和 5年 9月 1日,CT確認・MRI未確認
40,0413153,無床診療所,じんばやし整形外科リウマチ科医院,じんばやし整形外科リウマチ科医院,福岡県糟屋郡新宮町大字原上１５７４番１,False,False,True,,1.5-3T MRI,平成27年 4月 1日,MRI確認・CT未確認
40,0413302,無床診療所,やひろ脳神経外科,やひろ脳神経外科,糟屋郡志免町別府一丁目１－５,False,True,False,16-63列CT,,平成29年 6月 1日,CT確認・MRI未確認
40,0413401,無床診療所,たかさき脳神経外科クリニック,たかさき脳神経外科クリニック,糟屋郡須恵町大字須恵５０８－１,False,True,True,16-63列CT,1.5-3T MRI,令和元年10月 1日,CT+MRI確認
40,0419283,無床診療所,医療法人 三田医院,医療法人　三田医院,糟屋郡篠栗町中央４丁目１７番２９号,False,True,False,4-15列CT,,平成29年 5月 1日,CT確認・MRI未確認
40,0419804,無床診療所,青洲会クリニック,青洲会クリニック,福岡県糟屋郡志免町志免４丁目１番７号,False,True,False,16-63列CT,,平成24年 4月 1日,CT確認・MRI未確認
40,0419861,無床診療所,医療法人やまだ消化器科内科クリニック,医療法人やまだ消化器科内科クリニック,糟屋郡新宮町新宮東４丁目３番１号,False,True,False,16-63列CT,,令和 5年 9月 1日,CT確認・MRI未確認
40,0419879,無床診療所,森高クリニック,森高クリニック,糟屋郡志免町志免一丁目３－４１,False,False,True,,1.5-3T MRI,令和 3年10月28日,MRI確認・CT未確認
40,0429746,無床診療所,しろうず脳神経外科,しろうず脳神経外科,糟屋郡新宮町中央駅前１丁目１番１８号,False,False,True,,1.5-3T MRI,令和 5年10月 1日,MRI確認・CT未確認
40,0429779,無床診療所,医療法人ＭＥＤＩーＫ くどう内科,医療法人ＭＥＤＩーＫ　くどう内科,糟屋郡粕屋町原町一丁目７番８号,False,True,False,16-63列CT,,令和 6年 3月 1日,CT確認・MRI未確認
40,0429886,無床診療所,りょうこ内科・胃大腸内視鏡クリニック,りょうこ内科・胃大腸内視鏡クリニック,糟屋郡宇美町宇美中央３丁目２３－２,False,True,False,16-63列CT,,令和 7年 9月 1日,CT確認・MRI未確認
40,0429910,無床診療所,おくだ脳神経外科クリニック,おくだ脳神経外科クリニック,糟屋郡篠栗町庄１－２－１８,False,True,True,16-63列CT,1.5-3T MRI,令和 8年 2月 1日,CT+MRI確認
40,0429944,無床診療所,医療法人まえだ脳神経外科,医療法人まえだ脳神経外科,糟屋郡宇美町明神坂２－１－２８,False,True,True,16-63列CT,1.5-3T MRI,令和 8年 4月 1日,CT+MRI確認
40,0519397,無床診療所,みやはらクリニック,みやはらクリニック,福津市光陽台１丁目１番地の５,False,True,False,16-63列CT,,令和 7年 4月 1日,CT確認・MRI未確認
40,0611269,無床診療所,葉山クリニック,葉山クリニック,福岡県宗像市葉山２丁目３１－４,False,True,False,16-63列CT,,平成26年10月 1日,CT確認・MRI未確認
40,0611301,無床診療所,ひさだ脳神経外科,ひさだ脳神経外科,福岡県宗像市赤間駅前１－５－１２　アークハイツ１階,False,False,True,,1.5-3T MRI,平成28年 4月 1日,MRI確認・CT未確認
40,0619437,無床診療所,おおしろ脳神経外科,おおしろ脳神経外科,宗像市宮田２丁目１３番４号,False,True,True,16-63列CT,1.5-3T MRI,令和 3年 6月 1日,CT+MRI確認
40,0710293,無床診療所,かわくぼ脳神経外科,かわくぼ脳神経外科,古賀市花見東５丁目１－３３,False,True,True,16-63列CT,1.5-3T MRI,平成30年 5月 1日,CT+MRI確認
40,0719138,無床診療所,医療法人社団 大岩外科医院,医療法人社団　大岩外科医院,福岡県古賀市花見東２丁目１－５,False,True,False,16-63列CT,,平成30年 8月 1日,CT確認・MRI未確認
40,1011923,無床診療所,医療法人 横山内科医院,医療法人　横山内科医院,福岡県福岡市城南区田島４－２２－４０,False,True,False,16-63列CT,,平成25年 8月 1日,CT確認・MRI未確認
40,1014638,無床診療所,森口脳神経外科クリニック,森口脳神経外科クリニック,福岡県福岡市早良区梅林７丁目２－１５,False,True,True,16-63列CT,1.5-3T MRI,平成30年 6月 1日,CT+MRI確認
40,1015387,無床診療所,医療法人 たぐち脳神経外科クリニック,医療法人　たぐち脳神経外科クリニック,福岡県福岡市西区拾六町５丁目１７番１７号,False,False,True,,1.5-3T MRI,令和元年 9月 1日,MRI確認・CT未確認
40,1015635,無床診療所,医療法人髙橋脳神経外科,医療法人髙橋脳神経外科,福岡県福岡市早良区飯倉７丁目１番７号,False,False,True,,1.5-3T MRI,令和 5年 2月 1日,MRI確認・CT未確認
40,1015718,無床診療所,医療法人稲村脳神経外科クリニック,医療法人稲村脳神経外科クリニック,福岡県福岡市早良区西新４丁目９番３５号真栄ビル２Ｆ,False,True,True,16-63列CT,1.5-3T MRI,令和 8年 1月 1日,CT+MRI確認
40,1016807,無床診療所,ウェルネス天神クリニック,ウェルネス天神クリニック,福岡市中央区天神１－１４－４－４Ｆ,False,True,False,16-63列CT,,平成28年 9月 1日,CT確認・MRI未確認
40,1016880,無床診療所,医療法人 啓林堂クリニック,医療法人　啓林堂クリニック,福岡県福岡市早良区原８丁目２番２６号,False,True,False,16-63列CT,,平成27年 4月 1日,CT確認・MRI未確認
40,1017151,無床診療所,福岡記念ＰＥＴ・健診センター,福岡記念ＰＥＴ・健診センター,福岡県福岡市中央区今川２丁目１６番１６号,False,True,False,16-63列CT,,令和元年 8月 1日,CT確認・MRI未確認
40,1017722,無床診療所,社会福祉法人寿福祉会 福浜中央クリニック,社会福祉法人寿福祉会　福浜中央クリニック,福岡県福岡市中央区福浜２－１－３,False,True,False,16-63列CT,,平成26年12月 1日,CT確認・MRI未確認
40,1017730,無床診療所,うえき医院,うえき医院,福岡県福岡市中央区清川１丁目９－２０テングッド渡辺通２Ｆ,False,True,False,16-63列CT,,平成27年 5月 1日,CT確認・MRI未確認
40,1018258,無床診療所,福岡リハ整形外科クリニック,福岡リハ整形外科クリニック,福岡県福岡市西区野方７丁目７５２－１,False,False,True,,1.5-3T MRI,令和 5年 9月 1日,MRI確認・CT未確認
40,1018399,無床診療所,医療法人 九州画像診断クリニック,医療法人　九州画像診断クリニック,福岡市中央区舞鶴一丁目１番７号,False,True,True,16-63列CT,1.5-3T MRI,令和 7年 6月 1日,CT+MRI確認
40,1018522,無床診療所,福岡医療クリニック,福岡医療クリニック,福岡県福岡市早良区祖原３－１,False,True,False,4-15列CT,,平成27年10月 1日,CT確認・MRI未確認
40,1018530,無床診療所,医療法人かわもと胃腸内科クリニック,医療法人かわもと胃腸内科クリニック,福岡県福岡市城南区別府三丁目２番３３号,False,True,False,16-63列CT,,令和 2年 3月 1日,CT確認・MRI未確認
40,1022052,無床診療所,フカガワクリニック,フカガワクリニック,福岡県福岡市早良区西新二丁目７番８号ラクレイス西新２階,False,True,False,16-63列CT,,平成24年12月 1日,CT確認・MRI未確認
40,1022136,無床診療所,天神総合クリニック,天神総合クリニック,福岡県福岡市中央区今泉一丁目２２番２０－７０１号,False,True,False,16-63列CT,,令和元年 9月 1日,CT確認・MRI未確認
40,1022532,無床診療所,大濠パーククリニック,大濠パーククリニック,福岡県福岡市中央区大濠公園２番３５号,False,True,False,16-63列CT,,平成26年 4月 1日,CT確認・MRI未確認
40,1023274,無床診療所,藤崎メディカルクリニック,藤崎メディカルクリニック,福岡県福岡市早良区藤崎１丁目１番３２号ＧＡＴＥ　ＨＯＰＥ　藤崎２階,False,True,False,16-63列CT,,平成28年 6月 1日,CT確認・MRI未確認
40,1023589,無床診療所,熊手脳神経外科クリニック,熊手脳神経外科クリニック,福岡市西区今宿駅前一丁目２番３２号,False,True,False,16-63列CT,,令和 5年 2月 1日,CT確認・MRI未確認
40,1023845,無床診療所,はしぐち脳神経クリニック,はしぐち脳神経クリニック,福岡市西区愛宕４丁目１４－１９,False,True,True,16-63列CT,1.5-3T MRI,平成29年10月 1日,CT+MRI確認
40,1023902,無床診療所,福岡スポーツクリニック 西都,福岡スポーツクリニック　西都,福岡市西区西都２丁目４番８号,False,True,False,16-63列CT,,平成29年11月 1日,CT確認・MRI未確認
40,1024611,無床診療所,六本松通りクリニック,六本松通りクリニック,福岡市中央区草香江２丁目１－６ＡＴＲＩＡ六本松１階,False,False,True,,1.5-3T MRI,令和元年10月 1日,MRI確認・CT未確認
40,1024793,無床診療所,まるもと脳神経外科クリニック,まるもと脳神経外科クリニック,福岡市西区周船寺１丁目５－２５,False,False,True,,1.5-3T MRI,令和 2年 1月 1日,MRI確認・CT未確認
40,1025055,無床診療所,ひらやま内科クリニック,ひらやま内科クリニック,福岡市西区福重４丁目７－６　３階,False,True,False,16-63列CT,,令和 2年 7月 1日,CT確認・MRI未確認
40,1025238,無床診療所,とみた内科クリニック,とみた内科クリニック,福岡市中央区小笹四丁目４番５号,False,True,False,16-63列CT,,令和 2年12月 1日,CT確認・MRI未確認
40,1026228,無床診療所,福岡西脳神経外科,福岡西脳神経外科,福岡市早良区小田部７丁目１３－５　２階,False,True,True,16-63列CT,1.5-3T MRI,令和 5年 4月 1日,CT+MRI確認
40,1026244,無床診療所,医療法人環栄会南條内科,医療法人環栄会南條内科,福岡市早良区野芥七丁目１７番２１号,False,True,False,16-63列CT,,令和 5年 3月 1日,CT確認・MRI未確認
40,1026269,無床診療所,医療法人健和会 おばた内科クリニック,医療法人健和会　おばた内科クリニック,福岡市早良区田村５丁目１６－３８,False,False,True,,1.5-3T MRI,令和 5年 4月 1日,MRI確認・CT未確認
40,1026343,無床診療所,佐野クリニック,佐野クリニック,福岡市西区周船寺一丁目８番３９号,False,True,False,16-63列CT,,令和 5年12月 1日,CT確認・MRI未確認
40,1026392,無床診療所,薬院河島脳神経外科クリニック,薬院河島脳神経外科クリニック,福岡市中央区薬院１－２－２－１０１,False,False,True,,1.5-3T MRI,令和 5年 7月 1日,MRI確認・CT未確認
40,1026434,無床診療所,福岡リハ西都クリニック スポーツ・整形外科,福岡リハ西都クリニック　スポーツ・整形外科,福岡市西区北原２丁目８番１３号,False,False,True,,1.5-3T MRI,令和 5年 7月 1日,MRI確認・CT未確認
40,1026459,無床診療所,ガーデンシティ健診プラザ,ガーデンシティ健診プラザ,福岡市中央区大名二丁目６番５０号福岡大名ガーデンシティ・タワー５階,False,True,False,16-63列CT,,令和 5年 7月 1日,CT確認・MRI未確認
40,1026681,無床診療所,医療法人 しまだ内科・循環器クリニック,医療法人　しまだ内科・循環器クリニック,福岡市中央区六本松４丁目２番２号,False,True,False,16-63列CT,,令和 6年 1月 1日,CT確認・MRI未確認
40,1026749,無床診療所,あかぎ脳神経外科,あかぎ脳神経外科,福岡市西区今宿３丁目６－５,False,True,True,16-63列CT,1.5-3T MRI,令和 6年 5月 1日,CT+MRI確認
40,1026806,無床診療所,長尾医院,長尾医院,福岡市城南区長尾１丁目３番１号,False,True,False,16-63列CT,,令和 6年 5月 1日,CT確認・MRI未確認
40,1026863,無床診療所,ながよしホームクリニック,ながよしホームクリニック,福岡市西区野方１丁目４－１,False,True,False,16-63列CT,,令和 6年 4月 1日,CT確認・MRI未確認
40,1026939,無床診療所,福岡天神頭痛と肺のクリニック,福岡天神頭痛と肺のクリニック,福岡市中央区天神２丁目１４－１３－１Ｆ,False,True,False,16-63列CT,,令和 6年12月 1日,CT確認・MRI未確認
40,1026970,無床診療所,ベルいやしの呼吸器内科・内科,ベルいやしの呼吸器内科・内科,福岡市早良区小田部七丁目１６番１号,False,True,False,16-63列CT,,令和 6年 5月 1日,CT確認・MRI未確認
40,1027291,無床診療所,天神脳神経外科クリニック,天神脳神経外科クリニック,福岡市中央区舞鶴一丁目３番１９号,False,False,True,,1.5-3T MRI,令和 7年 4月 1日,MRI確認・CT未確認
40,1027416,無床診療所,ももち浜 いけだクリニック,ももち浜　いけだクリニック,福岡市早良区百道浜４丁目１３番２号,False,True,False,16-63列CT,,令和 7年 5月 1日,CT確認・MRI未確認
40,1027721,無床診療所,中村脳神経外科クリニック,中村脳神経外科クリニック,福岡市城南区神松寺２丁目１２－６,False,True,False,16-63列CT,,令和 7年 9月 1日,CT確認・MRI未確認
40,1027820,無床診療所,ささき内科・胃腸クリニック,ささき内科・胃腸クリニック,福岡市中央区白金２丁目１１－９ＣＲ福岡ビル,False,True,False,16-63列CT,,令和 7年10月 1日,CT確認・MRI未確認
40,1027861,無床診療所,さわらクリニック,さわらクリニック,福岡市早良区小田部２－６－１２,False,False,True,,1.5-3T MRI,令和 8年 2月 1日,MRI確認・CT未確認
40,1119148,無床診療所,天神クリニック,天神クリニック,福岡県福岡市中央区天神二丁目１２番１号,False,True,False,16-63列CT,,平成29年 4月 1日,CT確認・MRI未確認
40,1213867,無床診療所,医療法人光竹会 大橋ごう脳神経外科・脳神経内科クリニック,医療法人光竹会　大橋ごう脳神経外科・脳神経内科クリニック,福岡県福岡市南区大橋１丁目９－１６,False,True,True,16-63列CT,1.5-3T MRI,令和 5年 6月 1日,CT+MRI確認
40,1213917,無床診療所,医療法人鳳鳴会 吉田醫院,医療法人鳳鳴会　吉田醫院,福岡県福岡市南区長丘３丁目２０－１８,False,True,False,16-63列CT,,平成24年 7月 1日,CT確認・MRI未確認
40,1214311,無床診療所,平尾 ごう脳神経外科クリニック,平尾　ごう脳神経外科クリニック,福岡市南区大楠２丁目８番２９号,False,True,True,16-63列CT,1.5-3T MRI,令和 6年10月 1日,CT+MRI確認
40,1214360,無床診療所,医療法人 松田脳神経外科クリニック,医療法人　松田脳神経外科クリニック,福岡市南区寺塚一丁目１７番１０号,False,True,False,16-63列CT,,平成29年 4月 1日,CT確認・MRI未確認
40,1214394,無床診療所,竹山ファミリークリニック,竹山ファミリークリニック,福岡市南区五十川二丁目２６番５号,False,True,False,16-63列CT,,平成29年 5月 1日,CT確認・MRI未確認
40,1214618,無床診療所,うちだ内視鏡・内科クリニック,うちだ内視鏡・内科クリニック,福岡市南区中尾３丁目４７番２号,False,True,False,16-63列CT,,令和 2年 7月 1日,CT確認・MRI未確認
40,1219849,無床診療所,医療法人真祥会 吉永脳神経外科クリニック,医療法人真祥会　吉永脳神経外科クリニック,福岡県福岡市南区井尻２丁目２２番５号,False,False,True,,1.5-3T MRI,平成26年 1月 1日,MRI確認・CT未確認
40,1229285,無床診療所,労衛研健診センター,労衛研健診センター,福岡県福岡市南区那の川１丁目１１－２７,False,True,False,16-63列CT,,令和 5年 8月 1日,CT確認・MRI未確認
40,1229335,無床診療所,いしつか脳神経クリニック,いしつか脳神経クリニック,福岡市南区清水２丁目８番１４号,False,False,True,,1.5-3T MRI,令和 2年11月 1日,MRI確認・CT未確認
40,1229681,無床診療所,医療法人 仁清会 しんかい内科・内視鏡クリニック,医療法人　仁清会　しんかい内科・内視鏡クリニック,福岡市南区高宮１丁目１番２３号ＣＩＤＮＡＬ　ＴＨＥ　ＰＬＡＣＥ　２０３号室,False,True,False,16-63列CT,,令和 7年 5月 1日,CT確認・MRI未確認
40,1229715,無床診療所,ごう脳神経画像診断クリニック,ごう脳神経画像診断クリニック,福岡市南区若久１丁目１番６号,False,True,True,16-63列CT,1.5-3T MRI,令和 7年11月 1日,CT+MRI確認
40,1419316,無床診療所,きむら内科・脳神経クリニック,きむら内科・脳神経クリニック,太宰府市高雄１丁目３６９２番１,False,True,True,16-63列CT,1.5-3T MRI,令和 6年 3月 1日,CT+MRI確認
40,1419357,無床診療所,たてあきクリニック,たてあきクリニック,太宰府市大佐野６丁目２番２号,False,True,False,16-63列CT,,令和 7年 4月 1日,CT確認・MRI未確認
40,1510841,無床診療所,さもと脳神経外科クリニック,さもと脳神経外科クリニック,福岡県大野城市上大利５丁目２番１２号,False,True,False,4-15列CT,,平成24年 4月 1日,CT確認・MRI未確認
40,1611029,無床診療所,天神山クリニック,天神山クリニック,福岡県春日市天神山２丁目１５０番地,False,True,False,16-63列CT,,平成24年 6月 1日,CT確認・MRI未確認
40,1611086,無床診療所,池田脳神経外科,池田脳神経外科,福岡県春日市小倉１－１,False,False,True,,1.5-3T MRI,平成29年 9月 1日,MRI確認・CT未確認
40,1611425,無床診療所,クリニック ホームドクターズ,クリニック　ホームドクターズ,春日市須玖南四丁目３０番地,False,True,False,16-63列CT,,令和 4年 1月 1日,CT確認・MRI未確認
40,1619360,無床診療所,医療法人 陣の内脳神経外科クリニック,医療法人　陣の内脳神経外科クリニック,福岡県春日市春日原北町３－６３,False,False,True,,1.5-3T MRI,平成24年 6月 1日,MRI確認・CT未確認
40,1619386,無床診療所,医療法人 たけの内科クリニック,医療法人　たけの内科クリニック,福岡県春日市春日原北町三丁目６３番地１,False,True,False,16-63列CT,,令和元年 8月 1日,CT確認・MRI未確認
40,1619634,無床診療所,ふじき内科・脳神経クリニック,ふじき内科・脳神経クリニック,春日市春日３丁目１３７番,False,False,True,,1.5-3T MRI,令和 7年 8月 1日,MRI確認・CT未確認
40,1711266,無床診療所,はら脳神経外科医院,はら脳神経外科医院,福岡県筑紫野市二日市西１丁目４番５号,False,True,False,16-63列CT,,平成24年12月 1日,CT確認・MRI未確認
40,1711308,無床診療所,クリニック仁,クリニック仁,福岡県筑紫野市紫２丁目４－１,False,False,True,,1.5-3T MRI,平成24年 4月 1日,MRI確認・CT未確認
40,1719293,無床診療所,医療法人 つかさ会 よこみぞ医院,医療法人　つかさ会　よこみぞ医院,福岡県筑紫野市大字立明寺５０６番地の５,False,True,False,16-63列CT,,平成24年 6月 1日,CT確認・MRI未確認
40,1719368,無床診療所,医療法人 山本医院,医療法人　山本医院,福岡県筑紫野市美しが丘南６丁目２番地１,False,True,False,16-63列CT,,平成30年 1月 1日,CT確認・MRI未確認
40,1719509,無床診療所,たけしたクリニック,たけしたクリニック,筑紫野市二日市中央三丁目２番２１号,False,True,True,16-63列CT,1.5-3T MRI,令和 6年11月 1日,CT+MRI確認
40,1812015,無床診療所,つちもち脳神経外科・内科クリニック,つちもち脳神経外科・内科クリニック,福岡県那珂川市片縄２丁目１２サンシャイン那珂川１階,False,True,False,16-63列CT,,平成25年11月 1日,CT確認・MRI未確認
40,1819085,無床診療所,前野クリニック,前野クリニック,福岡県那珂川市仲１丁目５６番地,False,True,False,16-63列CT,,平成30年10月 1日,CT確認・MRI未確認
40,1819259,無床診療所,吉田クリニック,吉田クリニック,那珂川市中原４－５３－２,False,True,True,16-63列CT,1.5-3T MRI,令和 4年 4月 1日,CT+MRI確認
40,2010783,無床診療所,医療法人 祐喜会 森内科神経内科医院,医療法人　祐喜会　森内科神経内科医院,福岡県糸島市高田二丁目２１番２２,False,True,False,4-15列CT,,令和 6年 6月 1日,CT確認・MRI未確認
40,2011195,無床診療所,あだち脳神経外科クリニック,あだち脳神経外科クリニック,糸島市志摩津和崎６０,False,False,True,,1.5-3T MRI,平成29年 1月 1日,MRI確認・CT未確認
40,2019388,無床診療所,医療法人ＯＭＣ 大塚内科神経内科医院,医療法人ＯＭＣ　大塚内科神経内科医院,福岡県糸島市前原中央２丁目４番１７号,False,True,False,16-63列CT,,平成27年 1月 1日,CT確認・MRI未確認
40,2019602,無床診療所,糸島武内クリニック,糸島武内クリニック,糸島市南風台８－７－１０,False,True,False,16-63列CT,,令和 4年 5月 1日,CT確認・MRI未確認
40,2019628,無床診療所,みんなのクリニック,みんなのクリニック,糸島市伊都の杜一丁目６番６号,False,True,False,16-63列CT,,令和 4年11月 1日,CT確認・MRI未確認
40,2019701,無床診療所,まつおか前原内科,まつおか前原内科,糸島市前原西四丁目５番２８号,False,True,False,16-63列CT,,令和 8年 4月 1日,CT確認・MRI未確認
40,2111276,無床診療所,古川脳神経外科医院,古川脳神経外科医院,福岡県八女市馬場６０３番,False,True,False,4-15列CT,,平成28年 1月 1日,CT確認・MRI未確認
40,2214690,無床診療所,かたやまクリニック,かたやまクリニック,福岡県久留米市大善寺町宮本３５８,False,True,False,4-15列CT,,平成28年 3月 1日,CT確認・MRI未確認
40,2215614,無床診療所,医療法人メディトラスト やの医院,医療法人メディトラスト　やの医院,福岡県久留米市善導寺町与田３９２番地１,False,True,False,16-63列CT,,平成24年 6月 1日,CT確認・MRI未確認
40,2218147,無床診療所,医療法人慈心会香月内科ハートクリニック,医療法人慈心会香月内科ハートクリニック,福岡県久留米市善導寺町飯田７１１番地,False,True,False,16-63列CT,,令和 3年 1月 1日,CT確認・MRI未確認
40,2219863,無床診療所,医療法人すわの会 山下脳神経外科医院,医療法人すわの会　山下脳神経外科医院,福岡県久留米市諏訪野町１６２１番地,False,True,False,4-15列CT,,令和 4年11月 1日,CT確認・MRI未確認
40,2319283,無床診療所,医療法人 つつみ脳神経外科クリニック,医療法人　つつみ脳神経外科クリニック,福岡県筑後市大字蔵数６４２番地７,False,True,True,16-63列CT,1.5-3T MRI,平成28年11月 1日,CT+MRI確認
40,2319291,無床診療所,医療法人伊藤医院,医療法人伊藤医院,筑後市大字前津９０番１,False,True,False,16-63列CT,,令和 4年 1月 1日,CT確認・MRI未確認
40,2319309,無床診療所,寺﨑脳神経外科,寺﨑脳神経外科,筑後市大字山ノ井７５４番地１,False,True,False,16-63列CT,,令和 3年 2月 1日,CT確認・MRI未確認
40,2419232,無床診療所,医療法人 甘木第一クリニック,医療法人　甘木第一クリニック,福岡県朝倉市頓田５９６番地３,False,True,False,16-63列CT,,令和 2年 4月 1日,CT確認・MRI未確認
40,2419307,無床診療所,朝倉市国民健康保険直営診療所,朝倉市国民健康保険直営診療所,福岡県朝倉市古毛５８５,False,True,False,16-63列CT,,平成29年12月 1日,CT確認・MRI未確認
40,2610707,無床診療所,ヨシタケ脳神経外科クリニック,ヨシタケ脳神経外科クリニック,福岡県小郡市小郡字町口１５０４－１０,False,False,True,,1.5-3T MRI,平成27年 5月 1日,MRI確認・CT未確認
40,2610731,無床診療所,河原内科クリニック,河原内科クリニック,福岡県小郡市小郡６７０－１,False,True,False,16-63列CT,,平成31年 3月 1日,CT確認・MRI未確認
40,2710606,無床診療所,医療法人 下津浦内科医院,医療法人　下津浦内科医院,福岡県久留米市東町４９６番地,False,True,False,16-63列CT,,平成29年 1月 1日,CT確認・MRI未確認
40,2710622,無床診療所,医療法人 姉川脳神経外科,医療法人　姉川脳神経外科,福岡県久留米市野中町１４４９番地３,False,True,True,4-15列CT,1.5-3T MRI,平成29年 6月 1日,CT+MRI確認
40,2711539,無床診療所,医療法人 桜康会 三宮整形外科医院,医療法人　桜康会　三宮整形外科医院,福岡県久留米市諏訪野町１７７５－２,False,False,True,,1.5-3T MRI,令和 4年 2月 1日,MRI確認・CT未確認
40,2711588,無床診療所,ひまわりＡクリニック,ひまわりＡクリニック,福岡県久留米市宮ノ陣四丁目４番７号,False,True,False,16-63列CT,,令和 7年 1月 1日,CT確認・MRI未確認
40,2712156,無床診療所,医療法人ファミリークリニック陽なた,医療法人ファミリークリニック陽なた,福岡県久留米市梅満町１２５３番地１,False,True,False,16-63列CT,,平成28年 1月 1日,CT確認・MRI未確認
40,2712255,無床診療所,あさひクリニック,あさひクリニック,久留米市上津町１０５番地９,False,True,False,16-63列CT,,令和 2年 2月 1日,CT確認・MRI未確認
40,2712271,無床診療所,白地整形外科・スポーツクリニック,白地整形外科・スポーツクリニック,久留米市御井町２１５９－１,False,False,True,,1.5-3T MRI,平成29年 7月 1日,MRI確認・CT未確認
40,2712487,無床診療所,さとうメディカルクリニック,さとうメディカルクリニック,久留米市東合川２丁目５番４２号,False,True,False,16-63列CT,,令和 2年 1月 1日,CT確認・MRI未確認
40,2712727,無床診療所,医療法人まつもと医院,医療法人まつもと医院,久留米市上津一丁目１０番２６号,False,True,False,16-63列CT,,令和 4年 4月 1日,CT確認・MRI未確認
40,2712974,無床診療所,ささき内科 呼吸器 糖尿病クリニック,ささき内科　呼吸器　糖尿病クリニック,久留米市合川町十三部２９－５,False,True,False,16-63列CT,,令和 7年11月 1日,CT確認・MRI未確認
40,3119203,無床診療所,医療法人 中村クリニック,医療法人　中村クリニック,福岡県朝倉郡筑前町東小田１５３１－１,False,True,False,16-63列CT,,平成29年 5月 1日,CT確認・MRI未確認
40,3210135,無床診療所,ふくしま整形外科リハビリテーション＆スポーツクリニック,ふくしま整形外科リハビリテーション＆スポーツクリニック,福岡県三井郡大刀洗町大字高樋２４７７番地３,False,False,True,,1.5-3T MRI,令和 4年 4月 1日,MRI確認・CT未確認
40,3510989,無床診療所,久英会クリニック,久英会クリニック,福岡県八女郡広川町大字新代１３８９－１２８,False,True,False,4-15列CT,,平成24年 4月 1日,CT確認・MRI未確認
40,3519121,無床診療所,医療法人合原会合原医院,医療法人合原会合原医院,福岡県八女郡広川町大字長延６０８番地の２,False,True,False,16-63列CT,,平成28年 2月 1日,CT確認・MRI未確認
40,4211470,無床診療所,いまいずみ内科・脳神経内科,いまいずみ内科・脳神経内科,福岡県みやま市高田町江浦５８６番地２,False,True,False,16-63列CT,,令和 7年 5月 1日,CT確認・MRI未確認
40,4219218,無床診療所,山内医院,山内医院,福岡県みやま市瀬高町大江１６９４番地,False,True,False,16-63列CT,,平成30年 5月 1日,CT確認・MRI未確認
40,4319257,無床診療所,医療法人弓削クリニック,医療法人弓削クリニック,福岡県柳川市間６５１番１,False,True,False,16-63列CT,,令和元年 9月 1日,CT確認・MRI未確認
40,4414215,無床診療所,くさかべまき内科クリニック,くさかべまき内科クリニック,福岡県大牟田市大字宮崎字乙屋敷２７７６－１,False,True,False,4-15列CT,,平成27年 1月 1日,CT確認・MRI未確認
40,4419701,無床診療所,医療法人 吉岡クリニック,医療法人　吉岡クリニック,福岡県大牟田市曙町７番地２,False,True,False,16-63列CT,,平成30年 6月 1日,CT確認・MRI未確認
40,4429544,無床診療所,しろもと整形外科スポーツ・リハビリクリニック,しろもと整形外科スポーツ・リハビリクリニック,大牟田市小浜町１－３－１１,False,False,True,,1.5-3T MRI,令和 8年 4月 1日,MRI確認・CT未確認
40,5119250,無床診療所,医療法人 木原医院,医療法人　木原医院,福岡県鞍手郡鞍手町大字中山３６６０番地の１,False,True,False,16-63列CT,,令和 6年10月 1日,CT確認・MRI未確認
40,5119409,無床診療所,加来医院,加来医院,鞍手郡小竹町勝野３３２９番地１,False,True,False,16-63列CT,,令和 7年12月 1日,CT確認・MRI未確認
40,5319330,無床診療所,医療法人 赤池協同医院,医療法人　赤池協同医院,福岡県田川郡福智町赤池５２１番地１８,False,True,False,16-63列CT,,令和 2年12月 1日,CT確認・MRI未確認
40,5319355,無床診療所,医療法人 富士見ケ丘内科循環器科医院,医療法人　富士見ケ丘内科循環器科医院,福岡県田川郡大任町大字今任原４１３９番地１４２,False,True,False,16-63列CT,,平成28年10月 1日,CT確認・MRI未確認
40,5319447,無床診療所,福智町立 方城診療所,福智町立　方城診療所,福岡県田川郡福智町弁城２２３９番地１０,False,True,False,16-63列CT,,平成30年 3月 1日,CT確認・MRI未確認
40,5411392,無床診療所,直方おなかぽんぽん内科クリニック,直方おなかぽんぽん内科クリニック,福岡県直方市知古１４０８－５,False,True,False,16-63列CT,,平成26年10月 1日,CT確認・MRI未確認
40,5419197,無床診療所,青見胃腸・内視鏡内科クリニック,青見胃腸・内視鏡内科クリニック,福岡県直方市大字上新入２４９０－７,False,True,False,16-63列CT,,平成28年12月 1日,CT確認・MRI未確認
40,5419296,無床診療所,医療法人 伊東内科循環器科医院,医療法人　伊東内科循環器科医院,福岡県直方市新知町４７１番地２,False,True,False,4-15列CT,,平成31年 1月 1日,CT確認・MRI未確認
40,5419320,無床診療所,医療法人 ことぶき会 川波医院,医療法人　ことぶき会　川波医院,福岡県直方市津田町１１番３２号,False,True,False,16-63列CT,,平成24年12月 1日,CT確認・MRI未確認
40,5419361,無床診療所,医療法人 田代医院,医療法人　田代医院,福岡県直方市溝堀３丁目５番４１号,False,True,False,16-63列CT,,平成25年 1月 1日,CT確認・MRI未確認
40,5419437,無床診療所,医療法人裕和 かつき脳外科整形外科,医療法人裕和　かつき脳外科整形外科,福岡県直方市感田４１５番地４,False,True,False,16-63列CT,,令和 7年 9月 1日,CT確認・MRI未確認
40,5512256,無床診療所,松浦医院,松浦医院,福岡県飯塚市飯塚１９－２０,False,True,False,16-63列CT,,平成28年 4月 1日,CT確認・MRI未確認
40,5512272,無床診療所,梶原クリニック,梶原クリニック,福岡県飯塚市宮町１－８,False,True,False,16-63列CT,,平成25年12月 1日,CT確認・MRI未確認
40,5512579,無床診療所,医療法人 牛島診療所,医療法人　牛島診療所,福岡県飯塚市小正４６３番地６,False,True,False,4-15列CT,,平成24年 8月 1日,CT確認・MRI未確認
40,5512629,無床診療所,医療法人 西園内科クリニック,医療法人　西園内科クリニック,福岡県飯塚市小正４０番地１,False,True,False,16-63列CT,,令和 6年 3月 1日,CT確認・MRI未確認
40,5512983,無床診療所,医療法人 健蘭会 石橋外科内科医院,医療法人　健蘭会　石橋外科内科医院,飯塚市伊岐須８４７番地５,False,True,False,16-63列CT,,令和元年 6月 1日,CT確認・MRI未確認
40,5519335,無床診療所,医療法人 西原内科消化器科クリニック,医療法人　西原内科消化器科クリニック,福岡県飯塚市新立岩４－１０,False,True,False,16-63列CT,,平成24年 4月 1日,CT確認・MRI未確認
40,5519459,無床診療所,医療法人 越智外科胃腸科医院,医療法人　越智外科胃腸科医院,福岡県飯塚市柏の森６１８番地,False,True,False,16-63列CT,,平成24年 4月 1日,CT確認・MRI未確認
40,5519798,無床診療所,柴田みえこ内科・神経内科クリニック,柴田みえこ内科・神経内科クリニック,飯塚市鶴三緒１５４７－１０,False,True,False,16-63列CT,,令和 5年 4月 1日,CT確認・MRI未確認
40,5619515,無床診療所,藤下医院,藤下医院,福岡県田川市大字奈良１５８７番地９２,False,True,False,16-63列CT,,令和 2年 1月 1日,CT確認・MRI未確認
40,5810114,無床診療所,医療法人 志成会 祷若宮医院,医療法人　志成会　祷若宮医院,福岡県宮若市沼口９６７番地１,False,True,False,16-63列CT,,平成26年 1月 1日,CT確認・MRI未確認
40,5810130,無床診療所,医療法人 藤井医院,医療法人　藤井医院,福岡県宮若市本城４３６番地,False,False,True,,1.5-3T MRI,平成26年10月 1日,MRI確認・CT未確認
40,6119317,無床診療所,医療法人 おのむら医院,医療法人　おのむら医院,福岡県遠賀郡芦屋町白浜町２－１０,False,True,False,4-15列CT,,平成24年 6月 1日,CT確認・MRI未確認
40,6119481,無床診療所,医療法人 西尾脳神経外科,医療法人　西尾脳神経外科,福岡県遠賀郡遠賀町今古賀５９８番地１,False,False,True,,1.5-3T MRI,平成28年 1月 1日,MRI確認・CT未確認
40,6219141,無床診療所,医療法人 むた医院,医療法人　むた医院,福岡県中間市中鶴４丁目９番８号,False,True,False,16-63列CT,,平成24年 5月 1日,CT確認・MRI未確認
40,6219174,無床診療所,医療法人 岩尾内科医院,医療法人　岩尾内科医院,福岡県中間市中尾１丁目１番７号,False,True,False,16-63列CT,,令和 4年 4月 1日,CT確認・MRI未確認
40,6411813,無床診療所,城戸内科クリニック,城戸内科クリニック,福岡県北九州市戸畑区天神１－６－２１,False,True,False,16-63列CT,,令和 3年 5月 1日,CT確認・MRI未確認
40,6411938,無床診療所,にし脳神経外科クリニック,にし脳神経外科クリニック,福岡県北九州市戸畑区沖台１丁目６番３７号,False,True,True,16-63列CT,1.5-3T MRI,令和 4年 2月 1日,CT+MRI確認
40,6412068,無床診療所,つくし循環器内科,つくし循環器内科,北九州市戸畑区千防２丁目６－２４,False,True,False,16-63列CT,,平成30年 9月 1日,CT確認・MRI未確認
40,6419527,無床診療所,宗前匠脳神経外科医院,宗前匠脳神経外科医院,北九州市戸畑区一枝２丁目３－２５,False,True,True,16-63列CT,1.5-3T MRI,令和 5年11月 1日,CT+MRI確認
40,6511711,無床診療所,佐藤医院,佐藤医院,福岡県北九州市若松区鴨生田２丁目９－１２,False,True,False,16-63列CT,,平成24年 6月 1日,CT確認・MRI未確認
40,6519292,無床診療所,医療法人 末吉脳神経外科医院,医療法人　末吉脳神経外科医院,福岡県北九州市若松区高須東四丁目３番３４号,False,True,True,16-63列CT,1.5-3T MRI,令和 5年12月 1日,CT+MRI確認
40,6616734,無床診療所,後藤医院,後藤医院,福岡県北九州市八幡西区浅川二丁目１５番２０号,False,True,False,16-63列CT,,平成27年10月 1日,CT確認・MRI未確認
40,6617203,無床診療所,医療法人 つるたクリニック,医療法人　つるたクリニック,福岡県北九州市八幡西区岩崎４丁目５番５号,False,True,False,16-63列CT,,令和 5年 2月 1日,CT確認・MRI未確認
40,6617385,無床診療所,医療法人 前川整形外科医院,医療法人　前川整形外科医院,福岡県北九州市八幡西区浅川学園台三丁目１０番８号,False,False,True,,1.5-3T MRI,平成24年 5月 1日,MRI確認・CT未確認
40,6618110,無床診療所,医療法人千寿クリニック,医療法人千寿クリニック,福岡県北九州市八幡西区紅梅３丁目１番５号,False,True,False,16-63列CT,,令和 4年 4月 1日,CT確認・MRI未確認
40,6618607,無床診療所,医療法人 末次医院,医療法人　末次医院,福岡県北九州市八幡西区下上津役四丁目２２番２７号,False,True,False,4-15列CT,,平成31年 2月 1日,CT確認・MRI未確認
40,6618615,無床診療所,千代クリニック,千代クリニック,福岡県北九州市八幡西区千代１－７－３,False,True,False,16-63列CT,,平成25年11月 1日,CT確認・MRI未確認
40,6618722,無床診療所,髙砂脳神経外科クリニック,髙砂脳神経外科クリニック,福岡県北九州市八幡西区鉄竜１丁目３－２,False,True,False,16-63列CT,,令和 3年 7月 1日,CT確認・MRI未確認
40,6618771,無床診療所,医療法人 永犬丸むらかみ内科クリニック,医療法人　永犬丸むらかみ内科クリニック,福岡県北九州市八幡西区八枝三丁目１２番３号,False,True,False,16-63列CT,,令和 5年 1月 1日,CT確認・MRI未確認
40,6618789,無床診療所,医療法人 愛明会 もりぞの内科,医療法人　愛明会　もりぞの内科,福岡県北九州市八幡西区上上津役二丁目１４－１７,False,True,False,16-63列CT,,令和 7年 8月 1日,CT確認・MRI未確認
40,6618821,無床診療所,医療法人 清家渉クリニック,医療法人　清家渉クリニック,福岡県北九州市八幡西区則松一丁目６番１７号,False,True,False,16-63列CT,,平成31年 3月 1日,CT確認・MRI未確認
40,6618839,無床診療所,医療法人広福会 ひろた消化器科・内科クリニック,医療法人広福会　ひろた消化器科・内科クリニック,福岡県北九州市八幡西区竹末２丁目１番２８号,False,True,False,16-63列CT,,令和 2年 9月 1日,CT確認・MRI未確認
40,6618953,無床診療所,医療法人 医生ヶ丘クリニック,医療法人　医生ヶ丘クリニック,福岡県北九州市八幡西区力丸町１１－２２,False,True,False,16-63列CT,,平成28年 3月 1日,CT確認・MRI未確認
40,6619449,無床診療所,医療法人 黒崎吉田医院,医療法人　黒崎吉田医院,福岡県北九州市八幡西区黒崎３丁目４－３,False,True,False,16-63列CT,,平成27年11月 1日,CT確認・MRI未確認
40,6629844,無床診療所,北九州産業衛生診療所,北九州産業衛生診療所,福岡県北九州市八幡東区東田一丁目４番８号,False,True,False,16-63列CT,,平成28年 3月 1日,CT確認・MRI未確認
40,6710636,無床診療所,大島呼吸器内科クリニック,大島呼吸器内科クリニック,福岡県北九州市八幡西区熊手２－３－１３　太陽生命八幡ビル１Ｆ,False,True,False,16-63列CT,,平成27年 7月 1日,CT確認・MRI未確認
40,6710917,無床診療所,前川整形外科スポーツクリニック,前川整形外科スポーツクリニック,北九州市八幡西区藤原一丁目２番７号,False,False,True,,1.5-3T MRI,令和元年 7月 1日,MRI確認・CT未確認
40,6711279,無床診療所,さかいメディカルクリニック,さかいメディカルクリニック,北九州市八幡西区山寺町１１－８,False,True,False,16-63列CT,,令和 5年 5月 1日,CT確認・MRI未確認
40,6711287,無床診療所,おのＫクリニック,おのＫクリニック,北九州市八幡西区鷹の巣一丁目６番１７号,False,True,False,16-63列CT,,令和 5年 7月 1日,CT確認・MRI未確認
40,6711378,無床診療所,ルナクリニック,ルナクリニック,北九州市八幡西区菅原町２番１３号,False,False,True,,1.5-3T MRI,令和 6年 4月 1日,MRI確認・CT未確認
40,6711410,無床診療所,きたがわ脳神経外科,きたがわ脳神経外科,北九州市八幡西区本城学研台３丁目１０番１５号,False,True,True,16-63列CT,1.5-3T MRI,令和 7年 1月 1日,CT+MRI確認
40,7319239,無床診療所,いのうえ内科クリニック,いのうえ内科クリニック,京都郡苅田町神田町１丁目２６－８,False,True,False,16-63列CT,,令和 3年 2月 1日,CT確認・MRI未確認
40,7410772,無床診療所,公益社団法人豊前築上医師会 健康管理所,公益社団法人豊前築上医師会　健康管理所,福岡県豊前市大字八屋１７７６番地４,False,True,False,16-63列CT,,令和 6年11月 1日,CT確認・MRI未確認
40,7519093,無床診療所,医療法人 井手口医院,医療法人　井手口医院,福岡県行橋市大字高瀬２２８－４,False,True,False,16-63列CT,,令和元年 5月 1日,CT確認・MRI未確認
40,7519218,無床診療所,医療法人 正薫会 上垣脳神経外科医院,医療法人　正薫会　上垣脳神経外科医院,福岡県行橋市大字高瀬１９９－５,False,True,False,16-63列CT,,平成28年 4月 1日,CT確認・MRI未確認
40,7519549,無床診療所,おくなが脳神経外科クリニック,おくなが脳神経外科クリニック,行橋市中央二丁目１０番１６号,False,True,True,4-15列CT,1.5-3T MRI,令和 7年 5月 1日,CT+MRI確認
40,7717705,無床診療所,松永脳神経外科クリニック,松永脳神経外科クリニック,福岡県北九州市小倉北区下到津５丁目８－２４,False,True,False,4-15列CT,,平成26年10月 1日,CT確認・MRI未確認
40,7718067,無床診療所,医療法人里会 はやし内科・胃腸科クリニック,医療法人里会　はやし内科・胃腸科クリニック,福岡県北九州市小倉南区横代北町１－３－３２,False,True,False,16-63列CT,,平成24年 4月 1日,CT確認・MRI未確認
40,7718364,無床診療所,医療法人都栄会みどりヶ丘クリニック,医療法人都栄会みどりヶ丘クリニック,福岡県北九州市小倉北区日明二丁目１７番１５号,False,True,False,16-63列CT,,令和 3年10月 1日,CT確認・MRI未確認
40,7719404,無床診療所,北九州健診診療所,北九州健診診療所,福岡県北九州市小倉北区室町３丁目１番２号,False,True,False,16-63列CT,,平成28年 2月 1日,CT確認・MRI未確認
40,7719990,無床診療所,医療法人 政所クリニック,医療法人　政所クリニック,福岡県北九州市小倉南区守恒１丁目１１－８,False,True,False,16-63列CT,,令和 7年 5月 1日,CT確認・MRI未確認
40,7810724,無床診療所,医療法人 やぎゅうクリニック,医療法人　やぎゅうクリニック,福岡県北九州市小倉南区葛原５丁目６番３２号,False,True,False,16-63列CT,,平成24年 9月 1日,CT確認・MRI未確認
40,7810823,無床診療所,かたやま脳外科内科クリニック,かたやま脳外科内科クリニック,福岡県北九州市小倉南区企救丘３丁目１７番３号,False,True,False,16-63列CT,,令和 5年 9月 1日,CT確認・MRI未確認
40,7810849,無床診療所,医療法人 山口クリニック,医療法人　山口クリニック,福岡県北九州市小倉南区田原新町２丁目１２番１７号,False,True,False,16-63列CT,,令和 8年 4月 1日,CT確認・MRI未確認
40,7811474,無床診療所,医療法人 仁風会 うえだ泌尿器科,医療法人　仁風会　うえだ泌尿器科,北九州市小倉南区葛原本町１－１－１１　１階,False,True,False,16-63列CT,,令和 3年 6月 1日,CT確認・MRI未確認
40,7910284,無床診療所,西田クリニック,西田クリニック,福岡県北九州市小倉北区田町１２－１９,False,True,False,16-63列CT,,平成28年11月 1日,CT確認・MRI未確認
40,7910359,無床診療所,医療法人ありどめ内科クリニック,医療法人ありどめ内科クリニック,福岡県北九州市小倉北区井堀３丁目１－１３,False,True,False,16-63列CT,,平成30年11月 1日,CT確認・MRI未確認
40,7910458,無床診療所,まこと脳神経外科クリニック,まこと脳神経外科クリニック,福岡県北九州市小倉北区片野新町二丁目１４番１０号,False,False,True,,1.5-3T MRI,令和 3年 4月 1日,MRI確認・CT未確認
40,7910714,無床診療所,山鹿クリニック,山鹿クリニック,福岡県北九州市小倉北区香春口１－１３－１,False,True,False,16-63列CT,,令和 3年12月 1日,CT確認・MRI未確認
40,7910797,無床診療所,医療法人 あすなろ内科クリニック,医療法人　あすなろ内科クリニック,福岡県北九州市小倉北区下富野５丁目２６番２８号,False,True,False,16-63列CT,,平成30年 4月 1日,CT確認・MRI未確認
40,7911076,無床診療所,医療法人 おさき内科・呼吸器科クリニック,医療法人　おさき内科・呼吸器科クリニック,福岡県北九州市小倉北区江南町２番２６－１０１号,False,True,False,16-63列CT,,令和元年 9月 1日,CT確認・MRI未確認
40,7912009,無床診療所,森林クリニック,森林クリニック,北九州市小倉北区霧ケ丘二丁目９番３３号,False,True,True,16-63列CT,1.5-3T MRI,令和元年12月 1日,CT+MRI確認
40,7912389,無床診療所,こくらリウマチ科・内科クリニック,こくらリウマチ科・内科クリニック,北九州市小倉北区中井５丁目１８－１４,False,True,False,16-63列CT,,令和 6年 2月 1日,CT確認・MRI未確認
40,7912397,無床診療所,ほしの内科・呼吸器内科クリニック,ほしの内科・呼吸器内科クリニック,北九州市小倉北区清水一丁目１２番１４号,False,True,False,16-63列CT,,令和 6年 1月 1日,CT確認・MRI未確認
40,7912546,無床診療所,村岡内科消化器科クリニック,村岡内科消化器科クリニック,北九州市小倉北区浅野２－１８－１５,False,True,False,16-63列CT,,令和 7年 4月 1日,CT確認・MRI未確認
40,7912587,無床診療所,合馬脳神経内科クリニック,合馬脳神経内科クリニック,北九州市小倉北区下富野１－１０－１６,False,False,True,,1.5-3T MRI,令和 7年12月 1日,MRI確認・CT未確認
40,7912611,無床診療所,畠山整形外科スポーツクリニック,畠山整形外科スポーツクリニック,北九州市小倉北区上到津四丁目２４－２４,False,False,True,,1.5-3T MRI,令和 8年 3月 1日,MRI確認・CT未確認
41,0114289,無床診療所,医療法人社団 恵風会 西村医院,医療法人社団　恵風会　西村医院,佐賀市兵庫町大字瓦町９７１番地,False,True,False,16-63列CT,,平成27年 6月 1日,CT確認・MRI未確認
41,0116854,無床診療所,しげた総合診療クリニック,しげた総合診療クリニック,佐賀市大和町大字川上３２３－１,False,True,False,16-63列CT,,平成28年 8月 1日,CT確認・MRI未確認
41,0116953,無床診療所,医療法人 夢咲クリニック,医療法人　夢咲クリニック,佐賀市兵庫北一丁目８番２３号,False,True,False,16-63列CT,,令和元年 7月 1日,CT確認・MRI未確認
41,0117084,無床診療所,医療法人 尽心会 百武整形外科・スポーツクリニック,医療法人　尽心会　百武整形外科・スポーツクリニック,佐賀市水ケ江４丁目２番１５号,False,True,True,16-63列CT,1.5-3T MRI,平成27年 5月 1日,CT+MRI確認
41,0117381,無床診療所,佐賀県健康づくり財団 佐賀県健診・検査センター,佐賀県健康づくり財団　佐賀県健診・検査センター,佐賀市水ケ江一丁目１２番１０号,False,True,False,16-63列CT,,令和 4年 9月 1日,CT確認・MRI未確認
41,0117548,無床診療所,医療法人 正和会 志田内科,医療法人　正和会　志田内科,佐賀市水ケ江二丁目７番２３号,False,True,False,16-63列CT,,令和 5年 8月 1日,CT確認・MRI未確認
41,0117654,無床診療所,おおいし脳・神経リハクリニック,おおいし脳・神経リハクリニック,佐賀市鍋島町森田６０５番地５,False,True,False,16-63列CT,,令和 2年 1月 1日,CT確認・MRI未確認
41,0117829,無床診療所,さかえまち整形外科,さかえまち整形外科,佐賀市駅前中央１－４－１７コムボックス佐賀駅前２Ｆ,False,False,True,,1.5-3T MRI,令和 3年 6月 1日,MRI確認・CT未確認
41,0117910,無床診療所,かとうクリニック内科・呼吸器内科,かとうクリニック内科・呼吸器内科,佐賀市本庄町大字末次２９－１２,False,True,False,16-63列CT,,令和 4年 5月 6日,CT確認・MRI未確認
41,0117944,無床診療所,萩原脳神経外科クリニック,萩原脳神経外科クリニック,佐賀市木原一丁目２４番３８号,False,True,True,16-63列CT,1.5-3T MRI,令和 8年 4月 1日,CT+MRI確認
41,0213040,無床診療所,医療法人社団 三浦医院,医療法人社団　三浦医院,唐津市呼子町殿ノ浦吹上１２３番地,False,True,False,16-63列CT,,令和元年 7月 1日,CT確認・MRI未確認
41,0213313,無床診療所,たじま脳神経外科クリニック,たじま脳神経外科クリニック,唐津市坊主町５３２番地２,False,True,True,16-63列CT,1.5-3T MRI,令和 2年 8月 1日,CT+MRI確認
41,0312016,無床診療所,医療法人 なかしまクリニック,医療法人　なかしまクリニック,鳥栖市蔵上町６６５番地１,False,True,False,16-63列CT,,平成28年 3月 1日,CT確認・MRI未確認
41,0312180,無床診療所,医療法人 せとじまクリニック,医療法人　せとじまクリニック,鳥栖市真木町１９７４番地４,False,True,False,16-63列CT,,平成25年10月 1日,CT確認・MRI未確認
41,0312560,無床診療所,医療法人 鳥越脳神経外科クリニック,医療法人　鳥越脳神経外科クリニック,鳥栖市藤木町１４５０番地６,False,True,True,16-63列CT,1.5-3T MRI,平成30年11月 1日,CT+MRI確認
41,0312628,無床診療所,玄々堂内科・呼吸器内科,玄々堂内科・呼吸器内科,鳥栖市神辺町１５７４番地２,False,True,False,16-63列CT,,令和 2年 4月13日,CT確認・MRI未確認
41,0312677,無床診療所,おかむら内科,おかむら内科,鳥栖市古野町１７６－５,False,True,False,16-63列CT,,令和 7年 7月 1日,CT確認・MRI未確認
41,0610880,無床診療所,野口脳神経外科,野口脳神経外科,武雄市武雄町大字昭和３１０番地,False,True,False,16-63列CT,,平成25年 4月 1日,CT確認・MRI未確認
41,0611136,無床診療所,副島整形外科クリニック,副島整形外科クリニック,武雄市武雄町大字富岡７７２４番地１,False,True,False,16-63列CT,,令和 6年 7月 1日,CT確認・MRI未確認
41,0611367,無床診療所,中川内医院,中川内医院,武雄市武内町真手野２８１８０番地１,False,True,False,16-63列CT,,平成26年 3月 1日,CT確認・MRI未確認
41,1011146,無床診療所,みやはら・好川総合クリニック,みやはら・好川総合クリニック,佐賀市久保田町大字新田１４６８番地,False,True,False,16-63列CT,,令和 6年 1月 1日,CT確認・MRI未確認
41,1011583,無床診療所,いのうえ内科泌尿器科クリニック,いのうえ内科泌尿器科クリニック,佐賀市久保田町大字徳万１６３９番地１,False,True,False,16-63列CT,,令和 3年 2月 1日,CT確認・MRI未確認
41,1210953,無床診療所,平井内科,平井内科,三養基郡上峰町大字坊所２７３３番地１,False,True,False,16-63列CT,,令和 2年 1月 1日,CT確認・MRI未確認
41,1310993,無床診療所,医療法人 野田好生医院,医療法人　野田好生医院,小城市小城町栗原５番地４,False,True,True,16-63列CT,1.5-3T MRI,平成28年10月 1日,CT+MRI確認
41,1311074,無床診療所,医療法人 修和会 村岡内科医院,医療法人　修和会　村岡内科医院,小城市牛津町牛津７３４番地１,False,True,False,16-63列CT,,令和 5年 3月 1日,CT確認・MRI未確認
41,1311173,無床診療所,医療法人 まえだ脳神経外科・眼科クリニック,医療法人　まえだ脳神経外科・眼科クリニック,小城市三日月町長神田２１７３番地２,False,True,True,16-63列CT,1.5-3T MRI,平成29年10月 1日,CT+MRI確認
41,1311215,無床診療所,医療法人 孟子会 ひろおか内科・脳神経クリニック,医療法人　孟子会　ひろおか内科・脳神経クリニック,小城市三日月町久米１２９５番地２,False,False,True,,1.5-3T MRI,平成29年 3月 1日,MRI確認・CT未確認
41,1411361,無床診療所,医療法人 あおぞら胃腸科,医療法人　あおぞら胃腸科,唐津市浜玉町浜崎８０３番地,False,True,False,16-63列CT,,平成24年 8月 1日,CT確認・MRI未確認
41,1411387,無床診療所,医療法人 田渕医院,医療法人　田渕医院,東松浦郡玄海町大字諸浦６番地１,False,True,False,16-63列CT,,平成28年 8月 1日,CT確認・MRI未確認
41,1510519,無床診療所,馬渡クリニック,馬渡クリニック,西松浦郡有田町本町丙１０８０番地１,False,True,False,16-63列CT,,平成26年12月 1日,CT確認・MRI未確認
41,1611432,無床診療所,溝口医院,溝口医院,杵島郡白石町大字戸ケ里１７８０番地,False,True,False,16-63列CT,,令和 5年 2月 1日,CT確認・MRI未確認
41,1611663,無床診療所,しろいし脳神経外科,しろいし脳神経外科,杵島郡白石町大字福吉１８４３番１,False,True,True,16-63列CT,1.5-3T MRI,令和 5年 1月16日,CT+MRI確認
41,9811331,無床診療所,九州国際重粒子線がん治療センター,九州国際重粒子線がん治療センター,鳥栖市原古賀町３０４９番地,False,True,True,16-63列CT,1.5-3T MRI,平成25年 6月 1日,CT+MRI確認
42,0161206,無床診療所,医療法人 田村内科神経内科油木坂クリニック,医療法人　田村内科神経内科油木坂クリニック,長崎市油木町８番４８号,False,True,False,16-63列CT,,平成30年 9月 1日,CT確認・MRI未確認
42,0162311,無床診療所,医療法人 福田ゆたか外科医院,医療法人　福田ゆたか外科医院,長崎市浜口町３番５号,False,True,False,16-63列CT,,平成27年 7月 1日,CT確認・MRI未確認
42,0165884,無床診療所,医療法人 もり脳神経外科クリニック,医療法人　もり脳神経外科クリニック,長崎市新大工町５番７号,False,False,True,,1.5-3T MRI,平成24年 4月 1日,MRI確認・CT未確認
42,0167641,無床診療所,サイノオ脳神経外科,サイノオ脳神経外科,長崎市築町５番１４号トラッド中央橋２階,False,True,False,16-63列CT,,平成27年 4月 1日,CT確認・MRI未確認
42,0167872,無床診療所,春回会クリニック,春回会クリニック,長崎市目覚町７番２号ＨＣＳ長崎ビル６階,False,True,False,16-63列CT,,平成29年10月 1日,CT確認・MRI未確認
42,0168078,無床診療所,かご町サトウ医院,かご町サトウ医院,長崎市籠町８番４１号,False,True,False,16-63列CT,,令和 2年 2月 1日,CT確認・MRI未確認
42,0168151,無床診療所,高原中央医院,高原中央医院,長崎市諏訪町６番２４号,False,True,False,16-63列CT,,令和 3年 4月 1日,CT確認・MRI未確認
42,0168276,無床診療所,かまだ脳神経外科 長崎駅前クリニック,かまだ脳神経外科　長崎駅前クリニック,長崎市尾上町８番４４号　２Ｆ,False,False,True,,1.5-3T MRI,令和 4年12月 1日,MRI確認・CT未確認
42,0224954,無床診療所,尾崎脳神経外科医院,尾崎脳神経外科医院,佐世保市瀬戸越町１２９９,False,True,False,4-15列CT,,平成25年10月 1日,CT確認・MRI未確認
42,0225399,無床診療所,医療法人社団 松添胃腸科外科総合診療クリニック,医療法人社団　松添胃腸科外科総合診療クリニック,佐世保市光月町１番２６号,False,True,False,16-63列CT,,平成28年 9月 1日,CT確認・MRI未確認
42,0226223,無床診療所,あかがき内科循環器科,あかがき内科循環器科,佐世保市萩坂町１７４１番地,False,True,False,16-63列CT,,平成29年 8月 1日,CT確認・MRI未確認
42,0226538,無床診療所,松本脳神経外科医院,松本脳神経外科医院,佐世保市広田１丁目１０番７号,False,True,False,4-15列CT,,平成24年 4月 1日,CT確認・MRI未確認
42,0227783,無床診療所,臼ノ浦ＣＴ診療所,臼ノ浦ＣＴ診療所,佐世保市小佐々町臼ノ浦２５５－１１,False,True,False,16-63列CT,,平成28年10月 1日,CT確認・MRI未確認
42,0228161,無床診療所,ひろせ脳神経外科・頭痛クリニック,ひろせ脳神経外科・頭痛クリニック,佐世保市湊町４－１３　３Ｆ,False,True,True,16-63列CT,1.5-3T MRI,令和 7年 3月 1日,CT+MRI確認
42,0321347,無床診療所,かわはら内科胃腸科医院,かわはら内科胃腸科医院,島原市坂上町７５４３－１,False,True,False,16-63列CT,,平成24年10月 1日,CT確認・MRI未確認
42,0422913,無床診療所,山田クリニック,山田クリニック,諫早市飯盛町開１８２５番地１,False,True,False,16-63列CT,,令和元年10月 1日,CT確認・MRI未確認
42,0423291,無床診療所,たにおか脳神経外科,たにおか脳神経外科,諫早市小川町１２６３－１,False,True,True,16-63列CT,1.5-3T MRI,令和 2年 6月 1日,CT+MRI確認
42,0521508,無床診療所,医療法人 みね内科クリニック,医療法人　みね内科クリニック,大村市富の原１丁目１１０１番地３,False,True,False,16-63列CT,,平成29年 5月 1日,CT確認・MRI未確認
42,0521672,無床診療所,くすもと内科クリニック,くすもと内科クリニック,大村市古賀島町８０番地１,False,True,False,16-63列CT,,令和 3年10月 1日,CT確認・MRI未確認
42,0522084,無床診療所,はら脳神経外科,はら脳神経外科,大村市富の原２丁目３５０－１,False,True,False,4-15列CT,,平成25年11月 1日,CT確認・MRI未確認
42,0522191,無床診療所,おおむら海辺のクリニック,おおむら海辺のクリニック,大村市杭出津１丁目８２６－１７,False,True,False,16-63列CT,,令和 7年 5月 1日,CT確認・MRI未確認
42,0522282,無床診療所,大村腎クリニック,大村腎クリニック,大村市東三城町７－１２,False,True,False,16-63列CT,,令和 2年 8月 1日,CT確認・MRI未確認
42,0522365,無床診療所,さくらクリニック,さくらクリニック,大村市池田１丁目５０番地１,False,True,False,16-63列CT,,令和 6年 6月 1日,CT確認・MRI未確認
42,0620714,無床診療所,南町脳神経外科クリニック,南町脳神経外科クリニック,五島市武家屋敷１丁目１１９番５,False,True,False,16-63列CT,,平成30年 8月 1日,CT確認・MRI未確認
42,1123783,無床診療所,長崎腎クリニック,長崎腎クリニック,西彼杵郡時津町浦郷２７２番１４号,False,True,False,16-63列CT,,平成30年 8月 1日,CT確認・MRI未確認
42,1124070,無床診療所,社会福祉法人 福医会 さいかいクリニック,社会福祉法人　福医会　さいかいクリニック,西海市大島町１８７６－５９,False,True,False,16-63列CT,,平成24年 4月 1日,CT確認・MRI未確認
42,1124187,無床診療所,せいひ中央クリニック,せいひ中央クリニック,西海市西彼町鳥加郷２２０１番地２,False,True,False,16-63列CT,,平成29年 5月 1日,CT確認・MRI未確認
42,1220951,無床診療所,医療法人社団 田渕医院,医療法人社団　田渕医院,東彼杵郡川棚町白石郷７番地８,False,True,False,16-63列CT,,平成31年 1月 1日,CT確認・MRI未確認
42,1221025,無床診療所,医療法人 カナザワ内科クリニック,医療法人　カナザワ内科クリニック,東彼杵郡川棚町下組郷３９１ー２,False,True,False,16-63列CT,,令和 7年 2月 1日,CT確認・MRI未確認
42,1221116,無床診療所,小鳥居内科・脳神経内科クリニック,小鳥居内科・脳神経内科クリニック,東彼杵郡波佐見町岳辺田郷４６９,False,True,False,16-63列CT,,令和元年 6月 1日,CT確認・MRI未確認
42,1422169,無床診療所,医療法人社団穂仁会 よこた医院,医療法人社団穂仁会　よこた医院,雲仙市瑞穂町西郷辛１１７２,False,True,False,16-63列CT,,平成24年 4月 1日,CT確認・MRI未確認
42,1422177,無床診療所,医療法人 坂上整形外科,医療法人　坂上整形外科,南島原市有家町山川３７８番地１,False,True,False,16-63列CT,,令和 5年 9月 1日,CT確認・MRI未確認
42,1521580,無床診療所,医療法人純健会 しおざわ内科消化器科,医療法人純健会　しおざわ内科消化器科,平戸市田平町小手田免９４６,False,True,False,16-63列CT,,平成28年 5月 1日,CT確認・MRI未確認
42,1521663,無床診療所,世知原クリニック,世知原クリニック,佐世保市世知原町栗迎１５５ー１,False,True,False,16-63列CT,,令和 6年 4月 1日,CT確認・MRI未確認
42,1521853,無床診療所,佐々中央クリニック,佐々中央クリニック,北松浦郡佐々町市場免４４,False,True,False,16-63列CT,,令和 4年 2月 1日,CT確認・MRI未確認
42,1720729,無床診療所,医療法人 護州会 品川内科医院,医療法人　護州会　品川内科医院,壱岐市勝本町西戸触１８０－１,False,True,False,16-63列CT,,令和 8年 3月 1日,CT確認・MRI未確認
42,8124123,無床診療所,新上五島町新魚目国民健康保険診療所,新上五島町新魚目国民健康保険診療所,南松浦郡新上五島町小串郷１４８０番地１,False,True,False,16-63列CT,,平成24年11月 1日,CT確認・MRI未確認
42,8124545,無床診療所,長崎県上五島病院附属診療所 有川医療センター,長崎県上五島病院附属診療所　有川医療センター,南松浦郡新上五島町有川郷２２５５番地,False,True,False,16-63列CT,,平成24年 4月 1日,CT確認・MRI未確認
42,8124552,無床診療所,長崎市野母崎診療所,長崎市野母崎診療所,長崎市野母町２２８３番地７,False,True,False,16-63列CT,,平成26年 2月 1日,CT確認・MRI未確認
42,8124560,無床診療所,長崎県上五島病院附属診療所 奈良尾医療センター,長崎県上五島病院附属診療所　奈良尾医療センター,南松浦郡新上五島町奈良尾郷字新港１０００,False,True,False,16-63列CT,,平成24年 4月 1日,CT確認・MRI未確認
43,0120029,無床診療所,総合保健センター,総合保健センター,熊本市東区東町４－１１－２,False,True,False,16-63列CT,,令和 3年 8月 1日,CT確認・MRI未確認
43,0120722,無床診療所,桜間脳神経外科,桜間脳神経外科,熊本市中央区妙体寺町５－２,False,True,True,4-15列CT,1.5-3T MRI,平成24年10月 1日,CT+MRI確認
43,0121241,無床診療所,緒方消化器内科,緒方消化器内科,熊本市中央区通町２３,False,True,False,16-63列CT,,平成28年12月 1日,CT確認・MRI未確認
43,0121274,無床診療所,そのだ脳神経外科消化器内科,そのだ脳神経外科消化器内科,熊本市東区画図町所島１３５－１,False,True,False,16-63列CT,,平成24年 4月 1日,CT確認・MRI未確認
43,0122447,無床診療所,三の宮内科泌尿器科医院,三の宮内科泌尿器科医院,熊本市北区龍田１ー１６ー１,False,True,False,4-15列CT,,平成30年12月 1日,CT確認・MRI未確認
43,0122546,無床診療所,井内科クリニック,井内科クリニック,熊本市中央区水前寺４丁目３０の２３,False,True,False,16-63列CT,,令和 6年 8月 1日,CT確認・MRI未確認
43,0122850,無床診療所,さとう胃腸内科クリニック,さとう胃腸内科クリニック,熊本市北区西梶尾町４５２ー３,False,True,False,16-63列CT,,平成24年 9月 1日,CT確認・MRI未確認
43,0122967,無床診療所,村田外科・胃腸科・ひふ科医院,村田外科・胃腸科・ひふ科医院,熊本市中央区本山１－５－１６,False,True,False,4-15列CT,,平成25年12月 1日,CT確認・MRI未確認
43,0123304,無床診療所,土井内科クリニック,土井内科クリニック,熊本市南区砂原町３４１,False,True,False,16-63列CT,,令和 2年 6月 1日,CT確認・MRI未確認
43,0123361,無床診療所,田尻クリニック,田尻クリニック,熊本市中央区水前寺２丁目６番３号,False,True,False,16-63列CT,,平成25年 3月 1日,CT確認・MRI未確認
43,0123528,無床診療所,広重クリニック,広重クリニック,熊本市東区新外２丁目５番１５号,False,True,False,16-63列CT,,令和 4年 4月 1日,CT確認・MRI未確認
43,0123973,無床診療所,井上整形外科クリニック,井上整形外科クリニック,熊本市中央区琴平本町３番４３号,False,True,True,16-63列CT,1.5-3T MRI,平成24年 4月 1日,CT+MRI確認
43,0124781,無床診療所,東部クリニック,東部クリニック,熊本市東区秋津新町１－２８,False,True,False,4-15列CT,,平成24年 4月 1日,CT確認・MRI未確認
43,0125135,無床診療所,沢田内科医院,沢田内科医院,熊本市中央区帯山４－２１－２２,False,True,False,16-63列CT,,平成25年 4月 1日,CT確認・MRI未確認
43,0125705,無床診療所,守屋医院,守屋医院,熊本市東区若葉３ー９ー２,False,True,False,16-63列CT,,令和元年12月 1日,CT確認・MRI未確認
43,0126109,無床診療所,西部脳神経外科内科,西部脳神経外科内科,熊本市西区上代７－２９－２０,False,True,True,16-63列CT,1.5-3T MRI,平成30年11月 1日,CT+MRI確認
43,0126356,無床診療所,髙田千年クリニック,髙田千年クリニック,熊本市中央区新町１－８－１７,False,True,True,16-63列CT,1.5-3T MRI,令和 5年10月 1日,CT+MRI確認
43,0126364,無床診療所,あかりＰＥＴ画像診断クリニック,あかりＰＥＴ画像診断クリニック,熊本市中央区出水７－３６－２５,False,True,False,16-63列CT,,平成26年10月 1日,CT確認・MRI未確認
43,0126752,無床診療所,川尻尾﨑内科,川尻尾﨑内科,熊本市南区川尻５－１－６２,False,True,False,16-63列CT,,令和 4年 7月 1日,CT確認・MRI未確認
43,0127545,無床診療所,桜木頭痛クリニック,桜木頭痛クリニック,熊本市東区桜木４－１７－１７,False,False,True,,1.5-3T MRI,平成26年 9月 1日,MRI確認・CT未確認
43,0128378,無床診療所,師井医院,師井医院,熊本市北区植木町植木５０４番地,False,True,False,16-63列CT,,平成28年 4月 1日,CT確認・MRI未確認
43,0128444,無床診療所,田原坂クリニック,田原坂クリニック,熊本市北区植木町平原２１２,False,True,False,16-63列CT,,平成25年 1月 1日,CT確認・MRI未確認
43,0311180,無床診療所,堤病院附属九日町診療所,堤病院附属九日町診療所,人吉市九日町１００,False,True,False,16-63列CT,,令和 2年11月 1日,CT確認・MRI未確認
43,0311255,無床診療所,外山内科,外山内科,人吉市二日町２２,False,True,False,16-63列CT,,平成26年 4月 1日,CT確認・MRI未確認
43,0311297,無床診療所,小林脳神経外科,小林脳神経外科,人吉市宝来町１２８５－５,False,True,True,16-63列CT,1.5-3T MRI,令和 3年 1月 1日,CT+MRI確認
43,0411584,無床診療所,ふじさわクリニック,ふじさわクリニック,荒尾市四ッ山町三丁目６番３号,False,True,False,4-15列CT,,平成31年 1月 1日,CT確認・MRI未確認
43,0411600,無床診療所,ひらやま医院,ひらやま医院,荒尾市増永２７３７－３,False,True,False,16-63列CT,,平成27年 1月 1日,CT確認・MRI未確認
43,0411618,無床診療所,四ツ山クリニック,四ツ山クリニック,荒尾市四ツ山町３－１－４,False,True,False,16-63列CT,,平成30年 1月 1日,CT確認・MRI未確認
43,0510948,無床診療所,市川内科クリニック,市川内科クリニック,水俣市南福寺３－１,False,True,False,16-63列CT,,平成26年 9月 1日,CT確認・MRI未確認
43,0511003,無床診療所,渕上クリニック,渕上クリニック,水俣市塩浜町２－４７,False,True,False,4-15列CT,,平成27年 5月 1日,CT確認・MRI未確認
43,0511094,無床診療所,水俣協立クリニック,水俣協立クリニック,水俣市桜井町２－２－１２,False,True,False,16-63列CT,,令和 8年 7月 1日,CT確認・MRI未確認
43,1210027,無床診療所,中村医院,中村医院,上天草市大矢野町上３９１－１,False,True,False,16-63列CT,,令和 3年 7月 1日,CT確認・MRI未確認
43,1210258,無床診療所,上天草整形外科専門クリニック,上天草整形外科専門クリニック,上天草市大矢野町中字宮島１３１４番地１,False,True,False,16-63列CT,,令和 6年 7月 1日,CT確認・MRI未確認
43,1310090,無床診療所,徳永内科小児科クリニック,徳永内科小児科クリニック,山鹿市山鹿１４７８－２,False,True,False,16-63列CT,,平成24年 9月 1日,CT確認・MRI未確認
43,1310165,無床診療所,東内科小児科医院,東内科小児科医院,山鹿市方保田３１４５－６,False,True,False,16-63列CT,,平成24年 4月 1日,CT確認・MRI未確認
43,1310355,無床診療所,きくか松岡クリニック,きくか松岡クリニック,山鹿市菊鹿町宮原８６－４,False,True,False,16-63列CT,,平成31年 1月 1日,CT確認・MRI未確認
43,1310454,無床診療所,幸村医院,幸村医院,山鹿市鹿央町合里４１１,False,True,False,16-63列CT,,平成28年 4月 1日,CT確認・MRI未確認
43,1410205,無床診療所,中村医院,中村医院,宇城市松橋町砂川１７２８,False,True,False,4-15列CT,,平成27年11月 1日,CT確認・MRI未確認
43,1410239,無床診療所,泉胃腸科外科医院,泉胃腸科外科医院,宇城市松橋町松橋１９４１,False,True,False,16-63列CT,,令和元年10月 1日,CT確認・MRI未確認
43,1410346,無床診療所,まつばせ児嶋クリニック,まつばせ児嶋クリニック,宇城市松橋町きらら２－５－４,False,True,False,16-63列CT,,平成26年 1月 1日,CT確認・MRI未確認
43,1410536,無床診療所,松橋耳鼻咽喉科・内科クリニック,松橋耳鼻咽喉科・内科クリニック,宇城市松橋町きらら２丁目２番１５号,False,True,False,16-63列CT,,平成28年 5月 1日,CT確認・MRI未確認
43,1410643,無床診療所,宇城総合クリニック,宇城総合クリニック,宇城市松橋町豊福５０５番地,False,True,False,16-63列CT,,令和 5年 4月 1日,CT確認・MRI未確認
43,1410684,無床診療所,篠﨑内科クリニック,篠﨑内科クリニック,宇城市松橋町曲野字南田２２７５番地１,False,True,False,16-63列CT,,令和 8年 1月 1日,CT確認・MRI未確認
43,1710521,無床診療所,八代市医師会健診センター,八代市医師会健診センター,八代市平山新町４４３８－５,False,True,False,16-63列CT,,令和 2年 9月 1日,CT確認・MRI未確認
43,1711404,無床診療所,浜田呼吸器科内科クリニック,浜田呼吸器科内科クリニック,八代市大村町１１１３－５,False,True,False,16-63列CT,,平成30年10月 1日,CT確認・MRI未確認
43,1711438,無床診療所,ふくとみクリニック,ふくとみクリニック,八代市花園町６－１,False,True,False,16-63列CT,,平成29年10月 1日,CT確認・MRI未確認
43,1711487,無床診療所,西医院,西医院,八代市郡築四番町４６,False,True,False,4-15列CT,,平成26年 8月 1日,CT確認・MRI未確認
43,1711537,無床診療所,放射線科・内科 まきたクリニック,放射線科・内科　まきたクリニック,八代市竹原町１４３９番地２,False,True,False,16-63列CT,,平成25年 3月 1日,CT確認・MRI未確認
43,1711610,無床診療所,八代ハートクリニック,八代ハートクリニック,八代市錦町１０番地１,False,True,False,16-63列CT,,平成29年 3月 1日,CT確認・MRI未確認
43,1711693,無床診療所,ごとう脳神経外科・痛みのクリニック,ごとう脳神経外科・痛みのクリニック,八代市松江城町６－３１　１階,False,False,True,,1.5-3T MRI,令和元年11月 1日,MRI確認・CT未確認
43,1810156,無床診療所,浦田医院,浦田医院,玉名市岩崎１０２３－３,False,True,False,16-63列CT,,令和 4年 2月 1日,CT確認・MRI未確認
43,1810636,無床診療所,ひがし成人・循環器内科クリニック,ひがし成人・循環器内科クリニック,玉名市岩崎６６５－１－１,False,True,False,16-63列CT,,平成24年 4月 1日,CT確認・MRI未確認
43,1810776,無床診療所,玉名脳神経外科医院,玉名脳神経外科医院,玉名市岩崎字灰島１１－１,False,True,False,16-63列CT,,令和 5年 8月 1日,CT確認・MRI未確認
43,1910535,無床診療所,くまもと免疫統合医療クリニック,くまもと免疫統合医療クリニック,合志市竹迫２２４９番地２,False,True,False,16-63列CT,,令和 4年 9月 1日,CT確認・MRI未確認
43,2010483,無床診療所,松本内科・眼科,松本内科・眼科,天草市久玉町５７１６－６,False,True,False,16-63列CT,,平成24年 6月 1日,CT確認・MRI未確認
43,2411210,無床診療所,西山クリニック,西山クリニック,玉名郡長洲町清源寺２７９４－１,False,True,False,16-63列CT,,平成26年12月 1日,CT確認・MRI未確認
43,2411228,無床診療所,安成医院,安成医院,玉名郡玉東町木葉７５５ー６,False,True,False,16-63列CT,,令和元年 7月 1日,CT確認・MRI未確認
43,2411301,無床診療所,いまおかクリニック,いまおかクリニック,玉名郡長洲町宮野１４６８番地１,False,True,False,4-15列CT,,平成30年 5月 1日,CT確認・MRI未確認
43,2612403,無床診療所,河野内科クリニック,河野内科クリニック,菊池郡菊陽町津久礼下沖野３０１１－４,False,True,False,16-63列CT,,平成31年 4月 1日,CT確認・MRI未確認
43,2612619,無床診療所,たぶち内科循環器科,たぶち内科循環器科,菊池郡菊陽町光の森３－１７－３,False,True,False,16-63列CT,,平成28年 1月 1日,CT確認・MRI未確認
43,2612718,無床診療所,つくれクリニック,つくれクリニック,菊池郡菊陽町大字津久礼２５２８番地５,False,True,False,16-63列CT,,令和 5年 3月 1日,CT確認・MRI未確認
43,2612841,無床診療所,はなぶさクリニック,はなぶさクリニック,菊池郡大津町大字引水１９６番地１９,False,True,False,16-63列CT,,令和元年10月 1日,CT確認・MRI未確認
43,2612957,無床診療所,岡本内科・呼吸器内科クリニック,岡本内科・呼吸器内科クリニック,菊池郡大津町大字室２１３番地９,False,True,False,16-63列CT,,令和 5年 4月 1日,CT確認・MRI未確認
43,2612973,無床診療所,くろかわクリニック,くろかわクリニック,菊池郡菊陽町大字原水２９１２番地１,False,True,False,16-63列CT,,令和 5年 8月 1日,CT確認・MRI未確認
43,2811302,無床診療所,砥川クリニック,砥川クリニック,上益城郡益城町砥川１７２６,False,True,True,16-63列CT,1.5-3T MRI,平成26年11月 1日,CT+MRI確認
43,2811310,無床診療所,髙本脳神経外科医院,髙本脳神経外科医院,上益城郡益城町惣領１３１６,False,True,False,16-63列CT,,令和 6年 1月 1日,CT確認・MRI未確認
43,2811419,無床診療所,たなか内科眼科,たなか内科眼科,上益城郡嘉島町鯰１８９８－３,False,True,False,16-63列CT,,平成27年10月 1日,CT確認・MRI未確認
43,2811674,無床診療所,榊田泌尿器科外科医院,榊田泌尿器科外科医院,上益城郡御船町御船９０３,False,True,False,16-63列CT,,令和 4年 3月 1日,CT確認・MRI未確認
43,2811740,無床診療所,のざき消化器ＩＢＤクリニック,のざき消化器ＩＢＤクリニック,上益城郡益城町広崎１５７２番地１,False,True,False,16-63列CT,,令和 6年11月 1日,CT確認・MRI未確認
43,2811831,無床診療所,たばた内科・心臓クリニック,たばた内科・心臓クリニック,上益城郡嘉島町上島２６６６番地,False,True,False,16-63列CT,,令和 7年10月 1日,CT確認・MRI未確認
43,3010565,無床診療所,芦北クリニック,芦北クリニック,葦北郡芦北町湯浦字生田４１７－１,False,True,False,16-63列CT,,平成30年 8月 1日,CT確認・MRI未確認
43,3111116,無床診療所,脳神経外科 小林クリニック,脳神経外科　小林クリニック,球磨郡錦町西３６０４番地１０６,False,True,True,16-63列CT,1.5-3T MRI,平成27年 6月 1日,CT+MRI確認
43,3111132,無床診療所,古城クリニック,古城クリニック,球磨郡水上村大字岩野字石原２６７５番地１,False,True,False,4-15列CT,,平成26年 2月12日,CT確認・MRI未確認
43,7110221,無床診療所,花畑クリニック,花畑クリニック,熊本市中央区花畑町１－５,False,True,False,16-63列CT,,令和 6年 9月 1日,CT確認・MRI未確認
43,7110437,無床診療所,大和クリニック,大和クリニック,熊本市中央区九品寺１丁目１４－１７,False,True,False,16-63列CT,,平成29年 5月 1日,CT確認・MRI未確認
43,7110783,無床診療所,京町台クリニック,京町台クリニック,熊本市中央区京町二丁目８番４５号,False,True,False,16-63列CT,,令和 3年 6月 1日,CT確認・MRI未確認
43,7110809,無床診療所,あけぼの第２クリニック,あけぼの第２クリニック,熊本市中央区本山１丁目６番１９号,False,True,False,16-63列CT,,令和 3年 4月 1日,CT確認・MRI未確認
43,7110957,無床診療所,メディメッセ桜十字クリニック,メディメッセ桜十字クリニック,熊本市中央区平成３丁目２３番３０号サンリブシティくまなん３階,False,True,True,16-63列CT,1.5-3T MRI,令和 4年 9月 1日,CT+MRI確認
43,7111047,無床診療所,まえはらクリニック,まえはらクリニック,熊本市中央区出水４丁目２５番２８号,False,True,False,16-63列CT,,令和 6年 1月 1日,CT確認・MRI未確認
43,7210187,無床診療所,わかばクリニック,わかばクリニック,熊本市東区若葉２丁目１３番１６号,False,True,False,16-63列CT,,令和 5年 8月 1日,CT確認・MRI未確認
43,7210476,無床診療所,平山ハートクリニック,平山ハートクリニック,熊本市東区佐土原３丁目１１番１０１号,False,True,False,64-127列CT,,令和 2年 7月 1日,CT確認・MRI未確認
43,7210575,無床診療所,ソラクリニック,ソラクリニック,熊本市東区佐土原２－７－１,False,True,False,16-63列CT,,令和元年10月 1日,CT確認・MRI未確認
43,7210856,無床診療所,みうら脳神経クリニック,みうら脳神経クリニック,熊本市東区佐土原３丁目１１番７７号,False,True,True,16-63列CT,1.5-3T MRI,令和 7年 4月 1日,CT+MRI確認
43,7210898,無床診療所,上村第二透析ステーション,上村第二透析ステーション,熊本市東区長嶺南１丁目２番１０号,False,True,False,16-63列CT,,令和 8年 4月 1日,CT確認・MRI未確認
43,7310128,無床診療所,蓮台寺クリニック,蓮台寺クリニック,熊本市西区蓮台寺３丁目４番３号,False,True,False,16-63列CT,,令和 2年11月 1日,CT確認・MRI未確認
43,7410308,無床診療所,くまもと南耳鼻咽喉科クリニック,くまもと南耳鼻咽喉科クリニック,熊本市南区城南町隈庄９４３番地１,False,True,False,16-63列CT,,令和 4年 1月 1日,CT確認・MRI未確認
43,7410357,無床診療所,しもむらクリニック,しもむらクリニック,熊本市南区島町四丁目４番１号,False,True,True,16-63列CT,1.5-3T MRI,令和 5年 1月 1日,CT+MRI確認
43,7410365,無床診療所,よりクリニック,よりクリニック,熊本市南区御幸西２丁目３ー７５,False,True,False,16-63列CT,,令和 5年 4月 1日,CT確認・MRI未確認
43,7410423,無床診療所,佐々木脳神経外科,佐々木脳神経外科,熊本市南区荒尾１丁目１６番６号,False,True,False,16-63列CT,,令和 8年 6月 1日,CT確認・MRI未確認
43,7510222,無床診療所,むさし内科クリニック,むさし内科クリニック,熊本市北区楠６丁目１番１号,False,True,False,16-63列CT,,令和 2年 6月 1日,CT確認・MRI未確認
43,7510271,無床診療所,いちもり内科・糖尿病内科クリニック,いちもり内科・糖尿病内科クリニック,熊本市北区植木町植木５３４番地,False,True,False,16-63列CT,,令和 3年10月 1日,CT確認・MRI未確認
43,8212067,無床診療所,公立菊池養生園診療所,公立菊池養生園診療所,菊池市泗水町吉富２１９３番地１,False,True,False,16-63列CT,,平成24年 4月 1日,CT確認・MRI未確認
44,0115614,無床診療所,内科阿部医院,内科阿部医院,大分市中春日町１６番１３号,False,True,False,16-63列CT,,令和 8年 5月 1日,CT確認・MRI未確認
44,0117578,無床診療所,さとうファミリークリニック,さとうファミリークリニック,大分市下郡北一丁目４番１４号,False,True,False,4-15列CT,,平成24年10月 1日,CT確認・MRI未確認
44,0117735,無床診療所,山下循環器科内科,山下循環器科内科,大分市大字下判田２３４９番地の１,False,True,False,16-63列CT,,平成24年 4月 1日,CT確認・MRI未確認
44,0118543,無床診療所,よしどめ内科・神経内科クリニック,よしどめ内科・神経内科クリニック,大分市新春日町１丁目１番２９号,False,True,False,16-63列CT,,平成27年 7月 1日,CT確認・MRI未確認
44,0119483,無床診療所,吉村内科循環器科クリニック,吉村内科循環器科クリニック,大分市大字常行字仲間ノ久保２６６番地１,False,True,False,16-63列CT,,平成30年 2月 1日,CT確認・MRI未確認
44,0119806,無床診療所,南原クリニック,南原クリニック,大分市新春日町２丁目４番３号,False,True,False,16-63列CT,,平成24年 4月 1日,CT確認・MRI未確認
44,0119897,無床診療所,きたまち消化器・肛門外科,きたまち消化器・肛門外科,大分市明野北１丁目７番１号,False,True,False,16-63列CT,,平成26年 8月 1日,CT確認・MRI未確認
44,0119954,無床診療所,ひらた医院,ひらた医院,大分市大字田尻字小柳４７８番地,False,True,False,16-63列CT,,平成24年 8月 1日,CT確認・MRI未確認
44,0120127,無床診療所,医療法人仁真会真央クリニック,医療法人仁真会真央クリニック,大分市大字小池原字宮ノ下１１６７番地１,False,True,False,16-63列CT,,平成24年 4月 1日,CT確認・MRI未確認
44,0120275,無床診療所,やない内科クリニック,やない内科クリニック,大分市大字市３番地の５,False,True,False,16-63列CT,,平成30年 7月 1日,CT確認・MRI未確認
44,0121414,無床診療所,垣迫胃腸クリニック,垣迫胃腸クリニック,大分市金池南２丁目３番３号,False,True,False,16-63列CT,,平成30年 7月 1日,CT確認・MRI未確認
44,0121984,無床診療所,神矢内科胃腸クリニック,神矢内科胃腸クリニック,大分市賀来西１丁目４番１号,False,True,False,16-63列CT,,平成25年12月 1日,CT確認・MRI未確認
44,0122081,無床診療所,山形クリニック,山形クリニック,大分市萩原一丁目１９番３５号,False,True,False,16-63列CT,,平成26年12月 1日,CT確認・MRI未確認
44,0122172,無床診療所,大久保内科外科（内視鏡）クリニック,大久保内科外科（内視鏡）クリニック,大分市大字市１２８２番地,False,True,False,16-63列CT,,平成28年12月 1日,CT確認・MRI未確認
44,0122222,無床診療所,若林脳神経外科クリニック,若林脳神経外科クリニック,大分市坂ノ市中央３丁目１３番２９号,False,True,False,16-63列CT,,平成27年 5月 1日,CT確認・MRI未確認
44,0122503,無床診療所,森山消化器内科クリニック,森山消化器内科クリニック,大分市大字宮崎９３３番地２,False,True,False,16-63列CT,,平成28年12月 1日,CT確認・MRI未確認
44,0122644,無床診療所,社会医療法人関愛会 よつばファミリークリニック,社会医療法人関愛会　よつばファミリークリニック,大分市大字横尾１８５９番地,False,True,False,16-63列CT,,平成30年 4月 1日,CT確認・MRI未確認
44,0122685,無床診療所,生活習慣病・脳内科あべクリニック,生活習慣病・脳内科あべクリニック,大分市大字森４０２番５,False,True,False,16-63列CT,,平成30年 6月 1日,CT確認・MRI未確認
44,0122768,無床診療所,三愛呼吸器クリニック,三愛呼吸器クリニック,大分市大字田尻字中山４１９番地の１,False,True,False,16-63列CT,,平成31年 3月 1日,CT確認・MRI未確認
44,0123113,無床診療所,おおば脳神経外科・頭痛クリニック,おおば脳神経外科・頭痛クリニック,大分市要町８番１６号,False,True,False,16-63列CT,,令和 3年 2月 1日,CT確認・MRI未確認
44,0123246,無床診療所,かみだ脳神経クリニック,かみだ脳神経クリニック,大分市大字鴛野１０２８番地１,False,True,True,16-63列CT,1.5-3T MRI,令和 4年12月 1日,CT+MRI確認
44,0123402,無床診療所,にしお呼吸器内科・アレルギークリニック,にしお呼吸器内科・アレルギークリニック,大分市大字駄原２８８１番地８２,False,True,False,16-63列CT,,令和 4年10月 1日,CT確認・MRI未確認
44,0123790,無床診療所,かつた内科・内視鏡クリニック,かつた内科・内視鏡クリニック,大分市大字毛井２４５番地１,False,True,False,16-63列CT,,令和 7年 5月 1日,CT確認・MRI未確認
44,0123956,無床診療所,やまだ内科・内視鏡クリニック,やまだ内科・内視鏡クリニック,大分市日吉町１７番３７号,False,True,False,16-63列CT,,令和 8年 6月 1日,CT確認・MRI未確認
44,0213799,無床診療所,宮崎クリニック,宮崎クリニック,別府市亀川東町２７番３７号,False,True,False,16-63列CT,,平成27年10月 1日,CT確認・MRI未確認
44,0214482,無床診療所,こだま脳神経外科クリニック,こだま脳神経外科クリニック,別府市石垣東８－２－３５,False,True,False,16-63列CT,,平成26年 5月 1日,CT確認・MRI未確認
44,0214607,無床診療所,別府駅前クリニック,別府駅前クリニック,別府市北浜１丁目３番１２号３階,False,True,False,16-63列CT,,平成24年 4月 1日,CT確認・MRI未確認
44,0215174,無床診療所,大分先端画像診断センター,大分先端画像診断センター,別府市大字北石垣８１１番地の５,False,True,True,16-63列CT,1.5-3T MRI,令和 2年 8月 1日,CT+MRI確認
44,0215307,無床診療所,荘園内科クリニック,荘園内科クリニック,別府市東荘園四丁目１１番１０号,False,True,False,16-63列CT,,令和 6年 2月 1日,CT確認・MRI未確認
44,0312039,無床診療所,ふるかわメディカルクリニック,ふるかわメディカルクリニック,中津市豊田町６番地の４,False,True,False,16-63列CT,,平成24年 4月 1日,CT確認・MRI未確認
44,0312518,無床診療所,大堀脳神経クリニック,大堀脳神経クリニック,中津市豊田町３番地の１１,False,True,True,16-63列CT,1.5-3T MRI,令和元年 9月 1日,CT+MRI確認
44,0411633,無床診療所,中川泌尿器科,中川泌尿器科,日田市上野町泉６０１－１,False,True,False,16-63列CT,,令和元年10月 1日,CT確認・MRI未確認
44,0412144,無床診療所,堀田クリニック,堀田クリニック,日田市大字十二町４７４番地１,False,True,False,16-63列CT,,平成27年 3月 1日,CT確認・MRI未確認
44,0412326,無床診療所,日田石井町クリニック,日田石井町クリニック,日田市大字石井５８０番地１,False,True,False,16-63列CT,,令和 5年 3月 1日,CT確認・MRI未確認
44,0511739,無床診療所,片岡医院,片岡医院,佐伯市長谷７７２８－１,False,True,False,16-63列CT,,令和 3年 9月 1日,CT確認・MRI未確認
44,0710919,無床診療所,秋岡医院,秋岡医院,津久見市徳浦本町７番３号,False,True,False,16-63列CT,,令和 7年 8月 1日,CT確認・MRI未確認
44,0710927,無床診療所,小手川内科クリニック,小手川内科クリニック,津久見市大字網代字西の下９５－１９,False,True,False,16-63列CT,,平成26年 8月 1日,CT確認・MRI未確認
44,0910576,無床診療所,くれさき循環器クリニック,くれさき循環器クリニック,豊後高田市呉崎１５９２,False,True,False,16-63列CT,,平成27年 1月 1日,CT確認・MRI未確認
44,1111463,無床診療所,社会医療法人新生会 宇佐胃腸内科医院,社会医療法人新生会　宇佐胃腸内科医院,宇佐市大字江須賀４０９２番地１,False,True,False,16-63列CT,,令和 3年 4月 1日,CT確認・MRI未確認
44,1210455,無床診療所,社会医療法人関愛会 三重東クリニック,社会医療法人関愛会　三重東クリニック,豊後大野市三重町小坂字柳井瀬４１０９番地の６１,False,True,False,16-63列CT,,平成25年10月 1日,CT確認・MRI未確認
44,1310214,無床診療所,おざきホームケアクリニック,おざきホームケアクリニック,由布市庄内町庄内原８２８番地１,False,True,False,16-63列CT,,平成24年 4月 1日,CT確認・MRI未確認
44,1410089,無床診療所,末綱クリニック,末綱クリニック,国東市国東町田深字中町６６５番４,False,True,False,16-63列CT,,平成24年 7月 1日,CT確認・MRI未確認
45,0114343,無床診療所,おかどめ 内科・神経内科,おかどめ　内科・神経内科,宮崎市中津瀬町１２番地２,False,True,False,16-63列CT,,平成29年 4月 1日,CT確認・MRI未確認
45,0115399,無床診療所,江平内科,江平内科,宮崎市丸山２丁目１１６番地６,False,True,False,16-63列CT,,平成30年11月 1日,CT確認・MRI未確認
45,0115753,無床診療所,原田内科クリニック,原田内科クリニック,宮崎市中村東２丁目７番１０号,False,True,False,16-63列CT,,平成24年 8月 1日,CT確認・MRI未確認
45,0115761,無床診療所,宮崎県健康づくり協会診療所,宮崎県健康づくり協会診療所,宮崎市霧島１丁目１番地２,False,True,False,16-63列CT,,令和 4年 9月 1日,CT確認・MRI未確認
45,0116033,無床診療所,横田内科,横田内科,宮崎市花ケ島町小無田６４２番１,False,True,False,16-63列CT,,令和 5年 9月 1日,CT確認・MRI未確認
45,0116520,無床診療所,宮園 医院,宮園　医院,宮崎市大字浮田３２６４番地９,False,True,False,16-63列CT,,令和 2年 7月 1日,CT確認・MRI未確認
45,0116942,無床診療所,古賀駅前クリ二ック,古賀駅前クリ二ック,宮崎市高千穂通２丁目７番１４号,False,True,True,16-63列CT,1.5-3T MRI,平成27年 5月 1日,CT+MRI確認
45,0117007,無床診療所,福井医院,福井医院,宮崎市大字浮田３１２７番地,False,True,False,16-63列CT,,平成25年 5月 1日,CT確認・MRI未確認
45,0117122,無床診療所,社会医療法人隆徳会宮崎鶴田記念クリ二ック,社会医療法人隆徳会宮崎鶴田記念クリ二ック,宮崎市阿波岐原町宝財２２８１番地１,False,True,False,16-63列CT,,平成18年 4月 1日,CT確認・MRI未確認
45,0117130,無床診療所,ささき内科,ささき内科,宮崎市大淀４丁目２－１０,False,True,False,4-15列CT,,平成26年 3月 1日,CT確認・MRI未確認
45,0117270,無床診療所,橋口医院,橋口医院,宮崎市江平中町７－１８,False,True,False,16-63列CT,,平成27年 6月 1日,CT確認・MRI未確認
45,0117841,無床診療所,中島内科胃腸科クリニック,中島内科胃腸科クリニック,宮崎市高岡町花見９４４番地３,False,True,False,16-63列CT,,令和 8年 4月 1日,CT確認・MRI未確認
45,0118534,無床診療所,せき診療所 内科・呼吸器内科,せき診療所　内科・呼吸器内科,宮崎市大塚台西１丁目１番地４４,False,True,False,16-63列CT,,平成29年 9月 1日,CT確認・MRI未確認
45,0119474,無床診療所,天満橋中央クリニック,天満橋中央クリニック,宮崎市松橋二丁目１０４番１,False,True,False,16-63列CT,,平成27年 4月 1日,CT確認・MRI未確認
45,0119870,無床診療所,石川クリニック,石川クリニック,宮崎市花ケ島町入道２１９７番地１,False,True,False,16-63列CT,,平成30年 4月 1日,CT確認・MRI未確認
45,0119896,無床診療所,御城方じんクリニック,御城方じんクリニック,宮崎市大字恒久字御城方５７４３番地２,False,True,False,4-15列CT,,平成30年 4月 1日,CT確認・MRI未確認
45,0120092,無床診療所,ありかわクリニック,ありかわクリニック,宮崎市大坪町西六月２２１０番地１,False,False,True,,1.5-3T MRI,令和元年 5月 1日,MRI確認・CT未確認
45,0120225,無床診療所,かわごえ内科クリニック,かわごえ内科クリニック,宮崎市宮崎駅東２丁目３番地６ＫＣビル１Ｆ,False,True,False,16-63列CT,,令和 2年 6月11日,CT確認・MRI未確認
45,0120514,無床診療所,アイ内科クリニック,アイ内科クリニック,宮崎市佐土原町下那珂３５７４番地,False,True,False,16-63列CT,,令和 4年 4月 1日,CT確認・MRI未確認
45,0120522,無床診療所,いまいクリニック,いまいクリニック,宮崎市吉村町ハシテ甲２３８０番地１,False,True,False,16-63列CT,,令和 4年 5月 1日,CT確認・MRI未確認
45,0120688,無床診療所,武石頭痛脳神経クリニック,武石頭痛脳神経クリニック,宮崎市下北方町陣ノ下９１－１,False,True,True,16-63列CT,1.5-3T MRI,令和 5年 8月 1日,CT+MRI確認
45,0120803,無床診療所,さがら内視鏡・内科クリニック,さがら内視鏡・内科クリニック,宮崎市大字島之内字湯取５７３４,False,True,False,16-63列CT,,令和 7年 1月 1日,CT確認・MRI未確認
45,0120829,無床診療所,加納さくら消化器・内視鏡クリニック,加納さくら消化器・内視鏡クリニック,宮崎市清武町加納字町ノ前乙３８２番地５－２,False,True,False,16-63列CT,,令和 7年 1月 1日,CT確認・MRI未確認
45,0120837,無床診療所,かわそえクリニック,かわそえクリニック,宮崎市大島町原ノ前１４４５番地６５,False,True,True,16-63列CT,1.5-3T MRI,令和 6年11月 1日,CT+MRI確認
45,0120977,無床診療所,ふじい腎泌尿器科クリニック,ふじい腎泌尿器科クリニック,宮崎市大島町西田２１６８,False,True,False,16-63列CT,,令和 7年 9月 1日,CT確認・MRI未確認
45,0121017,無床診療所,にしもと内科・泌尿器科・人工透析内科,にしもと内科・泌尿器科・人工透析内科,宮崎市大字島之内野入６７１４－１,False,True,False,16-63列CT,,令和 7年11月 1日,CT確認・MRI未確認
45,0121066,無床診療所,あきば脳神経クリニック,あきば脳神経クリニック,宮崎市大塚町迫田２７０番地１,False,True,True,16-63列CT,1.5-3T MRI,令和 8年 6月 1日,CT+MRI確認
45,0212022,無床診療所,たかお浜田医院,たかお浜田医院,都城市鷹尾４丁目４街区２号,False,True,False,16-63列CT,,令和 7年10月 1日,CT確認・MRI未確認
45,0212170,無床診療所,マドコロ外科医院,マドコロ外科医院,都城市小松原町１１６１番地の３,False,True,False,16-63列CT,,平成27年11月 1日,CT確認・MRI未確認
45,0212493,無床診療所,医療法人杏明会冨田医院,医療法人杏明会冨田医院,都城市栄町１４号２番地,False,True,False,16-63列CT,,平成24年 7月 1日,CT確認・MRI未確認
45,0212535,無床診療所,柳田クリニック,柳田クリニック,都城市東町１１街区３０の２号,False,True,False,16-63列CT,,平成24年 6月 1日,CT確認・MRI未確認
45,0213202,無床診療所,吉見クリニック,吉見クリニック,都城市高城町穂満坊４５９番地１,False,True,False,16-63列CT,,令和 2年 1月 1日,CT確認・MRI未確認
45,0213442,無床診療所,医療法人社団明恵会 早水公園クリニック,医療法人社団明恵会　早水公園クリニック,都城市早水町４５０３ー１６,False,True,False,16-63列CT,,令和 4年 7月 1日,CT確認・MRI未確認
45,0213566,無床診療所,都城フォレスト・クリニック脳神経外科,都城フォレスト・クリニック脳神経外科,都城市下川東２丁目１２号１番地,False,True,False,16-63列CT,,平成28年 9月 1日,CT確認・MRI未確認
45,0213863,無床診療所,医療法人ＭＫクリニック,医療法人ＭＫクリニック,都城市早鈴町１５１２番地,False,True,False,16-63列CT,,令和 7年 4月 1日,CT確認・MRI未確認
45,0213889,無床診療所,もりやま脳神経外科,もりやま脳神経外科,都城市久保原町９街区３の１号,False,False,True,,1.5-3T MRI,令和 7年 6月 2日,MRI確認・CT未確認
45,0312053,無床診療所,太陽クリニック,太陽クリニック,延岡市南一ケ岡７丁目８３４８ー２４２,False,True,False,16-63列CT,,令和 4年 9月 1日,CT確認・MRI未確認
45,0312566,無床診療所,堺胃腸内科クリニック,堺胃腸内科クリニック,延岡市古城町４丁目１３１番地,False,True,False,4-15列CT,,平成25年 4月 1日,CT確認・MRI未確認
45,0312822,無床診療所,医療法人 九州千雅 米田脳神経外科,医療法人　九州千雅　米田脳神経外科,延岡市惣領町１０３番地２,False,True,False,16-63列CT,,令和 6年 4月 1日,CT確認・MRI未確認
45,0410659,無床診療所,藤浦循環器科内科クリニック,藤浦循環器科内科クリニック,日南市中央通１丁目６番地１８,False,True,False,16-63列CT,,平成27年12月 1日,CT確認・MRI未確認
45,0410998,無床診療所,きよひで内科クリニック,きよひで内科クリニック,日南市戸高一丁目６番１０,False,True,False,4-15列CT,,令和元年11月 1日,CT確認・MRI未確認
45,0411319,無床診療所,医療法人愛鍼会 山元医院,医療法人愛鍼会　山元医院,日南市中央通１丁目１０番地１５,False,False,True,,1.5-3T MRI,令和 5年 4月 1日,MRI確認・CT未確認
45,0511001,無床診療所,よしむら循環器内科クリニック,よしむら循環器内科クリニック,小林市細野１６０６番地１,False,True,False,16-63列CT,,平成31年 3月 1日,CT確認・MRI未確認
45,0611074,無床診療所,日向市立東郷診療所,日向市立東郷診療所,日向市東郷町山陰丙１４１２番地１,False,True,False,16-63列CT,,令和 6年 5月 1日,CT確認・MRI未確認
45,0710215,無床診療所,医療法人 秀英会 はなぶさ消化器・内視鏡クリニック,医療法人　秀英会　はなぶさ消化器・内視鏡クリニック,串間市大字奈留５２８４番地３,False,True,False,16-63列CT,,平成24年 4月 1日,CT確認・MRI未確認
45,0910617,無床診療所,えびの第一クリニック,えびの第一クリニック,えびの市大字原田２２３６番地,False,True,False,4-15列CT,,平成29年 9月 1日,CT確認・MRI未確認
45,1710792,無床診療所,あさぎり頭痛・脳神経クリニック,あさぎり頭痛・脳神経クリニック,北諸県郡三股町樺山４９６９－２,False,False,True,,1.5-3T MRI,令和 8年 4月 1日,MRI確認・CT未確認
45,2010838,無床診療所,内田医院,内田医院,児湯郡高鍋町大字北高鍋７８４番地,False,True,False,16-63列CT,,平成25年 2月 1日,CT確認・MRI未確認
45,2011000,無床診療所,ながとも医院,ながとも医院,児湯郡都農町大字川北５４７９－２,False,True,False,16-63列CT,,平成24年 6月 1日,CT確認・MRI未確認
45,2011083,無床診療所,大山脳神経外科クリニック,大山脳神経外科クリニック,児湯郡新富町富田１丁目３番地２,False,False,True,,1.5-3T MRI,平成26年11月 1日,MRI確認・CT未確認
45,2011232,無床診療所,野津手・加来内科医院,野津手・加来内科医院,児湯郡高鍋町大字上江字西畑田８２５０番地,False,True,False,16-63列CT,,平成24年 7月 1日,CT確認・MRI未確認
45,2011273,無床診療所,やまぐち脳神経外科,やまぐち脳神経外科,児湯郡高鍋町大字北高鍋４７６４番地５,False,False,True,,1.5-3T MRI,令和 3年 7月 1日,MRI確認・CT未確認
45,2110661,無床診療所,森迫胃腸科内科,森迫胃腸科内科,東臼杵郡門川町須賀崎１丁目４０番地１,False,True,False,16-63列CT,,平成31年 4月 1日,CT確認・MRI未確認
45,2210289,無床診療所,古賀医院,古賀医院,西臼杵郡高千穂町大字三田井６１７０番地１,False,True,False,16-63列CT,,平成24年 7月 1日,CT確認・MRI未確認
46,0116651,無床診療所,県民総合保健センター,県民総合保健センター,鹿児島市下伊敷三丁目１番７号,False,True,False,16-63列CT,,平成28年 3月 1日,CT確認・MRI未確認
46,0120810,無床診療所,ヘルスサポートセンター鹿児島,ヘルスサポートセンター鹿児島,鹿児島市東開町４ー９６,False,True,False,16-63列CT,,平成26年 5月 1日,CT確認・MRI未確認
46,0122550,無床診療所,厚地記念クリニック,厚地記念クリニック,鹿児島市照国町１２番１号,False,True,False,16-63列CT,,平成29年 1月 1日,CT確認・MRI未確認
46,0122675,無床診療所,谷山生協クリニック,谷山生協クリニック,鹿児島市谷山中央五丁目２１番２２号,False,True,False,16-63列CT,,平成25年12月 1日,CT確認・MRI未確認
46,0123046,無床診療所,天陽会中央クリニック,天陽会中央クリニック,鹿児島市泉町１６番１号,False,True,True,16-63列CT,1.5-3T MRI,平成27年 4月 1日,CT+MRI確認
46,0125488,無床診療所,わたなべ医院,わたなべ医院,鹿児島市紫原二丁目３番３号,False,True,False,16-63列CT,,平成28年 2月 1日,CT確認・MRI未確認
46,0125942,無床診療所,健三郎クリニック 薬師,健三郎クリニック　薬師,鹿児島市原良四丁目２７番１号,False,True,False,16-63列CT,,平成24年11月 6日,CT確認・MRI未確認
46,0126098,無床診療所,うすきクリニック,うすきクリニック,鹿児島市宇宿四丁目３０番１３号,False,True,False,16-63列CT,,平成29年 7月 1日,CT確認・MRI未確認
46,0126411,無床診療所,松本醫院,松本醫院,鹿児島市鷹師二丁目３番１５号,False,True,False,16-63列CT,,平成30年 1月 1日,CT確認・MRI未確認
46,0126742,無床診療所,さかき脳神経外科,さかき脳神経外科,鹿児島市中山町２１７６番２,False,True,True,16-63列CT,1.5-3T MRI,平成28年 7月 1日,CT+MRI確認
46,0126825,無床診療所,西田そよ風クリニック,西田そよ風クリニック,鹿児島市薬師二丁目２７番７号,False,True,False,16-63列CT,,平成28年 4月18日,CT確認・MRI未確認
46,0126833,無床診療所,千年メディカルクリニック,千年メディカルクリニック,鹿児島市千年二丁目１１番１４号１階,False,True,True,16-63列CT,1.5-3T MRI,平成28年 4月 1日,CT+MRI確認
46,0127484,無床診療所,よしの脳神経外科・消化器外科,よしの脳神経外科・消化器外科,鹿児島市吉野二丁目１３番１６号,False,True,True,16-63列CT,1.5-3T MRI,令和 3年 8月 1日,CT+MRI確認
46,0127492,無床診療所,栃木隆男クリニック,栃木隆男クリニック,鹿児島市宇宿二丁目２５番３０号,False,True,False,16-63列CT,,平成30年10月 1日,CT確認・MRI未確認
46,0127633,無床診療所,たついクリニック,たついクリニック,鹿児島市玉里団地三丁目２６番１２号,False,True,False,16-63列CT,,令和元年10月 1日,CT確認・MRI未確認
46,0127864,無床診療所,ひらやま脳神経外科,ひらやま脳神経外科,鹿児島市上荒田町２６番１９号－２Ｆ,False,True,False,16-63列CT,,令和 2年10月 1日,CT確認・MRI未確認
46,0127930,無床診療所,わきた内科・脳神経内科,わきた内科・脳神経内科,鹿児島市高麗町２６－２２Ｏｎ　Ｙｏｕｒ　Ｍａｒｋ　高麗２階,False,False,True,,1.5-3T MRI,令和 3年 4月 1日,MRI確認・CT未確認
46,0128060,無床診療所,鹿児島中央整形外科スポーツクリニック,鹿児島中央整形外科スポーツクリニック,鹿児島市中央町２４番１２号,False,False,True,,1.5-3T MRI,令和 3年10月 1日,MRI確認・CT未確認
46,0128169,無床診療所,与次郎米盛クリニック,与次郎米盛クリニック,鹿児島市与次郎一丁目７番１号,False,False,True,,1.5-3T MRI,令和 4年 4月 1日,MRI確認・CT未確認
46,0128235,無床診療所,そうむた脳神経外科・糖尿病内科,そうむた脳神経外科・糖尿病内科,鹿児島市草牟田２－２７－１０,False,True,True,16-63列CT,1.5-3T MRI,令和 4年 6月 1日,CT+MRI確認
46,0128375,無床診療所,新牧医院,新牧医院,鹿児島市吉野町３０７３番地１４７,False,True,False,16-63列CT,,令和 5年 4月 1日,CT確認・MRI未確認
46,0128664,無床診療所,中島リウマチ膠原病・腎クリニック,中島リウマチ膠原病・腎クリニック,鹿児島市真砂本町２６番地３,False,True,False,16-63列CT,,令和 6年 5月 1日,CT確認・MRI未確認
46,0128714,無床診療所,田中脳神経外科・頭痛クリニック,田中脳神経外科・頭痛クリニック,鹿児島市上之園町２５番４鹿児島甲南スクエア２階２０２号,False,True,True,16-63列CT,1.5-3T MRI,令和 7年 2月17日,CT+MRI確認
46,0129100,無床診療所,まごころ内科クリニック,まごころ内科クリニック,鹿児島市宇宿四丁目３５番１７号,False,True,False,16-63列CT,,令和 8年 4月 1日,CT確認・MRI未確認
46,0311641,無床診療所,ひらばるクリニック,ひらばるクリニック,鹿屋市川西町４４７５番地３,False,True,False,16-63列CT,,平成29年 3月 1日,CT確認・MRI未確認
46,0311914,無床診療所,花田整形外科・リウマチ科医院,花田整形外科・リウマチ科医院,鹿屋市串良町有里１番地１,False,True,True,16-63列CT,1.5-3T MRI,令和 7年 8月 1日,CT+MRI確認
46,0312128,無床診療所,こだま共立クリニック,こだま共立クリニック,鹿屋市寿５丁目２番３９号,False,True,False,16-63列CT,,令和 2年 2月 1日,CT確認・MRI未確認
46,0312136,無床診療所,フクダ医院,フクダ医院,鹿屋市寿３丁目１１番２号,False,True,False,4-15列CT,,令和 2年 2月 1日,CT確認・MRI未確認
46,0312185,無床診療所,音和クリニック,音和クリニック,鹿屋市寿五丁目２５番９号,False,True,False,16-63列CT,,令和 7年 5月 1日,CT確認・MRI未確認
46,0312193,無床診療所,しんみょうず内科・脳神経内科,しんみょうず内科・脳神経内科,鹿屋市吾平町麓３４８番地１,False,True,False,4-15列CT,,令和 5年 6月 1日,CT確認・MRI未確認
46,0312235,無床診療所,いわもと脳神経外科,いわもと脳神経外科,鹿屋市寿三丁目２番１３号,False,False,True,,1.5-3T MRI,令和 8年 5月11日,MRI確認・CT未確認
46,0810501,無床診療所,医療法人 孝徳会 楠元内科医院,医療法人　孝徳会　楠元内科医院,出水市平和町２２４番地,False,True,False,16-63列CT,,令和 2年 9月 1日,CT確認・MRI未確認
46,0810543,無床診療所,クリニック．なかむら,クリニック．なかむら,出水市向江町２番１５号,False,True,False,16-63列CT,,令和 3年 7月 1日,CT確認・MRI未確認
46,0811137,無床診療所,さくら通りクリニック,さくら通りクリニック,出水市平和町２２８,False,True,True,16-63列CT,1.5-3T MRI,平成28年 4月 1日,CT+MRI確認
46,0811244,無床診療所,恒吉医院,恒吉医院,出水市高尾野町柴引字上前原１５１６－２,False,True,False,16-63列CT,,令和 7年 4月 1日,CT確認・MRI未確認
46,1010556,無床診療所,福元医院,福元医院,指宿市大牟礼一丁目３２番２４号,False,True,False,4-15列CT,,平成25年 9月 1日,CT確認・MRI未確認
46,1010598,無床診療所,南記念クリニック,南記念クリニック,指宿市大牟礼３丁目２４番１５号,False,True,False,4-15列CT,,平成30年 9月 1日,CT確認・MRI未確認
46,1010762,無床診療所,いぶすき内科,いぶすき内科,指宿市十町２３２１番地１,False,True,False,16-63列CT,,平成26年12月 1日,CT確認・MRI未確認
46,1011323,無床診療所,医療法人徳洲会 宮薗クリニック,医療法人徳洲会　宮薗クリニック,指宿市開聞十町１２６６番地,False,True,False,16-63列CT,,令和 8年 4月 1日,CT確認・MRI未確認
46,1310337,無床診療所,百合砂診療所,百合砂診療所,西之表市鴨女町９８,False,True,False,16-63列CT,,平成29年10月 1日,CT確認・MRI未確認
46,1510670,無床診療所,大海クリニック,大海クリニック,薩摩川内市中郷三丁目６５番地,False,True,True,16-63列CT,1.5-3T MRI,平成27年 3月 1日,CT+MRI確認
46,1511025,無床診療所,ひらさ内科,ひらさ内科,薩摩川内市平佐町３７３３番地１,False,True,False,16-63列CT,,平成26年 5月 1日,CT確認・MRI未確認
46,1511181,無床診療所,川内脳神経外科,川内脳神経外科,薩摩川内市五代町３２１０－１,False,True,True,16-63列CT,1.5-3T MRI,平成25年 7月 1日,CT+MRI確認
46,1511322,無床診療所,上村内科・神経内科,上村内科・神経内科,薩摩川内市御陵下町３０－４６,False,True,False,16-63列CT,,平成26年10月 1日,CT確認・MRI未確認
46,1511330,無床診療所,ときとうクリニック,ときとうクリニック,薩摩川内市隈之城町６１－１,False,True,False,4-15列CT,,平成24年10月10日,CT確認・MRI未確認
46,1511439,無床診療所,大海宮崎クリニック,大海宮崎クリニック,薩摩川内市宮崎町３０００番地,False,True,False,16-63列CT,,平成31年 4月 1日,CT確認・MRI未確認
46,1511488,無床診療所,クイーンズ乳腺クリニック,クイーンズ乳腺クリニック,薩摩川内市若葉町７番１０号,False,True,False,16-63列CT,,令和 3年 7月 1日,CT確認・MRI未確認
46,1511538,無床診療所,川内内科クリニック,川内内科クリニック,薩摩川内市矢倉町４６６０番地２,False,True,False,16-63列CT,,令和 8年 4月 3日,CT確認・MRI未確認
46,1610462,無床診療所,康生クリニック,康生クリニック,日置市伊集院町徳重三丁目１番地３,False,True,False,16-63列CT,,令和 3年10月 1日,CT確認・MRI未確認
46,1610587,無床診療所,ひおき診療所,ひおき診療所,日置市日吉町日置１１５０番地１,False,True,False,4-15列CT,,平成29年 4月 1日,CT確認・MRI未確認
46,1610645,無床診療所,医療法人さくら会 黒岩整形外科内科,医療法人さくら会　黒岩整形外科内科,日置市伊集院町郡２丁目７５番地,False,True,False,16-63列CT,,令和 7年 4月 1日,CT確認・MRI未確認
46,1610660,無床診療所,湯之元記念クリニック,湯之元記念クリニック,日置市東市来町湯田３６１４,False,True,False,16-63列CT,,令和 2年 9月20日,CT確認・MRI未確認
46,1810310,無床診療所,京町内科・脳神経クリニック,京町内科・脳神経クリニック,いちき串木野市京町４３番地,False,True,False,4-15列CT,,平成29年 4月 1日,CT確認・MRI未確認
46,1910375,無床診療所,青葉クリニック,青葉クリニック,霧島市国分郡田７２１番地４,False,True,False,4-15列CT,,平成31年 1月 1日,CT確認・MRI未確認
46,1910946,無床診療所,森クリニック呼吸器科・内科,森クリニック呼吸器科・内科,霧島市隼人町内山田３丁目７３５,False,True,False,16-63列CT,,令和 2年12月 1日,CT確認・MRI未確認
46,1911134,無床診療所,隼人脳神経外科,隼人脳神経外科,霧島市隼人町小田２３９７－３,False,True,True,16-63列CT,1.5-3T MRI,平成30年 3月 1日,CT+MRI確認
46,1911308,無床診療所,霧島整形外科クリニック,霧島整形外科クリニック,霧島市国分野口東８番３１号,False,True,True,16-63列CT,1.5-3T MRI,平成27年10月 1日,CT+MRI確認
46,1911563,無床診療所,隼人メディカルクリニック,隼人メディカルクリニック,霧島市隼人町松永１丁目１７番,False,True,False,16-63列CT,,令和 6年 3月 1日,CT確認・MRI未確認
46,2511644,無床診療所,クリニック１みやのじょう,クリニック１みやのじょう,薩摩郡さつま町船木３４番地,False,True,False,16-63列CT,,令和 8年 5月 1日,CT確認・MRI未確認
46,2812497,無床診療所,くりの後庵クリニック,くりの後庵クリニック,姶良郡湧水町木場９７３番地１,False,True,False,16-63列CT,,令和 2年 3月 1日,CT確認・MRI未確認
46,2813073,無床診療所,前田医院,前田医院,姶良郡湧水町恒次１０５９ー２,False,True,False,16-63列CT,,令和 7年 3月 1日,CT確認・MRI未確認
46,3010653,無床診療所,岩重 医院,岩重　医院,肝属郡東串良町川東３７２０,False,True,False,16-63列CT,,平成28年 4月 1日,CT確認・MRI未確認
46,3010737,無床診療所,大根占医院,大根占医院,肝属郡錦江町馬場４４５－２,False,True,False,4-15列CT,,平成26年12月 1日,CT確認・MRI未確認
46,3011370,無床診療所,吉重クリニック,吉重クリニック,肝属郡肝付町北方５８１番地１,False,True,False,16-63列CT,,平成24年 4月 1日,CT確認・MRI未確認
46,3110636,無床診療所,小瀬田みんなの診療所,小瀬田みんなの診療所,熊毛郡屋久島町小瀬田８４９－１８,False,True,False,16-63列CT,,平成30年 6月 1日,CT確認・MRI未確認
46,3211095,無床診療所,福山医院,福山医院,大島郡和泊町和泊９６－５,False,True,False,4-15列CT,,平成25年12月 1日,CT確認・MRI未確認
46,3211566,無床診療所,町田医院,町田医院,大島郡和泊町手々知名６３６－１,False,True,False,16-63列CT,,令和元年 7月 1日,CT確認・MRI未確認
46,3211640,無床診療所,いなだ整形・内科クリニック,いなだ整形・内科クリニック,大島郡徳之島町亀津５２２２番地１,False,True,True,16-63列CT,1.5-3T MRI,平成28年10月 1日,CT+MRI確認
46,3211665,無床診療所,南大島診療所,南大島診療所,大島郡瀬戸内町阿木名字重袋１９７５番,False,True,False,4-15列CT,,令和 2年 9月 1日,CT確認・MRI未確認
46,4010439,無床診療所,なかやま脳神経外科,なかやま脳神経外科,南さつま市加世田東本町１２－４,False,True,True,16-63列CT,1.5-3T MRI,平成25年11月 1日,CT+MRI確認
46,4010462,無床診療所,ふくいわ耳鼻咽喉科クリニック,ふくいわ耳鼻咽喉科クリニック,南さつま市加世田本町２２番地５,False,True,False,16-63列CT,,令和元年10月 1日,CT確認・MRI未確認
46,4010488,無床診療所,神前クリニック,神前クリニック,南さつま市加世田川畑１２５７５番地１,False,True,False,16-63列CT,,平成28年 4月 1日,CT確認・MRI未確認
46,4110262,無床診療所,みやじクリニック,みやじクリニック,志布志市有明町野神３６０３番地１号,False,True,False,16-63列CT,,平成29年10月 1日,CT確認・MRI未確認
46,4210633,無床診療所,ファミリークリニック ネリヤ,ファミリークリニック　ネリヤ,奄美市名瀬和光町３１番地１４,False,True,False,16-63列CT,,令和 2年12月 1日,CT確認・MRI未確認
46,4310177,無床診療所,きわきクリニック,きわきクリニック,南九州市知覧町郡５３９９－３,False,True,False,4-15列CT,,平成24年 4月 1日,CT確認・MRI未確認
46,4310466,無床診療所,川辺生協クリニック,川辺生協クリニック,南九州市川辺町両添大正田１１１８番地,False,True,False,16-63列CT,,令和 6年 4月 1日,CT確認・MRI未確認
46,4510362,無床診療所,にしもちだ内科クリニック,にしもちだ内科クリニック,姶良市西餅田１３４７番地,False,True,False,16-63列CT,,令和 2年 6月 1日,CT確認・MRI未確認
46,4510677,無床診療所,ながた脳神経外科,ながた脳神経外科,姶良市東餅田４３３番地１４,False,False,True,,1.5-3T MRI,平成30年 4月 1日,MRI確認・CT未確認
46,4510941,無床診療所,あいら糖尿病・甲状腺・内科クリニック,あいら糖尿病・甲状腺・内科クリニック,姶良市東餅田１７９５番地１,False,True,False,16-63列CT,,平成29年12月15日,CT確認・MRI未確認
46,4510966,無床診療所,クリニック１にしあいら,クリニック１にしあいら,姶良市西姶良一丁目２０番２号,False,True,False,16-63列CT,,平成30年 5月22日,CT確認・MRI未確認
46,4510974,無床診療所,せいあいクリニック,せいあいクリニック,姶良市西姶良４丁目４番９号,False,True,False,16-63列CT,,平成30年 7月10日,CT確認・MRI未確認
46,4511048,無床診療所,あいら中川整形外科,あいら中川整形外科,姶良市西餠田８５－１,False,True,True,16-63列CT,1.5-3T MRI,令和 3年 5月 6日,CT+MRI確認
46,4511055,無床診療所,姶良しんさとクリニック,姶良しんさとクリニック,姶良市池島町３０番２８,False,True,False,16-63列CT,,令和 4年 3月 1日,CT確認・MRI未確認
46,4511147,無床診療所,まきお内科・整形外科,まきお内科・整形外科,姶良市脇元５４３番地１,False,True,False,16-63列CT,,令和 6年11月 1日,CT確認・MRI未確認
47,0115918,無床診療所,こくら台ハートクリニック,こくら台ハートクリニック,那覇市国場１１６９－２０,False,True,False,16-63列CT / 4-15列CT,,令和 8年 8月 1日,CT確認・MRI未確認
47,0116163,無床診療所,茶園耳鼻科,茶園耳鼻科,那覇市小禄２丁目３－１７,False,True,False,16-63列CT,,令和 5年10月 1日,CT確認・MRI未確認
47,0116536,無床診療所,那覇西クリニック まかび,那覇西クリニック　まかび,那覇市真嘉比２丁目２９番２２号,False,True,False,16-63列CT,,平成26年 8月 1日,CT確認・MRI未確認
47,0116957,無床診療所,脳外科クリニックくだ,脳外科クリニックくだ,那覇市樋川２丁目１－３７なかもとビル３階,False,True,False,16-63列CT,,令和 2年10月 1日,CT確認・MRI未確認
47,0117237,無床診療所,医療法人徳洲会 新都心クリニック,医療法人徳洲会　新都心クリニック,那覇市銘苅２丁目２番１号,False,True,False,16-63列CT,,平成24年 4月 1日,CT確認・MRI未確認
47,0117641,無床診療所,たつや脳神経外科,たつや脳神経外科,那覇市首里久場川町２－９６－１８メディカルプラザ３Ｆ,False,False,True,,1.5-3T MRI,平成31年 1月 1日,MRI確認・CT未確認
47,0117757,無床診療所,くばがわメディカルクリニック,くばがわメディカルクリニック,那覇市首里久場川町二丁目９６番地１８　２階,False,True,False,16-63列CT,,令和 6年 3月 1日,CT確認・MRI未確認
47,0118185,無床診療所,きなクリニック,きなクリニック,那覇市首里儀保町一丁目２６番３号,False,True,False,16-63列CT,,平成27年 8月 1日,CT確認・MRI未確認
47,0118490,無床診療所,ロクト整形Ａｚ,ロクト整形Ａｚ,那覇市奥武山町４６番地　５階,False,True,False,16-63列CT,,平成28年 5月 1日,CT確認・MRI未確認
47,0119688,無床診療所,シーサー通り内科・リハビリクリニック,シーサー通り内科・リハビリクリニック,那覇市字銘苅２１１－１７　メディカルプラザめかる３Ｆ,False,True,False,16-63列CT,,令和 7年 7月 1日,CT確認・MRI未確認
47,0119761,無床診療所,新健幸クリニック,新健幸クリニック,那覇市久茂地二丁目１１番１８号当山久茂地川医邸２階・３階,False,True,True,16-63列CT,1.5-3T MRI,令和 7年 6月 1日,CT+MRI確認
47,0119829,無床診療所,がなは頭痛脳神経クリニック,がなは頭痛脳神経クリニック,那覇市三原１丁目２８番１２号,False,False,True,,1.5-3T MRI,令和 8年 1月 1日,MRI確認・CT未確認
47,0310295,無床診療所,川根内科外科血管外科クリニック,川根内科外科血管外科クリニック,うるま市みどり町４－２－２９,False,True,False,16-63列CT,,平成26年 8月 1日,CT確認・MRI未確認
47,0311327,無床診療所,いしはらクリニック,いしはらクリニック,うるま市喜屋武３８４－３－２きゃんメディカルプラザ１Ａ,False,False,True,,1.5-3T MRI,令和 4年10月 1日,MRI確認・CT未確認
47,0311400,無床診療所,うるま整形外科,うるま整形外科,うるま市喜屋武３８４－３－２きゃんメディカルプラザ３階　３ＡＢ号室,False,True,False,16-63列CT,,令和 6年12月 1日,CT確認・MRI未確認
47,0411093,無床診療所,アワセ第一医院,アワセ第一医院,沖縄市泡瀬２－５４－２６,False,True,False,16-63列CT,,令和 5年 2月 1日,CT確認・MRI未確認
47,0411515,無床診療所,東部クリニック,東部クリニック,沖縄市与儀３丁目９番１号,False,True,True,16-63列CT,1.5-3T MRI,令和元年10月 1日,CT+MRI確認
47,0412190,無床診療所,社会医療法人 敬愛会 中頭総合ちばなクリニック,社会医療法人　敬愛会　中頭総合ちばなクリニック,沖縄市知花６－２５－１５,False,True,True,16-63列CT,1.5-3T MRI,平成28年 6月 1日,CT+MRI確認
47,0412398,無床診療所,安立医院,安立医院,沖縄市山内１－７－５,False,True,False,16-63列CT,,平成29年 9月 1日,CT確認・MRI未確認
47,0412760,無床診療所,医療法人徳洲会 ソフィアクリニック,医療法人徳洲会　ソフィアクリニック,沖縄市安慶田３丁目１１番３０号　１階,False,True,False,16-63列CT,,令和 4年 1月 1日,CT確認・MRI未確認
47,0412802,無床診療所,おおやま泌尿器科クリニック,おおやま泌尿器科クリニック,沖縄市山里１－１－２　３０４,False,True,False,16-63列CT,,平成30年10月 1日,CT確認・MRI未確認
47,0511249,無床診療所,じのん整形外科クリニック,じのん整形外科クリニック,沖縄県宜野湾市宇地泊１丁目２２番２号,False,True,False,16-63列CT,,平成25年 5月 1日,CT確認・MRI未確認
47,0511454,無床診療所,西平医院,西平医院,宜野湾市赤道二丁目２番２号,False,True,False,4-15列CT,,令和 6年 4月 1日,CT確認・MRI未確認
47,0610843,無床診療所,医療法人 たぶの木 うむやすみゃあす・ん診療所,医療法人　たぶの木　うむやすみゃあす・ん診療所,宮古島市平良下里１４７７－４,False,True,False,16-63列CT,,平成27年 7月 1日,CT確認・MRI未確認
47,0710494,無床診療所,やいま中央クリニック,やいま中央クリニック,石垣市平得１２０－３,False,True,False,4-15列CT,,平成26年 8月 1日,CT確認・MRI未確認
47,0710809,無床診療所,下地脳神経外科,下地脳神経外科,石垣市字登野城６４４番地１９,False,True,True,16-63列CT,1.5-3T MRI,平成28年12月 1日,CT+MRI確認
47,0710866,無床診療所,まるの脳神経クリニック,まるの脳神経クリニック,石垣市新川１２１番地,False,True,False,16-63列CT,,令和 3年 6月10日,CT確認・MRI未確認
47,0810740,無床診療所,かりまた内科医院,かりまた内科医院,浦添市内間４－２３－２１,False,True,False,16-63列CT,,平成26年 1月 1日,CT確認・MRI未確認
47,0810971,無床診療所,医療法人菜の花会 佐久田脳神経外科・外科,医療法人菜の花会　佐久田脳神経外科・外科,浦添市牧港２－４６－１２,False,True,False,16-63列CT,,平成26年 1月 1日,CT確認・MRI未確認
47,0811086,無床診療所,ロクト整形外科クリニック,ロクト整形外科クリニック,浦添市牧港２－４６－１２－２０２,False,False,True,,1.5-3T MRI,令和 3年 7月 1日,MRI確認・CT未確認
47,0811391,無床診療所,バークレー整形外科スポーツクリニック,バークレー整形外科スポーツクリニック,浦添市当山二丁目２番１１－２０１号,False,False,True,,1.5-3T MRI,平成30年 6月 1日,MRI確認・CT未確認
47,0812357,無床診療所,てだこ整形外科,てだこ整形外科,浦添市前田３丁目１３番２８号メディカルスクエアてだこ浦西３Ｆ,False,True,False,16-63列CT,,令和 7年 6月 1日,CT確認・MRI未確認
47,0812365,無床診療所,さむら脳神経外科クリニック,さむら脳神経外科クリニック,浦添市前田三丁目１３番２８号メディカルスクエアてだこ浦西２階,False,False,True,,1.5-3T MRI,令和 7年 4月 1日,MRI確認・CT未確認
47,0911142,無床診療所,どい脳神経外科,どい脳神経外科,名護市宇茂佐１７４６－６,False,True,True,16-63列CT,1.5-3T MRI,令和 6年 1月 1日,CT+MRI確認
47,0911498,無床診療所,アフィニティクリニック,アフィニティクリニック,名護市大北１－５－１１,False,True,False,16-63列CT,,令和 8年 5月 1日,CT確認・MRI未確認
47,1110454,無床診療所,社会医療法人友愛会 豊見城中央病院附属健康管理センター,社会医療法人友愛会　豊見城中央病院附属健康管理センター,豊見城市豊崎３番４９,False,True,True,16-63列CT,1.5-3T MRI,平成30年 4月 1日,CT+MRI確認
47,1110488,無床診療所,朋友クリニック,朋友クリニック,豊見城市上田１－１７,False,True,False,16-63列CT / 4-15列CT,,令和 5年 3月 1日,CT確認・MRI未確認
47,1110793,無床診療所,沖縄ひざ関節クリニック,沖縄ひざ関節クリニック,豊見城市与根５０番２１３ルーツメディカルビル　３Ｆ,False,False,True,,1.5-3T MRI,令和 7年 4月 1日,MRI確認・CT未確認
47,1210098,無床診療所,みなみ野クリニック,みなみ野クリニック,南城市大里字平良２５８４番地２,False,True,True,16-63列CT,1.5-3T MRI,令和元年12月 1日,CT+MRI確認
47,2110529,無床診療所,伊江村立診療所,伊江村立診療所,国頭郡伊江村東江前４５９,False,True,False,16-63列CT,,平成24年 4月 1日,CT確認・MRI未確認
47,2110735,無床診療所,西大條診療所,西大條診療所,国頭郡恩納村字谷茶５６５番地,False,True,False,16-63列CT,,令和 2年 3月 1日,CT確認・MRI未確認
47,2110784,無床診療所,医療法人社団明日望 アスボメディカルクリニック,医療法人社団明日望　アスボメディカルクリニック,国頭郡金武町字金武１０８９７番地,False,True,True,16-63列CT,1.5-3T MRI,令和 7年 6月 1日,CT+MRI確認
47,2210766,無床診療所,医療法人八重会 たまきクリニック,医療法人八重会　たまきクリニック,中頭郡北谷町上勢頭８３７－８,False,True,False,16-63列CT,,令和 6年 8月 1日,CT確認・MRI未確認
47,2211384,無床診療所,ロクト整形Ｊ２,ロクト整形Ｊ２,中頭郡嘉手納町屋良１０６３番１,False,False,True,,1.5-3T MRI,令和 4年 7月 1日,MRI確認・CT未確認
47,2211798,無床診療所,読谷紅いもクリニック,読谷紅いもクリニック,中頭郡読谷村字上地１７６－２,False,False,True,,1.5-3T MRI,令和 3年 8月 2日,MRI確認・CT未確認
47,2311028,無床診療所,一般財団法人沖縄県健康づくり財団附属診療所,一般財団法人沖縄県健康づくり財団附属診療所,島尻郡南風原町宮平２１２,False,True,True,16-63列CT,1.5-3T MRI,平成24年 4月 1日,CT+MRI確認
