pref_code,facility_code,map_type,map_name,map_beds,in_equipment_master
08,0110056,病院,水戸赤十字病院,387,True
08,0110197,無床診療所,一般財団法人 茨城県メディカルセンター,0,False
08,0110205,病院,社会福祉法人恩賜財団済生会支部 茨城県済生会 水戸済生会総合病院,415,True
08,0110213,病院,茨城県立こども病院,115,True
08,0110247,病院,住吉クリニック病院,60,True
08,0110346,病院,医療法人碧水会 汐ケ崎病院,178,False
08,0110478,病院,総合病院水戸協同病院,324,True
08,0110593,病院,医療法人社団青潤会 青柳病院,57,True
08,0110759,病院,城南病院,99,True
08,0110809,無床診療所,石田外科医院,0,False
08,0111237,病院,医療法人社団協栄会 大久保病院,194,True
08,0112045,病院,医療法人清真会 丹野病院,138,True
08,0112664,無床診療所,台町クリニック,0,False
08,0112730,有床診療所,医療法人 坂本内科医院,17,False
08,0112771,病院,大橋病院,43,True
08,0112953,無床診療所,医療法人 笠原中央クリニック,0,False
08,0112979,無床診療所,川上医院,0,False
08,0113027,無床診療所,さいとう内科,0,False
08,0113399,病院,国家公務員共済組合連合会 水府病院,127,True
08,0113639,病院,東前病院,104,True
08,0113936,有床診療所,大場内科クリニック,8,True
08,0114025,病院,茨城県立あすなろの郷病院,50,True
08,0114108,有床診療所,医療法人誠順会クリニック健康の杜,3,True
08,0114116,無床診療所,あいん常澄医院,0,False
08,0114249,病院,社会医療法人財団 古宿会 水戸中央病院,178,True
08,0114363,有床診療所,長田医院,19,True
08,0114371,無床診療所,医療法人社団千甫会高橋外科医院,0,False
08,0114587,病院,医療法人社団 北水会 北水会記念病院,128,True
08,0114710,病院,医療法人 桜丘会 水戸ブレインハートセンター,88,True
08,0114777,無床診療所,社会医療法人財団 古宿会 水戸中央クリニック,0,False
08,0114819,無床診療所,田口同仁クリニック,0,False
08,0114934,病院,誠潤会水戸病院,43,True
08,0114942,無床診療所,脳神経外科山田醫院,0,False
08,0115006,病院,愛正会記念 茨城福祉医療センター,135,True
08,0115055,無床診療所,小野クリニック,0,False
08,0115204,無床診療所,水戸心臓血管クリニック,0,False
08,0115220,病院,みと南ヶ丘病院,48,True
08,0115402,病院,志村病院,60,True
08,0115576,無床診療所,見和中央クリニック,0,False
08,0115899,無床診療所,黒澤腎臓内科クリニック,0,False
08,0210047,病院,株式会社 日立製作所 日立総合病院,597,True
08,0210062,病院,大原神経科病院,236,False
08,0210088,病院,医療法人 光風会 回春荘病院,295,True
08,0210104,無床診療所,株式会社日立製作所 日立健康管理センタ,0,False
08,0210138,病院,社会医療法人愛宣会 ひたち医療センター,273,True
08,0210161,病院,医療法人 群羊会 医療法人 群羊会 久慈茅根病院,71,True
08,0210377,病院,医療法人 愛正会 田尻ヶ丘病院,198,True
08,0210484,無床診療所,日立北クリニック,0,False
08,0210807,病院,医療法人 圭愛会 日立梅ヶ丘病院,313,False
08,0211326,無床診療所,日立さくらクリニック,0,False
08,0211425,病院,永井ひたちの森病院,228,False
08,0211532,有床診療所,かもめ・日立クリニック,19,True
08,0211615,無床診療所,わだクリニック,0,False
08,0211680,有床診療所,十王ひがし野クリニック,19,True
08,0211813,無床診療所,ないとうクリニック,0,False
08,0211946,無床診療所,医療法人聖麗会 聖麗メモリアル高鈴,0,False
08,0211953,病院,医療法人 聖麗会 聖麗メモリアル病院,72,True
08,0212019,病院,医療法人ここの実会 嶋崎病院,47,True
08,0212027,有床診療所,川島クリニック,19,True
08,0212233,無床診療所,公益財団法人日立メディカルセンター診療所,0,False
08,0212365,病院,日立港病院,45,True
08,0212399,病院,医療法人社団 日鉱記念病院,51,True
08,0212407,病院,医療法人一誠会 川﨑病院,45,True
08,0212431,無床診療所,なわ内科・呼吸器クリニック,0,False
08,0310029,無床診療所,株式会社日立製作所 土浦診療健診センタ,0,False
08,0310110,病院,医療法人財団 県南病院,83,True
08,0310599,病院,医療法人社団青洲会 神立病院,160,True
08,0311332,無床診療所,岩本クリニック,0,False
08,0311357,無床診療所,医療法人社団 関城会 医療法人社団 関城会 淀縄医院,0,False
08,0311597,無床診療所,田谷医院,0,False
08,0311639,無床診療所,土浦中央クリニック,0,False
08,0311779,病院,野上病院,28,True
08,0311894,無床診療所,常陽医院,0,False
08,0311985,無床診療所,宮﨑クリニック,0,False
08,0312082,無床診療所,岡田整形外科クリニック,0,False
08,0312264,無床診療所,土浦ベリルクリニック,0,False
08,0312298,無床診療所,おおくぼ脳脊椎クリニック,0,False
08,0312363,病院,総合病院土浦協同病院,794,True
08,0312520,無床診療所,中高津クリニック,0,False
08,0312629,病院,土浦リハビリテーション病院,42,True
08,0312645,無床診療所,かすみファミリークリニック,0,False
08,0410688,有床診療所,医療法人浩悦会 はまだクリニック,19,False
08,0410746,無床診療所,医療法人賢友会 長島外科,0,False
08,0410894,病院,総和中央病院,113,True
08,0411041,無床診療所,平嶋胃腸科外科医院,0,False
08,0411058,病院,医療法人慈政会 小柳病院,468,True
08,0411280,病院,友愛記念病院,301,True
08,0411488,病院,古河赤十字病院,200,True
08,0411678,病院,医療法人徳洲会 古河総合病院,234,True
08,0411736,病院,つるみ脳神経病院,29,True
08,0411744,無床診療所,腎臓・透析クリニック こが,0,False
08,0411751,有床診療所,医療法人慈愛会秋葉産婦人科,19,True
08,0411793,無床診療所,かぼちゃ総合診療クリニック,0,False
08,0510255,病院,医療法人幕内会 山王台病院,172,True
08,0510669,無床診療所,医療法人 芹澤医院,0,False
08,0510735,無床診療所,医療法人 回生会 藤井内科クリニック,0,False
08,0510750,病院,豊後荘病院,472,True
08,0510784,病院,八郷整形外科内科病院,106,True
08,0510875,病院,公益社団法人 地域医療振興協会 石岡第一病院,126,True
08,0510883,無床診療所,杉並クリニック,0,False
08,0511048,病院,社会福祉法人 欅会 旭台病院,60,True
08,0610048,病院,医療法人 威恵会 三岳荘小松崎病院,220,True
08,0610063,病院,医療法人社団 平仁会 下館病院,154,False
08,0610196,無床診療所,医療法人社団 新井内科医院,0,False
08,0610709,無床診療所,下館胃腸科医院,0,False
08,0611012,病院,大圃病院,173,True
08,0611129,無床診療所,かくらいクリニック,0,False
08,0611152,病院,社会医療法人 恒貴会 協和中央病院,199,True
08,0611228,無床診療所,落合医院,0,False
08,0611335,有床診療所,宮田医院,19,True
08,0611665,無床診療所,とみざわハートクリニック,0,False
08,0611699,無床診療所,あけの元気館前クリニック,0,False
08,0611772,無床診療所,かわしま内科クリニック,0,False
08,0611780,病院,茨城県西部メディカルセンター,250,True
08,0611848,無床診療所,てつか脳神経外科クリニック,0,False
08,0710152,病院,社会医療法人 達生堂 城西病院,261,True
08,0710566,病院,社会医療法人社団同樹会 結城病院,194,True
08,0710780,無床診療所,医療法人同仁会 みやたクリニック,0,False
08,0810036,病院,医療法人社団八峰会 池田病院,172,False
08,0810564,病院,牛尾病院,111,True
08,0810663,病院,龍ケ崎済生会病院,204,True
08,0811034,無床診療所,中村クリニック,0,False
08,1010263,無床診療所,とき田クリニック,0,False
08,1010271,病院,湖南病院,126,True
08,1010289,病院,平間病院,75,True
08,1010321,無床診療所,砂沼湖畔クリニック,0,False
08,1010388,有床診療所,菊山胃腸科外科医院,7,True
08,1010412,無床診療所,医療法人怜真会 中山医院,0,False
08,1010420,病院,軽部病院,35,True
08,1010578,無床診療所,坂入医院,0,False
08,1110097,病院,きぬ医師会病院,124,True
08,1110352,病院,水海道さくら病院,88,True
08,1110535,病院,水海道西部病院,120,True
08,1110626,無床診療所,大塚クリニック,0,False
08,1210038,病院,西山堂病院,58,True
08,1210244,有床診療所,脳神経外科ブレインピア南太田,19,True
08,1210251,病院,藤井病院,90,True
08,1210277,無床診療所,佐竹南台菜のはなクリニック,0,False
08,1210293,有床診療所,根本医院,19,True
08,1210327,無床診療所,大森医院,0,True
08,1210384,無床診療所,太田ネフロクリニック,0,False
08,1210392,病院,大山病院,90,True
08,1210418,無床診療所,医療法人慈仁会 川崎クリニック,0,False
08,1210467,無床診療所,ひたち太田家庭医療診療所,0,False
08,1410026,病院,やすらぎの丘温泉病院,154,True
08,1410224,病院,高萩それいゆ病院,150,False
08,1410331,病院,県北医療センター高萩協同病院,165,True
08,1510163,病院,医療法人 芳医会 瀧病院,76,True
08,1510262,無床診療所,かもめ・大津港クリニック,0,False
08,1510270,無床診療所,北茨城中央クリニック,0,False
08,1510353,病院,北茨城市民病院,183,True
08,1610021,病院,医療法人 鳳香会 石本病院,45,True
08,1610286,有床診療所,神里医院,19,True
08,1610310,病院,茨城県立中央病院,500,True
08,1610328,病院,茨城県立こころの医療センター,525,False
08,1610336,病院,医療法人社団聖嶺会 立川記念病院,115,True
08,1610393,無床診療所,常陸クリニック,0,False
08,1610633,病院,笠間市立病院,30,True
08,1610708,無床診療所,たかだ脳神経外科・内科クリニック,0,False
08,1710029,病院,取手北相馬保健医療センター医師会病院,177,True
08,1710102,病院,ＪＡとりで総合医療センター,414,True
08,1710359,病院,西間木病院,39,True
08,1710821,病院,医療法人社団 宗仁会病院,69,True
08,1711191,病院,医療法人社団 耕潤会 ハートフルふじしろ病院,45,False
08,1711217,無床診療所,丸野医院,0,False
08,1711449,病院,東取手病院,77,True
08,1711621,無床診療所,とりで腎・泌尿器科クリニック,0,False
08,1810068,無床診療所,吉原内科,0,False
08,1810092,有床診療所,医療法人医新会 石塚医院,15,True
08,1810258,病院,木根淵外科胃腸科病院,68,True
08,1810456,無床診療所,岩本医院,0,False
08,1810464,病院,ホスピタル坂東,470,False
08,1910025,病院,医療法人社団 常仁会 牛久愛和総合病院,489,False
08,1910231,病院,社会医療法人若竹会 つくばセントラル病院,313,True
08,1910710,無床診療所,天満胃腸科クリニック,0,False
08,1911015,無床診療所,医療法人社団啓聖会 鳥越クリニック,0,False
08,1911049,無床診療所,医療法人社団 ひたちの整形外科,0,False
08,1911106,無床診療所,セントラル総合クリニック,0,False
08,1911122,無床診療所,医療法人社団 語應会 オアシス脳神経クリニック,0,False
08,1911262,無床診療所,牛久神谷内科クリニック,0,False
08,2010049,病院,一般財団法人筑波麓仁会 筑波学園病院,328,True
08,2010064,病院,公益財団法人 筑波メディカルセンター 筑波メディカルセンター病院,405,True
08,2010171,病院,筑波記念病院,335,True
08,2010247,病院,医療法人社団恵仁会 ＴＫＧ筑波中央病院,96,False
08,2010304,病院,医療法人社団桜水会 筑波病院,199,True
08,2010452,無床診療所,柴原医院,0,False
08,2011211,病院,いちはら病院,199,True
08,2011450,無床診療所,医療法人義恵会 こまつ内科クリニック,0,False
08,2011682,病院,医療法人社団つくば健仁会 とよさと病院,256,False
08,2011724,病院,医療法人社団双愛会 つくば双愛病院,176,True
08,2011773,病院,医療法人社団筑三会 筑波胃腸病院,60,True
08,2011823,病院,医療法人社団 健正会 茎崎アオイ病院,180,True
08,2011856,有床診療所,ひがし外科内科医院,8,True
08,2012078,無床診療所,筑波総合クリニック,0,False
08,2012227,無床診療所,みなのクリニック内科呼吸器科,0,False
08,2012300,無床診療所,サンシャイン・クリニック,0,False
08,2012854,無床診療所,ＡＩＣ画像検査センター,0,False
08,2012862,無床診療所,おがわ内科,0,False
08,2012979,無床診療所,医療法人 竹園ファミリークリニック,0,False
08,2013027,無床診療所,医療法人 成島クリニック,0,False
08,2013225,無床診療所,つくばハートクリニック,0,False
08,2013274,無床診療所,医療法人水清会 つくば学園クリニック,0,False
08,2013464,無床診療所,きくち呼吸器内科クリニック,0,False
08,2013688,無床診療所,医療法人社団 怜弥会 さくら内科・呼吸器内科クリニック,0,False
08,2013712,無床診療所,グレースクリニック,0,False
08,2013852,無床診療所,がじゅまるクリニックつくば,0,False
08,2014009,無床診療所,つくば脳神経外科・頭痛クリニック,0,False
08,2014066,無床診療所,すずらん整形＆ラボ,0,False
08,2014074,無床診療所,つくばウェルネス整形外科,0,False
08,2014306,無床診療所,つくばａｉ整形外科クリニック,0,False
08,2110179,病院,株式会社日立製作所 ひたちなか総合病院,300,True
08,2110534,病院,医療法人社団愛友会 勝田病院,85,True
08,2110567,病院,アイビークリニック,55,True
08,2110773,有床診療所,医療法人社団 克仁会 恵愛小林クリニック,19,True
08,2111029,有床診療所,医療法人薫光会 小松整形外科医院,19,True
08,2111110,無床診療所,四方医院,0,False
08,2111128,有床診療所,さくら水戸クリニック,19,True
08,2111391,有床診療所,尚仁会クリニック,3,True
08,2111417,無床診療所,医療法人社団秀峰会 つだ中央クリニック,0,False
08,2111557,無床診療所,ひたちなか海浜クリニック,0,False
08,2111698,無床診療所,森田記念クリニック,0,False
08,2111730,無床診療所,医療法人聖麗会脳神経外科聖麗メモリアルひたちなか,0,False
08,2111763,無床診療所,医療法人桜丘会 脳神経外科ブレインピアひたちなか,0,False
08,2111839,無床診療所,田中循環器内科クリニック,0,False
08,2111888,有床診療所,みんなの内科外科クリニック,19,True
08,2210011,病院,公益財団法人 鹿島病院,238,True
08,2210110,病院,前田病院,36,True
08,2210342,有床診療所,大野診療所,19,False
08,2210391,病院,医療法人社団 善仁会 小山記念病院,224,True
08,2210508,無床診療所,医療法人松優会 松倉中央クリニック,0,False
08,2210599,無床診療所,アントラーズスポーツクリニック,0,False
08,2210672,無床診療所,医療法人仁和会 島崎クリニック,0,False
08,2210680,有床診療所,島医院,15,True
08,2310142,無床診療所,医療法人社団 福寿会 飯島内科,0,False
08,2310217,無床診療所,医療法人社団同仁会 常南医院,0,False
08,2310332,無床診療所,潮来ハートクリニック,0,False
08,2410025,病院,社会医療法人社団光仁会 総合守谷第一病院,199,True
08,2410132,病院,守谷慶友病院,178,True
08,2410314,無床診療所,医療法人社団弘明会さとう内科・脳神経外科クリニック,0,False
08,2410413,無床診療所,医療法人 慶友会 ひがしクリニック慶友,0,False
08,2410793,病院,医療法人三星会 茨城リハビリテーション病院,178,True
08,2410850,無床診療所,南守谷クリニック,0,False
08,2410942,無床診療所,守谷こっこ内科・循環器内科クリニック,0,False
08,2510063,病院,医療法人 博仁会 志村大宮病院,178,True
08,2510147,無床診療所,大曽根内科小児科,0,False
08,2510253,病院,常陸大宮済生会病院,148,True
08,2510295,無床診療所,岡崎外科医院,0,False
08,2510360,無床診療所,おかざき内科クリニック,0,False
08,2610012,病院,医療法人社団 有朋会 栗田病院,203,False
08,2610046,無床診療所,塙 内科・消化器科,0,False
08,2610053,病院,西山堂慶和病院,199,True
08,2610236,有床診療所,医療法人健清会 那珂記念クリニック,19,True
08,2610285,病院,岩上記念病院,24,False
08,2610327,無床診療所,医療法人えびすいクリニック,0,False
08,2610392,無床診療所,那珂中央クリニック,0,False
08,2610400,無床診療所,ののがき脳神経外科クリニック,0,False
08,2610475,無床診療所,木村医院,0,False
08,2610541,病院,小豆畑病院,104,False
08,2710077,有床診療所,佐倉クリニック,19,True
08,2710085,病院,医療法人精光会 みやざきホスピタル,230,False
08,2710135,病院,医療法人社団広文会 江戸崎病院,227,False
08,2710150,病院,医療法人盡誠会 宮本病院,417,True
08,2710234,無床診療所,角崎クリニック,0,False
08,2910016,病院,社会福祉法人白十字会 白十字総合病院,304,True
08,2910032,無床診療所,あきら医院,0,False
08,2910081,無床診療所,児玉医院,0,False
08,2910222,病院,神栖済生会病院,179,True
08,2910248,病院,医療法人社団土合会 渡辺病院,96,True
08,2910263,病院,清仁会病院,118,True
08,2910289,無床診療所,医療法人 千樹会 小田医院,0,False
08,2910487,無床診療所,五郎台ファミリークリニック,0,False
08,2910529,無床診療所,にへいなかよしクリニック,0,False
08,2910693,無床診療所,医療法人玉心会 宝山ハートクリニック,0,False
08,2910735,無床診療所,医療法人社団慈英会 神栖メディカルクリニック,0,False
08,2910743,病院,鹿嶋ハートクリニック,23,True
08,3010113,病院,土浦協同病院なめがた地域医療センター,199,True
08,3010170,無床診療所,大場内科玉造クリニック,0,False
08,3110012,病院,医療法人 渡辺会 大洗海岸病院,142,True
08,3110020,病院,公益財団法人 報恩会 石崎病院,291,True
08,3110764,無床診療所,さかた医院,0,False
08,3110772,無床診療所,広沢クリニック,0,False
08,3111002,病院,独立行政法人国立病院機構水戸医療センター,500,True
08,3111135,有床診療所,医療法人桜丘会 脳神経外科ブレインピア桜ヶ丘,19,True
08,3111234,無床診療所,緒方内科循環器クリニック,0,False
08,3310612,有床診療所,尾形クリニック,19,True
08,3311081,病院,村立東海病院,80,True
08,3410149,病院,医療法人久仁会 久保田病院,49,True
08,3410263,有床診療所,成医院,19,False
08,3410271,病院,慈泉堂病院,48,True
08,3410370,有床診療所,医療法人保内郷厚生会 保内郷メディカルクリニック,19,True
08,3810108,病院,医療法人美湖会 美浦中央病院,186,True
08,3810645,病院,茨城県立医療大学付属病院,120,True
08,3811007,有床診療所,阿見第一クリニック,19,False
08,3811171,病院,東京医科大学茨城医療センター,445,True
08,3811254,無床診療所,あみ東クリニック,0,False
08,4210035,無床診療所,菊山医院,0,False
08,4210274,病院,八千代病院,55,True
08,4310066,病院,茨城西南医療センター病院,358,True
08,4310637,無床診療所,境クリニック,0,False
08,4410403,無床診療所,医療法人 山中医院,0,False
08,5110028,病院,独立行政法人国立病院機構 霞ヶ浦医療センター,250,True
08,5110036,病院,独立行政法人国立病院機構 茨城東病院,320,True
08,5110051,病院,筑波大学附属病院,809,True
08,7110018,病院,医療法人鴻仁会 上の原病院,236,True
08,7110265,無床診療所,医療法人同愛会延島クリニック,0,False
08,7110356,病院,さくらがわ地域医療センター,128,True
08,7210032,病院,医療法人三尚会 高須病院,55,True
08,7210081,病院,医療法人 東湖会 鉾田病院,62,True
08,7210164,無床診療所,たきもとクリニック,0,False
08,7210198,無床診療所,たいようクリニック,0,False
08,7210230,無床診療所,またの内科クリニック,0,False
08,7310238,無床診療所,みらい平クリニック,0,False
08,7310246,無床診療所,医療法人社団 貴風会 なかざわクリニック,0,False
08,7410012,病院,医療法人社団白帆会 小川南病院,90,True
08,7410111,病院,美野里病院,111,True
08,7410137,無床診療所,希望ケ丘ひきクリニック,0,False
08,7410186,病院,石岡循環器科脳神経外科病院,63,True
08,7410269,無床診療所,新澤医院,0,False
08,7410293,無床診療所,おみたまクリニック,0,False
08,7410319,病院,社会医療法人財団 古宿会 小美玉市医療センター,80,True
09,0104827,無床診療所,天目外科胃腸科,0,False
09,0105618,無床診療所,鈴木胃腸科外科内科,0,False
09,0107002,有床診療所,冨塚メディカルクリニック,19,True
09,0107440,有床診療所,宇都宮整形外科内科クリニック,3,True
09,0107580,無床診療所,松本医院,0,False
09,0107598,無床診療所,宇都宮東部クリニック,0,False
09,0110121,病院,沼尾病院,60,False
09,0110170,病院,佐藤病院,43,True
09,0110436,病院,独立行政法人地域医療機能推進機構うつのみや病院,197,False
09,0110535,病院,宇都宮病院,652,True
09,0110691,病院,皆藤病院,397,True
09,0110998,病院,飯田病院,120,False
09,0111087,病院,宇都宮中央病院,198,True
09,0111103,病院,宇都宮第一病院,162,True
09,0111129,病院,社会医療法人中山会 鷲谷記念病院,110,True
09,0111137,病院,宇都宮東病院,39,True
09,0111277,病院,柴病院,110,True
09,0111897,有床診療所,柴崎外科医院,18,True
09,0112234,有床診療所,医療法人社団一心会高橋消化器内科糖尿病内科,19,True
09,0112333,病院,医療法人社団松栄会宇都宮内科病院,89,True
09,0112408,病院,医療法人慶晴会宇都宮南病院,57,True
09,0112739,無床診療所,医療法人前田クリニック,0,False
09,0112762,無床診療所,倉持整形外科・皮膚科美容皮膚科,0,False
09,0113166,無床診療所,医療法人ＤＩＣ 宇都宮セントラルクリニック,0,False
09,0113174,病院,宇都宮記念病院,193,True
09,0113190,病院,倉持病院,96,True
09,0113216,無床診療所,しみずファミリークリニック,0,False
09,0113240,無床診療所,医療法人富士見会ミヤ健康クリニック,0,False
09,0113281,有床診療所,宇都宮脳脊髄センター,19,True
09,0113323,病院,宇都宮リハビリテーション病院,96,True
09,0113406,無床診療所,医療法人なでしこなでしこファミリークリニック,0,False
09,0113596,無床診療所,たからぎ胃腸外科クリニック,0,False
09,0113851,病院,栃木県立がんセンター,291,True
09,0114032,無床診療所,インターパーク倉持呼吸器内科,0,False
09,0114123,無床診療所,倉持整形外科・内科,0,False
09,0114172,無床診療所,乾林堂医院,0,False
09,0114230,病院,栃木県立リハビリテーションセンター,153,True
09,0114461,無床診療所,医療法人よしざわクリニック,0,False
09,0114867,無床診療所,よこかわ脳神経外科内科,0,False
09,0114982,無床診療所,医療法人百生会 星脳神経外科,0,False
09,0115054,病院,宇都宮脳脊髄センター・シンフォニー病院,40,True
09,0117860,病院,地方独立行政法人栃木県立岡本台病院,221,False
09,0117969,病院,新宇都宮リハビリテーション病院,240,True
09,0118116,無床診療所,あいはらクリニック,0,False
09,0118124,無床診療所,おおるりファミリークリニック,0,False
09,0118140,無床診療所,しばファミリークリニック,0,False
09,0118280,無床診療所,池田呼吸器アレルギー内科クリニック,0,False
09,0118348,無床診療所,大林クリニック,0,False
09,0118355,無床診療所,あおぞら内科・呼吸器クリニック,0,False
09,0118413,無床診療所,はぎわらクリニック,0,False
09,0118454,無床診療所,あんしんクリニック,0,False
09,0210053,病院,鈴木病院,56,True
09,0210087,病院,今井病院,186,True
09,0210103,病院,足利富士見台病院,139,False
09,0210228,無床診療所,関内科医院,0,False
09,0210251,無床診療所,筑波医院,0,False
09,0210343,無床診療所,福地医院,0,False
09,0210350,無床診療所,冨田内科医院,0,False
09,0210509,病院,皆川病院,72,True
09,0210574,無床診療所,阿部医院本院,0,False
09,0210632,有床診療所,大岡胃腸内科,19,True
09,0210723,無床診療所,医療法人井戸川クリニック,0,False
09,0210772,無床診療所,西田医院,0,False
09,0210780,病院,あしかがの森足利病院,195,True
09,0210798,有床診療所,鹿島整形外科,19,True
09,0210822,病院,長﨑病院,80,True
09,0210921,病院,足利中央病院,78,True
09,0210962,病院,本庄記念病院,92,True
09,0210988,無床診療所,うるしばらクリニック,0,False
09,0210996,無床診療所,はじか外科内科,0,False
09,0211119,無床診療所,吉田醫院,0,False
09,0211127,無床診療所,医療法人社団 廣和会 いざわ脳神経内科,0,False
09,0211200,無床診療所,尾之内外科,0,False
09,0211267,無床診療所,なかじま救急科・内科クリニック,0,False
09,0211390,無床診療所,朝倉町よしだクリニック,0,False
09,0211408,無床診療所,足利第一クリニック,0,False
09,0310184,病院,中野病院,55,True
09,0310192,病院,重症心身障害児施設星風会病院星風院,60,True
09,0310481,無床診療所,医療法人河口医院,0,False
09,0310713,病院,とちぎメディカルセンターとちのき,250,True
09,0310754,無床診療所,大平ファミリークリニック,0,False
09,0310812,無床診療所,なかつぼクリニック,0,False
09,0310861,病院,とちぎメディカルセンターしもつが,301,True
09,0310911,無床診療所,すずきクリニック,0,False
09,0311067,病院,大平下病院,144,False
09,0311208,無床診療所,ごとう脳神経外科・救急科クリニック,0,False
09,0410059,病院,佐野医師会病院,112,True
09,0410489,病院,佐野厚生総合病院,506,True
09,0410638,無床診療所,佐野利根川橋クリニック,0,True
09,0410844,病院,佐野市民病院,199,True
09,0410877,無床診療所,ますだトータルケアクリニック,0,False
09,0410984,無床診療所,おかだ内科・脳神経クリニック,0,False
09,0510023,病院,上都賀総合病院,352,True
09,0510148,病院,御殿山病院,199,True
09,0510189,病院,鹿沼病院,271,False
09,0510437,有床診療所,鹿沼脳神経外科,19,True
09,0510528,有床診療所,竹村内科腎クリニック,19,True
09,0610138,病院,日光市民病院,96,True
09,0610153,病院,日光野口病院,120,True
09,0610278,無床診療所,見龍堂医療福祉総合クリニック,0,False
09,0610336,病院,学校法人獨協学園 獨協医科大学日光医療センター,199,True
09,0610377,有床診療所,社団医療法人英静会森クリニック,19,False
09,0610401,病院,日光・ふじの原病院,60,False
09,0610419,無床診療所,足尾双愛クリニック,0,False
09,0610427,無床診療所,新沢クリニック,0,False
09,0710086,病院,今市病院,129,True
09,0710250,無床診療所,石塚クリニック,0,False
09,0710268,無床診療所,見龍堂クリニックかわせみ,0,False
09,0801455,有床診療所,すずき整形外科,19,True
09,0802107,無床診療所,野村消化器内科クリニック,0,False
09,0810092,病院,小山厚生病院,53,True
09,0810142,病院,朝日病院,221,False
09,0810381,病院,光南病院,155,True
09,0810456,有床診療所,船田内科歯科医院,19,True
09,0810522,病院,星野病院,35,True
09,0810563,無床診療所,加藤クリニック,0,False
09,0810597,無床診療所,城南クリニック,0,False
09,0810704,病院,南栃木病院,158,True
09,0810720,有床診療所,小山すぎの木クリニック,19,True
09,0810779,病院,小山整形外科内科,60,True
09,0810837,無床診療所,サンフラワークリニック,0,False
09,0810845,無床診療所,小山整形外科内科クリニック,0,False
09,0811116,病院,新小山市民病院,300,True
09,0811249,有床診療所,医療法人さくら会 さくらのクリニック,19,True
09,0811447,病院,リハビリテーション翼の舎病院,100,True
09,0812379,無床診療所,とちぎ健診プラザ,0,False
09,0812387,無床診療所,小山ステーション脳神経外科・内科,0,False
09,0812445,病院,医療法人社団愛康会 杉村病院,41,False
09,0910108,病院,福田記念病院,176,True
09,0910124,病院,真岡病院,120,True
09,0910157,有床診療所,桜井内科医院,19,False
09,0910264,無床診療所,真岡中央クリニック,0,False
09,0910389,無床診療所,真岡脳神経クリニック,0,False
09,0910405,無床診療所,さとう循環器科内科クリニック,0,False
09,0910421,有床診療所,医療法人弘真会二宮中央クリニック,9,True
09,0910470,有床診療所,真岡メディカルクリニック,6,True
09,0910538,病院,芳賀赤十字病院,360,True
09,1000768,無床診療所,鎌田浅香医院,0,False
09,1010064,病院,室井病院,204,True
09,1010130,病院,那須中央病院,169,True
09,1010304,無床診療所,国際医療福祉大学クリニック,0,False
09,1010320,有床診療所,藤田医院,18,True
09,1110047,病院,佐藤病院,282,False
09,1110062,有床診療所,尾形クリニック,19,True
09,1110146,病院,矢板南病院,128,True
09,1110237,無床診療所,かわしま循環器内科,0,False
09,1210060,病院,菅間記念病院,338,True
09,1210094,病院,黒磯病院,22,True
09,1210128,病院,福島整形外科病院,52,True
09,1210169,無床診療所,渡部医院,0,False
09,1210268,無床診療所,なすのクリニック,0,False
09,1310043,無床診療所,那須高原クリニック,0,False
09,1310167,無床診療所,尾形クリニック那須,0,False
09,1310316,病院,那須北病院,100,True
09,1310340,無床診療所,れいめい内科・循環器内科クリニック,0,False
09,1610178,病院,石橋総合病院,185,True
09,1610368,無床診療所,すずき内科・循環器科,0,False
09,2110145,無床診療所,山﨑医院,0,False
09,2110269,病院,白澤病院,159,True
09,2110285,無床診療所,南河内診療所,0,False
09,2110293,病院,藤井脳神経外科病院,113,True
09,2110343,無床診療所,小口内科小児科医院,0,False
09,2110376,無床診療所,やまだ整形外科内科クリニック,0,False
09,2110426,病院,新上三川病院,209,True
09,2210077,病院,西方病院,93,True
09,2301983,無床診療所,持田医院,0,False
09,2310208,病院,野木病院,52,True
09,2310216,無床診療所,田村医院,0,False
09,2310273,無床診療所,せいいかいメディカルクリニックＯＹＡＭＡ,0,False
09,2310315,有床診療所,藤沼医院,11,True
09,2310455,無床診療所,みずほクリニック,0,False
09,2310489,有床診療所,都丸整形外科,19,True
09,2310497,有床診療所,多島外科胃腸科,18,True
09,2310505,病院,小金井中央病院,135,True
09,2310539,無床診療所,新島内科クリニック,0,False
09,2310653,病院,リハビリテーション花の舎病院,114,True
09,2310737,無床診療所,福井セントラルクリニック,0,False
09,2310968,無床診療所,ゆりなメディカルパーク,0,False
09,2311016,無床診療所,みぶ整形外科クリニック,0,False
09,2502184,無床診療所,もみの木医院,0,False
09,2510302,病院,那須高原病院,321,False
09,2510476,無床診療所,佐藤医院,0,False
09,2510534,病院,南那須地区広域行政事務組合立那須南病院,130,True
09,2510567,病院,高野病院,47,True
09,2510609,病院,烏山台病院,122,False
09,2510617,無床診療所,医療法人社団小沼内科胃腸科クリニック,0,False
09,2510641,病院,栃木県医師会塩原温泉病院,199,True
09,2610193,病院,菅又病院,46,True
09,2610201,病院,黒須病院,190,True
09,2610433,病院,高根沢中央病院,53,True
09,2610524,無床診療所,中津川循環器科内科クリニック,0,False
09,2610607,有床診療所,アグリホームクリニック しおや,3,False
09,2710050,病院,菊池病院,240,False
09,2710423,病院,社団医療法人弘全会 芳賀中央病院,74,True
09,5110373,病院,日本赤十字社栃木県支部足利赤十字病院,540,True
09,5110399,病院,那須赤十字病院,444,True
09,5210074,病院,自治医科大学附属病院,105,True
09,5210173,病院,獨協医科大学病院,195,True
09,5210181,病院,国際医療福祉大学那須医療センター,449,False
09,5210215,病院,国際医療福祉大学塩谷病院,199,True
09,6210115,病院,済生会宇都宮病院,644,True
09,7110041,病院,独立行政法人国立病院機構栃木医療センター,344,False
09,7210023,病院,独立行政法人国立病院機構宇都宮病院,380,False
10,0103768,無床診療所,前橋東クリニック,0,False
10,0110037,病院,独立行政法人地域医療機能推進機構群馬中央病院,333,True
10,0110144,病院,群馬県済生会前橋病院,323,True
10,0110151,病院,前橋協立病院,187,True
10,0110177,病院,厩橋病院,318,False
10,0110235,無床診療所,公益財団法人群馬県健康づくり財団診療所,0,False
10,0110243,病院,赤城病院,228,False
10,0110359,病院,公益財団法人 老年病研究所附属病院,253,True
10,0110375,病院,医療法人 中沢会 上毛病院,334,True
10,0110516,病院,医療法人 積心会 富沢病院,80,False
10,0110672,病院,医療法人 社団 敬寿会 前橋城南病院,161,True
10,0110847,病院,上武呼吸器科内科病院,120,True
10,0111324,病院,医療法人相生会 若松記念わかば病院,102,True
10,0111373,有床診療所,中嶋医院,19,True
10,0111407,病院,医療法人 前橋北病院,40,True
10,0111530,有床診療所,あさくらスポーツリハビリテーションクリニック,19,True
10,0112090,病院,群馬ペインクリニック病院,46,True
10,0112108,有床診療所,しらかわ診療所,19,True
10,0112298,無床診療所,ほしの整形外科クリニック,0,False
10,0112306,病院,善衆会病院,198,True
10,0112330,病院,東前橋整形外科病院,60,True
10,0112405,有床診療所,うしいけ内科クリニック,19,True
10,0112470,無床診療所,フォレスト整形外科スポーツクリニック,0,False
10,0112611,病院,前橋赤十字病院,549,True
10,0112652,無床診療所,医療法人 忠恕会 狩野脳神経外科医院,0,False
10,0112702,無床診療所,城西クリニック,0,True
10,0112751,無床診療所,みずしま脳神経内科・内科クリニック,0,False
10,0112769,無床診療所,ぐんまスポーツ整形外科,0,False
10,0112777,無床診療所,前橋ふえきクリニック,0,False
10,0112926,無床診療所,いわさき内科・皮ふ科,0,False
10,0112991,無床診療所,前橋内科・内視鏡クリニック,0,False
10,0113064,無床診療所,前橋脳外科クリニック,0,False
10,0113148,無床診療所,ふじまきクリニック 脳神経外科・内科,0,False
10,0113213,無床診療所,しおざわ整形外科クリニック,0,False
10,0113254,無床診療所,青梨子はぎわら医院,0,False
10,0113262,無床診療所,前橋フォレスト内科外科クリニック,0,False
10,0113353,無床診療所,こまがた脳神経内科・内科クリニック,0,False
10,0201281,有床診療所,渡辺内科クリニック,19,True
10,0210084,病院,大島病院,181,True
10,0210183,病院,一般社団法人 伊勢崎佐波医師会病院,255,True
10,0210274,病院,公益財団法人脳血管研究所 美原記念病院,189,True
10,0210316,病院,医療法人 石井会 石井病院,188,True
10,0210522,無床診療所,医療法人 眞誠会 久保医院,0,False
10,0210639,無床診療所,伊勢崎スポーツ整形外科医院,0,False
10,0210647,無床診療所,平野クリニック,0,False
10,0210738,病院,伊勢崎市民病院,490,True
10,0210837,無床診療所,しおじまクリニック,0,False
10,0210928,病院,伊勢崎福島病院,232,True
10,0211041,無床診療所,伊勢崎健診プラザ,0,False
10,0211066,無床診療所,安堀太田町クリニック,0,False
10,0310066,病院,沼田脳神経外科循環器科病院,84,True
10,0310124,病院,医療法人 大誠会 内田病院,99,True
10,0310199,有床診療所,医療法人 順愛会 角田外科医院,19,True
10,0310272,無床診療所,沼田クリニック,0,False
10,0310363,病院,利根中央病院,253,True
10,0410114,無床診療所,医療法人 高橋会 高橋医院,0,False
10,0410130,病院,医療法人 橘会 上之原病院,170,False
10,0410189,病院,北関東循環器病院,120,True
10,0410288,無床診療所,西田整形外科,0,False
10,0510061,病院,医療法人 パテラ会 月夜野病院,72,True
10,0510079,病院,医療法人社団ほたか会 群馬パース病院,182,True
10,0510087,病院,上牧温泉病院,76,True
10,0510145,無床診療所,医療法人 開成日の出会 竹内医院,0,False
10,0610044,病院,鶴谷病院,320,True
10,0610085,病院,医療法人 原会 原病院,344,False
10,0610127,病院,角田病院,125,True
10,0610200,病院,せせらぎ病院,49,True
10,0610333,無床診療所,ひらが脳神経外科,0,False
10,1003421,無床診療所,土屋内科医院,0,False
10,1010053,病院,医療法人 山崎会 サンピエール病院,522,True
10,1010087,病院,高崎中央病院,119,True
10,1010103,病院,希望館病院,130,True
10,1010145,病院,医療法人 博仁会 第一病院,193,True
10,1010186,病院,医療法人 真木会 真木病院,130,True
10,1010202,病院,医療法人 社団 大原会 大原病院,45,True
10,1010210,病院,野口病院,50,True
10,1010244,病院,医療法人 社団 日高会 日高病院,287,True
10,1010269,病院,医療法人 十薬会 上大類病院,25,True
10,1010335,無床診療所,医療法人 社団 吉田会 吉田内科,0,False
10,1010343,病院,駒井病院,100,True
10,1010368,病院,医療法人 井上病院,85,True
10,1010756,無床診療所,独立行政法人 国立重度知的障害者総合施設のぞみの園診療所,0,False
10,1010822,病院,たかまえ病院,99,True
10,1010855,無床診療所,もてき脳神経外科,0,False
10,1010863,無床診療所,一般財団法人榛名荘 榛名荘病院附属高崎診療所はるな脳外科,0,False
10,1010871,無床診療所,医療法人 ラホヤ会 道又内科クリニック,0,False
10,1010988,病院,医療法人 中央群馬脳神経外科病院,88,True
10,1011077,無床診療所,小板橋記念クリニック,0,False
10,1011408,無床診療所,こやぎ内科,0,False
10,1011416,無床診療所,細谷医院,0,False
10,1011465,有床診療所,黒沢病院附属ヘルスパーククリニック,19,True
10,1011713,無床診療所,沼野クリニック,0,False
10,1011762,無床診療所,県央医科歯科クリニック,0,False
10,1011853,病院,黒沢病院,130,True
10,1011945,病院,高瀬記念病院,170,True
10,1011986,病院,綿貫病院,80,True
10,1012091,無床診療所,稲村クリニック アレルギー・呼吸器内科,0,False
10,1012182,無床診療所,医療法人社団 醫侑会 小川クリニック,0,False
10,1012463,無床診療所,医療法人社団小林外科胃腸科医院,0,False
10,1012513,無床診療所,みずの神経内科・内科クリニック,0,False
10,1012570,無床診療所,松岡医院,0,False
10,1012737,病院,さわらび医療福祉センター,120,True
10,1012778,無床診療所,静内科,0,False
10,1012794,無床診療所,仁静堂医院,0,False
10,1012851,無床診療所,しんまち内科・循環器内科クリニック,0,False
10,1012935,無床診療所,多聞内科クリニック,0,False
10,1100300,無床診療所,井口医院,0,False
10,1100722,無床診療所,塚越クリニック,0,False
10,1110077,病院,北毛保健生活協同組合 北毛病院,150,True
10,1110135,病院,医療法人 恒和会 関口病院,85,True
10,1110226,病院,渋川中央病院,153,True
10,1110234,無床診療所,大谷内科クリニック,0,False
10,1110374,病院,榛名病院,289,False
10,1110416,無床診療所,医療法人石井会 渋川伊香保分院,0,False
10,1210091,病院,くすの木病院,214,True
10,1210109,病院,光病院,80,True
10,1210117,病院,医療法人 育生会 篠塚病院,74,True
10,1210281,無床診療所,すぎやまメディカルクリニック,0,False
10,1210307,無床診療所,栗原胃腸科外科医院,0,False
10,1210349,病院,藤岡市国民健康保険鬼石病院,99,True
10,1210414,病院,公立藤岡総合病院,395,True
10,1310024,病院,公立富岡総合病院,306,True
10,1310081,病院,医療法人 大和会 西毛病院,408,True
10,1310206,病院,公立 七日市病院,162,True
10,1310271,無床診療所,医療法人民善会 細谷クリニック,0,False
10,1410048,病院,本多病院,20,True
10,1410063,病院,医療法人済恵会 須藤病院,120,True
10,1410097,病院,正田病院,43,True
10,1410105,無床診療所,有坂内科医院,0,False
10,1410154,病院,安中市立碓氷病院,149,False
10,1510029,病院,榛名荘病院,183,True
10,1510037,病院,二之沢病院,120,True
10,1510052,病院,群馬病院,461,False
10,1510086,無床診療所,医療法人社団 三愛会 三愛クリニック,0,False
10,1510128,病院,関越中央病院,90,True
10,1510235,無床診療所,ふるしま医院,0,False
10,1510284,無床診療所,医療法人社団順成会 吉原クリニック,0,False
10,1510326,有床診療所,みさと診療所,19,True
10,1610035,病院,群栄会 田中病院,494,True
10,1610159,無床診療所,関口医院,0,False
10,1710256,無床診療所,ヒロ循環器科胃腸科クリニック,0,False
10,1710264,病院,医療法人 社団 日高会 日高リハビリテーション病院,104,True
10,1810072,病院,下仁田厚生病院,48,True
10,2010052,病院,松井田病院,119,True
10,2110076,病院,原町赤十字病院,182,True
10,2110134,病院,公益社団法人群馬県医師会群馬リハビリテーション病院,189,True
10,2110159,病院,吾妻さくら病院,67,True
10,2110282,無床診療所,吾妻脳神経外科循環器科,0,False
10,2110324,病院,西吾妻福祉病院,74,True
10,2110357,病院,田島病院,67,True
10,2110365,有床診療所,医療法人 東瞭会 櫻井医院,2,True
10,2110407,病院,草津こまくさ病院,109,False
10,2410021,病院,桐生厚生総合病院,404,True
10,2410088,病院,医療法人 岸会 岸病院,286,False
10,2410112,無床診療所,城田クリニック,0,False
10,2410187,病院,医療法人 岩下会 岩下病院,48,True
10,2410195,病院,医療法人 大和会 大和病院,40,True
10,2410229,有床診療所,医療法人 宏愛会 篠原クリニック,19,True
10,2410328,無床診療所,医療法人 石川内科クリニック,0,False
10,2410534,病院,医療法人 社団 全仁会 高木病院,167,True
10,2410542,病院,日新病院,85,True
10,2410567,無床診療所,森田クリニック,0,False
10,2410781,病院,桐生整形外科病院,38,True
10,2501183,無床診療所,竹内医院,0,False
10,2510044,病院,本島総合病院,199,True
10,2510051,病院,ＳＵＢＡＲＵ健康保険組合太田記念病院,400,True
10,2510101,病院,医療法人 三省会 堀江病院,178,True
10,2510150,病院,医療法人 赤城会 三枚橋病院,220,False
10,2510192,病院,武蔵野病院,185,False
10,2510200,病院,医療法人 慶仁会 城山病院,170,True
10,2510218,病院,医療法人 社団 松嶺会 冨士ヶ丘病院,90,True
10,2510309,無床診療所,山口外科医院,0,False
10,2510507,無床診療所,みのわクリニック,0,False
10,2510549,無床診療所,渡辺クリニック,0,False
10,2510606,無床診療所,金子クリニック,0,False
10,2510697,病院,医療法人財団明理会 イムス太田中央総合病院,350,True
10,2510713,無床診療所,尾島クリニック,0,False
10,2510747,有床診療所,太田協立診療所,19,False
10,2510796,無床診療所,山田クリニック,0,False
10,2510846,無床診療所,服部・えびすさまクリニック,0,False
10,2511182,無床診療所,あいファミリィクリニック太田,0,False
10,2511273,無床診療所,しむら整形外科,0,False
10,2511372,無床診療所,なかまクリニック,0,False
10,2511380,無床診療所,みなみ医院,0,False
10,2511414,病院,社会医療法人社団慶友会 東毛敬愛病院,48,False
10,2600787,無床診療所,ごが内科楡クリニック,0,False
10,2600894,無床診療所,堀越医院,0,False
10,2610018,病院,公立館林厚生病院,329,True
10,2610091,病院,つつじメンタルホスピタル,172,False
10,2610109,病院,館林記念病院,104,True
10,2610133,病院,医療法人 社団 田口会 新橋病院,46,True
10,2610158,無床診療所,医療法人 上野会 うえの医院,0,False
10,2610182,無床診療所,社会医療法人社団慶友会 宇沢整形外科,0,False
10,2610265,無床診療所,川島脳神経外科医院,0,False
10,2610554,病院,社会医療法人社団慶友会 慶友整形外科病院,137,True
10,2610562,無床診療所,社会医療法人社団慶友会 慶友整形外科クリニック,0,False
10,2610687,無床診療所,つつじのさと内科医院,0,False
10,2710032,病院,東邦病院,443,True
10,2710099,病院,みどり病院,50,True
10,2710123,病院,医療法人 宏愛会 宏愛会第一病院,123,True
10,2810022,病院,療育センター きぼう,140,True
10,2810030,病院,社会医療法人 東郷会 恵愛堂病院,270,False
10,3010077,病院,医療法人 徹裕会 蜂谷病院,74,True
10,3010127,無床診療所,医療法人 順守会 千代田医院,0,False
10,3010176,病院,おうら病院,80,True
10,3010200,無床診療所,医療法人穂栄会 みづほクリニック,0,False
10,3010291,無床診療所,湯澤医院,0,False
10,3010358,病院,医療法人海宝会明和セントラル病院,39,True
10,3110018,無床診療所,みどり市国民健康保険診療所,0,False
10,5010018,病院,群馬県立心臓血管センター,195,True
10,5010026,病院,群馬県立がんセンター,314,True
10,5010034,病院,群馬県立精神医療センター,265,False
10,5010042,病院,群馬県立小児医療センター,150,True
10,7010016,病院,群馬大学医学部附属病院,720,True
10,7010024,病院,独立行政法人国立病院機構高崎総合医療センター,479,True
10,7010040,病院,独立行政法人国立病院機構沼田病院,110,True
10,7010115,病院,独立行政法人国立病院機構 渋川医療センター,446,True
11,0101337,病院,独立行政法人地域医療機能推進機構 埼玉メディカルセンター,377,True
11,0101675,病院,医療法人 博仁会 共済病院,117,True
11,0102723,病院,医療法人 有隣会 わかくさ病院,29,True
11,0103010,病院,医療法人 川久保病院,39,True
11,0103762,無床診療所,一般社団法人浦和医師会 一般社団法人浦和医師会メディカルセンター,0,False
11,0103994,病院,医療法人 秋葉病院,59,True
11,0104000,病院,医療法人 聖仁会 西部総合病院,259,True
11,0104448,有床診療所,医療法人 鎌田医院,17,True
11,0104554,病院,医療法人社団 望星会 望星病院,58,True
11,0104570,病院,医療法人 白翔会 浦和神経サナトリウム,244,False
11,0105080,無床診療所,医療法人社団重和会 とくみつ内科クリニック,0,False
11,0105395,無床診療所,ユニットワンクリニック,0,False
11,0105403,無床診療所,楢原医院,0,False
11,0105445,無床診療所,医療法人社団 誠信会 かさい医院,0,False
11,0105874,無床診療所,医療法人 明医研 ハーモニークリニック,0,False
11,0106278,病院,医療法人社団 松弘会 三愛病院,199,True
11,0106690,無床診療所,九里医院,0,False
11,0107037,無床診療所,医療法人 明医研 デュエット内科クリニック,0,False
11,0107276,無床診療所,康成クリニック,0,False
11,0201350,病院,社会福祉法人 恩賜財団 済生会支部 埼玉県 済生会 川口総合病院,414,True
11,0201715,病院,医療法人 安東病院,104,True
11,0201996,病院,医療法人 健仁会 益子病院,115,True
11,0202747,病院,齋藤記念病院,60,True
11,0203091,病院,埼玉協同病院,377,True
11,0203596,病院,社会医療法人社団 大成会 武南病院,199,True
11,0203786,病院,寿康会病院,71,True
11,0203794,病院,医療法人社団 協友会 東川口病院,198,True
11,0203984,病院,医療法人 誠朗会 上野病院,51,True
11,0204222,病院,医療法人 千葉外科内科病院,32,True
11,0204255,病院,河合病院,108,True
11,0204685,無床診療所,医療法人 栄仁会 みらいメディカルクリニック川口中央,0,False
11,0205112,無床診療所,社会医療法人社団 大成会 武南病院附属クリニック,0,False
11,0205229,病院,川口市立医療センター,510,True
11,0206110,無床診療所,埼友川口クリニック,0,False
11,0206151,無床診療所,医療法人 稲生医院,0,False
11,0206474,無床診療所,医療法人社団 厚博会 氷室医院,0,False
11,0207092,病院,医療法人社団桐和会 タムスさくら病院川口,390,True
11,0207340,病院,医療法人 三誠会 川口誠和病院,100,True
11,0207852,無床診療所,かわぐち脳神経クリニック,0,False
11,0207894,病院,川口工業総合病院,199,True
11,0208181,無床診療所,さいぐさクリニック,0,False
11,0208223,有床診療所,医療法人 青木会 青木中央クリニック,19,True
11,0208496,無床診療所,医療法人社団 慈孝内科外科クリニック,0,False
11,0208850,病院,かわぐち心臓呼吸器病院,108,True
11,0208868,無床診療所,はしもと内科クリニック,0,False
11,0209270,無床診療所,めぐみクリニック,0,False
11,0209338,無床診療所,学校法人ＳＢＣ東京医療大学 附属ＳＢＣ整形外科クリニック上青木院,0,False
11,0209353,無床診療所,新郷中央診療所,0,False
11,0209429,有床診療所,上靑木中央醫院,19,True
11,0209528,無床診療所,朝日橋ひだまりクリニック,0,False
11,0209544,無床診療所,南はとがや泌尿器科・内科クリニック,0,False
11,0209924,無床診療所,医療法人社団 光恵会 芝西医院,0,False
11,0210211,無床診療所,やじまトータルケアクリニック,0,False
11,0210252,無床診療所,医療法人社団 水聖会 メディカルスキャニング川口,0,False
11,0210401,病院,川口きゅうぽらリハビリテーション病院,180,True
11,0210419,病院,ふれあい生協病院,54,True
11,0210633,無床診療所,医療法人社団令成会 川口パークタワークリニック,0,False
11,0210765,無床診療所,いせき脳神経外科クリニック,0,False
11,0210856,無床診療所,慶友川口駅前整形外科,0,False
11,0300012,病院,医療法人 ヘブロン会 大宮中央総合病院,255,True
11,0301101,病院,医療法人社団 双愛会 大宮双愛病院,90,True
11,0302034,無床診療所,医療法人 慈健会 須田胃腸科外科医院,0,False
11,0302570,病院,医療法人 明浩会 西大宮病院,198,True
11,0303164,無床診療所,大原医院,0,False
11,0303503,病院,大和田病院,91,True
11,0303735,無床診療所,松沢医院,0,False
11,0304048,病院,自治医科大学附属さいたま医療センター,628,True
11,0304402,有床診療所,増田外科医院,19,True
11,0304998,病院,大宮共立病院,240,True
11,0305193,病院,医療法人社団 輔仁会 大宮厚生病院,271,False
11,0306084,無床診療所,冨田クリニック,0,False
11,0400861,病院,医療法人 埼玉病院,21,True
11,0401315,病院,医療法人 豊仁会 三井病院,133,True
11,0401554,病院,医療法人 刀圭会 本川越病院,70,True
11,0401745,病院,武蔵野総合病院,185,True
11,0401893,病院,社会医療法人社団 尚篤会 赤心堂病院,198,True
11,0402594,病院,埼玉医科大学 総合医療センター,57,True
11,0402677,病院,西武川越病院,268,True
11,0402750,病院,医療法人 真正会 霞ヶ関南病院,199,False
11,0403923,病院,医療法人社団 誠弘会 池袋病院,76,True
11,0404004,病院,医療法人社団 関心会 関本記念病院,142,True
11,0404491,病院,川越リハビリテーション病院,151,True
11,0404640,病院,川越セントノア病院,168,False
11,0404707,無床診療所,医療法人 千清会 鈴木脳神経外科,0,False
11,0404715,無床診療所,せと内科医院,0,False
11,0405043,病院,南古谷病院,137,True
11,0405076,病院,医療法人社団 松弘会 トワーム小江戸病院,200,False
11,0405134,病院,医療法人 康正会病院,147,True
11,0405142,無床診療所,医療法人 康正会総合クリニック,0,False
11,0405175,病院,帯津三敬病院,99,True
11,0405993,有床診療所,傍島外科,19,True
11,0406306,無床診療所,Ｕ＿ＰＬＡＣＥかわごえ内科,0,False
11,0406405,有床診療所,川越救急クリニック,4,True
11,0406454,無床診療所,川越胃腸センター・クリニック,0,False
11,0406462,無床診療所,井上医院,0,False
11,0414524,無床診療所,医療法人健友会 けんゆうクリニック,0,False
11,0414532,無床診療所,はら脳神経・頭痛クリニック,0,False
11,0414540,無床診療所,川越インタークリニック,0,False
11,0414706,無床診療所,田中医院,0,False
11,0414714,無床診療所,ウニクス川越予防医療センター・クリニック,0,False
11,0414789,病院,しらさき川越クリニック,40,False
11,0414854,無床診療所,医療法人 健友会 新河岸けんゆうクリニック,0,False
11,0501106,病院,医療法人社団 哺育会 白岡中央総合病院,256,True
11,0501122,無床診療所,医療法人 昭和会 三須医院,0,False
11,0501627,病院,医療法人 ひかり会 パーク病院,70,True
11,0501684,有床診療所,公設宮代福祉医療センター診療所六花,19,True
11,0501692,無床診療所,医療法人社団 一恵会 もとむらクリニック,0,False
11,0501783,有床診療所,宮嶋整形外科,19,True
11,0501841,無床診療所,医療法人 章敬会 鈴木医院,0,False
11,0501882,病院,医療法人社団 白桜会 新しらおか病院,120,False
11,0600049,病院,医療法人 梅原病院,126,True
11,0600981,病院,医療法人財団 明理会 春日部中央総合病院,404,True
11,0601013,病院,医療法人 光仁会 春日部厚生病院,190,True
11,0601062,無床診療所,医療法人 武里外科脳神経外科,0,False
11,0601187,病院,医療法人社団 嬉泉会 春日部嬉泉病院,60,True
11,0601773,無床診療所,かすかべ生協診療所,0,False
11,0602128,病院,武里病院,214,True
11,0602219,無床診療所,山本内科医院,0,False
11,0602318,病院,秀和総合病院,350,True
11,0602508,病院,医療法人社団 庄和会 庄和中央病院,47,True
11,0602540,病院,医療法人社団 春日部さくら病院,50,True
11,0602771,病院,春日部セントノア病院,168,False
11,0602847,病院,みくに病院,44,True
11,0602888,病院,医療法人 光仁会 南部厚生病院,138,True
11,0602953,有床診療所,医療法人 福満会 守田内科医院,9,True
11,0603068,無床診療所,みどり内科医院,0,False
11,0603266,病院,医療法人社団 全仁会 東都春日部病院,168,True
11,0603308,無床診療所,成松医院,0,False
11,0603332,病院,春日部市立医療センター,361,True
11,0603498,無床診療所,大川医院,0,False
11,0603605,無床診療所,脳神経内科・内科 もてぎ医院,0,False
11,0612648,無床診療所,春日部西口駅前クリニック,0,False
11,0612689,無床診療所,ますだ春日部クリニック,0,False
11,0612788,無床診療所,浜崎医院,0,False
11,0700054,病院,医療法人 慈正会 丸山記念総合病院,241,True
11,0700450,病院,岩槻中央病院,121,True
11,0700591,無床診療所,髙橋医院,0,False
11,0801050,病院,越谷市立病院,481,True
11,0801191,病院,医療法人財団 明理会 新越谷病院,188,True
11,0801324,病院,リハビリテーション天草病院,175,True
11,0801563,病院,学校法人 獨協学園 獨協医科大学埼玉医療センター,923,True
11,0801951,病院,医療法人社団 大和会 慶和病院,116,True
11,0801993,病院,順天堂大学医学部 附属順天堂越谷病院,226,False
11,0802249,病院,医療法人社団 協友会 越谷誠和病院,195,True
11,0802439,病院,医療法人社団 南越谷病院,43,False
11,0802629,無床診療所,駅ビル医院「せんげん台」,0,False
11,0802785,病院,医療法人社団 俊睿会 南埼玉病院,230,False
11,0802819,無床診療所,医療法人社団 勲和会 愛和クリニック,0,False
11,0802983,病院,市川胃腸科外科病院,46,True
11,0803247,病院,医療法人 道心会 埼玉東部循環器病院,46,True
11,0803254,無床診療所,医療法人社団 工藤脳神経外科クリニック,0,False
11,0803296,無床診療所,しもかわクリニック,0,False
11,0803379,有床診療所,医療法人 研整会 松田整形外科,15,True
11,0803411,有床診療所,南越谷健身会クリニック,8,True
11,0803643,無床診療所,越谷大袋クリニック,0,False
11,0803650,無床診療所,新世紀脳神経外科,0,False
11,0803742,病院,医療法人 秀峰会 北辰病院,238,False
11,0803924,無床診療所,相良醫院,0,False
11,0803932,無床診療所,蒲生天神橋クリニック,0,False
11,0804104,無床診療所,小島医院,0,False
11,0804310,無床診療所,やまぐち内科クリニック,0,False
11,0804336,無床診療所,こしがや脳神経外科,0,False
11,0804443,無床診療所,学校法人 獨協学園 獨協医科大学埼玉医療センター附属越谷クリニック,0,False
11,0804468,無床診療所,医療法人社団 翔風会 きたずみ内科クリニック,0,False
11,0805010,病院,レイクタウン整形外科病院,53,True
11,0805101,有床診療所,埼友クリニック,19,True
11,0805143,有床診療所,医療法人社団 仁心会 越谷ハートフルクリニック,19,True
11,0805457,無床診療所,そうま呼吸器アレルギークリニック,0,False
11,0805572,有床診療所,医療法人ＥＭＳ 酒井救急クリニック,4,True
11,0810028,無床診療所,橋本クリニック アレルギー・呼吸器内科,0,False
11,0810036,無床診療所,なかの内科・呼吸器クリニック,0,False
11,0810085,無床診療所,えのもと整形外科クリニック,0,False
11,0810135,無床診療所,よしけん整形外科内科 骨粗しょう症・認知症クリニック,0,False
11,0810176,病院,医療法人社団聖心会 湖街ホスピタル,158,True
11,0810192,無床診療所,越谷整形外科クリニック,0,False
11,0810267,無床診療所,越谷レイクタウン駅前胃と大腸の消化器内科内視鏡・肛門クリニック,0,False
11,0810309,無床診療所,戸頃循環器内科クリニック,0,False
11,0810432,無床診療所,ナビゲーションＣＬＩＮＩＣ レイクタウン,0,False
11,0810481,病院,医療法人社団美誠会 荻島あかり病院,150,False
11,0900035,病院,医療法人 蓮江病院,53,True
11,0900043,病院,医療法人 新井病院,99,True
11,0900621,病院,久喜すずのき病院,442,False
11,0900704,無床診療所,吉田内科クリニック,0,False
11,0900886,有床診療所,医療法人 早仁会 久喜メディカルクリニック,19,True
11,0900985,無床診療所,医療法人 堀中脳神経外科クリニック,0,False
11,0901041,病院,医療法人 土屋小児病院,40,True
11,0901116,無床診療所,青毛整形外科クリニック,0,False
11,0901264,病院,社会医療法人社団 埼玉巨樹の会 新久喜総合病院,391,True
11,0901322,病院,東鷲宮病院,163,True
11,0901363,有床診療所,しらさきクリニック,19,True
11,0901504,病院,栗橋病院,194,True
11,1000207,病院,医療法人社団 慶榮会 八潮病院,454,False
11,1000231,病院,医療法人社団 協友会 埼玉回生病院,311,True
11,1000256,病院,医療法人社団 州山会 広瀬病院,60,True
11,1000942,無床診療所,えばと脳神経外科・内科クリニック,0,False
11,1000991,病院,医療法人社団 協友会 八潮中央総合病院,250,True
11,1001197,無床診療所,医療法人道心会 草加八潮循環器クリニック,0,False
11,1001247,無床診療所,ザ・ハートクリニック八潮,0,False
11,1100908,病院,医療法人 今井病院,37,True
11,1101898,病院,医療法人社団 全仁会 埼玉筑波病院,165,True
11,1102458,無床診療所,医療法人 相沢内科医院,0,False
11,1102466,有床診療所,医療法人社団 永成会 矢作整形外科・内科,19,True
11,1102862,無床診療所,医療法人社団 春光会 ふれあい橋クリニック,0,False
11,1102904,無床診療所,杉戸クリニック,0,False
11,1102946,有床診療所,医療法人社団 廣和会 埼玉杉戸診療所,19,True
11,1102961,病院,医療法人社団 明日佳 埼玉あすか松伏病院,82,True
11,1200088,無床診療所,とがさきクリニック,0,False
11,1200203,病院,埼玉みさと総合リハビリテーション病院,175,True
11,1200427,病院,医療法人財団 健和会 みさと健和病院,282,True
11,1200591,病院,医療法人社団 愛友会 三郷中央総合病院,289,True
11,1200815,無床診療所,医療法人財団 健和会 みさと健和クリニック,0,False
11,1201003,無床診療所,医療法人 光悦会 いわさわ内科医院,0,False
11,1201755,無床診療所,医療法人社団 世中会 児玉クリニック,0,False
11,1201862,無床診療所,医療法人 エレソル たにぐちファミリークリニック,0,False
11,1202050,病院,三愛会総合病院,298,True
11,1202092,無床診療所,医療法人社団高栄会 みさと中央クリニック,0,False
11,1202142,無床診療所,かみぐちクリニック,0,False
11,1303155,病院,のぞみリハビリテーション病院,57,True
11,1303213,無床診療所,内田クリニック,0,False
11,1303361,病院,医療法人社団 顕心会 伊奈中央病院,66,True
11,1303528,病院,埼玉県立精神医療センター,183,False
11,1303536,病院,埼玉県立がんセンター,503,True
11,1303551,病院,医療法人社団愛友会 伊奈病院,181,True
11,1400019,病院,蕨市立病院,130,True
11,1400555,病院,医療法人 今井病院,46,True
11,1401306,無床診療所,医療法人 治水会 斎藤クリニック,0,False
11,1401561,無床診療所,医療法人社団 美草会 菊地医院,0,False
11,1600394,病院,医療法人社団 愛友会 上尾中央総合病院,724,True
11,1601087,病院,医療法人 藤仁会 藤村病院,98,True
11,1601582,病院,埼玉県総合リハビリテーションセンター,120,True
11,1601608,無床診療所,医療法人社団 淳真会 榎本医院,0,False
11,1601673,病院,医療法人社団 愛友会 上尾中央第二病院,186,True
11,1601715,無床診療所,松沢医院,0,False
11,1601814,有床診療所,上尾ふじなみ診療所,11,True
11,1602309,無床診療所,上尾脳神経外科クリニック,0,False
11,1602333,無床診療所,医療法人 慈秀会 上尾アーバンクリニック,0,False
11,1602721,無床診療所,医療法人社団 康裕会 かとう泌尿器科クリニック,0,False
11,1602820,無床診療所,さいとうハートクリニック,0,False
11,1602838,無床診療所,北上尾クリニック,0,False
11,1603133,有床診療所,医療法人社団由佑会 さくらクリニック,2,True
11,1603273,無床診療所,医療法人社団昌美会 上尾ハートクリニック,0,False
11,1700368,病院,社会福祉法人恩賜財団 済生会支部 埼玉県済生会 鴻巣病院,379,False
11,1700723,無床診療所,医療法人社団 わたまクリニック,0,False
11,1700749,病院,埼玉脳神経外科病院,95,True
11,1701267,病院,医療法人財団 へリオス会 へリオス会病院,176,False
11,1701515,無床診療所,医療法人社団 芳心会 山田ハートクリニック,0,False
11,1701523,有床診療所,医療法人ＭＳＡエクセス 村越外科・胃腸科・肛門科,19,True
11,1701671,有床診療所,医療法人社団 鴻飛会 鴻巣外科胃腸科,19,True
11,1701689,無床診療所,医療法人 三療会 たけうちクリニック,0,False
11,1701762,無床診療所,赤見台整形外科・内科クリニック,0,False
11,1701788,無床診療所,こうほく腎・泌尿器科クリニック,0,False
11,1701812,病院,こうのす共生病院,116,True
11,1701838,無床診療所,斉藤内科胃腸医院,0,False
11,1701895,無床診療所,うえの呼吸器内科・内科クリニック,0,False
11,1800929,病院,医療法人 親和会 鳳永病院,50,True
11,1801091,病院,医療法人社団協友会 メディカルトピア草加病院,80,True
11,1801414,病院,医療法人 移山会 二宮病院,60,True
11,1801810,無床診療所,たかぎ医院,0,False
11,1802065,有床診療所,医療法人社団 蓮誓会 レン・ファミリークリニック,19,True
11,1802248,無床診療所,みなみ草加クリニック,0,False
11,1802271,病院,草加市立病院,380,True
11,1802594,無床診療所,山崎クリニック,0,False
11,1802735,有床診療所,医療法人 正務医院,16,True
11,1802925,有床診療所,草加内科呼吸ケアクリニック,2,False
11,1802958,無床診療所,医療法人社団 はまゆう会 草加脳神経外科クリニック,0,False
11,1803139,病院,埼友草加病院,46,True
11,1803287,無床診療所,神谷医院,0,False
11,1803352,有床診療所,草加松原整形外科医院,19,True
11,1803386,無床診療所,草加きたやクリニック,0,False
11,1803626,無床診療所,柳島ファミリークリニック,0,False
11,1803667,無床診療所,さくら整形外科,0,False
11,1803881,無床診療所,草加すずのきクリニック,0,False
11,1900018,病院,医療法人 髙仁会 戸田病院,550,False
11,1900133,病院,医療法人社団 東光会 戸田中央総合病院,517,True
11,1900216,病院,医療法人財団 啓明会 タムス中島病院戸田,111,False
11,1900372,有床診療所,戸田市立市民医療センター,19,True
11,1900661,病院,ＬｅＭｏｎみんなの病院,44,False
11,1901941,無床診療所,医療法人 共生の友 戸田の杜クリニック,0,False
11,1902147,無床診療所,戸田中央総合健康管理センター,0,False
11,1902212,無床診療所,医療法人社団邦玉 豊田脳神経外科クリニック,0,False
11,1902253,無床診療所,ＭＩＲＡＩ ＣＬＩＮＩＣ ＴＯＤＡ,0,False
11,2000149,病院,医療法人 あかつき会 はとがや病院,120,True
11,2000180,病院,医療法人社団 厚生会 埼玉厚生病院,108,True
11,2000347,無床診療所,医療法人社団 峯和会 鳩ヶ谷第一クリニック,0,False
11,2100675,病院,一般社団法人関東厚生福祉会 朝霞厚生病院,85,True
11,2101319,無床診療所,まるやま脳外科クリニック,0,False
11,2101996,病院,医療法人社団東光会 ＴＭＧあさか医療センター,454,False
11,2102069,無床診療所,医療法人社団東光会 ＴＭＧサテライトクリニック朝霞台,0,False
11,2102101,無床診療所,朝霞台呼吸器科・内科・外科クリニック,0,False
11,2102358,病院,医療法人山柳会 あさか相生病院,100,True
11,2102408,無床診療所,朝霞台画像診断クリニック,0,False
11,2200665,病院,医療法人社団 浅野病院,98,True
11,2200954,病院,医療法人社団東光会 ＴＭＧ宗岡中央病院,100,False
11,2300358,病院,医療法人 寿鶴会 菅野病院,335,True
11,2300374,病院,坪田和光病院,49,True
11,2300762,病院,医療法人社団 翠会 和光病院,285,False
11,2300796,無床診療所,和光駅前クリニック,0,False
11,2301026,無床診療所,あらい和光市駅前 脳外科・神経内科,0,False
11,2301083,無床診療所,和光脳神経外科・内科,0,False
11,2301117,無床診療所,よしおか脳神経外科クリニック,0,False
11,2400539,病院,社会福祉法人 埼玉医療福祉会 丸木記念福祉メディカルセンター,604,True
11,2401966,病院,埼玉医科大学病院,946,True
11,2402493,病院,医療法人財団 明理会 埼玉セントラル病院,463,True
11,2403236,病院,医療法人社団 草芳会 三芳野病院,109,True
11,2403533,病院,医療法人社団 明雄会 三芳の森病院,240,False
11,2403640,無床診療所,かあいファミリークリニック,0,False
11,2403665,病院,医療法人社団 明芳会 イムス三芳総合病院,273,True
11,2403756,無床診療所,医療法人社団 祐和会 長瀬クリニック,0,False
11,2403798,病院,ふじみの救急病院,20,True
11,2501740,病院,所沢市市民医療センター,49,True
11,2501773,病院,医療法人社団 東光会 東所沢病院,251,True
11,2502342,病院,医療法人 仁栄会 所沢緑ヶ丘病院,59,False
11,2502615,病院,医療法人 清和会 新所沢清和病院,480,True
11,2503274,病院,医療法人 明雄会 北所沢病院,131,True
11,2503423,無床診療所,波多野内科・脳神経外科クリニック,0,False
11,2503431,病院,医療法人社団 秀栄会 所沢第一病院,199,True
11,2503852,無床診療所,彩のクリニック,0,False
11,2504413,無床診療所,医療法人社団 光城会 ひろせクリニック,0,False
11,2504496,病院,医療法人 啓仁会 所沢ロイヤル病院,332,True
11,2504520,病院,埼玉西協同病院,99,True
11,2504546,無床診療所,医療法人 元気会 わかさクリニック,0,False
11,2504611,無床診療所,医療法人社団 風韻会 デルタクリニック,0,False
11,2504645,無床診療所,くにとみ内科外科クリニック,0,False
11,2504835,無床診療所,医療法人社団 康成会 パークタウンクリニック,0,False
11,2505105,無床診療所,医療法人 宏裕会 青木クリニック,0,False
11,2505238,無床診療所,永仁会シーズクリニック,0,False
11,2505261,無床診療所,医療法人社団 恵養会 おくもとクリニック,0,False
11,2505493,無床診療所,けやき台どんぐりクリニック,0,False
11,2505501,無床診療所,医療法人 光和会 荻野医院,0,False
11,2505535,病院,医療法人社団 医凰会 並木病院,185,True
11,2505568,病院,所沢慈光病院,200,False
11,2505709,病院,医療法人社団 和風会 所沢リハビリテーション病院,142,True
11,2505717,病院,社会医療法人 至仁会 圏央所沢病院,282,True
11,2506228,病院,医療法人社団 桜友会 所沢ハートセンター,30,True
11,2506467,病院,医療法人社団 和風会 所沢中央病院,160,True
11,2506590,無床診療所,さいとう内科クリニック,0,False
11,2506764,無床診療所,葵クリニック,0,False
11,2506939,無床診療所,小手指医院,0,False
11,2510147,無床診療所,上新井さとうクリニック,0,False
11,2510188,病院,所沢美原総合病院,221,False
11,2510204,病院,医療法人社団白翔会 所沢白翔会病院,128,False
11,2510212,無床診療所,ライオンズ整形外科クリニック,0,False
11,2510436,無床診療所,所沢脳神経外科クリニック,0,False
11,2510485,無床診療所,医療法人社団こころ 所沢いそのクリニック,0,False
11,2600450,病院,医療法人 橘会 飯能中央病院,89,True
11,2600492,病院,南飯能病院,308,False
11,2600922,無床診療所,飯能クリニック,0,False
11,2601243,無床診療所,医療法人社団 水野クリニック,0,False
11,2601342,病院,医療法人 靖和会 飯能靖和病院,298,True
11,2601383,病院,医療法人 泰一会 飯能整形外科病院,57,True
11,2601391,病院,武蔵の森病院,180,False
11,2601458,無床診療所,医療法人社団 大山会 大山クリニック,0,False
11,2601516,無床診療所,医療法人 新正会 間柴医院,0,False
11,2601607,病院,飯能老年病センター,330,False
11,2700532,病院,医療法人 誠至会 狭山厚生病院,42,True
11,2700763,病院,社会医療法人 入間川病院,199,True
11,2700870,病院,医療法人 西狭山病院,41,True
11,2701019,病院,医療法人社団 グロリア会 前田病院,66,True
11,2701159,病院,医療法人尚寿会 狭山尚寿会病院,706,True
11,2701415,病院,医療法人社団 清心会 至聖病院,95,True
11,2701431,無床診療所,はたなかクリニック,0,False
11,2701688,無床診療所,社会医療法人財団 石心会 さやま総合クリニック,0,False
11,2701704,病院,医療法人社団東光会 狭山神経内科病院,147,False
11,2702132,無床診療所,あずまリウマチ・内科クリニック,0,False
11,2702165,無床診療所,医療法人社団 孝心会 遠藤脳神経外科クリニック,0,False
11,2702298,病院,社会医療法人財団 石心会 埼玉石心会病院,470,True
11,2702371,有床診療所,医療法人社団匡恕会 梶田医院狭山,19,True
11,2702447,無床診療所,さやま脳神経クリニック,0,False
11,2800100,病院,医療法人社団 松風会 松風荘病院,195,False
11,2800423,病院,社会医療法人 東明会 原田病院,187,True
11,2800753,病院,医療法人 明晴会 西武入間病院,90,True
11,2800837,病院,小林病院,93,True
11,2801199,有床診療所,医療法人社団 仁友会 入間台クリニック,19,True
11,2801207,病院,医療法人 永仁会 入間ハート病院,23,True
11,2801363,病院,医療法人 金子病院,40,True
11,2801892,病院,豊岡第一病院,78,True
11,2801934,無床診療所,医療法人 悠仁徳会 細谷医院,0,False
11,2801967,病院,医療法人 豊岡整形外科病院,78,True
11,2802007,病院,自衛隊入間病院,2,True
11,2802015,無床診療所,はせがわクリニック,0,False
11,2900421,病院,みずほ台病院,60,True
11,2900587,有床診療所,医療法人 根本外科整形外科,18,True
11,2900769,有床診療所,医療法人 実幸会 栗原医院,19,True
11,2901023,無床診療所,医療法人社団 光陽会 みずほ台サンクリニック,0,False
11,2901312,病院,医療法人財団 明理会 イムス富士見総合病院,341,True
11,2901429,無床診療所,篠田中央クリニック,0,False
11,2901585,無床診療所,アイルみずほ台内科クリニック,0,False
11,2901593,病院,医療法人 さくら さくら記念病院,136,True
11,2901676,病院,医療法人社団サンセリテ みうら緩和ケア＆内科ホスピタル,59,False
11,2901833,無床診療所,医療法人祥大輝会 おばら内科腎クリニック,0,False
11,2901841,無床診療所,悠クリニック,0,False
11,3000510,病院,医療法人 誠壽会 上福岡総合病院,284,True
11,3000692,無床診療所,医療法人 康心会 大熊医院,0,False
11,3001039,病院,富家病院,281,True
11,3001658,病院,医療法人社団 草芳会 三芳野第２病院,45,True
11,3001666,無床診療所,松澤クリニック,0,False
11,3001690,無床診療所,医療法人 順桜会 さくらクリニック,0,False
11,3001997,無床診療所,なかや頭痛脳神経クリニック,0,False
11,3002078,無床診療所,ふじみ野泌尿器科,0,False
11,3100013,病院,埼玉慈恵病院,160,True
11,3100526,病院,医療法人 藤和会 藤間病院,106,True
11,3100625,病院,西熊谷病院,528,False
11,3101599,病院,医療法人 啓清会 関東脳神経外科病院,149,True
11,3102555,病院,熊谷福島病院,93,True
11,3102571,無床診療所,西田クリニック,0,False
11,3102654,病院,医療法人 同愛会 熊谷外科病院,154,True
11,3102761,病院,熊谷生協病院,105,True
11,3102886,有床診療所,くぼじまクリニック,15,True
11,3102969,有床診療所,いのクリニック,19,True
11,3103082,無床診療所,医療法人 サンアイ 三愛熊谷医院,0,False
11,3103215,病院,福祉医療センター太陽の園,79,False
11,3103447,病院,籠原病院,37,True
11,3103454,無床診療所,医療法人 クレモナ会 ティーエムクリニック,0,False
11,3103504,病院,埼玉江南病院,262,False
11,3103785,無床診療所,医療法人社団 ｎａｇｏｍｉ会 まつだ整形外科クリニック,0,False
11,3103868,有床診療所,医療法人 安和会 石丸安世記念 熊谷ディアベテスクリニック,10,True
11,3103876,無床診療所,医療法人社団 悠之会 ゆうあい内科・脳神経クリニック,0,False
11,3104023,病院,社会医療法人 熊谷総合病院,310,True
11,3104049,無床診療所,中央脳神経外科,0,False
11,3104056,無床診療所,木原医院,0,False
11,3104205,病院,埼玉県立循環器・呼吸器病センター,322,True
11,3104239,無床診療所,医療法人社団朝柳会 吹田脳外科医院,0,False
11,3104247,無床診療所,ワイルドナイツクリニック,0,False
11,3104379,無床診療所,別府中央内科クリニック,0,False
11,3104387,無床診療所,くまがやクリニック,0,False
11,3200029,病院,小川赤十字病院,302,True
11,3200789,病院,医療法人 瀬川病院,41,True
11,3200805,病院,医療法人 昭友会 埼玉森林病院,274,False
11,3200896,病院,麻見江ホスピタル,305,True
11,3201084,病院,医療法人社団 宏仁会 小川病院,34,True
11,3201514,無床診療所,医療法人社団 泰恵会 めぐみ台クリニック,0,False
11,3201555,無床診療所,医療法人社団 宏伸会 竹澤診療所,0,False
11,3201613,病院,医療法人 啓仁会 平成の森・川島病院,238,True
11,3201746,無床診療所,大野クリニック,0,False
11,3201928,無床診療所,医療法人社団 緑恵会 森田クリニック,0,False
11,3202074,無床診療所,あいしんクリニック,0,False
11,3300381,病院,医療法人 緑光会 東松山病院,364,False
11,3300472,病院,東松山医師会病院,202,True
11,3300480,病院,東松山市立市民病院,146,True
11,3300720,病院,医療法人 埼玉成恵会病院,170,True
11,3300910,病院,大谷整形外科病院,50,True
11,3301678,有床診療所,医療法人社団 宏仁会 高坂醫院,19,True
11,3301785,無床診療所,むさし松山脳神経外科クリニック,0,False
11,3301843,病院,シャローム病院,52,True
11,3302015,病院,武蔵嵐山病院,157,True
11,3302106,無床診療所,くぼた脳神経内科クリニック,0,False
11,3302148,無床診療所,笠原クリニック,0,False
11,3600632,病院,医療法人 愛應会 騎西病院,80,True
11,3700986,病院,社会医療法人 壮幸会 行田総合病院,504,True
11,3701158,病院,行田中央総合病院,160,True
11,3701281,無床診療所,社会医療法人 壮幸会 行田総合病院附属行田クリニック,0,False
11,3701513,無床診療所,たけうち呼吸と内科のクリニック,0,False
11,3800315,病院,医療法人社団 弘人会 中田病院,117,True
11,3800539,病院,医療法人 十善病院,36,True
11,3800976,無床診療所,本町福島クリニック,0,False
11,3801016,有床診療所,医療法人 ＥＭＳ 西山救急クリニック,10,True
11,3801115,病院,医療法人社団生彩会 加須東病院,89,True
11,3801123,病院,社会福祉法人恩賜財団済生会支部 埼玉県済生会 加須病院,300,True
11,3900545,有床診療所,医療法人 樫楠会 冨田脳外科クリニック,19,True
11,3900594,病院,医療法人 至信会 池沢神経科病院,135,False
11,3900628,無床診療所,医療法人 桑梓会 漆原医院,0,False
11,3901022,無床診療所,医療法人 仁寿会 山田クリニック,0,False
11,3901055,病院,医療法人徳洲会 羽生総合病院,391,True
11,4200762,無床診療所,千田医院,0,False
11,4200861,無床診療所,南美里診療所,0,False
11,4201117,無床診療所,吉澤クリニック,0,False
11,4300109,病院,医療法人 福島会 彩北病院,424,True
11,4300851,病院,本庄福島病院,96,True
11,4301032,病院,本庄総合病院,287,True
11,4301065,病院,医療法人 三光会 そのべ病院,51,False
11,4301107,無床診療所,田所医院,0,False
11,4301115,有床診療所,医療法人 博明会 飯塚内科小児科,19,True
11,4301370,病院,医療法人 柏成会 青木病院,47,True
11,4301446,病院,医療法人 鈴木外科病院,42,True
11,4301461,病院,医療法人 益子会（社団） 児玉中央病院,46,True
11,4301610,病院,医療法人 桂水会 岡病院,109,True
11,4301628,病院,医療法人社団 明雄会 本庄児玉病院,120,False
11,4301719,病院,医療法人社団 寿会 吉沢病院,91,True
11,4301776,病院,医療法人社団心志会 本庄駅前病院,75,True
11,4301784,有床診療所,本庄脳神経外科・脊椎外科,19,True
11,4501813,病院,埼玉よりい病院,145,True
11,4501854,無床診療所,医療法人 藤野クリニック,0,False
11,4600656,病院,深谷赤十字病院,460,True
11,4600730,病院,医療法人 江仁会 北深谷病院,177,True
11,4600912,病院,あねとす病院,187,True
11,4601050,病院,皆成病院,59,True
11,4601167,病院,医療法人社団 優慈会 佐々木病院,129,True
11,4601399,無床診療所,医療法人社団 磯部クリニック,0,False
11,4601423,無床診療所,小暮医院,0,False
11,4601605,無床診療所,おおしまクリニック,0,False
11,4601738,無床診療所,医療法人社団 沼尻会 川本メディカルクリニック,0,False
11,4601928,有床診療所,医療法人 康曜会 プラーナクリニック,14,True
11,4601951,無床診療所,しがらき医院,0,False
11,4601985,無床診療所,こくさいじクリニック,0,False
11,4602033,病院,医療法人 葵 深谷中央病院,72,True
11,4602058,病院,医療法人 良仁会 桜ヶ丘病院,60,True
11,4602207,無床診療所,風間医院,0,False
11,4602421,無床診療所,医療法人社団ＩＮＣ いしばし脳神経内科クリニック,0,False
11,4602454,無床診療所,はなぞのクリニック,0,False
11,4800777,無床診療所,荒舩医院,0,False
11,4800926,病院,国民健康保険町立小鹿野中央病院,95,True
11,4800934,有床診療所,長瀞医新クリニック,19,True
11,4800975,無床診療所,原医院,0,False
11,4800991,無床診療所,ヨコゼ診療所,0,False
11,4801007,無床診療所,本間医院,0,False
11,4801015,病院,医療法人徳洲会 皆野病院,150,True
11,4901302,病院,秩父第一病院,100,True
11,4901393,無床診療所,髙橋内科クリニック,0,False
11,4901443,病院,秩父生協病院,75,True
11,4901732,病院,秩父市立病院,165,True
11,4901757,無床診療所,秩父脳外科内科クリニック,0,False
11,4901807,無床診療所,内田医院,0,False
11,4901815,無床診療所,石塚クリニック,0,False
11,4901823,病院,医療法人 花仁会 秩父病院,52,True
11,4901989,無床診療所,あいおいクリニック,0,False
11,4902011,無床診療所,健生堂医院,0,False
11,5100151,病院,医療法人社団東光会 新座志木中央総合病院,402,False
11,5100565,病院,医療法人社団東光会 新座病院,128,False
11,5100599,病院,医療法人 向英会 髙田整形外科病院,40,True
11,5100664,病院,静風荘病院,122,True
11,5100680,病院,堀ノ内病院,199,True
11,5100722,病院,医療法人 昭仁会 北野病院,148,True
11,5101233,無床診療所,志木南口クリニック,0,False
11,5101530,無床診療所,いしもと脳神経外科・内科,0,False
11,5101712,無床診療所,医療法人社団 堀ノ内クリニック,0,False
11,5101985,無床診療所,新座駅前なわ内科外科クリニック,0,False
11,5102116,無床診療所,みつばちクリニック新座,0,False
11,5102157,無床診療所,むさしメディカルクリニック,0,False
11,5200589,病院,医療法人壽亮会 大谷記念病院,103,True
11,5200597,病院,医療法人財団 聖蹟会 埼玉県央病院,157,True
11,5201025,無床診療所,桶川Ｋ．Ｎクリニック,0,False
11,5201066,無床診療所,医療法人社団 米寿会 なかた呼吸器科内科クリニック,0,False
11,5201249,無床診療所,桶川医療クリニック,0,False
11,5201272,無床診療所,医療法人社団斗花会 ベニバナファミリークリニック,0,False
11,5300298,無床診療所,医療法人社団 群羊会 南福音診療所,0,False
11,5300470,有床診療所,山田医院,19,True
11,5300926,病院,学校法人 北里研究所 北里大学メディカルセンター,334,True
11,5300934,無床診療所,医療法人社団 一期会 藤倉医院,0,False
11,5301049,無床診療所,北本共済医院,0,False
11,5301072,無床診療所,きたもと脳神経外科クリニック,0,False
11,5301106,病院,医療法人社団 博翔会 桃泉園 北本病院,196,True
11,5301171,無床診療所,北本中央クリニック,0,False
11,5700406,病院,蓮田病院,353,True
11,5700638,有床診療所,医療法人 心喜会 蓮田外科医院,18,True
11,5700646,無床診療所,陽山会クリニック,0,False
11,5700679,病院,医療法人社団 愛友会 蓮田一心会病院,50,True
11,5700778,病院,医療法人社団 心の絆 蓮田よつば病院,120,False
11,5700844,無床診療所,浦島医院,0,False
11,5700851,無床診療所,あまのメディカルクリニック,0,False
11,5700877,無床診療所,はすだセントラルクリニック,0,False
11,5700893,無床診療所,しらさき蓮田クリニック,0,False
11,6000129,病院,明海大学歯学部付属 明海大学病院,60,True
11,6000764,無床診療所,伊利医院,0,False
11,6001036,病院,坂戸中央病院,184,True
11,6001317,病院,医療法人 若葉会 若葉病院,120,True
11,6001531,病院,医療法人社団 敬悠会 菅野病院,42,True
11,6001580,無床診療所,日の出内科クリニック,0,False
11,6001762,無床診療所,医療法人 桜丘会 脳神経外科ブレインピア坂戸西,0,False
11,6100028,病院,牛村病院,25,True
11,6100101,病院,医療法人 慈光会 東武丸山病院,188,False
11,6100259,病院,堀中病院,95,True
11,6100309,有床診療所,石塚医院,19,True
11,6100705,無床診療所,むさしのメディカルクリニック,0,False
11,6100739,病院,社会医療法人 ジャパンメディカルアライアンス 東埼玉総合病院,189,True
11,6200075,病院,医療法人 関越病院,229,True
11,6200307,無床診療所,医療法人 幸篤会 冨田整形外科,0,False
11,6200380,有床診療所,大西内科,19,True
11,6200554,病院,鶴ヶ島池ノ台病院,90,False
11,6200760,無床診療所,たちかわ脳神経外科クリニック,0,False
11,6200802,無床診療所,かなざわクリニック,0,False
11,6300016,病院,医療法人 積仁会 旭ヶ丘病院,142,False
11,6300255,病院,武蔵台病院,99,True
11,6300289,有床診療所,医療法人社団 輔正会 岡村記念クリニック,19,True
11,6300297,病院,埼玉医科大学国際医療センター,756,True
11,6300388,無床診療所,ひだかむさしのもりクリニック,0,False
11,6300412,無床診療所,さいたま泌尿器・ひふ科クリニック,0,False
11,6400055,病院,医療法人社団 協友会 吉川中央総合病院,272,True
11,6400311,無床診療所,医療法人社団 メディカルコミュニティ マイ,0,False
11,6400337,無床診療所,吉川脳神経外科,0,False
11,6400360,有床診療所,医療法人社団 磯久クリニック,19,True
11,6400618,無床診療所,土屋医院,0,False
11,6400659,無床診療所,興村脳神経外科クリニック,0,False
11,6400790,無床診療所,吉川美南の内科と整形外科,0,False
11,6500128,病院,さいたま市立病院,627,True
11,6500383,無床診療所,東整形外科,0,False
11,6500508,無床診療所,医療法人 みよしクリニック,0,False
11,6501027,無床診療所,医療法人 慶彩会 大宮ポプラクリニック,0,False
11,6501092,無床診療所,しもむら内科クリニック,0,False
11,6501373,無床診療所,しのざき脳神経外科・産婦人科クリニック,0,False
11,6501720,無床診療所,岸林クリニック,0,False
11,6501944,無床診療所,新都心たざわクリニック,0,False
11,6502595,無床診療所,浦和民主診療所,0,False
11,6502629,病院,医療法人社団 弘象会 東和病院,48,True
11,6502819,無床診療所,医療法人 至誠堂（社団） 至誠堂整形外科,0,False
11,6502835,有床診療所,医療法人 時任会 ときとうクリニック,17,True
11,6503031,病院,医療法人社団 幸正会 岩槻南病院,30,True
11,6503593,有床診療所,医療法人 服部会 服部外科胃腸科医院,19,True
11,6503619,無床診療所,大和田整形外科,0,False
11,6503742,有床診療所,さいたま つきの森クリニック,19,True
11,6503866,無床診療所,あいあいクリニック,0,False
11,6504344,病院,社会医療法人 さいたま市民医療センター さいたま市民医療センター,340,True
11,6504377,無床診療所,学校法人 呉竹学園 呉竹メディカルクリニック,0,False
11,6504476,有床診療所,さいたま新開橋クリニック,18,True
11,6504534,無床診療所,さいたまセントラルクリニック,0,False
11,6504963,無床診療所,医療法人 大宮シティクリニック,0,False
11,6505374,病院,社会福祉法人 シナプス 埼玉精神神経センター,357,True
11,6505663,病院,医療法人 三慶会 指扇病院,226,True
11,6506224,無床診療所,医療法人社団 風凛香 つばさクリニック,0,False
11,6506331,無床診療所,医療法人社団 白報会 メディカルクリニック ドクターランド,0,False
11,6507032,無床診療所,本郷整形外科皮膚科,0,False
11,6507248,病院,医療法人社団 協友会 彩の国東大宮メディカルセンター,337,True
11,6507420,無床診療所,そら内科クリニック,0,False
11,6507677,無床診療所,桃木内科クリニック,0,False
11,6507735,無床診療所,ＪＩＮ整形外科スポーツクリニック,0,False
11,6507800,無床診療所,本郷脳神経外科,0,False
11,6507982,病院,さいたま赤十字病院,638,True
11,6508014,無床診療所,おちあい脳クリニック,0,False
11,6508196,無床診療所,新都心むさしのクリニック,0,False
11,6508642,病院,医療法人社団 医凰会 さいたま岩槻病院,90,True
11,6508881,無床診療所,しおや消化器内科クリニック,0,False
11,6509244,無床診療所,医療法人社団 じあい会 メディカルスキャニング大宮,0,False
11,6509350,病院,独立行政法人地域医療機能推進機構 さいたま北部医療センター,163,True
11,6509392,無床診療所,たや脳神経外科クリニック,0,False
11,6509426,無床診療所,大宮胃腸内科クリニック,0,False
11,6509459,無床診療所,医療法人 健栄会 保科クリニック,0,False
11,6509640,無床診療所,医療法人 博友会 友愛クリニック,0,False
11,6509665,無床診療所,医療法人社団 彩の風 さいたま中央クリニック,0,False
11,6509962,無床診療所,医療法人社団白報会 総合クリニック ドクターランド大宮,0,False
11,6510184,無床診療所,内科・脳神経内科 かわにし医院,0,False
11,6510341,無床診療所,浦和美園クリニック,0,False
11,6510366,無床診療所,医療法人社団 水聖会 メディカルスキャニング北浦和,0,False
11,6510416,病院,埼玉県立小児医療センター,316,True
11,6510556,無床診療所,西さいたま泌尿器科,0,False
11,6510630,無床診療所,しおざわ耳鼻咽喉科,0,False
11,6510655,無床診療所,いわつき三楽クリニック,0,False
11,6510705,無床診療所,おくまき内科・消化器内視鏡クリニック,0,False
11,6510788,無床診療所,さとむら内科クリニック,0,False
11,6519482,無床診療所,まついハートクリニック,0,False
11,6519490,無床診療所,けいあいファミリークリニック,0,False
11,6519979,無床診療所,西大宮にっこりファミリークリニック,0,False
11,6520514,無床診療所,りきぞうクリニック,0,False
11,6520670,無床診療所,とみた脳神経外科クリニック,0,False
11,6520688,無床診療所,らいおねるファミリークリニック,0,False
11,6520860,無床診療所,医療法人社団水聖会 メディカルスキャニングさいたま新都心,0,False
11,6521058,無床診療所,医療法人社団じあい会 メディカルスキャニング武蔵浦和,0,False
11,6521090,病院,医療法人徳洲会 さいたま記念病院,199,True
11,6521231,無床診療所,大宮リビータ整形外科,0,False
11,6521306,無床診療所,ｗｉｔｈ Ｌｉｆｅ クリニック大宮駅前,0,False
11,6521488,無床診療所,医療法人社団 放栄会 メディカルスキャニング与野,0,False
11,6521561,病院,夢眠ホスピタルさいたま,130,False
11,6522056,無床診療所,みむろ しらきクリニック,0,False
11,6522114,無床診療所,ともハートクリニック,0,False
11,9900010,病院,独立行政法人国立病院機構 東埼玉病院,532,True
11,9900028,病院,独立行政法人 国立病院機構 埼玉病院,546,True
11,9900051,病院,独立行政法人 国立病院機構 西埼玉中央病院,325,True
11,9900069,病院,防衛医科大学校病院,790,True
11,9900077,病院,国立障害者リハビリテーションセンター病院,160,True
12,0110163,病院,医療法人グリーンエミネンス 中村古峡記念病院,240,False
12,0110171,病院,医療法人社団普照会 井上記念病院,171,True
12,0110197,病院,医療法人柏葉会 柏戸病院,170,True
12,0110262,病院,医療法人社団明生会 三橋明生病院,90,True
12,0110304,病院,医療法人学而会 木村病院,122,False
12,0110635,病院,独立行政法人地域医療機能推進機構 千葉病院,160,True
12,0110684,病院,千葉県がんセンター,450,True
12,0110700,病院,医療法人社団福生会 斎藤労災病院,92,True
12,0110767,病院,医療法人社団晴山会 平山病院,190,True
12,0111799,病院,社会福祉法人千葉県身体障害者福祉事業団 千葉県千葉リハビリテーションセンター,242,True
12,0112524,病院,千葉市立海浜病院,293,True
12,0113050,病院,医療法人社団幸有会 幸有会記念病院,158,True
12,0113191,病院,千葉県こども病院,218,True
12,0113241,病院,医療法人社団翠明会 山王病院,255,True
12,0113654,病院,医療法人社団誠馨会 総泉病院,246,True
12,0113811,無床診療所,医療法人鉄蕉会 亀田総合病院附属 幕張クリニック,0,False
12,0114298,無床診療所,医療法人社団光知会 千葉健康クリニック,0,False
12,0114710,無床診療所,医療法人社団望葉会 日下医院,0,False
12,0114728,病院,医療法人社団誠馨会 千葉中央メディカルセンター,272,True
12,0115204,無床診療所,医療法人社団順風会 玄耳鼻咽喉科院,0,False
12,0115378,有床診療所,医療法人社団阿呍の会 坂の上外科,19,False
12,0115659,無床診療所,医療法人社団総和会 武村内科医院,0,False
12,0115675,病院,医療法人社団有相会 最成病院,199,True
12,0115758,病院,社会医療法人社団健脳会 千葉脳神経外科病院,97,True
12,0115824,病院,医療法人社団青草会 篠﨑病院,128,False
12,0116293,無床診療所,医療法人社団至玄清秀会 篠崎医院,0,False
12,0116384,病院,医療法人社団創進会 みつわ台総合病院,261,True
12,0116855,病院,医療法人社団紫雲会 千葉南病院,131,True
12,0117069,無床診療所,医療法人社団緑生会 あらい整形外科,0,False
12,0118042,病院,医療法人社団ふけ会 富家千葉病院,199,True
12,0118273,無床診療所,医療法人社団 恵佑会 元山医院,0,False
12,0118570,無床診療所,幸町中央診療所,0,False
12,0118646,病院,医療法人社団 誠馨会 自動車事故対策機構千葉療護センター,80,True
12,0118687,病院,千葉市立青葉病院,363,True
12,0118778,無床診療所,医療法人社団 淳英会 おゆみの中央病院附属在宅クリニック,0,False
12,0119180,病院,社会医療法人社団千葉県勤労者医療協会 千葉健生病院,90,True
12,0119461,無床診療所,医療法人社団豊流会 ツチダクリニック,0,False
12,0119479,無床診療所,公益財団法人ちば県民保健予防財団 総合健診センター,0,False
12,0119933,無床診療所,一般財団法人柏戸記念財団 ポートスクエア柏戸クリニック,0,False
12,0120329,有床診療所,医療法人社団遊山会 耳鼻咽喉科サージセンターちば,4,True
12,0120352,無床診療所,医療法人社団扇心会 幕張マリブクリニック,0,False
12,0120378,有床診療所,医療法人社団親月会 千葉中央外科内科,19,True
12,0120543,病院,医療法人社団千葉いずみ会 泉中央病院,98,True
12,0121160,無床診療所,医療法人社団 錦昌会 千葉こどもとおとなの整形外科,0,False
12,0121178,有床診療所,医療法人社団 寄命会 椎名崎クリニック,19,True
12,0121467,無床診療所,医療法人社団三育会 宮野木外科・内科,0,False
12,0121772,無床診療所,社会福祉法人淑徳福祉会 淑徳おゆみ診療所,0,False
12,0121830,無床診療所,医療法人社団三水会 北千葉整形外科美浜クリニック,0,False
12,0121988,病院,医療法人社団誠仁会 みはま病院,50,True
12,0122143,病院,医療法人社団錦昌会 みどりのは 葉記念病院,50,True
12,0122234,無床診療所,医療法人社団 新藤医院,0,False
12,0122275,無床診療所,医療法人社団 翠明会 山王整形クリニック,0,False
12,0122531,有床診療所,医療法人社団小羊会 高洲訪問クリニック,14,True
12,0122697,無床診療所,医療法人社団 千葉白報会 総合クリニック ドクターランド幕張,0,False
12,0122820,病院,医療法人社団淳英会 おゆみの中央病院,170,True
12,0122895,病院,一般社団法人 巨樹の会 千葉みなとリハビリテーション病院,180,True
12,0122937,無床診療所,社会福祉法人 兼愛会 しょうじゅクリニック,0,False
12,0123091,病院,医療法人社団誠馨会 千葉メディカルセンター,346,True
12,0123323,無床診療所,舘野医院,0,False
12,0123455,無床診療所,医療法人社団 邦潤会 わかば宮本医院,0,False
12,0123737,無床診療所,医療法人社団寄命会 土気腎クリニック,0,False
12,0123794,病院,医療法人浄光会 千葉みなと病院,96,True
12,0124008,有床診療所,医療法人社団匡仁会 梶田医院,19,True
12,0124123,無床診療所,医療法人社団Ｂｌｕｅ Ｂｉｒｄ 青い鳥クリニック千葉,0,False
12,0124164,有床診療所,医療法人社団三水会 北千葉整形外科幕張クリニック,19,True
12,0124206,病院,医療法人社団駿心会 稲毛病院,180,True
12,0124289,無床診療所,医療法人社団千葉ハート 千葉ハートクリニック,0,False
12,0124362,無床診療所,医療法人社団佐々木記念会 千葉北佐々木クリニック,0,False
12,0124677,有床診療所,幕張不整脈クリニック,16,True
12,0124743,無床診療所,医療法人緑栄会 三愛記念そがクリニック,0,False
12,0124750,無床診療所,医療法人社団邦潤会 幕張クリニック,0,False
12,0124768,病院,医療法人緑栄会 三愛記念病院,180,True
12,0124859,無床診療所,医療法人社団メディカルフェニックス メディカルスキャニング千葉,0,False
12,0125096,病院,医療法人社団 鎮誠会 令和リハビリテーション病院,132,True
12,0125385,無床診療所,医療法人社団 心身実践政策研究全人医会 若松町ひまわりクリニック,0,False
12,0125427,無床診療所,医療法人社団謝誠会 稲毛海岸脳神経外科クリニック,0,False
12,0125500,無床診療所,医療法人社団 淳英会 Ｊメディカルおゆみの,0,False
12,0125559,病院,医療法人白百合会 幕張病院,206,True
12,0125740,無床診療所,医療法人社団明康会 かない内科,0,False
12,0125781,無床診療所,ながしま整形外科,0,False
12,0126052,病院,千葉県総合救急災害医療センター,150,True
12,0126086,無床診療所,医療法人社団小千鳥会 鈴木脳神経外科クリニック,0,False
12,0126144,無床診療所,医療法人社団西尾会 にしお整形外科医院,0,False
12,0126300,無床診療所,医療法人社団邦潤会 わかば検査・健診クリニック,0,False
12,0126615,無床診療所,あおぞらファミリークリニック,0,False
12,0126649,無床診療所,ちば浜野総合診療クリニック,0,False
12,0126656,無床診療所,医療法人社団汐風きむらクリニック,0,False
12,0210047,病院,社会医療法人社団菊田会 習志野第一病院,183,True
12,0210351,病院,医療法人社団保健会 谷津保健病院,262,True
12,0210518,病院,医療法人社団愛友会 津田沼中央総合病院,314,True
12,0210971,病院,社会福祉法人恩賜財団済生会支部千葉県済生会 千葉県済生会 習志野病院,400,False
12,0211409,病院,医療法人社団保健会 東京湾岸リハビリテーション病院,160,True
12,0211763,無床診療所,医療法人社団保健会 メディカルスクエア奏の杜クリニック,0,False
12,0211821,無床診療所,医療法人社団汀会 津田沼医院,0,False
12,0212365,無床診療所,北原整形外科,0,False
12,0410217,病院,医療法人社団心癒会 しのだの森ホスピタル,198,False
12,0410449,病院,医療法人社団惠仁会 セントマーガレット病院,309,True
12,0410464,病院,医療法人社団心和会 八千代病院,422,False
12,0410621,無床診療所,医療法人社団三葉会 おかざき外科クリニック,0,False
12,0410647,病院,医療法人思誠会 勝田台病院,148,True
12,0411736,病院,東京女子医科大学附属八千代医療センター,500,True
12,0411991,無床診療所,医療法人社団純仁会 もと脳神経・内科クリニック,0,False
12,0412015,病院,一般社団法人巨樹の会 八千代リハビリテーション病院,240,True
12,0412023,無床診療所,医療法人社団新緑会 こうづ整形外科,0,False
12,0412270,無床診療所,医療法人社団 清心会 緑が丘メディカルクリニック,0,False
12,0412312,病院,医療法人社団碩成会 島田台総合病院,275,True
12,0412452,無床診療所,くろだ内科クリニック,0,False
12,0412536,有床診療所,医療法人社団晴山会 ＲＯＳＥＧＡＲＤＥＮクリニック,19,True
12,0412635,無床診療所,はなしま泌尿器科クリニック,0,False
12,0412791,無床診療所,医療法人社団ＹＧＣ やちよ総合診療クリニック,0,False
12,0413005,病院,医療法人社団永生会 新八千代病院,295,False
12,0413013,無床診療所,メディカルリゾート八千代健診クリニック,0,False
12,0610055,病院,医療法人 鎗田病院,186,True
12,0610113,病院,医療法人芙蓉会 五井病院,214,True
12,0610147,病院,独立行政法人 労働者健康安全機構 千葉労災病院,400,True
12,0610162,病院,千葉県循環器病センター,220,True
12,0610188,病院,医療法人社団直樹会 磯ヶ谷病院,164,False
12,0610196,病院,医療法人白百合会 市原鶴岡病院,205,False
12,0610220,病院,医療法人社団琢心会 辰巳病院,81,True
12,0610634,病院,帝京大学ちば総合医療センター,427,True
12,0610931,有床診療所,医療法人社団高原会 原村医院,5,True
12,0611061,病院,医療法人社団健老会 姉崎病院,99,True
12,0611103,無床診療所,医療法人社団 平山医院,0,False
12,0611608,病院,医療法人社団緑祐会 永野病院,60,True
12,0611657,無床診療所,医療法人社団ふくろう会こいで脳神経外科クリニック,0,False
12,0611822,病院,医療法人社団白金会 白金整形外科病院,128,True
12,0611830,無床診療所,医療法人社団白金会 白金整形外科クリニック,0,False
12,0612093,有床診療所,医療法人社団 ゆうあい会 やりたクリニック,19,True
12,0612317,無床診療所,医療法人社団裕人会 辰巳台クリニック,0,False
12,0612358,有床診療所,医療法人社団詠冴会 市原整形外科,19,False
12,0612424,有床診療所,医療法人社団慈協会 市原メディカルキュア,19,True
12,0612549,病院,医療法人社団千寿雅会 長谷川病院,37,True
12,0612556,無床診療所,医療法人社団 錦昌会 ちはら台整形外科,0,False
12,0612705,無床診療所,坂本脳神経外科クリニック,0,False
12,0612853,無床診療所,清水クリニック,0,False
12,0612879,病院,リハビリテーション病院さらしな,120,True
12,0613075,無床診療所,おもて内科糖尿病クリニック,0,False
12,0613182,無床診療所,医療法人社団十九六会 若宮渡部医院,0,False
12,0613208,無床診療所,五井病院グランクリニック,0,False
12,0613273,無床診療所,医療法人社団司健会 市原健康クリニック,0,False
12,0710707,病院,医療法人社団慈優会 九十九里病院,199,True
12,0710905,病院,大網白里市立国保大網病院,99,True
12,0711051,無床診療所,山崎医院,0,False
12,0711358,病院,髙根病院,152,True
12,0711366,無床診療所,医療法人社団粲登記念会 錦織メディカルクリニック,0,False
12,0712034,病院,東陽病院,95,True
12,0810036,病院,医療法人静和会 浅井病院,387,True
12,0810432,無床診療所,医療法人社団大喜会 斉藤クリニック,0,False
12,0810499,無床診療所,医療法人社団 豊和会 とよだ整形外科医院,0,False
12,0810556,有床診療所,医療法人社団フルガキ・メディカル とうがね中央糖尿病腎クリニック,19,True
12,0810630,病院,東千葉メディカルセンター,314,True
12,0810663,無床診療所,東金たまクリニック,0,False
12,0910307,病院,社会医療法人社団さつき会 袖ケ浦さつき台病院,384,True
12,0910349,有床診療所,医療法人社団福徳会 福王台外科内科,19,False
12,0910463,有床診療所,医療法人社団健誠会 Ｋｅｎクリニック,10,True
12,0910620,無床診療所,医療法人社団 恒久会 山口医院,0,False
12,0910646,無床診療所,医療法人社団蔵和会 田部整形外科,0,False
12,1010065,病院,医療法人萩仁会 萩原病院,148,True
12,1010107,病院,社会医療法人社団同仁会 木更津病院,321,False
12,1010149,病院,国保直営総合病院 君津中央病院,654,True
12,1010156,病院,医療法人社団志仁会 薬丸病院,57,True
12,1010206,病院,石井病院,46,True
12,1010487,病院,医療法人社団養真会 上総記念病院,98,True
12,1011139,無床診療所,医療法人社団 恒久会 さざなみクリニック,0,False
12,1011329,病院,医療法人社団明敬会重城病院,36,True
12,1011576,無床診療所,医療法人社団緑の会 嶋田医院,0,False
12,1011618,病院,医療法人社団 邦清会 木更津東邦病院,83,True
12,1011824,病院,医療法人互生会 アクアリハビリテーション病院,148,True
12,1011923,無床診療所,医療法人社団 松清医院,0,False
12,1011956,無床診療所,医療法人知真会 木更津内科クリニック,0,False
12,1012087,有床診療所,医療法人社団寧篤会 内房整形外科クリニック,19,True
12,1012160,無床診療所,木更津かねだ泌尿器科クリニック,0,False
12,1012178,無床診療所,社会医療法人社団 新都市医療研究会君津会 玄々堂木更津クリニック,0,False
12,1012186,有床診療所,木更津心臓血管クリニック,19,True
12,1012228,無床診療所,南雲内視鏡クリニック木更津,0,False
12,1012277,無床診療所,医療法人社団翠湖会わたべクリニック,0,False
12,1110063,病院,社会医療法人社団 新都市医療研究会君津会 玄々堂君津病院,160,False
12,1110071,病院,医療法人社団芙蓉会 千葉芙蓉病院,120,True
12,1110337,病院,医療法人社団周晴会 鈴木病院,56,True
12,1110667,無床診療所,医療法人社団蓬莱会 水島外科内科クリニック,0,False
12,1110774,無床診療所,医療法人社団 健恵生会 酒井医院,0,False
12,1110782,病院,医療法人社団重光会 君津山の手病院,156,True
12,1110865,無床診療所,医療法人社団弘雄会 榎本整形外科,0,False
12,1110923,無床診療所,吉田メディカルクリニック,0,False
12,1111004,無床診療所,きみつ腎・泌尿器クリニック,0,False
12,1210012,病院,国保直営君津中央病院 大佐和分院,36,True
12,1210160,病院,医療法人社団三友会 三枝病院,32,True
12,1210210,病院,医療法人社団栄陽会 東病院,45,True
12,1210285,無床診療所,たなかハートクリニック,0,False
12,1210368,無床診療所,医療法人社団 石誠会 さくらクリニック,0,False
12,1210392,無床診療所,医療法人社団三東会 竹内医院,0,False
12,1210418,無床診療所,医療法人社団俊真会 鈴木内科クリニック,0,False
12,1210475,無床診療所,社会医療法人社団 新都市医療研究会君津会 玄々堂佐貫クリニック,0,False
12,1310051,病院,銚子市立病院,120,True
12,1310119,病院,医療法人積仁会 島田総合病院,156,True
12,1310499,病院,医療法人社団圭寿会 兒玉病院,77,True
12,1310572,無床診療所,関谷医院,0,False
12,1310911,無床診療所,医療法人社団洋光会 協和医院,0,False
12,1411255,病院,総合病院国保旭中央病院,983,True
12,1411313,病院,医療法人黒潮会 田辺病院,45,True
12,1411412,無床診療所,うちの脳神経外科クリニック,0,False
12,1910363,病院,学校法人順天堂 順天堂大学医学部附属浦安病院,785,True
12,1911486,病院,医療法人社団 康栄会 浦安病院,56,True
12,1911775,無床診療所,くまがわ クリニック,0,False
12,1911981,病院,公益社団法人地域医療振興協会 東京ベイ・浦安市川医療センター,340,True
12,1912005,無床診療所,医療法人社団 新虎の門会 新浦安虎の門クリニック,0,False
12,1912195,無床診療所,医療法人社団 ちくま会 メディカルガーデン新浦安,0,False
12,1912310,病院,医療法人社団福秀会 浦安高柳病院,60,True
12,1912336,無床診療所,医療法人社団 祐輝会 浦安せきぐちクリニック,0,False
12,1912500,病院,医療法人社団やしの木会 浦安中央病院,72,True
12,1912559,病院,タムス浦安病院,199,True
12,1912575,無床診療所,浦安やなぎ通り診療所,0,False
12,1912898,無床診療所,うらやす脳神経外科 耳鼻咽喉科クリニック,0,False
12,2010130,病院,キッコーマン総合病院,133,True
12,2010163,病院,医療法人社団全生会 江戸川病院,392,True
12,2010718,病院,医療法人社団 葛野会 木野崎病院,150,False
12,2010833,病院,医療法人社団真療会 野田病院,192,True
12,2010841,病院,医療法人社団喜晴会 野田中央病院,34,True
12,2010940,病院,医療法人社団福聚会 東葛飾病院,99,True
12,2011203,無床診療所,医療法人社団 桃和会 門倉医院,0,False
12,2011427,無床診療所,医療法人社団 柏誠会 川間春日町整形外科小児科クリニック,0,False
12,2011450,無床診療所,医療法人社団 真優会 やまかわ内科・神経内科クリニック,0,False
12,2011484,無床診療所,七光台内科外科,0,False
12,2011500,無床診療所,山崎外科内科,0,False
12,2011658,病院,医療法人徳洲会 野田総合病院,350,True
12,2110047,病院,医療法人聖峰会 岡田病院,118,True
12,2110062,病院,医療法人社団柏水会 初石病院,806,False
12,2110104,病院,医療法人 深町病院,88,True
12,2110765,無床診療所,柏ビレジクリニック,0,False
12,2110914,病院,東京慈恵会医科大学附属柏病院,664,True
12,2111516,病院,柏市立柏病院,200,True
12,2111789,無床診療所,医療法人社団昭和会 昭和医院,0,False
12,2111995,無床診療所,医療法人社団秀和会 秀和会クリニック,0,False
12,2112423,病院,医療法人社団天宣会 北柏リハビリ総合病院,247,True
12,2112522,無床診療所,医療法人社団昌擁会 柏フォレストクリニック,0,False
12,2114114,病院,医療法人社団葵会 千葉・柏リハビリテーション病院,430,True
12,2114148,病院,手賀沼病院,294,False
12,2114239,病院,医療法人社団誠高会 おおたかの森病院,288,True
12,2114866,病院,医療法人社団協友会 柏厚生総合病院,416,True
12,2114932,無床診療所,さわうちクリニック,0,False
12,2114957,病院,医療法人社団康喜会 辻仲病院柏の葉,144,True
12,2115293,無床診療所,医療法人社団天宣会 柏健診クリニック,0,False
12,2115459,病院,医療法人社団 聖秀会 聖光ヶ丘病院,219,True
12,2115616,無床診療所,ララクリニック柏の葉,0,False
12,2115749,病院,医療法人社団 葵会 柏たなか病院,512,True
12,2115954,無床診療所,医療法人社団 清陽会 まえだクリニック,0,False
12,2116192,無床診療所,医療法人社団 博恵会 柏南クリニック,0,False
12,2116259,病院,社会医療法人社団蛍水会 名戸ヶ谷病院,300,True
12,2116267,無床診療所,かしわ腎泌尿器クリニック,0,False
12,2116515,無床診療所,医療法人社団水聖会 メディカルスキャニング柏,0,False
12,2116523,無床診療所,医療法人知真会 かしわ内科クリニック,0,False
12,2116937,無床診療所,柏脳神経外科クリニック,0,False
12,2116960,無床診療所,千葉柏駅前胃と大腸肛門の内視鏡・日帰り手術クリニック健診プラザ,0,False
12,2116994,病院,社会医療法人社団蛍水会 名戸ヶ谷記念病院,100,True
12,2117224,無床診療所,柏駅東口オーク消化器内科・内視鏡クリニック,0,False
12,2310423,病院,医療法人社団協友会 千葉愛友会記念病院,245,True
12,2310456,病院,医療法人社団曙会 流山中央病院,156,True
12,2310753,病院,医療法人社団江陽会 江陽台病院,149,True
12,2310910,病院,医療法人社団 ますお会 柏の葉北総病院,120,True
12,2311041,無床診療所,医療法人社団藤光会 藤澤内科クリニック,0,False
12,2311439,無床診療所,医療法人社団 奎愛會 小野クリニック,0,False
12,2311603,病院,医療法人財団 東京勤労者医療会 東葛病院,366,True
12,2311835,病院,医療法人社団曙会流山中央病院附属 泉リハビリテーション病院,70,True
12,2311892,無床診療所,医療法人社団青嶺会 松戸整形外科おおたかの森クリニック,0,False
12,2312304,無床診療所,おおたかの森ささき整形外科,0,False
12,2410108,病院,医療法人明柳会 恩田第二病院,308,False
12,2410124,病院,医療法人社団清志会 山本病院,60,True
12,2410140,病院,医療法人社団ときわ会 常盤平中央病院,54,True
12,2410389,病院,医療法人財団明理会 新松戸中央総合病院,342,True
12,2410546,病院,日本大学松戸歯学部付属病院,31,True
12,2411429,病院,医療法人社団弥生会 旭神経内科リハビリテーション病院,98,True
12,2412435,有床診療所,公益財団法人ニッセイ聖隷健康福祉財団 松戸ニッセイ聖隷クリニック,19,True
12,2412484,病院,医療法人 徳洲会 千葉西総合病院,680,True
12,2412542,無床診療所,医療法人社団真心会 岡村胃腸科外科,0,False
12,2412849,病院,医療法人財団松圓会 東葛クリニック病院,95,True
12,2413086,無床診療所,小松内科神経内科,0,False
12,2413508,無床診療所,医療法人社団北野朋友会 松戸脳神経内科,0,False
12,2414043,無床診療所,医療法人社団開智会 高木クリニック,0,False
12,2414605,無床診療所,柿の木台クリニック,0,False
12,2414837,有床診療所,医療法人社団 洗心 島村トータル・ケア・クリニック,19,True
12,2414852,病院,医療法人社団青嶺会 松戸整形外科病院,45,True
12,2414944,無床診療所,六高台内科胃腸科クリニック,0,False
12,2415024,有床診療所,医療法人社団 実幸会 いらはら診療所,19,True
12,2415032,病院,医療法人社団松和会 小板橋病院,94,True
12,2415289,病院,五香病院,120,True
12,2415305,無床診療所,医療法人社団千葉白報会 総合クリニック ドクターランド松戸,0,False
12,2415545,無床診療所,馬橋クリニック,0,False
12,2415578,無床診療所,医療法人社団鼎会 八柱三和クリニック,0,False
12,2415743,病院,医療法人社団誠馨会 新東京病院,430,True
12,2415750,無床診療所,医療法人社団誠馨会 新東京クリニック,0,False
12,2416014,病院,松戸リハビリテーション病院,180,True
12,2416071,病院,医療法人社団 鼎会 三和病院,50,True
12,2416170,無床診療所,医療法人社団 順裕会 クリニックソワニエ,0,False
12,2416527,病院,松戸市立総合医療センター,600,True
12,2416709,病院,医療法人社団寿光会 松戸牧の原病院,180,True
12,2416865,無床診療所,医療法人社団腸内会 ラシバヤクリニック,0,False
12,2417152,無床診療所,医療法人社団 協和医会 松戸駅前クリニック,0,False
12,2417459,無床診療所,医療法人社団洗心 さくら島村トータル・ケア・クリニック,0,False
12,2417731,無床診療所,松戸脳神経外科Ｄｒ’ｓクリニック,0,False
12,2510642,無床診療所,医療法人社団順我会 高野山胃腸科内科,0,False
12,2510709,病院,医療法人社団康喜会 東葛辻仲病院,56,True
12,2510758,病院,医療法人社団 創造会 平和台病院,188,True
12,2511087,病院,医療法人社団聖仁会 我孫子聖仁会病院,168,True
12,2511210,無床診療所,医療法人社団湖仁会 ほしの脳神経クリニック,0,False
12,2511236,病院,医療法人社団聖和会 天王台消化器病院,43,True
12,2511392,病院,社会医療法人社団蛍水会 名戸ヶ谷あびこ病院,141,True
12,2511590,無床診療所,医療法人社団健守会 わくいクリニック,0,False
12,2511707,病院,医療法人社団太公会 我孫子東邦病院,100,False
12,2511749,無床診療所,アビコ外科整形外科,0,False
12,2610244,病院,医療法人社団一心会 初富保健病院,320,True
12,2610335,病院,医療法人梨香会 秋元病院,352,True
12,2610541,病院,医療法人社団ますお会 第２北総病院,120,True
12,2610889,病院,医療法人徳洲会 鎌ケ谷総合病院,420,True
12,2611242,病院,医療法人社団 東邦鎌谷病院,160,True
12,2710218,病院,医療法人社団一条会 一条会病院,199,False
12,2712503,病院,医療法人社団平静会 大村病院,75,True
12,2712610,無床診療所,大谷医院,0,False
12,2713303,無床診療所,小林医院,0,False
12,2713691,無床診療所,ひらかわクリニック,0,False
12,2714533,病院,医療法人社団嵐川 大野中央病院,197,True
12,2714855,病院,医療法人社団聖進会 市川東病院,128,True
12,2714871,有床診療所,医療法人友康会 行徳中央クリニック,19,True
12,2714889,無床診療所,医療法人社団 みつはしクリニック,0,False
12,2716249,病院,医療法人財団 明理会 行徳総合病院,307,True
12,2716405,無床診療所,本八幡セントラル放射線科クリニック,0,False
12,2716652,無床診療所,医療法人社団 紺整会 船橋整形外科 市川クリニック,0,False
12,2716686,病院,国際医療福祉大学市川メディカルセンター,260,False
12,2716975,病院,タムス市川リハビリテーション病院,100,True
12,2717510,無床診療所,医療法人社団アウル いちかわ内科脳神経内科,0,False
12,2717684,無床診療所,医療法人社団 新志会 いちかわハートクリニック,0,False
12,2718013,無床診療所,医療法人社団祐希会 ひまわり行徳クリニック,0,False
12,2718070,病院,国際医療福祉大学市川総合病院,511,False
12,2718096,無床診療所,市川駅前脳神経外科,0,False
12,2810018,病院,独立行政法人地域医療機能推進機構船橋中央病院,360,True
12,2810067,病院,公益財団法人復光会 総武病院,447,False
12,2810091,病院,医療法人弘仁会 板倉病院,91,True
12,2810117,病院,医療法人同和会 千葉病院,331,False
12,2810257,病院,医療法人愛の家 高根台病院,100,True
12,2810265,病院,医療法人社団睦会 いけだ病院,120,True
12,2810299,病院,医療法人下総会 薬園台リハビリテーション病院,92,True
12,2810943,病院,社会医療法人社団千葉県勤労者医療協会 船橋二和病院,266,True
12,2811073,病院,医療法人成春会 北習志野花輪病院,147,True
12,2811214,病院,船橋市立医療センター,449,True
12,2811768,病院,医療法人社団 健仁会 船橋北病院,458,False
12,2812204,病院,医療法人社団協和会 滝不動病院,51,True
12,2812626,無床診療所,医療法人社団 中條医院,0,False
12,2812915,病院,医療法人社団嬉泉会 大島記念嬉泉病院,35,True
12,2813087,無床診療所,医療法人社団弘成会 コミュニティクリニックみさき,0,False
12,2813111,有床診療所,医療法人社団邦和会 船橋クリニック,19,True
12,2814069,無床診療所,医療法人社団佑仁会 クリニック津田沼,0,False
12,2814432,無床診療所,医療法人 成春会 花輪クリニック,0,False
12,2814945,病院,医療法人社団誠馨会 セコメディック病院,292,True
12,2814960,無床診療所,医療法人社団紺整会 船橋整形外科西船クリニック,0,False
12,2815710,病院,医療法人社団 良知会 共立習志野台病院,60,True
12,2815777,病院,船橋市立リハビリテーション病院,200,True
12,2816122,無床診療所,医療法人社団 幹紳会 むなかた内科・神経内科,0,False
12,2816189,病院,医療法人社団千葉秀心会 東船橋病院,128,True
12,2816627,無床診療所,医療法人社団千葉白報会 総合クリニック ドクターランド船橋,0,False
12,2816858,病院,医療法人社団協友会船橋総合病院,246,True
12,2816874,無床診療所,医療法人社団清心会 薬円台泌尿器科腎クリニック,0,False
12,2817187,病院,医療法人徳洲会 千葉徳洲会病院,452,True
12,2817773,無床診療所,医療法人社団 紺整会 船橋整形外科クリニック,0,False
12,2817948,無床診療所,船橋夏見の杜クリニック,0,False
12,2818284,無床診療所,医療法人社団山椒会 さなだクリニック,0,False
12,2818516,有床診療所,医療法人社団小羊会 船橋訪問クリニック,15,True
12,2818748,無床診療所,一ノ瀬メディカルクリニック,0,False
12,2818854,無床診療所,椎葉の森クリニック,0,False
12,2819274,病院,青山病院,57,False
12,2819449,無床診療所,医療法人愛光会 画像診断クリニック下総中山駅前,0,False
12,2819555,無床診療所,医療法人社団 水聖会 メディカルスキャニング船橋,0,False
12,2819761,無床診療所,西船橋南口駅前 いわせ内科・内視鏡クリニック,0,False
12,2819795,病院,医療法人社団紺整会 船橋整形外科病院,166,False
12,2819829,無床診療所,医療法人社団紺整会 はさま整形外科クリニック,0,False
12,3010386,病院,国保多古中央病院,86,True
12,3010485,病院,東庄町国民健康保険 東庄病院,32,True
12,3010725,無床診療所,神崎クリニック,0,False
12,3110053,病院,医療法人社団上総会 山之内病院,105,True
12,3110186,病院,医療法人社団澄心会 茂原神経科病院,290,False
12,3110251,病院,医療法人社団東光会 茂原中央病院,165,True
12,3110277,病院,医療法人社団三愛会 君塚病院,91,True
12,3110376,病院,公立長生病院,180,True
12,3110426,無床診療所,医療法人社団あすなろ会 鈴木医院,0,False
12,3110780,病院,社会医療法人社団正朋会 宍倉病院,54,True
12,3110814,病院,医療法人社団貴志会 菅原病院,62,True
12,3110855,無床診療所,さかい泌尿器科医院,0,False
12,3110947,無床診療所,医療法人社団優仁会 ポプラクリニック,0,False
12,3111176,無床診療所,医療法人社団牧野会 牧野医院,0,False
12,3111275,無床診療所,きたじまクリニック,0,False
12,3111333,無床診療所,医療法人社団 淳英会 おゆみの中央病院茂原クリニック,0,False
12,3210291,病院,医療法人社団聖光会 聖光会病院,239,True
12,3210457,無床診療所,医療法人社団 祐門会 長生八積医院,0,False
12,3210481,無床診療所,医療法人社団啓明会長生診療所,0,False
12,3210549,病院,医療法人ＳＨＩＯＤＡ 塩田記念病院,115,True
12,3210564,無床診療所,医療法人社団桐佑会 藤島クリニック,0,False
12,3210614,無床診療所,睦沢診療所,0,False
12,3210655,無床診療所,医療法人社団南洲会 南洲会長生クリニック,0,False
12,3510336,病院,鋸南町国民健康保険鋸南病院,66,True
12,3610920,病院,社会福祉法人 太陽会 安房地域医療センター,149,True
12,3611100,病院,医療法人徳洲会 館山病院,208,True
12,3710076,病院,医療法人 川崎病院,26,True
12,3710118,病院,医療法人白百合会 大多喜病院,363,True
12,3810058,病院,医療法人ＳＨＩＯＤＡ 塩田病院,280,True
12,3910064,病院,医療法人明星会 東条病院,180,True
12,3910080,病院,医療法人三紫会 小田病院,60,True
12,3910221,病院,医療法人鉄蕉会 亀田総合病院,907,True
12,3910270,有床診療所,医療法人鉄蕉会 亀田クリニック,19,True
12,3910296,無床診療所,医療法人社団宏和会 嶺岡クリニック,0,False
12,3911021,病院,鴨川市立国保病院,70,True
12,4111134,病院,日本医科大学千葉北総病院,574,True
12,4111282,病院,医療法人社団育誠會 北総栄病院,64,True
12,4111852,無床診療所,医療法人社団ひふみ会 中山胃腸科外科医院,0,False
12,4111886,無床診療所,医療法人社団新虎の門会 酒々井虎の門クリニック,0,False
12,4111894,病院,医療法人社団 千葉光徳会 千葉しすい病院,311,True
12,4210050,病院,公益財団法人日産厚生会 佐倉厚生園病院,181,True
12,4210399,病院,医療法人社団愛信会 佐倉中央病院,96,True
12,4210639,病院,東邦大学医療センター佐倉病院,405,True
12,4211363,病院,社会福祉法人 聖隷福祉事業団 聖隷佐倉市民病院,399,True
12,4211371,有床診療所,医療法人社団 爽愛会 小林循環器クリニック,19,True
12,4211744,無床診療所,医療法人社団 健陽会 西川整形外科,0,False
12,4211876,無床診療所,医療法人社団 志津南クリニック,0,False
12,4212072,無床診療所,さくら泌尿器科クリニック,0,False
12,4212213,病院,社会福祉法人ユーカリ優都会 南ヶ丘病院,51,True
12,4212429,病院,医療法人社団樹徳会 佐倉整形外科眼科病院,33,True
12,4212460,無床診療所,佐倉内科・呼吸器クリニック,0,False
12,4212502,有床診療所,医療法人社団桜明会 北総整形外科,19,False
12,4212551,無床診療所,しまだ内科・循環器クリニック,0,False
12,4310041,病院,日本赤十字社 成田赤十字病院,655,True
12,4310058,病院,成田病院,716,True
12,4310322,病院,医療法人社団聖母会 聖マリア記念病院,264,False
12,4310397,無床診療所,医療法人社団昭文会 黒田内科診療所,0,False
12,4310504,無床診療所,医療法人社団成蘭会 立花内科医院,0,False
12,4310561,無床診療所,医療法人社団稲林会 片岡内科循環器科医院,0,False
12,4310769,有床診療所,医療法人社団誠仁会 みはま成田クリニック,18,True
12,4312054,病院,医療法人社団透光会 大栄病院,394,True
12,4312112,無床診療所,医療法人社団柔仁会 矢野医院,0,False
12,4312559,無床診療所,国際医療福祉大学健康管理センター,0,False
12,4312591,病院,国際医療福祉大学成田病院,624,True
12,4312732,病院,医療法人社団高邦会 成田リハビリテーション病院,100,False
12,4312740,無床診療所,なりた内科・脳神経内科,0,False
12,4410593,病院,医療法人社団威風会 栗山中央病院,92,True
12,4410833,病院,医療法人徳洲会 四街道徳洲会病院,220,True
12,4410924,病院,医療法人それいゆ会 四街道さくら病院,95,True
12,4411237,無床診療所,四街道脳神経内科・大日五差路リハビリテーション科 さくら街道クリニック,0,False
12,4411260,無床診療所,ちば四街道ウェルネスクリニック,0,False
12,4510012,病院,医療法人甲辰会 海保病院,37,True
12,4510442,病院,医療法人社団 誠和会 長谷川病院,108,True
12,4510608,病院,新八街総合病院,191,False
12,4610127,無床診療所,医療法人社団千葉医心会 千葉ニュータウンクリニック,0,False
12,4610143,無床診療所,奈良整形外科,0,False
12,4610366,無床診療所,医療法人社団雅厚生会 千葉新都市ラーバンクリニック,0,False
12,4610572,病院,医療法人平成博愛会 印西総合病院,184,True
12,4610614,無床診療所,医療法人社団 千葉医心会 千葉ニュータウンサザンクリニック,0,False
12,4610945,無床診療所,印西そよかぜ内科・呼吸器内科,0,False
12,4611075,無床診療所,千葉ニュータウン整形外科リハビリテーションクリニック,0,False
12,4611109,無床診療所,医療法人社団 鎮誠会 印西花の丘整形外科,0,False
12,4710034,病院,医療法人社団東光会 北総白井病院,158,True
12,4710117,無床診療所,医療法人社団白藤会 伊藤診療所,0,False
12,4710422,病院,医療法人社団聖仁会 白井聖仁会病院,193,True
12,4710455,病院,医療法人社団白翔会 千葉白井病院,100,True
12,4810198,無床診療所,医療法人社団明生会 東葉クリニックエアポート,0,False
12,4810388,病院,医療法人社団樹々会 日吉台病院,66,True
12,4810438,病院,医療法人徳洲会 成田富里徳洲会病院,407,True
12,4810537,無床診療所,ファミリークリニック富里,0,False
12,4910022,病院,いすみ医療センター,140,True
12,4910097,無床診療所,医療法人大原会 大原医院,0,False
12,4910204,病院,医療法人社団 寿光会 岬病院,198,True
12,4910238,無床診療所,医療法人社団 ジュノー会 大原台クリニック,0,False
12,5010079,病院,九十九里ホーム病院,145,True
12,5010145,有床診療所,医療法人社団泰伯会 伊藤医院,8,False
12,5010285,病院,国保匝瑳市民病院,89,True
12,5110028,病院,医療法人光洋会 三芳病院,292,True
12,5110127,病院,医療法人美篶会 中原病院,109,True
12,5110176,病院,南房総市立富山国保病院,51,True
12,5110275,無床診療所,医療法人社団 桂 七浦診療所,0,False
12,5210067,病院,千葉県立佐原病院,199,True
12,5210224,無床診療所,医療法人社団東方会 石井内科医院,0,False
12,5210265,病院,医療法人社団 明芳会 イムス佐原リハビリテーション病院,217,True
12,5210273,無床診療所,医療法人社団 彰考会 あいざわクリニック,0,False
12,5210455,病院,医療法人三省会 本多病院,220,True
12,5210505,病院,医療法人社団寿光会 栗源病院,165,True
12,5210521,無床診療所,医療法人社団 豊隆会 たもつ内科小児科医院,0,False
12,5210588,無床診療所,越川医院,0,False
12,5210752,無床診療所,久保田整形外科クリニック,0,False
12,5210778,病院,香取おみがわ医療センター,100,True
12,5210810,有床診療所,医療法人社団 華光会 山野醫院,19,False
12,5310206,無床診療所,医療法人社団双仁会 花城医院,0,False
12,5310321,無床診療所,医療法人社団 つくし会 松尾クリニック,0,False
12,5310461,病院,さんむ医療センター,199,False
12,5410030,病院,医療法人社団 鎮誠会 季美の森リハビリテーション病院,120,True
12,5410071,無床診療所,ふるがき糖尿病循環器クリニック,0,False
12,5410121,無床診療所,医療法人社団明生会 東葉クリニック大網,0,False
12,9110016,病院,独立行政法人国立病院機構 千葉医療センター,455,True
12,9110024,病院,国立健康危機管理研究機構 国立国府台医療センター,367,True
12,9110040,病院,国立研究開発法人 量子科学技術研究開発機構 ＱＳＴ病院,100,True
12,9110057,病院,国立研究開発法人国立がん研究センター東病院,427,True
12,9210014,病院,千葉大学医学部附属病院,809,True
12,9510033,病院,独立行政法人国立病院機構 下志津病院,360,True
12,9510058,病院,独立行政法人国立病院機構千葉医療センター 千葉東病院,265,True
12,9510066,病院,独立行政法人国立病院機構 下総精神医療センター,435,False
13,0110098,病院,社会福祉法人 三井記念病院,482,True
13,0114611,病院,東京歯科大学水道橋病院,20,True
13,0122119,無床診療所,出版健康保険組合診療所,0,False
13,0125567,無床診療所,公益財団法人 結核予防会 総合健診推進センター,0,False
13,0125799,無床診療所,有楽町電気ビルクリニック,0,False
13,0128587,無床診療所,一般財団法人 健康医学協会 附属東都クリニック,0,False
13,0129288,無床診療所,医療法人社団 爽和会 お茶の水駿河台クリニック,0,False
13,0131128,有床診療所,医療法人社団 あんしん会 四谷メディカルキューブ,19,True
13,0131599,無床診療所,医療法人社団 水聖会 メディカルスキャニングお茶の水 上松瀬勝男記念クリニック,0,False
13,0132001,無床診療所,医療法人社団 榊原厚生会 榊原サピアタワークリニック,0,False
13,0132175,無床診療所,医療法人社団 友好会 秋葉原メディカルクリニック,0,False
13,0132746,無床診療所,東京クリニック,0,False
13,0132886,無床診療所,小川町メディカルクリニック,0,False
13,0133157,無床診療所,一般財団法人 健康医学協会 附属霞が関ビル診療所,0,False
13,0133314,無床診療所,医療法人 城見会 アムス丸の内パレスビルクリニック,0,False
13,0133751,無床診療所,東京国際クリニック,0,False
13,0133769,無床診療所,松翁会診療所 大手町健診プラザ,0,False
13,0133777,無床診療所,医療法人社団 ナグモ会 ナグモクリニック,0,False
13,0133850,無床診療所,聖路加国際病院附属クリニック 聖路加メディローカス,0,False
13,0134247,無床診療所,医療法人社団 寿会 千代田診療所,0,False
13,0134312,無床診療所,一般財団法人 全日本労働福祉協会 九段クリニック,0,False
13,0135020,無床診療所,丸ノ内なかごみクリニック,0,False
13,0135442,無床診療所,雪月花メディカルクリニック秋葉原診療所,0,False
13,0135764,無床診療所,診療所こころとからだの元氣プラザ,0,False
13,0136044,無床診療所,鉄鋼ビル丸の内クリニック,0,False
13,0136358,無床診療所,ＭＹメディカルクリニック大手町,0,False
13,0136440,無床診療所,海上ビル診療所,0,False
13,0136911,無床診療所,Ｔー松岡救急クリニック 神田,0,False
13,0136960,無床診療所,ＴＨＥ ＰＲＥＶＥＮＴＩＯＮ ＣＬＩＮＩＣ ＴＯＫＹＯ,0,False
13,0137034,無床診療所,お茶の水頭痛めまいクリニック,0,False
13,0137349,無床診療所,Ｓｉｌｖｅｒ Ｆｅｒｎ Ｔｏｋｙｏ Ｃｌｉｎｉｃ,0,False
13,0137711,無床診療所,東京頭痛脳神経クリニック,0,False
13,0138099,無床診療所,医療法人社団 裕健会 神田クリニック,0,False
13,0138115,無床診療所,医療法人社団晴朗会 運動器クリニック市ヶ谷,0,False
13,0170043,病院,日本歯科大学附属病院,42,True
13,0170050,病院,公益社団法人 東京都教職員互助会 三楽病院,179,True
13,0170068,病院,公益財団法人 佐々木研究所 附属杏雲堂病院,160,True
13,0170076,病院,医療法人財団 神尾記念病院,30,True
13,0170092,病院,医療法人社団 茂恵会 半蔵門病院,44,True
13,0170126,病院,日本大学病院,320,True
13,0170134,病院,国家公務員共済組合連合会 九段坂病院,257,True
13,0225334,無床診療所,公益財団法人 早期胃癌検診協会 附属茅場町クリニック,0,False
13,0227421,無床診療所,東京証券業健康保険組合診療所,0,False
13,0229153,無床診療所,慈恵医大晴海トリトンクリニック,0,False
13,0229682,無床診療所,中央みなとクリニック,0,False
13,0230177,無床診療所,医療法人社団 墨水会 浜町センタービルクリニック,0,False
13,0230557,有床診療所,医療法人社団 高恵会 築地神経科クリニック,18,True
13,0230664,無床診療所,三井タワークリニック,0,False
13,0232215,無床診療所,医療法人社団 メディカルフェニックス メディカルスキャニング銀座,0,False
13,0232637,無床診療所,ＡＩＣ八重洲クリニック,0,False
13,0232751,有床診療所,公益財団法人 朝日生命成人病研究所 附属医院,11,True
13,0232876,無床診療所,医療法人社団 水聖会 メディカルスキャニング東京,0,False
13,0233163,無床診療所,一般財団法人 日本健康開発財団 東京・八重洲総合健診センター,0,False
13,0233288,無床診療所,医療法人 鉄蕉会 亀田京橋クリニック,0,False
13,0233551,無床診療所,聖路加国際病院附属クリニック,0,False
13,0233643,無床診療所,医療法人社団 慶仁舎 月島タワークリニック,0,False
13,0233916,無床診療所,医療法人社団 兜中央会 中島クリニック,0,False
13,0234229,無床診療所,医療法人財団湖聖会 銀座医院,0,False
13,0235143,無床診療所,勝どき脳神経外科,0,False
13,0235366,無床診療所,医療法人社団 倖祐舎 東京シティメディカルクリニック,0,False
13,0235929,無床診療所,医療法人社団 善仁会 日本橋ヘルチェッククリニック,0,False
13,0236471,無床診療所,医療法人社団 ミッドタウンクリニック 日本橋室町三井タワー ミッドタウンクリニック,0,False
13,0236521,無床診療所,医療法人社団 春令会 築地クリニック,0,False
13,0236836,無床診療所,銀座セントラルクリニック,0,False
13,0236869,無床診療所,銀座慈秀会 クリニック,0,False
13,0237529,無床診療所,ＴＦＣメディカルクリニック,0,False
13,0238444,無床診療所,一般社団法人 健陽会 勝どきビュータワークリニック,0,False
13,0238857,無床診療所,インターパーク倉持内科日本橋,0,False
13,0239277,無床診療所,医療法人財団 明理会 ＩＭＳ ＭｅーＬｉｆｅ クリニック東京,0,False
13,0239582,無床診療所,メディカルチェックスタジオ東京銀座クリニック,0,False
13,0239970,無床診療所,東京銀座ウェルネス＆エイジングクリニック,0,False
13,0270751,病院,聖路加国際病院,520,True
13,0270769,病院,医療法人社団 健育会 石川島記念病院,47,True
13,0310243,病院,東京慈恵会医科大学附属病院,75,False
13,0314716,病院,独立行政法人 地域医療機能推進機構 東京高輪病院,232,True
13,0314732,病院,虎の門病院,819,True
13,0314757,病院,東京都済生会中央病院,505,True
13,0317024,病院,医療法人財団 厚生会 古川橋病院,49,True
13,0326462,有床診療所,三宅村国民健康保険直営中央診療所,12,True
13,0326926,有床診療所,新島村 国民健康保険本村診療所,8,True
13,0328245,有床診療所,神津島村国民健康保険直営診療所,6,True
13,0329912,有床診療所,小笠原村 母島診療所,4,True
13,0330050,無床診療所,医療法人社団 潤康会 芝パーククリニック,0,False
13,0331983,有床診療所,医療法人財団 順和会 山王メディカルセンター,16,True
13,0332783,無床診療所,医療法人社団 天宣会 汐留健診クリニック,0,False
13,0333500,有床診療所,大島医療センター,19,True
13,0334151,無床診療所,医療法人社団 ケイセイ会 パークサイドクリニック,0,False
13,0334888,無床診療所,医療法人社団 ミッドタウンクリニック 東京ミッドタウンクリニック,0,False
13,0335455,無床診療所,医療法人社団 アズマ会 佐野虎ノ門クリニック,0,False
13,0335588,無床診療所,にしだクリニック,0,False
13,0335737,無床診療所,医療法人社団 新青会 新橋青木クリニック,0,False
13,0336503,無床診療所,医療法人社団 水聖会 メディカルスキャニング浜松町,0,False
13,0336917,有床診療所,小笠原村診療所,9,True
13,0337147,無床診療所,シーエスケー・クリニック,0,False
13,0337253,無床診療所,医療法人社団 大星会 大星クリニック,0,False
13,0338624,無床診療所,みなと健診クリニック,0,False
13,0338939,無床診療所,クリントエグゼクリニック,0,False
13,0338947,無床診療所,医療法人社団 ＮＡＯＳ 御成門内科クリニック,0,False
13,0339523,無床診療所,医療法人社団 メディカルフェニックス メディカルスキャニング溜池山王クリニック,0,False
13,0339820,無床診療所,品川シーズンテラス健診クリニック,0,False
13,0370676,病院,医療法人社団 友仁会 赤坂見附前田病院,54,True
13,0370692,病院,国民健康保険 町立八丈病院,52,True
13,0370718,病院,医療法人財団 順和会 山王病院,78,True
13,0370759,病院,国際医療福祉大学三田病院,291,True
13,0370767,病院,北里大学北里研究所病院,317,True
13,0370775,病院,公益財団法人 心臓血管研究所付属病院,66,True
13,0370783,病院,社会福祉法人恩賜財団 母子愛育会 総合母子保健センター愛育病院,160,True
13,0411264,病院,社会福祉法人 聖母会 聖母病院,154,True
13,0415018,病院,東京医科大学病院,904,True
13,0415042,病院,東京女子医科大学病院,128,True
13,0415059,病院,独立行政法人 地域医療機能推進機構 東京新宿メディカルセンター,452,True
13,0415067,病院,慶應義塾大学病院,950,True
13,0425827,無床診療所,公益財団法人 東京都予防医学協会 保健会館クリニック,0,False
13,0428672,無床診療所,医療法人社団 榊原厚生会 新宿三井ビルクリニック,0,False
13,0431965,無床診療所,公益財団法人 三越厚生事業団 三越診療所,0,False
13,0432385,無床診療所,医療法人社団 菱秀会 金内メディカルクリニック,0,False
13,0434050,無床診療所,医療法人社団 涼友会 執行クリニック,0,False
13,0435768,無床診療所,西早稲田整形外科,0,False
13,0435958,無床診療所,医療法人社団 医進会 小田クリニック,0,False
13,0436816,無床診療所,医療法人社団 メディカルフェニックス メディカルスキャニング新宿 阿部公彦記念クリニック,0,False
13,0437301,無床診療所,医療法人社団 慶洋会 ケイアイクリニック,0,False
13,0437756,無床診療所,一般財団法人 東京社会保険協会 フィオーレ健診クリニック,0,False
13,0439844,無床診療所,医療法人社団 従容会 戸塚ロイヤルクリニック,0,False
13,0470070,病院,独立行政法人 地域医療機能推進機構 東京山手メディカルセンター,408,True
13,0470104,病院,医療法人社団 鉄友会 柳町病院,39,True
13,0470948,病院,医療法人社団 悦伝会 目白病院,100,True
13,0470963,病院,医療法人社団 広恵会 春山記念病院,99,True
13,0510347,病院,日本医科大学付属病院,877,True
13,0514836,病院,順天堂大学医学部附属 順天堂医院,51,True
13,0515775,病院,一般財団法人 慈愛病院,47,True
13,0527887,無床診療所,日本医科大学健診医療センター,0,False
13,0528778,無床診療所,医療法人社団 幸樹会 おとわ内科・脳神経外科クリニック,0,False
13,0528885,無床診療所,医療法人社団 同友会 春日クリニック,0,False
13,0529297,無床診療所,一般財団法人 近藤記念医学財団 富坂診療所,0,False
13,0530493,無床診療所,医療法人社団 健稜会 文京小石川クリニック,0,False
13,0531152,無床診療所,医療法人社団 ＩＢＵＫＩ 似鳥クリニック,0,False
13,0531202,無床診療所,ふくろうクリニック目白台,0,False
13,0531335,無床診療所,東大前内科小児科クリニック,0,False
13,0570010,病院,東京健生病院,94,True
13,0570937,病院,医療法人社団 大坪会 東都文京病院,126,True
13,0570945,病院,地方独立行政法人 東京都立病院機構 東京都立駒込病院,785,True
13,0610493,病院,医療法人財団 神経科土田病院,68,False
13,0614842,病院,浅草寺病院,120,True
13,0629337,無床診療所,医療法人社団 成守会 成守会クリニック,0,False
13,0629592,無床診療所,オリエンタル上野健診センター,0,False
13,0629915,無床診療所,鶯谷健診センター,0,False
13,0630137,無床診療所,医療法人社団 瑞生会 蔵前内科クリニック,0,False
13,0630814,無床診療所,医療法人社団 協和医会 協和医院,0,False
13,0631283,無床診療所,医療法人社団 東京桜十字 上野御徒町桜十字クリニック,0,False
13,0631408,無床診療所,浅草橋駅前総合クリニック,0,False
13,0631564,無床診療所,十全医院,0,False
13,0670604,病院,公益財団法人 ライフ・エクステンション研究所 付属 永寿総合病院,400,True
13,0670646,病院,東京都台東区立 台東病院,120,True
13,0670653,病院,医療法人社団 哺育会 浅草病院,136,True
13,0710764,病院,社会福祉法人 恩賜財団東京都済生会 向島病院,102,True
13,0710772,病院,社会福祉法人 賛育会 賛育会病院,199,True
13,0714857,病院,同愛記念病院,360,True
13,0724831,無床診療所,医療法人財団 アサヒ健友会 アサヒタワークリニック,0,False
13,0727495,有床診療所,医療法人社団 常壽会 髙石内科胃腸科,12,False
13,0727560,無床診療所,医療法人社団 礼理会 吉田クリニック,0,False
13,0727958,無床診療所,医療法人社団 三恵寿会 ３Ｓメディカルクリニック,0,False
13,0728840,無床診療所,医療法人社団 中央白報会 総合クリニック ドクターランド錦糸町,0,False
13,0729657,無床診療所,はら内科・脳神経クリニック,0,False
13,0729699,無床診療所,押上脳神経クリニック,0,False
13,0729848,無床診療所,ＭＡＬＵクリニック墨田曳舟,0,False
13,0770073,病院,医療法人社団 隆靖会 墨田中央病院,97,True
13,0770248,病院,医療法人社団 仁寿会 中村病院,130,True
13,0770677,病院,東京都リハビリテーション病院,165,True
13,0770727,病院,湘南メディカル記念病院,89,True
13,0770750,病院,社会医療法人財団 正明会 山田記念病院,140,True
13,0770768,病院,医療法人社団 敬智会 梶原病院,47,True
13,0770784,病院,医療法人 伯鳳会 東京曳舟病院,200,True
13,0770792,病院,地方独立行政法人 東京都立病院機構 東京都立墨東病院,755,True
13,0814905,病院,社会医療法人社団 順江会 江東病院,286,True
13,0814913,病院,社会福祉法人 あそか会 あそか病院,364,True
13,0816736,病院,医療法人財団 寿康会 寿康会病院,49,True
13,0825109,無床診療所,医療法人社団 同友会 深川クリニック,0,False
13,0826875,無床診療所,医療法人社団 心聖会 亀戸駅前クリニック,0,False
13,0827048,無床診療所,医療法人社団 隆仁会 水神クリニック,0,False
13,0827949,有床診療所,医療法人社団 篠宮会 篠宮クリニック,1,False
13,0830612,無床診療所,医療法人社団 共咲会 サワイメディカルクリニック,0,False
13,0830760,無床診療所,医療法人社団 愛育会 協和メディカルクリニック,0,False
13,0831115,無床診療所,医療法人社団 ミッドタウンクリニック ミッドタウンクリニック有明,0,False
13,0831214,無床診療所,六地蔵クリニック,0,False
13,0832626,無床診療所,医療法人 長生会 江東豊洲はるそらクリニック,0,False
13,0832725,無床診療所,亀戸脳神経・脊髄クリニック ～あたま・くび・腰～,0,False
13,0832873,無床診療所,サルスクリニック有明,0,False
13,0833467,無床診療所,医療法人社団 勁草会 東京放射線クリニック,0,False
13,0833608,無床診療所,はる内科・呼吸器内科 門前仲町院,0,False
13,0833632,無床診療所,医療法人財団 三友会 深川ギャザリアクリニック,0,False
13,0833855,無床診療所,医療法人徳洲会 ＴＯＫＵＳＨＵＫＡＩ ＩＮＴＥＲＮＡＴＩＯＮＡＬ Ｍｅｄｉｃａｌ Ｃｈｅｃｋ—ｕｐ ＴＯＫＹＯ,0,False
13,0834028,無床診療所,医療法人社団ＳＧＮ スガノ脳神経外科クリニック,0,False
13,0870071,病院,独立行政法人 地域医療機能推進機構 東京城東病院,117,True
13,0870113,病院,医療法人社団 修世会 木場病院,76,True
13,0870832,病院,医療法人社団 恵信会 友仁病院,72,True
13,0870840,病院,医療法人社団 青藍会 鈴木病院,48,True
13,0870857,病院,医療法人社団 藤﨑病院,145,True
13,0870899,病院,順天堂大学医学部附属 順天堂東京江東高齢者医療センター,404,True
13,0870915,病院,医療法人社団 清湘会 清湘会記念病院,45,True
13,0870923,病院,公益財団法人 がん研究会 有明病院,644,True
13,0870949,病院,東京都立東部療育センター,120,True
13,0870964,病院,医療法人社団 高裕会 深川立川病院,90,True
13,0870972,病院,医療法人 青峰会 くじらホスピタル,101,True
13,0870980,病院,昭和医科大学江東豊洲病院,400,True
13,0871004,病院,医療法人社団 清湘会 清湘会東砂病院,91,True
13,0871020,病院,江東リハビリテーション病院,300,True
13,0871038,病院,医療法人社団 東京Ｄタワーホスピタル,32,False
13,0915413,病院,昭和医科大学病院,815,True
13,0915801,病院,公益財団法人 河野臨牀医学研究所 附属第三北品川病院,114,True
13,0930552,無床診療所,一般社団法人 荏原医師会 附属診療所,0,False
13,0931568,無床診療所,安藤脳神経外科・内科クリニック,0,False
13,0932012,無床診療所,一般社団法人 品川区医師会 品川区医師会診療所,0,False
13,0932798,無床診療所,医療法人社団 進興会 進興クリニック,0,False
13,0933275,無床診療所,はやしクリニック,0,False
13,0933952,無床診療所,医療法人社団 南七星会 西小山駅前うさみ内視鏡・消化器内科クリニック,0,False
13,0934190,無床診療所,医療法人社団 進興会 オーバルコート健診クリニック,0,False
13,0935494,無床診療所,医療法人社団 友好会 目黒メディカルクリニック,0,False
13,0935676,無床診療所,もり脳神経外科クリニック,0,False
13,0936575,無床診療所,医療法人社団 令樹 ｍｅｄｏｃｋ総合健診クリニック,0,False
13,0936922,無床診療所,医療法人社団 放栄会 メディカルスキャニング目黒,0,False
13,0937037,無床診療所,医療法人社団 ＹＳ 戸越脳神経外科クリニック,0,False
13,0937151,無床診療所,旗の台内科・救急クリニック,0,False
13,0937516,無床診療所,エルフ内科クリニック,0,False
13,0938043,無床診療所,品川戸越呼吸器内科・アレルギー科クリニック,0,False
13,0970012,病院,医療法人社団 有仁会 阿部病院,84,True
13,0970095,病院,ＮＴＴ東日本関東病院,594,True
13,0970491,病院,いすゞ病院,20,False
13,0970533,病院,昭和医科大学病院附属東病院,199,True
13,0970541,病院,医療法人社団 旗の台病院 旗の台病院,60,True
13,0970558,病院,大崎病院 東京ハートセンター,88,True
13,0970566,病院,品川志匠会病院,66,True
13,0970574,病院,医療法人財団 岩井医療財団 稲波脊椎・関節病院,60,True
13,0970590,病院,社会医療法人社団 東京巨樹の会 東京品川病院,440,True
13,0970608,病院,公益財団法人 河野臨牀医学研究所 附属 品川リハビリテーション病院,130,True
13,1012822,病院,医療法人社団 目黒厚生会 本田病院,72,True
13,1015262,病院,国家公務員共済組合連合会 東京共済病院,350,True
13,1015270,病院,国家公務員共済組合連合会 三宿病院,238,True
13,1028612,無床診療所,医療法人社団 優愛会 目黒ゆうあいクリニック,0,False
13,1029230,有床診療所,医療法人社団 光晶会 武田医院,1,True
13,1029933,無床診療所,医療法人社団 まなの会 マミーズクリニック,0,False
13,1031145,無床診療所,医療法人社団 明里樹 皮膚科呉クリニック,0,False
13,1031541,無床診療所,医療法人社団 放栄会 メディカルスキャニング自由が丘,0,False
13,1032069,無床診療所,ＬＯＣＯ ＳＣＡＮ ＣＬＩＮＩＣ,0,False
13,1032317,無床診療所,自由が丘脳神経頭痛めまいクリニック,0,False
13,1032382,無床診療所,医療法人社団 慶里会 都立大石森脳神経外科,0,False
13,1032747,無床診療所,けやき脳神経リハビリクリニック,0,False
13,1032887,無床診療所,いしさか脳神経外科クリニック,0,False
13,1070044,病院,総合病院厚生中央病院,320,True
13,1070671,病院,医療法人財団 日扇会 第一病院,46,True
13,1070689,病院,医療法人社団 爽玄会 碑文谷病院,72,True
13,1070705,病院,医療法人社団 菫会 目黒病院,60,True
13,1070713,病院,東邦大学医療センター大橋病院,320,True
13,1070721,病院,医療法人社団 爽玄会 なかねの森病院,43,False
13,1113356,病院,東邦大学医療センター大森病院,895,True
13,1113463,病院,医療法人財団 中島記念会 大森山王病院,65,True
13,1113513,病院,医療法人 横浜未来ヘルスケアシステム 大田池上病院,144,True
13,1115427,病院,東京労災病院,400,True
13,1115435,病院,日本赤十字社東京都支部 大森赤十字病院,344,True
13,1115443,病院,独立行政法人 地域医療機能推進機構 東京蒲田医療センター,230,True
13,1119692,病院,大田病院,189,True
13,1131242,無床診療所,医療法人社団 松英会 馬込中央診療所,0,False
13,1132349,有床診療所,医療法人社団英信会 みやしたメディカルクリニック,13,False
13,1133644,無床診療所,東海渡井クリニック,0,False
13,1133792,無床診療所,医療法人社団 仁康会 川田医院,0,False
13,1133818,無床診療所,医療法人社団 誠動会 テクノポートクリニック,0,False
13,1135318,無床診療所,医療法人社団 壮友会 山口医院,0,False
13,1136548,無床診療所,大田病院附属大森中診療所,0,False
13,1136563,無床診療所,医療法人社団 伊藤医院,0,False
13,1136944,無床診療所,医療法人社団 城南内科クリニック,0,False
13,1137884,無床診療所,医療法人社団 弘親会 名和医院,0,False
13,1138536,無床診療所,医療法人社団 慶診会 Ｋクリニック山王,0,False
13,1138841,無床診療所,千束呼吸器アレルギークリニック,0,False
13,1138973,無床診療所,藤倉医院,0,False
13,1139260,無床診療所,清木クリニック,0,False
13,1170935,病院,医療法人社団 静恒会 本多病院,47,True
13,1170950,病院,医療法人社団 松和会 池上総合病院,384,True
13,1170992,病院,医療法人社団 京浜会 京浜病院,82,True
13,1171073,病院,医療法人社団 メドビュー 東京ちどり病院,98,True
13,1171099,病院,東急 株式会社 東急病院,135,True
13,1212919,病院,一般財団法人 平和協会 駒沢病院,83,True
13,1213016,病院,社会福祉法人 児玉新生会 児玉経堂病院,120,True
13,1213032,病院,社会福祉法人 東京有隣会 有隣病院,199,True
13,1213065,病院,一般社団法人 至誠会 第二病院,301,True
13,1213073,病院,医療法人社団 さくら会 世田谷中央病院,131,True
13,1215292,病院,公益財団法人 日産厚生会 玉川病院,381,True
13,1215334,病院,公立学校共済組合 関東中央病院,383,True
13,1215342,病院,昭和医科大学烏山病院,340,True
13,1216886,病院,社会福祉法人 康和会 久我山病院,199,True
13,1234681,無床診療所,医療法人社団 久富医院,0,False
13,1270032,病院,古畑病院,39,True
13,1270545,病院,医療法人社団 大坪会 三軒茶屋病院,247,True
13,1270636,病院,医療法人社団 東京せいわ会 おくさわ脳卒中リハビリテーション病院,82,True
13,1270644,病院,医療法人 横浜未来ヘルスケアシステム 奥沢病院,62,True
13,1312750,病院,医療法人 内藤病院,53,True
13,1315233,病院,日本赤十字社医療センター,645,True
13,1325786,無床診療所,医療法人 宝生会 ＰＬ病院東京診療所,0,False
13,1330190,無床診療所,医療法人社団 鶴亀会 新宿つるかめクリニック,0,False
13,1331602,無床診療所,医療法人社団 鳳凰会 フェニックスメディカルクリニック,0,False
13,1332048,無床診療所,医療法人社団 碧生会 水町エム・アールクリニック千駄ヶ谷,0,False
13,1333947,無床診療所,医療法人社団 誠心堂会 笠原クリニック,0,False
13,1334184,無床診療所,医療法人社団 水聖会 メディカルスキャニング渋谷 橋本省三記念クリニック,0,False
13,1334309,無床診療所,代官山診療所,0,False
13,1335231,無床診療所,医療法人社団 ひさわ会 久野マインズタワークリニック,0,False
13,1336064,無床診療所,医療法人社団 東京桜十字 恵比寿ガーデンプレイス桜十字クリニック,0,False
13,1336957,無床診療所,医療法人社団 英麗会 東京頭痛クリニック,0,False
13,1337666,無床診療所,医療法人社団 愈光会 Ｃｌｉｎｉｃ Ｃ４,0,False
13,1337765,無床診療所,医療法人社団 東京桜十字 恵比寿桜十字クリニック,0,False
13,1338292,無床診療所,医療法人社団 放栄会 メディカルスキャニング恵比寿,0,False
13,1339472,無床診療所,医療法人社団 バリューメディカル バリューＨＲビルクリニック,0,False
13,1339480,無床診療所,恵比寿脳神経外科・内科クリニック,0,False
13,1370022,病院,クロス病院,42,True
13,1370071,病院,ＪＲ東京総合病院,401,True
13,1370105,病院,医療法人財団 東京勤労者医療会 代々木病院,150,True
13,1370147,病院,医療法人社団 オリンピア会 オリンピア眼科病院,40,True
13,1370154,病院,医療法人社団 明生会 セントラル病院,92,True
13,1370162,病院,医療法人社団 輝生会 初台リハビリテーション病院,179,True
13,1370725,病院,医療法人社団 明生会 セントラル病院松濤,110,True
13,1370733,病院,伊藤病院,60,True
13,1370741,病院,医療法人社団 春陽会 参宮橋脊椎外科病院,22,True
13,1410901,病院,東京医療生活協同組合 新渡戸記念中野総合病院,296,True
13,1410927,病院,むさしのライフケア病院,92,False
13,1410976,病院,社会福祉法人 浄風園 中野江古田病院,152,True
13,1428937,有床診療所,クリニックヨコヤマ,1,True
13,1428994,無床診療所,くすのき診療所,0,False
13,1430792,無床診療所,医療法人社団 仁友会 仁友クリニック,0,False
13,1431428,無床診療所,石森脳神経外科,0,False
13,1431543,無床診療所,医療法人社団 虹耀会 中野坂上米沢医院,0,False
13,1431683,無床診療所,医療法人社団 水聖会 メディカルスキャニング中野,0,False
13,1432442,無床診療所,弥生ファーストクリニック,0,False
13,1433135,無床診療所,医療法人社団 みやび みやびハート＆ケアクリニック,0,False
13,1433416,無床診療所,熊谷医院,0,False
13,1433457,無床診療所,頭とからだのクリニックかねなか脳神経外科,0,False
13,1433531,無床診療所,医療法人社団 康仁会 協立内科・脳神経内科クリニック,0,False
13,1470038,病院,社会医療法人社団 健友会 中野共立病院,110,True
13,1470061,病院,一般財団法人 自警会 東京警察病院,415,True
13,1470079,病院,医療法人財団 健貢会 総合東京病院,451,True
13,1470087,病院,医療法人社団 徳静会 横畠病院,37,True
13,1514967,病院,医療法人財団 荻窪病院,252,True
13,1514983,病院,社会福祉法人 浴風会 浴風会病院,199,True
13,1532548,無床診療所,河北健診クリニック,0,False
13,1533835,無床診療所,久我山おおすぎ診療所,0,False
13,1534312,無床診療所,篠宮クリニック,0,False
13,1536614,無床診療所,菊池脳神経外科,0,False
13,1537976,無床診療所,医療法人社団 靖和会 林脳神経外科メディカルクリニック,0,False
13,1538586,無床診療所,方南通り脳神経外科クリニック,0,False
13,1538594,無床診療所,佐口脳神経外科・内科クリニック,0,False
13,1539154,無床診療所,久我山クリニック,0,False
13,1570050,病院,医療法人社団 静山会 清川病院,111,True
13,1570480,病院,医療法人社団 回心会 ロイヤル病院,198,True
13,1570886,病院,河北リハビリテーション病院,135,True
13,1570928,病院,一般社団法人 衛生文化協会 城西病院,99,True
13,1570936,病院,医療法人財団 アドベンチスト会 東京衛生アドベンチスト病院,186,True
13,1570944,病院,ニューハート・ワタナベ国際病院,44,True
13,1570977,病院,浜田山病院,48,True
13,1570985,病院,医療法人社団 杏順会 越川病院,46,True
13,1571017,病院,医療法人社団 哺育会 杉並リハビリテーション病院,101,True
13,1571025,病院,医療法人社団 山斗会 山中病院,47,True
13,1611474,病院,医療法人社団 生全会 池袋病院,96,True
13,1617588,病院,医療法人社団 瑞雲会 高田馬場病院,47,True
13,1617836,病院,社会医療法人社団 大成会 長汐病院,199,True
13,1630938,有床診療所,医療法人社団 景星会 大塚北口診療所,9,True
13,1631316,無床診療所,医療法人財団 豊島健康診査センター,0,False
13,1631621,無床診療所,医療法人社団 明芳会 ＩＭＳ ＭｅーＬｉｆｅクリニック池袋,0,False
13,1631647,無床診療所,本阿弥医院,0,False
13,1632611,無床診療所,サン虎の門クリニック,0,False
13,1633171,無床診療所,医療法人社団 水聖会 メディカルスキャニング池袋,0,False
13,1633676,無床診療所,医療法人社団 絆 アーバンハイツクリニック,0,False
13,1633718,無床診療所,医療法人社団 壽仙會 仙石クリニック,0,False
13,1635291,無床診療所,目白整形外科内科,0,False
13,1636000,有床診療所,医療法人社団 育生會 山口医院,19,True
13,1636240,無床診療所,大塚山田脳神経外科クリニック,0,False
13,1637552,無床診療所,池袋消化器内科・泌尿器科クリニック,0,False
13,1637560,無床診療所,医療法人社団 水聖会 メディカルスキャニング巣鴨,0,False
13,1637586,無床診療所,東京スポーツ＆整形外科クリニック,0,False
13,1637750,無床診療所,医療法人社団 幸和会 幸和クリニック,0,False
13,1638188,無床診療所,医療法人社団 東京桜十字 池袋桜十字クリニック,0,False
13,1638899,無床診療所,三木内科クリニック,0,False
13,1670017,病院,医療法人社団 日心会 総合病院一心病院,107,True
13,1670892,病院,医療法人社団 仁泉会 としま昭和病院,46,True
13,1670959,病院,要町病院,131,True
13,1670975,病院,医療法人社団 ＥＮＥＸＴ 池袋西口病院,40,True
13,1670991,病院,医療法人社団 久福会 関野病院,112,True
13,1671007,病院,医療法人社団 敬悠会 副都心病院,50,True
13,1671023,病院,地方独立行政法人 東京都立病院機構 東京都立大塚病院,413,True
13,1711878,病院,医療法人財団 逸生会 大橋病院,144,True
13,1711886,病院,医療法人社団 田島厚生会 神谷病院,140,True
13,1719897,病院,社会福祉法人 新栄会 滝野川病院,59,True
13,1729490,有床診療所,医療法人社団 博栄会 赤羽中央総合病院附属クリニック,6,False
13,1729532,無床診療所,医療法人社団 健敏会 すずきクリニック,0,False
13,1729953,無床診療所,医療法人社団 田端放射線科クリニック,0,True
13,1730977,無床診療所,医療法人社団 敬天会 鶴田板橋クリニック,0,False
13,1731314,無床診療所,医療法人社団 健診会 東京メディカルクリニック,0,False
13,1731330,無床診療所,東京ふれあい医療生活協同組合 梶原診療所,0,False
13,1731934,無床診療所,医療法人社団 寿廣記念会 岸メディカルクリニック,0,False
13,1732320,有床診療所,東京脊椎クリニック,19,True
13,1732866,有床診療所,木村外科内科,19,True
13,1733062,無床診療所,赤羽循環器内科・画像クリニック,0,False
13,1733112,無床診療所,赤羽並木通りクリニック 内科・脳神経内科,0,False
13,1733260,無床診療所,医療法人社団東京白報会 総合クリニックドクターランド赤羽,0,False
13,1770023,病院,医療法人社団 埴原会 赤羽病院,99,True
13,1770106,病院,東京都立北療育医療センター,120,False
13,1770130,病院,医療法人社団 金地病院,38,True
13,1770635,病院,医療法人社団 博栄会 浮間中央病院,95,True
13,1770650,病院,医療法人社団 中央白報会 白報会王子病院,112,True
13,1770718,病院,王子生協病院,159,True
13,1770734,病院,公益社団法人地域医療振興協会 東京北医療センター,351,True
13,1770759,病院,医療法人財団 明理会 明理会中央総合病院,312,True
13,1770767,病院,医療法人社団 福寿会 赤羽岩渕病院,50,True
13,1770783,病院,花と森の東京病院,199,True
13,1770791,病院,赤羽東口病院,73,True
13,1770809,病院,医療法人社団 博栄会 赤羽中央総合病院,199,True
13,1770817,病院,社会医療法人社団東京巨樹の会 赤羽リハビリテーション病院,240,True
13,1812072,病院,社会福祉法人 上宮会 日暮里上宮病院,81,True
13,1817949,病院,医療法人社団 関川会 関川病院,141,True
13,1825611,無床診療所,医療法人社団 桂文会 堀メディカルクリニック,0,False
13,1825652,無床診療所,医療法人社団 水聖会 メディカルスキャニング日暮里,0,False
13,1825793,無床診療所,医療法人社団 恵周会白河病院 東京人間ドッグクリニック,0,False
13,1826155,無床診療所,医療法人社団 公尽会 さいとうクリニック,0,False
13,1826783,無床診療所,日暮里健診プラザ,0,False
13,1827369,無床診療所,竹内医院,0,False
13,1870088,病院,医療法人社団 愛和会 南千住病院,76,True
13,1870815,病院,医療法人社団 杏精会 岡田病院,57,True
13,1870831,病院,医療法人社団 福寿会 佐藤病院,98,False
13,1870872,病院,医療法人社団 美誠会 荒川病院,153,True
13,1870880,病院,社会医療法人社団 正志会 荒木記念東京リバーサイド病院,115,True
13,1870898,病院,医療法人社団 成守会 はせがわ病院,86,True
13,1870914,病院,社会医療法人社団 一成会 木村病院,99,True
13,1870922,病院,令和あらかわ病院,240,True
13,1911502,病院,日本大学医学部附属板橋病院,988,True
13,1911627,病院,医療法人財団 同潤会 富士見病院,26,True
13,1911635,病院,医療法人財団 健康文化会 小豆沢病院,130,True
13,1911700,病院,心身障害児総合医療療育センター,251,True
13,1911718,病院,医療法人社団 翠会 成増厚生病院,484,True
13,1915123,病院,公益財団法人 愛世会 愛誠病院,441,True
13,1915131,病院,一般財団法人 精神医学研究所 附属東京武蔵野病院,601,True
13,1916121,病院,医療法人社団 明芳会 板橋中央総合病院,579,True
13,1918358,病院,医療法人財団 朔望会 常盤台外科病院,99,True
13,1919588,病院,帝京大学医学部附属病院,1014,True
13,1919984,病院,板橋区医師会病院,146,True
13,1931377,無床診療所,医療法人社団 平和会 和気医院,0,False
13,1931922,無床診療所,野村医院,0,False
13,1932425,無床診療所,医療法人社団 慈誠会 人間ドック会館クリニック,0,False
13,1932441,無床診療所,医療法人 知真会 小茂根内科クリニック,0,False
13,1933225,無床診療所,ねや内科クリニック,0,False
13,1933399,無床診療所,西台クリニック,0,False
13,1934603,無床診療所,医療法人社団 琉神会 のむら脳神経外科,0,False
13,1934793,無床診療所,医療法人社団ＰＡＮＤＡ うえのとしあき脳神経クリニック板橋,0,False
13,1934892,無床診療所,成増慶友整形外科リウマチ科,0,False
13,1970078,病院,医療法人社団 慈誠会 慈誠会徳丸リハビリテーション病院,106,True
13,1970144,病院,医療法人社団 昭成会 田﨑病院,127,True
13,1970250,病院,医療法人社団 誠志会 誠志会病院,152,True
13,1970722,病院,医療法人社団 正風会 小林病院,96,True
13,1970730,病院,医療法人社団 和好会 金子病院,62,True
13,1970763,病院,医療法人社団 明芳会 イムス記念病院,72,True
13,1970797,病院,医療法人社団 慈誠会 慈誠会前野病院,108,True
13,1970805,病院,医療法人社団 慈誠会 慈誠会成増病院,168,True
13,1970813,病院,医療法人社団 叡宥会 安田病院,43,True
13,1970821,病院,医療法人社団 慈誠会 慈誠会記念病院,113,True
13,1970839,病院,医療法人社団 博鳳会 敬愛病院,54,True
13,1970847,病院,医療法人社団 健育会 竹川病院,161,True
13,1970854,病院,医療法人社団 慈誠会 東武練馬中央病院,131,True
13,1970862,病院,東京都健康長寿医療センター,550,True
13,1970896,病院,医療法人社団 慈誠会 上板橋病院,150,True
13,1970912,病院,医療法人社団 慈誠会 浮間舟渡病院,149,True
13,1970920,病院,医療法人社団 美誠会 板橋宮本病院,180,True
13,1970938,病院,医療法人財団 明理会 明理会東京大和病院,168,True
13,1970946,病院,医療法人社団 明芳会 高島平中央総合病院,235,True
13,1970961,病院,医療法人財団 朔望会 リハビリテーション エーデルワイス病院,145,True
13,1970979,病院,リハビリパーク板橋病院,184,True
13,1971001,病院,地方独立行政法人 東京都立病院機構 東京都立豊島病院,438,True
13,2011724,病院,医療法人財団 厚生協会 大泉病院,240,False
13,2011799,病院,医療法人社団 さくら景星会 桜台病院,88,True
13,2015154,病院,医療法人社団 じうんどう 慈雲堂病院,476,False
13,2016525,病院,医療法人社団 浩生会 浩生会スズキ病院,99,True
13,2026581,無床診療所,南町医院,0,False
13,2027795,無床診療所,医療法人社団 白鳳会 大角医院,0,False
13,2027951,有床診療所,医療法人財団 秀行会 阿部クリニック,19,True
13,2027969,無床診療所,一般社団法人 練馬区医師会 医療健診センター,0,False
13,2029635,有床診療所,医療法人社団 川満惠光会 川満外科,19,True
13,2029767,無床診療所,医療法人社団 清真会 麦島内科クリニック,0,False
13,2029973,無床診療所,高野台クリニック,0,False
13,2030237,無床診療所,保谷駅前クリニック,0,False
13,2030500,有床診療所,医療法人社団 翔洋会 辻内科循環器科歯科クリニック,19,True
13,2032076,無床診療所,練馬桜台クリニック,0,False
13,2032910,無床診療所,医療法人社団 交友会 氷川台内科クリニック,0,False
13,2033637,無床診療所,築根クリニック,0,False
13,2034312,無床診療所,新田クリニック,0,False
13,2034940,無床診療所,医療法人社団 輝恭会 いしい脳神経外科・内科クリニック,0,False
13,2035657,無床診療所,医療法人社団 順洋会 武蔵野総合クリニック練馬,0,False
13,2036465,無床診療所,医療法人社団 じあい会 メディカルスキャニング富士見台,0,False
13,2036614,無床診療所,医療法人社団 サマリア会 西大泉呼吸器科内科クリニック,0,False
13,2036838,無床診療所,保谷医院,0,False
13,2037174,無床診療所,医療法人社団 蒼生会 高松医院,0,False
13,2037307,無床診療所,医療法人社団 順政会 はたクリニック,0,False
13,2037828,無床診療所,医療法人社団 メディカルフェニックス メディカルスキャニング練馬高野台,0,False
13,2037893,無床診療所,医療法人社団 嘉例会 大泉学園ふれあいクリニック,0,False
13,2038156,無床診療所,上石神井もりもと脳神経外科,0,False
13,2038255,無床診療所,ねりま脳神経外科,0,False
13,2038537,無床診療所,医療法人社団健功会 山川クリニック,0,False
13,2038636,無床診療所,医療法人社団千歳会 新桜台駅前脳神経外科・内科クリニック,0,False
13,2038719,無床診療所,東京ＴＣＭクリニック乳腺外科＆腫瘍内科,0,False
13,2038727,無床診療所,滝澤クリニック,0,False
13,2070027,病院,医療法人社団 千秋会 田中吉祥寺病院,58,True
13,2070886,病院,医療法人社団 育陽会 練馬さくら病院,178,True
13,2070894,病院,大泉生協病院,94,True
13,2070928,病院,学校法人 順天堂 順天堂大学医学部附属練馬病院,490,True
13,2070936,病院,公益財団法人 東京都医療保健協会 練馬総合病院,223,True
13,2070944,病院,医療法人社団 はなぶさ会 島村記念病院,90,True
13,2070969,病院,医療法人社団 慈誠会 練馬駅リハビリテーション病院,150,True
13,2070977,病院,医療法人社団 翠会 陽和病院,260,False
13,2070985,病院,医療法人社団 健育会 ねりま健育会病院,100,True
13,2070993,病院,医療法人社団 慈誠会 慈誠会・練馬高野台病院,218,True
13,2071009,病院,公益社団法人 地域医療振興協会 練馬光が丘病院,457,True
13,2071017,病院,医療法人 志匠会 練馬志匠会病院,60,False
13,2071025,病院,医療法人社団 忠医会 忠医会病院,111,True
13,2071033,病院,医療法人社団 慈誠会 慈誠会・光が丘病院,157,True
13,2112183,病院,医療法人財団 梅田病院,120,True
13,2112233,病院,医療法人財団 厚生協会 東京足立病院,315,False
13,2112241,病院,医療法人社団 苑田会 愛里病院,117,True
13,2112258,病院,医療法人社団 八葉会 大石記念病院,215,False
13,2112308,病院,社会福祉法人 勝楽堂病院,105,True
13,2116846,病院,医療法人社団 大和会 大内病院,228,False
13,2117661,病院,博慈会記念総合病院,288,True
13,2119378,病院,医療法人社団 綾瀬病院,97,False
13,2126811,無床診療所,医療法人財団 ひこばえ会 セツルメント診療所,0,True
13,2128684,無床診療所,医療法人社団 恭美会 西川クリニック,0,False
13,2129195,無床診療所,医療法人社団 あすは会 東伊興クリニック,0,False
13,2129450,有床診療所,医療法人社団 星風会 井上クリニック,18,True
13,2130763,無床診療所,医療法人社団 容生会 増田クリニック,0,False
13,2131068,有床診療所,医療法人社団 昭明会 大谷田整形外科,12,True
13,2131159,無床診療所,医療法人社団 明桜会 ハラダクリニック,0,False
13,2131498,無床診療所,松下胃腸科外科,0,False
13,2131837,無床診療所,医療法人社団 泰晴会 あおば内科・総合診療クリニック,0,False
13,2131860,有床診療所,医療法人社団 容生会 ようせいクリニック,19,True
13,2133148,無床診療所,医療法人社団 苑田会 苑田会放射線クリニック,0,False
13,2133379,無床診療所,医療法人社団 慈航会 阿部メディカルクリニック,0,False
13,2133387,無床診療所,内科・脳神経外科 西原クリニック,0,False
13,2133395,無床診療所,医療法人社団 たいける会 渡辺整形外科,0,False
13,2133577,無床診療所,医療法人社団 恭生会 あやせ脳神経外科,0,False
13,2133759,無床診療所,西新井駅前さくら参道内科クリニック,0,False
13,2133932,無床診療所,綾瀬おかだクリニック,0,False
13,2134104,有床診療所,医療法人社団 やよい会 あだち江北メディカルクリニック,19,True
13,2134310,無床診療所,高田医院,0,False
13,2134385,無床診療所,医療法人社団 六扇会 西新井江北クリニック,0,False
13,2134583,無床診療所,医療法人社団 永真会 川の手通りクリニック,0,False
13,2134823,無床診療所,西新井駅東口クリニック,0,False
13,2134955,無床診療所,医療法人社団福寿会 ハートセントラルクリニック,0,False
13,2135101,無床診療所,足立慶友整形外科,0,False
13,2135325,無床診療所,東京千住・尚視会クリニック 健診プラザ,0,False
13,2135408,無床診療所,とねり腎泌尿器クリニック,0,False
13,2135622,無床診療所,医療法人社団秀匠会 わしざわ整形外科,0,False
13,2135937,有床診療所,医療法人社団恵羊会 ひつじ救急クリニック,19,False
13,2136026,無床診療所,六町ハートクリニック,0,False
13,2170116,病院,社会医療法人社団 慈生会 等潤病院,150,True
13,2170207,病院,医療法人社団 大坪会 東和病院,299,True
13,2170215,病院,医療法人社団 星風会 井上病院,66,True
13,2170272,病院,医療法人社団 哲仁会 井口病院,53,False
13,2170355,病院,社会医療法人社団 昭愛会 水野記念病院,157,True
13,2170991,病院,医療法人社団 すずき病院,110,True
13,2171015,病院,医療法人社団 日岩会 下井病院,95,True
13,2171023,病院,医療法人社団 心和会 足立共済病院,52,True
13,2171049,病院,医療法人財団 健和会 柳原病院,90,True
13,2171106,病院,医療法人社団 けいせい会 東京北部病院,134,True
13,2171114,病院,医療法人社団 苑田会 苑田第一病院,221,True
13,2171130,病院,医療法人社団 東京朝日会 あさひ病院,95,True
13,2171155,病院,あだち共生病院,60,True
13,2171171,病院,医療法人社団 弘仁勝和会 勝和会病院,21,True
13,2171205,病院,特定医療法人社団 潤恵会 敬仁病院,68,True
13,2171213,病院,医療法人財団 健和会 柳原リハビリテーション病院,95,True
13,2171221,病院,医療法人社団 苑田会 苑田第三病院,117,True
13,2171239,病院,社会医療法人社団 医善会 いずみ記念病院,144,True
13,2171254,病院,医療法人社団 成仁病院,114,False
13,2171288,病院,医療法人社団 洪泳会 東京洪誠病院,156,True
13,2171296,病院,医療法人社団 洪泳会 第二洪誠病院,85,True
13,2171353,病院,扇大橋病院,96,True
13,2171361,病院,医療法人社団 俊和会 寺田病院,50,True
13,2171395,病院,桜会病院,351,True
13,2171411,病院,綾瀬循環器病院,76,True
13,2171437,病院,医療法人社団福寿会 福寿会東京病院,196,False
13,2171452,病院,友愛病院,60,True
13,2171460,病院,医療法人社団 苑風会 苑風会病院,56,True
13,2171478,病院,医療法人社団 大和会 平成扇病院,120,True
13,2171486,病院,あやせ循環器リハビリ病院,76,True
13,2171494,病院,医療法人社団 苑田会 花はたリハビリテーション病院,180,True
13,2171502,病院,医療法人社団 苑田会 足立十全病院,110,True
13,2171510,病院,医療法人社団 忠医会 大高病院,82,True
13,2171528,病院,医療法人社団 健整会 米倉脊椎・関節病院,54,True
13,2171544,病院,医療法人社団 福寿会 慈英会病院,48,True
13,2171569,病院,医療法人社団 福寿会 福寿会足立東部病院,128,True
13,2171577,病院,東京女子医科大学附属足立医療センター,450,True
13,2171585,病院,医療法人社団 福寿会 福寿会病院,176,True
13,2171593,病院,医療法人社団 苑田会 竹の塚脳神経リハビリテーション病院,180,True
13,2171601,病院,医療法人社団 苑田会 苑田会ニューロリハビリテーション病院,180,True
13,2171627,病院,博豊会脊椎病院,78,False
13,2171635,病院,医療法人社団福寿会 みらいリハビリテーション病院,81,True
13,2212389,病院,東京慈恵会医科大学葛飾医療センター,371,True
13,2212405,病院,医療法人財団 葛飾厚生会 東立病院,57,True
13,2212488,病院,医療法人財団 謙仁会 亀有病院,98,True
13,2212520,病院,医療法人財団 慈光会 堀切中央病院,127,True
13,2217255,病院,社会福祉法人 仁生社 江戸川病院高砂分院,99,True
13,2218972,病院,医療法人社団幸博会 高山整形外科病院,48,True
13,2226421,無床診療所,医療法人社団 愛育苑診療所,0,False
13,2227445,無床診療所,医療法人社団 細田診療所,0,False
13,2228922,無床診療所,医療法人社団 昭正会 新柴又駅前クリニック,0,False
13,2229136,無床診療所,医療法人社団 明芳会 新葛飾ロイヤルクリニック,0,False
13,2229748,無床診療所,新宿診療所,0,False
13,2229755,無床診療所,金町成人病クリニック,0,False
13,2230548,無床診療所,医療法人社団 城東桐和会 タムス総合クリニック新小岩駅前,0,False
13,2230712,有床診療所,医療法人社団 湘南会 亀有みんなのクリニック,19,True
13,2230969,無床診療所,医療法人社団 眞洋会 佐久間医院,0,False
13,2231066,無床診療所,医療法人社団 さわやか済世 葛飾健診センター,0,False
13,2232189,無床診療所,医療法人社団 ＭＩＧ 金町慶友整形外科・内科・こどもクリニック,0,False
13,2232312,無床診療所,平成立石ペンギンクリニック,0,False
13,2233013,無床診療所,医療法人社団 高志会 たからまち整形外科,0,False
13,2233112,無床診療所,医療法人社団 恭生会 かめありホームドクタークリニック,0,False
13,2233260,無床診療所,あつち葛飾クリニック,0,False
13,2233690,有床診療所,いずみホームケアクリニック,4,False
13,2233765,無床診療所,立石駅前泌尿器・内科外科クリニック,0,False
13,2270015,病院,医療法人社団 一秀会 葛飾橋病院,209,False
13,2270023,病院,医療法人社団 明芳会 イムスリハビリテーションセンター東京葛飾病院,103,True
13,2270072,病院,社会医療法人社団 光仁会 第一病院,125,True
13,2270098,病院,医療法人勝又 坂本病院,97,False
13,2270577,病院,医療法人社団 嬉泉会 嬉泉病院,60,True
13,2271005,病院,小澤病院,48,True
13,2271021,病院,医療法人社団 玲瓏会 金町中央病院,99,True
13,2271062,病院,社会医療法人社団 正志会 平成立石病院,203,True
13,2271088,病院,医療法人社団 明芳会 イムス葛飾ハートセンター,50,True
13,2271096,病院,かつしか江戸川病院,60,True
13,2271104,病院,葛飾リハビリテーション病院,83,True
13,2271112,病院,医療法人社団 明芳会 イムス東京葛飾総合病院,377,True
13,2271138,病院,地方独立行政法人 東京都立病院機構 東京都立東部地域病院,314,True
13,2312551,病院,社会福祉法人 仁生社 江戸川病院,447,True
13,2312577,病院,医療法人社団 同愛会病院,149,True
13,2319440,病院,医療法人社団 福仁会 小松川病院,91,True
13,2327328,無床診療所,医療法人社団 杏泉会 塚本医院,0,False
13,2327948,無床診療所,医療法人社団 博伸会 きむらクリニック,0,False
13,2327955,無床診療所,医療法人社団 西清会 清新外科クリニック,0,False
13,2328508,無床診療所,一般社団法人 江戸川区医師会 医療検査センター附属診療所,0,False
13,2329985,有床診療所,井口腎泌尿器科・内科 親水,19,True
13,2330793,無床診療所,メディカルプラザ江戸川,0,False
13,2330819,無床診療所,同潤会医院,0,False
13,2330918,無床診療所,むらかみクリニック,0,False
13,2331312,無床診療所,医療法人社団 木かげ会 わたなべ医院,0,False
13,2331791,無床診療所,医療法人社団 靱生会 小岩駅北口クリニック,0,False
13,2332294,無床診療所,医療法人社団 図南 川上脳神経外科クリニック,0,False
13,2333664,無床診療所,一之江消化器内科クリニック,0,False
13,2334308,無床診療所,医療法人社団 ほまれ 尾花循環器クリニック,0,True
13,2334878,無床診療所,社会医療法人社団 森山医会 森山総合クリニック,0,False
13,2335214,無床診療所,あたまとリハビリのクリニック 新小岩脳神経外科,0,False
13,2335263,無床診療所,江戸川ひがし内科・呼吸器内科 篠崎駅前院,0,False
13,2335305,無床診療所,アンカークリニック江戸川,0,False
13,2370120,病院,医療法人財団 岩井医療財団 岩井整形外科病院,58,True
13,2370864,病院,医療法人社団 双仁会 一盛病院,58,True
13,2370872,病院,医療法人社団 津端会 京葉病院,60,True
13,2370930,病院,医療法人社団 昌医会 西昌医会病院,140,False
13,2370955,病院,医療法人社団 総風会 江戸川共済病院,120,True
13,2370989,病院,日本私立学校振興・共済事業団 東京臨海病院,400,True
13,2371011,病院,医療法人社団 東京ハートサミット 東京心臓不整脈病院,49,True
13,2371029,病院,東京東病院,96,True
13,2371037,病院,医療法人社団 葛西中央病院,57,True
13,2371045,病院,医療法人社団 晃山会 タムス松江病院,140,False
13,2371060,病院,医療法人社団 城東桐和会 タムスさくら病院江戸川,378,True
13,2371094,病院,社会医療法人社団 森山医会 森山記念病院,312,True
13,2371102,病院,社会医療法人社団 森山医会 森山脳神経センター病院,149,True
13,2371110,病院,江戸川メディケア病院,199,True
13,2371128,病院,医療法人社団 城東桐和会 タムス瑞江病院,60,True
13,2414555,病院,奥多摩町国民健康保険 奥多摩病院,41,True
13,2418929,病院,医療法人社団 崎陽会 日の出ヶ丘病院,170,False
13,2421998,無床診療所,檜原村国民健康保険檜原診療所,0,False
13,2470458,病院,医療法人財団 利定会 大久野病院,158,True
13,2470466,病院,医療法人社団 久遠会 みずほ病院,113,True
13,2715498,病院,社会福祉法人 白十字会 東京白十字病院,125,True
13,2715522,病院,公益財団法人 結核予防会 新山手病院,180,True
13,2718740,病院,緑風荘病院,199,True
13,2719169,病院,医療法人財団 西武中央病院,114,True
13,2721694,無床診療所,医療法人社団 愛生堂 新秋津前村クリニック,0,False
13,2721892,無床診療所,医療法人社団 紀洋会 むらせ医院,0,False
13,2770063,病院,医療法人社団 新新会 多摩あおば病院,206,False
13,2770097,病院,社会医療法人社団 愛有会 久米川病院,40,True
13,2770105,病院,医療法人 泰一会 多摩北整形外科病院,36,True
13,2770113,病院,地方独立行政法人 東京都立病院機構 東京都立多摩北部医療センター,337,True
13,2815744,病院,市立青梅総合医療センター,495,True
13,2821056,無床診療所,医療法人社団 上長渕医会 井上医院,0,False
13,2822534,無床診療所,医療法人社団 新町クリニック,0,False
13,2870087,病院,武蔵野台病院,287,True
13,2870111,病院,医療法人財団 岩尾会 東京青梅病院,370,False
13,2870129,病院,青梅慶友病院,526,True
13,2870723,病院,医療法人財団 岩尾会 東京海道病院,374,False
13,2870731,病院,医療法人社団 和風会 多摩リハビリテーション病院,199,True
13,2870756,病院,医療法人社団 幸悠会 鈴木慈光病院,298,False
13,2870780,病院,医療法人社団 三秀会 青梅三慶病院,124,True
13,2870798,病院,医療法人財団 良心会 青梅成木台病院,270,False
13,2870822,病院,医療法人社団 仁成会 高木病院,180,True
13,2911832,病院,医療法人社団 東京愛成会 高月病院,516,False
13,2913697,病院,医療法人財団 青溪会 駒木野病院,430,False
13,2913705,病院,医療法人社団 玉栄会 東京天使病院,122,True
13,2913721,病院,一般財団法人 高尾保養院 東京高尾病院,331,False
13,2915643,病院,一般財団法人 仁和会総合病院,157,True
13,2917375,病院,医療法人社団 明和会 西八王子病院,227,True
13,2918837,病院,医療法人社団 光生会 平川病院,343,True
13,2925253,無床診療所,医療法人社団 清泉会 富士森内科クリニック,0,False
13,2925683,無床診療所,医療法人社団 信隆会 京王八王子クリニック,0,False
13,2925774,有床診療所,医療法人社団 斗南堂 八王子クリニック,3,True
13,2925790,無床診療所,医療法人社団 ＫＮＩ 北原アール・ディクリニック,0,False
13,2925972,無床診療所,医療法人社団 実穂会 渡辺医院,0,False
13,2926350,無床診療所,医療法人社団 イロハ会 クリニック田島,0,False
13,2926376,無床診療所,大生医院,0,False
13,2926970,無床診療所,医療法人社団 積心会 澤渡循環器クリニック,0,False
13,2926988,有床診療所,医療法人社団 恵優会 弐番街メディカルクリニック,1,True
13,2927804,無床診療所,医療法人社団 幸山会 みなみ野セントラルクリニック,0,False
13,2927812,有床診療所,医療法人社団 斗南堂 八王子クリニック新町,3,True
13,2928109,無床診療所,医療法人社団 めぐみ会 南大沢メディカルプラザ,0,False
13,2928315,有床診療所,八王子スポーツ整形外科,8,True
13,2928620,無床診療所,医療法人社団 国立あおやぎ会 八王子診療所,0,False
13,2928935,無床診療所,医療法人社団 ＫＮＩ 北原ライフサポートクリニック,0,False
13,2929149,無床診療所,医療法人社団 おなか会 おなかクリニック,0,False
13,2929180,無床診療所,医療法人社団 順友会 別所メディカルクリニック,0,False
13,2929792,無床診療所,医療法人社団 健稜会 みなみ野シティクリニック,0,False
13,2930170,無床診療所,医療法人社団 志泉会 富士森内科みなみのクリニック,0,False
13,2930212,有床診療所,八王子脊椎外科クリニック,19,True
13,2930337,無床診療所,菅原脳神経外科クリニック,0,False
13,2930493,無床診療所,いずみクリニック,0,False
13,2930543,無床診療所,みぎたクリニック,0,False
13,2930675,有床診療所,医療法人社団 ＪＳＩ 八王子ひがし整形外科,19,True
13,2930691,無床診療所,社会医療法人社団 愛有会 三愛クリニック,0,False
13,2930840,無床診療所,医療法人社団 清泉会 富士森内科八王子リウマチ膠原病クリニック,0,False
13,2931012,無床診療所,医療法人社団 賢秀会 あかつきクリニック,0,False
13,2931152,無床診療所,翔整形外科クリニック 八王子院,0,False
13,2970051,病院,東京医科大学八王子医療センター,602,True
13,2970093,病院,医療法人社団 青雲会 北野台病院,252,True
13,2970127,病院,医療法人社団 永生会 永生病院,500,True
13,2970135,病院,八王子保健生活協同組合 城山病院,159,True
13,2970143,病院,医療法人 永寿会 陵北病院,42,True
13,2970150,病院,医療法人 永寿会 恩方病院,470,True
13,2970986,病院,医療法人社団 清智会 清智会記念病院,195,True
13,2971018,病院,医療法人財団 敬寿会 相武病院,326,True
13,2971042,病院,医療法人社団 ＫＮＩ 北原国際病院,99,True
13,2971067,病院,医療法人社団 親和会 野猿峠脳神経外科病院,45,True
13,2971083,病院,東海大学医学部付属八王子病院,500,True
13,2971091,病院,医療法人財団 中山会 八王子消化器病院,98,True
13,2971125,病院,医療法人社団 ＫＮＩ 北原リハビリテーション病院,99,True
13,2971133,病院,医療法人社団 純正会 八王子北部病院,172,True
13,2971141,病院,医療法人社団 八九十会 高月整形外科病院,31,True
13,2971158,病院,医療法人社団 永生会 南多摩病院,170,True
13,2971208,病院,右田病院,118,True
13,2971224,病院,みなみ野循環器病院,20,True
13,2971232,病院,医療法人社団 新山会 希望の丘八王子病院,288,True
13,2971240,病院,医療法人社団 永生会 みなみ野病院,205,True
13,2971257,病院,医療法人社団 東光会 八王子山王病院,157,True
13,2971265,病院,ＡＯＩ八王子病院,198,True
13,3013893,病院,医療法人財団 立川中央病院,115,True
13,3015716,病院,国家公務員共済組合連合会 立川病院,444,True
13,3015823,病院,医療法人財団 川野病院,75,True
13,3023207,無床診療所,医療法人社団 豊友会 豊泉胃腸科外科,0,False
13,3023405,無床診療所,立川相互ふれあいクリニック,0,False
13,3023678,無床診療所,医療法人社団 メディカルフェニックス メディカルスキャニング立川,0,False
13,3023926,無床診療所,こぶし脳神経クリニック,0,False
13,3024080,無床診療所,医療法人社団 進興会 立川北口健診館,0,False
13,3024320,無床診療所,唯善クリニック内科・呼吸器内科,0,False
13,3024460,無床診療所,鈴木慶やすらぎクリニック,0,False
13,3024569,無床診療所,医療法人社団 東京石心会 立川新緑クリニック,0,False
13,3024841,無床診療所,医療法人社団 弘基会 おおたか脳神経外科・内科,0,False
13,3025277,無床診療所,医療法人社団 ＹＭＲ 立川脳神経外科クリニック,0,False
13,3025566,無床診療所,立川相互錦町クリニック,0,False
13,3025665,無床診療所,ほしの脳神経・整形外科・在宅クリニック立川,0,False
13,3070349,病院,立川相互病院,287,True
13,3070356,病院,医療法人社団 敏和会 西砂川病院,105,True
13,3115508,病院,社会福祉法人 浴光会 国分寺病院,158,True
13,3122892,無床診療所,たかの内科・脳神経外科クリニック,0,False
13,3123510,無床診療所,国分寺こもれび整形外科,0,False
13,3214160,病院,町田市民病院,440,True
13,3225067,有床診療所,医療法人社団 三翔会 町田脳神経外科,19,True
13,3225158,無床診療所,医療法人社団 十愛会 いとうクリニック,0,False
13,3226271,無床診療所,たかはしクリニック,0,False
13,3226610,無床診療所,入倉クリニック,0,False
13,3226651,無床診療所,医療法人社団 恭啓会 小野寺クリニック,0,False
13,3227840,無床診療所,すずき脳神経外科クリニック,0,False
13,3227865,無床診療所,医療法人社団 泰大会 薬師台おはなぽっぽクリニック,0,False
13,3227998,有床診療所,医療法人社団 南東京ハートクリニック,15,True
13,3228376,無床診療所,なかはら脳神経クリニック,0,False
13,3228434,無床診療所,医療法人社団 じあい会 メディカルスキャニング町田,0,False
13,3229234,無床診療所,医療法人社団 絢雄会 ジェイクリニック,0,False
13,3229465,無床診療所,やました内科・脳神経クリニック,0,False
13,3229622,無床診療所,医療法人社団 優和会 湘南健診クリニック ココットまちだ館,0,False
13,3229747,無床診療所,鶴川脳神経クリニック,0,False
13,3229770,無床診療所,東京町田アーク内科・呼吸器クリニック,0,False
13,3270022,病院,医療法人財団明理会 イムス明理会東京町田病院,577,False
13,3270121,病院,医療法人社団 鶴永会 鶴が丘ガーデンホスピタル,200,False
13,3270147,病院,医療法人社団 敬寿会 よしの病院,166,False
13,3270774,病院,医療法人社団 幸隆会 多摩丘陵リハビリテーション病院,117,True
13,3270782,病院,医療法人社団 松友会 上相原病院,92,True
13,3270790,病院,医療法人社団 創生会 町田病院,120,True
13,3270808,病院,医療法人社団 天紀会 こころのホスピタル町田,378,False
13,3270816,病院,社会医療法人社団 正志会 南町田病院,222,True
13,3270824,病院,医療法人社団 史世会 町田胃腸病院,50,True
13,3270832,病院,医療法人社団 慶泉会 町田慶泉病院,147,True
13,3270857,病院,ふれあい町田ホスピタル,199,True
13,3270865,病院,医療法人社団 三医会 鶴川記念病院,180,True
13,3270873,病院,医療法人社団 三医会 鶴川リハビリテーション病院,120,True
13,3270881,病院,あけぼの病院,98,True
13,3270915,病院,横浜町田関節脊椎病院,42,True
13,3270923,病院,医療法人社団 幸隆会 多摩丘陵病院,199,True
13,3313921,病院,一般財団法人 天誠会 武蔵境病院,44,True
13,3315728,病院,武蔵野赤十字病院,566,True
13,3323995,無床診療所,医療法人社団 藤啓会 北町診療所,0,False
13,3324233,無床診療所,安岡整形外科脳外科クリニック,0,False
13,3324936,無床診療所,石澤敦クリニック,0,False
13,3326006,無床診療所,公益財団法人 武蔵野健康づくり事業団 付属診療所,0,False
13,3326386,無床診療所,医療法人社団 正友会 松井健診クリニック吉祥寺プレイス,0,False
13,3326824,無床診療所,医療法人社団 緑友会 らいおんハート武蔵野脳神経外科内科クリニック,0,False
13,3327053,無床診療所,医療法人社団 和じょう しんむら整形外科クリニック,0,False
13,3327236,無床診療所,吉祥寺脳神経外科・内科クリニック,0,False
13,3370079,病院,三鷹北病院,59,True
13,3370129,病院,医療法人社団 東仁会 吉祥寺あさひ病院,46,True
13,3370145,病院,武蔵野陽和会病院,103,True
13,3421435,有床診療所,医療法人社団 鴻鶴会 内野産婦人科小児科,17,True
13,3470036,病院,国立さくら病院,44,True
13,3470044,病院,医療法人社団 長尽会 長久保病院,22,True
13,3520533,無床診療所,福岡医院,0,False
13,3522687,有床診療所,医療法人社団 平成優和会 百草の森ふれあいクリニック,19,False
13,3522810,無床診療所,英世会クリニック,0,False
13,3522869,無床診療所,医療法人社団 報健会 胃腸内科・下肢静脈瘤 森末クリニック,0,False
13,3523321,無床診療所,原脳神経外科クリニック,0,False
13,3523487,無床診療所,豊田駅前うだクリニック,0,False
13,3523578,無床診療所,日野みんなの診療所,0,False
13,3570058,病院,医療法人社団 康明会 康明会病院,96,True
13,3570066,病院,医療法人社団 回心会 回心堂第二病院,240,True
13,3570074,病院,日野市立病院,300,True
13,3570082,病院,医療法人社団 厚潤会 日野駅前病院,70,True
13,3570090,病院,グレイス病院,120,True
13,3570108,病院,多摩平の森の病院,126,True
13,3613791,病院,公益財団法人 井之頭病院,640,False
13,3613866,病院,医療法人財団 慈生会 野村病院,133,True
13,3613874,病院,医療法人社団 積信会 長谷川病院,590,True
13,3619285,病院,杏林大学医学部付属病院,55,True
13,3619368,病院,医療法人社団 永寿会 三鷹中央病院,122,True
13,3622214,無床診療所,医療法人社団 鎌田医院,0,False
13,3622354,無床診療所,医療法人社団 大由会 みたか内科循環器内科,0,False
13,3624434,無床診療所,医療法人社団 正悠会 みたか中村脳神経外科クリニック,0,False
13,3624558,無床診療所,医療法人社団ＭＹＣ サウスポイント整形外科クリニック,0,False
13,3624657,無床診療所,のざきはちまん前内科,0,False
13,3624665,無床診療所,みたかクリニック,0,False
13,3625134,無床診療所,医療法人社団 ひかり会 のぞみメモリークリニック,0,False
13,3670783,病院,医療法人社団 實理会 東京国際大堀病院,34,True
13,3721610,無床診療所,下田内科クリニック,0,False
13,3814068,病院,医療法人社団 根岸病院,426,False
13,3814076,病院,府中恵仁会病院,217,True
13,3814084,病院,医療法人社団 慈敬会 府中医王病院,89,True
13,3818499,病院,東京都立府中療育センター,260,True
13,3823325,有床診療所,医療法人社団 松堂会 西原町脳神経外科クリニック,19,False
13,3823499,無床診療所,医療法人社団 哲信会 府中クリニック,0,False
13,3824356,無床診療所,府中脳神経外科診療所,0,False
13,3824786,無床診療所,寿町クリニック,0,False
13,3825072,無床診療所,医療法人社団 じあい会 メディカルスキャニング府中,0,False
13,3825510,無床診療所,西府北口クリニック,0,False
13,3825692,無床診療所,府中すみよしクリニック,0,False
13,3825759,無床診療所,府中の森脳神経外科・内科,0,False
13,3870011,病院,医療法人社団 共済会 共済会櫻井病院,112,True
13,3870086,病院,公益財団法人 原記念財団 附属 原記念病院,303,False
13,3870110,病院,医療法人社団 喜平会 府中病院,60,True
13,3870144,病院,地方独立行政法人 東京都立病院機構 東京都立神経病院,304,True
13,3870151,病院,地方独立行政法人 東京都立病院機構 東京都立小児総合医療センター,561,True
13,3870169,病院,地方独立行政法人 東京都立病院機構 東京都立多摩総合医療センター,770,True
13,3914264,病院,医療法人財団 緑秀会 田無病院,86,True
13,3970019,病院,医療法人社団東光会 佐々総合病院,183,False
13,3970860,病院,医療法人社団 薫風会 山田病院,306,False
13,3970969,病院,医療法人社団 東光会 西東京中央総合病院,270,True
13,4015624,病院,社会福祉法人 恩賜財団東京都同胞援護会 昭島病院,199,True
13,4018180,病院,医療法人社団 竹口病院,166,True
13,4022083,有床診療所,医療法人社団 全心会 ぜんしん整形外科,19,True
13,4022158,無床診療所,中西クリニック,0,False
13,4070025,病院,医療法人社団 大日会 太陽こども病院,33,True
13,4070835,病院,医療法人社団 潮友会 うしお病院,60,True
13,4070843,病院,あきしま相互病院,199,True
13,4070850,病院,医療法人 徳洲会 東京西徳洲会病院,568,True
13,4070876,病院,医療法人社団 野村会 昭和の杜病院,180,True
13,4113973,病院,医療法人社団 総合会 武蔵野中央病院,298,True
13,4114005,病院,社会福祉法人 聖ヨハネ会 桜町病院,182,True
13,4121968,無床診療所,医療法人社団 一白会 菊地脳神経外科・整形外科,0,False
13,4121976,無床診療所,医療法人社団 寛和会 武蔵小金井クリニック,0,False
13,4122578,無床診療所,医療法人社団 鶴亀会 小金井つるかめクリニック,0,False
13,4122685,無床診療所,東小金井さくらクリニック,0,False
13,4122933,無床診療所,医療法人社団 ひなた会 いせだ脳神経外科,0,False
13,4123063,無床診療所,医療法人社団 放栄会 メディカルスキャニング武蔵小金井,0,False
13,4123428,無床診療所,小金井メディカルクリニック,0,False
13,4170023,病院,医療法人社団 大日会 小金井太陽病院,115,True
13,4216701,病院,医療法人社団 青山会 青木病院,320,True
13,4222543,無床診療所,村松整形脳神経外科医院,0,False
13,4223533,有床診療所,医療法人社団 敬和慶友会 調布くびと腰の整形外科クリニック,18,True
13,4224143,無床診療所,医療法人社団 英麗会 にわファミリークリニック,0,False
13,4224218,無床診療所,医療法人社団 碧山会 コクティやまうち内科・神経内科,0,False
13,4224507,無床診療所,そめちファミリークリニック,0,False
13,4224929,無床診療所,仙川脳神経外科クリニック,0,False
13,4225538,無床診療所,調布駅前画像診断クリニック,0,False
13,4225868,無床診療所,調布仙川駅前きむら呼吸器内科クリニック,0,False
13,4226114,無床診療所,くまざわ整形外科 —ＴＡＯ東京—,0,False
13,4270013,病院,医療法人社団 大坪会 北多摩病院,259,True
13,4270054,病院,医療法人社団 桐光会 調布病院,140,True
13,4270062,病院,医療法人社団 東山会 調布東山病院,83,True
13,4270096,病院,医療法人社団 大和会 多摩川病院,167,True
13,4270104,病院,特定医療法人社団 研精会 東京さつきホスピタル,156,False
13,4314209,病院,緑成会病院,146,True
13,4314274,病院,社会福祉法人 多摩済生医療団 多摩済生病院,218,True
13,4314407,病院,公立昭和病院,479,True
13,4314423,病院,南台病院,122,True
13,4318879,病院,医療法人社団東光会 一橋病院,99,False
13,4321980,無床診療所,医療法人社団 拓明会 あかしあ脳神経外科,0,False
13,4323796,無床診療所,医療法人社団 倫和会 樹神内科クリニック,0,False
13,4370045,病院,医療法人社団東光会 小平中央リハビリテーション病院,200,False
13,4370078,病院,医療法人社団晃悠会 むさしの救急病院,132,True
13,4414561,病院,医療法人社団 大聖病院,116,True
13,4420675,無床診療所,医療法人社団 幹人会 福生クリニック,0,False
13,4420758,無床診療所,島井内科小児科クリニック,0,False
13,4470035,病院,医療法人社団 悦伝会 目白第二病院,119,True
13,4470050,病院,公立福生病院,272,True
13,4470068,病院,熊川病院,96,True
13,4514188,病院,東京慈恵会医科大学西部医療センター,494,False
13,4521639,無床診療所,あたまとおなか宝田クリニック,0,False
13,4521654,無床診療所,松岡医院,0,False
13,4615514,病院,社会医療法人財団 大和会 東大和病院,284,True
13,4621215,無床診療所,東大和病院附属セントラルクリニック,0,False
13,4621306,無床診療所,たけもとクリニック,0,False
13,4621439,無床診療所,まつだ腎・泌尿器科クリニック,0,False
13,4670022,病院,東京都立東大和療育センター,128,True
13,4714440,病院,社会福祉法人 信愛報恩会 信愛病院,199,True
13,4714465,病院,社会福祉法人 上宮会 清瀬リハビリテーション病院,168,True
13,4715538,病院,公益財団法人 結核予防会 複十字病院,334,True
13,4715603,病院,社会福祉法人 慈生会 ベトレヘムの園病院,96,True
13,4715918,病院,医療法人財団 保養会 竹丘病院,164,True
13,4720892,無床診療所,秋津胃腸肛門クリニック,0,False
13,4720934,無床診療所,とみまつ小児科循環器クリニック,0,False
13,4720975,有床診療所,医療法人社団 順洋会 武蔵野総合クリニック,15,True
13,4721049,無床診療所,医療法人社団 功和会 平野クリニック,0,False
13,4721163,無床診療所,いつもＭＲＩクリニック秋津 整形外科・脳神経外科・乳腺科,0,False
13,4770087,病院,医療法人社団 雅会 山本病院,79,True
13,4770103,病院,医療法人社団 雄心会 山崎病院,135,False
13,4770145,病院,医療法人財団 きよせ旭が丘記念病院,78,True
13,4819934,病院,医療法人社団苑田会 滝山病院,222,True
13,4821112,無床診療所,小山クリニック,0,False
13,4821591,無床診療所,医療法人社団 祐仁会 あだち醫院,0,False
13,4821625,無床診療所,東久留米画像診断クリニック,0,False
13,4821674,無床診療所,すずのね内科・神経内科,0,False
13,4870069,病院,医療法人社団 山本・前田記念会 前田病院,39,True
13,4870085,病院,医療法人社団 良江会 久留米ヶ丘病院,183,False
13,4916763,病院,社会福祉法人 鶴風会 東京小児療育病院,176,True
13,4920625,無床診療所,藤田医院,0,False
13,4920658,無床診療所,医療法人社団 もかほ会 武蔵村山さいとうクリニック,0,False
13,4920773,無床診療所,かめい内科・外科クリニック,0,False
13,4970042,病院,社会医療法人財団 大和会 武蔵村山病院,300,True
13,5015672,病院,社会福祉法人 桜ヶ丘社会事業協会 桜ヶ丘記念病院,405,False
13,5021381,無床診療所,医療法人社団 日翠会 若生脳神経外科,0,False
13,5021928,無床診療所,医療法人社団 めぐみ会 田村クリニック,0,False
13,5022736,無床診療所,あいクリニック,0,False
13,5070016,病院,日本医科大学多摩永山病院,405,True
13,5070024,病院,医療法人社団 聖美会 多摩中央病院,320,False
13,5070040,病院,聖ヶ丘病院,48,False
13,5070099,病院,天本病院,179,True
13,5070107,病院,地方独立行政法人 東京都立病院機構 東京都立多摩南部地域病院,287,True
13,5114483,病院,稲城市立病院,290,True
13,5119615,病院,特定医療法人社団 研精会 稲城台病院,381,True
13,5120936,有床診療所,医療法人社団 秀巧会 稲城わかばクリニック,19,True
13,5121207,無床診療所,元気クリニック内科・脳神経内科,0,False
13,5121223,無床診療所,稲城平尾整形外科クリニック,0,False
13,5121231,無床診療所,もりや脳神経クリニック,0,False
13,5170030,病院,医療法人社団 慶成会 よみうりランド慶友病院,240,True
13,5170048,病院,医療法人社団 慶晃会 南山リハビリテーション病院,104,True
13,5219860,病院,公立阿伎留医療センター,305,True
13,5220751,有床診療所,医療法人社団 豊信会 草花クリニック,19,True
13,5220843,無床診療所,あきるの内科クリニック,0,False
13,5220868,無床診療所,あきる野総合クリニック,0,False
13,5270087,病院,医療法人財団 暁 あきる台病院,100,True
13,5320569,有床診療所,医療法人社団 向日葵清心会 いずみクリニック,19,False
13,5320601,無床診療所,羽村相互診療所,0,False
13,5320627,無床診療所,前田外科クリニック,0,False
13,5370028,病院,医療法人社団 三秀会 羽村三慶病院,126,True
13,5370036,病院,医療法人社団 葵会 西多摩病院,120,True
13,5420245,無床診療所,医療法人社団 吾勢会 指田医院,0,False
13,5421375,無床診療所,ひばりクリニック,0,False
13,5421433,無床診療所,医療法人社団 藤原会 藤原医院,0,False
13,5421714,無床診療所,医療法人社団 順洋会 武蔵野総合クリニックいずみ,0,False
13,5421987,無床診療所,医療法人社団東光会 佐々健康管理クリニック,0,False
13,5422076,無床診療所,医療法人社団泰慈会 やぎさわ内科・脳神経内科,0,False
13,5422167,無床診療所,田無駅前呼吸器内科・内科クリニック,0,False
13,5470018,病院,医療法人社団 花みずき会 保谷厚生病院,174,True
13,5470026,病院,医療法人 徳洲会 武蔵野徳洲会病院,303,True
13,5523816,有床診療所,医療法人社団 はなまる会 千歳台はなクリニック,19,True
13,5524640,無床診療所,医療法人社団 上川会 上川クリニック,0,False
13,5524764,無床診療所,医療法人社団 メディカルフェニックス メディカルスキャニング用賀,0,False
13,5525340,有床診療所,医療法人社団 健身会 さくら中央クリニック,9,True
13,5526249,有床診療所,ＡＲーＥｘ尾山台整形外科,19,False
13,5526439,無床診療所,医療法人社団 如心会 等々力脳神経外科,0,False
13,5526504,無床診療所,医療法人社団 六然会 臼井内科,0,False
13,5526694,無床診療所,パークサイド脳神経外科クリニック,0,False
13,5527072,無床診療所,吉川内科医院,0,False
13,5527726,無床診療所,医療法人社団 正真会 世田谷脳神経外科クリニック,0,False
13,5527759,無床診療所,内科・脳神経外科 オリーブ,0,False
13,5528260,無床診療所,いいむろ内科クリニック,0,False
13,5528500,無床診療所,アレックス脊椎クリニック,0,False
13,5528641,無床診療所,さとう内科・脳神経クリニック,0,False
13,5528922,無床診療所,医療法人社団 じあい会 メディカルスキャニング経堂,0,False
13,5528955,無床診療所,恩田メディカルプラザ,0,False
13,5529441,有床診療所,医療法人社団 英継会 東京血液疾患診療所,19,True
13,5529615,無床診療所,せたがや上町脳神経クリニック,0,False
13,5529839,有床診療所,一般社団法人 循整会 世田谷人工関節・脊椎クリニック,19,True
13,5529862,無床診療所,三軒茶屋整形外科・スポーツクリニック,0,False
13,5530092,無床診療所,公益財団法人 世田谷区保健センター,0,False
13,5530464,無床診療所,三宿通り整形外科クリニック,0,False
13,5530514,有床診療所,一般社団法人 大志会 東京ハートリズムクリニック,16,True
13,5530530,無床診療所,医療法人社団 喜望会 ようが脳神経外科,0,False
13,5530563,無床診療所,ふくろうクリニック自由が丘,0,False
13,5531132,無床診療所,深沢不動なかむら脳神経外科内科,0,False
13,5531470,無床診療所,成城脳神経クリニック,0,False
13,5531587,無床診療所,セントラルクリニック世田谷,0,False
13,5531777,無床診療所,二子玉川整形外科クリニック,0,False
13,5531843,有床診療所,世田谷玉川整形外科内科クリニック,18,False
13,5531868,無床診療所,成城整形外科リウマチ科,0,False
13,5532239,無床診療所,大石脳神経外科クリニック,0,False
13,5532288,無床診療所,烏山慶友整形外科・内科総合クリニック,0,False
13,5533658,無床診療所,二子玉川脊椎・整形外科クリニック,0,False
13,5533849,無床診療所,北烏山ふたばクリニック,0,False
13,5570007,病院,地方独立行政法人 東京都立病院機構 東京都立松沢病院,898,True
13,5570015,病院,医療法人社団 青泉会 下北沢病院,53,True
13,5570049,病院,医療法人社団東光会 世田谷神経内科病院,165,False
13,5570056,病院,医療法人社団 望眞会 世田谷桜丘病院,54,False
13,5570064,病院,医療法人社団 大坪会 三軒茶屋第一病院,173,True
13,5570072,病院,世田谷記念病院,146,True
13,5570080,病院,医療法人社団 輝生会 成城リハビリテーション病院,30,True
13,5570106,病院,医療法人社団 下田緑眞会 世田谷北部病院,94,True
13,5620075,無床診療所,医療法人社団 南七星会 宇佐美脳神経外科,0,False
13,5621487,無床診療所,医療法人社団 清郁会 田園調布呼吸器・内科クリニック,0,False
13,5621693,無床診療所,医療法人社団 くどうちあき脳神経外科クリニック,0,False
13,5621701,無床診療所,脳外科 西馬込クリニック,0,False
13,5622204,無床診療所,志匠会雪谷クリニック,0,False
13,5622345,無床診療所,みうら健内科クリニック,0,False
13,5622923,無床診療所,医療法人社団 洋誠会 あかだクリニック,0,False
13,5623061,無床診療所,医療法人社団眞恵会 いけがみ在宅クリニック,0,False
13,5623145,無床診療所,大田大森胃腸肛門内視鏡クリニック,0,False
13,5623566,無床診療所,社会医療法人財団 仁医会 大森牧田クリニック,0,False
13,5623665,無床診療所,藤田医科大学 羽田クリニック,0,False
13,5623715,無床診療所,矢口渡脳神経クリニック,0,False
13,5624127,無床診療所,蒲田駅前内科・泌尿器科・皮膚科クリニック,0,False
13,5624143,有床診療所,東京脊椎・関節クリニック羽田,19,True
13,5624275,有床診療所,一般社団法人大志会 東京ハートリズムクリニック羽田,15,True
13,5624358,無床診療所,医療法人社団 秀輝会 メカマクリニック本院,0,False
13,5624523,無床診療所,テレーズ脳神経・頭痛クリニック,0,False
13,5624762,無床診療所,東京羽田渡辺クリニック,0,False
13,5670005,病院,東京蒲田病院,180,True
13,5670013,病院,社会医療法人財団 仁医会 牧田リハビリテーション病院,180,True
13,5670021,病院,社会医療法人財団 仁医会 牧田総合病院,290,True
13,5670039,病院,地方独立行政法人 東京都立病院機構 東京都立荏原病院,441,True
13,5670054,病院,医療法人社団 寿徳会 高野病院,80,True
13,5670062,病院,医療法人社団 七仁会 田園調布中央病院,100,True
13,5721022,無床診療所,心臓画像クリニック飯田橋,0,False
13,5721519,無床診療所,帝京大学医学部附属新宿クリニック,0,True
13,5722251,無床診療所,アルツクリニックＰＥＴラボ,0,False
13,5722343,無床診療所,新宿健診プラザ,0,False
13,5723614,無床診療所,Ｓｅｅｄｓ Ｃｌｉｎｉｃ 新宿三丁目,0,False
13,5723705,無床診療所,医療法人社団 成山会 楠樹記念クリニック,0,False
13,5725106,無床診療所,医療法人財団 綜友会 新宿ファーストタワークリニック,0,False
13,5725130,無床診療所,医療法人社団 斗南堂 八王子クリニック新宿院,0,False
13,5725403,無床診療所,新宿三丁目メディカルクリニック,0,False
13,5725437,無床診療所,ＭＹメディカルクリニック新宿,0,False
13,5725676,無床診療所,医療法人社団 じあい会 メディカルスキャニング東新宿,0,False
13,5770011,病院,地方独立行政法人 東京都立病院機構 東京都立大久保病院,304,True
13,5820287,無床診療所,医療法人社団ＧＲＡＣＥ チームメディカルクリニック,0,False
13,5820469,無床診療所,日比谷川畑診療室,0,False
13,5820592,無床診療所,医療法人社団 南桜会 松崎内科クリニック,0,False
13,5820964,無床診療所,医療法人社団 東京桜十字 城山ガーデン桜十字クリニック,0,False
13,5821053,無床診療所,品川ブレストクリニック,0,False
13,5821137,無床診療所,国家公務員共済組合連合会 虎の門病院付属健康管理センター・画像診断センター,0,False
13,5821509,無床診療所,医療法人社団 六医会 汐留シティセンターセントラルクリニック,0,False
13,5821889,無床診療所,品川ワールドシティ内科・小児科・内視鏡内科クリニック,0,False
13,5822226,無床診療所,菅原クリニック東京脳ドック,0,False
13,5822770,無床診療所,医療法人財団 順和会 赤坂山王メディカルセンター,0,False
13,5824057,無床診療所,三田国際ビルクリニック,0,False
13,5824230,無床診療所,高輪みつるクリニック,0,False
13,5824248,無床診療所,ＤＮ画像診断クリニック東京,0,False
13,5824495,無床診療所,医療法人 Ｈ＆Ｌ会 芝浦メディカル,0,False
13,5824917,無床診療所,新赤坂クリニック 青山,0,False
13,5825237,無床診療所,神谷町脳神経外科クリニック,0,False
13,5825252,無床診療所,医療法人社団 東京桜十字 虎ノ門ヒルズ桜十字クリニック,0,False
13,5825294,無床診療所,新橋消化器内科・泌尿器科クリニック,0,False
13,5825351,無床診療所,慶應義塾大学予防医療センター,0,False
13,5825773,無床診療所,田町クリニック,0,False
13,5825807,無床診療所,医療法人社団 進興会 セラヴィ新橋クリニック,0,False
13,5826078,無床診療所,医療法人社団 ミッドタウンクリニック ミッドタウンクリニックイースト,0,False
13,5826466,無床診療所,東京汐留クリニック,0,False
13,5826649,無床診療所,プラザクリニック,0,False
13,5826862,無床診療所,ＭＩＴＡ ＣＯＣＯ ＣＬＩＮＩＣ,0,False
13,5827043,無床診療所,東京品川フロントクリニック,0,False
13,5827167,無床診療所,医療法人社団東京桜十字 六本木ヒルズ桜十字クリニック,0,False
13,5827449,無床診療所,医療法人財団健和会 芝診療所,0,False
13,5827597,無床診療所,赤坂メディカルクリニック,0,False
13,5870001,病院,桜十字白金リハビリテーション病院,68,True
13,5920087,無床診療所,医療法人社団 メディカルフェニックス メディカルスキャニング高円寺,0,False
13,5920145,無床診療所,医療法人社団 三友会 高円寺整形外科,0,False
13,5921150,無床診療所,桜上水まさや整形外科,0,False
13,5921325,無床診療所,下高井戸脳神経外科クリニック,0,False
13,5921481,無床診療所,すぎなみ脳神経外科・しびれ・頭痛クリニック,0,False
13,5921564,無床診療所,新高円寺クリニック,0,False
13,5970009,病院,杏林大学医学部付属杉並病院,340,True
13,5970017,病院,社会医療法人河北医療財団 河北総合病院,353,True
13,5970025,病院,医療法人社団城東桐和会 タムス杉並病院,199,True
13,6021083,無床診療所,ＩＭＳ ＭｅーＬｉｆｅクリニック新宿,0,False
13,6021604,無床診療所,医療法人社団 メディカルフェニックス メディカルスキャニング南新宿,0,False
13,6021653,無床診療所,医療法人社団東京桜十字 渋谷サクラステージ桜十字クリニック,0,False
13,6021661,有床診療所,東京スポーツ＆整形外科クリニック北参道,19,True
13,6021745,無床診療所,そのだ内科 糖尿病・甲状腺クリニック 渋谷駅道玄坂院,0,False
13,6021760,無床診療所,代々木駅前脳神経内科・内科クリニック,0,False
13,6021976,無床診療所,アークスキャン整形外科ー笹塚,0,False
13,6022446,無床診療所,恵比寿ブエナヴィスタクリニック,0,False
13,6070007,病院,地方独立行政法人 東京都立病院機構 東京都立広尾病院,408,True
13,6070015,病院,社会医療法人社団東京巨樹の会 原宿リハビリテーション病院,332,True
13,6220453,無床診療所,日本医科大学八重洲健診ステーション,0,False
13,6220503,無床診療所,はる内科・呼吸器内科 八丁堀院,0,False
13,8615072,病院,国立健康危機管理研究機構 国立国際医療センター,702,True
13,8615288,病院,独立行政法人 国立病院機構 東京医療センター,640,True
13,8615312,病院,国立研究開発法人 国立成育医療研究センター,490,True
13,8616104,病院,国立研究開発法人 国立がん研究センター中央病院,578,True
13,8670077,病院,独立行政法人 国立病院機構 災害医療センター,455,True
13,8715542,病院,国立研究開発法人 国立精神・神経医療研究センター病院,486,True
13,8715559,病院,独立行政法人 国立病院機構 村山医療センター,303,True
13,8715567,病院,独立行政法人 国立病院機構 東京病院,472,True
13,8716110,病院,国立療養所多磨全生園,404,False
13,8810236,病院,東京大学医科学研究所附属病院,122,True
13,8814774,病院,東京科学大学病院,813,True
13,8814790,病院,東京大学医学部附属病院,218,True
13,9514621,病院,宮内庁病院,20,False
13,9516824,病院,東京逓信病院,421,True
13,9570565,病院,自衛隊中央病院,338,True
14,0100065,病院,平和病院,146,True
14,0100362,病院,医療法人社団育成社 佐々木病院,88,True
14,0102228,病院,医療法人社団 片山整形外科記念病院,38,True
14,0102798,病院,汐田総合病院,324,True
14,0104166,病院,生麦病院,39,True
14,0104281,無床診療所,渡辺医院,0,False
14,0104513,無床診療所,うしおだ診療所,0,False
14,0104745,無床診療所,鶴見中央クリニック,0,False
14,0105122,病院,社会福祉法人恩賜財団済生会支部神奈川県済生会 横浜市東部病院,562,True
14,0105197,病院,ふれあい鶴見ホスピタル,210,True
14,0105296,無床診療所,鶴見循環器クリニック,0,False
14,0110221,病院,医療法人社団新東京石心会 横浜石心会病院,120,True
14,0110536,病院,医療法人社団協友会 横浜鶴見リハビリテーション病院,228,True
14,0110965,無床診療所,えがさき内科・呼吸器クリニック,0,False
14,0200014,病院,社会福祉法人恩賜財団済生会支部神奈川県済生会 神奈川県病院,199,True
14,0200063,病院,公益財団法人紫雲会 横浜病院,214,False
14,0200071,病院,古川病院,98,True
14,0200220,病院,大口東総合病院,162,True
14,0203315,病院,医療法人社団のう救会 脳神経外科東横浜病院,60,True
14,0204511,無床診療所,神奈川脳神経外科クリニック,0,False
14,0204925,病院,新横浜リハビリテーション病院,230,True
14,0204974,無床診療所,日産自動車健康保険組合 日産メディカル,0,False
14,0205088,無床診療所,上田クリニック,0,False
14,0205146,無床診療所,医療法人社団じあい会 メディカルスキャニング横浜クリニック,0,False
14,0205401,無床診療所,医療法人社団ニューロアソシエイツ 横浜脳神経内科,0,False
14,0210039,無床診療所,横浜ソーワクリニック,0,False
14,0210203,無床診療所,中崎クリニック,0,False
14,0210328,病院,社会福祉法人恩賜財団済生会支部神奈川県済生会 東神奈川リハビリテーション病院,106,True
14,0210666,無床診療所,片倉町あかり脳神経内科・内科クリニック,0,False
14,0210757,無床診療所,横浜フロントクリニック,0,False
14,0300129,無床診療所,医療法人博友会 進藤医院,0,False
14,0300970,病院,医療法人 明和会 亀田病院,60,True
14,0301226,無床診療所,医療法人社団木曜社 平沼クリニック,0,False
14,0302224,病院,一般財団法人 神奈川県警友会 けいゆう病院,410,True
14,0302810,病院,医療法人社団 善仁会 横浜第一病院,52,True
14,0303461,無床診療所,医療法人社団 善仁会 ヘルチェックファーストプレイス横浜クリニック,0,False
14,0303495,無床診療所,みなとみらいメディカルスクエア,0,False
14,0310011,無床診療所,横浜岡野町クリニック,0,False
14,0310250,無床診療所,コンフォート横浜クリニック,0,False
14,0310425,無床診療所,横浜リーフみなとみらい健診クリニック,0,False
14,0310607,無床診療所,医療法人社団善仁会 横濱ゲートタワーヘルチェッククリニック,0,False
14,0310649,無床診療所,富士フイルムグループ健康保険組合 富士フイルムメディテラスよこはま,0,False
14,0310730,病院,医療法人恵仁会 松島病院,95,True
14,0310763,無床診療所,よこはま高島町クリニック,0,False
14,0311092,無床診療所,公益財団法人神奈川県予防医学協会 ウェルポートみらい,0,False
14,0400226,病院,横浜掖済会病院,141,True
14,0401638,病院,医療法人回生会 ふれあい横浜ホスピタル,103,True
14,0401703,病院,独立行政法人地域医療機能推進機構 横浜中央病院,230,True
14,0403170,病院,医療法人博生会 本牧病院,81,True
14,0406231,無床診療所,本牧脳神経外科クリニック,0,False
14,0406611,無床診療所,横浜ヘルスケアクリニック,0,False
14,0410548,無床診療所,医療法人社団 優和会 湘南健診クリニック ココットさくら館,0,False
14,0410993,無床診療所,のげ内科・脳神経内科クリニック,0,False
14,0411728,無床診療所,医療法人社団メディカルフェニックス メディカルスキャニング関内,0,False
14,0411751,無床診療所,ＹＳＡスポーツと医科学のクリニック横浜関内,0,False
14,0411777,無床診療所,ＢＡＳＥＧＡＴＥ横浜関内クリニック,0,False
14,0500116,無床診療所,公益財団法人神奈川県結核予防会 中央健康相談所,0,False
14,0500215,病院,医療法人 佐藤病院,116,True
14,0503540,無床診療所,碧水脳神経クリニック,0,False
14,0503961,無床診療所,うらふね脳外科クリニック,0,False
14,0504449,病院,公立大学法人 横浜市立大学附属市民総合医療センター,655,True
14,0504605,無床診療所,せきど脳神経外科クリニック,0,False
14,0504746,病院,神奈川県立こども医療センター,430,True
14,0510347,無床診療所,マイタケアクリニック,0,False
14,0510370,無床診療所,井土ヶ谷脳神経外科・内科 頭痛・めまい・しびれクリニック,0,False
14,0510537,無床診療所,たかしな内科クリニック,0,False
14,0510644,無床診療所,医療法人社団青世会 きたがわ内科クリニック,0,False
14,0600106,病院,横浜保土ケ谷中央病院,223,True
14,0601583,無床診療所,一般財団法人神奈川県労働衛生福祉協会附属診療所,0,False
14,0602540,無床診療所,北原医院,0,False
14,0603126,病院,一般財団法人育生会 横浜病院,106,True
14,0603381,病院,医療法人社団 明芳会 イムス横浜狩場脳神経外科病院,147,True
14,0603639,病院,聖隷横浜病院,367,True
14,0610303,無床診療所,ほどがや脳神経外科クリニック,0,False
14,0701052,病院,磯子中央病院,180,True
14,0702043,無床診療所,医療法人社団 京浜クリニック,0,False
14,0703306,無床診療所,うちのパークサイドクリニック,0,False
14,0710012,病院,関東病院,199,True
14,0710137,病院,康心会汐見台病院,225,True
14,0710426,無床診療所,杉田ファミリークリニック,0,False
14,0710574,無床診療所,中里医院,0,False
14,0800052,病院,国家公務員共済組合連合会 横浜南共済病院,565,True
14,0800102,病院,社会福祉法人恩賜財団済生会 支部神奈川県済生会横浜若草病院,177,False
14,0801027,病院,医療法人社団 景翠会 金沢病院,162,True
14,0801654,病院,医療法人社団協友会 金沢文庫病院,144,True
14,0802272,無床診療所,小谷クリニック,0,False
14,0802868,無床診療所,こじま脳神経外科・内科クリニック,0,False
14,0803189,無床診療所,千葉内科・消化器科,0,False
14,0803304,病院,公立大学法人 横浜市立大学附属病院,671,True
14,0803593,無床診療所,庄司クリニック,0,False
14,0803643,病院,神奈川県立循環器呼吸器病センター,239,True
14,0803767,病院,医療法人社団協友会 横浜なみきリハビリテーション病院,224,True
14,0810267,無床診療所,ふじのクリニック,0,False
14,0810481,無床診療所,はまと脳神経クリニック,0,False
14,0810697,無床診療所,関沢クリニック,0,False
14,0810820,無床診療所,医療法人社団じあい会 メディカルスキャニング金沢八景,0,False
14,0810960,無床診療所,金沢能見台内科総合クリニック,0,False
14,0811059,無床診療所,医療法人啓仁会 京浜健診クリニック,0,False
14,0904227,病院,独立行政法人労働者健康安全機構 横浜労災病院,650,True
14,0904979,病院,菊名記念病院,218,True
14,0905323,病院,医療法人 すこやか 高田中央病院,60,True
14,0905539,病院,新横浜母と子の病院,60,True
14,0905752,無床診療所,医療法人 健水会 内藤外科胃腸科医院,0,False
14,0905992,無床診療所,和光医院,0,False
14,0906214,無床診療所,医療法人社団ゆうあい会 ゆうあいクリニック,0,False
14,0906867,病院,新横浜こころのホスピタル,232,True
14,0907345,有床診療所,新横浜スパインクリニック,15,True
14,0907352,病院,大倉山記念病院,114,True
14,0907550,無床診療所,おおすみ医院,0,False
14,0910323,無床診療所,医療法人社団やまびこ 新横浜整形外科リウマチ科,0,False
14,0910497,無床診療所,新横浜ハートクリニック,0,False
14,0910638,無床診療所,高木脳神経外科クリニック,0,False
14,0910851,無床診療所,大倉山脳神経外科クリニック,0,False
14,0911677,無床診療所,きごクリニック新横浜,0,False
14,0912022,無床診療所,リンクス大倉山クリニック,0,False
14,0912055,無床診療所,横浜綱島フォレスト内科・循環器クリニック,0,False
14,0912204,無床診療所,綱島公園坂クリニック,0,False
14,0912303,無床診療所,いのもり脳神経外科クリニック,0,False
14,1000140,病院,医療法人積愛会 横浜舞岡病院,600,False
14,1000157,病院,医療法人横浜未来ヘルスケアシステム 戸塚共立第１病院,148,True
14,1000793,病院,医療法人 横浜未来ヘルスケアシステム 戸塚共立第２病院,101,True
14,1001940,病院,医療生協かながわ生活協同組合 戸塚病院,93,True
14,1002740,病院,医療法人社団明芳会 イムス横浜東戸塚総合リハビリテーション病院,333,True
14,1003458,病院,西横浜国際総合病院,188,True
14,1003912,有床診療所,ソフィア横浜クリニック,19,True
14,1004670,病院,医療法人財団明理会 東戸塚記念病院,304,True
14,1004787,無床診療所,医療法人横浜未来ヘルスケアシステム 戸塚共立第１病院附属さくらクリニック,0,False
14,1004894,無床診療所,森クリニック,0,False
14,1005024,病院,ふれあい東戸塚ホスピタル,150,True
14,1005438,無床診療所,髙橋整形外科クリニック,0,False
14,1005529,無床診療所,いえまさ脳神経外科クリニック,0,False
14,1010016,病院,平成横浜病院,183,True
14,1010123,無床診療所,東戸塚脳神経外科クリニック,0,False
14,1010412,無床診療所,いしずえ整形外科,0,False
14,1011147,無床診療所,秋葉町ゆいクリニック,0,False
14,1011246,無床診療所,平野内科クリニック,0,False
14,1100478,病院,医療法人徳洲会 葉山ハートセンター,89,True
14,1200666,病院,宗教法人寒川神社 寒川病院,99,True
14,1310127,無床診療所,さくらさく診療所,0,False
14,1310143,病院,医療法人徳洲会 湘南大磯病院,312,True
14,1400985,病院,医療法人勝又 高台病院,310,True
14,1401215,有床診療所,山北中央診療所,19,False
14,1401223,無床診療所,医療法人 能清会 飛彈クリニック,0,False
14,1401256,病院,佐藤病院,30,True
14,1401363,無床診療所,医療法人 友会 白医院,0,False
14,1401504,病院,神奈川県立足柄上病院,290,True
14,1410059,無床診療所,まえかわクリニック,0,False
14,1410091,無床診療所,渥美医院,0,False
14,1410208,無床診療所,大井町クリニック,0,False
14,1500065,無床診療所,真鶴町国民健康保険診療所,0,False
14,1500545,病院,湯河原胃腸病院,108,True
14,1500586,病院,特定医療法人社団研精会 箱根リハビリテーション病院,109,True
14,1510049,病院,独立行政法人地域医療機能推進機構 湯河原病院,150,True
14,1600469,病院,愛川北部病院,150,True
14,1600485,無床診療所,八木クリニック,0,False
14,1900091,病院,国家公務員共済組合連合会 横須賀共済病院,740,True
14,1900653,無床診療所,神奈川みなみ医療生活協同組合 衣笠診療所,0,False
14,1901321,病院,社会福祉法人 日本医療伝道会 衣笠病院,198,False
14,1901354,病院,聖ヨゼフ病院,182,True
14,1902212,病院,横須賀市立市民病院,339,True
14,1903269,無床診療所,湘南内科医院,0,False
14,1904580,無床診療所,小磯診療所,0,False
14,1904770,病院,医療法人社団聖ルカ会 パシフィックホスピタル,300,True
14,1905363,無床診療所,医療法人 横圭会 武山加藤医院,0,False
14,1905587,無床診療所,ナーブ・ケア・クリニック,0,False
14,1906668,無床診療所,東洋ペインクリニック,0,False
14,1906973,無床診療所,医療法人社団 北久里浜脳神経外科,0,False
14,1910165,有床診療所,センペル湘南クリニック,19,True
14,1910280,病院,医療法人横浜未来ヘルスケアシステム よこすか浦賀病院,99,True
14,1910447,無床診療所,いしわた医院,0,False
14,1910967,無床診療所,汐入くまさん整形外科,0,False
14,1911353,病院,横須賀市立総合医療センター,444,True
14,1911395,有床診療所,久里浜横井クリニック,9,False
14,1911452,無床診療所,浦賀メディカルクリニック,0,False
14,1911460,病院,医療法人 徳洲会 湘南病院,227,False
14,2000016,病院,国家公務員共済組合連合会 平塚共済病院,400,True
14,2001188,病院,医療法人社団清風会 富士見台病院,305,False
14,2001451,病院,平塚市民病院,410,True
14,2001857,病院,医療法人社団水野会 平塚十全病院,220,True
14,2002327,無床診療所,瀬戸医院,0,False
14,2002343,無床診療所,倉田クリニック,0,False
14,2002749,無床診療所,医療法人 敬生会 横内中央医院,0,False
14,2003010,病院,くらた病院,79,True
14,2003283,無床診療所,わかもとクリニック,0,False
14,2003531,無床診療所,はまの内科・脳神経クリニック,0,False
14,2003549,病院,ふれあい平塚ホスピタル,125,True
14,2010056,無床診療所,かとう腎・泌尿器科クリニック,0,False
14,2010304,病院,社会福祉法人恩賜財団済生会支部神奈川県済生会 湘南平塚病院,176,True
14,2010452,無床診療所,こじま脳神経外科クリニック,0,False
14,2010791,無床診療所,平塚整形外科リウマチ科,0,False
14,2010916,無床診療所,鈴木外科内科医院,0,False
14,2010999,病院,医療法人研水会 高根台病院,236,False
14,2011021,無床診療所,平塚内科と呼吸のクリニック,0,False
14,2100246,病院,医療法人徳洲会 清川病院,198,True
14,2100600,病院,医療法人社団 南浜会 鈴木病院,125,True
14,2100840,病院,医療法人財団額田記念会 額田記念病院,58,True
14,2100857,病院,鎌倉リハビリテーション聖テレジア病院,128,True
14,2100865,病院,大船中央病院,247,True
14,2100907,病院,一般財団法人鎌倉病院,85,True
14,2100972,病院,医療法人 大樹会 ふれあい鎌倉ホスピタル,156,True
14,2102754,病院,医療法人 湘和会 湘南リハビリテーション病院,147,False
14,2103315,無床診療所,医療法人社団 明祐会 阿部脳神経外科,0,False
14,2103422,有床診療所,道躰クリニック梶原,19,True
14,2104669,病院,医療法人 徳洲会 湘南鎌倉総合病院,669,True
14,2104677,有床診療所,医療法人 徳洲会 湘南鎌倉人工関節センター,19,True
14,2104719,病院,鎌倉ヒロ病院,79,True
14,2110161,無床診療所,岩田整形クリニック,0,False
14,2110237,無床診療所,たかだ脳神経外科クリニック,0,False
14,2110583,無床診療所,医療法人社団メディカルフェニックス メディカルスキャニング大船,0,False
14,2110781,無床診療所,鎌倉脳神経ＭＲＩクリニック,0,False
14,2110831,無床診療所,かまくら脳神経外科,0,False
14,2200012,病院,医療法人 長谷川会 湘南ホスピタル,104,True
14,2201051,病院,一般財団法人 同友会 藤沢湘南台病院,320,True
14,2201689,病院,湘南中央病院,199,True
14,2201846,病院,医療法人徳洲会 山内病院,99,True
14,2202356,病院,藤沢病院,420,False
14,2202778,病院,藤沢市民病院,536,True
14,2203396,有床診療所,野中脳神経外科クリニック,19,True
14,2204089,無床診療所,近藤内科医院,0,False
14,2204501,無床診療所,医療法人社団 湘南斉藤クリニック,0,False
14,2204865,無床診療所,呉クリニック,0,False
14,2205193,無床診療所,藤沢市保健医療センター診療所,0,False
14,2205573,病院,藤沢御所見病院,154,True
14,2205953,無床診療所,ありあけ内科クリニック,0,False
14,2206175,無床診療所,小池クリニック,0,False
14,2206241,無床診療所,宮岡脳神経外科,0,False
14,2206647,無床診療所,村田会湘南台内科クリニック,0,False
14,2206845,病院,クローバーホスピタル,173,True
14,2207025,無床診療所,御所見総合クリニック,0,False
14,2207223,病院,医療法人社団 正拓会 湘南太平台病院,79,True
14,2208536,病院,医療法人徳洲会 湘南藤沢徳洲会病院,460,True
14,2210342,病院,藤沢脳神経外科病院,55,True
14,2210839,無床診療所,湘南鵠沼脳神経クリニック,0,False
14,2210888,病院,医療法人社団健育会 湘南慶育病院,250,True
14,2211134,無床診療所,医療法人慈誠会 かすが整形外科,0,False
14,2211399,無床診療所,医療法人社団放栄会 メディカルスキャニング藤沢,0,False
14,2211563,病院,村田会湘南大庭病院,99,True
14,2211613,無床診療所,医療法人知真会 湘南真心クリニック,0,False
14,2211688,病院,湘南第一病院,94,True
14,2212132,無床診療所,湘南ふかさわ鼠径ヘルニア大腸肛門外科クリニック,0,False
14,2212199,無床診療所,たんげ脳神経外科,0,False
14,2212223,無床診療所,辻堂脳神経・脊椎クリニック,0,False
14,2212538,無床診療所,ふじさわ北整形外科,0,False
14,2212611,無床診療所,湘南台脳神経外科クリニック,0,False
14,2212918,無床診療所,ふじさわ脳とからだのクリニック 脳神経外科・内科,0,False
14,2300036,病院,医療法人 小林病院,150,True
14,2300119,病院,医療法人 同愛会 小澤病院,202,True
14,2300143,病院,医療法人社団綾和会 間中記念御幸の浜リハビリテーション病院,90,False
14,2300788,病院,公益財団法人積善会 曽我病院,285,False
14,2300812,病院,小田原市立総合医療センター,406,False
14,2301075,病院,特定医療法人清輝会 国府津病院,250,False
14,2301125,病院,医療法人尽誠会 山近記念総合病院,140,True
14,2301398,病院,医療法人財団報徳会 西湘病院,102,True
14,2301869,病院,医療法人社団 帰陽会 丹羽病院,51,True
14,2302016,病院,医療法人邦友会 小田原循環器病院,97,True
14,2302412,無床診療所,螢田診療所,0,False
14,2302925,無床診療所,渡辺医院,0,False
14,2303402,無床診療所,渡辺消化器科クリニック,0,False
14,2303543,無床診療所,マナクリニック,0,False
14,2310084,無床診療所,お堀端クリニック,0,False
14,2310266,無床診療所,杏林堂クリニック,0,False
14,2310381,無床診療所,もてぎクリニック,0,False
14,2310456,無床診療所,小田原箱根健診クリニック,0,False
14,2310563,無床診療所,おだわら脳神経外科クリニック,0,False
14,2400034,病院,茅ヶ崎市立病院,401,True
14,2402196,病院,茅ケ崎中央病院,476,False
14,2402501,病院,湘南東部総合病院,327,True
14,2402733,無床診療所,山岡クリニック,0,False
14,2410066,病院,医療法人徳洲会 茅ヶ崎徳洲会病院,172,True
14,2410421,無床診療所,二階堂整形外科クリニック,0,False
14,2410520,無床診療所,はしもと脳神経外科クリニック,0,False
14,2410652,病院,医療法人社団湘南健友会 長岡病院,162,True
14,2410694,無床診療所,佐久間クリニック,0,False
14,2410835,無床診療所,ちがさき内視鏡と内科の総合クリニック,0,False
14,2410868,無床診療所,湘南いしぐろクリニック,0,False
14,2410884,病院,湘南さくら病院,156,False
14,2500866,病院,医療法人社団則天会 逗子病院,36,True
14,2500924,病院,医療法人社団柏信会 青木病院,97,True
14,2501484,無床診療所,山本メディカルセンター,0,False
14,2501781,無床診療所,みかべ脳神経外科クリニック,0,False
14,2510055,無床診療所,逗子脳神経外科クリニック,0,False
14,2600385,病院,医療法人社団相和会 渕野辺総合病院,181,True
14,2600393,病院,総合相模更生病院,199,True
14,2600757,病院,独立行政法人地域医療機能推進機構 相模野病院,212,True
14,2601482,病院,相模原友愛温泉病院,160,True
14,2601771,病院,医療法人社団蒼紫会 森下記念病院,86,True
14,2602076,病院,医療法人社団仁和会 さがみ仁和会病院,84,True
14,2602126,病院,北里大学病院,125,True
14,2603538,病院,医療法人社団仁恵会 黒河内病院,51,True
14,2603975,無床診療所,一般財団法人ヘルス・サイエンス・センター 相模大野クリニック,0,False
14,2603991,有床診療所,医療法人社団光生会 さがみ循環器クリニック,19,True
14,2604197,病院,相模原南病院,257,True
14,2604528,病院,医療法人財団 明理会 相原病院,126,True
14,2604866,有床診療所,田原メディカルクリニック,3,False
14,2604916,病院,相模原中央病院,157,True
14,2604940,病院,医療法人財団愛慈会 相和病院,312,True
14,2605004,無床診療所,医療法人社団 恭英会 相模原記念クリニック,0,False
14,2605400,病院,医療法人神奈川せいわ会 相模大野リハビリテーション病院,173,True
14,2605434,病院,医療法人 相愛会 相愛病院,122,True
14,2605475,無床診療所,医療法人社団 聡生会 阪クリニック,0,False
14,2606416,無床診療所,うめざわクリニック,0,False
14,2606887,病院,相模原赤十字病院,132,True
14,2606911,病院,医療法人社団悠心会 森田病院,99,True
14,2606945,無床診療所,医療法人 司命堂 梶原医院,0,False
14,2606978,病院,医療法人社団早雲会 相模湖病院,205,False
14,2607323,病院,医療法人社団 清伸会 ふじの温泉病院,472,True
14,2607687,無床診療所,ＪＡ健康管理センターさがみはら,0,False
14,2607935,無床診療所,正木クリニック相模大野,0,False
14,2608206,病院,丘整形外科病院,72,True
14,2608214,病院,晃友相模原病院,59,True
14,2608222,病院,広瀬病院,71,True
14,2608651,無床診療所,小田内科クリニック,0,False
14,2608719,無床診療所,大野台クリニック,0,False
14,2610681,無床診療所,脳と神経のクリニック橋本,0,False
14,2610889,無床診療所,星が丘整形外科リハビリテーションクリニック,0,False
14,2611184,無床診療所,医療法人知真会 相模原真心クリニック,0,False
14,2611317,無床診療所,相武台脳神経外科,0,False
14,2611333,病院,小松会病院,402,True
14,2611408,病院,神奈川県厚生農業協同組合連合会 相模原協同病院,394,True
14,2611515,無床診療所,かみみぞ中央診療所,0,False
14,2611572,無床診療所,にしもと脳神経外科クリニック,0,False
14,2611689,無床診療所,くろだ脳神経クリニック,0,False
14,2611747,無床診療所,脳神経外科 福島孝徳記念クリニック,0,False
14,2611788,無床診療所,さがみひまわりクリニック,0,False
14,2611796,病院,さがみ林間病院,199,True
14,2612190,無床診療所,うち内科・内視鏡クリニック,0,False
14,2612281,無床診療所,むかえ内科・内視鏡クリニック,0,False
14,2612349,病院,医療法人社団哺育会 さがみリハビリテーション病院,140,False
14,2612455,無床診療所,うのもり内科クリニック,0,False
14,2612471,無床診療所,ホームクリニック西橋本,0,False
14,2700037,病院,三浦市立病院,136,True
14,2700359,病院,福井記念病院,357,False
14,2710077,無床診療所,医療法人社団南州会 三浦メディカルクリニック,0,False
14,2800282,病院,医療法人杏林会 八木病院,94,True
14,2800340,病院,医療法人 丹沢病院,312,False
14,2800431,病院,秦野厚生病院,160,False
14,2800480,病院,秦野赤十字病院,296,True
14,2800548,病院,秦野病院,151,False
14,2800829,病院,医療法人社団三喜会 鶴巻温泉病院,494,True
14,2801314,病院,医療法人財団 青山会 みくるべ病院,276,False
14,2801421,無床診療所,さいとうクリニック,0,False
14,2801694,無床診療所,駅前神経内科,0,False
14,2801918,無床診療所,山門内科クリニック,0,False
14,2810463,無床診療所,東海大学前駅クリニック,0,False
14,2900116,病院,医療法人仁愛会 近藤病院,111,True
14,2900207,病院,仁厚会病院,131,True
14,2900751,病院,社会福祉法人神奈川県総合リハビリテーション事業団 神奈川リハビリテーション病院,324,True
14,2901148,病院,東名厚木病院,289,True
14,2901304,病院,相州病院,263,False
14,2901429,病院,医療法人社団 藤和会 厚木佐藤病院,184,True
14,2901601,無床診療所,とうめい厚木クリニック,0,False
14,2901817,病院,医療法人鉄蕉会 亀田森の里病院,60,True
14,2902153,有床診療所,米澤外科内科,19,True
14,2902211,無床診療所,神奈川県厚生農業協同組合連合会 ＪＡ健康管理センターあつぎ,0,False
14,2902468,病院,厚木市立病院,347,True
14,2902484,無床診療所,かんきクリニック,0,False
14,2902872,無床診療所,東名厚木メディカルサテライトクリニック,0,False
14,2902948,病院,医療法人徳洲会 湘南厚木病院,253,True
14,2902971,無床診療所,ひだかクリニック,0,False
14,2910081,無床診療所,つぐ脳神経外科・頭痛クリニック,0,False
14,2910131,無床診療所,医療法人社団ＳＫＹーＮＥＸ 鈴木内科クリニック,0,False
14,2910248,病院,神奈川中央病院,180,False
14,2910404,病院,医療法人社団葵会 ＡＯＩ七沢リハビリテーション病院,245,True
14,2910453,無床診療所,徳川ファミリークリニック,0,False
14,2910545,無床診療所,本厚木かかりつけクリニック,0,False
14,2910586,無床診療所,ヘルスケアクリニック厚木,0,False
14,2910594,無床診療所,のじ脳神経外科・しびれクリニック,0,False
14,2910784,無床診療所,医療法人社団放栄会 メディカルスキャニング本厚木,0,False
14,2910800,無床診療所,とうめい栄町クリニック,0,False
14,3000668,病院,大和市立病院,393,True
14,3000817,病院,医療法人正史会 大和病院,250,False
14,3001302,病院,医療法人徳洲会 大和徳洲会病院,248,True
14,3001765,無床診療所,医療法人社団 西鶴間メディカルクリニック,0,False
14,3002078,病院,医療法人社団 哺育会 桜ヶ丘中央病院,171,True
14,3002268,病院,大和成和病院,99,True
14,3002367,病院,南大和病院,140,True
14,3002474,無床診療所,林間クリニック,0,False
14,3002748,無床診療所,前川内科クリニック,0,False
14,3002854,病院,社会医療法人三栄会 中央林間病院,109,True
14,3003324,病院,みどり野リハビリテーション病院,136,True
14,3003464,無床診療所,藤沼内科クリニック,0,False
14,3003852,無床診療所,たなかクリニック,0,False
14,3010196,無床診療所,ライラッククリニック,0,False
14,3010386,無床診療所,医療法人社ＡＲＣＷＥＬＬ ＫＧ 山本クリニック,0,False
14,3010915,無床診療所,相模大塚ひだまり内科クリニック,0,False
14,3103314,病院,医療法人社団 成仁会 長田病院,97,True
14,3103439,病院,社会福祉法人恩賜財団済生会支部神奈川県済生会 横浜市南部病院,453,True
14,3103520,無床診療所,医療法人社団 厚済会 上大岡仁正クリニック,0,False
14,3104114,病院,医療法人裕徳会 港南台病院,77,True
14,3104312,無床診療所,医療法人 健生会 朝倉クリニック,0,False
14,3104429,病院,医療法人 健生会 朝倉病院,90,True
14,3105657,病院,神奈川県立精神医療センター,323,False
14,3105822,無床診療所,ないとうクリニック,0,False
14,3110061,無床診療所,たぐち脳神経クリニック,0,False
14,3110178,無床診療所,医療法人財団 あおば弘成会 上大岡診療所,0,False
14,3110202,病院,横浜医療福祉センター港南,170,True
14,3110228,無床診療所,港南中央医院,0,False
14,3110392,病院,医療法人社団仁明会 秋山脳神経外科病院,41,True
14,3110459,無床診療所,上永谷こう脳神経クリニック,0,False
14,3110475,病院,横浜東邦病院,96,True
14,3110590,無床診療所,かわぐち消化器内科,0,False
14,3110806,病院,医療法人裕徳会 よこはま港南台地域包括ケア病院,120,True
14,3111010,無床診療所,秋山脳神経外科クリニック,0,False
14,3111143,無床診療所,わたり脳神経外科・内科クリニック,0,False
14,3111226,無床診療所,横浜みなと呼吸器内科・内科クリニック,0,False
14,3111267,無床診療所,上大岡ＴＭクリニック,0,False
14,3200151,病院,あさひの丘病院,240,False
14,3201258,病院,公益財団法人積善会 日向台病院,299,False
14,3202520,病院,医療法人社団明芳会 横浜旭中央総合病院,515,True
14,3202702,病院,聖マリアンナ医科大学横浜市西部病院,502,True
14,3202736,病院,医療法人社団恵生会 上白根病院,150,True
14,3202744,病院,赤枝病院,199,True
14,3202769,病院,横浜療育医療センター,113,True
14,3202967,無床診療所,医療法人社団 一色外科胃腸科医院,0,False
14,3203205,病院,神奈川病院,113,False
14,3203312,無床診療所,安部医院,0,False
14,3203692,病院,横浜ほうゆう病院,215,False
14,3204005,無床診療所,上川井クリニック,0,False
14,3204013,無床診療所,医療法人想愛会 サンクリニック,0,False
14,3204237,病院,横浜鶴ヶ峰病院,108,True
14,3204294,無床診療所,横浜都岡脳神経外科,0,False
14,3204310,無床診療所,子安脳神経外科クリニック,0,False
14,3204542,病院,神奈川県立がんセンター,415,True
14,3204591,無床診療所,医療法人社団 東京石心会 新緑脳神経外科,0,False
14,3210333,無床診療所,あさひ脳神経内科・精神科クリニック,0,False
14,3210606,無床診療所,なんば内科ハートクリニック,0,False
14,3210762,病院,医療法人社団明芳会 イムス横浜旭リハビリテーション病院,120,False
14,3210895,無床診療所,あすかい内科,0,False
14,3303856,病院,医療法人社団東光会 牧野記念病院,183,False
14,3304029,病院,医療法人社団恵生会 竹山病院,64,True
14,3304920,病院,医療法人社団三喜会 横浜新緑総合病院,236,True
14,3304938,病院,医療法人社団元気会 横浜病院,270,True
14,3305687,病院,鴨居病院,150,True
14,3306271,無床診療所,福村内科,0,False
14,3306917,無床診療所,横浜ながつた内科・呼吸器クリニック,0,False
14,3310232,病院,横浜田園都市病院,375,True
14,3310430,無床診療所,ながつた脳神経外科,0,False
14,3310448,無床診療所,医療法人社団じあい会 メディカルスキャニング長津田,0,False
14,3310760,無床診療所,かもい脳神経クリニック,0,False
14,3310802,無床診療所,あいこ内科クリニック,0,False
14,3310851,無床診療所,長津田健診・透析クリニック,0,False
14,3401973,病院,医療法人社団美里会 瀬谷ふたつ橋病院,89,True
14,3402260,無床診療所,田村医院,0,False
14,3402427,病院,横浜甦生病院,81,True
14,3403151,病院,医療法人社団 哺育会 横浜相原病院,330,True
14,3410297,無床診療所,田川クリニック,0,False
14,3410354,無床診療所,瀬谷こやす脳神経クリニック,0,False
14,3500022,病院,国家公務員共済組合連合会 横浜栄共済病院,430,True
14,3500956,無床診療所,さくら脳神経クリニック,0,False
14,3510336,無床診療所,北村脳神経クリニック,0,False
14,3600368,病院,新中川病院,152,True
14,3600533,病院,社会福祉法人 親善福祉協会 国際親善総合病院,287,True
14,3600814,病院,横浜いずみ台病院,176,True
14,3601622,無床診療所,医療法人 順神会 ばんどうクリニック,0,False
14,3601648,病院,医療法人横浜未来ヘルスケアシステム 戸塚共立いずみ野病院,100,True
14,3601747,無床診療所,医療法人 順神会 横浜緑園丘の上クリニック,0,False
14,3610219,無床診療所,はきいクリニック,0,False
14,3610433,病院,ゆめが丘総合病院,156,True
14,3610474,無床診療所,湘南ゆめが丘 めのうクリニック 眼科・脳神経外科,0,False
14,3700549,病院,昭和医科大学 藤が丘病院,584,True
14,3700903,病院,医療法人社団明芳会 横浜新都市脳神経外科病院,317,True
14,3701026,病院,医療法人社団緑成会 横浜総合病院,268,True
14,3701083,無床診療所,高田内科胃腸科医院,0,False
14,3701299,病院,医療法人社団一成会 たちばな台病院,134,True
14,3701869,無床診療所,脇田整形外科,0,False
14,3702248,無床診療所,横浜青葉台クリニック,0,False
14,3702917,病院,医療法人社団 博慈会 青葉さわい病院,170,True
14,3703162,病院,医療法人社団明芳会 江田記念病院,229,True
14,3703774,無床診療所,あかね台眼科脳神経外科クリニック,0,False
14,3703998,無床診療所,横浜青葉脳神経外科クリニック,0,False
14,3704590,無床診療所,医療法人社団水聖会 メディカルスキャニングたまプラーザクリニック,0,False
14,3710365,無床診療所,田奈クリニック,0,False
14,3710522,病院,緑協和病院,145,True
14,3710563,病院,市ケ尾病院,120,False
14,3710829,無床診療所,横濱もえぎ野クリニック,0,False
14,3710993,無床診療所,青葉台脳神経クリニック,0,False
14,3711264,無床診療所,青葉台整形外科リウマチ科,0,False
14,3711611,無床診療所,たまプラーザはら内科・消化器クリニック,0,False
14,3711637,無床診療所,ＡＩプラスクリニックたまプラーザ,0,False
14,3711652,無床診療所,江田駅前内科外科クリニック,0,False
14,3711769,無床診療所,あおばの森内科クリニック,0,False
14,3711801,無床診療所,宮澤内科・呼吸器クリニック,0,False
14,3800141,病院,山本記念病院,131,True
14,3801255,病院,昭和医科大学横浜市北部病院,689,True
14,3801529,無床診療所,医療法人社団朝菊会 クリニック池辺,0,False
14,3801958,無床診療所,ヒューマントラストクリニックすずき,0,False
14,3802949,無床診療所,北山田クリニック,0,False
14,3810207,有床診療所,シティクリニック,2,True
14,3810348,無床診療所,港北エヌティークリニック,0,False
14,3810363,無床診療所,医療法人社団 放栄会 メディカルスキャニングセンター南 沼口雄治記念クリニック,0,False
14,3810397,無床診療所,ウェルケア はら脳神経内科,0,False
14,3810439,無床診療所,センター南脳神経外科クリニック,0,False
14,3810793,無床診療所,ＮＡＣＳクリニック,0,False
14,3810967,無床診療所,センター北 脳と皮ふのクリニック,0,False
14,4000204,病院,神奈川県厚生農業協同組合連合会 伊勢原協同病院,350,True
14,4000279,病院,東海大学医学部付属病院,804,True
14,4000493,無床診療所,伊勢原駅前クリニック,0,False
14,4000675,無床診療所,東内科医院,0,False
14,4010104,無床診療所,つづき脳神経外科・内科,0,False
14,4010179,無床診療所,湘南伊勢原クリニック,0,False
14,4010245,無床診療所,湯浅クリニック,0,False
14,4100087,病院,医療法人興生会 相模台病院,306,True
14,4100525,有床診療所,馬來内科胃腸外科,19,True
14,4100608,病院,医療法人社団一真会 座間厚生病院,48,True
14,4100723,無床診療所,医療法人社団 浅利クリニック,0,False
14,4100848,病院,医療法人神奈川せいわ会 相武台リハビリテーション病院,199,True
14,4110086,病院,社会医療法人ジャパンメディカルアライアンス 座間総合病院,352,True
14,4110128,有床診療所,くりはらメディカルクリニック,19,True
14,4200341,無床診療所,一般社団法人 海老名市医師会 海老名市急患診療所,0,False
14,4200499,病院,社会医療法人 ジャパンメディカルアライアンス 海老名総合病院,479,True
14,4200572,病院,さがみ野中央病院,96,True
14,4200853,病院,医療法人社団 神愛会 オアシス湘南病院,158,True
14,4201141,有床診療所,海老名耳鼻咽喉科クリニック,8,True
14,4201216,無床診療所,社会医療法人 ジャパンメディカルアライアンス 海老名メディカルプラザ,0,False
14,4201364,有床診療所,医療法人社団 厚成会 海老名ハートクリニック,19,True
14,4201398,病院,湘陽かしわ台病院,199,True
14,4210043,無床診療所,やまなかクリニック,0,False
14,4210464,無床診療所,えびな脳神経クリニック,0,False
14,4210597,無床診療所,海老名胃腸内科内視鏡クリニック,0,False
14,4210712,無床診療所,トータルケアガーデン湘南海老名クリニック,0,False
14,4300216,病院,医療法人社団明芳会 北小田原病院,345,True
14,4300562,病院,大内病院,53,True
14,4400206,病院,医療法人社団 柏綾会 綾瀬厚生病院,182,True
14,4410015,有床診療所,医療法人社団慈広会 矢崎胃腸外科,19,True
14,4410031,無床診療所,原クリニック,0,False
14,4410114,無床診療所,きくち総合診療クリニック,0,False
14,4410155,無床診療所,綾瀬藤沢原クリニック内科・内視鏡内科・整形外科,0,False
14,5000054,病院,川崎市立川崎病院,701,True
14,5000088,病院,医療法人愛仁会 太田総合病院,208,True
14,5000104,病院,総合新川橋病院,208,True
14,5000112,病院,医療法人社団和光会 総合川崎臨港病院,199,True
14,5000146,病院,医療法人誠医会 宮川病院,156,True
14,5000153,病院,恒春会 馬嶋病院,85,True
14,5001409,病院,川崎医療生活協同組合 川崎協同病院,267,True
14,5001532,病院,医療法人社団慶友会 第一病院,55,True
14,5002076,無床診療所,社会医療法人財団石心会 川崎クリニック,0,False
14,5003322,無床診療所,森田クリニック,0,False
14,5003348,病院,日本鋼管病院,347,True
14,5003553,無床診療所,鈴木医院,0,False
14,5003850,無床診療所,東扇島診療所,0,False
14,5004114,無床診療所,ゆざわ日航ビル診療所,0,False
14,5004155,病院,ＡＯＩ国際病院,328,True
14,5010327,無床診療所,あべクリニック,0,False
14,5010343,無床診療所,医療法人知真会 川崎真心クリニック,0,False
14,5100524,病院,医療法人社団 育成会 鹿島田病院,98,True
14,5101126,病院,社会医療法人財団石心会 川崎幸病院,326,True
14,5101357,有床診療所,医療法人社団 慶真会 川崎中央クリニック,19,True
14,5101647,無床診療所,医療法人社団はとりクリニック はとり内科循環器クリニック,0,False
14,5101746,有床診療所,医療法人社団 慶生会 生駒クリニック,5,True
14,5101928,病院,社会医療法人財団 石心会 川崎地域ケア病院,33,True
14,5101936,無床診療所,社会医療法人財団 石心会 川崎幸クリニック,0,False
14,5101993,無床診療所,社会医療法人財団 石心会 さいわい鹿島田クリニック,0,False
14,5102363,無床診療所,社会医療法人財団 石心会 アルファメディック・クリニック,0,False
14,5110135,無床診療所,社会医療法人財団石心会 第二川崎幸クリニック,0,True
14,5110580,無床診療所,医療法人社団 放栄会 メディカルスキャニング川崎,0,False
14,5110713,無床診療所,かしまだ頭痛 脳神経クリニック,0,False
14,5200019,病院,独立行政法人労働者健康安全機構 関東労災病院,610,True
14,5200050,病院,川崎市立井田病院,383,True
14,5201926,有床診療所,島脳神経外科整形外科医院,19,True
14,5202973,無床診療所,春原内科クリニック,0,False
14,5203682,無床診療所,富士通クリニック,0,False
14,5210570,無床診療所,医療法人社団じあい会 メディカルスキャニング武蔵小杉クリニック,0,False
14,5210729,無床診療所,医療法人社団健稜会 コスギコモンズクリニック,0,False
14,5210893,無床診療所,久保田クリニック,0,False
14,5210935,無床診療所,はなまるクリニック,0,False
14,5211107,病院,日本医科大学武蔵小杉病院,372,True
14,5211149,無床診療所,新城テラスクリニック,0,False
14,5211156,無床診療所,元住吉くろさき呼吸器内科クリニック,0,False
14,5211354,病院,京浜総合病院,140,True
14,5211511,無床診療所,新城そよかぜ内科・呼吸器内科,0,False
14,5211644,無床診療所,武蔵小杉今井仲町内科クリニック,0,False
14,5300249,病院,医療法人社団亮正会 総合高津中央病院,210,True
14,5300454,病院,国家公務員共済組合連合会 虎の門病院分院,300,True
14,5300744,病院,医療法人社団 輔仁会 片倉病院,30,True
14,5301585,無床診療所,梶ケ谷クリニック,0,False
14,5301635,病院,医療法人社団 ハートフル川崎病院,320,False
14,5301734,有床診療所,医療法人社団 亮友会 福住医院,11,True
14,5302385,無床診療所,金子整形外科,0,False
14,5302534,無床診療所,医療法人社団 田中クリニック,0,False
14,5310164,無床診療所,医療法人社団水聖会 メディカルスキャニング第二溝の口クリニック,0,False
14,5310271,病院,帝京大学医学部附属溝口病院,400,True
14,5310727,無床診療所,溝の口胃腸科・内科クリニック,0,False
14,5310891,無床診療所,溝の口脳神経外科クリニック,0,False
14,5400403,病院,医療法人新光会 生田病院,300,False
14,5401831,無床診療所,土屋医院,0,False
14,5402128,無床診療所,中野島診療所,0,False
14,5402276,有床診療所,出沢明ＰＥＤクリニック,6,True
14,5402565,病院,川崎市立多摩病院,376,True
14,5402631,無床診療所,大倉消化器科外科クリニック,0,False
14,5410238,無床診療所,多摩脳神経外科,0,False
14,5410733,無床診療所,医療法人社団じあい会 メディカルスキャニング向ヶ丘遊園,0,False
14,5411111,無床診療所,稲田堤駅前脳神経外科内科クリニック,0,False
14,5500087,病院,医療法人愛生会 有馬病院,69,True
14,5500236,病院,一般財団法人聖マリアンナ会 東横惠愛病院,297,False
14,5500293,病院,聖マリアンナ医科大学病院,955,True
14,5500863,無床診療所,小林外科胃腸科,0,False
14,5501911,無床診療所,さぎぬま脳神経クリニック,0,False
14,5502091,無床診療所,水沢クリニック,0,False
14,5510011,病院,医療法人 三星会 かわさき記念病院,300,False
14,5510573,無床診療所,宮前平脳神経外科クリニック,0,False
14,5510813,無床診療所,かい脳神経外科・救急クリニック,0,False
14,5600671,病院,医療法人社団晃進会 たま日吉台病院,199,True
14,5600713,無床診療所,医療法人社団 新百合ヶ丘龍クリニック,0,False
14,5601133,病院,医療法人社団 総生会 麻生総合病院,199,True
14,5601356,無床診療所,医療法人社団 神緑会 いしだクリニック,0,False
14,5601513,病院,医療法人社団 総生会 麻生リハビリ総合病院,180,True
14,5601893,病院,重症児・者福祉医療施設ソレイユ川崎,120,True
14,5602131,無床診療所,新百合ヶ丘ステーションクリニック,0,False
14,5602230,無床診療所,聖マリアンナ医科大学附属研究所 ブレストアンド イメージング先端医療センター附属クリニック,0,False
14,5602479,病院,医療法人社団 晃進会 川崎みどりの病院,120,True
14,5602545,病院,医療法人社団 三成会 新百合ヶ丘総合病院,563,True
14,5602610,有床診療所,渡辺クリニック,19,True
14,5610175,病院,柿生記念病院,270,True
14,5610225,無床診療所,王禅寺公園クリニック,0,False
14,5610233,病院,川崎田園都市病院,300,True
14,5610316,無床診療所,キウイファミリークリニック,0,False
14,5610415,無床診療所,医療法人社団じあい会 メディカルスキャニング新百合ヶ丘,0,False
14,5610803,無床診療所,ゆり腎泌尿器クリニック,0,False
14,5610811,無床診療所,しんゆり脳神経外科クリニック,0,False
14,9705682,病院,自衛隊横須賀病院,100,True
14,9802588,病院,横浜市立脳卒中・神経脊椎センター,300,True
14,9804360,無床診療所,横浜市総合保健医療センター診療所,0,True
14,9805821,病院,横浜市立みなと赤十字病院,624,True
14,9806662,無床診療所,横浜市スポーツ医科学センタークリニック,0,False
14,9811373,病院,横浜市立市民病院,624,True
14,9900010,病院,独立行政法人国立病院機構 神奈川病院,280,True
14,9900028,病院,独立行政法人国立病院機構 横浜医療センター,490,True
14,9900044,病院,独立行政法人国立病院機構 箱根病院,199,True
14,9900077,病院,独立行政法人国立病院機構 久里浜医療センター,277,True
14,9910043,病院,独立行政法人国立病院機構 相模原病院,458,True
15,0111204,病院,南浜病院,275,False
15,0111279,病院,松浜病院,350,False
15,0111519,病院,河渡病院,356,False
15,0112061,病院,佐潟公園病院,240,False
15,0112715,病院,新潟信愛病院,430,False
15,0114760,病院,とやの中央病院,160,True
15,0115544,病院,東新潟病院,182,True
15,0115668,病院,新潟中央病院,249,True
15,0116062,病院,新潟県立がんセンター新潟病院,367,True
15,0116146,有床診療所,医療法人社団 大森内科医院,19,True
15,0117078,無床診療所,一般社団法人 新潟県労働衛生医学協会 附属プラーカ検診センター,0,False
15,0117755,病院,聖園病院,40,True
15,0118829,無床診療所,医療法人社団 寛正会 松田内科呼吸器科クリニック,0,False
15,0118985,無床診療所,医療法人社団 朋有会 堀川内科・神経内科医院,0,False
15,0120015,無床診療所,東新潟健診プラザ,0,False
15,0120726,病院,新潟脳外科病院,168,True
15,0120734,病院,社会福祉法人 恩賜財団 済生会新潟病院,410,True
15,0120783,無床診療所,一般社団法人 新潟県労働衛生医学協会 新潟健診スクエア,0,False
15,0120965,無床診療所,医療法人社団 さとう内科クリニック,0,False
15,0121096,有床診療所,東京ハートリズムクリニック新潟,19,False
15,0121138,無床診療所,たきざわクリニック松浜,0,False
15,0121146,病院,社会医療法人 桑名恵風会 桑名病院,186,True
15,0121153,無床診療所,小山神経内科・内科クリニック,0,False
15,0121179,病院,黒埼病院,60,True
15,0121195,無床診療所,東ニイガタ友愛クリニック,0,False
15,0121237,病院,総合リハビリテーションセンター・みどり病院,261,False
15,0121435,無床診療所,脳神経・内科もてぎ医院,0,False
15,0121518,病院,新潟臨港病院,196,True
15,0121955,無床診療所,森川医院,0,False
15,0122052,無床診療所,ふせじま脳外科クリニック,0,False
15,0122094,病院,新津医療センター病院,174,True
15,0122243,病院,新潟白根総合病院,179,True
15,0122433,病院,白根大通病院,249,True
15,0122581,病院,新潟リハビリテーション病院,168,True
15,0122615,病院,厚生連 豊栄病院,199,True
15,0122730,病院,社会医療法人 愛仁会 亀田第一病院,197,True
15,0123068,無床診療所,医療法人社団 こんの脳神経クリニック,0,False
15,0123118,病院,一般社団法人 新潟県労働衛生医学協会 附属 岩室リハビリテーション病院,95,True
15,0123126,病院,白根緑ケ丘病院,275,False
15,0123225,病院,潟東けやき病院,100,True
15,0123282,無床診療所,五十嵐医院,0,False
15,0123290,無床診療所,医療法人社団 遠藤医院,0,False
15,0123316,病院,西蒲中央病院,166,True
15,0123381,無床診療所,医療法人社団 小林医院,0,False
15,0123662,無床診療所,松村醫院,0,False
15,0124074,病院,社会福祉法人新潟市社会事業協会 信楽園病院,325,True
15,0124165,無床診療所,こばりファミリークリニック,0,False
15,0124215,無床診療所,川名クリニック,0,False
15,0124231,無床診療所,せきやクリニック,0,False
15,0124637,無床診療所,医療法人社団 箕輪医院 東堀内科放射線科クリニック,0,False
15,0124652,病院,新潟市民病院,668,True
15,0124835,病院,医療法人社団白美会 新潟西蒲メディカルセンター病院,165,True
15,0124868,病院,猫山宮尾病院,66,True
15,0124967,無床診療所,新潟市急患診療センター,0,False
15,0124983,無床診療所,社会医療法人新潟勤労者医療協会 舟江診療所,0,False
15,0125162,病院,新潟県厚生農業協同組合連合会 新潟医療センター,265,False
15,0125444,無床診療所,県庁前神経内科クリニック,0,False
15,0125642,病院,新潟医療生活協同組合 木戸病院,312,True
15,0125865,病院,下越病院,261,True
15,0125899,無床診療所,おのクリニック,0,False
15,0126236,無床診療所,プラーカ中村クリニック,0,False
15,0126368,病院,社会医療法人新潟臨港保健会 新潟万代病院,52,True
15,0126483,無床診療所,新潟健診プラザ,0,False
15,0126673,無床診療所,たじま内科クリニック,0,False
15,0126871,無床診療所,こなん内科クリニック,0,False
15,0126988,無床診療所,舞平クリニック,0,False
15,0127002,病院,新潟南病院,177,True
15,0127226,無床診療所,脳神経内科・内科むさしクリニック,0,False
15,0127382,無床診療所,みらいクリニック南笹口,0,False
15,0127424,無床診療所,すぎうら内科医院,0,False
15,0127564,無床診療所,椿田医院,0,False
15,0127580,無床診療所,万代メディカルクリニック,0,False
15,0127598,無床診療所,あさがおクリニック,0,False
15,0127671,無床診療所,西新潟健診プラザ,0,False
15,0127739,無床診療所,どうやリハビリ整形外科,0,False
15,0127770,無床診療所,こうなんｆａｍｉｌｙクリニック,0,False
15,0127895,無床診療所,岡田整形外科,0,False
15,0127929,無床診療所,ポートクリニック好生堂,0,False
15,0128026,無床診療所,にいがた脳神経クリニック,0,False
15,0128075,無床診療所,できじまクリニック,0,False
15,0128166,無床診療所,太白会 田邉医院,0,False
15,0128257,無床診療所,みうらクリニック,0,False
15,0128406,無床診療所,おおるり脳外科クリニック,0,False
15,0210758,病院,長岡保養園,148,True
15,0210881,病院,吉田病院,125,True
15,0211145,病院,新潟県立精神医療センター,400,False
15,0211541,病院,田宮病院,385,False
15,0211848,無床診療所,渡辺医院,0,False
15,0212267,病院,長岡西病院,240,True
15,0212515,無床診療所,ながおか生協診療所,0,False
15,0212697,病院,悠遊健康村病院,300,True
15,0212721,病院,長岡赤十字病院,548,True
15,0213059,無床診療所,加藤クリニック,0,False
15,0213273,病院,三島病院,330,True
15,0213372,無床診療所,長岡市小国診療所,0,False
15,0213489,病院,新潟県厚生農業協同組合連合会 長岡中央綜合病院,500,False
15,0213745,無床診療所,長岡市国民健康保険寺泊診療所,0,False
15,0213836,無床診療所,長岡健康管理センター,0,False
15,0214263,病院,立川綜合病院,431,True
15,0214271,無床診療所,すずき脳神経クリニック,0,False
15,0214560,無床診療所,エールホームクリニック長岡,0,False
15,0214685,無床診療所,じゅん脳外科・内科,0,False
15,0310046,病院,高田西城病院,270,False
15,0310301,病院,川室記念病院,171,False
15,0310319,病院,知命堂病院,145,True
15,0311333,無床診療所,渡辺内科医院,0,False
15,0311515,無床診療所,斉藤医院,0,False
15,0311556,無床診療所,佐藤医院,0,False
15,0311697,無床診療所,上越地域総合健康管理センター,0,False
15,0311804,病院,新潟県立中央病院,524,True
15,0311838,無床診療所,くろきクリニック,0,False
15,0311846,無床診療所,ニュータウンクリニック塚田医院,0,False
15,0312034,病院,上越地域医療センター病院,197,True
15,0312190,病院,三交病院,144,False
15,0312265,無床診療所,大野内科医院,0,False
15,0312281,無床診療所,高井脳外科クリニック,0,False
15,0312372,無床診療所,服部外科医院,0,False
15,0312505,病院,新潟県立柿崎病院,55,True
15,0312828,無床診療所,さいとう診療所,0,False
15,0312851,病院,新潟県厚生農業協同組合連合会 上越総合病院,313,False
15,0313180,無床診療所,かなざわ内科クリニック,0,False
15,0313347,無床診療所,上越市役所前やまもとクリニック,0,False
15,0313453,無床診療所,上越妙高駅前みやざわクリニック,0,False
15,0313479,無床診療所,山田クリニック,0,False
15,0313511,無床診療所,はれまちクリニック,0,False
15,0410523,病院,社会医療法人嵐陽会 三之町病院,210,True
15,0410739,病院,済生会三条病院,120,True
15,0411067,病院,三条東病院,60,True
15,0411216,無床診療所,川瀬神経内科クリニック,0,False
15,0411372,病院,富永草野病院,100,True
15,0411497,病院,かもしか病院,120,True
15,0411638,病院,大島病院,240,False
15,0411745,無床診療所,さとう栄整形外科クリニック,0,False
15,0411778,無床診療所,むとう医院,0,False
15,0411919,無床診療所,燕三条すごろ脳脊髄クリニック,0,False
15,0411927,無床診療所,一般社団法人 新潟県労働衛生医学協会 県央健診スクエア,0,False
15,0411935,病院,社会福祉法人恩賜財団済生会 新潟県央基幹病院,396,True
15,0510777,病院,医療法人（財団）公仁会 柏崎中央病院,54,True
15,0510819,病院,柏崎厚生病院,300,True
15,0511205,病院,新潟県厚生農業協同組合連合会 柏崎総合医療センター,293,False
15,0511718,無床診療所,医療法人 さとう内科クリニック,0,False
15,0511841,無床診療所,医療法人社団 たむら脳外科クリニック,0,False
15,0511882,無床診療所,佐藤医院,0,False
15,0610767,病院,医療法人社団 有心会 有田病院,211,False
15,0611039,無床診療所,田中医院,0,False
15,0611328,病院,竹内病院,30,True
15,0611443,病院,北越病院,55,True
15,0611476,無床診療所,木島整形外科,0,False
15,0611567,無床診療所,阿部医院,0,False
15,0611799,病院,医療法人 愛広会 新発田リハビリテーション病院,240,True
15,0611930,無床診療所,大杉脳外科医院,0,False
15,0612003,病院,新潟県立新発田病院,515,True
15,0612029,無床診療所,たかはし脳外科皮フ科医院,0,False
15,0612094,無床診療所,一般財団法人 下越総合健康開発センター,0,False
15,0612250,無床診療所,城北クリニック,0,False
15,0612292,無床診療所,西新発田整形外科クリニック,0,False
15,0810466,病院,小千谷さくら病院,170,True
15,0810573,無床診療所,山本医院,0,False
15,0810599,病院,新潟県厚生農業協同組合連合会 小千谷総合病院,199,False
15,0910324,病院,新潟県立加茂病院,80,True
15,1010181,病院,新潟県立十日町病院,250,True
15,1010694,無床診療所,社会福祉法人 清津福祉会 上村診療所,0,False
15,1010702,無床診療所,メディカルフォレスト 十日町中央クリニック,0,False
15,1010744,無床診療所,新潟県厚生農業協同組合連合会 メンタルケア中条,0,False
15,1010751,無床診療所,ほり内科クリニック,0,False
15,1010777,無床診療所,新潟県立まつだい診療センター,0,False
15,1110494,病院,見附市立病院,94,True
15,1110700,無床診療所,お元気でクリニック,0,False
15,1210716,病院,医療法人 新光会 村上記念病院,60,True
15,1210948,病院,新潟県立坂町病院,99,True
15,1210971,病院,山北徳新会病院,60,True
15,1210997,無床診療所,荒川中央クリニック,0,False
15,1211003,無床診療所,佐野医院,0,False
15,1211193,病院,村上総合病院,199,True
15,1211235,無床診療所,肴町医科歯科医院,0,False
15,1310755,病院,新潟県立吉田病院,110,True
15,1311019,無床診療所,おばらクリニック,0,False
15,1311308,無床診療所,丹野神経内科クリニック,0,False
15,1510545,病院,厚生連 糸魚川総合病院,199,True
15,1510552,病院,アグリよしだ病院,60,True
15,1510693,無床診療所,能生国民健康保険診療所,0,False
15,1510883,無床診療所,ひめかわ美野クリニック,0,False
15,1610212,病院,厚生連 けいなん総合病院,120,True
15,1610543,病院,新潟県立妙高病院,47,True
15,1710376,無床診療所,医療法人社団六泉会 五泉六島クリニック,0,False
15,1710418,病院,五泉中央病院,170,True
15,1710632,病院,南部郷厚生病院,120,True
15,2110006,病院,脳神経センター阿賀野病院,137,True
15,2110162,病院,あがの市民病院,196,True
15,2110261,無床診療所,本田脳神経外科クリニック,0,False
15,2210483,病院,新潟県厚生農業協同組合連合会 佐渡総合病院,350,False
15,2210541,無床診療所,新潟県厚生農業協同組合連合会 南佐渡地域医療センター,0,False
15,2210566,有床診療所,佐渡市立相川診療所,19,True
15,2210590,病院,佐渡市立両津病院,60,True
15,2310127,病院,ほんだ病院,100,False
15,2310150,無床診療所,医療法人社団緑と清流の医療研究会 星内科医院,0,False
15,2310317,病院,国民健康保険魚沼市立小出病院,134,True
15,2410034,病院,五日町病院,183,False
15,2410075,病院,齋藤記念病院,98,True
15,2410158,無床診療所,萌気園二日町診療所,0,False
15,2410414,有床診療所,萌気園浦佐診療所,1,True
15,2410463,病院,新潟県地域医療推進機構魚沼基幹病院,450,False
15,2410497,病院,南魚沼市民病院,152,True
15,2410638,無床診療所,ゆきぐに大和診療所,0,False
15,2510064,病院,中条中央病院,90,True
15,2510155,病院,黒川病院,263,False
15,2510247,無床診療所,丹呉医院,0,False
15,5011607,病院,新潟手の外科研究所病院,50,True
15,5011615,病院,新潟聖籠病院,240,True
15,5310322,無床診療所,田上診療所,0,False
15,5310363,無床診療所,須田医院,0,False
15,5410130,病院,新潟県立津川病院,42,True
15,5811667,病院,町立湯沢病院,40,True
15,5910071,病院,町立津南病院,59,True
15,6010285,無床診療所,刈羽診療所かりわ消化器内科クリニック,0,False
15,8910011,病院,新潟大学医歯学総合病院,827,True
15,8910029,病院,独立行政法人国立病院機構 西新潟中央病院,380,True
15,8910045,病院,独立行政法人国立病院機構 新潟病院,350,True
15,8910086,病院,独立行政法人国立病院機構 さいがた医療センター,410,True
16,0110023,病院,富山県立中央病院,662,True
16,0112607,病院,富山医療生活協同組合富山協立病院,164,True
16,0113365,病院,横田記念病院,68,True
16,0113647,病院,富山市立 富山市民病院,476,True
16,0113811,病院,富山県リハビリテーション病院・こども支援センター,232,True
16,0114314,病院,いま泉病院,109,True
16,0114447,病院,不二越病院,56,True
16,0114637,病院,成和病院,40,True
16,0114686,病院,三輪病院,181,True
16,0115311,病院,藤の木病院,99,False
16,0115485,無床診療所,佐伯クリニック,0,False
16,0115600,病院,富山赤十字病院,401,True
16,0115667,病院,富山県済生会富山病院,250,True
16,0115683,病院,常願寺病院,120,False
16,0115790,病院,医療法人社団 和敬会 谷野呉山病院,292,False
16,0116020,病院,栗山病院,43,True
16,0116210,病院,清幸会島田病院,90,True
16,0116426,病院,長谷川病院,36,True
16,0116723,無床診療所,富山県健康増進センター,0,False
16,0117176,病院,おおやま病院,48,True
16,0117259,病院,友愛温泉病院,160,True
16,0117499,無床診療所,富山市医師会健康管理センター,0,False
16,0117523,無床診療所,吉田内科クリニック,0,False
16,0117663,無床診療所,豊田魚津クリニック,0,False
16,0117754,病院,西能みなみ病院,88,True
16,0117903,無床診療所,さくらニューロクリニック,0,False
16,0118000,無床診療所,医療法人社団 長森興南クリニック,0,False
16,0118067,有床診療所,三川クリニック,6,True
16,0118109,無床診療所,五福脳神経外科,0,True
16,0118117,有床診療所,医療法人社団若葉会 髙重記念クリニック,2,False
16,0118158,病院,アルペンリハビリテーション病院,60,True
16,0118166,無床診療所,アルペン室谷クリニック,0,False
16,0118216,無床診療所,はやしクリニック,0,False
16,0118299,無床診療所,塚本脳神経外科医院,0,False
16,0118315,無床診療所,ほおのき医院,0,False
16,0118513,病院,うおざきファミリー病院,51,True
16,0118539,無床診療所,整形外科センター西能クリニック,0,False
16,0118570,病院,野村病院,200,True
16,0118851,無床診療所,前川クリニック,0,False
16,0119255,病院,富山西総合病院,199,True
16,0119313,無床診療所,北陸予防医学協会とやま健診プラザ,0,False
16,0119412,病院,富山市立富山まちなか病院,50,True
16,0119701,無床診療所,いき内科クリニック,0,False
16,0119719,病院,みなみの星病院,40,True
16,0120048,無床診療所,八尾クリニック,0,False
16,0120055,病院,医療法人社団城南会 富山城南病院,166,True
16,0120139,無床診療所,ふじのき内科クリニック,0,False
16,0120261,病院,流杉病院,131,False
16,0210377,病院,富山県厚生農業協同組合連合会高岡病院,435,True
16,0210914,病院,高岡市民病院,337,True
16,0211888,病院,医療法人万葉病院,40,True
16,0211987,病院,独立行政法人地域医療機能推進機構 高岡ふしき病院,161,True
16,0211995,病院,医療法人光ケ丘病院,177,True
16,0212555,有床診療所,高陵クリニック,6,True
16,0212605,病院,富山県済生会高岡病院,251,True
16,0212670,病院,あさなぎ病院,53,True
16,0212829,無床診療所,沼内科医院,0,False
16,0212944,有床診療所,雨晴クリニック,19,True
16,0213082,無床診療所,林内科医院,0,False
16,0213165,無床診療所,斉藤外科小児科クリニック,0,False
16,0213181,有床診療所,市野瀬和田内科医院,19,True
16,0213231,無床診療所,泉脳神経外科医院,0,False
16,0213348,病院,医療法人社団整志会 沢田記念高岡整志会病院,70,True
16,0213397,病院,駅南あずさ病院,120,False
16,0213512,無床診療所,藤田内科クリニック,0,False
16,0213629,病院,サンバリー福岡病院,118,True
16,0213843,無床診療所,北陸予防医学協会高岡総合健診センター,0,False
16,0213876,病院,医療法人 高岡みなみハートセンター みなみの杜病院,95,True
16,0214106,無床診療所,赤祖父 どいクリニック,0,False
16,0214221,無床診療所,こいで内科脳神経クリニック,0,False
16,0410019,病院,独立行政法人労働者健康安全機構富山労災病院,247,True
16,0410555,病院,魚津病院,58,True
16,0410811,無床診療所,吉島内科クリニック,0,False
16,0410852,病院,魚津緑ヶ丘病院,140,False
16,0410936,無床診療所,浦田クリニック,0,False
16,0410993,病院,医療法人新川病院,60,True
16,0510586,病院,医療法人財団正友会中村記念病院,52,True
16,0510933,病院,金沢医科大学氷見市民病院,250,True
16,0610014,病院,富山県厚生農業協同組合連合会滑川病院,199,True
16,0710012,病院,黒部市民病院,368,True
16,0710319,病院,黒部温泉病院,80,True
16,0710350,病院,医療法人社団平成会桜井病院,118,True
16,0810010,病院,市立砺波総合病院,392,True
16,0810515,病院,あおい病院,96,True
16,0810523,病院,となみ三輪病院,50,True
16,0810556,病院,砺波サンシャイン病院,50,True
16,0910489,病院,公立学校共済組合 北陸中央病院,181,True
16,0910505,病院,つざわ津田病院,36,True
16,0910521,病院,太田病院,20,True
16,0910620,病院,西野内科病院,36,True
16,1610211,病院,かみいち総合病院,199,True
16,1610542,病院,藤木病院,60,True
16,1710623,病院,坂東病院,48,True
16,1710805,病院,入善セントラル病院,100,False
16,1710839,病院,あさひ総合病院,109,True
16,1710870,病院,丸川病院,38,True
16,1910686,無床診療所,富川クリニック,0,False
16,1910702,病院,大島くるみ病院,99,True
16,1910769,病院,真生会 富山病院,99,True
16,1910918,無床診療所,佐野内科クリニック,0,False
16,1911049,病院,射水市民病院,199,True
16,1911148,無床診療所,木戸クリニック,0,False
16,1911155,無床診療所,中新湊内科クリニック,0,False
16,1911163,無床診療所,矢野医院,0,False
16,1911312,無床診療所,赤江クリニック,0,False
16,1911437,無床診療所,医療法人社団 北林クリニック,0,False
16,1911502,病院,姫野病院,40,False
16,1911528,無床診療所,医療法人社団 尾島クリニック,0,False
16,2010395,病院,南砺市民病院,175,True
16,2010817,病院,公立南砺中央病院,104,True
16,2010833,無床診療所,南砺家庭・地域医療センター,0,False
16,2010882,有床診療所,吉岡整形外科,19,True
16,8010019,病院,独立行政法人国立病院機構富山病院,275,True
16,8010027,病院,独立行政法人国立病院機構北陸病院,272,True
16,8010035,病院,国立大学法人富山大学附属病院,604,True
17,0110063,病院,岡部病院,287,False
17,0110600,病院,金沢聖霊総合病院,60,True
17,0110816,病院,かないわ病院,185,False
17,0111145,病院,国家公務員共済組合連合会 北陸病院,125,True
17,0111186,病院,金沢市立病院,306,True
17,0111327,病院,公益社団法人石川勤労者医療協会 城北病院,292,True
17,0112333,病院,金沢赤十字病院,243,True
17,0112846,病院,社会医療法人財団松原愛育会 松原病院,425,True
17,0113786,病院,石川県立中央病院,630,True
17,0113877,病院,金沢西病院,166,True
17,0114073,無床診療所,一般財団法人石川県予防医学協会 予防医学クリニック,0,False
17,0114420,病院,医療法人社団映寿会 みらい病院,150,True
17,0114982,病院,大手町病院,220,True
17,0115450,無床診療所,横浜外科整形外科医院,0,False
17,0115591,病院,整形外科米澤病院,72,True
17,0116094,無床診療所,山本脳神経外科医院,0,False
17,0116284,病院,医療法人社団浅ノ川 心臓血管センター金沢循環器病院,184,True
17,0116680,無床診療所,土原医院,0,False
17,0116722,有床診療所,辻整形外科クリニック,19,True
17,0116821,無床診療所,いしぐろ脳神経・整形外科クリニック,0,False
17,0116995,病院,木島病院,88,True
17,0117068,病院,石川県済生会金沢病院,260,True
17,0117126,無床診療所,福島医院,0,False
17,0117142,病院,青和病院,130,False
17,0117167,病院,安田内科病院,70,True
17,0117340,病院,医療法人社団金沢 宗広病院,54,True
17,0117423,病院,十全病院,256,False
17,0117621,病院,医療法人社団浅ノ川 桜ヶ丘病院,424,False
17,0117910,病院,すずみが丘病院,92,True
17,0118041,病院,独立行政法人地域医療機能推進機構金沢病院,248,True
17,0118231,病院,医療法人社団浅ノ川 浅ノ川総合病院,499,True
17,0118249,病院,医療法人社団浅ノ川 千木病院,400,True
17,0119536,病院,金沢有松病院,140,True
17,0119767,病院,医療法人社団和宏会 敬愛病院,180,True
17,0119791,無床診療所,上荒屋クリニック,0,False
17,0119890,無床診療所,金沢春日クリニック,0,False
17,0120187,無床診療所,金沢メディカルステーション ヴィーク,0,False
17,0120427,病院,林病院,164,True
17,0121169,病院,社会医療法人財団董仙会 恵寿金沢病院,89,True
17,0121243,無床診療所,池野内科クリニック,0,False
17,0121342,無床診療所,むねとおなか伊藤醫院,0,False
17,0121425,病院,伊藤病院,28,True
17,0121722,無床診療所,こしの内科クリニック,0,False
17,0122324,病院,金沢古府記念病院,99,True
17,0122399,有床診療所,尾張町たかたクリニック,18,True
17,0122449,無床診療所,えぐち内科,0,False
17,0122571,無床診療所,スコール金沢 健診ステーション,0,False
17,0122746,無床診療所,金沢消化器内科・内視鏡クリニック 金沢駅前院,0,False
17,0123173,無床診療所,いりたに内科かかりつけクリニック,0,False
17,0123181,無床診療所,もりのさと整形外科クリニック,0,False
17,0123207,無床診療所,たが整形外科クリニック,0,False
17,0210160,病院,医療法人松原会 七尾松原病院,130,False
17,0210319,病院,社会医療法人財団董仙会 恵寿総合病院,386,True
17,0210939,病院,北村病院,24,True
17,0211044,有床診療所,森クリニック,19,True
17,0211242,病院,公立能登総合病院,434,True
17,0211374,無床診療所,口医院,0,False
17,0310929,病院,特定医療法人社団勝木会 やわたメディカルセンター,200,True
17,0311307,有床診療所,田谷泌尿器科医院,18,True
17,0311364,病院,国民健康保険 小松市民病院,340,True
17,0311414,病院,医療法人社団東野会東野病院,42,True
17,0311562,病院,森田病院,99,True
17,0311729,無床診療所,まだら園クリニック,0,False
17,0311786,病院,岡本病院,38,True
17,0311810,無床診療所,医療法人社団 中川外科医院,0,False
17,0311984,病院,医療法人社団 澄鈴会 粟津神経サナトリウム,263,False
17,0312230,病院,小松ソフィア病院,48,True
17,0312263,病院,医療法人社団 松陽 東 病院,33,True
17,0312404,有床診療所,湯浅医院,19,True
17,0410448,無床診療所,医療法人社団きのした きのしたクリニック,0,False
17,0410513,病院,市立輪島病院,147,True
17,0510361,病院,珠洲市総合病院,115,True
17,0610534,病院,久藤総合病院,166,True
17,0610781,有床診療所,板谷医院,19,True
17,0611243,無床診療所,宮本医院,0,False
17,0611417,無床診療所,山中温泉ぬくもり診療所,0,False
17,0611425,病院,加賀市医療センター,300,True
17,0611441,病院,加賀こころの病院,184,False
17,0710292,病院,公立羽咋病院,166,True
17,0710607,無床診療所,ひきしまクリニック,0,False
17,0710706,無床診療所,すこやか整形外科医院,0,False
17,1311389,有床診療所,ののいち白山醫院,19,True
17,1311405,病院,医療法人社団 浅ノ川 金沢脳神経外科病院,220,True
17,1311520,有床診療所,舩木医院,19,True
17,1311686,病院,南ケ丘病院,120,True
17,1311793,無床診療所,金沢消化器内科・内視鏡クリニック野々市中央院,0,False
17,1311801,無床診療所,ののいちメディカルクリニック,0,False
17,1410165,病院,公立河北中央病院,60,True
17,1410363,病院,金沢医科大学病院,807,True
17,1410694,病院,内灘温泉病院,80,True
17,1411353,病院,みずほ病院,79,True
17,1510485,病院,町立富来病院,60,True
17,1510568,病院,町立宝達志水病院,70,True
17,1710176,病院,公立穴水総合病院,100,True
17,1710606,病院,公立宇出津総合病院,90,True
17,1710655,無床診療所,社会医療法人財団董仙会 恵寿鳩ヶ丘クリニック,0,False
17,2110004,病院,石川県立こころの病院,400,False
17,2110012,病院,医療法人社団芙蓉会 二ツ屋病院,138,True
17,2110293,無床診療所,おきの内科医院,0,False
17,2210127,病院,公立松任石川中央病院,305,True
17,2210283,有床診療所,あさがおクリニック,11,True
17,2210556,病院,新村病院,47,True
17,2210614,病院,公立つるぎ病院,152,True
17,2210846,無床診療所,福留クリニック,0,False
17,2310109,病院,公益社団法人石川勤労者医療協会 寺井病院,55,True
17,2310190,病院,医療法人社団和楽仁 芳珠記念病院,183,True
17,2310265,病院,国民健康保険 能美市立病院,100,True
17,8010018,病院,独立行政法人国立病院機構 金沢医療センター,554,True
17,8010042,病院,独立行政法人国立病院機構 医王病院,310,True
17,8010067,病院,独立行政法人国立病院機構 石川病院,215,True
17,8010083,病院,独立行政法人国立病院機構 七尾病院,214,True
17,8010091,病院,国立大学法人 金沢大学附属病院,830,True
18,0117059,病院,福井県立病院,733,True
18,0117075,病院,公益財団法人 松原病院,222,False
18,0117117,病院,福井赤十字病院,477,True
18,0117133,病院,福仁会病院,249,True
18,0117323,病院,医療法人 初生会 福井中央クリニック,47,True
18,0117539,病院,福井循環器病院,161,True
18,0117711,病院,岩井病院,200,True
18,0118297,病院,藤田記念病院,48,True
18,0118909,病院,福井県済生会病院,412,True
18,0118933,病院,つくし野病院,69,True
18,0119204,病院,安川病院,80,True
18,0119352,有床診療所,あすわクリニック,19,False
18,0119469,有床診療所,福井はやし整形外科,19,False
18,0119840,病院,嶋田病院,117,True
18,0119949,病院,冨永病院,42,True
18,0120277,病院,こころの森病院,96,False
18,0120384,病院,医療法人 慈豊会 田中病院,148,True
18,0120418,病院,医療法人 福井愛育病院,102,True
18,0120434,病院,大滝病院,132,True
18,0120756,病院,さくら病院,63,True
18,0120772,病院,光陽生協病院,57,True
18,0120814,有床診療所,大森整形外科リウマチ科,19,True
18,0120855,病院,福井県立すこやかシルバー病院,100,False
18,0121150,無床診療所,柏原脳神経クリニック,0,False
18,0121390,病院,福井総合病院,315,True
18,0121408,有床診療所,福井総合クリニック,19,True
18,0121416,有床診療所,佐藤整形形成外科,19,False
18,0121630,有床診療所,山内整形外科,19,True
18,0121796,有床診療所,安土整形外科医院,19,True
18,0122133,病院,奥村病院,33,True
18,0122190,無床診療所,たわらまち整形外科・内科クリニック,0,False
18,0122513,病院,福井厚生病院,199,True
18,0122554,無床診療所,清水内科循環器医院,0,False
18,0122737,無床診療所,はやせ脳神経頭痛クリニック,0,False
18,0214070,病院,市立敦賀病院,281,True
18,0214120,病院,医療法人 敦賀温泉病院,110,False
18,0214211,病院,泉ヶ丘病院,116,True
18,0214476,病院,医療法人積善会 猪原病院,111,False
18,0214526,無床診療所,医療法人 くまがい内科クリニック,0,False
18,0214765,無床診療所,せきクリニック,0,False
18,0214880,無床診療所,泉ヶ丘病院附属 かなわクリニック,0,False
18,0214930,無床診療所,こもれび診療所,0,False
18,0314151,病院,医療法人 相木病院,34,True
18,0314383,病院,医療法人 林病院,199,True
18,0314557,病院,池端病院,30,True
18,0314581,病院,医療法人 笠原病院,71,True
18,0314599,病院,社会医療法人 財団 中村病院,185,True
18,0314649,有床診療所,東武内科外科クリニック,19,True
18,0314771,病院,一般財団法人 今立中央病院,32,True
18,0314797,無床診療所,医療法人 佐々木医院,0,False
18,0314938,有床診療所,岩堀メディカルオフィス,19,True
18,0315182,有床診療所,越前たけふウィメンズライフクリニック,18,False
18,0414068,病院,杉田玄白記念 公立小浜病院,453,True
18,0414274,病院,田中病院,60,True
18,0514180,病院,広瀬病院,41,True
18,0514313,病院,阿部病院,37,True
18,0514347,病院,医療法人 キラキラ会 松田病院,49,True
18,0514354,病院,医療法人 清翔会 尾崎病院,40,True
18,0614246,病院,独立行政法人地域医療機能推進機構 福井勝山総合病院,195,True
18,0614253,病院,たけとう病院,135,False
18,0614295,無床診療所,木下医院,0,False
18,0614303,有床診療所,芳野医院,19,True
18,0714111,病院,高村病院,63,True
18,0714426,病院,高野病院,34,True
18,0714483,病院,木村病院,229,True
18,0714582,病院,公立丹南病院,179,True
18,0714624,病院,広瀬病院,126,True
18,0714723,病院,斎藤病院,69,True
18,0714954,無床診療所,谷川内科クリニック,0,False
18,0810133,病院,加納病院,40,True
18,0810190,病院,木村病院,133,True
18,1714268,病院,藤田神経内科病院,40,True
18,1714649,無床診療所,西野医院,0,False
18,1714870,無床診療所,藤井医院,0,False
18,1715034,有床診療所,医療法人 中瀬整形外科医院,19,True
18,1715133,病院,宮﨑病院,60,True
18,1715208,病院,坂井市立三国病院,97,True
18,1715323,病院,春江病院,137,True
18,1715356,無床診療所,向坂内科医院,0,False
18,1914116,無床診療所,南越前町 河野診療所,0,False
18,1914124,有床診療所,南越前町国民健康保険 今庄診療所,19,True
18,2014288,病院,越前町国民健康保険織田病院,55,True
18,2314019,病院,独立行政法人地域医療機能推進機構 若狭高浜病院,90,True
18,2314175,有床診療所,おおい町保健・医療・福祉総合施設 診療所,19,True
18,2410023,病院,レイクヒルズ美方病院,100,True
18,2410049,無床診療所,千葉医院,0,False
18,2410122,病院,嶺南こころの病院,170,False
18,2410130,有床診療所,若狭町国民健康保険上中診療所,19,True
18,8010017,病院,独立行政法人 国立病院機構 敦賀医療センター,220,True
18,8010033,病院,独立行政法人 国立病院機構 あわら病院,172,True
18,8010058,病院,福井大学医学部附属病院,600,True
19,0104163,無床診療所,東甲府医院,0,False
19,0104411,無床診療所,日原内科小児科医院,0,False
19,0105566,無床診療所,内藤内科小児科医院,0,False
19,0111812,病院,甲府共立病院,283,True
19,0112398,病院,山梨県立中央病院,644,True
19,0112869,病院,医療法人小宮山会 貢川整形外科病院,53,True
19,0112935,病院,医療法人慈光会 甲府城南病院,298,True
19,0112984,病院,医療法人八香会 湯村温泉病院,190,True
19,0113131,病院,医療法人慶友会 城東病院,55,True
19,0113156,病院,医療法人社団篠原会 甲府脳神経外科病院,70,True
19,0114055,無床診療所,医療法人立星会 ほしの内科クリニック,0,False
19,0114246,無床診療所,あきやま医院,0,False
19,0114451,病院,市立甲府病院,399,True
19,0114485,病院,恵信甲府病院,150,True
19,0114634,無床診療所,山梨県厚生連健康管理センター,0,False
19,0115011,無床診療所,医療法人仁明会 ながまつ医院,0,False
19,0115334,無床診療所,医療法人陽明会 小林医院,0,False
19,0115524,無床診療所,けやき通り整形外科,0,False
19,0115722,病院,独立行政法人地域医療機能推進機構 山梨病院,168,True
19,0115797,無床診療所,しまづ脳神経クリニック,0,False
19,0116050,無床診療所,三神医院,0,False
19,0116076,無床診療所,おおくにクリニック,0,False
19,0116233,無床診療所,末木内科医院,0,False
19,0116365,無床診療所,たかやま整形外科,0,False
19,0210176,病院,公益財団法人山梨厚生会 山梨厚生病院,471,True
19,0210275,病院,加納岩総合病院,160,True
19,0210572,病院,山梨市立牧丘病院,24,True
19,0610649,無床診療所,峡南医療センター企業団 市川三郷診療所,0,False
19,0710027,病院,身延町早川町国民健康保険病院一部事務組合立飯富病院,60,True
19,0710449,病院,公益財団法人身延山病院,80,True
19,0711116,病院,医療法人桃花会 しもべ病院,68,True
19,0711199,病院,峡南医療センター企業団 富士川病院,148,True
19,0811221,病院,医療法人武川会 武川病院,45,True
19,0910015,病院,韮崎市国民健康保険 韮崎市立病院,155,True
19,0910304,病院,山梨県立北病院,188,False
19,0910551,無床診療所,秋山脳外科,0,False
19,0910734,病院,恵信韮崎病院,64,True
19,1110029,病院,医療法人回生堂病院,220,False
19,1110342,病院,都留市立病院,126,True
19,1110474,病院,ツル虎ノ門整形外科・リハビリテーション病院,37,True
19,1110516,有床診療所,東桂メディカルクリニック,19,False
19,1201208,無床診療所,ささき頭痛・脳神経クリニック,0,False
19,1210886,病院,国民健康保険 富士吉田市立病院,310,True
19,1211116,無床診療所,医療法人和顔会 くわざわクリニック,0,False
19,1211132,無床診療所,富士吉田医師会臨床検査センター,0,False
19,1310553,病院,山梨赤十字病院,264,True
19,1311064,無床診療所,はらクリニック,0,False
19,1411005,無床診療所,医療法人陽明会 初狩クリニック,0,False
19,1411039,病院,地方独立行政法人 大月市立中央病院,184,True
19,1600144,有床診療所,青沼整形外科,19,True
19,1610028,病院,特定医療法人南山会 峡西病院,204,False
19,1610069,病院,巨摩共立病院,101,True
19,1610341,病院,高原病院,42,True
19,1610358,病院,医療法人弘済会 宮川病院,41,True
19,1610424,病院,医療法人徳洲会 白根徳洲会病院,199,True
19,1700712,無床診療所,内科・呼吸器内科 保坂クリニック,0,False
19,1710117,病院,赤坂台病院,100,True
19,1710190,病院,医療法人社団慈成会 三枝病院,96,True
19,1710562,病院,恵信リハビリテーション病院,92,True
19,1710687,無床診療所,医療法人なゆた会 おかべ内科・神経内科クリニック,0,False
19,1711008,無床診療所,保坂メディカルクリニック,0,False
19,1810016,病院,医療法人石和温泉病院,187,True
19,1810024,病院,石和共立病院,99,True
19,1810065,病院,医療法人桃花会 一宮温泉病院,104,True
19,1810115,病院,医療法人銀門会 甲州リハビリテーション病院,180,True
19,1810313,病院,山梨リハビリテーション病院,135,True
19,1810321,病院,一般財団法人山梨整肢更生会 富士温泉病院,161,True
19,1810339,病院,春日居総合リハビリテーション病院,200,True
19,1810362,病院,医療法人社団 協友会 笛吹中央病院,150,True
19,1810560,無床診療所,弦間医院,0,False
19,1910162,病院,北杜市立 塩川病院,108,True
19,1910196,病院,北杜市立甲陽病院,122,True
19,2010236,病院,上野原市立病院,135,True
19,2110028,病院,独立行政法人国立病院機構 甲府病院,276,True
19,2110952,病院,山梨大学医学部附属病院,610,True
19,2210059,病院,公益財団法人山梨厚生会 塩山市民病院,161,True
19,2210315,無床診療所,みわペイン痛みのクリニック,0,False
19,2210331,無床診療所,あさり脳神経クリニック,0,False
19,2300173,無床診療所,若葉クリニック,0,False
19,2310214,無床診療所,医療法人社団 篠原会 甲府脳神経外科病院附属 山梨ＰＥＴ画像診断クリニック,0,False
20,0114250,無床診療所,轟医院,0,False
20,0114276,無床診療所,磯村クリニック,0,False
20,0114300,無床診療所,鈴木医院,0,False
20,0114383,無床診療所,脳神経外科ＡーＯＮＥクリニック,0,False
20,0114706,無床診療所,いちかわ内科クリニック,0,False
20,0116313,病院,長野県立総合リハビリテーションセンター,80,True
20,0117063,病院,長野赤十字病院,652,True
20,0117162,病院,医療法人公生会 竹重病院,42,True
20,0117246,病院,長野県厚生農業協同組合連合会 長野松代総合病院,356,True
20,0117345,病院,長野県厚生農業協同組合連合会 南長野医療センター篠ノ井総合病院,418,True
20,0117360,病院,医療法人鶴賀会 鶴賀病院,368,False
20,0117436,病院,長野医療生活協同組合 長野中央病院,322,True
20,0117451,病院,医療法人博和会 上松病院,160,False
20,0117469,無床診療所,医療法人樹会 小林医院,0,False
20,0117493,病院,医療法人信愛会 田中病院,39,True
20,0117709,無床診療所,医療法人 宮沢医院,0,False
20,0117725,病院,医療法人健成会 小林脳神経外科病院,50,True
20,0117733,無床診療所,ながの県庁前クリニック,0,False
20,0117840,病院,小島病院,77,True
20,0117873,無床診療所,岡田内科,0,False
20,0118020,有床診療所,医療法人 鈴木泌尿器科,19,True
20,0118053,無床診療所,医療法人 廣岡脳神経外科,0,False
20,0118095,有床診療所,南十字脳神経外科,19,True
20,0118251,病院,長野市民病院,400,True
20,0118269,病院,医療法人愛和会 愛和病院,64,True
20,0118301,有床診療所,伊勢宮腎臓内科クリニック,19,True
20,0118376,病院,東口病院,39,True
20,0118392,無床診療所,医療法人大和真田会 ましまクリニック,0,False
20,0118491,有床診療所,クリニックコスモス長野,19,True
20,0118574,無床診療所,医療法人みすゞ会 星のさとクリニック 水野医院,0,False
20,0118707,無床診療所,竹内メディカルクリニック,0,False
20,0118715,無床診療所,なかじま内科・呼吸器内科クリニック,0,False
20,0118806,病院,北野病院,35,True
20,0118939,病院,長野県厚生農業協同組合連合会 長野松代総合病院附属若穂病院,120,True
20,0118947,無床診療所,ＪＡ長野厚生連 長野ＰＥＴ・画像診断センター,0,False
20,0119135,無床診療所,長野整形外科クリニック,0,False
20,0119200,病院,長野県厚生農業協同組合連合会 南長野医療センター新町病院,140,True
20,0119218,無床診療所,医療法人 清水会 更水医院,0,False
20,0119549,病院,朝日ながの病院,161,True
20,0119556,病院,山田記念朝日病院,48,True
20,0119663,無床診療所,脳とからだのくらしまクリニック,0,False
20,0119879,病院,ナカジマ外科病院,48,True
20,0119929,無床診療所,西和田林クリニック,0,False
20,0119937,病院,栗田病院,727,True
20,0217103,病院,藤森病院,64,True
20,0217111,病院,社会医療法人城西医療財団 城西病院,199,True
20,0217160,病院,医療法人 和心会 松南病院,239,True
20,0217236,病院,社会医療法人抱生会 丸の内病院,199,True
20,0217244,病院,社会医療法人財団 慈泉会 相澤病院,456,True
20,0217285,無床診療所,松本市医師会検査健診センター診療所,0,False
20,0217293,病院,医療法人青雲会 倉田病院,178,False
20,0217319,病院,松本協立病院,199,True
20,0217335,病院,医療法人心泉会 上條記念病院,93,True
20,0217590,無床診療所,医療法人 喜生会 塩ノ﨑医院,0,False
20,0217756,病院,一之瀬脳神経外科病院,77,True
20,0218069,無床診療所,医療法人 岡野医院,0,False
20,0218226,病院,松本中川病院,82,True
20,0218275,病院,松本市立病院,193,True
20,0218606,無床診療所,さくら血管病クリニック,0,False
20,0218747,無床診療所,整形外科・リハビリテーション科 うすいクリニック,0,False
20,0218994,無床診療所,うえの内科・脳神経内科クリニック,0,False
20,0317069,病院,医療法人健救会 柳澤病院,98,False
20,0317077,病院,医療法人健静会 上田病院,72,True
20,0317085,病院,医療法人慈善会 安藤病院,218,True
20,0317150,病院,医療法人友愛会 千曲荘病院,230,False
20,0317184,病院,医療法人共和会 塩田病院,47,True
20,0317200,病院,医療法人健和会 小林脳神経外科・神経内科病院,88,True
20,0317267,無床診療所,上田生協診療所,0,False
20,0317309,有床診療所,医療法人慈修会 上田腎臓クリニック,19,True
20,0317499,無床診療所,はやし内科クリニック,0,False
20,0317531,無床診療所,こさとクリニック,0,False
20,0317614,無床診療所,長野県厚生農業協同組合連合会 鹿教湯三才山 リハビリテーションセンター鹿教湯病院附属豊殿診療所,0,False
20,0317689,病院,丸子中央病院,199,True
20,0317705,有床診療所,医療法人秀栄会 岸医院,19,True
20,0317713,病院,長野県厚生農業協同組合連合会 鹿教湯三才山リハビリテーションセンター鹿教湯病院,475,True
20,0317770,無床診療所,さなだクリニック,0,False
20,0317895,無床診療所,下形整形外科クリニック,0,False
20,0317978,無床診療所,日比優一クリニック,0,False
20,0317994,無床診療所,あおぞらクリニック,0,False
20,0318281,無床診療所,いでうら呼吸器内科・耳鼻咽喉科・消化器内科医院,0,False
20,0417026,病院,岡谷市民病院,295,True
20,0417067,病院,医療法人研成会 諏訪湖畔病院,245,True
20,0417141,病院,祐愛病院,49,True
20,0417273,無床診療所,尾澤内科・脳神経内科クリニック,0,False
20,0417281,無床診療所,さくら並木クリニック,0,False
20,0517023,病院,飯田市立病院,403,True
20,0517064,病院,社会医療法人栗山会 飯田病院,424,True
20,0517205,病院,健和会病院,189,True
20,0517288,病院,菅沼病院,22,True
20,0517296,病院,輝山会記念病院,199,True
20,0517379,病院,瀬口脳神経外科病院,63,True
20,0517650,無床診療所,まるやまファミリークリニック,0,False
20,0517825,無床診療所,南信州ハートクリニック,0,False
20,0611032,無床診療所,小島クリニック,0,False
20,0617039,病院,諏訪赤十字病院,455,True
20,0617278,無床診療所,清水クリニック,0,False
20,0617328,無床診療所,高林内科呼吸器クリニック,0,False
20,0617534,無床診療所,あるがクリニック,0,False
20,0617567,無床診療所,山口整形外科,0,False
20,0716013,病院,長野県立信州医療センター,285,True
20,0717052,病院,医療法人公仁会 轟病院,99,True
20,0717227,無床診療所,ごみょう整形外科クリニック,0,False
20,0810394,無床診療所,東小諸クリニック,0,False
20,0817084,病院,長野県厚生農業協同組合連合会 浅間南麓こもろ医療センター,246,True
20,0817191,無床診療所,医療法人 栁泉会 栁橋脳神経外科,0,False
20,0817282,無床診療所,鳥山クリニック,0,False
20,0817332,有床診療所,医療法人山月会 小諸医院,19,True
20,0917082,病院,医療法人保健同人会 田中病院,68,True
20,0917157,病院,医療法人暁会 仁愛病院,167,True
20,0917207,無床診療所,医療法人 幸仁会 田畑内科医院,0,False
20,0917231,無床診療所,下條医院,0,False
20,0917249,無床診療所,医療法人 碧水会 春日医院,0,False
20,0917363,病院,伊那中央病院,394,True
20,0917447,無床診療所,伊那市国保美和診療所,0,False
20,0917496,無床診療所,長野県厚生農業協同組合連合会 富士見高原医療福祉センター みすず診療所,0,False
20,0917512,無床診療所,久保田内科クリニック,0,False
20,0917546,無床診療所,長野県厚生農業協同組合連合会 富士見高原医療福祉センター西箕輪診療所,0,False
20,1016025,病院,長野県立こころの医療センター駒ヶ根,129,False
20,1017080,病院,昭和伊南総合病院,300,True
20,1017213,無床診療所,まえやま内科胃腸科クリニック,0,False
20,1017320,無床診療所,医療法人公仁会 前澤外科内科クリニック,0,False
20,1117047,病院,長野県厚生農業協同組合連合会 北信総合病院,419,True
20,1117179,病院,医療法人聖峰会 佐藤病院,120,True
20,1217029,病院,市立大町総合病院,195,True
20,1317035,病院,飯山赤十字病院,274,True
20,1317167,無床診療所,いいやまファミリークリニック,0,False
20,1417017,病院,組合立諏訪中央病院,360,True
20,1417215,無床診療所,医療法人こまくさ会 池田医院,0,False
20,1417470,無床診療所,ライフクリニック蓼科,0,False
20,1417595,無床診療所,よねざわ伊藤クリニック,0,False
20,1517022,病院,医療法人元山会 中村病院,56,True
20,1517048,病院,医療法人 雄久会 塩尻病院,40,True
20,1517147,病院,医療法人社団敬仁会 桔梗ケ原病院,145,False
20,1517154,病院,塩尻協立病院,99,True
20,1517204,無床診療所,今井医院,0,False
20,1517253,病院,松本歯科大学病院,31,True
20,1517394,無床診療所,かもいクリニック,0,False
20,1517436,無床診療所,はま内科呼吸器クリニック,0,False
20,1710932,無床診療所,フルタ クリニック,0,False
20,1717077,病院,医療法人三世会 金澤病院,82,True
20,1717150,病院,くろさわ病院,83,True
20,1717275,無床診療所,医療法人アレックス 佐久平整形外科クリニック,0,False
20,1717283,病院,長野県厚生農業協同組合連合会 佐久総合病院,275,True
20,1717291,病院,医療法人 雨宮病院,54,True
20,1717317,無床診療所,つつみハートクリニック,0,False
20,1717325,病院,川西赤十字病院,84,True
20,1717341,病院,佐久市立国保 浅間総合病院,199,True
20,1717390,無床診療所,小林内科クリニック,0,False
20,1717408,無床診療所,医療法人 都甲クリニック,0,False
20,1717523,病院,長野県厚生農業協同組合連合会 佐久総合病院 佐久医療センター,450,True
20,1717671,無床診療所,三木クリニック,0,False
20,1717705,無床診療所,のざわ整形外科,0,False
20,1717804,無床診療所,わかば内科クリニック,0,False
20,1810310,無床診療所,いなりやまクリニック,0,False
20,1817018,病院,稲荷山医療福祉センター,80,True
20,1817026,病院,社会医療法人大西会 千曲中央病院,195,True
20,1817109,無床診療所,医療法人社団豊栄会 とよき内科,0,False
20,1817117,無床診療所,安川整形外科クリニック,0,False
20,1817182,病院,長野寿光会 上山田病院,240,True
20,1817331,無床診療所,けんたろう脳神経外科,0,False
20,1917040,有床診療所,医療法人緑風会 祢津診療所,19,True
20,1917123,病院,東御市民病院,60,True
20,2017220,病院,長野県厚生農業協同組合連合会 佐久総合病院小海分院,99,True
20,2017238,病院,佐久穂町立千曲病院,79,True
20,2117012,病院,軽井沢町国民健康保険 軽井沢病院,103,True
20,2117160,病院,軽井沢西部総合病院,116,False
20,2117236,無床診療所,栁澤医院,0,False
20,2117418,無床診療所,下村クリニック軽井沢,0,False
20,2117442,無床診療所,エムズクリニック中軽井沢,0,False
20,2217358,病院,国民健康保険 依田窪病院,140,True
20,2317091,病院,諏訪共立病院,110,True
20,2317109,病院,長野県厚生農業協同組合連合会 富士見高原医療福祉センター 富士見高原病院,161,True
20,2317208,病院,信濃医療福祉センター,127,True
20,2317307,無床診療所,あいざわ内科循環器クリニック,0,False
20,2417354,病院,町立辰野病院,100,True
20,2417537,病院,上伊那生協病院,164,True
20,2417636,無床診療所,長野県厚生農業協同組合連合会 富士見高原医療福祉センター 両小野診療所,0,False
20,2511016,無床診療所,尾地内科呼吸器科クリニック,0,False
20,2516031,病院,長野県立阿南病院,52,True
20,2517187,病院,下伊那赤十字病院,62,True
20,2517559,病院,長野県厚生農業協同組合連合会 下伊那厚生病院,73,True
20,2616054,病院,長野県立木曽病院,145,True
20,2617169,無床診療所,医療法人 原内科医院,0,False
20,2717126,無床診療所,医療法人社団 玉井会 玉井医院,0,False
20,2917064,病院,長野県厚生農業協同組合連合会 北アルプス医療センターあづみ病院,324,True
20,2917114,無床診療所,小谷村国民健康保険 小谷村診療所,0,False
20,2917148,無床診療所,長野県厚生農業協同組合連合会 北アルプス医療センター白馬診療所,0,False
20,2917197,無床診療所,しんたにクリニック,0,False
20,3210154,無床診療所,岡野医院,0,False
20,3217068,病院,特定医療法人 新生病院,155,True
20,3317181,無床診療所,安部医院,0,False
20,3417239,病院,飯綱町立飯綱病院,103,True
20,3417247,病院,信越病院,52,False
20,4010306,無床診療所,根津内科医院,0,False
20,4010322,有床診療所,高橋医院,8,True
20,4010454,無床診療所,こばやし内科クリニック,0,False
20,4010488,無床診療所,山田医院,0,False
20,4017046,病院,長野県立こども病院,193,True
20,4017053,病院,安曇野赤十字病院,306,True
20,4017061,病院,豊科病院,140,False
20,4017137,無床診療所,医療法人 篠﨑医院豊科診療所,0,False
20,4017152,病院,医療法人仁雄会 穂高病院,127,True
20,4017285,無床診療所,須澤クリニック,0,False
20,4017392,有床診療所,柏原クリニック,19,True
20,4017582,無床診療所,烏川脳神経科,0,False
20,4017632,無床診療所,おひさまクリニック,0,False
20,4017640,無床診療所,いけだ内科・脳神経内科クリニック,0,False
20,4017673,無床診療所,とよしな内科クリニック,0,False
20,5110089,無床診療所,新田ブレインクリニック,0,False
20,5110220,無床診療所,中村医院,0,False
20,5110246,無床診療所,医療法人社団温心会 東和田クリニック,0,False
20,5110253,無床診療所,矢彦沢内科・脳神経クリニック,0,False
20,5110287,無床診療所,さかいざわクリニック,0,False
20,5110337,無床診療所,サンマリーンクリニック,0,False
20,8010013,病院,国立大学法人 信州大学医学部附属病院,698,True
20,8010062,病院,独立行政法人国立病院機構 信州上田医療センター,420,True
20,8010070,病院,独立行政法人国立病院機構 まつもと医療センター,458,True
20,8010088,病院,独立行政法人国立病院機構 東長野病院,219,True
20,8010112,病院,独立行政法人国立病院機構 小諸高原病院,340,True
21,0100118,病院,公益社団法人岐阜病院,478,False
21,0102197,病院,医療法人香風会 黒野病院,250,False
21,0102551,病院,岐阜赤十字病院,279,True
21,0103971,病院,近石病院,125,True
21,0104169,病院,医療法人社団双樹会 早徳病院,100,True
21,0104276,病院,医療法人社団志朋会 加納渡辺病院,34,True
21,0104896,病院,医療法人社団幸紀会 安江病院,60,True
21,0105174,病院,医療法人社団誠広会 平野総合病院,187,True
21,0105190,病院,医療法人社団永寿会 大橋整形外科病院,110,True
21,0105281,病院,医療法人社団慈朋会 澤田病院,190,True
21,0105612,病院,朝日大学病院,381,True
21,0106230,病院,河村病院,315,True
21,0106271,病院,山内ホスピタル,115,True
21,0106289,病院,笠松病院,88,True
21,0106677,無床診療所,あんどう内科クリニック,0,False
21,0106727,無床診療所,杉浦内科,0,False
21,0107063,病院,操外科病院,35,True
21,0107394,有床診療所,操健康クリニック,19,True
21,0107758,有床診療所,芥見診療所,19,True
21,0107790,病院,岐阜市民病院,555,True
21,0107808,無床診療所,くらまえ診療所,0,False
21,0108210,有床診療所,梅田クリニック,19,False
21,0108228,無床診療所,加納内科クリニック,0,False
21,0108368,無床診療所,新美クリニック,0,False
21,0108814,無床診療所,医療法人社団正芳会 細野医院,0,False
21,0108897,無床診療所,森田整形外科,0,False
21,0109499,無床診療所,たけだ内科クリニック,0,False
21,0109564,無床診療所,かとう泌尿器科・内科クリニック,0,False
21,0109838,無床診療所,はやし内科クリニック,0,False
21,0109853,無床診療所,なかたにクリニック,0,False
21,0110000,無床診療所,加藤脳神経外科クリニック,0,False
21,0110133,有床診療所,松岡整形外科・内科リハビリテーション,19,True
21,0110554,病院,医療法人生友会 柳津病院,45,True
21,0110745,無床診療所,ＭＩＷＡ内科胃腸内科・内視鏡ＣＬＩＮＩＣ,0,False
21,0110927,病院,医療法人和光会 山田病院,113,True
21,0110935,無床診療所,医療法人和光会 山田メディカルクリニック,0,False
21,0110976,無床診療所,おのぎクリニック,0,False
21,0111230,病院,岐阜ハートセンター,120,True
21,0111438,病院,岐阜県総合医療センター,620,True
21,0111545,有床診療所,大橋・谷 整形外科,19,False
21,0111552,無床診療所,一般社団法人ぎふ綜合健診センター,0,False
21,0111602,病院,岩砂病院・岩砂マタニティ,132,True
21,0111651,無床診療所,さごうクリニック,0,False
21,0112014,無床診療所,いまいずみクリニック,0,False
21,0112410,病院,岐阜清流病院,363,True
21,0112444,無床診療所,大野整形外科クリニック,0,False
21,0112675,無床診療所,岐阜なかの内科・内視鏡クリニック,0,False
21,0112683,無床診療所,えんや内科・糖尿病クリニック,0,False
21,0112717,無床診療所,なかうずらクリニック,0,False
21,0112832,無床診療所,くわたクリニック,0,False
21,0113053,病院,千手堂病院,50,True
21,0113103,無床診療所,川出内科クリニック,0,False
21,0113111,無床診療所,関谷内科外科クリニック,0,False
21,0113194,無床診療所,にしぎふ整形外科リハビリクリニック,0,False
21,0113269,病院,みどり病院,99,True
21,0113301,無床診療所,ぎふ頭痛 脳神経クリニック,0,False
21,0113343,無床診療所,いわい整形外科 脊椎とリハビリのクリニック,0,False
21,0113582,無床診療所,いちはしメディカルクリニック,0,False
21,0113657,無床診療所,みどりファミリークリニック,0,False
21,0113665,無床診療所,谷村クリニック,0,False
21,0200777,病院,医療法人香徳会 関中央病院,150,True
21,0200942,病院,岐阜県厚生農業協同組合連合会 中濃厚生病院,495,True
21,0201064,無床診療所,早川医院,0,False
21,0201122,無床診療所,平岡医院,0,False
21,0201395,無床診療所,さわやか内科クリニック,0,False
21,0201411,無床診療所,臼井ハツラツクリニック,0,False
21,0300320,病院,美濃市立美濃病院,122,True
21,0400039,病院,羽島市民病院,271,True
21,0500721,病院,公立学校共済組合 東海中央病院,304,True
21,0501000,病院,医療法人秀幸会 横山病院,20,True
21,0501695,無床診療所,村井医院,0,False
21,0501703,無床診療所,いでぐち医院,0,False
21,0501752,無床診療所,永井内科消化器科,0,False
21,0501786,無床診療所,酒井クリニック,0,False
21,0501851,無床診療所,医療法人社団恒仁会 田中クリニック,0,False
21,0501885,病院,医療法人杏野会 各務原病院,157,False
21,0501968,無床診療所,佐々木クリニック,0,False
21,0502107,無床診療所,そはら永田クリニック,0,False
21,0502289,病院,各務原リハビリテーション病院,118,True
21,0502412,有床診療所,フェニックス総合クリニック,19,True
21,0502560,無床診療所,ひろせ腎・泌尿器科クリニック,0,False
21,0502636,無床診療所,あちわ内科胃腸科,0,False
21,0502719,無床診療所,なかハートクリニック,0,False
21,0502768,無床診療所,二宮医院,0,False
21,0502776,無床診療所,いまいクリニック,0,False
21,0502859,無床診療所,東海内科・内視鏡クリニック 岐阜各務原院,0,False
21,0502883,無床診療所,さくら胃腸科内科クリニック,0,False
21,0502925,無床診療所,各務原まつおクリニック,0,False
21,0502966,無床診療所,あさの内科,0,False
21,0600539,病院,愛生病院,117,True
21,0600570,病院,松波総合病院,501,True
21,0601057,無床診療所,北田内科クリニック,0,False
21,0601206,無床診療所,サンライズ健康管理クリニック,0,False
21,0601370,無床診療所,けやきクリニック,0,False
21,0601438,無床診療所,ひらたクリニック,0,False
21,0601461,無床診療所,岐南ハートと呼吸のクリニック,0,False
21,0701188,無床診療所,鹿野クリニック,0,False
21,0701238,有床診療所,医療法人若葉会 さとうファミリークリニック,18,True
21,0701287,無床診療所,野口整形外科内科医院,0,False
21,0800188,病院,岐阜県厚生農業協同組合連合会 岐阜・西濃医療センター 岐北厚生病院,262,True
21,0800360,無床診療所,宇野クリニック,0,False
21,0800402,無床診療所,あらいクリニック,0,False
21,0800501,無床診療所,鳥沢クリニック,0,False
21,1000119,病院,医療法人春陽会 慈恵中央病院,395,False
21,1000747,病院,社会医療法人白鳳会 鷲見病院,120,True
21,1000994,病院,県北西部地域医療センター国保白鳥病院,46,True
21,1001091,病院,郡上市民病院,144,True
21,1001133,有床診療所,県北西部地域医療センター国保和良診療所,8,False
21,1001208,無床診療所,医療法人社団福寿会 石井医院,0,False
21,1001257,無床診療所,医療法人新生会 八幡医院,0,False
21,1100505,病院,社会医療法人厚生会 多治見市民病院,250,True
21,1101131,有床診療所,浜田浅井医院,13,False
21,1101420,有床診療所,幸クリニック,19,True
21,1101529,病院,タジミ第一病院,50,True
21,1101560,病院,岐阜県立多治見病院,539,True
21,1101644,無床診療所,医療法人知真会 伊藤内科,0,False
21,1101842,無床診療所,はら内科クリニック,0,False
21,1101925,有床診療所,多治見スマートクリニック,12,True
21,1200156,病院,中部脳リハビリテーション病院,150,True
21,1200214,病院,医療法人清仁会 のぞみの丘ホスピタル,300,False
21,1200578,無床診療所,堀部医院,0,False
21,1200792,病院,太田病院,89,True
21,1200867,無床診療所,うえだクリニック,0,False
21,1200966,病院,中部国際医療センター,502,True
21,1200974,無床診療所,一般財団法人岐阜健康管理センター すこやかクリニック,0,False
21,1201006,無床診療所,西田醫院,0,False
21,1300626,病院,医療法人白水会 白川病院,124,True
21,1300873,無床診療所,小林クリニック,0,False
21,1300931,無床診療所,濃飛ファミリークリニック,0,False
21,1300964,無床診療所,カブチ山田クリニック,0,False
21,1300972,無床診療所,和知すこやかクリニック,0,False
21,1300980,無床診療所,医療法人知真会 さかほぎ内科クリニック,0,False
21,1301012,有床診療所,伊佐治医院,19,True
21,1400616,病院,桃井病院,75,True
21,1400673,無床診療所,アカシクリニック,0,False
21,1500589,病院,総合病院中津川市民病院,316,True
21,1500696,病院,医療法人社団日新会 城山病院,80,True
21,1501058,無床診療所,深谷医院,0,False
21,1501223,無床診療所,にしおクリニック,0,False
21,1501306,無床診療所,やまだ内科クリニック,0,False
21,1501314,有床診療所,中津川市国民健康保険 坂下診療所,19,True
21,1600298,病院,大湫病院,308,False
21,1600868,無床診療所,わだ内科外科クリニック,0,False
21,1600975,無床診療所,東濃中央クリニック,0,False
21,1601031,無床診療所,うちむら内科外科クリニック,0,False
21,1700700,無床診療所,恵那ファミリークリニック,0,False
21,1700726,無床診療所,医療法人恵雄会 井口ハートクリニック,0,False
21,1700775,病院,市立恵那病院,199,True
21,1700809,病院,国民健康保険上矢作病院,56,True
21,1700981,無床診療所,安部医院,0,False
21,1800898,無床診療所,河合クリニック,0,False
21,1800922,病院,社会医療法人聖泉会 聖十字病院,196,False
21,1801037,無床診療所,土岐内科クリニック,0,False
21,1801110,病院,高井病院,60,True
21,1801185,病院,公立東濃中部医療センター,400,False
21,2100629,病院,医療法人静風会 大垣病院,346,True
21,2100827,病院,大垣市民病院,817,True
21,2102047,有床診療所,市川外科,19,True
21,2102054,無床診療所,松岡内科クリニック,0,False
21,2102088,有床診療所,大垣整形外科,19,True
21,2102138,病院,医療法人社団正和会 馬渕病院,52,True
21,2102161,病院,大垣中央病院,60,True
21,2102294,無床診療所,林メディカルクリニック,0,False
21,2102419,無床診療所,倉橋クリニック,0,False
21,2102476,病院,名和病院,106,True
21,2102948,無床診療所,井口クリニック,0,False
21,2103086,無床診療所,沼口医院,0,False
21,2103326,無床診療所,渡辺内科クリニック,0,False
21,2103391,病院,医療法人徳洲会 大垣徳洲会病院,283,True
21,2103417,無床診療所,馬渕消化器内科クリニック,0,False
21,2103540,無床診療所,いはらクリニック,0,False
21,2103789,無床診療所,大井内科クリニック,0,False
21,2103938,無床診療所,和田医院,0,False
21,2104043,無床診療所,かなもり内科・消化器内科クリニック,0,False
21,2200395,無床診療所,稲田クリニック,0,False
21,2200478,病院,海津市医師会病院,99,True
21,2200536,無床診療所,医療法人重和会 伊藤内科・神経科,0,False
21,2200676,無床診療所,おおや内科循環器科,0,False
21,2300112,病院,岐阜県厚生農業協同組合連合会 岐阜・西濃医療センター 西美濃厚生病院,130,True
21,2300534,無床診療所,船戸クリニック,0,False
21,2400243,病院,医療法人清澄会 不破ノ関病院,307,False
21,2400565,無床診療所,和田内科胃腸科,0,False
21,2400581,無床診療所,浅野医院,0,False
21,2400631,有床診療所,関ヶ原クリニック,5,False
21,2400698,病院,博愛会病院,281,True
21,2400722,有床診療所,国保関ケ原診療所,19,True
21,2500562,有床診療所,田中医院,19,True
21,2500661,無床診療所,安八診療所,0,False
21,2500745,有床診療所,山中ジェネラルクリニック,19,True
21,2500802,無床診療所,荒川医院,0,False
21,2600727,病院,医療法人社団橘会 新生病院,96,True
21,2600933,無床診療所,小森内科クリニック,0,False
21,2601279,無床診療所,ゆり形成内科整形おおの,0,False
21,2601295,無床診療所,クリニック ラポール,0,False
21,2601311,無床診療所,社会福祉法人 浩仁会 ファミリークリニックやひろ,0,False
21,2601386,病院,岐阜県厚生農業協同組合連合会 岐阜・西濃医療センター 西濃厚生病院,400,True
21,2700485,病院,高山赤十字病院,375,True
21,2701152,無床診療所,医療法人宗峰会 清水医院,0,False
21,2701517,病院,須田病院,261,False
21,2701855,無床診療所,医療法人万裕会 さもりファミリークリニック,0,False
21,2701913,病院,岐阜県厚生農業協同組合連合会 飛騨医療センター 久美愛厚生病院,296,True
21,2701939,無床診療所,ひだ高山整形外科,0,False
21,2702077,無床診療所,おおさかクリニック,0,False
21,2800939,有床診療所,下呂市立小坂診療所,5,True
21,2801085,病院,下呂市立金山病院,50,True
21,2801093,病院,岐阜県立下呂温泉病院,196,True
21,3100016,病院,独立行政法人地域医療機能推進機構 可児とうのう病院,184,True
21,3100156,病院,医療法人馨仁会 藤掛病院,59,True
21,3100438,病院,東可児病院,180,True
21,3100479,無床診療所,堀澤医院,0,False
21,3100933,病院,濃成病院,60,True
21,3101006,無床診療所,くろだ胃腸科内科,0,False
21,3101337,無床診療所,いけやまクリニック,0,False
21,3200071,無床診療所,国枝医院,0,False
21,3200238,有床診療所,名和内科,2,True
21,3200311,無床診療所,さくらクリニック,0,False
21,3200337,無床診療所,みずほクリニック,0,False
21,3200360,無床診療所,朝日大学医科歯科医療センター,0,False
21,3300012,病院,社団医療法人古川病院,20,True
21,3300137,病院,国民健康保険飛騨市民病院,81,True
21,3300251,無床診療所,医療法人社団厚洋会 垣内クリニック,0,False
21,3400093,無床診療所,まくわ内科・整形外科・スポーツクリニック,0,False
21,3400143,無床診療所,本巣市国民健康保険根尾診療所,0,False
21,3400333,無床診療所,えさきクリニック,0,False
21,9806442,病院,岐阜大学医学部附属病院,614,True
21,9900062,病院,独立行政法人国立病院機構長良医療センター,327,True
22,0110165,病院,医療法人社団健育会 熱川温泉病院,199,True
22,0110207,無床診療所,医療法人慈愛会 石田医院,0,False
22,0110249,病院,医療法人社団健育会 西伊豆健育会病院,36,True
22,0110306,病院,医療法人社団康心会 康心会伊豆東部病院,160,True
22,0110363,病院,公益社団法人地域医療振興協会 伊豆今井浜病院,100,True
22,0110405,無床診療所,西伊豆町安良里診療所,0,False
22,0110413,無床診療所,市之瀬診療所,0,False
22,0160145,病院,医療法人社団辰五会 ふれあい南伊豆ホスピタル,248,False
22,0210080,有床診療所,河井医院,11,True
22,0210221,病院,下田メディカルセンター,126,True
22,0210262,有床診療所,のぞみ記念 下田循環器・腎臓クリニック,15,True
22,0210270,無床診療所,伊豆ライフサポートクリニック,0,False
22,0310062,病院,伊豆赤十字病院,84,True
22,0310112,病院,伊豆韮山温泉病院,100,True
22,0310146,病院,順天堂大学医学部附属静岡病院,633,True
22,0310179,病院,ＪＡ静岡厚生連中伊豆温泉病院,228,True
22,0310203,病院,社会福祉法人農協共済 中伊豆リハビリテーションセンター,128,True
22,0310237,病院,医療法人新光会 伊豆平和病院,109,True
22,0310245,病院,伊豆保健医療センター,89,True
22,0310252,病院,医療法人社団慈広会記念病院,101,True
22,0310286,無床診療所,江間クリニック,0,False
22,0310393,病院,長岡リハビリテーション病院,54,True
22,0310567,無床診療所,あおきクリニック,0,False
22,0310575,無床診療所,高橋クリニック,0,False
22,0310617,無床診療所,かんなみ仁田クリニック,0,False
22,0360273,病院,ＮＴＴ東日本伊豆病院,196,True
22,0401804,無床診療所,日吉クリニック,0,False
22,0410078,無床診療所,大橋脳神経外科医院,0,False
22,0410102,有床診療所,横山医院,19,True
22,0410128,無床診療所,医療法人社団順青会 青木クリニック,0,False
22,0410243,無床診療所,メディカルはば伊豆高原,0,False
22,0410276,病院,伊東市民病院,250,True
22,0410474,無床診療所,たちばなメディカルクリニック,0,False
22,0510182,病院,医療法人社団東光会 熱海所記念病院,144,False
22,0510265,病院,国際医療福祉大学熱海病院,265,True
22,0510380,病院,医療法人社団東光会 熱海 海の見える病院,112,False
22,0510422,病院,社会福祉法人愛誠会 南熱海病院,110,True
22,0601700,無床診療所,中島クリニック,0,False
22,0601874,無床診療所,芝本町クリニック,0,False
22,0610180,病院,独立行政法人地域医療機能推進機構 三島総合病院,159,True
22,0610198,病院,医療法人社団清風会 芹沢病院,105,True
22,0610230,病院,医療法人社団福仁会 三島東海病院,99,True
22,0610347,病院,医療法人社団静岡健生会 三島共立病院,84,True
22,0610362,病院,社会医療法人志仁会三島中央病院,196,True
22,0610578,無床診療所,いとうクリニック,0,False
22,0610636,無床診療所,医療法人社団博章会 いづの里クリニック,0,False
22,0610677,無床診療所,いのうえ内科・リウマチ科,0,False
22,0610693,無床診療所,北上クリニック,0,False
22,0610719,無床診療所,三島えんどうクリニック,0,False
22,0610768,無床診療所,ウィンザークリニックリゾート,0,False
22,0710048,病院,医療法人全心会 伊豆慶友病院,47,True
22,1104100,無床診療所,こんどうクリニック,0,False
22,1104225,無床診療所,べっく・メディカル・クリニック,0,False
22,1104308,無床診療所,森岡医院,0,False
22,1104423,無床診療所,ベル内科・脳神経クリニック,0,False
22,1104431,無床診療所,沼津グルメ街道クリニック,0,False
22,1110057,病院,一般財団法人芙蓉協会 聖隷沼津病院,232,True
22,1110073,病院,公益財団法人復康会 沼津中央病院,270,False
22,1110099,病院,公益財団法人復康会 沼津リハビリテーション病院,106,True
22,1110115,病院,ふれあい沼津ホスピタル,293,False
22,1110164,病院,医療法人社団賢仁会 沼津はまゆう病院,50,True
22,1110198,病院,医療法人社団真養会 きせがわ病院,87,True
22,1110271,有床診療所,メディトピア沼津・内科クリニック,19,True
22,1110289,有床診療所,医療法人社団弘仁勝和会 沼津勝和クリニック,18,True
22,1110347,有床診療所,望星第一クリニック,19,True
22,1110412,病院,医療法人社団親和会 西島病院,150,True
22,1110446,無床診療所,勝呂医院,0,False
22,1110701,有床診療所,医療法人社団真養会 田沢医院,1,True
22,1110719,無床診療所,医療法人社団愛康会 愛鷹クリニック,0,False
22,1110776,無床診療所,社会福祉法人博友会 フジ高砂クリニック,0,False
22,1110834,無床診療所,戸田診療所,0,False
22,1110875,無床診療所,沼津大山クリニック,0,False
22,1110958,無床診療所,さとやま整形外科内科,0,False
22,1110966,病院,瀬尾記念慶友病院,74,True
22,1110974,無床診療所,ふじわらクリニック,0,False
22,1160011,病院,沼津市立病院,326,True
22,1200718,無床診療所,渡辺整形外科内科医院,0,False
22,1201120,無床診療所,やましたクリニック,0,False
22,1201138,無床診療所,みくりやクリニック,0,False
22,1210139,病院,公益社団法人有隣厚生会 富士病院,160,True
22,1210196,無床診療所,御殿場市救急医療センター,0,False
22,1210204,病院,社会医療法人青虎会 フジ虎ノ門整形外科病院,211,True
22,1210220,無床診療所,上町医院,0,False
22,1210295,病院,御殿場石川病院,102,True
22,1210329,無床診療所,齋藤耳鼻咽喉科医院,0,False
22,1210337,病院,御殿場かいせい病院,120,True
22,1210378,有床診療所,医療法人社団淳和会 前田脳神経外科,19,True
22,1210394,無床診療所,岩瀬内科医院,0,False
22,1210436,病院,公益社団法人有隣厚生会 東部病院,60,True
22,1301649,無床診療所,スマイリークリニック,0,False
22,1310129,病院,医療法人社団宏和会 岡村記念病院,65,True
22,1310152,病院,自衛隊富士病院,50,True
22,1310160,病院,公益社団法人有隣厚生会 富士小山病院,96,True
22,1310202,病院,静岡県立静岡がんセンター,615,True
22,1310210,無床診療所,遠藤クリニック,0,True
22,1310327,無床診療所,いしざき脳神経内科,0,False
22,1310418,病院,医療法人社団聡誠会 池田病院,88,True
22,1310442,無床診療所,桑名眼科脳神経クリニック,0,False
22,1310475,無床診療所,ひいらぎファミリークリニック,0,False
22,1310483,無床診療所,ＴＯＢＵ整形外科スポーツ＆リハビリクリニック,0,False
22,1410010,病院,裾野赤十字病院,98,True
22,1410069,有床診療所,さくら胃腸科・外科,15,True
22,1410093,病院,医療法人社団榮紀会 東名裾野病院,142,True
22,1410184,無床診療所,清水館医院,0,False
22,2101337,無床診療所,戸塚内科クリニック,0,False
22,2101410,無床診療所,佐野内科クリニック,0,False
22,2101493,無床診療所,さとうクリニック,0,False
22,2101766,無床診療所,ふじハートクリニック,0,False
22,2110098,病院,富士宮市立病院,380,True
22,2110163,病院,一般財団法人富士脳障害研究所附属病院,160,True
22,2110171,無床診療所,永松医院,0,False
22,2110189,無床診療所,医療法人社団哲栄会 後藤外科医院,0,False
22,2110221,無床診療所,加藤脳神経外科,0,False
22,2110270,無床診療所,東静脳神経センター,0,False
22,2110403,無床診療所,吉見内科クリニック,0,False
22,2110411,有床診療所,富士宮中央クリニック,19,True
22,2110577,病院,医療法人社団鵬友会 フジヤマ病院,110,True
22,2110627,無床診療所,シモタクリニック,0,False
22,2310078,病院,一般財団法人恵愛会 聖隷富士病院,132,True
22,2310094,病院,富士市立中央病院,514,True
22,2310102,病院,公益財団法人復康会 鷹岡病院,151,False
22,2310136,病院,医療法人財団新六会 大富士病院,160,False
22,2310144,病院,医療法人社団英志会 富士整形外科病院,106,True
22,2310177,無床診療所,医療法人社団富士渡辺整形クリニック,0,False
22,2310383,病院,医療法人社団喜生会 新富士病院,206,True
22,2310391,無床診療所,佐野医院,0,False
22,2310409,病院,医療法人社団秀峰会 川村病院,76,True
22,2310565,無床診療所,広見医院,0,False
22,2310599,病院,医療法人財団湖聖会 湖山リハビリテーション病院,208,True
22,2310623,無床診療所,小松クリニック,0,False
22,2310672,無床診療所,こもれびクリニック,0,False
22,2310680,有床診療所,宮下医院,3,False
22,2310805,病院,富士いきいき病院,197,True
22,2310888,有床診療所,池辺クリニック,19,True
22,2310896,病院,医療法人社団一芦会 芦川病院,94,True
22,2311068,無床診療所,ふじの町クリニック・健診センター,0,False
22,2311084,無床診療所,ももはクリニック石坂,0,False
22,2311092,無床診療所,岳南医院,0,False
22,3110014,病院,共立蒲原総合病院,267,True
22,3210137,病院,ＪＡ静岡厚生連 清水厚生病院,154,True
22,3210293,無床診療所,清水医師会診療所,0,False
22,3210301,病院,山の上病院,401,True
22,3210368,無床診療所,宮地医院,0,False
22,3210434,無床診療所,三上医院,0,False
22,3210509,無床診療所,清水ひまわりクリニック,0,False
22,3210665,無床診療所,南しみずメディカルクリニック,0,False
22,3210673,無床診療所,草ヶ谷医院,0,False
22,3210806,病院,清水駿府病院,160,False
22,3210830,無床診療所,柴田内科医院,0,False
22,3260108,病院,独立行政法人地域医療機能推進機構 清水さくら病院,159,True
22,4110039,病院,ＪＡ静岡厚生連 静岡厚生病院,265,True
22,4110237,無床診療所,一般社団法人静岡市静岡医師会診療所,0,False
22,4110344,無床診療所,公益財団法人ＳＢＳ 静岡健康増進センター,0,False
22,4110625,無床診療所,てらむらクリニック,0,False
22,4110773,無床診療所,鈴木内科医院,0,False
22,4111086,無床診療所,服部クリニック,0,False
22,4111326,無床診療所,勝又整形形成外科医院,0,False
22,4111623,無床診療所,城西クリニック,0,False
22,4111730,病院,医療法人社団宝徳会 小鹿病院,148,True
22,4111763,病院,医療法人社団清明会 静岡リハビリテーション病院,144,True
22,4111805,無床診療所,小長井整形外科医院,0,False
22,4111847,病院,医療法人社団健正会 静岡アオイ病院,174,True
22,4111862,無床診療所,静岡共立クリニック,0,False
22,4111896,病院,溝口病院,236,False
22,4112019,無床診療所,あきやま呼吸器クリニック,0,False
22,4112027,無床診療所,まつとみクリニック,0,False
22,4112076,無床診療所,医療法人社団芳月会 宮田医院,0,False
22,4160042,病院,静岡済生会総合病院,511,True
22,4160075,病院,静岡赤十字病院,411,True
22,4200111,無床診療所,こんどうクリニック,0,False
22,4200921,無床診療所,こうのファミリークリニック,0,False
22,4201077,無床診療所,おおいし脳神経外科クリニック,0,False
22,4201176,無床診療所,桜心メンタルクリニック,0,False
22,4201903,無床診療所,秋田内科・呼吸器内科,0,False
22,4201945,無床診療所,静岡あおい消化器内科クリニック,0,False
22,4202034,無床診療所,あしたば診療所,0,False
22,4203669,無床診療所,輝齢ハラダクリニック,0,False
22,4203958,無床診療所,かのう内科クリニック,0,False
22,4203974,無床診療所,かとう内科・呼吸器クリニック,0,False
22,4204139,無床診療所,二番町クリニック,0,False
22,4210029,病院,静岡市立清水病院,463,True
22,4210060,病院,白萩病院,120,True
22,4210219,無床診療所,高野橋医院,0,False
22,4210235,病院,しずおか整形外科病院,88,True
22,4210250,病院,医療法人徳洲会 静岡徳洲会病院,419,True
22,4210367,無床診療所,長谷通りクリニック,0,False
22,4210458,無床診療所,板井クリニック,0,False
22,4210466,無床診療所,堀田内科医院,0,False
22,4210516,無床診療所,塩川八幡ヒルズクリニック,0,False
22,4210540,無床診療所,青島整形外科,0,False
22,4210680,無床診療所,脇理一郎クリニック,0,False
22,4210706,無床診療所,やまだメディカルクリニック,0,False
22,4210730,有床診療所,浦島メディカルクリニック,6,True
22,4210763,病院,静岡県立こころの医療センター,274,False
22,4210771,病院,静岡県立総合病院,718,True
22,4210789,病院,静岡県立こども病院,278,True
22,4210847,無床診療所,清水両河内診療所,0,False
22,4210862,無床診療所,聖隷健康サポートセンターＳｈｉｚｕｏｋａ,0,False
22,4210912,無床診療所,花みずき通り内科クリニック,0,False
22,4211167,病院,清水富士山病院,120,True
22,4211266,無床診療所,静岡みらいスポーツ・整形外科,0,False
22,4211332,病院,静岡市立静岡病院,500,True
22,4211530,無床診療所,水谷脳神経外科クリニック,0,False
22,4211720,無床診療所,上土整形外科・スポーツクリニック,0,False
22,4211746,無床診療所,浦島クリニック新院,0,False
22,4211936,無床診療所,みやぎ整形外科クリニック,0,False
22,4212033,無床診療所,くさなぎ太陽クリニック,0,False
22,4212116,無床診療所,あさり内科クリニック,0,False
22,5101342,無床診療所,あしだクリニック,0,False
22,5110079,病院,医療法人社団高草会 焼津病院,180,False
22,5110178,有床診療所,天野医院,2,True
22,5110202,病院,医療法人社団綾和会 駿河西病院,100,True
22,5110376,病院,社会医療法人駿甲会コミュニティーホスピタル甲賀病院,349,True
22,5110400,病院,岡本石井病院,197,True
22,5110434,無床診療所,さわい医院,0,False
22,5110525,有床診療所,医療法人社団志太記念脳神経外科,19,True
22,5160058,病院,焼津市立総合病院,423,True
22,5210069,無床診療所,医療法人社団アイエスメディチーナ 櫻井医院,0,False
22,5210077,無床診療所,ほしのクリニック,0,False
22,5210119,無床診療所,花岡医院,0,False
22,5301405,無床診療所,山﨑クリニック,0,False
22,5301777,無床診療所,田沼脳神経クリニック,0,False
22,5301835,無床診療所,志太ＤＭ・内科クリニック,0,False
22,5310109,病院,医療法人社団八洲会 誠和藤枝病院,165,True
22,5310224,病院,藤枝平成記念病院,199,True
22,5310265,無床診療所,もちづき呼吸器内科クリニック,0,False
22,5310356,病院,医療法人社団凜和会 藤枝駿府病院,170,False
22,5310430,無床診療所,西井胃腸科外科,0,False
22,5310455,無床診療所,杉田整形外科,0,False
22,5310489,無床診療所,すぎむらクリニック,0,False
22,5310554,病院,藤枝市立総合病院,490,True
22,5310570,無床診療所,公益財団法人静岡県予防医学協会 総合健診センター,0,False
22,5310661,有床診療所,錦野クリニック,11,True
22,5310786,無床診療所,瀬古クリニック,0,False
22,5410263,有床診療所,生駒脳神経クリニツク,1,False
22,5410354,無床診療所,しのざき消化器科・内科医院,0,False
22,5460078,病院,島田市立総合医療センター,439,True
22,5510120,病院,榛原総合病院,397,True
22,5510195,無床診療所,廣瀬医院,0,False
22,5510344,無床診療所,石井内科皮膚科医院,0,False
22,5510377,無床診療所,田﨑クリニック,0,False
22,5510476,病院,はいなん吉田病院,120,True
22,5610011,病院,市立御前崎総合病院,199,True
22,5700176,無床診療所,水野医院,0,False
22,5710175,無床診療所,おかにし内科糖尿病・甲状腺クリニック,0,False
22,6110045,無床診療所,社会福祉法人賛育会 東海診療所,0,False
22,6110136,病院,菊川市立総合病院,256,True
22,6110201,無床診療所,篠原医院,0,False
22,6110227,無床診療所,菊川青葉台医療クリニック,0,False
22,6210258,病院,医療法人社団綾和会 掛川北病院,100,True
22,6310082,病院,公立森町病院,131,True
22,6410163,病院,医療法人社団八洲会 袋井みつかわ病院,159,True
22,6410197,無床診療所,山名診療所,0,False
22,6410254,無床診療所,志村内科医院,0,False
22,6500419,有床診療所,二俣医院,9,False
22,6510038,有床診療所,天竜厚生会診療所,19,True
22,6510061,病院,医療法人弘遠会 天竜すずかけ病院,165,True
22,6610135,病院,浜松市国民健康保険佐久間病院,40,True
22,6610358,無床診療所,本田クリニック,0,False
22,6610366,病院,豊田えいせい病院,180,True
22,6610382,無床診療所,豊田診療所,0,False
22,6610408,病院,医療法人社団澄明会 磐南中央病院,100,True
22,6701066,無床診療所,サーク クリニック,0,False
22,6710067,病院,磐田市立総合病院,500,True
22,6710109,無床診療所,さくらクリニック,0,False
22,6710141,無床診療所,和田整形外科・外科医院,0,False
22,6710190,無床診療所,鈴木内科,0,False
22,6710208,病院,医療法人社団進正会 服部病院,168,False
22,6710331,病院,すずかけヘルスケアホスピタル,160,True
22,6810024,無床診療所,杉原脳神経外科クリニック,0,False
22,6900452,無床診療所,つじファミリークリニック,0,False
22,6900460,無床診療所,磐田 としたかクリニック,0,False
22,6910030,病院,新都市病院,50,True
22,6910055,無床診療所,みつけ内科クリニック,0,False
22,6910063,無床診療所,大須賀医院,0,False
22,6910089,有床診療所,ハートクリニック磐田,19,False
22,6910139,無床診療所,あんざいクリニック,0,False
22,6910204,無床診療所,えいせい脳外科クリニック,0,False
22,6910253,有床診療所,富士ヶ丘内科,19,True
22,6910295,無床診療所,とりかい整形外科リウマチ科,0,False
22,6910329,無床診療所,きのさき内科・呼吸器内科,0,False
22,7110051,病院,浜松赤十字病院,312,True
22,7110069,病院,ＪＡ静岡厚生連 遠州病院,400,True
22,7110390,病院,医療法人好生会 三方原病院,278,False
22,7110432,病院,医療法人弘遠会 すずかけセントラル病院,309,True
22,7110440,病院,独立行政法人労働者健康安全機構 浜松労災病院,312,True
22,7110465,病院,浜松医療センター,600,True
22,7110507,病院,医療法人社団新風会 丸山病院,58,True
22,7110655,無床診療所,小島医院,0,False
22,7110713,無床診療所,平良内科,0,False
22,7110838,病院,医療法人社団松愛会 松田病院,60,True
22,7110861,病院,社会福祉法人聖隷福祉事業団 総合病院聖隷浜松病院,750,True
22,7110978,無床診療所,渡辺医院,0,False
22,7111109,有床診療所,志都呂クリニック,19,True
22,7111315,無床診療所,社会福祉法人聖隷福祉事業団 聖隷浜松病院附属診療所聖隷健康診断センター,0,False
22,7111422,無床診療所,いわた内科,0,False
22,7111463,病院,医療法人社団緑生会 天王病院,117,False
22,7111604,無床診療所,社会福祉法人聖隷福祉事業団 聖隷予防検診センター,0,False
22,7111638,病院,神経科浜松病院,239,False
22,7111695,有床診療所,石垣内科医院,1,True
22,7111703,病院,浜松北病院,199,True
22,7111737,無床診療所,なかむらクリニック,0,False
22,7111786,病院,医療法人社団種光会 朝山病院,240,False
22,7111802,病院,浜松市リハビリテーション病院,225,True
22,7112008,病院,平安の森記念病院,118,True
22,7112016,病院,常葉大学リハビリテーション病院,80,True
22,7112131,無床診療所,しのはら医院,0,False
22,7112198,無床診療所,やなせ内科呼吸器科クリニック,0,False
22,7112271,有床診療所,さなるサンクリニック,14,True
22,7112305,無床診療所,白鳥内科医院,0,False
22,7160205,病院,社会福祉法人 聖隷福祉事業団 総合病院 聖隷三方原病院,928,True
22,7200118,無床診療所,マツオ脳神経クリニック,0,False
22,7201355,無床診療所,八木医院,0,False
22,7201967,無床診療所,いそべハートクリニック,0,False
22,7202015,無床診療所,ＡＴＳＵＳＨＩメディカルクリニック,0,False
22,7202064,無床診療所,やの脳神経外科・救急科クリニック,0,False
22,7202098,無床診療所,ＨＭＴ画像診断クリニック,0,False
22,7202510,無床診療所,ほそい内科・脳神経内科クリニック,0,False
22,7202544,無床診療所,あいざわ循環器内科・内視鏡・肛門クリニック,0,False
22,7202593,無床診療所,かとう鼻のクリニック,0,False
22,7210117,病院,医療法人社団綾和会 浜松南病院,150,True
22,7210190,無床診療所,山下ハートクリニック,0,False
22,7210349,無床診療所,かけい医院,0,False
22,7210356,無床診療所,吉井医院,0,False
22,7210430,無床診療所,ながはしクリニック,0,False
22,7210471,病院,十全記念病院,299,True
22,7210620,無床診療所,佐野内科クリニック,0,False
22,7210646,病院,医療法人豊岡会 浜松とよおか病院,230,True
22,7210885,無床診療所,髙仲循環器クリニック,0,False
22,7211354,無床診療所,天竜吉田医院,0,False
22,7211404,無床診療所,まつむら整形外科,0,False
22,7211503,無床診療所,岡崎内科医院,0,False
22,7211545,無床診療所,サカイ脳神経外科,0,False
22,7211602,無床診療所,鈴木整形外科スポーツクリニック,0,False
22,7211644,無床診療所,湖東クリニック,0,False
22,7211677,無床診療所,みどりのまち整形外科,0,False
22,7211818,無床診療所,たなか整形外科,0,False
22,7211941,有床診療所,サージセンター,9,True
22,7212022,無床診療所,まつけんクリニック,0,False
22,7212055,無床診療所,聖友脳神経外科クリニック,0,False
22,7212139,無床診療所,みどりのまち整形外科分院（もくれん通り）,0,False
22,7212170,無床診療所,鶴泌尿器科クリニック,0,False
22,7300058,無床診療所,げんま内科・呼吸器内科クリニック,0,False
22,7310099,病院,袋井市立聖隷袋井市民病院,150,True
22,7310172,無床診療所,小早川整形リウマチクリニック,0,False
22,7310214,無床診療所,たなか循環器内科クリニック,0,False
22,7400122,無床診療所,ながやま医院,0,False
22,7400296,無床診療所,ばんどう整形外科・ファミリークリニック,0,False
22,7410063,無床診療所,ひぐち呼吸器内科医院,0,False
22,7410089,病院,掛川市・袋井市病院企業団立中東遠総合医療センター,496,True
22,7410105,病院,医療法人社団綾和会 掛川東病院,190,True
22,7410188,無床診療所,掛川おかにし内科 糖尿病・甲状腺クリニック,0,False
22,7410196,無床診療所,うめづ脳神経外科,0,False
22,8110167,無床診療所,医療法人社団早友会 クロヤナギ医院,0,False
22,8210041,無床診療所,鈴木医院,0,False
22,8310189,無床診療所,吉田クリニック,0,False
22,8310247,有床診療所,西坂整形外科,2,True
22,8310262,病院,医療法人社団誠心会 浜北さくら台病院,312,True
22,8310288,病院,遠江病院,147,False
22,8310304,無床診療所,西遠クリニック,0,False
22,8310346,無床診療所,浜松ＰＥＴ診断センター,0,True
22,8410138,病院,市立湖西病院,196,True
22,8410179,病院,浜名病院,133,True
22,9610488,病院,浜松医科大学医学部附属病院,613,True
22,9710015,病院,独立行政法人国立病院機構 静岡医療センター,415,True
22,9810088,病院,独立行政法人国立病院機構 天竜病院,316,True
22,9810096,病院,独立行政法人国立病院機構 静岡てんかん・神経医療センター,406,True
22,9860182,病院,国立駿河療養所,243,True
23,0100058,病院,愛知県精神医療センター,273,False
23,0101536,病院,愛知県がんセンター,500,True
23,0102021,病院,ちくさ病院,53,True
23,0102088,病院,医療法人吉田病院,108,True
23,0102377,病院,医療法人蜂友会 はちや整形外科病院,52,True
23,0102484,病院,国家公務員共済組合連合会 東海病院,166,True
23,0103003,無床診療所,一社）オリエンタル労働衛生協会メディカルクリニック,0,False
23,0104571,無床診療所,東名古屋画像診断クリニック,0,False
23,0105131,無床診療所,ながい消化器内科クリニック,0,False
23,0105263,無床診療所,医療法人順秀会 メディカルパーク今池,0,False
23,0105529,無床診療所,春岡通クリニック,0,False
23,0105552,病院,名古屋市立大学医学部附属東部医療センター,488,True
23,0105818,無床診療所,あだち脳神経クリニック池下,0,False
23,0105891,病院,和田内科病院,78,True
23,0105925,無床診療所,いまいけ内科外科クリニック,0,False
23,0106030,無床診療所,赤羽乳腺クリニック,0,False
23,0201591,無床診療所,名古屋市医師会健診センター,0,False
23,0201740,病院,医療法人すみれ会 中央病院,81,True
23,0201781,無床診療所,小池ハートクリニック,0,False
23,0202607,病院,名古屋ハートセンター,64,True
23,0202680,無床診療所,全国土木建築国民健康保険組合中部健康管理センター,0,False
23,0202805,無床診療所,医療法人有心会 大幸砂田橋ブランチクリニック,0,False
23,0202854,無床診療所,徳川かとうクリニック,0,False
23,0202995,無床診療所,からだと心 泉やわらかクリニック,0,False
23,0203043,病院,ＡＯＩ名古屋病院,167,True
23,0203126,無床診療所,医療法人社団小栗会 清水口脳神経クリニック,0,False
23,0203134,無床診療所,清水口整形外科クリニック,0,False
23,0203241,無床診療所,おなか 内科東白壁クリニック,0,False
23,0300054,病院,社会医療法人愛生会 総合上飯田第一病院,236,True
23,0301243,病院,北医療生活協同組合 北病院,52,True
23,0301557,病院,医療法人愛仁会 名春中央病院,84,True
23,0301797,病院,大隈病院,157,True
23,0302092,無床診療所,一般財団法人愛知健康増進財団診療所,0,False
23,0302787,無床診療所,やまねクリニック,0,False
23,0303207,無床診療所,中切パークサイドクリニック,0,False
23,0303421,無床診療所,医療法人玲優会 ひらい内科クリニック,0,False
23,0303876,病院,名古屋市立大学医学部附属西部医療センター,500,True
23,0303926,無床診療所,ふわりもの忘れとこころのクリニック名古屋,0,False
23,0304015,無床診療所,くろかわ内科・健診クリニック,0,False
23,0304031,無床診療所,上飯田泌尿器科内科クリニック,0,False
23,0304106,無床診療所,なみのゆらぎ耳鼻咽喉科,0,False
23,0304114,無床診療所,医療法人 有心会 名古屋北クリニック,0,False
23,0400417,病院,愛知県済生会リハビリテーション病院,199,True
23,0400433,病院,米田病院,54,True
23,0400789,病院,愛知県青い鳥医療療育センター,170,True
23,0400847,病院,名鉄病院,373,True
23,0401621,有床診療所,天野記念クリニック,19,True
23,0401928,有床診療所,庄内緑地救急クリニック,19,True
23,0401985,無床診療所,医療法人加藤医院,0,False
23,0402124,無床診療所,松葉内科,0,False
23,0402322,無床診療所,康友クリニック,0,False
23,0402561,無床診療所,大雄会ルーセントクリニック,0,False
23,0402819,有床診療所,井戸田整形外科 名駅スポーツクリニック,18,True
23,0402959,有床診療所,医療法人紫陽 クリニックサンセール清里,19,True
23,0403148,無床診療所,はせ整形外科せぼねクリニック,0,False
23,0403296,無床診療所,愛知中央クリニック,0,False
23,0403320,無床診療所,ナゴヤガーデンクリニック,0,False
23,0403338,無床診療所,かわい内科＆皮ふ科,0,False
23,0403379,無床診療所,リウゲ内科名駅クリニック,0,False
23,0403478,無床診療所,なおみファミリークリニック名古屋中小田井,0,False
23,0500240,病院,日本赤十字社愛知医療センター名古屋第一病院,818,True
23,0500281,病院,医療法人誠心会 大菅病院,48,True
23,0500505,病院,医療法人衆済会 増子記念病院,102,True
23,0502238,病院,医療法人珪山会 鵜飼病院,120,True
23,0502576,病院,医療法人福友会 八田なみき病院,207,True
23,0502808,病院,名古屋セントラル病院,198,True
23,0503285,無床診療所,かとう医院,0,False
23,0504028,病院,医療法人珪山会 鵜飼リハビリテーション病院,150,True
23,0504291,無床診療所,ライフ健康クリニック,0,False
23,0504325,無床診療所,一般財団法人全日本労働福祉協会東海診療所,0,False
23,0504770,無床診療所,医療法人松柏会大名古屋ビルセントラルクリニック,0,False
23,0504911,病院,医療法人北林会 北林病院,345,False
23,0505108,無床診療所,医療法人尚仁会 名古屋ステーションクリニック,0,False
23,0505140,無床診療所,かすもりクリニック,0,False
23,0505249,病院,偕行会城西病院,120,True
23,0505298,無床診療所,太閤クリニック,0,False
23,0505850,無床診療所,医療法人社団 進興会 ミッドタウンクリニック名駅,0,False
23,0505975,無床診療所,リブラささしまメディカルクリニック,0,False
23,0506031,無床診療所,ヴェルヴァーレ本陣クリニック,0,False
23,0506197,無床診療所,クリニックテルミナ,0,False
23,0506262,無床診療所,二村整形外科,0,False
23,0506379,無床診療所,ゲートタワー黒松泌尿器科,0,False
23,0506387,無床診療所,医療法人 向仁会 あおばクリニック,0,False
23,0506536,無床診療所,医療法人ＯＪ会 ＩＬＣ国際腰痛クリニック名古屋,0,False
23,0600677,病院,眼科杉田病院,60,True
23,0600966,病院,国家公務員共済組合連合会 名城病院,316,True
23,0601493,病院,中日病院,93,True
23,0602640,病院,医療法人勝又 勝又病院,118,True
23,0603952,無床診療所,医療法人斯文会岡田内科,0,False
23,0604968,無床診療所,本町クリニック,0,False
23,0606294,無床診療所,医療法人名古屋栄クリニック,0,False
23,0606419,有床診療所,としわ会診療センターレクリニック,2,True
23,0606443,無床診療所,エルズメディケア名古屋,0,False
23,0606500,無床診療所,栄エンゼルクリニック,0,False
23,0606609,無床診療所,医療法人社団甲仁会 名古屋甲状腺診療所,0,False
23,0606807,無床診療所,上前津メディカルクリニック,0,False
23,0606963,無床診療所,マリンクリニック,0,False
23,0606997,無床診療所,ＳＬ外科・乳腺クリニック,0,False
23,0607201,無床診療所,トラストクリニック,0,False
23,0607219,病院,医療法人聖真会 横山記念病院,60,True
23,0607227,無床診療所,ＫＫＣウエルネス名古屋健診クリニック,0,False
23,0607250,有床診療所,名古屋東栄クリニック,19,True
23,0607276,無床診療所,愛知三の丸クリニック,0,False
23,0608019,病院,重工大須病院,250,True
23,0608191,無床診療所,メディカルイメージング栄みやがわ乳腺クリニック,0,False
23,0608324,無床診療所,ＤＡＩＤＯ ＭＥＤＩＣＡＬ ＳＱＵＡＲＥ,0,False
23,0608548,無床診療所,肩とひざの整形外科 金山院,0,False
23,0700287,病院,社会福祉法人聖霊会 聖霊病院,194,True
23,0700337,病院,日本赤十字社愛知医療センター名古屋第二病院,762,True
23,0701087,病院,医療法人生寿会 かわな病院,53,True
23,0701673,無床診療所,名古屋医師協同組合名古屋臨床検査センター附属診療所,0,False
23,0702572,無床診療所,加藤内科クリニック,0,False
23,0702622,有床診療所,メドック健康クリニック,8,True
23,0702929,病院,医療法人安正会 安井病院,38,True
23,0703356,無床診療所,医療法人いつき会 いつきクリニック石川橋,0,False
23,0703364,無床診療所,岩田脳神経外科クリニック,0,False
23,0703539,無床診療所,ごきそ内科・内視鏡クリニック,0,False
23,0704032,無床診療所,名古屋おもて内科・呼吸器内科クリニック,0,False
23,0800038,病院,医療法人野垣会 野垣病院,99,True
23,0800335,病院,ブラザー記念病院,59,True
23,0801531,病院,稲熊病院,34,True
23,0801549,無床診療所,野々村クリニック,0,False
23,0801671,無床診療所,久米クリニック,0,False
23,0802406,病院,名古屋市立大学病院,800,True
23,0802463,病院,西本病院,32,True
23,0802760,無床診療所,みかんやま整形外科,0,False
23,0802802,有床診療所,みずほ足クリニック,9,True
23,0802935,無床診療所,みずほの森クリニック,0,False
23,0803073,無床診療所,菅谷クリニック,0,False
23,0803115,病院,名古屋市立大学医学部附属リハビリテーション病院,80,False
23,0900085,病院,医療法人三恵会 服部病院,56,True
23,0900341,病院,医療法人杏園会 熱田リハビリテーション病院,160,True
23,0900796,病院,水谷病院,47,True
23,0900887,病院,みなと医療生活協同組合 協立総合病院,434,True
23,0901158,無床診療所,亀島クリニック,0,False
23,0901364,無床診療所,医療法人中京クリニカル,0,False
23,0901596,無床診療所,ハナノキ内科,0,False
23,0901612,無床診療所,うえの内科クリニック,0,False
23,0901638,無床診療所,宮の森クリニック 耳鼻咽喉科,0,False
23,0901711,無床診療所,医療法人杏園会あんずクリニック,0,False
23,0901778,無床診療所,あつた神宮東クリニック,0,False
23,0901984,無床診療所,あつたモール総合クリニック,0,False
23,1000166,病院,名古屋掖済会病院,602,True
23,1000893,病院,藤田医科大学ばんたね病院,370,True
23,1001255,病院,名古屋共立病院,156,True
23,1001461,病院,名古屋西病院,112,True
23,1001487,病院,医療法人開生会 かいせい病院,36,True
23,1001495,病院,医療法人親和会 富田病院,60,True
23,1001511,有床診療所,医療法人 正進会 名古屋泌尿器科,9,True
23,1002410,無床診療所,名古屋放射線診断クリニック,0,False
23,1002543,無床診療所,はやせ希望クリニック,0,False
23,1002675,有床診療所,医療法人紫陽 クリニックサンセール,19,True
23,1002766,無床診療所,福井医院,0,False
23,1002774,病院,医療法人生生会 まつかげシニアホスピタル,380,True
23,1003368,無床診療所,にのクリニック,0,False
23,1003392,無床診療所,まつばら循環器クリニック,0,False
23,1003418,無床診療所,福寿メディカルクリニック,0,False
23,1100214,病院,公益財団法人名古屋港湾福利厚生協会 臨港病院,186,True
23,1100321,病院,独立行政法人労働者健康安全機構 中部労災病院,524,True
23,1100966,病院,医療法人幸会 南陽病院,99,True
23,1101071,無床診療所,医療法人堂満医院,0,False
23,1101097,病院,東洋病院,130,True
23,1101808,無床診療所,まるやま泌尿器科クリニック,0,False
23,1101816,病院,医療法人東樹会 あずまリハビリテーション病院,90,True
23,1101857,無床診療所,ながしま内科,0,False
23,1102061,無床診療所,くすのき内科外科クリニック,0,False
23,1200055,病院,独立行政法人地域医療機能推進機構 中京病院,580,True
23,1200204,病院,医療法人笠寺病院,128,True
23,1200220,病院,医療法人財団善常会 善常会リハビリテーション病院,95,True
23,1200246,病院,あいせい紀年病院,218,False
23,1201228,病院,医療法人名南会 名南病院,158,True
23,1201541,病院,大同病院,404,True
23,1201616,病院,医療法人山和会 山口病院,60,True
23,1201699,無床診療所,医療法人名翔会名古屋セントラルクリニック,0,False
23,1201863,病院,医療法人緑翔会 小松病院,90,True
23,1201947,病院,医療法人名南会 名南ふれあい病院,60,True
23,1202085,病院,南医療生協かなめ病院,60,True
23,1202192,病院,北村病院,43,True
23,1202275,無床診療所,きりやまクリニック,0,False
23,1202333,無床診療所,だいどうクリニック,0,False
23,1300178,病院,医療法人八誠会 もりやま総合心療病院,484,False
23,1300673,病院,医療法人香流会 紘仁病院,836,True
23,1300699,病院,医療法人有仁会 守山友愛病院,20,True
23,1300863,病院,医療法人和光会 川島病院,56,True
23,1301135,無床診療所,医療法人守誠会新守山クリニック,0,False
23,1301218,有床診療所,樋口整形外科 人工関節クリニック,19,True
23,1301481,無床診療所,志水クリニック,0,False
23,1301507,無床診療所,長谷川内科,0,False
23,1301580,無床診療所,にししろクリニック,0,False
23,1301598,無床診療所,医療法人敬進会くれやま整形外科・胃腸科,0,False
23,1301846,無床診療所,よねづ内科クリニック,0,False
23,1302067,無床診療所,ようていファミリークリニック藤が丘,0,False
23,1302125,病院,医療法人いつき会 守山いつき病院,101,True
23,1302216,無床診療所,あさい整形外科ファミリークリニック,0,False
23,1302349,無床診療所,しだみ高橋クリニック,0,False
23,1302398,無床診療所,名古屋ニューロサージェリークリニック,0,False
23,1302406,無床診療所,宮﨑クリニック,0,False
23,1302430,無床診療所,ゆりクリニック名古屋東,0,False
23,1302554,無床診療所,しだみ早川整形外科,0,False
23,1400531,病院,平岩病院,60,True
23,1401018,病院,第一なるみ病院,130,True
23,1401596,有床診療所,医療法人愛惠会愛光整形外科,19,True
23,1401786,病院,医療法人清水会 相生山病院,162,True
23,1401828,無床診療所,大清水クリニック,0,False
23,1402370,有床診療所,ジャパン藤脳クリニック,19,True
23,1402552,無床診療所,名古屋フォレストクリニック,0,False
23,1402578,病院,総合病院 南生協病院,313,True
23,1402677,無床診療所,とくしげ呼吸器クリニック,0,False
23,1403139,無床診療所,あおやま胃腸内科外科,0,False
23,1403220,無床診療所,いとう脳神経クリニック,0,False
23,1403337,無床診療所,さくら医院,0,False
23,1403394,無床診療所,医療法人正風堂 みどりの風クリニック,0,False
23,1403527,無床診療所,しもざとクリニック,0,False
23,1403535,無床診療所,やました内科産婦人科,0,False
23,1403576,病院,名古屋市立大学医学部附属みどり市民病院,205,True
23,1403592,無床診療所,相生山ほのぼのメモリークリニック,0,False
23,1403774,無床診療所,みどり呼吸器ウェルネスクリニック,0,False
23,1500025,有床診療所,西山団地内科胃腸科,19,True
23,1500223,病院,木村病院,58,True
23,1500801,無床診療所,安井クリニック,0,False
23,1500843,病院,医療法人香徳会 メイトウホスピタル,101,True
23,1501163,無床診療所,医療法人中村クリニック,0,False
23,1501643,無床診療所,ねはし脳神経外科,0,False
23,1501874,病院,医療法人杉山会 すぎやま病院,55,True
23,1502237,無床診療所,こんどうクリニック,0,False
23,1502807,無床診療所,やすかわクリニック,0,False
23,1502898,無床診療所,マルモブレストクリニック,0,False
23,1502922,無床診療所,やまがみ整形外科腰痛クリニック,0,False
23,1502955,無床診療所,藤が丘さくらなみきクリニック,0,False
23,1503052,無床診療所,さとう乳腺内科・健診クリニック,0,False
23,1503060,無床診療所,けやき内科,0,False
23,1503177,無床診療所,わたなべ整形外科運動器クリニック,0,False
23,1503219,無床診療所,引山クリニック,0,False
23,1503326,病院,名古屋市立大学医学部附属みらい光生病院,140,True
23,1503342,無床診療所,名東整形外科からだケアクリニック,0,False
23,1503417,無床診療所,ふじのもりｔｏＵクリニック,0,False
23,1503458,無床診療所,いだか台クリニック,0,False
23,1503524,無床診療所,めいとうクリニック,0,False
23,1503565,無床診療所,総合診療・内視鏡 タナカ内科,0,False
23,1503599,無床診療所,医療法人知真会 めいとう真心クリニック,0,False
23,1600072,病院,八事病院,449,True
23,1600767,病院,名古屋記念病院,416,True
23,1600932,無床診療所,医療法人玲生会 にん内科,0,False
23,1601575,無床診療所,ひろせ内科脳神経クリニック,0,False
23,1601583,病院,医療法人並木会 並木病院,212,True
23,1601872,無床診療所,元八事整形外科形成外科,0,False
23,1602516,無床診療所,こうのすクリニック,0,False
23,1602581,無床診療所,天白宮田クリニック,0,False
23,1602631,無床診療所,はま内科・神経内科クリニック,0,False
23,1602680,無床診療所,くりた内科クリニック,0,False
23,1602748,病院,新生会第一病院,144,True
23,1602888,無床診療所,ゆうファミリアクリニック,0,False
23,1602979,無床診療所,たけもと脳神経外科,0,False
23,1603001,無床診療所,あいちハートクリニック野並,0,False
23,1603118,無床診療所,一ツ山クリニック,0,False
23,1603126,無床診療所,植田リハビリクリニック,0,False
23,1603134,無床診療所,天白かんだ整形外科クリニック,0,False
23,2000041,無床診療所,医療法人青雲会 佐野医院,0,False
23,2000066,病院,豊橋市民病院,790,True
23,2000363,病院,光生会病院,113,True
23,2000371,病院,豊橋整形外科江崎病院,39,True
23,2000579,病院,成田記念病院,272,True
23,2001072,病院,二川病院,99,True
23,2001387,病院,医療法人松崎病院 豊橋こころのケアセンター,290,False
23,2002096,病院,医療法人豊岡会 豊橋元町病院,165,True
23,2002104,病院,医療法人義興会 可知記念病院,578,True
23,2002146,病院,医療法人光生会 赤岩病院,294,True
23,2002732,病院,医療法人さわらび会 福祉村病院,261,True
23,2002971,病院,医療法人善恵会 長屋病院,84,True
23,2003318,病院,医療法人羔羊会 弥生病院,130,True
23,2003334,無床診療所,医療法人秋山内科,0,False
23,2004035,無床診療所,医療法人エムディーみゆきクリニック,0,False
23,2004084,有床診療所,医療法人権田脳神経外科,19,True
23,2004217,有床診療所,豊橋メイツクリニック,16,True
23,2004357,無床診療所,中島脳神経外科,0,False
23,2004563,病院,医療法人澄心会 豊橋ハートセンター,130,True
23,2004936,無床診療所,岡村クリニック,0,False
23,2004951,病院,医療法人積善会 積善病院,414,True
23,2004985,無床診療所,医療法人弘和会 さたけクリニック,0,False
23,2005792,有床診療所,ひがし循環器クリニック,19,True
23,2005917,病院,岩屋病院,325,False
23,2006261,病院,医療法人積善会 第二積善病院,226,True
23,2006428,無床診療所,はら脳神経内科・内科クリニック,0,False
23,2006444,無床診療所,成田記念陽子線センター,0,False
23,2006469,無床診療所,佐藤脳神経外科,0,False
23,2006568,無床診療所,ふくい整形外科リウマチリハビリクリニック,0,False
23,2006816,無床診療所,のぞみ内科外科甲状腺クリニック,0,False
23,2006840,無床診療所,内科皮膚科ひなたの丘クリニック,0,False
23,2007012,無床診療所,いちかわ整形外科リハビリクリニック,0,False
23,2100593,病院,岡崎市民病院,680,True
23,2100601,病院,医療法人仁精会 三河病院,150,False
23,2101583,病院,医療法人山武会 岡崎南病院,132,True
23,2101872,病院,医療法人十全会 三嶋内科病院,158,True
23,2102052,病院,医療法人博報会 岡崎東病院,107,True
23,2102169,病院,医療法人鉄友会 宇野病院,182,True
23,2102508,無床診療所,ワシミ整形外科,0,False
23,2102532,無床診療所,村医院,0,False
23,2103407,病院,医療法人大朋会 岡崎共立病院,190,True
23,2103555,無床診療所,医療法人藤友会城南リハビリクリニック,0,False
23,2103852,病院,医療法人葵 葵セントラル病院,30,True
23,2103936,無床診療所,かとう整形外科,0,False
23,2104108,無床診療所,医療法人山本 耳鼻咽喉科ｊクリニック,0,False
23,2104561,無床診療所,高木外科内科医院,0,False
23,2104736,無床診療所,石原クリニック,0,False
23,2104777,無床診療所,岡崎市医師会公衆衛生センター,0,True
23,2104785,無床診療所,岡崎市医師会はるさき健診センター,0,True
23,2104918,有床診療所,岡崎メイツ腎・睡眠クリニック,19,True
23,2105014,無床診療所,クリニック大倉,0,False
23,2105030,無床診療所,じんぐうじクリニック,0,False
23,2105121,病院,愛知県三河青い鳥医療療育センター,140,True
23,2105162,無床診療所,むつみ内科,0,False
23,2105246,病院,冨田病院,48,True
23,2105378,無床診療所,わたなべ整形リハビリクリニック,0,False
23,2105451,無床診療所,岡崎たかはらクリニック,0,False
23,2105477,病院,藤田医科大学岡崎医療センター,400,True
23,2105543,無床診療所,六名クリニック,0,False
23,2105576,病院,愛知医科大学メディカルセンター,270,True
23,2105600,無床診療所,ありま脳神経外科クリニック,0,False
23,2105915,無床診療所,大樹寺内科クリニック,0,False
23,2105956,無床診療所,かこ脳神経内科クリニック,0,False
23,2200013,病院,総合大雄会病院,356,True
23,2200369,病院,一宮市立市民病院,588,True
23,2201300,病院,いまむら病院,260,False
23,2201342,病院,大雄会第一病院,155,True
23,2201649,病院,医療法人山下病院,99,True
23,2202027,病院,医療法人尾張健友会 千秋病院,294,True
23,2202043,無床診療所,医療法人糖友会野村内科,0,False
23,2202050,有床診療所,医療法人恵仁会一宮整形外科,3,True
23,2202126,病院,上林記念病院,341,True
23,2202217,無床診療所,医療法人雄仁会 石黒クリニック,0,False
23,2202274,無床診療所,おおやま内科,0,False
23,2202399,病院,医療法人来光会 尾洲病院,131,True
23,2202464,有床診療所,たなけん脊椎・眼科クリニック,19,True
23,2202977,有床診療所,磯村医院,19,True
23,2203082,無床診療所,いくた内科クリニック,0,False
23,2203173,無床診療所,とみつかクリニック,0,False
23,2203264,無床診療所,あさいクリニック,0,False
23,2203272,病院,一宮西病院,801,True
23,2203363,有床診療所,医療法人いつき会 いつきクリニック一宮,19,True
23,2203447,無床診療所,大雄会クリニック,0,False
23,2203546,無床診療所,医療法人 愛礼会 松前内科医院,0,False
23,2203629,病院,医療法人泰玄会 泰玄会病院,133,True
23,2203835,有床診療所,井上内科クリニック,19,True
23,2203926,無床診療所,開明クリニック,0,False
23,2204098,病院,一宮市立木曽川市民病院,130,True
23,2204296,有床診療所,孝友クリニック,19,True
23,2204338,無床診療所,いそむらファミリークリニック,0,False
23,2204692,無床診療所,節内科クリニック,0,False
23,2204700,病院,医療法人医徳会 国井病院,28,True
23,2205178,無床診療所,医療法人悠彩会 森瀬内科,0,False
23,2205236,無床診療所,みずの内科クリニック,0,False
23,2205293,有床診療所,愛北ハートクリニック,11,True
23,2205343,無床診療所,きそがわ不破クリニック,0,False
23,2205442,無床診療所,いとう腎・泌尿器科クリニック,0,False
23,2205467,無床診療所,森中央クリニック,0,False
23,2205483,無床診療所,あらいファミリークリニック,0,False
23,2205541,無床診療所,かみやファミリークリニック,0,False
23,2205806,無床診療所,あたまと内科のうえだクリニック,0,False
23,2205855,無床診療所,おおすきクリニック,0,False
23,2205863,無床診療所,しんりんクリニック,0,False
23,2206077,無床診療所,ＲＵＮクリニック,0,False
23,2206119,無床診療所,かえでクリニック,0,False
23,2206143,無床診療所,あさひ内科・小児科クリニック,0,False
23,2300078,病院,医療法人宏和会 あさい病院,120,True
23,2300243,病院,公立陶生病院,627,True
23,2300581,病院,医療法人青山病院,89,True
23,2300656,病院,医療法人青和会 中央病院,90,True
23,2300664,病院,医療法人社団順心会 井上病院,46,True
23,2300698,病院,瀬戸みどりのまち病院,177,True
23,2300946,無床診療所,おいわけクリニック,0,False
23,2301084,無床診療所,浅野整形外科医院,0,False
23,2301159,無床診療所,ひがしの医院,0,False
23,2301332,無床診療所,医療法人宏和会あさいクリニック,0,False
23,2301621,無床診療所,山手クリニック,0,False
23,2301753,無床診療所,水野クリニック,0,False
23,2301761,無床診療所,瀬戸たかはし内科呼吸器内科クリニック,0,False
23,2301795,無床診療所,瀬戸みずの坂内科クリニック,0,False
23,2301811,無床診療所,たかやま内科・消化器内視鏡クリニック,0,False
23,2400431,病院,医療法人一草会 一ノ草病院,298,False
23,2400993,無床診療所,医療法人青山外科,0,False
23,2401009,無床診療所,医療法人知多クリニック,0,False
23,2401298,無床診療所,あべクリニック,0,False
23,2401512,無床診療所,小出クリニック,0,False
23,2401579,病院,半田中央病院,80,True
23,2401595,無床診療所,一般社団法人半田市医師会健康管理センター雁宿支所,0,False
23,2401603,無床診療所,一般社団法人半田市医師会健康管理センター,0,False
23,2401942,無床診療所,かみいけクリニック,0,False
23,2402015,無床診療所,一般社団法人半田市医師会健康管理センター 緑ヶ丘支所,0,False
23,2402080,無床診療所,アトラスファミリークリニック,0,False
23,2402098,無床診療所,はんだ脳神経内科クリニック,0,False
23,2402213,病院,知多半島総合医療センター,416,False
23,2500164,病院,一般財団法人春日会 足立病院,60,True
23,2500198,病院,春日井市民病院,552,True
23,2500206,有床診療所,医療法人同仁会鳥居クリニック,19,True
23,2500818,病院,愛知県医療療育総合センター中央病院,267,True
23,2501477,病院,医療法人陽和会 春日井リハビリテーション病院,279,True
23,2501675,病院,春日井整形あさひ病院,80,True
23,2501717,有床診療所,医療法人愛洋会 加藤クリニック,19,True
23,2501808,病院,医療法人徳洲会 名古屋徳洲会総合病院,350,True
23,2501832,病院,特定医療法人晴和会 あさひが丘ホスピタル,172,False
23,2501923,無床診療所,医療法人 さかきばらクリニック,0,False
23,2502020,病院,医療法人社団喜峰会 東海記念病院,189,True
23,2502236,無床診療所,灰本クリニック,0,False
23,2502772,無床診療所,白山外科クリニック,0,False
23,2502830,無床診療所,藤山台診療所,0,False
23,2503077,無床診療所,おおのクリニック,0,False
23,2503689,無床診療所,アベクリニック,0,False
23,2503747,病院,医療法人光寿会 光寿会春日井病院,55,True
23,2503846,無床診療所,かとう内科クリニック,0,False
23,2503994,無床診療所,服部クリニック,0,False
23,2504117,無床診療所,きたしろ整形外科,0,False
23,2504141,病院,医療法人宏生会 高森台病院,160,True
23,2504315,無床診療所,たけだクリニック整形外科・内科,0,False
23,2504364,無床診療所,まつした整形外科,0,False
23,2504414,無床診療所,寺西心臓血管クリニック,0,False
23,2504463,無床診療所,田島クリニック,0,False
23,2504513,無床診療所,医療法人ＨＡＲＵＭＩ 春見あおいクリニック,0,False
23,2504547,病院,北陽会病院,120,True
23,2504588,無床診療所,勝川脳神経クリニック,0,False
23,2504703,無床診療所,やないクリニック,0,False
23,2504752,無床診療所,春日井みずほクリニック,0,False
23,2504844,無床診療所,かすがい関節・スポーツ整形外科いたみのクリニック,0,False
23,2504851,無床診療所,かすがい内科 咳と頭痛と生活習慣病,0,False
23,2504927,無床診療所,ひじかた内科・消化器内科クリニック,0,False
23,2504992,無床診療所,ブレインランドクリニック春日井,0,False
23,2505031,病院,医療法人昌峰会 東春病院,297,False
23,2600105,病院,豊川市民病院,501,True
23,2600402,病院,共立荻野病院,89,True
23,2600444,病院,国府病院,46,True
23,2600675,病院,医療法人桃源堂 後藤病院,30,True
23,2600774,病院,医療法人鳳紀会 可知病院,60,True
23,2600923,病院,医療法人聖俊会 樋口病院,43,True
23,2601400,病院,医療法人信雅会 宮地病院,46,True
23,2601566,無床診療所,医療法人社団卓和会 しらゆりクリニック,0,False
23,2601731,無床診療所,医療法人安形医院,0,False
23,2601830,無床診療所,こじま内科クリニック,0,False
23,2602036,病院,総合青山病院,193,True
23,2602135,病院,医療法人啓仁会 豊川さくら病院,92,True
23,2602150,無床診療所,丹羽クリニック,0,False
23,2602168,病院,タチバナ病院,43,True
23,2602176,無床診療所,大竹内科クリニック,0,False
23,2602234,病院,信愛医療療育センター,64,False
23,2602267,無床診療所,医療法人鳳紀会 豊川脳神経外科クリニック,0,False
23,2700061,病院,津島市民病院,352,True
23,2700517,病院,津島リハビリテーション病院,61,True
23,2700608,病院,医療法人三善会 津島中央病院,100,True
23,2700871,有床診療所,医療法人佳信会クリニックつしま,17,True
23,2700889,無床診療所,ジュンクリニック,0,False
23,2701036,無床診療所,奥村クリニック,0,False
23,2701085,病院,医療法人宏徳会 安藤病院,110,True
23,2701176,無床診療所,あいち健康クリニック,0,False
23,2701218,無床診療所,平井クリニック,0,False
23,2701234,無床診療所,ひだかファミリークリニック,0,False
23,2701242,無床診療所,つしまセントラルクリニック,0,False
23,2701259,無床診療所,しらはま整形外科皮膚科クリニック,0,False
23,2701283,無床診療所,はせ川外科,0,False
23,2701333,無床診療所,いけむら脳神経クリニック,0,False
23,2800119,病院,医療法人愛生館 小林記念病院,196,True
23,2800473,病院,医療法人十喜会 加藤病院,57,True
23,2800564,病院,碧南市民病院,255,True
23,2800796,無床診療所,医療法人作塚杉浦クリニック,0,False
23,2800861,無床診療所,もぎ内科クリニック,0,False
23,2800952,無床診療所,碧南整形外科,0,False
23,2800978,無床診療所,へきなん中央クリニック,0,False
23,2800994,無床診療所,碧南さとう整形外科リウマチ科,0,False
23,2801018,病院,新川中央病院,36,True
23,2900026,病院,医療法人豊田会 刈谷豊田総合病院,698,True
23,2900687,病院,医療法人大朋会 刈谷整形外科病院,80,True
23,2900794,病院,医療法人明和会 辻村外科病院,120,True
23,2900851,病院,医療法人成精会 刈谷病院,207,False
23,2900992,病院,刈谷記念病院,155,True
23,2901016,無床診療所,平野クリニック,0,False
23,2901206,病院,刈谷豊田東病院,198,True
23,2901537,有床診療所,杉浦医院,2,True
23,2901636,病院,一里山・今井病院,20,True
23,2901743,無床診療所,碧海中央クリニック,0,False
23,2901867,無床診療所,痛みとあたまの刈谷クリニック,0,False
23,2902022,無床診療所,こんどう整形外科,0,False
23,3000057,病院,愛知県厚生農業協同組合連合会 豊田厚生病院,600,True
23,3000230,病院,トヨタ記念病院,527,True
23,3000602,病院,医療法人三九会 三九朗病院,112,True
23,3001113,病院,医療法人美衣会 衣ヶ原病院,145,False
23,3001212,病院,豊田地域医療センター,190,True
23,3001337,病院,医療法人社団以心会 中野胃腸病院,67,True
23,3001345,無床診療所,医療法人泉会 細野クリニック,0,False
23,3001378,病院,医療法人豊寿会 斉藤病院,69,True
23,3001402,病院,医療法人愛知会 肛門科胃腸科家田病院,84,True
23,3001535,病院,医療法人慈和会 吉田整形外科病院,78,True
23,3001592,無床診療所,医療法人豊昌会豊田健康管理クリニック,0,False
23,3001618,無床診療所,医療法人平吹医院,0,False
23,3001972,病院,医療法人明心会 仁大病院,151,False
23,3002087,病院,医療法人豊和会 南豊田病院,240,False
23,3002228,有床診療所,小早川整形外科・内科,19,True
23,3002657,無床診療所,浅井クリニック,0,False
23,3003036,病院,愛知県厚生農業協同組合連合会 足助病院,148,True
23,3003168,無床診療所,山之手痛みと内科のクリニック,0,False
23,3003697,病院,さくら病院,95,True
23,3003846,無床診療所,山田醫院,0,False
23,3003945,無床診療所,あんどう内科皮フ科クリニック,0,False
23,3004406,無床診療所,はやしファミリークリニック,0,False
23,3004448,無床診療所,なかねクリニック,0,False
23,3004547,無床診療所,やまだ泌尿器科クリニック,0,False
23,3004638,病院,名豊病院,271,True
23,3004737,無床診療所,さなげクリニック,0,False
23,3004752,病院,医療法人三九会 三九朗東リハビリテーション病院,60,True
23,3004786,無床診療所,入谷Ｋ脳神経外科クリニック,0,False
23,3004794,無床診療所,むつおクリニック,0,False
23,3004836,無床診療所,こばやし腎・泌尿器科クリニック,0,False
23,3004943,無床診療所,まつもと内科・消化器クリニック,0,False
23,3004976,無床診療所,とくやま桜クリニック,0,False
23,3100105,病院,愛知県厚生農業協同組合連合会 安城更生病院,771,True
23,3100659,有床診療所,松井整形外科,19,True
23,3100832,病院,社会医療法人財団新和会 八千代病院,420,True
23,3101681,無床診療所,わたべクリニック,0,False
23,3101871,無床診療所,三河安城クリニック,0,False
23,3102002,無床診療所,みうらクリニック,0,False
23,3102044,無床診療所,アイエムクリニック・安城,0,False
23,3102416,無床診療所,安城真クリニック,0,False
23,3102424,無床診療所,文堂脳神経外科クリニック,0,False
23,3102465,無床診療所,いちかわメディカルクリニック,0,False
23,3200152,病院,西尾病院,170,True
23,3200210,病院,西尾市民病院,321,True
23,3200707,無床診療所,なかざわ記念クリニック,0,False
23,3201168,無床診療所,すずきクリニック,0,False
23,3201176,病院,山尾病院,105,True
23,3201267,病院,あいちリハビリテーション病院,145,True
23,3201325,病院,医療法人社団福祉会 高須病院,105,True
23,3201382,有床診療所,医療法人深見十全会 深見クリニック,19,True
23,3201663,無床診療所,おのだクリニック,0,False
23,3201796,無床診療所,酒井クリニック,0,False
23,3201853,無床診療所,吉良内科,0,False
23,3201937,無床診療所,１３あさいクリニック,0,False
23,3300044,病院,蒲郡市民病院,382,True
23,3300986,病院,医療法人北辰会 蒲郡厚生館病院,106,True
23,3301083,無床診療所,畑川クリニック,0,False
23,3301216,有床診療所,医療法人豊誠会とよおかクリニック,19,True
23,3301398,無床診療所,こんどうクリニック,0,False
23,3301497,無床診療所,はたのクリニック,0,False
23,3301646,無床診療所,オリエンタル蒲郡健診センター,0,False
23,3301703,病院,医療法人積善会 蒲郡東部病院,210,True
23,3301752,有床診療所,ふじい整形外科,19,True
23,3301836,無床診療所,かんだ消化器内科,0,False
23,3400281,病院,犬山病院,332,False
23,3400505,有床診療所,医療法人啓友会宮崎整形外科・外科・内科,19,False
23,3400521,病院,社会医療法人志聖会 総合犬山中央病院,288,True
23,3400653,有床診療所,いたつ内科クリニック,7,True
23,3400703,有床診療所,医療法人ふなびきクリニック,19,True
23,3400885,有床診療所,ハートクリニックさわだ,19,True
23,3400984,無床診療所,くわばらクリニック,0,False
23,3401081,病院,あいちせぼね病院,48,True
23,3401198,無床診療所,吉田内科クリニック,0,False
23,3401222,病院,医療法人大町会 犬山駅西病院,107,False
23,3500403,無床診療所,医療法人健幸会伊藤クリニック,0,False
23,3500916,無床診療所,たてやまクリニック,0,False
23,3500965,病院,地方独立行政法人知多半島総合医療機構 知多半島りんくう病院,199,False
23,3600138,病院,愛知県厚生農業協同組合連合会 江南厚生病院,630,True
23,3600641,無床診療所,水谷内科,0,False
23,3600807,無床診療所,平成クリニック,0,False
23,3601094,無床診療所,上田整形外科,0,False
23,3601292,病院,佐藤病院,125,True
23,3601458,無床診療所,ゆたかハートクリニック,0,False
23,3601557,無床診療所,やまもとファミリークリニック,0,False
23,3601607,無床診療所,あかどうじクリニック,0,False
23,3601664,無床診療所,キトキトクリニック,0,False
23,3800035,病院,小牧市民病院,520,True
23,3800530,無床診療所,舟橋外科クリニック,0,False
23,3800571,無床診療所,医療法人柳雪会江崎外科内科,0,False
23,3800985,病院,小牧第一病院,170,True
23,3801116,無床診療所,浅野外科内科,0,False
23,3801355,無床診療所,医療法人喜光会北里クリニック,0,False
23,3801496,無床診療所,もとまちクリニック,0,False
23,3801652,無床診療所,医療法人啓生会 小木南クリニック,0,False
23,3801736,病院,小牧ようてい記念病院,120,True
23,3801827,無床診療所,ふかつ泌尿器科・皮ふ科クリニック,0,False
23,3801926,無床診療所,ＤＯＩ ＣＬＩＮＩＣ,0,False
23,3801991,無床診療所,小牧いとう整形外科,0,False
23,3802015,無床診療所,はたのクリニック,0,False
23,3900116,病院,稲沢市民病院,278,True
23,3900553,無床診療所,医療法人芙蓉会田中医院,0,False
23,3900629,有床診療所,医療法人洲栄会山村外科,19,False
23,3900777,無床診療所,稲沢クリニック,0,False
23,3901064,病院,愛知県厚生農業協同組合連合会 稲沢厚生病院,225,True
23,3901098,病院,医療法人回精会 北津島病院,294,True
23,3901155,病院,医療法人六輪会 六輪病院,105,True
23,3901171,無床診療所,医療法人佳信会尾張西クリニック,0,False
23,3901254,無床診療所,荒尾内科・耳鼻咽喉科,0,False
23,3901338,無床診療所,医療法人谷医院,0,False
23,3901429,無床診療所,稲垣医院,0,False
23,3901577,無床診療所,オリーブ内科クリニック,0,False
23,3901619,無床診療所,根木クリニック,0,False
23,3901924,無床診療所,明誠クリニック,0,False
23,3901973,無床診療所,みんなの森ファミリークリニック,0,False
23,4000106,病院,医療法人長生会 茶臼山厚生病院,48,True
23,4000577,病院,医療法人星野病院,52,True
23,4000601,病院,新城市民病院,199,True
23,4000684,無床診療所,内山医院,0,False
23,4000783,無床診療所,泌尿器科おぐろクリニック,0,False
23,4100997,無床診療所,じんのクリニック,0,False
23,4101094,無床診療所,まつしまクリニック,0,False
23,4101342,無床診療所,おおすが整形外科,0,False
23,4101359,病院,公立西知多総合病院,468,True
23,4101391,無床診療所,加木屋脳神経内科クリニック,0,False
23,4101409,病院,小嶋病院,240,True
23,4101599,無床診療所,さんのうメディカルクリニック,0,False
23,4101623,無床診療所,太田川オレンジクリニック,0,False
23,4200086,病院,医療法人共和会 共和病院,266,True
23,4200607,病院,あいち小児保健医療総合センター,200,True
23,4200920,有床診療所,あおぞらファミリークリニック,19,True
23,4200946,有床診療所,前原整形外科リハビリテーションクリニック,19,True
23,4201100,無床診療所,いみずクリニック,0,False
23,4201159,無床診療所,せんだ内科・外科クリニック,0,False
23,4201167,無床診療所,てらだ内科クリニック,0,False
23,4201191,有床診療所,名古屋南脳神経外科クリニック,19,True
23,4201225,無床診療所,よこね町内科呼吸器科クリニック,0,False
23,4201241,無床診療所,大府うららクリニック,0,False
23,4300597,無床診療所,平クリニック,0,False
23,4300613,無床診療所,クリニックひらまつ,0,False
23,4300738,病院,西知多リハビリテーション病院,59,True
23,4300746,病院,知多小嶋記念病院,227,True
23,4300860,無床診療所,こしむらエールクリニック,0,False
23,4400223,病院,医療法人深谷会 富士病院,130,True
23,4400249,病院,医療法人秋田病院,150,True
23,4400462,無床診療所,いわせ外科クリニック,0,False
23,4400561,無床診療所,医療法人セントファミリアクリニック,0,True
23,4400728,無床診療所,大山クリニック,0,False
23,4400819,無床診療所,高野ウエルネス内科医院,0,False
23,4400827,無床診療所,よだ整形外科,0,False
23,4400843,有床診療所,一般社団法人生活習慣病予防センター あいちハートクリニック,5,True
23,4500030,病院,独立行政法人労働者健康安全機構 旭労災病院,250,True
23,4500857,無床診療所,あらかわ医院,0,False
23,4500923,無床診療所,ひでき・ゆかりクリニック,0,False
23,4500956,無床診療所,旭街道にしかわ内科クリニック,0,False
23,4500964,無床診療所,医療法人大岩医院,0,False
23,4501012,無床診療所,いながきクリニック,0,False
23,4501111,無床診療所,あさひ内科,0,False
23,4501202,無床診療所,庄南内科,0,False
23,4501392,無床診療所,尾張旭にいのみ内科消化器内科クリニック,0,False
23,4501418,無床診療所,あさひの森 内科消化器クリニック,0,False
23,4501434,無床診療所,あさひの森整形外科リハビリクリニック,0,False
23,4501442,無床診療所,尾張旭いなもり整形外科,0,False
23,4501475,無床診療所,尾張旭駅北 かみむら内科ハートクリニック,0,False
23,4600343,病院,高浜豊田病院,142,True
23,4700366,病院,岩倉病院,141,True
23,4700408,有床診療所,ようてい中央クリニック,19,True
23,4700457,無床診療所,かみのクリニック,0,False
23,4700481,無床診療所,ませきクリニック,0,False
23,4700549,無床診療所,おしたにクリニック,0,False
23,4800042,病院,桶狭間病院 藤田こころケアセンター,283,False
23,4800166,病院,藤田医科大学病院,376,True
23,4800430,有床診療所,医療法人利靖会 前原外科 整形外科 小児科,11,True
23,4800570,無床診療所,中京サテライトクリニック,0,False
23,4800604,有床診療所,医療法人豊水会 みずのクリニック,6,True
23,4800620,無床診療所,医療法人 豊明クリニック,0,False
23,4800711,無床診療所,医療法人成田内科循環器科,0,False
23,4800760,無床診療所,すずき内科クリニック,0,False
23,4800869,無床診療所,おおはらクリニック,0,False
23,4800968,無床診療所,桜花クリニック,0,False
23,4900131,病院,医療法人大医会 日進おりど病院,130,True
23,4900149,病院,医療法人福友会 福友病院,185,True
23,4900156,病院,医療法人財団愛泉会 愛知国際病院,72,True
23,4900305,有床診療所,杉上クリニック,3,True
23,4901188,無床診療所,中京スパインクリニック,0,False
23,4901204,無床診療所,なしのきクリニック,0,False
23,4901238,有床診療所,アガペクリニック,17,False
23,4901352,病院,日進南病院,176,True
23,4901451,無床診療所,かぐやま整形外科 痛みと運動のクリニック,0,False
23,4901501,無床診療所,たなか呼吸器とぜんそくのクリニック,0,False
23,5002044,無床診療所,愛知とうぶクリニック,0,False
23,5002101,無床診療所,みやけ整形外科,0,False
23,5002135,有床診療所,なごやひがし整形外科・脊椎クリニック,19,True
23,5201406,無床診療所,とよ山内科クリニック,0,False
23,5201463,無床診療所,わかばファミリークリニック,0,False
23,5201513,無床診療所,杉山医院,0,False
23,5201521,無床診療所,なごやスポーツ＆リハビリクリニック,0,False
23,5300372,病院,さくら総合病院,390,True
23,5300455,有床診療所,宮川クリニック,2,False
23,5300471,有床診療所,医療法人 山田外科内科,19,True
23,5300539,有床診療所,伊藤整形・内科 あいちスポーツ・人工関節クリニック,19,True
23,5300562,無床診療所,かめいクリニック,0,False
23,5300885,無床診療所,ゆうゆう内科おなかクリニック,0,False
23,5300893,無床診療所,在宅医療ロータス,0,False
23,5601431,無床診療所,加藤胃腸科内科とびしまこどもクリニック,0,False
23,5601662,無床診療所,医療法人 こうのう内科,0,False
23,5601894,病院,医療法人瑞頌会 尾張温泉かにえ病院,118,True
23,5602413,無床診療所,梶原クリニック,0,False
23,5602835,無床診療所,すぎうらクリニック,0,False
23,5602967,無床診療所,やまだクリニック,0,False
23,5602975,無床診療所,成山ひだまりクリニック,0,False
23,5603031,病院,船入病院,66,True
23,5700498,病院,医療法人共生会 みどりの風南知多病院,218,False
23,5701207,病院,医療法人赫和会 杉石病院,132,True
23,5701322,病院,愛知県厚生農業協同組合連合会 知多厚生病院,193,True
23,5701728,病院,渡辺病院,111,True
23,5702247,有床診療所,浜田整形外科・内科クリニック,19,True
23,5702254,有床診療所,浅井外科,19,True
23,5702288,病院,石川病院,60,True
23,5702387,病院,医療法人寿康会 大府病院,158,False
23,5702429,無床診療所,ハーブ内科皮フ科,0,False
23,5702643,有床診療所,医療法人宏友会 竹内整形外科・内科クリニック,19,True
23,5702684,無床診療所,やまもとクリニック,0,False
23,5703013,無床診療所,くめクリニック,0,False
23,5703062,無床診療所,まつおか整形外科,0,False
23,5703112,無床診療所,やのクリニック,0,False
23,5703146,無床診療所,はばたきファミリークリニック,0,False
23,6000633,病院,京ケ峰岡田病院,445,False
23,6100045,病院,医療法人寿光会 寿光会中央病院,173,True
23,6100086,病院,みよし市民病院,114,True
23,6100854,無床診療所,たかもと内科クリニック,0,False
23,6101019,無床診療所,いしい外科三好クリニック,0,False
23,6101027,無床診療所,たきざわ胃腸科外科,0,False
23,6101092,無床診療所,みよしうちだハートクリニック,0,False
23,6300421,無床診療所,東栄町国民健康保険東栄診療所,0,False
23,7100010,病院,愛知県厚生農業協同組合連合会 渥美病院,302,True
23,7100358,無床診療所,津金医院,0,False
23,7200109,無床診療所,かがクリニック,0,False
23,7200257,無床診療所,医療法人彰和会おづクリニック,0,False
23,7200331,有床診療所,医療法人佳信会あすかクリニック愛西,19,True
23,7200448,無床診療所,山田ファミリークリニック,0,False
23,7200521,無床診療所,リハビリ・整形外科３８５クリニック,0,False
23,7300339,病院,医療法人生寿会 五条川リハビリテーション病院,160,True
23,7300420,無床診療所,はなさきクリニック,0,False
23,7300495,病院,はるひ呼吸器病院,120,True
23,7300503,無床診療所,須ヶ口クリニック,0,False
23,7300537,無床診療所,はなみずき整形外科スポーツクリニック,0,False
23,7400154,病院,医療法人済衆館 済衆館病院,331,True
23,7400188,有床診療所,ようていファミリークリニック,19,True
23,7400204,無床診療所,医療法人倫紀会いぶき野クリニック,0,False
23,7400352,病院,医療法人光寿会 光寿会リハビリテーション病院,100,True
23,7400519,無床診療所,ようてい健康増進クリニック,0,False
23,7400568,有床診療所,名古屋人工関節整形外科,19,False
23,7400675,無床診療所,はなみずき整形外科スポーツクリニック北名古屋,0,False
23,7400717,無床診療所,ひらまつクリニック 内科・消化器内科,0,False
23,7400840,無床診療所,西春内科・在宅クリニック,0,False
23,7400857,無床診療所,こっつ山ファミリークリニック,0,False
23,7400873,無床診療所,新居クリニック,0,False
23,7500011,病院,愛知県厚生農業協同組合連合会 海南病院,534,True
23,7500052,有床診療所,服部整形外科皮フ科,18,True
23,7500227,病院,偕行会リハビリテーション病院,120,True
23,7500268,無床診療所,医療法人佳信会 桜セントラルクリニック,0,False
23,7600068,病院,医療法人宝会 七宝病院,184,False
23,7600092,無床診療所,医療法人佳信会 あすかクリニック,0,False
23,7600472,病院,あま市民病院,180,True
23,7600480,無床診療所,杉村医院,0,False
23,7600506,無床診療所,医療法人浅井外科 浅井外科クリニック,0,False
23,7600530,無床診療所,小野クリニック,0,False
23,7600571,無床診療所,森整形外科クリニック,0,False
23,7600597,無床診療所,駅前ふじたクリニック,0,False
23,7600704,無床診療所,脳神経外科のぞみクリニック,0,False
23,7700017,病院,愛知医科大学病院,900,True
23,7700058,病院,医療法人橘会 東名病院,58,True
23,7700173,無床診療所,名古屋脳神経外科クリニック,0,False
23,7700256,無床診療所,愛知淑徳大学クリニック,0,False
23,7700538,無床診療所,長久手南クリニック,0,False
23,7700652,無床診療所,あいち脳神経クリニック,0,False
23,9800039,病院,国立研究開発法人国立長寿医療研究センター,383,True
23,9800146,病院,独立行政法人国立病院機構 東尾張病院,183,False
23,9800476,病院,独立行政法人国立病院機構 東名古屋病院,370,True
23,9800898,病院,独立行政法人国立病院機構 豊橋医療センター,388,True
23,9900110,病院,名古屋大学医学部附属病院,76,True
23,9900631,病院,独立行政法人国立病院機構 名古屋医療センター,656,True
24,0101493,無床診療所,辻クリニック,0,False
24,0101634,無床診療所,佐藤内科,0,False
24,0101782,無床診療所,ペルソナクリニック,0,False
24,0101915,無床診療所,きせ腎泌尿器科・かんぽうクリニック,0,False
24,0105072,病院,医療法人誠会山崎病院,48,True
24,0105080,病院,医療法人桑名病院,50,True
24,0105122,有床診療所,坂井橋クリニック,19,True
24,0105130,病院,ヨナハ丘の上病院,185,True
24,0105171,病院,青木記念病院,106,True
24,0105338,有床診療所,青木内科,17,True
24,0105429,有床診療所,ウエルネス医療クリニック,8,True
24,0105445,無床診療所,慶友整形外科,0,False
24,0105569,病院,もりえい病院,58,True
24,0105593,有床診療所,医療法人 宮口内科循環器科,19,True
24,0105643,病院,医療法人（社団）佐藤病院 長島中央病院,160,True
24,0105718,無床診療所,のだ内科・リウマチ膠原病・訪問診療クリニック,0,False
24,0105742,無床診療所,一般財団法人 三重県産業衛生協会 くわな健康クリニック,0,False
24,0105791,病院,桑名市総合医療センター,400,True
24,0105858,無床診療所,田中クリニック,0,False
24,0105916,無床診療所,桑名もり内科,0,False
24,0203612,無床診療所,山中内科・小児科,0,False
24,0204271,無床診療所,日置クリニック,0,False
24,0204651,無床診療所,長谷川脳神経外科クリニック,0,False
24,0204875,無床診療所,にのみやクリニック内科外科,0,False
24,0204966,無床診療所,にしい腎泌尿器科,0,False
24,0205013,病院,独立行政法人地域医療機能推進機構 四日市羽津医療センター,226,True
24,0205047,病院,市立四日市病院,535,True
24,0205112,病院,医療法人富田浜病院,153,True
24,0205237,病院,社会医療法人居仁会総合心療センターひなが,480,False
24,0205286,病院,医療法人社団山中胃腸科病院,93,True
24,0205336,病院,医療法人社団主体会主体会病院,228,True
24,0205419,病院,小山田記念温泉病院,377,True
24,0205435,病院,医療法人石田会 石田胃腸科病院,38,True
24,0205484,病院,水沢病院,212,True
24,0205500,無床診療所,四日市膝肩スポーツの整形外科クリニック,0,False
24,0205518,無床診療所,医療法人社団三原クリニック,0,False
24,0205575,無床診療所,医療法人山脇会 とと内科診療所,0,False
24,0205583,無床診療所,小林内科胃腸科,0,False
24,0205831,無床診療所,小野外科内科,0,False
24,0205864,無床診療所,みやこクリニック,0,False
24,0205872,無床診療所,さくらクリニック,0,False
24,0205989,病院,みたき総合病院,199,True
24,0210047,無床診療所,三重呼吸器アレルギー・内科クリニック,0,False
24,0210070,無床診療所,四日市おなかのクリニック,0,False
24,0215186,無床診療所,医療法人 重盛外科内科,0,False
24,0215509,無床診療所,医療法人 愛済会 らんクリニック,0,False
24,0215632,病院,三重県立総合医療センター,400,True
24,0215673,無床診療所,すずらん診療所,0,False
24,0215756,病院,医療法人徳新会 四日市徳新会病院,42,True
24,0215772,病院,医療法人社団プログレス 四日市消化器病センター,40,True
24,0215913,無床診療所,ＫＫＣウエルネス四日市健診クリニック,0,False
24,0302083,無床診療所,ますずがわ神経内科クリニック,0,False
24,0302174,無床診療所,小西内科クリニック,0,False
24,0302323,有床診療所,しまむら外科内科,2,True
24,0302463,無床診療所,どうでんクリニック,0,False
24,0302570,無床診療所,鈴鹿内科・呼吸器内科,0,False
24,0305052,病院,鈴鹿中央総合病院,460,True
24,0305060,病院,医療法人博仁会村瀬病院,220,True
24,0305144,病院,高木病院,79,True
24,0305177,病院,鈴鹿回生病院,379,True
24,0305201,病院,塩川病院,62,True
24,0305243,無床診療所,医療法人重幹会川村外科内科,0,False
24,0305391,無床診療所,医療法人 羽山クリニック,0,False
24,0305466,有床診療所,医療法人尾池整形外科,8,True
24,0305540,無床診療所,医療法人 おかべ泌尿器科皮フ科,0,False
24,0305599,無床診療所,家田クリニック,0,False
24,0305664,無床診療所,医療法人 裕心会 上田内科クリニック,0,False
24,0305698,有床診療所,村瀬病院附属クリニック,19,True
24,0305730,無床診療所,白鳳クリニック,0,False
24,0305839,有床診療所,医療法人 鈴鹿クリニック,1,True
24,0315051,無床診療所,かわぐち脳神経クリニック,0,False
24,0315085,無床診療所,すずか泌尿器科・腎クリニック,0,False
24,0400572,有床診療所,みえ呼吸嚥下リハビリクリニック,14,True
24,0400630,無床診療所,みずほ台クリニック,0,False
24,0405050,病院,亀山市立医療センター,90,True
24,0405167,無床診療所,のぼのクリニック,0,False
24,0405217,病院,田中病院,79,True
24,0503219,無床診療所,大橋クリニック,0,False
24,0503912,無床診療所,山本クリニック,0,False
24,0504100,無床診療所,ゆうあいクリニック,0,False
24,0504662,無床診療所,ひさい脳神経外科クリニック,0,False
24,0504753,無床診療所,いぐち内科・消化器内科クリニック,0,False
24,0504803,無床診療所,一志ささべクリニック,0,False
24,0505032,病院,三重県立こころの医療センター,318,False
24,0505065,病院,医療法人同心会遠山病院,160,True
24,0505115,病院,医療法人永井病院,199,True
24,0505123,病院,武内病院,180,True
24,0505263,病院,津生協病院,120,True
24,0505297,病院,医療法人吉田クリニック,80,True
24,0505313,病院,倉本内科病院,23,True
24,0505362,病院,岩崎病院,52,True
24,0505636,無床診療所,フェニックス健診クリニック,0,False
24,0505701,無床診療所,高野尾クリニック,0,False
24,0505867,病院,医療法人暲純会榊原温泉病院,158,True
24,0505883,病院,藤田医科大学七栗記念病院,218,True
24,0505933,病院,ひさい内科病院,32,False
24,0505974,病院,医療法人凰林会榊原白鳳病院,199,True
24,0505982,無床診療所,津田クリニック,0,False
24,0506048,無床診療所,津かわもと救急・内科クリニック,0,False
24,0515015,無床診療所,みどりクリニック,0,False
24,0515106,病院,三重県立一志病院,46,True
24,0515122,無床診療所,医療法人大樹会 はくさんクリニック,0,False
24,0515163,病院,若葉病院,130,True
24,0515346,病院,大門病院,106,True
24,0515387,無床診療所,医療法人社団Ｍ．Ｃ．Ｄ．おがわ脳神経外科クリニック,0,False
24,0515528,無床診療所,ＫＫＣ健康スクエア ウエルネス三重健診クリニック,0,False
24,0515585,無床診療所,医療法人 津健康クリニック,0,False
24,0515627,無床診療所,あのつクリニック,0,False
24,0515700,無床診療所,おおにし呼吸器・糖尿病内科 呼春の森診療所,0,False
24,0515817,無床診療所,ますだクリニック,0,False
24,0515825,無床診療所,津かじわらクリニック,0,False
24,0515841,無床診療所,中村整形外科皮フ科,0,False
24,0701516,病院,松阪厚生病院,780,True
24,0702373,無床診療所,よしむら医院,0,False
24,0702472,病院,南勢病院,256,True
24,0702555,無床診療所,やまなか脳神経クリニック,0,False
24,0702589,無床診療所,中島医院,0,False
24,0705012,病院,社会福祉法人恩賜財団済生会松阪市民病院,304,True
24,0705053,病院,社会福祉法人恩賜財団済生会松阪総合病院,380,True
24,0705111,病院,三重県厚生農業協同組合連合会松阪中央総合病院,440,True
24,0705145,病院,医療法人 桜木記念病院,60,True
24,0705210,無床診療所,堀江クリニック,0,False
24,0705509,無床診療所,医療法人社団浜田内科胃腸科,0,False
24,0705616,無床診療所,野呂医院,0,False
24,0705624,病院,花の丘病院,96,True
24,0705707,有床診療所,おかの医院,1,True
24,0705822,無床診療所,嬉野医院,0,False
24,0705939,無床診療所,まえのへた脳神経クリニック,0,False
24,0705970,無床診療所,まとかた大西クリニック,0,False
24,0802025,無床診療所,村松有滝診療所,0,False
24,0802132,無床診療所,うめだクリニック,0,False
24,0802280,無床診療所,ＭＧ糖尿病・内分泌・甲状腺クリニック,0,False
24,0802330,無床診療所,あけの脳神経内科クリニック,0,False
24,0805036,病院,市立伊勢総合病院,300,True
24,0805135,無床診療所,石橋外科内科,0,False
24,0805267,病院,伊勢田中病院,83,True
24,0805283,無床診療所,医療法人海野内科,0,False
24,0805465,病院,医療法人全心会 伊勢ひかり病院,193,True
24,0805507,病院,伊勢赤十字病院,616,True
24,0805556,無床診療所,ハートクリニック福井,0,False
24,0805648,無床診療所,医療法人社団山本医院,0,False
24,0805721,無床診療所,いせ山川クリニック,0,False
24,0805762,有床診療所,さいとう内科呼吸器科三重スリープクリニック,3,True
24,0905182,無床診療所,中村クリニック,0,False
24,1000652,無床診療所,九鬼脳神経クリニック,0,False
24,1000686,無床診療所,西井外科胃腸科,0,False
24,1005065,病院,尾鷲総合病院,199,True
24,1105048,病院,医療法人紀南会熊野病院,295,False
24,1105212,無床診療所,協立内科外科医院,0,False
24,1205178,病院,一般財団法人信貴山病院分院上野病院,396,False
24,1205186,病院,社会医療法人畿内会 岡波総合病院,335,True
24,1205194,病院,医療法人森川病院,52,True
24,1205244,病院,伊賀市立上野総合市民病院,281,True
24,1205293,有床診療所,浅野整形外科内科,19,True
24,1205335,無床診療所,竹代クリニック,0,False
24,1205442,無床診療所,医療法人阿山共生会 河合診療所,0,False
24,1205517,無床診療所,医療法人佐那具医院,0,False
24,1205533,無床診療所,吉村クリニック,0,False
24,1205616,有床診療所,医療法人敬人会 金丸脳脊椎外科クリニック,15,True
24,1205632,無床診療所,おおのクリニック,0,False
24,1305036,病院,医療法人寺田病院,95,True
24,1305416,無床診療所,うえなみ内科クリニック,0,False
24,1305499,無床診療所,総合医療クリニック桔梗,0,False
24,1305507,無床診療所,医療法人大町会 名張ふくにしクリニック,0,False
24,1305515,病院,名張市立病院,200,False
24,1405018,病院,三重県厚生農業協同組合連合会 三重北医療センターいなべ総合病院,220,True
24,1405034,病院,日下病院,154,True
24,2005106,無床診療所,もりえい病院附属伊勢湾岸クリニック,0,False
24,2105104,病院,医療法人康誠会東員病院,247,False
24,2200681,無床診療所,にしはら整形外科スポーツクリニック,0,False
24,2205011,無床診療所,川越町国民健康保険川越診療所,0,False
24,2205029,病院,三重県厚生農業協同組合連合会 三重北医療センター菰野厚生病院,230,True
24,2705069,病院,三重県厚生農業協同組合連合会 大台厚生病院,110,True
24,2705150,病院,社会福祉法人恩賜財団済生会支部三重県済生会明和病院,250,False
24,2705226,病院,三重ハートセンター,45,True
24,2705234,無床診療所,大台町報徳診療所,0,False
24,2801264,無床診療所,関岡クリニック,0,False
24,2801322,無床診療所,こうせんクリニック,0,False
24,2805034,病院,玉城町国民健康保険玉城病院,50,True
24,2805109,病院,町立南伊勢病院,50,True
24,2805364,有床診療所,医療法人 白奉会 中嶋医院,19,True
24,2805398,無床診療所,医療法人社団久瀬医院,0,False
24,2805497,有床診療所,南島メディカルセンター,15,True
24,2905032,病院,三重県立志摩病院,336,True
24,2905040,病院,国民健康保険志摩市民病院,77,True
24,3005022,病院,長島回生病院,74,True
24,3105012,病院,紀南病院,240,True
24,4000022,病院,国立大学法人三重大学医学部附属病院,685,True
24,4000030,病院,独立行政法人国立病院機構三重中央医療センター,434,True
24,4100012,病院,独立行政法人国立病院機構鈴鹿病院,290,True
24,4100020,病院,独立行政法人国立病院機構三重病院,258,True
24,4100038,病院,独立行政法人国立病院機構 榊原病院,157,False
25,0100015,病院,独立行政法人地域医療機能推進機構 滋賀病院,310,True
25,0100155,病院,大津赤十字病院,602,True
25,0101526,病院,医療法人明和会 琵琶湖病院,271,True
25,0102599,病院,医療法人華頂会 琵琶湖養育院病院,150,True
25,0103431,病院,医療法人社団 瀬田川病院,276,True
25,0103605,病院,医療法人弘英会 琵琶湖大橋病院,199,True
25,0104058,病院,医療法人藤樹会 滋賀里病院,255,False
25,0104546,病院,医療法人幸生会 琵琶湖中央リハビリテーション病院,171,True
25,0105170,無床診療所,医療法人 緑生会 南大津クリニック,0,False
25,0106004,病院,大津赤十字志賀病院,143,True
25,0106152,病院,医療法人良善会 ひかり病院,170,True
25,0107374,病院,市立大津市民病院,369,True
25,0107424,無床診療所,医療法人道器 さくらいクリニック,0,False
25,0107598,無床診療所,まつざき内科クリニック,0,False
25,0107671,無床診療所,くろづ外科医院,0,False
25,0107879,無床診療所,医療法人つかだ内科クリニック,0,False
25,0108414,無床診療所,なかじま内科・整形スポーツクリニック,0,False
25,0201722,病院,医療法人友仁会 友仁山崎病院,157,True
25,0202043,病院,彦根市立病院,415,True
25,0202357,病院,彦根中央病院,282,True
25,0202522,無床診療所,医療法人社団成仁会 成美記念クリニック,0,False
25,0300102,病院,長浜赤十字病院,482,True
25,0301225,無床診療所,布施クリニック,0,False
25,0301373,病院,市立長浜病院,541,True
25,0301563,無床診療所,医療法人みやこ みやこクリニック,0,False
25,0301688,病院,長浜市立湖北病院,130,True
25,0301837,病院,セフィロト病院,176,False
25,0301860,無床診療所,医療法人柊英会 佐々木クリニック,0,False
25,0400076,病院,公益財団法人青樹会 滋賀八幡病院,350,False
25,0400779,無床診療所,たに整形外科,0,False
25,0401322,病院,近江八幡市立総合医療センター,403,True
25,0401470,無床診療所,おさだファミリークリニック,0,False
25,0401694,病院,公益財団法人近江兄弟社 ヴォーリズ記念病院,168,True
25,0401736,無床診療所,淡海せぼねクリニック,0,False
25,0500503,病院,東近江敬愛病院,154,True
25,0500693,無床診療所,医療法人社団幸信会 青葉メディカル,0,False
25,0500842,病院,医療法人医誠会 神崎中央病院,400,True
25,0500859,病院,医療法人恒仁会 近江温泉病院,225,True
25,0500875,病院,医療法人社団昴会 湖東記念病院,129,True
25,0501071,病院,東近江市立 能登川病院,102,True
25,0501303,有床診療所,東近江市蒲生医療センター,19,True
25,0600956,病院,びわこ学園医療福祉センター草津,126,True
25,0601012,病院,滋賀県立精神医療センター,100,False
25,0601897,有床診療所,医療法人 加藤乳腺クリニック,12,True
25,0601954,病院,医療法人芙蓉会 南草津病院,137,True
25,0601962,病院,医療法人徳洲会 近江草津徳洲会病院,199,True
25,0601970,病院,社会医療法人 誠光会 淡海医療センター,420,True
25,0602069,有床診療所,草津ハートセンター,19,True
25,0602275,無床診療所,わかくさ耳鼻咽喉科,0,False
25,0602747,病院,社会医療法人誠光会 淡海ふれあい病院,199,True
25,0603059,無床診療所,はやし脳神経外科クリニック,0,False
25,0603067,無床診療所,南草津おなかと胃・大腸カメラのクリニック,0,False
25,0700392,病院,社会福祉法人恩賜財団 済生会守山市民病院,199,True
25,0701101,病院,滋賀県立総合病院,588,True
25,0701275,無床診療所,医療法人さくら会 守山さくら内科クリニック,0,False
25,0701358,無床診療所,はたスポーツ整形クリニック,0,False
25,1200194,病院,社会福祉法人恩賜財団 済生会滋賀県病院,387,True
25,1200269,無床診療所,一般財団法人競馬共助会 栗東診療所,0,False
25,1201093,無床診療所,ＫＫＣウエルネス栗東健診クリニック,0,False
25,1201275,無床診療所,草津たにもと脳神経外科クリニック,0,False
25,1300978,病院,びわこ学園医療福祉センター野洲,143,True
25,1301125,無床診療所,医療法人白井医院,0,False
25,1301232,病院,市立野洲病院,199,True
25,1400257,病院,一般社団法人 水口病院,407,False
25,1401628,病院,医療法人社団仁生会 甲南病院,199,True
25,1401925,病院,甲賀市立 信楽中央病院,40,True
25,1402162,無床診療所,田代外科・整形外科医院,0,False
25,1402261,病院,公立甲賀病院,409,True
25,1402287,有床診療所,ハートクリニックこころ,19,True
25,1402337,無床診療所,医療法人圭裕会 田代クリニック,0,False
25,1500577,病院,医療法人社団昴会 日野記念病院,150,True
25,1500783,無床診療所,石塚内科クリニック,0,False
25,1800019,病院,公益財団法人 豊郷病院,313,True
25,1800274,無床診療所,医療法人社団健友会 若松医院,0,False
25,2201043,病院,医療法人 マキノ病院,120,True
25,2201100,病院,一般財団法人近江愛隣園 今津病院,80,True
25,2201183,病院,高島市民病院,206,True
25,2201282,無床診療所,医療法人のぞみ会 藤井医院,0,False
25,2300183,病院,医療法人社団美松会 生田病院,149,True
25,2300266,無床診療所,湖南市立石部診療所,0,False
25,2300415,無床診療所,医療法人和晃会ふじた医院,0,False
25,2400355,無床診療所,かがい医院,0,False
25,9900019,病院,独立行政法人国立病院機構 東近江総合医療センター,320,True
25,9900209,病院,独立行政法人国立病院機構 紫香楽病院,180,True
25,9902650,病院,滋賀医科大学医学部附属病院,603,True
26,0100964,病院,京都博愛会病院,389,True
26,0101806,病院,冨田病院,99,True
26,0104537,病院,医療法人明生会賀茂病院,59,True
26,0105062,病院,北山武田病院,62,False
26,0105377,有床診療所,医療法人財団今井会足立病院 足立乳腺クリニック,12,True
26,0105757,病院,社会福祉法人 京都社会事業財団 京都からすま病院,99,True
26,0200244,病院,西陣病院,300,True
26,0200251,病院,社会医療法人西陣健康会 堀川病院,197,True
26,0200780,病院,医療法人 相馬病院,120,True
26,0202158,病院,医療法人幸生会 室町病院,50,True
26,0203602,病院,医療法人愛寿会 同仁病院,39,True
26,0204683,無床診療所,医療法人財団康生会 梶井町放射線診断科クリニック,0,False
26,0204741,無床診療所,公益社団法人京都保健会上京診療所,0,False
26,0301430,無床診療所,一般財団法人 京都予防医学センター附属診療所,0,False
26,0303667,無床診療所,一般財団法人 京都工場保健会診療所,0,False
26,0306454,無床診療所,医療法人 知音会 御池クリニック,0,False
26,0306470,病院,医療法人毛利病院,60,True
26,0306868,無床診療所,社会医療法人清仁会 シミズ四条大宮クリニック,0,False
26,0306942,病院,医療法人西大路病院,70,True
26,0307262,無床診療所,医療法人大澤会 大澤クリニック,0,False
26,0307411,無床診療所,公益社団法人京都保健会 京都民医連太子道診療所,0,False
26,0308393,無床診療所,医療法人 知音会 四条烏丸クリニック,0,False
26,0308476,無床診療所,医療法人 加藤乳腺クリニック堀川御池,0,False
26,0308526,有床診療所,医療法人 究理堂 小石医院,1,True
26,0308609,病院,がくさい病院,90,True
26,0308625,病院,医療法人社団洛和会 洛和会丸太町病院,150,True
26,0308989,無床診療所,しみず脳神経外科クリニック,0,False
26,0309359,無床診療所,一般財団法人大和松寿会中央診療所,0,False
26,0309367,無床診療所,仁尾外科クリニック,0,False
26,0309490,無床診療所,医療法人知音会 御池クリニック レディースプラザ,0,False
26,0400539,病院,京都回生病院,175,True
26,0402832,病院,社会医療法人健康会 京都南病院,199,True
26,0403616,病院,医療法人愛友会 明石病院,120,True
26,0404176,無床診療所,医療法人啓信会 京都四条診療所,0,False
26,0404317,病院,医療法人威徳 壬生大路病院,62,True
26,0405124,病院,武田病院,374,True
26,0405348,無床診療所,医療法人創健会西村診療所,0,False
26,0405843,病院,医療法人社団 恵心会 京都武田病院,240,True
26,0405926,無床診療所,医療法人 三宝会 小笠原クリニック,0,False
26,0406627,病院,社会医療法人健康会 新京都南病院,107,True
26,0406742,無床診療所,医療法人 青木医院,0,False
26,0406791,無床診療所,医療法人立岡神経内科,0,False
26,0407112,無床診療所,医療法人にしはらクリニック,0,False
26,0500205,病院,医療法人同仁会（社団）京都九条病院,207,True
26,0500916,病院,公益社団法人京都保健会 吉祥院病院,44,True
26,0501328,病院,医療法人財団医道会 十条武田リハビリテーション病院,181,True
26,0503100,無床診療所,医療法人大築山診療所付属診療所,0,False
26,0503431,無床診療所,医療法人しばじクリニック,0,False
26,0503712,病院,医療法人社団親和会 京都木原病院,47,True
26,0503746,無床診療所,京都整形外科 肩スポーツクリニック,0,False
26,0503779,無床診療所,医療法人社団 洛和会 洛和会東寺南クリニック,0,False
26,0600294,病院,日本バプテスト病院,167,True
26,0600484,病院,一般財団法人 川越病院,162,False
26,0600849,病院,医療法人寿尚会 洛陽病院,130,True
26,0601342,病院,公益社団法人信和会 京都民医連あすかい病院,172,True
26,0601631,病院,医療法人三幸会 北山病院,448,False
26,0601839,病院,医療法人稲門会 いわくら病院,377,False
26,0603660,病院,医療法人社団順和会 京都下鴨病院,52,True
26,0604601,病院,医療法人社団貴順会 川病院,52,False
26,0605079,病院,医療法人社団行陵会 京都大原記念病院,203,True
26,0607380,病院,医療法人清水会脳神経リハビリ北大路病院,56,True
26,0607521,無床診療所,岡村医院,0,False
26,0608040,病院,医療法人社団行陵会 京都近衛リハビリテーション病院,100,True
26,0608172,無床診療所,医療法人悠仁会 百万遍クリニック,0,False
26,0608180,無床診療所,医療法人社団順和会下鴨リハビリテーションクリニック,0,False
26,0608586,無床診療所,医療法人社団メディテック ＭＥＤＩＣＴＥＸ もりした循環器科クリニック,0,False
26,0700318,病院,医療法人新生十全会 京都ならびがおか病院,377,True
26,0706125,病院,一般財団法人 泉谷病院,71,True
26,0706182,病院,医療法人社団松仁会 内田病院,60,True
26,0706703,病院,医療法人 河端病院,50,True
26,0706869,病院,社会医療法人太秦病院,45,True
26,0706976,無床診療所,社会医療法人太秦病院附属うずまさ診療所,0,False
26,0707065,病院,公益社団法人京都保健会京都民医連中央病院,411,True
26,0707156,無床診療所,医療法人社団 京健会 さいきょうクリニック,0,False
26,0707164,無床診療所,医療法人一医会 林医院,0,False
26,0711091,病院,一般財団法人 高雄病院,60,True
26,0803401,病院,医療法人社団 育生会 京都久野病院,235,True
26,0804482,病院,医療法人 原田病院,50,True
26,0804540,無床診療所,三条おかざきクリニック,0,False
26,0901866,病院,医療法人 桜花会 醍醐病院,301,False
26,0902245,病院,社会医療法人弘仁会 大島病院,168,True
26,0903045,病院,蘇生会総合病院,290,True
26,0903367,病院,医療法人医仁会 武田総合病院,490,True
26,0903995,病院,医療法人松寿会 共和病院,109,True
26,0904431,病院,一般財団法人仁風会 京都南西病院,76,True
26,0905594,無床診療所,藤原医院,0,False
26,0906352,病院,医療法人 新生十全会 なごみの里病院,232,True
26,0906733,病院,特定医療法人 桃仁会病院,43,True
26,0906766,病院,医療法人社団 淀さんせん会 金井病院,92,True
26,0907483,病院,医療法人健幸会むかいじま病院,149,True
26,0907574,病院,社会福祉法人 浩照会 伏見桃山総合病院,199,True
26,0907624,病院,医療法人清水会 京都リハビリテーション病院,64,True
26,0907939,無床診療所,一般財団法人京都労働災害被災者援護財団京都城南診療所,0,False
26,0907954,無床診療所,医療法人目高会羽束師クリニック,0,False
26,0908176,無床診療所,医療法人翔医会 やまな脳神経クリニック,0,False
26,0908325,無床診療所,まゆ脳神経外科クリニック,0,False
26,1100484,病院,医療法人八仁会 久御山南病院,60,True
26,1100591,病院,京都岡本記念病院,419,True
26,1100625,病院,くみやま岡本病院,100,True
26,1200284,病院,医療法人栄仁会宇治おうばく病院,453,True
26,1201514,病院,医療法人仁心会 宇治川病院,179,True
26,1201670,病院,医療法人長安会 中村病院,103,True
26,1201951,無床診療所,医療法人社団 完岡医院,0,False
26,1203262,病院,宇治武田病院,177,True
26,1203650,病院,社会福祉法人 あじろぎ会 宇治病院,253,True
26,1203692,病院,医療法人徳洲会 宇治徳洲会病院,529,True
26,1203973,病院,医療法人徳洲会 六地蔵総合病院,143,True
26,1204013,病院,医療法人せいふう会 宇治脳卒中リハビリテーション病院,88,True
26,1204070,無床診療所,山本医院,0,False
26,1204146,病院,医療法人徳洲会 宇治徳洲会リハビリテーション病院,128,False
26,1204153,病院,医療法人徳洲会 都倉病院,55,False
26,1401072,無床診療所,医療法人 柳沢活道ヶ丘診療所,0,False
26,1401650,無床診療所,山田内科クリニック,0,False
26,1401726,病院,医療法人社団医聖会 学研都市病院,287,True
26,1501061,無床診療所,国保京丹波町病院和知診療所,0,False
26,1601481,病院,社会医療法人清仁会亀岡シミズ病院,159,True
26,1601572,病院,亀岡市立病院,100,True
26,1601838,病院,医療法人 亀岡病院,108,True
26,1601887,無床診療所,医療法人 福知会 クリニック「もみじ」,0,False
26,1601952,無床診療所,いわもと内科外科医院,0,False
26,1602091,無床診療所,医療法人睦会 ムツミ医院,0,False
26,1800950,病院,綾部市立病院,199,True
26,1801032,病院,医療法人綾冨士会 綾部ルネス病院,86,True
26,1801123,病院,公益社団法人京都保健会 京都協立病院,99,True
26,2000584,無床診療所,医療法人南斗六星会 須川医院,0,False
26,2100442,病院,宮津武田病院,64,True
26,2100772,無床診療所,宮津市由良診療所,0,False
26,2100806,無床診療所,はまだクリニック,0,False
26,2600375,病院,医療法人 福知会 もみじヶ丘病院,380,False
26,2601373,病院,医療法人翠生会 松本病院,76,True
26,2601894,無床診療所,医療法人 福知会 クリニック「まほら」,0,False
26,2602314,病院,医療法人福冨士会 京都ルネス病院,171,True
26,2701363,無床診療所,医療法人社団 鳥井医院,0,False
26,2701389,病院,医療法人 岸本病院,40,True
26,2701892,無床診療所,藤井内科医院,0,False
26,2701934,無床診療所,医療法人泰山会 あいおい橋四方クリニック,0,False
26,2701983,病院,医療法人医誠会 東舞鶴医誠会病院,255,False
26,2702007,有床診療所,医療法人虹樹会 おおえ乳腺クリニック,6,True
26,2702106,無床診療所,医療法人舞鶴正峰会 舞鶴正峰会クリニック,0,False
26,2702155,無床診療所,医療法人 碧一会 あらが湾岸クリニック,0,False
26,2800710,病院,医療法人啓信会 京都きづ川病院,307,True
26,2900411,病院,医療法人社団医聖会 八幡中央病院,168,True
26,2900569,病院,医療法人社団医聖会 京都八幡病院,125,True
26,2900809,病院,社会医療法人美杉会 男山病院,199,True
26,2900973,病院,社会医療法人 美杉会 みのやま病院,70,True
26,3000021,病院,一般財団法人療道協会 西山病院,283,False
26,3000054,病院,一般財団法人長岡記念財団 長岡病院,380,False
26,3000575,病院,医療法人社団千春会 千春会病院,60,True
26,3000625,病院,医療法人医修会 新河端病院,99,True
26,3001805,病院,長岡京病院,97,True
26,3001995,無床診療所,みなみ脳神経クリニック,0,False
26,3100987,病院,医療法人 真生会 向日回生病院,158,True
26,3200084,病院,医療法人 芳松会 田辺病院,291,True
26,3200209,病院,医療法人社団石鎚会 京都田辺中央病院,199,True
26,3300017,病院,公益財団法人 丹後中央病院,306,True
26,3300132,病院,特定医療法人三青園 丹後ふるさと病院,150,True
26,3300348,無床診療所,よしおかクリニック,0,False
26,3400288,病院,明治国際医療大学附属病院,107,True
26,3400411,病院,医療法人社団菫会園部病院,60,True
26,3400429,有床診療所,南丹市国民健康保険南丹みやま診療所,4,True
26,3500251,無床診療所,医療法人社団いさじ医院,0,False
26,4000095,病院,社会福祉法人京都社会事業財団 京都桂病院,551,True
26,4000715,病院,社会医療法人清仁会 シミズ病院,139,True
26,4001234,病院,社会医療法人清仁会 洛西シミズ病院,215,True
26,4002232,無床診療所,医療法人 緒方医院,0,False
26,4002539,病院,社会医療法人清仁会 洛西ニュータウン病院,184,True
26,4002588,無床診療所,医療法人緑祐会 松原医院,0,False
26,4003008,病院,医療法人京都翔医会 西京都病院,199,True
26,4003180,病院,医療法人社団志高会 三菱京都病院,188,False
26,4100069,病院,医療法人新生十全会 京都東山老年サナトリウム,947,True
26,4100242,病院,一般社団法人愛生会山科病院,231,True
26,4100986,病院,加藤山科病院,56,True
26,4101075,病院,医療法人社団洛和会 洛和会音羽病院,527,True
26,4102420,病院,医療法人社団恵仁会 なぎ辻病院,169,True
26,4102529,病院,医療法人社団洛和会 洛和会音羽記念病院,133,True
26,4102784,病院,医療法人社団洛和会 洛和会音羽リハビリテーション病院,199,True
26,9600048,病院,京都府立洛南病院,256,False
26,9600055,病院,精華町国民健康保険病院,50,True
26,9600063,病院,京都中部総合医療センター,463,True
26,9600154,病院,京都山城総合医療センター,335,True
26,9600212,病院,市立福知山市民病院,349,True
26,9600246,病院,京丹後市立久美浜病院,170,True
26,9600253,病院,京丹後市立弥栄病院,199,True
26,9600287,病院,国保京丹波町病院,47,True
26,9600295,病院,市立福知山市民病院大江分院,52,True
26,9600303,病院,京都府立医科大学附属病院,1055,True
26,9600311,病院,京都市立病院,530,True
26,9600329,病院,京都市立京北病院,38,True
26,9600337,病院,京都府立医科大学附属北部医療センター,274,True
26,9700012,病院,京都第二赤十字病院,657,True
26,9700038,病院,京都第一赤十字病院,602,True
26,9700053,病院,独立行政法人地域医療機能推進機構 京都鞍馬口医療センター,252,True
26,9700061,病院,舞鶴赤十字病院,188,True
26,9700095,病院,国家公務員共済組合連合会 舞鶴共済病院,300,True
26,9700137,病院,社会福祉法人恩賜財団京都府済生会京都済生会病院,288,True
26,9900018,病院,独立行政法人国立病院機構京都医療センター,600,True
26,9900026,病院,独立行政法人国立病院機構舞鶴医療センター,399,True
26,9900042,病院,国立大学法人 京都大学医学部附属病院,121,True
26,9900067,病院,独立行政法人国立病院機構 南京都病院,334,True
26,9900075,病院,独立行政法人国立病院機構 宇多野病院,370,True
27,0100153,病院,医療法人杏林会 金岡病院,155,True
27,0100187,病院,医療法人慈友会 堺山口病院,60,True
27,0101813,病院,社会医療法人杏和会 阪南病院,652,False
27,0101896,病院,公益財団法人 浅香山病院,957,True
27,0102928,病院,医療法人サヂカム会 三国丘病院,135,False
27,0103462,病院,独立行政法人労働者健康安全機構 大阪労災病院,678,True
27,0104742,病院,医療法人以和貴会 金岡中央病院,385,False
27,0105020,病院,医療法人大泉会 大仙病院,30,True
27,0107380,病院,医療法人朝日会 朝日会病院,96,True
27,0108180,病院,医療法人えいしん会 堺リハビリテーション病院,114,False
27,0108313,病院,医療法人錦秀会 阪和第二泉北病院,969,True
27,0109758,病院,社会医療法人頌徳会 日野病院,199,True
27,0116795,病院,医療法人恒進會 泉北陣内病院,269,True
27,0116811,病院,医療法人藤田好生会 堺フジタ病院,87,True
27,0117876,無床診療所,ベルクリニック,0,False
27,0118403,病院,医療法人いずみ会 阪堺病院,140,True
27,0118783,病院,社会医療法人ペガサス 馬場記念病院,300,True
27,0118825,病院,医療法人紀陽会 田仲北野田病院,100,False
27,0119971,病院,医療法人方佑会 植木病院,130,True
27,0120375,有床診療所,医療法人平治会 大田クリニック,19,True
27,0120532,病院,医療法人良秀会 泉北藤井病院,59,True
27,0120698,無床診療所,医療法人 大泉会 いずみクリニック,0,False
27,0120854,無床診療所,ヒキタ鳳健診クリニック,0,False
27,0120912,病院,医療法人 錦秀会 阪和第一泉北病院,24,True
27,0121399,無床診療所,加藤内科・循環器科クリニック,0,False
27,0121548,病院,医療法人淳康会 堺近森病院,45,True
27,0121647,病院,医療法人以和貴会 北条病院,141,True
27,0122207,無床診療所,医療法人 良秀会 津久野藤井クリニック,0,False
27,0122736,無床診療所,神元クリニック,0,False
27,0122959,無床診療所,北野田診療所,0,False
27,0123122,無床診療所,医療法人いぶき会 さかぐちクリニック,0,False
27,0123361,病院,医療法人好寿会 美原病院,450,False
27,0123379,病院,医療法人暁美会 田中病院,180,True
27,0123486,無床診療所,医療法人 なかの医院,0,False
27,0123536,病院,社会医療法人清恵会 清恵会三宝病院,240,False
27,0200995,病院,医療法人藤田会 フジタ病院,33,True
27,0201381,病院,関西電力病院,400,True
27,0202439,病院,医療法人燦惠会 首藤病院,86,False
27,0203080,無床診療所,医療法人知音会 中之島クリニック,0,False
27,0203213,無床診療所,医療法人 大阪健昌会 福島診療所,0,False
27,0203544,無床診療所,寬友会クリニック,0,False
27,0203635,有床診療所,医療法人英仁会 大阪ブレストクリニック,11,True
27,0203890,病院,医療法人啓信会 大阪整形外科病院,98,True
27,0203932,無床診療所,医療法人ＡＷＮＣ きし脳神経外科リハビリクリニック,0,False
27,0204005,病院,えびえ記念病院,199,True
27,0204153,無床診療所,一般社団法人七星会 イシイ内科クリニック,0,False
27,0300449,病院,医療法人一祐会 藤本病院,148,True
27,0302395,病院,医療法人協仁会 小松病院,180,True
27,0302650,病院,医療法人和敬会 寝屋川南病院,60,True
27,0303161,病院,医療法人毅峰会 青樹会病院,78,True
27,0303609,病院,医療法人長尾会 ねや川サナトリウム,241,False
27,0304029,病院,社会医療法人山弘会 上山病院,189,True
27,0304805,有床診療所,医療法人 拓真会 仁和寺診療所,14,True
27,0304946,病院,医療法人河北会 河北病院,170,True
27,0305315,病院,医療法人大慶会 星光病院,107,True
27,0305430,病院,医療法人全心会 寝屋川ひかり病院,84,True
27,0305653,病院,関西医科大学香里病院,199,True
27,0305661,病院,松島病院,69,True
27,0305885,病院,社会医療法人 弘道会 寝屋川生野病院,103,True
27,0306461,病院,医療法人道仁会 道仁病院,55,True
27,0306479,病院,一般財団法人大阪府結核予防会 大阪複十字病院,150,True
27,0306800,無床診療所,医療法人彩蘭会 寝屋川市駅前いしかわ内科・内視鏡・糖尿病総合診療クリニック,0,False
27,0306818,無床診療所,寝屋川みかみ内科・内視鏡クリニック,0,False
27,0400546,有床診療所,龍神堂医院,8,True
27,0402120,無床診療所,大阪きづがわ医療福祉生活協同組合 みなと生協診療所,0,False
27,0402278,病院,多根第二病院,216,True
27,0402526,無床診療所,北村医院,0,False
27,0402823,無床診療所,医療法人 隆明会 やぎクリニック,0,False
27,0402922,無床診療所,医療法人 脳神経外科たかせクリニック,0,False
27,0500527,病院,医療法人和泉会 和泉丘病院,261,True
27,0500998,病院,医療法人貴生会 和泉中央病院,206,False
27,0501368,病院,医療法人琴仁会 光生病院,145,True
27,0501665,病院,医療法人和気会 新生会病院,148,False
27,0501848,病院,社会医療法人啓仁会 咲花病院,94,True
27,0502820,病院,医療法人守田会 いぶきの病院,340,True
27,0502879,病院,地方独立行政法人 大阪府立病院機構 大阪母子医療センター,375,True
27,0503158,無床診療所,社会医療法人ペガサス 馬場満記念クリニック,0,False
27,0503224,無床診療所,府中クリニック,0,False
27,0503257,無床診療所,ささき・クリニック,0,False
27,0503612,病院,和泉市立総合医療センター,307,True
27,0503661,病院,医療法人 錦秀会 阪和いずみ病院,588,False
27,0503778,無床診療所,医療法人橘会 横山医院,0,False
27,0503893,無床診療所,医療法人ＫＭ くぼた脳神経外科クリニック,0,False
27,0503927,病院,医療法人新仁会 新仁会病院,120,True
27,0503992,病院,府中病院,167,True
27,0600244,病院,医療法人吉川會 吉川病院,59,True
27,0600624,病院,泉大津市立周産期小児医療センター,82,True
27,0600954,病院,医療法人泉秀会 かわい病院,46,True
27,0601168,無床診療所,医療法人優篤会 三浦クリニック,0,False
27,0601291,病院,医療法人穂仁会 原病院,94,True
27,0602059,無床診療所,医療法人 森内脳神経クリニック,0,False
27,0602109,無床診療所,医療法人四心会 ひろおか内科・消化器クリニック,0,False
27,0602133,無床診療所,医療法人恵幸会 みゆき会救急・内視鏡クリニック,0,False
27,0602182,病院,泉大津急性期メディカルセンター,300,True
27,0700606,病院,医療法人博我会 滝谷病院,93,True
27,0700721,病院,医療法人弘生会 老寿やすらぎ病院,281,True
27,0701141,病院,医療法人孝仁会 澤田病院,60,True
27,0701513,病院,医療法人生登会 寺元記念病院,160,True
27,0701612,無床診療所,尾﨑医院,0,False
27,0701851,無床診療所,医療法人 かんべ診療所,0,False
27,0702024,有床診療所,医療法人 柏友会 柏友千代田クリニック,14,True
27,0702529,病院,医療法人敬任会 南河内おか病院,99,True
27,0702628,病院,社会福祉法人恩徳福祉会 青山第二病院,57,False
27,0702636,無床診療所,医療法人 松尾クリニック,0,False
27,0805363,病院,社会福祉法人愛徳福祉会 南大阪小児リハビリテーション病院,120,True
27,0805702,病院,医療法人仁真会 白鷺病院,92,True
27,0805843,無床診療所,医療法人 葛本医院,0,False
27,0806114,無床診療所,医療法人西村会 西村診療所,0,False
27,0806403,有床診療所,医療法人 青洲会診療所,19,True
27,0806874,無床診療所,医療法人嘉誠会 山本医院,0,False
27,0806924,病院,医療法人西中医学会 西中病院,26,True
27,0807708,病院,医療法人橘会 東住吉森本病院,329,True
27,0807799,病院,淀井病院,96,True
27,0808094,無床診療所,医療法人 昌景会 西谷医院,0,False
27,0808326,病院,東和病院,155,True
27,0808466,無床診療所,医療法人 田中クリニック,0,False
27,0808607,無床診療所,てらだ内科皮フ科クリニック,0,False
27,0808649,無床診療所,一般社団法人七星会 針中野内科消化器内視鏡クリニック,0,False
27,0900438,病院,高槻赤十字病院,325,True
27,0900503,病院,大阪医科薬科大学病院,894,True
27,0900958,病院,医療法人光愛会 光愛病院,203,False
27,0902004,病院,医療法人大阪精神医学研究所 新阿武山病院,269,False
27,0902582,病院,社会医療法人 祐生会 みどりヶ丘病院,329,True
27,0903218,病院,社会医療法人愛仁会 高槻病院,477,True
27,0903259,病院,医療法人庸愛会 富田町病院,60,True
27,0903788,病院,医療法人祥佑会 藤田胃腸科病院,33,True
27,0904174,病院,社会医療法人東和会 第一東和会病院,243,True
27,0904182,病院,医療法人健和会 うえだ下田部病院,110,True
27,0904299,病院,医療法人社団緑水会 緑水会病院,200,True
27,0905304,無床診療所,医療法人健栄会 三康病院附属診療所,0,False
27,0905403,無床診療所,冨永クリニック,0,False
27,0906179,病院,社会医療法人東和会 第二東和会病院,93,True
27,0906575,無床診療所,医療法人入江会 末吉クリニック,0,False
27,0906641,病院,社会医療法人仙養会 北摂総合病院,217,True
27,0906864,無床診療所,医療法人仁寿会 仁寿会郡家クリニック,0,False
27,0907060,病院,医療法人美喜和会 美喜和会オレンジホスピタル,240,False
27,0907169,無床診療所,大阪医科薬科大学健康科学クリニック,0,False
27,0907201,無床診療所,宮田クリニック,0,False
27,0907359,病院,社会医療法人 愛仁会 愛仁会リハビリテーション病院,269,True
27,0907987,病院,大阪医科薬科大学三島南病院,214,True
27,0908415,無床診療所,いさか脳神経クリニック,0,False
27,0908456,無床診療所,大阪医科薬科大学 関西ＢＮＣＴ共同医療センター,0,False
27,0908894,無床診療所,社会医療法人愛仁会 愛仁会しんあいクリニック,0,False
27,0908951,無床診療所,栖外科整形外科,0,False
27,0909322,無床診療所,にしけん脳神経外科・くびこしクリニック,0,False
27,0909736,無床診療所,高槻やまざき脳神経外科,0,False
27,1000022,病院,公益財団法人 大阪労働衛生センター第一病院,213,True
27,1002044,病院,公益財団法人淀川勤労者厚生協会 附属西淀病院,218,True
27,1002572,病院,医療法人博悠会 名取病院,83,True
27,1002853,無床診療所,医療法人松仁会 大和田診療所,0,False
27,1003141,無床診療所,吉冨医院,0,False
27,1003422,病院,社会医療法人愛仁会 千船病院,308,True
27,1003455,無床診療所,医療法人 芙蓉会 リバーサイドクリニック,0,False
27,1003562,無床診療所,塚本スイミー整形外科内科クリニック,0,False
27,1100640,病院,社会福祉法人寺田萬寿会 寺田萬寿病院,250,True
27,1101119,病院,医療法人利田会 久米田病院,494,False
27,1101143,病院,医療法人聖志会 渡辺病院,436,True
27,1102521,病院,医療法人 阪南会 天の川病院,91,True
27,1103008,病院,医療法人良秀会 藤井病院,155,True
27,1103230,無床診療所,津田診療所,0,False
27,1103560,病院,医療法人吉栄会 吉川病院,55,True
27,1103750,病院,医療法人 晋救館 和田病院,60,True
27,1103826,病院,医療法人宝山会 小南記念病院,138,True
27,1104048,病院,医療法人徳洲会 岸和田徳洲会病院,400,True
27,1104725,無床診療所,奥医院,0,False
27,1104956,無床診療所,医療法人 Ｎクリニック,0,False
27,1105128,病院,医療法人大植会 城病院,243,False
27,1105136,無床診療所,医療法人 旭医道会 ひとねクリニック,0,False
27,1105284,病院,一般財団法人岸和田農友協会 岸和田平成病院,149,True
27,1105441,無床診療所,医療法人 めぐみクリニック,0,False
27,1105532,病院,医療法人えいしん会 岸和田リハビリテーション病院,157,True
27,1105805,無床診療所,白井医院,0,False
27,1105995,無床診療所,岸和田駅メディカルクリニック寺田萬寿,0,False
27,1106001,無床診療所,たざわ内科・内視鏡クリニック岸和田駅,0,False
27,1106035,無床診療所,一般社団法人 飛信会 ふくろうクリニック 岸和田院,0,False
27,1200945,病院,社会医療法人三和会 永山病院,230,True
27,1200994,病院,医療法人爽神堂 七山病院,613,False
27,1201513,病院,医療法人誠人会 与田病院,301,True
27,1201919,無床診療所,医療法人真心会 みさきクリニック,0,False
27,1202016,無床診療所,関西医療大学附属診療所,0,False
27,1202396,無床診療所,ＭｅｔＩたじりＪＯＹクリニック,0,False
27,1300455,病院,医療法人田村会 貝塚中央病院,403,False
27,1300661,病院,水間病院,481,False
27,1300877,病院,医療法人桐葉会 木島病院,492,False
27,1301065,病院,社会医療法人慈薫会 河崎病院,129,True
27,1301073,病院,医療法人永和会 こころあ病院,450,False
27,1301610,有床診療所,医療法人尚生会 貝塚西出クリニック,19,True
27,1301826,無床診療所,良田医院,0,False
27,1301958,有床診療所,医療法人 清名台外科,15,True
27,1302030,病院,医療法人徳洲会 貝塚記念病院,57,True
27,1400313,病院,医療法人 華之会 箕面中央病院,74,True
27,1400347,病院,北大阪医療生活協同組合 照葉の里箕面病院,199,True
27,1400453,病院,医療法人ガラシア会 ガラシア病院,104,True
27,1401816,無床診療所,箕面市立医療保健センター,0,False
27,1402418,病院,医療法人 マックシール 巽今宮病院,110,True
27,1402434,病院,箕面神経サナトリウム,329,False
27,1402467,病院,医療法人 清順堂 ためなが温泉病院,285,True
27,1402525,病院,医療法人社団和風会 千里リハビリテーション病院,172,True
27,1402632,病院,医療法人啓明会 相原病院,31,True
27,1402699,病院,医療法人せいわ会 彩都リハビリテーション病院,120,True
27,1403184,無床診療所,医療法人けあき会 頭痛・脳神経外科クリニック,0,False
27,1403671,無床診療所,よしはら内科・内視鏡クリニック,0,False
27,1501649,病院,医療法人風早会 外科野﨑病院,47,True
27,1502050,病院,医療法人中本会 中本病院,115,True
27,1502506,病院,医療法人野中会 東成病院,55,True
27,1503520,病院,医療法人朋愛会 朋愛リハビリテーション病院,199,False
27,1503918,無床診療所,医療法人 川上クリニック,0,False
27,1504288,病院,矢木脳神経外科病院,92,True
27,1504510,無床診療所,そがべ診療所,0,False
27,1504676,無床診療所,医療法人 まえだクリニック,0,False
27,1504726,病院,社会医療法人 明生会 明生第二病院,183,True
27,1504833,有床診療所,医療法人 岩本診療所,7,True
27,1504874,病院,公道会病院,141,True
27,1504973,無床診療所,ないとう・かわかみクリニック 内科・整形外科,0,False
27,1504999,無床診療所,脳神経内科 こさかクリニック,0,False
27,1601662,病院,医療法人松柏会 榎坂病院,342,False
27,1602314,無床診療所,みどり診療所,0,False
27,1602983,病院,医療法人ダイワ会 大和病院,163,True
27,1603346,病院,医療法人甲聖会 甲聖会紀念病院,116,True
27,1603957,病院,社会医療法人 愛仁会 井上病院,127,True
27,1603999,無床診療所,医療法人社団彦星会 岩橋クリニック,0,False
27,1604153,病院,医療法人協和会 協和会病院,301,True
27,1604559,無床診療所,谷クリニック,0,False
27,1605390,無床診療所,医療法人髙寿会 髙津診療所,0,False
27,1606703,無床診療所,いのうえクリニック,0,False
27,1607024,無床診療所,社会福祉法人恩徳福祉会 メルヴェイユクリニック,0,False
27,1607099,無床診療所,医療法人 中嶋医院,0,False
27,1607149,病院,社会福祉法人恩賜財団済生会支部 大阪府済生会千里病院,327,True
27,1607560,病院,医療法人 菊秀会 皐月病院,136,True
27,1608121,病院,医療法人京優会 北摂三木病院,49,True
27,1608444,病院,医療法人徳洲会 吹田徳洲会病院,365,True
27,1608576,無床診療所,医療法人五啓会 髙橋脳神経外科クリニック,0,False
27,1608683,無床診療所,医療法人恵久会 ばん呼吸器内科クリニック,0,False
27,1609186,無床診療所,医療法人 佐竹クリニック,0,False
27,1609301,無床診療所,社会福祉法人恩賜財団大阪府済生会 吹田医療福祉センター健都健康管理センター,0,False
27,1609392,病院,市立吹田市民病院,431,True
27,1609715,無床診療所,公益財団法人 淀川勤労者厚生協会附属 相川診療所,0,False
27,1609897,無床診療所,医療法人 浄光会 宮下医院,0,False
27,1610598,無床診療所,一般社団法人健英会 えさか駅前にしごり おなかとおしりのクリニック,0,False
27,1610812,無床診療所,医療法人泰心会 おくだ脳神経外科クリニック,0,False
27,1610945,無床診療所,いでハートクリニック,0,False
27,1610960,無床診療所,ひやま脳神経外科頭痛めまいクリニック,0,False
27,1610986,無床診療所,内科トータルケアこんどうクリニック,0,False
27,1611133,無床診療所,さくら診療所,0,False
27,1700035,病院,社会福祉法人四天王寺福祉事業団 四天王寺病院,150,True
27,1700753,病院,大阪赤十字病院,826,True
27,1701702,病院,医療法人社団 湯川胃腸病院,34,True
27,1702684,無床診療所,大阪府医師会保健医療センター,0,False
27,1703229,病院,医療法人歓喜会 辻外科リハビリテーション病院,71,True
27,1704326,無床診療所,寺田町ナカムラクリニック,0,False
27,1704342,病院,医療法人 早石会 早石病院,155,True
27,1704805,無床診療所,上本町画像診断クリニック,0,False
27,1704870,無床診療所,医療法人華拓昇会 あづま脳神経外科リハビリクリニック,0,False
27,1704912,無床診療所,医療法人誠貴会 湯口脳神経外科・脊髄外科,0,False
27,1704961,無床診療所,医療法人 谷口クリニック,0,False
27,1705018,無床診療所,社会医療法人大阪国際メディカル＆サイエンスセンター 大阪警察病院付属人間ドッククリニック,0,False
27,1705513,無床診療所,上本町ふるえと頭痛・脳神経クリニック,0,False
27,1705703,病院,社会医療法人大阪国際メディカル＆サイエンスセンター 大阪警察病院,650,False
27,1800017,病院,特定医療法人仁生会 内藤病院,72,True
27,1800397,病院,大阪掖済会病院,125,True
27,1802070,病院,社会医療法人寿楽会 大野記念病院,250,True
27,1802179,無床診療所,医療法人弘清会 四ツ橋診療所,0,False
27,1802914,無床診療所,医療法人 佐々木会 佐々木内科クリニック,0,False
27,1803201,病院,多根総合病院,304,True
27,1803557,病院,医療法人日新会 日新会病院,60,False
27,1803714,病院,公益財団法人日本生命済生会 日本生命病院,350,True
27,1804209,無床診療所,ありずみ消化器内科,0,False
27,1804365,無床診療所,きよはら内科 糖尿病・甲状腺クリニック,0,False
27,1900353,病院,医療法人仁泉会 阪奈病院,180,True
27,1901120,病院,社会医療法人若弘会 わかくさ竜間リハビリテーション病院,500,True
27,1901146,病院,医療法人藤井会 大東中央病院,117,True
27,1901286,無床診療所,医療法人博愛会 村田内科医院,0,False
27,1901740,病院,医療法人仁泉会 仁泉会病院,140,True
27,1902060,有床診療所,医療法人惠和会 惠和会総合クリニック,14,True
27,1902102,病院,医療法人 徳洲会 野崎徳洲会病院,218,True
27,1902433,無床診療所,医療法人 皆秀会 皆川クリニック,0,False
27,1902656,無床診療所,医療法人荒矢会 あらや診療所,0,False
27,1902854,無床診療所,医療法人光翔会 寺川クリニック,0,False
27,2005020,無床診療所,医療法人 てらかど診療所,0,False
27,2005632,無床診療所,医療法人山裕会 山本クリニック,0,False
27,2005764,病院,医療法人守田会 オりオノ病院,117,True
27,2006119,無床診療所,医療法人 健永会 アビコながいクリニック,0,False
27,2006127,無床診療所,医療法人 真芳会 はやし泌尿器クリニック,0,False
27,2006333,無床診療所,医療法人三幸会 小澤診療所,0,False
27,2006440,病院,医療法人慈心会 あびこ病院,135,True
27,2006622,病院,地方独立行政法人大阪府立病院機構 大阪急性期・総合医療センター,865,True
27,2006762,無床診療所,医療法人メディコンフォート 中西クリニック,0,False
27,2007273,無床診療所,医療法人上野会 上野会クリニック,0,False
27,2007398,無床診療所,医療法人惠晴会 わたべクリニック,0,False
27,2007448,病院,越宗整形外科病院,30,True
27,2007752,病院,医療法人 錦秀会 阪和記念病院,481,True
27,2204011,病院,医療法人同仁会 松崎病院,113,True
27,2204235,病院,医療法人同友会 共和病院,180,True
27,2204458,病院,医療法人貴和会 生野中央病院,148,False
27,2204516,病院,医療法人育和会 育和会記念病院,265,True
27,2204565,病院,医療法人朝日会 朝日生野病院,141,True
27,2205257,無床診療所,医療法人 中村クリニック,0,False
27,2205315,無床診療所,医療法人白百合会 白百合診療所,0,False
27,2205406,病院,医療法人アエバ会 アエバ外科病院,64,True
27,2205679,病院,医療法人穂翔会 村田病院,70,True
27,2205687,病院,医療法人相生会 相生病院,100,True
27,2205802,病院,医療法人 吉栄会 吉栄会病院,61,True
27,2206420,病院,医療法人せいわ会 大阪脳卒中リハビリテーション病院,120,False
27,2206651,病院,医療法人 のぞみ会 新大阪病院,199,True
27,2206727,無床診療所,医療法人 久正会 畠中クリニック,0,False
27,2206776,有床診療所,今里ハートクリニック,15,True
27,2207006,病院,医療法人社団日翔会 生野愛和病院,93,True
27,2207352,病院,医療法人邦和会 生野病院,90,True
27,2207451,無床診療所,絹田クリニック,0,False
27,2207543,無床診療所,ひとひとケアクリニック,0,False
27,2207584,無床診療所,鈴クリニック,0,False
27,2207683,無床診療所,医療法人 晋英会 かねむらクリニック,0,False
27,2304126,病院,医療法人相愛会 相原第二病院,198,True
27,2305776,病院,大阪鉄道病院,303,True
27,2306089,病院,医療法人恵登久会 越川病院,39,True
27,2306360,病院,大阪公立大学医学部附属病院,965,True
27,2307079,無床診療所,大阪公立大学医学部附属病院 先端予防医療部附属クリニック ＭｅｄＣｉｔｙ２１,0,False
27,2307533,無床診療所,医療法人純正会 鶴ヶ丘東診療所,0,False
27,2307863,無床診療所,医療法人一功会 やまなか脳神経外科・内科・リハビリクリニック,0,False
27,2307996,無床診療所,医療法人壮大会 天王寺だい脳神経外科,0,False
27,2308135,病院,医療法人河和会 あべの王子病院,53,False
27,2308176,無床診療所,医療法人上野会 あべの 婦人科 乳腺外科 画像診断 内視鏡クリニック,0,False
27,2401435,病院,社会福祉法人 枚方療育園,490,True
27,2401682,病院,東香里病院,195,True
27,2403373,病院,医療法人亀記念医学会 関西記念病院,307,False
27,2404959,病院,医療法人松徳会 松谷病院,40,True
27,2405295,病院,医療法人 昭征会 坂野病院,50,True
27,2405543,無床診療所,竹内クリニック,0,False
27,2405865,無床診療所,野口クリニック,0,False
27,2406038,無床診療所,医療法人大潤会 よしだ医院,0,False
27,2406244,病院,社会医療法人美杉会 佐藤病院,177,True
27,2406251,無床診療所,医療法人優和会 関根医院,0,False
27,2406319,病院,医療法人大寿会 大寿会病院,385,True
27,2406327,病院,医療法人中屋覚志会 津田病院,48,True
27,2406970,病院,関西医科大学附属病院,797,True
27,2407093,病院,医療法人 愛和会 新世病院,120,True
27,2407101,無床診療所,医療法人 敬節会 敬節クリニック,0,False
27,2407408,無床診療所,医療法人福命会 くずは画像診断クリニック,0,False
27,2407523,病院,医療法人毅峰会 吉田病院,58,True
27,2407713,病院,医療法人讃高会 枚方東整形外科病院,66,True
27,2407945,病院,社会医療法人みどり会 中村病院,206,True
27,2408034,病院,地方独立行政法人大阪府立病院機構 大阪精神医療センター,473,False
27,2408174,病院,市立ひらかた病院,327,True
27,2408497,病院,関西医科大学くずは病院,94,True
27,2408604,病院,医療法人（社団）有恵会 香里ヶ丘有恵会病院,171,True
27,2408760,無床診療所,医療法人大潤会 大潤会クリニック,0,False
27,2408828,病院,医療法人御殿山 福田総合病院,171,True
27,2408919,無床診療所,医療法人アーリーバーズ 服部あたまクリニック,0,False
27,2409107,有床診療所,医療法人友隣会 友隣会メディカルケアクリニック,19,True
27,2409156,病院,医療法人北辰会 天の川病院,157,True
27,2409164,無床診療所,医療法人香庸会 川口脳神経外科リハビリクリニック,0,False
27,2409263,無床診療所,医療法人 かいとクリニック,0,False
27,2409586,病院,医療法人りんどう会 向山病院,85,True
27,2409719,無床診療所,医療法人 井奥内科診療所,0,False
27,2409792,無床診療所,社会医療法人信愛会 あぜみち脳神経クリニック,0,False
27,2502174,病院,医療法人マックシール 病院,75,False
27,2502364,病院,医療法人互恵会 池田回生病院,93,True
27,2502554,無床診療所,医療法人孔明会 東保脳神経外科,0,False
27,2602016,無床診療所,医療法人清水会 門真クリニックあいわ診療所,0,False
27,2602099,病院,医療法人孟仁会 摂南総合病院,303,True
27,2602545,無床診療所,医療法人津樹会 津本医院,0,False
27,2602735,無床診療所,医療法人嘉徳会 佐野医院,0,False
27,2603071,有床診療所,医療法人 いぶきクリニック,18,False
27,2603238,無床診療所,医療法人 南川クリニック,0,False
27,2603303,病院,牧リハビリテーション病院,100,True
27,2603444,病院,社会医療法人弘道会 萱島生野病院,140,True
27,2603550,無床診療所,内田クリニック,0,False
27,2603774,病院,医療法人正幸会 正幸会病院,56,True
27,2603923,病院,社会医療法人蒼生会 蒼生病院,150,True
27,2604129,無床診療所,社会医療法人弘道会 門真弘道会クリニック,0,False
27,2604152,無床診療所,医療法人七ふく会 ふくいクリニック,0,False
27,2700570,病院,医療法人彰療会 大正病院,145,True
27,2701586,病院,社会福祉法人恩賜財団 大阪府済生会泉尾病院,440,False
27,2702063,有床診療所,医療法人 港南会 金城外科脳神経外科,19,True
27,2702451,病院,ほくとクリニック病院,50,False
27,2702634,無床診療所,大阪きづがわ医療福祉生活協同組合 たいしょう生協診療所,0,False
27,2801816,病院,医療法人義方会 大津病院,60,True
27,2802293,無床診療所,医療法人 三輝会 村上脳神経外科内科クリニック,0,False
27,2802459,病院,社会福祉法人大阪暁明館 大阪暁明館病院,462,True
27,2802509,無床診療所,医療法人伯鳳会 大阪陽子線クリニック,0,False
27,2802657,病院,大場内科病院,57,False
27,3006233,無床診療所,まきながクリニック,0,False
27,3006241,無床診療所,医療法人 中城クリニック,0,False
27,3007058,無床診療所,医療法人 新徳会 新居脳神経外科クリニック,0,False
27,3007363,無床診療所,土屋医院,0,False
27,3007405,病院,医療法人 若葉会 淀川若葉会病院,164,True
27,3007421,病院,宗教法人 在日本南プレスビテリアンミッション 淀川キリスト教病院,581,True
27,3007603,病院,医療法人成仁会 成仁会病院,60,True
27,3007637,無床診療所,医療法人光誠会 ゆうメディカルクリニック,0,False
27,3007793,病院,淀川平成病院,76,True
27,3008007,無床診療所,医療法人蒼優会 ＮＬＣ野中腰痛クリニック,0,False
27,3008015,無床診療所,よしむら脳神経・脊椎外科クリニック,0,False
27,3008023,無床診療所,新大阪画像の森診断クリニック,0,False
27,3102545,病院,社会医療法人真美会 大阪旭こども病院,79,True
27,3102701,病院,医療法人藤仁会 藤立病院,97,True
27,3102776,病院,医療法人永寿会 福島病院,97,True
27,3103329,病院,医療法人真心会 真心会病院,75,False
27,3103717,病院,医療法人松仁会 明徳病院,66,True
27,3104202,有床診療所,医療法人 石田記念大阪前立腺クリニック,10,False
27,3104251,病院,牧病院,75,True
27,3104277,無床診療所,医療法人景友会 金沢外科胃腸科肛門科,0,False
27,3104475,無床診療所,かわもと医院,0,False
27,3105043,無床診療所,うえはら内科クリニック,0,False
27,3200687,病院,医療法人西浦会（財団） 京阪病院,231,False
27,3200703,病院,関西医科大学総合医療センター,477,True
27,3202600,病院,パナソニック健康保険組合 松下記念病院,323,True
27,3203681,無床診療所,医療法人 山本診療所,0,False
27,3204192,病院,社会医療法人彩樹 守口敬仁会病院,185,True
27,3204341,病院,社会医療法人弘道会 守口生野記念病院,199,True
27,3204812,無床診療所,医療法人 慈翔会 沼脳神経外科クリニック,0,False
27,3205116,病院,医療法人愛泉会 愛泉会病院,150,True
27,3205330,無床診療所,守口グローバル整形外科,0,False
27,3205363,病院,医療法人清水会 もりぐち清水会病院,158,True
27,3301543,病院,一般社団法人 津守病院,80,True
27,3303325,病院,医療法人弘仁会 まちだ胃腸病院,61,True
27,3304158,病院,社会医療法人山紀会 山本第三病院,347,True
27,3305015,無床診療所,医療法人 神子田医院,0,False
27,3305676,病院,医療法人生樹会 渡辺病院,50,True
27,3305692,病院,医療法人ダイワ会 大和中央病院,165,True
27,3305718,病院,医療法人嘉健会 思温病院,180,True
27,3306385,無床診療所,医療法人満領会 画像診断クリニック,0,False
27,3306500,病院,社会医療法人杏樹会 杏林記念病院,120,True
27,3307177,病院,大阪社会医療センター付属病院,80,True
27,3307201,病院,医療法人愛壽会 愛壽記念病院,199,True
27,3307250,無床診療所,医療法人ＡＷＮＣ 天下茶屋まつおか循環器内科クリニック,0,False
27,3307300,無床診療所,社会医療法人杏樹会 こすがクリニック,0,False
27,3307458,無床診療所,かんざきクリニック,0,False
27,3402119,病院,医療法人ラポール会 青山病院,128,True
27,3402648,病院,医療法人ラポール会 青山脳神経外科病院,50,True
27,3402697,無床診療所,医療法人 ときよしクリニック,0,False
27,3402705,無床診療所,医療法人敬任会 藤井寺敬任会クリニック,0,False
27,3402796,有床診療所,医療法人真世会 佐井胃腸科肛門科,19,True
27,3402804,無床診療所,医療法人 やまどり医院,0,False
27,3402937,病院,医療法人ラポール会 青山藤ヶ丘病院,60,True
27,3601140,病院,医療法人和敬会 星田南病院,60,True
27,3601454,無床診療所,前谷クリニック,0,False
27,3601835,病院,社会医療法人信愛会 交野病院,208,True
27,3601926,無床診療所,医療法人医翔会 おがわクリニック,0,False
27,3601942,無床診療所,医療法人みのり会 藤の街クリニック,0,False
27,3601967,無床診療所,医療法人美星会 小林診療所,0,False
27,3701072,病院,摂津ひかり病院,50,True
27,3701122,病院,医療法人医誠会 摂津医誠会病院,170,True
27,3701361,無床診療所,医療法人 千里丘協立診療所,0,False
27,3701460,病院,医療法人 若葉会 昭和病院,90,True
27,3701536,無床診療所,医療法人緑樹会 宮川クリニック,0,False
27,3701643,病院,医療法人千里厚生会 千里丘中央病院,89,True
27,3701957,無床診療所,医療法人クレセント 別府診療所,0,False
27,3701999,無床診療所,医療法人ヤマセ会 神クリニック,0,False
27,3800098,病院,医療法人丹比荘 丹比荘病院,310,False
27,3800965,病院,運動器ケア しまだ病院,88,True
27,3801054,病院,医療法人昌円会 高村病院,175,True
27,3801393,病院,医療法人 颯仁会 しらとり病院,177,True
27,3801583,病院,医療法人 愛幸会 天仁病院,153,True
27,3802094,病院,地方独立行政法人 大阪府立病院機構 大阪はびきの医療センター,351,True
27,3802102,病院,医療法人春秋会 城山病院,299,True
27,3802219,無床診療所,みやもと脳神経外科クリニック,0,False
27,3802649,無床診療所,医療法人恒尋会 はやま内科クリニック,0,False
27,3802706,無床診療所,とよだクリニック,0,False
27,3900666,病院,医療法人清仁会 みなせ病院,117,False
27,4001209,病院,社会医療法人北斗会 さわ病院,455,False
27,4002959,病院,医療法人豊済会 小曽根病院,416,False
27,4006497,病院,大阪脳神経外科病院,120,True
27,4007859,無床診療所,一般財団法人関西労働保健協会 附属千里ＬＣ診療所,0,False
27,4009145,無床診療所,医療法人南谷継風会 南谷クリニック,0,False
27,4009525,有床診療所,医療法人豊成会 豊中脳神経外科クリニック,19,True
27,4009806,病院,医療法人篤友会 坂本病院分院,138,True
27,4010028,有床診療所,医療法人かくいわ会 岩野耳鼻咽喉科,8,True
27,4010721,病院,医療法人藏春堂 小西病院,37,False
27,4011018,無床診療所,医療法人仁泉会 ＭⅠクリニック,0,False
27,4011414,病院,医療法人若葉会 豊中若葉会病院,115,True
27,4011653,病院,医療法人 康生会 平成記念病院,100,True
27,4011851,病院,医療法人協和会 千里中央病院,400,True
27,4011992,病院,医療法人康生会 豊中平成病院,101,True
27,4012032,無床診療所,医療法人一翠会 一翠会千里中央健診センター,0,False
27,4012362,病院,医療法人篤友会 坂本病院,229,True
27,4013105,無床診療所,医療法人 前田内科,0,False
27,4013188,病院,社会医療法人彩樹 豊中敬仁会病院,60,True
27,4013238,無床診療所,松本外科・胃腸内科医院,0,False
27,4013329,病院,関西メディカル病院,225,True
27,4013345,無床診療所,医療法人Ｈ＆Ｌ会 ながや内科 循環器内科・呼吸器内科,0,False
27,4013428,無床診療所,医療法人豊潤会 彭医院,0,False
27,4013923,病院,医療法人篤友会 千里山病院,59,True
27,4014616,病院,医療法人善正会 上田病院,94,True
27,4014913,無床診療所,関西メディカル服部駅前クリニック,0,False
27,4015019,無床診療所,もといえ脳神経クリニック,0,False
27,4015258,無床診療所,おかだクリニック,0,False
27,4015308,無床診療所,ばんば脳神経外科クリニック,0,False
27,4102734,病院,社会医療法人行岡医学研究会 行岡病院,347,True
27,4104516,無床診療所,一般財団法人関西労働保健協会 附属アクティ診療所,0,False
27,4104854,病院,社会医療法人協和会 加納総合病院,300,True
27,4107535,病院,一般財団法人 住友病院,496,True
27,4107774,病院,公益財団法人田附興風会 医学研究所北野病院,685,True
27,4109564,無床診療所,医療法人美和会 平成クリニック,0,False
27,4110497,無床診療所,医療法人聖授会 フェスティバルタワー・クリニック,0,False
27,4111115,無床診療所,医療法人協林会 大阪がんクリニック,0,False
27,4111560,無床診療所,医療法人大阪桜十字 桜十字グランフロント大阪クリニック,0,False
27,4111735,無床診療所,医療法人 真生会 ラジオロジークリニック扇町,0,False
27,4112055,病院,医療法人伯鳳会 大阪中央病院,143,True
27,4112600,無床診療所,医療法人ニューロワイズ 梅田脳・脊髄・神経クリニック,0,False
27,4112717,無床診療所,医療法人誠仁会 梅田東画像診断クリニック,0,False
27,4112873,無床診療所,兵庫医科大学 梅田健康医学クリニック,0,False
27,4113137,無床診療所,医療法人星敬会 西梅田シティクリニック,0,False
27,4113145,病院,社会福祉法人恩賜財団済生会支部大阪府済生会 大阪北リハビリテーション病院,96,True
27,4113400,病院,医療法人医誠会 医誠会国際総合病院,560,True
27,4113574,無床診療所,ＥＸクリニック 大阪梅田院,0,False
27,4113707,病院,医療法人渡辺医学会 桜橋渡辺リハビリテーション病院,58,False
27,4113715,病院,医療法人渡辺医学会 桜橋渡辺未来医療病院,113,True
27,4113798,無床診療所,ハイメディッククリニック中之島,0,False
27,4113913,無床診療所,医療法人徳洲会 ＴＯＫＵＳＨＵＫＡＩ ＩＮＴＥＲＮＡＴＩＯＮＡＬ Ｍｅｄｉｃａｌ Ｃｈｅｃｋ—ｕｐ ＯＳＡＫＡ,0,False
27,4114200,無床診療所,マイヘルスクリニック西天満院,0,False
27,4114515,無床診療所,大阪頭痛脳神経クリニック,0,False
27,4200272,病院,医療法人清風会 茨木病院,340,False
27,4201064,病院,医療法人恒昭会 藍野病院,908,True
27,4202823,無床診療所,医療法人崇孝会 北摂クリニック,0,False
27,4203003,病院,医療法人恒昭会 藍野花園病院,492,False
27,4204373,無床診療所,医療法人 創康会 岸本クリニック,0,False
27,4204464,無床診療所,医療法人領愛会 大嶋クリニック,0,False
27,4204498,無床診療所,よしだ内科,0,False
27,4204670,無床診療所,医療法人けあき会 川尻クリニック,0,False
27,4205628,病院,社会福祉法人恩賜財団 大阪府済生会茨木病院,315,True
27,4205933,無床診療所,医療法人 裕愛会 松本メディカルクリニック,0,False
27,4206089,病院,医療法人友紘会 彩都友紘会病院,204,True
27,4206592,無床診療所,北野外科内科,0,False
27,4206782,病院,茨木医誠会病院,224,False
27,4206865,病院,ほうせんか病院,172,True
27,4207012,無床診療所,医療法人医泉会 かしまクリニック,0,False
27,4207236,病院,医療法人恵仁会 田中病院,78,True
27,4207251,無床診療所,きずな友愛クリニック,0,False
27,4207442,無床診療所,医療法人智雪会 多田クリニック,0,False
27,4207483,病院,北大阪ほうせんか病院,280,True
27,4207491,病院,医療法人和倉会 サンタマリア病院,88,True
27,4207640,病院,社会医療法人祐生会 茨木みどりヶ丘病院,105,True
27,4207657,無床診療所,医療法人友紘会 内田クリニック,0,False
27,4207665,病院,医療法人友紘会 友紘会総合病院,278,True
27,4207806,病院,医療法人京優会 谷川記念病院,43,True
27,4207822,病院,社会医療法人東和会 東和会いばらき病院,43,True
27,4207988,無床診療所,つじメディカルクリニック,0,False
27,4208267,無床診療所,医療法人仁徳会 河村メディカルクリニック,0,False
27,4208481,無床診療所,医療法人 松原会 南茨木グリーンクリニック,0,False
27,4301864,病院,社会医療法人寿会 富永病院,284,True
27,4302573,無床診療所,医療法人聖授会 ＯＣＡＴクリニック,0,False
27,4302599,病院,なにわ病院,140,True
27,4302615,無床診療所,医療法人満領会 有田医院,0,False
27,4302631,病院,社会福祉法人 石井記念愛染園附属愛染橋病院,248,True
27,4302649,無床診療所,医療法人 岡藤会 岡藤クリニック,0,False
27,4302946,無床診療所,医療法人 入野医院,0,False
27,4303076,無床診療所,医療法人 正光会 橋村医院,0,False
27,4303134,病院,社会医療法人弘道会 なにわ生野病院,173,True
27,4303183,無床診療所,医療法人璃香会 あーべいんクリニック,0,False
27,4303365,無床診療所,社会医療法人寿会 富永クリニック,0,False
27,4402746,病院,医療法人有光会 サトウ病院,70,True
27,4403546,病院,社会福祉法人大阪福祉事業財団 すみれ病院,32,True
27,4403678,病院,社会医療法人大道会 ボバース記念病院,98,True
27,4404387,無床診療所,医療法人福肇会 正木脳神経外科クリニック,0,False
27,4405004,病院,医療法人誠真会 関目病院,48,True
27,4405723,病院,社会医療法人大道会 森之宮病院,355,True
27,4405954,無床診療所,福島脳外科クリニック,0,False
27,4406028,無床診療所,大阪がん循環器病予防センター,0,False
27,4406135,病院,社会福祉法人恩賜財団 大阪府済生会野江病院,400,True
27,4406671,病院,おおさかグローバル整形外科病院,80,True
27,4406911,無床診療所,いわた脳神経外科クリニック,0,False
27,4406952,無床診療所,医療法人健成会 なりたクリニック,0,False
27,4407174,無床診療所,医療法人 すぎた内科クリニック,0,False
27,4407240,病院,東大阪病院,255,True
27,4407513,無床診療所,医療法人山嶺会 石川消化器内科・内視鏡クリニック,0,False
27,4500978,病院,医療法人康生会 泉佐野優人会病院,265,True
27,4501729,病院,医療法人 青松記念病院,60,True
27,4501992,無床診療所,医療法人財団医親会 りんくうタウンクリニック,0,False
27,4502065,病院,楓こころのホスピタル,150,False
27,4502131,病院,医療法人良秀会 泉南藤井病院,60,True
27,4502263,病院,医療法人桂信会 羽原病院,70,True
27,4502370,病院,佐野記念病院,95,True
27,4502438,病院,りんくう総合医療センター,378,True
27,4502453,無床診療所,医療法人鉄仁会 平野医院,0,False
27,4502826,有床診療所,医療法人龍志会 ＩＧＴクリニック,19,True
27,4502859,無床診療所,医療法人秀和会 たかやまクリニック,0,False
27,4502883,病院,りんくう永山病院,120,True
27,4502925,無床診療所,医療法人健生会 中西脳神経外科・内科,0,False
27,4502958,病院,医療法人徳洲会 東佐野病院,79,True
27,4600018,病院,市立柏原病院,220,True
27,4600380,病院,医療法人養心会 国分病院,201,False
27,4600745,無床診療所,医療法人聖心会 大島医院,0,False
27,4600810,無床診療所,医療法人 藤江クリニック,0,False
27,4700420,無床診療所,医療法人涿水会 奥井医院,0,False
27,4700487,無床診療所,にしうら内科外科クリニック,0,False
27,4700503,無床診療所,医療法人 秀徳会 まわたり内科,0,False
27,4801426,無床診療所,たけもと内科クリニック,0,False
27,4801442,病院,社会医療法人 垣谷会 明治橋病院,156,True
27,4801913,病院,医療法人徳洲会 松原徳洲会病院,249,True
27,4802051,病院,医療法人邦英会 寺下病院,72,True
27,4802150,病院,医療法人敬寿会 吉村病院,219,False
27,4802226,病院,阪南中央病院,199,True
27,4802234,無床診療所,にしかわクリニック,0,False
27,4802275,無床診療所,医療法人大塚山会 オノクリニック,0,False
27,4802390,無床診療所,医療法人 弘仁会 可児放射線科,0,False
27,4802887,有床診療所,医療法人ＯＳＴ 伊藤クリニック,19,True
27,4802960,無床診療所,医療法人翠桜会 うえだクリニック,0,False
27,4803240,無床診療所,しもおか脳神経外科,0,False
27,4900483,病院,一般財団法人成研会 結のぞみ病院,390,True
27,4900855,病院,富田林田中病院,30,True
27,4900988,病院,医療法人正清会 金剛病院,60,True
27,4901010,無床診療所,医療法人柏友会 柏友クリニック,0,False
27,4901408,有床診療所,医療法人昭仁会 小川外科,19,True
27,4901945,無床診療所,医療法人幸信会 おおしか医院,0,False
27,4902034,病院,医療法人 宝生会 ＰＬ病院,305,True
27,4902422,無床診療所,医療法人志伝会 やまだ脳神経外科クリニック,0,False
27,4902497,病院,社会福祉法人恩賜財団大阪府済生会 富田林病院,260,True
27,5000721,病院,社会福祉法人天心会 小阪病院,537,False
27,5001661,病院,医療法人仁風会 牧野病院,180,True
27,5003675,病院,医療法人社団丸山会 八戸の里病院,95,True
27,5003956,病院,医療法人 渡辺会 渡辺病院,75,True
27,5004194,病院,医療法人清和会 ながはら病院,144,True
27,5004459,無床診療所,医療法人大阪恵星会 鴻池クリニック,0,False
27,5005571,病院,社会医療法人若弘会 若草第一病院,230,True
27,5005613,病院,河内総合病院,322,True
27,5005753,病院,医療福祉生活協同組合おおさか 東大阪生協病院,99,True
27,5005787,病院,医療法人藤井会 石切生喜病院,331,True
27,5006371,無床診療所,医療法人 竹村内科,0,False
27,5006405,無床診療所,医療法人 妻鹿整形外科,0,False
27,5007809,病院,医療法人康生会 弥刀中央病院,107,True
27,5007874,無床診療所,医療法人孝生会 津森医院,0,False
27,5009128,病院,医療法人宝持会 池田病院,199,True
27,5009292,病院,医療法人藤井会 枚岡病院,199,True
27,5010209,無床診療所,医療法人 正美会 安藤医院,0,False
27,5011025,無床診療所,医療法人育祥会 すざわ内科小児科クリニック,0,False
27,5011462,無床診療所,医療法人 ゆいクリニック,0,False
27,5011843,病院,医療法人寿山会 喜馬病院,123,True
27,5011959,病院,医療法人孟仁会 東大阪山路病院,214,True
27,5012304,無床診療所,医療福祉生活協同組合おおさか 楠根診療所,0,False
27,5012353,無床診療所,家出医院,0,False
27,5012551,無床診療所,医療法人 青和会 みずしま内科クリニック,0,False
27,5012783,病院,医療法人徳洲会 東大阪徳洲会病院,100,True
27,5013286,無床診療所,医療法人再生会 そばじまクリニック,0,False
27,5013617,病院,地方独立行政法人 市立東大阪医療センター,520,True
27,5013724,無床診療所,大友クリニック,0,False
27,5014821,無床診療所,森田呼吸器アレルギークリニック,0,False
27,5014854,無床診療所,瓜生堂脳神経外科 頭痛・もの忘れクリニック,0,False
27,5014961,病院,阪本病院,233,False
27,5015034,無床診療所,医療法人さきがけ会 東大阪みき脳神経外科クリニック,0,False
27,5015158,病院,医療法人徳洲会 恵生会病院,184,False
27,5201576,病院,医療法人京昭会 ツヂ病院,99,True
27,5201766,病院,医療法人新明会 神原病院,63,True
27,5201774,病院,社会医療法人明生会 明生病院,161,True
27,5202012,病院,医療法人正和会 協和病院,128,True
27,5202483,病院,医療法人桜希会 東朋病院,100,True
27,5202764,無床診療所,医療法人 竹村クリニック,0,False
27,5202772,病院,医療法人尽生会 聖和病院,122,True
27,5203812,病院,医療法人正正会 分野病院,100,True
27,5203911,無床診療所,社会医療法人弘道会 都島ＰＥＴ画像診断クリニック,0,False
27,5204125,無床診療所,医療法人秋桜会 秋桜会クリニック,0,False
27,5204224,無床診療所,氷室クリニック,0,False
27,5204364,病院,大阪市立総合医療センター,1030,True
27,5204604,無床診療所,都島放射線科クリニック,0,False
27,5300378,病院,医療法人微風会 浜寺病院,636,False
27,5300543,病院,医療法人博我会 高石病院,88,False
27,5301566,病院,医療法人 医進会 高石加茂病院,78,True
27,5301848,病院,医療法人良秀会 高石藤井病院,185,True
27,5301996,無床診療所,医療法人 やまだクリニック,0,False
27,5401051,病院,医療法人穂仁会 聖祐病院,47,True
27,5401085,有床診療所,医療法人社団ＥＭＩＦＵＬＬ ただおかメディカルクリニック,19,True
27,5500704,病院,医療法人清心会 八尾こころのホスピタル,389,False
27,5501652,病院,医療法人 貴島会 貴島病院本院,198,True
27,5503575,有床診療所,医療法人 阪本医院,19,True
27,5504573,病院,社会医療法人医真会 医真会八尾総合病院,241,True
27,5504730,病院,医療法人貴医会 貴島中央病院,99,True
27,5505349,無床診療所,医療法人 山田医院,0,False
27,5505604,病院,医療法人はぁとふる 八尾はぁとふる病院,119,True
27,5505885,無床診療所,社会医療法人医真会 医真会総合クリニックス,0,False
27,5506107,無床診療所,医療法人恭敬会 﨑クリニック,0,False
27,5506123,無床診療所,医療法人 小原クリニック,0,False
27,5506131,無床診療所,医療法人友伸会 くずもと内科クリニック,0,False
27,5506313,病院,医療法人桜希会 東朋八尾病院,94,True
27,5506396,病院,医療法人徳洲会 八尾徳洲会総合病院,475,True
27,5506610,有床診療所,医療法人 永光会 新井クリニック,19,True
27,5506693,無床診療所,石垣クリニック,0,False
27,5507089,無床診療所,しうちプライマリ・ケアクリニック,0,False
27,5507428,病院,医真会八尾リハビリテーション病院,120,True
27,5507741,病院,医療法人徳洲会 厚生会第一病院,151,False
27,5600827,病院,医療法人白卯会 白井病院,377,True
27,5600892,病院,医療法人白水会 紀泉病院,260,False
27,5601171,病院,医療法人 功徳会泉南 泉南大阪晴愛病院,95,True
27,5601296,病院,医療法人晴心会 野上病院,163,True
27,5601460,病院,社会福祉法人恩賜財団済生会支部 大阪府済生会新泉南病院,26,False
27,5601478,病院,医療法人 功徳会 大阪晴愛病院,69,True
27,5601502,病院,和泉南病院,160,True
27,5601643,無床診療所,医療法人 なぎさ会 第五なぎさクリニック,0,False
27,5601676,無床診療所,眞山クリニック,0,False
27,5601718,無床診療所,医療法人キレンゲ会 泉南新家クリニック,0,False
27,5700676,病院,医療法人 和幸会 阪奈サナトリウム,253,False
27,5701377,病院,社会医療法人 信愛会 畷生会脳神経外科病院,270,True
27,5701526,病院,医療法人 藤井会 北河内藤井病院,45,True
27,5801979,病院,医療法人 育生会（社団） 三好病院,69,False
27,5804718,病院,社会医療法人報恩会 長吉総合病院,309,False
27,5805103,病院,社会医療法人 緑風会 緑風会病院,140,True
27,5806416,無床診療所,医療法人 深津クリニック,0,False
27,5806861,無床診療所,嶋谷診療所,0,False
27,5807018,無床診療所,医療法人雄誠会 ミスミ診療所,0,False
27,5807505,病院,医療法人松仁会 松井記念病院,80,True
27,5808057,無床診療所,医療法人実恒会 ながはまクリニック,0,False
27,5808065,病院,医療法人豊旺会 共立病院,199,True
27,5808131,病院,医療法人五月会 平野若葉会病院,174,True
27,5808529,病院,医療法人高遼会 高遼会病院,33,True
27,5808941,無床診療所,医療法人松史会 いぬいクリニック,0,False
27,5809154,無床診療所,医療法人一幸会 いっしん整形外科,0,False
27,5809337,無床診療所,医療法人ＡＷＮＣ わたなべ脳神経外科クリニック,0,False
27,5809576,無床診療所,フェリス総合内科クリニック,0,False
27,5809808,病院,医療法人徳洲会 正和病院,165,True
27,5902504,病院,社会医療法人景岳会 南大阪病院,400,True
27,5904476,有床診療所,医療法人健正会 浜崎医院,16,True
27,5904641,無床診療所,医療法人 宮本医院,0,False
27,5904740,無床診療所,医療法人恵仁会 小野内科医院,0,False
27,5905051,病院,社会医療法人三宝会 南港病院,109,True
27,5905598,病院,医療法人讃和会 友愛会病院,170,True
27,5905697,無床診療所,医療法人 中田内科 中田内科クリニック,0,False
27,5905960,病院,医療法人慈心会 咲洲病院,151,True
27,5906208,無床診療所,医療法人 糸氏医院,0,False
27,5906216,無床診療所,医療法人 蘭畦会 わだ内科整形外科,0,False
27,5906331,無床診療所,医療法人 中野脳神経外科クリニック,0,False
27,5906430,無床診療所,医療法人旭医道会 中村クリニック,0,False
27,5906711,無床診療所,なかのクリニック,0,False
27,5906752,無床診療所,医療法人弘善会 矢木クリニック,0,False
27,6000084,無床診療所,医療法人 いわがきクリニック,0,False
27,6000407,病院,堺市立重症心身障害者（児）支援センター,60,True
27,6000563,無床診療所,医潤会内視鏡クリニック,0,False
27,6000613,病院,耳原総合病院,386,True
27,6000662,病院,社会医療法人清恵会 清恵会病院,336,True
27,6000803,無床診療所,しんとうクリニック,0,False
27,6001009,無床診療所,一般財団法人大阪府結核予防会 堺複十字診療所,0,False
27,6001264,無床診療所,大川内科医院,0,False
27,6001538,無床診療所,医療法人綾花会 尾花医院,0,False
27,6100090,無床診療所,みやわき診療所,0,False
27,6100124,無床診療所,社会医療法人頌徳会 日野クリニック,0,False
27,6100207,病院,南堺病院,153,True
27,6100314,病院,ベルランド総合病院,477,True
27,6100330,病院,医療法人邦徳会 邦和病院,119,True
27,6100512,病院,堺平成病院,296,True
27,6200015,無床診療所,西松医院,0,False
27,6200171,無床診療所,はつしば山本クリニック,0,False
27,6200593,無床診療所,医療法人МＣМ会 ＭＥＤＩＣＡＬ ＣＬＩＮＩＣ 森本医院,0,False
27,6200643,無床診療所,医療法人貴仁会 ばば脳神経外科・救急科・健診クリニック,0,False
27,6300187,無床診療所,耳原鳳クリニック,0,False
27,6300369,病院,医療法人 達瑛会 鳳胃腸病院,44,True
27,6300385,病院,ベルピアノ病院,192,True
27,6300443,無床診療所,医療法人 泉翔会 かとう鳳クリニック,0,False
27,6300583,病院,堺市立総合医療センター,472,True
27,6300633,無床診療所,医療法人大尚会 大川消化器内科,0,False
27,6301037,無床診療所,医療法人彩蘭会 いしかわ内科・内視鏡クリニック,0,False
27,6301052,無床診療所,前田脳神経外科クリニック,0,False
27,6301169,無床診療所,こうさか循環器・呼吸器クリニック,0,False
27,6400169,無床診療所,医療法人統貴会 泉北クリニック,0,False
27,6400201,無床診療所,医療法人 侑生会 太田医院,0,False
27,6400482,病院,社会医療法人啓仁会 堺咲花病院,310,True
27,6400607,無床診療所,医療法人圭晃会 すぎもと脳神経外科クリニック,0,False
27,6400763,無床診療所,医療法人 植月医院,0,False
27,6400813,病院,近畿大学病院,800,False
27,6500141,病院,タマダ病院,60,True
27,6500331,病院,吉川病院,90,False
27,6500596,病院,堺若葉会病院,180,True
27,6500703,病院,医療法人紀和会 正風病院,199,True
27,6500737,無床診療所,医療法人荒巻会 あらまき整形外科クリニック,0,False
27,6501149,無床診療所,医療法人佳和会 てらもと脳神経外科クリニック,0,False
27,9102853,病院,北大阪医療生活協同組合 十三病院,108,True
27,9105252,病院,社会医療法人協和会 北大阪病院,77,True
27,9105849,無床診療所,医療法人敬節会 西中島クリニック,0,False
27,9107217,病院,東淀川病院,92,True
27,9107274,無床診療所,吉村内科クリニック,0,False
27,9107662,病院,大阪回生病院,300,True
27,9107779,病院,貴生病院,115,True
27,9108009,有床診療所,秀壮会クリニック,19,True
27,9108108,有床診療所,医療法人 共和会 共立外科内科,19,False
27,9108397,無床診療所,医療法人 大阪健昌会 第二診療所,0,False
27,9108413,病院,大阪市立十三市民病院,263,True
27,9108645,無床診療所,西村内科・神経内科クリニック,0,False
27,9108702,無床診療所,医療法人桂寿会 桂寿クリニック,0,False
27,9108991,無床診療所,医療法人秀壮会 第２秀壮会クリニック,0,False
27,9109171,病院,革島病院,51,True
27,9109197,無床診療所,医療法人すずらん会 ながしま脳神経外科リハビリクリニック,0,False
27,9109346,無床診療所,ＫＫＣウエルネス新大阪健診クリニック,0,False
27,9109528,無床診療所,医療法人ＯＪ会 ＩＬＣ国際腰痛クリニック大阪,0,False
27,9109643,無床診療所,きくかわ内科・脳神経・消化器クリニック,0,False
27,9109668,無床診療所,大阪Ｊｏｂｅスポーツ＆整形外科クリニック,0,False
27,9202877,病院,社会医療法人盛和会 本田病院,100,True
27,9203263,病院,医療法人仁和会 和田病院,66,True
27,9203529,病院,医療法人正和会 新協和病院,148,True
27,9204121,無床診療所,医療法人 晃和会 北田医院,0,False
27,9204394,病院,医療福祉生活協同組合おおさか コープおおさか病院,166,True
27,9204766,病院,医療法人津樹会 城東病院,46,True
27,9204816,無床診療所,小林医院,0,False
27,9204824,病院,藍の都脳神経外科病院,80,True
27,9205094,病院,医療法人恵彰会 三和病院,53,True
27,9205177,無床診療所,医療法人健仁会 アイル在宅救急クリニック,0,False
27,9205193,無床診療所,かわむらクリニック,0,False
27,9300432,病院,医療法人樫本会 樫本病院,199,True
27,9300473,病院,医療法人六三会 大阪さやま病院,279,False
27,9300523,病院,社会医療法人さくら会 さくら会病院,147,True
27,9300531,病院,医療法人恒尚会 兵田病院,81,False
27,9300838,病院,医療法人恒昭会 青葉丘病院,681,True
27,9301018,病院,医療法人正雅会 本病院,99,False
27,9301117,無床診療所,医療法人敦博会 金剛メディカルクリニック,0,False
27,9301240,無床診療所,内科おかもとクリニック,0,False
27,9301307,無床診療所,あさだ脳神経外科クリニック,0,False
27,9401065,無床診療所,一般財団法人 大阪府結核予防会相談診療所,0,False
27,9401263,無床診療所,医療法人城見会 アムスニューオータニクリニック,0,False
27,9402444,病院,医療法人脳神経外科 日本橋病院,75,True
27,9404234,無床診療所,医療法人大織会 大織診療所,0,False
27,9405652,病院,医療法人財団厚生会 高津病院,53,True
27,9405827,無床診療所,医療法人英和会 センタークリニック,0,False
27,9406809,無床診療所,医療法人社団 ハイメディッククリニックＷＥＳＴ,0,False
27,9406858,無床診療所,医療法人翔永会 飯島クリニック,0,False
27,9408334,無床診療所,関西医科大学 天満橋総合クリニック,0,False
27,9408755,無床診療所,医療法人財団医親会 ＯＢＰクリニック,0,False
27,9409506,病院,地方独立行政法人大阪府立病院機構 大阪国際がんセンター,500,True
27,9409647,無床診療所,大阪重粒子線センター,0,False
27,9409761,無床診療所,医療法人社団新生会 大阪なんばクリニック,0,False
27,9410561,無床診療所,医療法人晴愛会 大阪リウマチ・膠原病クリニック,0,False
27,9410611,病院,原田病院,37,False
27,9410835,無床診療所,医療法人わかば会 上町はまのクリニック,0,False
27,9411312,無床診療所,医療法人朋愛会 淀屋橋総合クリニック,0,False
27,9411569,無床診療所,大阪谷町よりおか内科・内視鏡クリニック,0,False
27,9411601,無床診療所,大阪淀屋橋消化器・内視鏡クリニック,0,False
27,9411619,無床診療所,大阪消化器・内視鏡クリニック難波,0,False
27,9411957,無床診療所,きむたくクリニック 森ノ宮院,0,False
27,9500064,病院,医療法人泉南玉井会 玉井病院,75,True
27,9500437,有床診療所,医療法人 薮下脳神経外科・内科,19,False
27,9500585,病院,医療法人交詢医会 大阪リハビリテーション病院,126,True
27,9500676,有床診療所,医療法人なぎさ会 第二なぎさクリニック,19,True
27,9500825,無床診療所,まつかわ脳神経外科クリニック,0,False
27,9600021,病院,独立行政法人地域医療機能推進機構 大阪病院,505,True
27,9600039,病院,独立行政法人 地域医療機能推進機構 星ヶ丘医療センター,402,True
27,9600047,病院,国家公務員共済組合連合会 大手前病院,401,True
27,9600054,病院,国家公務員共済組合連合会 枚方公済病院,313,True
27,9600070,病院,社会福祉法人恩賜財団済生会支部 大阪府済生会中津病院,570,True
27,9600153,病院,社会福祉法人恩賜財団 大阪府済生会吹田病院,440,False
27,9600179,病院,独立行政法人 地域医療機能推進機構 大阪みなと中央病院,229,True
27,9800118,病院,大阪市立弘済院附属病院,90,True
27,9800233,病院,市立貝塚病院,249,True
27,9801124,病院,箕面市立病院,317,True
27,9801223,病院,社会医療法人生長会 阪南市民病院,185,True
27,9801421,病院,市立岸和田市民病院,400,True
27,9801470,病院,市立池田病院,364,True
27,9801504,病院,市立豊中病院,549,True
27,9801512,病院,大阪府立中河内救命救急センター,30,True
27,9801686,病院,八尾市立病院,380,True
27,9900017,病院,独立行政法人国立病院機構 大阪医療センター,605,True
27,9900025,病院,独立行政法人国立病院機構 大阪南医療センター,384,True
27,9900108,病院,独立行政法人国立病院機構 大阪刀根山医療センター,400,True
27,9900116,病院,独立行政法人国立病院機構 近畿中央呼吸器センター,276,True
27,9900249,病院,大阪大学医学部附属病院,86,True
27,9900256,病院,国立研究開発法人 国立循環器病研究センター,550,True
28,0101069,病院,公益財団法人 甲南会 甲南医療センター,461,True
28,0102554,病院,東神戸病院,154,True
28,0102687,病院,医療法人社団五仁会 住吉川病院,45,True
28,0102703,病院,医療法人明倫会 宮地病院,88,True
28,0103867,病院,公益財団法人甲南会 六甲アイランド甲南病院,198,True
28,0104618,無床診療所,市橋クリニック,0,False
28,0105060,無床診療所,医療法人社団 四葉会 瀧口クリニック,0,False
28,0106340,無床診療所,吉野脳神経外科クリニック,0,False
28,0106373,病院,医療法人明倫会 本山リハビリテーション病院,120,True
28,0106779,無床診療所,おざき脳外科クリニック,0,False
28,0107371,無床診療所,住吉内科ハートクリニック,0,False
28,0107405,病院,社会福祉法人平成記念会 サポートハウス ココロネ住吉,100,True
28,0107413,無床診療所,日山クリニック,0,False
28,0107652,無床診療所,頭痛・認知症 もりた脳神経クリニック,0,False
28,0108072,無床診療所,脳神経内科みやもとクリニック,0,False
28,0201406,病院,医療法人愛和会 金沢病院,164,True
28,0203121,病院,医療法人康雄会 西病院,73,True
28,0203329,病院,医療法人 昭生病院,103,True
28,0203659,病院,医療法人財団 神戸海星病院,176,True
28,0204525,無床診療所,橋村クリニック,0,False
28,0205050,無床診療所,たかやすクリニック,0,False
28,0205068,病院,中井病院,48,True
28,0205217,有床診療所,ろっこう医療生活協同組合 灘診療所,12,True
28,0205274,病院,田所病院,60,True
28,0205837,無床診療所,公益財団法人兵庫県予防医学協会 健診センター,0,False
28,0206199,無床診療所,ねもとクリニック,0,False
28,0206322,病院,吉田アーデント病院,80,True
28,0206348,病院,六甲病院,178,True
28,0206504,無床診療所,むらかみ内科クリニック,0,False
28,0206587,無床診療所,松本内科・呼吸器クリニック,0,False
28,0500120,病院,三菱神戸病院,164,True
28,0500401,病院,医療法人 川崎病院,275,True
28,0503033,病院,医療法人 尚生会 湊川病院,241,False
28,0504163,病院,医療法人仁風会 小原病院,145,True
28,0505632,病院,井上病院,56,True
28,0505830,病院,社会医療法人榮昌会 吉田病院,139,True
28,0506150,無床診療所,公益財団法人兵庫県予防医学協会健康ライフプラザ健診センター,0,False
28,0506358,無床診療所,公益財団法人兵庫県健康財団保健検診センター,0,False
28,0506408,無床診療所,せのお医院,0,False
28,0506762,病院,神戸百年記念病院,199,True
28,0507067,病院,社会医療法人社団正峰会 神戸大山病院,120,True
28,0507349,無床診療所,わかば画像診断クリニック,0,False
28,0602272,病院,医療法人楠和会 公文病院,111,True
28,0603643,病院,神戸医療生活協同組合 神戸協同病院,165,True
28,0605242,無床診療所,神戸医療生活協同組合いたやどクリニック,0,False
28,0605846,無床診療所,のぞみ耳鼻咽喉科,0,False
28,0606133,病院,神戸市立医療センター西市民病院,358,True
28,0606315,病院,医療法人社団 十善会 野瀬病院,90,True
28,0606380,病院,丸山病院,90,True
28,0606471,病院,神戸朝日病院,134,True
28,0606562,病院,医療法人一輝会 荻原記念病院,142,True
28,0700860,病院,医療法人一高会 野村海浜病院,176,True
28,0703203,病院,医療法人社団菫会北須磨病院,144,True
28,0703807,病院,髙橋病院,112,False
28,0703864,無床診療所,石川リハビリ脳神経外科クリニック,0,False
28,0703989,病院,新須磨リハビリテーション病院,56,True
28,0704086,無床診療所,新須磨クリニック,0,False
28,0704193,無床診療所,いわくら脳神経外科頭痛クリニック,0,False
28,0704227,無床診療所,きむら内科医院,0,False
28,0704383,病院,須磨浦病院,126,True
28,0704441,病院,新須磨病院,147,True
28,0704664,無床診療所,凌駕クリニック樋上本院,0,False
28,0704763,病院,尾原病院,98,False
28,0800934,病院,舞子台病院,120,True
28,0802104,病院,医療法人薫風会 佐野病院,131,True
28,0802757,病院,医療法人徳洲会 神戸徳洲会病院,309,True
28,0804043,無床診療所,髙橋医院,0,False
28,0804241,病院,神戸掖済会病院,315,True
28,0804308,病院,医療法人社団菫会名谷病院,112,True
28,0804464,無床診療所,水間医院,0,False
28,0804811,有床診療所,まつざきクリニック,19,True
28,0805057,無床診療所,こはや脳神経外科クリニック,0,False
28,0805677,無床診療所,医療法人実風会 実風会心療クリニック,0,False
28,0805792,病院,社会医療法人社団順心会 順心神戸病院,118,True
28,0805891,無床診療所,糖尿病・腎透析にしかげクリニックアネックス,0,False
28,0805982,無床診療所,医療法人社団せいゆう会本多聞内科クリニック,0,False
28,0806238,無床診療所,小束山クリニック,0,False
28,0900189,病院,医療法人信和会 明和病院,257,True
28,0900619,病院,医療法人喜望会 谷向病院,180,True
28,0902441,病院,医療法人芳恵会 三好病院,99,True
28,0903720,病院,西宮すなご医療福祉センター,182,True
28,0904579,病院,兵庫医科大学病院,963,True
28,0906467,病院,医療法人社団アガペ会 アガペ甲山病院,166,True
28,0906491,病院,社会医療法人渡邊高記念会 西宮渡辺病院,190,True
28,0906616,病院,医療法人社団緑水会 北摂中央病院,190,True
28,0907101,無床診療所,医療法人社団 大西医院,0,False
28,0907291,無床診療所,かとう内科・外科・整形外科クリニック,0,False
28,0907424,病院,西宮協立脳神経外科病院,167,True
28,0907457,病院,仁明会病院,302,False
28,0908083,病院,笹生病院,195,True
28,0908422,病院,上ケ原病院,124,False
28,0908489,病院,高田上谷病院,88,True
28,0909263,無床診療所,山内医院,0,False
28,0909396,病院,医療法人社団西宮回生病院,180,True
28,0909560,病院,医療法人協和会 協和マリナホスピタル,140,True
28,0920542,病院,西宮協立リハビリテーション病院,120,True
28,0920831,無床診療所,みった整形外科,0,False
28,0921052,無床診療所,山路クリニック,0,False
28,0921219,無床診療所,はら外科胃腸科クリニック,0,False
28,0921870,病院,社会医療法人渡邊高記念会西宮渡辺心臓脳・血管センター,120,True
28,0922308,病院,布谷整形外科病院,86,True
28,0923157,病院,医療法人敬愛会 西宮敬愛会病院,231,True
28,0923520,無床診療所,松本脳神経外科クリニック,0,False
28,0923785,無床診療所,医療法人信和会 明和キャンサークリニック,0,False
28,0924205,無床診療所,横山クリニック,0,False
28,0924429,無床診療所,夙川宮本クリニック,0,False
28,0924643,無床診療所,たけはしクリニック,0,False
28,0925046,無床診療所,あんしんクリニック西宮,0,False
28,0925947,無床診療所,山口クリニック,0,False
28,0925954,無床診療所,岡田クリニック,0,False
28,0926085,無床診療所,臨港クリニック,0,False
28,0926481,病院,めいわリハビリテーション病院,153,True
28,0926861,無床診療所,高橋内科循環器科クリニック,0,False
28,0926960,無床診療所,都クリニック,0,False
28,0927158,無床診療所,医療法人ＫＭＤＡ はなぶさ脳神経外科・皮ふ科クリニック,0,False
28,0927257,病院,兵庫県立西宮総合医療センター,552,False
28,1000021,病院,市立芦屋病院,199,True
28,1002118,病院,医療法人昭圭会南芦屋浜病院,83,True
28,1002183,無床診療所,須山脳神経外科クリニック,0,False
28,1002910,無床診療所,医療法人順生会 芦屋グランデクリニック,0,False
28,1003736,無床診療所,芦屋クリニックのぞみ,0,False
28,1003991,無床診療所,芦屋セントマリアクリニック,0,False
28,1004163,病院,芦屋セントマリア病院,71,False
28,1004270,無床診療所,潮芦屋みかみ内科外科クリニック,0,False
28,1100599,病院,医療法人回生会 宝塚病院,131,True
28,1101084,病院,医療法人尚和会 宝塚第一病院,199,True
28,1101779,病院,宝塚市立病院,436,True
28,1103031,無床診療所,栗田クリニック,0,False
28,1103254,病院,こだま病院,110,True
28,1103874,無床診療所,かとうクリニック,0,False
28,1103999,無床診療所,小松原医院,0,False
28,1104096,有床診療所,医療法人社団 森迫脳神経外科,19,True
28,1104716,無床診療所,きむらクリニック,0,False
28,1104773,無床診療所,医療法人社団晃成会 晃成会クリニック,0,False
28,1104971,病院,医療法人愛心会 東宝塚さとう病院,127,True
28,1105069,病院,宝塚磯病院,160,True
28,1105283,無床診療所,李クリニック,0,False
28,1105598,無床診療所,かとう内科眼科クリニック,0,False
28,1105655,無床診療所,つだクリニック,0,False
28,1105804,無床診療所,ひろき整形外科,0,False
28,1200381,病院,あいの病院,145,False
28,1200514,病院,医療法人山西会 宝塚三田病院,681,False
28,1200530,病院,医療法人山西会 三田西病院,200,False
28,1200647,病院,医療法人社団尚仁会 平島病院,147,True
28,1200837,病院,社会福祉法人枚方療育園 医療福祉センターさくら,300,False
28,1200977,病院,三田市民・済生会病院,300,False
28,1201264,無床診療所,中津クリニック,0,False
28,1201355,病院,医療法人敬愛会三田高原病院,360,True
28,1201454,無床診療所,中井医院,0,False
28,1201462,病院,医療法人敬愛会三田温泉病院,180,True
28,1201488,無床診療所,あおぞらクリニック,0,False
28,1201959,病院,さんだリハビリテーション病院,79,True
28,1202015,無床診療所,まんかいメディカルクリニック,0,False
28,1202189,無床診療所,ひろスポーツクリニック,0,False
28,1300983,病院,医療法人敬愛会 大塚病院,385,True
28,1301379,病院,香良病院,266,False
28,1301411,無床診療所,田中外科医院,0,False
28,1301585,有床診療所,丹波市国民健康保険 青垣診療所,8,True
28,1301833,病院,兵庫県立丹波医療センター,320,True
28,1400718,病院,岡本病院,140,True
28,1400833,無床診療所,西井クリニック,0,False
28,1401047,病院,医療法人社団みどり会にしき記念病院,48,True
28,1401286,病院,医療法人社団みどり会ささやま医療センター,138,False
28,1500921,病院,洲本伊月病院,178,True
28,1501358,病院,兵庫県立淡路医療センター,437,True
28,1601117,有床診療所,高山クリニック,19,False
28,1601125,病院,社会医療法人社団 順心会 順心淡路病院,172,True
28,1601158,病院,東浦平成病院,199,True
28,1601224,無床診療所,有馬内科消化器科,0,False
28,1601455,病院,聖隷淡路病院,152,True
28,1700729,病院,平成病院,137,True
28,1700919,病院,中林病院,93,True
28,1700927,病院,八木病院,98,True
28,1701024,病院,南淡路病院,145,True
28,1701248,病院,翠鳳第一病院,119,True
28,1800651,有床診療所,やない外科胃腸科,6,True
28,1800842,有床診療所,上田医院,3,False
28,1800883,病院,西脇市立西脇病院,320,True
28,1801055,無床診療所,鈴木内科医院,0,False
28,1900642,病院,土井リハビリテーション病院,144,True
28,1900923,無床診療所,福岡クリニック,0,False
28,1900931,有床診療所,復井診療所,19,True
28,1901012,病院,北播磨総合医療センター,450,True
28,1901020,病院,栄宏会小野病院,116,True
28,1901046,病院,医療法人社団薫楓会緑駿病院,180,False
28,1901053,病院,兵庫あおの病院,250,True
28,2000889,病院,明石こころのホスピタル,276,False
28,2001317,病院,医療法人公仁会 明石仁十病院,149,True
28,2002380,病院,医療法人明仁会 明舞中央病院,189,False
28,2002430,病院,特定医療法人誠仁会 大久保病院,199,True
28,2002828,病院,医療法人久仁会 明石同仁病院,99,True
28,2003156,病院,兵庫県立がんセンター,360,True
28,2003248,病院,医療法人社団せいゆう会 神明病院,71,True
28,2003487,病院,あさぎり病院,93,True
28,2003586,病院,医療法人社団弘成会 明海病院,60,True
28,2003677,有床診療所,中山クリニック,19,True
28,2003776,病院,明石回生病院,155,True
28,2004618,病院,明石土山病院,396,False
28,2004709,病院,野木病院,99,True
28,2004923,無床診療所,戸田内科・脳神経内科,0,False
28,2005383,無床診療所,恵泉クリニック,0,False
28,2005953,病院,医療法人社団 仁恵会 石井病院,103,True
28,2006001,無床診療所,医療法人社団せいゆう会 神明クリニック,0,False
28,2006035,病院,あさひ病院,100,True
28,2006043,有床診療所,大国クリニック,19,True
28,2006068,無床診療所,そうのクリニック,0,False
28,2006126,有床診療所,王子クリニック,18,True
28,2006167,病院,大西脳神経外科病院,182,True
28,2006415,病院,王子回生病院,69,True
28,2006431,病院,社会医療法人愛仁会 明石医療センター,392,True
28,2006464,病院,明石市立市民病院,317,True
28,2006563,病院,医療法人伯鳳会 明石リハビリテーション病院,109,True
28,2006811,無床診療所,朝原クリニック,0,False
28,2007116,無床診療所,医療法人社団せいゆう会 せいゆうクリニック,0,False
28,2007165,病院,医療法人社団医仁会 ふくやま病院,104,False
28,2007231,無床診療所,久保整形外科クリニック,0,False
28,2007264,無床診療所,新丸クリニック,0,False
28,2007348,無床診療所,医療法人社団 なぎさ会 やすお脳神経外科クリニック,0,False
28,2007942,無床診療所,かめいメンタル・メモリークリニック,0,False
28,2007983,病院,江井島病院,120,True
28,2008114,無床診療所,米田クリニック,0,False
28,2008148,無床診療所,西明石 岡本クリニック,0,False
28,2008361,無床診療所,池田総合内科クリニック,0,False
28,2101026,病院,高砂市民病院,199,True
28,2101497,無床診療所,ふじわら医院,0,False
28,2101653,病院,医療法人徳洲会高砂西部病院,219,True
28,2101778,無床診療所,東高砂胃腸外科,0,False
28,2200596,病院,共立会病院,100,True
28,2200927,病院,東加古川病院,425,False
28,2202246,病院,医療法人社団松本会 松本病院,185,True
28,2202261,病院,社会医療法人社団順心会 順心リハビリテーション病院,180,True
28,2202402,有床診療所,塩津外科胃腸科,18,False
28,2202428,無床診療所,サカネクリニック,0,False
28,2202808,病院,中谷整形外科病院,57,True
28,2203434,無床診療所,山室診療所,0,False
28,2203855,無床診療所,しょうせ脳神経外科クリニック,0,False
28,2204366,病院,医療法人社団せいわ会 たずみ病院,96,True
28,2204374,病院,社会医療法人社団 順心会 順心病院,174,True
28,2204598,無床診療所,公益財団法人加古川総合保健センター診療所,0,False
28,2204713,病院,加古川磯病院,196,True
28,2204747,病院,加古川中央市民病院,600,True
28,2204820,病院,フェニックス加古川記念病院,151,True
28,2204895,無床診療所,堀胃腸外科,0,False
28,2205249,無床診療所,加古川うおずみクリニック,0,False
28,2205272,病院,はくほう会加古川病院,199,True
28,2205280,無床診療所,平成泌尿器科クリニック,0,False
28,2300297,病院,医療法人樹光会大村病院,445,False
28,2301279,病院,ときわ病院,188,True
28,2301410,病院,みきやまリハビリテーション病院,166,True
28,2301477,病院,三木山陽病院,197,True
28,2301493,病院,服部病院,179,True
28,2301576,病院,吉川病院,316,True
28,2301816,無床診療所,正木脳外科クリニック,0,False
28,2500250,病院,医療法人尚生会 加茂病院,402,False
28,2500623,無床診療所,ますむら医院,0,False
28,2500649,病院,松原メイフラワー病院,99,True
28,2500722,病院,加東市民病院,139,True
28,2500821,無床診療所,井上医院,0,False
28,2500847,無床診療所,やすらぎの森診療所,0,False
28,2600456,病院,市立加西病院,159,True
28,2600779,無床診療所,おりたクリニック,0,False
28,2600845,無床診療所,大杉内科医院,0,False
28,2600951,病院,医療福祉センターきずな,80,True
28,2601025,無床診療所,まえだ内科神経内科クリニック,0,False
28,2601116,病院,医療法人紀陽会 北条田仲病院,48,True
28,2700264,病院,多可赤十字病院,96,True
28,2700330,病院,社会医療法人社団 正峰会 大山記念病院,199,True
28,2700348,無床診療所,矢持医院,0,False
28,2700421,無床診療所,多可町立松井庄診療所,0,False
28,2800403,病院,私立稲美中央病院,140,False
28,2800494,病院,医療法人社団友愛会 稲美しんわ病院,298,False
28,2800692,有床診療所,岡本クリニック,19,False
28,2800742,無床診療所,コスモクリニック,0,False
28,2800767,無床診療所,大西メディカルクリニック,0,False
28,2800791,病院,医療法人社団仙齢会 はりま病院,89,True
28,3000193,病院,独立行政法人労働者健康安全機構関西労災病院,642,True
28,3002405,無床診療所,医療法人郁芳会青木診療所,0,False
28,3002686,病院,社会医療法人 中央会 尼崎中央病院,237,False
28,3002702,病院,医療法人岡田病院,60,True
28,3002728,病院,医療法人尼崎厚生会立花病院,272,True
28,3003106,病院,医療法人旭会 園田病院,84,True
28,3005135,病院,中馬病院,65,True
28,3005143,病院,西武庫病院,59,True
28,3007644,病院,医療法人緑清会樋口胃腸病院,49,True
28,3007651,病院,医療法人純徳会田中病院,131,True
28,3008287,有床診療所,阪神医生協診療所,19,True
28,3020274,無床診療所,医療法人社団小川医院,0,False
28,3021223,無床診療所,細川内科医院,0,False
28,3021645,無床診療所,まごのクリニック,0,False
28,3021785,無床診療所,藤川医院,0,False
28,3022155,有床診療所,桂クリニック,19,True
28,3022270,病院,アイワ病院,46,False
28,3022338,病院,合志病院,99,True
28,3022494,病院,近藤病院,99,True
28,3022833,無床診療所,辻クリニック,0,False
28,3023138,無床診療所,三和クリニック,0,False
28,3023518,無床診療所,佐守医院,0,False
28,3023526,病院,医療法人社団斐庵会 わしだ病院,61,True
28,3024094,病院,安藤病院,153,False
28,3024383,無床診療所,西原クリニック,0,True
28,3024474,病院,池田病院,37,True
28,3024540,無床診療所,前田ファミリークリニック,0,False
28,3024615,無床診療所,にしむら胃腸科外科医院,0,False
28,3024698,病院,尼崎医療生協病院,199,True
28,3024805,無床診療所,じょうざき内科クリニック,0,False
28,3024813,有床診療所,青木外科整形外科,19,True
28,3025026,無床診療所,医療法人社団 泰志会 島田クリニック,0,False
28,3025158,病院,尼崎新都心病院,150,True
28,3025331,病院,神崎病院,57,True
28,3025380,無床診療所,わだ脳神経外科クリニック,0,False
28,3026198,無床診療所,カーム尼崎健診プラザ,0,False
28,3026263,病院,はくほう会セントラル病院,254,True
28,3026297,病院,兵庫県立尼崎総合医療センター,730,True
28,3026347,無床診療所,西川整形外科リハビリクリニック,0,False
28,3026537,病院,社会医療法人愛仁会 尼崎だいもつ病院,199,True
28,3026552,無床診療所,とみた脳神経クリニック,0,False
28,3027071,病院,医療法人社団兼誠会つかぐち病院,174,True
28,3027287,無床診療所,おぐらクリニック,0,False
28,3027451,有床診療所,きょう整形外科・神経外科クリニック,8,True
28,3027626,無床診療所,にしおか内科クリニック,0,False
28,3027915,無床診療所,まごころ脳神経クリニック,0,False
28,3028244,病院,尼崎中央リハビリテーション病院,144,False
28,3028285,病院,医療法人朗源会 おおくま病院,147,True
28,3028301,無床診療所,阪急塚口駅前いのうえ消化器内科・内視鏡クリニック,0,False
28,3028533,無床診療所,にしな内科,0,False
28,3028681,無床診療所,つだ内科・脳神経内科,0,False
28,3100977,病院,医療法人協和会 協立記念病院,465,True
28,3100993,病院,医療法人晋真会 ベリタス病院,199,True
28,3101140,病院,正愛病院,78,True
28,3101231,無床診療所,川西市医師会メディカルセンター,0,False
28,3101751,無床診療所,間瀬内科クリニック,0,False
28,3102270,無床診療所,咲クリニック,0,False
28,3102312,無床診療所,つちたにクリニック,0,False
28,3102395,病院,医療法人協和会第二協立病院,397,True
28,3102791,病院,自衛隊阪神病院,200,True
28,3103112,無床診療所,木村メディカルクリニック,0,False
28,3103484,病院,川西市立総合医療センター,405,True
28,3103518,病院,医療法人せいふう会 川西リハビリテーション病院,160,True
28,3103682,病院,九十九記念病院,65,False
28,3200264,無床診療所,坂田診療所,0,False
28,3200280,病院,医療法人社団衿正会生駒病院,198,True
28,3200488,無床診療所,西岡内科在宅クリニック,0,False
28,3200504,無床診療所,医療法人せいふう会 せいふうクリニック,0,False
28,3301211,病院,医療法人水光会伊丹天神川病院,267,True
28,3302086,病院,市立伊丹病院,414,True
28,3302375,有床診療所,医療法人社団星晶会 星優クリニック,19,False
28,3302557,有床診療所,太田外科診療所,19,True
28,3302755,無床診療所,安井内科クリニック,0,False
28,3302920,病院,医療法人社団豊明会 常岡病院,103,True
28,3303019,病院,医療法人社団 生会 生病院,83,False
28,3303282,病院,みやそう病院,97,True
28,3303530,無床診療所,柴本内科循環器科,0,False
28,3303589,有床診療所,医療法人社団緑心会大橋クリニック,19,True
28,3303977,有床診療所,野間総合診療クリニック,19,False
28,3304066,病院,医療法人社団 星晶会 あおい病院,39,False
28,3304272,病院,伊丹恒生脳神経外科病院,80,True
28,3304587,病院,医療法人せいふう会 伊丹せいふう病院,210,True
28,3305022,病院,医療法人せいふう会 阪神リハビリテーション病院,192,True
28,3305238,無床診療所,ひうらクリニック,0,False
28,3305303,無床診療所,桜ヶ丘クリニック,0,False
28,3305469,無床診療所,医療法人社団星晶会 ここしあ診療所,0,False
28,3305527,無床診療所,かねこ脳神経外科リハビリクリニック,0,False
28,3400450,病院,医療法人内海慈仁会 姫路北病院,317,False
28,3400724,有床診療所,日並内科外科医院,13,False
28,3400732,有床診療所,アキタケ診療所,19,True
28,3400773,無床診療所,城谷医院,0,False
28,3400948,無床診療所,医療法人社団 吉田クリニック,0,False
28,3401011,有床診療所,ミナミ整形外科・内科循環器科,19,True
28,3401060,病院,公立神崎総合病院,140,True
28,3500630,病院,金田病院,50,False
28,3500697,有床診療所,丸尾内科外科,19,True
28,3600786,病院,龍野中央病院,99,True
28,3600794,有床診療所,西はりまクリニック,19,True
28,3600802,病院,栗原病院,36,True
28,3600968,病院,兵庫県立リハビリテーション西播磨病院,100,True
28,3601149,病院,たつの市民病院,120,True
28,3601180,病院,医療法人社団仁德会 とくなが病院,109,True
28,3601206,無床診療所,たけだファミリークリニック,0,False
28,3601248,有床診療所,信原クリニック,19,True
28,3601305,有床診療所,いたがき総合診療クリニック,4,False
28,3700305,病院,医療法人社団一葉会 佐用共立病院,90,True
28,3700339,病院,医療法人聖医会 佐用中央病院,131,True
28,3700479,病院,尾﨑病院,60,False
28,3801020,病院,公立 宍粟総合病院,187,True
28,3801145,有床診療所,医療法人社団 ウスキ医院,14,True
28,3801152,無床診療所,広田医院,0,False
28,3900368,有床診療所,岡田整形外科,19,True
28,3900376,無床診療所,大岩診療所,0,False
28,4002776,病院,姫路聖マリア病院,425,True
28,4004012,病院,医療法人公仁会姫路中央病院,235,True
28,4004269,病院,医療法人松浦会 姫路第一病院,100,True
28,4004277,病院,医療法人全人会仁恵病院,211,False
28,4004665,病院,医療法人松浦会松浦病院,54,True
28,4004921,病院,医療法人仁寿会石川病院,206,True
28,4004988,病院,社会医療法人 恵風会 高岡病院,463,False
28,4005225,病院,医療法人ひまわり会八家病院,111,True
28,4005233,病院,医療法人山伍会播磨大塩病院,278,False
28,4005241,病院,城陽江尻病院,157,True
28,4005555,病院,医療法人財団清良会書写病院,92,True
28,4005563,病院,社会医療法人 松藤会 入江病院,199,True
28,4005795,病院,姫路医療生活協同組合共立病院,48,True
28,4006413,有床診療所,山田脳神経外科医院,3,True
28,4006686,無床診療所,安積外科胃腸科医院,0,False
28,4007304,病院,姫路愛和病院,108,True
28,4007429,無床診療所,白井医院,0,False
28,4007510,無床診療所,ナカムラ医院,0,False
28,4007650,病院,井野病院,100,True
28,4007726,無床診療所,信和内科クリニック,0,False
28,4008187,病院,医療法人社団綱島会 厚生病院,88,True
28,4008245,無床診療所,姫路市医師会診療所,0,False
28,4008302,無床診療所,川崎医院,0,False
28,4008351,無床診療所,白國医院,0,False
28,4008740,病院,石橋内科広畑センチュリー病院,60,True
28,4009037,病院,姫路赤十字病院,554,True
28,4009078,病院,医療法人社団みどりの会酒井病院,112,True
28,4009334,病院,社会医療法人三栄会ツカザキ病院,386,True
28,4009615,病院,中谷病院,60,True
28,4009680,無床診療所,阿保クリニック,0,False
28,4009698,病院,医療法人社団普門会 姫路田中病院,98,True
28,4020059,有床診療所,石橋内科,19,True
28,4020067,病院,國富胃腸病院,230,True
28,4020349,無床診療所,さだとうクリニック,0,False
28,4020489,有床診療所,大室整形外科 脊椎・関節クリニック,19,True
28,4020604,無床診療所,安富診療所,0,False
28,4020935,病院,山田病院,36,True
28,4021024,無床診療所,小山医院,0,False
28,4021313,病院,医療法人社団光風会長久病院,50,True
28,4021438,病院,神野病院,103,True
28,4021495,無床診療所,深津内科診療所,0,False
28,4021669,無床診療所,さわだ内科・呼吸器クリニック,0,False
28,4021792,無床診療所,はるな整形外科内科,0,False
28,4022048,無床診療所,野里ファミリークリニック,0,False
28,4022162,無床診療所,きむら内科クリニック,0,False
28,4022311,病院,医療法人五葉会 城南病院,51,True
28,4022402,病院,兵庫県立はりま姫路総合医療センター,736,True
28,4022535,病院,社会医療法人三栄会 三栄会広畑病院,150,True
28,4022584,無床診療所,中村外科胃腸科,0,False
28,4022808,無床診療所,姫路駅前みどり脳神経外科クリニック,0,False
28,4022865,無床診療所,寺田内科・呼吸器科,0,False
28,4022923,無床診療所,若林医院,0,False
28,4022964,有床診療所,木下医院,5,False
28,4100729,病院,医療法人古橋会 揖保川病院,320,False
28,4100810,病院,医療法人社団景珠会 八重垣病院,108,False
28,4100919,無床診療所,富井外科・脳神経外科医院,0,False
28,4101073,病院,兵庫県立粒子線医療センター,50,True
28,4101214,有床診療所,室井メディカルオフィス,19,True
28,4101255,病院,医療法人三宅会 太子病院,132,True
28,4200297,病院,相生市民病院,50,True
28,4200776,病院,医療法人社団天馬会 半田中央病院,130,True
28,4200784,病院,魚橋病院,374,True
28,4200859,無床診療所,ノア整形外科クリニック,0,False
28,4200875,病院,ＩＨＩ播磨病院,168,True
28,4300618,病院,医療法人伯鳳会 赤穂中央病院,298,True
28,4300725,病院,医療法人千水会 赤穂仁泉病院,224,False
28,4300915,無床診療所,梶原外科,0,False
28,4300956,病院,赤穂市民病院,356,True
28,4301111,無床診療所,きむクリニック,0,False
28,4400699,無床診療所,ろっぽう診療所,0,False
28,4400822,有床診療所,さくらクリニック,19,False
28,4400939,病院,公立豊岡病院組合立豊岡病院,528,True
28,4401150,無床診療所,大井医院,0,False
28,4401192,無床診療所,ちば内科・脳神経内科クリニック,0,False
28,4401226,無床診療所,もりやま診療所,0,False
28,4401259,有床診療所,公立豊岡病院組合立豊岡病院日高クリニック,19,True
28,4600322,病院,公立豊岡病院組合立豊岡病院出石医療センター,55,True
28,4700262,病院,医療法人杏風会 浜坂七釜温泉病院,80,True
28,4700510,病院,公立村岡病院,42,True
28,4700551,無床診療所,沢田医院,0,False
28,4700668,病院,公立香住病院,50,True
28,4700700,病院,公立浜坂病院,49,True
28,4700767,無床診療所,村瀬医院,0,False
28,4800013,病院,公立八鹿病院,380,True
28,4800914,有床診療所,脳神経外科 枚田クリニック,4,True
28,4801078,病院,但馬病院,255,False
28,4801086,無床診療所,日光診療所,0,False
28,4900680,病院,大植病院,250,False
28,4900987,病院,公立豊岡病院組合立朝来医療センター,149,True
28,5000019,病院,兵庫県立ひょうごこころの医療センター,462,False
28,5000357,病院,ありまこうげんホスピタル,360,True
28,5000498,病院,医療法人甲風会 有馬温泉病院,304,True
28,5000589,病院,神戸アドベンチスト病院,116,True
28,5001207,病院,独立行政法人地域医療機能推進機構 神戸中央病院,389,True
28,5001306,病院,神戸リハビリテーション病院,180,True
28,5001538,病院,済生会 兵庫県病院,268,True
28,5001744,無床診療所,川本医院,0,False
28,5002189,有床診療所,有床診療所はすいけクリニック,10,True
28,5002213,病院,医療法人社団顕修会 顕修会すずらん病院,88,True
28,5002221,病院,松田病院,44,False
28,5002437,病院,神戸医療福祉センターにこにこハウス,88,True
28,5002445,病院,アネックス湊川ホスピタル,100,False
28,5002494,病院,向陽病院,339,False
28,5002965,病院,真星病院,156,True
28,5003021,病院,恒生病院,109,True
28,5003054,有床診療所,松本ホームメディカルクリニック,14,True
28,5003120,無床診療所,こやまクリニック,0,False
28,5003153,病院,大池病院,143,False
28,5003245,病院,医療法人社団甲北会 甲北病院,68,True
28,5003278,無床診療所,吉野医院,0,False
28,5003385,無床診療所,社会医療法人社団正峰会 谷上せいほうクリニック,0,False
28,5003450,無床診療所,であい乳腺消化器医院,0,False
28,5003500,病院,神戸ほくと病院,121,True
28,5003559,病院,春日病院,80,True
28,5003567,無床診療所,まつだクリニック,0,False
28,5003583,無床診療所,西原内科クリニック,0,False
28,5003724,病院,恒生かのこ病院,55,True
28,5004102,無床診療所,水川脳神経外科・神経内科,0,False
28,5100702,病院,春日野会病院,60,True
28,5101163,病院,独立行政法人労働者健康安全機構神戸労災病院,314,True
28,5102849,病院,医療法人 神甲会 隈病院,58,True
28,5104258,無床診療所,朝日ビル 中院クリニック,0,False
28,5104472,無床診療所,医療法人 愛和会 金沢クリニック,0,False
28,5104746,無床診療所,北村クリニック,0,False
28,5105040,病院,神鋼記念病院,333,True
28,5105198,病院,三聖病院,90,True
28,5106048,病院,兵庫県災害医療センター,30,True
28,5106055,病院,神戸赤十字病院,310,True
28,5106238,無床診療所,岡本クリニック,0,False
28,5106717,無床診療所,冨永クリニック,0,False
28,5107012,無床診療所,王子会 神戸循環器クリニック,0,False
28,5107251,病院,神戸マリナーズ厚生会病院,199,True
28,5107418,病院,神戸市立医療センター中央市民病院,768,True
28,5107517,病院,一般財団法人神戸マリナーズ厚生会 ポートアイランド病院,212,True
28,5107657,病院,神戸低侵襲がん医療センター,80,True
28,5107673,病院,西記念ポートアイランドリハビリテーション病院,150,True
28,5107855,無床診療所,サニーピアクリニック,0,False
28,5108028,無床診療所,あんしんクリニック,0,False
28,5108044,病院,神戸平成病院,100,True
28,5108218,病院,兵庫県立こども病院,290,True
28,5108291,無床診療所,神戸消化器・内視鏡クリニック,0,False
28,5108382,無床診療所,兵庫県立粒子線医療センター附属神戸陽子線センター,0,False
28,5108747,有床診療所,ひろクリニック,1,True
28,5109273,病院,神戸医療福祉センターひだまり,56,True
28,5109406,無床診療所,新神戸ウェルネスクリニック,0,False
28,5109554,無床診療所,いけざわ神戸元町クリニック,0,False
28,5109661,無床診療所,山の手内科クリニック,0,False
28,5109687,病院,医療法人社団 勲章会 原泌尿器科病院,42,True
28,5109810,病院,神戸博愛病院,120,True
28,5110198,無床診療所,Ｐｏｎｏ ｗｅｌｌｎｅｓｓ ｃｌｉｎｉｃ,0,False
28,5200049,病院,医療法人博愛会 広野高原病院,147,True
28,5200080,病院,公益財団法人復光会 垂水病院,289,False
28,5200098,病院,医療法人敬性会 神戸白鷺病院,278,False
28,5200445,病院,医療法人 錦秀会 神出病院,448,False
28,5200932,病院,関西青少年サナトリューム,394,False
28,5200965,病院,兵庫県立リハビリテーション中央病院,520,True
28,5201096,無床診療所,高瀬クリニック,0,False
28,5202144,病院,みどり病院,108,False
28,5202227,無床診療所,山崎内科医院,0,False
28,5202276,病院,医療法人実風会新生病院,168,False
28,5202300,有床診療所,フェニックス岩岡クリニック,19,True
28,5202391,無床診療所,由井クリニック,0,False
28,5202441,病院,久野病院,116,True
28,5202490,無床診療所,医療法人社団菫会 西神すみれクリニック,0,False
28,5202631,病院,偕生病院,75,True
28,5202946,無床診療所,おの認知症クリニック,0,False
28,5203050,病院,医療法人社団菫会伊川谷病院,115,True
28,5203076,有床診療所,さとうクリニック,19,True
28,5203381,無床診療所,こばやし小児科・脳神経外科クリニック,0,False
28,5203415,有床診療所,西北クリニック,19,False
28,5203506,病院,神戸市立西神戸医療センター,470,True
28,5203829,病院,足立病院,60,True
28,5203886,病院,さかえ病院,99,True
28,9800083,病院,兵庫県立加古川医療センター,353,True
28,9900024,病院,独立行政法人国立病院機構兵庫中央病院,460,True
28,9900073,病院,独立行政法人国立病院機構姫路医療センター,405,False
28,9900099,病院,神戸大学医学部附属病院,934,True
28,9900107,病院,独立行政法人国立病院機構神戸医療センター,304,True
28,9900123,病院,神戸大学医学部附属国際がん医療・研究センター,114,False
29,0101167,病院,医療法人財団北林厚生会五条山病院,374,False
29,0101183,病院,社会福祉法人 東大寺福祉事業団 東大寺福祉療育病院,135,True
29,0101209,病院,医療法人博愛会松倉病院（社団）,67,True
29,0101225,病院,一般財団法人沢井病院,111,True
29,0101258,病院,社会医療法人健生会 吉田病院,312,False
29,0101811,病院,医療法人新仁会奈良春日病院,186,True
29,0101829,病院,医療法人新生会総合病院高の原中央病院,249,True
29,0101860,無床診療所,医療法人社団秋篠会 今村糖尿病内科 津田外科診療所,0,False
29,0101936,病院,医療法人康仁会西の京病院,248,True
29,0102017,病院,社会福祉法人恩賜財団済生会奈良病院,189,True
29,0102041,無床診療所,医療法人柏井クリニック,0,False
29,0102520,無床診療所,奈良市総合医療検査センター,0,False
29,0102876,病院,奈良東九条病院,60,True
29,0102983,病院,社会医療法人健生会 おかたに病院,150,True
29,0109467,無床診療所,いぬいクリニック,0,False
29,0109475,無床診療所,おおまえ医院,0,False
29,0109756,無床診療所,出口脳神経クリニック,0,False
29,0110309,病院,市立奈良病院,350,True
29,0110416,病院,医療法人宝山会 奈良小南病院,177,True
29,0110630,病院,奈良西部病院,117,True
29,0111034,無床診療所,かづきクリニック,0,False
29,0111059,無床診療所,登美ヶ丘画像診断クリニック,0,False
29,0111125,病院,社会医療法人松本快生会 西奈良中央病院,166,True
29,0111216,病院,医療法人せいわ会 登美ヶ丘リハビリテーション病院,122,True
29,0111240,病院,奈良セントラル病院,111,True
29,0111380,無床診療所,中村脳神経外科クリニック,0,False
29,0111539,病院,奈良県総合医療センター,540,True
29,0111620,無床診療所,にしやまクリニック,0,False
29,0111646,病院,医療法人せいわ会 ならまちリハビリテーション病院,108,True
29,0112024,無床診療所,島田医院,0,False
29,0112107,無床診療所,奈良みあとクリニック,0,False
29,0112115,有床診療所,クリニック石洲会,15,False
29,0112156,無床診療所,みぞた総合診療クリニック,0,False
29,0201058,病院,社会医療法人 田北会 田北病院,210,True
29,0201066,病院,独立行政法人地域医療機能推進機構 大和郡山病院,182,True
29,0201181,病院,医療法人厚生会奈良厚生会病院,60,True
29,0201207,病院,医療法人青心会郡山青藍病院,140,True
29,0201322,病院,医療法人藤和会藤村病院,45,True
29,0201611,無床診療所,まつたハートクリニック,0,False
29,0202684,無床診療所,壬生医院,0,False
29,0301031,病院,医療法人学芳会倉病院,60,True
29,0301056,病院,医療法人和幸会阪奈中央病院,199,True
29,0301098,病院,医療法人社団松下会 東生駒病院,121,True
29,0301296,病院,近畿大学奈良病院,518,True
29,0301502,病院,医療法人社団松下会 白庭病院,150,True
29,0301585,無床診療所,おおつかクリニック,0,False
29,0301619,病院,生駒市立病院,210,True
29,0401062,病院,社会福祉法人恩賜財団済生会中和病院,324,True
29,0401138,病院,医療法人社団岡田会山の辺病院,101,True
29,0401393,無床診療所,医療法人優心会 吉江医院,0,False
29,0402110,無床診療所,のぐちクリニック,0,False
29,0501192,病院,一般財団法人 信貴山病院ハートランドしぎさん,700,True
29,0501267,無床診療所,医療法人やわらぎ会やわらぎクリニック,0,False
29,0501374,病院,奈良県西和医療センター,300,True
29,0502141,無床診療所,みずかみクリニック,0,False
29,0700737,無床診療所,川西診療所,0,False
29,0701057,病院,国保中央病院,199,True
29,0701172,病院,奈良県総合リハビリテーションセンター,100,True
29,0801121,病院,大和高田市立病院,320,True
29,0801139,病院,社会医療法人健生会土庫病院,199,True
29,0801238,無床診療所,医療法人前之園診療所,0,False
29,0801410,無床診療所,医療法人 奥野クリニック,0,False
29,0801444,病院,医療法人社団憲仁会中井記念病院,80,True
29,0901087,病院,公益財団法人 天理よろづ相談所病院,687,True
29,0901145,病院,社会医療法人高清会 高井病院,376,True
29,0901186,病院,医療法人健和会奈良東病院,162,True
29,0901301,無床診療所,天理市立メディカルセンター,0,False
29,0901426,無床診療所,医療法人髙宮会 髙宮クリニック,0,False
29,1201131,無床診療所,医療法人翠悠会診療所,0,False
29,1201156,無床診療所,医療法人米田診療所,0,False
29,1201339,病院,平成記念病院,300,True
29,1201347,病院,医療法人 橿原友紘会 大和橿原病院,149,True
29,1201370,病院,医療法人 桂会 平尾病院,99,True
29,1201404,無床診療所,みなみクリニック,0,False
29,1201768,病院,万葉クリニック,240,False
29,1201800,病院,平成まほろば病院,116,True
29,1201818,病院,医療法人一路会錦織病院,30,True
29,1201875,無床診療所,橋本クリニック,0,False
29,1203475,無床診療所,橿原脳神経外科クリニック,0,False
29,1301071,病院,社会福祉法人恩賜財団済生会御所病院,150,True
29,1301089,病院,医療法人鴻池会秋津鴻池病院,521,True
29,1301121,有床診療所,医療法人榎本医院,19,False
29,1401129,無床診療所,田畑医院,0,False
29,1401228,病院,南和広域医療企業団五條病院,90,True
29,1501241,病院,医療法人郁慈会 服部記念病院,162,True
29,1501266,有床診療所,公益財団法人ニッセイ聖隷健康福祉財団 ニッセイ聖隷クリニック,19,True
29,1501274,病院,医療法人果恵会恵王病院,105,True
29,1501449,病院,医療法人友紘会 奈良友紘会病院,192,True
29,1501571,無床診療所,くずもとファミリークリニック,0,False
29,1501589,無床診療所,医療法人まつおかクリニック 内視鏡検査・ＣＴ検査クリニック,0,False
29,1501613,無床診療所,医療法人ポイントワン ならやまと整形外科スポーツクリニック,0,False
29,1501662,無床診療所,三恵クリニック,0,False
29,1501670,無床診療所,医療法人圭仁会 にわもと内科・呼吸器クリニック,0,False
29,1501704,無床診療所,おおひがしクリニック,0,False
29,1601066,病院,医療法人中川会飛鳥病院,357,False
29,1601090,無床診療所,へいせいたかとりクリニック,0,False
29,1701585,無床診療所,中辻医院,0,False
29,1701627,有床診療所,医療法人豊生会トミークリニック,2,True
29,1701643,病院,南和病院,120,True
29,1701684,病院,南和広域医療企業団 南奈良総合医療センター,232,True
29,1701692,病院,南和広域医療企業団 吉野病院,96,True
29,1701718,無床診療所,潮田クリニック,0,False
29,1800486,無床診療所,安田医院,0,False
29,1800809,無床診療所,かまだ医院,0,False
29,1801005,病院,医療法人弘生会関屋病院,306,True
29,1801203,無床診療所,医療法人康成会 旭ヶ丘クリニック,0,False
29,1801245,無床診療所,医療法人翠悠会香芝透析クリニック,0,False
29,1801302,無床診療所,加藤クリニック,0,False
29,1801336,病院,医療法人藤井会 香芝生喜病院,241,True
29,1801427,病院,社会医療法人 高清会 香芝高清会病院,99,False
29,1900054,無床診療所,関谷外科胃腸科,0,False
29,1901169,病院,医療法人興生会吉本整形外科・外科病院,57,True
29,2000128,有床診療所,グランソール奈良,19,True
29,2001076,病院,医療法人拓誠会辻村病院,66,True
29,2001084,病院,宇陀市立病院,176,True
29,2001126,無床診療所,医療法人谷口内科医院,0,False
29,9801833,病院,奈良県立医科大学附属病院,992,True
29,9901021,病院,独立行政法人国立病院機構やまと精神医療センター,283,True
29,9901278,病院,独立行政法人国立病院機構奈良医療センター,310,True
30,0107625,無床診療所,土井脳神経外科クリニック,0,False
30,0110108,病院,医療法人 浜病院,115,True
30,0110116,病院,医療法人 橋本病院,118,True
30,0110231,病院,医療法人曙会 和歌浦中央病院,162,True
30,0110256,病院,医療法人 田村病院,174,False
30,0110413,病院,琴の浦リハビリテーションセンター附属病院,108,False
30,0110454,病院,瀬藤病院,20,True
30,0110496,病院,医療法人 藤民病院,93,True
30,0110579,病院,医療法人福慈会 福外科病院,54,True
30,0110587,病院,医療法人裕紫会 中谷病院,195,True
30,0110611,病院,角谷整形外科病院,60,True
30,0110637,病院,和歌山生協病院,156,True
30,0110660,病院,稲田病院,72,True
30,0110769,病院,医療法人青松会 河西田村病院,99,True
30,0110793,病院,医療法人良友会 西和歌山病院,120,True
30,0110868,病院,医療法人愛晋会 中江病院,192,True
30,0111049,病院,半羽胃腸病院,51,True
30,0111288,病院,向井病院,70,True
30,0111502,有床診療所,星野クリニック,14,True
30,0111817,病院,須佐病院,60,True
30,0111833,無床診療所,医療法人伊奈胃腸科,0,False
30,0111874,無床診療所,横山内科,0,False
30,0111940,病院,高山病院,50,True
30,0111973,無床診療所,クリニック三木,0,False
30,0112054,病院,誠佑記念病院,80,True
30,0112062,無床診療所,一般社団法人和歌山市医師会成人病センター,0,False
30,0112229,病院,上山病院,56,True
30,0112641,病院,済生会和歌山病院,200,True
30,0112682,有床診療所,医療法人 以心会 浜田メディカルクリニック,19,False
30,0112773,無床診療所,和歌山南放射線科クリニック,0,False
30,0112823,有床診療所,宇治田循環器科内科,19,True
30,0112831,有床診療所,きのしたクリニック,19,True
30,0112872,無床診療所,堀止西クリニック,0,False
30,0112906,有床診療所,紀泉ＫＤクリニック,19,True
30,0112922,無床診療所,楊消化器クリニック,0,False
30,0112930,病院,古梅記念病院,110,True
30,0112963,病院,今村病院,52,True
30,0113011,病院,独立行政法人労働者健康安全機構 和歌山労災病院,303,True
30,0113045,無床診療所,渡辺内科,0,False
30,0113227,病院,堀口記念病院,150,True
30,0113235,無床診療所,石本胃腸肛門クリニック,0,False
30,0113300,無床診療所,さとう内科,0,False
30,0113334,無床診療所,いまえクリニック,0,False
30,0113417,無床診療所,十一番丁てらしたクリニック,0,False
30,0113581,病院,医療法人博文会 児玉病院,44,True
30,0113680,病院,医療法人匡慈会 伏虎リハビリテーション病院,67,True
30,0113755,有床診療所,向陽 脳とせぼね・循環器内科クリニック,19,True
30,0113789,病院,医療法人杏林会嶋病院,57,False
30,0113821,無床診療所,和歌山 健診クリニック・キタデ,0,False
30,0113854,病院,宇都宮病院,80,False
30,0113862,無床診療所,よねみつクリニック,0,False
30,0150823,無床診療所,木広町クリニック,0,False
30,0151334,無床診療所,松尾クリニック,0,False
30,0151433,無床診療所,嶋倉クリニック,0,False
30,0152654,無床診療所,舩橋クリニック,0,False
30,0153116,無床診療所,なかね整形外科＆肩・スポーツクリニック,0,False
30,0153124,無床診療所,和歌山駅前つじもと内科・呼吸器内科アレルギー科,0,False
30,1000878,無床診療所,虎谷内科小児科医院,0,False
30,1001090,無床診療所,伊藤クリニック,0,False
30,1010141,病院,社会医療法人 博寿会 山本病院,84,True
30,1010265,病院,医療法人南労会 紀和病院,299,True
30,1010356,無床診療所,本クリニック,0,False
30,1010505,無床診療所,奥野クリニック,0,False
30,1110081,病院,国保野上厚生総合病院,199,True
30,1301060,無床診療所,木秀クリニック,0,False
30,1310319,無床診療所,横手クリニック,0,False
30,1410051,病院,医療法人琴仁会 石本病院,53,True
30,1410101,無床診療所,整形外科,0,False
30,1410135,病院,恵友病院,50,True
30,1410143,有床診療所,秀輝整形外科,19,False
30,1410317,無床診療所,医療法人恵友会 下津クリニック,0,False
30,1410416,病院,医療法人晃和会 谷口病院,43,True
30,1500406,無床診療所,中村内科医院,0,False
30,1510199,有床診療所,土屋クリニック,19,True
30,1510215,病院,桜ヶ丘病院,99,True
30,1600818,無床診療所,森下整形外科,0,False
30,1600842,無床診療所,ごとうクリニック,0,False
30,1601113,無床診療所,小野田クリニック,0,False
30,1610148,病院,医療法人たちばな会 西岡病院,120,True
30,1610197,病院,済生会有田病院,149,True
30,1610239,病院,有田南病院,71,True
30,1610247,無床診療所,はしもとクリニック,0,False
30,1610296,無床診療所,亀井クリニック,0,False
30,1700162,無床診療所,高木内科,0,False
30,1700337,無床診療所,久保外科,0,False
30,1700436,無床診療所,どばしクリニック 胃腸内科・呼吸器内科・外科,0,False
30,1710013,病院,公立那賀病院,300,True
30,1710070,有床診療所,奥クリニック,19,True
30,1710120,無床診療所,医療法人慈愛会 勝田胃腸内科外科医院,0,False
30,1710138,病院,稲穂会病院,24,True
30,1710146,病院,名手病院,104,True
30,1710294,病院,貴志川リハビリテーション病院,168,True
30,1800319,無床診療所,伊藤内科,0,False
30,1800426,無床診療所,ふるさと内科クリニック,0,False
30,1810011,病院,社会福祉法人和歌山つくし会つくし医療・福祉センター,136,True
30,1810045,有床診療所,紀の川クリニック,19,True
30,1810086,病院,富田病院,103,True
30,1810227,無床診療所,上岩出内科・消化器内科,0,False
30,1810243,無床診療所,よしだクリニック,0,False
30,1810268,病院,殿田胃腸肛門病院,53,True
30,1810342,無床診療所,なかふさ診療所,0,False
30,2010025,病院,北出病院,182,True
30,2010033,病院,整形外科北裏病院,100,True
30,2010090,病院,ひだか病院,351,True
30,2100883,有床診療所,村外科,19,False
30,2210203,病院,医療法人洗心会 玉置病院,66,True
30,2210427,有床診療所,外科内科医院,19,False
30,2210435,無床診療所,竹村医院,0,False
30,2210856,無床診療所,まろクリニック,0,False
30,2210997,病院,医療法人研医会 田辺中央病院,139,False
30,2301101,無床診療所,新谷クリニック,0,False
30,2301135,無床診療所,かじの内科クリニック,0,False
30,2310128,無床診療所,医療法人 米良医院,0,False
30,2310425,無床診療所,医療法人 笹屋内科外科,0,False
30,2401273,無床診療所,中北クリニック,0,False
30,2410274,病院,南紀医療福祉センター,64,True
30,2410589,病院,白浜はまゆう病院,210,True
30,2410803,無床診療所,上富田クリニック,0,False
30,2410829,病院,医療法人宝山会 白浜小南病院,42,True
30,2411058,無床診療所,医療法人 線崎外科胃腸科クリニック,0,False
30,2411090,病院,国保すさみ病院,25,True
30,2500835,有床診療所,坂野医院,19,True
30,2501049,無床診療所,髙橋ファミリークリニック,0,False
30,2510271,病院,医療法人日進会 日進会病院,82,True
30,2510529,無床診療所,けんゆうクリニック,0,False
30,2510644,有床診療所,医療法人 木下医院,19,True
30,2510651,無床診療所,こしみちクリニック,0,False
30,8010060,病院,有田市立病院,145,True
30,8010078,病院,和歌山県立こころの医療センター,300,False
30,8010193,病院,那智勝浦町立温泉病院,120,True
30,8010300,病院,新宮市立医療センター,281,True
30,8010367,病院,海南医療センター,146,True
30,8010383,病院,橋本市民病院,300,True
30,8010391,病院,和歌山県立医科大学附属病院紀北分院,80,True
30,8010417,有床診療所,高野町立高野山総合診療所,2,True
30,8010607,病院,くしもと町立病院,110,True
30,8012785,病院,和歌山県立医科大学附属病院,800,True
30,8210124,病院,日本赤十字社 和歌山医療センター,692,True
30,8210595,病院,紀南病院,352,True
30,8310007,病院,独立行政法人国立病院機構 和歌山病院,260,True
30,8410377,病院,独立行政法人国立病院機構南和歌山医療センター,316,True
31,0110818,病院,渡辺病院,282,True
31,0110842,病院,鳥取赤十字病院,350,True
31,0111097,病院,鳥取県立中央病院,514,True
31,0111782,無床診療所,医療法人 北室内科医院,0,False
31,0112053,有床診療所,医療法人 橋本外科医院,19,True
31,0112137,病院,尾﨑病院,180,True
31,0112178,無床診療所,岡本医院,0,False
31,0112418,病院,鳥取市立病院,340,True
31,0112533,無床診療所,松下内科医院,0,False
31,0112707,病院,ウェルフェア北園渡辺病院,180,True
31,0112921,有床診療所,野の花診療所,19,True
31,0113184,病院,鳥取医療生協 鹿野温泉病院,96,True
31,0113366,無床診療所,まつだ内科医院,0,False
31,0113499,病院,鳥取生協病院,260,True
31,0113507,無床診療所,おかだ内科,0,False
31,0113622,無床診療所,医療法人 さとに田園クリニック,0,False
31,0113846,無床診療所,おおたけ脳神経・漢方内科クリニック,0,False
31,0113861,無床診療所,下田神経内科クリニック,0,False
31,0113895,無床診療所,内科・消化器内科 片原ごとうクリニック,0,False
31,0113945,無床診療所,クリニック陽まり,0,False
31,0210022,病院,養和病院,212,True
31,0210261,病院,医療法人育生会 高島病院,119,True
31,0210444,病院,鳥取県立総合療育センター,69,True
31,0210451,病院,独立行政法人労働者健康安全機構 山陰労災病院,363,True
31,0210766,病院,医療法人勤誠会 米子病院,270,False
31,0211079,病院,社会医療法人同愛会 博愛病院,199,True
31,0211392,病院,医療法人友紘会 皆生温泉病院,145,True
31,0212184,無床診療所,真誠会セントラルクリニック,0,False
31,0212366,無床診療所,松田内科クリニック,0,False
31,0212705,無床診療所,ふくいちクリニック,0,False
31,0212754,無床診療所,加藤クリニック,0,False
31,0212929,無床診療所,あだち脳神経外科クリニック,0,False
31,0213083,無床診療所,淀江クリニック,0,False
31,0213166,無床診療所,とみます医科・歯科クリニック,0,False
31,0213182,病院,錦海リハビリテーション病院,48,True
31,0213299,病院,米子東病院,95,True
31,0213406,病院,新田外科胃腸科病院,31,True
31,0213463,無床診療所,米子中海クリニック,0,False
31,0213521,無床診療所,さくま内科・脳神経内科クリニック,0,False
31,0213562,無床診療所,おかだ内科クリニック,0,False
31,0213786,無床診療所,小酒外科医院,0,False
31,0213828,無床診療所,はしもとクリニック内科・呼吸器科,0,False
31,0213877,無床診療所,のむらニューロスリープクリニック,0,False
31,0213992,無床診療所,富長大谷内科クリニック,0,False
31,0214040,無床診療所,よなご脳神経クリニック,0,False
31,0214198,無床診療所,木村あおぞらクリニック,0,False
31,0214206,無床診療所,鈴木クリニック,0,False
31,0310186,病院,医療法人共済会 清水病院,98,True
31,0310202,病院,医療法人専仁会 信生病院,92,True
31,0310236,病院,鳥取県立厚生病院,300,True
31,0310244,病院,医療法人里仁会 北岡病院,102,True
31,0310277,病院,医療法人十字会 野島病院,190,True
31,0310459,病院,医療法人清生会 谷口病院,42,True
31,0310608,病院,医療法人清和会 垣田病院,86,True
31,0311150,病院,藤井政雄記念病院,120,True
31,0311200,無床診療所,医療法人 新田内科クリニック,0,False
31,0311416,無床診療所,宮石クリニック,0,False
31,0311572,無床診療所,倉吉シティ内視鏡クリニック,0,False
31,0410135,病院,鳥取県済生会 境港総合病院,171,True
31,0410275,病院,医療法人 元町病院,76,True
31,1110262,病院,岩美町国民健康保険 岩美病院,99,True
31,1210021,病院,国民健康保険 智頭病院,99,True
31,1210724,無床診療所,医療法人悠志会 岸本内科医院,0,False
31,1210807,無床診療所,こおげ駅前クリニック,0,False
31,1410621,無床診療所,医療法人社団 赤碕内科外科クリニック,0,False
31,1410647,有床診療所,森本外科・脳神経外科医院,15,True
31,1410662,無床診療所,宮川医院,0,False
31,1410720,病院,鳥取県中部医師会立 三朝温泉病院,136,True
31,1410811,無床診療所,岡田医院,0,False
31,1410829,無床診療所,赤碕診療所,0,False
31,1510016,病院,南部町国民健康保険 西伯病院,178,True
31,1510693,無床診療所,法勝寺内科クリニック,0,False
31,1510743,病院,医療法人萌生会 伯耆中央病院,60,True
31,1610162,病院,日南町国民健康保険 日南病院,99,True
31,1610360,病院,日野病院,99,True
31,8010010,病院,独立行政法人国立病院機構 鳥取医療センター,495,True
31,8010028,病院,鳥取大学医学部附属病院,695,True
31,8010036,病院,独立行政法人国立病院機構 米子医療センター,270,True
32,0110049,病院,松江赤十字病院,599,True
32,0111641,病院,医療法人青葉会松江青葉病院,300,False
32,0111773,病院,総合病院松江生協病院,351,True
32,0111914,病院,医療法人仁風会八雲病院,149,False
32,0112169,病院,医療法人社団創健会 松江記念病院,115,True
32,0112631,病院,東部島根医療福祉センター,98,True
32,0113043,無床診療所,柴田脳神経外科,0,False
32,0113472,無床診療所,医療法人 嶋本医院,0,False
32,0113670,無床診療所,まつしま脳神経内科クリニック,0,False
32,0113738,病院,松江市立病院,369,True
32,0113951,無床診療所,医療法人社団太田脳神経外科クリニック,0,False
32,0114314,無床診療所,幡医院,0,False
32,0114553,無床診療所,門脇内科胃腸科医院,0,False
32,0114884,無床診療所,うえだ内科ファミリークリニック,0,False
32,0114959,無床診療所,はまもとクリニック,0,False
32,0210039,病院,社会医療法人昌林会安来第一病院,330,True
32,0210609,無床診療所,医療法人社団 やすぎ博愛クリニック,0,False
32,0310011,病院,出雲市立総合医療センター,199,True
32,0410068,病院,医療法人同仁会海星病院,166,False
32,0411223,有床診療所,医療法人社団林整形外科医院,19,True
32,0411546,無床診療所,医療法人園山医院,0,False
32,0411827,無床診療所,医療法人社団岡倉会高鳥クリニック,0,False
32,0411983,無床診療所,深田医院,0,False
32,0412015,病院,島根県立中央病院,548,True
32,0412403,病院,医療法人壽生会 寿生病院,239,True
32,0412528,病院,出雲市民病院,180,True
32,0412536,病院,出雲市民リハビリテーション病院,116,True
32,0412619,病院,島根県立こころの医療センター,224,False
32,0412759,無床診療所,えだクリニック整形外科リハビリテーション科,0,False
32,0412908,無床診療所,石川脳神経内科医院,0,False
32,0412981,無床診療所,すたに呼吸器内科クリニック,0,False
32,0412999,無床診療所,公益財団法人 ヘルスサイエンスセンター島根,0,False
32,0413070,無床診療所,ひゃくどみクリニック,0,False
32,0413179,無床診療所,須佐クリニック,0,False
32,0510768,無床診療所,合原医院,0,False
32,0510891,病院,大田市立病院,225,True
32,0511378,無床診療所,こまめクリニック,0,False
32,0610030,病院,社会福祉法人 島根整肢学園 西部島根医療福祉センター,112,True
32,0610758,病院,島根県済生会江津総合病院,172,True
32,0610857,無床診療所,敬川沖田クリニック,0,False
32,0710038,病院,社会医療法人清和会西川病院,402,False
32,0710780,無床診療所,医療法人社団やすぎクリニック,0,False
32,0711184,病院,山根病院,59,True
32,0711440,無床診療所,島田診療所,0,False
32,0711507,無床診療所,医療法人 中村呼吸器内科医院,0,False
32,0810036,病院,益田赤十字病院,280,True
32,0810754,病院,公益社団法人 益田市医師会立 益田地域医療センター医師会病院,253,True
32,0810838,病院,社会医療法人正光会 松ヶ丘病院,215,False
32,0810846,無床診療所,医療法人金島胃腸科外科,0,False
32,0811604,無床診療所,石見クリニック,0,False
32,0811661,無床診療所,医療法人永瀬脳外科内科,0,False
32,1110030,病院,独立行政法人地域医療機能推進機構 玉造病院,214,True
32,1110436,病院,こなんホスピタル,147,False
32,1110857,病院,鹿島病院,177,True
32,1111020,無床診療所,医療法人伊藤医院,0,False
32,1210038,病院,安来市立病院,124,True
32,1310317,病院,町立奥出雲病院,98,True
32,1410570,病院,雲南市立病院,271,True
32,1510312,病院,平成記念病院,115,True
32,1510478,病院,飯南町立飯南病院,48,True
32,1610807,無床診療所,斐川中央クリニック,0,False
32,1610922,病院,斐川生協病院,120,True
32,1610989,病院,出雲徳洲会病院,183,True
32,1710250,無床診療所,大田市国民健康保険仁摩診療所,0,False
32,1810621,病院,邑智郡公立病院組合公立邑智病院,98,True
32,1810878,無床診療所,三笠記念クリニック,0,False
32,1810936,病院,社会医療法人仁寿会加藤病院,50,False
32,2110377,病院,津和野共存病院,49,True
32,2110450,病院,よしか病院,50,True
32,2210540,無床診療所,海士町国民健康保険海士診療所,0,False
32,2210623,病院,隠岐広域連合立隠岐病院,115,True
32,2210672,病院,隠岐広域連合立隠岐島前病院,44,True
32,5010012,病院,独立行政法人国立病院機構 松江医療センター,324,True
32,5010046,病院,島根大学医学部附属病院,600,True
32,5010053,病院,独立行政法人国立病院機構 浜田医療センター,347,True
33,0110170,病院,一般財団法人 河田病院,640,False
33,0110246,病院,光生病院,198,True
33,0110279,病院,公益財団法人慈圭会 慈圭病院,570,False
33,0110352,病院,万成病院,484,False
33,0110378,病院,岡山紀念病院,40,True
33,0110493,病院,公益財団法人林精神医学研究所附属林道倫精神科神経科病院,278,False
33,0110626,病院,総合病院 岡山協立病院,318,True
33,0111053,病院,医療法人明芳会 佐藤病院,93,True
33,0111061,病院,医療法人 洋友会 中島病院,56,True
33,0111152,病院,社会医療法人創和会 重井医学研究所附属病院,198,True
33,0111186,病院,山陽病院,216,True
33,0111319,病院,岡山旭東病院,214,True
33,0111327,無床診療所,一般財団法人淳風会 大供クリニック,0,False
33,0111350,有床診療所,医療法人（社団）福島内科医院,9,True
33,0111392,病院,岡山光南病院,44,True
33,0111400,有床診療所,かとう内科並木通り診療所,19,True
33,0111442,病院,おおもと病院,51,True
33,0111459,無床診療所,前田医院,0,False
33,0111855,有床診療所,木本内科医院,19,True
33,0111970,無床診療所,医療法人天成会青江クリニック,0,False
33,0112028,無床診療所,高松整形外科脳神経外科医院,0,False
33,0112358,有床診療所,山本医院,15,False
33,0112630,病院,岡村一心堂病院,152,True
33,0112820,有床診療所,うちおグリーンクリニック,19,True
33,0112861,有床診療所,医療法人 森谷外科医院,19,True
33,0112911,病院,同仁病院,50,True
33,0113026,病院,医療法人 社団 藤田病院,99,True
33,0113075,病院,岡山東中央病院,128,True
33,0113125,病院,医療法人社団操仁会 岡山第一病院,60,True
33,0113489,病院,竜操整形外科病院,111,True
33,0113539,病院,宮本整形外科病院,110,True
33,0113596,有床診療所,医療法人雄風会 新あしもりクリニック,4,True
33,0113786,有床診療所,原尾島クリニック,19,True
33,0114032,病院,社会医療法人鴻仁会 岡山中央病院,243,True
33,0114065,有床診療所,湯原内科医院,19,False
33,0114107,病院,岡山ひだまりの里病院,180,False
33,0114271,有床診療所,三宅おおふくクリニック,19,True
33,0114396,無床診療所,社会医療法人鴻仁会 セントラル・クリニック伊島,0,False
33,0114420,無床診療所,あけぼのクリニック,0,False
33,0114776,病院,医療法人岡山水清会 岡山水清会病院,62,True
33,0115021,無床診療所,岡山画像診断センター,0,False
33,0115054,無床診療所,公益財団法人 岡山県健康づくり財団附属診療所,0,False
33,0115120,無床診療所,医療法人 木村ファミリークリニック,0,False
33,0115229,病院,岡山県精神科医療センター,255,False
33,0115328,無床診療所,撫川クリニック,0,False
33,0115476,有床診療所,岡山ハートクリニック,19,True
33,0115567,病院,岡山博愛会病院,171,True
33,0115609,無床診療所,ながい内科クリニック,0,False
33,0115674,病院,公益財団法人操風会 岡山リハビリテーション病院,129,True
33,0115682,無床診療所,旭竜クリニック,0,False
33,0115690,病院,旭川荘療育・医療センター,422,True
33,0115740,病院,心臓病センター原病院,297,False
33,0115815,無床診療所,脳神経外科・内科 眞壁クリニック,0,False
33,0115856,病院,セントラルシティ病院,60,True
33,0116110,病院,岡山東部脳神経外科病院,38,True
33,0116169,病院,岡山西大寺病院,145,True
33,0116193,無床診療所,葵クリニック,0,False
33,0116227,病院,岡山西大寺病院附属中野分院,116,True
33,0116243,病院,川崎医科大学総合医療センター,647,True
33,0116284,有床診療所,吉井外科内科クリニック,19,True
33,0116326,有床診療所,きらめきクリニック,19,True
33,0116458,無床診療所,西大寺中央クリニック,0,False
33,0116763,有床診療所,トリニティクリニック,16,True
33,0116896,無床診療所,桜のみち内科クリニック,0,False
33,0116961,無床診療所,おきもと内科と外科のクリニック,0,False
33,0117068,無床診療所,まつメディカルクリニック,0,False
33,0122977,無床診療所,サンノゼの丘クリニック,0,False
33,0123975,無床診療所,いしい内科・胃大腸内視鏡・ＩＢＤクリニック,0,False
33,0124155,無床診療所,寺沢クリニック,0,False
33,0124189,無床診療所,おおひらクリニック,0,False
33,0124239,無床診療所,まなべ脳・脊椎クリニック,0,False
33,0206960,無床診療所,渡部医院,0,False
33,0207109,無床診療所,多田クリニック,0,False
33,0207174,無床診療所,藤沢脳神経外科医院,0,False
33,0207208,無床診療所,ごとうだ内科・内視鏡クリニック,0,False
33,0210012,病院,公益財団法人大原記念倉敷中央医療機構 倉敷中央病院,162,True
33,0210145,病院,しげい病院,256,True
33,0210186,病院,水島中央病院,198,True
33,0210210,病院,水島第一病院,199,True
33,0210301,病院,倉敷シティ病院,80,True
33,0210368,病院,玉島病院,60,True
33,0210418,病院,医療法人誠和会 倉敷紀念病院,148,True
33,0210517,病院,倉敷成人病センター,269,True
33,0210608,病院,川崎医科大学附属病院,138,True
33,0210749,病院,水島協同病院,282,True
33,0210756,病院,松田病院,135,True
33,0210814,病院,倉敷神経科病院,180,False
33,0210822,病院,倉敷平成病院,220,True
33,0210855,有床診療所,医療法人恵和会 田嶋内科,19,True
33,0210863,病院,医療法人創生会 渡辺胃腸科外科病院,40,True
33,0210897,有床診療所,新倉敷メディカルスクエア,19,True
33,0210962,病院,医療法人天馬会 チクバ外科胃腸科肛門科病院,60,True
33,0211150,無床診療所,渡辺医院,0,False
33,0211259,有床診療所,伊木診療所,11,True
33,0211465,無床診療所,医療法人王慈会 おうじクリニック,0,False
33,0211812,病院,武田病院,34,True
33,0211853,有床診療所,難波医院,19,True
33,0211937,無床診療所,医療法人養命会 佐藤医院,0,False
33,0212158,病院,倉敷リハビリテーション病院,106,True
33,0212224,有床診療所,医療法人社団 西崎内科医院,19,True
33,0212240,病院,柴田病院,190,True
33,0212265,有床診療所,三谷原内科医院,19,False
33,0212372,病院,公益財団法人 大原記念倉敷中央医療機構 倉敷中央病院リバーサイド,130,True
33,0212398,病院,医療法人昭和会 倉敷北病院,113,True
33,0212711,病院,倉敷仁風ホスピタル,240,False
33,0212794,無床診療所,むらかみクリニック,0,False
33,0212885,無床診療所,いわもとクリニック,0,False
33,0212927,病院,医療法人和香会 倉敷スイートホスピタル,196,True
33,0212984,無床診療所,サンライフクリニック,0,False
33,0213040,病院,まび記念病院,80,True
33,0213065,病院,医療法人社団新風会 玉島中央病院,122,True
33,0213099,有床診療所,やまな内科整形外科,19,True
33,0213123,病院,玉島協同病院,108,True
33,0213164,病院,児島中央病院,231,True
33,0213248,病院,倉敷第一病院,191,True
33,0213263,病院,プライムホスピタル玉島,77,True
33,0213313,病院,ＡＯＩ倉敷病院,209,False
33,0213347,無床診療所,みつおかクリニック,0,False
33,0213362,無床診療所,公益財団法人 大原記念倉敷中央医療機構 倉敷中央病院付属予防医療プラザ,0,False
33,0213404,無床診療所,一般財団法人淳風会 淳風会倉敷クリニック,0,False
33,0213487,病院,医療法人社団五聖会 児島聖康病院,80,True
33,0213503,無床診療所,たけだクリニック,0,False
33,0213545,無床診療所,えんさこ医院,0,False
33,0301647,無床診療所,内田整形外科医院,0,False
33,0310036,病院,一般財団法人江原積善会 積善病院,285,False
33,0310051,病院,津山中央記念病院,81,True
33,0310127,病院,希望ヶ丘ホスピタル,240,False
33,0310176,病院,中島病院,110,True
33,0310531,病院,津山中央病院,398,True
33,0310663,病院,総合病院 津山第一病院,199,True
33,0310739,無床診療所,医療法人西下病院 サンクリニック,0,False
33,0310770,無床診療所,おおうみクリニック,0,False
33,0310804,病院,医療法人東浩会 石川病院,68,True
33,0310812,無床診療所,津山ファミリークリニック,0,False
33,0310820,有床診療所,小畑醫院,19,True
33,0310853,無床診療所,ひらいクリニック,0,False
33,0410018,病院,医療法人愛善会由良病院,177,True
33,0410125,病院,大西病院,44,True
33,0410182,病院,中谷外科病院,40,True
33,0410349,無床診療所,しんみなクリニック,0,False
33,0410406,無床診療所,医療法人いずみ会 三宅内科外科医院,0,False
33,0410562,無床診療所,せいきょう玉野診療所,0,False
33,0510064,病院,公益財団法人仁和会ももの里病院,329,False
33,0510098,病院,笠岡第一病院,148,True
33,0510221,病院,笠岡中央病院,60,True
33,0510247,病院,医療法人社団きのこ会きのこエスポアール病院,180,False
33,0510379,有床診療所,村上脳神経外科内科,19,False
33,0510478,無床診療所,笠岡第一病院健康管理センター,0,False
33,0710037,病院,医療法人社団 菅病院,32,True
33,0710086,有床診療所,井原第一クリニック,19,True
33,0710128,病院,医療法人おだうじ会小田病院,33,True
33,0710136,有床診療所,森本整形外科医院,19,True
33,0710185,無床診療所,タカヤクリニック,0,False
33,0810019,病院,森下病院,64,True
33,0810050,病院,医療法人薬師寺慈恵会 薬師寺慈恵病院,64,True
33,0810159,無床診療所,医療法人健奉会 谷向内科,0,False
33,0810175,無床診療所,医療法人 友野内科医院,0,False
33,0810191,有床診療所,医療法人弘友会 泉クリニック,19,True
33,0810464,無床診療所,医療法人 診療ドクター杉生,0,False
33,0810530,無床診療所,きびじ整形外科・内科・リハビリクリニック,0,False
33,0810548,病院,医療法人行堂会 長野病院,86,True
33,0910074,病院,医療法人清梁会 高梁中央病院,160,True
33,0910082,病院,さきがけホスピタル,180,False
33,0910199,病院,大杉病院,53,True
33,1010064,病院,新見中央病院,115,True
33,1010254,病院,長谷川紀念病院,60,True
33,1010270,病院,太田病院,56,True
33,1010288,病院,医療法人思誠会渡辺病院,88,True
33,1110104,病院,草加病院,84,True
33,1110146,無床診療所,木村医院,0,False
33,1210045,無床診療所,もろおかクリニック,0,False
33,1210094,病院,瀬戸内記念病院,234,True
33,1210128,無床診療所,おさふねクリニック,0,False
33,1410066,病院,総合病院 落合病院,135,True
33,1610020,無床診療所,上田内科クリニック,0,False
33,2210119,病院,赤磐医師会病院,245,True
33,2210267,有床診療所,岩藤胃腸科外科歯科クリニック,19,False
33,2210309,病院,長島病院,128,True
33,2210408,無床診療所,岡山東部脳神経外科東備クリニック,0,False
33,2310125,病院,医療法人 紀典会 北川病院,76,True
33,2310208,病院,医療法人 平病院,89,True
33,2310224,有床診療所,渋藤医院,19,True
33,2510039,無床診療所,医療法人 渡辺医院,0,False
33,2510047,有床診療所,池田医院,19,True
33,2510088,無床診療所,ゆめの里クリニック,0,False
33,2710019,病院,金光病院,147,True
33,2710035,病院,医療法人 萌生会 国定病院,39,True
33,2710050,無床診療所,鴨方第一内科クリニック,0,False
33,2710126,無床診療所,医療法人 福嶋医院,0,False
33,2710134,病院,医療法人 みわ記念病院,60,True
33,2710233,有床診療所,にいつクリニック,19,True
33,3010088,無床診療所,医療法人武鶴会 平本胃腸科外科クリニック,0,False
33,3310199,無床診療所,哲西町診療所,0,False
33,3410106,病院,医療法人 美甘会 勝山病院,50,True
33,3410163,病院,金田病院,120,True
33,3410270,病院,津山中央まにわ病院,55,True
33,3410296,無床診療所,イケヤ医院,0,False
33,3410320,有床診療所,まにわ整形外科クリニック,18,True
33,3510061,病院,芳野病院,110,True
33,3610069,病院,日本原病院,60,True
33,3610192,病院,さとう記念病院,179,True
33,3610259,無床診療所,勝央診療所,0,False
33,3710109,無床診療所,湯郷ファミリークリニック,0,False
33,3710117,病院,医療法人三水会 田尻病院,40,True
33,3710166,有床診療所,医療法人豊医会 原医院,19,True
33,3710208,病院,美作中央病院,80,True
33,3800645,無床診療所,近藤クリニック,0,False
33,3810255,病院,医療法人三憲会 柵原病院,48,True
33,8800038,病院,独立行政法人労働者健康安全機構 岡山労災病院,358,True
33,8800061,病院,岡山赤十字病院,500,True
33,8800079,病院,独立行政法人労働者健康安全機構 吉備高原医療リハビリテーションセンター,150,True
33,8800087,病院,岡山済生会総合病院,473,True
33,8800129,病院,岡山赤十字玉野病院,83,True
33,8800137,病院,独立行政法人自動車事故対策機構 岡山療護センター,50,True
33,8800160,病院,済生会 吉備病院,75,True
33,8800194,病院,岡山済生会外来センター病院,80,True
33,8900127,病院,倉敷市立市民病院,198,True
33,8900325,病院,笠岡市立市民病院,194,True
33,8900416,病院,井原市立井原市民病院,139,True
33,8900432,無床診療所,井原市立美星国保診療所,0,False
33,8900713,病院,備前市国民健康保険市立備前病院,90,True
33,8900846,病院,岡山市久米南町組合立国民健康保険福渡病院,52,True
33,8901315,病院,矢掛町国民健康保険病院,117,True
33,8901901,病院,鏡野町国民健康保険病院,88,True
33,8902289,無床診療所,奈義ファミリークリニック,0,False
33,8902347,病院,高梁市国民健康保険成羽病院,96,True
33,8902461,病院,瀬戸内市立瀬戸内市民病院,110,True
33,8902511,無床診療所,赤磐市国民健康保険佐伯北診療所,0,False
33,8902610,有床診療所,国際貢献大学校メディカルクリニック,16,False
33,8902735,無床診療所,美作市立作東診療所,0,False
33,8902768,病院,美作市立大原病院,80,True
33,8902784,病院,真庭市国民健康保険湯原温泉病院,93,True
33,8902941,病院,備前市国民健康保険市立日生病院,92,True
33,8902958,病院,備前市国民健康保険市立吉永病院,50,True
33,8903014,病院,国立病院機構岡山市立金川病院,30,True
33,8903055,病院,岡山市立せのお病院,60,True
33,8903071,無床診療所,赤磐市国民健康保険熊山診療所,0,False
33,8903089,病院,岡山市立市民病院,400,True
33,8903196,病院,たまの病院,190,True
33,9800011,病院,岡山大学病院,819,True
33,9800037,病院,独立行政法人国立病院機構 岡山医療センター,609,True
33,9900027,病院,独立行政法人国立病院機構 南岡山医療センター,375,True
33,9900035,病院,国立療養所長島愛生園,157,True
33,9900043,病院,国立療養所邑久光明園,247,True
34,0110013,病院,中国電力株式会社 中電病院,248,True
34,0110138,病院,国家公務員共済組合連合会 吉島病院,199,True
34,0110252,病院,医療法人あかね会 土谷総合病院,351,True
34,0110427,病院,広島赤十字・原爆病院,565,True
34,0110989,病院,真田病院,50,True
34,0112191,病院,医療法人社団生和会 たかの橋中央病院,104,True
34,0112845,病院,広島第一病院,200,False
34,0113223,無床診療所,津谷内科呼吸器科クリニック,0,False
34,0113694,無床診療所,医療法人 大安会 大道内科,0,False
34,0113777,無床診療所,広島原爆障害対策協議会 健康管理・増進センター,0,False
34,0113983,病院,山本整形外科病院,36,True
34,0114940,病院,医療法人 せのがわ 瀬野川病院,312,False
34,0116200,病院,山﨑病院,148,True
34,0116234,病院,太田川病院,214,True
34,0116473,無床診療所,冨原脳神経外科医院,0,False
34,0116515,病院,医療法人恒和会 松石病院,58,True
34,0116770,無床診療所,槇殿放射線科,0,False
34,0116978,無床診療所,医療法人社団 原田クリニック,0,False
34,0117174,病院,広島シーサイド病院,183,True
34,0117612,病院,広島厚生病院,150,True
34,0117703,無床診療所,医療法人いずみ会 藤井循環器内科,0,False
34,0118172,有床診療所,谷本クリニック,19,True
34,0118396,無床診療所,広島中央健診所,0,False
34,0118875,無床診療所,うさがわクリニック,0,False
34,0118883,無床診療所,吉本脳神経外科内科医院,0,False
34,0121234,無床診療所,青山クリニック,0,False
34,0121366,無床診療所,医療法人社団たくみ会 きむらクリニック,0,False
34,0121648,無床診療所,こうの脳神経外科クリニック,0,False
34,0121838,病院,広島市医師会運営・安芸市民病院,140,True
34,0121895,無床診療所,あずまクリニック内科・放射線科,0,False
34,0122067,無床診療所,ふくだクリニック,0,False
34,0122497,有床診療所,山本整形外科クリニック,16,True
34,0123115,無床診療所,山田外科内科医院,0,False
34,0123586,無床診療所,広島生活習慣病・がん健診所,0,False
34,0123677,無床診療所,山村クリニック,0,True
34,0123701,病院,医療法人社団まりも会 ヒロシマ平松病院,161,True
34,0123735,無床診療所,医療法人社団ヤマナ会 さくらＭＲＩクリニック,0,False
34,0123784,病院,医療法人社団おると会 浜脇整形外科病院,146,True
34,0123875,無床診療所,グランドタワーメディカルコートライフケアクリニック,0,False
34,0124006,病院,一ノ瀬病院,95,True
34,0124048,無床診療所,広島ステーションクリニック,0,False
34,0124212,病院,林病院,51,True
34,0124220,無床診療所,さとう脳神経外科クリニック,0,False
34,0124378,病院,地方独立行政法人広島市立病院機構広島市立広島市民病院,743,True
34,0124428,無床診療所,八丁堀脳外科,0,False
34,0124501,有床診療所,はしもと内科,19,True
34,0124717,無床診療所,広島県立広島がん高精度放射線治療センター,0,False
34,0124865,病院,翠清会梶川病院,143,True
34,0124972,有床診療所,ほーむけあクリニック,12,True
34,0125011,無床診療所,伊達医院,0,False
34,0125326,無床診療所,医療法人財団愛人会 河村内科消化器クリニック,0,False
34,0125573,無床診療所,わたなべ内科・呼吸器クリニック,0,False
34,0125664,無床診療所,広島八丁堀呼吸器クリニック,0,False
34,0125672,無床診療所,向井内科・脳神経内科,0,False
34,0125680,無床診療所,広島みなとクリニック,0,False
34,0125714,病院,広島中央リハビリテーション病院,110,True
34,0126191,病院,医療法人社団生和会 広島はくしま病院,110,True
34,0126415,無床診療所,おひさま脳神経外科・歯科,0,False
34,0126530,無床診療所,大谷しょういちろう乳腺クリニック,0,False
34,0126548,無床診療所,医療法人社団瀬尾医院 うじな家庭医療クリニック,0,False
34,0126779,無床診療所,ひろしま脳神経内科クリニック,0,False
34,0126837,病院,瀬野記念病院,99,False
34,0126886,無床診療所,くまさん脳クリニック,0,False
34,0126969,病院,県立二葉の里病院,269,False
34,0126977,病院,県立広島病院,707,True
34,0126985,無床診療所,新本クリニック整形外科,0,False
34,0127058,無床診療所,医療法人修輝会 霞クリニック,0,False
34,0210086,病院,国家公務員共済組合連合会 広島記念病院,200,True
34,0210102,病院,医療法人社団玉章会 力田病院,86,True
34,0210458,病院,医療法人社団 光仁会 梶川病院,88,True
34,0210748,病院,医療法人社団更生会 こころホスピタル草津,429,False
34,0211183,病院,医療法人社団曙会 シムラ病院,117,True
34,0211894,無床診療所,医療法人 谷本内科クリニック,0,False
34,0212447,無床診療所,いのうえ内科脳神経クリニック,0,False
34,0212710,病院,医療法人社団 仁和会 児玉病院,379,False
34,0213338,病院,高陽中央病院,55,True
34,0213437,病院,医療法人社団恵愛会 安佐病院,376,False
34,0213809,無床診療所,一般財団法人広島県環境保健協会 健康クリニック,0,False
34,0213833,無床診療所,堀川内科胃腸科消化器科,0,False
34,0214005,病院,長久堂野村病院,79,True
34,0214120,無床診療所,医療法人社団 あと会 なかお内科消化器呼吸器クリニック 横山外科胃腸科,0,False
34,0214393,病院,日比野病院,146,True
34,0214625,病院,野村病院,106,True
34,0214666,無床診療所,高陽第一診療所,0,False
34,0214849,病院,医療法人社団うすい会 高陽ニュータウン病院,140,True
34,0214906,有床診療所,吉山クリニック,19,True
34,0214997,有床診療所,医療法人社団 博寿会 山下医院,19,True
34,0215192,病院,医療法人社団 一陽会 原田病院,120,True
34,0215630,病院,ナカムラ病院,260,True
34,0216000,病院,荒木脳神経外科病院,110,True
34,0216034,無床診療所,医療法人フルライフ かとうクリニック,0,False
34,0216117,病院,医療法人社団朋和会 西広島リハビリテーション病院,139,True
34,0216158,無床診療所,鈴が台クリニック,0,False
34,0216968,病院,五日市記念病院,180,True
34,0217339,有床診療所,谷川脳神経外科,17,True
34,0217750,無床診療所,医療法人社団 誠友会 セントラルクリニック,0,False
34,0218022,病院,広島グリーンヒル病院,150,True
34,0218170,無床診療所,島本内科循環器科・皮フ科,0,False
34,0218253,無床診療所,医療法人社団おると会 浜脇整形外科リハビリセンター,0,False
34,0218378,病院,医療法人和同会 広島パークヒル病院,114,True
34,0218469,病院,妹尾病院,48,True
34,0218956,無床診療所,医療法人社団 三上脳神経外科,0,False
34,0221158,無床診療所,森岡神経内科,0,False
34,0221307,無床診療所,三滝参道クリニック,0,False
34,0221398,無床診療所,医療法人 川口クリニック,0,False
34,0221554,無床診療所,はだ脳神経外科,0,False
34,0221679,病院,医療法人社団公仁会 槇殿順記念病院,28,True
34,0221703,病院,生協さえき病院,114,True
34,0221760,無床診療所,広島平和クリニック,0,False
34,0221794,無床診療所,矢野脳神経外科・やのこどもクリニック,0,False
34,0222172,病院,サカ緑井病院,51,True
34,0222263,無床診療所,永田クリニック,0,False
34,0222479,病院,医療法人社団 聖愛会 ぎおん牛田病院,90,True
34,0222636,無床診療所,城谷内科医院,0,False
34,0222792,無床診療所,ながお脳神経外科クリニック,0,False
34,0223006,病院,原田整形外科病院,51,True
34,0223428,有床診療所,西原セントラルクリニック,19,True
34,0223501,病院,長崎病院,130,True
34,0223592,病院,地方独立行政法人広島市立病院機構 広島市立リハビリテーション病院,100,True
34,0223600,病院,地方独立行政法人広島市立病院機構広島市立舟入市民病院,140,True
34,0223683,病院,広島医療生活協同組合 広島共立病院,186,True
34,0223774,無床診療所,緑井脳神経外科,0,False
34,0223840,病院,福島生協病院,165,True
34,0224012,無床診療所,ふないり脳クリニック,0,False
34,0224103,無床診療所,医療法人社団恵正会 二宮内科高陽クリニック,0,False
34,0224384,病院,メリィホスピタル,199,True
34,0224954,無床診療所,リハビリテーション礼和クリニック広島,0,False
34,0225324,無床診療所,アルパーク検診クリニック,0,False
34,0225340,病院,地方独立行政法人広島市立病院機構 広島市立北部医療センター安佐市民病院,434,True
34,0225365,有床診療所,石原脳神経外科医院,19,True
34,0225399,無床診療所,安佐南内科リウマチ科クリニック,0,False
34,0225415,無床診療所,かねはら内科・呼吸器クリニック,0,False
34,0225423,無床診療所,楽々園内科呼吸器クリニック,0,False
34,0225480,病院,安佐医師会病院,102,True
34,0225597,無床診療所,広島さくら整形外科,0,False
34,0225605,無床診療所,いのくち内科・呼吸器クリニック,0,False
34,0225720,無床診療所,たなべ春日野クリニック,0,False
34,0225753,病院,広島心臓血管病院,38,True
34,0225837,有床診療所,炭田内科・胃腸内科医院,19,True
34,0225845,無床診療所,こめかみ内科・外科クリニック,0,False
34,0225944,無床診療所,戸田整形外科リハビリクリニック,0,False
34,0225969,無床診療所,医療法人社団恵正会 さこぐち脳神経外科クリニック,0,False
34,0225985,無床診療所,にしもり整形外科クリニック,0,False
34,0226009,無床診療所,こころ内科・呼吸器クリニック,0,False
34,0226017,無床診療所,舟入おとなこども総合診療クリニック,0,False
34,0226041,有床診療所,山崎整形外科内科クリニック,19,False
34,0510022,病院,国家公務員共済組合連合会 呉共済病院,397,True
34,0510030,病院,医療法人緑風会 ほうゆう病院,323,False
34,0510170,病院,呉芸南病院,119,True
34,0510626,無床診療所,医療法人社団 福岡医院,0,False
34,0510691,病院,医療法人社団中川会 呉中通病院,123,True
34,0510782,病院,大矢整形外科病院,33,False
34,0510857,病院,医療法人社団有信会 呉記念病院,93,True
34,0510956,病院,医療法人社団 永楽会 前田病院,76,True
34,0511434,病院,青山病院,120,True
34,0511665,病院,社会福祉法人恩賜財団済生会支部広島県済生会 済生会呉病院,150,False
34,0511970,病院,一般社団法人 呉市医師会 呉市医師会病院,150,True
34,0512796,病院,マッターホルンリハビリテーション病院,64,True
34,0513349,病院,ふたば病院,186,False
34,0513414,病院,医療法人社団 薫風会 横山病院,40,True
34,0513638,病院,独立行政法人労働者健康安全機構 中国労災病院,410,True
34,0513729,無床診療所,佐々木内科・呼吸器科クリニック,0,False
34,0513810,無床診療所,郷原診療所,0,False
34,0513836,無床診療所,医療法人 清和会 荒谷医院,0,False
34,0514230,無床診療所,大宇根内科呼吸器科クリニック,0,False
34,0514248,無床診療所,きむら内科消化器科クリニック,0,False
34,0514354,病院,公立下蒲刈病院,49,True
34,0514370,無床診療所,松田脳神経外科,0,False
34,0514685,無床診療所,医療法人社団スマイル 博愛クリニック,0,False
34,0514743,病院,医療法人社団 悠仁会 後藤病院,84,True
34,0514925,病院,重症心身障害児施設 ときわ呉,70,True
34,0515088,有床診療所,医療法人社団仁井谷医院 にいたにクリニック,19,True
34,0515260,病院,呉みどりヶ丘病院,275,False
34,0515617,無床診療所,かじまクリニック,0,False
34,0710010,病院,国家公務員共済組合連合会 呉共済病院忠海分院,44,True
34,0710101,無床診療所,中島内科クリニック,0,False
34,0710143,病院,医療法人楽生会 馬場病院,80,True
34,0710317,病院,医療法人社団恵宣会 竹原病院,192,False
34,0710382,有床診療所,医療法人 宏慈会 桑原内科循環器科医院,11,True
34,0710408,病院,医療法人社団仁慈会 安田病院,153,True
34,0910099,病院,医療法人 仁康会 小泉病院,392,False
34,0910214,病院,総合病院 三原赤十字病院,184,True
34,0910297,病院,医療法人清幸会 三原城町病院,188,True
34,0910560,病院,医療法人大慈会 三原病院,337,False
34,0910941,病院,医療法人杏仁会 松尾内科病院,110,True
34,0911063,病院,一般社団法人三原市医師会 三原市医師会病院,187,True
34,0911196,病院,医療法人宗斉会 須波宗斉会病院,70,True
34,0911378,無床診療所,石根内科循環器科医院,0,False
34,0911634,病院,社会医療法人 里仁会 興生総合病院,323,True
34,0911675,無床診療所,公立くい診療所,0,False
34,0911733,無床診療所,いしねファミリークリニック,0,False
34,0911816,無床診療所,社会医療法人 里仁会 白龍湖クリニック,0,False
34,1110111,病院,尾道市立市民病院,263,True
34,1110335,病院,医療法人社団 杏佑会 笠井病院,30,True
34,1110509,有床診療所,医療法人社団 樹良会 高亀医院,12,True
34,1110574,病院,医療法人社団 神田会 木曽病院,133,True
34,1110855,病院,医療法人社団 啓卯会 村上記念病院,52,True
34,1110913,病院,医療法人社団 重松会 松本病院,182,True
34,1111374,無床診療所,土橋内科医院,0,False
34,1111424,有床診療所,よしはら内科外科リハビリテーションクリニック,19,True
34,1111465,無床診療所,医療法人社団 砂田内科,0,False
34,1111721,無床診療所,田辺クリニック,0,False
34,1111895,病院,公立みつぎ総合病院,217,True
34,1111994,有床診療所,尾道市立市民病院附属瀬戸田診療所,19,True
34,1112067,病院,広島県厚生農業協同組合連合会 尾道総合病院,386,True
34,1112091,無床診療所,こころ尾道駅前クリニック,0,False
34,1112190,無床診療所,医療法人社団藤本会藤本医院,0,False
34,1112240,無床診療所,かなもと医院,0,False
34,1112307,病院,山本病院,39,True
34,1112364,無床診療所,神田ファミリークリニック,0,False
34,1310448,病院,因島医師会病院,197,True
34,1510195,病院,医療法人村上会 福山回生病院,40,True
34,1510732,病院,医療法人 大林会 福山こころの病院,254,False
34,1510849,病院,神原病院,115,True
34,1510856,病院,医療法人社団 健生会 いそだ病院,41,True
34,1511219,病院,公立学校共済組合 中国中央病院,243,True
34,1511276,病院,福山市民病院,500,True
34,1511383,病院,医療法人紅萌会 福山記念病院,99,True
34,1511912,病院,医療法人社団 若葉会 蔵王病院,241,False
34,1511920,有床診療所,松永脳外科クリニック,19,True
34,1512100,病院,医療法人慈生会 前原病院,59,True
34,1512258,病院,日本鋼管福山病院,201,True
34,1512316,病院,医療法人 信英会 島谷病院,53,True
34,1512365,有床診療所,医療法人社団まこと会 神辺内科,11,True
34,1512506,病院,大石病院,50,True
34,1512571,無床診療所,医療法人社団 いなほ会 せら医院,0,False
34,1512605,病院,医療法人社団緑誠会 光の丘病院,175,False
34,1512654,病院,医療法人社団玄同会 小畠病院,111,True
34,1512662,有床診療所,医療法人社団 黎明会 さくらの丘クリニック,19,True
34,1512829,病院,脳神経センター大田記念病院,199,True
34,1512852,病院,医療法人社団 尚志会 福山城西病院,60,True
34,1512902,無床診療所,医療法人社団潤会 宮崎胃腸科放射線科内科医院,0,False
34,1512977,病院,医療法人 辰川会 山陽病院,82,True
34,1513017,病院,医療法人 叙叙会 福山第一病院,132,True
34,1513223,病院,下永病院,159,False
34,1513280,病院,西福山病院,122,False
34,1513413,病院,医療法人東和会 小林病院,60,True
34,1513504,病院,医療法人財団竹政会 福山循環器病院,80,True
34,1513579,無床診療所,黒瀬クリニック,0,False
34,1513652,無床診療所,医療法人社団 平井外科胃腸科医院,0,False
34,1513678,病院,医療法人社団健照会 住吉ふじい病院,81,True
34,1513686,病院,医療法人紘友会 福山友愛病院,347,False
34,1513769,病院,楠本病院,97,True
34,1513876,有床診療所,医療法人社団 藤本外科胃腸科肛門科クリニック,19,False
34,1513983,無床診療所,森近内科,0,False
34,1514049,無床診療所,佐藤脳神経外科,0,False
34,1514304,無床診療所,まつはまクリニック,0,False
34,1514601,病院,医療法人社団 宏仁会 寺岡整形外科病院,122,True
34,1514635,無床診療所,医療法人福徳永会 さいきじんクリニック,0,False
34,1514791,無床診療所,松井内科,0,False
34,1514833,無床診療所,岡田クリニック,0,False
34,1515020,無床診療所,明神館クリニック,0,False
34,1515103,無床診療所,医療法人 よしたかクリニック,0,False
34,1515111,無床診療所,いしおか医院,0,False
34,1515269,無床診療所,渡邉内科クリニック,0,False
34,1515319,無床診療所,市役所通りクリニック,0,False
34,1515459,無床診療所,船町ふじおかクリニック,0,False
34,1515624,無床診療所,さとう脳外科クリニック,0,False
34,1515632,無床診療所,ふじいクリニック,0,False
34,1515764,無床診療所,医療法人光耀会 岩﨑整形外科,0,False
34,1515830,病院,井上病院,38,True
34,1515848,無床診療所,はしもとじんクリニック,0,False
34,1515921,病院,医療法人三宅会 三宅会グッドライフ病院,110,False
34,1516051,病院,医療法人社団生和会 福山リハビリテーション病院,302,True
34,1516184,無床診療所,医療法人社団 花園医療福祉会 花園クリニック,0,False
34,1516317,病院,医療法人財団竹政会 セントラル病院,60,True
34,1516499,無床診療所,福山かた・ひざ・こしのクリニック,0,False
34,1516515,無床診療所,石藤クリニック,0,False
34,1516564,無床診療所,医療法人 徹慈会 春日クリニック,0,False
34,1516580,無床診療所,みよし内科,0,False
34,1516622,有床診療所,徳永医院,17,True
34,1516705,無床診療所,伊勢丘内科クリニック,0,False
34,1516713,無床診療所,周治ファミリークリニック,0,False
34,1516739,病院,福山南病院,114,True
34,1516812,無床診療所,しんがい内科・循環器内科 沼南クリニック,0,False
34,1516853,無床診療所,かんなべ整形外科,0,False
34,1516952,無床診療所,しんぞうクリニック,0,False
34,1710498,病院,医療法人同仁会 府中中央内科病院,45,True
34,1710639,有床診療所,なんば医院,19,True
34,1710720,病院,府中市民病院,150,True
34,1710738,病院,府中北市民病院,60,True
34,1910387,有床診療所,内科・外科鳴戸医院,19,True
34,1910627,病院,三次地区医療センター,150,True
34,1910643,有床診療所,大倉医院,19,True
34,1910718,病院,医療法人微風会 ビハーラ花の里病院,290,True
34,1910809,病院,市立三次中央病院,328,True
34,1910890,無床診療所,医療法人微風会 三次神経内科クリニック 花の里,0,False
34,2110011,病院,総合病院庄原赤十字病院,246,True
34,2110417,病院,庄原市立 西城市民病院,54,True
34,2110466,無床診療所,三上クリニック,0,False
34,2310272,病院,メープルヒル病院,344,True
34,2310306,無床診療所,医療法人社団 親和会 大和橋医院,0,False
34,2510046,病院,医療法人社団葵会 本永病院,182,True
34,2510087,病院,木阪病院,80,True
34,2510269,無床診療所,アソカの園武島医院,0,False
34,2510285,病院,医療法人社団 二山会 宗近病院,216,False
34,2510319,無床診療所,藤井脳神経外科,0,False
34,2510335,病院,広島県立総合リハビリテーションセンター 医療センター,340,True
34,2510392,病院,土肥整形外科病院,50,True
34,2510533,病院,医療法人社団葵会八本松病院,235,True
34,2510962,病院,井野口病院,188,True
34,2511044,無床診療所,下山記念クリニック,0,False
34,2511051,病院,東広島記念病院,27,True
34,2511077,無床診療所,医療法人 大森整形外科,0,False
34,2511234,有床診療所,医療法人社団 親心会 小西脳外科内科医院,18,False
34,2511291,無床診療所,医療法人瑠璃光会 山田脳神経外科,0,False
34,2511309,病院,西条中央病院,185,True
34,2511374,無床診療所,医療法人 大和会 西条ときわクリニック,0,False
34,2511796,無床診療所,たにぐち脳神経外科クリニック,0,False
34,2512026,無床診療所,ファミリークリニック森のくまさん,0,False
34,2512216,無床診療所,ゆかわ脳神経外科クリニック,0,False
34,2512232,病院,ＡＯＩ広島病院,200,False
34,2512315,無床診療所,こばやし整形外科クリニック,0,False
34,2512463,病院,県立安芸津病院,98,True
34,2512521,無床診療所,西条すこやか内科,0,False
34,2710018,病院,広島県厚生農業協同組合連合会 広島総合病院,460,True
34,2710083,無床診療所,長谷川医院,0,False
34,2710109,無床診療所,勝谷・小笠原クリニック,0,False
34,2710430,病院,医療法人あかね会 阿品土谷病院,214,True
34,2710513,病院,廿日市野村病院,102,True
34,2710661,無床診療所,医療法人社団裕仁会 斉藤脳外科クリニック,0,False
34,2710752,病院,廿日市記念病院,126,True
34,2711073,有床診療所,医療法人社団 清流会 双樹クリニック,14,True
34,2711198,無床診療所,広島生活習慣病・がん健診所大野,0,False
34,2711230,無床診療所,医療法人ハンス 宮内総合クリニック,0,False
34,2711339,無床診療所,田口脳心臓血管クリニック,0,False
34,2711396,無床診療所,平田内科小児科医院,0,False
34,2711545,病院,アマノ病院,120,False
34,2711578,無床診療所,廿日市駅前きだにクリニック,0,False
34,2910048,有床診療所,澤医院,18,True
34,2910071,無床診療所,深江長坂医院,0,False
34,2910089,病院,島の病院おおたに,96,True
34,3110143,病院,医療法人社団 仁風会 青木病院,78,True
34,3110333,有床診療所,室尾 林医院,19,False
34,3110531,有床診療所,医療法人社団 向日葵会 角医院,19,False
34,3110655,病院,一般財団法人 広島結核予防協会 住吉浜病院,35,True
34,3110838,病院,医療法人社団 吉田会 吉田病院,105,False
34,3111141,無床診療所,一般財団法人広島結核予防協会 住吉浜病院附属大浦診療所,0,False
34,3111190,病院,済生会広島病院,298,True
34,3111216,無床診療所,医療法人社団 森本医院,0,False
34,3111331,無床診療所,医療法人 杏林堂 河原クリニック,0,False
34,3111406,無床診療所,児玉クリニック,0,False
34,3210026,病院,マツダ株式会社 マツダ病院,266,True
34,3210042,病院,府中みくまり病院,317,False
34,3210711,病院,山本整形外科病院,52,True
34,3211131,無床診療所,ちくいえクリニック,0,False
34,3211651,無床診療所,太田整形外科,0,False
34,3211875,無床診療所,金谷整形外科クリニック,0,False
34,3212048,病院,南海田病院,60,True
34,3212055,無床診療所,おかざき脳神経クリニック,0,False
34,3310495,無床診療所,医療法人福寿会 天野医院,0,False
34,3312251,病院,佐伯中央病院,38,True
34,3312335,病院,大野浦病院,120,True
34,3312491,無床診療所,向井クリニック,0,False
34,3510045,病院,安芸太田病院,95,True
34,3510318,病院,北広島病院,55,True
34,3510607,病院,千代田病院,158,False
34,3510615,病院,医療法人社団慶寿会 千代田中央病院,120,True
34,3510631,病院,大朝ふるさと病院,36,True
34,3610241,無床診療所,佐々木クリニック,0,False
34,3610449,病院,広島県厚生農業協同組合連合会 吉田総合病院,237,True
34,3610928,無床診療所,医療法人増田ファミリークリニック,0,False
34,3610951,有床診療所,安芸高田やちよクリニック,12,True
34,3710777,病院,康成病院,74,True
34,3710793,病院,医療法人 真慈会 真愛病院,55,True
34,3710835,無床診療所,前田医院 東広島 消化器内科・内視鏡内科,0,False
34,3910237,有床診療所,医療法人社団 田村医院,3,True
34,3910559,病院,医療法人 仁康会 本郷中央病院,81,True
34,3910583,無床診療所,ときや内科,0,False
34,4110357,有床診療所,医療法人社団博和会 得本医院,17,True
34,4210025,病院,公立世羅中央病院,155,True
34,4210223,無床診療所,医療法人社団 瀬尾医院,0,False
34,4210413,有床診療所,医療法人社団 卜部医院 うらべ医院,10,True
34,4310080,無床診療所,常石医院,0,False
34,4310130,有床診療所,木下メディカルクリニック,19,True
34,4310239,病院,沼隈病院,118,True
34,4410286,有床診療所,医療法人社団 成恵会 やまてクリニック,19,True
34,4410294,有床診療所,医療法人社団 柚木外科医院,13,True
34,4410344,病院,医療法人 慈彗会 亀川病院,74,True
34,4410419,無床診療所,小川内科胃腸科,0,False
34,4410443,無床診療所,医療法人社団 親愛会 髙橋脳神経外科循環器内科,0,False
34,4510051,病院,寺岡記念病院,263,True
34,4610299,病院,神石高原町立病院,60,True
34,4910053,無床診療所,医療法人社団千手会 瀬尾医院,0,False
34,4910129,病院,医療法人社団増原会 東城病院,50,True
34,8010017,病院,広島大学病院,742,True
34,8010033,病院,独立行政法人国立病院機構 呉医療センター,645,True
34,8010041,病院,独立行政法人国立病院機構 福山医療センター,350,True
34,8010058,病院,独立行政法人国立病院機構 広島西医療センター,440,True
34,8010066,病院,独立行政法人国立病院機構 東広島医療センター,397,True
34,8010082,病院,独立行政法人国立病院機構 賀茂精神医療センター,412,True
35,0110202,病院,医療法人水の木会 下関病院,300,False
35,0110277,病院,医療法人其桃会 西尾病院,75,True
35,0111002,病院,医療法人 長府病院,60,True
35,0111242,病院,独立行政法人地域医療機能推進機構 下関医療センター,305,True
35,0111598,病院,光風園病院,285,True
35,0112265,病院,医療法人山陽会 長門一ノ宮病院,150,False
35,0113222,病院,医療法人社団青寿会 武久病院,263,True
35,0113271,病院,医療法人元洋会森山病院,86,True
35,0113610,病院,社会医療法人 松涛会 安岡病院,234,True
35,0113701,病院,医療法人社団季朋会 王司病院,247,True
35,0114360,有床診療所,まつなが医院,11,True
35,0114725,無床診療所,医療法人社団 柏村医院,0,False
35,0114956,有床診療所,伊藤内科医院,19,True
35,0115425,病院,桃崎病院,60,True
35,0115508,有床診療所,長府みらいクリニック,19,False
35,0115730,有床診療所,医療法人 正祥会 にしはらクリニック,18,True
35,0115946,病院,下関リハビリテーション病院,165,True
35,0116316,無床診療所,林クリニック,0,False
35,0116357,病院,山口県済生会下関総合病院,373,True
35,0116399,有床診療所,細江クリニック,19,True
35,0116852,有床診療所,いとう腎クリニック,19,True
35,0116886,無床診療所,吉田メディカルクリニック,0,False
35,0116985,無床診療所,はまさきクリニック,0,False
35,0117256,無床診療所,医療法人 長岡内科・画像診断クリニック,0,False
35,0117280,病院,下関市立市民病院,382,True
35,0117306,無床診療所,下関病院附属地域診療クリニック,0,False
35,0117504,無床診療所,医療法人 しものせき脳神経外科クリニック,0,False
35,0117520,無床診療所,なごみクリニック,0,False
35,0117652,病院,山口県済生会豊浦病院,275,True
35,0117793,病院,稗田病院,268,False
35,0117991,病院,脳神経筋センターよしみず病院,391,True
35,0118015,無床診療所,おくだ内科・循環器内科クリニック,0,False
35,0118171,無床診療所,けんぞう内科クリニック,0,False
35,0118189,無床診療所,志摩脳神経外科クリニック,0,False
35,0118239,無床診療所,おだ内科 循環器 呼吸器クリニック,0,False
35,0118254,無床診療所,なかやまメモリー・メンタルクリニック,0,False
35,0118270,有床診療所,医療法人星の里会 岡医院,19,False
35,0118320,無床診療所,はまだ内科・循環器内科クリニック,0,False
35,0210135,病院,医療法人博愛会 宇部記念病院,190,True
35,0211380,病院,医療法人厚仁会 西宇部病院,209,False
35,0211935,病院,医療法人和同会 宇部リハビリテーション病院,232,True
35,0211976,病院,医療法人聖比留会 セントヒル病院,184,True
35,0212354,病院,医療法人社団 泉仁会 宇部第一病院,160,False
35,0212420,病院,医療法人聖比留会 厚南セントヒル病院,80,True
35,0212529,無床診療所,医療法人社団 土屋医院,0,False
35,0212545,有床診療所,医療法人仁心会南園クリニック,19,True
35,0212628,無床診療所,おばやま血管心臓病クリニック,0,False
35,0212693,病院,医療生活協同組合健文会 宇部協立病院,159,True
35,0213311,無床診療所,西垣内放射線科,0,False
35,0213329,病院,医療法人太白会シーサイド病院,155,True
35,0213394,無床診療所,ときわクリニック,0,False
35,0213717,無床診療所,ひらき内科,0,False
35,0214004,無床診療所,おのだ放射線科クリニック,0,False
35,0214053,病院,医療法人信和会 高嶺病院,127,False
35,0214152,病院,医療法人仁心会 宇部仁心会病院,47,True
35,0214210,無床診療所,くろかわクリニック,0,False
35,0214269,無床診療所,藤本内科・脳神経内科,0,False
35,0214301,無床診療所,西川医院,0,False
35,0214426,無床診療所,やまもとクリニック,0,False
35,0214434,病院,山口県立こころの医療センター,180,False
35,0214475,病院,宇部西リハビリテーション病院,250,True
35,0214582,病院,医療法人社団清冨会 サンポプラ病院,42,True
35,0214632,病院,宇部中央病院,374,True
35,0214657,無床診療所,医療法人よしかわ脳神経外科クリニック,0,False
35,0214855,病院,社会医療法人いち樹会 尾中病院,110,True
35,0214871,無床診療所,浜通りクリニック,0,False
35,0214962,無床診療所,さの脳神経内科クリニック,0,False
35,0214988,無床診療所,かわぞえクリニック,0,False
35,0310141,病院,済生会山口総合病院,279,True
35,0310323,病院,医療法人和同会 吉南病院,342,False
35,0310356,病院,医療法人祐圭会 山口よしき病院,197,False
35,0310398,病院,綜合病院 山口赤十字病院,327,True
35,0311230,病院,医療法人社団水生会 柴田病院,60,True
35,0311255,病院,山口リハビリテーション病院,180,True
35,0311271,無床診療所,相川医院,0,False
35,0311420,病院,おか整形外科病院,29,True
35,0311446,病院,山口若宮病院,155,True
35,0311586,有床診療所,医療法人社団青藍会 あんの循環器・総合クリニック,19,True
35,0311644,病院,医療法人 樹一会 山口病院,79,True
35,0311750,無床診療所,医療法人社団素心会 神德内科,0,False
35,0311776,病院,済生会湯田温泉病院,142,True
35,0312261,有床診療所,社会福祉法人青藍会 ハートクリニック南山口,19,True
35,0312410,無床診療所,多田内科呼吸器科,0,False
35,0312550,無床診療所,医療法人かく脳神経外科クリニック,0,False
35,0312725,病院,医療法人 仁保病院,223,False
35,0312741,無床診療所,ねごろ神経内科クリニック,0,False
35,0313020,有床診療所,光山医院山口,3,True
35,0313053,病院,阿知須共立病院,135,True
35,0313079,無床診療所,とりい脳と女性のクリニック,0,False
35,0313228,無床診療所,ましもと内科呼吸器科,0,False
35,0313442,無床診療所,大正通りクリニック,0,False
35,0313483,無床診療所,佐々木医院メディカルプラザ,0,False
35,0410065,病院,全眞会病院,54,True
35,0410552,病院,萩市民病院,100,True
35,0410883,病院,医療法人社団慈生会 萩慈生病院,144,True
35,0411048,無床診療所,兼田医院,0,False
35,0411170,病院,都志見病院,234,True
35,0411261,病院,玉木病院,151,True
35,0411295,病院,医療法人水の木会 萩病院,186,False
35,0411352,病院,萩むらた病院,78,False
35,0411360,無床診療所,すさクリニック,0,False
35,0411444,無床診療所,医療法人河野医院,0,False
35,0510187,病院,独立行政法人地域医療機能推進機構 徳山中央病院,519,True
35,0510583,病院,鼓ヶ浦こども医療福祉センター,100,False
35,0510617,病院,泉原病院,265,False
35,0510930,病院,地域医療支援病院オープンシステム徳山医師会病院,306,True
35,0511037,病院,医療法人仁徳会 周南病院,56,True
35,0511458,病院,周南高原病院,115,True
35,0511508,病院,医療法人治徳会 湯野温泉病院,161,True
35,0511722,無床診療所,医療法人社団 高橋内科,0,False
35,0511771,病院,医療法人社団生和会 周南リハビリテーション病院,210,True
35,0610342,病院,医療法人博愛会 山口博愛病院,98,True
35,0610359,病院,医療法人神徳会 三田尻病院,128,True
35,0610722,病院,医療法人貴和会 防府病院,157,False
35,0611241,病院,医療法人和同会 防府リハビリテーション病院,261,True
35,0611274,病院,一般財団法人防府消化器病センター 防府胃腸病院,108,True
35,0611407,病院,医療法人 米沢記念 桑陽病院,99,True
35,0611498,病院,医療法人社団 松友会 まつもと整形救急外科病院,80,False
35,0611712,病院,緑町三祐病院,86,True
35,0611779,無床診療所,医療法人惻隠会 木村脳神経・外科内科,0,False
35,0612231,無床診療所,ひよしクリニック,0,False
35,0612272,有床診療所,光山医院,16,True
35,0612280,無床診療所,医療法人社団 ながみつクリニック,0,False
35,0612504,無床診療所,うちみち脳神経クリニック,0,False
35,0612546,病院,山口県立総合医療センター,504,True
35,0612702,無床診療所,ライフクリニック,0,False
35,0612728,無床診療所,よつば呼吸器内科クリニック,0,False
35,0710282,病院,周南記念病院,250,True
35,0710837,無床診療所,みずほ内科クリニック,0,False
35,0710944,有床診療所,阿部クリニック,19,True
35,0711231,無床診療所,山下脳神経外科クリニック,0,False
35,0711256,病院,下松中央病院,137,True
35,0810025,病院,医療法人岩国病院,41,True
35,0810082,病院,医療法人錦病院,40,True
35,0810561,病院,いしい記念病院,207,True
35,0811486,病院,医療法人光風会 岩国中央病院,22,True
35,0811841,病院,岩国みなみ病院,45,True
35,0812013,病院,岩国市医療センター医師会病院,181,True
35,0812336,無床診療所,小林クリニック,0,False
35,0812575,無床診療所,医療法人社団 玖珂クリニック,0,False
35,0812724,無床診療所,医療法人岩見内科医院,0,False
35,0812948,無床診療所,ふじもと内科クリニック,0,False
35,0812955,無床診療所,新岩国外科内科医院,0,False
35,0812963,無床診療所,そだクリニック,0,False
35,0813011,無床診療所,岩国おりた脳神経クリニック,0,False
35,0813045,有床診療所,岩国市立錦中央医院,19,True
35,0813052,病院,岩国市立美和病院,45,False
35,0910023,病院,小野田赤十字病院,46,True
35,0910247,病院,独立行政法人労働者健康安全機構 山口労災病院,308,True
35,0910304,病院,山陽小野田市民病院,199,True
35,0910783,無床診療所,医療法人社団村重医院,0,False
35,0911054,無床診療所,医療法人社団医聖会井上医院,0,False
35,1010096,病院,大田病院,204,False
35,1010344,病院,医療法人社団陽光会 光中央病院,98,True
35,1010468,有床診療所,医療法人社団光仁会 市川医院,7,True
35,1010674,無床診療所,医療法人社団平岡医院,0,False
35,1010955,無床診療所,兼清外科,0,False
35,1010989,病院,光市立光総合病院,210,True
35,1110011,病院,山口県厚生農業協同組合連合会 長門総合病院,260,True
35,1110284,病院,医療法人生山会 斎木病院,90,True
35,1110375,病院,医療法人社団成蹊会 岡田病院,121,True
35,1110565,無床診療所,医療法人杏祐会 長門診療所,0,False
35,1210027,病院,山口県厚生農業協同組合連合会 周東総合病院,328,True
35,1210332,病院,医療法人恵愛会柳井病院,298,False
35,1210647,病院,坂本病院,100,True
35,1210746,有床診療所,弘田脳神経外科,17,True
35,1210993,無床診療所,おりたクリニック,0,False
35,1211066,有床診療所,松井クリニック,12,True
35,1310397,病院,美祢市立病院,115,True
35,1310470,無床診療所,藤村内科クリニック,0,False
35,1310488,無床診療所,ともの園クリニック,0,False
35,1310512,無床診療所,医療法人社団 札場クリニック,0,False
35,1310520,無床診療所,医療法人 原田外科医院,0,False
35,1310553,有床診療所,医療法人ＥＭＳ 植田救急クリニック,10,True
35,1410429,無床診療所,原田医院,0,False
35,1410536,病院,周南市立新南陽市民病院,150,True
35,1510012,無床診療所,本城クリニック,0,False
35,1510434,無床診療所,宮里クリニック,0,False
35,1510558,病院,徳山リハビリテーション病院,126,True
35,1510681,無床診療所,ゆん脳神経外科クリニック,0,False
35,1510756,無床診療所,黒川医院,0,False
35,1510806,無床診療所,おのクリニック,0,False
35,1510830,無床診療所,岩本医院,0,False
35,1510855,病院,医療法人周友会 徳山病院,78,False
35,1510889,無床診療所,鹿野博愛診療所,0,False
35,1510962,無床診療所,おかもと腎クリニック,0,False
35,7110635,有床診療所,安本医院,19,True
35,7110643,無床診療所,おげんきクリニック,0,False
35,7110676,病院,周防大島町立東和病院,99,True
35,7110718,病院,周防大島町立大島病院,99,True
35,7110759,無床診療所,山中医科歯科クリニック,0,False
35,7110783,無床診療所,周防大島町立橘医院,0,False
35,7210625,病院,医療法人社団青山会 リフレまえだ病院,108,False
35,7210781,病院,玖珂中央病院,148,False
35,7210831,病院,山口平成病院,140,True
35,7210864,病院,周防病院,120,True
35,7210872,病院,みどり病院,120,True
35,7210930,病院,藤政病院,40,True
35,7211136,有床診療所,岩本医院,2,True
35,7310011,病院,光市立大和総合病院,243,True
35,7310524,病院,光輝病院,212,True
35,7310599,無床診療所,松村医院,0,False
35,7310748,無床診療所,ふじわら医院,0,False
35,7310862,無床診療所,平生クリニックセンター,0,False
35,7310979,無床診療所,まきどの総合健診所,0,False
35,7610022,病院,林病院,50,True
35,7610188,病院,医療法人社団向陽会 阿知須同仁病院,78,True
35,7610246,病院,山口県厚生農業協同組合連合会 小郡第一総合病院,182,True
35,7610519,無床診療所,田中内科,0,False
35,7610592,無床診療所,吉武医院,0,False
35,7610659,無床診療所,河端内科医院,0,False
35,7710533,病院,医療法人扶老会 扶老会病院,274,False
35,7710624,無床診療所,医療法人社団民正会たみたに内科循環器科,0,False
35,7810127,病院,医療法人光の会重本病院,214,False
35,7810200,病院,下関市立豊田中央病院,71,True
35,7810663,無床診療所,医療法人社団 藤本医院,0,False
35,7810713,無床診療所,医療法人社団青雲会 青柳内科医院,0,False
35,7810846,有床診療所,医療法人社団若草会 木本クリニック,19,True
35,7910018,病院,美祢市立美東病院,100,True
35,7910182,病院,医療法人社団豊美会 田代台病院,247,False
35,8010230,病院,医療法人杏祐会 三隅病院,180,False
35,8810050,病院,山口大学医学部附属病院,745,True
35,8810449,病院,独立行政法人国立病院機構柳井医療センター,280,True
35,8810977,病院,独立行政法人国立病院機構 山口宇部医療センター,365,True
35,8812684,病院,独立行政法人国立病院機構岩国医療センター,484,True
35,8816933,病院,独立行政法人国立病院機構 関門医療センター,400,True
36,0116596,無床診療所,賀川脳外科クリニック,0,False
36,0117198,有床診療所,高杉内科外科小児科脳外科,19,True
36,0117263,無床診療所,こおりクリニック,0,False
36,0123543,病院,大久保病院,105,True
36,0123568,病院,鈴江病院,42,True
36,0123576,病院,第一病院,308,False
36,0123584,病院,むつみホスピタル,283,False
36,0123626,病院,ＴＡＯＫＡこころの医療センター,322,False
36,0123634,病院,そよかぜ病院,252,False
36,0123675,病院,寺沢病院,88,True
36,0123709,病院,善成病院,36,True
36,0123717,病院,水の都記念病院,80,True
36,0123758,病院,城南病院,167,False
36,0123808,病院,徳島健生病院,186,True
36,0123865,病院,木下病院,92,True
36,0123998,病院,中洲八木病院,105,True
36,0124053,病院,橋本病院,57,True
36,0124129,病院,中瀬病院,43,True
36,0124152,病院,博愛記念病院,210,True
36,0124160,病院,稲山病院,70,True
36,0124392,病院,眉山病院,47,True
36,0124657,無床診療所,徳島県総合健診センター,0,False
36,0124699,病院,伊月病院,89,True
36,0124707,無床診療所,伊月健診クリニック,0,False
36,0124830,病院,沖の洲病院,52,True
36,0124913,病院,徳島県立中央病院,435,True
36,0124921,病院,徳島市民病院,307,True
36,0125019,有床診療所,城東整形外科内科,19,True
36,0125076,病院,松村病院,56,True
36,0125225,有床診療所,大塚外科内科,17,False
36,0125340,病院,東洋病院,50,True
36,0125365,病院,森岡病院,52,True
36,0125399,病院,近藤内科病院,55,True
36,0125407,病院,リバーサイドのぞみ病院,40,True
36,0125415,病院,亀井病院,42,True
36,0125423,病院,松永病院,27,True
36,0125449,病院,田岡病院,199,True
36,0125456,病院,たまき青空病院,100,True
36,0125472,病院,天満病院,72,True
36,0125480,病院,虹の橋病院,60,True
36,0125498,病院,徳島平成病院,51,True
36,0125506,病院,住友内科病院,32,True
36,0125829,無床診療所,徳島クリニック,0,False
36,0126033,有床診療所,徳島さくらクリニック,19,True
36,0126041,無床診療所,文化の森内科,0,False
36,0126363,有床診療所,おかがわ内科・小児科,18,True
36,0126843,有床診療所,橘整形外科,19,False
36,0126876,有床診療所,赤沢透析クリニック,19,False
36,0127072,有床診療所,むくの木クリニック,19,True
36,0127304,無床診療所,おきクリニック,0,False
36,0127338,無床診療所,みなとクリニック,0,False
36,0127502,病院,林病院,80,True
36,0127619,無床診療所,齋藤醫院,0,False
36,0127684,病院,川島病院,123,True
36,0127734,病院,リハビリテーション大神子病院,80,True
36,0127767,病院,協立病院,199,True
36,0127890,無床診療所,徳島検診クリニック,0,False
36,0127916,無床診療所,名東天満クリニック,0,False
36,0127965,有床診療所,かもな桜公園クリニック,19,True
36,0127973,病院,虹の橋葵ホスピタル,221,False
36,0128039,無床診療所,米田医院ラングクリニック,0,False
36,0210027,病院,凪の音ホスピタル,270,False
36,0210043,病院,兼松病院,86,True
36,0210068,病院,鳴門山上病院,90,True
36,0210092,病院,岩朝病院,44,True
36,0210118,病院,徳島県鳴門病院,307,True
36,0210126,病院,小川病院,105,True
36,0211538,無床診療所,岡﨑内科循環器科,0,False
36,0310074,病院,小松島金磯病院,47,True
36,0310108,病院,小松島病院,92,True
36,0310132,病院,碩心館病院,60,True
36,0310140,病院,徳島赤十字ひのみね医療療育センター,144,True
36,0310157,病院,徳島赤十字病院,405,True
36,0310629,無床診療所,ライフクリニック,0,False
36,0311254,病院,江藤病院,92,True
36,0311296,病院,徳島ロイヤル病院,46,True
36,0311320,無床診療所,小松島天満クリニック,0,False
36,0311338,無床診療所,坂本内科呼吸器クリニック,0,False
36,0410015,病院,原田病院,73,True
36,0410056,病院,杜のホスピタル,114,False
36,0410072,病院,阿南天満病院,42,True
36,0410114,病院,羽ノ浦整形外科内科病院,40,True
36,0410379,有床診療所,馬原医院,19,True
36,0413084,無床診療所,島内科眼科医院,0,False
36,0413092,有床診療所,岩城クリニック,19,True
36,0413308,無床診療所,阿南天満クリニック,0,False
36,0413332,病院,阿南医療センター,348,True
36,0413407,無床診療所,とみおかハートクリニック,0,False
36,0510020,病院,桜木病院,161,True
36,0510053,病院,岡内科病院,30,True
36,0510061,病院,ホウエツ病院,65,True
36,0510087,病院,成田病院,46,True
36,0510095,病院,美馬リハビリテーション病院,60,True
36,0510616,無床診療所,木下医院,0,False
36,0510640,無床診療所,成田クリニック,0,False
36,0510657,有床診療所,佐藤内科,19,True
36,0510665,無床診療所,サンクリニック,0,False
36,0510764,無床診療所,美馬市国民健康保険木屋平診療所,0,False
36,0610010,病院,徳島県立三好病院,214,True
36,0610069,病院,三野田中病院,94,True
36,0610077,病院,三好市国民健康保険市立三野病院,60,True
36,0610531,有床診療所,内田医院,10,True
36,0610580,無床診療所,安宅循環器内科,0,False
36,0610697,無床診療所,三木医院,0,False
36,0613105,病院,北條病院,36,True
36,1010012,病院,国民健康保険勝浦病院,50,True
36,1210059,病院,手束病院,93,True
36,1210539,有床診療所,中谷医院,15,True
36,1213038,無床診療所,健生石井クリニック,0,False
36,1213061,有床診療所,石井虹の橋クリニック,19,True
36,1310081,病院,那賀町立上那賀病院,40,True
36,1312574,無床診療所,那賀町国民健康保険日野谷診療所,0,False
36,1410063,病院,冨田病院,144,False
36,1410089,病院,海陽町国民健康保険海南病院,45,True
36,1410113,病院,美波町国民健康保険美波病院,50,True
36,1410121,病院,徳島県立海部病院,106,True
36,1410543,無床診療所,大里医院,0,False
36,1411335,無床診療所,美波町国民健康保険日和佐診療所,0,False
36,1510037,病院,浦田病院,80,True
36,1510045,病院,吉野川病院,115,True
36,1510110,病院,藍里病院,228,False
36,1510151,病院,稲次病院,67,True
36,1510227,病院,井上病院,60,True
36,1510235,病院,芳川病院,40,True
36,1510243,病院,きたじま田岡病院,198,True
36,1510250,病院,ほのぼのホスピタル,216,False
36,1510417,有床診療所,清水内科,13,True
36,1510482,無床診療所,有住内科クリニック,0,False
36,1513163,有床診療所,春藤内科胃腸科,19,True
36,1513445,有床診療所,森本医院,19,True
36,1513551,無床診療所,藍住たまき青空クリニック,0,False
36,1513593,無床診療所,たかた整形外科・せぼねクリニック,0,False
36,1513627,病院,浜病院,40,True
36,1513668,無床診療所,こうのＩＮＲクリニック,0,False
36,1610043,病院,大野病院,35,True
36,1612015,無床診療所,村上医院,0,False
36,1612049,無床診療所,重清内科外科,0,False
36,1612080,無床診療所,赤池循環器消化器内科,0,False
36,1612189,有床診療所,御所診療所,15,True
36,1612247,無床診療所,阿波医院,0,False
36,1710025,病院,吉野川医療センター,290,True
36,1710033,病院,美摩病院,97,True
36,1710116,病院,鴨島病院,178,True
36,1710363,有床診療所,谷医院,19,True
36,1713052,無床診療所,渡辺医院,0,False
36,1713136,有床診療所,さくら診療所,19,True
36,1713169,無床診療所,麻名内科外科クリニック,0,False
36,1713268,無床診療所,三木クリニック,0,False
36,1814025,病院,つるぎ町立半田病院,99,True
36,1814058,無床診療所,永尾醫院,0,False
36,1910112,病院,藤内整形外科病院,50,True
36,1910138,病院,三加茂田中病院,99,True
36,1910179,病院,ゆうあいホスピタル,220,False
36,8010015,病院,徳島大学病院,684,True
36,8010023,病院,独立行政法人国立病院機構とくしま医療センター西病院,236,True
36,8010031,病院,独立行政法人国立病院機構とくしま医療センター東病院,299,True
37,0111075,病院,一般財団法人 大西精神衛生研究所 附属大西病院,374,False
37,0112511,病院,医療法人 和光会 前田病院,96,True
37,0114731,病院,高松平和病院,123,True
37,0114756,病院,医療法人社団 新進会 おさか脳神経外科病院,69,True
37,0114764,病院,医療法人社団 百石病院,87,True
37,0115373,有床診療所,医療法人社団 海部医院,19,True
37,0115571,有床診療所,医療法人社団わき外科・内科クリニック,15,True
37,0115803,有床診療所,医療法人福生会 多田羅内科クリニック,18,True
37,0115845,有床診療所,医療法人社団 田原内科医院,19,True
37,0115894,有床診療所,医療法人社団 三好内科医院,19,True
37,0116041,無床診療所,医療法人社団 東高松クリニック,0,False
37,0116181,無床診療所,医療法人社団 高松脳神経外科・外科医院,0,False
37,0116272,有床診療所,医療法人社団仁泉会 西岡医院,19,True
37,0116306,病院,医療法人社団康生会 高松大林病院,49,True
37,0116322,病院,医療法人社団啓友会 久米川病院,44,True
37,0116496,無床診療所,医療法人社団 いとうクリニック,0,False
37,0116736,病院,医療法人社団 玉藻会 馬場病院,407,False
37,0116744,病院,医療法人社団 雙和会 クワヤ病院,73,True
37,0116892,病院,医療法人社団 和広会 伊達病院,24,True
37,0117403,有床診療所,医療法人社団 泰平会 佐藤クリニック,15,True
37,0117544,病院,医療法人社団 三恵会 木太三宅病院,31,True
37,0118153,病院,マオカ病院,58,True
37,0118278,無床診療所,医療法人社団 中空医院,0,False
37,0118419,病院,一般財団法人三宅医学研究所 附属三宅リハビリテーション病院,61,True
37,0118500,無床診療所,医療法人社団 弘雅会 亀井内科呼吸器科医院,0,False
37,0118534,病院,医療法人財団博仁会 キナシ大林病院,199,True
37,0118690,病院,医療法人社団 光風会 三光病院,320,False
37,0118799,有床診療所,阿部内科眼科医院,19,True
37,0118815,病院,医療法人社団 以和貴会 いわき病院,226,False
37,0118849,病院,医療法人社団 仁樹会 オサカ病院,52,True
37,0118930,有床診療所,医療法人社団 谷本内科医院,19,True
37,0118963,有床診療所,医療法人社団 健愛会 あきやまクリニック,3,True
37,0119128,病院,医療法人社団有史会 高畠病院,98,True
37,0119557,無床診療所,医療法人社団 勝賀 かつが整形外科クリニック,0,False
37,0119623,有床診療所,なりあい医院,19,True
37,0119912,無床診療所,医療法人社団 西高松脳外科・内科クリニック,0,False
37,0120241,無床診療所,医療法人社団のむら内科循環器消化器クリニック,0,False
37,0120324,有床診療所,医療法人弘仁会 三条整形外科スポーツクリニック,19,True
37,0120399,有床診療所,医療法人社団 立心会 高松ハートクリニック,6,True
37,0120449,有床診療所,医療法人社団少将井 いがわ医院,19,True
37,0120464,無床診療所,内科・消化器内科 佐々木クリニック,0,False
37,0120522,無床診療所,こくぶ脳外科・内科クリニック,0,False
37,0120555,無床診療所,医療法人社団 雄翔会 綾田医院,0,False
37,0120563,無床診療所,医療法人社団佳友会 タウンクリニック高松東,0,False
37,0120803,無床診療所,医療法人 高松神経内科クリニック,0,False
37,0120886,有床診療所,五番丁医院,19,True
37,0121033,有床診療所,医療法人社団一歩一景会 たけべ乳腺外科クリニック,15,True
37,0121058,無床診療所,オリーブ高松メディカルクリニック,0,False
37,0121132,無床診療所,医療法人社団牛山クリニック,0,False
37,0121140,無床診療所,高松にれクリニック,0,False
37,0121157,有床診療所,医療法人社団緑会 ザイタックスクリニック,19,True
37,0121181,無床診療所,高松画像診断クリニック,0,False
37,0121561,無床診療所,医療法人社団博永会 香西内科医院,0,False
37,0121579,病院,医療法人社団清澄会 ミタニ病院,85,True
37,0121678,無床診療所,高松南整形外科スポーツクリニック,0,False
37,0121702,無床診療所,医療法人社団なつめ会 美術館診療所,0,False
37,0121710,無床診療所,医療法人社団 豊永会 丸亀町クリニック,0,False
37,0121959,無床診療所,医療法人社団恵生会 生成脳神経クリニック,0,False
37,0121983,無床診療所,医療法人社団光心会 みつ内科・ハートクリニック,0,False
37,0122023,無床診療所,こうの呼吸器クリニック,0,False
37,0122114,無床診療所,きむら内科呼吸器内科クリニック,0,False
37,0122213,無床診療所,医療法人社団立心会 中央高松ハートクリニック,0,False
37,0122221,無床診療所,ブレイン脳外科・内科クリニック,0,False
37,0122247,無床診療所,医療法人社団幡内科・消化器内科クリニック,0,False
37,0122296,無床診療所,ちよ内科クリニック,0,False
37,0122320,無床診療所,高松救急クリニック,0,False
37,0122361,無床診療所,医療法人社団宅光会 リウマチ・腎臓内科はちまんクリニック,0,False
37,0122379,無床診療所,だいずもとクリニック,0,False
37,0122437,無床診療所,印藤内科クリニック,0,False
37,0210745,病院,医療法人社団 三愛会 三船病院,328,False
37,0211453,病院,医療法人社団 中和会 西紋病院,130,False
37,0211529,病院,医療法人社団 健仁会 岩本病院,73,True
37,0211537,病院,医療法人社団 厚仁会 厚仁病院,42,True
37,0211784,病院,医療法人 仁寿会 吉田病院,62,False
37,0211792,病院,医療法人社団 岐山会 篠原記念病院,118,True
37,0212147,無床診療所,医療法人社団 博秀会 岸川脳神経外科医院,0,False
37,0212378,有床診療所,医療法人恵基会 小林医院,19,True
37,0212451,無床診療所,医療法人社団 良亜会 アイファミリークリニック,0,False
37,0212469,病院,まるがめ医療センター,297,True
37,0212477,無床診療所,医療法人社団樹希会 はやし整形外科リハビリクリニック,0,False
37,0212535,病院,人工透析センター 宮野病院,52,True
37,0212550,無床診療所,医療法人社団杏和会 おおにし整形外科スポーツクリニック,0,False
37,0212667,無床診療所,やすはらクリニック,0,False
37,0212675,無床診療所,丸亀しぶや内科クリニック,0,False
37,0310321,病院,宗教法人カトリック聖ドミニコ宣教修道女会 坂出聖マルチン病院,196,True
37,0310867,病院,社会医療法人財団大樹会 総合病院回生病院,342,True
37,0310958,病院,こころの医療センター 五色台,280,False
37,0311287,病院,医療法人社団 赤心会 赤沢病院,194,True
37,0311709,無床診療所,公益財団法人 香川成人医学研究所 附属診療所 ウェルクリニック,0,False
37,0311782,無床診療所,医療法人然みのりクリニック,0,False
37,0311808,有床診療所,医療法人社団 永井整形外科医院,19,True
37,0311873,病院,医療法人西山記念会 ＭＩＲＡＩ病院,41,True
37,0410766,病院,医療法人社団純心会 善通寺前田病院,46,True
37,0410865,有床診療所,医療法人社団 大杉脳神経外科医院,19,True
37,0411020,無床診療所,医療法人社団 行天クリニック,0,False
37,0411079,無床診療所,石原消化器内科クリニック,0,False
37,0411095,有床診療所,医療法人社団功寿会 アイシークリニック,16,True
37,0411145,無床診療所,水藤乳腺甲状腺クリニック,0,False
37,0510631,病院,医療法人清和会 清水病院,161,False
37,0510714,病院,松井病院,199,True
37,0510771,病院,医療法人社団 寿愛会 羽崎病院,100,True
37,0511134,有床診療所,医療法人社団力正会 小林整形外科医院,19,True
37,0511233,無床診療所,医療法人社団 国土外科医院,0,False
37,0511332,有床診療所,医療法人社団みとし会 クニタクリニック,19,True
37,0511357,有床診療所,医療法人社団メディカルクラブ大興和 クリニック池田,19,True
37,0511399,病院,医療法人社団 豊南会 香川井下病院,207,True
37,0511597,無床診療所,医療法人社団琴佳会 中央クリニック,0,False
37,0511605,無床診療所,みとよ内科にれクリニック,0,False
37,0511639,無床診療所,医療法人社団健成会 河田医院,0,False
37,0511662,無床診療所,たかた内科医院,0,False
37,0610092,病院,医療法人日昭会 岡病院,224,True
37,0610308,無床診療所,医療法人社団 溝渕内科循環器クリニック,0,False
37,0610324,無床診療所,医療法人社団 南医院,0,False
37,0610423,無床診療所,華山ファミリークリニック,0,False
37,0610514,無床診療所,医療法人社団 健愛会 志度あきやまクリニック,0,False
37,0610530,無床診療所,医療法人社団 百寿会 つるわクリニック,0,False
37,0610548,無床診療所,堀江整形外科スポーツ＆リハビリクリニック,0,False
37,0710306,病院,医療法人社団聖心会 阪本病院,52,True
37,0710371,病院,太田病院,60,True
37,0810072,病院,医療法人社団愛有会 岩崎病院,108,True
37,0810106,病院,医療法人社団和風会 橋本病院,149,True
37,0810148,病院,森川整形外科病院,41,True
37,0810155,無床診療所,医療法人社団 池田外科医院,0,False
37,0810304,無床診療所,医療法人社団 みずた内科,0,False
37,0810361,無床診療所,医療法人社団昭慈会 藤田脳神経外科医院,0,False
37,0810460,無床診療所,医療法人社団 平林医院,0,False
37,1210512,病院,特定医療法人社団宝樹会 小豆島病院,184,False
37,1210660,病院,医療法人社団つばき会 牟礼病院,47,True
37,1210710,無床診療所,平井クリニック,0,False
37,1310635,有床診療所,医療法人社団一真会 大幸医療センター,19,True
37,1310759,無床診療所,医療法人社団 きただい医院,0,False
37,1310791,病院,医療法人社団讃陽堂 松原病院,42,True
37,1310825,病院,医療法人春風会 樫村病院,37,True
37,1511398,病院,医療法人社団清仁会 宇多津病院,50,True
37,1610711,病院,医療法人社団三和会 しおかぜ病院,186,False
37,1610745,病院,医療法人社団 たけお会 岩佐病院,63,True
37,1610760,病院,医療法人圭良会 永生病院,40,True
37,1610869,無床診療所,医療法人社団 たかお整形外科医院,0,False
37,1610885,病院,医療法人社団 ひかり会 河内病院,60,True
37,1611057,有床診療所,医療法人社団 小国医院,5,True
37,1611099,病院,多度津三宅病院,29,True
37,1611149,無床診療所,医療法人社団相愛会 川口医院,0,False
37,1611438,有床診療所,医療法人社団慶昭会 おおにし医院,19,False
37,7010080,病院,香川県立白鳥病院,148,True
37,7010239,病院,高松赤十字病院,463,True
37,7010262,病院,地域医療機構 りつりん病院,199,False
37,7010270,病院,独立行政法人 労働者健康安全機構 香川労災病院,404,True
37,7010296,病院,香川県厚生農業協同組合連合会 滝宮総合病院,191,True
37,7010304,病院,国家公務員共済組合連合会 高松病院,179,False
37,7010379,病院,三豊総合病院,412,True
37,7011195,病院,香川県立丸亀病院,215,False
37,7011203,病院,かがわ総合リハビリテーション病院,184,True
37,7011351,病院,さぬき市民病院,175,True
37,7011385,病院,社会福祉法人 恩賜財団 済生会支部香川県済生会病院,187,True
37,7011476,病院,三豊市立西香川病院,150,True
37,7011575,無床診療所,綾川町国民健康保険綾上診療所,0,False
37,7011583,病院,綾川町国民健康保険 陶病院,63,True
37,7011674,病院,香川県立中央病院,531,True
37,7011708,病院,坂出市立病院,190,True
37,7011716,病院,小豆島中央病院,199,True
37,7011740,病院,香川県厚生農業協同組合連合会 屋島総合病院,243,True
37,7011765,病院,高松市立みんなの病院,299,True
37,7011781,病院,三豊市立みとよ市民病院,122,True
37,7011815,無床診療所,高松市立しおのえ診療所,0,False
37,8010014,病院,独立行政法人 国立病院機構 高松医療センター,232,True
37,8010048,病院,独立行政法人 国立病院機構 四国こどもとおとなの医療センター,689,True
37,8011186,病院,香川大学医学部附属病院,613,True
38,0110282,病院,社会福祉法人 恩賜財団 済生会松山病院,199,True
38,0110373,病院,松山第一病院,70,True
38,0110415,無床診療所,山岡整形外科,0,False
38,0110589,無床診療所,友愛医院,0,False
38,0110662,有床診療所,医療法人 小田ひ尿器科・ふみこ皮フ科,19,True
38,0110738,有床診療所,山下脳神経外科,19,True
38,0111025,病院,中川病院,40,True
38,0111108,病院,貞本病院,60,True
38,0111264,無床診療所,藤原胃腸科,0,False
38,0111405,病院,奥島病院,184,True
38,0111520,無床診療所,医療法人 和田医院,0,False
38,0111553,有床診療所,金澤整形外科,19,True
38,0111561,病院,医療法人結和会 松山西病院,102,True
38,0111579,無床診療所,愛媛県厚生連健診センター,0,False
38,0111819,無床診療所,公益財団法人愛媛県総合保健協会診療所,0,False
38,0112239,病院,増田病院,54,True
38,0112254,病院,栗林病院,124,True
38,0112965,病院,医療法人松山平成会 平成脳神経外科病院,65,True
38,0113013,無床診療所,ベテル三番町クリニック,0,False
38,0113302,有床診療所,佐藤循環器科内科,19,True
38,0113401,有床診療所,よつば循環器科クリニック,19,True
38,0113609,病院,佐藤実病院,60,True
38,0113633,有床診療所,関谷循環器科,19,True
38,0113724,有床診療所,三津整形外科,19,True
38,0113849,病院,なかじま中央病院,50,True
38,0113955,無床診療所,うめもとクリニック,0,False
38,0114029,有床診療所,あずま泌尿器科クリニック,19,True
38,0114359,無床診療所,ながと脳神経外科・心療内科クリニック,0,False
38,0114508,有床診療所,やまだリウマチクリニック,19,True
38,0114524,無床診療所,よしだ内科クリニック,0,False
38,0114540,病院,梶浦病院,50,True
38,0114599,無床診療所,立命クリニック,0,False
38,0114623,病院,松山さくら病院,48,True
38,0114714,病院,渡辺病院,47,True
38,0115083,無床診療所,松山市医師会診療所,0,False
38,0115117,有床診療所,星の岡心臓・血管クリニック,15,True
38,0115208,病院,おおぞら病院,108,True
38,0115265,無床診療所,石手まつもと内科循環器クリニック,0,False
38,0115307,無床診療所,はらだ脳神経外科,0,False
38,0115547,無床診療所,はしもと脳神経外科,0,False
38,0115935,無床診療所,おち内科・ペインクリニック,0,False
38,0116040,病院,社会医療法人真泉会 松山まどんな病院,78,True
38,0116081,無床診療所,おのクリニック,0,False
38,0116271,有床診療所,いまいリウマチ・リハビリテーション,19,True
38,0116289,無床診療所,救急・在宅 シャイニークリニック,0,False
38,0116297,無床診療所,みかんホームメディカルクリニック,0,False
38,0116610,無床診療所,こさか心療内科・デイケア・もの忘れクリニック,0,False
38,0116750,無床診療所,道後画像クリニック,0,False
38,0116834,無床診療所,はまぐち呼吸器・内科クリニック,0,False
38,0118012,病院,松山記念病院,693,False
38,0118111,病院,松山赤十字病院,585,True
38,0118483,病院,愛媛県立中央病院,827,True
38,0128128,病院,松山市民病院,382,True
38,0128326,病院,松山協和病院,54,True
38,0128433,病院,松山リハビリテーション病院,326,True
38,0128466,病院,南松山病院,242,True
38,0128540,病院,医療法人順風会 天山病院,160,True
38,0128557,病院,野本記念病院,99,True
38,0128599,病院,松山ベテル病院,155,True
38,0128615,病院,医療法人千寿会 道後温泉病院,224,True
38,0128623,病院,南高井病院,300,True
38,0128649,病院,鷹の子病院,60,True
38,0128722,病院,愛媛生協病院,88,True
38,0128789,病院,東明病院,91,True
38,0128847,病院,土橋共立病院,55,True
38,0129019,無床診療所,河田外科脳神経外科医院,0,False
38,0129282,病院,松山城東病院,90,True
38,0129456,有床診療所,浦岡胃腸クリニック,19,True
38,0129746,無床診療所,医療法人 束村内科医院,0,False
38,0210041,有床診療所,かとう内科,19,True
38,0210298,病院,今治南病院,55,True
38,0210389,病院,医療法人 仁明会 内科・消化器科羽鳥病院,33,True
38,0210413,病院,高山内科病院,31,True
38,0210579,病院,医療法人 圭泉会 菅病院,40,False
38,0210587,有床診療所,あゆみクリニック,11,True
38,0210603,病院,社会福祉法人 恩賜財団 済生会 今治第二病院,30,True
38,0210629,病院,鈴木病院,36,True
38,0210751,有床診療所,竹内外科胃腸科,11,True
38,0210835,病院,消化器科久保病院,39,True
38,0210926,無床診療所,武田脳神経外科,0,False
38,0211031,病院,広瀬病院,57,True
38,0211064,無床診療所,ｉクリニック内科・呼吸器内科,0,False
38,0211163,無床診療所,今治セントラルクリニック,0,False
38,0211171,有床診療所,井出内科,19,True
38,0211213,無床診療所,広瀬クリニック,0,False
38,0211247,無床診療所,藤田クリニック,0,False
38,0211270,無床診療所,有津むらかみクリニック,0,False
38,0211312,無床診療所,Ａ’ｓクリニック,0,False
38,0211338,無床診療所,医療法人補天会 光生クリニック,0,False
38,0211353,病院,瀬戸内海病院,87,False
38,0218010,病院,公益財団法人正光会 今治病院,293,False
38,0218028,病院,愛媛県立今治病院,270,True
38,0228084,病院,今治市医師会市民病院,55,True
38,0228092,病院,今治第一病院,90,True
38,0228100,病院,木原病院,73,True
38,0228126,病院,村上病院,22,True
38,0228159,病院,社会福祉法人 恩賜財団 済生会今治病院,191,True
38,0228167,病院,医療法人 滴水会 吉野病院,90,True
38,0228175,病院,放射線第一病院,110,True
38,0228183,病院,美須賀病院,99,True
38,0228209,病院,三木病院,30,True
38,0228266,有床診療所,片木脳神経外科,19,True
38,0228332,病院,医療法人 平成会 山内病院,50,True
38,0310379,病院,医療法人徳洲会 宇和島徳洲会病院,300,True
38,0310494,病院,宇和島市立津島病院,91,True
38,0310502,病院,宇和島市立吉田病院,74,True
38,0310510,病院,市立宇和島病院,394,True
38,0310601,病院,鎌野病院,36,True
38,0310643,無床診療所,清家消化器内科クリニック,0,False
38,0310734,無床診療所,いしかわ内科・脳神経クリニック,0,False
38,0318018,病院,公益財団法人正光会 宇和島病院,266,False
38,0318067,病院,独立行政法人地域医療機能推進機構宇和島病院,199,True
38,0410039,病院,医療法人青峰会 真網代くじらリハビリテーション病院,132,True
38,0410104,有床診療所,矢野脳神経外科医院,10,True
38,0410187,病院,市立八幡浜総合病院,254,True
38,0410286,無床診療所,柳田脳神経外科,0,False
38,0410351,病院,宇都宮病院,120,True
38,0410369,無床診療所,旭町内科クリニック,0,False
38,0410393,病院,八幡浜医師会立双岩病院,174,False
38,0410435,無床診療所,ひらやま内科・呼吸器内科クリニック,0,False
38,0428155,病院,医療法人 広仁会 広瀬病院,76,True
38,0510796,病院,住友別子病院,360,True
38,0510895,無床診療所,山内クリニック,0,False
38,0510937,有床診療所,中萩診療所,19,True
38,0510945,無床診療所,さいとう脳神経外科,0,False
38,0510986,無床診療所,たに脳神経外科・内科・ものわすれクリニック,0,False
38,0511018,無床診療所,西の土居あらいクリニック,0,False
38,0518021,病院,財団新居浜病院,415,False
38,0518047,病院,独立行政法人労働者健康安全機構 愛媛労災病院,199,True
38,0518054,病院,十全ユリノキ病院,297,False
38,0518062,病院,愛媛県立新居浜病院,206,True
38,0528145,病院,新居浜協立病院,99,True
38,0528186,病院,一般財団法人積善会 十全総合病院,350,True
38,0528251,病院,医療法人社団 久和会 立花病院,60,True
38,0528301,病院,岩﨑病院,50,True
38,0610000,無床診療所,伊藤医院,0,False
38,0610331,病院,西条市立周桑病院,175,True
38,0610380,有床診療所,福田医院,19,True
38,0610604,病院,西条市民病院,101,True
38,0610679,病院,渡部病院,52,True
38,0628069,病院,医療法人 隣善会 西条道前病院,220,False
38,0628077,病院,社会医療法人社団 更生会 村上記念病院,199,True
38,0628119,病院,西条愛寿会病院,180,True
38,0628135,病院,西条中央病院,242,True
38,0628143,病院,社会福祉法人 恩賜財団 済生会西条病院,152,True
38,0710065,病院,医療法人 静心会 平成病院,199,False
38,0710396,無床診療所,井関クリニック,0,False
38,0710404,病院,市立大洲病院,150,True
38,0710529,無床診療所,東若宮中川脳神経外科クリニック,0,False
38,0710552,無床診療所,こじま内科,0,False
38,0710636,無床診療所,医療法人 緑風会 神南診療所,0,False
38,0710693,病院,喜多医師会病院,199,True
38,0710701,無床診療所,清水医院,0,False
38,0728117,病院,社会医療法人北斗会 大洲中央病院,182,True
38,0728141,病院,大洲記念病院,95,True
38,0810055,病院,長谷川病院,100,True
38,0818017,病院,公立学校共済組合四国中央病院,189,True
38,0910152,病院,栗整形外科病院,40,True
38,0918023,病院,一般財団法人 新居浜精神衛生研究所附属豊岡台病院,164,True
38,0928105,病院,医療法人 康仁会 西岡病院,60,True
38,0928113,有床診療所,医療法人社団恵仁会 三島クリニック,15,True
38,1010119,無床診療所,中村脳神経外科,0,False
38,1028160,病院,伊予病院,290,True
38,1110026,無床診療所,北条フェニックス脳神経外科,0,False
38,1110059,無床診療所,田辺医院,0,False
38,1110133,無床診療所,三好整形外科内科,0,False
38,1110141,病院,北条病院,60,True
38,1210040,無床診療所,医療法人 周恵会 近藤クリニック,0,False
38,1210065,無床診療所,飯尾皮フ科泌尿器科,0,False
38,1228042,病院,共立病院,51,True
38,1310246,病院,社会医療法人石川記念会 ＨＩＴＯ病院,228,True
38,1410194,無床診療所,樋口脳神経外科,0,False
38,1410327,病院,西予市立西予市民病院,152,True
38,1410418,無床診療所,西予市立野村診療所,0,False
38,1510068,病院,愛媛県立子ども療育センター,120,True
38,3028085,病院,医療法人 慶尚会 恵康病院,60,True
38,3110081,病院,横山病院,36,True
38,3210162,病院,大三島中央病院,28,True
38,3210238,無床診療所,はかた外科胃腸科,0,False
38,3228164,病院,波方中央病院,37,True
38,3310111,有床診療所,池川内科・神経内科,7,True
38,3310202,無床診療所,中野クリニック,0,False
38,3328121,病院,愛媛十全医療学院附属病院,97,True
38,3328147,有床診療所,重信クリニック,19,True
38,3328196,無床診療所,辻井循環器科内科,0,False
38,3410010,無床診療所,みかわクリニック,0,False
38,3410069,病院,国民健康保険久万高原町立病院,60,True
38,3510272,病院,松前病院,56,True
38,3510355,有床診療所,武智ひ尿器科・内科,19,True
38,3528043,病院,医療法人光佑会 くろだ病院,153,False
38,3528084,病院,医療法人 誠志会 砥部病院,213,True
38,3610023,有床診療所,土居内科外科医院,19,True
38,3610205,病院,加戸病院,92,True
38,3710138,病院,三瓶病院,47,True
38,3710153,有床診療所,伊方町国民健康保険瀬戸診療所,19,True
38,3710211,無床診療所,門田医院,0,False
38,3810094,有床診療所,かどた医院,19,True
38,3910027,有床診療所,いわむらクリニック,19,True
38,3910274,病院,旭川荘南愛媛病院,132,True
38,3910365,病院,鬼北町立北宇和病院,99,True
38,4010009,病院,愛媛県立南宇和病院,199,True
38,4010074,病院,西本病院,38,True
38,4010132,病院,愛南町国保一本松病院,60,True
38,8010021,病院,独立行政法人国立病院機構 愛媛医療センター,324,True
38,8010047,病院,愛媛大学医学部附属病院,635,True
38,8010054,病院,独立行政法人国立病院機構四国がんセンター,321,True
39,0110265,病院,医療法人 三和会 国吉病院,106,True
39,0110380,病院,医療法人 岡村会 岡村病院,138,True
39,0110406,病院,社会医療法人 近森会 近森病院,489,True
39,0110414,病院,医療法人 尚志会 愛幸病院,226,False
39,0110547,病院,医療法人 須藤会 土佐病院,174,False
39,0110562,病院,医療法人 野並会 高知病院,124,True
39,0110810,病院,医療法人 さくらの里 だいいちリハビリテーション病院,180,True
39,0111016,病院,医療法人 高田会 高知記念病院,199,True
39,0111412,病院,医療法人 高潮会 潮江高橋病院,80,True
39,0111503,病院,医療法人 精華園 海辺の杜ホスピタル,359,False
39,0111669,病院,高知鏡川病院,271,False
39,0111958,病院,医療法人 互光会 長浜病院,50,True
39,0112238,病院,医療法人 川村会 川村病院,77,True
39,0112261,病院,医療法人 山口会 高知厚生病院,42,True
39,0112295,病院,医療法人 厚仁会 土佐田村病院,44,True
39,0112618,病院,医療法人 産研会 上町病院,92,True
39,0112667,病院,医療法人 緑風会 海里マリン病院,76,True
39,0112709,病院,医療法人 久会 図南病院,119,True
39,0112840,病院,医療法人 新松田会 愛宕病院,418,True
39,0113053,病院,特定医療法人 仁泉会 朝倉病院,108,True
39,0113129,病院,医療法人 伊野部会 高知整形・脳外科病院,102,True
39,0113483,病院,医療法人 厚愛会 高知城東病院,60,True
39,0113756,病院,独立行政法人地域医療機能推進機構高知西病院,146,True
39,0113764,病院,社会医療法人 仁生会 細木病院,428,True
39,0113830,病院,社会医療法人 仁生会 三愛病院,98,True
39,0114234,病院,医療法人 弘仁会 岡林病院,91,True
39,0114259,無床診療所,公益財団法人 高知県総合保健協会 中央健診センター,0,False
39,0114366,病院,医療法人 瑞洋会 田中整形外科病院,90,True
39,0114515,病院,医療法人 博愛会 横浜病院,180,True
39,0114861,病院,高知総合リハビリテーション病院,176,True
39,0114887,病院,高知医療生活協同組合 高知生協病院,114,True
39,0115561,有床診療所,医療法人 恕泉会 内田脳神経外科,19,True
39,0115728,有床診療所,青木脳神経外科形成外科,19,True
39,0115777,病院,医療法人 山村会 山村病院,33,True
39,0115801,無床診療所,医療法人 グリーンハウス クリニック グリーンハウス,0,False
39,0115975,有床診療所,医療法人 武生会 川村整形外科,19,True
39,0116247,病院,医療法人 みつる会 高知脳神経外科病院,46,True
39,0116353,有床診療所,医療法人 ハンズ高知 フレック クリニック,19,True
39,0116395,病院,医療法人 仁栄会 島津病院,69,True
39,0116403,有床診療所,福田心臓・消化器内科,16,True
39,0116635,病院,医療法人 共生会 下司病院,50,False
39,0116700,病院,医療法人 島本慈愛会 島本病院,120,True
39,0116809,病院,医療法人 治久会 もみのき病院,60,True
39,0116940,病院,医療法人 恭愛会 田村内科整形外科病院,70,True
39,0117070,無床診療所,吉村神経内科リハビリクリニック,0,False
39,0117294,無床診療所,梅ノ辻クリニック,0,False
39,0117302,病院,いずみの病院,238,True
39,0117526,病院,高知高須病院,63,True
39,0117625,病院,医療法人 杏林会 高知ハーモニーホスピタル,133,False
39,0117658,有床診療所,クリニックひろと,19,True
39,0117815,有床診療所,医療法人 成仁会 快聖クリニック,19,True
39,0117963,無床診療所,たむら内科クリニック,0,False
39,0118045,無床診療所,ながの内科クリニック,0,False
39,0118128,病院,高知県・高知市病院企業団立高知医療センター,612,True
39,0118540,病院,医療法人 永島会 永井病院,40,True
39,0118599,病院,リハビリテーション病院 すこやかな杜,60,True
39,0119282,病院,きんろう病院,101,True
39,0119340,病院,近森リハビリテーション病院,180,True
39,0119464,無床診療所,山下脳神経外科,0,False
39,0119472,病院,特定医療法人竹下会 竹下病院,76,True
39,0119597,病院,高知赤十字病院,402,True
39,0119753,無床診療所,駅前クリニック,0,False
39,0210511,有床診療所,室戸市立室戸診療所,19,True
39,0310014,病院,高知県立あき総合病院,270,True
39,0310329,病院,医療法人 瑞風会 森澤病院,72,True
39,0310527,無床診療所,医療法人 巧会 つつい脳神経外科,0,False
39,0410020,病院,医療法人清香会 北村病院,60,True
39,0410335,病院,医療法人つくし会 南国病院,162,True
39,0410517,病院,医療法人藤原会 藤原病院,117,True
39,0410632,病院,医療法人地塩会 南国中央病院,89,True
39,0410715,無床診療所,医療法人若草会 高田内科,0,False
39,0410913,病院,ＪＡ高知病院,154,True
39,0411002,無床診療所,きび診療所,0,False
39,0411143,無床診療所,脳外科・内科 高知東クリニック,0,False
39,0411150,病院,南国厚生病院,88,True
39,0510019,病院,土佐市立土佐市民病院,150,True
39,0510191,病院,医療法人白菊会 白菊園病院,187,True
39,0510308,病院,医療法人 広正会 井上病院,50,True
39,0510332,無床診療所,医療法人桔梗ケ丘会 橋本外科胃腸科内科,0,False
39,0610207,病院,医療法人 千博会 ネオリゾートちひろ病院,54,True
39,0610223,病院,医療法人 須崎会 高陵病院,129,True
39,0610231,病院,医療法人 南江会 一陽病院,216,False
39,0610462,病院,医療法人五月会 須崎くろしお病院,158,True
39,0610546,有床診療所,医療法人 仁栄会 島津クリニック,19,True
39,0610587,無床診療所,須崎医療クリニック,0,False
39,0710254,病院,医療法人慈恵会 中村病院,60,True
39,0710643,病院,医療法人和光会 木俵病院,42,True
39,0710676,無床診療所,医療法人四万十会 中村クリニック,0,False
39,0710866,病院,医療法人 森下会 森下病院,86,True
39,0710916,病院,四万十市国民健康保険 四万十市立市民病院,89,True
39,0710965,有床診療所,四万十市国民健康保険西土佐診療所,15,True
39,0711120,病院,竹本病院,131,True
39,0711203,有床診療所,医療法人 島津会 幡多クリニック,19,True
39,0711211,無床診療所,吉井クリニック,0,False
39,0810799,病院,医療法人 聖真会 渭南病院,105,True
39,0810872,病院,医療法人 たんぽぽ清悠会 松谷病院,54,True
39,0810948,病院,医療法人 次田会 足摺病院,31,True
39,0910169,病院,医療法人祥星会 聖ケ丘病院,211,True
39,0910219,病院,社会医療法人長生会 大井田病院,50,True
39,0910417,病院,医療法人互生会 筒井病院,56,True
39,0910532,病院,高知県立幡多けんみん病院,319,True
39,1010035,有床診療所,もえぎクリニック,19,True
39,1010126,病院,医療法人 公世会 野市中央病院,165,True
39,1110025,病院,医療法人 同仁会 同仁病院,252,True
39,1110207,病院,医療法人 豊秋会 香北病院,30,True
39,1110306,有床診療所,前田メディカルクリニック,19,True
39,1110330,無床診療所,さくら香美クリニック,0,False
39,2010620,病院,医療法人 おくら会 芸西病院,193,True
39,2010745,病院,医療法人 臼井会 田野病院,103,True
39,2210014,病院,本山町立国保嶺北中央病院,89,False
39,2210634,病院,医療法人 大博悠会 大杉中央病院,60,True
39,2310293,病院,医療法人十全会 早明浦病院,50,True
39,2410838,病院,医療法人 岡本会 さくら病院,60,True
39,2410861,病院,石川記念病院,104,False
39,2410952,病院,いの町立国民健康保険仁淀病院,60,True
39,2410994,無床診療所,仁淀川町国民健康保険大崎診療所,0,False
39,2510025,病院,佐川町立高北国民健康保険病院,98,True
39,2511015,病院,医療法人 山秀会 山﨑外科・整形外科病院,43,False
39,2511064,病院,医療法人 近藤会 清和病院,354,True
39,2511114,病院,医療法人 高幡会 大西病院,50,True
39,2511395,病院,くぼかわ病院,172,True
39,2511403,病院,医療法人 社団若鮎 北島病院,50,True
39,2511411,病院,医療法人前田会 前田病院,60,True
39,2511528,病院,梼原町立国民健康保険梼原病院,30,False
39,2511536,無床診療所,医療法人 窪川高橋会 高橋内科・呼吸器科・消化器科,0,False
39,2511627,無床診療所,石川ヘルスクリニック,0,False
39,2511791,有床診療所,四万十町国民健康保険大正診療所,19,True
39,2511833,無床診療所,中土佐町立大野見診療所,0,False
39,2610700,病院,大月町国民健康保険大月病院,25,True
39,2610833,無床診療所,佐賀診療所,0,False
39,8010012,病院,独立行政法人国立病院機構高知病院,424,True
39,8010525,病院,高知大学医学部附属病院,613,True
40,0210054,無床診療所,医療法人 松崎クリニック,0,False
40,0210195,無床診療所,一般財団法人西日本産業衛生会 福岡健診診療所,0,False
40,0210252,有床診療所,医療法人祥知会はこざき公園内科医院,10,True
40,0210310,病院,福岡和白病院,369,True
40,0210351,有床診療所,医療法人相生会ピーエスクリニック,19,True
40,0210393,病院,たたらリハビリテーション病院,199,True
40,0210427,無床診療所,医療法人 坂本脳神経クリニック,0,False
40,0210500,無床診療所,福岡和白ＰＥＴ画像診断クリニック,0,False
40,0210997,無床診療所,丸岡内科小児科クリニック,0,False
40,0211318,有床診療所,医療法人 髙野胃腸科医院,14,False
40,0211615,病院,金隈病院,395,True
40,0211698,病院,医療法人輝栄会 福岡輝栄会病院,259,True
40,0212274,病院,福岡市民病院,200,True
40,0212514,病院,雁の巣病院,293,True
40,0212597,無床診療所,福岡和白総合健診クリニック,0,False
40,0212605,無床診療所,医療法人 のむら内科・神経内科クリニック,0,False
40,0213157,病院,医療法人 互舎会 筥松病院,183,False
40,0213249,無床診療所,うちかど脳神経外科クリニック,0,False
40,0213355,病院,地方独立行政法人 福岡市立病院機構 福岡市立こども病院,239,True
40,0213546,無床診療所,うだ脳神経外科クリニック,0,False
40,0213876,病院,医療法人相生会 新吉塚病院,143,True
40,0213959,無床診療所,ゆう内科医院,0,False
40,0213967,無床診療所,かきの脳神経外科・内科クリニック,0,False
40,0214023,病院,やました甲状腺病院,38,True
40,0214080,無床診療所,よしむら脳神経外科・頭痛クリニック,0,False
40,0214296,無床診療所,かなみやクリニック,0,False
40,0214387,無床診療所,まえだ整形外科 博多ひざスポーツクリニック,0,False
40,0214643,無床診療所,医療法人愛友会 さくらクリニック,0,False
40,0214882,無床診療所,かしい駅前内科・脳神経クリニック,0,False
40,0215012,有床診療所,医療法人共仁会 福岡脊椎クリニック,19,True
40,0215053,無床診療所,がんこクリニック ららぽーと福岡,0,False
40,0215129,無床診療所,ふるがきＣＬＩＮＩＣ,0,False
40,0215293,無床診療所,おおはら脳神経クリニック,0,False
40,0215301,無床診療所,ブレインメディカルクリニック博多,0,False
40,0215319,無床診療所,ＵＮＢ住吉神社前クリニック,0,False
40,0215467,無床診療所,あきらめない頭痛クリニック,0,False
40,0215558,無床診療所,福岡画像診断クリニック МｅーＷｅｌｌ,0,False
40,0215566,有床診療所,松田耳鼻咽喉科,19,False
40,0215699,有床診療所,福岡山田外科,19,True
40,0316968,有床診療所,海の中道整形外科,19,True
40,0317446,有床診療所,医療法人 ながら医院,10,True
40,0317537,病院,友田病院,72,True
40,0317859,無床診療所,さかい内科・内視鏡クリニック,0,False
40,0317974,病院,医療法人 永野病院,60,True
40,0318618,病院,貝塚病院,199,True
40,0319095,病院,医療法人 古森病院,42,True
40,0319103,病院,社会医療法人 原三信病院,324,True
40,0319145,病院,さく病院,172,True
40,0319210,病院,国家公務員共済組合連合会 千早病院,175,True
40,0319251,病院,社会医療法人 原土井病院,386,True
40,0319269,病院,千鳥橋病院,350,True
40,0319293,病院,八木病院,127,True
40,0319426,病院,医療法人相生会 福岡みらい病院,418,True
40,0319491,病院,社会医療法人社団至誠会 木村病院,121,True
40,0319558,病院,医療法人 博腎会 博腎会病院,35,True
40,0319582,病院,東福岡和仁会病院,145,True
40,0319798,無床診療所,医療法人 誠仁会 籠田医院,0,True
40,0326827,病院,博多心臓血管病院,25,True
40,0329987,無床診療所,あんどうクリニック,0,False
40,0413013,病院,医療法人豊資会 加野病院,30,True
40,0413153,無床診療所,じんばやし整形外科リウマチ科医院,0,False
40,0413302,無床診療所,やひろ脳神経外科,0,False
40,0413328,病院,北九州若杉病院,237,True
40,0413401,無床診療所,たかさき脳神経外科クリニック,0,False
40,0419036,病院,医療法人 井上会 篠栗病院,260,True
40,0419101,病院,医療法人社団正信会 水戸病院,82,True
40,0419127,病院,社会保険 仲原病院,125,True
40,0419135,病院,福岡県こども療育センター新光園,30,True
40,0419184,病院,河野粕屋病院,225,True
40,0419200,病院,医療法人社団三誠会 ひまわり病院,36,True
40,0419226,病院,医療法人 社団 廣徳会 岡部病院,141,True
40,0419283,無床診療所,医療法人 三田医院,0,False
40,0419382,病院,泯江堂三野原病院,150,True
40,0419481,病院,栄光病院,178,True
40,0419499,病院,医療法人成雅会 泰平病院,99,True
40,0419556,病院,医療法人社団緑風会水戸病院,200,False
40,0419697,病院,福岡青洲会病院,213,True
40,0419747,病院,医療法人 みなみ 粕屋南病院,206,True
40,0419788,病院,うえの病院,36,True
40,0419804,無床診療所,青洲会クリニック,0,False
40,0419861,無床診療所,医療法人やまだ消化器科内科クリニック,0,False
40,0419879,無床診療所,森高クリニック,0,False
40,0429746,無床診療所,しろうず脳神経外科,0,False
40,0429779,無床診療所,医療法人ＭＥＤＩーＫ くどう内科,0,False
40,0429886,無床診療所,りょうこ内科・胃大腸内視鏡クリニック,0,False
40,0429910,無床診療所,おくだ脳神経外科クリニック,0,False
40,0429944,無床診療所,医療法人まえだ脳神経外科,0,False
40,0519140,病院,医療法人恵愛会 福間病院,490,False
40,0519165,病院,宗像水光会総合病院,300,True
40,0519199,病院,東福間病院,51,True
40,0519314,病院,医療法人静かな海の会 津屋崎中央病院,40,True
40,0519397,無床診療所,みやはらクリニック,0,False
40,0519413,病院,宮城病院,120,False
40,0611269,無床診療所,葉山クリニック,0,False
40,0611301,無床診療所,ひさだ脳神経外科,0,False
40,0611350,病院,森都病院,60,True
40,0611368,病院,北九州宗像中央病院,236,True
40,0619015,病院,医療法人 光風会 宗像病院,237,False
40,0619072,病院,宗像医師会病院,164,True
40,0619080,病院,摩利支病院,70,True
40,0619122,有床診療所,林外科・内科クリニック,19,True
40,0619155,病院,医療法人 庄正会 蜂須賀病院,96,True
40,0619247,病院,医療法人光洋会 赤間病院,86,True
40,0619437,無床診療所,おおしろ脳神経外科,0,False
40,0619502,病院,医療法人社団 益豊会 回生病院,231,False
40,0710293,無床診療所,かわくぼ脳神経外科,0,False
40,0719104,病院,医療法人社団 愛和会 古賀中央病院,60,True
40,0719112,病院,北九州古賀病院,474,True
40,0719138,無床診療所,医療法人社団 大岩外科医院,0,False
40,0719328,有床診療所,医療法人 植田脳神経外科医院,19,False
40,0719336,病院,福岡聖恵病院,398,True
40,1010024,病院,医療法人 輝松会 松尾内科病院,48,True
40,1010404,病院,佐田整形外科病院,45,True
40,1010495,病院,医療法人 南川整形外科病院,117,True
40,1010537,有床診療所,医療法人 脳神経外科クリニック高木,19,True
40,1010735,病院,医療法人佐田厚生会 佐田病院,130,True
40,1011113,病院,福西会南病院,110,True
40,1011204,病院,医療法人社団 朝菊会 昭和病院,141,True
40,1011337,病院,福岡豊栄会病院,119,True
40,1011923,無床診療所,医療法人 横山内科医院,0,False
40,1012178,病院,村上華林堂病院,160,True
40,1012269,病院,平尾病院,72,True
40,1012277,病院,医療法人 原信会 原口病院循環器科内科,48,True
40,1012749,有床診療所,医療法人 海洋会 あおいクリニック,19,True
40,1012905,病院,秋本病院,50,True
40,1013051,病院,及川病院,36,True
40,1013069,有床診療所,石西整形外科医院,19,True
40,1014638,無床診療所,森口脳神経外科クリニック,0,False
40,1014752,病院,医療法人 敬天会 武田病院,118,True
40,1014851,病院,医療法人社団瑞月会 福岡みつき病院,60,False
40,1015031,病院,福岡山王病院,199,True
40,1015387,無床診療所,医療法人 たぐち脳神経外科クリニック,0,False
40,1015635,無床診療所,医療法人髙橋脳神経外科,0,False
40,1015718,無床診療所,医療法人稲村脳神経外科クリニック,0,False
40,1015726,病院,医療法人三裕会 ひなた小田部病院,62,False
40,1016468,有床診療所,医療法人恵臣会 吉村内科,19,False
40,1016807,無床診療所,ウェルネス天神クリニック,0,False
40,1016880,無床診療所,医療法人 啓林堂クリニック,0,False
40,1016989,有床診療所,医療法人 高森整形外科・内科,19,True
40,1017003,無床診療所,西南泌尿器科クリニック,0,True
40,1017060,病院,医療法人社団 益豊会 今宿病院,168,False
40,1017151,無床診療所,福岡記念ＰＥＴ・健診センター,0,False
40,1017722,無床診療所,社会福祉法人寿福祉会 福浜中央クリニック,0,False
40,1017730,無床診療所,うえき医院,0,False
40,1018258,無床診療所,福岡リハ整形外科クリニック,0,False
40,1018399,無床診療所,医療法人 九州画像診断クリニック,0,False
40,1018522,無床診療所,福岡医療クリニック,0,False
40,1018530,無床診療所,医療法人かわもと胃腸内科クリニック,0,False
40,1018845,病院,川添記念病院,300,False
40,1019082,有床診療所,医療法人 盛和会 神代医院,19,True
40,1019298,病院,聖峰会マリン病院,85,True
40,1019355,有床診療所,黒田整形外科医院,19,True
40,1019561,有床診療所,医療法人三聖会 岸田内科医院,19,True
40,1022052,無床診療所,フカガワクリニック,0,False
40,1022136,無床診療所,天神総合クリニック,0,False
40,1022235,病院,医療法人福岡桜十字 桜十字福岡病院,199,True
40,1022466,有床診療所,医療法人萱島外科,12,True
40,1022532,無床診療所,大濠パーククリニック,0,False
40,1023274,無床診療所,藤崎メディカルクリニック,0,False
40,1023365,病院,百年橋リハビリテーション病院,98,True
40,1023589,無床診療所,熊手脳神経外科クリニック,0,False
40,1023845,無床診療所,はしぐち脳神経クリニック,0,False
40,1023902,無床診療所,福岡スポーツクリニック 西都,0,False
40,1024082,病院,福岡大学西新病院,117,True
40,1024512,病院,福岡中央病院,192,True
40,1024538,有床診療所,山口内科医院,18,True
40,1024611,無床診療所,六本松通りクリニック,0,False
40,1024793,無床診療所,まるもと脳神経外科クリニック,0,False
40,1024959,有床診療所,守永クリニック,18,True
40,1025055,無床診療所,ひらやま内科クリニック,0,False
40,1025238,無床診療所,とみた内科クリニック,0,False
40,1025303,病院,桜十字大手門病院,100,True
40,1025436,病院,社会医療法人財団 白十字会 白十字病院,282,True
40,1025600,病院,医療法人 吉村病院,57,True
40,1025824,病院,福岡ハートネット病院,150,True
40,1026228,無床診療所,福岡西脳神経外科,0,False
40,1026244,無床診療所,医療法人環栄会南條内科,0,False
40,1026269,無床診療所,医療法人健和会 おばた内科クリニック,0,False
40,1026343,無床診療所,佐野クリニック,0,False
40,1026392,無床診療所,薬院河島脳神経外科クリニック,0,False
40,1026434,無床診療所,福岡リハ西都クリニック スポーツ・整形外科,0,False
40,1026459,無床診療所,ガーデンシティ健診プラザ,0,False
40,1026681,無床診療所,医療法人 しまだ内科・循環器クリニック,0,False
40,1026749,無床診療所,あかぎ脳神経外科,0,False
40,1026806,無床診療所,長尾医院,0,False
40,1026863,無床診療所,ながよしホームクリニック,0,False
40,1026939,無床診療所,福岡天神頭痛と肺のクリニック,0,False
40,1026970,無床診療所,ベルいやしの呼吸器内科・内科,0,False
40,1027291,無床診療所,天神脳神経外科クリニック,0,False
40,1027416,無床診療所,ももち浜 いけだクリニック,0,False
40,1027721,無床診療所,中村脳神経外科クリニック,0,False
40,1027820,無床診療所,ささき内科・胃腸クリニック,0,False
40,1027861,無床診療所,さわらクリニック,0,False
40,1118751,病院,さくら病院,152,True
40,1118819,病院,医療法人社団 誠和会 牟田病院,163,True
40,1118835,有床診療所,医療法人めぐみ会 秋山クリニック,19,True
40,1119056,病院,西福岡病院,198,True
40,1119114,病院,国家公務員共済組合連合会 浜の町病院,468,True
40,1119148,無床診療所,天神クリニック,0,False
40,1119171,病院,油山病院,278,True
40,1119189,病院,福岡県済生会福岡総合病院,369,True
40,1119213,病院,医療法人 溝口外科整形外科病院,89,True
40,1119239,病院,長尾病院,123,True
40,1119247,病院,福岡記念病院,239,True
40,1119288,病院,福岡鳥飼病院,177,True
40,1119445,病院,福岡大学病院,771,True
40,1119619,病院,今津赤十字病院,180,True
40,1119684,病院,福岡和仁会病院,192,True
40,1119742,病院,福西会病院,198,True
40,1119767,病院,福岡リハビリテーション病院,228,True
40,1119817,病院,社会医療法人財団白十字会白十字リハビリテーション病院,160,True
40,1119825,病院,医療法人社団広仁会 広瀬病院,62,True
40,1119882,有床診療所,重松クリニック,19,True
40,1119932,病院,博愛会病院,145,True
40,1129386,病院,茂木病院,42,True
40,1129808,病院,シーサイド病院,180,True
40,1129865,有床診療所,福岡市立急患診療センター,19,True
40,1212471,病院,医療法人 寺沢病院,86,True
40,1212489,病院,井口野間病院,198,False
40,1213420,有床診療所,医療法人 堺整形外科医院 福岡スポーツクリニック,19,True
40,1213453,有床診療所,医療法人髙橋医院 大平寺の森クリニック,3,False
40,1213867,無床診療所,医療法人光竹会 大橋ごう脳神経外科・脳神経内科クリニック,0,False
40,1213917,無床診療所,医療法人鳳鳴会 吉田醫院,0,False
40,1214204,病院,南福岡脳神経外科病院,79,True
40,1214253,病院,福岡信和病院,45,True
40,1214311,無床診療所,平尾 ごう脳神経外科クリニック,0,False
40,1214360,無床診療所,医療法人 松田脳神経外科クリニック,0,False
40,1214386,病院,福岡脳神経外科病院,92,True
40,1214394,無床診療所,竹山ファミリークリニック,0,False
40,1214618,無床診療所,うちだ内視鏡・内科クリニック,0,False
40,1219138,病院,社会医療法人 喜悦会 那珂川病院,162,True
40,1219179,病院,福岡整形外科病院,175,True
40,1219187,病院,福岡赤十字病院,509,True
40,1219203,病院,公立学校共済組合 九州中央病院,330,True
40,1219229,病院,医療法人恵光会 原病院,220,True
40,1219237,病院,福岡保養院,334,False
40,1219278,有床診療所,医療法人社団 村山循環器科内科医院,19,True
40,1219344,病院,医療法人社団 相和会 中村病院,225,True
40,1219443,病院,夫婦石病院,175,True
40,1219492,有床診療所,医療法人にしだ内科内視鏡クリニック,8,True
40,1219641,病院,南折立病院,68,True
40,1219849,無床診療所,医療法人真祥会 吉永脳神経外科クリニック,0,False
40,1229285,無床診療所,労衛研健診センター,0,False
40,1229335,無床診療所,いしつか脳神経クリニック,0,False
40,1229681,無床診療所,医療法人 仁清会 しんかい内科・内視鏡クリニック,0,False
40,1229715,無床診療所,ごう脳神経画像診断クリニック,0,False
40,1410836,病院,医療法人鵬志会 別府病院,60,True
40,1410893,有床診療所,島本脳神経外科,19,True
40,1419019,病院,福岡県立精神医療センター太宰府病院,300,False
40,1419035,病院,医療法人悠水会 水城病院,112,True
40,1419092,病院,医療法人 恵山会 丸山病院,52,True
40,1419316,無床診療所,きむら内科・脳神経クリニック,0,False
40,1419357,無床診療所,たてあきクリニック,0,False
40,1510841,無床診療所,さもと脳神経外科クリニック,0,False
40,1519016,病院,医療法人同仁会 乙金病院,198,True
40,1519024,病院,医療法人十全会 おおりん病院,341,False
40,1519214,病院,医療法人 芙蓉会 筑紫南ケ丘病院,190,False
40,1519255,病院,医療法人文佑会 原病院,103,True
40,1519354,病院,街のひかり病院 ハピタル,104,True
40,1529049,病院,特定医療法人社団三光会 誠愛リハビリテーション病院,199,True
40,1529106,病院,医療法人 つくし会病院,172,True
40,1611029,無床診療所,天神山クリニック,0,False
40,1611045,病院,自衛隊福岡病院,200,True
40,1611086,無床診療所,池田脳神経外科,0,False
40,1611383,病院,石津病院,60,True
40,1611425,無床診療所,クリニック ホームドクターズ,0,False
40,1619105,病院,医療法人 徳洲会 福岡徳洲会病院,600,True
40,1619170,病院,医療法人 春成会 樋口病院,60,True
40,1619220,有床診療所,医療法人マインド 伊原春日クリニック,19,True
40,1619360,無床診療所,医療法人 陣の内脳神経外科クリニック,0,False
40,1619386,無床診療所,医療法人 たけの内科クリニック,0,False
40,1619634,無床診療所,ふじき内科・脳神経クリニック,0,False
40,1711266,無床診療所,はら脳神経外科医院,0,False
40,1711308,無床診療所,クリニック仁,0,False
40,1711340,病院,筑紫野病院,155,False
40,1711464,病院,二日市那珂川病院,50,True
40,1719020,病院,福岡県済生会二日市病院,260,True
40,1719111,病院,医療法人 牧和会 牧病院,316,False
40,1719129,病院,福岡大学筑紫病院,308,True
40,1719137,病院,医療法人 小西第一病院,121,True
40,1719194,病院,医療法人 文杏堂杉病院,72,True
40,1719236,病院,医療法人徳洲会 二日市徳洲会病院,52,True
40,1719251,病院,高山病院,50,True
40,1719293,無床診療所,医療法人 つかさ会 よこみぞ医院,0,False
40,1719368,無床診療所,医療法人 山本医院,0,False
40,1719509,無床診療所,たけしたクリニック,0,False
40,1812015,無床診療所,つちもち脳神経外科・内科クリニック,0,False
40,1819085,無床診療所,前野クリニック,0,False
40,1819093,病院,医療法人 正明会 諸岡整形外科病院,60,True
40,1819184,有床診療所,医療法人光竹会 ごう脳神経外科クリニック,19,True
40,1819242,病院,ちくし那珂川病院,99,True
40,1819259,無床診療所,吉田クリニック,0,False
40,2010783,無床診療所,医療法人 祐喜会 森内科神経内科医院,0,False
40,2010890,有床診療所,医療法人社団昭友会たなかクリニック,11,True
40,2011195,無床診療所,あだち脳神経外科クリニック,0,False
40,2019032,病院,糸島医師会病院,150,True
40,2019057,有床診療所,舌間整形外科,19,True
40,2019123,病院,医療法人恵真会 渡辺整形外科病院,59,True
40,2019149,有床診療所,医療法人 太田脳神経外科医院,1,True
40,2019248,有床診療所,医療法人 順心会 中村循環器科心臓外科医院,19,False
40,2019263,病院,井上病院,73,True
40,2019388,無床診療所,医療法人ＯＭＣ 大塚内科神経内科医院,0,False
40,2019446,病院,可也病院,253,False
40,2019529,病院,福吉病院,44,True
40,2019602,無床診療所,糸島武内クリニック,0,False
40,2019628,無床診療所,みんなのクリニック,0,False
40,2019701,無床診療所,まつおか前原内科,0,False
40,2111276,無床診療所,古川脳神経外科医院,0,False
40,2119022,病院,社会医療法人筑水会 筑水会病院,284,False
40,2119105,病院,公立八女総合病院,300,True
40,2119139,病院,柳病院,135,True
40,2119154,有床診療所,医療法人 正慈会 草場内科循環器科医院,4,True
40,2119162,病院,医療法人社団慶仁会 川崎病院,215,True
40,2119170,病院,医療法人 柳育会 八女リハビリ病院,190,True
40,2214690,無床診療所,かたやまクリニック,0,False
40,2215614,無床診療所,医療法人メディトラスト やの医院,0,False
40,2215630,有床診療所,医療法人社団いしい 大手町クリニック,19,True
40,2218063,有床診療所,医療法人オーエヌシー 岡田脳神経外科医院,19,True
40,2218147,無床診療所,医療法人慈心会香月内科ハートクリニック,0,False
40,2219012,病院,久留米大学病院,1018,True
40,2219038,病院,聖マリア病院,1091,True
40,2219061,病院,社会医療法人聖ルチア会 聖ルチア病院,263,False
40,2219103,病院,久留米リハビリテーション病院,120,True
40,2219111,病院,独立行政法人地域医療機能推進機構 久留米総合病院,175,True
40,2219145,病院,のぞえ総合心療病院,146,False
40,2219194,病院,医療法人日新会 久留米記念病院,160,True
40,2219202,病院,高良台コミュニティホスピタル,100,False
40,2219228,病院,医療法人楠病院,18,True
40,2219251,病院,医療法人社団 堀川会 堀川病院,383,True
40,2219277,病院,くるめ病院,85,True
40,2219467,病院,古賀病院２１,191,True
40,2219483,有床診療所,新・寺﨑脳神経外科,18,False
40,2219558,有床診療所,ツジ胃腸内科医院,19,True
40,2219582,有床診療所,村岡外科医院,19,True
40,2219608,病院,久留米大学医療センター,250,True
40,2219632,病院,久留米中央病院,61,False
40,2219780,病院,医療法人松風海 内藤病院,90,True
40,2219798,病院,医療法人 蔦の会 たなか病院,124,True
40,2219830,病院,新古賀病院,260,True
40,2219863,無床診療所,医療法人すわの会 山下脳神経外科医院,0,False
40,2219970,病院,のぞえの丘病院,73,False
40,2311017,病院,筑後市立病院,197,True
40,2319028,病院,医療法人清友会 植田病院,217,True
40,2319283,無床診療所,医療法人 つつみ脳神経外科クリニック,0,False
40,2319291,無床診療所,医療法人伊藤医院,0,False
40,2319309,無床診療所,寺﨑脳神経外科,0,False
40,2411239,有床診療所,クリニックコスモ,19,True
40,2419075,病院,甘木中央病院,180,True
40,2419166,病院,医療法人社団 医王会 朝倉健生病院,150,True
40,2419216,病院,医療法人 かつき会 香月病院,60,True
40,2419232,無床診療所,医療法人 甘木第一クリニック,0,False
40,2419240,病院,朝倉医師会病院,224,True
40,2419307,無床診療所,朝倉市国民健康保険直営診療所,0,False
40,2519049,病院,医療法人社団高邦会 高木病院,506,True
40,2519254,病院,大川リバーサイド病院,113,False
40,2610707,無床診療所,ヨシタケ脳神経外科クリニック,0,False
40,2610731,無床診療所,河原内科クリニック,0,False
40,2610848,病院,医療法人オアシス 福岡志恩病院,61,True
40,2619120,病院,嶋田病院,150,True
40,2619179,病院,聖和記念病院,163,True
40,2619195,病院,本間病院,230,True
40,2619286,病院,医療法人 協和病院,85,True
40,2619369,病院,医療法人海邦会 松崎記念病院,50,True
40,2619385,病院,新古賀リハビリテーション病院みらい,145,True
40,2710077,病院,医療法人聖峰会 田主丸中央病院,333,True
40,2710085,病院,ゆうかり医療療育センター,150,True
40,2710135,病院,医療法人 吉村病院,50,True
40,2710291,病院,神代病院,100,True
40,2710465,病院,安本病院,93,True
40,2710606,無床診療所,医療法人 下津浦内科医院,0,False
40,2710622,無床診療所,医療法人 姉川脳神経外科,0,False
40,2711539,無床診療所,医療法人 桜康会 三宮整形外科医院,0,False
40,2711588,無床診療所,ひまわりＡクリニック,0,False
40,2711661,病院,弥永協立病院,52,True
40,2711943,病院,聖マリアヘルスケアセンター,198,True
40,2712156,無床診療所,医療法人ファミリークリニック陽なた,0,False
40,2712255,無床診療所,あさひクリニック,0,False
40,2712271,無床診療所,白地整形外科・スポーツクリニック,0,False
40,2712354,病院,医療法人福岡桜十字 花畑病院,135,True
40,2712388,有床診療所,日高大腸肛門クリニック,15,True
40,2712487,無床診療所,さとうメディカルクリニック,0,False
40,2712727,無床診療所,医療法人まつもと医院,0,False
40,2712743,病院,富田病院,71,True
40,2712974,無床診療所,ささき内科 呼吸器 糖尿病クリニック,0,False
40,2713006,病院,新古賀みなみ病院,100,False
40,3119021,病院,医療法人 弘医会 太刀洗病院,116,True
40,3119062,病院,医療法人社団うら梅の郷会 朝倉記念病院,158,False
40,3119120,病院,医療法人 日新会 稲永病院,160,True
40,3119203,無床診療所,医療法人 中村クリニック,0,False
40,3210135,無床診療所,ふくしま整形外科リハビリテーション＆スポーツクリニック,0,False
40,3319142,病院,医療法人 向陽会 筑後川温泉病院,91,True
40,3510955,病院,馬場病院,60,True
40,3510989,無床診療所,久英会クリニック,0,False
40,3519089,病院,姫野病院,140,True
40,3519121,無床診療所,医療法人合原会合原医院,0,False
40,3519170,病院,横田病院,52,True
40,3529054,病院,医療法人広川病院,203,True
40,4211470,無床診療所,いまいずみ内科・脳神経内科,0,False
40,4219135,病院,船小屋病院,278,False
40,4219218,無床診療所,山内医院,0,False
40,4219424,病院,ヨコクラ病院,199,True
40,4319034,病院,長田病院,182,True
40,4319091,病院,柳川リハビリテーション病院,240,True
40,4319257,無床診療所,医療法人弓削クリニック,0,False
40,4319406,有床診療所,医療法人 津留医院,19,True
40,4319414,病院,一般財団法人医療・介護・教育研究財団 柳川病院,150,True
40,4329058,病院,医療法人 金子病院,31,True
40,4329140,有床診療所,甲斐田医院,19,True
40,4413944,有床診療所,落合脳神経外科医院,19,True
40,4414215,無床診療所,くさかべまき内科クリニック,0,False
40,4414330,病院,菅原病院,60,True
40,4414405,病院,大牟田中央病院,236,True
40,4414462,無床診療所,坂本内科医院,0,True
40,4419032,病院,医療法人静光園 白川病院,180,True
40,4419040,病院,医療法人 洗心会 倉永病院,286,False
40,4419065,病院,くさかべ病院,120,True
40,4419081,病院,医療法人信和会 大牟田保養院,280,False
40,4419123,病院,みさき病院,144,True
40,4419156,病院,医療法人静光園 第二病院,184,False
40,4419164,病院,福岡県済生会大牟田病院,176,True
40,4419172,病院,米の山病院,219,True
40,4419206,病院,南大牟田病院,110,True
40,4419255,有床診療所,医療法人 山下医院,19,True
40,4419339,病院,医療法人 完光会 今野病院,57,True
40,4419412,病院,医療法人 冨松記念会 三池病院,263,True
40,4419446,病院,医療法人 悠久会 大牟田共立病院,102,True
40,4419552,有床診療所,医療法人 春日医院,19,True
40,4419644,病院,杉循環器科内科病院,81,True
40,4419701,無床診療所,医療法人 吉岡クリニック,0,False
40,4419735,病院,医療法人恒生堂 永田整形外科病院,124,True
40,4419750,病院,社会保険大牟田天領病院,389,True
40,4419768,病院,医療法人けんこう 兼行病院,70,True
40,4419800,有床診療所,医療法人メディカルキューブ平井外科産婦人科,19,True
40,4419958,病院,大牟田市立病院,320,True
40,4429544,無床診療所,しろもと整形外科スポーツ・リハビリクリニック,0,False
40,5111182,病院,くらて病院,222,True
40,5119045,病院,小竹町立病院,56,True
40,5119250,無床診療所,医療法人 木原医院,0,False
40,5119409,無床診療所,加来医院,0,False
40,5311410,病院,地方独立行政法人 川崎町立病院,89,True
40,5319157,病院,糸田町立緑ケ丘病院,78,True
40,5319173,病院,松本病院,80,True
40,5319264,病院,医療法人 上野病院,194,False
40,5319330,無床診療所,医療法人 赤池協同医院,0,False
40,5319355,無床診療所,医療法人 富士見ケ丘内科循環器科医院,0,False
40,5319421,有床診療所,医療法人養生会 宮城内科胃腸科医院,15,False
40,5319447,無床診療所,福智町立 方城診療所,0,False
40,5319462,有床診療所,医療法人 中山医院,3,True
40,5329206,病院,田川慈恵病院,243,True
40,5411392,無床診療所,直方おなかぽんぽん内科クリニック,0,False
40,5419015,病院,社会保険直方病院,156,True
40,5419031,病院,独立行政法人 地域医療機能推進機構 福岡ゆたか中央病院,139,True
40,5419122,病院,医療法人 福翠会 高山病院,260,True
40,5419197,無床診療所,青見胃腸・内視鏡内科クリニック,0,False
40,5419221,有床診療所,医療法人高橋内科クリニック,14,True
40,5419247,病院,医療法人 一寿会 西尾病院,84,True
40,5419296,無床診療所,医療法人 伊東内科循環器科医院,0,False
40,5419320,無床診療所,医療法人 ことぶき会 川波医院,0,False
40,5419361,無床診療所,医療法人 田代医院,0,False
40,5419437,無床診療所,医療法人裕和 かつき脳外科整形外科,0,False
40,5512256,無床診療所,松浦医院,0,False
40,5512272,無床診療所,梶原クリニック,0,False
40,5512579,無床診療所,医療法人 牛島診療所,0,False
40,5512629,無床診療所,医療法人 西園内科クリニック,0,False
40,5512918,病院,三宅脳神経外科病院,44,True
40,5512983,無床診療所,医療法人 健蘭会 石橋外科内科医院,0,False
40,5519012,病院,医療法人 飯塚恵仁会 たていわ病院,200,False
40,5519095,病院,飯塚記念病院,400,False
40,5519129,病院,社会保険二瀬病院,55,True
40,5519145,病院,飯塚病院,1006,True
40,5519160,病院,独立行政法人労働者健康安全機構 総合せき損センター,150,True
40,5519186,病院,医療法人社団 親和会 共立病院,139,True
40,5519335,無床診療所,医療法人 西原内科消化器科クリニック,0,False
40,5519418,有床診療所,医療法人 梶原内科医院,19,True
40,5519434,有床診療所,医療法人 中野医院,15,True
40,5519442,病院,医療法人医心会 飯塚みつき病院,58,False
40,5519459,無床診療所,医療法人 越智外科胃腸科医院,0,False
40,5519541,病院,児嶋病院,44,True
40,5519616,病院,福岡県済生会飯塚嘉穂病院,197,True
40,5519624,有床診療所,医療法人裕和会 おおやぶクリニック,19,True
40,5519673,有床診療所,泌尿器科Ｃ．Ｕ．クリニック,11,False
40,5519681,病院,頴田病院,96,True
40,5519699,病院,飯塚市立病院,250,True
40,5519731,有床診療所,明治記念医院,19,False
40,5519798,無床診療所,柴田みえこ内科・神経内科クリニック,0,False
40,5611561,病院,医療法人鷹ノ羽会 村上外科病院,60,True
40,5619028,病院,医療法人和光会 一本松すずかけ病院,281,True
40,5619051,病院,社会保険田川病院,335,True
40,5619424,病院,見立病院,360,False
40,5619432,病院,社会福祉法人柏芳会 田川新生病院,90,True
40,5619481,病院,大法山病院,340,False
40,5619515,無床診療所,藤下医院,0,False
40,5629118,病院,田川市立病院,305,True
40,5719018,病院,嘉麻赤十字病院,135,True
40,5719117,病院,松岡病院,184,False
40,5719166,病院,社会保険稲築病院,144,True
40,5719174,病院,医療法人ユーアイ 西野病院,80,False
40,5810098,病院,医療法人 新光園 鞍手共立病院,284,True
40,5810114,無床診療所,医療法人 志成会 祷若宮医院,0,False
40,5810130,無床診療所,医療法人 藤井医院,0,False
40,5810155,病院,医療法人 安倍病院,60,True
40,5810163,病院,医療法人 相生会 宮田病院,218,True
40,5810270,病院,医療法人 笠松会 有吉病院,56,True
40,6111298,病院,遠賀中間医師会おかがき病院,100,True
40,6111363,病院,遠賀中間医師会おんが病院,100,True
40,6111504,病院,屋中央病院,137,False
40,6119176,病院,医療法人正周会水巻共立病院,54,True
40,6119275,病院,医療法人 羅寿久会 浅木病院,58,True
40,6119317,無床診療所,医療法人 おのむら医院,0,False
40,6119333,病院,医療法人 健愛会 健愛記念病院,80,True
40,6119424,病院,水北第一病院,124,True
40,6119481,無床診療所,医療法人 西尾脳神経外科,0,False
40,6119523,病院,福岡新水巻病院,227,True
40,6219091,病院,なかま病院,145,False
40,6219141,無床診療所,医療法人 むた医院,0,False
40,6219174,無床診療所,医療法人 岩尾内科医院,0,False
40,6411813,無床診療所,城戸内科クリニック,0,False
40,6411938,無床診療所,にし脳神経外科クリニック,0,False
40,6412068,無床診療所,つくし循環器内科,0,False
40,6419139,病院,社会医療法人共愛会 戸畑共立病院,218,True
40,6419162,病院,戸畑けんわ病院,303,True
40,6419188,有床診療所,医療法人 親和会 天神クリニック,19,True
40,6419212,病院,戸畑総合病院,193,True
40,6419337,病院,社会医療法人共愛会 戸畑リハビリテーション病院,173,True
40,6419527,無床診療所,宗前匠脳神経外科医院,0,False
40,6511711,無床診療所,佐藤医院,0,False
40,6519128,病院,医療法人三芳会 若戸病院,228,False
40,6519235,病院,医療法人すみだ会 こころの杜ホスピタル,209,False
40,6519292,無床診療所,医療法人 末吉脳神経外科医院,0,False
40,6519359,病院,青葉台病院,43,True
40,6519490,病院,芳野病院,143,True
40,6519540,病院,産業医科大学若松病院,150,True
40,6616304,病院,東筑病院,199,True
40,6616544,病院,丘ノ規病院,250,True
40,6616650,病院,新生会病院,79,True
40,6616734,無床診療所,後藤医院,0,False
40,6616809,病院,医療法人ふらて会西野病院,120,True
40,6616965,病院,医療法人しょうわ会フェリシア福岡病院,183,True
40,6617013,病院,製鉄記念八幡病院,453,True
40,6617179,病院,医療法人社団 黒崎整形外科病院,65,True
40,6617203,無床診療所,医療法人 つるたクリニック,0,False
40,6617385,無床診療所,医療法人 前川整形外科医院,0,False
40,6617427,病院,八幡西病院,201,True
40,6617609,病院,医療法人健美会 佐々木病院,74,True
40,6618110,無床診療所,医療法人千寿クリニック,0,False
40,6618607,無床診療所,医療法人 末次医院,0,False
40,6618615,無床診療所,千代クリニック,0,False
40,6618722,無床診療所,髙砂脳神経外科クリニック,0,False
40,6618771,無床診療所,医療法人 永犬丸むらかみ内科クリニック,0,False
40,6618789,無床診療所,医療法人 愛明会 もりぞの内科,0,False
40,6618821,無床診療所,医療法人 清家渉クリニック,0,False
40,6618839,無床診療所,医療法人広福会 ひろた消化器科・内科クリニック,0,False
40,6618953,無床診療所,医療法人 医生ヶ丘クリニック,0,False
40,6619050,病院,社会福祉法人恩賜財団済生会支部 福岡県済生会八幡総合病院,355,True
40,6619084,病院,医療法人社団翠会 八幡厚生病院,315,False
40,6619175,病院,独立行政法人 地域医療機能推進機構 九州病院,575,True
40,6619183,病院,小嶺江藤病院,207,False
40,6619217,病院,産業医科大学病院,664,True
40,6619225,病院,大平メディカルケア病院,164,True
40,6619274,病院,医療法人社団 誠心会 萩原中央病院,115,True
40,6619282,病院,北九州八幡東病院,420,True
40,6619332,病院,医療法人財団はまゆう会新王子病院,41,True
40,6619449,無床診療所,医療法人 黒崎吉田医院,0,False
40,6619969,病院,医療法人香林会 香月中央病院,68,True
40,6626402,有床診療所,医療法人 桜クリニック,19,True
40,6629802,病院,八幡慈恵病院,130,True
40,6629844,無床診療所,北九州産業衛生診療所,0,False
40,6710636,無床診療所,大島呼吸器内科クリニック,0,False
40,6710917,無床診療所,前川整形外科スポーツクリニック,0,False
40,6710925,病院,北九州市立八幡病院,350,True
40,6711006,病院,聖ヨハネ病院,39,True
40,6711279,無床診療所,さかいメディカルクリニック,0,False
40,6711287,無床診療所,おのＫクリニック,0,False
40,6711378,無床診療所,ルナクリニック,0,False
40,6711410,無床診療所,きたがわ脳神経外科,0,False
40,7219033,有床診療所,医療法人 片山医院,19,False
40,7219066,病院,医療法人 けやき会 東病院,72,True
40,7319023,病院,京都病院,174,True
40,7319031,病院,健和会京町病院,112,True
40,7319072,病院,社会医療法人 陽明会 小波瀬病院,266,True
40,7319189,病院,社会医療法人 陽明会 御所病院,120,True
40,7319239,無床診療所,いのうえ内科クリニック,0,False
40,7410772,無床診療所,公益社団法人豊前築上医師会 健康管理所,0,False
40,7419021,病院,医療法人社団豊和会 豊前病院,232,True
40,7419039,病院,医療法人社団 祥和会 大川病院,240,False
40,7519028,病院,医療法人 起生会 大原病院,101,True
40,7519044,病院,医療法人社団 翠会 行橋記念病院,348,False
40,7519093,無床診療所,医療法人 井手口医院,0,False
40,7519184,有床診療所,医療法人 行橋クリニック,5,True
40,7519200,病院,新田原聖母病院,106,True
40,7519218,無床診療所,医療法人 正薫会 上垣脳神経外科医院,0,False
40,7519242,病院,新行橋病院,246,True
40,7519283,病院,医療法人森和会 行橋中央病院,148,True
40,7519531,有床診療所,おおみや整形外科,19,False
40,7519549,無床診療所,おくなが脳神経外科クリニック,0,False
40,7529068,病院,行橋厚生病院,224,True
40,7619026,病院,公益社団法人日本海員掖済会 門司掖済会病院,194,True
40,7619067,病院,北九州市立門司病院,155,True
40,7619109,病院,医療法人豊司会 新門司病院,260,False
40,7619125,病院,医療法人碧水会 門司田野浦病院,384,False
40,7619141,病院,医療法人社団響会 緑ケ丘病院,104,True
40,7619166,病院,独立行政法人労働者健康安全機構 九州労災病院 門司メディカルセンター,175,True
40,7619224,病院,医療法人社団 松和会 門司松ケ江病院,192,False
40,7619398,有床診療所,医療法人 大里クリニック,19,True
40,7619869,病院,新小文字病院,214,True
40,7619877,有床診療所,晴山会クリニック,19,True
40,7619893,病院,九州鉄道記念病院,236,True
40,7716921,病院,東和病院,199,True
40,7717101,病院,小倉きふね病院,99,True
40,7717440,有床診療所,医療法人 岩本内科医院,19,True
40,7717705,無床診療所,松永脳神経外科クリニック,0,False
40,7718067,無床診療所,医療法人里会 はやし内科・胃腸科クリニック,0,False
40,7718190,病院,北九州市立総合療育センター,165,True
40,7718364,無床診療所,医療法人都栄会みどりヶ丘クリニック,0,False
40,7718695,有床診療所,山崎リゾートクリニック,16,True
40,7719016,病院,独立行政法人 労働者健康安全機構 九州労災病院,401,True
40,7719073,病院,小倉中井病院,147,True
40,7719107,病院,医療法人清陵会 南ケ丘病院,320,True
40,7719131,病院,三萩野病院,146,True
40,7719149,病院,国家公務員共済組合連合会新小倉病院,300,True
40,7719230,病院,小倉リハビリテーション病院,198,True
40,7719271,病院,医療法人 小倉蒲生病院,174,False
40,7719289,病院,医療法人社団響会 前田病院,98,True
40,7719362,病院,慈恵曽根病院,55,True
40,7719404,無床診療所,北九州健診診療所,0,False
40,7719420,病院,健和会大手町病院,449,True
40,7719438,病院,特定医療法人天臣会 松尾病院,321,False
40,7719461,病院,北九州湯川病院,222,True
40,7719487,病院,北九州中央病院,300,True
40,7719495,病院,霧ヶ丘 つだ病院,69,True
40,7719537,病院,小倉南メディカルケア病院,90,True
40,7719990,無床診療所,医療法人 政所クリニック,0,False
40,7729049,病院,新栄会病院,105,True
40,7810377,病院,上曽根病院,136,True
40,7810393,病院,医療法人あさひ松本病院,100,True
40,7810724,無床診療所,医療法人 やぎゅうクリニック,0,False
40,7810823,無床診療所,かたやま脳外科内科クリニック,0,False
40,7810849,無床診療所,医療法人 山口クリニック,0,False
40,7811474,無床診療所,医療法人 仁風会 うえだ泌尿器科,0,False
40,7910219,病院,小倉到津病院,100,True
40,7910284,無床診療所,西田クリニック,0,False
40,7910359,無床診療所,医療法人ありどめ内科クリニック,0,False
40,7910458,無床診療所,まこと脳神経外科クリニック,0,False
40,7910490,病院,北九州小倉病院,197,True
40,7910631,病院,小倉記念病院,656,True
40,7910714,無床診療所,山鹿クリニック,0,False
40,7910797,無床診療所,医療法人 あすなろ内科クリニック,0,False
40,7910896,病院,公立大学法人 九州歯科大学附属病院,60,True
40,7911076,無床診療所,医療法人 おさき内科・呼吸器科クリニック,0,False
40,7911597,病院,大手町リハビリテーション病院,330,True
40,7911951,病院,北九州総合病院,360,True
40,7912009,無床診療所,森林クリニック,0,False
40,7912132,病院,北九州市立医療センター,506,True
40,7912389,無床診療所,こくらリウマチ科・内科クリニック,0,False
40,7912397,無床診療所,ほしの内科・呼吸器内科クリニック,0,False
40,7912546,無床診療所,村岡内科消化器科クリニック,0,False
40,7912587,無床診療所,合馬脳神経内科クリニック,0,False
40,7912611,無床診療所,畠山整形外科スポーツクリニック,0,False
40,9819897,病院,九州大学病院,242,True
40,9919804,病院,独立行政法人国立病院機構 福岡東医療センター,537,True
40,9919911,病院,独立行政法人国立病院機構 九州がんセンター,411,True
40,9919929,病院,独立行政法人国立病院機構 九州医療センター,692,True
40,9919937,病院,独立行政法人国立病院機構 福岡病院,360,True
40,9919960,病院,独立行政法人国立病院機構 大牟田病院,380,True
40,9919986,病院,独立行政法人国立病院機構小倉医療センター,400,True
41,0111103,病院,神野病院,179,False
41,0111392,病院,諸隈病院,60,True
41,0113067,病院,医療法人 聖医会 藤川病院,52,True
41,0114289,無床診療所,医療法人社団 恵風会 西村医院,0,False
41,0114297,病院,清友病院,100,False
41,0114503,有床診療所,高柳内科,19,True
41,0114669,有床診療所,医療法人 牧野医院,2,True
41,0114925,病院,医療法人 春陽会 上村病院,160,True
41,0115021,病院,福岡病院,103,True
41,0115179,病院,サンテ溝上病院,75,True
41,0115302,有床診療所,橋野医院,19,True
41,0115344,病院,医療法人 智仁会 佐賀リハビリテーション病院,96,False
41,0115385,病院,医療法人 仁和会 小池病院,39,True
41,0115625,有床診療所,医療法人 千葉内科循環器科,19,False
41,0115799,病院,島田病院,84,True
41,0115872,病院,医療法人社団 敬愛会 佐賀記念病院,177,True
41,0116854,無床診療所,しげた総合診療クリニック,0,False
41,0116953,無床診療所,医療法人 夢咲クリニック,0,False
41,0117084,無床診療所,医療法人 尽心会 百武整形外科・スポーツクリニック,0,False
41,0117183,病院,なゆたの森病院,165,True
41,0117381,無床診療所,佐賀県健康づくり財団 佐賀県健診・検査センター,0,False
41,0117548,無床診療所,医療法人 正和会 志田内科,0,False
41,0117571,病院,福田脳神経外科病院,40,True
41,0117621,有床診療所,ぶどうの木クリニック,19,True
41,0117654,無床診療所,おおいし脳・神経リハクリニック,0,False
41,0117811,病院,ふじの森ホスピタル,163,False
41,0117829,無床診療所,さかえまち整形外科,0,False
41,0117910,無床診療所,かとうクリニック内科・呼吸器内科,0,False
41,0117928,無床診療所,医療法人 正島脳神経外科,0,True
41,0117944,無床診療所,萩原脳神経外科クリニック,0,False
41,0118066,病院,医療法人公和会 横須賀病院,90,True
41,0211978,病院,河畔病院,167,True
41,0212075,病院,唐津第一病院,101,True
41,0212349,病院,医療法人 平川病院,40,True
41,0212380,病院,医療法人 修腎会 藤﨑病院,62,True
41,0212505,病院,唐津東松浦医師会医療センター,50,True
41,0212810,病院,医療法人 賛健会 城内病院,145,True
41,0213040,無床診療所,医療法人社団 三浦医院,0,False
41,0213149,病院,虹と海のホスピタル,265,False
41,0213206,無床診療所,医療法人 平川俊彦脳神経外科,0,True
41,0213313,無床診療所,たじま脳神経外科クリニック,0,False
41,0311067,病院,松岡病院,248,True
41,0311331,病院,今村病院,252,True
41,0311547,有床診療所,医療法人 きざと外科医院,13,False
41,0311885,有床診療所,医療法人社団 三善会 山津医院,19,False
41,0311935,病院,やよいがおか鹿毛病院,259,True
41,0311943,病院,医療法人 啓心会 啓心会病院,180,True
41,0312016,無床診療所,医療法人 なかしまクリニック,0,False
41,0312131,有床診療所,医療法人 まごころ医療館,19,True
41,0312180,無床診療所,医療法人 せとじまクリニック,0,False
41,0312198,病院,すむのさと髙尾病院,182,True
41,0312370,病院,医療法人 仁徳会 今村病院,50,True
41,0312560,無床診療所,医療法人 鳥越脳神経外科クリニック,0,False
41,0312628,無床診療所,玄々堂内科・呼吸器内科,0,False
41,0312677,無床診療所,おかむら内科,0,False
41,0410539,病院,中多久病院,155,False
41,0410620,病院,医療法人 剛友会 諸隈病院,44,True
41,0511344,病院,小島病院,70,True
41,0511369,病院,山口病院,60,True
41,0511732,病院,西田病院,98,True
41,0511773,病院,山元記念病院,150,True
41,0511799,病院,前田病院,89,True
41,0512011,病院,伊万里整形外科病院,69,True
41,0512045,有床診療所,隅田医院,19,True
41,0610880,無床診療所,野口脳神経外科,0,False
41,0611110,有床診療所,医療法人 篠田整形外科,19,True
41,0611136,無床診療所,副島整形外科クリニック,0,False
41,0611284,病院,新武雄病院,195,True
41,0611367,無床診療所,中川内医院,0,False
41,0710052,病院,祐愛会 織田病院,131,True
41,0710698,病院,医療法人 犬塚病院,60,True
41,0710805,病院,医療法人 天心堂 志田病院,80,True
41,0710920,病院,医療法人誠晴會 ふきあげ納富病院,30,True
41,1011096,病院,もろどみ中央病院,199,True
41,1011146,無床診療所,みやはら・好川総合クリニック,0,False
41,1011211,有床診療所,医療法人 源勇会 枝國医院,19,True
41,1011237,病院,早津江病院,282,False
41,1011344,病院,ふじおか病院,88,True
41,1011583,無床診療所,いのうえ内科泌尿器科クリニック,0,False
41,1110963,病院,医療法人 久和会 和田記念病院,60,True
41,1210441,病院,大島病院,290,True
41,1210458,病院,光風会病院,174,False
41,1210722,病院,きやま髙尾病院,160,True
41,1210920,病院,医療法人 三樹会 三樹病院,56,True
41,1210953,無床診療所,平井内科,0,False
41,1310993,無床診療所,医療法人 野田好生医院,0,False
41,1311017,有床診療所,鶴田整形外科,19,True
41,1311058,有床診療所,鶴田運動機能回復クリニック,19,True
41,1311074,無床診療所,医療法人 修和会 村岡内科医院,0,False
41,1311173,無床診療所,医療法人 まえだ脳神経外科・眼科クリニック,0,False
41,1311199,病院,医療法人 ひらまつ病院,190,True
41,1311215,無床診療所,医療法人 孟子会 ひろおか内科・脳神経クリニック,0,False
41,1311256,病院,江口病院,98,True
41,1411361,無床診療所,医療法人 あおぞら胃腸科,0,False
41,1411387,無床診療所,医療法人 田渕医院,0,False
41,1411494,病院,医療法人 尚誠会 冬野病院,55,True
41,1411510,病院,医療法人 至誠堂 宇都宮病院,48,True
41,1510519,無床診療所,馬渡クリニック,0,False
41,1610061,病院,医療法人 醇和会 有島病院,60,True
41,1610392,病院,医療法人 敬天堂 古賀病院,60,True
41,1610954,病院,白石共立病院,150,True
41,1611325,病院,順天堂病院,115,True
41,1611382,病院,医療法人 武岡病院,30,True
41,1611432,無床診療所,溝口医院,0,False
41,1611663,無床診療所,しろいし脳神経外科,0,False
41,1611671,病院,祐愛会高島病院,92,True
41,1710481,病院,嬉野温泉病院,687,True
41,1710572,病院,医療法人 陽明会 樋口病院,80,True
41,1710796,有床診療所,うれしのふくだクリニック,19,True
41,2010071,有床診療所,栗並医院,19,True
41,2010139,病院,医療法人啓仁会 橋本病院,40,True
41,2010154,病院,医療法人社団 啓祐会 神埼病院,99,True
41,9810713,病院,社会福祉法人 恩賜財団 済生会唐津病院,193,False
41,9811042,病院,独立行政法人地域医療機能推進機構 佐賀中部病院,160,True
41,9811182,病院,唐津市民病院きたはた,56,True
41,9811208,病院,佐賀市立富士大和温泉病院,81,False
41,9811265,病院,町立太良病院,60,True
41,9811315,病院,伊万里有田共立病院,202,True
41,9811331,無床診療所,九州国際重粒子線がん治療センター,0,False
41,9811349,病院,佐賀県医療センター好生館,450,True
41,9811356,病院,唐津赤十字病院,300,True
41,9811406,病院,公立佐賀中央病院,140,True
41,9910018,病院,独立行政法人国立病院機構 佐賀病院,287,True
41,9910034,病院,独立行政法人国立病院機構 東佐賀病院,321,True
41,9910042,病院,独立行政法人国立病院機構 肥前精神医療センター,546,True
41,9910067,病院,佐賀大学医学部附属病院,602,True
41,9910075,病院,独立行政法人国立病院機構 嬉野医療センター,399,True
42,0112753,病院,医療法人厚生会 道ノ尾病院,785,False
42,0114510,病院,社会医療法人 春回会 井上病院,112,True
42,0115954,病院,聖フランシスコ病院,157,True
42,0118214,病院,社会医療法人 長崎記念病院,199,True
42,0119634,病院,社会医療法人健友会 上戸町病院,104,True
42,0120285,病院,医療法人慈恵会 小江原中央病院,142,True
42,0121952,病院,医療法人友愛会 田川療養所,229,False
42,0122034,病院,長崎掖済会病院,124,True
42,0123164,病院,医療法人保善会 田上病院,153,True
42,0125458,病院,一般社団法人是真会 長崎リハビリテーション病院,143,True
42,0128155,病院,医療法人和仁会 和仁会病院,199,True
42,0128684,病院,医療法人稲仁会 三原台病院,232,True
42,0128718,病院,医療法人 光晴会病院,151,True
42,0129575,病院,医療法人昭和会 昭和会病院,248,True
42,0150431,病院,医療法人厚生会 虹が丘病院,150,True
42,0150498,病院,医療法人光仁会 光仁会病院,553,False
42,0160521,病院,医療法人衆和会 長崎腎病院,79,True
42,0161206,無床診療所,医療法人 田村内科神経内科油木坂クリニック,0,False
42,0161891,有床診療所,たちばなベイクリニック,19,True
42,0162006,有床診療所,医療法人社団春秋会 南長崎クリニック,18,True
42,0162279,有床診療所,医療法人宏友会 さとう内科医院,15,True
42,0162311,無床診療所,医療法人 福田ゆたか外科医院,0,False
42,0162659,病院,医療法人恵会 光風台病院,146,True
42,0162899,有床診療所,医療法人社団 平松クリニック,19,True
42,0163442,病院,医療法人昌生会 出口病院,120,False
42,0163566,病院,医療法人緑風会 長崎みどり病院,36,True
42,0163889,病院,医療法人健正会 大久保病院,174,True
42,0164747,無床診療所,医療法人 三宅脳神経外科医院,0,True
42,0164978,病院,医療法人協治会 杠葉病院,349,False
42,0165306,有床診療所,矢上藤尾大坪外科胃腸科,15,True
42,0165884,無床診療所,医療法人 もり脳神経外科クリニック,0,False
42,0165991,有床診療所,出口外科眼科医院,17,True
42,0166866,有床診療所,ながさきハートクリニック,2,True
42,0167047,病院,ニュー琴海病院,31,True
42,0167062,有床診療所,医療法人社団健昌会 新里クリニック浦上,19,True
42,0167542,病院,出島病院,43,True
42,0167641,無床診療所,サイノオ脳神経外科,0,False
42,0167781,病院,重工記念長崎病院,165,True
42,0167872,無床診療所,春回会クリニック,0,False
42,0168078,無床診療所,かご町サトウ医院,0,False
42,0168151,無床診療所,高原中央医院,0,False
42,0168276,無床診療所,かまだ脳神経外科 長崎駅前クリニック,0,False
42,0168284,無床診療所,長崎駅前ほんだ内科・内視鏡クリニック,0,True
42,0168375,有床診療所,ながさき内科・リウマチ科医院,19,True
42,0210243,病院,社会医療法人財団 白十字会 燿光リハビリテーション病院,330,True
42,0211340,病院,特定医療法人雄博会 千住病院,146,True
42,0221927,病院,医療法人雄人会 三川内病院,55,True
42,0222271,病院,医療法人是心会 久保内科病院,83,True
42,0224608,有床診療所,医療法人誠医会 川冨内科医院,19,True
42,0224954,無床診療所,尾崎脳神経外科医院,0,False
42,0225001,病院,医療法人誠愛会 佐世保記念病院,105,True
42,0225399,無床診療所,医療法人社団 松添胃腸科外科総合診療クリニック,0,False
42,0225498,有床診療所,医療法人社団平世会 村上医院,19,True
42,0225605,有床診療所,医療法人英尚会 中村内科,3,True
42,0225613,病院,医療法人光省会 福田外科病院,62,True
42,0225837,有床診療所,日宇記念医院,14,True
42,0225910,有床診療所,医療法人愛健会 愛健医院,18,True
42,0225951,有床診療所,医療法人社団 石坂脳神経外科,19,True
42,0225985,病院,サン・レモ リハビリ病院,216,True
42,0226074,有床診療所,医療法人翠山会 いちょうクリニック,19,True
42,0226223,無床診療所,あかがき内科循環器科,0,False
42,0226249,病院,社会医療法人財団 白十字会 佐世保中央病院,312,True
42,0226538,無床診療所,松本脳神経外科医院,0,False
42,0226892,病院,医療法人 わかば会 俵町浜野病院,64,True
42,0227031,病院,医療法人アリス会 京町病院,48,True
42,0227072,有床診療所,しもまえ泌尿器科クリニック,2,True
42,0227080,有床診療所,医療法人 田渕医院,19,True
42,0227726,有床診療所,医療法人かえで 溝口内科・呼吸器内科,17,True
42,0227783,無床診療所,臼ノ浦ＣＴ診療所,0,False
42,0228039,病院,佐世保国際通り病院,94,True
42,0228161,無床診療所,ひろせ脳神経外科・頭痛クリニック,0,False
42,0228229,有床診療所,どい整形外科・内科クリニック,15,False
42,0320398,病院,医療法人済家会 柴田長庚堂病院,104,True
42,0320471,病院,医療法人済家会 島原保養院,144,False
42,0320802,病院,医療法人社団東洋会 池田病院,82,True
42,0320984,有床診療所,医療法人社団兼愛会 前田医院,19,True
42,0321123,病院,医療法人社団威光会 松岡病院,96,True
42,0321214,有床診療所,医療法人 重眞会 木下内科医院,19,True
42,0321347,無床診療所,かわはら内科胃腸科医院,0,False
42,0321412,有床診療所,島原整形外科 西村クリニック,14,True
42,0411056,病院,諫早記念病院,112,True
42,0411619,病院,社会医療法人三佼会 宮崎病院,133,True
42,0412104,病院,医療法人祥仁会 西諫早病院,63,True
42,0421113,病院,医療法人和光会 恵寿病院,133,True
42,0421766,有床診療所,医療法人 橋爪外科胃腸科医院,3,True
42,0422004,病院,医療法人社団尚整会 菅整形外科病院,67,True
42,0422418,有床診療所,江藤外科消化器科医院,19,True
42,0422681,病院,医療法人 横尾病院,240,False
42,0422913,無床診療所,山田クリニック,0,False
42,0423275,病院,山﨑病院,38,True
42,0423291,無床診療所,たにおか脳神経外科,0,False
42,0511012,病院,医療法人慧明会 貞松病院,76,True
42,0511079,病院,中澤病院,159,True
42,0521466,病院,医療法人仁寿会 南野病院,95,True
42,0521508,無床診療所,医療法人 みね内科クリニック,0,False
42,0521565,有床診療所,医療法人 牧山医院,19,True
42,0521664,有床診療所,医療法人 明和会 伊崎脳神経外科・内科,19,True
42,0521672,無床診療所,くすもと内科クリニック,0,False
42,0522084,無床診療所,はら脳神経外科,0,False
42,0522191,無床診療所,おおむら海辺のクリニック,0,False
42,0522282,無床診療所,大村腎クリニック,0,False
42,0522365,無床診療所,さくらクリニック,0,False
42,0620524,病院,聖マリア病院,90,True
42,0620672,病院,医療法人社団厚善会 郡家病院,50,True
42,0620714,無床診療所,南町脳神経外科クリニック,0,False
42,0720274,病院,医療法人光佑会 北川病院,48,False
42,0720324,病院,医療法人 医理会 柿添病院,90,True
42,0820447,病院,医療法人長愛会 菊地病院,52,True
42,0820561,病院,医療法人社団昌徳会 田中病院,78,False
42,0820652,有床診療所,押渕医院,19,True
42,1111010,病院,医療法人栄寿会 眞珠園療養所,224,False
42,1112026,病院,医療法人光善会 長崎百合野病院,160,True
42,1121936,病院,医療法人啓正会 清水病院,181,True
42,1122355,病院,医療法人社団淳生会 慈恵病院,230,True
42,1122710,病院,長崎セントノーヴァ病院,110,False
42,1122728,病院,医療法人平成会 女の都病院,120,True
42,1122850,有床診療所,森の木脳神経脊髄外科,19,True
42,1123239,病院,長崎友愛病院,70,True
42,1123312,病院,医療法人外海弘仁会 日浦病院,182,True
42,1123429,病院,医療法人常葉会 長与病院,120,True
42,1123569,有床診療所,近藤医院,18,True
42,1123601,病院,医療法人 清潮会 三和中央病院,697,False
42,1123783,無床診療所,長崎腎クリニック,0,False
42,1123866,有床診療所,医療法人 暁会 安永脳神経外科,19,True
42,1123965,病院,社会医療法人春回会 長崎北病院,199,True
42,1124070,無床診療所,社会福祉法人 福医会 さいかいクリニック,0,False
42,1124187,無床診療所,せいひ中央クリニック,0,False
42,1124310,病院,医療法人徳洲会 長崎北徳洲会病院,108,True
42,1124435,有床診療所,医療法人ＥМＳ 西海救急クリニック,4,False
42,1210697,病院,波佐見病院,154,True
42,1220951,無床診療所,医療法人社団 田渕医院,0,False
42,1221025,無床診療所,医療法人 カナザワ内科クリニック,0,False
42,1221116,無床診療所,小鳥居内科・脳神経内科クリニック,0,False
42,1320397,病院,医療法人社団大塚会 唐比病院,80,True
42,1320520,病院,医療法人二輝会 佐藤病院,40,True
42,1420080,病院,医療法人 博愛会 哲翁病院,88,True
42,1421484,病院,医療法人伴帥会 愛野記念病院,234,True
42,1421963,病院,医療法人栄和会 泉川病院,120,True
42,1422045,病院,医療法人有隣会 貴田神経内科・呼吸器科・内科病院,82,True
42,1422102,病院,医療法人 南風会 浦上病院,126,True
42,1422169,無床診療所,医療法人社団穂仁会 よこた医院,0,False
42,1422177,無床診療所,医療法人 坂上整形外科,0,False
42,1422227,病院,医療法人弘池会 口之津病院,89,True
42,1510880,病院,医療法人 敬仁会 松浦病院,120,False
42,1511458,病院,青洲会病院,183,True
42,1521184,病院,医療法人十全会 潜竜徳田循環器科内科整形外科病院,40,True
42,1521366,病院,医療法人裕光会 谷川病院,46,True
42,1521580,無床診療所,医療法人純健会 しおざわ内科消化器科,0,False
42,1521663,無床診療所,世知原クリニック,0,False
42,1521853,無床診療所,佐々中央クリニック,0,False
42,1720356,病院,医療法人（社団）協生会 品川病院,43,True
42,1720430,病院,社会医療法人玄州会 光武内科循環器科病院,88,True
42,1720729,無床診療所,医療法人 護州会 品川内科医院,0,False
42,8010058,病院,独立行政法人国立病院機構 長崎病院,280,True
42,8010066,病院,独立行政法人国立病院機構 長崎医療センター,639,True
42,8010132,病院,長崎大学病院,774,True
42,8010165,病院,独立行政法人国立病院機構 長崎川棚医療センター,240,True
42,8110015,病院,独立行政法人労働者健康安全機構 長崎労災病院,304,True
42,8110031,病院,国家公務員共済組合連合会 佐世保共済病院,306,True
42,8110379,病院,長崎県立こども医療福祉センター,60,True
42,8111047,病院,社会福祉法人十善会 十善会病院,188,True
42,8111393,病院,独立行政法人地域医療機能推進機構 諫早総合病院,319,True
42,8113035,病院,市立大村市民病院,212,True
42,8113241,病院,日本赤十字社 長崎原爆病院,315,True
42,8113308,病院,社会福祉法人恩賜財団済生会支部 済生会長崎病院,205,True
42,8123372,有床診療所,小値賀町国民健康保険診療所,8,True
42,8123604,病院,国民健康保険平戸市民病院,87,True
42,8123695,病院,公立小浜温泉病院,150,True
42,8124123,無床診療所,新上五島町新魚目国民健康保険診療所,0,False
42,8124230,病院,地方独立行政法人 北松中央病院,183,True
42,8124248,病院,日本赤十字社 長崎原爆諫早病院,130,True
42,8124305,病院,平戸市立生月病院,52,True
42,8124438,病院,長崎県上五島病院,106,True
42,8124446,病院,長崎県富江病院,55,True
42,8124487,病院,長崎県五島中央病院,260,True
42,8124495,病院,長崎県上対馬病院,52,True
42,8124529,病院,長崎県島原病院,203,True
42,8124537,病院,長崎県精神医療センター,139,False
42,8124545,無床診療所,長崎県上五島病院附属診療所 有川医療センター,0,False
42,8124552,無床診療所,長崎市野母崎診療所,0,False
42,8124560,無床診療所,長崎県上五島病院附属診療所 奈良尾医療センター,0,False
42,8124586,病院,地方独立行政法人長崎市立病院機構 長崎みなとメディカルセンタ―,409,False
42,8124602,有床診療所,長崎県五島中央病院附属診療所奈留医療センター,19,True
42,8124636,病院,長崎県壱岐病院,224,True
42,8124651,病院,長崎県対馬病院,229,True
42,8124669,有床診療所,佐世保市総合医療センター宇久診療所,17,True
42,8124677,病院,佐世保市総合医療センター,559,True
42,8124727,病院,独立行政法人地域医療機能推進機構 松浦中央病院,85,True
43,0114949,病院,東病院,63,True
43,0116274,病院,くわみず病院,90,True
43,0116282,病院,江南病院,198,True
43,0116308,病院,熊本内科病院,50,True
43,0116399,病院,熊本第一病院,125,True
43,0116431,病院,杉村病院,177,True
43,0116464,病院,桜が丘病院,221,False
43,0116621,病院,医療法人日隈会 日隈病院,180,False
43,0116704,病院,九州記念病院,179,True
43,0116795,病院,医療法人 健生会 明生病院,234,False
43,0117041,病院,弓削病院,160,False
43,0117108,病院,医療法人金澤会 青磁野リハビリテーション病院,185,True
43,0117280,病院,桜十字病院,630,True
43,0118080,病院,水前寺とうや病院,142,True
43,0118338,病院,くまもと在宅支援病院,57,True
43,0118437,病院,武蔵ケ丘病院,145,False
43,0118528,病院,くまもと成城病院,133,True
43,0119104,病院,成尾整形外科病院,103,True
43,0119328,病院,熊本市医師会熊本地域医療センター,227,True
43,0119468,病院,熊本機能病院,395,True
43,0119625,病院,御幸病院,186,True
43,0119872,病院,医療法人 朝日野会 朝日野総合病院,378,True
43,0120029,無床診療所,総合保健センター,0,False
43,0120581,有床診療所,あけぼのクリニック,19,True
43,0120656,病院,比企病院,44,True
43,0120722,無床診療所,桜間脳神経外科,0,False
43,0120730,病院,医療法人財団聖十字会 西日本病院,699,True
43,0120821,有床診療所,上熊本内科,19,True
43,0120862,病院,桜十字くまなん病院,160,False
43,0120995,有床診療所,緒方脳神経外科医院,19,True
43,0121241,無床診療所,緒方消化器内科,0,False
43,0121274,無床診療所,そのだ脳神経外科消化器内科,0,False
43,0121373,病院,あきた病院,127,True
43,0121472,病院,菊南病院,142,True
43,0121480,病院,寺尾病院,88,True
43,0121605,有床診療所,服部胃腸科,19,True
43,0121621,有床診療所,八景水谷クリニック,11,True
43,0121803,有床診療所,石神クリニック,4,True
43,0122223,病院,川野病院,32,True
43,0122447,無床診療所,三の宮内科泌尿器科医院,0,False
43,0122496,病院,鶴田病院,105,True
43,0122546,無床診療所,井内科クリニック,0,False
43,0122553,病院,山口病院,72,True
43,0122835,病院,西村内科脳神経外科病院,44,False
43,0122850,無床診療所,さとう胃腸内科クリニック,0,False
43,0122967,無床診療所,村田外科・胃腸科・ひふ科医院,0,False
43,0122991,有床診療所,天神内科医院,19,True
43,0123197,病院,くまもと乳腺外科病院,41,True
43,0123304,無床診療所,土井内科クリニック,0,False
43,0123361,無床診療所,田尻クリニック,0,False
43,0123478,病院,帯山中央病院,76,True
43,0123528,無床診療所,広重クリニック,0,False
43,0123668,病院,陣内病院,38,True
43,0123973,無床診療所,井上整形外科クリニック,0,False
43,0124351,有床診療所,石原・伊牟田内科,19,True
43,0124518,有床診療所,下田内科クリニック,6,True
43,0124617,病院,本庄内科病院,26,True
43,0124781,無床診療所,東部クリニック,0,False
43,0125044,病院,くまもと成仁病院,180,True
43,0125135,無床診療所,沢田内科医院,0,False
43,0125341,病院,北部病院,50,True
43,0125580,有床診療所,松原リウマチ科整形外科,19,False
43,0125622,無床診療所,熊本放射線外科,0,True
43,0125705,無床診療所,守屋医院,0,False
43,0125770,病院,熊本泌尿器科病院,52,True
43,0125804,病院,田上心臓リハビリテーション病院,45,True
43,0126083,病院,表参道 吉田病院,84,True
43,0126109,無床診療所,西部脳神経外科内科,0,False
43,0126356,無床診療所,髙田千年クリニック,0,False
43,0126364,無床診療所,あかりＰＥＴ画像診断クリニック,0,False
43,0126406,有床診療所,北部脳神経外科・神経内科,19,True
43,0126612,有床診療所,松元整形・外科,19,True
43,0126752,無床診療所,川尻尾﨑内科,0,False
43,0126844,有床診療所,中村整形外科,19,True
43,0127545,無床診療所,桜木頭痛クリニック,0,False
43,0127651,病院,保田窪整形外科病院,39,True
43,0127925,病院,十善病院,178,True
43,0128170,病院,くまもと南部広域病院,198,True
43,0128188,病院,小林病院,34,True
43,0128196,病院,ひかりテラス病院,104,True
43,0128378,無床診療所,師井医院,0,False
43,0128444,無床診療所,田原坂クリニック,0,False
43,0128691,病院,熊本脳神経外科病院,60,True
43,0128915,病院,平成とうや病院,160,True
43,0310513,病院,医療法人朝日野会 光生病院,206,False
43,0310521,病院,万江病院,60,True
43,0310539,病院,医療法人朝日野会 球磨病院,238,True
43,0310547,病院,人吉こころのホスピタル,187,False
43,0310554,病院,愛生記念病院,71,True
43,0310612,有床診療所,岡医院,19,True
43,0310885,有床診療所,豊永耳鼻咽喉科医院,17,True
43,0310927,病院,医療法人敬生会 外山胃腸病院,84,True
43,0311172,病院,堤病院,55,True
43,0311180,無床診療所,堤病院附属九日町診療所,0,False
43,0311255,無床診療所,外山内科,0,False
43,0311297,無床診療所,小林脳神経外科,0,False
43,0311339,有床診療所,光永医院,13,True
43,0311347,病院,人吉リハビリテーション病院,54,True
43,0410644,病院,医療法人有働会 有働病院,268,False
43,0410651,病院,新生翠病院,99,True
43,0410859,病院,荒尾中央病院,240,True
43,0410933,有床診療所,関整形外科,19,True
43,0411014,有床診療所,荒尾クリニック,19,True
43,0411022,有床診療所,藤枝医院,19,True
43,0411071,有床診療所,伊藤医院,19,True
43,0411410,有床診療所,山田クリニック,19,True
43,0411469,有床診療所,荒尾脳神経外科医院,19,True
43,0411576,有床診療所,西原クリニック,19,True
43,0411584,無床診療所,ふじさわクリニック,0,False
43,0411600,無床診療所,ひらやま医院,0,False
43,0411618,無床診療所,四ツ山クリニック,0,False
43,0510443,病院,医療法人岡部病院,119,True
43,0510542,病院,海のみえるココロの病院,180,False
43,0510625,病院,水俣協立病院,48,True
43,0510724,病院,白梅病院,54,True
43,0510732,有床診療所,山田クリニック,19,True
43,0510948,無床診療所,市川内科クリニック,0,False
43,0511003,無床診療所,渕上クリニック,0,False
43,0511094,無床診療所,水俣協立クリニック,0,False
43,1110573,病院,医療法人 再生会 くまもと心療病院,272,False
43,1110730,有床診療所,かなもり地域ケアクリニック,19,False
43,1110854,有床診療所,みどりかわクリニック,19,True
43,1210027,無床診療所,中村医院,0,False
43,1210167,有床診療所,やまうち医院,19,False
43,1210258,無床診療所,上天草整形外科専門クリニック,0,False
43,1310017,病院,山鹿中央病院,120,True
43,1310025,病院,山鹿回生病院,235,False
43,1310041,病院,保利病院,106,True
43,1310090,無床診療所,徳永内科小児科クリニック,0,False
43,1310165,無床診療所,東内科小児科医院,0,False
43,1310181,病院,山鹿温泉リハビリテーション病院,101,True
43,1310298,病院,三森循環器科・呼吸器科病院,58,True
43,1310355,無床診療所,きくか松岡クリニック,0,False
43,1310454,無床診療所,幸村医院,0,False
43,1310470,有床診療所,大橋通クリニック,17,True
43,1410163,病院,松田病院,180,False
43,1410197,病院,宇城総合病院,200,True
43,1410205,無床診療所,中村医院,0,False
43,1410239,無床診療所,泉胃腸科外科医院,0,False
43,1410346,無床診療所,まつばせ児嶋クリニック,0,False
43,1410478,病院,あおば病院,178,True
43,1410536,無床診療所,松橋耳鼻咽喉科・内科クリニック,0,False
43,1410619,有床診療所,県南髙木クリニック,19,True
43,1410627,病院,桜十字熊本宇城病院,199,True
43,1410643,無床診療所,宇城総合クリニック,0,False
43,1410684,無床診療所,篠﨑内科クリニック,0,False
43,1510012,病院,高森会 阿蘇やまなみ病院,270,False
43,1510020,病院,医療法人社団大徳会 大阿蘇病院,149,True
43,1510079,病院,阿蘇温泉病院,224,True
43,1510087,有床診療所,問端医院,19,False
43,1510137,有床診療所,阿蘇ハートクリニック,19,False
43,1610044,病院,菊池中央病院,102,True
43,1610069,病院,菊池郡市医師会立病院,120,True
43,1610317,病院,岸病院,32,True
43,1610432,病院,川口病院,59,True
43,1710125,病院,桜十字八代病院,74,True
43,1710133,病院,桜十字八代リハビリテーション病院,199,True
43,1710166,病院,八代更生病院,249,False
43,1710208,病院,八代病院シーサイドこころケアステーション,149,False
43,1710257,病院,八代敬仁病院,171,True
43,1710521,無床診療所,八代市医師会健診センター,0,False
43,1710620,病院,平成病院,141,False
43,1711321,有床診療所,医療法人右田会 右田クリニック,10,True
43,1711370,有床診療所,鶴田胃腸科内科,16,True
43,1711404,無床診療所,浜田呼吸器科内科クリニック,0,False
43,1711438,無床診療所,ふくとみクリニック,0,False
43,1711487,無床診療所,西医院,0,False
43,1711537,無床診療所,放射線科・内科 まきたクリニック,0,False
43,1711594,有床診療所,ひらきクリニック,19,True
43,1711610,無床診療所,八代ハートクリニック,0,False
43,1711693,無床診療所,ごとう脳神経外科・痛みのクリニック,0,False
43,1810065,病院,玉名病院,157,False
43,1810073,病院,城ケ崎病院,184,False
43,1810156,無床診療所,浦田医院,0,False
43,1810222,病院,医療法人 悠紀会病院,139,True
43,1810636,無床診療所,ひがし成人・循環器内科クリニック,0,False
43,1810651,有床診療所,大塚医院,19,True
43,1810776,無床診療所,玉名脳神経外科医院,0,False
43,1910196,病院,合志第一病院,132,True
43,1910535,無床診療所,くまもと免疫統合医療クリニック,0,False
43,2010038,病院,天草病院,437,False
43,2010103,病院,天草第一病院,128,True
43,2010145,病院,一般社団法人天草郡市医師会立 天草地域医療センター,210,True
43,2010293,病院,ニュー天草病院,132,True
43,2010475,有床診療所,小松医院,19,True
43,2010483,無床診療所,松本内科・眼科,0,False
43,2010517,病院,医療法人社団 福本会 福本病院,35,True
43,2010525,有床診療所,石松ファミリークリニック,13,False
43,2010590,病院,天草厚生病院,180,True
43,2010665,病院,天草セントラル病院,302,True
43,2311220,病院,くまもと温石病院,103,True
43,2311774,病院,間部病院,35,True
43,2410873,病院,有明成仁病院,89,True
43,2411210,無床診療所,西山クリニック,0,False
43,2411228,無床診療所,安成医院,0,False
43,2411301,無床診療所,いまおかクリニック,0,False
43,2611140,病院,熊本リハビリテーション病院,225,True
43,2611199,病院,菊陽病院,308,False
43,2611272,病院,菊陽台病院,74,True
43,2611496,病院,熊本セントラル病院,246,True
43,2611736,病院,阿梨花病院大津,60,True
43,2611777,有床診療所,ふくだ医院,19,True
43,2611991,有床診療所,宮本内科医院,19,True
43,2612338,病院,東熊本第二病院,111,True
43,2612403,無床診療所,河野内科クリニック,0,False
43,2612544,有床診療所,大津中村整形外科,19,True
43,2612619,無床診療所,たぶち内科循環器科,0,False
43,2612718,無床診療所,つくれクリニック,0,False
43,2612841,無床診療所,はなぶさクリニック,0,False
43,2612957,無床診療所,岡本内科・呼吸器内科クリニック,0,False
43,2612973,無床診療所,くろかわクリニック,0,False
43,2711114,病院,阿蘇立野病院,88,True
43,2810684,病院,医療法人 荒瀬会 荒瀬病院,25,True
43,2810692,病院,矢部広域病院,85,True
43,2810718,病院,谷田病院,85,True
43,2810734,病院,益城病院,198,False
43,2810809,病院,リハビリテーションセンター熊本回生会病院,161,True
43,2811005,病院,東熊本病院,52,False
43,2811013,病院,さくら病院,164,True
43,2811039,有床診療所,藤岡医院,19,True
43,2811096,病院,瀬戸病院,36,True
43,2811153,有床診療所,たかぞえ 内科 循環器内科クリニック,18,True
43,2811195,有床診療所,野田医院,4,True
43,2811302,無床診療所,砥川クリニック,0,False
43,2811310,無床診療所,髙本脳神経外科医院,0,False
43,2811419,無床診療所,たなか内科眼科,0,False
43,2811674,無床診療所,榊田泌尿器科外科医院,0,False
43,2811740,無床診療所,のざき消化器ＩＢＤクリニック,0,False
43,2811831,無床診療所,たばた内科・心臓クリニック,0,False
43,2911011,病院,八代北部地域医療センター,89,True
43,3010359,病院,くまもと芦北療育医療センター,205,True
43,3010557,有床診療所,芦北整形外科医院,19,True
43,3010565,無床診療所,芦北クリニック,0,False
43,3010631,有床診療所,医療法人社団弘翔会 井上医院,19,True
43,3010680,有床診療所,宮島医院,17,True
43,3110837,病院,東病院,54,True
43,3111116,無床診療所,脳神経外科 小林クリニック,0,False
43,3111132,無床診療所,古城クリニック,0,False
43,3211361,病院,天草郡市医師会立苓北医師会病院,40,True
43,3211809,病院,天草慈恵病院,120,True
43,7110031,有床診療所,くまもと令和クリニック,7,True
43,7110130,病院,熊本託麻台リハビリテーション病院,142,True
43,7110148,有床診療所,上村内科クリニック,19,True
43,7110221,無床診療所,花畑クリニック,0,False
43,7110437,無床診療所,大和クリニック,0,False
43,7110445,病院,くまもと森都総合病院,199,True
43,7110460,病院,大腸肛門病センター高野病院,166,True
43,7110718,病院,熊本整形外科病院,204,True
43,7110783,無床診療所,京町台クリニック,0,False
43,7110809,無床診療所,あけぼの第２クリニック,0,False
43,7110957,無床診療所,メディメッセ桜十字クリニック,0,False
43,7111047,無床診療所,まえはらクリニック,0,False
43,7210187,無床診療所,わかばクリニック,0,False
43,7210260,有床診療所,東熊クリニック,19,True
43,7210278,有床診療所,えず総合診療所,19,True
43,7210476,無床診療所,平山ハートクリニック,0,False
43,7210575,無床診療所,ソラクリニック,0,False
43,7210856,無床診療所,みうら脳神経クリニック,0,False
43,7210898,無床診療所,上村第二透析ステーション,0,False
43,7310128,無床診療所,蓮台寺クリニック,0,False
43,7310144,病院,上代成城病院,82,True
43,7310169,有床診療所,熊本田崎クリニック,19,True
43,7410027,病院,医療法人 憲和会 南部中央病院,50,True
43,7410084,病院,にしくまもと病院,146,True
43,7410308,無床診療所,くまもと南耳鼻咽喉科クリニック,0,False
43,7410357,無床診療所,しもむらクリニック,0,False
43,7410365,無床診療所,よりクリニック,0,False
43,7410423,無床診療所,佐々木脳神経外科,0,False
43,7510222,無床診療所,むさし内科クリニック,0,False
43,7510271,無床診療所,いちもり内科・糖尿病内科クリニック,0,False
43,8110477,病院,独立行政法人国立病院機構熊本再春医療センター,429,True
43,8110485,病院,独立行政法人国立病院機構熊本南病院,156,True
43,8110501,病院,独立行政法人国立病院機構熊本医療センター,550,True
43,8111269,病院,熊本大学病院,845,True
43,8112143,病院,独立行政法人国立病院機構菊池病院,239,True
43,8112291,病院,国立療養所菊池恵楓園,395,True
43,8210046,病院,国民健康保険和水町立病院,91,True
43,8210053,病院,山都町包括医療センターそよう病院,57,True
43,8210061,病院,国民健康保険天草市立河浦病院,50,True
43,8210079,病院,熊本赤十字病院,490,True
43,8210095,病院,山鹿市民医療センター,197,True
43,8210327,病院,熊本市立熊本市民病院,380,True
43,8210533,病院,荒尾市立 有明医療センター,274,True
43,8210558,病院,阿蘇医療センター,120,True
43,8210723,病院,熊本中央病院,361,True
43,8210749,病院,小国公立病院,65,True
43,8210947,病院,独立行政法人労働者健康安全機構 熊本労災病院,410,True
43,8210962,病院,熊本県こども総合療育センター,60,True
43,8210988,病院,国保 水俣市立総合医療センター,293,True
43,8211358,病院,独立行政法人地域医療機能推進機構 熊本総合病院,396,True
43,8211366,病院,独立行政法人地域医療機能推進機構 人吉医療センター,248,True
43,8211374,病院,独立行政法人地域医療機能推進機構 天草中央総合病院,151,True
43,8211564,病院,天草市立栖本病院,44,True
43,8211689,病院,上天草市立上天草総合病院,165,True
43,8211770,病院,国民健康保険天草市立新和病院,30,True
43,8211911,病院,済生会熊本病院,400,True
43,8212067,無床診療所,公立菊池養生園診療所,0,False
43,8212083,病院,天草市立牛深市民病院,93,True
43,8212117,病院,熊本県立こころの医療センター,200,False
43,8212273,病院,球磨郡公立多良木病院,178,True
43,8212323,有床診療所,日本赤十字社熊本健康管理センター,19,True
43,8212331,病院,済生会みすみ病院,112,True
43,8212349,病院,熊本市立植木病院,110,True
43,8212356,病院,くまもと県北病院,402,True
44,0110219,病院,大分下郡病院,384,False
44,0111043,病院,今村病院,60,True
44,0114369,病院,明野中央病院,75,True
44,0114765,病院,大分泌尿器科病院,60,True
44,0114864,病院,大分健生病院,130,True
44,0115150,病院,緑ケ丘保養園,270,False
44,0115317,病院,医療法人社団三杏会 仁医会病院,60,True
44,0115457,病院,大分共立病院,73,True
44,0115531,病院,医療法人社団親和会 えとう内科病院,58,True
44,0115564,病院,大分県勤労者医療生活協同組合 大分協和病院,40,True
44,0115606,病院,医療法人八宏会 有田胃腸病院,94,True
44,0115614,無床診療所,内科阿部医院,0,False
44,0115622,病院,永冨脳神経外科病院,153,True
44,0115788,病院,大分岡病院,203,True
44,0116182,有床診療所,嶋田循環器科内科,19,False
44,0116398,有床診療所,医療法人松栄会 松坂さとう消化器内科,19,True
44,0116463,有床診療所,辛島内科・消化器内科,19,True
44,0116489,病院,大分整形外科病院,76,True
44,0116521,病院,織部病院,36,True
44,0116661,有床診療所,梶本医院,13,True
44,0116687,有床診療所,織部消化器科,12,True
44,0116968,有床診療所,仙波整形外科,19,True
44,0116976,有床診療所,ハートクリニック,14,True
44,0117487,病院,小深田消化器病院,40,True
44,0117578,無床診療所,さとうファミリークリニック,0,False
44,0117735,無床診療所,山下循環器科内科,0,False
44,0117925,病院,社会医療法人財団天心堂へつぎ病院,188,True
44,0118006,病院,渕野病院,187,False
44,0118105,有床診療所,織部泌尿器科,19,True
44,0118121,有床診療所,心葉消化器外科,19,True
44,0118303,有床診療所,松岡メディカルクリニック,19,False
44,0118543,無床診療所,よしどめ内科・神経内科クリニック,0,False
44,0118618,有床診療所,わさだかかりつけ医院泌尿器科クリニック,19,True
44,0118659,病院,だいかく病院,45,True
44,0118790,有床診療所,井野辺府内クリニック,5,True
44,0118816,病院,井野辺病院,119,True
44,0119319,病院,大分こども病院,35,True
44,0119483,無床診療所,吉村内科循環器科クリニック,0,False
44,0119673,病院,博愛病院,20,False
44,0119806,無床診療所,南原クリニック,0,False
44,0119897,無床診療所,きたまち消化器・肛門外科,0,False
44,0119954,無床診療所,ひらた医院,0,False
44,0120127,無床診療所,医療法人仁真会真央クリニック,0,False
44,0120184,病院,塚川第一病院,60,True
44,0120275,無床診療所,やない内科クリニック,0,False
44,0120325,有床診療所,うえお乳腺外科,19,True
44,0120440,病院,社会医療法人 関愛会 佐賀関病院,60,True
44,0120556,病院,大分リハビリテーション病院,120,True
44,0120622,病院,大分三愛メディカルセンター,190,True
44,0121059,有床診療所,大場整形外科,11,True
44,0121091,病院,大分市医師会立アルメイダ病院,389,True
44,0121158,病院,オアシス第一病院,95,True
44,0121414,無床診療所,垣迫胃腸クリニック,0,False
44,0121802,病院,医療法人 いつわ会 藤島病院,43,True
44,0121984,無床診療所,神矢内科胃腸クリニック,0,False
44,0122040,有床診療所,うちのう整形外科,19,True
44,0122081,無床診療所,山形クリニック,0,False
44,0122172,無床診療所,大久保内科外科（内視鏡）クリニック,0,False
44,0122222,無床診療所,若林脳神経外科クリニック,0,False
44,0122248,病院,帆秋病院,446,False
44,0122255,病院,大分循環器病院,99,True
44,0122420,病院,社会医療法人関愛会 坂ノ市病院,36,True
44,0122503,無床診療所,森山消化器内科クリニック,0,False
44,0122644,無床診療所,社会医療法人関愛会 よつばファミリークリニック,0,False
44,0122685,無床診療所,生活習慣病・脳内科あべクリニック,0,False
44,0122768,無床診療所,三愛呼吸器クリニック,0,False
44,0122859,有床診療所,あべ胃腸病内視鏡クリニック,19,True
44,0122875,病院,医療法人慈善会 膳所病院,48,True
44,0122941,有床診療所,おおいたメディカルクリニック,19,True
44,0123113,無床診療所,おおば脳神経外科・頭痛クリニック,0,False
44,0123188,有床診療所,たかはし泌尿器科,10,True
44,0123246,無床診療所,かみだ脳神経クリニック,0,False
44,0123253,病院,河野脳神経外科病院,40,True
44,0123402,無床診療所,にしお呼吸器内科・アレルギークリニック,0,False
44,0123550,病院,大分中村病院,260,True
44,0123683,病院,諏訪の杜病院,100,False
44,0123782,有床診療所,大嶋医院,19,True
44,0123790,無床診療所,かつた内科・内視鏡クリニック,0,False
44,0123824,病院,大分記念病院,118,False
44,0123949,病院,むねむら大腸肛門病院,38,False
44,0123956,無床診療所,やまだ内科・内視鏡クリニック,0,False
44,0123972,病院,社会医療法人関愛会 大東よつば病院,60,False
44,0210084,病院,国家公務員共済組合連合会新別府病院,263,True
44,0210654,病院,中村病院,153,True
44,0211256,病院,大分県厚生連鶴見病院,226,True
44,0211306,病院,別府中央病院,146,True
44,0211496,病院,向井病院,188,False
44,0212098,病院,黒木記念病院,174,True
44,0212403,病院,農協共済別府リハビリテーションセンター,116,True
44,0213047,病院,山本病院,234,False
44,0213369,有床診療所,村上脳神経内科クリニック,19,True
44,0213419,病院,別府湾腎泌尿器病院,60,True
44,0213526,病院,内田病院,81,True
44,0213708,病院,畑病院,58,True
44,0213799,無床診療所,宮崎クリニック,0,False
44,0214177,病院,石垣病院,59,True
44,0214201,病院,児玉病院,115,True
44,0214367,病院,清瀬病院,40,True
44,0214482,無床診療所,こだま脳神経外科クリニック,0,False
44,0214607,無床診療所,別府駅前クリニック,0,False
44,0214755,病院,医療法人百善会 村橋病院,80,True
44,0214839,病院,野口病院,116,True
44,0214961,有床診療所,久保田クリニック,19,True
44,0214995,有床診療所,安部第一医院,19,True
44,0215059,病院,医療法人財団親幸会 浜脇記念病院,63,True
44,0215174,無床診療所,大分先端画像診断センター,0,False
44,0215307,無床診療所,荘園内科クリニック,0,False
44,0310207,病院,村上記念病院,165,True
44,0311643,病院,中津胃腸病院,112,True
44,0311825,病院,酒井病院,76,True
44,0311833,病院,医療法人三光会 松永循環器病院,45,True
44,0312039,無床診療所,ふるかわメディカルクリニック,0,False
44,0312153,病院,中津市立中津市民病院,250,True
44,0312237,病院,梶原病院,99,True
44,0312443,有床診療所,医療法人誠雅会 松元整形外科医院,19,False
44,0312450,有床診療所,まつざきクリニック,19,True
44,0312518,無床診療所,大堀脳神経クリニック,0,False
44,0312526,病院,中津脳神経外科病院,74,True
44,0312641,病院,中津第一病院,180,True
44,0312682,病院,川嶌整形外科病院,143,True
44,0410882,病院,医療法人鶴陽会岩尾病院,42,True
44,0410916,病院,日田中央病院,82,True
44,0410965,病院,医療法人豊堂 岩尾整形外科病院,60,True
44,0411450,病院,五反田病院,66,True
44,0411500,病院,大分県済生会日田病院,195,True
44,0411591,病院,医療法人社団知心会 一ノ宮脳神経外科病院,80,True
44,0411633,無床診療所,中川泌尿器科,0,False
44,0411658,病院,医療法人秋芳会 秋病院,36,False
44,0411682,病院,医療法人百花会 上野公園病院,198,False
44,0411898,病院,医療法人秋水堂 若宮病院,40,True
44,0412045,病院,医療法人愛幸会 原病院,51,True
44,0412144,無床診療所,堀田クリニック,0,False
44,0412318,病院,聖陵岩里病院,55,True
44,0412326,無床診療所,日田石井町クリニック,0,False
44,0510855,病院,社会医療法人 長門莫記念会 長門記念病院,264,True
44,0511416,病院,佐伯中央病院,149,True
44,0511549,病院,曽根病院,72,True
44,0511739,無床診療所,片岡医院,0,False
44,0511952,病院,御手洗病院,40,True
44,0512190,病院,西田病院,217,True
44,0512265,病院,独立行政法人地域医療機能推進機構 南海医療センター,191,True
44,0611083,病院,臼杵市医師会立コスモス病院,165,True
44,0611133,病院,白川病院,173,True
44,0611257,病院,医療療育センター恵の聖母の家,74,False
44,0611448,病院,臼杵病院,63,True
44,0710620,病院,津久見市医師会立津久見中央病院,120,True
44,0710919,無床診療所,秋岡医院,0,False
44,0710927,無床診療所,小手川内科クリニック,0,False
44,0810412,病院,竹田医師会病院,156,True
44,0810586,病院,加藤病院,212,False
44,0810719,病院,大久保病院,85,True
44,0910485,病院,高田中央病院,138,True
44,0910576,無床診療所,くれさき循環器クリニック,0,False
44,0910592,病院,玄々堂高田病院,46,True
44,1010210,病院,杵築中央病院,60,True
44,1010541,病院,清和病院,126,False
44,1010632,病院,杵築市立山香病院,138,True
44,1110440,病院,佐藤第一病院,180,True
44,1110705,病院,宇佐高田医師会病院,106,True
44,1110887,病院,小野内科病院,50,True
44,1110978,病院,医療法人信和会 和田病院,104,True
44,1111042,病院,宇佐中央内科病院,48,True
44,1111067,有床診療所,玄々堂泌尿器科,19,True
44,1111463,無床診療所,社会医療法人新生会 宇佐胃腸内科医院,0,False
44,1111471,有床診療所,宗像医院,19,True
44,1210141,有床診療所,土生医院,19,True
44,1210182,病院,福島病院,60,True
44,1210299,病院,豊後大野市民病院,195,True
44,1210406,有床診療所,ごとう消化器科・内科クリニック,10,True
44,1210448,有床診療所,ふじしま内科,19,True
44,1210455,無床診療所,社会医療法人関愛会 三重東クリニック,0,False
44,1210505,病院,帰巖会 みえ病院,110,True
44,1310016,病院,独立行政法人地域医療機能推進機構 湯布院病院,199,True
44,1310040,病院,日野病院,60,True
44,1310099,有床診療所,ごとう医院,19,True
44,1310115,有床診療所,佐藤医院,19,True
44,1310156,有床診療所,さとう消化器・大腸肛門クリニック,9,True
44,1310164,有床診療所,宮崎医院,19,True
44,1310172,有床診療所,何松内科循環器科,19,True
44,1310214,無床診療所,おざきホームケアクリニック,0,False
44,1310305,有床診療所,岩男医院,3,True
44,1410022,病院,国見病院,30,True
44,1410048,有床診療所,堀田医院,19,True
44,1410089,無床診療所,末綱クリニック,0,False
44,1410113,病院,国東市民病院,195,True
44,1410170,病院,あおぞら病院,54,True
44,1410279,有床診療所,国東中央クリニック,19,True
44,2210595,病院,日出児玉病院,56,True
44,2210736,病院,鈴木病院,40,True
44,2210751,病院,サンライズ酒井病院,142,True
44,2810543,病院,小中病院,39,True
44,2810808,病院,医療法人啓燈会 玖珠記念病院,48,True
44,2810881,有床診療所,友成医院,19,True
44,2811038,病院,協心橋病院,58,False
44,8010023,病院,独立行政法人国立病院機構 別府医療センター,463,True
44,8110054,病院,独立行政法人国立病院機構 西別府病院,304,True
44,8111631,病院,独立行政法人国立病院機構 大分医療センター,273,True
44,8210672,病院,大分大学医学部附属病院,618,True
44,8211373,病院,九州大学病院別府病院,120,True
44,8310043,病院,大分赤十字病院,340,True
44,8310100,病院,大分県立病院,545,True
45,0110028,病院,医療法人真愛会高宮病院,221,False
45,0111836,病院,一般財団法人弘潤会野崎病院,460,True
45,0112560,病院,医療法人社団紘和会平和台病院,80,True
45,0113113,病院,医療法人社団晴緑会宮崎医療センター病院,292,True
45,0113485,病院,潤和リハビリテーション振興財団 潤和会記念病院,446,True
45,0114145,病院,医療法人社団誠和会藤木病院,68,True
45,0114343,無床診療所,おかどめ 内科・神経内科,0,False
45,0114350,病院,迫田病院,102,True
45,0114368,病院,医療法人社団仁和会 竹内病院,83,True
45,0114608,有床診療所,稲倉医院,7,True
45,0114855,病院,野崎東病院,96,True
45,0114871,病院,若草病院,100,False
45,0115043,病院,古賀総合病院,362,True
45,0115134,病院,南部病院,72,True
45,0115399,無床診療所,江平内科,0,False
45,0115654,病院,金丸脳神経外科病院,100,True
45,0115753,無床診療所,原田内科クリニック,0,False
45,0115761,無床診療所,宮崎県健康づくり協会診療所,0,False
45,0115985,病院,医療法人陽明会 増田病院,51,True
45,0116033,無床診療所,横田内科,0,False
45,0116280,有床診療所,医療法人将優会クリニックうしたに,19,True
45,0116306,病院,獅子目整形外科病院,38,True
45,0116520,無床診療所,宮園 医院,0,False
45,0116819,病院,宮崎生協病院,124,True
45,0116942,無床診療所,古賀駅前クリ二ック,0,False
45,0116975,病院,宮崎善仁会病院,199,True
45,0117007,無床診療所,福井医院,0,False
45,0117122,無床診療所,社会医療法人隆徳会宮崎鶴田記念クリ二ック,0,False
45,0117130,無床診療所,ささき内科,0,False
45,0117247,有床診療所,医療法人 常伸会 亀山記念クリニック,17,True
45,0117270,無床診療所,橋口医院,0,False
45,0117841,無床診療所,中島内科胃腸科クリニック,0,False
45,0117858,病院,辰元病院,38,True
45,0117916,病院,宮崎市立田野病院,42,True
45,0118229,有床診療所,駒柵脳神経外科,19,True
45,0118443,有床診療所,医療法人清涼会いきめ大腸・肛門外科内科,19,True
45,0118534,無床診療所,せき診療所 内科・呼吸器内科,0,False
45,0118575,病院,医療法人社団 城山病院,28,True
45,0118757,有床診療所,上田脳神経外科,19,True
45,0119474,無床診療所,天満橋中央クリニック,0,False
45,0119706,有床診療所,なかしま外科・内科,19,True
45,0119805,病院,慈英病院,99,True
45,0119870,無床診療所,石川クリニック,0,False
45,0119896,無床診療所,御城方じんクリニック,0,False
45,0120092,無床診療所,ありかわクリニック,0,False
45,0120175,有床診療所,南宮崎ヤマモト腎泌尿器科,9,True
45,0120225,無床診療所,かわごえ内科クリニック,0,False
45,0120241,病院,宮崎市郡医師会病院,267,True
45,0120399,有床診療所,青島リゾートクリニック,13,True
45,0120407,有床診療所,はるやま医院,19,True
45,0120514,無床診療所,アイ内科クリニック,0,False
45,0120522,無床診療所,いまいクリニック,0,False
45,0120688,無床診療所,武石頭痛脳神経クリニック,0,False
45,0120803,無床診療所,さがら内視鏡・内科クリニック,0,False
45,0120829,無床診療所,加納さくら消化器・内視鏡クリニック,0,False
45,0120837,無床診療所,かわそえクリニック,0,False
45,0120878,病院,さがら病院宮崎,36,False
45,0120977,無床診療所,ふじい腎泌尿器科クリニック,0,False
45,0121017,無床診療所,にしもと内科・泌尿器科・人工透析内科,0,False
45,0121066,無床診療所,あきば脳神経クリニック,0,False
45,0210018,病院,藤元総合病院,332,False
45,0210232,病院,医療法人恵心会永田病院,304,False
45,0211107,病院,医療法人明成会 吉松病院,48,True
45,0211164,病院,宗正病院,59,True
45,0211354,病院,医療法人三省会倉内整形外科病院,60,True
45,0211651,病院,医療法人社団明生会 都城明生病院,34,True
45,0211677,病院,小牧病院,52,True
45,0211727,有床診療所,医療法人社団田中会 久保原田中医院,19,False
45,0211842,病院,宮永病院,88,True
45,0211925,病院,西浦病院,43,True
45,0211933,病院,医療法人倫生会三州病院,67,True
45,0211958,病院,ベテスダクリニック,64,False
45,0211966,病院,医療法人仁愛会横山病院,40,True
45,0212022,無床診療所,たかお浜田医院,0,False
45,0212154,有床診療所,恵心会坂元医院,19,True
45,0212170,無床診療所,マドコロ外科医院,0,False
45,0212295,病院,柳田病院,45,True
45,0212493,無床診療所,医療法人杏明会冨田医院,0,False
45,0212535,無床診療所,柳田クリニック,0,False
45,0212659,有床診療所,医療法人社団森山内科・脳神経外科,19,True
45,0212691,病院,メディカルシティ東部病院,143,True
45,0212865,有床診療所,有川呼吸器内科医院,18,True
45,0212881,病院,医療法人社団静雄会 藤元上町病院,84,True
45,0212980,有床診療所,野口脳神経外科,19,True
45,0212998,有床診療所,共立医院,19,True
45,0213103,病院,医療法人清陵会隅病院,41,True
45,0213129,有床診療所,海老原内科,19,True
45,0213202,無床診療所,吉見クリニック,0,False
45,0213285,病院,橘病院,92,True
45,0213442,無床診療所,医療法人社団明恵会 早水公園クリニック,0,False
45,0213517,病院,都城市郡医師会病院,220,True
45,0213566,無床診療所,都城フォレスト・クリニック脳神経外科,0,False
45,0213582,有床診療所,ライフクリニック,19,True
45,0213780,有床診療所,清風会クリニック,19,True
45,0213863,無床診療所,医療法人ＭＫクリニック,0,False
45,0213889,無床診療所,もりやま脳神経外科,0,False
45,0310859,病院,延岡リハビリテーション病院,80,True
45,0311030,病院,医療法人隆誠会延岡保養園,381,False
45,0311659,病院,岡村病院,57,True
45,0311741,病院,医療法人社団杉杏会 杉本病院,23,True
45,0311980,病院,医療法人中心会 野村病院,58,True
45,0312053,無床診療所,太陽クリニック,0,False
45,0312079,有床診療所,大崎整形外科,19,True
45,0312095,病院,黒木病院,63,True
45,0312178,病院,延岡市医師会病院,108,True
45,0312376,病院,医療法人久康会 平田東九州病院,125,True
45,0312418,病院,吉田病院,307,False
45,0312566,無床診療所,堺胃腸内科クリニック,0,False
45,0312707,病院,医療法人伸和会延岡共立病院,195,True
45,0312822,無床診療所,医療法人 九州千雅 米田脳神経外科,0,False
45,0410196,病院,医療法人同仁会谷口病院,310,False
45,0410659,無床診療所,藤浦循環器科内科クリニック,0,False
45,0410956,無床診療所,河野医院,0,True
45,0410972,病院,愛泉会宮崎医療福祉センター,180,False
45,0410998,無床診療所,きよひで内科クリニック,0,False
45,0411103,病院,社会医療法人慶明会 おび中央病院,72,True
45,0411111,病院,なんごう病院,80,True
45,0411178,病院,日南市立中部病院,88,True
45,0411293,病院,春光会記念病院,107,True
45,0411319,無床診療所,医療法人愛鍼会 山元医院,0,False
45,0510029,病院,医療法人相愛会 桑原記念病院,38,False
45,0510227,病院,医療法人 浩然会 内村病院,261,False
45,0510284,病院,医療法人 養気会 池井病院,76,True
45,0510334,病院,医療法人三和会 池田病院,112,True
45,0510375,病院,医療法人東陽会整形外科前原病院,88,True
45,0510581,有床診療所,医療法人連理会 和田クリニック,19,True
45,0510631,病院,整形外科押領司病院,57,True
45,0510839,病院,小林市立病院,143,True
45,0510946,病院,医療法人友愛会野尻中央病院,80,True
45,0510987,病院,医療法人けんゆう会 園田病院,55,True
45,0510995,無床診療所,槇内視鏡内科医院,0,True
45,0511001,無床診療所,よしむら循環器内科クリニック,0,False
45,0610092,病院,医療法人向洋会 協和病院,307,False
45,0610118,病院,医療法人 杏林会 三股病院,62,True
45,0610266,病院,医療法人 望洋会 鮫島病院,240,False
45,0610449,病院,医療法人誠和会和田病院,163,True
45,0610472,病院,医療法人社団慶城会瀧井病院,94,False
45,0610605,有床診療所,医療法人洋承会今給黎医院,17,True
45,0610746,有床診療所,医療法人天生堂天生堂医院,17,True
45,0610969,病院,社会医療法人泉和会 千代田病院,196,True
45,0611074,無床診療所,日向市立東郷診療所,0,False
45,0710124,病院,医療法人十善会県南病院,434,True
45,0710215,無床診療所,医療法人 秀英会 はなぶさ消化器・内視鏡クリニック,0,False
45,0710298,病院,串間市民病院,99,True
45,0810148,病院,医療法人恵喜会西都病院,175,True
45,0810361,病院,社会医療法人隆徳会鶴田病院,153,True
45,0810668,病院,大塚病院,35,True
45,0810767,病院,地方独立行政法人西都児湯医療センター,91,True
45,0810791,有床診療所,医療法人暁星会 三財診療所,19,False
45,0910211,病院,えびの市立病院,50,True
45,0910567,有床診療所,えびのセントロクリニック,19,True
45,0910609,有床診療所,京町温泉クリニック,19,True
45,0910617,無床診療所,えびの第一クリニック,0,False
45,0910666,有床診療所,京町共立クリニック,19,True
45,1710248,病院,大悟病院,301,False
45,1710792,無床診療所,あさぎり頭痛・脳神経クリニック,0,False
45,1810220,有床診療所,川井田医院,17,True
45,1810279,病院,国民健康保険 高原病院,56,True
45,1910681,病院,医療法人社団順養会 海老原病院,84,True
45,1910715,病院,社会医療法人慶明会 けいめい記念病院,45,True
45,2010382,病院,都農町国民健康保険病院,61,True
45,2010804,病院,川南病院,172,True
45,2010812,有床診療所,医療法人山仁会山口整形外科,19,True
45,2010838,無床診療所,内田医院,0,False
45,2011000,無床診療所,ながとも医院,0,False
45,2011026,病院,海老原総合病院,199,True
45,2011083,無床診療所,大山脳神経外科クリニック,0,False
45,2011232,無床診療所,野津手・加来内科医院,0,False
45,2011265,病院,坂田病院,31,True
45,2011273,無床診療所,やまぐち脳神経外科,0,False
45,2110125,病院,椎葉村国民健康保険病院,30,True
45,2110281,病院,医療法人 浩洋会 田中病院,215,True
45,2110638,病院,美郷町国民健康保険西郷病院,29,True
45,2110661,無床診療所,森迫胃腸科内科,0,False
45,2110687,有床診療所,国民健康保険 諸塚診療所,19,True
45,2210289,無床診療所,古賀医院,0,False
45,2210362,病院,日之影町国民健康保険病院,50,True
45,2210370,病院,五ヶ瀬町国民健康保険病院,32,False
45,2210388,病院,高千穂町国民健康保険病院,120,True
45,8010014,病院,独立行政法人 国立病院機構 宮崎東病院,225,True
45,8010022,病院,独立行政法人国立病院機構 都城医療センター,305,True
45,8010048,病院,独立行政法人 国立病院機構 宮崎病院,199,True
45,8010063,病院,宮崎大学医学部附属病院,604,True
45,8110020,病院,県立宮崎病院,494,True
45,8110038,病院,独立行政法人地域医療機能推進機構 宮崎江南病院,269,True
45,8110087,病院,県立延岡病院,395,True
45,8110103,病院,県立日南病院,200,True
45,8110194,病院,宮崎県済生会日向病院,175,True
46,0110365,病院,医療法人 慈恵会 土橋病院,20,True
46,0110431,病院,公益社団法人 いちょうの樹 メンタルホスピタル鹿児島,395,False
46,0110563,病院,公益社団法人 鹿児島共済会 南風病院,308,True
46,0110738,病院,日高病院,99,True
46,0110811,病院,桜島 病院,36,True
46,0110910,病院,社会福祉法人恩賜財団済生会支部 済生会鹿児島病院,70,True
46,0110985,病院,公益財団法人 東風会 三船病院,156,True
46,0111058,病院,医療法人 敬愛会 中江病院,89,True
46,0111157,病院,玉水会病院,71,True
46,0111199,病院,医療法人 康成会 植村病院,59,False
46,0111355,病院,社会医療法人 愛仁会 植村病院,78,False
46,0111637,病院,医療法人 共助会 三州脇田丘病院,162,False
46,0112031,病院,西田橋小田原病院,51,True
46,0112072,病院,上町いまきいれ病院,101,True
46,0112304,病院,医療法人 慈圭会 八反丸リハビリテーション病院,150,True
46,0112387,病院,共立病院,89,True
46,0112510,病院,谷山病院,392,False
46,0112528,病院,鹿児島赤十字病院,120,True
46,0112577,病院,医療法人 愛人会 川島病院,40,True
46,0113591,病院,白石病院,123,True
46,0114045,病院,総合病院 鹿児島生協病院,299,True
46,0114391,病院,中央病院,219,True
46,0114805,病院,やまびこ医療福祉センター,199,True
46,0114953,病院,伊敷病院,229,True
46,0115141,病院,前田病院,85,True
46,0115513,病院,大勝病院,321,True
46,0115521,病院,厚地脳神経外科病院,60,True
46,0115828,病院,森口病院,199,False
46,0115851,病院,小田原病院,44,True
46,0115919,病院,豊島病院,60,True
46,0116230,病院,今村総合病院,428,True
46,0116305,病院,鹿児島市医師会病院,187,True
46,0116651,無床診療所,県民総合保健センター,0,False
46,0116818,病院,三宅病院,130,True
46,0116883,病院,三愛病院,112,True
46,0118053,有床診療所,いまむら脳神経クリニック,19,True
46,0118137,有床診療所,放射線科 田之畑クリニック,19,True
46,0118491,有床診療所,かわもと記念クリニック,19,True
46,0118749,病院,新村病院,59,True
46,0119150,病院,三州病院,198,False
46,0119267,有床診療所,上原クリニック,19,True
46,0119531,病院,小田代病院,53,True
46,0119564,病院,花倉病院,154,False
46,0119671,病院,うすき整形・外科・内科病院,43,True
46,0119739,病院,いづろ今村病院,115,True
46,0119788,病院,鮫島病院,60,True
46,0120505,有床診療所,藤善整形外科,19,True
46,0120687,病院,相良病院,80,True
46,0120810,無床診療所,ヘルスサポートセンター鹿児島,0,False
46,0120851,病院,パールランド病院,400,True
46,0120885,病院,天辰病院,38,True
46,0121149,病院,横山記念病院,96,False
46,0121644,有床診療所,かねこクリニック,19,True
46,0121891,有床診療所,中野脳神経外科,19,True
46,0122246,病院,岩尾病院,85,True
46,0122550,無床診療所,厚地記念クリニック,0,False
46,0122675,無床診療所,谷山生協クリニック,0,False
46,0122949,病院,あんびる病院,54,True
46,0123004,有床診療所,河井脳神経外科,19,True
46,0123046,無床診療所,天陽会中央クリニック,0,False
46,0123178,病院,はやし病院,77,False
46,0123459,病院,吉田記念病院,47,True
46,0123558,有床診療所,きいれ浜田クリニック,16,True
46,0123632,有床診療所,木村外科内科,19,True
46,0124408,有床診療所,さがらパース通りクリニック,4,True
46,0124457,有床診療所,明輝会クリニック,19,True
46,0124598,有床診療所,岡田・石堂クリニック,19,True
46,0124630,有床診療所,かわはら脳神経外科クリニック,19,True
46,0124655,有床診療所,三成会クリニック,19,True
46,0124986,有床診療所,児玉整形外科クリニック,19,True
46,0125181,病院,上山病院,40,True
46,0125488,無床診療所,わたなべ医院,0,False
46,0125595,病院,南鹿児島さくら病院,80,True
46,0125637,病院,かごしま高岡病院,64,True
46,0125934,病院,健翔会病院,54,True
46,0125942,無床診療所,健三郎クリニック 薬師,0,False
46,0126098,無床診療所,うすきクリニック,0,False
46,0126312,病院,仁愛会病院,72,True
46,0126395,病院,米盛病院,506,True
46,0126411,無床診療所,松本醫院,0,False
46,0126437,病院,アクラス中央病院,107,True
46,0126635,病院,鹿児島市立病院,568,True
46,0126742,無床診療所,さかき脳神経外科,0,False
46,0126791,有床診療所,きいれセントラルクリニック,19,True
46,0126825,無床診療所,西田そよ風クリニック,0,False
46,0126833,無床診療所,千年メディカルクリニック,0,False
46,0127062,病院,厚地リハビリテーション病院,54,True
46,0127393,病院,鹿児島厚生連病院,179,True
46,0127484,無床診療所,よしの脳神経外科・消化器外科,0,False
46,0127492,無床診療所,栃木隆男クリニック,0,False
46,0127633,無床診療所,たついクリニック,0,False
46,0127864,無床診療所,ひらやま脳神経外科,0,False
46,0127898,病院,いまきいれ総合病院,350,True
46,0127930,無床診療所,わきた内科・脳神経内科,0,False
46,0128060,無床診療所,鹿児島中央整形外科スポーツクリニック,0,False
46,0128086,病院,医療法人徳洲会 鹿児島徳洲会病院,329,True
46,0128169,無床診療所,与次郎米盛クリニック,0,False
46,0128235,無床診療所,そうむた脳神経外科・糖尿病内科,0,False
46,0128375,無床診療所,新牧医院,0,False
46,0128664,無床診療所,中島リウマチ膠原病・腎クリニック,0,False
46,0128714,無床診療所,田中脳神経外科・頭痛クリニック,0,False
46,0128763,病院,みらいリハビリテーション病院,199,True
46,0128854,病院,新成病院,65,False
46,0129100,無床診療所,まごころ内科クリニック,0,False
46,0310114,病院,メンタルホスピタル鹿屋,230,False
46,0310122,病院,医療法人 仁心会 西原保養院,150,False
46,0310940,病院,池田病院,207,True
46,0310999,有床診療所,前田内科,13,True
46,0311260,病院,医療法人徳洲会 大隅鹿屋病院,391,True
46,0311427,病院,井ノ上病院,35,True
46,0311443,病院,徳田脳神経外科病院,70,True
46,0311476,有床診療所,そえじまクリニック,19,True
46,0311492,病院,恒心会おぐら病院,216,True
46,0311641,無床診療所,ひらばるクリニック,0,False
46,0311864,有床診療所,黎明脳神経外科医院,11,True
46,0311914,無床診療所,花田整形外科・リウマチ科医院,0,False
46,0311971,病院,かのや東病院,20,True
46,0312060,有床診療所,医療法人 鹿屋ハートセンター,19,True
46,0312128,無床診療所,こだま共立クリニック,0,False
46,0312136,無床診療所,フクダ医院,0,False
46,0312177,有床診療所,検見崎クリニック,19,True
46,0312185,無床診療所,音和クリニック,0,False
46,0312193,無床診療所,しんみょうず内科・脳神経内科,0,False
46,0312235,無床診療所,いわもと脳神経外科,0,False
46,0410070,病院,医療法人 厚生会 小原病院,118,True
46,0410112,病院,枕崎市立病院,55,True
46,0410427,病院,社会医療法人聖医会 サザン・リージョン病院,131,True
46,0410435,病院,ウエルフェア九州病院,153,False
46,0410476,病院,尾辻病院,36,True
46,0610273,病院,内山病院,99,True
46,0610372,病院,出水郡医師会広域医療センター,200,True
46,0610554,病院,脇本病院,185,False
46,0810113,病院,出水総合医療センター,257,True
46,0810451,病院,吉井整形外科内科中央病院,93,True
46,0810501,無床診療所,医療法人 孝徳会 楠元内科医院,0,False
46,0810543,無床診療所,クリニック．なかむら,0,False
46,0811103,病院,荘記念病院,120,False
46,0811137,無床診療所,さくら通りクリニック,0,False
46,0811244,無床診療所,恒吉医院,0,False
46,1010259,病院,医療法人 浩然会 指宿浩然会病院,138,True
46,1010358,病院,指宿竹元病院,185,False
46,1010374,病院,医療法人 明正会 今林整形外科病院,110,True
46,1010556,無床診療所,福元医院,0,False
46,1010598,無床診療所,南記念クリニック,0,False
46,1010606,有床診療所,生駒外科医院,19,True
46,1010705,病院,指宿さがら病院,100,True
46,1010762,無床診療所,いぶすき内科,0,False
46,1010853,有床診療所,指宿脳神経外科,19,True
46,1011091,有床診療所,メディポリス国際陽子線治療センター,19,True
46,1011133,病院,医療法人徳洲会 山川病院,108,True
46,1011281,有床診療所,肥後内科クリニック,19,True
46,1011315,有床診療所,世光クリニック,19,False
46,1011323,無床診療所,医療法人徳洲会 宮薗クリニック,0,False
46,1310170,病院,社会医療法人 義順顕彰会 種子島医療センター,155,True
46,1310337,無床診療所,百合砂診療所,0,False
46,1410186,病院,垂水市立医療センター 垂水中央病院,126,True
46,1510019,病院,医療法人 松翠会 森園病院,75,True
46,1510027,病院,医療法人 同潤会 永井病院,39,True
46,1510043,病院,医療法人 恵愛会 上村病院,46,True
46,1510084,病院,社会福祉法人 恩賜財団 済生会川内病院,208,True
46,1510191,病院,伊達病院,41,False
46,1510415,病院,川内市医師会立市民病院,208,True
46,1510423,病院,若松記念病院,56,True
46,1510605,有床診療所,新門整形外科,19,True
46,1510670,無床診療所,大海クリニック,0,False
46,1510878,有床診療所,薩摩川内市下甑手打診療所,19,True
46,1511025,無床診療所,ひらさ内科,0,False
46,1511181,無床診療所,川内脳神経外科,0,False
46,1511306,有床診療所,おやまクリニック,19,True
46,1511314,病院,高江記念病院,53,True
46,1511322,無床診療所,上村内科・神経内科,0,False
46,1511330,無床診療所,ときとうクリニック,0,False
46,1511439,無床診療所,大海宮崎クリニック,0,False
46,1511488,無床診療所,クイーンズ乳腺クリニック,0,False
46,1511496,病院,卓翔会記念病院,199,True
46,1511538,無床診療所,川内内科クリニック,0,False
46,1610025,病院,医療法人 昭泉会 馬場病院,112,True
46,1610041,病院,医療法人 健生会 本庄病院,80,True
46,1610124,病院,医療法人 向陽会 伊集院病院,150,False
46,1610199,病院,医療法人 健誠会 湯田内科病院,103,True
46,1610207,病院,博悠会温泉病院,30,True
46,1610306,病院,守屋病院,67,True
46,1610330,有床診療所,じんごあん整形外科内科クリニック,19,True
46,1610363,有床診療所,久保内科,18,True
46,1610454,有床診療所,いじゅういん脳神経外科,19,True
46,1610462,無床診療所,康生クリニック,0,False
46,1610579,病院,整形外科はやしだ病院,37,True
46,1610587,無床診療所,ひおき診療所,0,False
46,1610645,無床診療所,医療法人さくら会 黒岩整形外科内科,0,False
46,1610652,病院,前原総合医療病院,142,True
46,1610660,無床診療所,湯之元記念クリニック,0,False
46,1710072,病院,医療法人 参篤会 高原病院,65,True
46,1710106,病院,曽於医師会立病院,121,True
46,1710148,病院,財部記念病院,43,True
46,1710171,有床診療所,塩川医院,19,True
46,1710270,病院,昭南病院,154,True
46,1710353,有床診療所,松岡救急クリニック分院,4,True
46,1810187,病院,金子病院,44,True
46,1810195,病院,南洲整形外科病院,70,True
46,1810203,有床診療所,えんでん内科クリニック,19,True
46,1810229,病院,いちき串木野市医師会立 脳神経外科センター,64,True
46,1810286,病院,医療法人 静和会 みなと病院,150,False
46,1810302,有床診療所,市来内科・ひふ科,6,True
46,1810310,無床診療所,京町内科・脳神経クリニック,0,False
46,1810344,有床診療所,春田クリニック,19,True
46,1910144,有床診療所,清水整形外科医院,19,True
46,1910201,有床診療所,井料クリニック,15,True
46,1910276,病院,霧島記念病院,168,True
46,1910342,有床診療所,中川整形外科,19,True
46,1910359,病院,国分中央病院,126,True
46,1910375,無床診療所,青葉クリニック,0,False
46,1910433,病院,医療法人 仁心会 福山病院,290,True
46,1910474,病院,医療法人 仁心会 松下病院,276,True
46,1910482,病院,社会福祉法人 たちばな会 医療福祉センターオレンジ学園,158,True
46,1910508,病院,医療法人 松城会 隼人温泉病院,125,True
46,1910557,病院,霧島桜ケ丘病院,131,True
46,1910607,病院,隼人小田原病院,55,True
46,1910706,病院,霧島杉安病院,103,True
46,1910771,有床診療所,はやと整形外科,19,True
46,1910797,病院,霧島市立医師会医療センター,250,True
46,1910946,無床診療所,森クリニック呼吸器科・内科,0,False
46,1911068,有床診療所,清水内科,12,True
46,1911134,無床診療所,隼人脳神経外科,0,False
46,1911308,無床診療所,霧島整形外科クリニック,0,False
46,1911407,病院,国分生協病院,129,True
46,1911449,病院,国分脳神経外科病院,43,True
46,1911563,無床診療所,隼人メディカルクリニック,0,False
46,2510737,病院,クオラリハビリテーション病院,172,True
46,2510893,病院,薩摩郡医師会病院,142,True
46,2511644,無床診療所,クリニック１みやのじょう,0,False
46,2610420,有床診療所,長島町国民健康保険鷹巣診療所,19,True
46,2811200,病院,医療法人 永光会 あいらの森ホスピタル,190,True
46,2812497,無床診療所,くりの後庵クリニック,0,False
46,2813073,無床診療所,前田医院,0,False
46,2911240,有床診療所,はるびゅうクリニック,19,True
46,3010521,病院,肝属郡医師会立病院,149,True
46,3010554,病院,肝付町立病院,40,True
46,3010638,病院,春陽会中央病院,100,True
46,3010653,無床診療所,岩重 医院,0,False
46,3010737,無床診療所,大根占医院,0,False
46,3011370,無床診療所,吉重クリニック,0,False
46,3110446,病院,医療法人徳洲会 屋久島徳洲会病院,157,True
46,3110578,病院,公立種子島病院,60,True
46,3110602,無床診療所,医療法人徳洲会 中種子クリニック,0,True
46,3110636,無床診療所,小瀬田みんなの診療所,0,False
46,3210634,病院,宮上病院,42,True
46,3210899,有床診療所,大蔵 医院,16,True
46,3210931,有床診療所,医療法人 金連会 本部医院,19,True
46,3210964,病院,沖永良部徳洲会病院,132,True
46,3211038,有床診療所,朝戸医院,19,True
46,3211095,無床診療所,福山医院,0,False
46,3211376,病院,医療法人 徳洲会 与論徳洲会病院,81,True
46,3211384,病院,瀬戸内徳洲会病院,60,True
46,3211566,無床診療所,町田医院,0,False
46,3211590,有床診療所,瀬戸内町へき地診療所,19,True
46,3211640,無床診療所,いなだ整形・内科クリニック,0,False
46,3211665,無床診療所,南大島診療所,0,False
46,3211707,病院,医療法人徳洲会 喜界徳洲会病院,89,False
46,3211731,病院,医療法人徳洲会 徳之島徳洲会病院,237,False
46,4010041,病院,医療法人 和風会 加世田病院,293,True
46,4010132,病院,有馬病院,79,True
46,4010272,病院,南さつま市立坊津病院,26,True
46,4010348,病院,医療法人 尚人会 阿多病院,204,False
46,4010389,有床診療所,小山クリニック,19,True
46,4010439,無床診療所,なかやま脳神経外科,0,False
46,4010462,無床診療所,ふくいわ耳鼻咽喉科クリニック,0,False
46,4010488,無床診療所,神前クリニック,0,False
46,4110221,有床診療所,藤後クリニック,19,True
46,4110239,病院,大山病院,100,True
46,4110262,無床診療所,みやじクリニック,0,False
46,4110296,有床診療所,志布志中央クリニック,19,True
46,4110429,病院,びろうの樹,57,True
46,4210021,病院,公益財団法人 慈愛会 奄美病院,315,False
46,4210070,病院,大島郡医師会病院,141,True
46,4210252,病院,医療法人 徳洲会 名瀬徳洲会病院,319,True
46,4210278,有床診療所,むかいクリニック,19,True
46,4210401,有床診療所,奄美市笠利国民健康保険診療所,19,True
46,4210542,病院,医療法人徳洲会 笠利病院,89,True
46,4210633,無床診療所,ファミリークリニック ネリヤ,0,False
46,4210658,病院,奄美中央病院,103,True
46,4310045,病院,中村温泉病院,116,True
46,4310177,無床診療所,きわきクリニック,0,False
46,4310219,病院,こだま病院,140,False
46,4310292,病院,菊野病院,150,True
46,4310300,病院,南薩ケアほすぴたる,102,True
46,4310409,有床診療所,笹川医院,19,True
46,4310417,有床診療所,松岡救急クリニック,4,True
46,4310466,無床診療所,川辺生協クリニック,0,False
46,4410019,病院,医療法人 慈和会 大口病院,103,False
46,4410043,病院,寺田病院,87,True
46,4410068,病院,大口温泉リハビリテーション病院,97,True
46,4410183,有床診療所,日高内科,19,True
46,4410225,有床診療所,菱刈中央医院,1,True
46,4510016,病院,医療法人 碩済会 加治木記念病院,193,False
46,4510024,病院,大井病院,119,True
46,4510032,病院,加治木温泉病院,230,True
46,4510081,病院,ザ王病院,86,True
46,4510362,無床診療所,にしもちだ内科クリニック,0,False
46,4510370,有床診療所,尾田内科胃腸科,19,True
46,4510420,有床診療所,山下わたる内科,19,True
46,4510503,有床診療所,錦江クリニック,19,True
46,4510529,有床診療所,やなせ整形外科,19,True
46,4510628,病院,青雲会病院,136,True
46,4510677,無床診療所,ながた脳神経外科,0,False
46,4510859,病院,クオラリハビリテーション病院あいら,96,True
46,4510941,無床診療所,あいら糖尿病・甲状腺・内科クリニック,0,False
46,4510966,無床診療所,クリニック１にしあいら,0,False
46,4510974,無床診療所,せいあいクリニック,0,False
46,4511014,病院,加治木整形外科病院,51,True
46,4511048,無床診療所,あいら中川整形外科,0,False
46,4511055,無床診療所,姶良しんさとクリニック,0,False
46,4511113,病院,田園パークホスピタル,180,False
46,4511147,無床診療所,まきお内科・整形外科,0,False
46,6010015,病院,県立 姶良病院,334,False
46,6010056,病院,県立 大島病院,338,True
46,6010064,病院,県立 北薩病院,106,True
46,6010072,病院,県民健康プラザ鹿屋医療センター,182,True
46,6010098,病院,鹿児島県立薩南病院,156,True
46,8010039,病院,独立行政法人 国立病院機構 鹿児島医療センター,410,True
46,8010047,病院,独立行政法人 国立病院機構 指宿医療センター,184,True
46,8010120,病院,独立行政法人 国立病院機構南九州病院,425,True
46,8010153,病院,国立療養所 奄美和光園,122,True
46,8010161,病院,国立療養所 星塚敬愛園,540,True
46,8010211,病院,鹿児島大学病院,702,True
47,0112014,病院,社会医療法人 葦の会 オリブ山病院,340,True
47,0112634,病院,医療法人 はごろも会 那覇ゆい病院,94,True
47,0113251,病院,琉生病院,88,True
47,0113780,病院,天久台病院,333,False
47,0114044,病院,医療法人 禄寿会 小禄病院,70,True
47,0114515,病院,医療法人寿仁会 沖縄セントラル病院,124,True
47,0115298,病院,医療法人 陽心会 大道中央病院,224,True
47,0115496,病院,田崎病院,170,False
47,0115579,有床診療所,那覇西クリニック,17,True
47,0115918,無床診療所,こくら台ハートクリニック,0,False
47,0116163,無床診療所,茶園耳鼻科,0,False
47,0116536,無床診療所,那覇西クリニック まかび,0,False
47,0116619,病院,おもろまちメディカルセンター,154,True
47,0116957,無床診療所,脳外科クリニックくだ,0,False
47,0117153,病院,地方独立行政法人 那覇市立病院,470,True
47,0117237,無床診療所,医療法人徳洲会 新都心クリニック,0,False
47,0117310,病院,沖縄協同病院,280,True
47,0117401,病院,医療法人おもと会 大浜第一病院,217,True
47,0117641,無床診療所,たつや脳神経外科,0,False
47,0117757,無床診療所,くばがわメディカルクリニック,0,False
47,0118185,無床診療所,きなクリニック,0,False
47,0118490,無床診療所,ロクト整形Ａｚ,0,False
47,0118672,有床診療所,医療法人友英会 友寄クリニック,19,True
47,0119357,有床診療所,嶺井医院,11,True
47,0119555,病院,医療法人 陽心会 メディカルプラザ大道中央病院,60,True
47,0119688,無床診療所,シーサー通り内科・リハビリクリニック,0,False
47,0119696,有床診療所,那覇セントラルクリニック,19,False
47,0119761,無床診療所,新健幸クリニック,0,False
47,0119829,無床診療所,がなは頭痛脳神経クリニック,0,False
47,0310253,病院,医療法人社団志誠会 平和病院,212,False
47,0310295,無床診療所,川根内科外科血管外科クリニック,0,False
47,0310709,病院,医療法人沖縄寿光会 与勝病院,140,True
47,0311327,無床診療所,いしはらクリニック,0,False
47,0311400,無床診療所,うるま整形外科,0,False
47,0410913,病院,医療法人卯の会 新垣病院,273,False
47,0411093,無床診療所,アワセ第一医院,0,False
47,0411218,病院,沖縄中央病院,239,False
47,0411341,病院,医療法人タピック沖縄リハビリテーションセンター病院,410,True
47,0411515,無床診療所,東部クリニック,0,False
47,0412190,無床診療所,社会医療法人 敬愛会 中頭総合ちばなクリニック,0,False
47,0412216,病院,医療法人 心和会 潮平病院,97,True
47,0412380,病院,ちゅうざん病院,216,True
47,0412398,無床診療所,安立医院,0,False
47,0412737,病院,社会医療法人 敬愛会 中頭病院,355,True
47,0412760,無床診療所,医療法人徳洲会 ソフィアクリニック,0,False
47,0412802,無床診療所,おおやま泌尿器科クリニック,0,False
47,0412844,病院,中部協同病院,142,True
47,0412984,病院,社会医療法人 敬愛会 翔南病院,90,True
47,0510183,病院,医療法人緑水会 宜野湾記念病院,156,True
47,0510506,病院,医療法人球陽会 海邦病院,140,True
47,0511249,無床診療所,じのん整形外科クリニック,0,False
47,0511454,無床診療所,西平医院,0,False
47,0610843,無床診療所,医療法人 たぶの木 うむやすみゃあす・ん診療所,0,False
47,0610918,病院,医療法人徳洲会 宮古島徳洲会病院,99,True
47,0611163,病院,宮古島リハビリ温泉病院,216,True
47,0710395,病院,かりゆし病院,110,True
47,0710494,無床診療所,やいま中央クリニック,0,False
47,0710577,有床診療所,下地第２脳神経外科,19,True
47,0710650,病院,医療法人徳洲会 石垣島徳洲会病院,52,True
47,0710809,無床診療所,下地脳神経外科,0,False
47,0710866,無床診療所,まるの脳神経クリニック,0,False
47,0810153,病院,医療法人博愛会 牧港中央病院,99,True
47,0810211,病院,嶺井第一病院,103,True
47,0810609,病院,医療法人八重瀬会 同仁病院,154,True
47,0810740,無床診療所,かりまた内科医院,0,False
47,0810781,病院,平安病院,393,True
47,0810971,無床診療所,医療法人菜の花会 佐久田脳神経外科・外科,0,False
47,0811086,無床診療所,ロクト整形外科クリニック,0,False
47,0811318,有床診療所,医療法人豊誠会 牧港クリニック,19,True
47,0811391,無床診療所,バークレー整形外科スポーツクリニック,0,False
47,0812233,有床診療所,乳腺・甲状腺クリニック うらそえ,12,False
47,0812274,病院,社会医療法人仁愛会 浦添総合病院,334,True
47,0812357,無床診療所,てだこ整形外科,0,False
47,0812365,無床診療所,さむら脳神経外科クリニック,0,False
47,0910508,病院,公益社団法人 北部地区医師会 北部地区医師会病院,236,True
47,0910532,病院,勝山病院,154,True
47,0910565,病院,医療法人タピック 宮里病院,239,True
47,0911142,無床診療所,どい脳神経外科,0,False
47,0911498,無床診療所,アフィニティクリニック,0,False
47,1010126,病院,医療法人 晴明会 糸満晴明病院,280,False
47,1010258,病院,ウェルネス西崎病院,20,True
47,1010449,病院,医療法人 陽和会 南山病院,215,False
47,1010456,病院,勝連病院,446,False
47,1010530,病院,西崎病院,190,True
47,1110017,病院,とよみ生協病院,137,True
47,1110454,無床診療所,社会医療法人友愛会 豊見城中央病院附属健康管理センター,0,False
47,1110488,無床診療所,朋友クリニック,0,False
47,1110660,病院,友愛医療センター,388,True
47,1110678,病院,豊見城中央病院,268,True
47,1110793,無床診療所,沖縄ひざ関節クリニック,0,False
47,1210098,無床診療所,みなみ野クリニック,0,False
47,1210197,病院,医療法人真徳会沖縄メディカル病院,199,True
47,2110255,病院,もとぶ記念病院,170,False
47,2110487,病院,北山病院,60,True
47,2110529,無床診療所,伊江村立診療所,0,False
47,2110545,病院,医療法人ユカリア沖縄 かんな病院,104,True
47,2110552,病院,もとぶ野毛病院,150,True
47,2110735,無床診療所,西大條診療所,0,False
47,2110784,無床診療所,医療法人社団明日望 アスボメディカルクリニック,0,False
47,2210220,病院,医療法人仁誠会 名嘉病院,122,True
47,2210287,病院,社会医療法人 かりゆし会 ハートライフ病院,308,True
47,2210345,病院,アドベンチスト メディカルセンター,48,True
47,2210519,病院,北中城若松病院,235,True
47,2210766,無床診療所,医療法人八重会 たまきクリニック,0,False
47,2210840,病院,北上中央病院,120,True
47,2211384,無床診療所,ロクト整形Ｊ２,0,False
47,2211624,病院,医療法人徳洲会 中部徳洲会病院,408,True
47,2211798,無床診療所,読谷紅いもクリニック,0,False
47,2310541,病院,嬉野が丘 サマリヤ人病院,372,True
47,2310673,病院,医療法人信和会 沖縄第一病院,154,True
47,2311028,無床診療所,一般財団法人沖縄県健康づくり財団附属診療所,0,False
47,2311309,病院,博愛病院,142,False
47,2311531,病院,与那原中央病院,170,True
47,2311846,病院,医療法人徳洲会 南部徳洲会病院,357,True
47,2312166,有床診療所,医療法人杏月会 空の森クリニック,18,True
47,2510058,有床診療所,与那国町診療所,1,True
47,8010038,病院,独立行政法人国立病院機構 琉球病院,384,True
47,8010046,病院,独立行政法人国立病院機構 沖縄病院,283,True
47,8010053,病院,国立療養所沖縄愛楽園,314,True
47,8010103,病院,琉球大学病院,614,False
47,8110028,病院,沖縄県立中部病院,555,True
47,8110150,病院,沖縄県立北部病院,325,True
47,8110168,病院,公立久米島病院,40,True
47,8110176,病院,沖縄県立南部医療センター・こども医療センター,438,True
47,8110184,病院,沖縄赤十字病院,277,True
47,8110192,病院,沖縄県立宮古病院,274,True
47,8110200,病院,沖縄県立八重山病院,299,True
