region_code,prefecture,area_name,population_2025,hospital_count,activity_coverage,equipment_coverage,bed_function_coverage,current_supply_coverage,data_quality,missing_layers,current_supply_pre_audit,current_supply_v28,delta
01101,北海道,札幌市中央区,257249,39,0.9791666666666666,1,1.0,0.99375,高,,1.5936976121730795,1.5936976121730795,0.0
01102,北海道,札幌市北区,290125,22,0.8333333333333334,0.8333333333333334,1.0,0.925,高,,-0.1677215485863602,-0.1677215485863602,0.0
01103,北海道,札幌市東区,265235,23,0.9393939393939394,0.9545454545454546,1.0,0.9750000000000001,高,,0.7099513093895288,0.7099513093895288,0.0
01104,北海道,札幌市白石区,212421,19,0.8888888888888888,0.8888888888888888,1.0,0.9500000000000001,高,,0.3017064003940412,0.3017064003940412,0.0
01105,北海道,札幌市豊平区,226015,16,0.9761904761904762,1,1.0,0.9928571428571429,高,,0.17233523617410063,0.17233523617410063,0.0
01106,北海道,札幌市南区,129828,13,1,1,1.0,1.0,高,,-0.03859636117700465,-0.03859636117700465,0.0
01107,北海道,札幌市西区,217110,22,0.9166666666666666,1,1.0,0.9750000000000001,高,,0.39213947814674854,0.39213947814674854,0.0
01108,北海道,札幌市厚別区,121699,16,0.9791666666666666,1,1.0,0.99375,高,,0.7453484162315515,0.7453484162315515,0.0
01109,北海道,札幌市手稲区,140492,14,0.9166666666666666,1,1.0,0.9750000000000001,高,,0.3869984668400202,0.3869984668400202,0.0
01110,北海道,札幌市清田区,109970,12,0.8333333333333334,0.8333333333333334,1.0,0.925,高,,0.07464614588556928,0.07464614588556928,0.0
01202,北海道,函館市,232771,26,0.9066666666666666,1,1.0,0.972,高,,0.6996054945848958,0.6996054945848958,0.0
01203,北海道,小樽市,101222,15,0.8787878787878788,0.9090909090909091,1.0,0.95,高,,0.6010215807212169,0.6010215807212169,0.0
01204,北海道,旭川市,313406,34,0.9583333333333334,0.96875,1.0,0.9828125,高,,0.4184512239228118,0.4184512239228118,0.0
01205,北海道,室蘭市,74850,7,1,1,1.0,1.0,高,,0.7734157442641311,0.7734157442641311,0.0
01206,北海道,釧路市,152475,17,0.9285714285714286,1,1.0,0.9785714285714286,高,,0.639878386134599,0.639878386134599,0.0
01207,北海道,帯広市,161312,17,0.9166666666666666,0.9375,1.0,0.9656250000000001,高,,0.7646594286383392,0.7646594286383392,0.0
01208,北海道,北見市,109738,13,1,1,1.0,1.0,高,,0.335256421016356,0.335256421016356,0.0
01209,北海道,夕張市,6065,0,,,0.5,0.47500000000000003,低,ACTIVITY|EQUIPMENT,-0.5550818490618635,-0.1910579073852064,0.36402394167665714
01210,北海道,岩見沢市,73202,7,1,1,1.0,1.0,高,,-0.012412691837319982,-0.012412691837319982,0.0
01211,北海道,網走市,32092,5,1,1,1.0,1.0,高,,0.8729932168316764,0.8729932168316764,0.0
01212,北海道,留萌市,17642,2,1,1,1.0,1.0,高,,0.8394921168433715,0.8394921168433715,0.0
01213,北海道,苫小牧市,164613,13,0.8055555555555556,0.8333333333333334,1.0,0.9166666666666667,高,,0.12121384482689312,0.12121384482689312,0.0
01214,北海道,稚内市,30288,2,1,1,1.0,1.0,高,,0.49180579595786644,0.49180579595786644,0.0
01215,北海道,美唄市,18068,3,1,1,1.0,1.0,高,,0.7923219619564356,0.7923219619564356,0.0
01216,北海道,芦別市,10671,2,1,1,0.35,0.9025,高,,0.3660893625905877,0.3660893625905877,0.0
01217,北海道,江別市,118449,6,1,1,1.0,1.0,高,,-0.17547175502570428,-0.17547175502570428,0.0
01218,北海道,赤平市,8332,2,1,1,0.35,0.9025,高,,1.0156316696148724,1.0156316696148724,0.0
01219,北海道,紋別市,19510,2,1,1,1.0,1.0,高,,0.8033704375343875,0.8033704375343875,0.0
01220,北海道,士別市,15695,1,1,1,1.0,1.0,高,,0.12051690364173684,0.12051690364173684,0.0
01221,北海道,名寄市,25202,4,1,1,0.8,0.97,高,,1.3919300674056752,1.3919300674056752,0.0
01222,北海道,三笠市,7012,2,1,1,0.35,0.9025,高,,1.291514310771045,1.291514310771045,0.0
01223,北海道,根室市,22317,3,1,1,1.0,1.0,高,,0.5850438485479257,0.5850438485479257,0.0
01224,北海道,千歳市,97797,7,1,1,1.0,1.0,高,,0.011601342517553577,0.011601342517553577,0.0
01225,北海道,滝川市,36802,5,0.9166666666666666,1,1.0,0.9750000000000001,高,,0.524327424313887,0.524327424313887,0.0
01226,北海道,砂川市,14916,2,1,1,1.0,1.0,高,,1.5727618510846697,1.5727618510846697,0.0
01227,北海道,歌志内市,2443,1,0.6666666666666666,1,0.35,0.8025,中,,-0.07034055305485024,-0.07034055305485024,0.0
01228,北海道,深川市,17824,5,0.8888888888888888,1,0.8,0.9366666666666668,高,,1.113941037838705,1.113941037838705,0.0
01229,北海道,富良野市,18707,3,0.8333333333333334,1,0.8,0.92,高,,1.21053684482792,1.21053684482792,0.0
01230,北海道,登別市,42195,6,0.9444444444444444,1,1.0,0.9833333333333334,高,,-0.16595423015009106,-0.16595423015009106,0.0
01231,北海道,恵庭市,69367,7,0.9333333333333333,1,1.0,0.98,高,,0.5634801203449433,0.5634801203449433,0.0
01233,北海道,伊達市,29843,4,0.7777777777777778,1,1.0,0.9333333333333333,高,,0.2968594812261033,0.2968594812261033,0.0
01234,北海道,北広島市,56153,5,1,1,1.0,1.0,高,,-0.4141890395350999,-0.4141890395350999,0.0
01235,北海道,石狩市,55417,5,0.8333333333333334,1,1.0,0.9500000000000001,高,,-0.3820956673440734,-0.3820956673440734,0.0
01236,北海道,北斗市,41022,0,,,1.0,0.55,低,ACTIVITY|EQUIPMENT,-0.8271157464382672,-0.6856649935241221,0.1414507529141451
01303,北海道,当別町,14480,0,,,0.5,0.47500000000000003,低,ACTIVITY|EQUIPMENT,-0.5854440818688501,-0.2462619670342729,0.3391821148345772
01304,北海道,新篠津村,2790,0,,,0.5,0.47500000000000003,低,ACTIVITY|EQUIPMENT,0.11853785158749501,0.11853785158749501,0.0
01331,北海道,松前町,5309,1,1,1,0.5,0.9249999999999999,高,,0.6207080918754292,0.6207080918754292,0.0
01332,北海道,福島町,3246,0,,,0.5,0.47500000000000003,低,ACTIVITY|EQUIPMENT,0.1149772677184472,0.1149772677184472,0.0
01333,北海道,知内町,3711,0,,,0.5,0.47500000000000003,低,ACTIVITY|EQUIPMENT,-0.1313805594095573,-0.1313805594095573,0.0
01334,北海道,木古内町,3312,1,1,1,0.5,0.9249999999999999,高,,0.6366347995792329,0.6366347995792329,0.0
01337,北海道,七飯町,26754,2,0.8333333333333334,1,0.65,0.8975000000000001,中,,-0.258624067486813,-0.258624067486813,0.0
01343,北海道,鹿部町,3380,0,,,0.5,0.47500000000000003,低,ACTIVITY|EQUIPMENT,0.07799139544958944,0.07799139544958944,0.0
01345,北海道,森町,12559,3,0.8333333333333334,1,0.85,0.9275,高,,0.5520924707980376,0.5520924707980376,0.0
01346,北海道,八雲町,14554,2,1,1,0.15,0.8724999999999999,中,,1.2168373970536492,1.2168373970536492,0.0
01347,北海道,長万部町,4652,1,0.6666666666666666,1,0.5,0.825,中,,0.3085223786532556,0.3085223786532556,0.0
01361,北海道,江差町,6701,2,1,1,0.35,0.9025,高,,0.9957022233074542,0.9957022233074542,0.0
01362,北海道,上ノ国町,3726,0,,,0.5,0.47500000000000003,低,ACTIVITY|EQUIPMENT,0.036400339239752395,0.036400339239752395,0.0
01363,北海道,厚沢部町,3212,1,1,1,0.35,0.9025,高,,-0.053577999457952524,-0.053577999457952524,0.0
01364,北海道,乙部町,2951,1,,,0.5,0.47500000000000003,低,ACTIVITY|EQUIPMENT,-0.05039966239988543,-0.05039966239988543,0.0
01367,北海道,奥尻町,2107,1,1,1,0.35,0.9025,高,,0.1390589699212697,0.1390589699212697,0.0
01370,北海道,今金町,4522,1,1,1,0.5,0.9249999999999999,高,,0.6064381599071135,0.6064381599071135,0.0
01371,北海道,せたな町,6491,2,1,1,0.35,0.9025,高,,1.2459930781308814,1.2459930781308814,0.0
01391,北海道,島牧村,1186,0,,,0.5,0.47500000000000003,低,ACTIVITY|EQUIPMENT,0.031232587351874314,0.031232587351874314,0.0
01392,北海道,寿都町,2553,0,,,0.5,0.47500000000000003,低,ACTIVITY|EQUIPMENT,-0.024107762295791802,-0.024107762295791802,0.0
01393,北海道,黒松内町,2546,0,,,0.5,0.47500000000000003,低,ACTIVITY|EQUIPMENT,0.1375234951569923,0.1375234951569923,0.0
01394,北海道,蘭越町,4196,1,0.6666666666666666,1,0.35,0.8025,中,,0.3643014205561737,0.3643014205561737,0.0
01395,北海道,ニセコ町,5087,0,,,0.5,0.47500000000000003,低,ACTIVITY|EQUIPMENT,0.05665845489077379,0.05665845489077379,0.0
01396,北海道,真狩村,1900,0,,,0.5,0.47500000000000003,低,ACTIVITY|EQUIPMENT,0.19526242328317933,0.19526242328317933,0.0
01397,北海道,留寿都村,1791,0,,,0.5,0.47500000000000003,低,ACTIVITY|EQUIPMENT,0.006334120513054002,0.006334120513054002,0.0
01398,北海道,喜茂別町,1973,0,,,0.5,0.47500000000000003,低,ACTIVITY|EQUIPMENT,0.009250714934181553,0.009250714934181553,0.0
01399,北海道,京極町,2710,1,,,0.5,0.47500000000000003,低,ACTIVITY|EQUIPMENT,0.1274044503596183,0.1274044503596183,0.0
01400,北海道,倶知安町,14601,1,,,0.5,0.47500000000000003,低,ACTIVITY|EQUIPMENT,-0.3306233754862859,0.2170484082067528,0.5476717836930387
01401,北海道,共和町,5310,0,,,0.5,0.47500000000000003,低,ACTIVITY|EQUIPMENT,0.006954254068447599,0.006954254068447599,0.0
01402,北海道,岩内町,10187,1,1,1,0.35,0.9025,高,,0.779760731211555,0.779760731211555,0.0
01403,北海道,泊村,1381,0,,,0.5,0.47500000000000003,低,ACTIVITY|EQUIPMENT,0.017575653113749846,0.017575653113749846,0.0
01404,北海道,神恵内村,742,0,,,0.5,0.47500000000000003,低,ACTIVITY|EQUIPMENT,0.12031046888504536,0.12031046888504536,0.0
01405,北海道,積丹町,1582,0,,,0.5,0.47500000000000003,低,ACTIVITY|EQUIPMENT,-0.011895670297362977,-0.011895670297362977,0.0
01406,北海道,古平町,2381,0,,,0.5,0.47500000000000003,低,ACTIVITY|EQUIPMENT,-0.02474136047839879,-0.02474136047839879,0.0
01407,北海道,仁木町,2931,0,,,0.5,0.47500000000000003,低,ACTIVITY|EQUIPMENT,-0.04287688812381747,-0.04287688812381747,0.0
01408,北海道,余市町,16437,2,1,1,0.85,0.9775,高,,0.2744324727071569,0.2744324727071569,0.0
01409,北海道,赤井川村,1091,0,,,0.5,0.47500000000000003,低,ACTIVITY|EQUIPMENT,0.04970022517918362,0.04970022517918362,0.0
01423,北海道,南幌町,7698,1,1,1,0.3,0.895,中,,0.5801120308201785,0.5801120308201785,0.0
01424,北海道,奈井江町,4606,1,1,1,0.35,0.9025,高,,0.2542052787857277,0.2542052787857277,0.0
01425,北海道,上砂川町,2352,0,,,0.5,0.47500000000000003,低,ACTIVITY|EQUIPMENT,0.09523257354890005,0.09523257354890005,0.0
01427,北海道,由仁町,4301,0,,,0.5,0.47500000000000003,低,ACTIVITY|EQUIPMENT,0.005753695188594046,0.005753695188594046,0.0
01428,北海道,長沼町,9490,1,1,1,0.5,0.9249999999999999,高,,0.2800022037529199,0.2800022037529199,0.0
01429,北海道,栗山町,10304,1,1,1,0.35,0.9025,高,,0.5346370788376976,0.5346370788376976,0.0
01430,北海道,月形町,3312,1,1,1,0.35,0.9025,高,,-0.03963963963963966,-0.03963963963963966,0.0
01431,北海道,浦臼町,1517,0,,,0.5,0.47500000000000003,低,ACTIVITY|EQUIPMENT,-0.002476243933954211,-0.002476243933954211,0.0
01432,北海道,新十津川町,5997,1,1,1,0.35,0.9025,高,,0.18779985201236063,0.18779985201236063,0.0
01433,北海道,妹背牛町,2317,0,,,0.5,0.47500000000000003,低,ACTIVITY|EQUIPMENT,-0.036972303897115595,-0.036972303897115595,0.0
01434,北海道,秩父別町,2114,0,,,0.5,0.47500000000000003,低,ACTIVITY|EQUIPMENT,-0.022297265268373098,-0.022297265268373098,0.0
01436,北海道,雨竜町,2089,1,1,1,0.35,0.9025,高,,-0.023240949869324196,-0.023240949869324196,0.0
01437,北海道,北竜町,1532,0,,,0.5,0.47500000000000003,低,ACTIVITY|EQUIPMENT,-0.004232202855797164,-0.004232202855797164,0.0
01438,北海道,沼田町,2610,0,,,0.5,0.47500000000000003,低,ACTIVITY|EQUIPMENT,-0.03448279155787103,-0.03448279155787103,0.0
01452,北海道,鷹栖町,6106,0,,,0.5,0.47500000000000003,低,ACTIVITY|EQUIPMENT,-0.4116547066813216,-0.4116547066813216,0.0
01453,北海道,東神楽町,9996,1,,,0.5,0.47500000000000003,低,ACTIVITY|EQUIPMENT,-0.1440602779318826,0.5562540401238497,0.7003143180557323
01454,北海道,当麻町,5805,0,,,0.5,0.47500000000000003,低,ACTIVITY|EQUIPMENT,-0.6391842868116301,-0.34397143056660023,0.29521285624502985
01455,北海道,比布町,3248,0,,,0.5,0.47500000000000003,低,ACTIVITY|EQUIPMENT,-0.05340388349287127,-0.05340388349287127,0.0
01456,北海道,愛別町,2253,0,,,0.5,0.47500000000000003,低,ACTIVITY|EQUIPMENT,-0.036342108774723464,-0.036342108774723464,0.0
01457,北海道,上川町,3030,0,,,0.5,0.47500000000000003,低,ACTIVITY|EQUIPMENT,-0.04558956060786124,-0.04558956060786124,0.0
01458,北海道,東川町,8213,0,,,0.5,0.47500000000000003,低,ACTIVITY|EQUIPMENT,-0.1242364562965048,-0.1242364562965048,0.0
01459,北海道,美瑛町,8893,1,1,1,0.35,0.9025,高,,0.02536513008891941,0.02536513008891941,0.0
01460,北海道,上富良野町,9421,1,1,1,0.5,0.9249999999999999,高,,0.09122136815256689,0.09122136815256689,0.0
01461,北海道,中富良野町,4340,0,,,0.5,0.47500000000000003,低,ACTIVITY|EQUIPMENT,-0.263359589955974,-0.263359589955974,0.0
01462,北海道,南富良野町,2218,0,,,0.5,0.47500000000000003,低,ACTIVITY|EQUIPMENT,0.36363636363636365,0.36363636363636365,0.0
01463,北海道,占冠村,1361,0,,,0.5,0.47500000000000003,低,ACTIVITY|EQUIPMENT,0.27296259596707934,0.27296259596707934,0.0
01464,北海道,和寒町,2813,0,,,0.5,0.47500000000000003,低,ACTIVITY|EQUIPMENT,-0.04267539357161536,-0.04267539357161536,0.0
01465,北海道,剣淵町,2614,0,,,0.5,0.47500000000000003,低,ACTIVITY|EQUIPMENT,-0.23367368062183447,-0.23367368062183447,0.0
01468,北海道,下川町,2836,1,1,1,0.5,0.9249999999999999,高,,-0.03657577499834526,-0.03657577499834526,0.0
01469,北海道,美深町,3708,1,1,1,0.35,0.9025,高,,0.0743354387179005,0.0743354387179005,0.0
01470,北海道,音威子府村,597,0,,,0.5,0.47500000000000003,低,ACTIVITY|EQUIPMENT,0.19868279274554343,0.19868279274554343,0.0
01471,北海道,中川町,1359,0,,,0.5,0.47500000000000003,低,ACTIVITY|EQUIPMENT,0.021138537694829086,0.021138537694829086,0.0
01472,北海道,幌加内町,1178,0,,,0.5,0.47500000000000003,低,ACTIVITY|EQUIPMENT,0.36363636363636365,0.36363636363636365,0.0
01481,北海道,増毛町,3434,0,,,0.5,0.47500000000000003,低,ACTIVITY|EQUIPMENT,-0.14004958234258602,-0.14004958234258602,0.0
01482,北海道,小平町,2665,0,,,0.5,0.47500000000000003,低,ACTIVITY|EQUIPMENT,0.12614605641394921,0.12614605641394921,0.0
01483,北海道,苫前町,2576,0,,,0.5,0.47500000000000003,低,ACTIVITY|EQUIPMENT,0.12518953185744786,0.12518953185744786,0.0
01484,北海道,羽幌町,5835,1,1,1,0.5,0.9249999999999999,高,,0.8573991670439962,0.8573991670439962,0.0
01485,北海道,初山別村,944,0,,,0.5,0.47500000000000003,低,ACTIVITY|EQUIPMENT,0.36363636363636365,0.36363636363636365,0.0
01486,北海道,遠別町,2219,0,,,0.5,0.47500000000000003,低,ACTIVITY|EQUIPMENT,-0.02038214087798661,-0.02038214087798661,0.0
01487,北海道,天塩町,2653,1,0.6666666666666666,1,0.5,0.825,中,,-0.024603842971363633,-0.024603842971363633,0.0
01511,北海道,猿払村,2505,0,,,0.5,0.47500000000000003,低,ACTIVITY|EQUIPMENT,-0.015042643963021069,-0.015042643963021069,0.0
01512,北海道,浜頓別町,3089,1,1,1,0.5,0.9249999999999999,高,,-0.04641117848086732,-0.04641117848086732,0.0
01513,北海道,中頓別町,1470,1,0.6666666666666666,1,0.5,0.825,中,,0.010711018803504346,0.010711018803504346,0.0
01514,北海道,枝幸町,6834,1,1,1,0.35,0.9025,高,,0.2808932321682011,0.2808932321682011,0.0
01516,北海道,豊富町,3679,0,,,0.5,0.47500000000000003,低,ACTIVITY|EQUIPMENT,0.0960139553349218,0.0960139553349218,0.0
01517,北海道,礼文町,2265,0,,,0.5,0.47500000000000003,低,ACTIVITY|EQUIPMENT,0.1596537206285102,0.1596537206285102,0.0
01518,北海道,利尻町,1784,1,0.6666666666666666,1,0.5,0.825,中,,-0.0028573630726914353,-0.0028573630726914353,0.0
01519,北海道,利尻富士町,2217,0,,,0.5,0.47500000000000003,低,ACTIVITY|EQUIPMENT,0.16303610425370874,0.16303610425370874,0.0
01520,北海道,幌延町,2203,0,,,0.5,0.47500000000000003,低,ACTIVITY|EQUIPMENT,0.16692031537022178,0.16692031537022178,0.0
01543,北海道,美幌町,16778,2,0.8333333333333334,1,1.0,0.9500000000000001,高,,0.8549277183008632,0.8549277183008632,0.0
01544,北海道,津別町,3867,1,1,1,0.5,0.9249999999999999,高,,0.42664378707382755,0.42664378707382755,0.0
01545,北海道,斜里町,10249,1,1,1,0.35,0.9025,高,,0.19501378957332688,0.19501378957332688,0.0
01546,北海道,清里町,3497,0,,,0.5,0.47500000000000003,低,ACTIVITY|EQUIPMENT,-0.05335771916664266,-0.05335771916664266,0.0
01547,北海道,小清水町,4217,1,1,1,0.35,0.9025,高,,0.45060624198416604,0.45060624198416604,0.0
01549,北海道,訓子府町,4213,0,,,0.5,0.47500000000000003,低,ACTIVITY|EQUIPMENT,-0.04794186582731109,-0.04794186582731109,0.0
01550,北海道,置戸町,2467,1,1,1,0.35,0.9025,高,,-0.027123362527157635,-0.027123362527157635,0.0
01552,北海道,佐呂間町,4369,0,,,0.5,0.47500000000000003,低,ACTIVITY|EQUIPMENT,0.3287639921880391,0.3287639921880391,0.0
01555,北海道,遠軽町,17688,2,1,1,1.0,1.0,高,,0.7605569702907844,0.7605569702907844,0.0
01559,北海道,湧別町,7445,1,0.6666666666666666,1,0.5,0.825,中,,0.38260068692956833,0.38260068692956833,0.0
01560,北海道,滝上町,2138,0,,,0.5,0.47500000000000003,低,ACTIVITY|EQUIPMENT,-0.025159052459346274,-0.025159052459346274,0.0
01561,北海道,興部町,3339,1,0.8333333333333334,1,0.35,0.8525,中,,-0.04363536394770418,-0.04363536394770418,0.0
01562,北海道,西興部村,979,0,,,0.5,0.47500000000000003,低,ACTIVITY|EQUIPMENT,0.06908499524947521,0.06908499524947521,0.0
01563,北海道,雄武町,3812,1,1,1,0.5,0.9249999999999999,高,,0.09882663932988396,0.09882663932988396,0.0
01564,北海道,大空町,6181,1,1,1,0.35,0.9025,高,,0.4936470440958627,0.4936470440958627,0.0
01571,北海道,豊浦町,3553,1,1,1,0.35,0.9025,高,,0.205319414109554,0.205319414109554,0.0
01575,北海道,壮瞥町,2495,1,,,0.5,0.47500000000000003,低,ACTIVITY|EQUIPMENT,0.12409934859541072,0.12409934859541072,0.0
01578,北海道,白老町,14686,1,1,1,1.0,1.0,高,,-0.5489536472050639,-0.5489536472050639,0.0
01581,北海道,厚真町,4159,0,,,0.5,0.47500000000000003,低,ACTIVITY|EQUIPMENT,-0.05320336356662776,-0.05320336356662776,0.0
01584,北海道,洞爺湖町,7646,2,1,1,0.2,0.88,中,,0.9132038228607797,0.9132038228607797,0.0
01585,北海道,安平町,6748,0,,,0.5,0.47500000000000003,低,ACTIVITY|EQUIPMENT,-0.3654960811416089,-0.3654960811416089,0.0
01586,北海道,むかわ町,6873,1,1,1,0.5,0.9249999999999999,高,,0.23519287926422033,0.23519287926422033,0.0
01601,北海道,日高町,10245,1,1,1,0.5,0.9249999999999999,高,,-0.08915134900264096,-0.08915134900264096,0.0
01602,北海道,平取町,4313,1,0.6666666666666666,1,0.5,0.825,中,,0.06733817739511627,0.06733817739511627,0.0
01604,北海道,新冠町,4993,0,,,0.5,0.47500000000000003,低,ACTIVITY|EQUIPMENT,-0.18678153319347437,-0.18678153319347437,0.0
01607,北海道,浦河町,11049,1,1,1,0.35,0.9025,高,,0.40499481495418727,0.40499481495418727,0.0
01608,北海道,様似町,3562,0,,,0.5,0.47500000000000003,低,ACTIVITY|EQUIPMENT,-0.2671613613828906,-0.2671613613828906,0.0
01609,北海道,えりも町,3918,0,,,0.5,0.47500000000000003,低,ACTIVITY|EQUIPMENT,0.09255098734120586,0.09255098734120586,0.0
01610,北海道,新ひだか町,19789,4,1,1,0.85,0.9775,高,,0.9618876046020792,0.9618876046020792,0.0
01631,北海道,音更町,41130,4,0.8333333333333334,0.75,1.0,0.9125,高,,-0.10596158017725635,-0.10596158017725635,0.0
01632,北海道,士幌町,5471,1,1,1,0.5,0.9249999999999999,高,,-0.20113036817618674,-0.20113036817618674,0.0
01633,北海道,上士幌町,4519,0,,,0.5,0.47500000000000003,低,ACTIVITY|EQUIPMENT,0.06435204298677531,0.06435204298677531,0.0
01634,北海道,鹿追町,4975,1,0.6666666666666666,1,0.35,0.8025,中,,-0.18962084373297988,-0.18962084373297988,0.0
01635,北海道,新得町,5353,0,,,0.5,0.47500000000000003,低,ACTIVITY|EQUIPMENT,0.4906013021072695,0.4906013021072695,0.0
01636,北海道,清水町,8480,1,1,1,0.35,0.9025,高,,0.6133964249549521,0.6133964249549521,0.0
01637,北海道,芽室町,17357,1,1,1,0.5,0.9249999999999999,高,,0.2496214094246011,0.2496214094246011,0.0
01638,北海道,中札内村,3795,0,,,0.5,0.47500000000000003,低,ACTIVITY|EQUIPMENT,0.15915004464732813,0.15915004464732813,0.0
01639,北海道,更別村,2931,0,,,0.5,0.47500000000000003,低,ACTIVITY|EQUIPMENT,-0.021882210942642703,-0.021882210942642703,0.0
01641,北海道,大樹町,4999,1,1,1,0.5,0.9249999999999999,高,,0.6572061652590258,0.6572061652590258,0.0
01642,北海道,広尾町,5771,1,1,1,0.5,0.9249999999999999,高,,0.2555504002549574,0.2555504002549574,0.0
01643,北海道,幕別町,24738,1,1,1,1.0,1.0,高,,-0.6802541329135672,-0.6802541329135672,0.0
01644,北海道,池田町,5658,1,1,1,0.5,0.9249999999999999,高,,0.5298156035042726,0.5298156035042726,0.0
01645,北海道,豊頃町,2767,0,,,0.5,0.47500000000000003,低,ACTIVITY|EQUIPMENT,0.1125344974866117,0.1125344974866117,0.0
01646,北海道,本別町,5886,1,1,1,0.5,0.9249999999999999,高,,0.8220569283060712,0.8220569283060712,0.0
01647,北海道,足寄町,5939,1,1,1,0.5,0.9249999999999999,高,,0.4858027712224244,0.4858027712224244,0.0
01648,北海道,陸別町,2058,0,,,0.5,0.47500000000000003,低,ACTIVITY|EQUIPMENT,-0.0025317012927418784,-0.0025317012927418784,0.0
01649,北海道,浦幌町,3903,0,,,0.5,0.47500000000000003,低,ACTIVITY|EQUIPMENT,0.12223893135628378,0.12223893135628378,0.0
01661,北海道,釧路町,17778,0,,,1.0,0.55,低,ACTIVITY|EQUIPMENT,-0.7332871312104496,-0.5150675112917267,0.21821961991872296
01662,北海道,厚岸町,8014,1,1,1,0.5,0.9249999999999999,高,,0.3224540056419809,0.3224540056419809,0.0
01663,北海道,浜中町,5069,0,,,0.5,0.47500000000000003,低,ACTIVITY|EQUIPMENT,-0.18810537851443734,-0.18810537851443734,0.0
01664,北海道,標茶町,6656,1,1,1,0.5,0.9249999999999999,高,,0.2834298982120751,0.2834298982120751,0.0
01665,北海道,弟子屈町,6272,2,0.8333333333333334,1,0.35,0.8525,中,,1.4140358757733684,1.4140358757733684,0.0
01667,北海道,鶴居村,2424,1,,,0.5,0.47500000000000003,低,ACTIVITY|EQUIPMENT,0.1491413617282408,0.1491413617282408,0.0
01668,北海道,白糠町,6402,0,,,0.5,0.47500000000000003,低,ACTIVITY|EQUIPMENT,-0.6891604623226077,-0.4348372042229232,0.25432325809968453
01691,北海道,別海町,13496,1,1,1,0.5,0.9249999999999999,高,,0.5794403360885169,0.5794403360885169,0.0
01692,北海道,中標津町,21838,2,1,1,1.0,1.0,高,,0.7737558894704941,0.7737558894704941,0.0
01693,北海道,標津町,4724,1,1,1,0.5,0.9249999999999999,高,,-0.17968750969822547,-0.17968750969822547,0.0
01694,北海道,羅臼町,4191,0,,,0.5,0.47500000000000003,低,ACTIVITY|EQUIPMENT,-0.0535697441223478,-0.0535697441223478,0.0
02201,青森県,青森市,260035,19,0.9777777777777777,1,1.0,0.9933333333333334,高,,0.01878996983497064,0.01878996983497064,0.0
02202,青森県,弘前市,157226,14,0.9444444444444444,0.9166666666666666,1.0,0.9708333333333333,高,,0.5476806854270442,0.5476806854270442,0.0
02203,青森県,八戸市,213173,20,0.8888888888888888,1,1.0,0.9666666666666668,高,,0.12857814434285003,0.12857814434285003,0.0
02204,青森県,黒石市,29604,3,1,1,1.0,1.0,高,,0.207324060260291,0.207324060260291,0.0
02205,青森県,五所川原市,47437,5,0.8333333333333334,1,1.0,0.9500000000000001,高,,0.3149580493375595,0.3149580493375595,0.0
02206,青森県,十和田市,57201,5,1,1,1.0,1.0,高,,0.10608554075406967,0.10608554075406967,0.0
02207,青森県,三沢市,37512,3,0.8333333333333334,1,1.0,0.9500000000000001,高,,0.5792665685394437,0.5792665685394437,0.0
02208,青森県,むつ市,49438,2,0.8333333333333334,1,1.0,0.9500000000000001,高,,-0.09468624981501253,-0.09468624981501253,0.0
02209,青森県,つがる市,28046,1,1,1,1.0,1.0,高,,-0.8573264442189248,-0.8573264442189248,0.0
02210,青森県,平川市,28640,0,,,1.0,0.55,低,ACTIVITY|EQUIPMENT,-0.8606702883005859,-0.7466732514556106,0.11399703684497531
02301,青森県,平内町,9068,1,1,1,0.35,0.9025,高,,-0.08169047777981737,-0.08169047777981737,0.0
02303,青森県,今別町,1991,0,,,0.5,0.47500000000000003,低,ACTIVITY|EQUIPMENT,0.06409593737980737,0.06409593737980737,0.0
02304,青森県,蓬田村,2290,0,,,0.5,0.47500000000000003,低,ACTIVITY|EQUIPMENT,-0.02124162837962872,-0.02124162837962872,0.0
02307,青森県,外ヶ浜町,4584,1,1,1,0.5,0.9249999999999999,高,,0.43708887804860813,0.43708887804860813,0.0
02321,青森県,鰺ヶ沢町,7975,1,1,1,0.5,0.9249999999999999,高,,0.5455973344924314,0.5455973344924314,0.0
02323,青森県,深浦町,6325,0,,,0.5,0.47500000000000003,低,ACTIVITY|EQUIPMENT,-0.7155437015869269,-0.4828067301580489,0.232736971428878
02343,青森県,西目屋村,1147,0,,,0.5,0.47500000000000003,低,ACTIVITY|EQUIPMENT,-0.14545454545454548,-0.14545454545454548,0.0
02361,青森県,藤崎町,13763,1,1,1,0.0,0.85,中,BED FUNCTION,0.8889845763790643,0.8889845763790643,0.0
02362,青森県,大鰐町,7666,0,,,0.5,0.47500000000000003,低,ACTIVITY|EQUIPMENT,-0.6816172369039701,-0.42112224891630934,0.2604949879876608
02367,青森県,田舎館村,6829,0,,,0.5,0.47500000000000003,低,ACTIVITY|EQUIPMENT,-0.0913705292332282,-0.0913705292332282,0.0
02381,青森県,板柳町,11323,1,1,1,0.35,0.9025,高,,0.1715730569390398,0.1715730569390398,0.0
02384,青森県,鶴田町,10650,0,,,0.5,0.47500000000000003,低,ACTIVITY|EQUIPMENT,-0.7357326401596707,-0.5195138911994013,0.21621874896026938
02387,青森県,中泊町,8413,0,,,0.5,0.47500000000000003,低,ACTIVITY|EQUIPMENT,-0.7325144095480208,-0.5136625628145832,0.2188518467334376
02401,青森県,野辺地町,10974,1,1,1,0.3,0.895,中,,0.7802938719146767,0.7802938719146767,0.0
02402,青森県,七戸町,13228,1,1,1,0.5,0.9249999999999999,高,,0.29756946804761997,0.29756946804761997,0.0
02405,青森県,六戸町,10057,0,,,0.5,0.47500000000000003,低,ACTIVITY|EQUIPMENT,-0.2572657335071484,-0.2572657335071484,0.0
02406,青森県,横浜町,3908,0,,,0.5,0.47500000000000003,低,ACTIVITY|EQUIPMENT,-0.2661445784640702,-0.2661445784640702,0.0
02408,青森県,東北町,15136,1,1,1,1.0,1.0,高,,0.2512440626736485,0.2512440626736485,0.0
02411,青森県,六ヶ所村,9856,0,,,0.5,0.47500000000000003,低,ACTIVITY|EQUIPMENT,-0.6591547455518108,-0.3802813555487468,0.27887339000306394
02412,青森県,おいらせ町,23877,2,0.8333333333333334,1,1.0,0.9500000000000001,高,,-0.30571076712714434,-0.30571076712714434,0.0
02423,青森県,大間町,4186,1,1,1,0.5,0.9249999999999999,高,,0.4429918992317253,0.4429918992317253,0.0
02424,青森県,東通村,5351,0,,,0.5,0.47500000000000003,低,ACTIVITY|EQUIPMENT,0.5971682028963525,0.5971682028963525,0.0
02425,青森県,風間浦村,1444,0,,,0.5,0.47500000000000003,低,ACTIVITY|EQUIPMENT,0.002388127320200641,0.002388127320200641,0.0
02426,青森県,佐井村,1516,0,,,0.5,0.47500000000000003,低,ACTIVITY|EQUIPMENT,0.35014239844422335,0.35014239844422335,0.0
02441,青森県,三戸町,8122,1,1,1,0.35,0.9025,高,,0.34865277934218775,0.34865277934218775,0.0
02442,青森県,五戸町,14540,1,1,1,1.0,1.0,高,,-0.09570357939647951,-0.09570357939647951,0.0
02443,青森県,田子町,4423,0,,,0.5,0.47500000000000003,低,ACTIVITY|EQUIPMENT,-0.3383751885452025,-0.3383751885452025,0.0
02445,青森県,南部町,15273,2,1,1,0.8,0.97,高,,0.5546068886570754,0.5546068886570754,0.0
02446,青森県,階上町,12769,0,,,0.5,0.47500000000000003,低,ACTIVITY|EQUIPMENT,-0.77,-0.5818181818181819,0.18818181818181812
02450,青森県,新郷村,1914,0,,,0.5,0.47500000000000003,低,ACTIVITY|EQUIPMENT,-0.03795042526593643,-0.03795042526593643,0.0
03201,岩手県,盛岡市,282066,23,0.8947368421052632,0.8947368421052632,1.0,0.9526315789473685,高,,0.14260140748970962,0.14260140748970962,0.0
03202,岩手県,宮古市,46113,4,1,1,1.0,1.0,高,,0.14693409605279575,0.14693409605279575,0.0
03203,岩手県,大船渡市,32025,1,1,1,1.0,1.0,高,,0.4736903731008825,0.4736903731008825,0.0
03205,岩手県,花巻市,87861,5,0.9166666666666666,1,1.0,0.9750000000000001,高,,-0.46780556513692095,-0.46780556513692095,0.0
03206,岩手県,北上市,91700,4,1,1,1.0,1.0,高,,0.3438326751197226,0.3438326751197226,0.0
03207,岩手県,久慈市,29642,3,0.8333333333333334,1,1.0,0.9500000000000001,高,,0.3697545614164017,0.3697545614164017,0.0
03208,岩手県,遠野市,22577,2,1,1,1.0,1.0,高,,-0.23388122118223129,-0.23388122118223129,0.0
03209,岩手県,一関市,101167,8,0.9047619047619048,0.8571428571428571,1.0,0.9500000000000001,高,,-0.1384511995684485,-0.1384511995684485,0.0
03210,岩手県,陸前高田市,16479,2,0.8333333333333334,1,1.0,0.9500000000000001,高,,-0.4211010047575645,-0.4211010047575645,0.0
03211,岩手県,釜石市,28967,5,0.8333333333333334,1,1.0,0.9500000000000001,高,,0.6792884277023001,0.6792884277023001,0.0
03213,岩手県,二戸市,23203,1,1,1,1.0,1.0,高,,0.4398992712906473,0.4398992712906473,0.0
03214,岩手県,八幡平市,21719,2,1,1,0.85,0.9775,高,,-0.32831890941916836,-0.32831890941916836,0.0
03215,岩手県,奥州市,105442,9,0.9583333333333334,1,1.0,0.9875,高,,-0.05327402690788484,-0.05327402690788484,0.0
03216,岩手県,滝沢市,54966,2,1,1,1.0,1.0,高,,-0.5910756259582679,-0.5910756259582679,0.0
03301,岩手県,雫石町,14210,2,1,1,0.85,0.9775,高,,-0.19448805170053307,-0.19448805170053307,0.0
03302,岩手県,葛巻町,4982,1,1,1,0.5,0.9249999999999999,高,,0.18788803110649388,0.18788803110649388,0.0
03303,岩手県,岩手町,10591,0,,,0.5,0.47500000000000003,低,ACTIVITY|EQUIPMENT,-0.6036407570551503,-0.2793468310093643,0.324293926045786
03321,岩手県,紫波町,31463,1,,,1.0,0.55,低,ACTIVITY|EQUIPMENT,-0.7007349323834379,-0.45588169524261435,0.24485323714082352
03322,岩手県,矢巾町,27541,4,1,1,0.85,0.9775,高,,2.523372371322404,2.523372371322404,0.0
03366,岩手県,西和賀町,4408,1,1,1,0.5,0.9249999999999999,高,,0.5678624932736043,0.5678624932736043,0.0
03381,岩手県,金ケ崎町,14904,0,,,0.5,0.47500000000000003,低,ACTIVITY|EQUIPMENT,-0.6805799658686763,-0.4192363015794115,0.2613436642892648
03402,岩手県,平泉町,6617,0,,,0.5,0.47500000000000003,低,ACTIVITY|EQUIPMENT,-0.7556650031289445,-0.5557545511435354,0.19991045198540902
03441,岩手県,住田町,4495,0,,,0.5,0.47500000000000003,低,ACTIVITY|EQUIPMENT,-0.2432015292977869,-0.2432015292977869,0.0
03461,岩手県,大槌町,9937,1,1,1,0.5,0.9249999999999999,高,,0.28908649451857044,0.28908649451857044,0.0
03482,岩手県,山田町,12884,1,1,1,0.5,0.9249999999999999,高,,-0.2540872606278159,-0.2540872606278159,0.0
03483,岩手県,岩泉町,7774,1,0.6666666666666666,1,0.5,0.825,中,,0.0006565850084768301,0.0006565850084768301,0.0
03484,岩手県,田野畑村,2736,0,,,0.5,0.47500000000000003,低,ACTIVITY|EQUIPMENT,-0.040474274829556546,-0.040474274829556546,0.0
03485,岩手県,普代村,2210,0,,,0.5,0.47500000000000003,低,ACTIVITY|EQUIPMENT,-0.03192323270453312,-0.03192323270453312,0.0
03501,岩手県,軽米町,7582,1,1,1,0.35,0.9025,高,,0.5511594828702064,0.5511594828702064,0.0
03503,岩手県,野田村,3615,0,,,0.5,0.47500000000000003,低,ACTIVITY|EQUIPMENT,-0.05418542141167429,-0.05418542141167429,0.0
03506,岩手県,九戸村,4834,0,,,0.5,0.47500000000000003,低,ACTIVITY|EQUIPMENT,-0.41854347351812277,-0.41854347351812277,0.0
03507,岩手県,洋野町,13512,1,1,1,1.0,1.0,高,,-0.5252934974627351,-0.5252934974627351,0.0
03524,岩手県,一戸町,9938,1,1,1,0.5,0.9249999999999999,高,,0.026956655007280235,0.026956655007280235,0.0
04101,宮城県,仙台市青葉区,316178,23,0.9473684210526315,0.9473684210526315,1.0,0.9763157894736842,高,,0.6655939802666861,0.6655939802666861,0.0
04102,宮城県,仙台市宮城野区,193585,10,0.9629629629629629,1,1.0,0.9888888888888889,高,,0.5630992951431116,0.5630992951431116,0.0
04103,宮城県,仙台市若林区,143747,5,0.9333333333333333,1,1.0,0.98,高,,-0.4639106318318208,-0.4639106318318208,0.0
04104,宮城県,仙台市太白区,238726,9,1,1,1.0,1.0,高,,-0.031029705812837094,-0.031029705812837094,0.0
04105,宮城県,仙台市泉区,204768,10,1,1,1.0,1.0,高,,-0.09484904485630594,-0.09484904485630594,0.0
04202,宮城県,石巻市,131404,7,1,1,1.0,1.0,高,,0.020289872297698797,0.020289872297698797,0.0
04203,宮城県,塩竈市,49586,4,0.8333333333333334,0.75,1.0,0.9125,高,,0.40081071563619725,0.40081071563619725,0.0
04205,宮城県,気仙沼市,55910,3,1,1,1.0,1.0,高,,-0.09093023080929732,-0.09093023080929732,0.0
04206,宮城県,白石市,29815,3,0.7777777777777778,0.6666666666666666,0.85,0.8608333333333333,中,,0.1821315469123031,0.1821315469123031,0.0
04207,宮城県,名取市,78057,3,0.6666666666666666,0.5,1.0,0.825,中,,-0.0675524216232341,-0.0675524216232341,0.0
04208,宮城県,角田市,26044,3,0.8888888888888888,1,1.0,0.9666666666666668,高,,-0.39108163974906845,-0.39108163974906845,0.0
04209,宮城県,多賀城市,62254,1,1,1,1.0,1.0,高,,-0.6949551421645421,-0.6949551421645421,0.0
04211,宮城県,岩沼市,43186,5,0.7777777777777778,0.6666666666666666,0.65,0.8308333333333333,中,,0.8113549942455455,0.8113549942455455,0.0
04212,宮城県,登米市,68708,5,0.9166666666666666,1,1.0,0.9750000000000001,高,,-0.359625410659603,-0.359625410659603,0.0
04213,宮城県,栗原市,58876,4,0.9166666666666666,1,1.0,0.9750000000000001,高,,-0.1554468979760373,-0.1554468979760373,0.0
04214,宮城県,東松島市,37264,2,1,1,0.8,0.97,高,,0.22902800642012466,0.22902800642012466,0.0
04215,宮城県,大崎市,119096,15,0.9444444444444444,1,1.0,0.9833333333333334,高,,0.36723009774280096,0.36723009774280096,0.0
04216,宮城県,富谷市,51898,3,1,1,1.0,1.0,高,,-0.4480648732517199,-0.4480648732517199,0.0
04301,宮城県,蔵王町,10664,1,0.6666666666666666,1,0.35,0.8025,中,,-0.478609175476217,-0.478609175476217,0.0
04302,宮城県,七ヶ宿町,1097,0,,,0.5,0.47500000000000003,低,ACTIVITY|EQUIPMENT,0.25645828876627463,0.25645828876627463,0.0
04321,宮城県,大河原町,23191,1,1,1,1.0,1.0,高,,1.361745657446656,1.361745657446656,0.0
04322,宮城県,村田町,9738,0,,,0.5,0.47500000000000003,低,ACTIVITY|EQUIPMENT,-0.6866908914830595,-0.4303470754237445,0.256343816059315
04323,宮城県,柴田町,37242,2,0.6666666666666666,1,1.0,0.9,高,,-0.6555110470175995,-0.6555110470175995,0.0
04324,宮城県,川崎町,7686,2,1,1,0.2,0.88,中,,0.5428774250615274,0.5428774250615274,0.0
04341,宮城県,丸森町,10406,1,1,1,0.5,0.9249999999999999,高,,-0.16139694790536033,-0.16139694790536033,0.0
04361,宮城県,亘理町,32235,0,,,1.0,0.55,低,ACTIVITY|EQUIPMENT,-0.73631820676846,-0.5205785577608365,0.21573964900762355
04362,宮城県,山元町,11563,1,1,1,0.3,0.895,中,,0.4599359514020421,0.4599359514020421,0.0
04401,宮城県,松島町,12354,1,1,1,0.3,0.895,中,,-0.408007073192193,-0.408007073192193,0.0
04404,宮城県,七ヶ浜町,17142,0,,,1.0,0.55,低,ACTIVITY|EQUIPMENT,-0.8278159950753654,-0.6869381728643008,0.1408778222110646
04406,宮城県,利府町,35141,2,1,1,1.0,1.0,高,,0.030680966678695753,0.030680966678695753,0.0
04421,宮城県,大和町,28949,1,1,1,0.65,0.9475,高,,0.030056149882545218,0.030056149882545218,0.0
04422,宮城県,大郷町,7228,0,,,0.5,0.47500000000000003,低,ACTIVITY|EQUIPMENT,-0.7084471687752316,-0.4699039432276938,0.23854322554753782
04424,宮城県,大衡村,5890,0,,,0.5,0.47500000000000003,低,ACTIVITY|EQUIPMENT,-0.4146392510091504,-0.4146392510091504,0.0
04444,宮城県,色麻町,6232,1,1,1,0.35,0.9025,高,,0.4195287663100351,0.4195287663100351,0.0
04445,宮城県,加美町,20095,0,,,1.0,0.55,低,ACTIVITY|EQUIPMENT,-0.7835351207849717,-0.606427492336312,0.17710762844865968
04501,宮城県,涌谷町,13646,3,0.8333333333333334,1,1.0,0.9500000000000001,高,,0.2641704372883029,0.2641704372883029,0.0
04505,宮城県,美里町,22587,2,0.6666666666666666,1,1.0,0.9,高,,-0.5553691795466814,-0.5553691795466814,0.0
04581,宮城県,女川町,5743,0,,,0.5,0.47500000000000003,低,ACTIVITY|EQUIPMENT,0.04961635018613714,0.04961635018613714,0.0
04606,宮城県,南三陸町,10792,1,1,1,0.3,0.895,中,,0.10981550533495622,0.10981550533495622,0.0
05201,秋田県,秋田市,295501,21,0.9285714285714286,0.9285714285714286,1.0,0.9678571428571429,高,,0.10676825891205373,0.10676825891205373,0.0
05202,秋田県,能代市,44748,5,0.9166666666666666,1,1.0,0.9750000000000001,高,,0.7602779847256674,0.7602779847256674,0.0
05203,秋田県,横手市,78878,4,0.8333333333333334,0.75,1.0,0.9125,高,,0.18923437055101044,0.18923437055101044,0.0
05204,秋田県,大館市,63908,6,1,1,1.0,1.0,高,,0.051525240912257034,0.051525240912257034,0.0
05206,秋田県,男鹿市,21867,1,1,1,1.0,1.0,高,,0.08215676532836208,0.08215676532836208,0.0
05207,秋田県,湯沢市,37552,2,1,1,1.0,1.0,高,,-0.27455481649859675,-0.27455481649859675,0.0
05209,秋田県,鹿角市,25808,3,0.8888888888888888,1,0.85,0.9441666666666668,高,,0.14038516346850868,0.14038516346850868,0.0
05210,秋田県,由利本荘市,69070,6,1,1,1.0,1.0,高,,0.23194105008028565,0.23194105008028565,0.0
05211,秋田県,潟上市,30054,2,1,1,1.0,1.0,高,,-0.30684381088502394,-0.30684381088502394,0.0
05212,秋田県,大仙市,71758,6,0.9333333333333333,1,1.0,0.98,高,,0.06005298917726001,0.06005298917726001,0.0
05213,秋田県,北秋田市,27068,2,1,1,1.0,1.0,高,,0.04595667880718166,0.04595667880718166,0.0
05214,秋田県,にかほ市,21444,1,,,1.0,0.55,低,ACTIVITY|EQUIPMENT,-0.748565876928144,-0.5428470489602618,0.2057188279678822
05215,秋田県,仙北市,21621,2,1,1,1.0,1.0,高,,0.13307907227764043,0.13307907227764043,0.0
05303,秋田県,小坂町,4212,0,,,0.5,0.47500000000000003,低,ACTIVITY|EQUIPMENT,0.07778879532629779,0.07778879532629779,0.0
05327,秋田県,上小阿仁村,1762,0,,,0.5,0.47500000000000003,低,ACTIVITY|EQUIPMENT,-0.03219738185803397,-0.03219738185803397,0.0
05346,秋田県,藤里町,2489,0,,,0.5,0.47500000000000003,低,ACTIVITY|EQUIPMENT,-0.050917543685723675,-0.050917543685723675,0.0
05348,秋田県,三種町,13386,1,1,1,0.35,0.9025,高,,-0.4776966429144513,-0.4776966429144513,0.0
05349,秋田県,八峰町,5824,0,,,0.5,0.47500000000000003,低,ACTIVITY|EQUIPMENT,-0.7314234819848187,-0.5116790581542157,0.219744423830603
05361,秋田県,五城目町,7580,0,,,0.5,0.47500000000000003,低,ACTIVITY|EQUIPMENT,-0.6605142866509155,-0.38275324845621,0.2777610381947055
05363,秋田県,八郎潟町,5025,1,1,1,0.3,0.895,中,,0.8027063411602577,0.8027063411602577,0.0
05366,秋田県,井川町,4108,0,,,0.5,0.47500000000000003,低,ACTIVITY|EQUIPMENT,-0.4110498222119,-0.4110498222119,0.0
05368,秋田県,大潟村,2794,0,,,0.5,0.47500000000000003,低,ACTIVITY|EQUIPMENT,-0.01771654994855105,-0.01771654994855105,0.0
05434,秋田県,美郷町,16598,0,,,1.0,0.55,低,ACTIVITY|EQUIPMENT,-0.7429769211076257,-0.532685311104774,0.21029161000285168
05463,秋田県,羽後町,12484,1,1,1,0.3,0.895,中,,0.19858470169606007,0.19858470169606007,0.0
05464,秋田県,東成瀬村,2524,0,,,0.5,0.47500000000000003,低,ACTIVITY|EQUIPMENT,0.12753351858819567,0.12753351858819567,0.0
06201,山形県,山形市,241236,17,0.8666666666666667,0.8666666666666667,1.0,0.9400000000000001,高,,0.4672794694151504,0.4672794694151504,0.0
06202,山形県,米沢市,76691,5,0.8666666666666667,0.8,1.0,0.93,高,,0.11673369334763271,0.11673369334763271,0.0
06203,山形県,鶴岡市,114566,6,0.888888888888889,0.8333333333333334,1.0,0.9416666666666668,高,,-0.1535023612873858,-0.1535023612873858,0.0
06204,山形県,酒田市,93675,5,1,1,1.0,1.0,高,,0.07662511013210596,0.07662511013210596,0.0
06205,山形県,新庄市,31065,3,1,1,0.85,0.9775,高,,0.9906236319212083,0.9906236319212083,0.0
06206,山形県,寒河江市,38422,2,1,1,1.0,1.0,高,,-0.5109918580307264,-0.5109918580307264,0.0
06207,山形県,上山市,26708,3,1,1,0.85,0.9775,高,,-0.076899736255882,-0.076899736255882,0.0
06208,山形県,村山市,20094,0,,,1.0,0.55,低,ACTIVITY|EQUIPMENT,-0.6813887998146712,-0.4207069087539476,0.26068189106072354
06209,山形県,長井市,24765,2,1,1,1.0,1.0,高,,-0.5569220505157847,-0.5569220505157847,0.0
06210,山形県,天童市,60430,4,1,1,1.0,1.0,高,,-0.23725866474000593,-0.23725866474000593,0.0
06211,山形県,東根市,47098,2,1,1,1.0,1.0,高,,0.27798288375349195,0.27798288375349195,0.0
06212,山形県,尾花沢市,12987,1,1,1,1.0,1.0,高,,-0.47937200559730975,-0.47937200559730975,0.0
06213,山形県,南陽市,28221,2,0.6666666666666666,0.5,1.0,0.825,中,,-0.6284295968553628,-0.6284295968553628,0.0
06301,山形県,山辺町,12940,0,,,0.5,0.47500000000000003,低,ACTIVITY|EQUIPMENT,-0.650623372063354,-0.3647697673879163,0.2858536046754377
06302,山形県,中山町,9995,0,,,0.5,0.47500000000000003,低,ACTIVITY|EQUIPMENT,-0.691100926490004,-0.4383653208909163,0.2527356055990877
06321,山形県,河北町,16421,2,1,1,0.8,0.97,高,,0.7755585078464831,0.7755585078464831,0.0
06322,山形県,西川町,4296,1,1,1,0.5,0.9249999999999999,高,,0.2444745457453653,0.2444745457453653,0.0
06323,山形県,朝日町,5633,1,1,1,0.5,0.9249999999999999,高,,0.3978454948782755,0.3978454948782755,0.0
06324,山形県,大江町,6930,0,,,0.5,0.47500000000000003,低,ACTIVITY|EQUIPMENT,-0.6614212753761446,-0.38440231886571735,0.27701895651042724
06341,山形県,大石田町,5871,0,,,0.5,0.47500000000000003,低,ACTIVITY|EQUIPMENT,-0.4933978454173124,-0.35523362144021575,0.13816422397709666
06361,山形県,金山町,4509,0,,,0.5,0.47500000000000003,低,ACTIVITY|EQUIPMENT,-0.39094348111849764,-0.39094348111849764,0.0
06362,山形県,最上町,7245,1,1,1,0.5,0.9249999999999999,高,,0.3184906965995332,0.3184906965995332,0.0
06363,山形県,舟形町,4484,0,,,0.5,0.47500000000000003,低,ACTIVITY|EQUIPMENT,-0.41866108519405026,-0.41866108519405026,0.0
06364,山形県,真室川町,6363,1,1,1,0.5,0.9249999999999999,高,,0.6594936575403346,0.6594936575403346,0.0
06365,山形県,大蔵村,2668,0,,,0.5,0.47500000000000003,低,ACTIVITY|EQUIPMENT,-0.23674570712144705,-0.23674570712144705,0.0
06366,山形県,鮭川村,3502,0,,,0.5,0.47500000000000003,低,ACTIVITY|EQUIPMENT,-0.06419754625534445,-0.06419754625534445,0.0
06367,山形県,戸沢村,3718,0,,,0.5,0.47500000000000003,低,ACTIVITY|EQUIPMENT,-0.2726376319337844,-0.2726376319337844,0.0
06381,山形県,高畠町,20643,1,1,1,0.8,0.97,高,,-0.32071466859151676,-0.32071466859151676,0.0
06382,山形県,川西町,12991,2,1,1,0.5,0.9249999999999999,高,,1.2372474027826597,1.2372474027826597,0.0
06401,山形県,小国町,6321,1,1,1,0.3,0.895,中,,-0.08323978934676488,-0.08323978934676488,0.0
06402,山形県,白鷹町,11617,1,1,1,0.5,0.9249999999999999,高,,0.09501866051821936,0.09501866051821936,0.0
06403,山形県,飯豊町,6001,0,,,0.5,0.47500000000000003,低,ACTIVITY|EQUIPMENT,-0.6674689481040939,-0.39539808746198885,0.272070860642105
06426,山形県,三川町,7351,1,0.6666666666666666,1,0.35,0.8025,中,,0.5201651015268584,0.5201651015268584,0.0
06428,山形県,庄内町,18226,1,1,1,0.65,0.9475,高,,0.7625724882881587,0.7625724882881587,0.0
06461,山形県,遊佐町,11669,1,1,1,0.5,0.9249999999999999,高,,-0.5497824531590982,-0.5497824531590982,0.0
07201,福島県,福島市,273384,20,0.9777777777777777,1,1.0,0.9933333333333334,高,,0.1467895275952764,0.1467895275952764,0.0
07202,福島県,会津若松市,109725,7,0.8888888888888888,1,1.0,0.9666666666666668,高,,0.6898716721856476,0.6898716721856476,0.0
07203,福島県,郡山市,319847,22,0.8833333333333333,0.95,1.0,0.9575,高,,0.17356793660769793,0.17356793660769793,0.0
07205,福島県,白河市,56170,2,1,1,1.0,1.0,高,,0.46168409885652867,0.46168409885652867,0.0
07207,福島県,須賀川市,72248,6,1,1,1.0,1.0,高,,0.4523114561362185,0.4523114561362185,0.0
07208,福島県,喜多方市,41008,5,0.8333333333333334,1,1.0,0.9500000000000001,高,,-0.3527212231305946,-0.3527212231305946,0.0
07210,福島県,二本松市,50053,3,1,1,1.0,1.0,高,,-0.10968987133583337,-0.10968987133583337,0.0
07211,福島県,田村市,31276,1,1,1,1.0,1.0,高,,-0.7157802627174301,-0.7157802627174301,0.0
07213,福島県,伊達市,54084,2,1,1,1.0,1.0,高,,-0.4305589961377146,-0.4305589961377146,0.0
07214,福島県,本宮市,29301,2,1,1,1.0,1.0,高,,-0.19466113947925764,-0.19466113947925764,0.0
07301,福島県,桑折町,10624,0,,,0.5,0.47500000000000003,低,ACTIVITY|EQUIPMENT,-0.6762947824462121,-0.41144505899311284,0.26484972345309926
07303,福島県,国見町,7828,1,1,1,0.3,0.895,中,,0.9441624116482454,0.9441624116482454,0.0
07308,福島県,川俣町,10716,1,1,1,0.3,0.895,中,,0.007531453718989896,0.007531453718989896,0.0
07322,福島県,大玉村,8917,0,,,0.5,0.47500000000000003,低,ACTIVITY|EQUIPMENT,-0.46545454545454545,-0.46545454545454545,0.0
07342,福島県,鏡石町,11938,0,,,0.5,0.47500000000000003,低,ACTIVITY|EQUIPMENT,-0.6465977749000634,-0.3574504998182971,0.28914727508176635
07344,福島県,天栄村,4760,0,,,0.5,0.47500000000000003,低,ACTIVITY|EQUIPMENT,-0.20038648768072828,-0.20038648768072828,0.0
07362,福島県,下郷町,4648,0,,,0.5,0.47500000000000003,低,ACTIVITY|EQUIPMENT,-0.3386133562653698,-0.3386133562653698,0.0
07364,福島県,檜枝岐村,447,0,,,0.5,0.47500000000000003,低,ACTIVITY|EQUIPMENT,0.28385744849213096,0.28385744849213096,0.0
07367,福島県,只見町,3606,0,,,0.5,0.47500000000000003,低,ACTIVITY|EQUIPMENT,-0.07312309085514399,-0.07312309085514399,0.0
07368,福島県,南会津町,12592,1,1,1,1.0,1.0,高,,0.41971255220833237,0.41971255220833237,0.0
07402,福島県,北塩原村,2315,0,,,0.5,0.47500000000000003,低,ACTIVITY|EQUIPMENT,0.14934211802300992,0.14934211802300992,0.0
07405,福島県,西会津町,5112,0,,,0.5,0.47500000000000003,低,ACTIVITY|EQUIPMENT,-0.43698254190641755,-0.43698254190641755,0.0
07407,福島県,磐梯町,3069,0,,,0.5,0.47500000000000003,低,ACTIVITY|EQUIPMENT,-0.03408230703063815,-0.03408230703063815,0.0
07408,福島県,猪苗代町,12033,1,1,1,0.5,0.9249999999999999,高,,-0.25238479903238725,-0.25238479903238725,0.0
07421,福島県,会津坂下町,13898,1,1,1,0.5,0.9249999999999999,高,,0.49298421353507904,0.49298421353507904,0.0
07422,福島県,湯川村,2890,0,,,0.5,0.47500000000000003,低,ACTIVITY|EQUIPMENT,-0.14545454545454548,-0.14545454545454548,0.0
07423,福島県,柳津町,2769,0,,,0.5,0.47500000000000003,低,ACTIVITY|EQUIPMENT,0.09829453093255318,0.09829453093255318,0.0
07444,福島県,三島町,1237,1,1,1,0.5,0.9249999999999999,高,,0.021422471552969915,0.021422471552969915,0.0
07445,福島県,金山町,1573,0,,,0.5,0.47500000000000003,低,ACTIVITY|EQUIPMENT,0.28870422391306844,0.28870422391306844,0.0
07446,福島県,昭和村,1079,0,,,0.5,0.47500000000000003,低,ACTIVITY|EQUIPMENT,0.036395255672364145,0.036395255672364145,0.0
07447,福島県,会津美里町,16993,0,,,1.0,0.55,低,ACTIVITY|EQUIPMENT,-0.8470826065972459,-0.7219683756313562,0.1251142309658897
07461,福島県,西郷村,20695,0,,,1.0,0.55,低,ACTIVITY|EQUIPMENT,-0.7079732917390462,-0.4690423486164477,0.2389309431225985
07464,福島県,泉崎村,5913,0,,,0.5,0.47500000000000003,低,ACTIVITY|EQUIPMENT,-0.41290049684843094,-0.41290049684843094,0.0
07465,福島県,中島村,4688,0,,,0.5,0.47500000000000003,低,ACTIVITY|EQUIPMENT,-0.1787775704692559,-0.1787775704692559,0.0
07466,福島県,矢吹町,16751,3,1,1,0.35,0.9025,高,,1.0205236523248031,1.0205236523248031,0.0
07481,福島県,棚倉町,12196,0,,,0.5,0.47500000000000003,低,ACTIVITY|EQUIPMENT,-0.6774056955272225,-0.4134649009585863,0.26394079456863623
07482,福島県,矢祭町,4949,0,,,0.5,0.47500000000000003,低,ACTIVITY|EQUIPMENT,-0.333985030427959,-0.333985030427959,0.0
07483,福島県,塙町,7569,2,1,1,0.35,0.9025,高,,1.0511426234516923,1.0511426234516923,0.0
07484,福島県,鮫川村,2675,0,,,0.5,0.47500000000000003,低,ACTIVITY|EQUIPMENT,-0.03725110536177856,-0.03725110536177856,0.0
07501,福島県,石川町,13210,0,,,0.5,0.47500000000000003,低,ACTIVITY|EQUIPMENT,-0.6232593006580772,-0.31501691028741313,0.3082423903706641
07502,福島県,玉川村,5943,0,,,0.5,0.47500000000000003,低,ACTIVITY|EQUIPMENT,-0.3251092753355314,-0.3251092753355314,0.0
07503,福島県,平田村,5269,1,1,1,0.35,0.9025,高,,0.5282821822558865,0.5282821822558865,0.0
07504,福島県,浅川町,5525,0,,,0.5,0.47500000000000003,低,ACTIVITY|EQUIPMENT,-0.4040641822013546,-0.4040641822013546,0.0
07505,福島県,古殿町,4289,0,,,0.5,0.47500000000000003,低,ACTIVITY|EQUIPMENT,-0.40703126068716494,-0.40703126068716494,0.0
07521,福島県,三春町,16105,1,0.3333333333333333,0.0,1.0,0.65,低,EQUIPMENT,-0.45507446640290344,-0.35891113694459226,0.09616332945831119
07522,福島県,小野町,8586,1,1,1,0.35,0.9025,高,,1.1532338128676893,1.1532338128676893,0.0
07999,福島県,浜通り地域,421046,40,,,1.0,0.55,低,ACTIVITY|EQUIPMENT,-0.38432533534284263,0.11940848119483148,0.5037338165376741
08201,茨城県,水戸市,266163,25,0.9166666666666666,1,1.0,0.9750000000000001,高,,0.4195564786989875,0.4195564786989875,0.0
08202,茨城県,日立市,160753,13,0.9090909090909091,0.9090909090909091,1.0,0.9590909090909091,高,,0.033400914950870726,0.033400914950870726,0.0
08203,茨城県,土浦市,139587,8,1,1,1.0,1.0,高,,0.37645993125446925,0.37645993125446925,0.0
08204,茨城県,古河市,135568,8,1,1,1.0,1.0,高,,-0.08279895096982753,-0.08279895096982753,0.0
08205,茨城県,石岡市,69003,8,1,1,1.0,1.0,高,,-0.021869227157475704,-0.021869227157475704,0.0
08207,茨城県,結城市,49231,2,1,1,1.0,1.0,高,,0.0339372205696875,0.0339372205696875,0.0
08208,茨城県,龍ケ崎市,74345,3,1,1,1.0,1.0,高,,-0.22020882077992066,-0.22020882077992066,0.0
08210,茨城県,下妻市,40855,3,1,1,0.85,0.9775,高,,-0.13746946421849174,-0.13746946421849174,0.0
08211,茨城県,常総市,58374,4,0.8888888888888888,1,1.0,0.9666666666666668,高,,-0.33473939737789754,-0.33473939737789754,0.0
08212,茨城県,常陸太田市,44239,3,1,1,1.0,1.0,高,,-0.4432453105278916,-0.4432453105278916,0.0
08214,茨城県,高萩市,25222,4,0.8888888888888888,1,0.85,0.9441666666666668,高,,0.27968597778720544,0.27968597778720544,0.0
08215,茨城県,北茨城市,38946,3,0.8888888888888888,1,1.0,0.9666666666666668,高,,-0.2996955442504048,-0.2996955442504048,0.0
08216,茨城県,笠間市,69809,5,0.8333333333333334,0.75,1.0,0.9125,高,,0.302328955266438,0.302328955266438,0.0
08217,茨城県,取手市,101460,8,0.8571428571428571,0.8571428571428571,1.0,0.9357142857142857,高,,-0.018847906010999966,-0.018847906010999966,0.0
08219,茨城県,牛久市,82316,2,1,1,1.0,1.0,高,,0.23779128301635474,0.23779128301635474,0.0
08220,茨城県,つくば市,255190,12,1,1,1.0,1.0,高,,0.5025262246971748,0.5025262246971748,0.0
08221,茨城県,ひたちなか市,154405,5,1,1,1.0,1.0,高,,-0.44620101845237814,-0.44620101845237814,0.0
08222,茨城県,鹿嶋市,64249,4,0.9166666666666666,1,1.0,0.9750000000000001,高,,0.07130364279905359,0.07130364279905359,0.0
08223,茨城県,潮来市,25753,0,,,1.0,0.55,低,ACTIVITY|EQUIPMENT,-0.778862714537607,-0.5979322082501947,0.18093050628741236
08224,茨城県,守谷市,70289,3,1,1,1.0,1.0,高,,0.19467483326278337,0.19467483326278337,0.0
08225,茨城県,常陸大宮市,36311,2,1,1,1.0,1.0,高,,0.01816641664782191,0.01816641664782191,0.0
08226,茨城県,那珂市,52231,4,1,1,1.0,1.0,高,,-0.40071110087113027,-0.40071110087113027,0.0
08227,茨城県,筑西市,95963,6,0.9333333333333333,1,1.0,0.98,高,,-0.23240323814816888,-0.23240323814816888,0.0
08228,茨城県,坂東市,49904,2,0.6666666666666666,0.5,1.0,0.825,中,,-0.563446573759832,-0.563446573759832,0.0
08229,茨城県,稲敷市,35097,3,1,1,1.0,1.0,高,,-0.4815328587260551,-0.4815328587260551,0.0
08230,茨城県,かすみがうら市,38225,0,,,1.0,0.55,低,ACTIVITY|EQUIPMENT,-0.8309407403149855,-0.6926195278454282,0.1383212124695573
08231,茨城県,桜川市,35356,2,1,1,1.0,1.0,高,,-0.2938977391548711,-0.2938977391548711,0.0
08232,茨城県,神栖市,93290,5,0.8666666666666667,1,1.0,0.9600000000000001,高,,-0.09110970873258006,-0.09110970873258006,0.0
08233,茨城県,行方市,29644,1,0.6666666666666666,1,1.0,0.9,高,,-0.6766747898470851,-0.6766747898470851,0.0
08234,茨城県,鉾田市,43854,2,0.8333333333333334,1,1.0,0.9500000000000001,高,,-0.648863986316366,-0.648863986316366,0.0
08235,茨城県,つくばみらい市,51712,0,,,1.0,0.55,低,ACTIVITY|EQUIPMENT,-0.8370406027783698,-0.7037101868697632,0.13333041590860661
08236,茨城県,小美玉市,46906,5,0.8333333333333334,1,1.0,0.9500000000000001,高,,-0.045620738533166304,-0.045620738533166304,0.0
08302,茨城県,茨城町,29985,2,1,1,1.0,1.0,高,,0.9661785390037764,0.9661785390037764,0.0
08309,茨城県,大洗町,14610,1,1,1,0.5,0.9249999999999999,高,,0.5729385659380453,0.5729385659380453,0.0
08310,茨城県,城里町,16523,0,,,1.0,0.55,低,ACTIVITY|EQUIPMENT,-0.8161513696656464,-0.665729763028448,0.1504216066371984
08341,茨城県,東海村,37526,2,1,1,0.8,0.97,高,,0.49023261194646717,0.49023261194646717,0.0
08364,茨城県,大子町,13664,3,0.6666666666666666,1,0.5,0.825,中,,0.3498371280214619,0.3498371280214619,0.0
08442,茨城県,美浦村,13594,1,1,1,0.35,0.9025,高,,0.6886855704881287,0.6886855704881287,0.0
08443,茨城県,阿見町,50257,3,1,1,1.0,1.0,高,,0.9395015562601287,0.9395015562601287,0.0
08447,茨城県,河内町,7404,0,,,0.5,0.47500000000000003,低,ACTIVITY|EQUIPMENT,-0.77,-0.5818181818181819,0.18818181818181812
08521,茨城県,八千代町,19946,1,0.6666666666666666,1,1.0,0.9,高,,-0.603145084314986,-0.603145084314986,0.0
08542,茨城県,五霞町,7549,0,,,0.5,0.47500000000000003,低,ACTIVITY|EQUIPMENT,-0.37842435746561465,-0.37842435746561465,0.0
08546,茨城県,境町,23551,1,1,1,1.0,1.0,高,,1.4174872123396718,1.4174872123396718,0.0
08564,茨城県,利根町,14233,0,,,1.0,0.55,低,ACTIVITY|EQUIPMENT,-0.7746276572685997,-0.5902321041247267,0.18439555314387301
09201,栃木県,宇都宮市,505490,32,0.9466666666666667,0.96,1.0,0.978,高,,-0.052312291281766135,-0.052312291281766135,0.0
09202,栃木県,足利市,138002,11,0.9259259259259259,1,1.0,0.9777777777777779,高,,0.01695672463011754,0.01695672463011754,0.0
09203,栃木県,栃木市,149436,6,0.7777777777777778,0.8333333333333334,1.0,0.9083333333333333,高,,-0.34491749922602916,-0.34491749922602916,0.0
09204,栃木県,佐野市,112263,4,1,1,1.0,1.0,高,,-0.11595354773791797,-0.11595354773791797,0.0
09205,栃木県,鹿沼市,89631,3,1,1,1.0,1.0,高,,-0.27912277386869805,-0.27912277386869805,0.0
09206,栃木県,日光市,71148,6,1,1,1.0,1.0,高,,-0.10075459768678914,-0.10075459768678914,0.0
09208,栃木県,小山市,166168,9,0.8888888888888888,0.8888888888888888,1.0,0.9500000000000001,高,,-0.2979920478747892,-0.2979920478747892,0.0
09209,栃木県,真岡市,75587,3,1,1,1.0,1.0,高,,0.32560979483448393,0.32560979483448393,0.0
09210,栃木県,大田原市,69328,4,1,1,1.0,1.0,高,,0.5104357355786332,0.5104357355786332,0.0
09211,栃木県,矢板市,29280,3,1,1,0.85,0.9775,高,,0.1940355863233632,0.1940355863233632,0.0
09213,栃木県,那須塩原市,113063,6,0.8666666666666667,1,1.0,0.9600000000000001,高,,-0.26058334713197573,-0.26058334713197573,0.0
09214,栃木県,さくら市,43748,2,1,1,0.8,0.97,高,,-0.13248121211231395,-0.13248121211231395,0.0
09215,栃木県,那須烏山市,22419,2,1,1,1.0,1.0,高,,0.0808708663316647,0.0808708663316647,0.0
09216,栃木県,下野市,58521,4,1,1,1.0,1.0,高,,1.719023258349298,1.719023258349298,0.0
09301,栃木県,上三川町,30018,1,1,1,0.85,0.9775,高,,0.2558195277627435,0.2558195277627435,0.0
09342,栃木県,益子町,20319,1,,,1.0,0.55,低,ACTIVITY|EQUIPMENT,-0.5870915944410215,-0.249257444438221,0.33783415000280054
09343,栃木県,茂木町,10574,0,,,0.5,0.47500000000000003,低,ACTIVITY|EQUIPMENT,-0.7420359307213538,-0.5309744194933705,0.21106151122798322
09344,栃木県,市貝町,10662,1,1,1,0.35,0.9025,高,,0.6036209223099942,0.6036209223099942,0.0
09345,栃木県,芳賀町,14584,0,,,0.5,0.47500000000000003,低,ACTIVITY|EQUIPMENT,-0.7328796750630081,-0.514326681932742,0.2185529931302661
09361,栃木県,壬生町,38627,1,1,1,1.0,1.0,高,,1.4343556886766864,1.4343556886766864,0.0
09364,栃木県,野木町,24141,2,1,1,0.65,0.9475,高,,-0.3465797577049392,-0.3465797577049392,0.0
09384,栃木県,塩谷町,9132,0,,,0.5,0.47500000000000003,低,ACTIVITY|EQUIPMENT,-0.5948773076808195,-0.26341328669239905,0.3314640209884204
09386,栃木県,高根沢町,28405,2,0.6666666666666666,1,1.0,0.9,高,,-0.399951348928082,-0.399951348928082,0.0
09407,栃木県,那須町,22816,1,,,1.0,0.55,低,ACTIVITY|EQUIPMENT,-0.7065828489265339,-0.4665142707755162,0.24006857815101768
09411,栃木県,那珂川町,13371,1,0.6666666666666666,1,1.0,0.9,高,,-0.44173175006887044,-0.44173175006887044,0.0
10201,群馬県,前橋市,324621,20,0.8888888888888888,0.8888888888888888,1.0,0.9500000000000001,高,,0.30527731233304795,0.30527731233304795,0.0
10202,群馬県,高崎市,369221,25,0.9305555555555556,0.9583333333333334,1.0,0.9729166666666668,高,,-0.017854714943280916,-0.017854714943280916,0.0
10203,群馬県,桐生市,97073,8,0.8333333333333334,0.875,1.0,0.93125,高,,-0.04807561382199606,-0.04807561382199606,0.0
10204,群馬県,伊勢崎市,210617,10,0.8518518518518519,0.8888888888888888,1.0,0.9388888888888889,高,,0.06337432462940688,0.06337432462940688,0.0
10205,群馬県,太田市,221868,11,0.8888888888888888,0.8888888888888888,1.0,0.9500000000000001,高,,-0.029292255034832036,-0.029292255034832036,0.0
10206,群馬県,沼田市,41555,4,1,1,1.0,1.0,高,,0.7674585084433968,0.7674585084433968,0.0
10207,群馬県,館林市,72820,5,0.9166666666666666,1,1.0,0.9750000000000001,高,,0.47794195679421153,0.47794195679421153,0.0
10208,群馬県,渋川市,69602,9,1,1,1.0,1.0,高,,0.6570398495817302,0.6570398495817302,0.0
10209,群馬県,藤岡市,59603,5,0.9166666666666666,1,1.0,0.9750000000000001,高,,0.4996925435896636,0.4996925435896636,0.0
10210,群馬県,富岡市,44056,3,1,1,1.0,1.0,高,,0.3838941956292016,0.3838941956292016,0.0
10211,群馬県,安中市,51556,5,0.9166666666666666,1,1.0,0.9750000000000001,高,,-0.3923125102912317,-0.3923125102912317,0.0
10212,群馬県,みどり市,47266,4,1,1,1.0,1.0,高,,0.7463676642514666,0.7463676642514666,0.0
10344,群馬県,榛東村,14075,0,,,0.5,0.47500000000000003,低,ACTIVITY|EQUIPMENT,-0.6735294991765582,-0.40641727123010585,0.2671122279464524
10345,群馬県,吉岡町,22326,1,1,1,1.0,1.0,高,,-0.2399379513446537,-0.2399379513446537,0.0
10366,群馬県,上野村,990,0,,,0.5,0.47500000000000003,低,ACTIVITY|EQUIPMENT,0.05655872352888739,0.05655872352888739,0.0
10367,群馬県,神流町,1361,0,,,0.5,0.47500000000000003,低,ACTIVITY|EQUIPMENT,0.16609725515406834,0.16609725515406834,0.0
10382,群馬県,下仁田町,5633,1,1,1,0.3,0.895,中,,0.502953650279054,0.502953650279054,0.0
10383,群馬県,南牧村,1299,0,,,0.5,0.47500000000000003,低,ACTIVITY|EQUIPMENT,-0.0026014555504245292,-0.0026014555504245292,0.0
10384,群馬県,甘楽町,11583,0,,,0.5,0.47500000000000003,低,ACTIVITY|EQUIPMENT,-0.5039325804904013,-0.09805923725527531,0.405873343235126
10421,群馬県,中之条町,14060,4,1,1,0.85,0.9775,高,,0.3376906525392304,0.3376906525392304,0.0
10424,群馬県,長野原町,4641,1,1,1,0.3,0.895,中,,0.9145618824634913,0.9145618824634913,0.0
10425,群馬県,嬬恋村,8146,0,,,0.5,0.47500000000000003,低,ACTIVITY|EQUIPMENT,-0.7341666248734977,-0.5166665906790867,0.217500034194411
10426,群馬県,草津町,5572,2,0.6666666666666666,1,0.35,0.8025,中,,0.3528547926156858,0.3528547926156858,0.0
10428,群馬県,高山村,3309,0,,,0.5,0.47500000000000003,低,ACTIVITY|EQUIPMENT,-0.04091055081220506,-0.04091055081220506,0.0
10429,群馬県,東吾妻町,11465,1,1,1,0.3,0.895,中,,0.723197919765306,0.723197919765306,0.0
10443,群馬県,片品村,3558,0,,,0.5,0.47500000000000003,低,ACTIVITY|EQUIPMENT,0.0502069571741011,0.0502069571741011,0.0
10444,群馬県,川場村,3174,1,1,1,0.35,0.9025,高,,0.18864920760782417,0.18864920760782417,0.0
10448,群馬県,昭和村,6630,0,,,0.5,0.47500000000000003,低,ACTIVITY|EQUIPMENT,-0.42585395948560617,-0.42585395948560617,0.0
10449,群馬県,みなかみ町,15425,2,1,1,0.85,0.9775,高,,0.01948534734402513,0.01948534734402513,0.0
10464,群馬県,玉村町,34934,1,1,1,0.85,0.9775,高,,-0.3220204052114476,-0.3220204052114476,0.0
10521,群馬県,板倉町,13023,0,,,0.5,0.47500000000000003,低,ACTIVITY|EQUIPMENT,-0.685403682870171,-0.42800669612758346,0.2573969867425875
10522,群馬県,明和町,10257,1,1,1,0.5,0.9249999999999999,高,,0.18340194759424747,0.18340194759424747,0.0
10523,群馬県,千代田町,10441,0,,,0.5,0.47500000000000003,低,ACTIVITY|EQUIPMENT,-0.4239718903474763,-0.4239718903474763,0.0
10524,群馬県,大泉町,41603,1,0.6666666666666666,1,1.0,0.9,高,,-0.5935328836750926,-0.5935328836750926,0.0
10525,群馬県,邑楽町,24510,1,1,1,1.0,1.0,高,,-0.28579177813113527,-0.28579177813113527,0.0
11101,埼玉県,さいたま市西区,97959,4,1,1,1.0,1.0,高,,0.11867762627304305,0.11867762627304305,0.0
11102,埼玉県,さいたま市北区,151850,3,1,1,1.0,1.0,高,,-0.07369214738607976,-0.07369214738607976,0.0
11103,埼玉県,さいたま市大宮区,122264,5,0.8666666666666667,1,1.0,0.9600000000000001,高,,0.527167147737947,0.527167147737947,0.0
11104,埼玉県,さいたま市見沼区,165778,4,0.6666666666666666,0.6666666666666666,1.0,0.85,中,,-0.7207617486769216,-0.7207617486769216,0.0
11105,埼玉県,さいたま市中央区,105127,3,1,1,1.0,1.0,高,,0.8290798687959451,0.8290798687959451,0.0
11106,埼玉県,さいたま市桜区,98243,3,1,1,1.0,1.0,高,,-0.22717210793211517,-0.22717210793211517,0.0
11107,埼玉県,さいたま市浦和区,169225,4,0.9166666666666666,1,1.0,0.9750000000000001,高,,-0.3140689993332914,-0.3140689993332914,0.0
11108,埼玉県,さいたま市南区,195804,4,0.6666666666666666,0.6666666666666666,1.0,0.85,中,,-0.7112260714169422,-0.7112260714169422,0.0
11109,埼玉県,さいたま市緑区,136678,3,1,1,1.0,1.0,高,,0.008225970137041414,0.008225970137041414,0.0
11110,埼玉県,さいたま市岩槻区,110948,6,1,1,1.0,1.0,高,,-0.3049608624412329,-0.3049608624412329,0.0
11201,埼玉県,川越市,355370,25,0.9444444444444444,1,1.0,0.9833333333333334,高,,-0.1092658502780855,-0.1092658502780855,0.0
11202,埼玉県,熊谷市,188920,12,0.9090909090909091,0.9090909090909091,1.0,0.9590909090909091,高,,0.040432070882447914,0.040432070882447914,0.0
11203,埼玉県,川口市,602313,23,0.9682539682539683,1,1.0,0.9904761904761905,高,,-0.2328185789501742,-0.2328185789501742,0.0
11206,埼玉県,行田市,74480,2,1,1,1.0,1.0,高,,-0.10123217710364832,-0.10123217710364832,0.0
11207,埼玉県,秩父市,55148,4,1,1,1.0,1.0,高,,-0.25074110525977766,-0.25074110525977766,0.0
11208,埼玉県,所沢市,339782,24,0.9682539682539683,0.9523809523809523,1.0,0.9833333333333333,高,,-0.0056327213306132185,-0.0056327213306132185,0.0
11209,埼玉県,飯能市,78885,7,0.8333333333333334,1,1.0,0.9500000000000001,高,,-0.24226444665857816,-0.24226444665857816,0.0
11210,埼玉県,加須市,109475,6,1,1,1.0,1.0,高,,-0.09605821423131282,-0.09605821423131282,0.0
11211,埼玉県,本庄市,76871,11,0.9333333333333333,1,1.0,0.98,高,,0.5338405781281438,0.5338405781281438,0.0
11212,埼玉県,東松山市,90946,7,0.9444444444444444,1,1.0,0.9833333333333334,高,,0.23341343174592105,0.23341343174592105,0.0
11214,埼玉県,春日部市,223590,13,1,1,1.0,1.0,高,,-0.17291397733052832,-0.17291397733052832,0.0
11215,埼玉県,狭山市,143489,9,0.9523809523809523,1,1.0,0.9857142857142858,高,,0.04895943236617064,0.04895943236617064,0.0
11216,埼玉県,羽生市,51044,3,0.8333333333333334,1,1.0,0.9500000000000001,高,,0.4295762659248777,0.4295762659248777,0.0
11217,埼玉県,鴻巣市,113935,4,0.8333333333333334,0.75,1.0,0.9125,高,,-0.5011477400209318,-0.5011477400209318,0.0
11218,埼玉県,深谷市,137365,9,0.9047619047619048,1,1.0,0.9714285714285715,高,,-0.06435292672251305,-0.06435292672251305,0.0
11219,埼玉県,上尾市,225590,5,1,1,1.0,1.0,高,,-0.35645251688702,-0.35645251688702,0.0
11221,埼玉県,草加市,247233,6,1,1,1.0,1.0,高,,-0.4913021316180024,-0.4913021316180024,0.0
11222,埼玉県,越谷市,344085,16,0.9487179487179488,0.9230769230769231,1.0,0.9730769230769231,高,,-0.12576015403617485,-0.12576015403617485,0.0
11223,埼玉県,蕨市,74649,2,1,1,1.0,1.0,高,,-0.5616476055808319,-0.5616476055808319,0.0
11224,埼玉県,戸田市,145357,6,1,1,1.0,1.0,高,,-0.12596881923909092,-0.12596881923909092,0.0
11225,埼玉県,入間市,142042,9,0.9583333333333334,1,1.0,0.9875,高,,-0.3370776274862462,-0.3370776274862462,0.0
11227,埼玉県,朝霞市,143941,4,0.7777777777777778,1,1.0,0.9333333333333333,高,,-0.2962147690350418,-0.2962147690350418,0.0
11228,埼玉県,志木市,76666,2,1,1,1.0,1.0,高,,-0.6337889529188284,-0.6337889529188284,0.0
11229,埼玉県,和光市,85639,5,0.9166666666666666,1,1.0,0.9750000000000001,高,,0.47399131424270496,0.47399131424270496,0.0
11230,埼玉県,新座市,167343,6,1,1,1.0,1.0,高,,-0.33646671529034844,-0.33646671529034844,0.0
11231,埼玉県,桶川市,73780,2,1,1,1.0,1.0,高,,-0.5397674721002778,-0.5397674721002778,0.0
11232,埼玉県,久喜市,146973,7,0.9047619047619048,0.8571428571428571,1.0,0.9500000000000001,高,,-0.1560805503601723,-0.1560805503601723,0.0
11233,埼玉県,北本市,62926,2,1,1,1.0,1.0,高,,0.1492642378752639,0.1492642378752639,0.0
11234,埼玉県,八潮市,93550,4,1,1,1.0,1.0,高,,-0.28418907357078366,-0.28418907357078366,0.0
11235,埼玉県,富士見市,112710,5,0.9333333333333333,1,1.0,0.98,高,,-0.034509981207997004,-0.034509981207997004,0.0
11237,埼玉県,三郷市,142488,5,0.9444444444444444,1,1.0,0.9833333333333334,高,,-0.07789015559250007,-0.07789015559250007,0.0
11238,埼玉県,蓮田市,60028,4,1,1,1.0,1.0,高,,0.038115301136415584,0.038115301136415584,0.0
11239,埼玉県,坂戸市,98595,5,0.8,1,1.0,0.9400000000000001,高,,-0.4192038209012045,-0.4192038209012045,0.0
11240,埼玉県,幸手市,47901,5,0.8888888888888888,1,1.0,0.9666666666666668,高,,-0.02863506803879988,-0.02863506803879988,0.0
11241,埼玉県,鶴ヶ島市,69050,2,0.8333333333333334,1,1.0,0.9500000000000001,高,,-0.2603220017526167,-0.2603220017526167,0.0
11242,埼玉県,日高市,53462,3,0.8888888888888888,1,1.0,0.9666666666666668,高,,0.9725064321757592,0.9725064321757592,0.0
11243,埼玉県,吉川市,74158,2,1,1,1.0,1.0,高,,-0.39762246187605355,-0.39762246187605355,0.0
11245,埼玉県,ふじみ野市,112062,3,1,1,1.0,1.0,高,,-0.4459558536038662,-0.4459558536038662,0.0
11246,埼玉県,白岡市,52451,4,0.8333333333333334,0.75,1.0,0.9125,高,,0.1905641003808747,0.1905641003808747,0.0
11301,埼玉県,伊奈町,45588,5,0.8,0.8,0.8,0.88,中,,1.742275702670411,1.742275702670411,0.0
11324,埼玉県,三芳町,37170,5,1,1,0.85,0.9775,高,,1.4217173279032302,1.4217173279032302,0.0
11326,埼玉県,毛呂山町,33936,3,1,1,0.85,0.9775,高,,1.7192392442495927,1.7192392442495927,0.0
11327,埼玉県,越生町,10279,0,,,0.5,0.47500000000000003,低,ACTIVITY|EQUIPMENT,-0.6763683480546026,-0.4115788146447319,0.26478953340987066
11341,埼玉県,滑川町,19998,1,,,1.0,0.55,低,ACTIVITY|EQUIPMENT,-0.5540806137436965,-0.1892374795339937,0.3648431342097028
11342,埼玉県,嵐山町,17184,1,0.6666666666666666,1,1.0,0.9,高,,-0.6429032694850514,-0.6429032694850514,0.0
11343,埼玉県,小川町,26221,3,0.8888888888888888,1,1.0,0.9666666666666668,高,,0.4559176989159843,0.4559176989159843,0.0
11346,埼玉県,川島町,18154,1,1,1,0.85,0.9775,高,,-0.4982255552393814,-0.4982255552393814,0.0
11347,埼玉県,吉見町,16857,0,,,1.0,0.55,低,ACTIVITY|EQUIPMENT,-0.8327252853461603,-0.6958641551748369,0.1368611301713234
11348,埼玉県,鳩山町,12597,1,1,1,1.0,1.0,高,,-0.2884940322426167,-0.2884940322426167,0.0
11349,埼玉県,ときがわ町,9729,0,,,0.5,0.47500000000000003,低,ACTIVITY|EQUIPMENT,-0.5933591308565697,-0.2606529651937631,0.3327061656628066
11361,埼玉県,横瀬町,7422,0,,,0.5,0.47500000000000003,低,ACTIVITY|EQUIPMENT,-0.3144831831392681,-0.3144831831392681,0.0
11362,埼玉県,皆野町,8550,2,1,1,0.35,0.9025,高,,1.0967961457617457,1.0967961457617457,0.0
11363,埼玉県,長瀞町,6269,0,,,0.5,0.47500000000000003,低,ACTIVITY|EQUIPMENT,-0.5337416522879819,-0.15225754961451257,0.3814841026734693
11365,埼玉県,小鹿野町,9714,1,0.6666666666666666,1,0.3,0.795,中,,0.2345472203462585,0.2345472203462585,0.0
11369,埼玉県,東秩父村,2379,0,,,0.5,0.47500000000000003,低,ACTIVITY|EQUIPMENT,-0.14545454545454548,-0.14545454545454548,0.0
11381,埼玉県,美里町,10682,0,,,0.5,0.47500000000000003,低,ACTIVITY|EQUIPMENT,-0.1800128859222502,-0.1800128859222502,0.0
11383,埼玉県,神川町,12755,0,,,0.5,0.47500000000000003,低,ACTIVITY|EQUIPMENT,-0.6430856281271501,-0.3510647784130002,0.2920208497141499
11385,埼玉県,上里町,29543,0,,,1.0,0.55,低,ACTIVITY|EQUIPMENT,-0.7704408153167754,-0.582619664212319,0.1878211511044564
11408,埼玉県,寄居町,30579,2,1,1,0.85,0.9775,高,,-0.3777521121870817,-0.3777521121870817,0.0
11442,埼玉県,宮代町,33576,0,,,1.0,0.55,低,ACTIVITY|EQUIPMENT,-0.8345493873543979,-0.6991807042807234,0.13536868307367445
11464,埼玉県,杉戸町,42121,1,0.8333333333333334,1,1.0,0.9500000000000001,高,,-0.774128118832464,-0.774128118832464,0.0
11465,埼玉県,松伏町,26940,3,0.8888888888888888,1,1.0,0.9666666666666668,高,,-0.14027096745289883,-0.14027096745289883,0.0
12101,千葉県,千葉市中央区,215052,19,0.9555555555555556,0.9333333333333333,1.0,0.9766666666666668,高,,1.288004079626935,1.288004079626935,0.0
12102,千葉県,千葉市花見川区,173660,4,1,1,1.0,1.0,高,,-0.532867776835601,-0.532867776835601,0.0
12103,千葉県,千葉市稲毛区,161337,6,1,1,1.0,1.0,高,,-0.3131221152109375,-0.3131221152109375,0.0
12104,千葉県,千葉市若葉区,143951,6,0.8666666666666667,1,1.0,0.9600000000000001,高,,-0.26987887478712913,-0.26987887478712913,0.0
12105,千葉県,千葉市緑区,128669,7,0.8571428571428571,0.8571428571428571,1.0,0.9357142857142857,高,,-0.08631453536578289,-0.08631453536578289,0.0
12106,千葉県,千葉市美浜区,148312,5,1,1,1.0,1.0,高,,-0.2534851673037479,-0.2534851673037479,0.0
12202,千葉県,銚子市,53079,4,0.8333333333333334,1,1.0,0.9500000000000001,高,,-0.2896207670547033,-0.2896207670547033,0.0
12203,千葉県,市川市,498861,12,0.8888888888888888,1,1.0,0.9666666666666668,高,,-0.5332279595026962,-0.5332279595026962,0.0
12204,千葉県,船橋市,654810,22,0.8888888888888888,0.9047619047619048,1.0,0.9523809523809524,高,,-0.3167815321844655,-0.3167815321844655,0.0
12205,千葉県,館山市,42440,5,0.8333333333333334,1,1.0,0.9500000000000001,高,,0.2632706755953524,0.2632706755953524,0.0
12206,千葉県,木更津市,137970,11,0.8181818181818181,0.9090909090909091,1.0,0.9318181818181819,高,,0.2646161461744102,0.2646161461744102,0.0
12207,千葉県,松戸市,498909,18,0.9074074074074074,0.9444444444444444,1.0,0.9638888888888889,高,,-0.17478075602156717,-0.17478075602156717,0.0
12208,千葉県,野田市,150572,8,0.888888888888889,1,1.0,0.9666666666666668,高,,-0.28867958316908404,-0.28867958316908404,0.0
12210,千葉県,茂原市,83718,8,1,1,1.0,1.0,高,,-0.2127762251909383,-0.2127762251909383,0.0
12211,千葉県,成田市,134387,6,1,1,1.0,1.0,高,,0.8005610359831159,0.8005610359831159,0.0
12212,千葉県,佐倉市,165235,6,1,1,1.0,1.0,高,,-0.1266609312733398,-0.1266609312733398,0.0
12213,千葉県,東金市,56505,2,1,1,1.0,1.0,高,,0.24652220381450263,0.24652220381450263,0.0
12215,千葉県,旭市,61028,5,0.8888888888888888,1,1.0,0.9666666666666668,高,,0.9358344633414343,0.9358344633414343,0.0
12216,千葉県,習志野市,178762,6,1,1,1.0,1.0,高,,0.04053053896738179,0.04053053896738179,0.0
12217,千葉県,柏市,435045,19,0.9259259259259259,0.9444444444444444,1.0,0.9694444444444444,高,,0.11443460478607079,0.11443460478607079,0.0
12218,千葉県,勝浦市,15238,1,1,1,1.0,1.0,高,,0.9175311933011395,0.9175311933011395,0.0
12219,千葉県,市原市,260022,13,0.8717948717948718,0.8461538461538461,1.0,0.9384615384615386,高,,-0.1833639848482127,-0.1833639848482127,0.0
12220,千葉県,流山市,217368,6,0.8888888888888888,1,1.0,0.9666666666666668,高,,-0.3788200030626167,-0.3788200030626167,0.0
12221,千葉県,八千代市,201996,10,1,1,1.0,1.0,高,,-0.16666404416446737,-0.16666404416446737,0.0
12222,千葉県,我孫子市,128176,6,0.9523809523809523,1,1.0,0.9857142857142858,高,,-0.19874250215307573,-0.19874250215307573,0.0
12223,千葉県,鴨川市,29748,6,0.8888888888888888,1,0.85,0.9441666666666668,高,,1.8903437739131703,1.8903437739131703,0.0
12224,千葉県,鎌ケ谷市,108882,5,0.9166666666666666,1,1.0,0.9750000000000001,高,,-0.2858602876700377,-0.2858602876700377,0.0
12225,千葉県,君津市,77472,4,0.75,1,1.0,0.925,高,,-0.48601043003473754,-0.48601043003473754,0.0
12226,千葉県,富津市,38765,3,0.8888888888888888,1,1.0,0.9666666666666668,高,,-0.492224577289536,-0.492224577289536,0.0
12227,千葉県,浦安市,172942,6,0.9444444444444444,1,1.0,0.9833333333333334,高,,0.0882922499674604,0.0882922499674604,0.0
12228,千葉県,四街道市,95373,4,0.9166666666666666,1,1.0,0.9750000000000001,高,,-0.10266384379640044,-0.10266384379640044,0.0
12229,千葉県,袖ケ浦市,65953,1,1,1,1.0,1.0,高,,-0.5292082208740045,-0.5292082208740045,0.0
12230,千葉県,八街市,64061,4,0.8888888888888888,1,1.0,0.9666666666666668,高,,-0.569565478941951,-0.569565478941951,0.0
12231,千葉県,印西市,109538,3,1,1,1.0,1.0,高,,0.09577266308343359,0.09577266308343359,0.0
12232,千葉県,白井市,62102,3,1,1,1.0,1.0,高,,-0.017684193732588217,-0.017684193732588217,0.0
12233,千葉県,富里市,48872,2,0.8333333333333334,1,1.0,0.9500000000000001,高,,0.3298265900502553,0.3298265900502553,0.0
12234,千葉県,南房総市,32286,3,0.8888888888888888,1,1.0,0.9666666666666668,高,,-0.47035860978444094,-0.47035860978444094,0.0
12235,千葉県,匝瑳市,32544,3,1,1,0.85,0.9775,高,,-0.2477663171654349,-0.2477663171654349,0.0
12236,千葉県,香取市,66487,5,0.9333333333333333,1,1.0,0.98,高,,-0.12255051243000666,-0.12255051243000666,0.0
12237,千葉県,山武市,45111,1,1,1,1.0,1.0,高,,-0.3868330721463629,-0.3868330721463629,0.0
12238,千葉県,いすみ市,32240,2,1,1,1.0,1.0,高,,-0.39277055157643,-0.39277055157643,0.0
12239,千葉県,大網白里市,46941,2,1,1,1.0,1.0,高,,-0.45382013525760534,-0.45382013525760534,0.0
12322,千葉県,酒々井町,20112,1,1,1,0.65,0.9475,高,,-0.33067446050089105,-0.33067446050089105,0.0
12329,千葉県,栄町,18927,1,0.6666666666666666,1,1.0,0.9,高,,-0.5832471002943409,-0.5832471002943409,0.0
12342,千葉県,神崎町,5480,0,,,0.5,0.47500000000000003,低,ACTIVITY|EQUIPMENT,-0.40373621058036424,-0.40373621058036424,0.0
12347,千葉県,多古町,12763,1,1,1,0.5,0.9249999999999999,高,,0.3127483489847469,0.3127483489847469,0.0
12349,千葉県,東庄町,11994,1,1,1,0.5,0.9249999999999999,高,,-0.20120975205653555,-0.20120975205653555,0.0
12403,千葉県,九十九里町,13319,1,1,1,0.15,0.8724999999999999,中,,0.31634261132058594,0.31634261132058594,0.0
12409,千葉県,芝山町,6517,1,1,1,0.2,0.88,中,,0.4853073711539025,0.4853073711539025,0.0
12410,千葉県,横芝光町,20591,1,1,1,1.0,1.0,高,,-0.3316668037557521,-0.3316668037557521,0.0
12421,千葉県,一宮町,11847,0,,,0.5,0.47500000000000003,低,ACTIVITY|EQUIPMENT,-0.5724231060592071,-0.22258746556219478,0.3498356404970123
12422,千葉県,睦沢町,6326,0,,,0.5,0.47500000000000003,低,ACTIVITY|EQUIPMENT,-0.721667355995548,-0.49394064726463266,0.22772670873091533
12423,千葉県,長生村,12948,0,,,0.5,0.47500000000000003,低,ACTIVITY|EQUIPMENT,-0.6673311794467593,-0.3951475989941079,0.27218358045265145
12424,千葉県,白子町,9562,0,,,0.5,0.47500000000000003,低,ACTIVITY|EQUIPMENT,-0.606632025204357,-0.28478550037155825,0.32184652483279874
12426,千葉県,長柄町,6137,2,1,1,0.35,0.9025,高,,1.2293878592975294,1.2293878592975294,0.0
12427,千葉県,長南町,6460,0,,,0.5,0.47500000000000003,低,ACTIVITY|EQUIPMENT,-0.7104051862100855,-0.47346397492742825,0.23694121128265727
12441,千葉県,大多喜町,8048,2,1,1,0.35,0.9025,高,,0.3461976972395157,0.3461976972395157,0.0
12443,千葉県,御宿町,6455,0,,,0.5,0.47500000000000003,低,ACTIVITY|EQUIPMENT,-0.6939117269560043,-0.44347586719273513,0.2504358597632692
12463,千葉県,鋸南町,6199,1,1,1,0.15,0.8724999999999999,中,,0.37238008951992313,0.37238008951992313,0.0
13101,東京都,千代田区,69781,14,0.9285714285714286,1,1.0,0.9785714285714286,高,,2.2259562811037545,2.2259562811037545,0.0
13102,東京都,中央区,180892,4,1,1,1.0,1.0,高,,0.5992494553520267,0.5992494553520267,0.0
13103,東京都,港区,269627,14,1,1,1.0,1.0,高,,1.1281171124591718,1.1281171124591718,0.0
13104,東京都,新宿区,357875,13,0.9722222222222222,1,1.0,0.9916666666666667,高,,1.1847841288744652,1.1847841288744652,0.0
13105,東京都,文京区,250756,9,1,1,1.0,1.0,高,,1.1463838789324061,1.1463838789324061,0.0
13106,東京都,台東区,221041,8,1,1,1.0,1.0,高,,-0.18747153709986197,-0.18747153709986197,0.0
13107,東京都,墨田区,280430,12,0.9487179487179487,1,1.0,0.9846153846153847,高,,0.25994156733464624,0.25994156733464624,0.0
13108,東京都,江東区,547596,20,1,1,1.0,1.0,高,,-0.1540387311351648,-0.1540387311351648,0.0
13109,東京都,品川区,427526,15,0.9333333333333333,0.9333333333333333,1.0,0.97,高,,0.17673000773496475,0.17673000773496475,0.0
13110,東京都,目黒区,286311,10,0.9,0.9,1.0,0.9550000000000001,高,,0.20716732149103728,0.20716732149103728,0.0
13111,東京都,大田区,749353,22,0.9393939393939394,1,1.0,0.9818181818181819,高,,-0.15160456527324645,-0.15160456527324645,0.0
13112,東京都,世田谷区,946010,27,1,1,1.0,1.0,高,,-0.3244526227051502,-0.3244526227051502,0.0
13113,東京都,渋谷区,247231,14,0.9761904761904762,1,1.0,0.9928571428571429,高,,0.585691242912186,0.585691242912186,0.0
13114,東京都,中野区,352892,8,1,1,1.0,1.0,高,,-0.15730179837079172,-0.15730179837079172,0.0
13115,東京都,杉並区,589517,19,0.9444444444444444,1,1.0,0.9833333333333334,高,,-0.34392452167740845,-0.34392452167740845,0.0
13116,東京都,豊島区,308478,11,0.9333333333333333,1,1.0,0.98,高,,-0.2410983600232121,-0.2410983600232121,0.0
13117,東京都,北区,355639,19,0.9583333333333334,1,1.0,0.9875,高,,-0.08251007481365803,-0.08251007481365803,0.0
13118,東京都,荒川区,217571,10,0.9666666666666667,1,1.0,0.99,高,,-0.28075891935233965,-0.28075891935233965,0.0
13119,東京都,板橋区,591743,40,0.9487179487179487,1,1.0,0.9846153846153847,高,,0.40366286244005123,0.40366286244005123,0.0
13120,東京都,練馬区,764570,22,0.8484848484848485,0.8636363636363636,1.0,0.9340909090909091,高,,-0.4372614579579531,-0.4372614579579531,0.0
13121,東京都,足立区,700264,58,0.8782051282051282,0.9038461538461539,1.0,0.9490384615384616,高,,-0.04553307992874556,-0.04553307992874556,0.0
13122,東京都,葛飾区,457090,21,0.95,1,1.0,0.9850000000000001,高,,-0.17269192977815342,-0.17269192977815342,0.0
13123,東京都,江戸川区,692618,22,0.9545454545454546,0.9545454545454546,1.0,0.9795454545454546,高,,-0.3488819024168826,-0.3488819024168826,0.0
13201,東京都,八王子市,577448,34,0.9523809523809524,0.9642857142857143,1.0,0.9803571428571428,高,,-0.1388727377689716,-0.1388727377689716,0.0
13202,東京都,立川市,185427,7,0.9523809523809523,1,1.0,0.9857142857142858,高,,0.3417993388646411,0.3417993388646411,0.0
13203,東京都,武蔵野市,154175,7,0.9444444444444444,1,1.0,0.9833333333333334,高,,0.2208499533752123,0.2208499533752123,0.0
13204,東京都,三鷹市,197885,6,1,1,1.0,1.0,高,,0.1612906478242126,0.1612906478242126,0.0
13205,東京都,青梅市,129258,14,1,1,1.0,1.0,高,,0.1702006721094054,0.1702006721094054,0.0
13206,東京都,府中市,265595,14,0.9696969696969697,1,1.0,0.990909090909091,高,,0.21586984877329626,0.21586984877329626,0.0
13207,東京都,昭島市,115091,7,1,1,1.0,1.0,高,,0.20559331648493742,0.20559331648493742,0.0
13208,東京都,調布市,248007,8,0.9047619047619048,0.8571428571428571,1.0,0.9500000000000001,高,,-0.42862998834122157,-0.42862998834122157,0.0
13209,東京都,町田市,431122,21,0.9777777777777777,1,1.0,0.9933333333333334,高,,-0.3168816000004868,-0.3168816000004868,0.0
13210,東京都,小金井市,128382,5,1,1,1.0,1.0,高,,-0.4229492097889449,-0.4229492097889449,0.0
13211,東京都,小平市,200960,10,1,1,1.0,1.0,高,,0.06726718974647838,0.06726718974647838,0.0
13212,東京都,日野市,192017,7,1,1,1.0,1.0,高,,-0.4144081415839964,-0.4144081415839964,0.0
13213,東京都,東村山市,152572,12,0.8888888888888888,0.8888888888888888,1.0,0.9500000000000001,高,,0.027802839807376998,0.027802839807376998,0.0
13214,東京都,国分寺市,132238,2,0.8333333333333334,1,1.0,0.9500000000000001,高,,-0.6380520934904053,-0.6380520934904053,0.0
13215,東京都,国立市,77602,2,0.8333333333333334,1,1.0,0.9500000000000001,高,,-0.5076212484458287,-0.5076212484458287,0.0
13218,東京都,福生市,54836,4,1,1,1.0,1.0,高,,0.7308871693837763,0.7308871693837763,0.0
13219,東京都,狛江市,86492,1,,,1.0,0.55,低,ACTIVITY|EQUIPMENT,-0.7241801144135632,-0.49850929893375123,0.225670815479812
13220,東京都,東大和市,83796,2,0.8333333333333334,1,1.0,0.9500000000000001,高,,-0.19412752285338314,-0.19412752285338314,0.0
13221,東京都,清瀬市,75964,11,1,1,1.0,1.0,高,,0.7960375795442857,0.7960375795442857,0.0
13222,東京都,東久留米市,113646,4,0.6666666666666666,0.5,1.0,0.825,中,,-0.6329160062808998,-0.6329160062808998,0.0
13223,東京都,武蔵村山市,70665,4,1,1,1.0,1.0,高,,0.34070404319525466,0.34070404319525466,0.0
13224,東京都,多摩市,146282,7,0.8333333333333334,0.8333333333333334,1.0,0.925,高,,0.060446998354894727,0.060446998354894727,0.0
13225,東京都,稲城市,96490,4,1,1,1.0,1.0,高,,-0.17149937276952631,-0.17149937276952631,0.0
13227,東京都,羽村市,52756,2,1,1,1.0,1.0,高,,-0.6019709585227183,-0.6019709585227183,0.0
13228,東京都,あきる野市,77773,4,1,1,1.0,1.0,高,,-0.1415028557281492,-0.1415028557281492,0.0
13229,東京都,西東京市,210968,6,0.888888888888889,0.8333333333333334,1.0,0.9416666666666668,高,,-0.13950664623679093,-0.13950664623679093,0.0
13303,東京都,瑞穂町,30572,1,1,1,0.65,0.9475,高,,-0.7341576151419135,-0.7341576151419135,0.0
13305,東京都,日の出町,16933,2,1,1,0.65,0.9475,高,,-0.3240820443539924,-0.3240820443539924,0.0
13307,東京都,檜原村,1800,0,,,0.5,0.47500000000000003,低,ACTIVITY|EQUIPMENT,-0.03611126866586138,-0.03611126866586138,0.0
13308,東京都,奥多摩町,4406,1,1,1,0.5,0.9249999999999999,高,,0.7144144661888222,0.7144144661888222,0.0
13361,東京都,大島町,6622,0,,,0.5,0.47500000000000003,低,ACTIVITY|EQUIPMENT,-0.0035775115262688937,-0.0035775115262688937,0.0
13362,東京都,利島村,298,0,,,0.5,0.47500000000000003,低,ACTIVITY|EQUIPMENT,0.36363636363636365,0.36363636363636365,0.0
13363,東京都,新島村,2222,0,,,0.5,0.47500000000000003,低,ACTIVITY|EQUIPMENT,0.32715427537229463,0.32715427537229463,0.0
13364,東京都,神津島村,1764,0,,,0.5,0.47500000000000003,低,ACTIVITY|EQUIPMENT,0.012631786998138777,0.012631786998138777,0.0
13381,東京都,三宅村,2116,0,,,0.5,0.47500000000000003,低,ACTIVITY|EQUIPMENT,-0.012523959301030048,-0.012523959301030048,0.0
13382,東京都,御蔵島村,317,0,,,0.5,0.47500000000000003,低,ACTIVITY|EQUIPMENT,0.36363636363636365,0.36363636363636365,0.0
13401,東京都,八丈町,6622,1,1,1,0.5,0.9249999999999999,高,,0.07350392748537123,0.07350392748537123,0.0
13402,東京都,青ヶ島村,156,0,,,0.5,0.47500000000000003,低,ACTIVITY|EQUIPMENT,0.36363636363636365,0.36363636363636365,0.0
13421,東京都,小笠原村,2828,0,,,0.5,0.47500000000000003,低,ACTIVITY|EQUIPMENT,0.41706663782773773,0.41706663782773773,0.0
14101,神奈川県,横浜市鶴見区,301604,12,0.9722222222222222,1,1.0,0.9916666666666667,高,,-0.16308415786628394,-0.16308415786628394,0.0
14102,神奈川県,横浜市神奈川区,251840,9,1,1,1.0,1.0,高,,-0.014922565764621037,-0.014922565764621037,0.0
14103,神奈川県,横浜市西区,109198,4,1,1,1.0,1.0,高,,0.24362541858089481,0.24362541858089481,0.0
14104,神奈川県,横浜市中区,153114,6,1,1,1.0,1.0,高,,0.5106165610273775,0.5106165610273775,0.0
14105,神奈川県,横浜市南区,196817,4,0.9166666666666666,1,1.0,0.9750000000000001,高,,-0.1711070411030131,-0.1711070411030131,0.0
14106,神奈川県,横浜市保土ケ谷区,205793,6,1,1,1.0,1.0,高,,-0.37399545601304823,-0.37399545601304823,0.0
14107,神奈川県,横浜市磯子区,165884,4,1,1,1.0,1.0,高,,-0.3695837727583714,-0.3695837727583714,0.0
14108,神奈川県,横浜市金沢区,192659,7,1,1,1.0,1.0,高,,0.25033601973719094,0.25033601973719094,0.0
14109,神奈川県,横浜市港北区,368749,6,1,1,1.0,1.0,高,,-0.3198818485625495,-0.3198818485625495,0.0
14110,神奈川県,横浜市戸塚区,285682,13,0.9333333333333333,0.9,1.0,0.965,高,,-0.08613668314608629,-0.08613668314608629,0.0
14111,神奈川県,横浜市港南区,212571,12,0.9393939393939393,0.9090909090909091,1.0,0.9681818181818183,高,,-0.1747517823045931,-0.1747517823045931,0.0
14112,神奈川県,横浜市旭区,240292,14,0.8666666666666667,0.8,1.0,0.93,高,,0.08461017703291403,0.08461017703291403,0.0
14113,神奈川県,横浜市緑区,184100,7,0.888888888888889,0.8333333333333334,1.0,0.9416666666666668,高,,-0.3485514760518801,-0.3485514760518801,0.0
14114,神奈川県,横浜市瀬谷区,119294,5,1,1,1.0,1.0,高,,-0.5794453121913204,-0.5794453121913204,0.0
14115,神奈川県,横浜市栄区,122391,2,1,1,1.0,1.0,高,,-0.302910016286648,-0.302910016286648,0.0
14116,神奈川県,横浜市泉区,149708,5,1,1,1.0,1.0,高,,-0.21582359896633066,-0.21582359896633066,0.0
14117,神奈川県,横浜市青葉区,309958,10,0.9333333333333333,1,1.0,0.98,高,,-0.04786787359561204,-0.04786787359561204,0.0
14118,神奈川県,横浜市都筑区,217048,3,1,1,1.0,1.0,高,,-0.3024469569452511,-0.3024469569452511,0.0
14131,神奈川県,川崎市川崎区,225265,10,0.9666666666666667,1,1.0,0.99,高,,0.48194971236720086,0.48194971236720086,0.0
14132,神奈川県,川崎市幸区,170571,4,0.8888888888888888,1,1.0,0.9666666666666668,高,,-0.3468980830327556,-0.3468980830327556,0.0
14133,神奈川県,川崎市中原区,264595,4,1,1,1.0,1.0,高,,-0.06514708298532217,-0.06514708298532217,0.0
14134,神奈川県,川崎市高津区,231421,5,0.8666666666666667,0.8,1.0,0.93,高,,-0.2260534322453539,-0.2260534322453539,0.0
14135,神奈川県,川崎市多摩区,224423,3,0.6666666666666666,0.5,1.0,0.825,中,,-0.5794304237518861,-0.5794304237518861,0.0
14136,神奈川県,川崎市宮前区,238066,4,0.8333333333333334,1,1.0,0.9500000000000001,高,,-0.25422827429951933,-0.25422827429951933,0.0
14137,神奈川県,川崎市麻生区,180676,8,1,1,1.0,1.0,高,,0.11207982329997546,0.11207982329997546,0.0
14151,神奈川県,相模原市緑区,166758,11,1,1,1.0,1.0,高,,0.023006490024225234,0.023006490024225234,0.0
14152,神奈川県,相模原市中央区,272076,8,0.9629629629629629,1,1.0,0.9888888888888889,高,,-0.4513059981909897,-0.4513059981909897,0.0
14153,神奈川県,相模原市南区,280877,15,0.9487179487179487,1,1.0,0.9846153846153847,高,,0.17467119353016386,0.17467119353016386,0.0
14201,神奈川県,横須賀市,370433,11,1,1,1.0,1.0,高,,-0.23727658379091,-0.23727658379091,0.0
14203,神奈川県,平塚市,255442,9,0.9166666666666666,0.875,1.0,0.95625,高,,-0.2241583992692475,-0.2241583992692475,0.0
14204,神奈川県,鎌倉市,170691,11,1,1,1.0,1.0,高,,0.5097565779338822,0.5097565779338822,0.0
14205,神奈川県,藤沢市,443102,16,1,1,1.0,1.0,高,,-0.10301459115135202,-0.10301459115135202,0.0
14206,神奈川県,小田原市,183233,13,0.8787878787878788,0.9090909090909091,1.0,0.95,高,,0.01708711158106579,0.01708711158106579,0.0
14207,神奈川県,茅ヶ崎市,242388,6,0.8,0.8,1.0,0.91,高,,-0.36121871830673147,-0.36121871830673147,0.0
14208,神奈川県,逗子市,55671,2,0.6666666666666666,1,1.0,0.9,高,,-0.43629333948582877,-0.43629333948582877,0.0
14210,神奈川県,三浦市,39131,2,0.6666666666666666,0.5,1.0,0.825,中,,-0.3650720050338274,-0.3650720050338274,0.0
14211,神奈川県,秦野市,158559,8,0.8666666666666667,0.8,1.0,0.93,高,,-0.24479144628083227,-0.24479144628083227,0.0
14212,神奈川県,厚木市,221368,12,1,1,1.0,1.0,高,,0.015488092539200698,0.015488092539200698,0.0
14213,神奈川県,大和市,243378,9,0.9583333333333334,1,1.0,0.9875,高,,-0.1684406498089846,-0.1684406498089846,0.0
14214,神奈川県,伊勢原市,100509,3,1,1,1.0,1.0,高,,0.8402400592278518,0.8402400592278518,0.0
14215,神奈川県,海老名市,142114,4,1,1,1.0,1.0,高,,0.02050185302978051,0.02050185302978051,0.0
14216,神奈川県,座間市,131506,4,0.9166666666666666,1,1.0,0.9750000000000001,高,,-0.3482098878683914,-0.3482098878683914,0.0
14217,神奈川県,南足柄市,38951,2,1,1,1.0,1.0,高,,-0.5290602206237047,-0.5290602206237047,0.0
14218,神奈川県,綾瀬市,82796,1,1,1,1.0,1.0,高,,-0.7160650681387074,-0.7160650681387074,0.0
14301,神奈川県,葉山町,30884,1,1,1,1.0,1.0,高,,0.2177547304822168,0.2177547304822168,0.0
14321,神奈川県,寒川町,47862,2,1,1,1.0,1.0,高,,-0.3806220894602854,-0.3806220894602854,0.0
14341,神奈川県,大磯町,30912,1,1,1,1.0,1.0,高,,0.6477605914643727,0.6477605914643727,0.0
14342,神奈川県,二宮町,26350,0,,,1.0,0.55,低,ACTIVITY|EQUIPMENT,-0.6737166279449791,-0.4067575053545075,0.2669591225904716
14361,神奈川県,中井町,8816,1,1,1,0.35,0.9025,高,,0.2460328305542961,0.2460328305542961,0.0
14362,神奈川県,大井町,16901,1,1,1,0.15,0.8724999999999999,中,,0.36823026279806387,0.36823026279806387,0.0
14363,神奈川県,松田町,10326,1,1,1,0.3,0.895,中,,0.7970753067148894,0.7970753067148894,0.0
14364,神奈川県,山北町,8889,0,,,0.5,0.47500000000000003,低,ACTIVITY|EQUIPMENT,-0.5829039953197533,-0.241643627854097,0.34126036746565636
14366,神奈川県,開成町,18989,1,,,1.0,0.55,低,ACTIVITY|EQUIPMENT,-0.15682520156877683,0.5330450880567694,0.6898702896255462
14382,神奈川県,箱根町,10510,1,1,1,0.2,0.88,中,,0.013309607913278274,0.013309607913278274,0.0
14383,神奈川県,真鶴町,6152,0,,,0.5,0.47500000000000003,低,ACTIVITY|EQUIPMENT,-0.6660627740904006,-0.39284140743709206,0.27322136665330854
14384,神奈川県,湯河原町,21999,3,1,1,0.85,0.9775,高,,0.33516032261103174,0.33516032261103174,0.0
14401,神奈川県,愛川町,38558,1,1,1,0.8,0.97,高,,-0.49934639652157803,-0.49934639652157803,0.0
14402,神奈川県,清川村,2877,1,,,0.5,0.47500000000000003,低,ACTIVITY|EQUIPMENT,0.2581213589003567,0.2581213589003567,0.0
15101,新潟県,新潟市北区,69446,4,0.7777777777777778,0.6666666666666666,1.0,0.8833333333333333,中,,-0.3838857352013222,-0.3838857352013222,0.0
15102,新潟県,新潟市東区,127978,5,1,1,1.0,1.0,高,,-0.2829795618648787,-0.2829795618648787,0.0
15103,新潟県,新潟市中央区,178438,12,0.9743589743589743,1,1.0,0.9923076923076923,高,,1.035076360176714,1.035076360176714,0.0
15104,新潟県,新潟市江南区,66708,1,1,1,1.0,1.0,高,,-0.3650683831158154,-0.3650683831158154,0.0
15105,新潟県,新潟市秋葉区,71519,3,1,1,1.0,1.0,高,,-0.2851619184896443,-0.2851619184896443,0.0
15106,新潟県,新潟市南区,41311,3,1,1,1.0,1.0,高,,-0.24077237160489182,-0.24077237160489182,0.0
15107,新潟県,新潟市西区,158048,9,1,1,1.0,1.0,高,,0.20901679733441017,0.20901679733441017,0.0
15108,新潟県,新潟市西蒲区,50364,4,0.9166666666666666,1,1.0,0.9750000000000001,高,,-0.44646019315894936,-0.44646019315894936,0.0
15202,新潟県,長岡市,256456,11,0.9,0.9,1.0,0.9550000000000001,高,,-0.1029808625301491,-0.1029808625301491,0.0
15204,新潟県,三条市,89768,7,0.9444444444444444,1,1.0,0.9833333333333334,高,,0.24241487177460327,0.24241487177460327,0.0
15205,新潟県,柏崎市,75111,5,0.8333333333333334,1,1.0,0.9500000000000001,高,,-0.16720670018246603,-0.16720670018246603,0.0
15206,新潟県,新発田市,89876,5,0.9166666666666666,1,1.0,0.9750000000000001,高,,0.013965112330695627,0.013965112330695627,0.0
15208,新潟県,小千谷市,31863,2,1,1,1.0,1.0,高,,-0.0969534197639379,-0.0969534197639379,0.0
15209,新潟県,加茂市,22921,1,1,1,1.0,1.0,高,,-0.49019298823568347,-0.49019298823568347,0.0
15210,新潟県,十日町市,44799,1,1,1,1.0,1.0,高,,-0.2788989109183505,-0.2788989109183505,0.0
15211,新潟県,見附市,37527,1,1,1,1.0,1.0,高,,-0.5637723418078996,-0.5637723418078996,0.0
15212,新潟県,村上市,51987,5,1,1,1.0,1.0,高,,-0.0895826895768597,-0.0895826895768597,0.0
15213,新潟県,燕市,73937,1,1,1,1.0,1.0,高,,-0.7379869401562891,-0.7379869401562891,0.0
15216,新潟県,糸魚川市,36875,2,1,1,1.0,1.0,高,,-0.10626567332509282,-0.10626567332509282,0.0
15217,新潟県,妙高市,27826,2,1,1,1.0,1.0,高,,-0.41725911138153216,-0.41725911138153216,0.0
15218,新潟県,五泉市,43471,2,0.8333333333333334,1,1.0,0.9500000000000001,高,,-0.4056992992970611,-0.4056992992970611,0.0
15222,新潟県,上越市,176550,9,0.9444444444444444,1,1.0,0.9833333333333334,高,,-0.11371831680056808,-0.11371831680056808,0.0
15223,新潟県,阿賀野市,38158,2,0.8333333333333334,1,1.0,0.9500000000000001,高,,-0.4606039874578898,-0.4606039874578898,0.0
15224,新潟県,佐渡市,45785,2,1,1,1.0,1.0,高,,-0.17298125689274887,-0.17298125689274887,0.0
15225,新潟県,魚沼市,31261,2,1,1,1.0,1.0,高,,-0.42425517284541,-0.42425517284541,0.0
15226,新潟県,南魚沼市,51615,4,0.7777777777777778,0.6666666666666666,1.0,0.8833333333333333,中,,-0.018082867003420662,-0.018082867003420662,0.0
15227,新潟県,胎内市,26359,2,1,1,1.0,1.0,高,,-0.34153484527225103,-0.34153484527225103,0.0
15307,新潟県,聖籠町,13887,2,1,1,0.7,0.955,高,,1.6013968905319909,1.6013968905319909,0.0
15342,新潟県,弥彦村,7296,0,,,0.5,0.47500000000000003,低,ACTIVITY|EQUIPMENT,-0.3714751990647422,-0.3714751990647422,0.0
15361,新潟県,田上町,10374,0,,,0.5,0.47500000000000003,低,ACTIVITY|EQUIPMENT,-0.7338434885059325,-0.5160790700107865,0.21776441849514605
15385,新潟県,阿賀町,8620,1,1,1,0.5,0.9249999999999999,高,,0.07803806548974841,0.07803806548974841,0.0
15405,新潟県,出雲崎町,3746,0,,,0.5,0.47500000000000003,低,ACTIVITY|EQUIPMENT,-0.07185890105441875,-0.07185890105441875,0.0
15461,新潟県,湯沢町,7424,1,1,1,0.3,0.895,中,,0.6016538562188304,0.6016538562188304,0.0
15482,新潟県,津南町,8096,1,1,1,0.3,0.895,中,,0.47360240110075497,0.47360240110075497,0.0
15504,新潟県,刈羽村,4185,0,,,0.5,0.47500000000000003,低,ACTIVITY|EQUIPMENT,-0.05276421577685076,-0.05276421577685076,0.0
15581,新潟県,関川村,4541,0,,,0.5,0.47500000000000003,低,ACTIVITY|EQUIPMENT,-0.3314528124753798,-0.3314528124753798,0.0
15586,新潟県,粟島浦村,303,0,,,0.5,0.47500000000000003,低,ACTIVITY|EQUIPMENT,0.36363636363636365,0.36363636363636365,0.0
16201,富山県,富山市,398075,43,0.9428571428571428,1,1.0,0.9828571428571429,高,,0.29581729667342,0.29581729667342,0.0
16202,富山県,高岡市,159568,16,0.861111111111111,0.9166666666666666,1.0,0.9458333333333333,高,,0.24957656754795193,0.24957656754795193,0.0
16204,富山県,魚津市,38207,6,0.8666666666666667,0.8,1.0,0.93,高,,0.2861160863779763,0.2861160863779763,0.0
16205,富山県,氷見市,39249,4,0.8888888888888888,1,1.0,0.9666666666666668,高,,0.0164768589712837,0.0164768589712837,0.0
16206,富山県,滑川市,31493,2,1,1,0.8,0.97,高,,0.069240190863926,0.069240190863926,0.0
16207,富山県,黒部市,38087,4,0.9166666666666666,1,0.85,0.9525000000000001,高,,0.9558267080933905,0.9558267080933905,0.0
16208,富山県,砺波市,46722,6,0.8,1,1.0,0.9400000000000001,高,,0.8139686099236872,0.8139686099236872,0.0
16209,富山県,小矢部市,26578,6,0.9166666666666666,1,1.0,0.9750000000000001,高,,0.21298178996022127,0.21298178996022127,0.0
16210,富山県,南砺市,43424,4,0.8333333333333334,1,1.0,0.9500000000000001,高,,-0.04016624382695423,-0.04016624382695423,0.0
16211,富山県,射水市,88073,6,0.8333333333333334,1,1.0,0.9500000000000001,高,,-0.19250850878014208,-0.19250850878014208,0.0
16321,富山県,舟橋村,3164,0,,,0.5,0.47500000000000003,低,ACTIVITY|EQUIPMENT,0.39664365048588657,0.39664365048588657,0.0
16322,富山県,上市町,17994,1,1,1,0.65,0.9475,高,,0.3016609931713834,0.3016609931713834,0.0
16323,富山県,立山町,23495,1,1,1,1.0,1.0,高,,-0.5117241320646524,-0.5117241320646524,0.0
16342,富山県,入善町,21632,2,1,1,1.0,1.0,高,,-0.45276002526357706,-0.45276002526357706,0.0
16343,富山県,朝日町,9851,2,1,1,0.3,0.895,中,,0.8175971981448916,0.8175971981448916,0.0
17201,石川県,金沢市,450222,43,0.9210526315789473,0.9473684210526315,1.0,0.968421052631579,高,,0.47521517133282787,0.47521517133282787,0.0
17202,石川県,七尾市,46220,5,0.9166666666666666,1,1.0,0.9750000000000001,高,,0.8547610124991158,0.8547610124991158,0.0
17203,石川県,小松市,103678,9,0.8518518518518519,0.8888888888888888,1.0,0.9388888888888889,高,,0.22309755239492432,0.22309755239492432,0.0
17204,石川県,輪島市,21231,1,1,1,0.8,0.97,高,,-0.24200063686309398,-0.24200063686309398,0.0
17205,石川県,珠洲市,11273,1,1,1,0.3,0.895,中,,0.46815625306616226,0.46815625306616226,0.0
17206,石川県,加賀市,58175,6,1,1,1.0,1.0,高,,0.14881299772675452,0.14881299772675452,0.0
17207,石川県,羽咋市,18499,1,1,1,0.8,0.97,高,,0.44934010993123225,0.44934010993123225,0.0
17209,石川県,かほく市,34918,3,0.7777777777777778,0.6666666666666666,1.0,0.8833333333333333,中,,-0.2979303486231955,-0.2979303486231955,0.0
17210,石川県,白山市,109019,4,1,1,1.0,1.0,高,,-0.07779780980088588,-0.07779780980088588,0.0
17211,石川県,能美市,47926,3,1,1,1.0,1.0,高,,0.275134426478854,0.275134426478854,0.0
17212,石川県,野々市市,58681,4,0.8888888888888888,1,1.0,0.9666666666666668,高,,0.17904037981894172,0.17904037981894172,0.0
17324,石川県,川北町,6029,0,,,0.5,0.47500000000000003,低,ACTIVITY|EQUIPMENT,-0.20193854054631902,-0.20193854054631902,0.0
17361,石川県,津幡町,36651,2,1,1,1.0,1.0,高,,-0.2640309470001376,-0.2640309470001376,0.0
17365,石川県,内灘町,25934,2,0.8333333333333334,1,1.0,0.9500000000000001,高,,2.1146802778975466,2.1146802778975466,0.0
17384,石川県,志賀町,16685,1,1,1,1.0,1.0,高,,-0.47037075092588,-0.47037075092588,0.0
17386,石川県,宝達志水町,11070,1,1,1,0.35,0.9025,高,,0.2839290503591972,0.2839290503591972,0.0
17407,石川県,中能登町,15232,0,,,1.0,0.55,低,ACTIVITY|EQUIPMENT,-0.7916785783799061,-0.6212337788725564,0.1704447995073497
17461,石川県,穴水町,7104,1,1,1,0.5,0.9249999999999999,高,,0.8546454179084721,0.8546454179084721,0.0
17463,石川県,能登町,13710,2,0.8333333333333334,1,0.5,0.875,中,,0.5296535379366819,0.5296535379366819,0.0
18201,福井県,福井市,252933,27,0.9420289855072463,0.9565217391304348,1.0,0.9760869565217393,高,,0.5363221365974873,0.5363221365974873,0.0
18202,福井県,敦賀市,61377,5,1,1,1.0,1.0,高,,0.33509281040793054,0.33509281040793054,0.0
18204,福井県,小浜市,27802,2,0.8333333333333334,1,0.8,0.92,高,,0.9541711983182607,0.9541711983182607,0.0
18205,福井県,大野市,28540,4,0.6666666666666666,1,1.0,0.9,高,,-0.40044004097116864,-0.40044004097116864,0.0
18206,福井県,勝山市,20539,2,1,1,0.8,0.97,高,,0.784631012146281,0.784631012146281,0.0
18207,福井県,鯖江市,66571,7,0.8333333333333334,1,1.0,0.9500000000000001,高,,0.33602659906396365,0.33602659906396365,0.0
18208,福井県,あわら市,26082,3,1,1,1.0,1.0,高,,0.16400505637146315,0.16400505637146315,0.0
18209,福井県,越前市,77392,7,0.8888888888888888,1,1.0,0.9666666666666668,高,,0.03733668737939641,0.03733668737939641,0.0
18210,福井県,坂井市,85679,4,1,1,1.0,1.0,高,,-0.4041298400675298,-0.4041298400675298,0.0
18322,福井県,永平寺町,18122,1,1,1,1.0,1.0,高,,2.476436754980982,2.476436754980982,0.0
18382,福井県,池田町,2148,0,,,0.5,0.47500000000000003,低,ACTIVITY|EQUIPMENT,0.13066589559625988,0.13066589559625988,0.0
18404,福井県,南越前町,8899,0,,,0.5,0.47500000000000003,低,ACTIVITY|EQUIPMENT,-0.4396538455047515,0.018811189991360857,0.45846503549611234
18423,福井県,越前町,18625,2,1,1,1.0,1.0,高,,0.19094792695341348,0.19094792695341348,0.0
18442,福井県,美浜町,8638,0,,,0.5,0.47500000000000003,低,ACTIVITY|EQUIPMENT,-0.28340137243066676,-0.28340137243066676,0.0
18481,福井県,高浜町,9607,1,1,1,0.15,0.8724999999999999,中,,0.5462620331149314,0.5462620331149314,0.0
18483,福井県,おおい町,7447,0,,,0.5,0.47500000000000003,低,ACTIVITY|EQUIPMENT,0.21539023574940172,0.21539023574940172,0.0
18501,福井県,若狭町,12471,2,1,1,0.35,0.9025,高,,0.19217449932844383,0.19217449932844383,0.0
19201,山梨県,甲府市,185993,14,0.9166666666666666,0.9166666666666666,1.0,0.9625,高,,0.5974448518075003,0.5974448518075003,0.0
19202,山梨県,富士吉田市,44113,1,1,1,1.0,1.0,高,,0.4046268510198211,0.4046268510198211,0.0
19204,山梨県,都留市,29369,3,0.8333333333333334,1,1.0,0.9500000000000001,高,,0.5109672780654095,0.5109672780654095,0.0
19205,山梨県,山梨市,31632,4,0.8333333333333334,0.75,1.0,0.9125,高,,1.2064581780589285,1.2064581780589285,0.0
19206,山梨県,大月市,20058,1,1,1,0.8,0.97,高,,-0.17580028801800118,-0.17580028801800118,0.0
19207,山梨県,韮崎市,27503,5,0.6666666666666666,0.5,0.8,0.7949999999999999,中,,0.9280661579684907,0.9280661579684907,0.0
19208,山梨県,南アルプス市,67993,5,0.8666666666666667,0.8,1.0,0.93,高,,-0.12848599946037922,-0.12848599946037922,0.0
19209,山梨県,北杜市,42674,2,1,1,1.0,1.0,高,,-0.3946507921558863,-0.3946507921558863,0.0
19210,山梨県,甲斐市,75080,4,0.8333333333333334,1,1.0,0.9500000000000001,高,,-0.5048324253407585,-0.5048324253407585,0.0
19211,山梨県,笛吹市,64679,8,1,1,1.0,1.0,高,,0.1256149660126548,0.1256149660126548,0.0
19212,山梨県,上野原市,20848,2,0.6666666666666666,0.5,0.8,0.7949999999999999,中,,0.26672808250133445,0.26672808250133445,0.0
19213,山梨県,甲州市,27020,2,1,1,0.85,0.9775,高,,-0.3172992768903871,-0.3172992768903871,0.0
19214,山梨県,中央市,30750,1,1,1,1.0,1.0,高,,1.4800714226584752,1.4800714226584752,0.0
19346,山梨県,市川三郷町,13690,0,,,1.0,0.55,低,ACTIVITY|EQUIPMENT,-0.7476986682635804,-0.5412703059337826,0.2064283623297979
19364,山梨県,早川町,932,0,,,0.5,0.47500000000000003,低,ACTIVITY|EQUIPMENT,0.36363636363636365,0.36363636363636365,0.0
19365,山梨県,身延町,8926,3,0.8888888888888888,1,0.35,0.8691666666666668,中,,1.2316006636241152,1.2316006636241152,0.0
19366,山梨県,南部町,6310,0,,,0.5,0.47500000000000003,低,ACTIVITY|EQUIPMENT,-0.6373430618636889,-0.3406237488430708,0.29671931302061816
19368,山梨県,富士川町,13250,2,1,1,0.3,0.895,中,,0.8336637588855068,0.8336637588855068,0.0
19384,山梨県,昭和町,21593,1,0.6666666666666666,1,1.0,0.9,高,,-0.24777800693950788,-0.24777800693950788,0.0
19422,山梨県,道志村,1481,0,,,0.5,0.47500000000000003,低,ACTIVITY|EQUIPMENT,0.004112193631512717,0.004112193631512717,0.0
19423,山梨県,西桂町,3735,0,,,0.5,0.47500000000000003,低,ACTIVITY|EQUIPMENT,0.10192591824275529,0.10192591824275529,0.0
19424,山梨県,忍野村,9348,0,,,0.5,0.47500000000000003,低,ACTIVITY|EQUIPMENT,-0.723748803564282,-0.49772509738960347,0.22602370617467848
19425,山梨県,山中湖村,5045,0,,,0.5,0.47500000000000003,低,ACTIVITY|EQUIPMENT,0.12340462890264678,0.12340462890264678,0.0
19429,山梨県,鳴沢村,2739,0,,,0.5,0.47500000000000003,低,ACTIVITY|EQUIPMENT,-0.02547552564234177,-0.02547552564234177,0.0
19430,山梨県,富士河口湖町,26424,1,1,1,0.8,0.97,高,,0.9303408106120737,0.9303408106120737,0.0
19442,山梨県,小菅村,588,0,,,0.5,0.47500000000000003,低,ACTIVITY|EQUIPMENT,0.1803434559037547,0.1803434559037547,0.0
19443,山梨県,丹波山村,465,0,,,0.5,0.47500000000000003,低,ACTIVITY|EQUIPMENT,0.36363636363636365,0.36363636363636365,0.0
20201,長野県,長野市,363086,23,0.9649122807017544,1,1.0,0.9894736842105264,高,,-0.06083743269103588,-0.06083743269103588,0.0
20202,長野県,松本市,236049,16,0.9523809523809524,0.9285714285714286,1.0,0.975,高,,0.5543042694139835,0.5543042694139835,0.0
20203,長野県,上田市,149188,11,0.8148148148148148,0.7777777777777778,1.0,0.9111111111111111,高,,-0.027651759044417416,-0.027651759044417416,0.0
20204,長野県,岡谷市,44932,3,1,1,1.0,1.0,高,,0.07033956141631238,0.07033956141631238,0.0
20205,長野県,飯田市,93909,6,1,1,1.0,1.0,高,,0.5538342977282646,0.5538342977282646,0.0
20206,長野県,諏訪市,46897,3,1,1,1.0,1.0,高,,0.8561445147193332,0.8561445147193332,0.0
20207,長野県,須坂市,47834,2,1,1,1.0,1.0,高,,0.10089835923623064,0.10089835923623064,0.0
20208,長野県,小諸市,39100,2,0.8333333333333334,1,1.0,0.9500000000000001,高,,0.24095746799268825,0.24095746799268825,0.0
20209,長野県,伊那市,62912,4,0.8888888888888888,1,1.0,0.9666666666666668,高,,0.40654756665793296,0.40654756665793296,0.0
20210,長野県,駒ヶ根市,31056,2,0.6666666666666666,0.5,0.65,0.7725,中,,0.9093431266351532,0.9093431266351532,0.0
20211,長野県,中野市,40487,2,0.8333333333333334,1,1.0,0.9500000000000001,高,,0.5637540852417461,0.5637540852417461,0.0
20212,長野県,大町市,23939,1,1,1,1.0,1.0,高,,0.4063482027300065,0.4063482027300065,0.0
20213,長野県,飯山市,17819,1,1,1,0.65,0.9475,高,,0.5143584103064415,0.5143584103064415,0.0
20214,長野県,茅野市,55025,1,1,1,1.0,1.0,高,,0.10322982918097458,0.10322982918097458,0.0
20215,長野県,塩尻市,66085,5,1,1,1.0,1.0,高,,-0.336678527798002,-0.336678527798002,0.0
20217,長野県,佐久市,96517,7,1,1,1.0,1.0,高,,0.8899058223190977,0.8899058223190977,0.0
20218,長野県,千曲市,56606,4,1,1,1.0,1.0,高,,-0.266122351929925,-0.266122351929925,0.0
20219,長野県,東御市,29446,2,1,1,0.8,0.97,高,,-0.4042289026673297,-0.4042289026673297,0.0
20220,長野県,安曇野市,92161,5,1,1,1.0,1.0,高,,0.09726120873062952,0.09726120873062952,0.0
20303,長野県,小海町,3980,1,1,1,0.35,0.9025,高,,0.5659203717319717,0.5659203717319717,0.0
20304,長野県,川上村,4199,0,,,0.5,0.47500000000000003,低,ACTIVITY|EQUIPMENT,0.23848273619117544,0.23848273619117544,0.0
20305,長野県,南牧村,3061,0,,,0.5,0.47500000000000003,低,ACTIVITY|EQUIPMENT,0.36363636363636365,0.36363636363636365,0.0
20306,長野県,南相木村,880,0,,,0.5,0.47500000000000003,低,ACTIVITY|EQUIPMENT,0.08460707750777896,0.08460707750777896,0.0
20307,長野県,北相木村,678,0,,,0.5,0.47500000000000003,低,ACTIVITY|EQUIPMENT,0.14977200263245302,0.14977200263245302,0.0
20309,長野県,佐久穂町,9379,1,1,1,0.15,0.8724999999999999,中,,0.6326260809586473,0.6326260809586473,0.0
20321,長野県,軽井沢町,19600,1,1,1,1.0,1.0,高,,0.589350133149198,0.589350133149198,0.0
20323,長野県,御代田町,16100,1,1,1,1.0,1.0,高,,1.1423813422988118,1.1423813422988118,0.0
20324,長野県,立科町,6099,0,,,0.5,0.47500000000000003,低,ACTIVITY|EQUIPMENT,-0.345893866000983,-0.345893866000983,0.0
20349,長野県,青木村,3907,0,,,0.5,0.47500000000000003,低,ACTIVITY|EQUIPMENT,-0.05940415024286582,-0.05940415024286582,0.0
20350,長野県,長和町,5067,1,1,1,0.3,0.895,中,,0.590370157826447,0.590370157826447,0.0
20361,長野県,下諏訪町,17837,3,0.7777777777777778,1,0.85,0.9108333333333334,高,,-0.08919028376656817,-0.08919028376656817,0.0
20362,長野県,富士見町,13477,1,1,1,0.3,0.895,中,,0.663487421634906,0.663487421634906,0.0
20363,長野県,原村,7611,0,,,0.5,0.47500000000000003,低,ACTIVITY|EQUIPMENT,-0.20915534331438093,-0.20915534331438093,0.0
20382,長野県,辰野町,17262,1,1,1,0.8,0.97,高,,-0.02602170954252776,-0.02602170954252776,0.0
20383,長野県,箕輪町,24315,1,1,1,0.65,0.9475,高,,-0.469349791864739,-0.469349791864739,0.0
20384,長野県,飯島町,8454,0,,,0.5,0.47500000000000003,低,ACTIVITY|EQUIPMENT,-0.37826862121960375,-0.2087055179158592,0.16956310330374455
20385,長野県,南箕輪村,16296,1,,,1.0,0.55,低,ACTIVITY|EQUIPMENT,-0.6599078980156411,-0.38165072366480196,0.27825717435083913
20386,長野県,中川村,4387,0,,,0.5,0.47500000000000003,低,ACTIVITY|EQUIPMENT,-0.1420915941717368,-0.1420915941717368,0.0
20388,長野県,宮田村,8241,0,,,0.5,0.47500000000000003,低,ACTIVITY|EQUIPMENT,-0.2677019942091053,-0.2677019942091053,0.0
20402,長野県,松川町,11928,1,1,1,0.35,0.9025,高,,0.7633228031108521,0.7633228031108521,0.0
20403,長野県,高森町,12346,1,1,1,0.15,0.8724999999999999,中,,0.8324609653953668,0.8324609653953668,0.0
20404,長野県,阿南町,3652,1,1,1,0.5,0.9249999999999999,高,,0.27028775713830366,0.27028775713830366,0.0
20407,長野県,阿智村,5609,0,,,0.5,0.47500000000000003,低,ACTIVITY|EQUIPMENT,0.36842163784521775,0.36842163784521775,0.0
20409,長野県,平谷村,326,0,,,0.5,0.47500000000000003,低,ACTIVITY|EQUIPMENT,0.36363636363636365,0.36363636363636365,0.0
20410,長野県,根羽村,729,0,,,0.5,0.47500000000000003,低,ACTIVITY|EQUIPMENT,0.11924608661055246,0.11924608661055246,0.0
20411,長野県,下條村,3296,0,,,0.5,0.47500000000000003,低,ACTIVITY|EQUIPMENT,0.10602277336546685,0.10602277336546685,0.0
20412,長野県,売木村,490,0,,,0.5,0.47500000000000003,低,ACTIVITY|EQUIPMENT,0.24299203603632805,0.24299203603632805,0.0
20413,長野県,天龍村,911,0,,,0.5,0.47500000000000003,低,ACTIVITY|EQUIPMENT,0.07372795146592004,0.07372795146592004,0.0
20414,長野県,泰阜村,1347,0,,,0.5,0.47500000000000003,低,ACTIVITY|EQUIPMENT,0.022608608115743663,0.022608608115743663,0.0
20415,長野県,喬木村,5634,0,,,0.5,0.47500000000000003,低,ACTIVITY|EQUIPMENT,-0.23580737783447797,-0.23580737783447797,0.0
20416,長野県,豊丘村,6144,0,,,0.5,0.47500000000000003,低,ACTIVITY|EQUIPMENT,-0.2575304392368287,-0.2575304392368287,0.0
20417,長野県,大鹿村,878,0,,,0.5,0.47500000000000003,低,ACTIVITY|EQUIPMENT,0.08065357923426958,0.08065357923426958,0.0
20422,長野県,上松町,3581,0,,,0.5,0.47500000000000003,低,ACTIVITY|EQUIPMENT,0.06669997079384499,0.06669997079384499,0.0
20423,長野県,南木曽町,3381,0,,,0.5,0.47500000000000003,低,ACTIVITY|EQUIPMENT,-0.05321427768941806,-0.05321427768941806,0.0
20425,長野県,木祖村,2402,0,,,0.5,0.47500000000000003,低,ACTIVITY|EQUIPMENT,-0.023238535761314093,-0.023238535761314093,0.0
20429,長野県,王滝村,618,0,,,0.5,0.47500000000000003,低,ACTIVITY|EQUIPMENT,0.1656307241832098,0.1656307241832098,0.0
20430,長野県,大桑村,3096,0,,,0.5,0.47500000000000003,低,ACTIVITY|EQUIPMENT,-0.2505895229951554,-0.2505895229951554,0.0
20432,長野県,木曽町,9271,1,1,1,0.15,0.8724999999999999,中,,1.0078937731375617,1.0078937731375617,0.0
20446,長野県,麻績村,2311,0,,,0.5,0.47500000000000003,低,ACTIVITY|EQUIPMENT,-0.02262469188820735,-0.02262469188820735,0.0
20448,長野県,生坂村,1476,0,,,0.5,0.47500000000000003,低,ACTIVITY|EQUIPMENT,0.004742039076803009,0.004742039076803009,0.0
20450,長野県,山形村,8136,0,,,0.5,0.47500000000000003,低,ACTIVITY|EQUIPMENT,0.13519115149616437,0.13519115149616437,0.0
20451,長野県,朝日村,4098,0,,,0.5,0.47500000000000003,低,ACTIVITY|EQUIPMENT,-0.050659274452822985,-0.050659274452822985,0.0
20452,長野県,筑北村,3673,0,,,0.5,0.47500000000000003,低,ACTIVITY|EQUIPMENT,0.0014171337919301826,0.0014171337919301826,0.0
20481,長野県,池田町,8571,1,1,1,0.3,0.895,中,,1.3749643895236856,1.3749643895236856,0.0
20482,長野県,松川村,9225,0,,,0.5,0.47500000000000003,低,ACTIVITY|EQUIPMENT,0.013124135040044433,0.013124135040044433,0.0
20485,長野県,白馬村,8187,0,,,0.5,0.47500000000000003,低,ACTIVITY|EQUIPMENT,0.6491409089268596,0.6491409089268596,0.0
20486,長野県,小谷村,2330,0,,,0.5,0.47500000000000003,低,ACTIVITY|EQUIPMENT,-0.016777251097404525,-0.016777251097404525,0.0
20521,長野県,坂城町,12694,0,,,0.5,0.47500000000000003,低,ACTIVITY|EQUIPMENT,-0.5585998657050746,-0.1974543012819537,0.36114556442312085
20541,長野県,小布施町,10567,1,1,1,0.0,0.85,中,BED FUNCTION,1.2665841515257443,1.2665841515257443,0.0
20543,長野県,高山村,6177,0,,,0.5,0.47500000000000003,低,ACTIVITY|EQUIPMENT,-0.2285224141298834,-0.2285224141298834,0.0
20561,長野県,山ノ内町,10254,0,,,0.5,0.47500000000000003,低,ACTIVITY|EQUIPMENT,-0.7397127387110211,-0.5267504340200383,0.21296230469098276
20562,長野県,木島平村,3935,0,,,0.5,0.47500000000000003,低,ACTIVITY|EQUIPMENT,-0.1484719019990044,-0.1484719019990044,0.0
20563,長野県,野沢温泉村,2935,0,,,0.5,0.47500000000000003,低,ACTIVITY|EQUIPMENT,0.26262113660704856,0.26262113660704856,0.0
20583,長野県,信濃町,7023,1,1,1,0.35,0.9025,高,,0.46785988490886465,0.46785988490886465,0.0
20588,長野県,小川村,1936,0,,,0.5,0.47500000000000003,低,ACTIVITY|EQUIPMENT,-0.021014573357076148,-0.021014573357076148,0.0
20590,長野県,飯綱町,9470,1,1,1,0.35,0.9025,高,,0.4859508261558625,0.4859508261558625,0.0
20602,長野県,栄村,1433,0,,,0.5,0.47500000000000003,低,ACTIVITY|EQUIPMENT,0.16798170009699573,0.16798170009699573,0.0
21201,岐阜県,岐阜市,392902,30,0.9166666666666666,0.9642857142857143,1.0,0.9696428571428571,高,,0.418553186304989,0.418553186304989,0.0
21202,岐阜県,大垣市,154850,7,0.9444444444444444,1,1.0,0.9833333333333334,高,,0.3033347244321589,0.3033347244321589,0.0
21203,岐阜県,高山市,78262,3,1,1,1.0,1.0,高,,-0.215186257848169,-0.215186257848169,0.0
21204,岐阜県,多治見市,100822,4,1,1,1.0,1.0,高,,0.24319312100179705,0.24319312100179705,0.0
21205,岐阜県,関市,81718,2,1,1,1.0,1.0,高,,0.11910968907629216,0.11910968907629216,0.0
21206,岐阜県,中津川市,73087,2,1,1,1.0,1.0,高,,-0.2027919873513157,-0.2027919873513157,0.0
21207,岐阜県,美濃市,17926,1,1,1,0.8,0.97,高,,0.25399655098419954,0.25399655098419954,0.0
21208,岐阜県,瑞浪市,35259,2,0.6666666666666666,1,1.0,0.9,高,,-0.5183239755957925,-0.5183239755957925,0.0
21209,岐阜県,羽島市,64073,1,1,1,1.0,1.0,高,,-0.2957215233344419,-0.2957215233344419,0.0
21210,岐阜県,恵那市,43758,2,1,1,1.0,1.0,高,,-0.3129374278946755,-0.3129374278946755,0.0
21211,岐阜県,美濃加茂市,56972,4,0.8333333333333334,0.75,1.0,0.9125,高,,1.331403348285204,1.331403348285204,0.0
21212,岐阜県,土岐市,51792,3,0.6666666666666666,0.5,1.0,0.825,中,,-0.56438383966392,-0.56438383966392,0.0
21213,岐阜県,各務原市,141808,4,0.75,0.75,1.0,0.8875000000000001,中,,-0.43875246056883105,-0.43875246056883105,0.0
21214,岐阜県,可児市,98689,4,0.9166666666666666,1,1.0,0.9750000000000001,高,,-0.3695247525668925,-0.3695247525668925,0.0
21215,岐阜県,山県市,23486,1,,,1.0,0.55,低,ACTIVITY|EQUIPMENT,-0.599746864491046,-0.2722670263473562,0.32747983814368975
21216,岐阜県,瑞穂市,57151,0,,,1.0,0.55,低,ACTIVITY|EQUIPMENT,-0.7085572244515033,-0.4701040444572787,0.23845317999422455
21217,岐阜県,飛騨市,20378,2,0.8333333333333334,1,1.0,0.9500000000000001,高,,-0.3040671311817312,-0.3040671311817312,0.0
21218,岐阜県,本巣市,31719,0,,,1.0,0.55,低,ACTIVITY|EQUIPMENT,-0.7210764855439944,-0.4928663373527171,0.22821014819127727
21219,岐阜県,郡上市,35283,4,0.9166666666666666,1,1.0,0.9750000000000001,高,,0.28946202857194275,0.28946202857194275,0.0
21220,岐阜県,下呂市,26993,3,1,1,0.85,0.9775,高,,0.05225334655183961,0.05225334655183961,0.0
21221,岐阜県,海津市,30362,2,1,1,1.0,1.0,高,,-0.537438950882192,-0.537438950882192,0.0
21302,岐阜県,岐南町,26082,0,,,1.0,0.55,低,ACTIVITY|EQUIPMENT,-0.5083812916373984,-0.10614780297708813,0.4022334886603103
21303,岐阜県,笠松町,21692,2,1,1,0.65,0.9475,高,,2.3787102261530095,2.3787102261530095,0.0
21341,岐阜県,養老町,24810,1,,,1.0,0.55,低,ACTIVITY|EQUIPMENT,-0.6827816144823913,-0.42323929905889335,0.2595423154234979
21361,岐阜県,垂井町,25126,2,1,1,0.65,0.9475,高,,0.6710841200374079,0.6710841200374079,0.0
21362,岐阜県,関ケ原町,5958,0,,,0.5,0.47500000000000003,低,ACTIVITY|EQUIPMENT,-0.46463665362584367,-0.026612097501533937,0.43802455612430974
21381,岐阜県,神戸町,17597,0,,,1.0,0.55,低,ACTIVITY|EQUIPMENT,-0.7088233407633584,-0.4705878922970151,0.2382354484663433
21382,岐阜県,輪之内町,9513,0,,,0.5,0.47500000000000003,低,ACTIVITY|EQUIPMENT,-0.5155798898467945,-0.38346531435046566,0.13211457549632882
21383,岐阜県,安八町,13752,0,,,0.5,0.47500000000000003,低,ACTIVITY|EQUIPMENT,-0.6166082358983899,-0.30292406526979987,0.31368417062859
21401,岐阜県,揖斐川町,17389,0,,,1.0,0.55,低,ACTIVITY|EQUIPMENT,-0.534404571531069,-0.15346285732921638,0.38094171420185263
21403,岐阜県,大野町,20974,1,,,1.0,0.55,低,ACTIVITY|EQUIPMENT,-0.43095923062816494,0.034619580676063695,0.4655788113042286
21404,岐阜県,池田町,21597,1,1,1,1.0,1.0,高,,-0.4304424848666169,-0.4304424848666169,0.0
21421,岐阜県,北方町,17905,0,,,1.0,0.55,低,ACTIVITY|EQUIPMENT,-0.4393150811929697,0.01942712510369146,0.4587422062966612
21501,岐阜県,坂祝町,7885,0,,,0.5,0.47500000000000003,低,ACTIVITY|EQUIPMENT,-0.036057632066471675,-0.036057632066471675,0.0
21502,岐阜県,富加町,5443,0,,,0.5,0.47500000000000003,低,ACTIVITY|EQUIPMENT,0.0817538215766006,0.0817538215766006,0.0
21503,岐阜県,川辺町,9436,0,,,0.5,0.47500000000000003,低,ACTIVITY|EQUIPMENT,-0.009657139366496792,-0.009657139366496792,0.0
21504,岐阜県,七宗町,2994,0,,,0.5,0.47500000000000003,低,ACTIVITY|EQUIPMENT,0.2045867913444651,0.2045867913444651,0.0
21505,岐阜県,八百津町,9352,1,0.6666666666666666,1,0.35,0.8025,中,,-0.35585648960300775,-0.35585648960300775,0.0
21506,岐阜県,白川町,6515,1,1,1,0.35,0.9025,高,,0.9133352636535184,0.9133352636535184,0.0
21507,岐阜県,東白川村,1784,0,,,0.5,0.47500000000000003,低,ACTIVITY|EQUIPMENT,-0.01375109407574742,-0.01375109407574742,0.0
21521,岐阜県,御嵩町,16833,1,0.6666666666666666,1,1.0,0.9,高,,-0.41860179370469514,-0.41860179370469514,0.0
21604,岐阜県,白川村,1380,0,,,0.5,0.47500000000000003,低,ACTIVITY|EQUIPMENT,0.20777227213244923,0.20777227213244923,0.0
22101,静岡県,静岡市葵区,242029,15,0.9285714285714286,0.9285714285714286,1.0,0.9678571428571429,高,,0.415930181337931,0.415930181337931,0.0
22102,静岡県,静岡市駿河区,210865,4,1,1,1.0,1.0,高,,-0.3543535549348039,-0.3543535549348039,0.0
22103,静岡県,静岡市清水区,220872,7,0.888888888888889,0.8333333333333334,1.0,0.9416666666666668,高,,-0.4658323788367521,-0.4658323788367521,0.0
22203,静岡県,沼津市,180836,10,0.8518518518518519,0.8888888888888888,1.0,0.9388888888888889,高,,-0.2131995398612433,-0.2131995398612433,0.0
22205,静岡県,熱海市,31835,5,0.9333333333333333,1,0.85,0.9575,高,,1.0909496809266226,1.0909496809266226,0.0
22206,静岡県,三島市,103034,6,1,1,1.0,1.0,高,,-0.13066967705940613,-0.13066967705940613,0.0
22207,静岡県,富士宮市,122437,5,0.7777777777777778,0.6666666666666666,1.0,0.8833333333333333,中,,-0.31312746257381857,-0.31312746257381857,0.0
22208,静岡県,伊東市,62084,1,1,1,1.0,1.0,高,,-0.3355661058146203,-0.3355661058146203,0.0
22209,静岡県,島田市,92221,1,1,1,1.0,1.0,高,,-0.16641865194067723,-0.16641865194067723,0.0
22210,静岡県,富士市,238566,12,0.9,0.9,1.0,0.9550000000000001,高,,-0.2317310338247119,-0.2317310338247119,0.0
22211,静岡県,磐田市,162834,9,0.9047619047619048,0.8571428571428571,1.0,0.9500000000000001,高,,-0.13650309729710175,-0.13650309729710175,0.0
22212,静岡県,焼津市,132470,5,1,1,1.0,1.0,高,,-0.019217683091970566,-0.019217683091970566,0.0
22213,静岡県,掛川市,112454,5,1,1,1.0,1.0,高,,0.08583585408772484,0.08583585408772484,0.0
22214,静岡県,藤枝市,136082,5,1,1,1.0,1.0,高,,-0.10826260801506102,-0.10826260801506102,0.0
22215,静岡県,御殿場市,80991,8,0.8571428571428571,1,1.0,0.9571428571428572,高,,0.2694831443777049,0.2694831443777049,0.0
22216,静岡県,袋井市,87913,2,1,1,1.0,1.0,高,,-0.636926009149899,-0.636926009149899,0.0
22219,静岡県,下田市,18369,2,0.8333333333333334,1,0.8,0.92,高,,0.541381296758516,0.541381296758516,0.0
22220,静岡県,裾野市,47611,2,1,1,1.0,1.0,高,,-0.3327920695822598,-0.3327920695822598,0.0
22221,静岡県,湖西市,55965,2,1,1,1.0,1.0,高,,-0.3029288964944098,-0.3029288964944098,0.0
22222,静岡県,伊豆市,25584,5,0.9333333333333333,1,0.85,0.9575,高,,0.2620455766656196,0.2620455766656196,0.0
22223,静岡県,御前崎市,28616,1,1,1,0.85,0.9775,高,,0.036250508414976026,0.036250508414976026,0.0
22224,静岡県,菊川市,47208,1,1,1,1.0,1.0,高,,-0.14629298944488572,-0.14629298944488572,0.0
22225,静岡県,伊豆の国市,44449,6,0.9444444444444444,1,1.0,0.9833333333333334,高,,1.158952809759532,1.158952809759532,0.0
22226,静岡県,牧之原市,40982,1,1,1,1.0,1.0,高,,-0.09059602987887318,-0.09059602987887318,0.0
22301,静岡県,東伊豆町,10365,2,1,1,0.2,0.88,中,,0.7297722899246699,0.7297722899246699,0.0
22302,静岡県,河津町,6336,2,1,1,0.3,0.895,中,,1.257297189523071,1.257297189523071,0.0
22304,静岡県,南伊豆町,7199,1,,,0.5,0.47500000000000003,低,ACTIVITY|EQUIPMENT,-0.08058966564162526,0.6716551533788631,0.7522448190204883
22305,静岡県,松崎町,5405,0,,,0.5,0.47500000000000003,低,ACTIVITY|EQUIPMENT,-0.6052380961051478,-0.28225108382754155,0.32298701227760623
22306,静岡県,西伊豆町,6206,1,1,1,0.3,0.895,中,,0.8567852555508207,0.8567852555508207,0.0
22325,静岡県,函南町,35525,3,1,1,0.85,0.9775,高,,-0.35667845739746346,-0.35667845739746346,0.0
22341,静岡県,清水町,30810,2,1,1,1.0,1.0,高,,1.4676955555453508,1.4676955555453508,0.0
22342,静岡県,長泉町,42779,2,0.8333333333333334,1,1.0,0.9500000000000001,高,,1.4568458585975999,1.4568458585975999,0.0
22344,静岡県,小山町,17492,2,0.8333333333333334,1,1.0,0.9500000000000001,高,,1.084425805076419,1.084425805076419,0.0
22424,静岡県,吉田町,28460,1,1,1,1.0,1.0,高,,-0.6038034765342287,-0.6038034765342287,0.0
22429,静岡県,川根本町,5344,0,,,0.5,0.47500000000000003,低,ACTIVITY|EQUIPMENT,-0.395482543625934,-0.23061414643300687,0.16486839719292712
22461,静岡県,森町,16027,1,1,1,0.65,0.9475,高,,0.5619048057358972,0.5619048057358972,0.0
23101,愛知県,名古屋市千種区,166426,11,0.8611111111111112,0.8333333333333334,1.0,0.9333333333333335,高,,0.6911087943998702,0.6911087943998702,0.0
23102,愛知県,名古屋市東区,87331,3,0.8888888888888888,1,1.0,0.9666666666666668,高,,-0.19625522972607964,-0.19625522972607964,0.0
23103,愛知県,名古屋市北区,159250,9,1,1,1.0,1.0,高,,0.22171253746172132,0.22171253746172132,0.0
23104,愛知県,名古屋市西区,151047,4,1,1,1.0,1.0,高,,-0.2164997506751127,-0.2164997506751127,0.0
23105,愛知県,名古屋市中村区,138455,10,0.9629629629629629,1,1.0,0.9888888888888889,高,,0.9520355172994844,0.9520355172994844,0.0
23106,愛知県,名古屋市中区,98180,7,1,1,1.0,1.0,高,,1.4103328342113917,1.4103328342113917,0.0
23107,愛知県,名古屋市昭和区,107820,6,1,1,1.0,1.0,高,,1.3463597046525737,1.3463597046525737,0.0
23108,愛知県,名古屋市瑞穂区,108257,6,0.8888888888888888,1,1.0,0.9666666666666668,高,,0.710553123495128,0.710553123495128,0.0
23109,愛知県,名古屋市熱田区,67112,4,1,1,1.0,1.0,高,,0.4605057665849771,0.4605057665849771,0.0
23110,愛知県,名古屋市中川区,213821,11,0.8484848484848485,0.9090909090909091,1.0,0.9409090909090909,高,,0.1843723248517063,0.1843723248517063,0.0
23111,愛知県,名古屋市港区,139351,5,0.8666666666666667,1,1.0,0.9600000000000001,高,,-0.2345123786886631,-0.2345123786886631,0.0
23112,愛知県,名古屋市南区,130243,12,0.9393939393939393,0.9090909090909091,1.0,0.9681818181818183,高,,0.8760229258608578,0.8760229258608578,0.0
23113,愛知県,名古屋市守山区,177687,6,0.7777777777777778,0.6666666666666666,1.0,0.8833333333333333,中,,-0.5472899626006644,-0.5472899626006644,0.0
23114,愛知県,名古屋市緑区,246584,5,1,1,1.0,1.0,高,,-0.4361685022432014,-0.4361685022432014,0.0
23115,愛知県,名古屋市名東区,164364,6,1,1,1.0,1.0,高,,-0.34420519085390167,-0.34420519085390167,0.0
23116,愛知県,名古屋市天白区,159714,4,1,1,1.0,1.0,高,,-0.2188509040583489,-0.2188509040583489,0.0
23201,愛知県,豊橋市,357017,20,0.9411764705882353,0.9411764705882353,1.0,0.9735294117647059,高,,-0.0452711998781446,-0.0452711998781446,0.0
23202,愛知県,岡崎市,385347,14,0.9487179487179488,0.9230769230769231,1.0,0.9730769230769231,高,,-0.24983162076421928,-0.24983162076421928,0.0
23203,愛知県,一宮市,369245,14,0.9743589743589743,1,1.0,0.9923076923076923,高,,0.03800812654624515,0.03800812654624515,0.0
23204,愛知県,瀬戸市,124437,7,0.9444444444444444,1,1.0,0.9833333333333334,高,,0.19952297235545358,0.19952297235545358,0.0
23205,愛知県,半田市,114719,4,1,1,1.0,1.0,高,,0.09859146038187513,0.09859146038187513,0.0
23206,愛知県,春日井市,306575,13,0.9333333333333333,1,1.0,0.98,高,,-0.17198518885742853,-0.17198518885742853,0.0
23207,愛知県,豊川市,182642,12,0.9166666666666666,1,1.0,0.9750000000000001,高,,-0.05341295727277078,-0.05341295727277078,0.0
23208,愛知県,津島市,58202,4,1,1,1.0,1.0,高,,0.37375026334630757,0.37375026334630757,0.0
23209,愛知県,碧南市,71654,4,0.8333333333333334,1,1.0,0.9500000000000001,高,,0.23854350191815235,0.23854350191815235,0.0
23210,愛知県,刈谷市,155197,7,0.8095238095238095,0.8571428571428571,1.0,0.9214285714285715,高,,0.16904837439270226,0.16904837439270226,0.0
23211,愛知県,豊田市,419477,18,0.9333333333333333,0.9333333333333333,1.0,0.97,高,,-0.1239480176900157,-0.1239480176900157,0.0
23212,愛知県,安城市,182975,3,1,1,1.0,1.0,高,,0.06128733930096639,0.06128733930096639,0.0
23213,愛知県,西尾市,168300,5,1,1,1.0,1.0,高,,-0.4007961191613223,-0.4007961191613223,0.0
23214,愛知県,蒲郡市,77404,3,1,1,1.0,1.0,高,,0.017187978204876903,0.017187978204876903,0.0
23215,愛知県,犬山市,71265,5,0.8666666666666667,0.8,1.0,0.93,高,,0.19047622904296957,0.19047622904296957,0.0
23216,愛知県,常滑市,57761,1,1,1,1.0,1.0,高,,-0.2156564654345151,-0.2156564654345151,0.0
23217,愛知県,江南市,96167,3,1,1,1.0,1.0,高,,0.3258084319800888,0.3258084319800888,0.0
23219,愛知県,小牧市,148071,3,1,1,1.0,1.0,高,,-0.11495082376570659,-0.11495082376570659,0.0
23220,愛知県,稲沢市,129054,4,0.9166666666666666,1,1.0,0.9750000000000001,高,,-0.24267897168797933,-0.24267897168797933,0.0
23221,愛知県,新城市,40530,3,0.7777777777777778,1,1.0,0.9333333333333333,高,,-0.28480613836645513,-0.28480613836645513,0.0
23222,愛知県,東海市,114369,3,1,1,1.0,1.0,高,,-0.06230851527434013,-0.06230851527434013,0.0
23223,愛知県,大府市,95114,3,1,1,1.0,1.0,高,,0.061883698800440125,0.061883698800440125,0.0
23224,愛知県,知多市,81132,2,1,1,1.0,1.0,高,,-0.6677370164824521,-0.6677370164824521,0.0
23225,愛知県,知立市,72595,2,1,1,1.0,1.0,高,,-0.3869119155261203,-0.3869119155261203,0.0
23226,愛知県,尾張旭市,82779,1,1,1,1.0,1.0,高,,-0.2946393585756004,-0.2946393585756004,0.0
23227,愛知県,高浜市,46682,1,1,1,1.0,1.0,高,,-0.6821742039747716,-0.6821742039747716,0.0
23228,愛知県,岩倉市,47197,1,1,1,1.0,1.0,高,,-0.4072084267353079,-0.4072084267353079,0.0
23229,愛知県,豊明市,68351,3,0.6666666666666666,0.5,1.0,0.825,中,,1.1850381548538484,1.1850381548538484,0.0
23230,愛知県,日進市,93550,4,1,1,1.0,1.0,高,,-0.261749453346151,-0.261749453346151,0.0
23231,愛知県,田原市,56628,1,1,1,1.0,1.0,高,,-0.22690071602156597,-0.22690071602156597,0.0
23232,愛知県,愛西市,58015,0,,,1.0,0.55,低,ACTIVITY|EQUIPMENT,-0.7940674821521788,-0.6255772402766888,0.16849024187549
23233,愛知県,清須市,67723,2,1,1,1.0,1.0,高,,-0.41180159228619906,-0.41180159228619906,0.0
23234,愛知県,北名古屋市,87084,2,1,1,1.0,1.0,高,,-0.3775127312277376,-0.3775127312277376,0.0
23235,愛知県,弥富市,42251,2,1,1,0.85,0.9775,高,,1.351826057429888,1.351826057429888,0.0
23236,愛知県,みよし市,61961,2,1,1,1.0,1.0,高,,-0.4798513952291809,-0.4798513952291809,0.0
23237,愛知県,あま市,84623,3,1,1,1.0,1.0,高,,-0.39623534459528,-0.39623534459528,0.0
23238,愛知県,長久手市,62845,2,1,1,1.0,1.0,高,,1.146911127373438,1.146911127373438,0.0
23302,愛知県,東郷町,44136,1,,,1.0,0.55,低,ACTIVITY|EQUIPMENT,-0.49246151189814596,-0.07720274890571996,0.41525876299242603
23342,愛知県,豊山町,15912,0,,,1.0,0.55,低,ACTIVITY|EQUIPMENT,-0.7747570738455578,-0.5904674069919233,0.18428966685363446
23361,愛知県,大口町,24607,1,1,1,0.65,0.9475,高,,1.3944899078962378,1.3944899078962378,0.0
23362,愛知県,扶桑町,33767,0,,,1.0,0.55,低,ACTIVITY|EQUIPMENT,-0.679067877032854,-0.4164870491506437,0.26258082788221027
23424,愛知県,大治町,32847,0,,,1.0,0.55,低,ACTIVITY|EQUIPMENT,-0.7293577267153628,-0.5079231394824777,0.22143458723288512
23425,愛知県,蟹江町,36798,2,1,1,0.65,0.9475,高,,-0.3988610817848256,-0.3988610817848256,0.0
23427,愛知県,飛島村,4595,0,,,0.5,0.47500000000000003,低,ACTIVITY|EQUIPMENT,0.1817495774656046,0.1817495774656046,0.0
23441,愛知県,阿久比町,28679,0,,,1.0,0.55,低,ACTIVITY|EQUIPMENT,-0.6510935874056349,-0.3656247043738818,0.28546888303175316
23442,愛知県,東浦町,49008,1,,,1.0,0.55,低,ACTIVITY|EQUIPMENT,-0.7578229217252593,-0.5596780395004716,0.19814488222478777
23445,愛知県,南知多町,15001,1,0.3333333333333333,0.0,1.0,0.65,低,EQUIPMENT,-0.5511783932632524,-0.4719745803097087,0.07920381295354367
23446,愛知県,美浜町,21313,2,1,1,0.65,0.9475,高,,1.3428619114530034,1.3428619114530034,0.0
23447,愛知県,武豊町,43350,2,1,1,0.8,0.97,高,,-0.3594328242953678,-0.3594328242953678,0.0
23501,愛知県,幸田町,41137,1,0.3333333333333333,0.0,1.0,0.65,低,EQUIPMENT,-0.5950453803690964,-0.5235828004342311,0.07146257993486527
23561,愛知県,設楽町,3898,0,,,0.5,0.47500000000000003,低,ACTIVITY|EQUIPMENT,-0.2656132178390403,-0.2656132178390403,0.0
23562,愛知県,東栄町,2583,0,,,0.5,0.47500000000000003,低,ACTIVITY|EQUIPMENT,-0.05641808385454121,-0.05641808385454121,0.0
23563,愛知県,豊根村,887,0,,,0.5,0.47500000000000003,低,ACTIVITY|EQUIPMENT,0.07348504426327317,0.07348504426327317,0.0
24201,三重県,津市,266699,22,0.9,0.9,1.0,0.9550000000000001,高,,0.28433970106836953,0.28433970106836953,0.0
24202,三重県,四日市市,300635,13,0.9230769230769231,0.9230769230769231,1.0,0.9653846153846154,高,,-0.0005815383172517114,-0.0005815383172517114,0.0
24203,三重県,伊勢市,117152,4,1,1,1.0,1.0,高,,0.4376998331773726,0.4376998331773726,0.0
24204,三重県,松阪市,151069,7,0.9523809523809523,1,1.0,0.9857142857142858,高,,0.2815399434094425,0.2815399434094425,0.0
24205,三重県,桑名市,136146,8,0.9166666666666666,0.875,1.0,0.95625,高,,0.10820994528355866,0.10820994528355866,0.0
24207,三重県,鈴鹿市,187922,10,0.9259259259259259,0.8888888888888888,1.0,0.9611111111111111,高,,0.007715899854724527,0.007715899854724527,0.0
24208,三重県,名張市,71965,2,1,1,1.0,1.0,高,,-0.3605259157562373,-0.3605259157562373,0.0
24209,三重県,尾鷲市,14351,1,1,1,0.8,0.97,高,,0.9485454932640612,0.9485454932640612,0.0
24210,三重県,亀山市,49370,3,0.8888888888888888,1,1.0,0.9666666666666668,高,,-0.3620527603541349,-0.3620527603541349,0.0
24211,三重県,鳥羽市,15513,0,,,1.0,0.55,低,ACTIVITY|EQUIPMENT,-0.6728896781340512,-0.40525396024372945,0.26763571789032176
24212,三重県,熊野市,14592,1,0.3333333333333333,0.0,1.0,0.65,低,EQUIPMENT,-0.24230355122557928,-0.10859241320656388,0.1337111380190154
24214,三重県,いなべ市,43953,3,0.6666666666666666,0.5,1.0,0.825,中,,-0.4147292066704075,-0.4147292066704075,0.0
24215,三重県,志摩市,41412,3,0.8888888888888888,1,1.0,0.9666666666666668,高,,-0.13126427625269171,-0.13126427625269171,0.0
24216,三重県,伊賀市,84149,4,0.8333333333333334,0.75,1.0,0.9125,高,,-0.02446384236571681,-0.02446384236571681,0.0
24303,三重県,木曽岬町,5656,0,,,0.5,0.47500000000000003,低,ACTIVITY|EQUIPMENT,0.05756483562432332,0.05756483562432332,0.0
24324,三重県,東員町,25548,2,0.3333333333333333,0.0,1.0,0.65,低,EQUIPMENT,-0.5111689177921312,-0.42490460916721323,0.08626430862491802
24341,三重県,菰野町,39615,1,0.6666666666666666,1,0.65,0.8475,中,,-0.16415625898867583,-0.16415625898867583,0.0
24343,三重県,朝日町,11195,0,,,1.0,0.55,低,ACTIVITY|EQUIPMENT,-0.6818782867766876,-0.4215968850485229,0.2602814017281647
24344,三重県,川越町,15394,0,,,1.0,0.55,低,ACTIVITY|EQUIPMENT,-0.7979484341395144,-0.6326335166172988,0.1653149175222156
24441,三重県,多気町,13213,0,,,0.5,0.47500000000000003,低,ACTIVITY|EQUIPMENT,-0.7314427329901078,-0.5117140599820141,0.21972867300809362
24442,三重県,明和町,21911,2,1,1,0.85,0.9775,高,,0.6282533457909361,0.6282533457909361,0.0
24443,三重県,大台町,7794,1,1,1,0.35,0.9025,高,,0.5515518310183446,0.5515518310183446,0.0
24461,三重県,玉城町,14733,1,1,1,0.5,0.9249999999999999,高,,-0.01479838800808548,-0.01479838800808548,0.0
24470,三重県,度会町,7332,0,,,0.5,0.47500000000000003,低,ACTIVITY|EQUIPMENT,-0.37796365228989337,-0.37796365228989337,0.0
24471,三重県,大紀町,6855,0,,,0.5,0.47500000000000003,低,ACTIVITY|EQUIPMENT,-0.6237057149184521,-0.3158285725790038,0.30787714233944824
24472,三重県,南伊勢町,9180,1,1,1,0.5,0.9249999999999999,高,,-0.06246167650370109,-0.06246167650370109,0.0
24543,三重県,紀北町,12755,2,1,1,1.0,1.0,高,,0.04973661427089496,0.04973661427089496,0.0
24561,三重県,御浜町,7464,1,1,1,0.15,0.8724999999999999,中,,1.0802723460611772,1.0802723460611772,0.0
24562,三重県,紀宝町,9522,0,,,0.5,0.47500000000000003,低,ACTIVITY|EQUIPMENT,-0.5732304106533458,-0.22405529209699232,0.34917511855635347
25201,滋賀県,大津市,346490,15,0.9487179487179487,1,1.0,0.9846153846153847,高,,0.03337273781558907,0.03337273781558907,0.0
25202,滋賀県,彦根市,110479,3,1,1,1.0,1.0,高,,-0.018345704207905024,-0.018345704207905024,0.0
25203,滋賀県,長浜市,108940,4,1,1,1.0,1.0,高,,0.4188546432717494,0.4188546432717494,0.0
25204,滋賀県,近江八幡市,79767,3,1,1,1.0,1.0,高,,0.39677968329189633,0.39677968329189633,0.0
25206,滋賀県,草津市,148095,7,1,1,1.0,1.0,高,,0.029591047301484187,0.029591047301484187,0.0
25207,滋賀県,守山市,85306,2,1,1,1.0,1.0,高,,0.3786004872933379,0.3786004872933379,0.0
25208,滋賀県,栗東市,69843,1,1,1,1.0,1.0,高,,0.3548648764893963,0.3548648764893963,0.0
25209,滋賀県,甲賀市,85284,5,0.9166666666666666,1,1.0,0.9750000000000001,高,,0.24862214430605428,0.24862214430605428,0.0
25210,滋賀県,野洲市,50079,3,0.7777777777777778,0.6666666666666666,1.0,0.8833333333333333,中,,-0.10272309308469074,-0.10272309308469074,0.0
25211,滋賀県,湖南市,53460,2,1,1,1.0,1.0,高,,-0.47659793669879325,-0.47659793669879325,0.0
25212,滋賀県,高島市,43409,3,1,1,1.0,1.0,高,,0.15553674509999377,0.15553674509999377,0.0
25213,滋賀県,東近江市,110027,7,0.9523809523809523,1,1.0,0.9857142857142858,高,,0.16633159044357965,0.16633159044357965,0.0
25214,滋賀県,米原市,35628,0,,,1.0,0.55,低,ACTIVITY|EQUIPMENT,-0.7242942910568331,-0.49871689283060544,0.22557739822622763
25383,滋賀県,日野町,20200,1,1,1,1.0,1.0,高,,0.8383342791945442,0.8383342791945442,0.0
25384,滋賀県,竜王町,11323,0,,,0.5,0.47500000000000003,低,ACTIVITY|EQUIPMENT,-0.5935832025976298,-0.2610603683593269,0.33252283423830287
25425,滋賀県,愛荘町,20891,0,,,1.0,0.55,低,ACTIVITY|EQUIPMENT,-0.7910288961699248,-0.6200525384907721,0.17097635767915265
25441,滋賀県,豊郷町,6958,1,1,1,0.15,0.8724999999999999,中,,0.6462824367286312,0.6462824367286312,0.0
25442,滋賀県,甲良町,5796,0,,,0.5,0.47500000000000003,低,ACTIVITY|EQUIPMENT,-0.31545142961563855,-0.31545142961563855,0.0
25443,滋賀県,多賀町,7005,0,,,0.5,0.47500000000000003,低,ACTIVITY|EQUIPMENT,-0.3660605226934001,-0.3660605226934001,0.0
26101,京都府,京都市北区,114533,9,0.6666666666666666,1,1.0,0.9,高,,-0.07172923850669946,-0.07172923850669946,0.0
26102,京都府,京都市上京区,83454,7,0.6666666666666666,1,1.0,0.9,高,,1.5112475193636965,1.5112475193636965,0.0
26103,京都府,京都市左京区,164174,13,0.6666666666666666,1,1.0,0.9,高,,0.4212731319649931,0.4212731319649931,0.0
26104,京都府,京都市中京区,111506,7,0.6666666666666666,1,1.0,0.9,高,,0.5334802481377228,0.5334802481377228,0.0
26105,京都府,京都市東山区,35261,3,0.6666666666666666,1,0.65,0.8475,中,,1.491973214483173,1.491973214483173,0.0
26106,京都府,京都市下京区,83686,7,0.6666666666666666,1,1.0,0.9,高,,0.790489663302659,0.790489663302659,0.0
26107,京都府,京都市南区,101899,6,0.6666666666666666,1,1.0,0.9,高,,-0.1796939446497526,-0.1796939446497526,0.0
26108,京都府,京都市右京区,199622,11,0.6666666666666666,1,1.0,0.9,高,,-0.332133673583493,-0.332133673583493,0.0
26109,京都府,京都市伏見区,271668,15,0.6666666666666666,1,1.0,0.9,高,,-0.11500931223859541,-0.11500931223859541,0.0
26110,京都府,京都市山科区,132385,7,0.6666666666666666,1,1.0,0.9,高,,0.09809706733405144,0.09809706733405144,0.0
26111,京都府,京都市西京区,143826,7,0.6666666666666666,1,1.0,0.9,高,,0.11430966399946177,0.11430966399946177,0.0
26201,京都府,福知山市,74977,6,0.6666666666666666,1,1.0,0.9,高,,0.3276250203662244,0.3276250203662244,0.0
26202,京都府,舞鶴市,75871,7,0.6666666666666666,1,1.0,0.9,高,,0.24141997428704867,0.24141997428704867,0.0
26203,京都府,綾部市,29790,3,0.6666666666666666,1,0.85,0.8775,中,,0.21811790991987273,0.21811790991987273,0.0
26204,京都府,宇治市,173161,11,0.6666666666666666,1,1.0,0.9,高,,-0.023092495976762245,-0.023092495976762245,0.0
26205,京都府,宮津市,15124,1,0.6666666666666666,1,1.0,0.9,高,,-0.2729315160904004,-0.2729315160904004,0.0
26206,京都府,亀岡市,82670,4,0.6666666666666666,1,1.0,0.9,高,,-0.42006151946148534,-0.42006151946148534,0.0
26207,京都府,城陽市,71469,4,0.6666666666666666,1,1.0,0.9,高,,-0.32549983528340826,-0.32549983528340826,0.0
26208,京都府,向日市,55615,1,0.6666666666666666,1,1.0,0.9,高,,-0.5221646730148393,-0.5221646730148393,0.0
26209,京都府,長岡京市,79488,6,0.6666666666666666,1,1.0,0.9,高,,-0.044840455618285105,-0.044840455618285105,0.0
26210,京都府,八幡市,67642,4,0.6666666666666666,1,1.0,0.9,高,,-0.2077901481413491,-0.2077901481413491,0.0
26211,京都府,京田辺市,75025,4,0.6666666666666666,1,1.0,0.9,高,,-0.04466920778108181,-0.04466920778108181,0.0
26212,京都府,京丹後市,46813,4,0.6666666666666666,1,1.0,0.9,高,,0.20474335572510916,0.20474335572510916,0.0
26213,京都府,南丹市,30088,3,0.6666666666666666,1,0.85,0.8775,中,,0.9615655502454284,0.9615655502454284,0.0
26214,京都府,木津川市,80459,1,0.6666666666666666,1,1.0,0.9,高,,-0.3092167854771867,-0.3092167854771867,0.0
26303,京都府,大山崎町,16183,0,,,0.5,0.47500000000000003,低,ACTIVITY|EQUIPMENT,-0.6317286941677623,-0.33041580757774974,0.3013128865900126
26322,京都府,久御山町,14457,3,0.5555555555555556,1,0.2,0.7466666666666667,中,,1.4569842650319873,1.4569842650319873,0.0
26343,京都府,井手町,6851,0,,,0.5,0.47500000000000003,低,ACTIVITY|EQUIPMENT,-0.1651116786007162,-0.1651116786007162,0.0
26344,京都府,宇治田原町,8461,0,,,0.5,0.47500000000000003,低,ACTIVITY|EQUIPMENT,-0.23107697414469258,-0.23107697414469258,0.0
26364,京都府,笠置町,970,0,,,0.5,0.47500000000000003,低,ACTIVITY|EQUIPMENT,0.054104864821600256,0.054104864821600256,0.0
26365,京都府,和束町,3070,0,,,0.5,0.47500000000000003,低,ACTIVITY|EQUIPMENT,0.04183069933199941,0.04183069933199941,0.0
26366,京都府,精華町,34638,2,0.6666666666666666,1,0.65,0.8475,中,,0.21198486087792326,0.21198486087792326,0.0
26367,京都府,南山城村,2128,0,,,0.5,0.47500000000000003,低,ACTIVITY|EQUIPMENT,-0.03947881271442277,-0.03947881271442277,0.0
26407,京都府,京丹波町,11400,2,0.6666666666666666,1,0.5,0.825,中,,-0.1578710346236477,-0.1578710346236477,0.0
26463,京都府,伊根町,1748,0,,,0.5,0.47500000000000003,低,ACTIVITY|EQUIPMENT,-0.019747695769570382,-0.019747695769570382,0.0
26465,京都府,与謝野町,18278,1,0.6666666666666666,1,1.0,0.9,高,,0.6965866143147768,0.6965866143147768,0.0
27102,大阪府,大阪市都島区,108941,9,1,1,1.0,1.0,高,,1.0109670960443575,1.0109670960443575,0.0
27103,大阪府,大阪市福島区,82063,6,0.9444444444444444,1,1.0,0.9833333333333334,高,,1.3085463091600906,1.3085463091600906,0.0
27104,大阪府,大阪市此花区,62518,3,1,1,1.0,1.0,高,,0.20696933727683192,0.20696933727683192,0.0
27106,大阪府,大阪市西区,111774,8,1,1,1.0,1.0,高,,0.8990168329168404,0.8990168329168404,0.0
27107,大阪府,大阪市港区,79551,3,1,1,1.0,1.0,高,,-0.16337108253464,-0.16337108253464,0.0
27108,大阪府,大阪市大正区,57837,3,0.7777777777777778,0.6666666666666666,1.0,0.8833333333333333,中,,0.3879103133998028,0.3879103133998028,0.0
27109,大阪府,大阪市天王寺区,87171,7,0.9047619047619048,0.8571428571428571,1.0,0.9500000000000001,高,,1.7785612232779764,1.7785612232779764,0.0
27111,大阪府,大阪市浪速区,79744,4,1,1,1.0,1.0,高,,0.8193437354605327,0.8193437354605327,0.0
27113,大阪府,大阪市西淀川区,94176,5,0.9333333333333333,1,1.0,0.98,高,,0.5200836300919698,0.5200836300919698,0.0
27114,大阪府,大阪市東淀川区,174234,4,0.9166666666666666,1,1.0,0.9750000000000001,高,,-0.1653720156653841,-0.1653720156653841,0.0
27115,大阪府,大阪市東成区,84510,8,1,1,1.0,1.0,高,,0.3922290284283702,0.3922290284283702,0.0
27116,大阪府,大阪市生野区,122350,16,0.8666666666666667,1,1.0,0.9600000000000001,高,,0.34609940228238706,0.34609940228238706,0.0
27117,大阪府,大阪市旭区,88595,7,0.8,0.8,1.0,0.91,高,,-0.013963246458904698,-0.013963246458904698,0.0
27118,大阪府,大阪市城東区,169574,8,1,1,1.0,1.0,高,,0.32032248843801214,0.32032248843801214,0.0
27119,大阪府,大阪市阿倍野区,110903,6,0.9333333333333333,1,1.0,0.98,高,,1.06802298547041,1.06802298547041,0.0
27120,大阪府,大阪市住吉区,148832,7,0.9523809523809523,1,1.0,0.9857142857142858,高,,0.6012956915497738,0.6012956915497738,0.0
27121,大阪府,大阪市東住吉区,126972,7,0.9523809523809523,1,1.0,0.9857142857142858,高,,0.08361715514446455,0.08361715514446455,0.0
27122,大阪府,大阪市西成区,99503,11,0.9,1,1.0,0.9700000000000001,高,,0.2043553782978869,0.2043553782978869,0.0
27123,大阪府,大阪市淀川区,188100,7,0.875,1,1.0,0.9625000000000001,高,,-0.17761797005152574,-0.17761797005152574,0.0
27124,大阪府,大阪市鶴見区,112140,7,0.8888888888888888,1,1.0,0.9666666666666668,高,,-0.15761673479210425,-0.15761673479210425,0.0
27125,大阪府,大阪市住之江区,115448,4,1,1,1.0,1.0,高,,-0.008207950709425331,-0.008207950709425331,0.0
27126,大阪府,大阪市平野区,181793,10,0.8333333333333334,0.9,1.0,0.935,高,,-0.15043534177148282,-0.15043534177148282,0.0
27127,大阪府,大阪市北区,149087,11,0.9696969696969697,1,1.0,0.990909090909091,高,,1.8228499746843516,1.8228499746843516,0.0
27128,大阪府,大阪市中央区,115685,7,0.9583333333333334,1,1.0,0.9875,高,,1.387305025475564,1.387305025475564,0.0
27141,大阪府,堺市堺区,146309,10,0.9,0.9,1.0,0.9550000000000001,高,,0.5992633733912066,0.5992633733912066,0.0
27142,大阪府,堺市中区,114947,7,0.9047619047619048,0.8571428571428571,1.0,0.9500000000000001,高,,0.8917203640847758,0.8917203640847758,0.0
27143,大阪府,堺市東区,83556,2,1,1,1.0,1.0,高,,-0.5120507449422687,-0.5120507449422687,0.0
27144,大阪府,堺市西区,130594,6,1,1,1.0,1.0,高,,0.5228260580146555,0.5228260580146555,0.0
27145,大阪府,堺市南区,127556,5,1,1,1.0,1.0,高,,-0.41574195019418725,-0.41574195019418725,0.0
27146,大阪府,堺市北区,155931,11,0.9333333333333333,1,1.0,0.98,高,,0.6342125831256122,0.6342125831256122,0.0
27147,大阪府,堺市美原区,36078,2,1,1,0.8,0.97,高,,-0.2204011792843994,-0.2204011792843994,0.0
27202,大阪府,岸和田市,182321,16,0.9333333333333333,0.9333333333333333,1.0,0.97,高,,0.5252027938112904,0.5252027938112904,0.0
27203,大阪府,豊中市,399848,18,0.9019607843137255,0.8823529411764706,1.0,0.9529411764705883,高,,-0.08753609228256151,-0.08753609228256151,0.0
27204,大阪府,池田市,104319,3,1,1,1.0,1.0,高,,0.04915716745590544,0.04915716745590544,0.0
27205,大阪府,吹田市,388259,14,0.9523809523809523,1,1.0,0.9857142857142858,高,,0.45984599665793363,0.45984599665793363,0.0
27206,大阪府,泉大津市,71948,5,0.9444444444444444,1,1.0,0.9833333333333334,高,,0.6433919378318302,0.6433919378318302,0.0
27207,大阪府,高槻市,347255,17,0.9166666666666666,0.875,1.0,0.95625,高,,0.27431226649839197,0.27431226649839197,0.0
27208,大阪府,貝塚市,80773,8,0.9166666666666666,1,1.0,0.9750000000000001,高,,0.5035212918031443,0.5035212918031443,0.0
27209,大阪府,守口市,139368,7,1,1,1.0,1.0,高,,0.6550286245480932,0.6550286245480932,0.0
27210,大阪府,枚方市,387517,24,0.9242424242424243,0.9545454545454546,1.0,0.9704545454545455,高,,0.16439506481437366,0.16439506481437366,0.0
27211,大阪府,茨木市,289075,14,1,1,1.0,1.0,高,,-0.15514712507359768,-0.15514712507359768,0.0
27212,大阪府,八尾市,257241,11,0.9629629629629629,1,1.0,0.9888888888888889,高,,0.013351191786631564,0.013351191786631564,0.0
27213,大阪府,泉佐野市,98343,11,0.9629629629629629,1,1.0,0.9888888888888889,高,,0.8404592329011266,0.8404592329011266,0.0
27214,大阪府,富田林市,102630,7,0.9444444444444444,1,1.0,0.9833333333333334,高,,0.3244827388279602,0.3244827388279602,0.0
27215,大阪府,寝屋川市,222226,14,0.8571428571428572,0.9285714285714286,1.0,0.9464285714285715,高,,-0.03656509381476771,-0.03656509381476771,0.0
27216,大阪府,河内長野市,94817,8,1,1,1.0,1.0,高,,0.055540940035195,0.055540940035195,0.0
27217,大阪府,松原市,112124,5,1,1,1.0,1.0,高,,0.046454087858601854,0.046454087858601854,0.0
27218,大阪府,大東市,115286,5,1,1,1.0,1.0,高,,-0.05791287339986593,-0.05791287339986593,0.0
27219,大阪府,和泉市,182004,12,0.9259259259259259,1,1.0,0.9777777777777779,高,,0.23489227870216706,0.23489227870216706,0.0
27220,大阪府,箕面市,137622,10,0.8888888888888888,0.8888888888888888,1.0,0.9500000000000001,高,,0.022892105225070892,0.022892105225070892,0.0
27221,大阪府,柏原市,65610,2,0.6666666666666666,0.5,1.0,0.825,中,,-0.28093963633289604,-0.28093963633289604,0.0
27222,大阪府,羽曳野市,103494,7,1,1,1.0,1.0,高,,0.6352773560417165,0.6352773560417165,0.0
27223,大阪府,門真市,113782,5,1,1,1.0,1.0,高,,-0.05462820866836962,-0.05462820866836962,0.0
27224,大阪府,摂津市,86835,4,0.8333333333333334,1,1.0,0.9500000000000001,高,,-0.4395356456444404,-0.4395356456444404,0.0
27225,大阪府,高石市,53491,4,0.8333333333333334,0.75,1.0,0.9125,高,,0.17095576270426024,0.17095576270426024,0.0
27226,大阪府,藤井寺市,61155,3,1,1,1.0,1.0,高,,-0.020236078446140216,-0.020236078446140216,0.0
27227,大阪府,東大阪市,478156,21,0.9814814814814815,1,1.0,0.9944444444444445,高,,-0.16586072194828297,-0.16586072194828297,0.0
27228,大阪府,泉南市,56299,7,1,1,1.0,1.0,高,,0.1808374320359925,0.1808374320359925,0.0
27229,大阪府,四條畷市,53219,3,1,1,1.0,1.0,高,,0.5133437676272391,0.5133437676272391,0.0
27230,大阪府,交野市,72408,2,0.8333333333333334,1,1.0,0.9500000000000001,高,,-0.2653490956439364,-0.2653490956439364,0.0
27231,大阪府,大阪狭山市,57505,6,1,1,1.0,1.0,高,,1.862165546143059,1.862165546143059,0.0
27232,大阪府,阪南市,47173,3,1,1,1.0,1.0,高,,0.037915864563957354,0.037915864563957354,0.0
27301,大阪府,島本町,30879,1,1,1,0.85,0.9775,高,,-0.19191523331963686,-0.19191523331963686,0.0
27321,大阪府,豊能町,16730,0,,,0.5,0.47500000000000003,低,ACTIVITY|EQUIPMENT,-0.6625310487576578,-0.3864200886502869,0.2761109601073709
27322,大阪府,能勢町,8166,0,,,0.5,0.47500000000000003,低,ACTIVITY|EQUIPMENT,-0.49958914888578404,-0.09016208888324373,0.4094270600025403
27341,大阪府,忠岡町,15884,1,0.6666666666666666,1,1.0,0.9,高,,-0.23381376469749013,-0.23381376469749013,0.0
27361,大阪府,熊取町,42647,2,0.6666666666666666,0.5,0.65,0.7725,中,,0.19392309174764805,0.19392309174764805,0.0
27362,大阪府,田尻町,8422,0,,,0.5,0.47500000000000003,低,ACTIVITY|EQUIPMENT,-0.413494574761026,0.06637350043449805,0.4798680751955241
27366,大阪府,岬町,13436,1,1,1,0.15,0.8724999999999999,中,,0.08611625623007885,0.08611625623007885,0.0
27381,大阪府,太子町,12313,0,,,0.5,0.47500000000000003,低,ACTIVITY|EQUIPMENT,-0.6313504324107926,-0.3297280589287138,0.30162237348207876
27382,大阪府,河南町,14751,0,,,0.5,0.47500000000000003,低,ACTIVITY|EQUIPMENT,-0.6157341644886788,-0.3013348445248706,0.3143993199638082
27383,大阪府,千早赤阪村,4399,0,,,0.5,0.47500000000000003,低,ACTIVITY|EQUIPMENT,-0.18298070317149845,-0.18298070317149845,0.0
28101,兵庫県,神戸市東灘区,205845,7,1,1,1.0,1.0,高,,-0.09624432077892897,-0.09624432077892897,0.0
28102,兵庫県,神戸市灘区,137364,8,1,1,1.0,1.0,高,,0.0025477074971473907,0.0025477074971473907,0.0
28105,兵庫県,神戸市兵庫区,108028,9,0.8148148148148148,0.8888888888888888,1.0,0.9277777777777777,高,,0.646656853584956,0.646656853584956,0.0
28106,兵庫県,神戸市長田区,90839,10,0.9629629629629629,1,1.0,0.9888888888888889,高,,0.4598454882292067,0.4598454882292067,0.0
28107,兵庫県,神戸市須磨区,153030,9,1,1,1.0,1.0,高,,-0.13070581850593171,-0.13070581850593171,0.0
28108,兵庫県,神戸市垂水区,204335,6,1,1,1.0,1.0,高,,-0.27779068674889973,-0.27779068674889973,0.0
28109,兵庫県,神戸市北区,201840,20,0.9411764705882353,0.9411764705882353,1.0,0.9735294117647059,高,,0.1481460068263479,0.1481460068263479,0.0
28110,兵庫県,神戸市中央区,152185,24,0.9583333333333334,1,1.0,0.9875,高,,2.116161128088287,2.116161128088287,0.0
28111,兵庫県,神戸市西区,226677,17,0.8717948717948718,0.8461538461538461,1.0,0.9384615384615386,高,,-0.10196675206201064,-0.10196675206201064,0.0
28201,兵庫県,姫路市,519967,33,0.9666666666666667,0.9666666666666667,1.0,0.985,高,,0.1992041948975598,0.1992041948975598,0.0
28202,兵庫県,尼崎市,452808,24,0.9444444444444444,0.9583333333333334,1.0,0.9770833333333334,高,,0.14331938540735822,0.14331938540735822,0.0
28203,兵庫県,明石市,305438,21,0.9666666666666667,0.95,1.0,0.9824999999999999,高,,0.19351456121542132,0.19351456121542132,0.0
28204,兵庫県,西宮市,484472,23,0.9545454545454546,1,1.0,0.9863636363636364,高,,0.1685131874201449,0.1685131874201449,0.0
28205,兵庫県,洲本市,38270,3,1,1,1.0,1.0,高,,0.9983603642961052,0.9983603642961052,0.0
28206,兵庫県,芦屋市,92900,3,1,1,1.0,1.0,高,,-0.016593824239160004,-0.016593824239160004,0.0
28207,兵庫県,伊丹市,195314,9,1,1,1.0,1.0,高,,-0.1296812815256226,-0.1296812815256226,0.0
28208,兵庫県,相生市,25821,4,1,1,0.85,0.9775,高,,0.766498535690267,0.766498535690267,0.0
28209,兵庫県,豊岡市,71692,2,1,1,1.0,1.0,高,,0.13851824263318357,0.13851824263318357,0.0
28210,兵庫県,加古川市,253960,13,1,1,1.0,1.0,高,,0.03311697442954778,0.03311697442954778,0.0
28212,兵庫県,赤穂市,42637,4,1,1,1.0,1.0,高,,0.5221157016482342,0.5221157016482342,0.0
28213,兵庫県,西脇市,35626,2,1,1,1.0,1.0,高,,0.9599819318238012,0.9599819318238012,0.0
28214,兵庫県,宝塚市,220748,7,1,1,1.0,1.0,高,,-0.1539889541922479,-0.1539889541922479,0.0
28215,兵庫県,三木市,71547,6,1,1,1.0,1.0,高,,0.023533440574210737,0.023533440574210737,0.0
28216,兵庫県,高砂市,84290,2,1,1,1.0,1.0,高,,-0.30963137562263454,-0.30963137562263454,0.0
28217,兵庫県,川西市,147445,8,0.9583333333333334,1,1.0,0.9875,高,,0.11642546965150517,0.11642546965150517,0.0
28218,兵庫県,小野市,46001,5,0.9333333333333333,1,1.0,0.98,高,,1.4311091951149582,1.4311091951149582,0.0
28219,兵庫県,三田市,102569,10,0.9166666666666666,0.875,1.0,0.95625,高,,0.372178037782099,0.372178037782099,0.0
28220,兵庫県,加西市,40210,3,0.8888888888888888,1,1.0,0.9666666666666668,高,,-0.2557395514634446,-0.2557395514634446,0.0
28221,兵庫県,丹波篠山市,37554,4,1,1,1.0,1.0,高,,0.08237618377298432,0.08237618377298432,0.0
28222,兵庫県,養父市,19999,2,1,1,0.65,0.9475,高,,0.9914812785087925,0.9914812785087925,0.0
28223,兵庫県,丹波市,58014,3,1,1,1.0,1.0,高,,0.11002860357536197,0.11002860357536197,0.0
28224,兵庫県,南あわじ市,41142,5,1,1,1.0,1.0,高,,0.018616679620100853,0.018616679620100853,0.0
28225,兵庫県,朝来市,26646,2,1,1,1.0,1.0,高,,-0.19132827913795014,-0.19132827913795014,0.0
28226,兵庫県,淡路市,39878,3,1,1,1.0,1.0,高,,-0.03980346422490355,-0.03980346422490355,0.0
28227,兵庫県,宍粟市,31628,1,1,1,1.0,1.0,高,,-0.034785054685952055,-0.034785054685952055,0.0
28228,兵庫県,加東市,40048,3,1,1,0.8,0.97,高,,0.3453743514346672,0.3453743514346672,0.0
28229,兵庫県,たつの市,70414,8,1,1,1.0,1.0,高,,0.051299191517562126,0.051299191517562126,0.0
28301,兵庫県,猪名川町,28669,1,1,1,1.0,1.0,高,,-0.5539691882970954,-0.5539691882970954,0.0
28365,兵庫県,多可町,17085,2,1,1,0.8,0.97,高,,-0.10987542387652587,-0.10987542387652587,0.0
28381,兵庫県,稲美町,29284,2,1,1,0.85,0.9775,高,,-0.1427922963860342,-0.1427922963860342,0.0
28382,兵庫県,播磨町,33294,1,1,1,0.8,0.97,高,,-0.05602114641465471,-0.05602114641465471,0.0
28442,兵庫県,市川町,10267,0,,,0.5,0.47500000000000003,低,ACTIVITY|EQUIPMENT,-0.7140863404417517,-0.48015698262136663,0.23392935782038504
28443,兵庫県,福崎町,18877,1,,,1.0,0.55,低,ACTIVITY|EQUIPMENT,-0.3265677136806017,0.22442233876254228,0.550990052443144
28446,兵庫県,神河町,9576,1,1,1,0.3,0.895,中,,0.8966347787430008,0.8966347787430008,0.0
28464,兵庫県,太子町,32753,1,1,1,1.0,1.0,高,,-0.27465914027910704,-0.27465914027910704,0.0
28481,兵庫県,上郡町,12603,0,,,0.5,0.47500000000000003,低,ACTIVITY|EQUIPMENT,-0.5089686424212856,-0.10721571349324663,0.40175292892803893
28501,兵庫県,佐用町,14015,3,0.7777777777777778,1,1.0,0.9333333333333333,高,,1.2430490494875275,1.2430490494875275,0.0
28585,兵庫県,香美町,14027,2,1,1,1.0,1.0,高,,-0.20097903199123793,-0.20097903199123793,0.0
28586,兵庫県,新温泉町,11944,2,1,1,1.0,1.0,高,,0.05493128687915945,0.05493128687915945,0.0
29201,奈良県,奈良市,344243,21,0.9814814814814815,1,1.0,0.9944444444444445,高,,0.03773668064890234,0.03773668064890234,0.0
29202,奈良県,大和高田市,58470,3,1,1,1.0,1.0,高,,0.4198221841366718,0.4198221841366718,0.0
29203,奈良県,大和郡山市,79240,6,0.9444444444444444,1,1.0,0.9833333333333334,高,,0.09458998834777194,0.09458998834777194,0.0
29204,奈良県,天理市,58652,4,0.9333333333333333,1,1.0,0.98,高,,1.5568123422162539,1.5568123422162539,0.0
29205,奈良県,橿原市,117615,8,0.9523809523809523,1,1.0,0.9857142857142858,高,,1.0376619150197284,1.0376619150197284,0.0
29206,奈良県,桜井市,52105,3,0.8888888888888888,1,1.0,0.9666666666666668,高,,0.24314350515207572,0.24314350515207572,0.0
29207,奈良県,五條市,24647,1,1,1,1.0,1.0,高,,-0.6094013294068178,-0.6094013294068178,0.0
29208,奈良県,御所市,21672,2,1,1,0.85,0.9775,高,,0.35957580388174715,0.35957580388174715,0.0
29209,奈良県,生駒市,114892,6,1,1,1.0,1.0,高,,0.4332091171801782,0.4332091171801782,0.0
29210,奈良県,香芝市,78128,3,1,1,1.0,1.0,高,,0.017571685587028874,0.017571685587028874,0.0
29211,奈良県,葛城市,36624,2,1,1,1.0,1.0,高,,-0.054893968099045995,-0.054893968099045995,0.0
29212,奈良県,宇陀市,24993,2,1,1,1.0,1.0,高,,-0.01938347876811975,-0.01938347876811975,0.0
29322,奈良県,山添村,2871,0,,,0.5,0.47500000000000003,低,ACTIVITY|EQUIPMENT,0.2679441690978907,0.2679441690978907,0.0
29342,奈良県,平群町,17037,0,,,1.0,0.55,低,ACTIVITY|EQUIPMENT,-0.7036572312437456,-0.4611949658977192,0.24246226534602638
29343,奈良県,三郷町,22859,2,1,1,1.0,1.0,高,,1.7915730957242435,1.7915730957242435,0.0
29344,奈良県,斑鳩町,27311,0,,,1.0,0.55,低,ACTIVITY|EQUIPMENT,-0.576217857341663,-0.22948701334847826,0.3467308439931847
29345,奈良県,安堵町,6855,0,,,0.5,0.47500000000000003,低,ACTIVITY|EQUIPMENT,-0.43493270268707335,-0.43493270268707335,0.0
29361,奈良県,川西町,7735,0,,,0.5,0.47500000000000003,低,ACTIVITY|EQUIPMENT,0.18255285546759917,0.18255285546759917,0.0
29362,奈良県,三宅町,5948,0,,,0.5,0.47500000000000003,低,ACTIVITY|EQUIPMENT,-0.2769233122888551,-0.2769233122888551,0.0
29363,奈良県,田原本町,30332,2,1,1,0.65,0.9475,高,,0.37104016758907865,0.37104016758907865,0.0
29385,奈良県,曽爾村,1088,0,,,0.5,0.47500000000000003,低,ACTIVITY|EQUIPMENT,0.035788853898377215,0.035788853898377215,0.0
29386,奈良県,御杖村,1229,0,,,0.5,0.47500000000000003,低,ACTIVITY|EQUIPMENT,0.010823359971579178,0.010823359971579178,0.0
29401,奈良県,高取町,6225,1,,,0.5,0.47500000000000003,低,ACTIVITY|EQUIPMENT,0.07278315720928294,0.9505148312896052,0.8777316740803223
29402,奈良県,明日香村,4856,0,,,0.5,0.47500000000000003,低,ACTIVITY|EQUIPMENT,0.03540842467432081,0.03540842467432081,0.0
29424,奈良県,上牧町,20546,3,1,1,0.85,0.9775,高,,0.6898778084334238,0.6898778084334238,0.0
29425,奈良県,王寺町,23771,1,1,1,0.8,0.97,高,,0.3471068839144424,0.3471068839144424,0.0
29426,奈良県,広陵町,33611,0,,,1.0,0.55,低,ACTIVITY|EQUIPMENT,-0.7058493352736235,-0.4651806095884062,0.2406687256852173
29427,奈良県,河合町,15982,0,,,1.0,0.55,低,ACTIVITY|EQUIPMENT,-0.6272174162044557,-0.3222134840081013,0.3050039321963544
29441,奈良県,吉野町,5316,1,1,1,0.35,0.9025,高,,0.4297515450733647,0.4297515450733647,0.0
29442,奈良県,大淀町,15157,2,1,1,0.85,0.9775,高,,1.5916374957353545,1.5916374957353545,0.0
29443,奈良県,下市町,4313,0,,,0.5,0.47500000000000003,低,ACTIVITY|EQUIPMENT,-0.054323296159614995,-0.054323296159614995,0.0
29444,奈良県,黒滝村,508,0,,,0.5,0.47500000000000003,低,ACTIVITY|EQUIPMENT,0.23737678467886283,0.23737678467886283,0.0
29446,奈良県,天川村,1018,0,,,0.5,0.47500000000000003,低,ACTIVITY|EQUIPMENT,0.04947091351806477,0.04947091351806477,0.0
29447,奈良県,野迫川村,288,0,,,0.5,0.47500000000000003,低,ACTIVITY|EQUIPMENT,0.36363636363636365,0.36363636363636365,0.0
29449,奈良県,十津川村,2706,0,,,0.5,0.47500000000000003,低,ACTIVITY|EQUIPMENT,0.26887134677316704,0.26887134677316704,0.0
29450,奈良県,下北山村,666,0,,,0.5,0.47500000000000003,低,ACTIVITY|EQUIPMENT,0.1557466005504825,0.1557466005504825,0.0
29451,奈良県,上北山村,375,0,,,0.5,0.47500000000000003,低,ACTIVITY|EQUIPMENT,0.36363636363636365,0.36363636363636365,0.0
29452,奈良県,川上村,973,0,,,0.5,0.47500000000000003,低,ACTIVITY|EQUIPMENT,0.05091970259523094,0.05091970259523094,0.0
29453,奈良県,東吉野村,1252,0,,,0.5,0.47500000000000003,低,ACTIVITY|EQUIPMENT,0.36363636363636365,0.36363636363636365,0.0
30201,和歌山県,和歌山市,346249,36,0.9797979797979798,1,1.0,0.993939393939394,高,,0.558662271735438,0.558662271735438,0.0
30202,和歌山県,海南市,44535,5,0.9333333333333333,1,1.0,0.98,高,,0.048957209912171874,0.048957209912171874,0.0
30203,和歌山県,橋本市,57104,3,1,1,1.0,1.0,高,,0.2796536030841514,0.2796536030841514,0.0
30204,和歌山県,有田市,24520,2,1,1,0.8,0.97,高,,-0.024197963794397565,-0.024197963794397565,0.0
30205,和歌山県,御坊市,21885,3,1,1,0.65,0.9475,高,,2.531816603596833,2.531816603596833,0.0
30206,和歌山県,田辺市,64651,5,1,1,1.0,1.0,高,,0.7116875354379794,0.7116875354379794,0.0
30207,和歌山県,新宮市,25150,3,1,1,1.0,1.0,高,,0.9386671738721986,0.9386671738721986,0.0
30208,和歌山県,紀の川市,55450,4,1,1,1.0,1.0,高,,0.2143303159153639,0.2143303159153639,0.0
30209,和歌山県,岩出市,53445,4,1,1,1.0,1.0,高,,-0.1754155449509433,-0.1754155449509433,0.0
30304,和歌山県,紀美野町,7270,1,1,1,0.3,0.895,中,,1.1716836388985463,1.1716836388985463,0.0
30341,和歌山県,かつらぎ町,14670,1,1,1,1.0,1.0,高,,0.6989110300177287,0.6989110300177287,0.0
30343,和歌山県,九度山町,3373,1,0.3333333333333333,0.0,0.5,0.575,低,EQUIPMENT,0.565537631705613,0.565537631705613,0.0
30344,和歌山県,高野町,2654,0,,,0.5,0.47500000000000003,低,ACTIVITY|EQUIPMENT,0.28204279871420096,0.28204279871420096,0.0
30361,和歌山県,湯浅町,10010,1,1,1,0.15,0.8724999999999999,中,,0.8583020382655693,0.8583020382655693,0.0
30362,和歌山県,広川町,6321,0,,,0.5,0.47500000000000003,低,ACTIVITY|EQUIPMENT,-0.34658935063981056,-0.34658935063981056,0.0
30366,和歌山県,有田川町,23976,3,0.7777777777777778,0.6666666666666666,0.85,0.8608333333333333,中,,0.41218985098356026,0.41218985098356026,0.0
30381,和歌山県,美浜町,6408,1,1,1,0.35,0.9025,高,,0.7565509810889453,0.7565509810889453,0.0
30382,和歌山県,日高町,7605,0,,,0.5,0.47500000000000003,低,ACTIVITY|EQUIPMENT,-0.18175177758014996,-0.18175177758014996,0.0
30383,和歌山県,由良町,4816,0,,,0.5,0.47500000000000003,低,ACTIVITY|EQUIPMENT,-0.22421744094407547,-0.22421744094407547,0.0
30390,和歌山県,印南町,7195,0,,,0.5,0.47500000000000003,低,ACTIVITY|EQUIPMENT,-0.13804814035270302,-0.13804814035270302,0.0
30391,和歌山県,みなべ町,10963,0,,,0.5,0.47500000000000003,低,ACTIVITY|EQUIPMENT,-0.18802980777210304,-0.18802980777210304,0.0
30392,和歌山県,日高川町,8463,0,,,0.5,0.47500000000000003,低,ACTIVITY|EQUIPMENT,-0.04080130046792921,-0.04080130046792921,0.0
30401,和歌山県,白浜町,19048,2,1,1,0.65,0.9475,高,,0.543527541392242,0.543527541392242,0.0
30404,和歌山県,上富田町,15238,1,1,1,1.0,1.0,高,,-0.29238670492318947,-0.29238670492318947,0.0
30406,和歌山県,すさみ町,3248,1,1,1,0.5,0.9249999999999999,高,,0.36363636363636365,0.36363636363636365,0.0
30421,和歌山県,那智勝浦町,12724,2,0.8333333333333334,1,1.0,0.9500000000000001,高,,0.8009861881063992,0.8009861881063992,0.0
30422,和歌山県,太地町,2610,0,,,0.5,0.47500000000000003,低,ACTIVITY|EQUIPMENT,0.10943906982967104,0.10943906982967104,0.0
30424,和歌山県,古座川町,2186,0,,,0.5,0.47500000000000003,低,ACTIVITY|EQUIPMENT,0.36363636363636365,0.36363636363636365,0.0
30427,和歌山県,北山村,346,0,,,0.5,0.47500000000000003,低,ACTIVITY|EQUIPMENT,0.36363636363636365,0.36363636363636365,0.0
30428,和歌山県,串本町,13345,2,1,1,1.0,1.0,高,,0.9011741573885714,0.9011741573885714,0.0
31201,鳥取県,鳥取市,180868,12,0.9666666666666667,1,1.0,0.99,高,,0.2821867591698395,0.2821867591698395,0.0
31202,鳥取県,米子市,143197,12,0.9696969696969697,1,1.0,0.990909090909091,高,,0.8907077696410922,0.8907077696410922,0.0
31203,鳥取県,倉吉市,43384,9,0.9259259259259259,0.8888888888888888,1.0,0.9611111111111111,高,,1.2927838298553491,1.2927838298553491,0.0
31204,鳥取県,境港市,31293,2,1,1,0.8,0.97,高,,0.15701458391755824,0.15701458391755824,0.0
31302,鳥取県,岩美町,9995,1,1,1,0.35,0.9025,高,,0.5462031308357346,0.5462031308357346,0.0
31325,鳥取県,若桜町,2487,0,,,0.5,0.47500000000000003,低,ACTIVITY|EQUIPMENT,0.07866308319193777,0.07866308319193777,0.0
31328,鳥取県,智頭町,5737,1,1,1,0.35,0.9025,高,,0.9509001538736367,0.9509001538736367,0.0
31329,鳥取県,八頭町,14748,0,,,1.0,0.55,低,ACTIVITY|EQUIPMENT,-0.7284195000939229,-0.5062172728980415,0.22220222719588134
31364,鳥取県,三朝町,5514,1,1,1,0.15,0.8724999999999999,中,,1.0595542612984346,1.0595542612984346,0.0
31370,鳥取県,湯梨浜町,15447,0,,,0.5,0.47500000000000003,低,ACTIVITY|EQUIPMENT,-0.6315507656822148,-0.3300923012403905,0.3014584644418243
31371,鳥取県,琴浦町,15040,0,,,1.0,0.55,低,ACTIVITY|EQUIPMENT,-0.6482587412574876,-0.3604704386499776,0.28778830260751004
31372,鳥取県,北栄町,13453,0,,,0.5,0.47500000000000003,低,ACTIVITY|EQUIPMENT,-0.7156101076155738,-0.4829274683919522,0.23268263922362153
31384,鳥取県,日吉津村,3530,0,,,0.5,0.47500000000000003,低,ACTIVITY|EQUIPMENT,0.24727272727272723,0.24727272727272723,0.0
31386,鳥取県,大山町,13969,0,,,1.0,0.55,低,ACTIVITY|EQUIPMENT,-0.7097289892205995,-0.4722345258556354,0.23749446336496405
31389,鳥取県,南部町,9653,1,1,1,0.35,0.9025,高,,1.0699389610064525,1.0699389610064525,0.0
31390,鳥取県,伯耆町,9923,2,0.8333333333333334,1,0.2,0.8300000000000001,中,,-0.0838000513556731,-0.0838000513556731,0.0
31401,鳥取県,日南町,3654,1,1,1,0.35,0.9025,高,,0.4792857168715961,0.4792857168715961,0.0
31402,鳥取県,日野町,2540,1,1,1,0.3,0.895,中,,0.062383422276604344,0.062383422276604344,0.0
31403,鳥取県,江府町,2333,0,,,0.5,0.47500000000000003,低,ACTIVITY|EQUIPMENT,0.09585730299972102,0.09585730299972102,0.0
32201,島根県,松江市,199082,11,0.9583333333333334,1,1.0,0.9875,高,,0.2063227055327507,0.2063227055327507,0.0
32202,島根県,浜田市,50270,4,0.6666666666666666,0.75,1.0,0.8624999999999999,中,,0.2471859471416079,0.2471859471416079,0.0
32203,島根県,出雲市,170063,11,0.9333333333333333,0.9,1.0,0.965,高,,0.4430438642154316,0.4430438642154316,0.0
32204,島根県,益田市,42163,3,1,1,1.0,1.0,高,,0.6068918540671837,0.6068918540671837,0.0
32205,島根県,大田市,30362,2,1,1,0.85,0.9775,高,,0.12735389901193994,0.12735389901193994,0.0
32206,島根県,安来市,33885,2,1,1,1.0,1.0,高,,-0.08508835893606993,-0.08508835893606993,0.0
32207,島根県,江津市,21035,2,1,1,0.8,0.97,高,,0.30380445920715193,0.30380445920715193,0.0
32209,島根県,雲南市,32591,3,1,1,0.85,0.9775,高,,0.16799661673506022,0.16799661673506022,0.0
32343,島根県,奥出雲町,10593,1,1,1,0.3,0.895,中,,0.6465337748880365,0.6465337748880365,0.0
32386,島根県,飯南町,4166,1,1,1,0.5,0.9249999999999999,高,,0.4575242675069657,0.4575242675069657,0.0
32441,島根県,川本町,2908,1,1,1,0.15,0.8724999999999999,中,,-0.043313514320494045,-0.043313514320494045,0.0
32448,島根県,美郷町,3854,0,,,0.5,0.47500000000000003,低,ACTIVITY|EQUIPMENT,-0.06064618099525442,-0.06064618099525442,0.0
32449,島根県,邑南町,9259,1,1,1,0.3,0.895,中,,0.7511068805754282,0.7511068805754282,0.0
32501,島根県,津和野町,6101,1,1,1,0.5,0.9249999999999999,高,,0.7577362724127539,0.7577362724127539,0.0
32505,島根県,吉賀町,5657,1,1,1,0.5,0.9249999999999999,高,,0.9266849657176243,0.9266849657176243,0.0
32525,島根県,海士町,2107,0,,,0.5,0.47500000000000003,低,ACTIVITY|EQUIPMENT,-0.018303022481366848,-0.018303022481366848,0.0
32526,島根県,西ノ島町,2563,1,1,1,0.35,0.9025,高,,0.2648834793495396,0.2648834793495396,0.0
32527,島根県,知夫村,584,0,,,0.5,0.47500000000000003,低,ACTIVITY|EQUIPMENT,0.19066247081176466,0.19066247081176466,0.0
32528,島根県,隠岐の島町,12367,1,1,1,0.5,0.9249999999999999,高,,0.5029895393692955,0.5029895393692955,0.0
33101,岡山県,岡山市北区,315573,27,0.9466666666666667,0.96,1.0,0.978,高,,1.2739460355030527,1.2739460355030527,0.0
33102,岡山県,岡山市中区,149426,11,0.9393939393939393,0.9090909090909091,1.0,0.9681818181818183,高,,0.11847911967237362,0.11847911967237362,0.0
33103,岡山県,岡山市東区,90396,6,1,1,1.0,1.0,高,,-0.07585596384148618,-0.07585596384148618,0.0
33104,岡山県,岡山市南区,162860,9,0.875,0.875,1.0,0.9437500000000001,高,,-0.21094980771610053,-0.21094980771610053,0.0
33202,岡山県,倉敷市,468858,35,0.956989247311828,0.967741935483871,1.0,0.9822580645161291,高,,0.3202754070581688,0.3202754070581688,0.0
33203,岡山県,津山市,94363,9,0.9166666666666666,0.875,1.0,0.95625,高,,0.6447170778927465,0.6447170778927465,0.0
33204,岡山県,玉野市,51334,6,0.9444444444444444,1,1.0,0.9833333333333334,高,,-0.29887111888750073,-0.29887111888750073,0.0
33205,岡山県,笠岡市,42405,5,1,1,1.0,1.0,高,,0.09822794092442678,0.09822794092442678,0.0
33207,岡山県,井原市,35757,3,1,1,1.0,1.0,高,,-0.2222474147671747,-0.2222474147671747,0.0
33208,岡山県,総社市,68632,3,1,1,1.0,1.0,高,,-0.46061239976831986,-0.46061239976831986,0.0
33209,岡山県,高梁市,24755,4,1,1,1.0,1.0,高,,0.37442179290869665,0.37442179290869665,0.0
33210,岡山県,新見市,25336,4,1,1,1.0,1.0,高,,0.45915201477546863,0.45915201477546863,0.0
33211,岡山県,備前市,28958,4,1,1,1.0,1.0,高,,0.38918555632103535,0.38918555632103535,0.0
33212,岡山県,瀬戸内市,34644,4,0.8333333333333334,1,0.85,0.9275,高,,0.07196362791904372,0.07196362791904372,0.0
33213,岡山県,赤磐市,41584,1,1,1,1.0,1.0,高,,-0.41312410137121336,-0.41312410137121336,0.0
33214,岡山県,真庭市,38867,6,1,1,1.0,1.0,高,,0.2455910938457605,0.2455910938457605,0.0
33215,岡山県,美作市,23831,3,0.8888888888888888,1,1.0,0.9666666666666668,高,,-0.217809080220111,-0.217809080220111,0.0
33216,岡山県,浅口市,31040,2,1,1,1.0,1.0,高,,-0.27420606842034545,-0.27420606842034545,0.0
33346,岡山県,和気町,12684,2,1,1,0.8,0.97,高,,0.9020052816309245,0.9020052816309245,0.0
33423,岡山県,早島町,12274,1,1,1,0.35,0.9025,高,,1.248696309162932,1.248696309162932,0.0
33445,岡山県,里庄町,10745,1,1,1,0.15,0.8724999999999999,中,,0.5469760191011364,0.5469760191011364,0.0
33461,岡山県,矢掛町,12595,2,1,1,0.35,0.9025,高,,0.8709209587492919,0.8709209587492919,0.0
33586,岡山県,新庄村,752,0,,,0.5,0.47500000000000003,低,ACTIVITY|EQUIPMENT,0.11726305609284327,0.11726305609284327,0.0
33606,岡山県,鏡野町,11408,2,1,1,0.35,0.9025,高,,1.282484713216624,1.282484713216624,0.0
33622,岡山県,勝央町,10580,1,1,1,0.2,0.88,中,,0.8180785696177657,0.8180785696177657,0.0
33623,岡山県,奈義町,5253,0,,,0.5,0.47500000000000003,低,ACTIVITY|EQUIPMENT,-0.10266753725876042,-0.10266753725876042,0.0
33643,岡山県,西粟倉村,1305,0,,,0.5,0.47500000000000003,低,ACTIVITY|EQUIPMENT,0.026658231798962498,0.026658231798962498,0.0
33663,岡山県,久米南町,4112,0,,,0.5,0.47500000000000003,低,ACTIVITY|EQUIPMENT,-0.19956912025099813,-0.19956912025099813,0.0
33666,岡山県,美咲町,11881,1,0.6666666666666666,1,0.35,0.8025,中,,-0.43320394743786883,-0.43320394743786883,0.0
33681,岡山県,吉備中央町,9993,2,0.8333333333333334,1,0.35,0.8525,中,,0.41919740449786397,0.41919740449786397,0.0
34101,広島県,広島市中区,145297,18,0.9777777777777777,1,1.0,0.9933333333333334,高,,1.9300111576374865,1.9300111576374865,0.0
34102,広島県,広島市東区,115433,6,0.8666666666666667,1,1.0,0.9600000000000001,高,,-0.07100238210807974,-0.07100238210807974,0.0
34103,広島県,広島市南区,143481,12,1,1,1.0,1.0,高,,1.1968862680611305,1.1968862680611305,0.0
34104,広島県,広島市西区,182124,12,0.8666666666666667,0.9,1.0,0.9450000000000001,高,,-0.24784831792103867,-0.24784831792103867,0.0
34105,広島県,広島市安佐南区,248506,14,0.9487179487179487,1,1.0,0.9846153846153847,高,,-0.15299319206817516,-0.15299319206817516,0.0
34106,広島県,広島市安佐北区,132525,6,1,1,1.0,1.0,高,,-0.02622599683476768,-0.02622599683476768,0.0
34107,広島県,広島市安芸区,75723,4,0.75,0.75,1.0,0.8875000000000001,中,,-0.35360489038754767,-0.35360489038754767,0.0
34108,広島県,広島市佐伯区,139942,9,1,1,1.0,1.0,高,,-0.24640702994643554,-0.24640702994643554,0.0
34202,広島県,呉市,195194,24,0.9,0.95,1.0,0.9625,高,,0.43929127221029096,0.43929127221029096,0.0
34203,広島県,竹原市,21410,4,1,1,1.0,1.0,高,,0.35412783494750466,0.35412783494750466,0.0
34204,広島県,三原市,82920,9,1,1,1.0,1.0,高,,0.2537137512652898,0.2537137512652898,0.0
34205,広島県,尾道市,123948,10,0.9259259259259259,1,1.0,0.9777777777777779,高,,0.4605579823758707,0.4605579823758707,0.0
34207,広島県,福山市,443916,40,1,1,1.0,1.0,高,,0.16531659469261112,0.16531659469261112,0.0
34208,広島県,府中市,34031,4,1,1,1.0,1.0,高,,0.007688983928159927,0.007688983928159927,0.0
34209,広島県,三次市,47143,5,0.9166666666666666,1,1.0,0.9750000000000001,高,,0.5896976130714812,0.5896976130714812,0.0
34210,広島県,庄原市,29909,5,0.9333333333333333,1,1.0,0.98,高,,0.5404338834152278,0.5404338834152278,0.0
34211,広島県,大竹市,24892,3,1,1,1.0,1.0,高,,0.9837200084354941,0.9837200084354941,0.0
34212,広島県,東広島市,197609,15,0.9487179487179487,1,1.0,0.9846153846153847,高,,0.3248580277627192,0.3248580277627192,0.0
34213,広島県,廿日市市,112234,9,1,1,1.0,1.0,高,,-0.29874967932952395,-0.29874967932952395,0.0
34214,広島県,安芸高田市,24251,1,1,1,1.0,1.0,高,,0.36675405315456316,0.36675405315456316,0.0
34215,広島県,江田島市,19673,3,0.8888888888888888,1,0.65,0.9141666666666668,高,,0.042336597181970435,0.042336597181970435,0.0
34302,広島県,府中町,51148,2,1,1,1.0,1.0,高,,0.7378971945978134,0.7378971945978134,0.0
34304,広島県,海田町,29450,2,1,1,1.0,1.0,高,,0.12547995841417067,0.12547995841417067,0.0
34307,広島県,熊野町,21644,0,,,1.0,0.55,低,ACTIVITY|EQUIPMENT,-0.7688773014381634,-0.5797769117057515,0.18910038973241183
34309,広島県,坂町,12197,1,1,1,0.15,0.8724999999999999,中,,0.9817151504775163,0.9817151504775163,0.0
34368,広島県,安芸太田町,5061,1,1,1,0.15,0.8724999999999999,中,,0.6930041975260056,0.6930041975260056,0.0
34369,広島県,北広島町,16620,4,1,1,0.8,0.97,高,,0.39566649444621604,0.39566649444621604,0.0
34431,広島県,大崎上島町,6400,0,,,0.5,0.47500000000000003,低,ACTIVITY|EQUIPMENT,-0.5305710645678212,-0.14649284466876586,0.38407821989905533
34462,広島県,世羅町,13914,1,1,1,0.8,0.97,高,,0.5138921243737472,0.5138921243737472,0.0
34545,広島県,神石高原町,7302,1,1,1,0.5,0.9249999999999999,高,,0.4258551608986557,0.4258551608986557,0.0
35201,山口県,下関市,237719,22,0.8771929824561403,0.9473684210526315,1.0,0.9552631578947369,高,,0.2630310543697233,0.2630310543697233,0.0
35202,山口県,宇部市,155567,19,0.9111111111111111,0.8666666666666667,1.0,0.9533333333333334,高,,0.7126532656117264,0.7126532656117264,0.0
35203,山口県,山口市,189460,16,0.8974358974358975,0.9230769230769231,1.0,0.9576923076923077,高,,0.16627627377149687,0.16627627377149687,0.0
35204,山口県,萩市,39641,7,0.9333333333333333,1,1.0,0.98,高,,0.4693015380919158,0.4693015380919158,0.0
35206,山口県,防府市,111483,10,1,1,1.0,1.0,高,,0.3678551080531221,0.3678551080531221,0.0
35207,山口県,下松市,55435,3,1,1,1.0,1.0,高,,-0.0463615352381397,-0.0463615352381397,0.0
35208,山口県,岩国市,121264,16,0.9285714285714286,0.9285714285714286,1.0,0.9678571428571429,高,,0.1698805006010303,0.1698805006010303,0.0
35210,山口県,光市,47522,6,1,1,1.0,1.0,高,,0.018211512019363312,0.018211512019363312,0.0
35211,山口県,長門市,29266,5,0.8888888888888888,1,1.0,0.9666666666666668,高,,0.8724649964230851,0.8724649964230851,0.0
35212,山口県,柳井市,28491,4,0.8888888888888888,1,1.0,0.9666666666666668,高,,1.068432784471426,1.068432784471426,0.0
35213,山口県,美祢市,20073,3,1,1,1.0,1.0,高,,0.2390286660383303,0.2390286660383303,0.0
35215,山口県,周南市,128307,14,0.861111111111111,0.9166666666666666,1.0,0.9458333333333333,高,,0.2466335455103553,0.2466335455103553,0.0
35216,山口県,山陽小野田市,56234,6,1,1,1.0,1.0,高,,0.3951191336901431,0.3951191336901431,0.0
35305,山口県,周防大島町,12988,3,1,1,0.5,0.9249999999999999,高,,1.1245018815761905,1.1245018815761905,0.0
35321,山口県,和木町,5781,0,,,0.5,0.47500000000000003,低,ACTIVITY|EQUIPMENT,-0.3217567185834873,-0.3217567185834873,0.0
35341,山口県,上関町,2026,0,,,0.5,0.47500000000000003,低,ACTIVITY|EQUIPMENT,0.36363636363636365,0.36363636363636365,0.0
35343,山口県,田布施町,13266,0,,,0.5,0.47500000000000003,低,ACTIVITY|EQUIPMENT,-0.6327444703321514,-0.3322626733311844,0.300481797000967
35344,山口県,平生町,10979,1,1,1,0.5,0.9249999999999999,高,,-0.10599069983425095,-0.10599069983425095,0.0
35502,山口県,阿武町,2745,0,,,0.5,0.47500000000000003,低,ACTIVITY|EQUIPMENT,0.055567383436235934,0.055567383436235934,0.0
36201,徳島県,徳島市,244731,44,0.9024390243902439,0.926829268292683,1.0,0.9597560975609757,高,,0.8931001810628869,0.8931001810628869,0.0
36202,徳島県,鳴門市,51328,7,0.9333333333333333,1,1.0,0.98,高,,0.3694125441475054,0.3694125441475054,0.0
36203,徳島県,小松島市,33277,7,1,1,0.85,0.9775,高,,1.4290293715359201,1.4290293715359201,0.0
36204,徳島県,阿南市,64779,6,0.9333333333333333,1,1.0,0.98,高,,-0.039337031845064103,-0.039337031845064103,0.0
36205,徳島県,吉野川市,35584,4,1,1,0.85,0.9775,高,,1.0101203492933148,1.0101203492933148,0.0
36206,徳島県,阿波市,31492,1,1,1,1.0,1.0,高,,-0.3671185387961928,-0.3671185387961928,0.0
36207,徳島県,美馬市,25253,6,0.8,1,0.85,0.9175,高,,0.04909553911952154,0.04909553911952154,0.0
36208,徳島県,三好市,20352,5,0.9166666666666666,1,0.8,0.9450000000000001,高,,1.4124668057906336,1.4124668057906336,0.0
36301,徳島県,勝浦町,4343,1,1,1,0.5,0.9249999999999999,高,,0.5846249665359518,0.5846249665359518,0.0
36302,徳島県,上勝町,1220,0,,,0.5,0.47500000000000003,低,ACTIVITY|EQUIPMENT,0.2285355828119583,0.2285355828119583,0.0
36321,徳島県,佐那河内村,1829,0,,,0.5,0.47500000000000003,低,ACTIVITY|EQUIPMENT,-0.018854421862379945,-0.018854421862379945,0.0
36341,徳島県,石井町,23991,1,0.6666666666666666,1,1.0,0.9,高,,-0.35642339836215486,-0.35642339836215486,0.0
36342,徳島県,神山町,4025,0,,,0.5,0.47500000000000003,低,ACTIVITY|EQUIPMENT,0.5066404026625511,0.5066404026625511,0.0
36368,徳島県,那賀町,6304,1,1,1,0.5,0.9249999999999999,高,,0.8714125535643003,0.8714125535643003,0.0
36383,徳島県,牟岐町,3249,1,1,1,0.3,0.895,中,,1.1636363636363638,1.1636363636363638,0.0
36387,徳島県,美波町,5489,2,1,1,0.5,0.9249999999999999,高,,1.3954062425002263,1.3954062425002263,0.0
36388,徳島県,海陽町,7453,1,1,1,0.5,0.9249999999999999,高,,0.0502747880067476,0.0502747880067476,0.0
36401,徳島県,松茂町,14192,3,0.6666666666666666,1,0.35,0.8025,中,,0.8666594225067406,0.8666594225067406,0.0
36402,徳島県,北島町,22821,2,1,1,0.65,0.9475,高,,1.269065356153646,1.269065356153646,0.0
36403,徳島県,藍住町,35228,2,0.8333333333333334,1,0.85,0.9275,高,,-0.2971407926841652,-0.2971407926841652,0.0
36404,徳島県,板野町,12289,2,1,1,0.15,0.8724999999999999,中,,1.4143721025575937,1.4143721025575937,0.0
36405,徳島県,上板町,10664,1,0.3333333333333333,0.0,0.5,0.575,低,EQUIPMENT,-0.19269121840530215,-0.050224962829767246,0.1424662555755349
36468,徳島県,つるぎ町,6713,1,1,1,0.5,0.9249999999999999,高,,0.7853739356994964,0.7853739356994964,0.0
36489,徳島県,東みよし町,12418,3,0.8333333333333334,1,0.35,0.8525,中,,0.6195337252377325,0.6195337252377325,0.0
37201,香川県,高松市,404897,32,0.9111111111111111,0.9333333333333333,1.0,0.9633333333333334,高,,0.20911658521065207,0.20911658521065207,0.0
37202,香川県,丸亀市,107778,12,0.7777777777777778,0.8888888888888888,1.0,0.9166666666666666,高,,0.3832370908136278,0.3832370908136278,0.0
37203,香川県,坂出市,48036,6,0.8333333333333334,0.8333333333333334,1.0,0.925,高,,0.9509414982761346,0.9509414982761346,0.0
37204,香川県,善通寺市,29419,3,1,1,0.8,0.97,高,,1.6257862869701096,1.6257862869701096,0.0
37205,香川県,観音寺市,54530,5,1,1,1.0,1.0,高,,0.723911638663473,0.723911638663473,0.0
37206,香川県,さぬき市,43765,2,1,1,1.0,1.0,高,,-0.32869502539178397,-0.32869502539178397,0.0
37207,香川県,東かがわ市,25293,3,1,1,1.0,1.0,高,,0.3159300283235998,0.3159300283235998,0.0
37208,香川県,三豊市,58100,6,0.8888888888888888,1,1.0,0.9666666666666668,高,,-0.2467244782819153,-0.2467244782819153,0.0
37322,香川県,土庄町,11591,0,,,0.5,0.47500000000000003,低,ACTIVITY|EQUIPMENT,-0.7065828887126272,-0.4665143431138676,0.24006854559875962
37324,香川県,小豆島町,12569,3,0.8333333333333334,1,1.0,0.9500000000000001,高,,1.4747841513869897,1.4747841513869897,0.0
37341,香川県,三木町,26026,3,1,1,0.8,0.97,高,,2.536606472882274,2.536606472882274,0.0
37364,香川県,直島町,2943,0,,,0.5,0.47500000000000003,低,ACTIVITY|EQUIPMENT,-0.02025134488833205,-0.02025134488833205,0.0
37386,香川県,宇多津町,18659,1,1,1,1.0,1.0,高,,0.00016905999971966734,0.00016905999971966734,0.0
37387,香川県,綾川町,21538,2,1,1,0.65,0.9475,高,,1.0174335579319238,1.0174335579319238,0.0
37403,香川県,琴平町,7747,1,0.6666666666666666,1,0.35,0.8025,中,,0.7504544066734652,0.7504544066734652,0.0
37404,香川県,多度津町,21658,4,0.6666666666666666,1,1.0,0.9,高,,0.06136772077495218,0.06136772077495218,0.0
37406,香川県,まんのう町,15955,1,1,1,1.0,1.0,高,,-0.34522559646798123,-0.34522559646798123,0.0
38201,愛媛県,松山市,498626,41,0.9444444444444444,0.9722222222222222,1.0,0.9791666666666666,高,,0.2904701650033907,0.2904701650033907,0.0
38202,愛媛県,今治市,143106,26,0.9305555555555556,1,1.0,0.9791666666666667,高,,0.4191618442349514,0.4191618442349514,0.0
38203,愛媛県,宇和島市,63905,7,1,1,1.0,1.0,高,,0.8541176039319456,0.8541176039319456,0.0
38204,愛媛県,八幡浜市,28924,5,1,1,0.85,0.9775,高,,0.6797733138948397,0.6797733138948397,0.0
38205,愛媛県,新居浜市,109337,11,0.9166666666666666,1,1.0,0.9750000000000001,高,,0.5477672336143149,0.5477672336143149,0.0
38206,愛媛県,西条市,100467,10,0.9259259259259259,1,1.0,0.9777777777777779,高,,0.12258008733782845,0.12258008733782845,0.0
38207,愛媛県,大洲市,36736,6,0.9333333333333333,1,1.0,0.98,高,,1.1378956167415124,1.1378956167415124,0.0
38210,愛媛県,伊予市,33426,1,1,1,0.85,0.9775,高,,-0.6013358636402886,-0.6013358636402886,0.0
38213,愛媛県,四国中央市,76530,9,0.875,1,1.0,0.9625000000000001,高,,0.12484151625356983,0.12484151625356983,0.0
38214,愛媛県,西予市,32081,2,1,1,1.0,1.0,高,,-0.16629736196158848,-0.16629736196158848,0.0
38215,愛媛県,東温市,33033,4,1,1,0.85,0.9775,高,,1.9329596048147826,1.9329596048147826,0.0
38356,愛媛県,上島町,5864,0,,,0.5,0.47500000000000003,低,ACTIVITY|EQUIPMENT,-0.28993326067807346,-0.09627869540845711,0.19365456526961633
38386,愛媛県,久万高原町,6378,1,1,1,0.5,0.9249999999999999,高,,1.014590643038354,1.014590643038354,0.0
38401,愛媛県,松前町,28695,2,0.6666666666666666,1,1.0,0.9,高,,-0.5055716523226055,-0.5055716523226055,0.0
38402,愛媛県,砥部町,19500,1,1,1,0.8,0.97,高,,-0.345288621298347,-0.345288621298347,0.0
38422,愛媛県,内子町,13870,1,1,1,1.0,1.0,高,,0.05404423387109971,0.05404423387109971,0.0
38442,愛媛県,伊方町,7349,0,,,0.5,0.47500000000000003,低,ACTIVITY|EQUIPMENT,-0.533038638319009,-0.1509793423981981,0.3820592959208109
38484,愛媛県,松野町,3335,0,,,0.5,0.47500000000000003,低,ACTIVITY|EQUIPMENT,-0.0664062781165779,-0.0664062781165779,0.0
38488,愛媛県,鬼北町,8724,2,0.8333333333333334,1,0.35,0.8525,中,,0.7289272356184754,0.7289272356184754,0.0
38506,愛媛県,愛南町,17431,3,1,1,0.8,0.97,高,,0.6172433038554207,0.6172433038554207,0.0
39201,高知県,高知市,311164,58,0.9135802469135802,0.9444444444444444,1.0,0.9657407407407407,高,,0.8319952959436139,0.8319952959436139,0.0
39202,高知県,室戸市,9983,2,1,1,0.35,0.9025,高,,-0.021592910828595366,-0.021592910828595366,0.0
39203,高知県,安芸市,14725,2,0.8333333333333334,1,0.8,0.92,高,,1.3672464648360556,1.3672464648360556,0.0
39204,高知県,南国市,44842,9,0.9629629629629629,1,1.0,0.9888888888888889,高,,1.6167708287712927,1.6167708287712927,0.0
39205,高知県,土佐市,24210,3,1,1,0.65,0.9475,高,,0.3942628309386527,0.3942628309386527,0.0
39206,高知県,須崎市,18739,4,1,1,0.85,0.9775,高,,1.0148966570966114,1.0148966570966114,0.0
39208,高知県,宿毛市,17349,5,0.9333333333333333,1,0.65,0.9275,高,,2.002650202436829,2.002650202436829,0.0
39209,高知県,土佐清水市,10962,3,1,1,0.15,0.8724999999999999,中,,0.6403182562849679,0.6403182562849679,0.0
39210,高知県,四万十市,30604,6,1,1,0.85,0.9775,高,,0.10449621062066596,0.10449621062066596,0.0
39211,高知県,香南市,31197,1,1,1,0.85,0.9775,高,,-0.3802759116643252,-0.3802759116643252,0.0
39212,高知県,香美市,24986,3,0.8888888888888888,1,1.0,0.9666666666666668,高,,-0.2416746772167443,-0.2416746772167443,0.0
39301,高知県,東洋町,1909,0,,,0.5,0.47500000000000003,低,ACTIVITY|EQUIPMENT,0.1035038161585799,0.1035038161585799,0.0
39302,高知県,奈半利町,2821,0,,,0.5,0.47500000000000003,低,ACTIVITY|EQUIPMENT,0.22239030460554873,0.22239030460554873,0.0
39303,高知県,田野町,2270,1,1,1,0.35,0.9025,高,,-0.02550076872059457,-0.02550076872059457,0.0
39304,高知県,安田町,2092,0,,,0.5,0.47500000000000003,低,ACTIVITY|EQUIPMENT,-0.026986225298065308,-0.026986225298065308,0.0
39305,高知県,北川村,1027,0,,,0.5,0.47500000000000003,低,ACTIVITY|EQUIPMENT,-0.14545454545454548,-0.14545454545454548,0.0
39306,高知県,馬路村,656,0,,,0.5,0.47500000000000003,低,ACTIVITY|EQUIPMENT,0.36363636363636365,0.36363636363636365,0.0
39307,高知県,芸西村,3487,1,1,1,0.35,0.9025,高,,0.20885891705120826,0.20885891705120826,0.0
39341,高知県,本山町,2912,1,0.3333333333333333,0.0,0.35,0.5525,低,EQUIPMENT,0.08303907313808309,0.08303907313808309,0.0
39344,高知県,大豊町,2753,1,1,1,0.35,0.9025,高,,-0.025063457783462164,-0.025063457783462164,0.0
39363,高知県,土佐町,3415,1,1,1,0.35,0.9025,高,,0.045306884538124224,0.045306884538124224,0.0
39364,高知県,大川村,312,0,,,0.5,0.47500000000000003,低,ACTIVITY|EQUIPMENT,0.36363636363636365,0.36363636363636365,0.0
39386,高知県,いの町,19592,4,0.7777777777777778,1,1.0,0.9333333333333333,高,,0.06673253520896001,0.06673253520896001,0.0
39387,高知県,仁淀川町,4147,1,0.6666666666666666,1,0.35,0.8025,中,,-0.010401284283404234,-0.010401284283404234,0.0
39401,高知県,中土佐町,5289,1,0.6666666666666666,1,0.35,0.8025,中,,0.10098033494087026,0.10098033494087026,0.0
39402,高知県,佐川町,11489,2,1,1,0.5,0.9249999999999999,高,,0.8348379227474669,0.8348379227474669,0.0
39403,高知県,越知町,4622,4,0.8888888888888888,1,0.15,0.8391666666666667,中,,0.9982657350536066,0.9982657350536066,0.0
39405,高知県,檮原町,2909,1,1,1,0.5,0.9249999999999999,高,,0.2181296189415905,0.2181296189415905,0.0
39410,高知県,日高村,4462,0,,,0.5,0.47500000000000003,低,ACTIVITY|EQUIPMENT,-0.41512733217837183,-0.41512733217837183,0.0
39411,高知県,津野町,4773,0,,,0.5,0.47500000000000003,低,ACTIVITY|EQUIPMENT,-0.24110725313202652,-0.24110725313202652,0.0
39412,高知県,四万十町,13797,2,1,1,0.65,0.9475,高,,0.5820866089164991,0.5820866089164991,0.0
39424,高知県,大月町,3887,1,1,1,0.5,0.9249999999999999,高,,-0.11171303788992674,-0.11171303788992674,0.0
39427,高知県,三原村,1291,0,,,0.5,0.47500000000000003,低,ACTIVITY|EQUIPMENT,0.021336305923240925,0.021336305923240925,0.0
39428,高知県,黒潮町,9275,0,,,0.5,0.47500000000000003,低,ACTIVITY|EQUIPMENT,-0.7017881910984164,-0.45779671108802983,0.24399148001038656
40101,福岡県,北九州市門司区,87119,11,0.9166666666666666,1,1.0,0.9750000000000001,高,,0.6217258108642676,0.6217258108642676,0.0
40103,福岡県,北九州市若松区,77332,5,0.8888888888888888,1,1.0,0.9666666666666668,高,,-0.2414765538077186,-0.2414765538077186,0.0
40105,福岡県,北九州市戸畑区,54284,5,0.9333333333333333,1,1.0,0.98,高,,0.8451649701717487,0.8451649701717487,0.0
40106,福岡県,北九州市小倉北区,181230,21,0.95,1,1.0,0.9850000000000001,高,,1.3874354122047081,1.3874354122047081,0.0
40107,福岡県,北九州市小倉南区,203681,17,0.8974358974358975,1,1.0,0.9692307692307693,高,,-0.05797467229989644,-0.05797467229989644,0.0
40108,福岡県,北九州市八幡東区,61218,6,1,1,1.0,1.0,高,,1.019939513095835,1.019939513095835,0.0
40109,福岡県,北九州市八幡西区,242914,22,0.9,0.9,1.0,0.9550000000000001,高,,0.366515348606772,0.366515348606772,0.0
40131,福岡県,福岡市東区,330259,19,0.9791666666666666,1,1.0,0.99375,高,,0.4171798346321961,0.4171798346321961,0.0
40132,福岡県,福岡市博多区,257240,17,0.9411764705882353,1,1.0,0.9823529411764707,高,,0.22316151538270748,0.22316151538270748,0.0
40133,福岡県,福岡市中央区,211979,16,1,1,1.0,1.0,高,,1.073269644310249,1.073269644310249,0.0
40134,福岡県,福岡市南区,267714,18,0.9555555555555556,0.9333333333333333,1.0,0.9766666666666668,高,,0.5492256095654252,0.5492256095654252,0.0
40135,福岡県,福岡市西区,217224,20,0.9411764705882353,0.9411764705882353,1.0,0.9735294117647059,高,,0.29424501941888037,0.29424501941888037,0.0
40136,福岡県,福岡市城南区,132671,9,0.9166666666666666,0.875,1.0,0.95625,高,,0.4147117585195216,0.4147117585195216,0.0
40137,福岡県,福岡市早良区,221319,13,0.9487179487179487,1,1.0,0.9846153846153847,高,,0.1642287144676144,0.1642287144676144,0.0
40202,福岡県,大牟田市,104141,21,0.9791666666666666,1,1.0,0.99375,高,,0.8679697512976605,0.8679697512976605,0.0
40203,福岡県,久留米市,299292,31,0.8717948717948718,0.8846153846153846,1.0,0.9442307692307693,高,,0.6522966881529968,0.6522966881529968,0.0
40204,福岡県,直方市,54692,6,1,1,1.0,1.0,高,,0.2238440182502643,0.2238440182502643,0.0
40205,福岡県,飯塚市,122880,12,0.9,0.9,1.0,0.9550000000000001,高,,0.9074058287445028,0.9074058287445028,0.0
40206,福岡県,田川市,44186,7,0.9333333333333333,1,1.0,0.98,高,,1.1704066898128291,1.1704066898128291,0.0
40207,福岡県,柳川市,60359,6,1,1,1.0,1.0,高,,-0.006173054657413477,-0.006173054657413477,0.0
40210,福岡県,八女市,57013,8,0.9523809523809523,1,1.0,0.9857142857142858,高,,0.4030101157722984,0.4030101157722984,0.0
40211,福岡県,筑後市,48508,2,1,1,1.0,1.0,高,,0.2934788143694197,0.2934788143694197,0.0
40212,福岡県,大川市,30660,2,1,1,1.0,1.0,高,,0.9786814039158325,0.9786814039158325,0.0
40213,福岡県,行橋市,70614,6,0.888888888888889,0.8333333333333334,1.0,0.9416666666666668,高,,0.4751042257633012,0.4751042257633012,0.0
40214,福岡県,豊前市,22344,2,1,1,1.0,1.0,高,,-0.30007870076013854,-0.30007870076013854,0.0
40215,福岡県,中間市,37969,1,,,1.0,0.55,低,ACTIVITY|EQUIPMENT,-0.7266600259783716,-0.5030182290515849,0.22364179692678676
40216,福岡県,小郡市,58798,8,0.9523809523809523,1,1.0,0.9857142857142858,高,,0.541959601828928,0.541959601828928,0.0
40217,福岡県,筑紫野市,104865,9,0.9047619047619048,0.8571428571428571,1.0,0.9500000000000001,高,,0.60432044160741,0.60432044160741,0.0
40218,福岡県,春日市,110361,5,0.8,1,1.0,0.9400000000000001,高,,0.3523531284546309,0.3523531284546309,0.0
40219,福岡県,大野城市,103504,7,0.9047619047619048,1,1.0,0.9714285714285715,高,,-0.18771821916452025,-0.18771821916452025,0.0
40220,福岡県,宗像市,96578,8,1,1,1.0,1.0,高,,-0.11123594176752846,-0.11123594176752846,0.0
40221,福岡県,太宰府市,72592,4,0.8333333333333334,0.75,1.0,0.9125,高,,-0.46614920004461513,-0.46614920004461513,0.0
40223,福岡県,古賀市,57957,4,1,1,1.0,1.0,高,,0.9861482721633344,0.9861482721633344,0.0
40224,福岡県,福津市,69394,5,0.8,0.8,1.0,0.91,高,,0.270815751906374,0.270815751906374,0.0
40225,福岡県,うきは市,26210,3,0.6666666666666666,0.5,1.0,0.825,中,,-0.11250940830981104,-0.11250940830981104,0.0
40226,福岡県,宮若市,24838,4,1,1,0.85,0.9775,高,,0.46940327759629435,0.46940327759629435,0.0
40227,福岡県,嘉麻市,32024,6,1,1,0.85,0.9775,高,,0.06559067869938742,0.06559067869938742,0.0
40228,福岡県,朝倉市,47408,5,1,1,1.0,1.0,高,,0.5177284782551907,0.5177284782551907,0.0
40229,福岡県,みやま市,33410,2,1,1,0.85,0.9775,高,,-0.11223913800893906,-0.11223913800893906,0.0
40230,福岡県,糸島市,100207,8,0.9444444444444444,1,1.0,0.9833333333333334,高,,-0.15731012444932208,-0.15731012444932208,0.0
40231,福岡県,那珂川市,49180,2,1,1,1.0,1.0,高,,-0.05627634135495037,-0.05627634135495037,0.0
40341,福岡県,宇美町,36936,3,1,1,1.0,1.0,高,,-0.15250332272315498,-0.15250332272315498,0.0
40342,福岡県,篠栗町,30620,3,1,1,0.65,0.9475,高,,0.41733957054501586,0.41733957054501586,0.0
40343,福岡県,志免町,47347,5,1,1,0.8,0.97,高,,0.6292293691052964,0.6292293691052964,0.0
40344,福岡県,須恵町,29282,2,1,1,0.8,0.97,高,,-0.3192988759871628,-0.3192988759871628,0.0
40345,福岡県,新宮町,33743,2,1,1,1.0,1.0,高,,-0.1627702447349652,-0.1627702447349652,0.0
40348,福岡県,久山町,9284,1,1,1,0.35,0.9025,高,,0.4897554765823982,0.4897554765823982,0.0
40349,福岡県,粕屋町,49274,4,0.7777777777777778,1,1.0,0.9333333333333333,高,,0.6760612993410237,0.6760612993410237,0.0
40381,福岡県,芦屋町,12599,1,1,1,0.15,0.8724999999999999,中,,0.9216466553907335,0.9216466553907335,0.0
40382,福岡県,水巻町,26925,3,0.6666666666666666,0.6666666666666666,0.85,0.8274999999999999,中,,1.1111138371371538,1.1111138371371538,0.0
40383,福岡県,岡垣町,30316,2,1,1,0.65,0.9475,高,,-0.49961881468465025,-0.49961881468465025,0.0
40384,福岡県,遠賀町,18150,4,0.9166666666666666,1,0.65,0.9225000000000001,高,,1.68197590231707,1.68197590231707,0.0
40401,福岡県,小竹町,6538,1,1,1,0.5,0.9249999999999999,高,,0.3778995225383494,0.3778995225383494,0.0
40402,福岡県,鞍手町,14051,1,1,1,0.15,0.8724999999999999,中,,0.6424058666603824,0.6424058666603824,0.0
40421,福岡県,桂川町,12101,1,1,1,0.35,0.9025,高,,-0.4314425013152036,-0.4314425013152036,0.0
40447,福岡県,筑前町,29564,3,1,1,1.0,1.0,高,,-0.2866580919013937,-0.2866580919013937,0.0
40448,福岡県,東峰村,1676,0,,,0.5,0.47500000000000003,低,ACTIVITY|EQUIPMENT,-0.016439238158319724,-0.016439238158319724,0.0
40503,福岡県,大刀洗町,15738,1,0.6666666666666666,1,1.0,0.9,高,,-0.5514677188675864,-0.5514677188675864,0.0
40522,福岡県,大木町,13090,1,0.6666666666666666,1,0.35,0.8025,中,,-0.1892780062929994,-0.1892780062929994,0.0
40544,福岡県,広川町,19503,4,0.9166666666666666,1,0.8,0.9450000000000001,高,,1.8663689364179104,1.8663689364179104,0.0
40601,福岡県,香春町,9436,0,,,0.5,0.47500000000000003,低,ACTIVITY|EQUIPMENT,-0.5469870978006035,-0.17634017781927913,0.3706469199813244
40602,福岡県,添田町,7940,1,0.6666666666666666,1,0.5,0.825,中,,-0.0803979778236584,-0.0803979778236584,0.0
40604,福岡県,糸田町,7896,1,0.6666666666666666,1,0.35,0.8025,中,,1.0710153793657335,1.0710153793657335,0.0
40605,福岡県,川崎町,13762,2,1,1,1.0,1.0,高,,1.3007527120880187,1.3007527120880187,0.0
40608,福岡県,大任町,4763,0,,,0.5,0.47500000000000003,低,ACTIVITY|EQUIPMENT,0.00290516601088673,0.00290516601088673,0.0
40609,福岡県,赤村,2576,0,,,0.5,0.47500000000000003,低,ACTIVITY|EQUIPMENT,-0.03169515017187799,-0.03169515017187799,0.0
40610,福岡県,福智町,19626,3,0.8333333333333334,1,1.0,0.9500000000000001,高,,-0.3318164276773323,-0.3318164276773323,0.0
40621,福岡県,苅田町,37734,3,1,1,0.65,0.9475,高,,0.7209934063843375,0.7209934063843375,0.0
40625,福岡県,みやこ町,16993,1,1,1,1.0,1.0,高,,-0.5405128964260475,-0.5405128964260475,0.0
40642,福岡県,吉富町,6251,1,1,1,0.35,0.9025,高,,0.5873173081040881,0.5873173081040881,0.0
40646,福岡県,上毛町,6913,0,,,0.5,0.47500000000000003,低,ACTIVITY|EQUIPMENT,-0.11272413306616431,-0.11272413306616431,0.0
40647,福岡県,築上町,15717,1,1,1,1.0,1.0,高,,-0.596417837437661,-0.596417837437661,0.0
41201,佐賀県,佐賀市,228262,27,0.8985507246376812,0.9565217391304348,1.0,0.9630434782608696,高,,0.6506481401884795,0.6506481401884795,0.0
41202,佐賀県,唐津市,110274,15,0.9743589743589743,1,1.0,0.9923076923076923,高,,0.45479715301277673,0.45479715301277673,0.0
41203,佐賀県,鳥栖市,75219,8,0.9047619047619048,1,1.0,0.9714285714285715,高,,0.7193443899847558,0.7193443899847558,0.0
41204,佐賀県,多久市,16934,3,0.6666666666666666,1,1.0,0.9,高,,0.13979982960415047,0.13979982960415047,0.0
41205,佐賀県,伊万里市,49048,8,1,1,1.0,1.0,高,,0.30178633463186455,0.30178633463186455,0.0
41206,佐賀県,武雄市,46267,5,0.9166666666666666,1,1.0,0.9750000000000001,高,,0.4406510499775525,0.4406510499775525,0.0
41207,佐賀県,鹿島市,25894,4,1,1,0.65,0.9475,高,,0.9116593360004367,0.9116593360004367,0.0
41208,佐賀県,小城市,42690,2,1,1,1.0,1.0,高,,-0.10886864812936778,-0.10886864812936778,0.0
41209,佐賀県,嬉野市,24225,4,1,1,0.85,0.9775,高,,1.7091122094978912,1.7091122094978912,0.0
41210,佐賀県,神埼市,29979,3,0.8888888888888888,1,1.0,0.9666666666666668,高,,-0.25943458503860284,-0.25943458503860284,0.0
41327,佐賀県,吉野ヶ里町,16133,1,1,1,1.0,1.0,高,,0.45811438769266677,0.45811438769266677,0.0
41341,佐賀県,基山町,16866,1,0.6666666666666666,1,1.0,0.9,高,,-0.402559254226723,-0.402559254226723,0.0
41345,佐賀県,上峰町,9254,1,1,1,0.35,0.9025,高,,0.7077221928512083,0.7077221928512083,0.0
41346,佐賀県,みやき町,25652,3,1,1,0.65,0.9475,高,,0.8688408554239858,0.8688408554239858,0.0
41387,佐賀県,玄海町,5208,0,,,0.5,0.47500000000000003,低,ACTIVITY|EQUIPMENT,0.31925672170862396,0.31925672170862396,0.0
41401,佐賀県,有田町,17905,1,1,1,1.0,1.0,高,,1.0772606451552929,1.0772606451552929,0.0
41423,佐賀県,大町町,5810,1,1,1,0.35,0.9025,高,,0.8681177653858339,0.8681177653858339,0.0
41424,佐賀県,江北町,9451,2,0.6666666666666666,1,0.35,0.8025,中,,0.8840911448948781,0.8840911448948781,0.0
41425,佐賀県,白石町,20356,4,1,1,0.85,0.9775,高,,0.6266618702516301,0.6266618702516301,0.0
41441,佐賀県,太良町,7337,1,1,1,0.5,0.9249999999999999,高,,0.44760984095976847,0.44760984095976847,0.0
42201,長崎県,長崎市,381884,41,0.9292929292929293,0.9696969696969697,1.0,0.9742424242424242,高,,0.5086756118245409,0.5086756118245409,0.0
42202,長崎県,佐世保市,226237,23,1,1,1.0,1.0,高,,0.2948257601386372,0.2948257601386372,0.0
42203,長崎県,島原市,40805,8,0.9444444444444444,1,1.0,0.9833333333333334,高,,0.9199686372654557,0.9199686372654557,0.0
42204,長崎県,諫早市,128614,20,0.9285714285714286,1,1.0,0.9785714285714286,高,,0.5679940936349828,0.5679940936349828,0.0
42205,長崎県,大村市,95852,8,0.9047619047619048,0.8571428571428571,1.0,0.9500000000000001,高,,0.9075281638367937,0.9075281638367937,0.0
42207,長崎県,平戸市,26755,7,0.888888888888889,1,0.85,0.9441666666666668,高,,0.5907139174370145,0.5907139174370145,0.0
42208,長崎県,松浦市,19091,3,0.7777777777777778,1,0.8,0.9033333333333333,高,,0.2512091960130952,0.2512091960130952,0.0
42209,長崎県,対馬市,25313,2,1,1,1.0,1.0,高,,0.34154391380275,0.34154391380275,0.0
42210,長崎県,壱岐市,22451,4,0.9166666666666666,1,1.0,0.9750000000000001,高,,0.7139106232522444,0.7139106232522444,0.0
42211,長崎県,五島市,31415,4,1,1,1.0,1.0,高,,0.3701892051863512,0.3701892051863512,0.0
42212,長崎県,西海市,23248,2,0.6666666666666666,0.5,1.0,0.825,中,,-0.4491283116838398,-0.4491283116838398,0.0
42213,長崎県,雲仙市,38135,3,0.8888888888888888,1,1.0,0.9666666666666668,高,,0.31702345356778094,0.31702345356778094,0.0
42214,長崎県,南島原市,37903,4,0.9166666666666666,1,1.0,0.9750000000000001,高,,-0.06402073645384523,-0.06402073645384523,0.0
42307,長崎県,長与町,39161,3,1,1,0.85,0.9775,高,,0.2982690415964531,0.2982690415964531,0.0
42308,長崎県,時津町,28580,3,1,1,0.65,0.9475,高,,1.4753915442563386,1.4753915442563386,0.0
42321,長崎県,東彼杵町,7108,1,0.6666666666666666,1,0.35,0.8025,中,,-0.08196532242429647,-0.08196532242429647,0.0
42322,長崎県,川棚町,12490,1,1,1,0.15,0.8724999999999999,中,,1.2589378198504362,1.2589378198504362,0.0
42323,長崎県,波佐見町,13696,2,0.6666666666666666,1,0.35,0.8025,中,,0.5845248566535043,0.5845248566535043,0.0
42383,長崎県,小値賀町,1993,0,,,0.5,0.47500000000000003,低,ACTIVITY|EQUIPMENT,-0.045169989611047345,-0.045169989611047345,0.0
42391,長崎県,佐々町,13925,1,,,0.5,0.47500000000000003,低,ACTIVITY|EQUIPMENT,-0.11912436413216182,0.6015920652142512,0.720716429346413
42411,長崎県,新上五島町,15504,1,1,1,0.8,0.97,高,,0.4975434734194413,0.4975434734194413,0.0
43101,熊本県,熊本市中央区,187189,34,0.946236559139785,1,1.0,0.9838709677419355,高,,1.770922688998703,1.770922688998703,0.0
43102,熊本県,熊本市東区,187831,16,0.9696969696969697,1,1.0,0.990909090909091,高,,0.5281108891026,0.5281108891026,0.0
43103,熊本県,熊本市西区,89445,7,1,1,1.0,1.0,高,,-0.2942674524119245,-0.2942674524119245,0.0
43104,熊本県,熊本市南区,132524,16,1,1,1.0,1.0,高,,1.1407408974983775,1.1407408974983775,0.0
43105,熊本県,熊本市北区,135395,15,0.8181818181818182,0.8181818181818182,1.0,0.9181818181818182,高,,0.10257108052196237,0.10257108052196237,0.0
43202,熊本県,八代市,117245,10,1,1,1.0,1.0,高,,0.34152900225950317,0.34152900225950317,0.0
43203,熊本県,人吉市,28976,9,0.9444444444444444,1,0.85,0.9608333333333334,高,,1.7254597785435273,1.7254597785435273,0.0
43204,熊本県,荒尾市,47435,5,1,1,1.0,1.0,高,,0.23653778723649027,0.23653778723649027,0.0
43205,熊本県,水俣市,21298,7,0.9333333333333333,1,0.85,0.9575,高,,1.6560746874860321,1.6560746874860321,0.0
43206,熊本県,玉名市,61365,4,1,1,1.0,1.0,高,,0.09705589539164794,0.09705589539164794,0.0
43208,熊本県,山鹿市,45199,6,1,1,1.0,1.0,高,,0.44535407473420136,0.44535407473420136,0.0
43210,熊本県,菊池市,44156,5,0.9166666666666666,1,1.0,0.9750000000000001,高,,-0.25044977640593646,-0.25044977640593646,0.0
43211,熊本県,宇土市,34948,1,,,1.0,0.55,低,ACTIVITY|EQUIPMENT,-0.6258792530097486,-0.3197804600177247,0.30609879299202386
43212,熊本県,上天草市,22087,1,1,1,1.0,1.0,高,,-0.043697117437306136,-0.043697117437306136,0.0
43213,熊本県,宇城市,54396,7,1,1,1.0,1.0,高,,0.14587366094500337,0.14587366094500337,0.0
43214,熊本県,阿蘇市,23124,4,0.8888888888888888,1,1.0,0.9666666666666668,高,,0.42222978492772606,0.42222978492772606,0.0
43215,熊本県,天草市,68549,14,0.9696969696969697,1,1.0,0.990909090909091,高,,0.6344512072633846,0.6344512072633846,0.0
43216,熊本県,合志市,63212,5,0.8333333333333334,1,1.0,0.9500000000000001,高,,0.31917793134588845,0.31917793134588845,0.0
43348,熊本県,美里町,8364,2,1,1,0.35,0.9025,高,,0.17069046948810757,0.17069046948810757,0.0
43364,熊本県,玉東町,4793,0,,,0.5,0.47500000000000003,低,ACTIVITY|EQUIPMENT,-0.0696777264909879,-0.0696777264909879,0.0
43367,熊本県,南関町,8299,0,,,0.5,0.47500000000000003,低,ACTIVITY|EQUIPMENT,-0.5251250032775129,-0.1365909150500235,0.38853408822748936
43368,熊本県,長洲町,14572,1,1,1,0.35,0.9025,高,,-0.21091728312641345,-0.21091728312641345,0.0
43369,熊本県,和水町,8535,1,1,1,0.35,0.9025,高,,0.1912521714190641,0.1912521714190641,0.0
43403,熊本県,大津町,36213,1,1,1,1.0,1.0,高,,-0.5739618805872063,-0.5739618805872063,0.0
43404,熊本県,菊陽町,45200,5,0.8666666666666667,0.8,0.8,0.9,高,,1.140371809167767,1.140371809167767,0.0
43423,熊本県,南小国町,3503,0,,,0.5,0.47500000000000003,低,ACTIVITY|EQUIPMENT,-0.05769320326855283,-0.05769320326855283,0.0
43424,熊本県,小国町,6007,1,1,1,0.5,0.9249999999999999,高,,0.9336746514227898,0.9336746514227898,0.0
43425,熊本県,産山村,1237,0,,,0.5,0.47500000000000003,低,ACTIVITY|EQUIPMENT,0.026549120210362143,0.026549120210362143,0.0
43428,熊本県,高森町,5333,0,,,0.5,0.47500000000000003,低,ACTIVITY|EQUIPMENT,-0.3567614674412673,-0.3567614674412673,0.0
43432,熊本県,西原村,6415,0,,,0.5,0.47500000000000003,低,ACTIVITY|EQUIPMENT,-0.3417296697479729,-0.3417296697479729,0.0
43433,熊本県,南阿蘇村,9315,1,1,1,0.3,0.895,中,,-0.005752559359738819,-0.005752559359738819,0.0
43441,熊本県,御船町,16424,1,,,1.0,0.55,低,ACTIVITY|EQUIPMENT,-0.4046725961177756,0.0824134616040443,0.4870860577218199
43442,熊本県,嘉島町,9636,2,0.8333333333333334,1,0.2,0.8300000000000001,中,,1.1872231967742595,1.1872231967742595,0.0
43443,熊本県,益城町,32802,4,0.6666666666666666,0.6666666666666666,1.0,0.85,中,,-0.32698586557990555,-0.32698586557990555,0.0
43444,熊本県,甲佐町,9612,2,0.8333333333333334,1,0.15,0.8225,中,,0.6921664533352951,0.6921664533352951,0.0
43447,熊本県,山都町,11830,3,0.8888888888888888,1,0.35,0.8691666666666668,中,,0.7808332577264689,0.7808332577264689,0.0
43468,熊本県,氷川町,10244,1,1,1,0.35,0.9025,高,,0.49279939451658383,0.49279939451658383,0.0
43482,熊本県,芦北町,13551,3,0.8888888888888888,1,1.0,0.9666666666666668,高,,0.05434087411444473,0.05434087411444473,0.0
43484,熊本県,津奈木町,3879,0,,,0.5,0.47500000000000003,低,ACTIVITY|EQUIPMENT,-0.2869290403711494,-0.2869290403711494,0.0
43501,熊本県,錦町,9744,0,,,0.5,0.47500000000000003,低,ACTIVITY|EQUIPMENT,-0.3810757818285572,-0.3810757818285572,0.0
43505,熊本県,多良木町,8238,1,1,1,0.15,0.8724999999999999,中,,0.9265329115633975,0.9265329115633975,0.0
43506,熊本県,湯前町,3278,0,,,0.5,0.47500000000000003,低,ACTIVITY|EQUIPMENT,-0.06288580716209471,-0.06288580716209471,0.0
43507,熊本県,水上村,1831,0,,,0.5,0.47500000000000003,低,ACTIVITY|EQUIPMENT,0.16222855420511936,0.16222855420511936,0.0
43510,熊本県,相良村,3630,0,,,0.5,0.47500000000000003,低,ACTIVITY|EQUIPMENT,0.044276775451413,0.044276775451413,0.0
43511,熊本県,五木村,817,0,,,0.5,0.47500000000000003,低,ACTIVITY|EQUIPMENT,0.09535924968028887,0.09535924968028887,0.0
43512,熊本県,山江村,2935,0,,,0.5,0.47500000000000003,低,ACTIVITY|EQUIPMENT,-0.14545454545454548,-0.14545454545454548,0.0
43513,熊本県,球磨村,1441,0,,,0.5,0.47500000000000003,低,ACTIVITY|EQUIPMENT,0.004036829224700894,0.004036829224700894,0.0
43514,熊本県,あさぎり町,13566,1,1,1,0.5,0.9249999999999999,高,,-0.448598611910017,-0.448598611910017,0.0
43531,熊本県,苓北町,6431,3,1,1,0.2,0.88,中,,1.471302436366737,1.471302436366737,0.0
44201,大分県,大分市,471405,54,0.967479674796748,1,1.0,0.9902439024390244,高,,0.3747392742939024,0.3747392742939024,0.0
44202,大分県,別府市,110673,24,0.9473684210526315,1,1.0,0.9842105263157895,高,,1.107649518547814,1.107649518547814,0.0
44203,大分県,中津市,81159,11,1,1,1.0,1.0,高,,0.8671701128211917,0.8671701128211917,0.0
44204,大分県,日田市,58000,17,0.9523809523809523,1,1.0,0.9857142857142858,高,,0.8234365186375581,0.8234365186375581,0.0
44205,大分県,佐伯市,60638,7,0.8571428571428571,0.8571428571428571,1.0,0.9357142857142857,高,,0.5847226173981745,0.5847226173981745,0.0
44206,大分県,臼杵市,32750,4,0.8888888888888888,1,0.85,0.9441666666666668,高,,-0.06326238186087028,-0.06326238186087028,0.0
44207,大分県,津久見市,14064,1,1,1,0.8,0.97,高,,0.644450668002642,0.644450668002642,0.0
44208,大分県,竹田市,17960,3,1,1,0.3,0.895,中,,0.7857418146813074,0.7857418146813074,0.0
44209,大分県,豊後高田市,21038,3,1,1,0.8,0.97,高,,0.7283779104541873,0.7283779104541873,0.0
44210,大分県,杵築市,25198,3,1,1,0.85,0.9775,高,,-0.06614296726804379,-0.06614296726804379,0.0
44211,大分県,宇佐市,49743,7,0.9444444444444444,1,1.0,0.9833333333333334,高,,0.2009275171414129,0.2009275171414129,0.0
44212,大分県,豊後大野市,30363,3,1,1,0.85,0.9775,高,,0.40817092405523636,0.40817092405523636,0.0
44213,大分県,由布市,31568,3,1,1,0.85,0.9775,高,,1.7660447822411096,1.7660447822411096,0.0
44214,大分県,国東市,23895,3,1,1,0.85,0.9775,高,,0.27619911433794114,0.27619911433794114,0.0
44322,大分県,姫島村,1484,0,,,0.5,0.47500000000000003,低,ACTIVITY|EQUIPMENT,-0.019276218563783185,-0.019276218563783185,0.0
44341,大分県,日出町,27098,3,1,1,0.65,0.9475,高,,0.5759615121034406,0.5759615121034406,0.0
44461,大分県,九重町,7690,0,,,0.5,0.47500000000000003,低,ACTIVITY|EQUIPMENT,-0.6087159794264478,-0.2885745080480869,0.32014147137836096
44462,大分県,玖珠町,12814,3,0.6666666666666666,0.5,0.3,0.72,中,,0.24182198352898523,0.24182198352898523,0.0
45201,宮崎県,宮崎市,396765,36,0.9479166666666666,0.96875,1.0,0.9796874999999999,高,,0.2660921929551152,0.2660921929551152,0.0
45202,宮崎県,都城市,154967,26,0.9696969696969697,1,1.0,0.990909090909091,高,,0.6492594569365411,0.6492594569365411,0.0
45203,宮崎県,延岡市,110251,16,0.9333333333333333,0.9333333333333333,1.0,0.97,高,,0.2942920935138589,0.2942920935138589,0.0
45204,宮崎県,日南市,46510,7,1,1,1.0,1.0,高,,0.35470082017160104,0.35470082017160104,0.0
45205,宮崎県,小林市,41151,11,0.8666666666666667,0.8,1.0,0.93,高,,0.9639004563168094,0.9639004563168094,0.0
45206,宮崎県,日向市,55965,6,0.8333333333333334,0.75,1.0,0.9125,高,,-0.03668398545995592,-0.03668398545995592,0.0
45207,宮崎県,串間市,14835,2,1,1,0.8,0.97,高,,0.5835834546523968,0.5835834546523968,0.0
45208,宮崎県,西都市,26518,4,0.9166666666666666,1,0.85,0.9525000000000001,高,,0.36877992040086716,0.36877992040086716,0.0
45209,宮崎県,えびの市,15645,1,0.8333333333333334,1,1.0,0.9500000000000001,高,,-0.38708681091219643,-0.38708681091219643,0.0
45341,宮崎県,三股町,25393,1,,,1.0,0.55,低,ACTIVITY|EQUIPMENT,-0.5673985508586852,-0.21345191065215482,0.3539466402065303
45361,宮崎県,高原町,7956,1,1,1,0.5,0.9249999999999999,高,,0.5373301830900503,0.5373301830900503,0.0
45382,宮崎県,国富町,17235,2,1,1,0.8,0.97,高,,-0.2694934723961977,-0.2694934723961977,0.0
45383,宮崎県,綾町,6638,0,,,0.5,0.47500000000000003,低,ACTIVITY|EQUIPMENT,0.11307205659562052,0.11307205659562052,0.0
45401,宮崎県,高鍋町,18976,2,0.8333333333333334,1,1.0,0.9500000000000001,高,,0.38616727680865004,0.38616727680865004,0.0
45402,宮崎県,新富町,15746,0,,,0.5,0.47500000000000003,低,ACTIVITY|EQUIPMENT,-0.6938034627022795,-0.4432790230950537,0.25052443960722587
45403,宮崎県,西米良村,886,0,,,0.5,0.47500000000000003,低,ACTIVITY|EQUIPMENT,0.333145129975414,0.333145129975414,0.0
45404,宮崎県,木城町,4596,0,,,0.5,0.47500000000000003,低,ACTIVITY|EQUIPMENT,-0.27104989472580465,-0.27104989472580465,0.0
45405,宮崎県,川南町,14213,2,1,1,0.3,0.895,中,,1.2262910441706054,1.2262910441706054,0.0
45406,宮崎県,都農町,9238,1,1,1,0.3,0.895,中,,0.6307108375187314,0.6307108375187314,0.0
45421,宮崎県,門川町,16305,3,0.8888888888888888,1,0.35,0.8691666666666668,中,,1.0802862737998085,1.0802862737998085,0.0
45429,宮崎県,諸塚村,1312,0,,,0.5,0.47500000000000003,低,ACTIVITY|EQUIPMENT,0.008971297163819291,0.008971297163819291,0.0
45430,宮崎県,椎葉村,2155,1,1,1,0.5,0.9249999999999999,高,,-0.03375051003821306,-0.03375051003821306,0.0
45431,宮崎県,美郷町,4233,1,1,1,0.5,0.9249999999999999,高,,0.10818982777707264,0.10818982777707264,0.0
45441,宮崎県,高千穂町,10302,2,1,1,0.5,0.9249999999999999,高,,0.8512372237693518,0.8512372237693518,0.0
45442,宮崎県,日之影町,3235,1,1,1,0.35,0.9025,高,,-0.06193686781404188,-0.06193686781404188,0.0
45443,宮崎県,五ヶ瀬町,3090,1,1,1,0.5,0.9249999999999999,高,,-0.05025767865009228,-0.05025767865009228,0.0
46201,鹿児島県,鹿児島市,583222,83,0.9212962962962963,0.9444444444444444,1.0,0.9680555555555556,高,,0.7323215136891734,0.7323215136891734,0.0
46203,鹿児島県,鹿屋市,96269,13,0.9629629629629629,1,1.0,0.9888888888888889,高,,0.859350279624837,0.859350279624837,0.0
46204,鹿児島県,枕崎市,18370,8,0.8095238095238095,1,0.65,0.890357142857143,中,,1.1495084792877253,1.1495084792877253,0.0
46206,鹿児島県,阿久根市,17187,3,1,1,0.65,0.9475,高,,1.1737866448332086,1.1737866448332086,0.0
46208,鹿児島県,出水市,49555,5,0.8888888888888888,1,1.0,0.9666666666666668,高,,0.03413476467123719,0.03413476467123719,0.0
46210,鹿児島県,指宿市,36313,8,0.888888888888889,0.8333333333333334,0.85,0.9191666666666667,高,,0.8361002218561225,0.8361002218561225,0.0
46213,鹿児島県,西之表市,13571,2,1,1,0.65,0.9475,高,,1.1548433593796565,1.1548433593796565,0.0
46214,鹿児島県,垂水市,12426,1,1,1,0.8,0.97,高,,0.8496970883091534,0.8496970883091534,0.0
46215,鹿児島県,薩摩川内市,88422,11,0.9629629629629629,1,1.0,0.9888888888888889,高,,0.5348522276212395,0.5348522276212395,0.0
46216,鹿児島県,日置市,45054,9,0.9166666666666666,1,1.0,0.9750000000000001,高,,0.27131608842710786,0.27131608842710786,0.0
46217,鹿児島県,曽於市,29818,5,0.9333333333333333,1,0.85,0.9575,高,,0.20904019183342928,0.20904019183342928,0.0
46218,鹿児島県,霧島市,120392,15,0.9523809523809523,1,1.0,0.9857142857142858,高,,0.48354650922343667,0.48354650922343667,0.0
46219,鹿児島県,いちき串木野市,25375,6,1,1,0.85,0.9775,高,,0.48445278098475053,0.48445278098475053,0.0
46220,鹿児島県,南さつま市,30324,7,0.888888888888889,0.8333333333333334,1.0,0.9416666666666668,高,,0.5899080935474912,0.5899080935474912,0.0
46221,鹿児島県,志布志市,26797,3,0.6666666666666666,1,1.0,0.9,高,,-0.3530940753444287,-0.3530940753444287,0.0
46222,鹿児島県,奄美市,38904,7,0.9444444444444444,1,1.0,0.9833333333333334,高,,1.350728369947939,1.350728369947939,0.0
46223,鹿児島県,南九州市,29450,5,1,1,0.85,0.9775,高,,-0.12753374715562996,-0.12753374715562996,0.0
46224,鹿児島県,伊佐市,22048,6,0.9333333333333333,1,0.85,0.9575,高,,0.8352957691788013,0.8352957691788013,0.0
46225,鹿児島県,姶良市,75531,11,0.9259259259259259,0.8888888888888888,1.0,0.9611111111111111,高,,0.7267923067505058,0.7267923067505058,0.0
46303,鹿児島県,三島村,338,0,,,0.5,0.47500000000000003,低,ACTIVITY|EQUIPMENT,0.36363636363636365,0.36363636363636365,0.0
46304,鹿児島県,十島村,695,0,,,0.5,0.47500000000000003,低,ACTIVITY|EQUIPMENT,0.36363636363636365,0.36363636363636365,0.0
46392,鹿児島県,さつま町,17573,3,1,1,0.65,0.9475,高,,0.5058689436878424,0.5058689436878424,0.0
46404,鹿児島県,長島町,8980,0,,,0.5,0.47500000000000003,低,ACTIVITY|EQUIPMENT,-0.11166430065112316,0.13060907189857052,0.24227337254969367
46452,鹿児島県,湧水町,8236,1,1,1,0.35,0.9025,高,,0.08560322261121686,0.08560322261121686,0.0
46468,鹿児島県,大崎町,11467,0,,,0.5,0.47500000000000003,低,ACTIVITY|EQUIPMENT,-0.6714232167152051,-0.4025876667549183,0.2688355499602868
46482,鹿児島県,東串良町,5885,0,,,0.5,0.47500000000000003,低,ACTIVITY|EQUIPMENT,-0.24259271284349812,-0.24259271284349812,0.0
46490,鹿児島県,錦江町,6071,1,1,1,0.15,0.8724999999999999,中,,1.2367249395398403,1.2367249395398403,0.0
46491,鹿児島県,南大隅町,5554,0,,,0.5,0.47500000000000003,低,ACTIVITY|EQUIPMENT,-0.40394639768383617,-0.24138632432488227,0.1625600733589539
46492,鹿児島県,肝付町,12486,2,1,1,1.0,1.0,高,,0.6682808230358841,0.6682808230358841,0.0
46501,鹿児島県,中種子町,6968,0,,,0.5,0.47500000000000003,低,ACTIVITY|EQUIPMENT,-0.697304992006629,-0.4496454400120527,0.2476595519945763
46502,鹿児島県,南種子町,5042,1,1,1,0.5,0.9249999999999999,高,,0.5968819549807025,0.5968819549807025,0.0
46505,鹿児島県,屋久島町,11129,1,1,1,0.35,0.9025,高,,1.0648726991616206,1.0648726991616206,0.0
46523,鹿児島県,大和村,1223,0,,,0.5,0.47500000000000003,低,ACTIVITY|EQUIPMENT,0.22968849159716404,0.22968849159716404,0.0
46524,鹿児島県,宇検村,1512,0,,,0.5,0.47500000000000003,低,ACTIVITY|EQUIPMENT,0.0006012506012506126,0.0006012506012506126,0.0
46525,鹿児島県,瀬戸内町,7918,2,1,1,0.5,0.9249999999999999,高,,1.3005042672561609,1.3005042672561609,0.0
46527,鹿児島県,龍郷町,5670,0,,,0.5,0.47500000000000003,低,ACTIVITY|EQUIPMENT,0.23132749662275534,0.23132749662275534,0.0
46529,鹿児島県,喜界町,6105,1,1,1,0.35,0.9025,高,,0.8576690950671084,0.8576690950671084,0.0
46530,鹿児島県,徳之島町,9340,3,1,1,0.2,0.88,中,,1.157428295207047,1.157428295207047,0.0
46531,鹿児島県,天城町,5077,0,,,0.5,0.47500000000000003,低,ACTIVITY|EQUIPMENT,-0.22611725554939638,-0.22611725554939638,0.0
46532,鹿児島県,伊仙町,5750,0,,,0.5,0.47500000000000003,低,ACTIVITY|EQUIPMENT,-0.28274584947953324,-0.28274584947953324,0.0
46533,鹿児島県,和泊町,5807,0,,,0.5,0.47500000000000003,低,ACTIVITY|EQUIPMENT,0.49640920248393894,0.49640920248393894,0.0
46534,鹿児島県,知名町,5294,1,1,1,0.15,0.8724999999999999,中,,0.6148653906962938,0.6148653906962938,0.0
46535,鹿児島県,与論町,4824,1,1,1,0.35,0.9025,高,,0.15405921114386445,0.15405921114386445,0.0
47201,沖縄県,那覇市,306282,17,0.9583333333333334,0.9375,1.0,0.978125,高,,0.047096602305291314,0.047096602305291314,0.0
47205,沖縄県,宜野湾市,101378,4,1,1,1.0,1.0,高,,0.35432424832898013,0.35432424832898013,0.0
47207,沖縄県,石垣市,47732,3,1,1,1.0,1.0,高,,0.8392455099615304,0.8392455099615304,0.0
47208,沖縄県,浦添市,116145,7,0.9523809523809523,1,1.0,0.9857142857142858,高,,0.3839926206540313,0.3839926206540313,0.0
47209,沖縄県,名護市,64323,6,0.8888888888888888,1,1.0,0.9666666666666668,高,,1.1013209040268621,1.1013209040268621,0.0
47210,沖縄県,糸満市,61465,5,0.7777777777777778,0.6666666666666666,1.0,0.8833333333333333,中,,-0.2542860707111453,-0.2542860707111453,0.0
47211,沖縄県,沖縄市,141402,10,0.8148148148148148,0.7777777777777778,1.0,0.9111111111111111,高,,0.21229242064103837,0.21229242064103837,0.0
47212,沖縄県,豊見城市,65312,4,1,1,1.0,1.0,高,,0.9933136946939114,0.9933136946939114,0.0
47213,沖縄県,うるま市,126901,6,0.8333333333333334,0.75,1.0,0.9125,高,,-0.09347074823548364,-0.09347074823548364,0.0
47214,沖縄県,宮古島市,52340,4,0.8888888888888888,1,1.0,0.9666666666666668,高,,0.6002461789158363,0.6002461789158363,0.0
47215,沖縄県,南城市,45359,1,1,1,1.0,1.0,高,,-0.6942929521224039,-0.6942929521224039,0.0
47301,沖縄県,国頭村,4219,0,,,0.5,0.47500000000000003,低,ACTIVITY|EQUIPMENT,-0.13240091490757191,-0.13240091490757191,0.0
47302,沖縄県,大宜味村,2941,0,,,0.5,0.47500000000000003,低,ACTIVITY|EQUIPMENT,-0.039999194752350926,-0.039999194752350926,0.0
47303,沖縄県,東村,1517,0,,,0.5,0.47500000000000003,低,ACTIVITY|EQUIPMENT,0.004746040274025607,0.004746040274025607,0.0
47306,沖縄県,今帰仁村,8527,1,1,1,0.35,0.9025,高,,0.43068569296943404,0.43068569296943404,0.0
47308,沖縄県,本部町,11954,2,1,1,0.35,0.9025,高,,0.43297407816857647,0.43297407816857647,0.0
47311,沖縄県,恩納村,11074,0,,,0.5,0.47500000000000003,低,ACTIVITY|EQUIPMENT,-0.6088872894521548,-0.2888859808220995,0.32000130863005527
47313,沖縄県,宜野座村,5990,1,1,1,0.2,0.88,中,,0.4892235934257614,0.4892235934257614,0.0
47314,沖縄県,金武町,10762,1,0.6666666666666666,1,0.35,0.8025,中,,0.42563598480113024,0.42563598480113024,0.0
47315,沖縄県,伊江村,3863,0,,,0.5,0.47500000000000003,低,ACTIVITY|EQUIPMENT,-0.2602349159928628,-0.2602349159928628,0.0
47324,沖縄県,読谷村,41473,0,,,1.0,0.55,低,ACTIVITY|EQUIPMENT,-0.7633340488918213,-0.5696982707124024,0.1936357781794189
47325,沖縄県,嘉手納町,13020,1,1,1,0.35,0.9025,高,,0.6435304713138434,0.6435304713138434,0.0
47326,沖縄県,北谷町,28125,2,0.6666666666666666,1,1.0,0.9,高,,-0.423621567059186,-0.423621567059186,0.0
47327,沖縄県,北中城村,18549,3,1,1,0.65,0.9475,高,,3.1952365401311775,3.1952365401311775,0.0
47328,沖縄県,中城村,22990,2,1,1,1.0,1.0,高,,1.5930154475117142,1.5930154475117142,0.0
47329,沖縄県,西原町,34834,1,1,1,1.0,1.0,高,,-0.6158022868816548,-0.6158022868816548,0.0
47348,沖縄県,与那原町,20510,1,1,1,0.85,0.9775,高,,0.9322081546942456,0.9322081546942456,0.0
47350,沖縄県,南風原町,41514,6,0.8333333333333334,0.75,1.0,0.9125,高,,1.4908590209908898,1.4908590209908898,0.0
47353,沖縄県,渡嘉敷村,649,0,,,0.5,0.47500000000000003,低,ACTIVITY|EQUIPMENT,0.18759115704470933,0.18759115704470933,0.0
47354,沖縄県,座間味村,828,0,,,0.5,0.47500000000000003,低,ACTIVITY|EQUIPMENT,0.36363636363636365,0.36363636363636365,0.0
47355,沖縄県,粟国村,623,0,,,0.5,0.47500000000000003,低,ACTIVITY|EQUIPMENT,0.1673450623806766,0.1673450623806766,0.0
47356,沖縄県,渡名喜村,315,0,,,0.5,0.47500000000000003,低,ACTIVITY|EQUIPMENT,0.36363636363636365,0.36363636363636365,0.0
47357,沖縄県,南大東村,1207,0,,,0.5,0.47500000000000003,低,ACTIVITY|EQUIPMENT,0.04089715639717474,0.04089715639717474,0.0
47358,沖縄県,北大東村,563,0,,,0.5,0.47500000000000003,低,ACTIVITY|EQUIPMENT,0.21750356783995398,0.21750356783995398,0.0
47359,沖縄県,伊平屋村,1013,0,,,0.5,0.47500000000000003,低,ACTIVITY|EQUIPMENT,0.06174226910550065,0.06174226910550065,0.0
47360,沖縄県,伊是名村,1236,0,,,0.5,0.47500000000000003,低,ACTIVITY|EQUIPMENT,0.034862296266602956,0.034862296266602956,0.0
47361,沖縄県,久米島町,6618,1,1,1,0.5,0.9249999999999999,高,,0.5040324705964844,0.5040324705964844,0.0
47362,沖縄県,八重瀬町,32232,1,1,1,0.85,0.9775,高,,1.0790582585506128,1.0790582585506128,0.0
47375,沖縄県,多良間村,977,0,,,0.5,0.47500000000000003,低,ACTIVITY|EQUIPMENT,0.06423570161638761,0.06423570161638761,0.0
47381,沖縄県,竹富町,3754,0,,,0.5,0.47500000000000003,低,ACTIVITY|EQUIPMENT,0.6545454545454545,0.6545454545454545,0.0
47382,沖縄県,与那国町,1552,0,,,0.5,0.47500000000000003,低,ACTIVITY|EQUIPMENT,0.02635571994331402,0.02635571994331402,0.0
22138,静岡県,浜松市中央区,595838,21,,,0.5,0.47500000000000003,低,ACTIVITY|EQUIPMENT,-0.5826318450384491,-0.24114880916081657,0.3414830358776325
22139,静岡県,浜松市浜名区,152222,7,,,0.5,0.47500000000000003,低,ACTIVITY|EQUIPMENT,-0.47180737493630187,-0.03964977261145795,0.4321576023248439
22140,静岡県,浜松市天竜区,24194,2,,,0.35,0.4525,低,ACTIVITY|EQUIPMENT,-0.49771018453790505,-0.08674579006891829,0.41096439446898675
