pref_code,facility_id,facility_name_map,name,ct,mri,ct64,ct16_63,ct_under16,mri3t,mri15_3,mri_under15,latest,update,ctannual,mriannual,annualstatus
01,1417382,市立函館恵山病院,市立函館恵山病院,1,0,0,1,0,0,0,0,2015-07-01,,,,
01,1416756,市立函館病院,市立函館病院,2,2,2,0,0,1,1,0,2026-06-01,MEDIUM_2026_STANDARD_START,,,
01,1417655,社会福祉法人 北海道社会事業協会函館病院,社会福祉法人北海道社会事業協会函館病院,1,1,1,0,0,0,1,0,2022-04-01,,,,
01,1411005,医療法人 同仁会 函館記念病院,医療法人同仁会函館記念病院,1,0,0,0,1,0,0,0,2020-10-01,,,,
01,1418307,医療法人社団健和会函館おおむら整形外科病院,医療法人社団健和会函館おおむら整形外科病院,1,1,0,1,0,0,1,0,2022-01-01,,,,
01,1410403,函館渡辺病院,函館渡辺病院,1,1,1,0,0,0,1,0,2022-08-01,,,,
01,1414157,道南勤医協 函館稜北病院,社会医療法人道南勤労者医療協会道南勤医協函館稜北病院,1,0,0,1,0,0,0,0,2012-04-01,,,,
01,1417960,亀田病院,亀田病院,1,1,0,1,0,0,0,1,2019-04-01,,,,
01,1413001,社会医療法人仁生会 西堀病院,社会医療法人仁生会西堀病院,1,0,0,1,0,0,0,0,2012-08-01,,,,
01,1419263,社会医療法人 高橋病院,社会医療法人高橋病院,1,0,1,0,0,0,0,0,2024-10-01,,,,
01,8010057,独立行政法人国立病院機構函館医療センター,独立行政法人国立病院機構函館医療センター,1,1,0,1,0,0,1,0,2025-03-01,,,,
01,1416160,医療法人 聖仁会 森病院,医療法人聖仁会森病院,1,0,0,1,0,0,0,0,2012-04-01,,,,
01,1411237,特定医療法人 富田病院,特定医療法人富田病院,1,0,0,1,0,0,0,0,2020-10-01,,,,
01,1417341,市立函館南茅部病院,市立函館南茅部病院,1,0,0,0,1,0,0,0,2012-04-01,,,,
01,1410049,函館中央病院,函館中央病院,2,2,2,0,0,0,2,0,2026-07-01,MEDIUM_2026_STANDARD_START,,,
01,1410064,函館赤十字病院,函館赤十字病院,1,1,1,0,0,0,1,0,2022-04-01,,,,
01,1410031,社会福祉法人 函館厚生院 函館五稜郭病院,函館五稜郭病院,6,2,6,0,0,1,1,0,2026-04-01,MEDIUM_2026_STANDARD_START,24624.0,8398.0,VERIFIED_NUMERIC
01,1414439,函館市医師会病院,函館市医師会病院,1,1,1,0,0,0,1,0,2017-04-01,,,,
01,1415980,医療法人 雄心会 函館新都市病院,医療法人雄心会函館新都市病院,1,2,1,0,0,1,1,0,2024-10-01,,,,
01,1415006,社会医療法人函館脳神経外科 函館脳神経外科病院,社会医療法人函館脳神経外科　函館脳神経外科病院,1,3,1,0,0,2,1,0,2023-07-01,,,,
01,1512422,松前町立松前病院,松前町立松前病院,1,0,0,1,0,0,0,0,2017-08-01,,,,
01,1513487,木古内町国民健康保険病院,木古内町国民健康保険病院,1,0,1,0,0,0,0,0,2021-04-01,,,,
01,1513354,医療法人社団立青会 なるかわ病院,医療法人社団立青会なるかわ病院,1,0,0,1,0,0,0,0,2012-04-01,,,,
01,1513149,ななえ新病院,ななえ新病院,1,1,0,1,0,0,1,0,2019-10-01,,,,
01,1513156,医療法人 雄心会 新都市砂原病院,医療法人雄心会新都市砂原病院,1,0,0,1,0,0,0,0,2013-01-01,,,,
01,1511291,森町国民健康保険病院,森町国民健康保険病院,1,1,0,1,0,0,0,1,2016-10-01,,,,
01,1610689,医療法人社団 恵愛会 佐々木病院,医療法人社団恵愛会佐々木病院,1,0,0,1,0,0,0,0,2025-03-01,,,,
01,1610895,北海道立江差病院,北海道立江差病院,1,1,1,0,0,0,1,0,2017-01-01,,,,
01,1610226,厚沢部町国民健康保険病院,厚沢部町国民健康保険病院,1,0,0,1,0,0,0,0,2022-12-01,,,,
01,1610507,奥尻町国民健康保険病院,奥尻町国民健康保険病院,1,0,0,1,0,0,0,0,2013-11-01,,,,
01,1510707,八雲総合病院,八雲総合病院,1,1,1,0,0,0,1,0,2015-12-01,,,,
01,1512125,長万部町立病院,長万部町立病院,1,0,0,1,0,0,0,0,2012-04-01,,,,
01,1710166,今金町国保病院,今金町国保病院,1,0,0,1,0,0,0,0,2020-10-01,,,,
01,1710364,医療法人 財団 明理会 道南ロイヤル病院,医療法人財団明理会道南ロイヤル病院,1,0,0,1,0,0,0,0,2023-04-01,,,,
01,1710141,せたな町立国保病院,せたな町立国保病院,1,0,0,1,0,0,0,0,2014-01-01,,,,
01,0117785,医療法人 資生会 創成東病院,医療法人資生会創成東病院,1,0,0,1,0,0,0,0,2021-04-01,,,,
01,0114360,医療法人社団明日佳 札幌明日佳病院,医療法人社団明日佳 札幌明日佳病院,1,0,0,1,0,0,0,0,2026-06-01,MEDIUM_2026_STANDARD_START,,,
01,0117702,医療法人社団 清和会 南札幌病院,医療法人社団清和会 南札幌病院,1,0,0,1,0,0,0,0,2018-01-01,,,,
01,0116589,医療法人社団ＣＨＣＰヘルスケアシステム 桑園中央病院,医療法人桑園中央病院,1,0,0,1,0,0,0,0,2012-05-01,,,,
01,0113420,札幌中央病院,札幌中央病院,1,1,1,0,0,0,1,0,2022-12-01,,,,
01,0410420,一般財団法人 札幌同交会病院,一般財団法人 札幌同交会病院,1,0,0,1,0,0,0,0,2013-04-01,,,,
01,0612108,札幌渓仁会リハビリテーション病院,札幌渓仁会リハビリテーション病院,1,0,0,1,0,0,0,0,2017-06-01,,,,
01,0114865,医療法人社団 いとう整形外科病院,医療法人社団いとう整形外科病院,1,1,0,1,0,0,1,0,2015-01-01,,,,
01,0410545,社会福祉法人 札幌慈啓会 慈啓会病院,慈啓会病院,1,0,0,1,0,0,0,0,2015-02-01,,,,
01,0113719,ＮＴＴ東日本 札幌病院,ＮＴＴ東日本札幌病院,2,1,2,0,0,0,1,0,2023-03-01,,,,
01,0114634,社会医療法人 北海道循環器病院,社会医療法人北海道循環器病院,1,0,1,0,0,0,0,0,2022-08-01,,,,
01,0114501,医療法人社団 恵和会 宮の森病院,医療法人社団恵和会 宮の森病院,1,0,0,1,0,0,0,0,2019-04-01,,,,
01,0116514,医療法人 讃生会 宮の森記念病院,医療法人讃生会 宮の森記念病院,1,1,1,0,0,0,0,1,2025-10-01,,,,
01,0118643,札幌循環器病院,札幌循環器病院,1,0,1,0,0,0,0,0,2012-04-01,,,,
01,0611845,医療法人同仁会 札幌ススキノ病院,医療法人同仁会 札幌ススキノ病院,1,0,1,0,0,0,0,0,2016-07-01,,,,
01,0114121,札幌西円山病院,札幌西円山病院,1,1,0,1,0,0,1,0,2022-04-01,,,,
01,0117959,医療法人社団 銀杏会 さっぽろ銀杏会記念病院,医療法人社団銀杏会さっぽろ銀杏会記念病院,1,1,1,0,0,0,1,0,2024-04-01,,,,
01,0119385,札幌医科大学附属病院,札幌医科大学附属病院,4,5,3,1,0,2,3,0,2026-04-01,MEDIUM_2026_STANDARD_START,28264.0,13844.0,VERIFIED_NUMERIC
01,0114790,社会医療法人 医仁会 中村記念病院,社会医療法人 医仁会 中村記念病院,2,4,0,2,0,1,3,0,2022-08-01,,9305.0,24335.0,VERIFIED_NUMERIC
01,0117207,医療法人社団 土田病院,医療法人社団 土田病院,1,0,1,0,0,0,0,0,2022-04-01,,,,
01,0115813,医療法人 萬田記念病院,医療法人萬田記念病院,1,0,1,0,0,0,0,0,2012-04-01,,,,
01,0118460,札幌南三条病院,札幌南三条病院,2,1,2,0,0,0,1,0,2018-06-01,,,,
01,0113982,医療法人社団 正心会 岡本病院,医療法人社団正心会 岡本病院,1,0,0,1,0,0,0,0,2023-09-01,,,,
01,0114386,ＪＲ札幌病院,ＪＲ札幌病院,2,1,1,1,0,1,0,0,2026-06-01,MEDIUM_2026_STANDARD_START,,,
01,0116381,市立札幌病院,市立札幌病院,3,2,3,0,0,1,1,0,2026-06-01,MEDIUM_2026_STANDARD_START,,,
01,0611266,医療法人菊郷会 愛育病院,医療法人菊郷会 愛育病院,1,1,0,1,0,0,1,0,2022-06-01,,,,
01,0113685,社会医療法人北海道恵愛会 札幌南一条病院,札幌南一条病院,1,0,0,1,0,0,0,0,2015-09-01,,,,
01,0116258,ＪＡ北海道厚生連 札幌厚生病院,ＪＡ北海道厚生連札幌厚生病院,4,2,2,2,0,1,1,0,2026-06-01,MEDIUM_2026_STANDARD_START,19389.0,6481.0,VERIFIED_NUMERIC
01,0610714,特定医療法人 平成会 平成会病院,特定医療法人平成会　平成会病院,1,0,0,1,0,0,0,0,2017-09-01,,,,
01,0118593,医療法人 藻友会 札幌いしやま病院,医療法人藻友会 札幌いしやま病院,1,0,0,1,0,0,0,0,2025-10-01,,,,
01,0611944,国家公務員共済組合連合会 斗南病院,国家公務員共済組合連合会 斗南病院,2,1,2,0,0,0,1,0,2026-06-01,MEDIUM_2026_STANDARD_START,,,
01,0213048,社会医療法人延山会北成病院,社会医療法人延山会 北成病院,1,0,0,1,0,0,0,0,2012-04-01,,,,
01,0214095,医療法人 麻生整形外科病院,医療法人 麻生整形外科病院,1,1,1,0,0,0,1,0,2025-06-01,,,,
01,0215415,社会医療法人 秀眸会 大塚眼科病院,社会医療法人秀眸会 大塚眼科病院,1,0,0,0,1,0,0,0,,,,,
01,0216314,医療法人社団 太黒胃腸内科病院,医療法人社団 太黒胃腸内科病院,1,0,0,1,0,0,0,0,2013-06-01,,,,
01,0212891,松田整形外科記念病院,松田整形外科記念病院,1,1,0,1,0,0,1,0,2022-07-01,,,,
01,0213329,医療法人社団 翔嶺館 札幌優翔館病院,医療法人社団翔嶺館 札幌優翔館病院,1,0,0,0,1,0,0,0,2022-04-01,,,,
01,8010016,北海道大学病院,北海道大学病院,5,5,3,0,0,3,2,0,2026-07-01,MEDIUM_2026_STANDARD_START,31093.0,15838.0,VERIFIED_NUMERIC
01,0218237,北海道医療大学病院,北海道医療大学病院,2,0,0,0,1,0,0,0,2012-04-01,,,,
01,0214947,医療法人社団 札幌百合の会病院,医療法人社団 札幌百合の会病院,1,0,0,1,0,0,0,0,2013-03-01,,,,
01,0213154,医療法人 新川新道整形外科病院,医療法人 新川新道整形外科病院,1,1,0,1,0,0,0,1,2022-01-01,,,,
01,0213873,医療法人 徳洲会 札幌東徳洲会病院,医療法人徳洲会 札幌東徳洲会病院,4,2,3,1,0,1,1,0,2025-08-01,,30710.0,6887.0,VERIFIED_NUMERIC
01,0215613,社会医療法人耳鼻咽喉科麻生病院,社会医療法人 耳鼻咽喉科麻生病院,1,0,1,0,0,0,0,0,2025-06-01,,,,
01,0215779,医療法人 彰和会 北海道消化器科病院,医療法人彰和会 北海道消化器科病院,1,1,1,0,0,0,1,0,2025-05-01,,,,
01,0219771,札幌心臓血管クリニック,札幌心臓血管クリニック,3,1,3,0,0,0,1,0,2024-03-01,,,,
01,0219631,医療法人 札幌麻生脳神経外科病院,医療法人 札幌麻生脳神経外科病院,2,4,1,0,0,3,1,0,2026-05-01,MEDIUM_2026_STANDARD_START,4876.0,17513.0,VERIFIED_NUMERIC
01,0219789,勤医協中央病院,勤医協中央病院,2,1,2,0,0,0,1,0,2022-10-01,,,,
01,0710134,医療法人セレス さっぽろ神経内科病院,医療法人セレス さっぽろ神経内科病院,1,1,0,1,0,0,1,0,2026-05-01,MEDIUM_2026_STANDARD_START,,,
01,0216546,社会医療法人社団愛心館 愛心メモリアル病院,社会医療法人社団愛心館 愛心メモリアル病院,1,0,1,0,0,0,0,0,2026-01-01,MEDIUM_2026_STANDARD_START,,,
01,0710225,社会医療法人禎心会 札幌禎心会病院,社会医療法人禎心会 札幌禎心会病院,5,3,5,0,0,2,1,0,2026-06-01,MEDIUM_2026_STANDARD_START,17656.0,21460.0,VERIFIED_NUMERIC
01,0216215,社会医療法人 豊生会 東苗穂病院,社会医療法人豊生会　東苗穂病院,1,1,1,0,0,0,1,0,2012-04-01,,,,
01,0710159,北海道泌尿器科記念病院,北海道泌尿器科記念病院,1,0,1,0,0,0,0,0,2015-08-01,,,,
01,0711058,医療法人社団 我汝会 さっぽろ病院,医療法人社団 我汝会 さっぽろ病院,1,2,1,0,0,0,2,0,2020-09-28,,,,
01,0711561,医療法人札幌東和病院,医療法人　札幌東和病院,1,0,0,1,0,0,0,0,2024-01-01,,,,
01,0215761,社会医療法人社団 三草会 クラーク病院,社会医療法人社団三草会 クラーク病院,1,1,0,1,0,0,1,0,2025-10-01,,,,
01,0216116,医療法人社団 札幌道都病院,医療法人社団札幌道都病院,1,1,1,0,0,0,1,0,2023-07-01,,,,
01,0214350,医療法人社団 英仁会 札苗病院,医療法人社団英仁会 札苗病院,1,0,0,1,0,0,0,0,2012-06-01,,,,
01,0217759,天使病院,天使病院,1,1,1,0,0,0,1,0,2021-07-01,,,,
01,0319670,医療法人社団 豊武会 幌東病院,医療法人社団豊武会 幌東病院,1,0,0,0,1,0,0,0,2012-07-01,,,,
01,0512944,医療法人菊郷会 石橋胃腸病院,医療法人菊郷会 石橋胃腸病院,1,0,0,1,0,0,0,0,2023-11-01,,,,
01,0513777,社会医療法人 医翔会 札幌白石記念病院,札幌白石記念病院,2,3,2,0,0,2,1,0,2024-05-01,,,,
01,0513611,医療法人社団明日佳 白石明日佳病院,医療法人社団明日佳 白石明日佳病院,1,0,0,1,0,0,0,0,2023-11-01,,,,
01,8010024,独立行政法人国立病院機構 北海道がんセンター,独立行政法人国立病院機構北海道がんセンター,4,2,3,1,0,0,2,0,2026-06-01,MEDIUM_2026_STANDARD_START,18789.0,6804.0,VERIFIED_NUMERIC
01,0315637,社会医療法人三樹会 三樹会泌尿器科病院,社会医療法人三樹会  三樹会泌尿器科病院,1,0,0,1,0,0,0,0,2025-10-01,,,,
01,0319373,医療法人菊郷会 札幌センチュリー病院,医療法人菊郷会 札幌センチュリー病院,1,0,1,0,0,0,0,0,2023-04-01,,,,
01,0318359,社会医療法人 北楡会 札幌北楡病院,社会医療法人北楡会 札幌北楡病院,1,1,1,0,0,1,0,0,2020-10-01,,,,
01,0510278,医療福祉センター札幌あゆみの園,医療福祉センター札幌あゆみの園,1,0,0,1,0,0,0,0,2019-04-01,,,,
01,0317286,医療法人 東札幌病院,医療法人東札幌病院,1,1,1,0,0,0,1,0,2018-11-01,,,,
01,0319019,医療法人 信佑会 吉田記念病院,医療法人信佑会 吉田記念病院,1,0,0,0,1,0,0,0,2012-04-01,,,,
01,0513942,社会医療法人 恵佑会第２病院,社会医療法人恵佑会第２病院,1,0,1,0,0,0,0,0,2024-08-01,,,,
01,0311099,勤医協札幌病院,勤医協札幌病院,1,0,1,0,0,0,0,0,2018-10-01,,,,
01,0310539,独立行政法人地域医療機能推進機構 北海道病院,独立行政法人地域医療機能推進機構北海道病院,2,1,2,0,0,0,1,0,2025-06-01,,,,
01,0319423,社会医療法人 康和会 札幌しらかば台病院,社会医療法人康和会 札幌しらかば台病院,1,1,1,0,0,0,1,0,2023-04-01,,,,
01,0317732,医療法人社団 北樹会病院,医療法人社団北樹会病院,1,0,0,1,0,0,0,0,2013-03-01,,,,
01,0320009,医療法人 北志会 札幌ライラック病院,医療法人北志会 札幌ライラック病院,1,0,1,0,0,0,0,0,2023-02-01,,,,
01,0515863,社会医療法人 仁陽会 西岡第一病院,社会医療法人 仁陽会 西岡第一病院,1,1,0,1,0,0,1,0,2020-02-11,,,,
01,0317021,医療法人 北海道整形外科記念病院,北海道整形外科記念病院,1,2,0,1,0,1,1,0,2019-10-01,,,,
01,0315249,社会医療法人 恵和会 西岡病院,西岡病院,1,0,1,0,0,0,0,0,2022-04-01,,,,
01,0310406,ＫＫＲ札幌医療センター,ＫＫＲ札幌医療センター,3,2,2,1,0,1,1,0,2026-06-01,MEDIUM_2026_STANDARD_START,,,
01,0315256,医療法人讃生会 月寒あい病院,医療法人讃生会　月寒あい病院,1,0,0,1,0,0,0,0,2026-05-01,MEDIUM_2026_STANDARD_START,,,
01,0514676,自衛隊札幌病院,自衛隊札幌病院,2,1,1,1,0,0,1,0,2025-01-01,,,,
01,0314986,医療法人 五輪橋整形外科病院,医療法人 五輪橋整形外科病院,1,1,0,1,0,0,0,1,2025-10-01,,,,
01,0511409,社会医療法人 医仁会 中村記念南病院,社会医療法人　医仁会 中村記念南病院,1,2,1,0,0,1,1,0,2022-11-01,,,,
01,0515186,晴生会さっぽろ病院,医療法人晴生会　晴生会さっぽろ病院,1,0,0,1,0,0,0,0,2025-12-01,,,,
01,0318151,医療法人為久会 札幌共立五輪橋病院,医療法人為久会 札幌共立五輪橋病院,2,1,2,0,0,1,0,0,2023-04-01,,,,
01,0317005,医療法人 三和会 札幌南整形外科病院,医療法人三和会 札幌南整形外科病院,1,2,0,1,0,0,1,1,2018-10-01,,,,
01,0314457,定山渓病院,定山渓病院,1,0,0,1,0,0,0,0,2013-06-01,,,,
01,0513579,医療法人同仁会 札幌南病院,医療法人同仁会 札幌南病院,1,0,0,1,0,0,0,0,2013-12-01,,,,
01,0112489,医療法人 愛全病院,医療法人愛全病院,1,0,0,1,0,0,0,0,2016-03-01,,,,
01,8010040,独立行政法人国立病院機構 北海道医療センター,独立行政法人国立病院機構 北海道医療センター,2,2,2,0,0,1,1,0,2021-07-01,,,,
01,0419140,医療法人社団北裕会 札幌記念病院,医療法人社団北裕会 札幌記念病院,1,0,0,1,0,0,0,0,2025-08-01,,,,
01,0418241,医療法人社団 研仁会 北海道脳神経外科記念病院,医療法人社団 研仁会 北海道脳神経外科記念病院,1,2,1,0,0,1,1,0,2026-06-01,MEDIUM_2026_STANDARD_START,,,
01,0418753,社会医療法人 孝仁会 札幌孝仁会記念病院,社会医療法人孝仁会　札幌孝仁会記念病院,4,2,4,0,0,1,1,0,2017-02-01,,,5696.0,PARTIAL_MRI_ONLY
01,0414083,勤医協 札幌西区病院,勤医協札幌西区病院,1,0,0,1,0,0,0,0,2012-10-01,,,,
01,0415247,医療法人知仁会 八木整形外科病院,医療法人知仁会 八木整形外科病院,1,1,0,1,0,0,1,0,2015-03-01,,,,
01,0412459,医療法人社団明生会 イムス札幌消化器中央総合病院,医療法人社団 明生会 イムス札幌消化器中央総合病院,2,1,1,1,0,0,1,0,2020-02-01,,,,
01,0414190,医療法人北祐会 北海道脳神経内科病院,北海道脳神経内科病院,2,1,1,0,0,0,1,0,2021-07-01,,,,
01,0418449,社会医療法人 アルデバラン さっぽろ二十四軒病院,社会医療法人 アルデバラン さっぽろ二十四軒病院,1,0,0,1,0,0,0,0,2023-11-01,,,,
01,0416583,北海道内科リウマチ科病院,北海道内科リウマチ科病院,1,1,1,0,0,0,0,1,2024-07-01,,,,
01,0411121,社会医療法人 孝仁会 札幌第一病院,社会医療法人孝仁会 札幌第一病院,1,1,0,1,0,0,1,0,2013-03-01,,,,
01,0415635,医療法人社団明日佳 宮の沢明日佳病院,医療法人社団明日佳　宮の沢明日佳病院,1,2,0,1,0,0,2,0,2012-06-01,,,,
01,0416724,医療法人社団 康仁会 中田泌尿器科病院,医療法人社団康仁会 中田泌尿器科病院,1,0,0,1,0,0,0,0,2012-04-01,,,,
01,0415437,社会医療法人 札幌山の上病院,医療法人札幌山の上病院,1,2,0,1,0,1,0,1,2013-09-01,,,,
01,0413325,医療法人 聖愛会 発寒リハビリテーション病院,医療法人　聖愛会　発寒リハビリテーション病院,1,0,0,1,0,0,0,0,2013-04-01,,,,
01,0510476,医療法人中山会 新札幌パウロ病院,医療法人中山会 新札幌パウロ病院,1,0,0,1,0,0,0,0,2019-01-01,,,,
01,0513934,医療法人社団 悠仁会 羊ヶ丘病院,医療法人社団悠仁会 羊ヶ丘病院,1,1,0,1,0,0,0,1,2025-09-01,,,,
01,0511383,医療法人社団 翔嶺館 新札幌聖陵ホスピタル,医療法人社団翔嶺館 新札幌聖陵ホスピタル,1,1,1,0,0,0,1,0,2021-12-01,,,,
01,0316676,社会医療法人貞仁会 新札幌ひばりが丘病院,社会医療法人貞仁会　新札幌ひばりが丘病院,1,1,1,0,0,0,0,1,2023-03-01,,,,
01,0511532,医療法人社団明日佳 桜台明日佳病院,医療法人社団明日佳 桜台明日佳病院,1,0,0,1,0,0,0,0,2015-04-01,,,,
01,0514007,医療法人徳洲会 札幌徳洲会病院,医療法人徳洲会 札幌徳洲会病院,2,1,2,0,0,1,0,0,2026-06-01,MEDIUM_2026_STANDARD_START,,,
01,0316197,新札幌循環器病院,新札幌循環器病院,1,0,1,0,0,0,0,0,2022-11-01,,,,
01,0318169,医療法人 徹仁会 厚別耳鼻咽喉科病院,医療法人徹仁会 厚別耳鼻咽喉科病院,1,0,0,1,0,0,0,0,2012-10-01,,,,
01,0317120,独立行政法人地域医療機能推進機構 札幌北辰病院,独立行政法人地域医療機能推進機構札幌北辰病院,2,1,2,0,0,0,1,0,2026-04-01,MEDIUM_2026_STANDARD_START,,,
01,0514650,医療法人豊和会 新札幌豊和会病院,医療法人豊和会 新札幌豊和会病院,1,0,1,0,0,0,0,0,2015-04-01,,,,
01,0318649,勇気会医療法人 北央病院,勇気会医療法人 北央病院,1,0,0,1,0,0,0,0,2012-04-01,,,,
01,0417821,社会医療法人 アルデバラン 手稲いなづみ病院,社会医療法人 アルデバラン 手稲いなづみ病院,1,0,1,0,0,0,0,0,2017-07-01,,,,
01,0418845,札幌田中病院,札幌田中病院,1,0,0,1,0,0,0,0,2017-08-03,,,,
01,0414968,医療法人 秀友会 札幌秀友会病院,医療法人秀友会 札幌秀友会病院,1,1,0,1,0,0,1,0,2023-06-01,,,,
01,0415825,医療法人 札幌緑誠病院,医療法人札幌緑誠病院,1,0,0,1,0,0,0,0,2012-10-01,,,,
01,0413523,医療法人 勉仁会 中垣病院,医療法人勉仁会 中垣病院,1,0,0,1,0,0,0,0,2016-03-01,,,,
01,0415353,医療法人 札幌宮の沢病院,医療法人札幌宮の沢病院,1,0,0,1,0,0,0,0,2012-04-01,,,,
01,0417482,北海道立子ども総合医療・療育センター,北海道立子ども総合医療・療育センター,1,1,1,0,0,0,1,0,2026-04-01,MEDIUM_2026_STANDARD_START,,,
01,0414315,手稲渓仁会病院,手稲渓仁会病院,6,3,4,1,1,0,3,0,2024-06-01,,28756.0,12368.0,VERIFIED_NUMERIC
01,0412467,医療法人社団明生会 イムス札幌リハビリテーション病院,医療法人社団明生会 イムス札幌リハビリテーション病院,1,0,1,0,0,0,0,0,2022-12-01,,,,
01,0415098,社会医療法人延山会西成病院,社会医療法人延山会 西成病院,1,1,1,0,0,0,1,0,2019-04-01,,,,
01,0316387,社会医療法人 蘭友会 札幌里塚病院,社会医療法人蘭友会 札幌里塚病院,1,1,1,0,0,1,0,0,2018-07-01,,,,
01,0316213,医療法人社団 エス・エス・ジェイ 札幌整形循環器病院,医療法人社団エス・エス・ジェイ 札幌整形循環器病院,1,2,0,1,0,0,1,1,2025-01-01,,,,
01,0317013,社会医療法人 札幌清田整形外科病院,社会医療法人 札幌清田整形外科病院,1,1,0,1,0,0,1,0,2017-02-01,,,,
01,0319928,医療法人 札幌平岡病院,医療法人札幌平岡病院,1,0,0,1,0,0,0,0,2014-06-01,,,,
01,0317658,社会医療法人 札幌清田病院,社会医療法人 札幌清田病院,1,0,0,1,0,0,0,0,2012-04-01,,,,
01,0314705,医療法人 尚仁会 真栄病院,医療法人尚仁会 真栄病院,1,0,0,1,0,0,0,0,2013-10-01,,,,
01,0513892,医療法人北武会 美しが丘病院,医療法人北武会 美しが丘病院,1,0,0,0,0,0,0,0,2012-04-01,,,,
01,1010278,江別市立病院,江別市立病院,2,1,2,0,0,0,1,0,2016-04-01,,,,
01,1013728,医療法人 友愛会 友愛記念病院,医療法人友愛会友愛記念病院,1,0,0,1,0,0,0,0,2016-06-01,,,,
01,1013454,医療法人 渓和会 江別病院,医療法人渓和会江別病院,1,2,1,0,0,1,1,0,2025-12-01,,,,
01,1013280,医療法人英生会 野幌病院,医療法人英生会野幌病院,1,0,0,1,0,0,0,0,2015-11-01,,,,
01,1111704,医療法人 同仁会 千歳第一病院,医療法人同仁会千歳第一病院,1,1,0,1,0,0,0,1,2025-09-01,,,,
01,1111506,医療法人社団 いずみ会 北星病院,医療法人社団いずみ会北星病院,1,1,0,1,0,0,1,0,2018-06-01,,,,
01,1111670,医療法人社団 豊友会 千歳豊友会病院,医療法人社団豊友会千歳豊友会病院,1,1,0,1,0,0,1,0,2015-11-01,,,,
01,1111654,市立千歳市民病院,市立千歳市民病院,1,1,1,0,0,1,0,0,2024-04-01,,,,
01,1111605,医療法人 同仁会 向陽台病院,医療法人同仁会向陽台病院,1,0,0,1,0,0,0,0,2022-03-01,,,,
01,1211009,恵庭第一病院,恵庭第一病院,1,1,1,0,0,0,1,0,2022-04-01,,,,
01,1210787,医療法人社団我汝会 えにわ病院,医療法人社団我汝会えにわ病院,1,2,1,0,0,1,1,0,2024-07-01,,,,
01,1210423,社会医療法人 北晨会 恵み野病院,社会医療法人北晨会恵み野病院,1,1,1,0,0,0,1,0,2020-06-01,,,,
01,1210605,医療法人社団 尾形病院,医療法人社団尾形病院,1,0,0,1,0,0,0,0,2012-04-01,,,,
01,1210563,医療法人社団 恵庭南病院,医療法人社団恵庭南病院,1,0,0,1,0,0,0,0,2022-06-01,,,,
01,1310405,医療法人社団 哲栄会 順天病院,医療法人社団哲栄会順天病院,1,0,0,0,0,0,0,0,,,,,
01,1310967,社会医療法人 即仁会 北広島病院,社会医療法人即仁会北広島病院,1,1,0,1,0,0,1,0,2022-10-01,,,,
01,1310322,医療法人社団 西の里恵仁会病院,医療法人社団西の里恵仁会病院,1,0,0,1,0,0,0,0,2012-12-01,,,,
01,1310470,医療法人社団 翔仁会 輪厚三愛病院,医療法人社団翔仁会輪厚三愛病院,1,0,0,1,0,0,0,0,2012-04-01,,,,
01,7610063,医療法人 喬成会 花川病院,医療法人喬成会花川病院,1,0,0,1,0,0,0,0,2015-04-01,,,,
01,7610527,石狩病院,石狩病院,1,0,1,0,0,0,0,0,2022-02-01,,,,
01,7610352,石狩幸惺会病院,石狩幸惺会病院,1,1,0,1,0,0,1,0,2015-05-01,,,,
01,7610030,医療法人社団 恵愛会 茨戸病院,医療法人社団恵愛会茨戸病院,1,0,0,1,0,0,0,0,2015-10-01,,,,
01,2014865,医療法人社団 心優会 野口病院,医療法人社団心優会 野口病院,1,0,0,1,0,0,0,0,2018-04-01,,,,
01,2014832,医療法人北光会 朝里中央病院,医療法人 北光会 朝里中央病院,2,1,1,0,1,0,0,1,2012-04-01,,,,
01,2013131,医療法人 勉仁会 東小樽病院,医療法人 勉仁会 東小樽病院,1,0,0,1,0,0,0,0,2018-09-01,,,,
01,2014956,社会福祉法人恩賜財団済生会支部 北海道済生会小樽病院,社会福祉法人 恩賜財団 済生会支部 北海道済生会小樽病院,1,1,1,0,0,0,1,0,2023-08-01,,,,
01,2015045,小樽掖済会病院,公益社団法人日本海員掖済会 小樽掖済会病院,1,1,1,0,0,0,1,0,2022-10-01,,,,
01,2014899,医療法人社団 北匠会 小樽中央病院,医療法人社団 北匠会 小樽中央病院,1,1,0,1,0,0,1,0,2026-07-01,MEDIUM_2026_STANDARD_START,,,
01,2015011,小樽市立病院,小樽市立病院,2,2,2,0,0,1,1,0,2024-04-01,,,,
01,2013362,医療法人 ひまわり会 札樽病院,医療法人 ひまわり会 札樽病院,1,1,0,1,0,0,1,0,2018-08-01,,,,
01,2010087,社会福祉法人 北海道社会事業協会 小樽病院,社会福祉法人 北海道社会事業協会小樽病院,1,1,1,0,0,0,1,0,2022-11-01,,,,
01,2014816,医療法人社団 青優会 南小樽病院,医療法人社団 青優会 南小樽病院,1,0,0,1,0,0,0,0,2012-07-01,,,,
01,2210679,医療法人社団 静和会 昆布温泉病院,医療法人社団静和会昆布温泉病院,1,0,0,1,0,0,0,0,2019-07-01,,,,
01,2210067,ＪＡ北海道厚生連 ニセコ羊蹄広域 倶知安厚生病院,ＪＡ北海道厚生連ニセコ羊蹄広域倶知安厚生病院,1,1,1,0,0,0,1,0,2021-01-01,,,,
01,2310792,社会福祉法人 北海道社会事業協会 岩内病院,社会福祉法人北海道社会事業協会岩内病院,1,1,1,0,0,0,1,0,2023-04-01,,,,
01,2510763,社会福祉法人 北海道社会事業協会 余市病院,社会福祉法人北海道社会事業協会余市病院,1,1,1,0,0,0,1,0,2013-12-01,,,,
01,5712085,医療法人社団明日佳 岩見沢明日佳病院,医療法人社団 明日佳 岩見沢明日佳病院,1,0,0,1,0,0,0,0,2013-05-01,,,,
01,5712317,岩見沢市立栗沢病院,岩見沢市立栗沢病院,1,0,0,0,1,0,0,0,2012-04-01,,,,
01,5710303,岩見沢市立総合病院,岩見沢市立総合病院,3,1,3,0,0,0,1,0,2018-10-01,,,,
01,5711566,医療法人 北翔会 岩見沢北翔会病院,医療法人北翔会岩見沢北翔会病院,1,1,0,1,0,0,0,1,2012-04-01,,,,
01,6110149,独立行政法人労働者健康安全機構 北海道せき損センター,独立行政法人労働者健康安全機構北海道せき損センター,1,1,1,0,0,1,0,0,2018-03-01,,,,
01,6110040,市立美唄病院,市立美唄病院,1,0,0,1,0,0,0,0,2026-04-01,MEDIUM_2026_STANDARD_START,,,
01,6110511,医療法人社団 慶北会 花田病院,医療法人社団慶北会花田病院,1,0,0,1,0,0,0,0,2015-04-01,,,,
01,6010273,市立三笠総合病院,市立三笠総合病院,1,1,1,0,0,0,1,0,2016-10-01,,,,
01,6010406,医療法人社団幾生会南そらち記念病院,医療法人社団幾生会 南そらち記念病院,1,0,0,1,0,0,0,0,2014-12-01,,,,
01,5810111,国民健康保険町立南幌病院,国民健康保険町立南幌病院,1,0,0,1,0,0,0,0,2012-06-01,,,,
01,5810137,町立長沼病院,町立長沼病院,1,0,0,1,0,0,0,0,2012-10-01,,,,
01,5810012,栗山赤十字病院,栗山赤十字病院,1,0,1,0,0,0,0,0,2025-11-01,,,,
01,6110537,国民健康保険月形町立病院,国民健康保険月形町立病院,1,0,0,1,0,0,0,0,2020-10-01,,,,
01,7310748,市立芦別病院,市立芦別病院,1,1,1,0,0,0,1,0,2021-07-01,,,,
01,7210229,平岸病院,平岸病院,1,0,1,0,0,0,0,0,2023-04-01,,,,
01,7210054,あかびら市立病院,あかびら市立病院,1,0,1,0,0,0,0,0,2016-12-01,,,,
01,7510503,医療法人 圭仁会 佐藤病院,医療法人圭仁会佐藤病院,1,0,0,1,0,0,0,0,2012-09-01,,,,
01,7510784,医療法人翔陽会 滝川脳神経外科病院,医療法人翔陽会滝川脳神経外科病院,1,1,1,0,0,0,1,0,2017-09-01,,,,
01,7510461,医療法人 優仁会 若葉台病院,医療法人優仁会若葉台病院,1,0,0,1,0,0,0,0,2015-01-01,,,,
01,7510016,滝川市立病院,滝川市立病院,1,1,1,0,0,0,1,0,2024-11-01,,,,
01,7110460,砂川市立病院,砂川市立病院,3,2,2,0,0,1,1,0,2026-06-01,MEDIUM_2026_STANDARD_START,,,
01,7111203,歌志内市立病院,歌志内市立病院,1,0,0,1,0,0,0,0,2015-08-01,,,,
01,7111302,奈井江町立国民健康保険病院,奈井江町立国民健康保険病院,1,0,0,1,0,0,0,0,2019-09-01,,,,
01,7510792,空知中央病院,空知中央病院,1,0,0,1,0,0,0,0,2019-12-01,,,,
01,7411207,新雨竜第一病院,新雨竜第一病院,1,0,0,1,0,0,0,0,2021-10-01,,,,
01,7411306,深川第一病院,深川第一病院,1,0,0,1,0,0,0,0,2017-01-01,,,,
01,7410530,深川市立病院,深川市立病院,1,1,1,0,0,0,1,0,2026-04-01,MEDIUM_2026_STANDARD_START,,,
01,3512107,医療法人社団 上田病院,医療法人社団上田病院,1,0,0,1,0,0,0,0,2018-07-01,,,,
01,3512792,市立室蘭総合病院,市立室蘭総合病院,2,2,2,0,0,0,2,0,2012-04-01,,,,
01,3512040,社会医療法人 母恋 日鋼記念病院,日鋼記念病院,2,1,2,0,0,0,1,0,2023-12-01,,,,
01,3512511,社会医療法人 製鉄記念室蘭病院,社会医療法人製鉄記念室蘭病院,3,2,2,1,0,1,1,0,2022-04-01,,,,
01,3511992,医療法人 室蘭太平洋病院,医療法人室蘭太平洋病院,1,0,0,1,0,0,0,0,2016-03-01,,,,
01,3513550,大川原脳神経外科病院,大川原脳神経外科病院,1,2,0,1,0,0,2,0,2016-05-03,,,,
01,3512768,社会医療法人友愛会 恵愛病院,社会医療法人友愛会恵愛病院,1,0,0,1,0,0,0,0,2016-06-01,,,,
01,3512263,医療法人登別すずらん病院,医療法人登別すずらん病院,1,0,0,1,0,0,0,0,2022-03-01,,,,
01,3513634,独立行政法人地域医療機能推進機構登別病院,独立行政法人地域医療機能推進機構登別病院,1,1,0,1,0,0,1,0,2020-04-10,,,,
01,3710016,総合病院 伊達赤十字病院,総合病院伊達赤十字病院,1,1,1,0,0,0,1,0,2022-09-01,,,,
01,3710107,豊浦町国民健康保険病院,豊浦町国民健康保険病院,1,0,0,1,0,0,0,0,2020-11-01,,,,
01,3711493,社会福祉法人北海道社会事業協会 洞爺病院,社会福祉法人北海道社会事業協会洞爺病院,1,1,0,1,0,0,0,1,2014-06-01,,,,
01,3711121,医療法人社団 ＣＨＣＰヘルスケアシステム 洞爺温泉病院,医療法人社団ＣＨＣＰヘルスケアシステム　洞爺温泉病院,1,0,0,0,1,0,0,0,2016-06-01,,,,
01,3613442,医療法人社団 養生館 青葉病院,医療法人社団養生館青葉病院,1,0,0,0,0,0,0,0,,,,,
01,3611776,勤医協 苫小牧病院,勤医協苫小牧病院,1,1,1,0,0,0,0,1,2019-08-01,,,,
01,3612246,苫小牧日翔病院,医療法人社団養生館苫小牧日翔病院,1,1,0,1,0,0,1,0,2022-09-01,,,,
01,3611925,社会医療法人延山会苫小牧澄川病院,社会医療法人延山会苫小牧澄川病院,1,0,0,1,0,0,0,0,2013-10-01,,,,
01,3612931,王子総合病院,王子総合病院,3,2,3,0,0,0,2,0,2024-03-01,,,,
01,3612816,社会医療法人 平成醫塾 苫小牧東病院,社会医療法人平成醫塾　苫小牧東病院,1,1,1,0,0,0,1,0,2025-05-01,,,,
01,3613657,苫小牧市立病院,苫小牧市立病院,2,1,0,2,0,0,1,0,2021-02-01,,,,
01,3612022,医療法人 同樹会 苫小牧病院,医療法人同樹会苫小牧病院,1,1,0,1,0,0,1,0,2016-11-01,,,,
01,3610877,白老町立国民健康保険病院,白老町立国民健康保険病院,1,0,0,1,0,0,0,0,2014-07-01,,,,
01,3613723,むかわ町鵡川厚生病院,むかわ町鵡川厚生病院,1,0,0,1,0,0,0,0,2023-05-01,,,,
01,3810279,日高町立門別国民健康保険病院,日高町立門別国民健康保険病院,1,0,0,1,0,0,0,0,2021-08-01,,,,
01,3810261,平取町国民健康保険病院,平取町国民健康保険病院,1,0,0,1,0,0,0,0,2019-07-01,,,,
01,3810089,総合病院 浦河赤十字病院,総合病院浦河赤十字病院,1,1,1,0,0,0,1,0,2019-08-01,,,,
01,3811863,医療法人徳洲会 日高徳洲会病院,医療法人徳洲会日高徳洲会病院,1,1,1,0,0,0,1,0,2018-09-01,,,,
01,3811152,新ひだか町立三石国民健康保険病院,新ひだか町立三石国民健康保険病院,1,0,0,1,0,0,0,0,2012-04-01,,,,
01,3811459,新ひだか町立静内病院,新ひだか町立静内病院,1,0,1,0,0,0,0,0,2024-02-01,,,,
01,2911383,医療法人 回生会 大西病院,大西病院,1,1,1,0,0,0,1,0,2019-05-01,,,,
01,2918511,医療法人仁友会 北彩都病院,医療法人仁友会北彩都病院,1,1,1,0,0,0,1,0,2015-12-01,,,,
01,2912803,北海道療育園,北海道療育園,1,0,0,0,0,0,0,0,2017-11-01,,,,
01,2917497,社会医療法人元生会 森山メモリアル病院,社会医療法人元生会森山メモリアル病院,1,0,0,1,0,0,0,0,2018-06-01,,,,
01,2915863,医療法人社団博彰会 旭川記念病院,医療法人社団博彰会旭川記念病院,1,0,1,0,0,0,0,0,2013-02-01,,,,
01,2917331,医療法人 中島病院,医療法人中島病院,1,0,1,0,0,0,0,0,2023-12-01,,,,
01,2917646,旭川十条病院,旭川十条病院,1,0,0,0,1,0,0,0,,,,,
01,2914973,医療法人社団 創成 旭川南病院,医療法人社団創成旭川南病院,1,0,0,1,0,0,0,0,2023-06-01,,,,
01,2916580,医療法人健光会 旭川ペインクリニック病院,医療法人健光会旭川ﾍﾟｲﾝｸﾘﾆｯｸ病院,1,1,0,1,0,0,0,1,2014-06-01,,,,
01,2910062,旭川赤十字病院,旭川赤十字病院,2,3,2,0,0,1,2,0,2025-03-01,,,,
01,2913793,医療法人 清陵会 藤井病院,医療法人清陵会藤井病院,1,0,0,1,0,0,0,0,2018-03-01,,,,
01,2917885,医療法人社団 杏仁会 大雪病院,医療法人社団杏仁会大雪病院,1,1,0,1,0,0,1,0,2017-06-01,,,,
01,2911664,北海道立旭川子ども総合療育センター,北海道立旭川子ども総合療育センター,1,0,1,0,0,0,0,0,2025-11-01,,,,
01,2910997,市立旭川病院,市立旭川病院,4,1,2,2,0,0,1,0,2012-04-01,,,,
01,2912027,医療法人 唐沢病院,医療法人唐沢病院,1,0,1,0,0,0,0,0,2023-06-01,,,,
01,8010123,独立行政法人国立病院機構 旭川医療センター,独立行政法人国立病院機構旭川医療センター,2,1,2,0,0,0,1,0,2020-01-01,,,,
01,2913918,豊岡中央病院,豊岡中央病院,1,1,1,0,0,0,1,0,2026-01-01,MEDIUM_2026_STANDARD_START,,,
01,2914577,ＪＡ北海道厚生連 旭川厚生病院,ＪＡ北海道厚生連旭川厚生病院,3,2,1,2,0,0,2,0,2016-03-01,,,,
01,2917174,医療法人社団 恩和会 旭川高砂台病院,医療法人社団恩和会旭川高砂台病院,1,1,1,0,0,0,0,1,2016-02-01,,,,
01,2914817,医療法人社団心優会沼﨑病院,医療法人社団心優会沼﨑病院,1,1,0,1,0,0,0,1,2024-04-01,,,,
01,2915681,医療法人社団 慶友会 吉田病院,医療法人社団慶友会吉田病院,1,1,1,0,0,0,1,0,2023-03-01,,,,
01,2912381,整形外科進藤病院,整形外科進藤病院,1,1,0,1,0,0,1,0,2016-04-01,,,,
01,2919212,道北勤医協一条通病院,道北勤医協一条通病院,1,1,0,1,0,0,1,0,2023-04-01,,,,
01,2914858,医療法人社団 旭豊会 旭川三愛病院,医療法人社団旭豊会旭川三愛病院,1,0,0,0,1,0,0,0,2022-10-01,,,,
01,2919469,旭川脳神経外科循環器内科病院,旭川脳神経外科循環器内科病院,1,2,0,1,0,0,2,0,2024-02-01,,,,
01,8010214,旭川医科大学病院,旭川医科大学病院,3,3,3,0,0,2,1,0,2021-03-01,,23236.0,8629.0,VERIFIED_NUMERIC
01,2916630,旭川リハビリテーション病院,旭川リハビリテーション病院,1,1,0,1,0,0,1,0,2022-04-01,,,,
01,3110506,美瑛町立病院,美瑛町立病院,1,1,0,1,0,0,1,0,2025-01-01,,,,
01,3211312,士別市立病院,士別市立病院,1,1,1,0,0,0,1,0,2024-11-01,,,,
01,3211502,医療法人 臨生会 吉田病院,医療法人臨生会吉田病院,1,0,0,1,0,0,0,0,2012-04-01,,,,
01,3211643,名寄東病院,名寄東病院,1,0,0,1,0,0,0,0,2017-10-01,,,,
01,3211445,医療法人社団 三愛会 名寄三愛病院,医療法人社団三愛会名寄三愛病院,1,0,0,1,0,0,0,0,2024-04-01,,,,
01,3211437,名寄市立総合病院,名寄市立総合病院,2,1,2,0,0,0,1,0,2021-03-01,,,,
01,3210314,町立下川病院,町立下川病院,1,0,0,1,0,0,0,0,2017-10-01,,,,
01,3210660,ＪＡ北海道厚生連 美深厚生病院,ＪＡ北海道厚生連美深厚生病院,1,0,0,1,0,0,0,0,2014-10-01,,,,
01,3010938,医療法人社団 ふらの西病院,医療法人社団ふらの西病院,1,1,0,1,0,0,1,0,2019-07-01,,,,
01,3011100,社会福祉法人 北海道社会事業協会富良野病院,社会福祉法人北海道社会事業協会富良野病院,1,1,0,1,0,0,1,0,2021-03-01,,,,
01,3010821,上富良野町立病院,上富良野町立病院,1,0,1,0,0,0,0,0,2025-04-01,,,,
01,6411372,留萌市立病院,留萌市立病院,1,1,1,0,0,0,1,0,2025-12-01,,,,
01,6411323,医療法人社団 心優会 留萌記念病院,医療法人社団心優会留萌記念病院,1,0,0,1,0,0,0,0,2013-04-01,,,,
01,6411422,北海道立羽幌病院,北海道立羽幌病院,1,1,1,0,0,0,1,0,2012-04-01,,,,
01,6711458,天塩町立国民健康保険病院,天塩町立国民健康保険病院,1,0,0,1,0,0,0,0,2012-04-01,,,,
01,6711607,社会医療法人禎心会 稚内禎心会病院,社会医療法人禎心会稚内禎心会病院,1,1,0,1,0,0,1,0,2017-10-01,,,,
01,6710500,市立稚内病院,市立稚内病院,1,1,1,0,0,0,1,0,2022-04-01,,,,
01,6711276,中頓別町国民健康保険病院,中頓別町国民健康保険病院,1,0,0,1,0,0,0,0,2012-04-01,,,,
01,6711094,枝幸町国民健康保険病院,枝幸町国民健康保険病院,1,1,1,0,0,0,1,0,2025-06-01,,,,
01,6711292,利尻島国保中央病院,利尻島国保中央病院,1,0,1,0,0,0,0,0,2021-10-01,,,,
01,5010076,北見赤十字病院,北見赤十字病院,3,2,3,0,0,1,1,0,2026-06-01,MEDIUM_2026_STANDARD_START,,,
01,5012064,オホーツク勤医協北見病院,オホーツク勤医協北見病院,1,0,0,1,0,0,0,0,2017-04-01,,,,
01,5012767,医療法人社団 高翔会 北星記念病院,医療法人社団高翔会 北星記念病院,1,2,1,0,0,1,1,0,2026-03-01,MEDIUM_2026_STANDARD_START,,,
01,5012759,北見北斗病院,北見北斗病院,1,0,0,1,0,0,0,0,2021-07-01,,,,
01,5012544,社会医療法人 明生会 道東の森総合病院,社会医療法人明生会道東の森総合病院,1,2,0,1,0,1,1,0,2021-07-01,,,,
01,5012536,ＪＡ北海道厚生連 常呂厚生病院,ＪＡ北海道厚生連常呂厚生病院,1,0,0,1,0,0,0,0,2015-07-01,,,,
01,5011991,社会医療法人耳鼻咽喉科麻生北見病院,社会医療法人耳鼻咽喉科麻生北見病院,1,0,1,0,0,0,0,0,2025-06-01,,,,
01,5012734,北海道立北見病院,北海道立北見病院,1,0,1,0,0,0,0,0,2021-01-01,,,,
01,5311730,網走中央病院,医療法人社団網走中央病院,1,0,0,1,0,0,0,0,2012-04-01,,,,
01,5310021,ＪＡ北海道厚生連 網走厚生病院,ＪＡ北海道厚生連網走厚生病院,1,1,1,0,0,0,1,0,2015-03-01,,,,
01,5311888,医療法人 讃生会 網走記念病院,医療法人讃生会網走記念病院,1,1,1,0,0,0,1,0,2026-05-01,MEDIUM_2026_STANDARD_START,,,
01,5210015,美幌町立国民健康保険病院,美幌町立国民健康保険病院,1,1,1,0,0,0,1,0,2024-05-01,,,,
01,5210528,美幌療育病院,美幌療育病院,1,0,0,1,0,0,0,0,2012-07-01,,,,
01,5210106,津別病院,津別病院,1,0,0,1,0,0,0,0,2012-04-01,,,,
01,5310765,斜里町国民健康保険病院,斜里町国民健康保険病院,1,0,0,1,0,0,0,0,2023-04-01,,,,
01,5010068,置戸赤十字病院,置戸赤十字病院,1,0,1,0,0,0,0,0,2012-12-01,,,,
01,5311920,医療法人社団 双心会 女満別中央病院,医療法人社団双心会女満別中央病院,1,0,0,1,0,0,0,0,2012-10-01,,,,
01,5110843,医療法人社団 幸栄病院,医療法人社団幸栄病院,1,0,0,1,0,0,0,0,2012-08-01,,,,
01,5110934,広域紋別病院,広域紋別病院,1,1,0,1,0,0,1,0,2015-04-17,,,,
01,5410698,ＪＡ北海道厚生連 遠軽厚生病院,ＪＡ北海道厚生連遠軽厚生病院,1,1,1,0,0,0,1,0,2013-05-01,,,,
01,5410706,医療法人社団 耕仁会 曽我病院,医療法人社団耕仁会曽我病院,1,0,0,0,0,0,0,0,,,,,
01,5110926,興部町国民健康保険病院,興部町国民健康保険病院,1,0,0,1,0,0,0,0,2017-08-01,,,,
01,5110801,雄武町国民健康保険病院,雄武町国民健康保険病院,1,0,0,1,0,0,0,0,2024-09-01,,,,
01,4613078,社会医療法人 北斗 北斗病院,社会医療法人 北斗 北斗病院,2,4,2,0,0,2,2,0,2020-01-01,,8354.0,6384.0,VERIFIED_NUMERIC
01,4613292,社会福祉法人 北海道社会事業協会 帯広病院,社会福祉法人北海道社会事業協会帯広病院,2,2,1,0,0,1,1,0,2012-04-01,,,,
01,4611932,社会医療法人 刀圭会 協立病院,医療法人社団刀圭会　協立病院,1,1,0,1,0,0,1,0,2023-12-01,,,,
01,4612534,医療法人進和会 西２条腎泌尿器科病院,医療法人進和会西２条腎泌尿器科病院,1,0,0,1,0,0,0,0,2013-04-01,,,,
01,4614456,ＪＡ北海道厚生連 帯広厚生病院,ＪＡ北海道厚生連帯広厚生病院,4,4,2,1,0,2,2,0,2018-11-01,,27827.0,15166.0,VERIFIED_NUMERIC
01,4614308,帯広記念病院,帯広記念病院,1,0,1,0,0,0,0,0,2022-10-01,,,,
01,4612146,公益財団法人北海道医療団 帯広西病院,公益財団法人北海道医療団帯広西病院,1,0,0,1,0,0,0,0,2022-10-01,,,,
01,4613805,医療法人社団芳誠会 十勝脳神経外科病院,医療法人社団芳誠会十勝脳神経外科病院,1,2,0,1,0,0,2,0,2020-06-01,,,,
01,4613235,社会医療法人 博愛会 開西病院,社会医療法人博愛会開西病院,1,1,1,0,0,0,1,0,2020-04-01,,,,
01,4612542,十勝勤医協 帯広病院,十勝勤医協帯広病院,1,0,0,0,1,0,0,0,2012-04-01,,,,
01,4613201,公益財団法人北海道医療団 帯広第一病院,公益財団法人北海道医療団帯広第一病院,1,1,1,0,0,0,1,0,2023-03-01,,,,
01,4614134,社会医療法人北斗 十勝リハビリテーションセンター,社会医療法人北斗十勝リハビリテーションセンター,1,0,0,1,0,0,0,0,2023-08-01,,,,
01,4712888,医療法人 徳洲会 帯広徳洲会病院,医療法人徳洲会帯広徳洲会病院,1,1,1,0,0,0,1,0,2026-05-01,MEDIUM_2026_STANDARD_START,,,
01,4713324,医療法人社団翔嶺館音更宏明館病院,医療法人社団翔嶺館音更宏明館病院,1,0,1,0,0,0,0,0,2022-03-01,,,,
01,4712284,公益財団法人 北海道医療団 音更病院,公益財団法人北海道医療団音更病院,1,0,1,0,0,0,0,0,2025-04-01,,,,
01,4711617,士幌町国民健康保険病院,士幌町国民健康保険病院,1,0,0,1,0,0,0,0,2016-09-01,,,,
01,4710452,鹿追町国民健康保険病院,鹿追町国民健康保険病院,1,0,0,1,0,0,0,0,2013-04-01,,,,
01,4710270,清水赤十字病院,清水赤十字病院,1,0,1,0,0,0,0,0,2023-04-01,,,,
01,4710403,公立芽室病院,公立芽室病院,1,0,1,0,0,0,0,0,2023-04-01,,,,
01,4711559,大樹町立国民健康保険病院,大樹町立国民健康保険病院,1,0,0,1,0,0,0,0,2019-04-01,,,,
01,4713415,広尾町国民健康保険病院,広尾町国民健康保険病院,1,1,1,0,0,0,1,0,2021-03-01,,,,
01,4713043,医療法人社団 翔嶺館 十勝の杜病院,医療法人社団翔嶺館十勝の杜病院,1,0,0,1,0,0,0,0,2022-04-01,,,,
01,4710460,十勝いけだ地域医療センター,十勝いけだ地域医療センター,1,0,1,0,0,0,0,0,2022-11-01,,,,
01,4712839,本別町国民健康保険病院,本別町国民健康保険病院,1,1,1,0,0,0,0,1,2024-11-01,,,,
01,4710437,足寄町国民健康保険病院,足寄町国民健康保険病院,1,0,1,0,0,0,0,0,2019-09-01,,,,
01,4112402,医療法人 太平洋記念みなみ病院,医療法人太平洋記念みなみ病院,1,0,1,0,0,0,0,0,2022-07-01,,,,
01,4112840,医療法人豊慈会 釧路北病院,医療法人豊慈会釧路北病院,1,0,0,1,0,0,0,0,2017-05-01,,,,
01,4112469,医療法人社団 藤花会 釧路谷藤病院,医療法人社団藤花会 釧路谷藤病院,1,0,0,1,0,0,0,0,2019-01-01,,,,
01,4113129,医療法人社団 三慈会 釧路三慈会病院,医療法人社団三慈会釧路三慈会病院,1,1,1,0,0,0,1,0,2021-02-01,,,,
01,4113491,医療法人扶恵会 釧路中央病院,医療法人扶恵会釧路中央病院,1,0,0,1,0,0,0,0,2019-10-01,,,,
01,4112626,医療法人社団 美生会 釧路第一病院,医療法人社団美生会釧路第一病院,1,0,0,1,0,0,0,0,2014-10-01,,,,
01,4111834,道東勤医協 釧路協立病院,道東勤医協釧路協立病院,1,1,1,0,0,0,1,0,2022-01-01,,,,
01,4111859,市立釧路総合病院,市立釧路総合病院,4,3,3,1,0,1,2,0,2024-11-01,,21714.0,8523.0,VERIFIED_NUMERIC
01,4112337,医療法人 東北海道病院,医療法人東北海道病院,1,2,0,1,0,0,2,0,2021-08-01,,,,
01,4113087,社会医療法人孝仁会 釧路孝仁会記念病院,社会医療法人孝仁会 釧路孝仁会記念病院,4,2,2,2,0,1,1,0,2026-08-01,MEDIUM_2026_STANDARD_START,6646.0,3512.0,VERIFIED_NUMERIC
01,4110679,総合病院 釧路赤十字病院,総合病院釧路赤十字病院,2,1,1,1,0,0,1,0,2012-04-01,,,,
01,4110687,独立行政法人労働者健康安全機構 釧路労災病院,独立行政法人労働者健康安全機構釧路労災病院,3,2,2,0,0,0,2,0,2022-01-01,,,,
01,4112972,医療法人社団 敬愛会 白樺台病院,医療法人社団敬愛会白樺台病院,1,0,0,1,0,0,0,0,2012-04-01,,,,
01,4310691,町立厚岸病院,町立厚岸病院,1,0,1,0,0,0,0,0,2023-02-01,,,,
01,4310220,標茶町立病院,標茶町立病院,1,0,0,0,1,0,0,0,2025-01-01,,,,
01,4311541,医療法人共生会 川湯の森病院,医療法人共生会川湯の森病院,1,0,0,1,0,0,0,0,2023-03-01,,,,
01,4311418,ＪＡ北海道厚生連 摩周厚生病院,ＪＡ北海道厚生連摩周厚生病院,1,1,0,1,0,0,0,1,2015-07-01,,,,
01,4210107,市立根室病院,市立根室病院,1,1,1,0,0,0,1,0,2024-12-01,,,,
01,4210115,町立別海病院,町立別海病院,1,1,1,0,0,0,1,0,2021-05-01,,,,
01,4210818,医療法人 樹恵会 石田病院,医療法人樹恵会石田病院,1,0,0,1,0,0,0,0,2015-08-01,,,,
01,4210834,町立中標津病院,町立中標津病院,1,1,1,0,0,0,1,0,2013-02-01,,,,
01,4210784,標津町国民健康保険標津病院,標津町国民健康保険標津病院,1,0,0,1,0,0,0,0,2020-11-01,,,,
01,1418687,共愛会病院,共愛会病院,2,1,2,0,0,0,1,0,2023-04-01,,,,
01,4614514,帯広中央病院,帯広中央病院,2,1,2,0,0,0,1,0,2022-04-01,,,,
01,0515913,医療法人美脳 札幌美しが丘脳神経外科病院,医療法人美脳 札幌美しが丘脳神経外科病院,1,2,1,0,0,1,1,0,2025-06-01,,,,
01,0515830,華岡青洲記念病院,華岡青洲記念病院,3,1,3,0,0,1,0,0,2026-06-01,MEDIUM_2026_STANDARD_START,,,
01,0419330,社会医療法人 北腎会 坂泌尿器科病院,社会医療法人　北腎会　坂泌尿器科病院,2,1,2,0,0,0,1,0,2023-11-01,,,,
01,0711033,社会医療法人朋仁会 整形外科北新病院,社会医療法人朋仁会　整形外科北新病院,1,2,0,1,0,0,2,0,2023-02-01,,,,
01,2919493,医療法人健康会 くにもと病院,医療法人健康会くにもと病院,1,0,0,1,0,0,0,0,2020-11-01,,,,
01,2919501,社会医療法人元生会森山病院,社会医療法人元生会森山病院,1,1,1,0,0,0,1,0,2020-11-24,,,,
01,2919543,医療法人社団慈成会東旭川病院,東旭川病院,1,0,1,0,0,0,0,0,2021-07-01,,,,
01,0516200,仁楡会札幌病院,仁楡会札幌病院,1,0,1,0,0,0,0,0,2021-08-01,,,,
01,0516234,医療法人徳洲会 札幌南徳洲会病院,医療法人徳洲会　札幌南徳洲会病院,1,1,1,0,0,0,1,0,2021-07-04,,,,
01,0419538,医療法人社団 静和会 静和記念病院,医療法人社団　静和会　静和記念病院,1,1,0,1,0,0,1,0,2022-05-11,,,,
01,0516473,医療法人 讃生会 北野病院,医療法人　讃生会　北野病院,1,0,1,0,0,0,0,0,2022-07-01,,,,
01,0516218,社会医療法人恵佑会札幌病院,社会医療法人恵佑会札幌病院,3,1,3,0,0,1,0,0,2026-06-01,MEDIUM_2026_STANDARD_START,,,
01,0516283,社会福祉法人ノテ福祉会 日本医療大学病院,社会福祉法人ノテ福祉会　日本医療大学病院,1,1,1,0,0,0,1,0,2021-10-01,,,,
01,0516499,新さっぽろ脳神経外科病院,新さっぽろ脳神経外科病院,1,3,0,1,0,1,2,0,2022-07-17,,,,
01,0516515,医療法人 新札幌整形外科病院,医療法人 新札幌整形外科病院,1,1,0,1,0,0,1,0,2022-08-08,,,,
01,0711256,社会医療法人 康和会 札幌しらかば台篠路病院,社会医療法人康和会 札幌しらかば台篠路病院,1,0,0,1,0,0,0,0,2021-11-01,,,,
01,0516481,交雄会新さっぽろ病院,交雄会新さっぽろ病院,1,0,0,1,0,0,0,0,2022-07-23,,,,
01,0516812,医療法人社団 履信会 りしん会整形外科病院,医療法人社団　履信会　りしん会整形外科病院,1,1,0,1,0,0,1,0,2024-04-01,,,,
01,0517125,社会医療法人柏葉会 脳神経内科かしわば病院,社会医療法人柏葉会　脳神経内科かしわば病院,1,2,0,1,0,1,1,0,2024-12-01,,,,
01,0517117,社会医療法人柏葉会 札幌柏葉会病院,社会医療法人柏葉会　札幌柏葉会病院,2,2,1,1,0,1,1,0,2024-12-01,,,,
01,0711843,カレス記念病院,カレス記念病院,1,1,1,0,0,0,1,0,2026-04-01,MEDIUM_2026_STANDARD_START,,,
02,8010221,弘前大学医学部附属病院,弘前大学医学部附属病院,5,3,5,0,0,2,1,0,2026-06-01,HIGH_EXPLICIT_2026_CHANGE,23375.0,9153.0,VERIFIED_NUMERIC
02,8010114,独立行政法人国立病院機構弘前総合医療センター,独立行政法人国立病院機構弘前総合医療センター,3,2,3,0,0,1,1,0,2026-06-01,MEDIUM_2026_STANDARD_START,,,
02,0410296,黒石市国民健康保険 黒石病院,黒石市国民健康保険黒石病院,1,1,0,1,0,0,1,0,2012-04-01,,,,
02,2410674,国民健康保険 板柳中央病院,国民健康保険板柳中央病院,1,0,0,1,0,0,0,0,2013-11-01,,,,
02,0215471,弘前中央病院,弘前中央病院,2,0,1,0,0,0,0,0,2018-05-01,,,,
02,0210639,鳴海病院,鳴海病院,2,1,1,1,0,0,1,0,2026-01-01,MEDIUM_2026_STANDARD_START,,,
02,0212320,公益財団法人鷹揚郷 腎研究所 弘前病院,公益財団法人鷹揚郷腎研究所弘前病院,1,0,1,0,0,0,0,0,2015-06-01,,,,
02,0410650,一般財団法人双仁会 黒石厚生病院,一般財団法人双仁会黒石厚生病院,1,0,1,0,0,0,0,0,2012-04-01,,,,
02,0212858,医療法人弘愛会 弘愛会病院,弘愛会病院,1,0,0,1,0,0,0,0,2013-04-01,,,,
02,0213039,弘前記念病院,弘前記念病院,1,2,1,0,0,0,2,0,2012-04-01,,,,
02,0215703,津軽保健生活協同組合 健生病院,津軽保健生活協同組合 健生病院,2,1,2,0,0,0,1,0,2025-06-01,,,,
02,0214706,弘前メディカルセンター,弘前メディカルセンター,1,0,0,1,0,0,0,0,2023-08-01,,,,
02,0214557,医療法人元秀会 弘前小野病院,医療法人元秀会弘前小野病院,1,0,0,1,0,0,0,0,2024-05-01,,,,
02,2310973,ときわ会病院,ときわ会病院,1,0,1,0,0,0,0,0,2026-06-01,HIGH_EXPLICIT_2026_CHANGE,,,
02,0215117,弘前脳卒中・リハビリテーションセンター,弘前脳卒中・リハビリテーションセンター,1,2,1,0,0,1,1,0,2026-02-01,MEDIUM_2026_STANDARD_START,,,
02,0315255,八戸市立市民病院,八戸市立市民病院,3,2,2,1,0,1,1,0,2025-09-01,,,,
02,0312542,八戸赤十字病院,八戸赤十字病院,2,2,2,0,0,0,2,0,2026-06-01,HIGH_EXPLICIT_2026_CHANGE,,,
02,0311262,独立行政法人労働者健康安全機構 青森労災病院,独立行政法人労働者健康安全機構青森労災病院,2,1,1,1,0,0,1,0,2012-04-01,,,,
02,2510614,国民健康保険 おいらせ病院,国民健康保険おいらせ病院,1,0,1,0,0,0,0,0,2012-04-01,,,,
02,2711170,三戸町国民健康保険 三戸中央病院,三戸町国民健康保険三戸中央病院,1,1,1,0,0,0,1,0,2012-04-01,,,,
02,2710776,国民健康保険 五戸総合病院,国民健康保険五戸総合病院,1,1,0,1,0,0,1,0,2026-01-01,MEDIUM_2026_STANDARD_START,,,
02,2711279,国民健康保険南部町医療センター,国民健康保険南部町医療センター,1,0,0,1,0,0,0,0,2014-06-01,,,,
02,8010510,独立行政法人国立病院機構 八戸病院,独立行政法人国立病院機構八戸病院,1,0,0,1,0,0,0,0,2018-03-01,,,,
02,0316279,メディカルコート八戸西病院,メディカルコート八戸西病院,1,1,1,0,0,0,1,0,2018-09-01,,,,
02,0316725,室岡整形外科記念病院,室岡整形外科記念病院,0,1,0,0,0,0,1,0,2018-05-01,,,,
02,0314001,八戸城北病院,八戸城北病院,1,1,1,0,0,0,0,1,2021-01-01,,,,
02,0314456,八戸平和病院,八戸平和病院,1,1,0,1,0,0,1,0,2012-04-01,,,,
02,2711287,南部病院,社会医療法人博進会南部病院,1,1,0,1,0,0,1,0,2025-08-01,,,,
02,0313573,岸原病院,岸原病院,1,0,0,1,0,0,0,0,2025-02-01,,,,
02,0313607,総合リハビリ美保野病院,総合リハビリ美保野病院,1,0,0,1,0,0,0,0,2021-10-01,,,,
02,0314258,みちのく記念病院,みちのく記念病院,1,0,1,0,0,0,0,0,2013-02-01,,,,
02,2511380,医療法人正恵会 石田温泉病院,石田温泉病院,1,0,0,0,0,0,0,0,,,,,
02,0317012,内科種市病院,内科種市病院,1,0,0,1,0,0,0,0,2023-04-01,,,,
02,0114765,青森県立中央病院,青森県立中央病院,5,3,4,1,0,2,1,0,2026-06-01,HIGH_EXPLICIT_2026_CHANGE,25114.0,5702.0,VERIFIED_NUMERIC
02,0112165,青森市民病院,青森市民病院,2,2,2,0,0,1,1,0,2025-04-01,,,,
02,0117693,青森市立浪岡病院,青森市立浪岡病院,1,0,1,0,0,0,0,0,2012-04-01,,,,
02,2010748,平内町国民健康保険 平内中央病院,平内町国民健康保険 平内中央病院,1,0,1,0,0,0,0,0,2016-01-01,,,,
02,8015006,国立療養所 松丘保養園,国立療養所松丘保養園,1,0,0,1,0,0,0,0,,,,,
02,8010049,独立行政法人国立病院機構 青森病院,独立行政法人国立病院機構青森病院,1,1,1,0,0,0,1,0,2018-04-01,,,,
02,0114153,公益財団法人鷹揚郷 腎研究所 青森病院,公益財団法人鷹揚郷 腎研究所 青森病院,1,0,1,0,0,0,0,0,2013-08-01,,,,
02,0114450,社団法人慈恵会 青森慈恵会病院,青森慈恵会病院,1,1,0,1,0,0,0,1,2013-10-01,,,,
02,0114989,一般財団法人双仁会青森厚生病院,一般財団法人 双仁会 青森厚生病院,1,1,1,0,0,0,1,0,2025-03-01,,,,
02,0118576,医療法人雄心会 青森新都市病院,医療法人雄心会 青森新都市病院,2,2,1,1,0,1,1,0,2026-06-01,HIGH_EXPLICIT_2026_CHANGE,,,
02,0117438,こころのケアセンターふよう,こころのケアセンターふよう,1,1,0,0,1,0,0,1,2013-08-01,,,,
02,0118311,村上病院,医療法人芙蓉会村上病院,1,1,0,1,0,0,1,0,2021-05-01,,,,
02,0115135,村上新町病院,村上新町病院,1,2,1,0,0,1,1,0,2019-01-01,,,,
02,0110243,医療法人同仁会 浪打病院,医療法人同仁会 浪打病院,1,0,0,1,0,0,0,0,2012-05-01,,,,
02,0116307,あおもり協立病院,あおもり協立病院,1,1,0,1,0,0,1,0,2012-04-01,,,,
02,0117560,社会福祉法人敬仁会 青森敬仁会病院,青森敬仁会病院,1,0,0,1,0,0,0,0,2013-09-01,,,,
02,0511424,つがる西北五広域連合つがる総合病院,つがる西北五広域連合つがる総合病院,2,2,2,0,0,1,1,0,2025-02-01,,,,
02,0511416,つがる西北五広域連合 かなぎ病院,つがる西北五広域連合かなぎ病院,1,0,1,0,0,0,0,0,2015-01-01,,,,
02,2111017,つがる西北五広域連合 鰺ヶ沢病院,つがる西北五広域連合鰺ヶ沢病院,1,0,0,1,0,0,0,0,2012-04-01,,,,
02,0511259,医療法人慈仁会 尾野病院,医療法人慈仁会尾野病院,1,0,0,1,0,0,0,0,2017-01-01,,,,
02,0511002,増田病院,医療法人済生堂 増田病院,1,0,0,1,0,0,0,0,2018-01-01,,,,
02,0610366,十和田市立中央病院,十和田市立中央病院,2,2,2,0,0,0,2,0,2012-04-01,,,,
02,0710810,三沢市立三沢病院,三沢市立三沢病院,2,1,2,0,0,0,1,0,2025-01-01,,,,
02,2511034,公立七戸病院,公立七戸病院,1,1,1,0,0,0,1,0,2012-04-01,,,,
02,2511588,公立野辺地病院,公立野辺地病院,1,1,1,0,0,0,1,0,2025-06-01,,,,
02,0610846,十和田第一病院,医療法人泰仁会十和田第一病院,1,1,1,0,0,0,1,0,2025-07-01,,,,
02,0610887,医療法人赤心会 十和田東病院,医療法人赤心会十和田東病院,1,0,1,0,0,0,0,0,2015-06-01,,,,
02,2511752,医療法人社団 良風会 ちびき病院,医療法人社団良風会ちびき病院,1,0,0,1,0,0,0,0,2024-08-01,,,,
02,0710125,一般財団法人 仁和会 三沢中央病院,一般財団法人仁和会 三沢中央病院,1,0,1,0,0,0,0,0,2015-10-01,,,,
02,0810339,むつ総合病院,むつ総合病院,2,1,2,0,0,0,1,0,2012-04-01,,,,
02,2610919,国民健康保険 大間病院,国民健康保険大間病院,1,0,1,0,0,0,0,0,2025-08-01,,,,
03,0113998,川久保病院,盛岡医療生活協同組合川久保病院,1,1,0,1,0,0,1,0,2018-08-01,,,,
03,8010014,独立行政法人国立病院機構盛岡医療センター,独立行政法人国立病院機構盛岡医療センター,1,1,1,0,0,0,1,0,2013-03-01,,,,
03,0118138,栃内病院,栃内病院,1,1,1,0,0,0,1,0,2023-10-01,,,,
03,0115050,盛岡市立病院,盛岡市立病院,1,1,1,0,0,0,1,0,2013-04-01,,,,
03,0110309,遠山病院,医療法人遠山病院,1,0,0,1,0,0,0,0,2026-03-01,MEDIUM_2026_STANDARD_START,,,
03,0114079,盛岡友愛病院,医療法人友愛会 盛岡友愛病院,1,1,1,0,0,0,1,0,2012-04-01,,,,
03,0114715,松園第二病院,医療法人共生会松園第二病院,1,1,0,1,0,0,1,0,2013-05-01,,,,
03,0116389,孝仁病院,社団医療法人啓愛会 孝仁病院,1,1,1,0,0,0,1,0,2015-06-01,,,,
03,2211212,岩手医科大学附属病院,岩手医科大学附属病院,9,3,7,1,0,1,2,0,2026-06-01,MEDIUM_2026_STANDARD_START,22531.0,6623.0,VERIFIED_NUMERIC
03,0117064,医療法人社団恵仁会三愛病院,医療法人社団恵仁会 三愛病院,1,0,1,0,0,0,0,0,2018-04-01,,,,
03,0113311,岩手県立中央病院,岩手県立中央病院,6,2,5,1,0,1,1,0,2026-06-01,MEDIUM_2026_STANDARD_START,26564.0,6607.0,VERIFIED_NUMERIC
03,0112552,荻野病院,荻野病院,1,1,0,1,0,0,1,0,2012-04-01,,,,
03,0112537,内丸病院,医療法人青樹会内丸病院,1,0,0,1,0,0,0,0,2016-07-01,,,,
03,0116330,渋民中央病院,医療法人仁妙光会渋民中央病院,1,0,0,0,1,0,0,0,2019-10-01,,,,
03,0116132,八角病院,八角病院,1,1,1,0,0,0,1,0,2017-04-01,,,,
03,0112875,盛岡つなぎ温泉病院,特定医療法人 盛岡つなぎ温泉病院,1,1,0,1,0,0,0,1,2012-04-01,,,,
03,2211170,岩手県立療育センター,岩手県立療育センター,1,1,0,1,0,0,1,0,2018-01-05,,,,
03,0114137,盛岡赤十字病院,盛岡赤十字病院,2,1,1,0,1,1,0,0,2026-03-01,MEDIUM_2026_STANDARD_START,,,
03,1410203,八幡平市立病院,八幡平市立病院,1,1,1,0,0,0,1,0,2020-08-01,,,,
03,1410211,東八幡平病院,東八幡平病院,1,1,0,1,0,0,1,0,2025-04-01,,,,
03,1610034,栃内第二病院,栃内第二病院,1,1,1,0,0,0,0,1,2022-04-01,,,,
03,1610232,医療法人社団松誠会 滝沢中央病院,医療法人社団松誠会滝沢中央病院,1,0,0,1,0,0,0,0,2016-02-01,,,,
03,2110752,鶯宿温泉病院,鶯宿温泉病院,1,1,0,1,0,0,0,1,2012-04-01,,,,
03,2110919,いわてリハビリテーションセンター,いわてリハビリテーションセンター,1,0,0,1,0,0,0,0,2012-04-01,,,,
03,2111560,国民健康保険葛巻病院,国民健康保険葛巻病院,1,0,0,1,0,0,0,0,2017-09-01,,,,
03,2210404,医療法人社団帰厚堂南昌病院,南昌病院,1,0,0,1,0,0,0,0,2012-04-01,,,,
03,0511365,岩手県立東和病院,岩手県立東和病院,1,0,0,1,0,0,0,0,2013-08-01,,,,
03,0511845,総合花巻病院,総合花巻病院,1,1,0,1,0,0,1,0,2025-04-01,,,,
03,8010048,独立行政法人国立病院機構花巻病院,独立行政法人国立病院機構花巻病院,1,1,0,1,0,0,1,0,2019-10-01,,,,
03,0511308,宝陽病院,宝陽病院,1,1,0,1,0,0,0,1,2013-02-01,,,,
03,0611827,社会福祉法人恩賜財団済生会 北上済生会病院,社会福祉法人恩賜財団済生会北上済生会病院,1,1,1,0,0,0,1,0,2020-11-22,,,,
03,0611546,岩手県立中部病院,岩手県立中部病院,3,2,2,1,0,0,2,0,2016-01-01,,,,
03,0810239,岩手県立遠野病院,岩手県立遠野病院,1,1,1,0,0,0,1,0,2019-10-01,,,,
03,2410475,町立西和賀さわうち病院,町立西和賀さわうち病院,1,1,0,1,0,0,0,1,2014-10-14,,,,
03,1510622,岩手県立江刺病院,岩手県立江刺病院,1,1,1,0,0,0,0,1,2012-04-01,,,,
03,1510879,奥州市国民健康保険まごころ病院,奥州市国民健康保険まごころ病院,1,1,0,1,0,0,1,0,2012-04-01,,,,
03,1510127,美山病院,美山病院,1,0,0,0,1,0,0,0,2013-06-01,,,,
03,1510010,奥州市総合水沢病院,奥州市総合水沢病院,1,1,1,0,0,0,1,0,2012-04-01,,,,
03,1510424,岩手県立胆沢病院,岩手県立胆沢病院,3,1,3,0,0,0,1,0,2018-04-01,,,,
03,1510796,美希病院,美希病院,1,1,0,1,0,0,1,0,2013-02-01,,,,
03,1510101,石川病院,社団医療法人 石川病院,1,0,0,0,1,0,0,0,2012-04-01,,,,
03,1510036,奥州病院,奥州病院,1,0,1,0,0,0,0,0,2012-04-01,,,,
03,0911706,一関市国民健康保険藤沢病院,一関市国民健康保険藤沢病院,1,1,1,0,0,0,1,0,2026-01-01,MEDIUM_2026_STANDARD_START,,,
03,0911458,岩手県立磐井病院,岩手県立磐井病院,2,1,2,0,0,0,1,0,2018-04-01,,,,
03,0911219,岩手県立大東病院,岩手県立大東病院,1,0,0,1,0,0,0,0,2014-02-01,,,,
03,0910351,医療法人社団愛生会昭和病院,医療法人社団愛生会昭和病院,1,0,1,0,0,0,0,0,2020-04-01,,,,
03,0911342,岩手県立千厩病院,岩手県立千厩病院,1,1,0,1,0,0,1,0,2012-04-01,,,,
03,8010063,独立行政法人国立病院機構岩手病院,独立行政法人国立病院機構岩手病院,1,1,0,1,0,0,1,0,2016-05-01,,,,
03,0310537,岩手県立大船渡病院,岩手県立大船渡病院,3,1,3,0,0,0,1,0,2014-11-01,,,,
03,1010466,岩手県立高田病院,岩手県立高田病院,1,0,0,1,0,0,0,0,2018-03-01,,,,
03,1110746,釜石のぞみ病院,釜石のぞみ病院,1,0,0,1,0,0,0,0,2020-12-01,,,,
03,1110498,岩手県立釜石病院,岩手県立釜石病院,2,1,1,1,0,0,1,0,2025-12-01,,,,
03,8010022,独立行政法人国立病院機構釜石病院,独立行政法人国立病院機構釜石病院,1,0,0,1,0,0,0,0,2019-03-01,,,,
03,1110597,せいてつ記念病院,せいてつ記念病院,1,1,0,1,0,0,1,0,2012-04-01,,,,
03,2910326,岩手県立大槌病院,岩手県立大槌病院,1,0,0,1,0,0,0,0,2016-05-01,,,,
03,0210505,宮古第一病院,宮古第一病院,1,1,0,1,0,0,0,1,2024-09-01,,,,
03,0210588,岩手県立宮古病院,岩手県立宮古病院,3,1,2,1,0,0,1,0,2013-04-01,,,,
03,3010712,岩手県立山田病院,岩手県立山田病院,1,0,0,1,0,0,0,0,2016-09-01,,,,
03,3010225,社会福祉法人恩賜財団岩手県済生会岩泉病院,社会福祉法人恩賜財団岩手県済生会岩泉病院,1,0,0,1,0,0,0,0,2026-07-01,MEDIUM_2026_STANDARD_START,,,
03,0710355,岩手県立久慈病院,岩手県立久慈病院,2,1,2,0,0,0,1,0,2020-04-01,,,,
03,3110157,洋野町国民健康保険種市病院,洋野町国民健康保険種市病院,1,0,0,1,0,0,0,0,2019-10-01,,,,
03,1310122,岩手県立二戸病院,岩手県立二戸病院,2,1,1,1,0,0,1,0,2020-11-01,,,,
03,3110256,岩手県立軽米病院,岩手県立軽米病院,1,0,0,1,0,0,0,0,2013-08-01,,,,
03,3210296,岩手県立一戸病院,岩手県立一戸病院,1,1,1,0,0,0,0,1,2015-10-01,,,,
03,0611876,北上駅前病院,北上駅前病院,1,0,0,1,0,0,0,0,2024-04-01,,,,
04,0610513,大泉記念病院,医療法人浄仁会 大泉記念病院,1,1,1,0,0,0,1,0,2023-12-01,,,,
04,0610687,公立刈田綜合病院,公立刈田綜合病院,2,1,1,1,0,0,1,0,2025-12-01,,,,
04,0810055,医療法人本多友愛会仙南病院,医療法人本多友愛会 仙南病院,1,0,0,1,0,0,0,0,2013-03-01,,,,
04,0810071,医療法人金上仁友会金上病院,医療法人金上仁友会金上病院,1,0,1,0,0,0,0,0,2024-10-01,,,,
04,0810139,医療法人安達同済会同済病院,医療法人安達同済会同済病院,1,0,0,1,0,0,0,0,2023-04-01,,,,
04,2110108,蔵王町国民健康保険蔵王病院,蔵王町国民健康保険蔵王病院,1,0,0,1,0,0,0,0,2022-10-01,,,,
04,2211013,みやぎ県南中核病院,みやぎ県南中核病院,4,2,4,0,0,1,1,0,2026-06-01,MEDIUM_2026_STANDARD_START,13698.0,6395.0,VERIFIED_NUMERIC
04,2211187,川崎こころ病院,川崎こころ病院,0,1,0,0,0,0,1,0,2023-07-01,,,,
04,2210254,国民健康保険川崎病院,国民健康保険川崎病院,1,0,0,1,0,0,0,0,2014-09-01,,,,
04,2310096,丸森町国民健康保険丸森病院,丸森町国民健康保険丸森病院,2,0,0,1,1,0,0,0,2017-06-01,,,,
04,8010146,東北大学病院,東北大学病院,8,7,7,0,0,5,2,0,2026-06-01,MEDIUM_2026_STANDARD_START,44682.0,18181.0,VERIFIED_NUMERIC
04,5112564,医療法人宏人会木町病院,医療法人宏人会 木町病院,1,0,0,1,0,0,0,0,2012-04-01,,,,
04,5113802,仙台エコー医療療育センター,仙台エコー医療療育センター,1,0,0,1,0,0,0,0,2018-01-01,,,,
04,5110261,一般財団法人周行会内科佐藤病院,一般財団法人周行会 内科佐藤病院,1,0,0,1,0,0,0,0,2023-02-01,,,,
04,5513449,独立行政法人地域医療機能推進機構仙台病院,独立行政法人地域医療機能推進機構 仙台病院,2,1,2,0,0,0,1,0,2023-09-01,,,,
04,5110048,独立行政法人労働者健康安全機構東北労災病院,独立行政法人労働者健康安全機構東北労災病院,3,2,2,1,0,0,2,0,2026-07-01,MEDIUM_2026_STANDARD_START,,,
04,5116250,宮城県立こども病院,宮城県立こども病院,1,1,1,0,0,0,1,0,2026-06-01,MEDIUM_2026_STANDARD_START,,,
04,5112853,広瀬病院,医療法人ひろせ会 広瀬病院,1,0,0,1,0,0,0,0,2017-10-01,,,,
04,5110030,国家公務員共済組合連合会東北公済病院,国家公務員共済組合連合会東北公済病院,2,1,2,0,0,0,1,0,2022-10-01,,,,
04,5112788,西仙台病院,西仙台病院,1,0,0,1,0,0,0,0,2023-05-01,,,,
04,5111277,医療法人光成会宮城中央病院,宮城中央病院,1,1,0,1,0,0,1,0,2013-01-01,,,,
04,5112465,ＪＲ仙台病院,ＪＲ仙台病院,1,1,1,0,0,0,1,0,2026-06-01,MEDIUM_2026_STANDARD_START,,,
04,5114396,仙台中江病院,仙台中江病院,1,1,0,1,0,1,0,0,2025-01-01,,,,
04,5117845,医療法人財団明理会 イムス明理会仙台総合病院,医療法人財団明理会イムス明理会仙台総合病院,1,1,1,0,0,0,1,0,2020-06-01,,,,
04,8010161,自衛隊仙台病院,自衛隊仙台病院,1,1,0,1,0,0,1,0,2025-05-01,,,,
04,5211127,中嶋病院,中嶋病院,1,1,0,1,0,0,1,0,2016-06-01,,,,
04,5210806,公益財団法人仙台市医療センター仙台オープン病院,公益財団法人仙台市医療センター　仙台オープン病院,2,1,2,0,0,0,1,0,2026-07-01,MEDIUM_2026_STANDARD_START,,,
04,5213008,東北医科薬科大学病院,東北医科薬科大学病院,6,2,5,1,0,0,2,0,2026-06-01,MEDIUM_2026_STANDARD_START,22713.0,8152.0,VERIFIED_NUMERIC
04,8010179,独立行政法人国立病院機構仙台医療センター,独立行政法人国立病院機構仙台医療センター,4,3,4,0,0,1,2,0,2026-06-01,MEDIUM_2026_STANDARD_START,23404.0,7176.0,VERIFIED_NUMERIC
04,5211812,岩切病院,岩切病院,1,0,1,0,0,0,0,0,2015-10-01,,,,
04,5211861,仙台東脳神経外科病院,仙台東脳神経外科病院,1,2,0,1,0,0,2,0,2026-04-01,MEDIUM_2026_STANDARD_START,,,
04,5312651,東北医科薬科大学 若林病院,東北医科薬科大学若林病院,2,1,0,1,0,0,1,0,2026-03-01,MEDIUM_2026_STANDARD_START,,,
04,5310994,仙台整形外科病院,仙台整形外科病院,1,1,0,1,0,0,1,0,2012-04-01,,,,
04,5311927,社会医療法人 杏仁会 河原町病院,河原町病院,1,0,0,1,0,0,0,0,2020-12-01,,,,
04,5413269,仙台市立病院,仙台市立病院,5,2,3,1,1,1,1,0,2025-04-01,,24142.0,7410.0,VERIFIED_NUMERIC
04,5410141,独立行政法人地域医療機能推進機構 仙台南病院,独立行政法人地域医療機能推進機構 仙台南病院,1,0,1,0,0,0,0,0,2026-08-01,MEDIUM_2026_STANDARD_START,,,
04,8010013,独立行政法人国立病院機構仙台西多賀病院,独立行政法人国立病院機構仙台西多賀病院,2,1,0,1,1,0,1,0,2017-09-01,,,,
04,5411834,一般財団法人広南会広南病院,一般財団法人広南会 広南病院,2,3,2,0,0,1,2,0,2026-07-01,MEDIUM_2026_STANDARD_START,,,
04,5410471,公益財団法人宮城厚生協会長町病院,公益財団法人宮城厚生協会長町病院,1,0,0,1,0,0,0,0,2013-12-01,,,,
04,5410760,仙台赤十字病院,仙台赤十字病院,1,1,1,0,0,0,1,0,2023-08-01,,,,
04,5411511,医療法人翠十字 杜都千愛病院,医療法人翠十字　杜都千愛病院,1,0,0,1,0,0,0,0,2017-09-01,,,,
04,5513084,一般財団法人宮城県成人病予防協会 附属 仙台循環器病センター,一般財団法人宮城県成人病予防協会附属仙台循環器病センター,1,1,1,0,0,0,1,0,2016-10-01,,,,
04,5511393,医療法人泉整形外科病院,泉整形外科病院,2,1,0,2,0,0,1,0,2026-08-01,MEDIUM_2026_STANDARD_START,,,
04,5513522,医療法人徳洲会 仙台徳洲会病院,医療法人 徳洲会 仙台徳洲会病院,2,2,0,2,0,0,2,0,2022-04-01,,,,
04,5510445,公益財団法人宮城厚生協会泉病院,公益財団法人宮城厚生協会泉病院,1,1,1,0,0,1,0,0,2025-05-01,,,,
04,5510577,医療法人松田会松田病院,医療法人松田会 松田病院,1,1,1,0,0,0,1,0,2022-02-01,,,,
04,5512003,泉ヶ丘クリニック,泉ヶ丘クリニック,1,0,0,0,1,0,0,0,2026-03-01,MEDIUM_2026_STANDARD_START,,,
04,0311005,赤石病院,医療法人社団赤石会 赤石病院,1,1,0,1,0,0,1,0,2026-06-01,MEDIUM_2026_STANDARD_START,,,
04,0310171,公益財団法人宮城厚生協会坂総合病院,公益財団法人宮城厚生協会 坂総合病院,1,1,1,0,0,0,1,0,2016-08-01,,,,
04,0310023,塩竈市立病院,塩竈市立病院,1,1,0,1,0,0,1,0,2024-11-01,,,,
04,0711030,宮城県立がんセンター,宮城県立がんセンター,4,2,2,1,1,1,1,0,2026-06-01,MEDIUM_2026_STANDARD_START,13676.0,5538.0,VERIFIED_NUMERIC
04,0910210,医療法人寶樹会仙塩総合病院,医療法人寶樹会 仙塩総合病院,1,0,0,1,0,0,0,0,2012-04-01,,,,
04,1110273,総合南東北病院,総合南東北病院,1,2,1,0,0,0,2,0,2016-01-01,,,,
04,1610157,富谷中央病院,富谷中央病院,1,0,0,1,0,0,0,0,2021-01-01,,,,
04,8010039,独立行政法人国立病院機構宮城病院,独立行政法人国立病院機構宮城病院,1,1,1,0,0,0,1,0,2024-10-01,,,,
04,2610230,医療法人友仁会松島病院,松島病院,1,0,0,1,0,0,0,0,2012-04-01,,,,
04,2610479,宮城利府掖済会病院,宮城利府掖済会病院,1,0,0,1,0,0,0,0,2014-01-01,,,,
04,2610677,仙塩利府病院,医療法人寶樹会 仙塩利府病院,2,1,0,1,0,0,1,0,2026-05-01,MEDIUM_2026_STANDARD_START,,,
04,2710360,公立黒川病院,公立黒川病院,1,1,1,0,0,0,1,0,2025-06-01,,,,
04,1310436,栗原市立若柳病院,栗原市立若柳病院,1,1,0,1,0,0,0,1,2015-04-01,,,,
04,1310402,栗原市立栗原中央病院,栗原市立栗原中央病院,2,2,2,0,0,0,2,0,2024-12-01,,,,
04,1310410,栗原市立栗駒病院,栗原市立栗駒病院,1,0,0,1,0,0,0,0,2016-09-01,,,,
04,1310147,医療法人財団弘慈会石橋病院,医療法人財団弘慈会石橋病院,1,0,0,1,0,0,0,0,2018-09-01,,,,
04,1511348,星陵あすか病院,星陵あすか病院,1,1,0,1,0,0,1,0,2017-05-01,,,,
04,1510076,一般財団法人 佐藤病院,一般財団法人佐藤病院,1,0,0,1,0,0,0,0,2014-07-01,,,,
04,1510027,大崎市民病院鹿島台分院,大崎市民病院鹿島台分院,1,0,0,1,0,0,0,0,2012-10-01,,,,
04,1510035,大崎市民病院岩出山分院,大崎市民病院岩出山分院,1,0,0,1,0,0,0,0,2012-04-01,,,,
04,1510415,古川星陵病院,古川星陵病院,1,1,0,1,0,0,1,0,2020-08-01,,,,
04,1510589,徳永整形外科病院,徳永整形外科病院,0,1,0,0,0,0,1,0,,,,,
04,1511355,三浦病院,三浦病院,1,0,0,1,0,0,0,0,2017-07-01,,,,
04,1510043,大崎市民病院鳴子温泉分院,大崎市民病院鳴子温泉分院,1,0,0,1,0,0,0,0,2024-05-01,,,,
04,1510019,大崎市民病院,大崎市民病院,4,2,3,1,0,1,1,0,2026-06-01,MEDIUM_2026_STANDARD_START,24208.0,7005.0,VERIFIED_NUMERIC
04,1510142,医療法人永仁会永仁会病院,医療法人永仁会 永仁会病院,1,0,1,0,0,0,0,0,2020-08-01,,,,
04,1510126,公益財団法人宮城厚生協会古川民主病院,公益財団法人宮城厚生協会 古川民主病院,1,0,0,1,0,0,0,0,2019-03-01,,,,
04,2810368,公立加美病院,公立加美病院,1,0,1,0,0,0,0,0,2023-02-01,,,,
04,3110529,涌谷町国民健康保険病院,涌谷町国民健康保険病院,1,1,0,1,0,0,1,0,2016-11-01,,,,
04,3110933,美里町立南郷病院,美里町立南郷病院,1,0,0,1,0,0,0,0,2016-11-01,,,,
04,3110842,野崎病院,野崎病院,1,0,0,1,0,0,0,0,2025-01-01,,,,
04,0212468,医療法人啓仁会石巻ロイヤル病院,医療法人啓仁会 石巻ロイヤル病院,1,1,0,1,0,0,1,0,2020-08-01,,,,
04,0211320,齋藤病院,齋藤病院,1,1,0,1,0,0,1,0,2026-08-01,MEDIUM_2026_STANDARD_START,,,
04,0212799,石巻市立病院,石巻市立病院,1,1,1,0,0,0,1,0,2016-09-01,,,,
04,0210017,石巻赤十字病院,石巻赤十字病院,6,2,3,2,1,1,1,0,2026-06-01,MEDIUM_2026_STANDARD_START,29130.0,7066.0,VERIFIED_NUMERIC
04,0211569,医療法人社団 健育会 石巻健育会病院,医療法人社団健育会 石巻健育会病院,1,0,0,1,0,0,0,0,2025-10-01,,,,
04,0510994,気仙沼市立病院,気仙沼市立病院,2,2,2,0,0,1,1,0,2018-12-01,,,,
04,8010104,国立療養所東北新生園,国立療養所東北新生園,1,0,0,1,0,0,0,0,,,,,
04,1210487,登米市立米谷病院,登米市立米谷病院,1,0,0,1,0,0,0,0,2019-02-01,,,,
04,1210420,登米市立豊里病院,登米市立豊里病院,1,0,0,1,0,0,0,0,2012-08-01,,,,
04,1210412,登米市立登米市民病院,登米市立登米市民病院,1,1,0,1,0,0,1,0,2025-12-01,,,,
04,1410111,真壁病院,真壁病院,1,1,0,1,0,0,1,0,2019-12-01,,,,
04,1410301,医療法人社団仙石病院,医療法人社団仙石病院,2,1,2,0,0,0,1,0,2026-01-01,MEDIUM_2026_STANDARD_START,,,
04,3610478,南三陸病院,南三陸病院,1,0,1,0,0,0,0,0,2024-05-01,,,,
04,5312750,医療法人社団葵会 葵会仙台病院,医療法人社団葵会 葵会仙台病院,1,0,0,1,0,0,0,0,2017-12-13,,,,
05,0410194,大館市立総合病院,大館市立総合病院,2,1,2,0,0,0,1,0,2022-07-01,,,,
05,0410061,医療法人健永会 大館記念病院,大館記念病院,1,0,0,1,0,0,0,0,2014-12-01,,,,
05,0411119,大館市立扇田病院,大館市立扇田病院,1,0,1,0,0,0,0,0,2016-08-01,,,,
05,0410111,独立行政法人労働者健康安全機構 秋田労災病院,独立行政法人労働者健康安全機構 秋田労災病院,1,1,1,0,0,1,0,0,2024-05-01,,,,
05,0910573,かづの厚生病院,かづの厚生病院,1,1,1,0,0,0,1,0,2022-04-01,,,,
05,0910441,医療法人恵愛会 鹿角中央病院,医療法人恵愛会 鹿角中央病院,1,1,1,0,0,0,0,1,2012-04-01,,,,
05,0910474,大湯リハビリ温泉病院,医療法人楽山会 大湯リハビリ温泉病院,1,0,0,1,0,0,0,0,2020-06-01,,,,
05,1110306,北秋田市民病院,北秋田市民病院,1,1,1,0,0,0,1,0,2024-04-01,,,,
05,0210685,能代厚生医療センター,能代厚生医療センター,2,1,1,1,0,0,1,0,2023-04-01,,,,
05,0210834,独立行政法人地域医療機能推進機構 秋田病院,独立行政法人地域医療機能推進機構 秋田病院,1,1,1,0,0,0,1,0,2012-04-01,,,,
05,0210586,能代山本医師会病院,能代山本医師会病院,1,1,1,0,0,0,1,0,2024-12-01,,,,
05,2210279,医療法人双山会 森岳温泉病院,医療法人双山会 森岳温泉病院,1,1,0,1,0,0,0,1,2020-10-01,,,,
05,0115793,秋田県立循環器・脳脊髄センター,秋田県立循環器・脳脊髄センター,2,3,1,0,0,2,1,0,2026-08-01,HIGH_EXPLICIT_2026_CHANGE,,,
05,0114093,秋田赤十字病院,秋田赤十字病院,3,2,3,0,0,1,1,0,2026-06-01,HIGH_EXPLICIT_2026_CHANGE,,,
05,0112337,細谷病院,医療法人梅栄会 細谷病院,1,0,0,1,0,0,0,0,2018-06-01,,,,
05,0115934,秋田県立医療療育センター,秋田県立医療療育センター,1,1,0,1,0,0,0,1,2019-03-01,,,,
05,0114754,医療法人 小泉病院,小泉病院,1,0,0,1,0,0,0,0,2014-04-01,,,,
05,8010046,秋田大学医学部附属病院,秋田大学医学部附属病院,2,3,2,0,0,2,1,0,2026-06-01,HIGH_EXPLICIT_2026_CHANGE,,,
05,0110075,医療法人運忠会 土崎病院,医療法人運忠会 土崎病院,1,0,0,1,0,0,0,0,2013-06-01,,,,
05,0115892,社会医療法人正和会 五十嵐記念病院,社会医療法人正和会　五十嵐記念病院,1,0,0,0,1,0,0,0,2012-04-01,,,,
05,0112147,御野場病院,医療法人正観会 御野場病院,1,0,0,1,0,0,0,0,2017-03-01,,,,
05,0116437,市立秋田総合病院,市立秋田総合病院,2,1,2,0,0,1,0,0,2026-06-01,HIGH_EXPLICIT_2026_CHANGE,,,
05,0114424,秋田厚生医療センター,秋田厚生医療センター,2,2,1,1,0,0,1,1,2025-03-01,,,,
05,0112915,外旭川病院,医療法人惇慧会 外旭川病院,1,0,0,1,0,0,0,0,2020-04-01,,,,
05,0111206,社会医療法人明和会 中通総合病院,中通総合病院,2,1,2,0,0,0,1,0,2012-04-01,,,,
05,0610520,男鹿みなと市民病院,男鹿みなと市民病院,1,1,1,0,0,0,0,1,2025-02-01,,,,
05,1010092,藤原記念病院,藤原記念病院,1,1,1,0,0,0,1,0,2012-04-01,,,,
05,2310178,湖東厚生病院,湖東厚生病院,1,1,0,1,0,0,1,0,2020-05-01,,,,
05,8010038,独立行政法人国立病院機構あきた病院,独立行政法人国立病院機構あきた病院,1,1,1,0,0,0,1,0,2021-02-01,,,,
05,0510688,医療法人 佐藤病院,医療法人佐藤病院,1,0,0,1,0,0,0,0,2018-12-01,,,,
05,0510548,本荘第一病院,本荘第一病院,1,1,1,0,0,0,1,0,2024-01-01,,,,
05,0510662,由利本荘医師会病院,由利本荘医師会病院,1,1,0,1,0,0,1,0,2017-01-01,,,,
05,0510605,由利組合総合病院,由利組合総合病院,2,1,1,1,0,0,1,0,2021-05-01,,,,
05,0811482,大曲厚生医療センター,大曲厚生医療センター,2,1,2,0,0,0,1,0,2014-05-01,,,,
05,0811342,社会医療法人明和会 大曲中通病院,社会医療法人明和会 大曲中通病院,1,0,1,0,0,0,0,0,2018-04-01,,,,
05,0811375,秋田県立リハビリテーション・精神医療センター,秋田県立リハビリテーション・精神医療センター,3,1,0,1,1,0,1,0,2025-12-01,,,,
05,0810575,医療法人あけぼの会 花園病院,医療法人あけぼの会 花園病院,1,0,0,1,0,0,0,0,2013-05-01,,,,
05,1210239,市立角館総合病院,市立角館総合病院,1,1,1,0,0,0,1,0,2017-04-01,,,,
05,1210189,市立田沢湖病院,市立田沢湖病院,1,1,0,1,0,0,0,1,2016-10-01,,,,
05,0311343,市立大森病院,市立大森病院,1,1,1,0,0,0,1,0,2024-11-01,,,,
05,0311277,市立横手病院,市立横手病院,1,1,1,0,0,0,1,0,2018-01-01,,,,
05,0311384,平鹿総合病院,平鹿総合病院,2,2,2,0,0,0,2,0,2023-11-01,,,,
05,0710809,雄勝中央病院,雄勝中央病院,1,1,1,0,0,0,1,0,2025-09-01,,,,
05,2810466,羽後町立羽後病院,羽後町立羽後病院,1,1,1,0,0,0,1,0,2024-12-01,,,,
06,0114894,医療法人徳洲会 山形徳洲会病院,山形徳洲会病院,1,1,0,1,0,0,1,0,2021-05-01,,,,
06,0110017,医療法人篠田好生会篠田総合病院,医療法人篠田好生会篠田総合病院,1,1,1,0,0,0,1,0,2026-03-01,MEDIUM_2026_STANDARD_START,,,
06,6010021,国立大学法人山形大学医学部附属病院,国立大学法人山形大学医学部附属病院,8,5,7,0,0,3,2,0,2026-06-01,MEDIUM_2026_STANDARD_START,26940.0,10700.0,VERIFIED_NUMERIC
06,0110041,公立学校共済組合東北中央病院,公立学校共済組合東北中央病院,1,2,1,0,0,0,2,0,2026-06-01,MEDIUM_2026_STANDARD_START,,,
06,0111247,医療法人社団小白川至誠堂病院,医療法人社団小白川至誠堂病院,1,0,0,1,0,0,0,0,2012-08-01,,,,
06,0110033,山形市立病院済生館,山形市立病院済生館,3,3,2,1,0,1,2,0,2023-01-01,,20351.0,8290.0,VERIFIED_NUMERIC
06,0113656,社会福祉法人恩賜財団済生会山形済生病院,社会福祉法人恩賜財団済生会 山形済生病院,2,2,2,0,0,0,2,0,2026-06-01,MEDIUM_2026_STANDARD_START,,,
06,0111239,社会医療法人松柏会 至誠堂総合病院,社会医療法人松柏会至誠堂総合病院,1,1,0,1,0,0,1,0,2013-09-01,,,,
06,0116022,矢吹病院,矢吹病院,1,0,1,0,0,0,0,0,2019-01-01,,,,
06,5010014,独立行政法人国立病院機構山形病院,独立行政法人国立病院機構山形病院,1,1,0,1,0,0,1,0,2015-12-01,,,,
06,0114332,山形県立中央病院,山形県立中央病院,3,2,3,0,0,1,1,0,2026-06-01,MEDIUM_2026_STANDARD_START,,,
06,1210253,寒河江市立病院,寒河江市立病院,1,1,0,1,0,0,1,0,2013-10-01,,,,
06,1310491,みゆき会病院,みゆき会病院,1,1,1,0,0,0,1,0,2022-10-01,,,,
06,1610452,吉岡病院,吉岡病院,1,1,0,1,0,0,1,0,2014-09-01,,,,
06,1611013,天童市民病院,天童市民病院,1,1,1,0,0,0,1,0,2024-09-01,,,,
06,1610924,医療法人篠田好生会天童温泉篠田病院,医療法人篠田好生会天童温泉篠田病院,1,0,0,1,0,0,0,0,2012-04-01,,,,
06,1710401,医療法人財団 明理会 山形ロイヤル病院,医療法人財団　明理会　山形ロイヤル病院,1,1,0,1,0,0,1,0,2016-02-01,,,,
06,1710195,北村山公立病院,北村山公立病院,3,1,2,0,1,0,1,0,2021-04-01,,,,
06,1810235,医療法人敬愛会尾花沢病院,医療法人敬愛会 尾花沢病院,1,0,0,1,0,0,0,0,2025-05-01,,,,
06,2310466,山形県立河北病院,山形県立河北病院,1,1,1,0,0,0,1,0,2026-06-01,MEDIUM_2026_STANDARD_START,,,
06,2310391,西川町立病院,西川町立病院,1,0,0,1,0,0,0,0,2012-04-01,,,,
06,2310193,朝日町立病院,朝日町立病院,1,0,0,1,0,0,0,0,2026-01-01,MEDIUM_2026_STANDARD_START,,,
06,1110867,山形県立新庄病院,山形県立新庄病院,2,1,2,0,0,0,1,0,2026-06-01,MEDIUM_2026_STANDARD_START,,,
06,1110602,新庄徳洲会病院,新庄徳洲会病院,1,1,1,0,0,0,1,0,2025-04-01,,,,
06,2510420,最上町立最上病院,最上町立最上病院,1,0,0,1,0,0,0,0,2015-06-01,,,,
06,2510495,町立真室川病院,町立真室川病院,1,1,0,1,0,0,1,0,2018-01-01,,,,
06,0410334,米沢市立病院,米沢市立病院,2,2,2,0,0,1,1,0,2026-06-01,MEDIUM_2026_STANDARD_START,,,
06,0410219,医療法人舟山病院,医療法人 舟山病院,1,0,0,1,0,0,0,0,2015-11-01,,,,
06,5010022,独立行政法人国立病院機構米沢病院,独立行政法人国立病院機構米沢病院,1,1,0,1,0,1,0,0,2026-06-01,MEDIUM_2026_STANDARD_START,,,
06,1510587,医療法人杏山会吉川記念病院,医療法人杏山会吉川記念病院,1,0,0,1,0,0,0,0,2018-12-01,,,,
06,1510462,公立置賜長井病院,公立置賜長井病院,1,0,0,1,0,0,0,0,2015-10-01,,,,
06,1910654,公立置賜南陽病院,公立置賜南陽病院,1,0,0,1,0,0,0,0,2015-10-01,,,,
06,2610451,公立高畠病院,公立高畠病院,1,1,1,0,0,0,1,0,2016-01-01,,,,
06,2610493,公立置賜総合病院,公立置賜総合病院,3,2,3,0,0,1,1,0,2026-06-01,MEDIUM_2026_STANDARD_START,,,
06,2610527,川西湖山病院,医療法人社団緑愛会川西湖山病院,1,0,0,1,0,0,0,0,2022-08-01,,,,
06,2710392,小国町立病院,小国町立病院,1,0,1,0,0,0,0,0,2012-04-01,,,,
06,2710376,白鷹町立病院,白鷹町立病院,1,0,0,1,0,0,0,0,2014-03-01,,,,
06,0712259,鶴岡市立荘内病院,鶴岡市立荘内病院,3,2,2,1,0,1,1,0,2026-06-01,MEDIUM_2026_STANDARD_START,,,
06,0711129,鶴岡協立病院,鶴岡協立病院,1,1,1,0,0,0,1,0,2012-04-01,,,,
06,0712267,鶴岡市立湯田川温泉リハビリテーション病院,鶴岡市立湯田川温泉リハビリテーション病院,0,1,0,0,0,0,0,1,,,,,
06,0712739,みやはらクリニック,みやはらクリニック,1,0,0,1,0,0,0,0,2020-01-01,,,,
06,0812224,医療法人本間病院,医療法人本間病院,1,1,0,1,0,0,1,0,2012-04-01,,,,
06,0812497,日本海総合病院,日本海総合病院,3,2,2,1,0,1,1,0,2026-06-01,MEDIUM_2026_STANDARD_START,,,
06,3010743,医療法人社団愛陽会三川病院,医療法人社団愛陽会 三川病院,1,0,0,1,0,0,0,0,2024-04-01,,,,
06,3010792,医療法人徳洲会庄内余目病院,医療法人徳洲会 庄内余目病院,1,1,1,0,0,0,1,0,2025-06-01,,,,
07,0118100,福島赤十字病院,福島赤十字病院,1,2,1,0,0,0,2,0,2019-01-01,,,,
07,0116989,済生会福島総合病院,済生会福島総合病院,1,1,0,1,0,0,1,0,2026-06-01,MEDIUM_2026_STANDARD_START,,,
07,0112863,医療生協 わたり病院,医療生協わたり病院,1,0,1,0,0,0,0,0,2012-06-01,,,,
07,0115577,あづま脳神経外科病院,あづま脳神経外科病院,2,1,1,1,0,0,1,0,2022-08-01,,,,
07,0112509,医療法人五光会福島寿光会病院,福島寿光会病院,1,0,0,1,0,0,0,0,2023-07-01,,,,
07,0118035,一般財団法人 大原記念財団 大原綜合病院,一般財団法人大原記念財団 大原綜合病院,3,2,3,0,0,1,1,0,2026-06-01,MEDIUM_2026_STANDARD_START,,,
07,0116930,公立大学法人福島県立医科大学附属病院,公立大学法人 福島県立医科大学附属病院,5,4,3,1,0,2,2,0,2026-06-01,MEDIUM_2026_STANDARD_START,0.0,0.0,VERIFIED_ZERO
07,0114810,医療法人社団 敬愛会 福島南病院,福島南病院,1,0,0,0,1,0,0,0,2019-09-01,,,,
07,0116278,一般財団法人脳神経疾患研究所附属 南東北福島病院,一般財団法人脳神経疾患研究所附属南東北福島病院,2,1,1,0,1,0,1,0,2012-06-01,,,,
07,0114091,福島西部病院,福島西部病院,1,0,0,1,0,0,0,0,2012-04-01,,,,
07,0112434,福島第一病院,福島第一病院,1,1,1,0,0,0,1,0,2012-04-01,,,,
07,0114265,福島中央病院,福島中央病院,1,0,1,0,0,0,0,0,2023-12-01,,,,
07,0117409,しのぶ病院,しのぶ病院,1,0,0,1,0,0,0,0,2012-04-01,,,,
07,1010413,医療法人 辰星会 枡病院,医療法人辰星会 枡病院,1,0,0,1,0,0,0,0,2013-04-01,,,,
07,1010660,独立行政法人地域医療機能推進機構二本松病院,独立行政法人地域医療機能推進機構 二本松病院,1,1,1,0,0,0,1,0,2021-12-01,,,,
07,1010561,医療法人辰星会枡記念病院,医療法人辰星会 枡記念病院,2,1,2,0,0,0,1,0,2026-04-01,MEDIUM_2026_STANDARD_START,,,
07,1310318,北福島医療センター,北福島医療センター,1,1,1,0,0,1,0,0,2020-10-01,,,,
07,1410035,医療法人慈久会谷病院,医療法人慈久会谷病院,1,1,0,1,0,0,1,0,2026-04-01,MEDIUM_2026_STANDARD_START,,,
07,2011154,公立藤田総合病院,公立藤田総合病院,1,1,1,0,0,0,1,0,2026-06-01,MEDIUM_2026_STANDARD_START,,,
07,2012129,済生会川俣病院,済生会川俣病院,1,0,0,1,0,0,0,0,2012-04-01,,,,
07,0310640,公益財団法人 湯浅報恩会 寿泉堂香久山病院,公益財団法人湯浅報恩会寿泉堂香久山病院,1,0,0,1,0,0,0,0,2017-07-01,,,,
07,0317132,医療法人社団新生会 南東北第二病院,医療法人社団新生会 南東北第二病院,1,0,0,1,0,0,0,0,2013-08-01,,,,
07,0312943,医療法人 明信会 今泉西病院,医療法人明信会今泉西病院,1,0,0,1,0,0,0,0,2015-06-01,,,,
07,0317355,医療法人慈繁会付属 土屋病院,医療法人慈繁会付属土屋病院,1,0,0,1,0,0,0,0,2016-04-01,,,,
07,0313198,奥羽大学歯学部附属病院,奥羽大学歯学部附属病院,2,0,0,1,0,0,0,0,2015-09-01,,,,
07,0312356,一般財団法人太田綜合病院附属太田西ノ内病院,一般財団法人太田綜合病院附属太田西ノ内病院,3,2,3,0,0,0,2,0,2025-11-01,,,,
07,0313586,一般財団法人 脳神経疾患研究所附属総合南東北病院,一般財団法人 脳神経疾患研究所 附属 総合南東北病院,4,3,3,1,0,1,2,0,2026-06-01,MEDIUM_2026_STANDARD_START,19016.0,4666.0,VERIFIED_NUMERIC
07,0310947,一般財団法人太田綜合病院附属太田熱海病院,一般財団法人太田綜合病院附属太田熱海病院,1,1,1,0,0,0,1,0,2020-07-01,,,,
07,0316860,公益財団法人 湯浅報恩会 寿泉堂綜合病院,公益財団法人湯浅報恩会寿泉堂綜合病院,2,2,1,1,0,1,1,0,2026-06-01,MEDIUM_2026_STANDARD_START,,,
07,0316274,郡山市医療介護病院,郡山市医療介護病院,1,0,0,1,0,0,0,0,2016-10-01,,,,
07,0317074,公益財団法人 星総合病院,公益財団法人星総合病院,3,1,3,0,0,0,1,0,2026-06-01,MEDIUM_2026_STANDARD_START,,,
07,0312463,佐藤胃腸科外科病院,佐藤胃腸科外科病院,1,0,0,0,1,0,0,0,2012-04-01,,,,
07,0310822,福島県総合療育センター,福島県総合療育センター,1,0,0,1,0,0,0,0,2017-12-01,,,,
07,0317645,日東病院,日東病院,1,0,1,0,0,0,0,0,2021-11-01,,,,
07,0312802,桑野協立病院,桑野協立病院,1,0,0,0,1,0,0,0,2015-12-01,,,,
07,0710831,医療法人 平心会 須賀川病院,医療法人平心会須賀川病院,1,1,1,0,0,0,1,0,2012-04-01,,,,
07,0710021,公立岩瀬病院,公立岩瀬病院,1,1,1,0,0,0,1,0,2025-11-01,,,,
07,0711706,医療法人 三愛会 池田記念病院,医療法人三愛会池田記念病院,1,1,0,1,0,0,1,0,2025-07-01,,,,
07,0711516,南東北春日リハビリテーション病院,南東北春日リハビリテーション病院,1,0,0,1,0,0,0,0,2025-08-01,,,,
07,5010021,独立行政法人国立病院機構 福島病院,独立行政法人国立病院機構福島病院,1,1,0,1,0,0,1,0,2013-10-01,,,,
07,1110262,たむら市民病院,たむら市民病院,1,0,0,1,0,0,0,0,2019-08-01,,,,
07,3011062,ひらた中央病院,ひらた中央病院,1,1,0,1,0,0,1,0,2021-05-01,,,,
07,3111573,公立小野町地方綜合病院,公立小野町地方綜合病院,1,1,1,0,0,0,1,0,2015-04-01,,,,
07,0511254,医療法人社団恵周会白河病院,医療法人社団恵周会 白河病院,1,1,1,0,0,0,1,0,2014-04-01,,,,
07,0511429,福島県厚生農業協同組合連合会白河厚生総合病院,福島県厚生農業協同組合連合会 白河厚生総合病院,2,2,1,1,0,1,1,0,2026-06-01,MEDIUM_2026_STANDARD_START,,,
07,2810167,公益財団法人会田病院,公益財団法人会田病院,1,1,0,1,0,0,1,0,2026-06-01,MEDIUM_2026_STANDARD_START,,,
07,2910041,福島県厚生農業協同組合連合会塙厚生病院,福島県厚生農業協同組合連合会塙厚生病院,1,1,1,0,0,0,1,0,2012-04-01,,,,
07,0210246,竹田綜合病院,竹田綜合病院,3,2,2,1,0,1,1,0,2026-06-01,MEDIUM_2026_STANDARD_START,,,
07,0211772,会津中央病院,会津中央病院,3,2,3,0,0,1,1,0,2026-06-01,MEDIUM_2026_STANDARD_START,,,
07,0213208,公立大学法人 福島県立医科大学会津医療センター附属病院,公立大学法人福島県立医科大学会津医療センター附属病院,4,1,2,0,0,0,1,0,2026-06-01,MEDIUM_2026_STANDARD_START,,,
07,0212911,医療法人明精会 会津西病院,医療法人明精会 会津西病院,1,1,1,0,0,0,0,1,2012-04-01,,,,
07,0810649,医療法人社団日新会 入澤病院,医療法人社団日新会入澤病院,1,0,1,0,0,0,0,0,2020-06-01,,,,
07,0810946,鳴瀬病院,鳴瀬病院,1,0,0,1,0,0,0,0,2023-04-01,,,,
07,0810672,医療法人昨雲会飯塚病院附属有隣病院,医療法人昨雲会 飯塚病院附属有隣病院,1,1,1,0,0,0,1,0,2021-11-01,,,,
07,0810664,医療法人佐原病院,医療法人 佐原病院,1,0,1,0,0,0,0,0,2013-09-01,,,,
07,2511211,猪苗代町立猪苗代病院,猪苗代町立猪苗代病院,1,0,0,1,0,0,0,0,2016-08-01,,,,
07,2610724,福島県厚生農業協同組合連合会 坂下厚生総合病院,福島県厚生農業協同組合連合会坂下厚生総合病院,1,1,1,0,0,0,1,0,2021-11-01,,,,
07,2710441,福島県立宮下病院,福島県立宮下病院,1,0,0,1,0,0,0,0,2014-04-01,,,,
07,2310655,福島県立南会津病院,福島県立南会津病院,1,1,1,0,0,0,1,0,2026-03-01,MEDIUM_2026_STANDARD_START,,,
07,0910449,公立相馬総合病院,公立相馬総合病院,1,1,0,1,0,0,1,0,2012-04-01,,,,
07,0910605,医療法人社団茶畑会相馬中央病院,医療法人社団茶畑会相馬中央病院,2,1,0,1,0,0,1,0,2012-12-01,,,,
07,1210294,医療法人社団青空会大町病院,医療法人社団青空会 大町病院,1,1,0,1,0,0,1,0,2013-08-01,,,,
07,1210021,医療法人相雲会小野田病院,医療法人相雲会小野田病院,1,1,0,1,0,0,1,0,2025-08-01,,,,
07,1210476,南相馬市立総合病院,南相馬市立総合病院,2,2,2,0,0,0,2,0,2026-06-01,MEDIUM_2026_STANDARD_START,,,
07,1210336,福島県厚生農業協同組合連合会鹿島厚生病院,福島県厚生農業協同組合連合会鹿島厚生病院,1,0,0,1,0,0,0,0,2012-12-01,,,,
07,3211019,高野病院,高野病院,1,0,0,1,0,0,0,0,2012-07-01,,,,
07,3310704,渡辺病院,渡辺病院,1,1,1,0,0,0,1,0,2014-03-01,,,,
07,3211472,福島県ふたば医療センター附属病院,福島県ふたば医療センター附属病院,1,1,0,1,0,0,1,0,2023-02-01,,,,
07,0418609,医療法人松尾会 松尾病院,医療法人松尾会松尾病院,1,0,1,0,0,0,0,0,2022-06-20,,,,
07,0411497,いわき市医療センター,いわき市医療センター,5,2,4,1,0,1,1,0,2013-10-01,,20716.0,4869.0,VERIFIED_NUMERIC
07,0413584,社団医療法人養生会かしま病院,社団医療法人養生会かしま病院,1,1,1,0,0,0,1,0,2026-06-01,MEDIUM_2026_STANDARD_START,,,
07,0411737,医療法人常磐会いわき湯本病院,医療法人常磐会 いわき湯本病院,1,0,0,1,0,0,0,0,2025-06-01,,,,
07,0411521,医療法人福島アフターケア協会大河内記念病院,医療法人福島アフターケア協会 大河内記念病院,1,0,0,1,0,0,0,0,2019-10-01,,,,
07,0411489,独立行政法人労働者健康安全機構福島労災病院,独立行政法人労働者健康安全機構福島労災病院,2,1,1,1,0,0,1,0,2012-04-01,,,,
07,0415928,社団医療法人尚佑会矢吹病院,社団医療法人尚佑会 矢吹病院,1,0,0,1,0,0,0,0,2015-04-01,,,,
07,0412339,医療法人櫛田病院,櫛田病院,1,0,0,1,0,0,0,0,2013-08-01,,,,
07,0410838,松村総合病院,松村総合病院,1,1,1,0,0,0,1,0,2012-04-01,,,,
07,0416702,小名浜生協病院,小名浜生協病院,1,0,1,0,0,0,0,0,2014-03-01,,,,
07,0418492,公益財団法人ときわ会 磐城中央病院,公益財団法人ときわ会 磐城中央病院,2,1,0,2,0,0,1,0,2019-09-30,,,,
07,0417841,公益財団法人ときわ会常磐病院,公益財団法人ときわ会常磐病院,1,1,0,1,0,0,1,0,2025-11-01,,,,
07,5010047,独立行政法人国立病院機構いわき病院,独立行政法人国立病院機構いわき病院,1,1,0,1,0,1,0,0,2019-02-01,,,,
07,0412545,社団医療法人呉羽会呉羽総合病院,呉羽総合病院,1,1,1,0,0,0,1,0,2014-04-01,,,,
08,0110759,城南病院,城南病院,1,0,0,1,0,0,0,0,,,,,
08,0114934,誠潤会水戸病院,医療法人誠潤会水戸病院,1,0,1,0,0,0,0,0,,,,,
08,0115006,愛正会記念 茨城福祉医療センター,愛正会記念 茨城福祉医療センター,1,0,1,0,0,0,0,0,,,,,
08,0110478,総合病院水戸協同病院,総合病院 水戸協同病院,2,2,2,0,0,1,1,0,,,,,
08,0114025,茨城県立あすなろの郷病院,茨城県立あすなろの郷病院,1,0,0,1,0,0,0,0,,,,,
08,0110056,水戸赤十字病院,水戸赤十字病院,2,2,2,0,0,1,1,0,,,,,
08,0113639,東前病院,東前病院,1,0,0,1,0,0,0,0,,,,,
08,0115402,志村病院,志村病院,1,1,0,1,0,0,1,0,,,,,
08,0110205,社会福祉法人恩賜財団済生会支部 茨城県済生会 水戸済生会総合病院,水戸済生会総合病院,3,2,2,0,1,1,1,0,,,,,
08,0114249,社会医療法人財団 古宿会 水戸中央病院,社会医療法人財団古宿会　水戸中央病院,1,2,0,1,0,0,2,0,,,,,
08,0115220,みと南ヶ丘病院,みと南ヶ丘病院,1,0,0,1,0,0,0,0,,,,,
08,0114587,医療法人社団 北水会 北水会記念病院,医療法人社団北水会北水会記念病院,1,1,1,0,0,0,1,0,,,,,
08,0110213,茨城県立こども病院,茨城県立こども病院,1,1,1,0,0,0,1,0,,,,,
08,0112045,医療法人清真会 丹野病院,医療法人清真会丹野病院,1,1,0,1,0,0,0,1,,,,,
08,0113399,国家公務員共済組合連合会 水府病院,国家公務員共済組合連合会水府病院,1,1,1,0,0,0,1,0,,,,,
08,0111237,医療法人社団協栄会 大久保病院,医療法人社団協栄会大久保病院,1,1,0,1,0,0,0,1,,,,,
08,0112771,大橋病院,大橋病院,1,0,0,1,0,0,0,0,,,,,
08,0110247,住吉クリニック病院,住吉クリニック病院,1,0,0,1,0,0,0,0,,,,,
08,0114710,医療法人 桜丘会 水戸ブレインハートセンター,医療法人桜丘会水戸ブレインハートセンター,1,2,1,0,0,1,1,0,,,,,
08,0110593,医療法人社団青潤会 青柳病院,医療法人社団青潤会青柳病院,1,1,0,1,0,0,0,1,,,,,
08,1610633,笠間市立病院,笠間市立病院,1,0,0,1,0,0,0,0,,,,,
08,1610021,医療法人 鳳香会 石本病院,医療法人鳳香会石本病院,1,0,0,1,0,0,0,0,,,,,
08,1610310,茨城県立中央病院,茨城県立中央病院,4,2,4,0,0,1,1,0,,,23854.0,5819.0,VERIFIED_NUMERIC
08,1610336,医療法人社団聖嶺会 立川記念病院,医療法人社団聖嶺会立川記念病院,1,1,0,1,0,0,1,0,,,,,
08,7410186,石岡循環器科脳神経外科病院,石岡循環器科脳神経外科病院,1,2,1,0,0,0,2,0,,,,,
08,7410012,医療法人社団白帆会 小川南病院,医療法人社団白帆会小川南病院,1,0,0,1,0,0,0,0,,,,,
08,7410319,社会医療法人財団 古宿会 小美玉市医療センター,社会医療法人財団古宿会小美玉市医療センター,1,1,0,1,0,0,1,0,,,,,
08,7410111,美野里病院,美野里病院,1,1,0,1,0,0,0,1,,,,,
08,3110020,公益財団法人 報恩会 石崎病院,公益財団法人報恩会石崎病院,1,0,0,1,0,0,0,0,,,,,
08,3111002,独立行政法人国立病院機構水戸医療センター,独立行政法人国立病院機構水戸医療センター,2,2,2,0,0,1,1,0,,,,,
08,3110012,医療法人 渡辺会 大洗海岸病院,大洗海岸病院,1,1,0,1,0,0,1,0,,,,,
08,0212365,日立港病院,医療法人惇慈会日立港病院,1,0,1,0,0,0,0,0,,,,,
08,0210138,社会医療法人愛宣会 ひたち医療センター,ひたち医療センター,2,1,1,1,0,0,1,0,,,,,
08,0212019,医療法人ここの実会 嶋崎病院,医療法人ここの実会嶋崎病院,1,1,0,1,0,0,1,0,,,,,
08,0211953,医療法人 聖麗会 聖麗メモリアル病院,医療法人聖麗会 聖麗メモリアル病院,1,2,1,0,0,0,2,0,,,,,
08,0210377,医療法人 愛正会 田尻ヶ丘病院,田尻ヶ丘病院,1,1,0,1,0,0,0,1,,,,,
08,0210161,医療法人 群羊会 医療法人 群羊会 久慈茅根病院,医療法人群羊会久慈茅根病院,1,0,0,1,0,0,0,0,,,,,
08,0212407,医療法人一誠会 川﨑病院,医療法人一誠会川﨑病院,1,0,0,1,0,0,0,0,,,,,
08,0210047,株式会社 日立製作所 日立総合病院,株式会社日立製作所日立総合病院,3,2,3,0,0,1,1,0,,,,,
08,0212399,医療法人社団 日鉱記念病院,医療法人社団日鉱記念病院,1,0,0,1,0,0,0,0,,,,,
08,0210088,医療法人 光風会 回春荘病院,回春荘病院,1,0,0,1,0,0,0,0,,,,,
08,1410331,県北医療センター高萩協同病院,県北医療センター高萩協同病院,1,1,1,0,0,1,0,0,,,,,
08,1410026,やすらぎの丘温泉病院,やすらぎの丘温泉病院,1,1,1,0,0,0,1,0,,,,,
08,1510163,医療法人 芳医会 瀧病院,医療法人芳医会瀧病院,1,0,0,1,0,0,0,0,,,,,
08,1510353,北茨城市民病院,北茨城市民病院,1,1,1,0,0,0,1,0,,,,,
08,1210038,西山堂病院,西山堂病院,1,1,0,1,0,0,0,1,,,,,
08,1210392,大山病院,大山病院,1,1,0,1,0,0,1,0,,,,,
08,1210251,藤井病院,藤井病院,1,0,0,1,0,0,0,0,,,,,
08,2110179,株式会社日立製作所 ひたちなか総合病院,株式会社日立製作所ひたちなか総合病院,2,2,0,2,0,0,2,0,,,,,
08,2110567,アイビークリニック,アイビークリニック,1,0,0,1,0,0,0,0,,,,,
08,2110534,医療法人社団愛友会 勝田病院,医療法人社団愛友会勝田病院,1,1,1,0,0,0,1,0,,,,,
08,2510063,医療法人 博仁会 志村大宮病院,志村大宮病院,1,1,0,1,0,0,1,0,,,,,
08,2510253,常陸大宮済生会病院,常陸大宮済生会病院,1,1,1,0,0,0,1,0,,,,,
08,2610053,西山堂慶和病院,西山堂慶和病院,1,1,1,0,0,0,1,0,,,,,
08,3311081,村立東海病院,村立東海病院,1,1,1,0,0,1,0,0,,,,,
08,5110036,独立行政法人国立病院機構 茨城東病院,独立行政法人国立病院機構 茨城東病院,1,1,1,0,0,0,1,0,,,,,
08,3410149,医療法人久仁会 久保田病院,久保田病院,1,0,0,1,0,0,0,0,,,,,
08,3410271,慈泉堂病院,慈泉堂病院,1,0,0,1,0,0,0,0,,,,,
08,2210391,医療法人社団 善仁会 小山記念病院,医療法人社団善仁会 小山記念病院,2,3,2,0,0,2,1,0,,,,,
08,2210011,公益財団法人 鹿島病院,公益財団法人 鹿島病院,1,0,0,1,0,0,0,0,,,,,
08,2210110,前田病院,前田病院,1,0,0,1,0,0,0,0,,,,,
08,2910222,神栖済生会病院,神栖済生会病院,2,1,2,0,0,0,1,0,,,,,
08,2910016,社会福祉法人白十字会 白十字総合病院,社会福祉法人白十字会 白十字総合病院,1,1,1,0,0,0,1,0,,,,,
08,2910248,医療法人社団土合会 渡辺病院,医療法人社団土合会 渡辺病院,2,1,0,1,0,1,0,0,,,,,
08,2910263,清仁会病院,清仁会病院,1,0,0,1,0,0,0,0,,,,,
08,3010113,土浦協同病院なめがた地域医療センター,土浦協同病院なめがた地域医療センター,1,1,1,0,0,0,1,0,,,,,
08,7210032,医療法人三尚会 高須病院,医療法人三尚会 高須病院,1,1,1,0,0,0,1,0,,,,,
08,7210081,医療法人 東湖会 鉾田病院,医療法人東湖会 鉾田病院,1,0,0,1,0,0,0,0,,,,,
08,0310599,医療法人社団青洲会 神立病院,神立病院,1,1,0,1,0,0,1,0,,,,,
08,0312363,総合病院土浦協同病院,総合病院土浦協同病院,5,4,4,1,0,2,1,1,,,31575.0,11142.0,VERIFIED_NUMERIC
08,5110028,独立行政法人国立病院機構 霞ヶ浦医療センター,独立行政法人国立病院機構霞ヶ浦医療センター,1,1,0,1,0,0,1,0,,,,,
08,0310110,医療法人財団 県南病院,医療法人財団 県南病院,1,1,0,1,0,0,1,0,,,,,
08,0311779,野上病院,野上病院,1,0,0,1,0,0,0,0,,,,,
08,0510255,医療法人幕内会 山王台病院,山王台病院,3,1,1,2,0,1,0,0,,,,,
08,0510750,豊後荘病院,豊後荘病院,1,0,0,1,0,0,0,0,,,,,
08,0510784,八郷整形外科内科病院,八郷整形外科内科病院,2,1,0,1,1,0,0,1,,,,,
08,0510875,公益社団法人 地域医療振興協会 石岡第一病院,公益社団法人地域医療振興協会 石岡第一病院,1,1,0,1,0,0,1,0,,,,,
08,0511048,社会福祉法人 欅会 旭台病院,社会福祉法人欅会旭台病院,1,0,0,1,0,0,0,0,,,,,
08,1110097,きぬ医師会病院,きぬ医師会病院,1,1,1,0,0,0,1,0,,,,,
08,1110352,水海道さくら病院,水海道さくら病院,1,0,0,1,0,0,0,0,,,,,
08,1110535,水海道西部病院,水海道西部病院,1,1,0,1,0,0,1,0,,,,,
08,2010304,医療法人社団桜水会 筑波病院,医療法人社団桜水会筑波病院,1,0,0,1,0,0,0,0,,,,,
08,5110051,筑波大学附属病院,筑波大学附属病院,8,4,2,6,0,2,2,0,,,16119.0,8335.0,VERIFIED_NUMERIC
08,2010049,一般財団法人筑波麓仁会 筑波学園病院,筑波学園病院,1,1,0,1,0,0,1,0,,,,,
08,2011823,医療法人社団 健正会 茎崎アオイ病院,茎崎アオイ病院,1,0,0,1,0,0,0,0,,,,,
08,2011211,いちはら病院,いちはら病院,1,1,0,1,0,0,1,0,,,,,
08,2010171,筑波記念病院,医療法人社団 筑波記念会 筑波記念病院,2,1,2,0,0,1,0,0,,,,,
08,2011724,医療法人社団双愛会 つくば双愛病院,医療法人社団双愛会 つくば双愛病院,1,0,0,1,0,0,0,0,,,,,
08,2011773,医療法人社団筑三会 筑波胃腸病院,医療法人社団筑三会筑波胃腸病院,1,0,1,0,0,0,0,0,,,,,
08,2010064,公益財団法人 筑波メディカルセンター 筑波メディカルセンター病院,筑波メディカルセンター病院,3,3,2,1,0,2,1,0,,,17086.0,5901.0,VERIFIED_NUMERIC
08,0810564,牛尾病院,牛尾病院,1,1,1,0,0,0,0,1,,,,,
08,0810663,龍ケ崎済生会病院,龍ケ崎済生会病院,2,1,1,0,1,0,1,0,,,,,
08,1710029,取手北相馬保健医療センター医師会病院,取手北相馬保健医療センター医師会病院,1,1,1,0,0,0,1,0,,,,,
08,1711449,東取手病院,東取手病院,1,1,1,0,0,0,1,0,,,,,
08,1710821,医療法人社団 宗仁会病院,医療法人社団 宗仁会病院,1,1,0,1,0,0,0,1,,,,,
08,1710102,ＪＡとりで総合医療センター,ＪＡとりで総合医療センター,4,2,2,0,0,1,1,0,,,21813.0,7466.0,VERIFIED_NUMERIC
08,1710359,西間木病院,西間木病院,1,0,0,1,0,0,0,0,,,,,
08,1910231,社会医療法人若竹会 つくばセントラル病院,つくばセントラル病院,2,1,2,0,0,1,0,0,,,,,
08,2410025,社会医療法人社団光仁会 総合守谷第一病院,社会医療法人社団光仁会総合守谷第一病院,1,1,1,0,0,1,0,0,,,,,
08,2410793,医療法人三星会 茨城リハビリテーション病院,医療法人三星会茨城リハビリテーション病院,1,1,0,1,0,0,1,0,,,,,
08,2410132,守谷慶友病院,守谷慶友病院,1,1,1,0,0,0,1,0,,,,,
08,2710150,医療法人盡誠会 宮本病院,宮本病院,1,0,1,0,0,0,0,0,,,,,
08,3810108,医療法人美湖会 美浦中央病院,医療法人美湖会美浦中央病院,1,1,1,0,0,0,1,0,,,,,
08,3811171,東京医科大学茨城医療センター,東京医科大学茨城医療センター,3,2,2,1,0,2,0,0,,,,,
08,3810645,茨城県立医療大学付属病院,茨城県立医療大学付属病院,1,1,1,0,0,1,0,0,,,,,
08,0710152,社会医療法人 達生堂 城西病院,社会医療法人 達生堂 城西病院,1,1,1,0,0,0,1,0,,,,,
08,0710566,社会医療法人社団同樹会 結城病院,社会医療法人社団同樹会結城病院,1,1,1,0,0,0,1,0,,,,,
08,1010271,湖南病院,湖南病院,1,0,1,0,0,0,0,0,,,,,
08,1010420,軽部病院,軽部病院,1,0,0,1,0,0,0,0,,,,,
08,1010289,平間病院,平間病院,1,1,0,1,0,0,0,1,,,,,
08,0611012,大圃病院,大圃病院,1,1,1,0,0,0,1,0,,,,,
08,0610048,医療法人 威恵会 三岳荘小松崎病院,威恵会三岳荘小松崎病院,1,0,0,1,0,0,0,0,,,,,
08,0611152,社会医療法人 恒貴会 協和中央病院,社会医療法人恒貴会協和中央病院,1,2,1,0,0,1,1,0,,,,,
08,7110018,医療法人鴻仁会 上の原病院,医療法人鴻仁会上の原病院,1,0,0,1,0,0,0,0,,,,,
08,4210274,八千代病院,八千代病院,1,0,0,1,0,0,0,0,,,,,
08,0410894,総和中央病院,総和中央病院,1,0,1,0,0,0,0,0,,,,,
08,0411280,友愛記念病院,友愛記念病院,2,1,2,0,0,0,1,0,,,,,
08,0411058,医療法人慈政会 小柳病院,医療法人慈政会小柳病院,1,0,0,1,0,0,0,0,,,,,
08,0411488,古河赤十字病院,古河赤十字病院,1,1,1,0,0,0,1,0,,,,,
08,0411678,医療法人徳洲会 古河総合病院,医療法人徳洲会古河総合病院,1,1,1,0,0,0,1,0,,,,,
08,1810258,木根淵外科胃腸科病院,木根淵外科胃腸科病院,1,1,1,0,0,0,0,1,,,,,
08,4310066,茨城西南医療センター病院,茨城西南医療センター病院,3,2,1,2,0,0,2,0,,,,,
08,0611780,茨城県西部メディカルセンター,茨城県西部メディカルセンター,1,1,0,1,0,0,1,0,,,,,
08,7110356,さくらがわ地域医療センター,さくらがわ地域医療センター,1,1,1,0,0,0,1,0,,,,,
08,0312629,土浦リハビリテーション病院,土浦リハビリテーション病院,1,0,0,1,0,0,0,0,,,,,
08,2910743,鹿嶋ハートクリニック,鹿嶋ハートクリニック,1,1,1,0,0,0,1,0,,,,,
09,5110399,那須赤十字病院,那須赤十字病院,3,2,2,1,0,1,1,0,,,,,
09,1010130,那須中央病院,那須中央病院,1,1,1,0,0,0,1,0,,,,,
09,1010064,室井病院,室井病院,1,0,0,1,0,0,0,0,,,,,
09,1110146,矢板南病院,矢板南病院,1,0,0,1,0,0,0,0,,,,,
09,5210215,国際医療福祉大学塩谷病院,国際医療福祉大学塩谷病院,1,1,0,1,0,1,0,0,,,,,
09,1310316,那須北病院,那須北病院,1,1,1,0,0,0,1,0,,,,,
09,1210094,黒磯病院,黒磯病院,1,0,0,0,1,0,0,0,,,,,
09,1210128,福島整形外科病院,福島整形外科病院,1,0,0,0,1,0,0,0,,,,,
09,1210060,菅間記念病院,菅間記念病院,2,1,2,0,0,0,1,0,,,,,
09,2510641,栃木県医師会塩原温泉病院,栃木県医師会塩原温泉病院,1,0,0,1,0,0,0,0,,,,,
09,2610201,黒須病院,黒須病院,1,1,1,0,0,0,1,0,,,,,
09,2510534,南那須地区広域行政事務組合立那須南病院,那須南病院,1,1,0,1,0,0,1,0,,,,,
09,2610193,菅又病院,菅又病院,1,0,1,0,0,0,0,0,,,,,
09,2610433,高根沢中央病院,高根沢中央病院,1,0,0,1,0,0,0,0,,,,,
09,2510567,高野病院,高野病院,1,1,0,1,0,0,0,1,,,,,
09,0510148,御殿山病院,御殿山病院,1,1,1,0,0,0,1,0,,,,,
09,0510023,上都賀総合病院,上都賀総合病院,2,1,1,1,0,1,0,0,,,,,
09,0610138,日光市民病院,日光市民病院,1,1,0,1,0,0,1,0,,,,,
09,0710086,今市病院,今市病院,2,1,1,1,0,0,1,0,,,,,
09,0610153,日光野口病院,日光野口病院,2,0,0,1,0,0,0,0,,,,,
09,0610336,学校法人獨協学園 獨協医科大学日光医療センター,獨協医科大学日光医療センター,2,1,0,2,0,0,1,0,,,,,
09,0111129,社会医療法人中山会 鷲谷記念病院,鷲谷記念病院,1,1,1,0,0,0,1,0,,,,,
09,0110535,宇都宮病院,報徳会宇都宮病院,1,1,0,1,0,0,1,0,,,,,
09,0110691,皆藤病院,医療法人恵会　皆藤病院,1,1,0,1,0,0,1,0,,,,,
09,0113323,宇都宮リハビリテーション病院,宇都宮リハビリテーション病院,1,0,0,1,0,0,0,0,,,,,
09,0112408,医療法人慶晴会宇都宮南病院,医療法人慶晴会　宇都宮南病院,1,0,0,1,0,0,0,0,,,,,
09,6210115,済生会宇都宮病院,済生会宇都宮病院,5,4,4,1,0,2,2,0,,,40284.0,18701.0,VERIFIED_NUMERIC
09,2110269,白澤病院,白澤病院,1,1,0,1,0,0,1,0,,,,,
09,0111103,宇都宮第一病院,宇都宮第一病院,1,1,1,0,0,0,1,0,,,,,
09,0111087,宇都宮中央病院,宇都宮中央病院,1,0,0,0,1,0,0,0,,,,,
09,0114230,栃木県立リハビリテーションセンター,栃木県立リハビリテーションセンター,1,1,1,0,0,0,1,0,,,,,
09,0111137,宇都宮東病院,宇都宮東病院,1,1,1,0,0,0,1,0,,,,,
09,0110170,佐藤病院,佐藤病院,1,1,0,0,1,0,0,1,,,,,
09,0113174,宇都宮記念病院,宇都宮記念病院,6,3,4,0,0,1,2,0,,,,,
09,0113190,倉持病院,倉持病院,1,0,0,0,1,0,0,0,,,,,
09,0113851,栃木県立がんセンター,栃木県立がんセンター,5,1,2,3,0,1,0,0,,,11677.0,3288.0,VERIFIED_NUMERIC
09,2110293,藤井脳神経外科病院,藤井脳神経外科病院,1,2,1,0,0,0,2,0,,,,,
09,0111277,柴病院,柴病院,1,0,1,0,0,0,0,0,,,,,
09,0112333,医療法人社団松栄会宇都宮内科病院,宇都宮内科病院,1,0,0,1,0,0,0,0,,,,,
09,0910124,真岡病院,真岡病院,1,1,1,0,0,0,1,0,,,,,
09,0910108,福田記念病院,福田記念病院,1,1,0,1,0,0,1,0,,,,,
09,0910538,芳賀赤十字病院,芳賀赤十字病院,2,2,2,0,0,1,1,0,,,,,
09,2210077,西方病院,西方病院,1,1,0,1,0,0,1,0,,,,,
09,0310861,とちぎメディカルセンターしもつが,とちぎメディカルセンターしもつが,3,2,3,0,0,0,2,0,,,,,
09,0310192,重症心身障害児施設星風会病院星風院,星風会病院星風院,1,0,0,1,0,0,0,0,,,,,
09,0310184,中野病院,中野病院,1,0,0,1,0,0,0,0,,,,,
09,0310713,とちぎメディカルセンターとちのき,とちぎメディカルセンターとちのき,1,1,1,0,0,0,1,0,,,,,
09,0811116,新小山市民病院,新小山市民病院,2,1,2,0,0,0,1,0,,,,,
09,0810522,星野病院,星野病院,1,0,0,1,0,0,0,0,,,,,
09,0810092,小山厚生病院,小山厚生病院,1,0,0,1,0,0,0,0,,,,,
09,0810381,光南病院,光南病院,1,1,0,1,0,0,1,0,,,,,
09,0810704,南栃木病院,南栃木病院,1,0,0,1,0,0,0,0,,,,,
09,0810779,小山整形外科内科,小山整形外科内科,1,1,0,1,0,0,0,1,,,,,
09,5210074,自治医科大学附属病院,自治医科大学附属病院,8,6,6,1,0,3,3,0,,,46813.0,19912.0,VERIFIED_NUMERIC
09,2310505,小金井中央病院,小金井中央病院,1,0,1,0,0,0,0,0,,,,,
09,1610178,石橋総合病院,医療法人社団友志会 石橋総合病院,1,1,1,0,0,1,0,0,,,,,
09,2110426,新上三川病院,新上三川病院,1,2,1,0,0,1,1,0,,,,,
09,5210173,獨協医科大学病院,獨協医科大学病院,5,6,4,1,0,3,3,0,,,0.0,0.0,VERIFIED_ZERO
09,2310208,野木病院,野木病院,1,1,0,1,0,0,1,0,,,,,
09,2310653,リハビリテーション花の舎病院,リハビリテーション花の舎病院,1,0,0,1,0,0,0,0,,,,,
09,0210780,あしかがの森足利病院,あしかがの森足利病院,1,0,0,1,0,0,0,0,,,,,
09,0210921,足利中央病院,足利中央病院,1,0,0,1,0,0,0,0,,,,,
09,0210822,長﨑病院,長﨑病院,1,1,0,1,0,0,0,1,,,,,
09,0210053,鈴木病院,鈴木病院,1,0,1,0,0,0,0,0,,,,,
09,0210509,皆川病院,皆川病院,1,0,0,0,1,0,0,0,,,,,
09,5110373,日本赤十字社栃木県支部足利赤十字病院,足利赤十字病院,4,2,3,1,0,1,1,0,,,17610.0,5510.0,VERIFIED_NUMERIC
09,0210962,本庄記念病院,本庄記念病院,1,1,1,0,0,0,0,1,,,,,
09,0210087,今井病院,今井病院,1,1,1,0,0,0,1,0,,,,,
09,0410844,佐野市民病院,佐野市民病院,1,1,1,0,0,0,1,0,,,,,
09,0410489,佐野厚生総合病院,佐野厚生総合病院,3,2,2,1,0,2,0,0,,,,,
09,0410059,佐野医師会病院,佐野医師会病院,1,1,0,1,0,0,1,0,,,,,
09,0117969,新宇都宮リハビリテーション病院,新宇都宮リハビリテーション病院,1,0,0,1,0,0,0,0,,,,,
09,2710423,社団医療法人弘全会 芳賀中央病院,芳賀中央病院,1,0,0,1,0,0,0,0,,,,,
09,0811447,リハビリテーション翼の舎病院,リハビリテーション翼の舎病院,1,0,0,1,0,0,0,0,,,,,
09,0115054,宇都宮脳脊髄センター・シンフォニー病院,宇都宮脳脊髄センター・シンフォニー病院,1,1,1,0,0,0,1,0,,,,,
10,0112330,東前橋整形外科病院,東前橋整形外科病院,1,1,0,1,0,0,1,0,,,,,
10,0110375,医療法人 中沢会 上毛病院,（医）中沢会上毛病院,1,0,0,1,0,0,0,0,,,,,
10,0112611,前橋赤十字病院,前橋赤十字病院,7,3,5,2,0,2,1,0,,,25777.0,8407.0,VERIFIED_NUMERIC
10,0112306,善衆会病院,善衆会病院,1,2,1,0,0,0,2,0,,,,,
10,0110359,公益財団法人 老年病研究所附属病院,公益財団法人老年病研究所附属病院,1,2,1,0,0,0,2,0,,,,,
10,0110037,独立行政法人地域医療機能推進機構群馬中央病院,独立行政法人地域医療機能推進機構 群馬中央病院,2,1,2,0,0,1,0,0,,,,,
10,0110847,上武呼吸器科内科病院,上武呼吸器科内科病院,1,0,1,0,0,0,0,0,,,,,
10,0111324,医療法人相生会 若松記念わかば病院,若松記念わかば病院,1,0,0,1,0,0,0,0,,,,,
10,0110672,医療法人 社団 敬寿会 前橋城南病院,（医社）敬寿会前橋城南病院,1,0,1,0,0,0,0,0,,,,,
10,5010018,群馬県立心臓血管センター,群馬県立心臓血管センター,1,1,1,0,0,0,1,0,,,,,
10,0112090,群馬ペインクリニック病院,群馬ペインクリニック病院,1,0,0,1,0,0,0,0,,,,,
10,0110151,前橋協立病院,前橋協立病院,1,1,0,1,0,0,1,0,,,,,
10,7010016,群馬大学医学部附属病院,群馬大学医学部附属病院,11,5,6,4,1,2,3,0,,,29058.0,15116.0,VERIFIED_NUMERIC
10,0110144,群馬県済生会前橋病院,群馬県済生会前橋病院,1,1,1,0,0,0,1,0,,,,,
10,0111407,医療法人 前橋北病院,医療法人前橋北病院,1,0,0,1,0,0,0,0,,,,,
10,0410189,北関東循環器病院,北関東循環器病院,1,0,1,0,0,0,0,0,,,,,
10,1110226,渋川中央病院,渋川中央病院,1,0,1,0,0,0,0,0,,,,,
10,7010115,独立行政法人国立病院機構 渋川医療センター,独立行政法人国立病院機構渋川医療センター,2,2,2,0,0,2,0,0,,,,,
10,1110077,北毛保健生活協同組合 北毛病院,北毛保健生活協同組合北毛病院,1,1,1,0,0,0,1,0,,,,,
10,1110135,医療法人 恒和会 関口病院,（医）恒和会関口病院,1,0,0,1,0,0,0,0,,,,,
10,5010042,群馬県立小児医療センター,群馬県立小児医療センター,1,2,1,0,0,0,1,1,,,,,
10,1610035,群栄会 田中病院,群栄会田中病院,1,0,0,1,0,0,0,0,,,,,
10,0610200,せせらぎ病院,せせらぎ病院,1,0,0,1,0,0,0,0,,,,,
10,0210084,大島病院,大島病院,1,0,0,1,0,0,0,0,,,,,
10,0210274,公益財団法人脳血管研究所 美原記念病院,公益財団法人脳血管研究所美原記念病院,1,2,1,0,0,1,1,0,,,,,
10,0610044,鶴谷病院,鶴谷病院,2,1,1,1,0,0,1,0,,,,,
10,0210738,伊勢崎市民病院,伊勢崎市民病院,4,2,3,0,1,1,1,0,,,22499.0,7079.0,VERIFIED_NUMERIC
10,0210183,一般社団法人 伊勢崎佐波医師会病院,一般社団法人伊勢崎佐波医師会病院,1,2,1,0,0,0,2,0,,,,,
10,0210316,医療法人 石井会 石井病院,（医）石井会石井病院,1,1,0,1,0,0,1,0,,,,,
10,0210928,伊勢崎福島病院,伊勢崎福島病院,1,1,0,1,0,0,1,0,,,,,
10,0610127,角田病院,角田病院,1,1,0,0,1,0,1,0,,,,,
10,1010202,医療法人 社団 大原会 大原病院,大原病院,1,0,0,1,0,0,0,0,,,,,
10,1010822,たかまえ病院,たかまえ病院,1,0,1,0,0,0,0,0,,,,,
10,1010988,医療法人 中央群馬脳神経外科病院,（医）中央群馬脳神経外科病院,1,2,1,0,0,0,2,0,,,,,
10,1510037,二之沢病院,二之沢病院,1,0,0,1,0,0,0,0,,,,,
10,1010145,医療法人 博仁会 第一病院,第一病院,1,1,1,0,0,0,1,0,,,,,
10,1012737,さわらび医療福祉センター,さわらび医療福祉センター,1,0,0,1,0,0,0,0,,,,,
10,1011945,高瀬記念病院,高瀬記念病院,1,1,1,0,0,0,1,0,,,,,
10,1010368,医療法人 井上病院,（医）井上病院,1,1,1,0,0,0,1,0,,,,,
10,1010269,医療法人 十薬会 上大類病院,（医）十薬会上大類病院,1,0,0,1,0,0,0,0,,,,,
10,1010244,医療法人 社団 日高会 日高病院,（医）日高会日高病院,2,1,2,0,0,0,1,0,,,,,
10,1010103,希望館病院,希望館病院,1,0,1,0,0,0,0,0,,,,,
10,1010186,医療法人 真木会 真木病院,真木病院,2,1,0,2,0,0,1,0,,,,,
10,1510029,榛名荘病院,榛名荘病院,1,0,0,1,0,0,0,0,,,,,
10,7010024,独立行政法人国立病院機構高崎総合医療センター,独立行政法人国立病院機構高崎総合医療センター,3,2,2,1,0,1,1,0,,,,,
10,1710264,医療法人 社団 日高会 日高リハビリテーション病院,（医社）日高会日高リハビリテーション病院,1,0,1,0,0,0,0,0,,,,,
10,1010053,医療法人 山崎会 サンピエール病院,（医）山崎会サンピエール病院,1,0,1,0,0,0,0,0,,,,,
10,1011986,綿貫病院,綿貫病院,1,0,0,1,0,0,0,0,,,,,
10,1011853,黒沢病院,黒沢病院,1,1,1,0,0,0,1,0,,,,,
10,1510128,関越中央病院,関越中央病院,1,1,1,0,0,0,1,0,,,,,
10,1010343,駒井病院,（医社）醫光会駒井病院,1,0,0,1,0,0,0,0,,,,,
10,1010087,高崎中央病院,高崎中央病院,1,0,1,0,0,0,0,0,,,,,
10,1010210,野口病院,野口病院,1,0,0,1,0,0,0,0,,,,,
10,1410048,本多病院,（医）信愛会本多病院,1,0,0,1,0,0,0,0,,,,,
10,1410097,正田病院,正田病院,1,0,0,1,0,0,0,0,,,,,
10,2010052,松井田病院,松井田病院,1,0,0,1,0,0,0,0,,,,,
10,1410063,医療法人済恵会 須藤病院,医療法人済恵会 須藤病院,1,1,1,0,0,0,1,0,,,,,
10,1210349,藤岡市国民健康保険鬼石病院,藤岡市国民健康保険鬼石病院,1,0,0,1,0,0,0,0,,,,,
10,1210117,医療法人 育生会 篠塚病院,（医）育生会篠塚病院,1,1,0,1,0,1,0,0,,,,,
10,1210414,公立藤岡総合病院,公立藤岡総合病院,3,2,2,1,0,1,1,0,,,,,
10,1210109,光病院,光病院,1,1,0,1,0,0,0,1,,,,,
10,1210091,くすの木病院,（医社）三思会くすの木病院,1,1,1,0,0,1,0,0,,,,,
10,1310024,公立富岡総合病院,公立富岡総合病院,2,1,2,0,0,1,0,0,,,,,
10,1310206,公立 七日市病院,公立七日市病院,1,0,0,1,0,0,0,0,,,,,
10,1310081,医療法人 大和会 西毛病院,西毛病院,1,0,0,1,0,0,0,0,,,,,
10,1810072,下仁田厚生病院,下仁田厚生病院,1,0,0,1,0,0,0,0,,,,,
10,2110357,田島病院,田島病院,1,0,0,1,0,0,0,0,,,,,
10,2110159,吾妻さくら病院,吾妻さくら病院,1,0,0,1,0,0,0,0,,,,,
10,2110134,公益社団法人群馬県医師会群馬リハビリテーション病院,（公社）群馬県医師会群馬リハビリテーション病院,1,0,0,0,1,0,0,0,,,,,
10,2110324,西吾妻福祉病院,西吾妻福祉病院,1,1,1,0,0,0,1,0,,,,,
10,7010099,国立療養所 栗生楽泉園,国立療養所栗生楽泉園,1,0,0,1,0,0,0,0,,,,,
10,2110076,原町赤十字病院,原町赤十字病院,1,1,1,0,0,0,1,0,,,,,
10,0310066,沼田脳神経外科循環器科病院,沼田脳神経外科循環器科病院,1,1,1,0,0,0,1,0,,,,,
10,7010040,独立行政法人国立病院機構沼田病院,独立行政法人国立病院機構沼田病院,1,1,0,1,0,0,0,1,,,,,
10,0310124,医療法人 大誠会 内田病院,内田病院,1,1,1,0,0,0,1,0,,,,,
10,0310363,利根中央病院,利根中央病院,1,1,1,0,0,0,1,0,,,,,
10,0510079,医療法人社団ほたか会 群馬パース病院,（医社）ほたか会群馬パース病院,1,0,1,0,0,0,0,0,,,,,
10,0510087,上牧温泉病院,上牧温泉病院,1,0,0,1,0,0,0,0,,,,,
10,0510061,医療法人 パテラ会 月夜野病院,（医）パテラ会月夜野病院,1,1,0,1,0,0,1,0,,,,,
10,2410195,医療法人 大和会 大和病院,大和病院,1,0,0,1,0,0,0,0,,,,,
10,2410534,医療法人 社団 全仁会 高木病院,医療法人社団全仁会 高木病院,1,0,0,1,0,0,0,0,,,,,
10,2410542,日新病院,日新病院,1,1,0,1,0,0,1,0,,,,,
10,2410187,医療法人 岩下会 岩下病院,岩下病院,1,1,0,0,1,0,0,1,,,,,
10,2410021,桐生厚生総合病院,桐生厚生総合病院,3,2,2,1,0,1,1,0,,,,,
10,2410781,桐生整形外科病院,桐生整形外科病院,1,1,0,1,0,0,1,0,,,,,
10,2810022,療育センター きぼう,療育センターきぼう,1,0,0,1,0,0,0,0,,,,,
10,2710032,東邦病院,医療法人社団三思会東邦病院,2,1,1,1,0,0,1,0,,,,,
10,2710099,みどり病院,みどり病院,1,0,0,1,0,0,0,0,,,,,
10,2510697,医療法人財団明理会 イムス太田中央総合病院,医療法人財団明理会イムス太田中央総合病院,1,2,0,1,0,0,2,0,,,,,
10,2510051,ＳＵＢＡＲＵ健康保険組合太田記念病院,ＳＵＢＡＲＵ健康保険組合太田記念病院,2,2,2,0,0,1,1,0,,,,,
10,2510044,本島総合病院,本島総合病院,1,1,0,1,0,0,0,1,,,,,
10,2510200,医療法人 慶仁会 城山病院,（医）慶仁会城山病院,1,1,1,0,0,0,1,0,,,,,
10,2510101,医療法人 三省会 堀江病院,堀江病院,1,1,0,1,0,0,1,0,,,,,
10,2710123,医療法人 宏愛会 宏愛会第一病院,宏愛会第一病院,1,1,0,1,0,0,1,0,,,,,
10,2510218,医療法人 社団 松嶺会 冨士ヶ丘病院,冨士ヶ丘病院,3,0,0,1,0,0,0,0,,,,,
10,5010026,群馬県立がんセンター,群馬県立がんセンター,5,2,2,3,0,1,1,0,,,12453.0,4665.0,VERIFIED_NUMERIC
10,2610133,医療法人 社団 田口会 新橋病院,（医社）田口会新橋病院,1,0,0,1,0,0,0,0,,,,,
10,2610018,公立館林厚生病院,公立館林厚生病院,2,1,2,0,0,0,1,0,,,,,
10,2610109,館林記念病院,館林記念病院,1,1,0,1,0,0,1,0,,,,,
10,3010358,医療法人海宝会明和セントラル病院,（医）海宝会明和セントラル病院,1,0,0,1,0,0,0,0,,,,,
10,2610554,社会医療法人社団慶友会 慶友整形外科病院,慶友整形外科病院,1,1,0,1,0,1,0,0,,,,,
10,3010077,医療法人 徹裕会 蜂谷病院,(医)徹裕会蜂谷病院,1,0,0,1,0,0,0,0,,,,,
10,3010176,おうら病院,医療法人社団醫光会おうら病院,1,1,0,1,0,0,1,0,,,,,
11,0204255,河合病院,医療法人厚和会河合病院,1,1,0,1,0,0,1,0,,,,,
11,0207092,医療法人社団桐和会 タムスさくら病院川口,医療法人社団桐和会　タムスさくら病院川口,1,1,0,1,0,0,1,0,,,,,
11,2000149,医療法人 あかつき会 はとがや病院,医療法人あかつき会はとがや病院,1,0,0,1,0,0,0,0,,,,,
11,0203786,寿康会病院,寿康会病院,1,0,1,0,0,0,0,0,,,,,
11,0203091,埼玉協同病院,埼玉協同病院,2,2,2,0,0,2,0,0,,,,,
11,0201715,医療法人 安東病院,医療法人安東病院,1,0,0,1,0,0,0,0,,,,,
11,0205229,川口市立医療センター,川口市立医療センター,4,2,3,1,0,1,1,0,,,20873.0,7351.0,VERIFIED_NUMERIC
11,0207340,医療法人 三誠会 川口誠和病院,医療法人三誠会川口誠和病院,1,1,0,1,0,0,1,0,,,,,
11,0207894,川口工業総合病院,社会医療法人新青会川口工業総合病院,1,1,1,0,0,0,1,0,,,,,
11,0201996,医療法人 健仁会 益子病院,医療法人健仁会益子病院,1,0,0,1,0,0,0,0,,,,,
11,0203794,医療法人社団 協友会 東川口病院,医療法人社団協友会東川口病院,1,1,1,0,0,0,1,0,,,,,
11,0201350,社会福祉法人 恩賜財団 済生会支部 埼玉県 済生会 川口総合病院,社会福祉法人恩賜財団済生会支部埼玉県済生会川口総合病院,4,4,3,1,0,1,2,1,,,22246.0,12028.0,VERIFIED_NUMERIC
11,0208850,かわぐち心臓呼吸器病院,かわぐち心臓呼吸器病院,1,0,0,1,0,0,0,0,,,,,
11,0203596,社会医療法人社団 大成会 武南病院,社会医療法人社団大成会武南病院,1,0,0,1,0,0,0,0,,,,,
11,0204222,医療法人 千葉外科内科病院,医療法人千葉外科内科病院,1,0,0,1,0,0,0,0,,,,,
11,0202747,齋藤記念病院,医療法人刀水会齋藤記念病院,1,1,1,0,0,0,1,0,,,,,
11,2000180,医療法人社団 厚生会 埼玉厚生病院,医療法人社団厚生会埼玉厚生病院,1,1,0,1,0,0,1,0,,,,,
11,0203984,医療法人 誠朗会 上野病院,医療法人誠朗会上野病院,1,0,0,0,1,0,0,0,,,,,
11,1400555,医療法人 今井病院,医療法人今井病院,1,0,0,1,0,0,0,0,,,,,
11,1400019,蕨市立病院,蕨市立病院,1,1,0,1,0,0,1,0,,,,,
11,1900133,医療法人社団 東光会 戸田中央総合病院,医療法人社団東光会戸田中央総合病院,4,2,3,1,0,1,1,0,,,27606.0,10979.0,VERIFIED_NUMERIC
11,2100675,一般社団法人関東厚生福祉会 朝霞厚生病院,朝霞厚生病院,1,1,0,1,0,0,1,0,,,,,
11,2200665,医療法人社団 浅野病院,医療法人社団浅野病院,1,0,0,1,0,0,0,0,,,,,
11,2300374,坪田和光病院,坪田和光病院,1,0,0,0,1,0,0,0,,,,,
11,9900028,独立行政法人 国立病院機構 埼玉病院,独立行政法人国立病院機構埼玉病院,5,2,4,1,0,1,1,0,,,27281.0,10149.0,VERIFIED_NUMERIC
11,2300358,医療法人 寿鶴会 菅野病院,医療法人寿鶴会菅野病院,1,0,1,0,0,0,0,0,,,,,
11,5100680,堀ノ内病院,堀ノ内病院,1,1,1,0,0,0,1,0,,,,,
11,5100722,医療法人 昭仁会 北野病院,北野病院,1,0,1,0,0,0,0,0,,,,,
11,5100664,静風荘病院,静風荘病院,1,0,0,1,0,0,0,0,,,,,
11,5100599,医療法人 向英会 髙田整形外科病院,医療法人向英会髙田整形外科病院,1,1,0,1,0,0,0,1,,,,,
11,2901593,医療法人 さくら さくら記念病院,医療法人さくらさくら記念病院,1,1,1,0,0,0,1,0,,,,,
11,2900421,みずほ台病院,みずほ台病院,1,1,0,1,0,0,1,0,,,,,
11,2901312,医療法人財団 明理会 イムス富士見総合病院,医療法人財団明理会イムス富士見総合病院,1,1,1,0,0,0,1,0,,,,,
11,3000510,医療法人 誠壽会 上福岡総合病院,医療法人誠壽会上福岡総合病院,1,1,1,0,0,0,1,0,,,,,
11,3001658,医療法人社団 草芳会 三芳野第２病院,医療法人社団草芳会三芳野第２病院,1,0,0,1,0,0,0,0,,,,,
11,3001039,富家病院,富家病院,1,1,0,1,0,0,1,0,,,,,
11,2402493,医療法人財団 明理会 埼玉セントラル病院,医療法人財団明理会埼玉セントラル病院,1,0,0,1,0,0,0,0,,,,,
11,2403665,医療法人社団 明芳会 イムス三芳総合病院,医療法人社団明芳会イムス三芳総合病院,1,1,1,0,0,0,1,0,,,,,
11,2403236,医療法人社団 草芳会 三芳野病院,医療法人社団草芳会三芳野病院,1,1,0,1,0,0,0,1,,,,,
11,0601013,医療法人 光仁会 春日部厚生病院,医療法人光仁会春日部厚生病院,2,0,1,0,0,0,0,0,,,,,
11,0601187,医療法人社団 嬉泉会 春日部嬉泉病院,医療法人社団嬉泉会春日部嬉泉病院,1,1,1,0,0,0,1,0,,,,,
11,0602540,医療法人社団 春日部さくら病院,医療法人社団春日部さくら病院,1,0,0,1,0,0,0,0,,,,,
11,0603332,春日部市立医療センター,春日部市立医療センター,2,1,1,1,0,1,0,0,,,,,
11,0600981,医療法人財団 明理会 春日部中央総合病院,医療法人財団明理会春日部中央総合病院,2,1,2,0,0,0,1,0,,,,,
11,0603266,医療法人社団 全仁会 東都春日部病院,医療法人社団全仁会東都春日部病院,1,1,1,0,0,0,1,0,,,,,
11,0602508,医療法人社団 庄和会 庄和中央病院,医療法人社団庄和会庄和中央病院,1,0,1,0,0,0,0,0,,,,,
11,0602888,医療法人 光仁会 南部厚生病院,医療法人光仁会南部厚生病院,1,0,0,1,0,0,0,0,,,,,
11,0602847,みくに病院,医療法人社団春明会　みくに病院,1,0,1,0,0,0,0,0,,,,,
11,0600049,医療法人 梅原病院,医療法人梅原病院,1,0,0,1,0,0,0,0,,,,,
11,0602318,秀和総合病院,秀和総合病院,1,1,1,0,0,0,1,0,,,,,
11,1801091,医療法人社団協友会 メディカルトピア草加病院,医療法人社団協友会メディカルトピア草加病院,1,1,1,0,0,0,1,0,,,,,
11,1802271,草加市立病院,草加市立病院,3,1,2,1,0,0,1,0,,,,,
11,1801414,医療法人 移山会 二宮病院,医療法人移山会二宮病院,1,0,1,0,0,0,0,0,,,,,
11,1800929,医療法人 親和会 鳳永病院,医療法人親和会鳳永病院,1,1,0,1,0,0,1,0,,,,,
11,1803139,埼友草加病院,埼友草加病院,1,2,1,0,0,1,1,0,,,,,
11,0802249,医療法人社団 協友会 越谷誠和病院,医療法人社団協友会越谷誠和病院,1,1,0,1,0,0,1,0,,,,,
11,0803247,医療法人 道心会 埼玉東部循環器病院,医療法人道心会埼玉東部循環器病院,1,0,1,0,0,0,0,0,,,,,
11,0801324,リハビリテーション天草病院,リハビリテーション天草病院,1,0,0,1,0,0,0,0,,,,,
11,0801050,越谷市立病院,越谷市立病院,2,2,2,0,0,0,2,0,,,,,
11,0801951,医療法人社団 大和会 慶和病院,医療法人社団大和会慶和病院,1,0,0,1,0,0,0,0,,,,,
11,0801563,学校法人 獨協学園 獨協医科大学埼玉医療センター,獨協医科大学埼玉医療センター,6,3,5,1,0,2,1,0,,,45129.0,16818.0,VERIFIED_NUMERIC
11,0805010,レイクタウン整形外科病院,レイクタウン整形外科病院,1,1,0,1,0,0,1,0,,,,,
11,0802983,市川胃腸科外科病院,市川胃腸科外科病院,1,0,0,1,0,0,0,0,,,,,
11,0801191,医療法人財団 明理会 新越谷病院,医療法人財団明理会新越谷病院,1,0,0,1,0,0,0,0,,,,,
11,1000231,医療法人社団 協友会 埼玉回生病院,医療法人社団協友会埼玉回生病院,1,0,0,1,0,0,0,0,,,,,
11,1000991,医療法人社団 協友会 八潮中央総合病院,医療法人社団協友会八潮中央総合病院,1,1,1,0,0,0,1,0,,,,,
11,1000256,医療法人社団 州山会 広瀬病院,医療法人社団州山会広瀬病院,1,0,0,1,0,0,0,0,,,,,
11,1200591,医療法人社団 愛友会 三郷中央総合病院,医療法人社団愛友会三郷中央総合病院,1,1,1,0,0,0,1,0,,,,,
11,1200203,埼玉みさと総合リハビリテーション病院,埼玉みさと総合リハビリテーション病院,1,0,0,1,0,0,0,0,,,,,
11,1200427,医療法人財団 健和会 みさと健和病院,医療法人財団健和会みさと健和病院,2,1,2,0,0,0,1,0,,,,,
11,1202050,三愛会総合病院,三愛会総合病院,1,1,1,0,0,0,1,0,,,,,
11,6400055,医療法人社団 協友会 吉川中央総合病院,医療法人社団協友会吉川中央総合病院,1,1,0,1,0,0,1,0,,,,,
11,1102441,中川の郷療育センター,中川の郷療育センター,1,0,0,0,0,0,0,0,,,,,
11,1101898,医療法人社団 全仁会 埼玉筑波病院,医療法人社団全仁会埼玉筑波病院,1,0,1,0,0,0,0,0,,,,,
11,1102961,医療法人社団 明日佳 埼玉あすか松伏病院,医療法人社団明日佳埼玉あすか松伏病院,1,0,0,1,0,0,0,0,,,,,
11,6504344,社会医療法人 さいたま市民医療センター さいたま市民医療センター,さいたま市民医療センター,2,1,2,0,0,0,1,0,,,,,
11,6505663,医療法人 三慶会 指扇病院,指扇病院,1,1,1,0,0,0,1,0,,,,,
11,6509350,独立行政法人地域医療機能推進機構 さいたま北部医療センター,独立行政法人地域医療機能推進機構さいたま北部医療センター,1,1,1,0,0,1,0,0,,,,,
11,6507248,医療法人社団 協友会 彩の国東大宮メディカルセンター,医療法人社団協友会彩の国東大宮メディカルセンター,2,2,2,0,0,1,1,0,,,,,
11,0300012,医療法人 ヘブロン会 大宮中央総合病院,医療法人ヘブロン会大宮中央総合病院,1,1,1,0,0,0,1,0,,,,,
11,0301101,医療法人社団 双愛会 大宮双愛病院,医療法人社団双愛会大宮双愛病院,1,0,0,1,0,0,0,0,,,,,
11,0304048,自治医科大学附属さいたま医療センター,自治医科大学附属さいたま医療センター,8,3,6,2,0,1,2,0,,,32249.0,9280.0,VERIFIED_NUMERIC
11,0302570,医療法人 明浩会 西大宮病院,医療法人明浩会西大宮病院,1,2,1,0,0,0,2,0,,,,,
11,0304998,大宮共立病院,大宮共立病院,1,1,0,1,0,0,1,0,,,,,
11,0303503,大和田病院,大和田病院,1,0,0,0,1,0,0,0,,,,,
11,6510416,埼玉県立小児医療センター,埼玉県立小児医療センター,4,2,2,2,0,1,1,0,,,2447.0,2719.0,VERIFIED_NUMERIC
11,6505374,社会福祉法人 シナプス 埼玉精神神経センター,社会福祉法人シナプス埼玉精神神経センター,1,1,0,1,0,0,1,0,,,,,
11,6507982,さいたま赤十字病院,さいたま赤十字病院,5,3,5,0,0,1,2,0,,,41593.0,10308.0,VERIFIED_NUMERIC
11,0106278,医療法人社団 松弘会 三愛病院,医療法人社団松弘会三愛病院,2,2,2,0,0,1,1,0,,,,,
11,0104000,医療法人 聖仁会 西部総合病院,医療法人聖仁会西部総合病院,1,1,1,0,0,0,1,0,,,,,
11,0104554,医療法人社団 望星会 望星病院,医療法人社団望星会望星病院,1,0,0,1,0,0,0,0,,,,,
11,0101337,独立行政法人地域医療機能推進機構 埼玉メディカルセンター,独立行政法人地域医療機能推進機構埼玉メディカルセンター,3,2,2,1,0,1,1,0,,,,,
11,0103010,医療法人 川久保病院,医療法人川久保病院,1,1,0,1,0,0,1,0,,,,,
11,0102723,医療法人 有隣会 わかくさ病院,医療法人有隣会わかくさ病院,1,0,0,1,0,0,0,0,,,,,
11,0103994,医療法人 秋葉病院,医療法人秋葉病院,1,1,1,0,0,0,1,0,,,,,
11,0101675,医療法人 博仁会 共済病院,医療法人博仁会共済病院,1,1,1,0,0,0,1,0,,,,,
11,6500128,さいたま市立病院,さいたま市立病院,4,3,4,0,0,1,2,0,,,30418.0,7589.0,VERIFIED_NUMERIC
11,6502629,医療法人社団 弘象会 東和病院,医療法人社団弘象会東和病院,1,1,1,0,0,0,1,0,,,,,
11,0700054,医療法人 慈正会 丸山記念総合病院,丸山記念総合病院,1,1,1,0,0,0,1,0,,,,,
11,0700450,岩槻中央病院,岩槻中央病院,1,0,0,1,0,0,0,0,,,,,
11,6503031,医療法人社団 幸正会 岩槻南病院,医療法人社団幸正会岩槻南病院,1,0,0,1,0,0,0,0,,,,,
11,6508642,医療法人社団 医凰会 さいたま岩槻病院,医療法人社団医凰会さいたま岩槻病院,1,1,1,0,0,0,1,0,,,,,
11,6521090,医療法人徳洲会 さいたま記念病院,医療法人徳洲会　さいたま記念病院,1,0,0,1,0,0,0,0,,,,,
11,1700749,埼玉脳神経外科病院,埼玉脳神経外科病院,1,1,0,1,0,0,1,0,,,,,
11,1701812,こうのす共生病院,こうのす共生病院,1,1,1,0,0,0,1,0,,,,,
11,1601673,医療法人社団 愛友会 上尾中央第二病院,医療法人社団愛友会上尾中央第二病院,1,0,0,1,0,0,0,0,,,,,
11,1601087,医療法人 藤仁会 藤村病院,医療法人藤仁会藤村病院,1,1,0,1,0,0,1,0,,,,,
11,1600394,医療法人社団 愛友会 上尾中央総合病院,医療法人社団愛友会上尾中央総合病院,4,3,4,0,0,2,1,0,,,32698.0,14857.0,VERIFIED_NUMERIC
11,1601582,埼玉県総合リハビリテーションセンター,埼玉県総合リハビリテーションセンター,1,1,1,0,0,0,1,0,,,,,
11,5200597,医療法人財団 聖蹟会 埼玉県央病院,医療法人財団聖蹟会埼玉県央病院,1,1,1,0,0,0,1,0,,,,,
11,5200589,医療法人壽亮会 大谷記念病院,医療法人壽亮会大谷記念病院,1,0,0,0,1,0,0,0,,,,,
11,5301106,医療法人社団 博翔会 桃泉園 北本病院,医療法人社団博翔会桃泉園北本病院,1,1,0,1,0,0,1,0,,,,,
11,5300926,学校法人 北里研究所 北里大学メディカルセンター,北里大学メディカルセンター,2,2,1,1,0,1,1,0,,,,,
11,1303155,のぞみリハビリテーション病院,のぞみリハビリテーション病院,1,1,0,1,0,0,1,0,,,,,
11,1303361,医療法人社団 顕心会 伊奈中央病院,医療法人社団顕心会伊奈中央病院,1,0,0,1,0,0,0,0,,,,,
11,1303536,埼玉県立がんセンター,埼玉県立がんセンター,5,2,3,2,0,2,0,0,,,29237.0,8010.0,VERIFIED_NUMERIC
11,1303551,医療法人社団愛友会 伊奈病院,医療法人社団愛友会伊奈病院,1,1,1,0,0,0,1,0,,,,,
11,0401554,医療法人 刀圭会 本川越病院,医療法人刀圭会本川越病院,1,1,0,1,0,0,1,0,,,,,
11,0400861,医療法人 埼玉病院,医療法人埼玉病院,1,0,0,1,0,0,0,0,,,,,
11,0405175,帯津三敬病院,帯津三敬病院,1,0,1,0,0,0,0,0,,,,,
11,0401745,武蔵野総合病院,武蔵野総合病院,1,1,0,1,0,0,1,0,,,,,
11,0405134,医療法人 康正会病院,医療法人康正会病院,1,0,0,1,0,0,0,0,,,,,
11,0403923,医療法人社団 誠弘会 池袋病院,医療法人社団誠弘会池袋病院,1,1,1,0,0,0,1,0,,,,,
11,0405043,南古谷病院,南古谷病院,1,1,1,0,0,0,1,0,,,,,
11,0402594,埼玉医科大学 総合医療センター,埼玉医科大学総合医療センター,9,4,7,2,0,2,2,0,,,44390.0,13556.0,VERIFIED_NUMERIC
11,0404491,川越リハビリテーション病院,川越リハビリテーション病院,1,0,0,1,0,0,0,0,,,,,
11,0402677,西武川越病院,西武川越病院,1,0,0,1,0,0,0,0,,,,,
11,0402701,医療法人社団哺育会 笠幡病院,医療法人社団哺育会笠幡病院,1,0,0,0,0,0,0,0,,,,,
11,0401315,医療法人 豊仁会 三井病院,医療法人豊仁会三井病院,1,1,1,0,0,0,1,0,,,,,
11,0401893,社会医療法人社団 尚篤会 赤心堂病院,社会医療法人社団尚篤会赤心堂病院,2,1,2,0,0,0,1,0,,,,,
11,0404004,医療法人社団 関心会 関本記念病院,医療法人社団関心会関本記念病院,1,0,0,1,0,0,0,0,,,,,
11,3300720,医療法人 埼玉成恵会病院,医療法人埼玉成恵会病院,1,1,0,1,0,0,1,0,,,,,
11,3301843,シャローム病院,シャローム病院,1,0,0,1,0,0,0,0,,,,,
11,3300910,大谷整形外科病院,大谷整形外科病院,1,0,0,1,0,0,0,0,,,,,
11,3300480,東松山市立市民病院,東松山市立市民病院,1,1,1,0,0,0,1,0,,,,,
11,3300472,東松山医師会病院,東松山医師会病院,1,1,1,0,0,0,1,0,,,,,
11,6000129,明海大学歯学部付属 明海大学病院,明海大学歯学部付属明海大学病院,1,1,0,0,1,0,1,0,,,,,
11,6001317,医療法人 若葉会 若葉病院,医療法人若葉会若葉病院,1,0,0,1,0,0,0,0,,,,,
11,6001036,坂戸中央病院,坂戸中央病院,1,1,0,1,0,0,1,0,,,,,
11,6001531,医療法人社団 敬悠会 菅野病院,医療法人社団敬悠会菅野病院,1,0,0,1,0,0,0,0,,,,,
11,6200075,医療法人 関越病院,医療法人関越病院,2,1,2,0,0,0,1,0,,,,,
11,2401966,埼玉医科大学病院,埼玉医科大学病院,4,4,4,0,0,2,2,0,,,31946.0,13799.0,VERIFIED_NUMERIC
11,2400539,社会福祉法人 埼玉医療福祉会 丸木記念福祉メディカルセンター,丸木記念福祉メディカルセンター,1,0,0,0,1,0,0,0,,,31946.0,13799.0,VERIFIED_NUMERIC
11,3302015,武蔵嵐山病院,武蔵嵐山病院,1,1,1,0,0,0,1,0,,,,,
11,3201084,医療法人社団 宏仁会 小川病院,宏仁会小川病院,1,0,0,0,1,0,0,0,,,,,
11,3200029,小川赤十字病院,小川赤十字病院,1,1,1,0,0,0,1,0,,,,,
11,3200789,医療法人 瀬川病院,医療法人瀬川病院,1,0,0,1,0,0,0,0,,,,,
11,3201613,医療法人 啓仁会 平成の森・川島病院,医療法人啓仁会平成の森・川島病院,1,0,0,1,0,0,0,0,,,,,
11,3200896,麻見江ホスピタル,医療法人眞美会麻見江ホスピタル,1,0,0,1,0,0,0,0,,,,,
11,9900069,防衛医科大学校病院,防衛医科大学校病院,3,2,3,0,0,1,1,0,,,,,
11,2504520,埼玉西協同病院,埼玉西協同病院,2,0,1,1,0,0,0,0,,,,,
11,2505717,社会医療法人 至仁会 圏央所沢病院,社会医療法人至仁会圏央所沢病院,2,2,1,1,0,1,1,0,,,,,
11,2505535,医療法人社団 医凰会 並木病院,医療法人社団医凰会並木病院,1,0,0,1,0,0,0,0,,,,,
11,2502615,医療法人 清和会 新所沢清和病院,新所沢清和病院,0,1,0,0,0,0,1,0,,,,,
11,2505709,医療法人社団 和風会 所沢リハビリテーション病院,医療法人社団和風会所沢リハビリテーション病院,1,0,0,1,0,0,0,0,,,,,
11,2503431,医療法人社団 秀栄会 所沢第一病院,医療法人社団秀栄会所沢第一病院,2,1,1,1,0,0,1,0,,,,,
11,9900051,独立行政法人 国立病院機構 西埼玉中央病院,独立行政法人国立病院機構西埼玉中央病院,1,1,1,0,0,0,1,0,,,,,
11,2501740,所沢市市民医療センター,所沢市市民医療センター,1,0,1,0,0,0,0,0,,,,,
11,2504496,医療法人 啓仁会 所沢ロイヤル病院,医療法人啓仁会所沢ロイヤル病院,1,0,0,1,0,0,0,0,,,,,
11,2503274,医療法人 明雄会 北所沢病院,医療法人社団明雄会北所沢病院,1,0,0,1,0,0,0,0,,,,,
11,2506228,医療法人社団 桜友会 所沢ハートセンター,医療法人社団桜友会所沢ハートセンター,1,0,1,0,0,0,0,0,,,,,
11,2506467,医療法人社団 和風会 所沢中央病院,医療法人社団和風会所沢中央病院,1,2,1,0,0,1,1,0,,,,,
11,2501773,医療法人社団 東光会 東所沢病院,医療法人社団東光会東所沢病院,1,0,0,1,0,0,0,0,,,,,
11,9900077,国立障害者リハビリテーションセンター病院,国立障害者リハビリテーションセンター病院,1,1,1,0,0,1,0,0,,,,,
11,2601383,医療法人 泰一会 飯能整形外科病院,医療法人泰一会飯能整形外科病院,1,1,0,1,0,0,0,1,,,,,
11,2600740,佐瀬病院,佐瀬病院,0,1,0,0,0,0,0,1,,,,,
11,2600450,医療法人 橘会 飯能中央病院,飯能中央病院,1,1,0,1,0,0,0,1,,,,,
11,2601342,医療法人 靖和会 飯能靖和病院,医療法人靖和会飯能靖和病院,1,1,1,0,0,0,1,0,,,,,
11,2700763,社会医療法人 入間川病院,社会医療法人入間川病院,2,1,1,1,0,0,1,0,,,,,
11,2701019,医療法人社団 グロリア会 前田病院,医療法人社団グロリア会前田病院,1,0,0,1,0,0,0,0,,,,,
11,2701415,医療法人社団 清心会 至聖病院,医療法人社団清心会至聖病院,1,0,1,0,0,0,0,0,,,,,
11,2700532,医療法人 誠至会 狭山厚生病院,狭山厚生病院,1,0,0,1,0,0,0,0,,,,,
11,2700870,医療法人 西狭山病院,医療法人西狭山病院,1,0,1,0,0,0,0,0,,,,,
11,2702298,社会医療法人財団 石心会 埼玉石心会病院,社会医療法人財団石心会埼玉石心会病院,4,3,4,0,0,2,1,0,,,17490.0,7030.0,VERIFIED_NUMERIC
11,2701159,医療法人尚寿会 狭山尚寿会病院,医療法人尚寿会狭山尚寿会病院,1,1,1,0,0,1,0,0,,,,,
11,2801207,医療法人 永仁会 入間ハート病院,医療法人永仁会入間ハート病院,1,2,1,0,0,1,1,0,,,,,
11,2801363,医療法人 金子病院,医療法人金子病院,1,0,0,1,0,0,0,0,,,,,
11,2800837,小林病院,小林病院,1,0,0,1,0,0,0,0,,,,,
11,2801892,豊岡第一病院,豊岡第一病院,1,1,1,0,0,0,1,0,,,,,
11,2801967,医療法人 豊岡整形外科病院,医療法人豊岡整形外科病院,1,1,0,1,0,0,1,0,,,,,
11,2800753,医療法人 明晴会 西武入間病院,医療法人明晴会西武入間病院,1,0,0,1,0,0,0,0,,,,,
11,2800423,社会医療法人 東明会 原田病院,原田病院,1,1,0,1,0,0,1,0,,,,,
11,6300297,埼玉医科大学国際医療センター,埼玉医科大学国際医療センター,5,4,5,0,0,4,0,0,,,41923.0,13216.0,VERIFIED_NUMERIC
11,6300255,武蔵台病院,武蔵台病院,1,1,1,0,0,1,0,0,,,,,
11,3700986,社会医療法人 壮幸会 行田総合病院,社会医療法人壮幸会行田総合病院,3,1,3,0,0,1,0,0,,,,,
11,3701158,行田中央総合病院,行田中央総合病院,1,1,1,0,0,0,1,0,,,,,
11,3800539,医療法人 十善病院,医療法人十善病院,1,0,0,1,0,0,0,0,,,,,
11,3800315,医療法人社団 弘人会 中田病院,医療法人社団弘人会中田病院,1,1,1,0,0,0,1,0,,,,,
11,3600632,医療法人 愛應会 騎西病院,騎西病院,2,1,1,1,0,0,0,1,,,,,
11,3901055,医療法人徳洲会 羽生総合病院,医療法人徳洲会　羽生総合病院,3,2,2,1,0,1,1,0,,,,,
11,0901322,東鷲宮病院,東鷲宮病院,1,1,0,1,0,0,1,0,,,,,
11,0900043,医療法人 新井病院,新井病院,1,1,0,1,0,0,1,0,,,,,
11,0900035,医療法人 蓮江病院,蓮江病院,1,1,0,1,0,0,1,0,,,,,
11,0901264,社会医療法人社団 埼玉巨樹の会 新久喜総合病院,新久喜総合病院,3,3,2,1,0,1,2,0,,,18245.0,8994.0,VERIFIED_NUMERIC
11,0901041,医療法人 土屋小児病院,医療法人土屋小児病院,1,1,1,0,0,0,1,0,,,,,
11,9900010,独立行政法人国立病院機構 東埼玉病院,独立行政法人国立病院機構東埼玉病院,1,1,1,0,0,0,0,1,,,,,
11,5700406,蓮田病院,蓮田病院,1,1,0,1,0,0,1,0,,,,,
11,5700679,医療法人社団 愛友会 蓮田一心会病院,医療法人社団愛友会蓮田一心会病院,1,0,0,1,0,0,0,0,,,,,
11,6100739,社会医療法人 ジャパンメディカルアライアンス 東埼玉総合病院,社会医療法人ジャパンメディカルアライアンス東埼玉総合病院,1,1,0,1,0,0,1,0,,,,,
11,0901504,栗橋病院,栗橋病院,1,1,0,1,0,0,1,0,,,,,
11,6100259,堀中病院,医療法人幸仁会堀中病院,1,1,0,1,0,0,1,0,,,,,
11,6100028,牛村病院,牛村病院,1,0,0,1,0,0,0,0,,,,,
11,0501106,医療法人社団 哺育会 白岡中央総合病院,医療法人社団哺育会白岡中央総合病院,1,1,1,0,0,0,1,0,,,,,
11,0501627,医療法人 ひかり会 パーク病院,医療法人ひかり会パーク病院,1,0,0,1,0,0,0,0,,,,,
11,1100908,医療法人 今井病院,医療法人今井病院,1,0,0,1,0,0,0,0,,,,,
11,3101599,医療法人 啓清会 関東脳神経外科病院,医療法人啓清会関東脳神経外科病院,1,3,0,1,0,2,1,0,,,,,
11,3100013,埼玉慈恵病院,埼玉慈恵病院,1,1,1,0,0,1,0,0,,,,,
11,3100526,医療法人 藤和会 藤間病院,藤間病院,1,0,1,0,0,0,0,0,,,,,
11,3102761,熊谷生協病院,熊谷生協病院,1,0,0,1,0,0,0,0,,,,,
11,3103447,籠原病院,籠原病院,1,1,0,1,0,0,1,0,,,,,
11,3104023,社会医療法人 熊谷総合病院,社会医療法人熊谷総合病院,2,2,2,0,0,1,1,0,,,,,
11,3104205,埼玉県立循環器・呼吸器病センター,埼玉県立循環器・呼吸器病センター,3,2,2,1,0,1,1,0,,,,,
11,3102654,医療法人 同愛会 熊谷外科病院,熊谷外科病院,1,1,1,0,0,0,1,0,,,,,
11,3102555,熊谷福島病院,熊谷福島病院,1,0,0,0,1,0,0,0,,,,,
11,4300851,本庄福島病院,医療法人本庄福島病院,1,0,0,0,1,0,0,0,,,,,
11,4301719,医療法人社団 寿会 吉沢病院,医療法人社団寿会吉沢病院,1,1,0,1,0,0,0,1,,,,,
11,4301032,本庄総合病院,本庄総合病院,1,1,1,0,0,0,1,0,,,,,
11,4301610,医療法人 桂水会 岡病院,医療法人桂水会岡病院,1,1,0,1,0,0,1,0,,,,,
11,4301446,医療法人 鈴木外科病院,医療法人鈴木外科病院,1,1,0,1,0,0,0,1,,,,,
11,4300109,医療法人 福島会 彩北病院,医療法人彩北病院,1,0,0,1,0,0,0,0,,,,,
11,4301461,医療法人 益子会（社団） 児玉中央病院,医療法人益子会（社団）児玉中央病院,1,0,0,0,1,0,0,0,,,,,
11,4301370,医療法人 柏成会 青木病院,医療法人柏成会青木病院,1,1,0,1,0,0,1,0,,,,,
11,4602033,医療法人 葵 深谷中央病院,医療法人葵深谷中央病院,1,1,0,1,0,0,1,0,,,,,
11,4601167,医療法人社団 優慈会 佐々木病院,医療法人社団優慈会佐々木病院,1,1,0,1,0,0,1,0,,,,,
11,4600730,医療法人 江仁会 北深谷病院,北深谷病院,1,0,0,1,0,0,0,0,,,,,
11,4600656,深谷赤十字病院,深谷赤十字病院,4,2,3,1,0,1,1,0,,,19415.0,5453.0,VERIFIED_NUMERIC
11,4602058,医療法人 良仁会 桜ヶ丘病院,医療法人良仁会桜ヶ丘病院,1,0,0,1,0,0,0,0,,,,,
11,4601050,皆成病院,皆成病院,1,0,0,1,0,0,0,0,,,,,
11,4600912,あねとす病院,あねとす病院,1,0,0,1,0,0,0,0,,,,,
11,4501813,埼玉よりい病院,埼玉よりい病院,1,1,0,1,0,0,1,0,,,,,
11,4901443,秩父生協病院,秩父生協病院,1,0,1,0,0,0,0,0,,,,,
11,4901302,秩父第一病院,秩父第一病院,1,0,0,1,0,0,0,0,,,,,
11,4901732,秩父市立病院,秩父市立病院,1,1,1,0,0,0,1,0,,,,,
11,4901823,医療法人 花仁会 秩父病院,医療法人花仁会秩父病院,1,0,1,0,0,0,0,0,,,,,
11,4801015,医療法人徳洲会 皆野病院,医療法人徳洲会皆野病院,1,2,1,0,0,0,1,1,,,,,
11,4800926,国民健康保険町立小鹿野中央病院,国民健康保険町立小鹿野中央病院,1,0,0,1,0,0,0,0,,,,,
11,0602128,武里病院,武里病院,1,0,0,1,0,0,0,0,,,,,
11,4301776,医療法人社団心志会 本庄駅前病院,本庄駅前病院,1,1,0,1,0,0,1,0,,,,,
11,2403798,ふじみの救急病院,ふじみの救急病院,1,2,1,0,0,1,1,0,,,,,
11,2802007,自衛隊入間病院,自衛隊入間病院,1,1,1,0,0,0,1,0,,,,,
11,3801115,医療法人社団生彩会 加須東病院,医療法人社団生彩会加須東病院,1,0,0,1,0,0,0,0,,,,,
11,3801123,社会福祉法人恩賜財団済生会支部 埼玉県済生会 加須病院,社会福祉法人恩賜財団済生会支部埼玉県済生会加須病院,3,2,3,0,0,0,2,0,,,,,
11,0210401,川口きゅうぽらリハビリテーション病院,川口きゅうぽらリハビリテーション病院,2,1,0,1,0,0,1,0,,,,,
11,0810176,医療法人社団聖心会 湖街ホスピタル,医療法人社団聖心会　湖街ホスピタル,1,0,1,0,0,0,0,0,,,,,
11,0210419,ふれあい生協病院,ふれあい生協病院,1,0,1,0,0,0,0,0,,,,,
11,2102358,医療法人山柳会 あさか相生病院,医療法人山柳会　あさか相生病院,1,1,1,0,0,0,1,0,,,,,
12,0110700,医療法人社団福生会 斎藤労災病院,医療法人社団福生会 斎藤労災病院,1,0,0,1,0,0,0,0,,,,,
12,0123794,医療法人浄光会 千葉みなと病院,医療法人浄光会 千葉みなと病院,1,0,0,1,0,0,0,0,,,,,
12,0123091,医療法人社団誠馨会 千葉メディカルセンター,医療法人社団誠馨会 千葉メディカルセンター,2,2,2,0,0,1,1,0,,,,,
12,0124768,医療法人緑栄会 三愛記念病院,医療法人緑栄会 三愛記念病院,1,0,1,0,0,0,0,0,,,,,
12,9510058,独立行政法人国立病院機構千葉医療センター 千葉東病院,独立行政法人国立病院機構 千葉医療センター千葉東病院,1,1,0,1,0,0,1,0,,,,,
12,0110635,独立行政法人地域医療機能推進機構 千葉病院,独立行政法人地域医療機能推進機構 千葉病院,1,1,1,0,0,0,1,0,,,,,
12,9110016,独立行政法人国立病院機構 千葉医療センター,独立行政法人国立病院機構 千葉医療センター,3,1,2,1,0,0,1,0,,,,,
12,9210014,千葉大学医学部附属病院,千葉大学医学部附属病院,8,5,6,2,0,2,3,0,,,31224.0,12180.0,VERIFIED_NUMERIC
12,0110197,医療法人柏葉会 柏戸病院,医療法人柏葉会 柏戸病院,1,1,0,1,0,0,1,0,,,,,
12,0110684,千葉県がんセンター,千葉県がんセンター,4,4,4,0,0,2,2,0,,,23641.0,7934.0,VERIFIED_NUMERIC
12,0122895,一般社団法人 巨樹の会 千葉みなとリハビリテーション病院,一般社団法人巨樹の会 千葉みなとリハビリテーション病院,1,0,0,1,0,0,0,0,,,,,
12,0110171,医療法人社団普照会 井上記念病院,医療法人社団普照会 井上記念病院,1,1,0,1,0,0,1,0,,,,,
12,0118687,千葉市立青葉病院,千葉市立青葉病院,3,2,2,0,0,1,1,0,,,,,
12,0110262,医療法人社団明生会 三橋明生病院,医療法人社団明生会 三橋明生病院,1,1,0,1,0,0,1,0,,,,,
12,0119180,社会医療法人社団千葉県勤労者医療協会 千葉健生病院,社会医療法人社団千葉県勤労者医療協会千葉健生病院,1,0,1,0,0,0,0,0,,,,,
12,0113050,医療法人社団幸有会 幸有会記念病院,医療法人社団幸有会　幸有会記念病院,1,1,0,1,0,0,0,1,,,,,
12,0115675,医療法人社団有相会 最成病院,医療法人社団有相会最成病院,1,1,1,0,0,0,1,0,,,,,
12,0110767,医療法人社団晴山会 平山病院,医療法人社団晴山会平山病院,2,1,0,2,0,0,1,0,,,,,
12,9110040,国立研究開発法人 量子科学技術研究開発機構 ＱＳＴ病院,国立研究開発法人量子科学技術研究開発機構　QST病院,4,3,2,2,0,2,1,0,,,,,
12,0113241,医療法人社団翠明会 山王病院,医療法人社団翠明会山王病院,2,2,2,0,0,0,2,0,,,,,
12,0124206,医療法人社団駿心会 稲毛病院,医療法人社団駿心会 稲毛病院,1,1,1,0,0,0,1,0,,,,,
12,0115758,社会医療法人社団健脳会 千葉脳神経外科病院,社会医療法人社団健脳会千葉脳神経外科病院,1,2,1,0,0,0,2,0,,,,,
12,0118042,医療法人社団ふけ会 富家千葉病院,医療法人社団ふけ会富家千葉病院,1,1,0,1,0,0,1,0,,,,,
12,0116384,医療法人社団創進会 みつわ台総合病院,医療法人社団創進会みつわ台総合病院,1,1,0,1,0,0,1,0,,,,,
12,0114728,医療法人社団誠馨会 千葉中央メディカルセンター,医療法人社団誠馨会千葉中央メディカルセンター,2,2,2,0,0,1,1,0,,,,,
12,0113654,医療法人社団誠馨会 総泉病院,医療法人社団誠馨会総泉病院,1,0,0,1,0,0,0,0,,,,,
12,0120543,医療法人社団千葉いずみ会 泉中央病院,医療法人社団千葉いずみ会泉中央病院,1,0,0,1,0,0,0,0,,,,,
12,0122820,医療法人社団淳英会 おゆみの中央病院,医療法人社団淳英会おゆみの中央病院,1,1,1,0,0,1,0,0,,,,,
12,0111799,社会福祉法人千葉県身体障害者福祉事業団 千葉県千葉リハビリテーションセンター,千葉県千葉リハビリテーションセンター,1,1,1,0,0,1,0,0,,,,,
12,0116855,医療法人社団紫雲会 千葉南病院,医療法人社団紫雲会千葉南病院,1,1,1,0,0,0,1,0,,,,,
12,0113191,千葉県こども病院,千葉県こども病院,2,2,1,0,1,0,2,0,,,,,
12,0122143,医療法人社団錦昌会 みどりのは 葉記念病院,医療法人社団錦昌会みどりのは葉記念病院,1,1,0,1,0,1,0,0,,,,,
12,0121988,医療法人社団誠仁会 みはま病院,医療法人社団誠仁会みはま病院,1,0,1,0,0,0,0,0,,,,,
12,0112524,千葉市立海浜病院,千葉市立海浜病院,2,1,1,1,0,1,0,0,,,,,
12,0118646,医療法人社団 誠馨会 自動車事故対策機構千葉療護センター,医療法人社団誠馨会自動車事故対策機構千葉療護センター,1,1,1,0,0,1,0,0,,,,,
12,2716249,医療法人財団 明理会 行徳総合病院,医療法人財団明理会行徳総合病院,1,1,1,0,0,0,1,0,,,,,
12,2714855,医療法人社団聖進会 市川東病院,医療法人社団聖進会市川東病院,1,1,1,0,0,0,1,0,,,,,
12,2714533,医療法人社団嵐川 大野中央病院,医療法人社団嵐川大野中央病院,1,1,0,1,0,0,1,0,,,,,
12,9110024,国立健康危機管理研究機構 国立国府台医療センター,国立健康危機管理研究機構国立国府台医療センター,2,1,1,1,0,0,1,0,,,,,
12,2712503,医療法人社団平静会 大村病院,医療法人社団平静会大村病院,1,0,1,0,0,0,0,0,,,,,
12,2810265,医療法人社団睦会 いけだ病院,医療法人社団睦会いけだ病院,1,0,0,1,0,0,0,0,,,,,
12,2812204,医療法人社団協和会 滝不動病院,医療法人社団協和会滝不動病院,1,0,0,1,0,0,0,0,,,,,
12,2811073,医療法人成春会 北習志野花輪病院,医療法人成春会北習志野花輪病院,1,1,0,1,0,0,1,0,,,,,
12,2810299,医療法人下総会 薬園台リハビリテーション病院,医療法人下総会薬園台リハビリテーション病院,1,0,0,1,0,0,0,0,,,,,
12,2817187,医療法人徳洲会 千葉徳洲会病院,医療法人徳洲会千葉徳洲会病院,4,2,2,2,0,1,1,0,,,18363.0,5995.0,VERIFIED_NUMERIC
12,2812915,医療法人社団嬉泉会 大島記念嬉泉病院,医療法人社団嬉泉会大島記念嬉泉病院,1,0,1,0,0,0,0,0,,,,,
12,2810257,医療法人愛の家 高根台病院,医療法人愛の家高根台病院,1,0,0,1,0,0,0,0,,,,,
12,2814945,医療法人社団誠馨会 セコメディック病院,医療法人社団誠馨会セコメディック病院,1,2,1,0,0,0,2,0,,,,,
12,2810943,社会医療法人社団千葉県勤労者医療協会 船橋二和病院,社会医療法人社団千葉県勤労者医療協会船橋二和病院,1,1,1,0,0,1,0,0,,,,,
12,2815777,船橋市立リハビリテーション病院,船橋市立リハビリテーション病院,1,0,0,1,0,0,0,0,,,,,
12,2816189,医療法人社団千葉秀心会 東船橋病院,医療法人社団千葉秀心会東船橋病院,1,1,0,1,0,0,1,0,,,,,
12,2815710,医療法人社団 良知会 共立習志野台病院,医療法人社団良知会共立習志野台病院,1,0,0,1,0,0,0,0,,,,,
12,2810091,医療法人弘仁会 板倉病院,医療法人弘仁会板倉病院,1,1,1,0,0,0,1,0,,,,,
12,2811214,船橋市立医療センター,船橋市立医療センター,3,2,2,1,0,1,1,0,,,,,
12,2810018,独立行政法人地域医療機能推進機構船橋中央病院,独立行政法人地域医療機能推進機構船橋中央病院,2,1,1,1,0,0,1,0,,,,,
12,2816858,医療法人社団協友会船橋総合病院,医療法人社団協友会船橋総合病院,2,1,2,0,0,0,1,0,,,,,
12,0210047,社会医療法人社団菊田会 習志野第一病院,社会医療法人社団菊田会習志野第一病院,1,2,1,0,0,0,2,0,,,,,
12,0211409,医療法人社団保健会 東京湾岸リハビリテーション病院,医療法人社団保健会　東京湾岸リハビリテーション病院,1,0,0,1,0,0,0,0,,,,,
12,0210351,医療法人社団保健会 谷津保健病院,医療法人社団保健会谷津保健病院,1,1,1,0,0,0,1,0,,,,,
12,0210518,医療法人社団愛友会 津田沼中央総合病院,医療法人社団愛友会津田沼中央総合病院,1,2,1,0,0,0,2,0,,,,,
12,0411736,東京女子医科大学附属八千代医療センター,東京女子医科大学附属八千代医療センター,3,2,3,0,0,1,1,0,,,,,
12,0412312,医療法人社団碩成会 島田台総合病院,医療法人社団碩成会島田台総合病院,1,1,0,1,0,0,1,0,,,,,
12,0412015,一般社団法人巨樹の会 八千代リハビリテーション病院,一般社団法人巨樹の会八千代リハビリテーション病院,1,0,0,1,0,0,0,0,,,,,
12,0410449,医療法人社団惠仁会 セントマーガレット病院,医療法人社団惠仁会セントマーガレット病院,1,1,1,0,0,0,1,0,,,,,
12,0410647,医療法人思誠会 勝田台病院,医療法人思誠会勝田台病院,1,1,1,0,0,0,1,0,,,,,
12,2610889,医療法人徳洲会 鎌ケ谷総合病院,医療法人徳洲会鎌ケ谷総合病院,4,2,3,1,0,1,1,0,,,17289.0,7214.0,VERIFIED_NUMERIC
12,2611242,医療法人社団 東邦鎌谷病院,医療法人社団東邦鎌谷病院,3,3,3,0,0,0,3,0,,,11246.0,3482.0,VERIFIED_NUMERIC
12,2610541,医療法人社団ますお会 第２北総病院,医療法人社団ますお会第２北総病院,1,0,0,1,0,0,0,0,,,,,
12,2610244,医療法人社団一心会 初富保健病院,医療法人社団一心会初富保健病院,1,1,1,0,0,0,1,0,,,,,
12,2610335,医療法人梨香会 秋元病院,医療法人梨香会秋元病院,1,0,0,1,0,0,0,0,,,,,
12,1910363,学校法人順天堂 順天堂大学医学部附属浦安病院,順天堂大学医学部附属浦安病院,4,3,3,0,0,2,1,0,,,42396.0,15231.0,VERIFIED_NUMERIC
12,1912310,医療法人社団福秀会 浦安高柳病院,医療法人社団福秀会浦安高柳病院,1,0,0,1,0,0,0,0,,,,,
12,1911486,医療法人社団 康栄会 浦安病院,医療法人社団康栄会浦安病院,1,0,0,1,0,0,0,0,,,,,
12,1912500,医療法人社団やしの木会 浦安中央病院,医療法人社団やしの木会浦安中央病院,1,1,0,1,0,0,1,0,,,,,
12,1911981,公益社団法人地域医療振興協会 東京ベイ・浦安市川医療センター,東京ベイ・浦安市川医療センター,2,2,2,0,0,1,1,0,,,,,
12,2410389,医療法人財団明理会 新松戸中央総合病院,医療法人財団明理会新松戸中央総合病院,2,2,2,0,0,0,2,0,,,,,
12,2410546,日本大学松戸歯学部付属病院,日本大学松戸歯学部付属病院,2,1,1,0,0,0,1,0,,,,,
12,2416014,松戸リハビリテーション病院,松戸リハビリテーション病院,1,0,0,1,0,0,0,0,,,,,
12,2415032,医療法人社団松和会 小板橋病院,医療法人社団松和会小板橋病院,1,0,0,1,0,0,0,0,,,,,
12,2412484,医療法人 徳洲会 千葉西総合病院,医療法人徳洲会千葉西総合病院,4,3,3,1,0,2,1,0,,,41591.0,12528.0,VERIFIED_NUMERIC
12,2411429,医療法人社団弥生会 旭神経内科リハビリテーション病院,医療法人社団弥生会旭神経内科リハビリテーション病院,1,1,0,1,0,0,1,0,,,,,
12,2416527,松戸市立総合医療センター,松戸市立総合医療センター,4,2,4,0,0,0,2,0,,,18387.0,7232.0,VERIFIED_NUMERIC
12,2410124,医療法人社団清志会 山本病院,医療法人社団清志会山本病院,1,0,0,1,0,0,0,0,,,,,
12,2412849,医療法人財団松圓会 東葛クリニック病院,医療法人財団松圓会東葛クリニック病院,1,0,1,0,0,0,0,0,,,,,
12,2410140,医療法人社団ときわ会 常盤平中央病院,医療法人社団ときわ会常盤平中央病院,1,0,0,1,0,0,0,0,,,,,
12,2414852,医療法人社団青嶺会 松戸整形外科病院,医療法人社団青嶺会松戸整形外科病院,1,1,0,1,0,0,1,0,,,,,
12,2416071,医療法人社団 鼎会 三和病院,医療法人社団鼎会三和病院,1,1,0,1,0,0,1,0,,,,,
12,2415289,五香病院,五香病院,1,1,1,0,0,0,1,0,,,,,
12,2415743,医療法人社団誠馨会 新東京病院,医療法人社団誠馨会新東京病院,1,1,1,0,0,0,1,0,,,,,
12,2010833,医療法人社団真療会 野田病院,医療法人社団真療会野田病院,1,1,1,0,0,0,0,1,,,,,
12,2010130,キッコーマン総合病院,キッコーマン総合病院,1,1,1,0,0,0,1,0,,,,,
12,2010841,医療法人社団喜晴会 野田中央病院,医療法人社団喜晴会野田中央病院,1,0,0,1,0,0,0,0,,,,,
12,2010940,医療法人社団福聚会 東葛飾病院,医療法人社団福聚会東葛飾病院,1,1,0,0,1,0,0,1,,,,,
12,2114239,医療法人社団誠高会 おおたかの森病院,医療法人社団誠高会おおたかの森病院,2,1,2,0,0,0,1,0,,,,,
12,2110104,医療法人 深町病院,医療法人深町病院,2,0,0,1,0,0,0,0,,,,,
12,2115749,医療法人社団 葵会 柏たなか病院,医療法人社団葵会柏たなか病院,1,2,1,0,0,1,1,0,,,,,
12,2116259,社会医療法人社団蛍水会 名戸ヶ谷病院,社会医療法人社団蛍水会名戸ヶ谷病院,4,2,3,1,0,1,1,0,,,17279.0,9411.0,VERIFIED_NUMERIC
12,2112423,医療法人社団天宣会 北柏リハビリ総合病院,医療法人社団天宣会北柏リハビリ総合病院,1,1,1,0,0,0,1,0,,,,,
12,2110047,医療法人聖峰会 岡田病院,医療法人聖峰会　岡田病院,1,0,0,1,0,0,0,0,,,,,
12,2111516,柏市立柏病院,柏市立柏病院,2,2,2,0,0,1,1,0,,,,,
12,2114114,医療法人社団葵会 千葉・柏リハビリテーション病院,医療法人社団葵会千葉・柏リハビリテーション病院,1,0,0,1,0,0,0,0,,,,,
12,2114957,医療法人社団康喜会 辻仲病院柏の葉,医療法人社団康喜会辻仲病院柏の葉,1,1,1,0,0,0,1,0,,,,,
12,2114866,医療法人社団協友会 柏厚生総合病院,医療法人社団協友会柏厚生総合病院,4,3,4,0,0,1,2,0,,,19290.0,7246.0,VERIFIED_NUMERIC
12,9110057,国立研究開発法人国立がん研究センター東病院,国立研究開発法人国立がん研究センター東病院,8,3,6,2,0,3,0,0,,,39548.0,6407.0,VERIFIED_NUMERIC
12,2110914,東京慈恵会医科大学附属柏病院,東京慈恵会医科大学附属柏病院,4,2,4,0,0,1,1,0,,,38189.0,13984.0,VERIFIED_NUMERIC
12,2115459,医療法人社団 聖秀会 聖光ヶ丘病院,医療法人社団聖秀会聖光ヶ丘病院,1,1,1,0,0,0,1,0,,,,,
12,2310910,医療法人社団 ますお会 柏の葉北総病院,医療法人社団ますお会柏の葉北総病院,1,0,0,0,1,0,0,0,,,,,
12,2310456,医療法人社団曙会 流山中央病院,医療法人社団曙会流山中央病院,1,1,1,0,0,0,1,0,,,,,
12,2310753,医療法人社団江陽会 江陽台病院,医療法人社団江陽会江陽台病院,1,0,0,1,0,0,0,0,,,,,
12,2311603,医療法人財団 東京勤労者医療会 東葛病院,医療法人財団東京勤労者医療会東葛病院,2,1,2,0,0,1,0,0,,,,,
12,2310423,医療法人社団協友会 千葉愛友会記念病院,医療法人社団協友会千葉愛友会記念病院,1,1,1,0,0,0,1,0,,,,,
12,2511392,社会医療法人社団蛍水会 名戸ヶ谷あびこ病院,社会医療法人社団蛍水会名戸ヶ谷あびこ病院,1,2,1,0,0,0,2,0,,,,,
12,2511236,医療法人社団聖和会 天王台消化器病院,医療法人社団聖和会天王台消化器病院,1,0,1,0,0,0,0,0,,,,,
12,2510758,医療法人社団 創造会 平和台病院,医療法人社団創造会平和台病院,1,1,1,0,0,0,1,0,,,,,
12,2510709,医療法人社団康喜会 東葛辻仲病院,医療法人社団康喜会東葛辻仲病院,1,0,0,1,0,0,0,0,,,,,
12,2511087,医療法人社団聖仁会 我孫子聖仁会病院,医療法人社団聖仁会我孫子聖仁会病院,1,1,1,0,0,0,1,0,,,,,
12,4310041,日本赤十字社 成田赤十字病院,成田赤十字病院,3,2,2,1,0,0,2,0,,,,,
12,4312054,医療法人社団透光会 大栄病院,医療法人社団透光会大栄病院,1,0,0,1,0,0,0,0,,,,,
12,4310058,成田病院,医療法人鳳生会成田病院,1,1,0,1,0,0,1,0,,,,,
12,4210050,公益財団法人日産厚生会 佐倉厚生園病院,公益財団法人日産厚生会佐倉厚生園病院,1,0,0,1,0,0,0,0,,,,,
12,4211363,社会福祉法人 聖隷福祉事業団 聖隷佐倉市民病院,聖隷佐倉市民病院,4,2,3,1,0,1,1,0,,,15504.0,6463.0,VERIFIED_NUMERIC
12,4210399,医療法人社団愛信会 佐倉中央病院,医療法人社団愛信会佐倉中央病院,1,1,0,1,0,0,1,0,,,,,
12,4212429,医療法人社団樹徳会 佐倉整形外科眼科病院,医療法人社団樹徳会佐倉整形外科眼科病院,1,1,0,1,0,0,1,0,,,,,
12,4210639,東邦大学医療センター佐倉病院,東邦大学医療センター佐倉病院,3,2,3,0,0,1,1,0,,,,,
12,4410924,医療法人それいゆ会 四街道さくら病院,医療法人それいゆ会四街道さくら病院,1,0,0,1,0,0,0,0,,,,,
12,4410593,医療法人社団威風会 栗山中央病院,医療法人社団威風会栗山中央病院,1,1,1,0,0,0,0,1,,,,,
12,4410833,医療法人徳洲会 四街道徳洲会病院,医療法人徳洲会四街道徳洲会病院,2,1,1,1,0,0,1,0,,,,,
12,9510033,独立行政法人国立病院機構 下志津病院,独立行政法人国立病院機構下志津病院,1,1,0,1,0,0,1,0,,,,,
12,4510012,医療法人甲辰会 海保病院,医療法人甲辰会海保病院,1,0,0,1,0,0,0,0,,,,,
12,4510442,医療法人社団 誠和会 長谷川病院,医療法人社団誠和会長谷川病院,1,0,0,1,0,0,0,0,,,,,
12,4111134,日本医科大学千葉北総病院,日本医科大学千葉北総病院,6,2,3,3,0,1,1,0,,,,,FETCH_RETRY
12,4610572,医療法人平成博愛会 印西総合病院,医療法人平成博愛会　印西総合病院,1,1,0,1,0,0,1,0,,,,,
12,4710034,医療法人社団東光会 北総白井病院,医療法人社団東光会北総白井病院,1,1,0,1,0,0,1,0,,,,,
12,4710422,医療法人社団聖仁会 白井聖仁会病院,医療法人社団聖仁会白井聖仁会病院,1,1,0,1,0,0,1,0,,,,,
12,4710455,医療法人社団白翔会 千葉白井病院,医療法人社団白翔会千葉白井病院,1,1,0,1,0,0,1,0,,,,,
12,4111894,医療法人社団 千葉光徳会 千葉しすい病院,医療法人社団千葉光徳会千葉しすい病院,1,1,1,0,0,0,1,0,,,,,
12,4810388,医療法人社団樹々会 日吉台病院,医療法人社団樹々会日吉台病院,1,0,0,1,0,0,0,0,,,,,
12,4810438,医療法人徳洲会 成田富里徳洲会病院,医療法人徳洲会成田富里徳洲会病院,2,1,2,0,0,0,1,0,,,,,
12,4111282,医療法人社団育誠會 北総栄病院,医療法人社団育誠會北総栄病院,1,0,0,1,0,0,0,0,,,,,
12,1310119,医療法人積仁会 島田総合病院,医療法人積仁会島田総合病院,2,1,2,0,0,0,1,0,,,,,
12,1310499,医療法人社団圭寿会 兒玉病院,医療法人社団圭寿会兒玉病院,1,0,0,1,0,0,0,0,,,,,
12,1310051,銚子市立病院,銚子市立病院,1,1,0,1,0,0,1,0,,,,,
12,1411255,総合病院国保旭中央病院,総合病院国保旭中央病院,5,3,3,1,0,1,2,0,,,51254.0,16344.0,VERIFIED_NUMERIC
12,1411313,医療法人黒潮会 田辺病院,医療法人黒潮会田辺病院,1,0,1,0,0,0,0,0,,,,,
12,5010285,国保匝瑳市民病院,国保匝瑳市民病院,1,1,1,0,0,0,1,0,,,,,
12,5010079,九十九里ホーム病院,九十九里ホーム病院,1,0,0,1,0,0,0,0,,,,,
12,5210265,医療法人社団 明芳会 イムス佐原リハビリテーション病院,医療法人社団明芳会イムス佐原リハビリテーション病院,1,0,0,1,0,0,0,0,,,,,
12,5210455,医療法人三省会 本多病院,医療法人三省会本多病院,1,0,0,1,0,0,0,0,,,,,
12,5210505,医療法人社団寿光会 栗源病院,医療法人社団寿光会栗源病院,1,0,0,1,0,0,0,0,,,,,
12,5210067,千葉県立佐原病院,千葉県立佐原病院,1,1,1,0,0,0,1,0,,,,,
12,3010386,国保多古中央病院,国保多古中央病院,1,1,1,0,0,0,1,0,,,,,
12,3010485,東庄町国民健康保険 東庄病院,東庄町国民健康保険東庄病院,1,0,0,1,0,0,0,0,,,,,
12,3110814,医療法人社団貴志会 菅原病院,医療法人社団貴志会菅原病院,1,0,0,1,0,0,0,0,,,,,
12,3110277,医療法人社団三愛会 君塚病院,医療法人社団三愛会君塚病院,1,0,0,1,0,0,0,0,,,,,
12,3110376,公立長生病院,公立長生病院,1,1,0,1,0,0,1,0,,,,,
12,3110053,医療法人社団上総会 山之内病院,医療法人社団上総会山之内病院,1,1,1,0,0,0,1,0,,,,,
12,3110780,社会医療法人社団正朋会 宍倉病院,社会医療法人社団正朋会宍倉病院,2,0,0,1,0,0,0,0,,,,,
12,3110251,医療法人社団東光会 茂原中央病院,医療法人社団東光会茂原中央病院,1,0,0,1,0,0,0,0,,,,,
12,0810630,東千葉メディカルセンター,東千葉メディカルセンター,2,2,2,0,0,1,1,0,,,,,
12,0810036,医療法人静和会 浅井病院,医療法人静和会浅井病院,1,1,0,1,0,1,0,0,,,,,
12,3810058,医療法人ＳＨＩＯＤＡ 塩田病院,医療法人ＳＨＩＯＤＡ塩田病院,1,1,1,0,0,0,1,0,,,,,
12,4910022,いすみ医療センター,いすみ医療センター,1,1,1,0,0,0,1,0,,,,,
12,4910204,医療法人社団 寿光会 岬病院,医療法人社団寿光会岬病院,1,0,0,1,0,0,0,0,,,,,
12,0710905,大網白里市立国保大網病院,大網白里市立国保大網病院,1,1,1,0,0,0,1,0,,,,,
12,5410030,医療法人社団 鎮誠会 季美の森リハビリテーション病院,医療法人社団鎮誠会季美の森リハビリテーション病院,1,1,0,1,0,0,1,0,,,,,
12,0710707,医療法人社団慈優会 九十九里病院,医療法人社団慈優会九十九里病院,1,1,0,1,0,0,0,1,,,,,
12,0711358,髙根病院,医療法人社団徳風会髙根病院,2,1,1,1,0,0,1,0,,,,,
12,0712034,東陽病院,東陽病院,1,1,0,1,0,0,1,0,,,,,
12,3210291,医療法人社団聖光会 聖光会病院,医療法人社団聖光会聖光会病院,1,0,0,1,0,0,0,0,,,,,
12,3210549,医療法人ＳＨＩＯＤＡ 塩田記念病院,医療法人ＳＨＩＯＤＡ塩田記念病院,1,2,1,0,0,0,2,0,,,,,
12,3710076,医療法人 川崎病院,医療法人川崎病院,1,0,0,1,0,0,0,0,,,,,
12,3710118,医療法人白百合会 大多喜病院,医療法人白百合会大多喜病院,1,0,0,1,0,0,0,0,,,,,
12,3610920,社会福祉法人 太陽会 安房地域医療センター,社会福祉法人太陽会安房地域医療センター,2,1,2,0,0,1,0,0,,,,,
12,3910221,医療法人鉄蕉会 亀田総合病院,医療法人鉄蕉会亀田総合病院,5,2,4,1,0,0,2,0,,,15813.0,4520.0,VERIFIED_NUMERIC
12,3910064,医療法人明星会 東条病院,医療法人明星会東条病院,1,0,1,0,0,0,0,0,,,,,
12,3910080,医療法人三紫会 小田病院,医療法人三紫会小田病院,1,0,0,1,0,0,0,0,,,,,
12,3911021,鴨川市立国保病院,鴨川市立国保病院,1,0,0,1,0,0,0,0,,,,,
12,5110127,医療法人美篶会 中原病院,医療法人美篶会中原病院,1,0,0,1,0,0,0,0,,,,,
12,5110176,南房総市立富山国保病院,南房総市立富山国保病院,1,0,1,0,0,0,0,0,,,,,
12,5110028,医療法人光洋会 三芳病院,医療法人光洋会三芳病院,1,0,0,1,0,0,0,0,,,,,
12,3510336,鋸南町国民健康保険鋸南病院,鋸南町国民健康保険鋸南病院,1,1,0,1,0,0,0,1,,,,,
12,1011824,医療法人互生会 アクアリハビリテーション病院,医療法人互生会アクアリハビリテーション病院,1,0,0,1,0,0,0,0,,,,,
12,1011329,医療法人社団明敬会重城病院,医療法人社団明敬会重城病院,1,0,0,1,0,0,0,0,,,,,
12,1010149,国保直営総合病院 君津中央病院,国保直営総合病院君津中央病院,4,2,3,1,0,1,1,0,,,35707.0,8894.0,VERIFIED_NUMERIC
12,1010206,石井病院,石井病院,2,0,0,0,1,0,0,0,,,,,
12,1010065,医療法人萩仁会 萩原病院,医療法人萩仁会萩原病院,1,2,0,1,0,0,2,0,,,,,
12,1011618,医療法人社団 邦清会 木更津東邦病院,医療法人社団邦清会木更津東邦病院,1,1,0,1,0,0,1,0,,,,,
12,1010156,医療法人社団志仁会 薬丸病院,医療法人社団志仁会薬丸病院,1,0,1,0,0,0,0,0,,,,,
12,1010487,医療法人社団養真会 上総記念病院,医療法人社団養真会上総記念病院,1,0,0,1,0,0,0,0,,,,,
12,1110782,医療法人社団重光会 君津山の手病院,医療法人社団重光会君津山の手病院,1,0,0,1,0,0,0,0,,,,,
12,1110071,医療法人社団芙蓉会 千葉芙蓉病院,医療法人社団芙蓉会千葉芙蓉病院,1,0,0,1,0,0,0,0,,,,,
12,1110337,医療法人社団周晴会 鈴木病院,医療法人社団周晴会鈴木病院,1,0,0,1,0,0,0,0,,,,,
12,1210012,国保直営君津中央病院 大佐和分院,国保直営君津中央病院大佐和分院,1,0,0,1,0,0,0,0,,,,,
12,1210210,医療法人社団栄陽会 東病院,医療法人社団栄陽会東病院,1,0,0,1,0,0,0,0,,,,,
12,1210160,医療法人社団三友会 三枝病院,医療法人社団三友会三枝病院,1,0,0,1,0,0,0,0,,,,,
12,0910307,社会医療法人社団さつき会 袖ケ浦さつき台病院,社会医療法人社団さつき会袖ケ浦さつき台病院,1,1,1,0,0,0,1,0,,,,,
12,0611608,医療法人社団緑祐会 永野病院,医療法人社団緑祐会永野病院,1,0,0,1,0,0,0,0,,,,,
12,0611822,医療法人社団白金会 白金整形外科病院,医療法人社団白金会白金整形外科病院,1,1,0,1,0,0,1,0,,,,,
12,0612879,リハビリテーション病院さらしな,医療法人社団白金会リハビリテーション病院さらしな,1,1,0,1,0,0,0,1,,,,,
12,0610113,医療法人芙蓉会 五井病院,医療法人芙蓉会五井病院,1,1,1,0,0,0,1,0,,,,,
12,0612549,医療法人社団千寿雅会 長谷川病院,医療法人社団千寿雅会長谷川病院,1,0,0,1,0,0,0,0,,,,,
12,0611061,医療法人社団健老会 姉崎病院,医療法人社団健老会姉崎病院,1,0,0,0,1,0,0,0,,,,,
12,0610055,医療法人 鎗田病院,医療法人鎗田病院,1,1,1,0,0,0,1,0,,,,,
12,0610634,帝京大学ちば総合医療センター,帝京大学ちば総合医療センター,3,2,3,0,0,1,1,0,,,,,
12,0610162,千葉県循環器病センター,千葉県循環器病センター,2,2,1,1,0,1,1,0,,,,,
12,0610147,独立行政法人 労働者健康安全機構 千葉労災病院,独立行政法人労働者健康安全機構千葉労災病院,3,2,2,1,0,2,0,0,,,,,
12,0610220,医療法人社団琢心会 辰巳病院,医療法人社団琢心会辰巳病院,1,0,1,0,0,0,0,0,,,,,
12,4212213,社会福祉法人ユーカリ優都会 南ヶ丘病院,社会福祉法人ユーカリ優都会 南ヶ丘病院,1,0,1,0,0,0,0,0,,,,,
12,2716975,タムス市川リハビリテーション病院,タムス市川リハビリテーション病院,1,1,0,1,0,0,1,0,,,,,
12,1912559,タムス浦安病院,タムス浦安病院,1,0,1,0,0,0,0,0,,,,,
12,2416709,医療法人社団寿光会 松戸牧の原病院,医療法人社団寿光会 松戸牧の原病院,1,0,0,1,0,0,0,0,,,,,
12,2311835,医療法人社団曙会流山中央病院附属 泉リハビリテーション病院,医療法人社団曙会 流山中央病院附属泉リハビリテーション病院,1,0,0,1,0,0,0,0,,,,,
12,4312591,国際医療福祉大学成田病院,国際医療福祉大学成田病院,9,4,7,1,0,2,2,0,,,22251.0,9969.0,VERIFIED_NUMERIC
12,0125096,医療法人社団 鎮誠会 令和リハビリテーション病院,医療法人社団鎮誠会令和リハビリテーション病院,1,1,0,1,0,0,1,0,,,,,
12,3611100,医療法人徳洲会 館山病院,医療法人徳洲会館山病院,1,1,0,1,0,0,1,0,,,,,
12,5210778,香取おみがわ医療センター,香取おみがわ医療センター,1,1,1,0,0,0,1,0,,,,,
12,0125559,医療法人白百合会 幕張病院,医療法人白百合会幕張病院,1,0,0,1,0,0,0,0,,,,,
12,2116994,社会医療法人社団蛍水会 名戸ヶ谷記念病院,社会医療法人社団蛍水会名戸ヶ谷記念病院,1,0,1,0,0,0,0,0,,,,,
12,0126052,千葉県総合救急災害医療センター,千葉県総合救急災害医療センター,1,1,1,0,0,0,1,0,,,,,
12,2010163,医療法人社団全生会 江戸川病院,医療法人社団全生会　江戸川病院,1,1,0,1,0,0,0,1,,,,,
12,2011658,医療法人徳洲会 野田総合病院,医療法人徳洲会　野田総合病院,2,1,2,0,0,0,1,0,,,,,
13,0170092,医療法人社団 茂恵会 半蔵門病院,医療法人社団茂恵会 半蔵門病院,1,0,0,1,0,0,0,0,,,,,
13,9516824,東京逓信病院,東京逓信病院,5,2,2,1,1,1,1,0,,,16522.0,8397.0,VERIFIED_NUMERIC
13,0170134,国家公務員共済組合連合会 九段坂病院,国家公務員共済組合連合会九段坂病院,3,2,1,0,0,2,0,0,,,,,
13,0170068,公益財団法人 佐々木研究所 附属杏雲堂病院,公益財団法人佐々木研究所附属杏雲堂病院,2,1,1,1,0,0,1,0,,,,,
13,0170043,日本歯科大学附属病院,日本歯科大学附属病院,2,0,1,0,0,0,0,0,,,,,
13,0114611,東京歯科大学水道橋病院,東京歯科大学水道橋病院,3,0,1,0,0,0,0,0,,,,,
13,0170050,公益社団法人 東京都教職員互助会 三楽病院,公益社団法人東京都教職員互助会 三楽病院,1,2,1,0,0,1,1,0,,,,,
13,0170076,医療法人財団 神尾記念病院,医療法人財団神尾記念病院,1,0,0,1,0,0,0,0,,,,,
13,0110098,社会福祉法人 三井記念病院,社会福祉法人三井記念病院,4,3,3,0,0,1,2,0,,,21804.0,9907.0,VERIFIED_NUMERIC
13,0170126,日本大学病院,日本大学病院,3,2,2,1,0,1,1,0,,,,,
13,8616104,国立研究開発法人 国立がん研究センター中央病院,国立研究開発法人国立がん研究センター中央病院,16,4,11,3,2,2,1,1,,,62619.0,12010.0,VERIFIED_NUMERIC
13,0270751,聖路加国際病院,聖路加国際病院,4,4,3,1,0,2,2,0,,,38134.0,15981.0,VERIFIED_NUMERIC
13,0314716,独立行政法人 地域医療機能推進機構 東京高輪病院,独立行政法人地域医療機能推進機構 東京高輪病院,1,1,1,0,0,1,0,0,,,,,
13,0370718,医療法人財団 順和会 山王病院,医療法人財団順和会 山王病院,1,1,1,0,0,0,1,0,,,,,
13,0317024,医療法人財団 厚生会 古川橋病院,医療法人財団厚生会 古川橋病院,1,0,0,1,0,0,0,0,,,,,
13,0370783,社会福祉法人恩賜財団 母子愛育会 総合母子保健センター愛育病院,社会福祉法人恩賜財団母子愛育会総合母子保健センター愛育病院,1,1,0,0,0,0,1,0,,,,,
13,0314757,東京都済生会中央病院,社会福祉法人恩賜財団済生会支部東京都済生会 東京都済生会中央病院,6,3,3,2,1,1,2,0,,,,,
13,0370676,医療法人社団 友仁会 赤坂見附前田病院,医療法人社団友仁会 赤坂見附 前田病院,1,1,0,1,0,0,1,0,,,,,
13,0370759,国際医療福祉大学三田病院,国際医療福祉大学三田病院,4,2,3,1,0,1,1,0,,,12919.0,7785.0,VERIFIED_NUMERIC
13,0370775,公益財団法人 心臓血管研究所付属病院,公益財団法人 心臓血管研究所付属病院,1,0,1,0,0,0,0,0,,,,,
13,0370767,北里大学北里研究所病院,北里大学北里研究所病院,2,1,1,1,0,0,1,0,,,,,
13,8810236,東京大学医科学研究所附属病院,東京大学医科学研究所附属病院,1,1,1,0,0,1,0,0,,,,,
13,0314732,虎の門病院,国家公務員共済組合連合会 虎の門病院,5,4,5,0,0,2,2,0,,,,,
13,0514836,順天堂大学医学部附属 順天堂医院,順天堂大学医学部附属順天堂医院,8,8,5,2,1,5,2,1,,,77016.0,45252.0,VERIFIED_NUMERIC
13,0570937,医療法人社団 大坪会 東都文京病院,医療法人社団大坪会 東都文京病院,1,1,1,0,0,0,1,0,,,,,
13,0570010,東京健生病院,東京健生病院,1,0,1,0,0,0,0,0,,,,,
13,0515775,一般財団法人 慈愛病院,一般財団法人慈愛会　慈愛病院,1,0,0,1,0,0,0,0,,,,,
13,8814774,東京科学大学病院,東京科学大学病院,9,6,7,2,0,4,2,0,,,40302.0,15470.0,VERIFIED_NUMERIC
13,8814790,東京大学医学部附属病院,東京大学医学部附属病院,8,7,6,2,0,5,2,0,,,0.0,0.0,VERIFIED_ZERO
13,0510347,日本医科大学付属病院,日本医科大学付属病院,10,5,7,2,1,2,3,0,,,45987.0,17250.0,VERIFIED_NUMERIC
13,0670653,医療法人社団 哺育会 浅草病院,医療法人社団哺育会浅草病院,1,1,1,0,0,0,1,0,,,,,
13,0670604,公益財団法人 ライフ・エクステンション研究所 付属 永寿総合病院,公益財団法人ライフ・エクステンション研究所付属永寿総合病院,2,2,2,0,0,0,2,0,,,,,
13,0614842,浅草寺病院,浅草寺病院,1,1,1,0,0,0,1,0,,,,,
13,0670646,東京都台東区立 台東病院,東京都台東区立台東病院,1,1,1,0,0,0,1,0,,,,,
13,0970566,品川志匠会病院,品川志匠会病院,1,3,0,1,0,0,1,2,,,,,
13,0970608,公益財団法人 河野臨牀医学研究所 附属 品川リハビリテーション病院,公益財団法人河野臨牀医学研究所附属品川リハビリテーション病院,1,0,0,1,0,0,0,0,,,,,
13,0970541,医療法人社団 旗の台病院 旗の台病院,医療法人社団旗の台病院　旗の台病院,1,1,0,1,0,0,1,0,,,,,
13,0970590,社会医療法人社団 東京巨樹の会 東京品川病院,社会医療法人社団東京巨樹の会　東京品川病院,3,3,3,0,0,1,2,0,,,30888.0,7346.0,VERIFIED_NUMERIC
13,0970012,医療法人社団 有仁会 阿部病院,医療法人社団有仁会 阿部病院,1,0,0,1,0,0,0,0,,,,,
13,0970533,昭和医科大学病院附属東病院,昭和医科大学病院附属東病院,1,0,1,0,0,0,0,0,,,,,
13,0970574,医療法人財団 岩井医療財団 稲波脊椎・関節病院,医療法人財団岩井医療財団 稲波脊椎・関節病院,1,2,0,1,0,1,1,0,,,,,
13,0915801,公益財団法人 河野臨牀医学研究所 附属第三北品川病院,公益財団法人河野臨牀医学研究所附属第三北品川病院,1,1,1,0,0,0,1,0,,,,,
13,0970095,ＮＴＴ東日本関東病院,ＮＴＴ東日本関東病院,5,4,5,0,0,2,2,0,,,24380.0,14703.0,VERIFIED_NUMERIC
13,0970558,大崎病院 東京ハートセンター,大崎病院 東京ハートセンター,1,0,1,0,0,0,0,0,,,,,
13,0915413,昭和医科大学病院,昭和医科大学病院,6,4,4,2,0,2,2,0,,,33216.0,19712.0,VERIFIED_NUMERIC
13,1115443,独立行政法人 地域医療機能推進機構 東京蒲田医療センター,独立行政法人地域医療機能推進機構 東京蒲田医療センター,1,1,1,0,0,0,1,0,,,,,
13,1170935,医療法人社団 静恒会 本多病院,医療法人社団静恒会 本多病院,1,0,0,0,1,0,0,0,,,,,
13,1113356,東邦大学医療センター大森病院,東邦大学医療センター大森病院,5,4,4,1,0,2,2,0,,,46489.0,14697.0,VERIFIED_NUMERIC
13,1170992,医療法人社団 京浜会 京浜病院,医療法人社団京浜会 京浜病院,1,0,0,1,0,0,0,0,,,,,
13,5670005,東京蒲田病院,東京蒲田病院,1,1,1,0,0,0,1,0,,,,,
13,1171073,医療法人社団 メドビュー 東京ちどり病院,東京ちどり病院,1,0,0,1,0,0,0,0,,,,,
13,1170950,医療法人社団 松和会 池上総合病院,医療法人社団松和会 池上総合病院,2,2,2,0,0,1,1,0,,,,,
13,1115435,日本赤十字社東京都支部 大森赤十字病院,日本赤十字社東京都支部大森赤十字病院,2,2,2,0,0,0,2,0,,,,,
13,5670013,社会医療法人財団 仁医会 牧田リハビリテーション病院,社会医療法人財団仁医会牧田リハビリテーション病院,1,1,0,1,0,0,1,0,,,,,
13,1113513,医療法人 横浜未来ヘルスケアシステム 大田池上病院,医療法人横浜未来ヘルスケアシステム 大田池上病院,1,1,1,0,0,0,1,0,,,,,
13,5670054,医療法人社団 寿徳会 高野病院,医療法人社団 寿徳会 高野病院,1,0,0,1,0,0,0,0,,,,,
13,1119692,大田病院,大田病院,1,1,1,0,0,0,1,0,,,,,
13,1113463,医療法人財団 中島記念会 大森山王病院,医療法人財団中島記念会 大森山王病院,1,0,0,1,0,0,0,0,,,,,
13,5670021,社会医療法人財団 仁医会 牧田総合病院,社会医療法人財団仁医会　牧田総合病院,2,2,2,0,0,2,0,0,,,,,
13,1115427,東京労災病院,独立行政法人労働者健康安全機構東京労災病院,3,2,2,1,0,1,1,0,,,,,
13,1171099,東急 株式会社 東急病院,東急株式会社 東急病院,1,1,1,0,0,1,0,0,,,,,
13,1070713,東邦大学医療センター大橋病院,東邦大学医療センター大橋病院,3,2,3,0,0,1,1,0,,,,,
13,1070689,医療法人社団 爽玄会 碑文谷病院,医療法人社団爽玄会 碑文谷病院,1,1,0,1,0,0,1,0,,,,,
13,1015262,国家公務員共済組合連合会 東京共済病院,国家公務員共済組合連合会 東京共済病院,2,1,2,0,0,0,1,0,,,,,
13,1015270,国家公務員共済組合連合会 三宿病院,国家公務員共済組合連合会三宿病院,1,1,1,0,0,0,1,0,,,,,
13,1070705,医療法人社団 菫会 目黒病院,医療法人社団菫会 目黒病院,1,1,0,0,1,0,0,1,,,,,
13,1070044,総合病院厚生中央病院,総合病院厚生中央病院,2,1,1,1,0,0,1,0,,,,,
13,1012822,医療法人社団 目黒厚生会 本田病院,医療法人社団目黒厚生会　本田病院,1,0,0,1,0,0,0,0,,,,,
13,8615288,独立行政法人 国立病院機構 東京医療センター,独立行政法人国立病院機構東京医療センター,4,3,4,0,0,0,3,0,,,25807.0,7853.0,VERIFIED_NUMERIC
13,1070671,医療法人財団 日扇会 第一病院,医療法人財団日扇会 第一病院,1,0,1,0,0,0,0,0,,,,,
13,1215292,公益財団法人 日産厚生会 玉川病院,公益財団法人日産厚生会玉川病院,2,1,2,0,0,0,1,0,,,,,
13,1270636,医療法人社団 東京せいわ会 おくさわ脳卒中リハビリテーション病院,医療法人社団東京せいわ会 おくさわ脳卒中リハビリテーション病院,1,0,0,1,0,0,0,0,,,,,
13,8615312,国立研究開発法人 国立成育医療研究センター,国立研究開発法人 国立成育医療研究センター,1,2,1,0,0,1,1,0,,,,,
13,1213016,社会福祉法人 児玉新生会 児玉経堂病院,社会福祉法人児玉新生会児玉経堂病院,1,0,0,1,0,0,0,0,,,,,
13,1213032,社会福祉法人 東京有隣会 有隣病院,社会福祉法人東京有隣会 有隣病院,1,0,0,1,0,0,0,0,,,,,
13,5570015,医療法人社団 青泉会 下北沢病院,医療法人社団青泉会 下北沢病院,1,0,0,1,0,0,0,0,,,,,
13,1270545,医療法人社団 大坪会 三軒茶屋病院,医療法人社団大坪会三軒茶屋病院,1,0,0,1,0,0,0,0,,,,,
13,5570064,医療法人社団 大坪会 三軒茶屋第一病院,医療法人社団大坪会 三軒茶屋第一病院,1,0,0,1,0,0,0,0,,,,,
13,1213065,一般社団法人 至誠会 第二病院,一般社団法人至誠会第二病院,1,1,1,0,0,0,1,0,,,,,
13,1216886,社会福祉法人 康和会 久我山病院,社会福祉法人康和会久我山病院,1,1,1,0,0,0,1,0,,,,,
13,1270644,医療法人 横浜未来ヘルスケアシステム 奥沢病院,医療法人横浜未来ヘルスケアシステム 奥沢病院,1,0,1,0,0,0,0,0,,,,,
13,1215334,公立学校共済組合 関東中央病院,公立学校共済組合関東中央病院,3,2,3,0,0,2,0,0,,,,,
13,1213073,医療法人社団 さくら会 世田谷中央病院,世田谷中央病院,1,1,1,0,0,0,0,1,,,,,
13,1215342,昭和医科大学烏山病院,昭和医科大学烏山病院,1,1,0,0,1,1,0,0,,,,,
13,9570565,自衛隊中央病院,自衛隊中央病院,3,2,2,0,1,1,1,0,,,,,
13,5570080,医療法人社団 輝生会 成城リハビリテーション病院,医療法人社団輝生会 成城リハビリテーション病院,1,0,0,1,0,0,0,0,,,,,
13,5570072,世田谷記念病院,世田谷記念病院,1,0,0,1,0,0,0,0,,,,,
13,1212919,一般財団法人 平和協会 駒沢病院,一般財団法人 平和協会 駒沢病院,1,1,1,0,0,0,1,0,,,,,
13,5570106,医療法人社団 下田緑眞会 世田谷北部病院,医療法人社団下田緑眞会 世田谷北部病院,1,1,0,1,0,0,1,0,,,,,
13,1270032,古畑病院,古畑病院,1,0,0,1,0,0,0,0,,,,,
13,1370154,医療法人社団 明生会 セントラル病院,医療法人社団 明生会 セントラル病院,1,0,1,0,0,0,0,0,,,,,
13,1370022,クロス病院,クロス病院,1,0,0,1,0,0,0,0,,,,,
13,1370162,医療法人社団 輝生会 初台リハビリテーション病院,医療法人社団輝生会 初台リハビリテーション病院,1,1,0,1,0,0,1,0,,,,,
13,1370071,ＪＲ東京総合病院,ＪＲ東京総合病院,4,1,3,1,0,1,0,0,,,,,
13,1370741,医療法人社団 春陽会 参宮橋脊椎外科病院,医療法人社団春陽会 参宮橋脊椎外科病院,1,1,0,1,0,0,1,0,,,,,
13,1315233,日本赤十字社医療センター,日本赤十字社医療センター,5,3,3,0,1,1,2,0,,,,,FETCH_RETRY
13,6070015,社会医療法人社団東京巨樹の会 原宿リハビリテーション病院,原宿リハビリテーション病院,1,0,0,1,0,0,0,0,,,,,
13,1312750,医療法人 内藤病院,医療法人内藤病院,1,0,1,0,0,0,0,0,,,,,
13,1370733,伊藤病院,伊藤病院,1,0,1,0,0,0,0,0,,,,,
13,1370725,医療法人社団 明生会 セントラル病院松濤,医療法人社団明生会セントラル病院松濤,1,0,0,1,0,0,0,0,,,,,
13,1370105,医療法人財団 東京勤労者医療会 代々木病院,医療法人財団東京勤労者医療会 代々木病院,1,0,0,1,0,0,0,0,,,,,
13,1370147,医療法人社団 オリンピア会 オリンピア眼科病院,医療法人社団オリンピア会 オリンピア眼科病院,0,1,0,0,0,0,1,0,,,,,
13,0415018,東京医科大学病院,東京医科大学病院,13,5,9,3,0,3,2,0,,,52942.0,23220.0,VERIFIED_NUMERIC
13,0415059,独立行政法人 地域医療機能推進機構 東京新宿メディカルセンター,独立行政法人地域医療機能推進機構 東京新宿メディカルセンター,3,3,1,2,0,1,2,0,,,,,NO_VALUE_ON_PUBLIC_PAGE
13,0470963,医療法人社団 広恵会 春山記念病院,医療法人社団広恵会 春山記念病院,1,1,1,0,0,0,1,0,,,,,
13,0470104,医療法人社団 鉄友会 柳町病院,医療法人社団鉄友会 柳町病院,1,0,0,1,0,0,0,0,,,,,
13,0415067,慶應義塾大学病院,慶應義塾大学病院,13,6,7,5,0,5,1,0,,,47979.0,23983.0,VERIFIED_NUMERIC
13,0470948,医療法人社団 悦伝会 目白病院,医療法人社団悦伝会 目白病院,1,1,1,0,0,0,0,1,,,,,
13,0411264,社会福祉法人 聖母会 聖母病院,社会福祉法人 聖母会 聖母病院,1,1,1,0,0,1,0,0,,,,,
13,0415042,東京女子医科大学病院,東京女子医科大学病院,7,7,7,0,0,3,3,1,,,31313.0,23827.0,VERIFIED_NUMERIC
13,0470070,独立行政法人 地域医療機能推進機構 東京山手メディカルセンター,独立行政法人地域医療機能推進機構 東京山手メディカルセンター,2,2,2,0,0,1,1,0,,,,,
13,8615072,国立健康危機管理研究機構 国立国際医療センター,国立健康危機管理研究機構 国立国際医療センター,8,3,6,2,0,2,1,0,,,,,NO_VALUE_ON_PUBLIC_PAGE
13,1470038,社会医療法人社団 健友会 中野共立病院,社会医療法人社団健友会 中野共立病院,1,0,0,1,0,0,0,0,,,,,
13,1410901,東京医療生活協同組合 新渡戸記念中野総合病院,新渡戸記念中野総合病院,1,1,1,0,0,0,1,0,,,,,
13,1470087,医療法人社団 徳静会 横畠病院,医療法人社団徳静会横畠病院,1,0,1,0,0,0,0,0,,,,,
13,1470079,医療法人財団 健貢会 総合東京病院,医療法人財団健貢会 総合東京病院,6,3,3,2,1,1,2,0,,,21413.0,11835.0,VERIFIED_NUMERIC
13,1410976,社会福祉法人 浄風園 中野江古田病院,社会福祉法人浄風園 中野江古田病院,1,0,0,1,0,0,0,0,,,,,
13,1470061,一般財団法人 自警会 東京警察病院,一般財団法人自警会 東京警察病院,6,3,2,3,1,2,1,0,,,,,NO_VALUE_ON_PUBLIC_PAGE
13,1570936,医療法人財団 アドベンチスト会 東京衛生アドベンチスト病院,医療法人財団アドベンチスト会 東京衛生アドベンチスト病院,1,1,1,0,0,0,1,0,,,,,
13,1570985,医療法人社団 杏順会 越川病院,医療法人社団杏順会 越川病院,1,0,0,1,0,0,0,0,,,,,
13,1571017,医療法人社団 哺育会 杉並リハビリテーション病院,医療法人社団 哺育会 杉並リハビリテーション病院,1,0,0,1,0,0,0,0,,,,,
13,1570480,医療法人社団 回心会 ロイヤル病院,医療法人社団回心会ロイヤル病院,1,0,0,1,0,0,0,0,,,,,
13,1514967,医療法人財団 荻窪病院,医療法人財団　荻窪病院,2,1,1,1,0,0,1,0,,,,,
13,1570886,河北リハビリテーション病院,社会医療法人河北医療財団河北リハビリテーション病院,1,0,0,1,0,0,0,0,,,,,
13,1570944,ニューハート・ワタナベ国際病院,ニューハート・ワタナベ国際病院,1,0,1,0,0,0,0,0,,,,,
13,1570977,浜田山病院,浜田山病院,1,1,0,1,0,0,0,1,,,,,
13,1571025,医療法人社団 山斗会 山中病院,医療法人社団山斗会 山中病院,1,0,0,1,0,0,0,0,,,,,
13,1570050,医療法人社団 静山会 清川病院,医療法人社団静山会 清川病院,1,1,0,1,0,0,0,1,,,,,
13,1570928,一般社団法人 衛生文化協会 城西病院,一般社団法人衛生文化協会 城西病院,1,0,0,1,0,0,0,0,,,,,
13,1514983,社会福祉法人 浴風会 浴風会病院,社会福祉法人浴風会 浴風会病院,1,1,0,1,0,0,1,0,,,,,
13,1670975,医療法人社団 ＥＮＥＸＴ 池袋西口病院,医療法人社団ENEXT　池袋西口病院,1,0,0,1,0,0,0,0,,,,,
13,1611474,医療法人社団 生全会 池袋病院,（医社）生全会 池袋病院,1,0,1,0,0,0,0,0,,,,,
13,1670892,医療法人社団 仁泉会 としま昭和病院,医療法人社団仁泉会 としま昭和病院,1,0,0,1,0,0,0,0,,,,,
13,1617588,医療法人社団 瑞雲会 高田馬場病院,医療法人社団瑞雲会 高田馬場病院,1,0,0,1,0,0,0,0,,,,,
13,1670959,要町病院,要町病院,1,0,0,1,0,0,0,0,,,,,
13,1670017,医療法人社団 日心会 総合病院一心病院,医療法人社団日心会 総合病院一心病院,1,0,1,0,0,0,0,0,,,,,
13,1670991,医療法人社団 久福会 関野病院,医療法人社団久福会 関野病院,1,0,1,0,0,0,0,0,,,,,
13,1617836,社会医療法人社団 大成会 長汐病院,社会医療法人社団大成会　長汐病院,1,1,0,1,0,0,1,0,,,,,
13,1671007,医療法人社団 敬悠会 副都心病院,医療法人社団敬悠会 副都心病院,1,0,0,1,0,0,0,0,,,,,
13,1711878,医療法人財団 逸生会 大橋病院,医療法人財団逸生会 大橋病院,1,0,1,0,0,0,0,0,,,,,
13,1770130,医療法人社団 金地病院,医療法人社団金地病院,2,0,1,0,1,0,0,0,,,,,
13,1770817,社会医療法人社団東京巨樹の会 赤羽リハビリテーション病院,赤羽リハビリテーション病院,1,0,0,1,0,0,0,0,,,,,
13,1719897,社会福祉法人 新栄会 滝野川病院,社会福祉法人新栄会滝野川病院,1,0,0,1,0,0,0,0,,,,,
13,1770718,王子生協病院,王子生協病院,1,0,1,0,0,0,0,0,,,,,
13,1770783,花と森の東京病院,花と森の東京病院,1,1,1,0,0,0,1,0,,,,,
13,1770023,医療法人社団 埴原会 赤羽病院,医療法人社団埴原会赤羽病院,1,0,0,1,0,0,0,0,,,,,
13,1711886,医療法人社団 田島厚生会 神谷病院,医療法人社団田島厚生会神谷病院,1,0,1,0,0,0,0,0,,,,,
13,1770650,医療法人社団 中央白報会 白報会王子病院,医療法人社団中央白報会 白報会王子病院,1,0,0,1,0,0,0,0,,,,,
13,1770734,公益社団法人地域医療振興協会 東京北医療センター,公益社団法人地域医療振興協会 東京北医療センター,2,2,2,0,0,1,1,0,,,,,
13,1770791,赤羽東口病院,医療法人社団景星会赤羽 赤羽東口病院,2,1,1,0,0,0,1,0,,,,,
13,1770635,医療法人社団 博栄会 浮間中央病院,医療法人社団博栄会 浮間中央病院,1,0,1,0,0,0,0,0,,,,,
13,1770759,医療法人財団 明理会 明理会中央総合病院,医療法人財団明理会 明理会中央総合病院,1,1,1,0,0,0,1,0,,,,,
13,1770767,医療法人社団 福寿会 赤羽岩渕病院,医療法人社団福寿会 赤羽岩渕病院,1,0,1,0,0,0,0,0,,,,,
13,1970250,医療法人社団 誠志会 誠志会病院,医療法人社団誠志会 誠志会病院,1,0,0,1,0,0,0,0,,,,,
13,1970763,医療法人社団 明芳会 イムス記念病院,医療法人社団明芳会 イムス記念病院,1,0,1,0,0,0,0,0,,,,,
13,1970912,医療法人社団 慈誠会 浮間舟渡病院,医療法人社団慈誠会 浮間舟渡病院,1,0,1,0,0,0,0,0,,,,,
13,1970722,医療法人社団 正風会 小林病院,医療法人社団正風会 小林病院,1,1,0,1,0,0,1,0,,,,,
13,1970839,医療法人社団 博鳳会 敬愛病院,医療法人社団博鳳会 敬愛病院,1,0,1,0,0,0,0,0,,,,,
13,1970144,医療法人社団 昭成会 田﨑病院,医療法人社団昭成会 田﨑病院,1,0,0,1,0,0,0,0,,,,,
13,1970078,医療法人社団 慈誠会 慈誠会徳丸リハビリテーション病院,医療法人社団慈誠会 慈誠会徳丸リハビリテーション病院,1,0,0,1,0,0,0,0,,,,,
13,1911718,医療法人社団 翠会 成増厚生病院,医療法人社団翠会　成増厚生病院,1,0,0,1,0,0,0,0,,,,,
13,1911635,医療法人財団 健康文化会 小豆沢病院,医療法人財団健康文化会小豆沢病院,1,0,1,0,0,0,0,0,,,,,
13,1970862,東京都健康長寿医療センター,地方独立行政法人 東京都健康長寿医療センター,3,3,2,1,0,2,1,0,,,,,NO_VALUE_ON_PUBLIC_PAGE
13,1970797,医療法人社団 慈誠会 慈誠会前野病院,医療法人社団慈誠会 慈誠会前野病院,1,0,0,1,0,0,0,0,,,,,
13,1970920,医療法人社団 美誠会 板橋宮本病院,医療法人社団美誠会 板橋宮本病院,1,0,0,1,0,0,0,0,,,,,
13,1915123,公益財団法人 愛世会 愛誠病院,公益財団法人愛世会愛誠病院,2,1,0,1,0,0,0,1,,,,,
13,1970847,医療法人社団 健育会 竹川病院,医療法人社団健育会 竹川病院,1,1,0,1,0,0,0,1,,,,,
13,1970979,リハビリパーク板橋病院,リハビリパーク板橋病院,1,0,0,1,0,0,0,0,,,,,
13,1970813,医療法人社団 叡宥会 安田病院,医療法人社団叡宥会 安田病院,1,0,0,1,0,0,0,0,,,,,
13,1970938,医療法人財団 明理会 明理会東京大和病院,医療法人財団明理会 明理会東京大和病院,1,1,1,0,0,0,1,0,,,,,
13,1919588,帝京大学医学部附属病院,帝京大学医学部附属病院,7,4,7,0,0,3,1,0,,,,,
13,1970854,医療法人社団 慈誠会 東武練馬中央病院,医療法人社団慈誠会 東武練馬中央病院,1,0,1,0,0,0,0,0,,,,,
13,1911700,心身障害児総合医療療育センター,心身障害児総合医療療育センター,1,0,0,1,0,0,0,0,,,,,
13,1970805,医療法人社団 慈誠会 慈誠会成増病院,医療法人社団慈誠会 慈誠会成増病院,1,0,0,1,0,0,0,0,,,,,
13,1918358,医療法人財団 朔望会 常盤台外科病院,医療法人財団朔望会 常盤台外科病院,1,1,1,0,0,0,1,0,,,,,
13,1970946,医療法人社団 明芳会 高島平中央総合病院,医療法人社団 明芳会 高島平中央総合病院,1,1,1,0,0,0,1,0,,,,,
13,1970730,医療法人社団 和好会 金子病院,医療法人社団和好会 金子病院,1,1,1,0,0,0,0,1,,,,,
13,1915131,一般財団法人 精神医学研究所 附属東京武蔵野病院,一般財団法人 精神医学研究所 附属東京武蔵野病院,1,1,1,0,0,0,1,0,,,,,
13,1911627,医療法人財団 同潤会 富士見病院,医療法人財団同潤会 富士見病院,1,0,1,0,0,0,0,0,,,,,
13,1911502,日本大学医学部附属板橋病院,日本大学医学部附属板橋病院,5,4,4,1,0,3,1,0,,,46618.0,19586.0,VERIFIED_NUMERIC
13,1919984,板橋区医師会病院,板橋区医師会病院,1,1,1,0,0,0,1,0,,,,,
13,1916121,医療法人社団 明芳会 板橋中央総合病院,医療法人社団明芳会 板橋中央総合病院,3,2,3,0,0,0,2,0,,,,,
13,1970896,医療法人社団 慈誠会 上板橋病院,医療法人社団慈誠会 上板橋病院,1,0,0,1,0,0,0,0,,,,,
13,1970961,医療法人財団 朔望会 リハビリテーション エーデルワイス病院,医療法人財団朔望会 リハビリテーションエーデルワイス病院,1,0,0,1,0,0,0,0,,,,,
13,1970821,医療法人社団 慈誠会 慈誠会記念病院,医療法人社団慈誠会 慈誠会記念病院,1,0,0,1,0,0,0,0,,,,,
13,2070928,学校法人 順天堂 順天堂大学医学部附属練馬病院,順天堂大学医学部附属練馬病院,2,3,2,0,0,1,2,0,,,,,
13,2070894,大泉生協病院,大泉生協病院,1,1,0,1,0,0,1,0,,,,,
13,2016525,医療法人社団 浩生会 浩生会スズキ病院,浩生会 スズキ病院,1,1,0,1,0,0,1,0,,,,,
13,2070027,医療法人社団 千秋会 田中吉祥寺病院,医療法人社団千秋会田中吉祥寺病院,1,1,1,0,0,0,1,0,,,,,
13,2070936,公益財団法人 東京都医療保健協会 練馬総合病院,公益財団法人東京都医療保健協会練馬総合病院,1,1,1,0,0,0,1,0,,,,,
13,2011799,医療法人社団 さくら景星会 桜台病院,医療法人社団 さくら景星会 桜台病院,1,0,0,1,0,0,0,0,,,,,
13,2070969,医療法人社団 慈誠会 練馬駅リハビリテーション病院,医療法人社団慈誠会 練馬駅リハビリテーション病院,1,0,0,1,0,0,0,0,,,,,
13,2070886,医療法人社団 育陽会 練馬さくら病院,医療法人社団育陽会 練馬さくら病院,1,0,0,1,0,0,0,0,,,,,
13,2070944,医療法人社団 はなぶさ会 島村記念病院,医療法人社団はなぶさ会 島村記念病院,1,0,1,0,0,0,0,0,,,,,
13,2070985,医療法人社団 健育会 ねりま健育会病院,医療法人社団健育会　ねりま健育会病院,1,1,0,1,0,0,1,0,,,,,
13,1817949,医療法人社団 関川会 関川病院,医療法人社団関川会 関川病院,1,0,0,0,1,0,0,0,,,,,
13,1812072,社会福祉法人 上宮会 日暮里上宮病院,社会福祉法人上宮会 日暮里上宮病院,1,0,0,1,0,0,0,0,,,,,
13,1870880,社会医療法人社団 正志会 荒木記念東京リバーサイド病院,社会医療法人社団正志会 荒木記念東京リバーサイド病院,1,1,0,1,0,0,1,0,,,,,
13,1870088,医療法人社団 愛和会 南千住病院,医療法人社団愛和会南千住病院,1,0,0,1,0,0,0,0,,,,,
13,1870815,医療法人社団 杏精会 岡田病院,医療法人社団杏精会 岡田病院,1,0,1,0,0,0,0,0,,,,,
13,1870898,医療法人社団 成守会 はせがわ病院,医療法人社団成守会 はせがわ病院,1,0,1,0,0,0,0,0,,,,,
13,1870872,医療法人社団 美誠会 荒川病院,医療法人社団美誠会 荒川病院,1,0,0,1,0,0,0,0,,,,,
13,2112241,医療法人社団 苑田会 愛里病院,医療法人社団苑田会　愛里病院,1,0,1,0,0,0,0,0,,,,,
13,2171049,医療法人財団 健和会 柳原病院,医療法人財団健和会 柳原病院,1,1,0,1,0,0,1,0,,,,,
13,2171304,医療法人社団 苑田会 苑田会人工関節センター病院,医療法人社団苑田会 苑田会人工関節センター病院,0,1,0,0,0,0,0,1,,,,,
13,2171478,医療法人社団 大和会 平成扇病院,医療法人社団大和会 平成扇病院,1,0,0,1,0,0,0,0,,,,,
13,2171239,社会医療法人社団 医善会 いずみ記念病院,社会医療法人社団 医善会 いずみ記念病院,1,1,1,0,0,1,0,0,,,,,
13,2171015,医療法人社団 日岩会 下井病院,医療法人社団日岩会 下井病院,1,1,0,1,0,0,0,1,,,,,
13,2171114,医療法人社団 苑田会 苑田第一病院,医療法人社団苑田会 苑田第一病院,2,1,2,0,0,0,1,0,,,,,
13,2170207,医療法人社団 大坪会 東和病院,医療法人社団大坪会 東和病院,1,1,1,0,0,0,1,0,,,,,
13,2171205,特定医療法人社団 潤恵会 敬仁病院,特定医療法人社団潤恵会敬仁病院,1,0,1,0,0,0,0,0,,,,,
13,2171106,医療法人社団 けいせい会 東京北部病院,医療法人社団けいせい会 東京北部病院,1,1,1,0,0,1,0,0,,,,,
13,2170991,医療法人社団 すずき病院,医療法人社団すずき病院,1,0,1,0,0,0,0,0,,,,,
13,2171502,医療法人社団 苑田会 足立十全病院,医療法人社団苑田会　足立十全病院,1,0,0,1,0,0,0,0,,,,,
13,2171569,医療法人社団 福寿会 福寿会足立東部病院,医療法人社団福寿会 福寿会足立東部病院,1,1,1,0,0,0,1,0,,,,,
13,2171361,医療法人社団 俊和会 寺田病院,医療法人社団俊和会 寺田病院,1,0,1,0,0,0,0,0,,,,,
13,2171411,綾瀬循環器病院,綾瀬循環器病院,1,0,0,1,0,0,0,0,,,,,
13,2170355,社会医療法人社団 昭愛会 水野記念病院,社会医療法人社団昭愛会 水野記念病院,1,1,1,0,0,0,1,0,,,,,
13,2171023,医療法人社団 心和会 足立共済病院,医療法人社団心和会足立共済病院,1,0,0,1,0,0,0,0,,,,,
13,2117661,博慈会記念総合病院,一般財団法人　博慈会　博慈会記念総合病院,3,2,2,1,0,1,1,0,,,,,
13,2171221,医療法人社団 苑田会 苑田第三病院,医療法人社団苑田会 苑田第三病院,1,1,1,0,0,0,1,0,,,,,
13,2171171,医療法人社団 弘仁勝和会 勝和会病院,医療法人社団弘仁勝和会 勝和会病院,1,0,0,1,0,0,0,0,,,,,
13,2171460,医療法人社団 苑風会 苑風会病院,医療法人社団苑風会 苑風会病院,1,0,0,1,0,0,0,0,,,,,
13,2171452,友愛病院,友愛病院,1,0,0,1,0,0,0,0,,,,,
13,2171213,医療法人財団 健和会 柳原リハビリテーション病院,医療法人財団健和会 柳原リハビリテーション病院,1,0,0,0,1,0,0,0,,,,,
13,2170116,社会医療法人社団 慈生会 等潤病院,社会医療法人社団 慈生会 等潤病院,1,1,1,0,0,1,0,0,,,,,
13,2171395,桜会病院,医療法人社団桜会 桜会病院,1,0,0,1,0,0,0,0,,,,,
13,2171353,扇大橋病院,扇大橋病院,1,0,0,1,0,0,0,0,,,,,
13,2171296,医療法人社団 洪泳会 第二洪誠病院,医療法人社団洪泳会 第二洪誠病院,1,0,0,0,1,0,0,0,,,,,
13,2112183,医療法人財団 梅田病院,医療法人財団梅田病院,1,0,0,1,0,0,0,0,,,,,
13,2171528,医療法人社団 健整会 米倉脊椎・関節病院,医療法人社団健整会 米倉脊椎・関節病院,1,1,0,1,0,0,1,0,,,,,
13,2112308,社会福祉法人 勝楽堂病院,社会福祉法人勝楽堂病院,1,0,0,1,0,0,0,0,,,,,
13,2171155,あだち共生病院,医療法人社団桜会　あだち共生病院,1,0,1,0,0,0,0,0,,,,,
13,2171544,医療法人社団 福寿会 慈英会病院,医療法人社団福寿会 慈英会病院,1,0,0,1,0,0,0,0,,,,,
13,2171486,あやせ循環器リハビリ病院,あやせ循環器リハビリ病院,1,0,0,1,0,0,0,0,,,,,
13,2171130,医療法人社団 東京朝日会 あさひ病院,医療法人社団東京朝日会あさひ病院,1,1,1,0,0,0,1,0,,,,,
13,2170215,医療法人社団 星風会 井上病院,医療法人社団星風会 井上病院,0,1,0,0,0,0,1,0,,,,,
13,2171510,医療法人社団 忠医会 大高病院,医療法人社団忠医会 大高病院,1,1,0,1,0,0,0,1,,,,,
13,2171494,医療法人社団 苑田会 花はたリハビリテーション病院,医療法人社団苑田会 花はたリハビリテーション病院,1,0,0,1,0,0,0,0,,,,,
13,2171288,医療法人社団 洪泳会 東京洪誠病院,医療法人社団洪泳会 東京洪誠病院,1,1,1,0,0,0,1,0,,,,,
13,2270023,医療法人社団 明芳会 イムスリハビリテーションセンター東京葛飾病院,医療法人社団明芳会 イムスリハビリテーションセンター東京葛飾病院,0,1,0,0,0,0,1,0,,,,,
13,2271005,小澤病院,小澤病院,1,0,0,1,0,0,0,0,,,,,
13,2212405,医療法人財団 葛飾厚生会 東立病院,医療法人財団葛飾厚生会東立病院,1,0,0,1,0,0,0,0,,,,,
13,2218972,医療法人社団幸博会 高山整形外科病院,医療法人社団幸博会　高山整形外科病院,1,1,1,0,0,0,1,0,,,,,
13,2212520,医療法人財団 慈光会 堀切中央病院,医療法人財団慈光会 堀切中央病院,1,1,1,0,0,0,1,0,,,,,
13,2271104,葛飾リハビリテーション病院,葛飾リハビリテーション病院,1,0,0,1,0,0,0,0,,,,,
13,2271088,医療法人社団 明芳会 イムス葛飾ハートセンター,医療法人社団明芳会 イムス葛飾ハートセンター,1,0,1,0,0,0,0,0,,,,,
13,2212488,医療法人財団 謙仁会 亀有病院,医療法人財団謙仁会亀有病院,1,1,0,1,0,0,1,0,,,,,
13,2217255,社会福祉法人 仁生社 江戸川病院高砂分院,社会福祉法人仁生社江戸川病院高砂分院,1,1,0,1,0,0,1,0,,,,,
13,2270072,社会医療法人社団 光仁会 第一病院,社会医療法人社団光仁会 第一病院,1,0,0,1,0,0,0,0,,,,,
13,2271062,社会医療法人社団 正志会 平成立石病院,社会医療法人社団正志会　平成立石病院,1,1,0,1,0,1,0,0,,,,,
13,2271070,医療法人社団 湘南会 亀有中央病院,医療法人社団湘南会 亀有中央病院,0,1,0,0,0,0,0,1,,,,,
13,2271021,医療法人社団 玲瓏会 金町中央病院,医療法人社団玲瓏会 金町中央病院,1,0,1,0,0,0,0,0,,,,,
13,2271096,かつしか江戸川病院,かつしか江戸川病院,1,0,0,1,0,0,0,0,,,,,
13,2212389,東京慈恵会医科大学葛飾医療センター,東京慈恵会医科大学葛飾医療センター,3,2,2,1,0,1,1,0,,,,,
13,2271112,医療法人社団 明芳会 イムス東京葛飾総合病院,イムス東京葛飾総合病院,2,1,2,0,0,0,1,0,,,,,
13,2270577,医療法人社団 嬉泉会 嬉泉病院,医療法人社団嬉泉会嬉泉病院,1,0,1,0,0,0,0,0,,,,,
13,0770727,湘南メディカル記念病院,湘南メディカル記念病院,1,0,0,1,0,0,0,0,,,,,
13,0710764,社会福祉法人 恩賜財団東京都済生会 向島病院,社会福祉法人恩賜財団東京都済生会向島病院,1,1,1,0,0,0,1,0,,,,,
13,0714857,同愛記念病院,同愛記念病院,2,1,2,0,0,0,1,0,,,,,
13,0770073,医療法人社団 隆靖会 墨田中央病院,医療法人社団 隆靖会 墨田中央病院,1,1,1,0,0,0,1,0,,,,,
13,0770677,東京都リハビリテーション病院,東京都リハビリテーション病院,1,1,1,0,0,1,0,0,,,,,
13,0770784,医療法人 伯鳳会 東京曳舟病院,医療法人伯鳳会 東京曳舟病院,1,1,1,0,0,0,1,0,,,,,
13,0770750,社会医療法人財団 正明会 山田記念病院,社会医療法人財団正明会山田記念病院,1,1,0,1,0,0,1,0,,,,,
13,0770768,医療法人社団 敬智会 梶原病院,医療法人社団敬智会 梶原病院,0,1,0,0,0,0,1,0,,,,,
13,0710772,社会福祉法人 賛育会 賛育会病院,社会福祉法人賛育会 賛育会病院,1,1,0,1,0,0,1,0,,,,,
13,0770248,医療法人社団 仁寿会 中村病院,医療法人社団仁寿会中村病院,1,1,0,1,0,0,1,0,,,,,
13,0870113,医療法人社団 修世会 木場病院,医療法人社団修世会 木場病院,1,1,1,0,0,0,1,0,,,,,
13,0870949,東京都立東部療育センター,東京都立東部療育センター,1,1,1,0,0,0,0,1,,,,,
13,0870915,医療法人社団 清湘会 清湘会記念病院,医療法人社団清湘会 清湘会記念病院,1,0,1,0,0,0,0,0,,,,,
13,0870857,医療法人社団 藤﨑病院,医療法人社団藤﨑病院,1,1,1,0,0,0,1,0,,,,,
13,0870899,順天堂大学医学部附属 順天堂東京江東高齢者医療センター,順天堂大学医学部附属順天堂東京江東高齢者医療センター,1,2,1,0,0,1,1,0,,,,,
13,0814905,社会医療法人社団 順江会 江東病院,社会医療法人社団 順江会 江東病院,1,1,1,0,0,0,1,0,,,,,
13,0870964,医療法人社団 高裕会 深川立川病院,医療法人社団高裕会 深川立川病院,1,1,1,0,0,0,1,0,,,,,
13,0870071,独立行政法人 地域医療機能推進機構 東京城東病院,独立行政法人地域医療機能推進機構 東京城東病院,1,1,1,0,0,0,1,0,,,,,
13,0870980,昭和医科大学江東豊洲病院,昭和医科大学江東豊洲病院,3,2,1,1,0,1,1,0,,,,,
13,0870832,医療法人社団 恵信会 友仁病院,医療法人社団恵信会友仁病院,1,0,0,1,0,0,0,0,,,,,
13,0814913,社会福祉法人 あそか会 あそか病院,社会福祉法人あそか会あそか病院,1,1,0,1,0,0,1,0,,,,,
13,0870923,公益財団法人 がん研究会 有明病院,公益財団法人がん研究会 有明病院,9,5,9,0,0,4,1,0,,,59448.0,14704.0,VERIFIED_NUMERIC
13,0870972,医療法人 青峰会 くじらホスピタル,医療法人青峰会 くじらホスピタル,1,0,0,1,0,0,0,0,,,,,
13,0816736,医療法人財団 寿康会 寿康会病院,医療法人財団寿康会 寿康会病院,1,0,0,1,0,0,0,0,,,,,
13,0870840,医療法人社団 青藍会 鈴木病院,医社）青藍会 鈴木病院,1,0,0,1,0,0,0,0,,,,,
13,0871020,江東リハビリテーション病院,江東リハビリテーション病院,1,0,0,1,0,0,0,0,,,,,
13,2371094,社会医療法人社団 森山医会 森山記念病院,社会医療法人社団 森山医会 森山記念病院,2,2,2,0,0,1,1,0,,,,,
13,2370989,日本私立学校振興・共済事業団 東京臨海病院,日本私立学校振興・共済事業団 東京臨海病院,5,2,2,2,1,1,1,0,,,23122.0,6372.0,VERIFIED_NUMERIC
13,2312551,社会福祉法人 仁生社 江戸川病院,社会福祉法人仁生社江戸川病院,2,1,2,0,0,1,0,0,,,,,
13,2371060,医療法人社団 城東桐和会 タムスさくら病院江戸川,医療法人社団城東桐和会 タムスさくら病院江戸川,1,0,0,1,0,0,0,0,,,,,
13,2319440,医療法人社団 福仁会 小松川病院,医療法人社団福仁会小松川病院,1,0,1,0,0,0,0,0,,,,,
13,2371029,東京東病院,東京東病院,1,0,1,0,0,0,0,0,,,,,
13,2371110,江戸川メディケア病院,江戸川メディケア病院,1,1,1,0,0,0,1,0,,,,,
13,2370955,医療法人社団 総風会 江戸川共済病院,医社）総風会 江戸川共済病院,1,0,0,1,0,0,0,0,,,,,
13,2371011,医療法人社団 東京ハートサミット 東京心臓不整脈病院,医療法人社団東京ハートサミット東京心臓不整脈病院,1,1,1,0,0,0,0,1,,,,,
13,2371037,医療法人社団 葛西中央病院,医療法人社団葛西中央病院,1,0,0,1,0,0,0,0,,,,,
13,2370864,医療法人社団 双仁会 一盛病院,医療法人社団双仁会 一盛病院,1,0,1,0,0,0,0,0,,,,,
13,2370120,医療法人財団 岩井医療財団 岩井整形外科病院,医療法人財団岩井医療財団岩井整形外科病院,1,2,1,0,0,0,2,0,,,,,
13,2371102,社会医療法人社団 森山医会 森山脳神経センター病院,社会医療法人社団森山医会 森山脳神経センター病院,1,1,1,0,0,0,1,0,,,,,
13,2312577,医療法人社団 同愛会病院,医療法人社団 同愛会病院,1,1,1,0,0,0,1,0,,,,,
13,2370872,医療法人社団 津端会 京葉病院,医療法人社団津端会 京葉病院,1,1,1,0,0,0,1,0,,,,,
13,2870731,医療法人社団 和風会 多摩リハビリテーション病院,医療法人社団和風会 多摩リハビリテーション病院,1,0,0,1,0,0,0,0,,,,,
13,2870822,医療法人社団 仁成会 高木病院,医療法人社団仁成会 高木病院,1,1,1,0,0,0,1,0,,,,,
13,2870129,青梅慶友病院,青梅慶友病院,1,0,0,1,0,0,0,0,,,,,
13,2815744,市立青梅総合医療センター,市立青梅総合医療センター,3,2,3,0,0,1,1,0,,,,,
13,2870087,武蔵野台病院,武蔵野台病院,1,0,0,1,0,0,0,0,,,,,
13,2870863,医療法人社団 長生会 長生病院,医療法人社団長生会 長生病院,1,0,0,0,1,0,0,0,,,,,
13,2870780,医療法人社団 三秀会 青梅三慶病院,医療法人社団三秀会 青梅三慶病院,1,0,0,1,0,0,0,0,,,,,
13,4470035,医療法人社団 悦伝会 目白第二病院,医療法人社団悦伝会 目白第二病院,1,1,0,1,0,0,1,0,,,,,
13,4470068,熊川病院,医療法人社団葵会 熊川病院,1,0,0,1,0,0,0,0,,,,,
13,4414561,医療法人社団 大聖病院,医療法人社団大聖病院,1,1,0,1,0,0,1,0,,,,,
13,4470050,公立福生病院,公立福生病院,3,2,1,1,0,2,0,0,,,,,
13,5370036,医療法人社団 葵会 西多摩病院,医療法人社団葵会 西多摩病院,1,0,0,1,0,0,0,0,,,,,
13,5370028,医療法人社団 三秀会 羽村三慶病院,医療法人社団三秀会 羽村三慶病院,1,0,0,1,0,0,0,0,,,,,
13,5270087,医療法人財団 暁 あきる台病院,医療法人財団 暁 あきる台病院,1,0,0,1,0,0,0,0,,,,,
13,5219860,公立阿伎留医療センター,公立阿伎留医療センター,3,4,2,1,0,1,2,1,,,,,FETCH_RETRY
13,2470458,医療法人財団 利定会 大久野病院,医療法人財団利定会 大久野病院,1,0,0,1,0,0,0,0,,,,,
13,2414555,奥多摩町国民健康保険 奥多摩病院,奥多摩町国民健康保険奥多摩病院,1,0,1,0,0,0,0,0,,,,,
13,2971224,みなみ野循環器病院,みなみ野循環器病院,1,0,1,0,0,0,0,0,,,,,
13,2970143,医療法人 永寿会 陵北病院,医療法人永寿会陵北病院,1,0,0,1,0,0,0,0,,,,,
13,2971042,医療法人社団 ＫＮＩ 北原国際病院,医療法人社団ＫＮＩ北原国際病院,2,2,1,0,1,1,1,0,,,,,
13,2915643,一般財団法人 仁和会総合病院,一般財団法人仁和会総合病院,1,1,1,0,0,0,1,0,,,,,
13,2971067,医療法人社団 親和会 野猿峠脳神経外科病院,医療法人社団親和会 野猿峠脳神経外科病院,1,2,1,0,0,0,2,0,,,,,
13,2970150,医療法人 永寿会 恩方病院,医療法人永寿会恩方病院,1,0,1,0,0,0,0,0,,,,,
13,2971208,右田病院,医療法人財団興和会 右田病院,1,1,1,0,0,0,1,0,,,,,
13,2918837,医療法人社団 光生会 平川病院,医療法人社団光生会 平川病院,1,0,0,1,0,0,0,0,,,,,
13,2971133,医療法人社団 純正会 八王子北部病院,医療法人社団純正会 八王子北部病院,1,0,0,1,0,0,0,0,,,,,
13,2970127,医療法人社団 永生会 永生病院,医療法人社団永生会永生病院,1,1,0,1,0,0,1,0,,,,,
13,2971083,東海大学医学部付属八王子病院,東海大学医学部付属八王子病院,3,2,3,0,0,0,2,0,,,,,
13,2970135,八王子保健生活協同組合 城山病院,八王子保健生活協同組合城山病院,1,0,0,1,0,0,0,0,,,,,
13,2971232,医療法人社団 新山会 希望の丘八王子病院,医療法人社団新山会 希望の丘八王子病院,1,0,0,0,1,0,0,0,,,,,
13,2971158,医療法人社団 永生会 南多摩病院,医療法人社団永生会 南多摩病院,2,1,2,0,0,1,0,0,,,,,
13,2971141,医療法人社団 八九十会 高月整形外科病院,医療法人社団八九十会 高月整形外科病院,1,1,0,1,0,0,1,0,,,,,
13,2913705,医療法人社団 玉栄会 東京天使病院,医療法人社団玉栄会東京天使病院,1,1,1,0,0,0,1,0,,,,,
13,2917375,医療法人社団 明和会 西八王子病院,医療法人社団明和会西八王子病院,1,0,0,1,0,0,0,0,,,,,
13,2970093,医療法人社団 青雲会 北野台病院,医療法人社団青雲会北野台病院,1,0,0,1,0,0,0,0,,,,,
13,2971018,医療法人財団 敬寿会 相武病院,医療法人財団敬寿会 相武病院,1,0,0,1,0,0,0,0,,,,,
13,2970986,医療法人社団 清智会 清智会記念病院,医療法人社団清智会 清智会記念病院,1,1,0,1,0,0,1,0,,,,,
13,2971257,医療法人社団 東光会 八王子山王病院,医療法人社団東光会 八王子山王病院,1,1,0,1,0,0,1,0,,,,,
13,2971125,医療法人社団 ＫＮＩ 北原リハビリテーション病院,医療法人社団ＫＮＩ北原リハビリテーション病院,1,0,0,1,0,0,0,0,,,,,
13,2971091,医療法人財団 中山会 八王子消化器病院,医療法人財団中山会 八王子消化器病院,2,0,2,0,0,0,0,0,,,,,
13,2970051,東京医科大学八王子医療センター,東京医科大学八王子医療センター,5,3,3,0,2,1,2,0,,,30329.0,10412.0,VERIFIED_NUMERIC
13,2971240,医療法人社団 永生会 みなみ野病院,医療法人社団永生会 みなみ野病院,1,0,0,1,0,0,0,0,,,,,
13,3270774,医療法人社団 幸隆会 多摩丘陵リハビリテーション病院,医療法人社団幸隆会 多摩丘陵リハビリテーション病院,1,0,0,1,0,0,0,0,,,,,
13,3270832,医療法人社団 慶泉会 町田慶泉病院,医療法人社団慶泉会 町田慶泉病院,1,1,1,0,0,0,1,0,,,,,
13,3270790,医療法人社団 創生会 町田病院,医療法人社団創生会 町田病院,1,0,1,0,0,0,0,0,,,,,
13,3270873,医療法人社団 三医会 鶴川リハビリテーション病院,医療法人社団三医会 鶴川リハビリテーション病院,1,0,0,0,1,0,0,0,,,,,
13,3270881,あけぼの病院,あけぼの病院,1,1,1,0,0,0,1,0,,,,,
13,3270816,社会医療法人社団 正志会 南町田病院,社会医療法人社団正志会 南町田病院,1,1,1,0,0,1,0,0,,,,,
13,3270857,ふれあい町田ホスピタル,ふれあい町田ホスピタル,1,1,0,0,1,0,1,0,,,,,
13,3270865,医療法人社団 三医会 鶴川記念病院,医療法人社団三医会 鶴川記念病院,1,0,0,1,0,0,0,0,,,,,
13,3270824,医療法人社団 史世会 町田胃腸病院,医療法人社団史世会 町田胃腸病院,1,0,0,1,0,0,0,0,,,,,
13,3270782,医療法人社団 松友会 上相原病院,医社）松友会 上相原病院,1,0,0,1,0,0,0,0,,,,,
13,3214160,町田市民病院,町田市民病院,2,2,2,0,0,1,1,0,,,,,
13,3570090,グレイス病院,グレイス病院,1,0,0,0,1,0,0,0,,,,,
13,3570108,多摩平の森の病院,多摩平の森の病院,1,0,0,0,1,0,0,0,,,,,
13,3570082,医療法人社団 厚潤会 日野駅前病院,医療法人社団厚潤会 日野駅前病院,1,1,1,0,0,0,1,0,,,,,
13,3570066,医療法人社団 回心会 回心堂第二病院,医療法人社団回心会 回心堂第二病院,1,0,0,1,0,0,0,0,,,,,
13,3570058,医療法人社団 康明会 康明会病院,医療法人社団康明会 康明会病院,1,0,1,0,0,0,0,0,,,,,
13,3570074,日野市立病院,日野市立病院,1,1,1,0,0,0,1,0,,,,,
13,5070016,日本医科大学多摩永山病院,日本医科大学多摩永山病院,2,1,0,2,0,0,1,0,,,,,
13,5070099,天本病院,天本病院,1,1,1,0,0,0,1,0,,,,,
13,5119615,特定医療法人社団 研精会 稲城台病院,特定医療法人社団研精会稲城台病院,1,0,0,1,0,0,0,0,,,,,
13,5114483,稲城市立病院,稲城市立病院,3,2,2,1,0,0,2,0,,,,,
13,5170030,医療法人社団 慶成会 よみうりランド慶友病院,医療法人社団慶成会 よみうりランド慶友病院,1,0,0,1,0,0,0,0,,,,,
13,3013893,医療法人財団 立川中央病院,医療法人財団立川中央病院,1,1,1,0,0,0,1,0,,,,,
13,3015716,国家公務員共済組合連合会 立川病院,国家公務員共済組合連合会立川病院,4,2,2,0,0,1,1,0,,,,,NO_VALUE_ON_PUBLIC_PAGE
13,3070349,立川相互病院,立川相互病院,1,1,1,0,0,0,1,0,,,,,
13,3070356,医療法人社団 敏和会 西砂川病院,医療法人社団敏和会 西砂川病院,1,0,0,1,0,0,0,0,,,,,
13,3015823,医療法人財団 川野病院,医療法人財団川野病院,1,1,0,1,0,0,1,0,,,,,
13,8670077,独立行政法人 国立病院機構 災害医療センター,独立行政法人国立病院機構災害医療センター,3,2,2,1,0,1,1,0,,,,,
13,4015624,社会福祉法人 恩賜財団東京都同胞援護会 昭島病院,社会福祉法人恩賜財団東京都同胞援護会 昭島病院,1,1,1,0,0,0,1,0,,,,,
13,4070843,あきしま相互病院,あきしま相互病院,1,0,0,1,0,0,0,0,,,,,
13,4070850,医療法人 徳洲会 東京西徳洲会病院,医療法人徳洲会 東京西徳洲会病院,2,2,2,0,0,1,1,0,,,,,
13,4070025,医療法人社団 大日会 太陽こども病院,医療法人社団大日会 太陽こども病院,1,0,0,0,1,0,0,0,,,,,
13,4070835,医療法人社団 潮友会 うしお病院,医療法人社団潮友会 うしお病院,1,0,0,1,0,0,0,0,,,,,
13,4018180,医療法人社団 竹口病院,医療法人社団竹口病院,1,0,0,1,0,0,0,0,,,,,
13,4070876,医療法人社団 野村会 昭和の杜病院,医療法人社団 野村会 昭和の杜病院,1,0,0,1,0,0,0,0,,,,,
13,3115508,社会福祉法人 浴光会 国分寺病院,社会福祉法人浴光会国分寺病院,1,1,0,1,0,0,1,0,,,,,
13,3170032,医療法人社団 啓医会 国分寺内科中央病院,（医社）啓医会 国分寺内科中央病院,1,0,0,0,1,0,0,0,,,,,
13,3470044,医療法人社団 長尽会 長久保病院,医療法人社団長尽会 長久保病院,1,1,0,1,0,0,1,0,,,,,
13,3470036,国立さくら病院,国立さくら病院,1,0,0,1,0,0,0,0,,,,,
13,4670022,東京都立東大和療育センター,東京都立東大和療育センター,1,0,0,1,0,0,0,0,,,,,
13,4615514,社会医療法人財団 大和会 東大和病院,東大和病院,2,1,2,0,0,0,1,0,,,,,
13,4916763,社会福祉法人 鶴風会 東京小児療育病院,社会福祉法人鶴風会東京小児療育病院,1,1,0,1,0,0,1,0,,,,,
13,4970042,社会医療法人財団 大和会 武蔵村山病院,武蔵村山病院,1,1,1,0,0,0,1,0,,,,,
13,8715559,独立行政法人 国立病院機構 村山医療センター,独立行政法人国立病院機構村山医療センター,1,1,1,0,0,0,1,0,,,,,
13,3370129,医療法人社団 東仁会 吉祥寺あさひ病院,医療法人社団東仁会 吉祥寺あさひ病院,1,0,0,1,0,0,0,0,,,,,
13,3370145,武蔵野陽和会病院,武蔵野陽和会病院,1,1,1,0,0,0,1,0,,,,,
13,3315728,武蔵野赤十字病院,日本赤十字社東京都支部武蔵野赤十字病院,4,2,3,1,0,0,2,0,,,43219.0,11260.0,VERIFIED_NUMERIC
13,3370079,三鷹北病院,三鷹北病院,1,0,0,1,0,0,0,0,,,,,
13,3313921,一般財団法人 天誠会 武蔵境病院,一般財団法人天誠会 武蔵境病院,1,0,0,1,0,0,0,0,,,,,
13,3619368,医療法人社団 永寿会 三鷹中央病院,医療法人社団永寿会三鷹中央病院,1,1,0,1,0,0,0,1,,,,,
13,3613866,医療法人財団 慈生会 野村病院,医療法人財団慈生会 野村病院,1,1,1,0,0,0,1,0,,,,,
13,3619285,杏林大学医学部付属病院,杏林大学医学部付属病院,9,6,7,2,0,4,2,0,,,42721.0,19349.0,VERIFIED_NUMERIC
13,3613874,医療法人社団 積信会 長谷川病院,医療法人社団積信会長谷川病院,1,0,0,1,0,0,0,0,,,,,
13,3814076,府中恵仁会病院,府中恵仁会病院,2,1,1,1,0,0,1,0,,,,,
13,3814084,医療法人社団 慈敬会 府中医王病院,医療法人社団慈敬会府中医王病院,1,0,0,1,0,0,0,0,,,,,
13,3818499,東京都立府中療育センター,東京都立府中療育センター,1,0,0,1,0,0,0,0,,,,,
13,3870110,医療法人社団 喜平会 府中病院,医療法人社団喜平会 府中病院,1,1,0,0,1,0,0,1,,,,,
13,3870011,医療法人社団 共済会 共済会櫻井病院,医療法人社団共済会共済会櫻井病院,1,0,0,1,0,0,0,0,,,,,
13,4270096,医療法人社団 大和会 多摩川病院,医療法人社団大和会 多摩川病院,1,0,0,1,0,0,0,0,,,,,
13,4270062,医療法人社団 東山会 調布東山病院,医療法人社団東山会 調布東山病院,1,1,1,0,0,0,1,0,,,,,
13,4270054,医療法人社団 桐光会 調布病院,医療法人社団　桐光会　調布病院,1,1,1,0,0,0,1,0,,,,,
13,4270047,医療法人社団 飯野病院,医療法人社団飯野病院,1,0,0,1,0,0,0,0,,,,,
13,4216701,医療法人社団 青山会 青木病院,医療法人社団青山会 青木病院,1,0,0,1,0,0,0,0,,,,,
13,4270013,医療法人社団 大坪会 北多摩病院,医療法人社団大坪会北多摩病院,1,1,0,1,0,0,1,0,,,,,
13,4114005,社会福祉法人 聖ヨハネ会 桜町病院,社会福祉法人聖ヨハネ会 桜町病院,1,1,0,1,0,0,1,0,,,,,
13,4113973,医療法人社団 総合会 武蔵野中央病院,医療法人社団総合会武蔵野中央病院,1,0,0,1,0,0,0,0,,,,,
13,4170023,医療法人社団 大日会 小金井太陽病院,医療法人社団大日会 小金井太陽病院,1,0,1,0,0,0,0,0,,,,,
13,4314274,社会福祉法人 多摩済生医療団 多摩済生病院,社会福祉法人多摩済生医療団 多摩済生病院,1,0,0,1,0,0,0,0,,,,,
13,4314423,南台病院,南台病院,1,0,0,1,0,0,0,0,,,,,
13,4314407,公立昭和病院,公立昭和病院,5,3,2,2,1,1,2,0,,,24330.0,7188.0,VERIFIED_NUMERIC
13,8715542,国立研究開発法人 国立精神・神経医療研究センター病院,国立研究開発法人 国立精神・神経医療研究センター病院,1,2,1,0,0,2,0,0,,,,,
13,4314209,緑成会病院,緑成会病院,1,0,0,1,0,0,0,0,,,,,
13,2715522,公益財団法人 結核予防会 新山手病院,公益財団法人結核予防会 新山手病院,2,1,1,1,0,0,1,0,,,,,
13,2719169,医療法人財団 西武中央病院,医療法人財団西武中央病院,1,0,0,1,0,0,0,0,,,,,
13,2715498,社会福祉法人 白十字会 東京白十字病院,社会福祉法人白十字会 東京白十字病院,1,1,1,0,0,0,1,0,,,,,
13,2770097,社会医療法人社団 愛有会 久米川病院,社会医療法人社団 愛有会 久米川病院,1,0,0,1,0,0,0,0,,,,,
13,2718740,緑風荘病院,緑風荘病院,1,0,1,0,0,0,0,0,,,,,
13,4714465,社会福祉法人 上宮会 清瀬リハビリテーション病院,社会福祉法人上宮会 清瀬リハビリテーション病院,1,0,0,1,0,0,0,0,,,,,
13,4715918,医療法人財団 保養会 竹丘病院,医療法人財団保養会 竹丘病院,1,0,0,1,0,0,0,0,,,,,
13,8715567,独立行政法人 国立病院機構 東京病院,独立行政法人国立病院機構東京病院,3,1,2,1,0,0,1,0,,,,,
13,4770087,医療法人社団 雅会 山本病院,医療法人社団雅会 山本病院,1,0,0,1,0,0,0,0,,,,,
13,4715538,公益財団法人 結核予防会 複十字病院,公益財団法人結核予防会 複十字病院,2,1,1,0,1,0,1,0,,,,,
13,4715603,社会福祉法人 慈生会 ベトレヘムの園病院,ベトレヘムの園病院,1,0,0,1,0,0,0,0,,,,,
13,4770046,救世軍 清瀬病院,救世軍清瀬病院,1,0,0,0,0,0,0,0,,,,,
13,4714440,社会福祉法人 信愛報恩会 信愛病院,社会福祉法人信愛報恩会信愛病院,1,0,0,1,0,0,0,0,,,,,
13,4819934,医療法人社団苑田会 滝山病院,医療法人社団苑田会滝山病院,1,1,0,1,0,0,1,0,,,,,
13,4870069,医療法人社団 山本・前田記念会 前田病院,医療法人社団 山本・前田記念会 前田病院,1,1,0,1,0,0,1,0,,,,,
13,3970969,医療法人社団 東光会 西東京中央総合病院,医療法人社団東光会西東京中央総合病院,1,1,1,0,0,0,1,0,,,,,
13,5470018,医療法人社団 花みずき会 保谷厚生病院,医療法人社団花みずき会 保谷厚生病院,1,1,0,1,0,0,1,0,,,,,
13,3914264,医療法人財団 緑秀会 田無病院,医療法人財団緑秀会 田無病院,1,0,0,1,0,0,0,0,,,,,
13,5470026,医療法人 徳洲会 武蔵野徳洲会病院,医療法人徳洲会 武蔵野徳洲会病院,3,1,2,0,0,0,1,0,,,,,
13,0370692,国民健康保険 町立八丈病院,国民健康保険町立八丈病院,1,0,1,0,0,0,0,0,,,,,
13,3670783,医療法人社団 實理会 東京国際大堀病院,医療法人社団實理会 東京国際大堀病院,1,0,1,0,0,0,0,0,,,,,
13,0270769,医療法人社団 健育会 石川島記念病院,医療法人社団健育会 石川島記念病院,1,1,0,1,0,0,1,0,,,,,
13,3270915,横浜町田関節脊椎病院,横浜町田関節脊椎病院,1,1,0,1,0,0,1,0,,,,,
13,0871004,医療法人社団 清湘会 清湘会東砂病院,清湘会東砂病院,1,0,1,0,0,0,0,0,,,,,
13,2770105,医療法人 泰一会 多摩北整形外科病院,医療法人泰一会　多摩北整形外科病院,1,1,0,1,0,0,1,0,,,,,
13,2971265,ＡＯＩ八王子病院,AOI八王子病院,1,0,0,1,0,0,0,0,,,,,
13,5670039,地方独立行政法人 東京都立病院機構 東京都立荏原病院,地方独立行政法人東京都立病院機構　東京都立荏原病院,2,2,1,0,0,2,0,0,,,,,
13,2470466,医療法人社団 久遠会 みずほ病院,医療法人社団 久遠会 みずほ病院,1,0,0,1,0,0,0,0,,,,,
13,1671023,地方独立行政法人 東京都立病院機構 東京都立大塚病院,地方独立行政法人東京都立病院機構　東京都立大塚病院,3,2,2,0,0,1,1,0,,,,,
13,5070107,地方独立行政法人 東京都立病院機構 東京都立多摩南部地域病院,地方独立行政法人東京都立病院機構　東京都立多摩南部地域病院,2,1,2,0,0,0,1,0,,,,,
13,0770792,地方独立行政法人 東京都立病院機構 東京都立墨東病院,地方独立行政法人東京都立病院機構　東京都立墨東病院,5,3,4,1,0,1,2,0,,,,,NO_VALUE_ON_PUBLIC_PAGE
13,1971001,地方独立行政法人 東京都立病院機構 東京都立豊島病院,地方独立行政法人東京都立病院機構　東京都立豊島病院,3,1,2,1,0,1,0,0,,,,,
13,2171577,東京女子医科大学附属足立医療センター,東京女子医科大学附属足立医療センター,3,2,3,0,0,1,1,0,,,,,
13,1870914,社会医療法人社団 一成会 木村病院,社会医療法人社団一成会 木村病院,1,1,1,0,0,0,1,0,,,,,
13,3870169,地方独立行政法人 東京都立病院機構 東京都立多摩総合医療センター,地方独立行政法人東京都立病院機構　東京都立多摩総合医療センター,7,4,6,1,0,2,2,0,,,,,NO_VALUE_ON_PUBLIC_PAGE
13,2271138,地方独立行政法人 東京都立病院機構 東京都立東部地域病院,地方独立行政法人東京都立病院機構　東京都立東部地域病院,2,1,2,0,0,0,1,0,,,,,
13,6070007,地方独立行政法人 東京都立病院機構 東京都立広尾病院,地方独立行政法人東京都立病院機構　東京都立広尾病院,2,2,2,0,0,0,2,0,,,,,
13,1770809,医療法人社団 博栄会 赤羽中央総合病院,医療法人社団博栄会 赤羽中央総合病院,2,1,2,0,0,0,1,0,,,,,
13,0570945,地方独立行政法人 東京都立病院機構 東京都立駒込病院,地方独立行政法人東京都立病院機構　東京都立駒込病院,6,3,6,0,0,2,1,0,,,,,NO_VALUE_ON_PUBLIC_PAGE
13,5770011,地方独立行政法人 東京都立病院機構 東京都立大久保病院,地方独立行政法人東京都立病院機構　東京都立大久保病院,2,1,1,1,0,0,1,0,,,,,
13,3870151,地方独立行政法人 東京都立病院機構 東京都立小児総合医療センター,地方独立行政法人東京都立病院機構　東京都立小児総合医療センター,1,1,1,0,0,0,1,0,,,,,
13,5570007,地方独立行政法人 東京都立病院機構 東京都立松沢病院,地方独立行政法人東京都立病院機構　東京都立松沢病院,2,1,2,0,0,1,0,0,,,,,
13,3870144,地方独立行政法人 東京都立病院機構 東京都立神経病院,地方独立行政法人東京都立病院機構　東京都立神経病院,1,2,1,0,0,1,1,0,,,,,
13,2770113,地方独立行政法人 東京都立病院機構 東京都立多摩北部医療センター,地方独立行政法人東京都立病院機構　東京都立多摩北部医療センター,3,1,2,0,0,0,1,0,,,,,
13,2071009,公益社団法人 地域医療振興協会 練馬光が丘病院,公益社団法人地域医療振興協会練馬光が丘病院,3,2,2,1,0,1,1,0,,,,,
13,2171585,医療法人社団 福寿会 福寿会病院,医療法人社団福寿会　福寿会病院,1,1,0,1,0,0,1,0,,,,,
13,2171601,医療法人社団 苑田会 苑田会ニューロリハビリテーション病院,医療法人社団苑田会　苑田会ニューロリハビリテーション病院,1,0,0,1,0,0,0,0,,,,,
13,4770145,医療法人財団 きよせ旭が丘記念病院,医療法人財団きよせ旭が丘記念病院,1,1,0,1,0,0,1,0,,,,,
13,5870001,桜十字白金リハビリテーション病院,桜十字白金リハビリテーション病院,1,0,0,1,0,0,0,0,,,,,
13,1870922,令和あらかわ病院,令和あらかわ病院,1,1,0,1,0,0,1,0,,,,,
13,2371128,医療法人社団 城東桐和会 タムス瑞江病院,医療法人社団城東桐和会　タムス瑞江病院,1,1,1,0,0,0,1,0,,,,,
13,5170048,医療法人社団 慶晃会 南山リハビリテーション病院,医療法人社団慶晃会　南山リハビリテーション病院,1,0,1,0,0,0,0,0,,,,,
13,3270923,医療法人社団 幸隆会 多摩丘陵病院,医療法人社団幸隆会　多摩丘陵病院,1,1,1,0,0,0,1,0,,,,,
13,2171593,医療法人社団 苑田会 竹の塚脳神経リハビリテーション病院,医療法人社団苑田会 竹の塚脳神経リハビリテーション病院,1,0,0,1,0,0,0,0,,,,,
13,2070993,医療法人社団 慈誠会 慈誠会・練馬高野台病院,医療法人社団慈誠会　慈誠会・練馬高野台病院,1,0,1,0,0,0,0,0,,,,,
13,4370078,医療法人社団晃悠会 むさしの救急病院,むさしの救急病院,1,1,1,0,0,1,0,0,,,,,
13,5970009,杏林大学医学部付属杉並病院,杏林大学医学部付属杉並病院,3,2,3,0,0,1,1,0,,,,,
13,2171635,医療法人社団福寿会 みらいリハビリテーション病院,医療法人社団福寿会　みらいリハビリテーション病院,1,0,1,0,0,0,0,0,,,,,
13,2071033,医療法人社団 慈誠会 慈誠会・光が丘病院,医療法人社団慈誠会　慈誠会・光が丘病院,1,0,0,1,0,0,0,0,,,,,
13,5670062,医療法人社団 七仁会 田園調布中央病院,医療法人社団七仁会　田園調布中央病院,1,1,1,0,0,0,1,0,,,,,
13,5970017,社会医療法人河北医療財団 河北総合病院,社会医療法人河北医療財団　河北総合病院,2,2,2,0,0,1,1,0,,,,,
13,5970025,医療法人社団城東桐和会 タムス杉並病院,医療法人社団城東桐和会　タムス杉並病院,1,0,0,1,0,0,0,0,,,,,
13,2071025,医療法人社団 忠医会 忠医会病院,医療法人社団忠医会　忠医会病院,1,0,0,1,0,0,0,0,,,,,
14,0102798,汐田総合病院,汐田総合病院,2,1,1,1,0,0,1,0,,,,,
14,0102228,医療法人社団 片山整形外科記念病院,医療法人社団 片山整形外科記念病院,1,1,0,1,0,0,0,1,,,,,
14,0105122,社会福祉法人恩賜財団済生会支部神奈川県済生会 横浜市東部病院,社会福祉法人恩賜財団済生会支部神奈川県済生会横浜市東部病院,4,3,4,0,0,1,2,0,,,34171.0,11283.0,VERIFIED_NUMERIC
14,0104166,生麦病院,生麦病院,1,0,0,1,0,0,0,0,,,,,
14,0110221,医療法人社団新東京石心会 横浜石心会病院,医療法人社団新東京石心会 横浜石心会病院,1,1,1,0,0,1,0,0,,,,,
14,0100065,平和病院,平和病院,1,1,0,1,0,0,1,0,,,,,
14,0100362,医療法人社団育成社 佐々木病院,佐々木病院,1,1,0,1,0,0,1,0,,,,,
14,0105197,ふれあい鶴見ホスピタル,ふれあい鶴見ホスピタル,1,1,0,0,1,0,1,0,,,,,
14,0200220,大口東総合病院,大口東総合病院,1,0,1,0,0,0,0,0,,,,,
14,0200071,古川病院,古川病院,1,0,0,1,0,0,0,0,,,,,
14,0204925,新横浜リハビリテーション病院,新横浜リハビリテーション病院,1,0,0,0,1,0,0,0,,,,,
14,0200014,社会福祉法人恩賜財団済生会支部神奈川県済生会 神奈川県病院,社会福祉法人恩賜財団済生会支部神奈川県済生会神奈川県病院,2,1,2,0,0,0,1,0,,,,,
14,0203315,医療法人社団のう救会 脳神経外科東横浜病院,医療法人社団のう救会 脳神経外科東横浜病院,1,2,1,0,0,1,0,1,,,,,
14,0210328,社会福祉法人恩賜財団済生会支部神奈川県済生会 東神奈川リハビリテーション病院,社会福祉法人 恩賜財団 済生会支部神奈川県済生会 東神奈川リハビリテーション病院,1,0,0,1,0,0,0,0,,,,,
14,0906867,新横浜こころのホスピタル,新横浜こころのホスピタル,1,0,0,1,0,0,0,0,,,,,
14,0905539,新横浜母と子の病院,新横浜母と子の病院,1,0,0,1,0,0,0,0,,,,,
14,0905323,医療法人 すこやか 高田中央病院,医療法人すこやか 高田中央病院,1,1,0,1,0,0,1,0,,,,,
14,0907352,大倉山記念病院,大倉山記念病院,1,1,0,1,0,0,1,0,,,,,
14,0904979,菊名記念病院,菊名記念病院,2,2,2,0,0,1,1,0,,,,,
14,0904227,独立行政法人労働者健康安全機構 横浜労災病院,独立行政法人労働者健康安全機構 横浜労災病院,4,3,3,1,0,2,1,0,,,29862.0,13941.0,VERIFIED_NUMERIC
14,3304029,医療法人社団恵生会 竹山病院,医療法人社団恵生会 竹山病院,1,0,0,0,1,0,0,0,,,,,
14,3304920,医療法人社団三喜会 横浜新緑総合病院,医療法人社団三喜会横浜新緑総合病院,1,2,1,0,0,1,1,0,,,,,
14,3310232,横浜田園都市病院,横浜田園都市病院,1,0,1,0,0,0,0,0,,,,,
14,3304938,医療法人社団元気会 横浜病院,医療法人社団元気会横浜病院,1,0,0,1,0,0,0,0,,,,,
14,3305687,鴨居病院,鴨居病院,1,1,0,1,0,0,1,0,,,,,
14,3702917,医療法人社団 博慈会 青葉さわい病院,医療法人社団博慈会青葉さわい病院,1,0,0,1,0,0,0,0,,,,,
14,3701026,医療法人社団緑成会 横浜総合病院,医療法人社団緑成会横浜総合病院,2,2,2,0,0,2,0,0,,,,,
14,3700549,昭和医科大学 藤が丘病院,昭和医科大学藤が丘病院,3,2,3,0,0,0,2,0,,,,,
14,3710522,緑協和病院,緑協和病院,1,0,0,1,0,0,0,0,,,,,
14,3700903,医療法人社団明芳会 横浜新都市脳神経外科病院,医療法人社団明芳会 横浜新都市脳神経外科病院,1,3,1,0,0,1,2,0,,,,,
14,3703162,医療法人社団明芳会 江田記念病院,医療法人社団 明芳会 江田記念病院,1,0,0,1,0,0,0,0,,,,,
14,3701299,医療法人社団一成会 たちばな台病院,医療法人社団一成会 たちばな台病院,1,1,0,1,0,0,1,0,,,,,
14,3800141,山本記念病院,山本記念病院,1,1,0,1,0,0,0,1,,,,,
14,3801255,昭和医科大学横浜市北部病院,昭和医科大学横浜市北部病院,3,2,3,0,0,1,1,0,,,,,
14,0300970,医療法人 明和会 亀田病院,医療法人明和会亀田病院,1,1,0,1,0,0,0,1,,,,,
14,0302224,一般財団法人 神奈川県警友会 けいゆう病院,一般財団法人神奈川県警友会 けいゆう病院,4,2,4,0,0,1,1,0,,,17284.0,6516.0,VERIFIED_NUMERIC
14,0310730,医療法人恵仁会 松島病院,医療法人 恵仁会 松島病院,1,0,1,0,0,0,0,0,,,,,
14,0302810,医療法人社団 善仁会 横浜第一病院,医療法人社団 善仁会 横浜第一病院,1,0,0,1,0,0,0,0,,,,,
14,0600106,横浜保土ケ谷中央病院,独立行政法人地域医療機能推進機構 横浜保土ケ谷中央病院,1,1,1,0,0,0,1,0,,,,,
14,0603639,聖隷横浜病院,聖隷横浜病院,3,2,3,0,0,2,0,0,,,,,
14,0603126,一般財団法人育生会 横浜病院,一般財団法人育生会横浜病院,1,0,0,1,0,0,0,0,,,,,
14,9811373,横浜市立市民病院,横浜市立市民病院,4,3,3,1,0,1,2,0,,,30791.0,11700.0,VERIFIED_NUMERIC
14,1004670,医療法人財団明理会 東戸塚記念病院,医療法人財団 明理会 東戸塚記念病院,1,1,1,0,0,0,1,0,,,,,
14,1001940,医療生協かながわ生活協同組合 戸塚病院,医療生協かながわ生活協同組合 戸塚病院,1,0,1,0,0,0,0,0,,,,,
14,9900028,独立行政法人国立病院機構 横浜医療センター,独立行政法人国立病院機構横浜医療センター,3,2,2,1,0,1,1,0,,,,,
14,1010016,平成横浜病院,平成横浜病院,2,1,1,1,0,0,1,0,,,,,
14,1005024,ふれあい東戸塚ホスピタル,ふれあい東戸塚ホスピタル,1,1,0,1,0,0,0,1,,,,,
14,1002740,医療法人社団明芳会 イムス横浜東戸塚総合リハビリテーション病院,医療法人社団明芳会イムス横浜東戸塚総合リハビリテーション病院,1,0,0,1,0,0,0,0,,,,,
14,1000793,医療法人 横浜未来ヘルスケアシステム 戸塚共立第２病院,医療法人横浜未来ヘルスケアシステム 戸塚共立第2病院,1,1,1,0,0,0,1,0,,,,,
14,1003458,西横浜国際総合病院,西横浜国際総合病院,1,1,1,0,0,0,1,0,,,,,
14,1000157,医療法人横浜未来ヘルスケアシステム 戸塚共立第１病院,医療法人横浜未来ヘルスケアシステム 戸塚共立第1病院,1,0,1,0,0,0,0,0,,,,,
14,3202702,聖マリアンナ医科大学横浜市西部病院,聖マリアンナ医科大学横浜市西部病院,2,2,1,1,0,1,1,0,,,,,
14,3202769,横浜療育医療センター,重症心身障害児（者）施設横浜療育医療センター,1,0,0,1,0,0,0,0,,,,,
14,3202744,赤枝病院,赤枝病院,1,0,1,0,0,0,0,0,,,,,
14,3204237,横浜鶴ヶ峰病院,横浜鶴ヶ峰病院,1,1,1,0,0,0,1,0,,,,,
14,3202736,医療法人社団恵生会 上白根病院,医療法人社団恵生会 上白根病院,1,1,1,0,0,1,0,0,,,,,
14,3202520,医療法人社団明芳会 横浜旭中央総合病院,医療法人社団 明芳会 横浜旭中央総合病院,2,1,2,0,0,0,1,0,,,,,
14,3204542,神奈川県立がんセンター,神奈川県立がんセンター,11,2,3,8,0,1,1,0,,,32984.0,6702.0,VERIFIED_NUMERIC
14,3401973,医療法人社団美里会 瀬谷ふたつ橋病院,医療法人社団美里会 瀬谷ふたつ橋病院,1,1,0,1,0,0,1,0,,,,,
14,3402427,横浜甦生病院,横浜甦生病院,1,0,0,1,0,0,0,0,,,,,
14,3601648,医療法人横浜未来ヘルスケアシステム 戸塚共立いずみ野病院,医療法人横浜未来ヘルスケアシステム 戸塚共立いずみ野病院,1,1,1,0,0,0,1,0,,,,,
14,3600814,横浜いずみ台病院,横浜いずみ台病院,1,0,0,1,0,0,0,0,,,,,
14,3600533,社会福祉法人 親善福祉協会 国際親善総合病院,社会福祉法人 親善福祉協会 国際親善総合病院,2,2,2,0,0,1,1,0,,,,,
14,3600368,新中川病院,新中川病院,1,0,0,1,0,0,0,0,,,,,
14,0401638,医療法人回生会 ふれあい横浜ホスピタル,医療法人回生会 ふれあい横浜ホスピタル,1,1,0,0,1,0,1,0,,,,,
14,0403170,医療法人博生会 本牧病院,医療法人博生会本牧病院,1,1,0,1,0,0,1,0,,,,,
14,0400226,横浜掖済会病院,横浜掖済会病院,1,1,0,1,0,0,0,1,,,,,
14,9805821,横浜市立みなと赤十字病院,横浜市立みなと赤十字病院,4,3,4,0,0,1,2,0,,,38111.0,9701.0,VERIFIED_NUMERIC
14,0401703,独立行政法人地域医療機能推進機構 横浜中央病院,独立行政法人地域医療機能推進機構 横浜中央病院,2,1,2,0,0,0,1,0,,,,,
14,0504449,公立大学法人 横浜市立大学附属市民総合医療センター,公立大学法人横浜市立大学附属市民総合医療センター,6,3,5,1,0,0,3,0,,,39247.0,12236.0,VERIFIED_NUMERIC
14,0500215,医療法人 佐藤病院,医療法人佐藤病院,1,1,0,1,0,0,1,0,,,,,
14,0504746,神奈川県立こども医療センター,神奈川県立こども医療センター,2,2,1,1,0,1,1,0,,,,,
14,0701052,磯子中央病院,磯子中央病院,1,1,1,0,0,1,0,0,,,,,
14,0710012,関東病院,関東病院,1,0,0,1,0,0,0,0,,,,,
14,9802588,横浜市立脳卒中・神経脊椎センター,横浜市立脳卒中・神経脊椎センター,1,2,1,0,0,1,1,0,,,,,
14,0710137,康心会汐見台病院,康心会汐見台病院,1,1,0,1,0,0,1,0,,,,,
14,0803304,公立大学法人 横浜市立大学附属病院,公立大学法人 横浜市立大学附属病院,3,3,3,0,0,1,2,0,,,32385.0,9710.0,VERIFIED_NUMERIC
14,0803767,医療法人社団協友会 横浜なみきリハビリテーション病院,医療法人社団 協友会 横浜なみきリハビリテーション病院,1,0,0,1,0,0,0,0,,,,,
14,0801654,医療法人社団協友会 金沢文庫病院,医療法人社団協友会金沢文庫病院,1,0,0,1,0,0,0,0,,,,,
14,0800052,国家公務員共済組合連合会 横浜南共済病院,国家公務員共済組合連合会 横浜南共済病院,3,3,2,1,0,1,2,0,,,26294.0,10485.0,VERIFIED_NUMERIC
14,0803643,神奈川県立循環器呼吸器病センター,神奈川県立循環器呼吸器病センター,3,1,2,0,0,0,1,0,,,,,
14,0801027,医療法人社団 景翠会 金沢病院,医療法人社団 景翠会 金沢病院,1,1,1,0,0,0,1,0,,,,,
14,3103314,医療法人社団 成仁会 長田病院,医療法人社団成仁会長田病院,1,1,0,1,0,0,1,0,,,,,
14,3104114,医療法人裕徳会 港南台病院,医療法人裕徳会 港南台病院,1,0,0,1,0,0,0,0,,,,,
14,3104429,医療法人 健生会 朝倉病院,医療法人健生会 朝倉病院,1,0,0,1,0,0,0,0,,,,,
14,3110392,医療法人社団仁明会 秋山脳神経外科病院,医療法人社団仁明会 秋山脳神経外科病院,1,1,1,0,0,1,0,0,,,,,
14,3103439,社会福祉法人恩賜財団済生会支部神奈川県済生会 横浜市南部病院,社会福祉法人恩賜財団済生会支部神奈川県済生会横浜市南部病院,3,2,2,1,0,0,2,0,,,,,
14,3110202,横浜医療福祉センター港南,横浜医療福祉センター港南,1,0,0,1,0,0,0,0,,,,,
14,3110475,横浜東邦病院,横浜東邦病院,1,1,0,1,0,0,1,0,,,,,
14,3500022,国家公務員共済組合連合会 横浜栄共済病院,国家公務員共済組合連合会 横浜栄共済病院,4,2,3,1,0,1,1,0,,,21914.0,7564.0,VERIFIED_NUMERIC
14,0110536,医療法人社団協友会 横浜鶴見リハビリテーション病院,医療法人社団協友会横浜鶴見リハビリテーション病院,1,0,0,1,0,0,0,0,,,,,
14,5300249,医療法人社団亮正会 総合高津中央病院,総合高津中央病院,2,1,2,0,0,0,1,0,,,,,
14,5300744,医療法人社団 輔仁会 片倉病院,医療法人社団輔仁会 片倉病院,1,0,0,1,0,0,0,0,,,,,
14,5300454,国家公務員共済組合連合会 虎の門病院分院,虎の門病院分院,3,1,3,0,0,0,1,0,,,,,
14,5310271,帝京大学医学部附属溝口病院,帝京大学医学部附属溝口病院,2,2,2,0,0,1,1,0,,,,,
14,5402565,川崎市立多摩病院,川崎市立多摩病院,2,2,2,0,0,0,2,0,,,,,
14,5500293,聖マリアンナ医科大学病院,聖マリアンナ医科大学病院,7,5,6,1,0,4,1,0,,,36684.0,9106.0,VERIFIED_NUMERIC
14,5500087,医療法人愛生会 有馬病院,医療法人愛生会 有馬病院,1,0,0,1,0,0,0,0,,,,,
14,5602479,医療法人社団 晃進会 川崎みどりの病院,医療法人社団晃進会 川崎みどりの病院,1,1,0,1,0,0,1,0,,,,,
14,5601893,重症児・者福祉医療施設ソレイユ川崎,重症児・者福祉医療施設ソレイユ川崎,1,0,0,0,1,0,0,0,,,,,
14,5601513,医療法人社団 総生会 麻生リハビリ総合病院,医療法人社団総生会麻生リハビリ総合病院,1,0,0,1,0,0,0,0,,,,,
14,5602545,医療法人社団 三成会 新百合ヶ丘総合病院,医療法人社団三成会 新百合ヶ丘総合病院,4,4,3,1,0,2,2,0,,,,,FETCH_RETRY
14,5600671,医療法人社団晃進会 たま日吉台病院,医療法人社団晃進会 たま日吉台病院,1,0,1,0,0,0,0,0,,,,,
14,5610175,柿生記念病院,柿生記念病院,1,0,0,1,0,0,0,0,,,,,
14,5610233,川崎田園都市病院,川崎田園都市病院,1,0,0,1,0,0,0,0,,,,,
14,5601133,医療法人社団 総生会 麻生総合病院,医療法人社団総生会 麻生総合病院,2,1,2,0,0,0,1,0,,,,,
14,5000146,医療法人誠医会 宮川病院,宮川病院,1,1,1,0,0,0,1,0,,,,,
14,5001409,川崎医療生活協同組合 川崎協同病院,川崎医療生活協同組合 川崎協同病院,2,1,1,1,0,0,1,0,,,,,
14,5000054,川崎市立川崎病院,川崎市立川崎病院,4,2,3,1,0,0,2,0,,,19553.0,7181.0,VERIFIED_NUMERIC
14,5003348,日本鋼管病院,日本鋼管病院,2,2,2,0,0,0,2,0,,,,,
14,5001532,医療法人社団慶友会 第一病院,医療法人社団 慶友会 第一病院,1,1,1,0,0,0,0,1,,,,,
14,5000088,医療法人愛仁会 太田総合病院,太田総合病院,1,1,1,0,0,0,1,0,,,,,
14,5004155,ＡＯＩ国際病院,AOI国際病院,1,2,1,0,0,1,1,0,,,,,
14,5000112,医療法人社団和光会 総合川崎臨港病院,総合川崎臨港病院,1,1,0,1,0,0,0,1,,,,,
14,5000104,総合新川橋病院,総合新川橋病院,1,1,1,0,0,0,1,0,,,,,
14,5000153,恒春会 馬嶋病院,恒春会 馬嶋病院,1,0,0,1,0,0,0,0,,,,,
14,5101928,社会医療法人財団 石心会 川崎地域ケア病院,社会医療法人財団石心会 川崎地域ケア病院,1,0,0,1,0,0,0,0,,,,,
14,5101126,社会医療法人財団石心会 川崎幸病院,社会医療法人財団石心会 川崎幸病院,2,2,2,0,0,1,1,0,,,,,
14,5100524,医療法人社団 育成会 鹿島田病院,医療法人社団育成会 鹿島田病院,1,0,0,1,0,0,0,0,,,,,
14,5200050,川崎市立井田病院,川崎市立井田病院,6,1,2,2,0,0,1,0,,,13113.0,3161.0,VERIFIED_NUMERIC
14,5200019,独立行政法人労働者健康安全機構 関東労災病院,関東労災病院,3,2,2,1,0,1,1,0,,,,,
14,5211107,日本医科大学武蔵小杉病院,日本医科大学武蔵小杉病院,6,2,4,1,1,1,1,0,,,21705.0,5269.0,VERIFIED_NUMERIC
14,9705682,自衛隊横須賀病院,自衛隊横須賀病院,1,1,0,1,0,0,1,0,,,,,
14,1900091,国家公務員共済組合連合会 横須賀共済病院,国家公務員共済組合連合会 横須賀共済病院,5,3,4,1,0,2,1,0,,,51359.0,8345.0,VERIFIED_NUMERIC
14,1901354,聖ヨゼフ病院,聖ヨゼフ病院,1,1,0,1,0,0,1,0,,,,,
14,1904770,医療法人社団聖ルカ会 パシフィックホスピタル,医療法人社団聖ルカ会 パシフィックホスピタル,1,0,0,1,0,0,0,0,,,,,
14,1910280,医療法人横浜未来ヘルスケアシステム よこすか浦賀病院,医療法人 横浜未来ヘルスケアシステム よこすか浦賀病院,1,1,1,0,0,0,1,0,,,,,
14,1902212,横須賀市立市民病院,横須賀市立市民病院,2,2,2,0,0,1,1,0,,,,,
14,9900077,独立行政法人国立病院機構 久里浜医療センター,独立行政法人国立病院機構久里浜医療センター,1,1,0,1,0,1,0,0,,,,,
14,2100907,一般財団法人鎌倉病院,一般財団法人鎌倉病院,1,1,0,0,1,0,0,1,,,,,
14,2100840,医療法人財団額田記念会 額田記念病院,医療法人財団 額田記念会 額田記念病院,1,0,0,1,0,0,0,0,,,,,
14,2104669,医療法人 徳洲会 湘南鎌倉総合病院,医療法人徳洲会 湘南鎌倉総合病院,7,4,5,2,0,1,3,0,,,49754.0,14246.0,VERIFIED_NUMERIC
14,2100600,医療法人社団 南浜会 鈴木病院,鈴木病院,1,0,0,1,0,0,0,0,,,,,
14,2100857,鎌倉リハビリテーション聖テレジア病院,鎌倉リハビリテーション聖テレジア病院,1,0,0,1,0,0,0,0,,,,,
14,2100246,医療法人徳洲会 清川病院,医療法人徳洲会 清川病院,1,0,0,0,1,0,0,0,,,,,
14,2104719,鎌倉ヒロ病院,鎌倉ヒロ病院,1,0,0,1,0,0,0,0,,,,,
14,2100865,大船中央病院,大船中央病院,4,2,1,3,0,0,2,0,,,11895.0,5526.0,VERIFIED_NUMERIC
14,2500924,医療法人社団柏信会 青木病院,医療法人社団柏信会 青木病院,1,0,0,1,0,0,0,0,,,,,
14,2500866,医療法人社団則天会 逗子病院,医療法人社団則天会 逗子病院,1,0,0,0,1,0,0,0,,,,,
14,2700037,三浦市立病院,三浦市立病院,1,1,0,1,0,0,1,0,,,,,
14,1100478,医療法人徳洲会 葉山ハートセンター,医療法人徳洲会葉山ハートセンター,1,1,1,0,0,0,1,0,,,,,
14,2201846,医療法人徳洲会 山内病院,医療法人徳洲会山内病院,1,1,0,1,0,0,1,0,,,,,
14,2201051,一般財団法人 同友会 藤沢湘南台病院,一般財団法人同友会藤沢湘南台病院,1,1,1,0,0,0,1,0,,,,,
14,2206845,クローバーホスピタル,クローバーホスピタル,1,0,0,1,0,0,0,0,,,,,
14,2201689,湘南中央病院,湘南中央病院,1,1,0,1,0,0,1,0,,,,,
14,2200012,医療法人 長谷川会 湘南ホスピタル,医療法人長谷川会湘南ホスピタル,1,0,0,1,0,0,0,0,,,,,
14,2211688,湘南第一病院,湘南第一病院,1,0,1,0,0,0,0,0,,,,,
14,2210342,藤沢脳神経外科病院,藤沢脳神経外科病院,1,1,0,1,0,0,1,0,,,,,
14,2205573,藤沢御所見病院,藤沢御所見病院,1,0,0,1,0,0,0,0,,,,,
14,2202778,藤沢市民病院,藤沢市民病院,5,2,3,1,1,1,1,0,,,30344.0,8982.0,VERIFIED_NUMERIC
14,2208536,医療法人徳洲会 湘南藤沢徳洲会病院,医療法人徳洲会 湘南藤沢徳洲会病院,2,3,2,0,0,2,1,0,,,,,
14,2207223,医療法人社団 正拓会 湘南太平台病院,医療法人社団正拓会湘南太平台病院,1,0,0,1,0,0,0,0,,,,,
14,2210888,医療法人社団健育会 湘南慶育病院,医療法人社団 健育会 湘南慶育病院,1,1,0,1,0,0,1,0,,,,,
14,2400034,茅ヶ崎市立病院,茅ヶ崎市立病院,3,2,1,2,0,1,1,0,,,,,
14,2410066,医療法人徳洲会 茅ヶ崎徳洲会病院,医療法人徳洲会 茅ヶ崎徳洲会病院,1,1,1,0,0,0,1,0,,,,,
14,2410652,医療法人社団湘南健友会 長岡病院,医療法人社団湘南健友会 長岡病院,1,0,0,1,0,0,0,0,,,,,
14,2402501,湘南東部総合病院,湘南東部総合病院,3,2,2,0,1,1,1,0,,,,,
14,1200666,宗教法人寒川神社 寒川病院,宗教法人寒川神社 寒川病院,1,1,0,1,0,0,1,0,,,,,
14,2003010,くらた病院,くらた病院,1,0,1,0,0,0,0,0,,,,,
14,2000016,国家公務員共済組合連合会 平塚共済病院,国家公務員共済組合連合会 平塚共済病院,2,2,1,1,0,1,1,0,,,,,
14,2010304,社会福祉法人恩賜財団済生会支部神奈川県済生会 湘南平塚病院,社会福祉法人 恩賜財団済生会支部 神奈川県済生会湘南平塚病院,1,1,0,1,0,0,1,0,,,,,
14,2003549,ふれあい平塚ホスピタル,ふれあい平塚ホスピタル,1,1,0,0,1,0,1,0,,,,,
14,2001451,平塚市民病院,平塚市民病院,5,2,4,0,0,1,1,0,,,28074.0,7097.0,VERIFIED_NUMERIC
14,2001857,医療法人社団水野会 平塚十全病院,医療法人社団水野会 平塚十全病院,1,0,0,1,0,0,0,0,,,,,
14,2800282,医療法人杏林会 八木病院,医療法人杏林会 八木病院,1,1,0,1,0,0,0,1,,,,,
14,2800480,秦野赤十字病院,秦野赤十字病院,2,1,2,0,0,0,1,0,,,,,
14,9900010,独立行政法人国立病院機構 神奈川病院,独立行政法人国立病院機構神奈川病院,1,1,1,0,0,0,1,0,,,,,
14,2800829,医療法人社団三喜会 鶴巻温泉病院,医療法人社団三喜会 鶴巻温泉病院,1,0,0,1,0,0,0,0,,,,,
14,4000204,神奈川県厚生農業協同組合連合会 伊勢原協同病院,神奈川県厚生農業協同組合連合会 伊勢原協同病院,2,2,1,1,0,1,1,0,,,,,
14,4000279,東海大学医学部付属病院,東海大学医学部付属病院,5,5,5,0,0,2,3,0,,,55312.0,25297.0,VERIFIED_NUMERIC
14,2902468,厚木市立病院,厚木市立病院,3,2,2,1,0,1,1,0,,,,,
14,2901148,東名厚木病院,東名厚木病院,2,1,1,0,0,1,0,0,,,,,
14,2900116,医療法人仁愛会 近藤病院,医療法人仁愛会近藤病院,1,0,0,1,0,0,0,0,,,,,
14,2901429,医療法人社団 藤和会 厚木佐藤病院,厚木佐藤病院,1,1,0,1,0,0,1,0,,,,,
14,2902948,医療法人徳洲会 湘南厚木病院,医療法人徳洲会　湘南厚木病院,2,1,1,1,0,0,1,0,,,,,
14,2900207,仁厚会病院,仁厚会病院,1,1,0,1,0,0,1,0,,,,,
14,2900751,社会福祉法人神奈川県総合リハビリテーション事業団 神奈川リハビリテーション病院,神奈川リハビリテーション病院,1,1,1,0,0,0,1,0,,,,,
14,2901817,医療法人鉄蕉会 亀田森の里病院,医療法人鉄蕉会 亀田森の里病院,1,1,0,1,0,0,1,0,,,,,
14,2910404,医療法人社団葵会 ＡＯＩ七沢リハビリテーション病院,医療法人社団葵会 AOI七沢リハビリテーション病院,1,0,0,1,0,0,0,0,,,,,
14,3001302,医療法人徳洲会 大和徳洲会病院,医療法人 徳洲会 大和徳洲会病院,2,1,2,0,0,0,1,0,,,,,
14,3002078,医療法人社団 哺育会 桜ヶ丘中央病院,医療法人社団 哺育会 桜ヶ丘中央病院,1,1,1,0,0,0,1,0,,,,,
14,3003324,みどり野リハビリテーション病院,みどり野リハビリテーション病院,1,0,0,1,0,0,0,0,,,,,
14,3002268,大和成和病院,大和成和病院,1,1,1,0,0,0,1,0,,,,,
14,3000668,大和市立病院,大和市立病院,3,2,2,1,0,0,2,0,,,,,
14,3002854,社会医療法人三栄会 中央林間病院,社会医療法人三栄会 中央林間病院,1,0,1,0,0,0,0,0,,,,,
14,3002367,南大和病院,南大和病院,1,1,1,0,0,0,1,0,,,,,
14,4200572,さがみ野中央病院,医療法人社団 さがみ野中央病院,1,1,0,1,0,0,1,0,,,,,
14,4201398,湘陽かしわ台病院,湘陽かしわ台病院,1,1,1,0,0,0,1,0,,,,,
14,4200853,医療法人社団 神愛会 オアシス湘南病院,医療法人社団神愛会オアシス湘南病院,1,0,0,1,0,0,0,0,,,,,
14,4200499,社会医療法人 ジャパンメディカルアライアンス 海老名総合病院,社会医療法人ジャパンメディカルアライアンス 海老名総合病院,3,3,3,0,0,1,2,0,,,,,
14,4100608,医療法人社団一真会 座間厚生病院,医療法人社団一真会 座間厚生病院,1,0,0,1,0,0,0,0,,,,,
14,4100848,医療法人神奈川せいわ会 相武台リハビリテーション病院,医療法人神奈川せいわ会 相武台リハビリテーション病院,1,0,0,1,0,0,0,0,,,,,
14,4100087,医療法人興生会 相模台病院,医療法人興生会 相模台病院,1,1,1,0,0,0,1,0,,,,,
14,4110086,社会医療法人ジャパンメディカルアライアンス 座間総合病院,社会医療法人ｼﾞｬﾊﾟﾝﾒﾃﾞｨｶﾙｱﾗｲｱﾝｽ 座間総合病院,1,1,1,0,0,0,1,0,,,,,
14,4400206,医療法人社団 柏綾会 綾瀬厚生病院,医療法人社団 柏綾会 綾瀬厚生病院,1,1,0,1,0,0,1,0,,,,,
14,1600469,愛川北部病院,愛川北部病院,1,1,0,1,0,0,1,0,,,,,
14,2608222,広瀬病院,広瀬病院,1,0,0,1,0,0,0,0,,,,,
14,2604940,医療法人財団愛慈会 相和病院,相和病院,1,0,0,0,1,0,0,0,,,,,
14,2611408,神奈川県厚生農業協同組合連合会 相模原協同病院,神奈川県厚生農業協同組合連合会相模原協同病院,4,2,4,0,0,1,1,0,,,,,
14,2608214,晃友相模原病院,晃友相模原病院,1,1,1,0,0,0,1,0,,,,,
14,2607323,医療法人社団 清伸会 ふじの温泉病院,医療法人社団清伸会 ふじの温泉病院,2,0,0,0,1,0,0,0,,,,,
14,2606911,医療法人社団悠心会 森田病院,医療法人社団悠心会 森田病院,1,1,1,0,0,0,0,1,,,,,
14,2606887,相模原赤十字病院,相模原赤十字病院,1,1,1,0,0,0,1,0,,,,,
14,2604528,医療法人財団 明理会 相原病院,医療法人財団明理会 相原病院,1,0,0,1,0,0,0,0,,,,,
14,2600385,医療法人社団相和会 渕野辺総合病院,渕野辺総合病院,1,1,1,0,0,1,0,0,,,,,
14,2602076,医療法人社団仁和会 さがみ仁和会病院,医療法人社団仁和会 さがみ仁和会病院,1,0,1,0,0,0,0,0,,,,,
14,2600757,独立行政法人地域医療機能推進機構 相模野病院,独立行政法人地域医療機能推進機構 相模野病院,1,1,1,0,0,0,1,0,,,,,
14,2600393,総合相模更生病院,総合相模更生病院,1,2,1,0,0,1,1,0,,,,,
14,2604916,相模原中央病院,相模原中央病院,1,1,1,0,0,0,1,0,,,,,
14,2601771,医療法人社団蒼紫会 森下記念病院,森下記念病院,1,0,0,1,0,0,0,0,,,,,
14,2605434,医療法人 相愛会 相愛病院,医療法人 相愛会 相愛病院,1,0,0,1,0,0,0,0,,,,,
14,9910043,独立行政法人国立病院機構 相模原病院,独立行政法人国立病院機構 相模原病院,3,3,1,2,0,1,2,0,,,22163.0,7970.0,VERIFIED_NUMERIC
14,2603538,医療法人社団仁恵会 黒河内病院,医療法人社団仁恵会 黒河内病院,1,1,1,0,0,0,0,1,,,,,
14,2608206,丘整形外科病院,医療法人社団松寿会　丘整形外科病院,1,1,0,1,0,0,0,1,,,,,
14,2611333,小松会病院,小松会病院,1,0,0,1,0,0,0,0,,,,,
14,2602126,北里大学病院,北里大学病院,8,5,5,3,0,3,2,0,,,34591.0,16946.0,VERIFIED_NUMERIC
14,2601482,相模原友愛温泉病院,相模原友愛温泉病院,1,0,0,0,1,0,0,0,,,,,
14,2605400,医療法人神奈川せいわ会 相模大野リハビリテーション病院,医療法人神奈川せいわ会相模大野リハビリテーション病院,1,0,0,1,0,0,0,0,,,,,
14,2604197,相模原南病院,相模原南病院,1,0,0,1,0,0,0,0,,,,,
14,2300036,医療法人 小林病院,医療法人 小林病院,1,0,1,0,0,0,0,0,,,,,
14,9900044,独立行政法人国立病院機構 箱根病院,独立行政法人国立病院機構箱根病院,1,1,0,1,0,1,0,0,,,,,
14,2301869,医療法人社団 帰陽会 丹羽病院,医療法人社団 帰陽会 丹羽病院,1,0,0,0,0,0,0,0,,,,,
14,2301125,医療法人尽誠会 山近記念総合病院,医療法人尽誠会 山近記念総合病院,1,1,1,0,0,0,1,0,,,,,
14,2300119,医療法人 同愛会 小澤病院,医療法人 同愛会 小澤病院,1,1,1,0,0,0,1,0,,,,,
14,2301398,医療法人財団報徳会 西湘病院,西湘病院,1,2,0,1,0,1,1,0,,,,,
14,2302016,医療法人邦友会 小田原循環器病院,医療法人邦友会 小田原循環器病院,1,1,1,0,0,0,1,0,,,,,
14,4300216,医療法人社団明芳会 北小田原病院,医療法人社団明芳会北小田原病院,1,0,0,1,0,0,0,0,,,,,
14,4300562,大内病院,大内病院,1,0,0,1,0,0,0,0,,,,,
14,1401256,佐藤病院,佐藤病院,1,0,0,1,0,0,0,0,,,,,
14,1401504,神奈川県立足柄上病院,神奈川県立足柄上病院,2,1,2,0,0,1,0,0,,,,,
14,1400985,医療法人勝又 高台病院,医療法人勝又高台病院,1,0,0,0,1,0,0,0,,,,,
14,1500586,特定医療法人社団研精会 箱根リハビリテーション病院,特定医療法人社団研精会 箱根リハビリテーション病院,1,0,0,1,0,0,0,0,,,,,
14,1500545,湯河原胃腸病院,湯河原胃腸病院,1,0,0,1,0,0,0,0,,,,,
14,1510049,独立行政法人地域医療機能推進機構 湯河原病院,独立行政法人地域医療機能推進機構 湯河原病院,1,1,0,1,0,0,1,0,,,,,
14,2100972,医療法人 大樹会 ふれあい鎌倉ホスピタル,医療法人大樹会 ふれあい鎌倉ホスピタル,1,1,0,1,0,0,1,0,,,,,
14,2211563,村田会湘南大庭病院,村田会湘南大庭病院,1,0,0,1,0,0,0,0,,,,,
14,3110806,医療法人裕徳会 よこはま港南台地域包括ケア病院,医療法人裕徳会　よこはま港南台地域包括ケア病院,1,0,0,1,0,0,0,0,,,,,
14,0603381,医療法人社団 明芳会 イムス横浜狩場脳神経外科病院,医療法人社団明芳会　イムス横浜狩場脳神経外科病院,1,1,1,0,0,0,1,0,,,,,
14,3403151,医療法人社団 哺育会 横浜相原病院,医療法人社団哺育会　横浜相原病院,1,0,0,1,0,0,0,0,,,,,
14,1310143,医療法人徳洲会 湘南大磯病院,医療法人徳洲会湘南大磯病院,1,1,1,0,0,0,1,0,,,,,
14,2611796,さがみ林間病院,さがみ林間病院,2,1,2,0,0,0,1,0,,,,,
14,5211354,京浜総合病院,京浜総合病院,1,0,1,0,0,0,0,0,,,,,
14,3610433,ゆめが丘総合病院,ゆめが丘総合病院,1,1,1,0,0,1,0,0,,,,,
14,1911353,横須賀市立総合医療センター,横須賀市立総合医療センター,2,2,2,0,0,1,1,0,,,,,
15,0611328,竹内病院,竹内病院,1,1,0,1,0,0,1,0,,,,,
15,0611443,北越病院,北越病院,1,0,0,1,0,0,0,0,,,,,
15,0612003,新潟県立新発田病院,新潟県立新発田病院,3,2,2,1,0,1,1,0,,,,,
15,0611799,医療法人 愛広会 新発田リハビリテーション病院,新発田リハビリテーション病院,1,0,0,1,0,0,0,0,,,,,
15,1210716,医療法人 新光会 村上記念病院,村上記念病院,1,0,0,1,0,0,0,0,,,,,
15,1210948,新潟県立坂町病院,新潟県立坂町病院,1,0,1,0,0,0,0,0,,,,,
15,1211193,村上総合病院,厚生連村上総合病院,1,1,1,0,0,0,1,0,,,,,
15,1210971,山北徳新会病院,山北徳新会病院,1,1,1,0,0,0,1,0,,,,,
15,2510064,中条中央病院,中条中央病院,1,1,1,0,0,0,1,0,,,,,
15,5011615,新潟聖籠病院,新潟聖籠病院,1,1,0,1,0,0,1,0,,,,,
15,5011607,新潟手の外科研究所病院,新潟手の外科研究所病院,1,1,0,1,0,0,1,0,,,,,
15,0122581,新潟リハビリテーション病院,新潟リハビリテーション病院,1,1,0,1,0,0,1,0,,,,,
15,0122615,厚生連 豊栄病院,厚生連豊栄病院,1,1,1,0,0,0,1,0,,,,,
15,0121518,新潟臨港病院,新潟臨港病院,1,1,1,0,0,0,1,0,,,,,
15,0125642,新潟医療生活協同組合 木戸病院,新潟医療生活協同組合 木戸病院,1,1,1,0,0,0,1,0,,,,,
15,0121146,社会医療法人 桑名恵風会 桑名病院,社会医療法人　桑名恵風会　桑名病院,1,2,1,0,0,0,2,0,,,,,
15,0115544,東新潟病院,東新潟病院,1,1,0,1,0,0,1,0,,,,,
15,0114760,とやの中央病院,とやの中央病院,1,0,0,1,0,0,0,0,,,,,
15,0124868,猫山宮尾病院,猫山宮尾病院,1,1,0,1,0,0,1,0,,,,,
15,0126368,社会医療法人新潟臨港保健会 新潟万代病院,新潟万代病院,1,1,1,0,0,0,1,0,,,,,
15,8910011,新潟大学医歯学総合病院,新潟大学医歯学総合病院,7,3,4,3,0,2,1,0,,,28199.0,11555.0,VERIFIED_NUMERIC
15,0115668,新潟中央病院,新潟中央病院,1,1,1,0,0,0,1,0,,,,,
15,0116062,新潟県立がんセンター新潟病院,新潟県立がんセンター新潟病院,4,2,3,1,0,1,1,0,,,,,
15,0127002,新潟南病院,新潟南病院,1,1,0,1,0,0,1,0,,,,,
15,0124652,新潟市民病院,新潟市民病院,4,2,3,1,0,1,1,0,,,32363.0,6818.0,VERIFIED_NUMERIC
15,0122730,社会医療法人 愛仁会 亀田第一病院,亀田第一病院,1,2,0,1,0,0,2,0,,,,,
15,0125865,下越病院,下越病院,1,1,1,0,0,0,1,0,,,,,
15,0122094,新津医療センター病院,新津医療センター病院,1,1,0,1,0,0,0,1,,,,,
15,0122243,新潟白根総合病院,新潟白根総合病院,1,1,0,1,0,0,1,0,,,,,
15,0122433,白根大通病院,白根大通病院,1,0,0,1,0,0,0,0,,,,,
15,0124074,社会福祉法人新潟市社会事業協会 信楽園病院,信楽園病院,2,1,2,0,0,0,1,0,,,,,
15,0117755,聖園病院,聖園病院,1,0,0,1,0,0,0,0,,,,,
15,0120734,社会福祉法人 恩賜財団 済生会新潟病院,済生会新潟病院,2,1,2,0,0,0,1,0,,,,,
15,0121179,黒埼病院,黒埼病院,1,0,0,1,0,0,0,0,,,,,
15,8910029,独立行政法人国立病院機構 西新潟中央病院,国立病院機構 西新潟中央病院,1,1,1,0,0,0,1,0,,,,,
15,0120726,新潟脳外科病院,新潟脳外科病院,1,3,1,0,0,1,2,0,,,,,
15,0124835,医療法人社団白美会 新潟西蒲メディカルセンター病院,新潟西蒲メディカルセンター病院,1,0,0,1,0,0,0,0,,,,,
15,0123118,一般社団法人 新潟県労働衛生医学協会 附属 岩室リハビリテーション病院,岩室リハビリテーション病院,1,0,0,1,0,0,0,0,,,,,
15,0123316,西蒲中央病院,西蒲中央病院,1,0,0,1,0,0,0,0,,,,,
15,0123225,潟東けやき病院,潟東けやき病院,1,0,0,0,1,0,0,0,,,,,
15,1710418,五泉中央病院,五泉中央病院,2,2,1,1,0,1,1,0,,,,,
15,1710632,南部郷厚生病院,南部郷厚生病院,1,1,0,1,0,0,1,0,,,,,
15,2110006,脳神経センター阿賀野病院,脳神経センター阿賀野病院,1,1,1,0,0,0,1,0,,,,,
15,2110162,あがの市民病院,あがの市民病院,1,1,1,0,0,0,1,0,,,,,
15,5410130,新潟県立津川病院,新潟県立津川病院,1,0,0,1,0,0,0,0,,,,,
15,0410523,社会医療法人嵐陽会 三之町病院,三之町病院,1,1,1,0,0,0,1,0,,,,,
15,0410739,済生会三条病院,済生会三条病院,1,1,0,1,0,0,1,0,,,,,
15,0411497,かもしか病院,かもしか病院,1,0,0,1,0,0,0,0,,,,,
15,0411067,三条東病院,三条東病院,1,0,1,0,0,0,0,0,,,,,
15,0411372,富永草野病院,富永草野病院,1,1,0,1,0,0,1,0,,,,,
15,0910324,新潟県立加茂病院,新潟県立加茂病院,1,1,1,0,0,0,1,0,,,,,
15,1310755,新潟県立吉田病院,新潟県立吉田病院,1,1,1,0,0,0,1,0,,,,,
15,0210881,吉田病院,吉田病院,1,0,1,0,0,0,0,0,,,,,
15,0212721,長岡赤十字病院,長岡赤十字病院,3,2,2,1,0,0,2,0,,,,,
15,0212267,長岡西病院,長岡西病院,1,1,1,0,0,0,1,0,,,,,
15,0214263,立川綜合病院,立川綜合病院,3,2,2,1,0,1,1,0,,,,,
15,0210758,長岡保養園,長岡保養園,1,0,0,1,0,0,0,0,,,,,
15,0213273,三島病院,三島病院,1,1,0,1,0,0,1,0,,,,,
15,0212697,悠遊健康村病院,立川ﾒﾃﾞｨｶﾙｾﾝﾀｰ悠遊健康村病院,1,0,0,0,1,0,0,0,,,,,
15,8910045,独立行政法人国立病院機構 新潟病院,国立病院機構 新潟病院,1,1,1,0,0,0,1,0,,,,,
15,0510819,柏崎厚生病院,立川ﾒﾃﾞｨｶﾙｾﾝﾀｰ柏崎厚生病院,1,0,0,0,1,0,0,0,,,,,
15,0510777,医療法人（財団）公仁会 柏崎中央病院,柏崎中央病院,1,1,1,0,0,0,1,0,,,,,
15,0810466,小千谷さくら病院,小千谷さくら病院,1,1,0,1,0,0,0,1,,,,,
15,1110494,見附市立病院,見附市立病院,1,1,1,0,0,0,1,0,,,,,
15,1010181,新潟県立十日町病院,新潟県立十日町病院,1,1,0,1,0,0,1,0,,,,,
15,2310317,国民健康保険魚沼市立小出病院,国民健康保険魚沼市立小出病院,1,1,1,0,0,0,0,1,,,,,
15,2410497,南魚沼市民病院,南魚沼市民病院,1,1,1,0,0,0,1,0,,,,,
15,2410075,齋藤記念病院,齋藤記念病院,1,1,1,0,0,0,1,0,,,,,
15,5811667,町立湯沢病院,町立湯沢病院,1,0,0,1,0,0,0,0,,,,,
15,5910071,町立津南病院,町立津南病院,1,0,0,1,0,0,0,0,,,,,
15,1510545,厚生連 糸魚川総合病院,厚生連糸魚川総合病院,1,1,1,0,0,0,1,0,,,,,
15,1510552,アグリよしだ病院,よしだ病院,0,1,0,0,0,0,1,0,,,,,
15,1610543,新潟県立妙高病院,新潟県立妙高病院,1,0,0,1,0,0,0,0,,,,,
15,1610212,厚生連 けいなん総合病院,厚生連けいなん総合病院,1,1,1,0,0,0,1,0,,,,,
15,8910086,独立行政法人国立病院機構 さいがた医療センター,独立行政法人国立病院機構さいがた医療センター,1,1,0,1,0,0,1,0,,,,,
15,0311804,新潟県立中央病院,新潟県立中央病院,3,2,2,1,0,1,1,0,,,,,
15,0310319,知命堂病院,知命堂病院,1,0,0,1,0,0,0,0,,,,,
15,0312034,上越地域医療センター病院,上越地域医療センター病院,1,1,1,0,0,0,1,0,,,,,
15,0312505,新潟県立柿崎病院,新潟県立柿崎病院,1,0,0,1,0,0,0,0,,,,,
15,2210590,佐渡市立両津病院,佐渡市立両津病院,1,0,1,0,0,0,0,0,,,,,
15,0411935,社会福祉法人恩賜財団済生会 新潟県央基幹病院,済生会新潟県央基幹病院,3,2,2,1,0,1,1,0,,,,,
16,0410555,魚津病院,魚津病院,1,0,0,1,0,0,0,0,,,,,
16,0410993,医療法人新川病院,医療法人新川病院,1,0,1,0,0,0,0,0,,,,,
16,0410019,独立行政法人労働者健康安全機構富山労災病院,富山労災病院,2,1,2,0,0,0,1,0,,,,,
16,0710319,黒部温泉病院,黒部温泉病院,1,0,0,1,0,0,0,0,,,,,
16,0710350,医療法人社団平成会桜井病院,医療法人社団平成会桜井病院,1,0,0,1,0,0,0,0,,,,,
16,0710012,黒部市民病院,黒部市民病院,4,2,2,1,0,1,1,0,,,16986.0,5224.0,VERIFIED_NUMERIC
16,1710623,坂東病院,坂東病院,1,1,1,0,0,0,1,0,,,,,
16,1710839,あさひ総合病院,あさひ総合病院,1,1,1,0,0,0,1,0,,,,,
16,1710870,丸川病院,丸川病院,1,1,0,1,0,0,1,0,,,,,
16,0114686,三輪病院,三輪病院,1,1,0,1,0,0,0,1,,,,,
16,0116426,長谷川病院,長谷川病院,1,0,0,1,0,0,0,0,,,,,
16,0110023,富山県立中央病院,富山県立中央病院,4,3,4,0,0,2,1,0,,,36234.0,8266.0,VERIFIED_NUMERIC
16,0115667,富山県済生会富山病院,富山県済生会富山病院,2,2,2,0,0,0,2,0,,,,,
16,0116210,清幸会島田病院,清幸会島田病院,1,0,0,1,0,0,0,0,,,,,
16,0112607,富山医療生活協同組合富山協立病院,富山医療生活協同組合富山協立病院,1,0,1,0,0,0,0,0,,,,,
16,0113811,富山県リハビリテーション病院・こども支援センター,富山県リハビリテーション病院・こども支援センター,1,1,1,0,0,0,1,0,,,,,
16,0113365,横田記念病院,横田記念病院,1,0,1,0,0,0,0,0,,,,,
16,8010019,独立行政法人国立病院機構富山病院,独立行政法人国立病院機構富山病院,1,0,0,1,0,0,0,0,,,,,
16,0116020,栗山病院,栗山病院,1,0,0,1,0,0,0,0,,,,,
16,0114314,いま泉病院,いま泉病院,1,0,0,1,0,0,0,0,,,,,
16,0119719,みなみの星病院,みなみの星病院,1,1,1,0,0,0,1,0,,,,,
16,0113647,富山市立 富山市民病院,富山市立富山市民病院,3,2,3,0,0,0,2,0,,,,,
16,8010035,国立大学法人富山大学附属病院,国立大学法人富山大学附属病院,4,3,3,1,0,1,2,0,,,21812.0,9362.0,VERIFIED_NUMERIC
16,0118570,野村病院,野村病院,1,0,0,1,0,0,0,0,,,,,
16,0120055,医療法人社団城南会 富山城南病院,医療法人社団城南会富山城南病院,1,0,0,1,0,0,0,0,,,,,
16,0117176,おおやま病院,おおやま病院,1,0,0,1,0,0,0,0,,,,,
16,0117259,友愛温泉病院,友愛温泉病院,1,0,0,0,1,0,0,0,,,,,
16,0118158,アルペンリハビリテーション病院,アルペンリハビリテーション病院,1,0,0,1,0,0,0,0,,,,,
16,0119362,医療法人 北聖病院,医療法人北聖病院,1,0,0,0,0,0,0,0,,,,,
16,0114637,成和病院,成和病院,1,1,0,1,0,0,0,1,,,,,
16,0117754,西能みなみ病院,西能みなみ病院,0,1,0,0,0,0,1,0,,,,,
16,0114447,不二越病院,不二越病院,1,1,0,1,0,0,1,0,,,,,
16,0115600,富山赤十字病院,富山赤十字病院,2,2,2,0,0,0,2,0,,,,,
16,0119172,チューリップ長江病院,チューリップ長江病院,1,0,0,0,1,0,0,0,,,,,
16,0118513,うおざきファミリー病院,うおざきファミリー病院,1,1,0,1,0,0,1,0,,,,,
16,0610014,富山県厚生農業協同組合連合会滑川病院,富山県厚生農業協同組合連合会滑川病院,2,1,2,0,0,1,0,0,,,,,
16,1610211,かみいち総合病院,かみいち総合病院,1,1,1,0,0,0,1,0,,,,,
16,1610542,藤木病院,藤木病院,1,1,0,1,0,0,1,0,,,,,
16,0212993,サンバリー高岡病院,サンバリー高岡病院,1,0,0,0,0,0,0,0,,,,,
16,0213348,医療法人社団整志会 沢田記念高岡整志会病院,医療法人社団整志会沢田記念高岡整志会病院,1,1,0,1,0,0,1,0,,,,,
16,0210377,富山県厚生農業協同組合連合会高岡病院,富山県厚生農業協同組合連合会高岡病院,3,2,3,0,0,2,0,0,,,,,
16,0213629,サンバリー福岡病院,サンバリー福岡病院,1,0,0,1,0,0,0,0,,,,,
16,0211888,医療法人万葉病院,医療法人万葉病院,1,0,0,1,0,0,0,0,,,,,
16,0211987,独立行政法人地域医療機能推進機構 高岡ふしき病院,独立行政法人地域医療機能推進機構高岡ふしき病院,1,1,1,0,0,0,1,0,,,,,
16,0210914,高岡市民病院,高岡市民病院,2,1,2,0,0,1,0,0,,,,,
16,0212670,あさなぎ病院,あさなぎ病院,1,0,0,1,0,0,0,0,,,,,
16,0211995,医療法人光ケ丘病院,医療法人光ケ丘病院,1,0,1,0,0,0,0,0,,,,,
16,0212605,富山県済生会高岡病院,富山県済生会 高岡病院,2,1,1,1,0,1,0,0,,,,,
16,0213876,医療法人 高岡みなみハートセンター みなみの杜病院,医療法人高岡みなみハートセンターみなみの杜病院,1,1,1,0,0,0,0,1,,,,,
16,0510503,陽和温泉病院,陽和温泉病院,1,0,0,0,0,0,0,0,,,,,
16,0510933,金沢医科大学氷見市民病院,金沢医科大学氷見市民病院,3,1,2,0,1,0,1,0,,,,,
16,0510586,医療法人財団正友会中村記念病院,医療法人 財団正友会 中村記念病院,1,0,0,1,0,0,0,0,,,,,
16,1910769,真生会 富山病院,真生会富山病院,1,1,0,1,0,0,1,0,,,,,
16,1910702,大島くるみ病院,大島くるみ病院,1,0,0,0,1,0,0,0,,,,,
16,1911049,射水市民病院,射水市民病院,1,1,1,0,0,0,1,0,,,,,
16,0810556,砺波サンシャイン病院,砺波サンシャイン病院,1,0,0,0,1,0,0,0,,,,,
16,0810515,あおい病院,あおい病院,1,0,0,0,1,0,0,0,,,,,
16,0810523,となみ三輪病院,となみ三輪病院,1,0,0,0,1,0,0,0,,,,,
16,0810010,市立砺波総合病院,市立砺波総合病院,3,2,2,1,0,1,1,0,,,,,
16,0910505,つざわ津田病院,つざわ津田病院,1,0,0,1,0,0,0,0,,,,,
16,0910521,太田病院,太田病院,1,0,0,0,1,0,0,0,,,,,
16,0910489,公立学校共済組合 北陸中央病院,公立学校共済組合北陸中央病院,1,1,1,0,0,0,1,0,,,,,
16,0910620,西野内科病院,西野内科病院,1,0,0,1,0,0,0,0,,,,,
16,2010817,公立南砺中央病院,公立南砺中央病院,1,1,1,0,0,0,1,0,,,,,
16,2010395,南砺市民病院,南砺市民病院,1,1,1,0,0,0,1,0,,,,,
16,8010027,独立行政法人国立病院機構北陸病院,独立行政法人国立病院機構北陸病院,1,0,0,0,1,0,0,0,,,,,
16,2010635,ふくの若葉病院,ふくの若葉病院,1,0,0,0,0,0,0,0,,,,,
16,0119255,富山西総合病院,富山西総合病院,1,2,1,0,0,1,1,0,,,,,
16,0119412,富山市立富山まちなか病院,富山市立富山まちなか病院,1,0,1,0,0,0,0,0,,,,,
17,0312263,医療法人社団 松陽 東 病院,医療法人社団松陽東病院,1,1,0,0,1,0,1,0,,,,,
17,0311562,森田病院,医療法人社団さくら会 森田病院,1,1,1,0,0,0,1,0,,,,,
17,0311786,岡本病院,医療法人社団 岡本会 岡本病院,1,0,0,1,0,0,0,0,,,,,
17,0312230,小松ソフィア病院,小松ソフィア病院,1,0,0,1,0,0,0,0,,,,,
17,0311364,国民健康保険 小松市民病院,国民健康保険 小松市民病院,4,1,4,0,0,0,1,0,,,,,
17,0311414,医療法人社団東野会東野病院,東野病院,1,0,0,1,0,0,0,0,,,,,
17,0310929,特定医療法人社団勝木会 やわたメディカルセンター,特定医療法人社団 勝木会 やわたメディカルセンター,1,1,1,0,0,0,1,0,,,,,
17,0611425,加賀市医療センター,加賀市医療センター,2,1,1,1,0,0,1,0,,,,,
17,8010067,独立行政法人国立病院機構 石川病院,独立行政法人国立病院機構石川病院,1,1,0,1,0,0,1,0,,,,,
17,0610534,久藤総合病院,医療法人社団慈豊会 久藤総合病院,1,1,1,0,0,0,1,0,,,,,
17,2310109,公益社団法人石川勤労者医療協会 寺井病院,寺井病院,1,0,0,1,0,0,0,0,,,,,
17,2310265,国民健康保険 能美市立病院,国民健康保険 能美市立病院,1,1,1,0,0,0,1,0,,,,,
17,2310190,医療法人社団和楽仁 芳珠記念病院,医療法人社団和楽仁 芳珠記念病院,1,1,1,0,0,0,1,0,,,,,
17,0117340,医療法人社団金沢 宗広病院,金沢宗広病院,0,1,0,0,0,0,0,1,,,,,
17,0113877,金沢西病院,医療法人社団博友会 金沢西病院,1,1,1,0,0,0,1,0,,,,,
17,0114420,医療法人社団映寿会 みらい病院,みらい病院,1,0,0,1,0,0,0,0,,,,,
17,0119767,医療法人社団和宏会 敬愛病院,医療法人社団和宏会 敬愛病院,1,1,1,0,0,0,1,0,,,,,
17,0111145,国家公務員共済組合連合会 北陸病院,国家公務員共済組合連合会 北陸病院,1,1,1,0,0,0,1,0,,,,,
17,0111186,金沢市立病院,金沢市立病院,2,1,1,1,0,0,1,0,,,,,
17,0112846,社会医療法人財団松原愛育会 松原病院,社会医療法人財団松原愛育会 松原病院,1,1,0,1,0,0,1,0,,,,,
17,8010042,独立行政法人国立病院機構 医王病院,独立行政法人国立病院機構医王病院,1,1,1,0,0,1,0,0,,,,,
17,0112333,金沢赤十字病院,金沢赤十字病院,1,1,1,0,0,0,1,0,,,,,
17,0117068,石川県済生会金沢病院,石川県済生会金沢病院,2,1,1,1,0,0,1,0,,,,,
17,0114982,大手町病院,医療法人社団和宏会大手町病院,1,0,0,1,0,0,0,0,,,,,
17,0117167,安田内科病院,安田内科病院,1,0,1,0,0,0,0,0,,,,,
17,0118231,医療法人社団浅ノ川 浅ノ川総合病院,医療法人社団浅ノ川 浅ノ川総合病院,2,2,2,0,0,1,1,0,,,,,
17,0111327,公益社団法人石川勤労者医療協会 城北病院,公益社団法人石川勤労者医療協会 城北病院,1,1,1,0,0,0,1,0,,,,,
17,0118041,独立行政法人地域医療機能推進機構金沢病院,独立行政法人地域医療機能推進機構金沢病院,2,1,1,1,0,0,1,0,,,,,
17,0120427,林病院,医療法人社団白銀会 林病院,1,0,0,1,0,0,0,0,,,,,
17,8010091,国立大学法人 金沢大学附属病院,国立大学法人金沢大学附属病院,5,5,5,0,0,3,2,0,,,33576.0,13411.0,VERIFIED_NUMERIC
17,0121425,伊藤病院,伊藤病院,1,0,0,1,0,0,0,0,,,,,
17,0110600,金沢聖霊総合病院,金沢聖霊総合病院,1,1,0,1,0,0,1,0,,,,,
17,8010018,独立行政法人国立病院機構 金沢医療センター,独立行政法人国立病院機構金沢医療センター,3,2,2,0,0,1,1,0,,,,,
17,0116284,医療法人社団浅ノ川 心臓血管センター金沢循環器病院,医療法人社団浅ノ川 心臓血管センター金沢循環器病院,1,1,1,0,0,0,0,1,,,,,
17,0113786,石川県立中央病院,石川県立中央病院,4,3,3,0,0,2,1,0,,,,,FETCH_RETRY
17,0121169,社会医療法人財団董仙会 恵寿金沢病院,社会医療法人財団董仙会 恵寿金沢病院,1,0,1,0,0,0,0,0,,,,,
17,0118249,医療法人社団浅ノ川 千木病院,医療法人社団浅ノ川千木病院,1,0,0,1,0,0,0,0,,,,,
17,1311686,南ケ丘病院,南ケ丘病院,1,1,1,0,0,0,1,0,,,,,
17,0119536,金沢有松病院,医療法人社団 中央会 金沢有松病院,1,1,1,0,0,1,0,0,,,,,
17,0116995,木島病院,木島病院,1,1,1,0,0,0,1,0,,,,,
17,0115591,整形外科米澤病院,整形外科米澤病院,1,1,0,1,0,0,0,1,,,,,
17,0117910,すずみが丘病院,すずみが丘病院,1,0,0,1,0,0,0,0,,,,,
17,2110012,医療法人社団芙蓉会 二ツ屋病院,医療法人社団芙蓉会 二ツ屋病院,1,0,0,1,0,0,0,0,,,,,
17,2210127,公立松任石川中央病院,公立松任石川中央病院,6,1,4,2,0,0,1,0,,,15686.0,3430.0,VERIFIED_NUMERIC
17,2210614,公立つるぎ病院,公立つるぎ病院,1,1,1,0,0,0,1,0,,,,,
17,2210556,新村病院,新村病院,1,1,0,1,0,0,1,0,,,,,
17,1311405,医療法人社団 浅ノ川 金沢脳神経外科病院,医療法人社団浅ノ川 金沢脳神経外科病院,1,2,1,0,0,2,0,0,,,,,
17,1410165,公立河北中央病院,公立河北中央病院,1,0,1,0,0,0,0,0,,,,,
17,1411353,みずほ病院,医療法人社団 瑞穂会 みずほ病院,1,0,0,1,0,0,0,0,,,,,
17,1410694,内灘温泉病院,内灘温泉病院,1,0,0,1,0,0,0,0,,,,,
17,1410363,金沢医科大学病院,金沢医科大学病院,5,3,5,0,0,1,2,0,,,28122.0,9196.0,VERIFIED_NUMERIC
17,8010083,独立行政法人国立病院機構 七尾病院,独立行政法人国立病院機構七尾病院,1,0,1,0,0,0,0,0,,,,,
17,0210319,社会医療法人財団董仙会 恵寿総合病院,恵寿総合病院,2,1,2,0,0,1,0,0,,,,,
17,0211242,公立能登総合病院,公立能登総合病院,2,1,2,0,0,0,1,0,,,,,
17,0210939,北村病院,北村病院,1,0,0,0,1,0,0,0,,,,,
17,0710292,公立羽咋病院,公立羽咋病院,1,1,1,0,0,0,1,0,,,,,
17,1510485,町立富来病院,町立富来病院,1,1,0,1,0,0,1,0,,,,,
17,1510568,町立宝達志水病院,町立宝達志水病院,1,1,0,1,0,0,1,0,,,,,
17,0410513,市立輪島病院,市立輪島病院,1,1,0,1,0,0,1,0,,,,,
17,0510361,珠洲市総合病院,珠洲市総合病院,1,1,1,0,0,0,1,0,,,,,
17,1710176,公立穴水総合病院,公立穴水総合病院,1,1,1,0,0,0,1,0,,,,,
17,1710606,公立宇出津総合病院,公立宇出津総合病院,1,1,1,0,0,0,1,0,,,,,
17,0122324,金沢古府記念病院,金沢古府記念病院,1,1,1,0,0,0,1,0,,,,,
18,0120434,大滝病院,大滝病院,2,1,2,0,0,0,1,0,,,,,
18,0117133,福仁会病院,福仁会病院,1,0,0,1,0,0,0,0,,,,,
18,0119204,安川病院,安川病院,1,1,0,1,0,0,0,1,,,,,
18,0117711,岩井病院,医療法人岩井病院,1,1,0,1,0,0,1,0,,,,,
18,0120756,さくら病院,さくら病院,1,0,0,1,0,0,0,0,,,,,
18,0120384,医療法人 慈豊会 田中病院,医療法人慈豊会 田中病院,2,1,1,0,0,1,0,0,,,,,
18,0122513,福井厚生病院,福井厚生病院,1,1,1,0,0,0,1,0,,,,,
18,0119949,冨永病院,冨永病院,1,0,0,1,0,0,0,0,,,,,
18,0118933,つくし野病院,つくし野病院,1,1,0,1,0,0,1,0,,,,,
18,0117539,福井循環器病院,福井循環器病院,1,0,1,0,0,0,0,0,,,,,
18,0117323,医療法人 初生会 福井中央クリニック,福井中央クリニック,1,0,0,1,0,0,0,0,,,,,
18,0118909,福井県済生会病院,福井県済生会病院,4,3,3,1,0,2,1,0,,,21720.0,10205.0,VERIFIED_NUMERIC
18,0118297,藤田記念病院,藤田記念病院,1,0,0,1,0,0,0,0,,,,,
18,0120418,医療法人 福井愛育病院,医療法人福井愛育病院,1,0,0,0,1,0,0,0,,,,,
18,0117059,福井県立病院,福井県立病院,8,3,5,3,0,2,1,0,,,31729.0,11668.0,VERIFIED_NUMERIC
18,0121390,福井総合病院,福井総合病院,1,1,1,0,0,0,1,0,,,,,
18,0117117,福井赤十字病院,福井赤十字病院,4,2,3,0,0,1,1,0,,,22529.0,8863.0,VERIFIED_NUMERIC
18,0120772,光陽生協病院,光陽生協病院,1,0,0,1,0,0,0,0,,,,,
18,0119840,嶋田病院,嶋田病院,1,1,0,1,0,0,0,1,,,,,
18,0810133,加納病院,加納病院,1,0,0,1,0,0,0,0,,,,,
18,8010033,独立行政法人 国立病院機構 あわら病院,独立行政法人国立病院機構あわら病院,1,1,0,1,0,0,0,1,,,,,
18,0810190,木村病院,木村病院,1,1,1,0,0,0,1,0,,,,,
18,1714268,藤田神経内科病院,藤田神経内科病院,1,1,0,1,0,0,1,0,,,,,
18,1715208,坂井市立三国病院,坂井市立三国病院,1,1,1,0,0,0,1,0,,,,,
18,1715133,宮﨑病院,宮﨑病院,1,0,0,0,1,0,0,0,,,,,
18,1715323,春江病院,春江病院,1,1,1,0,0,0,1,0,,,,,
18,8010058,福井大学医学部附属病院,福井大学医学部附属病院,5,3,4,1,0,2,1,0,,,25995.0,9564.0,VERIFIED_NUMERIC
18,0514180,広瀬病院,広瀬病院,1,0,0,1,0,0,0,0,,,,,
18,0514313,阿部病院,阿部病院,1,1,0,1,0,0,0,1,,,,,
18,0514354,医療法人 清翔会 尾崎病院,医療法人清翔会尾崎病院,1,0,0,1,0,0,0,0,,,,,
18,0514347,医療法人 キラキラ会 松田病院,医療法人 キラキラ会 松田病院,1,0,0,1,0,0,0,0,,,,,
18,0614246,独立行政法人地域医療機能推進機構 福井勝山総合病院,独立行政法人地域医療機能推進機構 福井勝山総合病院,2,1,1,1,0,0,1,0,,,,,
18,0714624,広瀬病院,広瀬病院,1,1,0,1,0,0,1,0,,,,,
18,0714582,公立丹南病院,公立丹南病院,1,1,1,0,0,1,0,0,,,,,
18,0714723,斎藤病院,斎藤病院,1,1,0,1,0,0,1,0,,,,,
18,0714483,木村病院,木村病院,1,1,1,0,0,0,0,1,,,,,
18,0714426,高野病院,高野病院,1,0,0,1,0,0,0,0,,,,,
18,0714111,高村病院,高村病院,1,1,0,1,0,0,0,1,,,,,
18,0314771,一般財団法人 今立中央病院,一般財団法人 今立中央病院,1,0,1,0,0,0,0,0,,,,,
18,0314581,医療法人 笠原病院,医療法人笠原病院,1,0,0,1,0,0,0,0,,,,,
18,0314557,池端病院,池端病院,1,0,0,1,0,0,0,0,,,,,
18,0314383,医療法人 林病院,医療法人林病院,1,1,1,0,0,0,1,0,,,,,
18,0314151,医療法人 相木病院,医療法人 相木病院,1,0,0,1,0,0,0,0,,,,,
18,0314599,社会医療法人 財団 中村病院,社会医療法人 財団 中村病院,1,1,1,0,0,0,1,0,,,,,
18,2014288,越前町国民健康保険織田病院,越前町国民健康保険織田病院,1,1,0,1,0,0,1,0,,,,,
18,0214070,市立敦賀病院,市立敦賀病院,2,1,2,0,0,0,1,0,,,,,
18,0214211,泉ヶ丘病院,泉ヶ丘病院,1,1,0,1,0,0,1,0,,,,,
18,8010017,独立行政法人 国立病院機構 敦賀医療センター,独立行政法人国立病院機構敦賀医療センター,1,1,1,0,0,1,0,0,,,,,
18,0414274,田中病院,田中病院,1,0,0,1,0,0,0,0,,,,,
18,0414068,杉田玄白記念 公立小浜病院,杉田玄白記念公立小浜病院,1,1,1,0,0,0,1,0,,,,,
18,2314019,独立行政法人地域医療機能推進機構 若狭高浜病院,独立行政法人地域医療機能推進機構 若狭高浜病院,1,1,1,0,0,0,0,1,,,,,
18,2410023,レイクヒルズ美方病院,レイクヒルズ美方病院,1,0,0,1,0,0,0,0,,,,,
18,0122133,奥村病院,奥村病院,1,1,0,1,0,0,1,0,,,,,
19,0112984,医療法人八香会 湯村温泉病院,湯村温泉病院,1,0,0,1,0,0,0,0,,,,,
19,0115722,独立行政法人地域医療機能推進機構 山梨病院,地域医療機能推進機構山梨病院,2,1,1,1,0,0,1,0,,,,,
19,0113131,医療法人慶友会 城東病院,城東病院,1,0,0,1,0,0,0,0,,,,,
19,0111812,甲府共立病院,甲府共立病院,1,1,1,0,0,0,1,0,,,,,
19,0114451,市立甲府病院,市立甲府病院,3,1,2,1,0,1,0,0,,,,,
19,2110028,独立行政法人国立病院機構 甲府病院,独立行政法人国立病院機構甲府病院,1,2,1,0,0,1,1,0,,,,,
19,0112935,医療法人慈光会 甲府城南病院,甲府城南病院,1,1,1,0,0,0,1,0,,,,,
19,0113156,医療法人社団篠原会 甲府脳神経外科病院,甲府脳神経外科病院,1,3,0,1,0,2,1,0,,,,,
19,0112869,医療法人小宮山会 貢川整形外科病院,貢川整形外科病院,1,1,0,1,0,0,1,0,,,,,
19,0114485,恵信甲府病院,恵信甲府病院,1,0,0,1,0,0,0,0,,,,,
19,0112398,山梨県立中央病院,山梨県立中央病院,6,2,5,0,1,1,1,0,,,,,
19,0910015,韮崎市国民健康保険 韮崎市立病院,韮崎市立病院,1,1,1,0,0,0,1,0,,,,,
19,0910734,恵信韮崎病院,恵信韮崎病院,1,0,0,1,0,0,0,0,,,,,
19,1610424,医療法人徳洲会 白根徳洲会病院,白根徳洲会病院,1,1,0,1,0,0,1,0,,,,,
19,1610341,高原病院,高原病院,1,0,0,1,0,0,0,0,,,,,
19,1610358,医療法人弘済会 宮川病院,宮川病院,1,0,0,1,0,0,0,0,,,,,
19,1610069,巨摩共立病院,巨摩共立病院,1,0,0,1,0,0,0,0,,,,,
19,1910162,北杜市立 塩川病院,北杜市立　塩川病院,1,1,1,0,0,0,1,0,,,,,
19,1910196,北杜市立甲陽病院,北杜市立甲陽病院,1,1,1,0,0,0,1,0,,,,,
19,1710562,恵信リハビリテーション病院,恵信リハビリテーション病院,1,0,0,1,0,0,0,0,,,,,
19,1710117,赤坂台病院,赤坂台病院,1,0,1,0,0,0,0,0,,,,,
19,1710190,医療法人社団慈成会 三枝病院,三枝病院,1,0,0,1,0,0,0,0,,,,,
19,2110952,山梨大学医学部附属病院,山梨大学医学部附属病院,6,4,3,3,0,3,1,0,,,25334.0,9912.0,VERIFIED_NUMERIC
19,0811221,医療法人武川会 武川病院,武川病院,1,0,0,0,0,0,0,0,,,,,
19,0210275,加納岩総合病院,加納岩総合病院,1,2,0,1,0,0,2,0,,,,,
19,0210572,山梨市立牧丘病院,山梨市立牧丘病院,1,0,0,1,0,0,0,0,,,,,
19,0210176,公益財団法人山梨厚生会 山梨厚生病院,山梨厚生病院,2,1,2,0,0,1,0,0,,,,,
19,1810339,春日居総合リハビリテーション病院,春日居総合リハビリテーション病院,1,1,0,1,0,0,1,0,,,,,
19,1810016,医療法人石和温泉病院,石和温泉病院,1,0,0,1,0,0,0,0,,,,,
19,1810115,医療法人銀門会 甲州リハビリテーション病院,甲州リハビリテーション病院,1,0,0,1,0,0,0,0,,,,,
19,1810065,医療法人桃花会 一宮温泉病院,一宮温泉病院,1,0,0,1,0,0,0,0,,,,,
19,1810313,山梨リハビリテーション病院,山梨リハビリテーション病院,1,0,0,1,0,0,0,0,,,,,
19,1810362,医療法人社団 協友会 笛吹中央病院,笛吹中央病院,1,1,1,0,0,0,1,0,,,,,
19,1810321,一般財団法人山梨整肢更生会 富士温泉病院,富士温泉病院,1,0,1,0,0,0,0,0,,,,,
19,1810024,石和共立病院,石和共立病院,1,0,0,1,0,0,0,0,,,,,
19,2210059,公益財団法人山梨厚生会 塩山市民病院,塩山市民病院,1,1,0,1,0,0,1,0,,,,,
19,0710027,身延町早川町国民健康保険病院一部事務組合立飯富病院,飯富病院,1,0,1,0,0,0,0,0,,,,,
19,0710449,公益財団法人身延山病院,身延山病院,1,1,1,0,0,0,1,0,,,,,
19,0711116,医療法人桃花会 しもべ病院,しもべ病院,1,0,0,0,1,0,0,0,,,,,
19,0711199,峡南医療センター企業団 富士川病院,峡南医療センター企業団富士川病院,1,1,0,1,0,0,1,0,,,,,
19,1210886,国民健康保険 富士吉田市立病院,富士吉田市立病院,3,2,1,2,0,1,1,0,,,,,
19,1110474,ツル虎ノ門整形外科・リハビリテーション病院,ツル虎ノ門整形外科・リハビリテーション病院,1,1,0,1,0,0,1,0,,,,,
19,1110342,都留市立病院,都留市立病院,1,1,0,1,0,0,1,0,,,,,
19,1411039,地方独立行政法人 大月市立中央病院,地方独立行政法人 大月市立中央病院,1,1,1,0,0,0,1,0,,,,,
19,2010236,上野原市立病院,上野原市立病院,1,1,1,0,0,0,1,0,,,,,
19,1310553,山梨赤十字病院,山梨赤十字病院,1,1,1,0,0,0,1,0,,,,,
20,0817084,長野県厚生農業協同組合連合会 浅間南麓こもろ医療センター,長野県厚生農業協同組合連合会　浅間南麓こもろ医療センター,2,2,1,1,0,0,2,0,,,,,
20,8010112,独立行政法人国立病院機構 小諸高原病院,独立行政法人国立病院機構小諸高原病院,1,1,0,1,0,0,0,1,,,,,
20,1717325,川西赤十字病院,川西赤十字病院,1,0,0,1,0,0,0,0,,,,,
20,1717341,佐久市立国保 浅間総合病院,佐久市立国保浅間総合病院,1,1,1,0,0,0,1,0,,,,,
20,1717150,くろさわ病院,くろさわ病院,1,1,1,0,0,0,1,0,,,,,
20,1717283,長野県厚生農業協同組合連合会 佐久総合病院,長野県厚生農業協同組合連合会佐久総合病院,2,1,2,0,0,0,1,0,,,,,
20,1717077,医療法人三世会 金澤病院,医療法人三世会金澤病院,1,1,1,0,0,0,0,1,,,,,
20,1717291,医療法人 雨宮病院,医療法人雨宮病院,1,1,0,0,1,0,1,0,,,,,
20,1717523,長野県厚生農業協同組合連合会 佐久総合病院 佐久医療センター,長野県厚生農業協同組合連合会 佐久総合病院 佐久医療センター,3,3,3,0,0,2,1,0,,,30391.0,11481.0,VERIFIED_NUMERIC
20,2017220,長野県厚生農業協同組合連合会 佐久総合病院小海分院,長野県厚生農業協同組合連合会佐久総合病院 小海分院,1,0,1,0,0,0,0,0,,,,,
20,2017238,佐久穂町立千曲病院,佐久穂町立千曲病院,1,1,0,1,0,0,1,0,,,,,
20,2117012,軽井沢町国民健康保険 軽井沢病院,軽井沢町国民健康保険軽井沢病院,1,1,1,0,0,0,1,0,,,,,
20,0317077,医療法人健静会 上田病院,医療法人健静会上田病院,1,0,0,1,0,0,0,0,,,,,
20,0317689,丸子中央病院,丸子中央病院,1,1,1,0,0,0,1,0,,,,,
20,8010062,独立行政法人国立病院機構 信州上田医療センター,独立行政法人国立病院機構信州上田医療センター,2,1,1,1,0,0,1,0,,,,,
20,0317184,医療法人共和会 塩田病院,医療法人共和会塩田病院,1,0,0,1,0,0,0,0,,,,,
20,0317200,医療法人健和会 小林脳神経外科・神経内科病院,医療法人健和会 小林脳神経外科・神経内科病院,1,2,1,0,0,0,2,0,,,,,
20,0317713,長野県厚生農業協同組合連合会 鹿教湯三才山リハビリテーションセンター鹿教湯病院,長野県厚生農業協同組合連合会鹿教湯三才山リハビリテーションセンター鹿教湯病院,1,1,1,0,0,0,1,0,,,,,
20,0317085,医療法人慈善会 安藤病院,医療法人慈善会安藤病院,1,1,0,1,0,0,1,0,,,,,
20,1917123,東御市民病院,東御市民病院,1,1,1,0,0,0,1,0,,,,,
20,2217358,国民健康保険 依田窪病院,国民健康保険依田窪病院,1,1,1,0,0,0,1,0,,,,,
20,0417067,医療法人研成会 諏訪湖畔病院,医療法人研成会諏訪湖畔病院,1,1,1,0,0,0,1,0,,,,,
20,0417141,祐愛病院,祐愛病院,1,0,0,1,0,0,0,0,,,,,
20,0417026,岡谷市民病院,岡谷市民病院,3,1,2,0,0,0,1,0,,,,,
20,0617039,諏訪赤十字病院,諏訪赤十字病院,3,2,2,1,0,1,1,0,,,,,
20,1417017,組合立諏訪中央病院,諏訪中央病院,2,1,2,0,0,0,1,0,,,,,
20,2317208,信濃医療福祉センター,社会福祉法人信濃医療福祉センター,1,0,0,1,0,0,0,0,,,,,
20,2317091,諏訪共立病院,社会医療法人南信勤労者医療協会諏訪共立病院,1,0,0,1,0,0,0,0,,,,,
20,2317109,長野県厚生農業協同組合連合会 富士見高原医療福祉センター 富士見高原病院,富士見高原医療福祉センター富士見高原病院,1,1,1,0,0,0,1,0,,,,,
20,0917363,伊那中央病院,伊那中央病院,4,2,3,0,0,1,1,0,,,14416.0,5725.0,VERIFIED_NUMERIC
20,0917157,医療法人暁会 仁愛病院,医療法人暁会 仁愛病院,1,1,0,1,0,0,1,0,,,,,
20,0917082,医療法人保健同人会 田中病院,医療法人保健同人会 田中病院,1,0,0,1,0,0,0,0,,,,,
20,1017080,昭和伊南総合病院,昭和伊南総合病院,2,1,2,0,0,1,0,0,,,,,
20,2417354,町立辰野病院,町立辰野病院,1,1,1,0,0,0,0,1,,,,,
20,2417537,上伊那生協病院,上伊那生協病院,1,0,0,1,0,0,0,0,,,,,
20,0517064,社会医療法人栗山会 飯田病院,飯田病院,1,1,1,0,0,0,1,0,,,,,
20,0517288,菅沼病院,菅沼病院,1,0,0,1,0,0,0,0,,,,,
20,0517296,輝山会記念病院,輝山会記念病院,1,1,1,0,0,0,1,0,,,,,
20,0517379,瀬口脳神経外科病院,瀬口脳神経外科病院,1,1,0,1,0,1,0,0,,,,,
20,0517023,飯田市立病院,飯田市立病院,3,2,2,0,0,1,1,0,,,,,
20,0517205,健和会病院,健和会病院,1,1,0,1,0,0,1,0,,,,,
20,2517187,下伊那赤十字病院,下伊那赤十字病院,1,0,1,0,0,0,0,0,,,,,
20,2517559,長野県厚生農業協同組合連合会 下伊那厚生病院,長野県厚生農業協同組合連合会下伊那厚生病院,1,1,1,0,0,0,1,0,,,,,
20,2516031,長野県立阿南病院,長野県立阿南病院,1,1,1,0,0,0,1,0,,,,,
20,2616054,長野県立木曽病院,長野県立木曽病院,2,1,2,0,0,0,1,0,,,,,
20,0217111,社会医療法人城西医療財団 城西病院,城西病院,1,1,0,1,0,0,1,0,,,,,
20,0217335,医療法人心泉会 上條記念病院,医療法人心泉会 上條記念病院,1,1,1,0,0,0,1,0,,,,,
20,0217319,松本協立病院,松本協立病院,2,1,2,0,0,0,1,0,,,,,
20,8010070,独立行政法人国立病院機構 まつもと医療センター,独立行政法人国立病院機構まつもと医療センター,2,1,1,1,0,0,1,0,,,,,
20,0217103,藤森病院,藤森病院,1,1,1,0,0,0,1,0,,,,,
20,0217244,社会医療法人財団 慈泉会 相澤病院,社会医療法人財団慈泉会 相澤病院,4,3,3,1,0,1,2,0,,,28455.0,11647.0,VERIFIED_NUMERIC
20,0217236,社会医療法人抱生会 丸の内病院,社会医療法人抱生会 丸の内病院,1,1,1,0,0,0,1,0,,,,,
20,0218226,松本中川病院,松本中川病院,1,0,0,1,0,0,0,0,,,,,
20,0217160,医療法人 和心会 松南病院,医療法人和心会　松南病院,1,0,0,1,0,0,0,0,,,,,
20,8010013,国立大学法人 信州大学医学部附属病院,信州大学医学部附属病院,9,5,5,3,1,3,2,0,,,29159.0,11706.0,VERIFIED_NUMERIC
20,0217756,一之瀬脳神経外科病院,一之瀬脳神経外科病院,1,3,1,0,0,0,3,0,,,,,
20,0218275,松本市立病院,松本市立病院,2,1,2,0,0,0,1,0,,,,,
20,1517154,塩尻協立病院,塩尻協立病院,1,0,0,1,0,0,0,0,,,,,
20,1517022,医療法人元山会 中村病院,医療法人元山会 中村病院,1,0,0,1,0,0,0,0,,,,,
20,1517253,松本歯科大学病院,松本歯科大学病院,2,1,0,1,0,0,1,0,,,,,
20,1517048,医療法人 雄久会 塩尻病院,塩尻病院,1,0,0,1,0,0,0,0,,,,,
20,4017053,安曇野赤十字病院,安曇野赤十字病院,2,1,0,2,0,0,1,0,,,,,
20,4017152,医療法人仁雄会 穂高病院,医療法人仁雄会 穂高病院,1,1,1,0,0,0,1,0,,,,,
20,4017046,長野県立こども病院,長野県立こども病院,1,1,1,0,0,0,1,0,,,,,
20,1217029,市立大町総合病院,市立大町総合病院,1,1,1,0,0,0,1,0,,,,,
20,2917064,長野県厚生農業協同組合連合会 北アルプス医療センターあづみ病院,長野県厚生農業協同組合連合会 北アルプス医療センターあづみ病院,2,2,2,0,0,1,1,0,,,,,
20,0119549,朝日ながの病院,朝日ながの病院,1,0,0,1,0,0,0,0,,,,,
20,0117162,医療法人公生会 竹重病院,医療法人公生会　竹重病院,1,1,1,0,0,0,1,0,,,,,
20,0117493,医療法人信愛会 田中病院,田中病院,1,0,1,0,0,0,0,0,,,,,
20,0118939,長野県厚生農業協同組合連合会 長野松代総合病院附属若穂病院,長野県厚生農業協同組合連合会 長野松代総合病院附属若穂病院,1,0,0,1,0,0,0,0,,,,,
20,0116313,長野県立総合リハビリテーションセンター,長野県立総合リハビリテーションセンター,1,1,1,0,0,0,1,0,,,,,
20,0118251,長野市民病院,長野市民病院,3,2,2,1,0,1,1,0,,,,,
20,0117436,長野医療生活協同組合 長野中央病院,長野医療生活協同組合長野中央病院,2,1,2,0,0,1,0,0,,,,,
20,0119200,長野県厚生農業協同組合連合会 南長野医療センター新町病院,長野県厚生農業協同組合連合会南長野医療センター新町病院,1,0,0,1,0,0,0,0,,,,,
20,0119556,山田記念朝日病院,山田記念 朝日病院,1,1,0,1,0,0,1,0,,,,,
20,0117246,長野県厚生農業協同組合連合会 長野松代総合病院,長野県厚生農業協同組合連合会長野松代総合病院,2,2,2,0,0,1,1,0,,,,,
20,0119879,ナカジマ外科病院,ナカジマ外科病院,1,0,0,1,0,0,0,0,,,,,
20,0119937,栗田病院,栗田病院,1,1,0,1,0,1,0,0,,,,,
20,0118269,医療法人愛和会 愛和病院,医療法人愛和会 愛和病院,1,0,0,0,1,0,0,0,,,,,
20,0117840,小島病院,小島病院,1,0,0,1,0,0,0,0,,,,,
20,0117725,医療法人健成会 小林脳神経外科病院,医療法人健成会 小林脳神経外科病院,1,2,1,0,0,1,1,0,,,,,
20,0117345,長野県厚生農業協同組合連合会 南長野医療センター篠ノ井総合病院,長野県厚生農業協同組合連合会 南長野医療センター篠ノ井総合病院,3,2,2,1,0,1,1,0,,,,,
20,8010088,独立行政法人国立病院機構 東長野病院,独立行政法人国立病院機構東長野病院,1,0,0,1,0,0,0,0,,,,,
20,0118806,北野病院,北野病院,1,0,0,1,0,0,0,0,,,,,
20,0117063,長野赤十字病院,長野赤十字病院,3,2,3,0,0,1,1,0,,,,,
20,0118376,東口病院,東口病院,1,0,0,0,0,0,0,0,,,,,
20,0716013,長野県立信州医療センター,長野県立信州医療センター,2,1,2,0,0,0,1,0,,,,,
20,0717052,医療法人公仁会 轟病院,医療法人公仁会轟病院,1,0,1,0,0,0,0,0,,,,,
20,1817026,社会医療法人大西会 千曲中央病院,社会医療法人大西会　千曲中央病院,1,1,1,0,0,0,1,0,,,,,
20,1817182,長野寿光会 上山田病院,長野寿光会上山田病院,1,1,0,1,0,0,1,0,,,,,
20,1817018,稲荷山医療福祉センター,稲荷山医療福祉センター,1,0,0,1,0,0,0,0,,,,,
20,3217068,特定医療法人 新生病院,特定医療法人新生病院,1,1,0,1,0,0,1,0,,,,,
20,3417239,飯綱町立飯綱病院,飯綱町立飯綱病院,1,1,1,0,0,0,1,0,,,,,
20,1117047,長野県厚生農業協同組合連合会 北信総合病院,長野県厚生農業協同組合連合会北信総合病院,3,2,3,0,0,1,1,0,,,,,
20,1117179,医療法人聖峰会 佐藤病院,医療法人聖峰会佐藤病院,1,0,0,1,0,0,0,0,,,,,
20,1317035,飯山赤十字病院,飯山赤十字病院,1,1,1,0,0,0,1,0,,,,,
21,0113269,みどり病院,みどり病院,1,1,1,0,0,0,1,0,,,,,
21,0103971,近石病院,近石病院,1,1,0,1,0,0,1,0,,,,,
21,0110927,医療法人和光会 山田病院,医療法人 和光会 山田病院,1,0,0,1,0,0,0,0,,,,,
21,0106271,山内ホスピタル,山内ホスピタル,1,1,1,0,0,0,1,0,,,,,
21,9806442,岐阜大学医学部附属病院,岐阜大学医学部附属病院,4,4,4,0,0,2,2,0,,,26797.0,13958.0,VERIFIED_NUMERIC
21,0111230,岐阜ハートセンター,岐阜ハートセンター,1,0,1,0,0,0,0,0,,,,,
21,0110554,医療法人生友会 柳津病院,医療法人生友会 柳津病院,1,0,0,1,0,0,0,0,,,,,
21,0107790,岐阜市民病院,岐阜市民病院,5,2,2,2,1,1,1,0,,,25636.0,9539.0,VERIFIED_NUMERIC
21,9900062,独立行政法人国立病院機構長良医療センター,独立行政法人国立病院機構長良医療センター,2,1,2,0,0,0,1,0,,,,,
21,0113053,千手堂病院,医療法人慶睦会　千手堂病院,1,0,0,1,0,0,0,0,,,,,
21,0104896,医療法人社団幸紀会 安江病院,医療法人社団幸紀会安江病院,1,1,1,0,0,0,0,1,,,,,
21,0105190,医療法人社団永寿会 大橋整形外科病院,医療法人社団永寿会大橋整形外科病院,1,1,0,0,1,0,1,0,,,,,
21,0104169,医療法人社団双樹会 早徳病院,医療法人社団双樹会 早徳病院,1,1,1,0,0,0,0,1,,,,,
21,0106230,河村病院,河村病院,1,1,1,0,0,0,1,0,,,,,
21,0106289,笠松病院,笠松病院,1,1,0,0,1,0,1,0,,,,,
21,0102551,岐阜赤十字病院,岐阜赤十字病院,2,1,2,0,0,0,1,0,,,,,
21,0105174,医療法人社団誠広会 平野総合病院,医療法人社団 誠広会 平野総合病院,1,1,1,0,0,0,1,0,,,,,
21,0107063,操外科病院,操外科病院,1,0,0,1,0,0,0,0,,,,,
21,0104276,医療法人社団志朋会 加納渡辺病院,医療法人社団志朋会加納渡辺病院,1,0,0,0,1,0,0,0,,,,,
21,0112410,岐阜清流病院,岐阜清流病院,1,1,1,0,0,0,1,0,,,,,
21,0111982,岐阜県立希望が丘こども医療福祉センター,岐阜県立希望が丘こども医療福祉センター,0,1,0,0,0,0,0,1,,,,,
21,0105612,朝日大学病院,朝日大学病院,3,2,1,2,0,0,2,0,,,,,
21,0111602,岩砂病院・岩砂マタニティ,岩砂病院・岩砂マタニティ,1,1,0,1,0,0,1,0,,,,,
21,0111438,岐阜県総合医療センター,岐阜県総合医療センター,5,3,4,0,0,1,2,0,,,,,FETCH_RETRY
21,0105281,医療法人社団慈朋会 澤田病院,医療法人社団 慈朋会 澤田病院,1,1,0,1,0,0,1,0,,,,,
21,0400039,羽島市民病院,羽島市民病院,2,2,2,0,0,0,1,1,,,,,
21,0500721,公立学校共済組合 東海中央病院,公立学校共済組合東海中央病院,2,2,2,0,0,0,2,0,,,,,
21,0502289,各務原リハビリテーション病院,各務原リハビリテーション病院,1,0,0,1,0,0,0,0,,,,,
21,0501000,医療法人秀幸会 横山病院,医療法人 秀幸会 横山病院,1,0,0,1,0,0,0,0,,,,,
21,0800188,岐阜県厚生農業協同組合連合会 岐阜・西濃医療センター 岐北厚生病院,岐阜県厚生農業協同組合連合会岐阜・西濃医療センター岐北厚生病院,1,1,1,0,0,0,1,0,,,,,
21,0600539,愛生病院,愛生病院,1,0,0,1,0,0,0,0,,,,,
21,0600570,松波総合病院,松波総合病院,4,2,3,1,0,1,1,0,,,21104.0,7305.0,VERIFIED_NUMERIC
21,2102161,大垣中央病院,医療法人社団豊正会大垣中央病院,1,1,0,1,0,0,1,0,,,,,
21,2103391,医療法人徳洲会 大垣徳洲会病院,医療法人徳洲会 大垣徳洲会病院,3,2,2,1,0,1,1,0,,,,,
21,2102138,医療法人社団正和会 馬渕病院,医療法人社団正和会 馬渕病院,1,0,0,1,0,0,0,0,,,,,
21,2100827,大垣市民病院,大垣市民病院,4,3,3,1,0,1,2,0,,,54932.0,14824.0,VERIFIED_NUMERIC
21,2102476,名和病院,名和病院,1,0,0,1,0,0,0,0,,,,,
21,2100629,医療法人静風会 大垣病院,大垣病院,1,0,0,1,0,0,0,0,,,,,
21,2200478,海津市医師会病院,海津市医師会病院,1,1,1,0,0,0,1,0,,,,,
21,2300112,岐阜県厚生農業協同組合連合会 岐阜・西濃医療センター 西美濃厚生病院,岐阜県厚生農業協同組合連合会 岐阜・西濃医療センター 西美濃厚生病院,2,1,1,0,0,0,1,0,,,,,
21,2400698,博愛会病院,博愛会病院,1,1,1,0,0,0,1,0,,,,,
21,2600727,医療法人社団橘会 新生病院,新生病院,1,0,1,0,0,0,0,0,,,,,
21,0200777,医療法人香徳会 関中央病院,医療法人香徳会 関中央病院,1,1,0,1,0,0,1,0,,,,,
21,0200942,岐阜県厚生農業協同組合連合会 中濃厚生病院,岐阜県厚生農業協同組合連合会 中濃厚生病院,4,2,3,0,0,1,1,0,,,28295.0,8165.0,VERIFIED_NUMERIC
21,0300320,美濃市立美濃病院,美濃市立美濃病院,1,1,1,0,0,0,1,0,,,,,
21,1200792,太田病院,太田病院,1,1,0,1,0,0,1,0,,,,,
21,1200966,中部国際医療センター,中部国際医療センター,4,3,4,0,0,1,2,0,,,36417.0,13161.0,VERIFIED_NUMERIC
21,3100933,濃成病院,医療法人社団耀和会 濃成病院,1,0,1,0,0,0,0,0,,,,,
21,3100016,独立行政法人地域医療機能推進機構 可児とうのう病院,独立行政法人地域医療機能推進機構 可児とうのう病院,1,1,1,0,0,0,1,0,,,,,
21,3100438,東可児病院,医療法人社団慶桜会 東可児病院,1,1,1,0,0,1,0,0,,,,,
21,3100156,医療法人馨仁会 藤掛病院,医療法人 馨仁会 藤掛病院,1,1,0,1,0,0,1,0,,,,,
21,1000994,県北西部地域医療センター国保白鳥病院,県北西部地域医療センター国保白鳥病院,1,1,1,0,0,0,0,1,,,,,
21,1001091,郡上市民病院,郡上市民病院,1,1,0,1,0,0,1,0,,,,,
21,1000747,社会医療法人白鳳会 鷲見病院,社会医療法人 白鳳会 鷲見病院,1,1,0,1,0,0,1,0,,,,,
21,1300626,医療法人白水会 白川病院,医療法人 白水会 白川病院,1,1,0,1,0,0,1,0,,,,,
21,1400616,桃井病院,桃井病院,1,0,0,1,0,0,0,0,,,,,
21,1101529,タジミ第一病院,タジミ第一病院,1,0,1,0,0,0,0,0,,,,,
21,1100505,社会医療法人厚生会 多治見市民病院,社会医療法人 厚生会 多治見市民病院,1,1,1,0,0,0,1,0,,,,,
21,1101560,岐阜県立多治見病院,岐阜県立多治見病院,6,3,3,3,0,1,2,0,,,31075.0,10384.0,VERIFIED_NUMERIC
21,1500589,総合病院中津川市民病院,総合病院 中津川市民病院,2,2,2,0,0,0,2,0,,,,,
21,1500696,医療法人社団日新会 城山病院,城山病院,1,1,0,1,0,0,0,1,,,,,
21,1700775,市立恵那病院,市立恵那病院,1,1,1,0,0,0,1,0,,,,,
21,1801110,高井病院,医療法人敬生会 高井病院,1,0,0,1,0,0,0,0,,,,,
21,2700485,高山赤十字病院,高山赤十字病院,2,1,2,0,0,0,1,0,,,,,
21,2701913,岐阜県厚生農業協同組合連合会 飛騨医療センター 久美愛厚生病院,岐阜県厚生農業協同組合連合会飛騨医療センター久美愛厚生病院,2,1,2,0,0,0,1,0,,,,,
21,3300012,社団医療法人古川病院,社団医療法人 古川病院,1,0,0,1,0,0,0,0,,,,,
21,3300137,国民健康保険飛騨市民病院,国民健康保険飛騨市民病院,1,1,1,0,0,0,1,0,,,,,
21,2801085,下呂市立金山病院,下呂市立金山病院,1,1,1,0,0,0,1,0,,,,,
21,2801093,岐阜県立下呂温泉病院,岐阜県立下呂温泉病院,2,1,2,0,0,0,1,0,,,,,
21,1700809,国民健康保険上矢作病院,国民健康保険上矢作病院,1,0,1,0,0,0,0,0,,,,,
21,1200156,中部脳リハビリテーション病院,中部脳リハビリテーション病院,1,1,1,0,0,1,0,0,,,,,
21,2601386,岐阜県厚生農業協同組合連合会 岐阜・西濃医療センター 西濃厚生病院,岐阜県厚生農業協同組合連合会　岐阜・西濃医療センター　西濃厚生病院,2,2,2,0,0,1,1,0,,,,,
22,0210221,下田メディカルセンター,下田メディカルセンター,1,1,1,0,0,0,1,0,,,,,
22,0110306,医療法人社団康心会 康心会伊豆東部病院,医療法人社団康心会 康心会伊豆東部病院,1,1,0,1,0,0,1,0,,,,,
22,0110165,医療法人社団健育会 熱川温泉病院,医療法人社団健育会 熱川温泉病院,1,0,0,1,0,0,0,0,,,,,
22,0110363,公益社団法人地域医療振興協会 伊豆今井浜病院,公益社団法人 地域医療振興協会 伊豆今井浜病院,1,1,0,1,0,0,1,0,,,,,
22,0110249,医療法人社団健育会 西伊豆健育会病院,医療法人社団健育会西伊豆健育会病院,1,0,0,1,0,0,0,0,,,,,
22,5460078,島田市立総合医療センター,島田市立総合医療センター,3,2,2,1,0,1,1,0,,,,,
22,5110376,社会医療法人駿甲会コミュニティーホスピタル甲賀病院,社会医療法人駿甲会コミュニティーホスピタル甲賀病院,1,2,1,0,0,0,2,0,,,,,
22,5160058,焼津市立総合病院,焼津市立総合病院,2,3,2,0,0,1,2,0,,,,,
22,5110202,医療法人社団綾和会 駿河西病院,医療法人社団綾和会 駿河西病院,1,0,0,1,0,0,0,0,,,,,
22,5110400,岡本石井病院,岡本石井病院,1,1,0,1,0,0,1,0,,,,,
22,5310109,医療法人社団八洲会 誠和藤枝病院,誠和藤枝病院,1,0,0,1,0,0,0,0,,,,,
22,5310281,医療法人社団聖稜会 聖稜リハビリテーション病院,聖稜リハビリテーション病院,0,1,0,0,0,0,0,1,,,,,
22,5310554,藤枝市立総合病院,藤枝市立総合病院,3,2,2,1,0,1,1,0,,,,,
22,5310224,藤枝平成記念病院,藤枝平成記念病院,2,3,0,1,0,0,2,1,,,,,
22,5510120,榛原総合病院,榛原総合病院,2,1,2,0,0,0,1,0,,,,,
22,5510476,はいなん吉田病院,医療法人社団 八洲会 はいなん吉田病院,1,0,0,1,0,0,0,0,,,,,
22,1110099,公益財団法人復康会 沼津リハビリテーション病院,公益財団法人復康会 沼津リハビリテーション病院,1,0,0,1,0,0,0,0,,,,,
22,1110198,医療法人社団真養会 きせがわ病院,医療法人社団真養会 きせがわ病院,1,0,0,1,0,0,0,0,,,,,
22,1110412,医療法人社団親和会 西島病院,医療法人社団親和会 西島病院,1,3,1,0,0,1,2,0,,,,,
22,1110966,瀬尾記念慶友病院,瀬尾記念慶友病院,1,1,0,0,1,0,1,0,,,,,
22,1160011,沼津市立病院,沼津市立病院,2,2,2,0,0,1,1,0,,,,,
22,1110057,一般財団法人芙蓉協会 聖隷沼津病院,一般財団法人 芙蓉協会 聖隷沼津病院,1,1,1,0,0,0,1,0,,,,,
22,1110164,医療法人社団賢仁会 沼津はまゆう病院,医療法人社団賢仁会沼津はまゆう病院,1,0,0,1,0,0,0,0,,,,,
22,1110461,沼津西病院,沼津西病院,1,0,0,0,1,0,0,0,,,,,
22,0610180,独立行政法人地域医療機能推進機構 三島総合病院,独立行政法人 地域医療機能推進機構 三島総合病院,1,1,1,0,0,0,1,0,,,,,
22,0610347,医療法人社団静岡健生会 三島共立病院,医療法人社団 静岡健生会 三島共立病院,1,0,1,0,0,0,0,0,,,,,
22,0610198,医療法人社団清風会 芹沢病院,医療法人社団清風会芹沢病院,1,0,0,1,0,0,0,0,,,,,
22,0610362,社会医療法人志仁会三島中央病院,社会医療法人志仁会三島中央病院,1,1,1,0,0,0,1,0,,,,,
22,0610230,医療法人社団福仁会 三島東海病院,医療法人社団福仁会 三島東海病院,1,0,0,1,0,0,0,0,,,,,
22,1210139,公益社団法人有隣厚生会 富士病院,公益社団法人有隣厚生会富士病院,1,1,1,0,0,0,1,0,,,,,
22,1210295,御殿場石川病院,医療法人社団 駿栄会 御殿場石川病院,1,0,0,1,0,0,0,0,,,,,
22,1210337,御殿場かいせい病院,御殿場かいせい病院,1,0,0,1,0,0,0,0,,,,,
22,9860182,国立駿河療養所,国立駿河療養所,1,0,0,1,0,0,0,0,,,,,
22,1210204,社会医療法人青虎会 フジ虎ノ門整形外科病院,社会医療法人 青虎会 フジ虎ノ門整形外科病院,2,2,0,2,0,0,2,0,,,,,
22,1210436,公益社団法人有隣厚生会 東部病院,公益社団法人有隣厚生会 東部病院,1,0,0,1,0,0,0,0,,,,,
22,1410093,医療法人社団榮紀会 東名裾野病院,医療法人社団榮紀会 東名裾野病院,1,0,0,1,0,0,0,0,,,,,
22,1410010,裾野赤十字病院,裾野赤十字病院,1,1,0,1,0,0,1,0,,,,,
22,0310179,ＪＡ静岡厚生連中伊豆温泉病院,ＪＡ静岡厚生連中伊豆温泉病院,1,1,1,0,0,0,1,0,,,,,
22,0310203,社会福祉法人農協共済 中伊豆リハビリテーションセンター,農協共済中伊豆リハビリテーションセンター,1,0,0,1,0,0,0,0,,,,,
22,0310062,伊豆赤十字病院,伊豆赤十字病院,1,1,0,1,0,0,1,0,,,,,
22,0710048,医療法人全心会 伊豆慶友病院,医療法人全心会 伊豆慶友病院,1,0,0,1,0,0,0,0,,,,,
22,0310393,長岡リハビリテーション病院,長岡リハビリテーション病院,1,1,0,1,0,0,0,1,,,,,
22,0310252,医療法人社団慈広会記念病院,医療法人社団慈広会記念病院,1,0,0,0,1,0,0,0,,,,,
22,0310112,伊豆韮山温泉病院,伊豆韮山温泉病院,1,0,0,1,0,0,0,0,,,,,
22,0310245,伊豆保健医療センター,伊豆保健医療センター,1,1,0,1,0,0,0,1,,,,,
22,0310146,順天堂大学医学部附属静岡病院,順天堂大学医学部附属静岡病院,5,4,4,0,0,2,2,0,,,34192.0,14132.0,VERIFIED_NUMERIC
22,0360273,ＮＴＴ東日本伊豆病院,ＮＴＴ東日本伊豆病院,3,1,3,0,0,0,1,0,,,,,
22,0310237,医療法人新光会 伊豆平和病院,医療法人新光会伊豆平和病院,1,0,0,1,0,0,0,0,,,,,
22,9710015,独立行政法人国立病院機構 静岡医療センター,独立行政法人国立病院機構静岡医療センター,2,2,2,0,0,1,1,0,,,,,
22,1310129,医療法人社団宏和会 岡村記念病院,医療法人社団宏和会 岡村記念病院,1,0,1,0,0,0,0,0,,,,,
22,1310202,静岡県立静岡がんセンター,静岡県立静岡がんセンター,7,3,6,0,1,2,1,0,,,38774.0,10204.0,VERIFIED_NUMERIC
22,1310418,医療法人社団聡誠会 池田病院,医療法人社団 聡誠会 池田病院,1,1,0,1,0,0,0,1,,,,,
22,1310152,自衛隊富士病院,自衛隊富士病院,2,0,0,2,0,0,0,0,,,,,
22,1310160,公益社団法人有隣厚生会 富士小山病院,公益社団法人 有隣厚生会 富士小山病院,1,0,0,1,0,0,0,0,,,,,
22,7110507,医療法人社団新風会 丸山病院,医療法人社団新風会丸山病院,1,1,1,0,0,0,0,1,,,,,
22,7110465,浜松医療センター,浜松医療センター,6,3,3,2,0,2,1,0,,,25864.0,7437.0,VERIFIED_NUMERIC
22,7110861,社会福祉法人聖隷福祉事業団 総合病院聖隷浜松病院,社会福祉法人聖隷福祉事業団総合病院聖隷浜松病院,6,5,6,0,0,3,2,0,,,34168.0,18839.0,VERIFIED_NUMERIC
22,7110069,ＪＡ静岡厚生連 遠州病院,JA静岡厚生連遠州病院,3,2,2,0,1,1,1,0,,,,,
22,7111802,浜松市リハビリテーション病院,浜松市リハビリテーション病院,1,1,1,0,0,0,1,0,,,,,
22,9610488,浜松医科大学医学部附属病院,浜松医科大学医学部附属病院,5,3,5,0,0,2,1,0,,,25033.0,9060.0,VERIFIED_NUMERIC
22,7110440,独立行政法人労働者健康安全機構 浜松労災病院,独立行政法人労働者健康安全機構 浜松労災病院,2,1,2,0,0,0,1,0,,,,,
22,7111703,浜松北病院,浜松北病院,1,1,1,0,0,0,1,0,,,,,
22,7110838,医療法人社団松愛会 松田病院,医療法人社団松愛会松田病院,1,0,1,0,0,0,0,0,,,,,
22,7112016,常葉大学リハビリテーション病院,常葉大学リハビリテーション病院,1,1,0,1,0,0,0,1,,,,,
22,7210117,医療法人社団綾和会 浜松南病院,医療法人社団綾和会 浜松南病院,1,1,0,1,0,0,1,0,,,,,
22,7110432,医療法人弘遠会 すずかけセントラル病院,医療法人弘遠会　すずかけセントラル病院,2,2,1,1,0,1,1,0,,,,,
22,7112008,平安の森記念病院,平安の森記念病院,1,0,0,1,0,0,0,0,,,,,
22,7210646,医療法人豊岡会 浜松とよおか病院,医療法人 豊岡会 浜松とよおか病院,1,0,0,1,0,0,0,0,,,,,
22,7160205,社会福祉法人 聖隷福祉事業団 総合病院 聖隷三方原病院,社会福祉法人 聖隷福祉事業団 総合病院 聖隷三方原病院,4,3,4,0,0,2,1,0,,,27620.0,9696.0,VERIFIED_NUMERIC
22,7210471,十全記念病院,十全記念病院,2,1,2,0,0,0,1,0,,,,,
22,8310262,医療法人社団誠心会 浜北さくら台病院,医療法人社団 誠心会 浜北さくら台病院,1,0,0,1,0,0,0,0,,,,,
22,7110051,浜松赤十字病院,浜松赤十字病院,2,2,2,0,0,0,2,0,,,,,
22,9810088,独立行政法人国立病院機構 天竜病院,独立行政法人国立病院機構 天竜病院,1,1,0,1,0,0,1,0,,,,,
22,7210059,医療法人社団三誠会 北斗わかば病院,医療法人社団三誠会 北斗わかば病院,0,1,0,0,0,0,0,1,,,,,
22,6610135,浜松市国民健康保険佐久間病院,浜松市国民健康保険 佐久間病院,1,1,0,1,0,0,0,1,,,,,
22,6510061,医療法人弘遠会 天竜すずかけ病院,医療法人弘遠会 天竜すずかけ病院,1,0,0,1,0,0,0,0,,,,,
22,8410138,市立湖西病院,市立湖西病院,1,1,1,0,0,0,1,0,,,,,
22,8410179,浜名病院,浜名病院,1,1,0,1,0,0,1,0,,,,,
22,4210235,しずおか整形外科病院,しずおか整形外科病院,1,1,0,1,0,0,1,0,,,,,
22,9810096,独立行政法人国立病院機構 静岡てんかん・神経医療センター,独立行政法人国立病院機構静岡てんかん・神経医療センター,1,2,0,1,0,1,1,0,,,,,
22,4210789,静岡県立こども病院,静岡県立こども病院,3,1,2,1,0,0,1,0,,,,,
22,4211332,静岡市立静岡病院,静岡市立静岡病院,5,2,2,1,0,1,1,0,,,31465.0,7013.0,VERIFIED_NUMERIC
22,4110039,ＪＡ静岡厚生連 静岡厚生病院,ＪＡ静岡厚生連静岡厚生病院,1,1,0,1,0,0,1,0,,,,,
22,4160075,静岡赤十字病院,静岡赤十字病院,3,2,2,1,0,1,1,0,,,,,
22,4111763,医療法人社団清明会 静岡リハビリテーション病院,医療法人社団清明会 静岡リハビリテーション病院,1,0,0,1,0,0,0,0,,,,,
22,4210771,静岡県立総合病院,静岡県立総合病院,6,4,4,2,0,1,3,0,,,49532.0,15740.0,VERIFIED_NUMERIC
22,4111847,医療法人社団健正会 静岡アオイ病院,医療法人社団健正会静岡アオイ病院,1,0,0,0,1,0,0,0,,,,,
22,4111730,医療法人社団宝徳会 小鹿病院,医療法人社団宝徳会 小鹿病院,1,0,0,1,0,0,0,0,,,,,
22,4210060,白萩病院,白萩病院,1,0,0,1,0,0,0,0,,,,,
22,4210250,医療法人徳洲会 静岡徳洲会病院,医療法人徳洲会　静岡徳洲会病院,1,1,1,0,0,0,1,0,,,,,
22,4160042,静岡済生会総合病院,静岡済生会総合病院,3,2,3,0,0,0,2,0,,,,,
22,4210029,静岡市立清水病院,静岡市立清水病院,4,2,2,1,1,0,2,0,,,13076.0,6099.0,VERIFIED_NUMERIC
22,3210137,ＪＡ静岡厚生連 清水厚生病院,ＪＡ静岡厚生連清水厚生病院,1,1,0,1,0,0,1,0,,,,,
22,3210301,山の上病院,医療法人社団健寿会 山の上病院,1,0,0,1,0,0,0,0,,,,,
22,3260108,独立行政法人地域医療機能推進機構 清水さくら病院,独立行政法人地域医療機能推進機構清水さくら病院,1,1,1,0,0,0,1,0,,,,,
22,4211167,清水富士山病院,清水富士山病院,1,0,1,0,0,0,0,0,,,,,
22,6710331,すずかけヘルスケアホスピタル,医療法人弘遠会 すずかけヘルスケアホスピタル,1,1,0,1,0,0,1,0,,,,,
22,6710067,磐田市立総合病院,磐田市立総合病院,4,2,3,1,0,1,1,0,,,29006.0,8129.0,VERIFIED_NUMERIC
22,6610408,医療法人社団澄明会 磐南中央病院,医療法人社団　澄明会　磐南中央病院,1,0,0,1,0,0,0,0,,,,,
22,6910030,新都市病院,新都市病院,1,1,1,0,0,0,1,0,,,,,
22,6610366,豊田えいせい病院,医療法人社団　恵成会　豊田えいせい病院,1,1,0,1,0,0,1,0,,,,,
22,6210258,医療法人社団綾和会 掛川北病院,医療法人社団 綾和会 掛川北病院,1,0,0,1,0,0,0,0,,,,,
22,7410105,医療法人社団綾和会 掛川東病院,医療法人社団 綾和会 掛川東病院,1,0,1,0,0,0,0,0,,,,,
22,7410089,掛川市・袋井市病院企業団立中東遠総合医療センター,掛川市･袋井市病院企業団立中東遠総合医療センター,3,2,3,0,0,1,1,0,,,,,
22,6410163,医療法人社団八洲会 袋井みつかわ病院,袋井みつかわ病院,1,0,1,0,0,0,0,0,,,,,
22,7310099,袋井市立聖隷袋井市民病院,袋井市立 聖隷袋井市民病院,1,1,0,1,0,0,1,0,,,,,
22,5610011,市立御前崎総合病院,市立御前崎総合病院,1,1,1,0,0,1,0,0,,,,,
22,6110136,菊川市立総合病院,菊川市立総合病院,1,1,1,0,0,0,1,0,,,,,
22,6310082,公立森町病院,公立森町病院,1,1,0,1,0,0,1,0,,,,,
22,0510422,社会福祉法人愛誠会 南熱海病院,社会福祉法人愛誠会南熱海病院,1,0,0,1,0,0,0,0,,,,,
22,0510265,国際医療福祉大学熱海病院,国際医療福祉大学熱海病院,2,2,2,0,0,1,1,0,,,,,
22,0410276,伊東市民病院,伊東市民病院,2,1,0,2,0,0,1,0,,,,,
22,2110098,富士宮市立病院,富士宮市立病院,2,1,2,0,0,0,1,0,,,,,
22,2110577,医療法人社団鵬友会 フジヤマ病院,医療法人社団鵬友会 フジヤマ病院,1,0,0,1,0,0,0,0,,,,,
22,2110163,一般財団法人富士脳障害研究所附属病院,一般財団法人 富士脳障害研究所附属病院,1,2,1,0,0,1,1,0,,,,,
22,3110014,共立蒲原総合病院,共立蒲原総合病院,2,1,2,0,0,0,1,0,,,,,
22,2310078,一般財団法人恵愛会 聖隷富士病院,聖隷富士病院,1,1,1,0,0,0,1,0,,,,,
22,2310094,富士市立中央病院,富士市立中央病院,3,2,3,0,0,1,1,0,,,,,
22,2310599,医療法人財団湖聖会 湖山リハビリテーション病院,湖山リハビリテーション病院,1,0,0,1,0,0,0,0,,,,,
22,2310383,医療法人社団喜生会 新富士病院,新富士病院,1,0,1,0,0,0,0,0,,,,,
22,2310144,医療法人社団英志会 富士整形外科病院,富士整形外科病院,1,1,0,1,0,0,1,0,,,,,
22,2310409,医療法人社団秀峰会 川村病院,医療法人社団秀峰会 川村病院,1,0,1,0,0,0,0,0,,,,,
22,2310896,医療法人社団一芦会 芦川病院,芦川病院,1,0,0,1,0,0,0,0,,,,,
22,2310805,富士いきいき病院,富士いきいき病院,1,1,0,1,0,0,1,0,,,,,
23,0102377,医療法人蜂友会 はちや整形外科病院,医療法人蜂友会はちや整形外科病院,1,2,1,0,0,1,1,0,,,,,
23,0102021,ちくさ病院,ちくさ病院,1,0,0,1,0,0,0,0,,,,,
23,0102484,国家公務員共済組合連合会 東海病院,国家公務員共済組合連合会東海病院,1,1,1,0,0,0,1,0,,,,,
23,0105891,和田内科病院,和田内科病院,1,0,0,1,0,0,0,0,,,,,
23,0102088,医療法人吉田病院,医療法人吉田病院,1,1,1,0,0,0,1,0,,,,,
23,0101536,愛知県がんセンター,愛知県がんセンター,7,2,5,1,1,2,0,0,,,27986.0,5667.0,VERIFIED_NUMERIC
23,0201740,医療法人すみれ会 中央病院,医療法人すみれ会 中央病院,1,0,0,1,0,0,0,0,,,,,
23,0202607,名古屋ハートセンター,名古屋ハートセンター,1,1,1,0,0,0,1,0,,,,,
23,0300054,社会医療法人愛生会 総合上飯田第一病院,社会医療法人愛生会 総合上飯田第一病院,2,1,2,0,0,1,0,0,,,,,
23,0301243,北医療生活協同組合 北病院,北医療生活協同組合北病院,1,0,0,1,0,0,0,0,,,,,
23,0301797,大隈病院,大隈病院,1,2,1,0,0,0,2,0,,,,,
23,0301557,医療法人愛仁会 名春中央病院,医療法人愛仁会名春中央病院,1,1,0,1,0,0,0,1,,,,,
23,0400433,米田病院,医療法人米田病院,1,2,0,1,0,0,2,0,,,,,
23,0400789,愛知県青い鳥医療療育センター,愛知県青い鳥医療療育センター,1,0,0,1,0,0,0,0,,,,,
23,0400417,愛知県済生会リハビリテーション病院,愛知県済生会リハビリテーション病院,1,0,0,1,0,0,0,0,,,,,
23,0400847,名鉄病院,名鉄病院,2,1,2,0,0,0,1,0,,,,,
23,0500281,医療法人誠心会 大菅病院,医療法人誠心会大菅病院,1,1,0,1,0,0,1,0,,,,,
23,0502576,医療法人福友会 八田なみき病院,医療法人福友会八田なみき病院,1,0,0,1,0,0,0,0,,,,,
23,0505249,偕行会城西病院,偕行会城西病院,1,1,0,1,0,0,1,0,,,,,
23,0500240,日本赤十字社愛知医療センター名古屋第一病院,日本赤十字社愛知医療センター名古屋第一病院,5,3,4,1,0,2,1,0,,,47620.0,15758.0,VERIFIED_NUMERIC
23,0504028,医療法人珪山会 鵜飼リハビリテーション病院,医療法人珪山会 鵜飼リハビリテーション病院,1,0,0,1,0,0,0,0,,,,,
23,0500505,医療法人衆済会 増子記念病院,医療法人衆済会 増子記念病院,1,1,1,0,0,0,1,0,,,,,
23,0502808,名古屋セントラル病院,名古屋セントラル病院,3,3,2,1,0,1,2,0,,,15457.0,6708.0,VERIFIED_NUMERIC
23,0502238,医療法人珪山会 鵜飼病院,医療法人珪山会 鵜飼病院,1,0,0,1,0,0,0,0,,,,,
23,0600966,国家公務員共済組合連合会 名城病院,国家公務員共済組合連合会名城病院,2,2,2,0,0,0,2,0,,,,,
23,0607219,医療法人聖真会 横山記念病院,医療法人聖真会 横山記念病院,1,0,0,1,0,0,0,0,,,,,
23,9900631,独立行政法人国立病院機構 名古屋医療センター,独立行政法人国立病院機構名古屋医療センター,3,3,3,0,0,1,2,0,,,28079.0,9092.0,VERIFIED_NUMERIC
23,0602640,医療法人勝又 勝又病院,医療法人勝又　勝又病院,1,0,0,1,0,0,0,0,,,,,
23,0600677,眼科杉田病院,眼科杉田病院,1,0,0,1,0,0,0,0,,,,,
23,0608019,重工大須病院,重工大須病院,1,2,1,0,0,1,1,0,,,,,
23,0601493,中日病院,中日病院,1,1,1,0,0,0,1,0,,,,,
23,0700287,社会福祉法人聖霊会 聖霊病院,社会福祉法人聖霊会 聖霊病院,1,1,1,0,0,0,1,0,,,,,
23,0701087,医療法人生寿会 かわな病院,医療法人 生寿会 かわな病院,1,0,1,0,0,0,0,0,,,,,
23,9900110,名古屋大学医学部附属病院,名古屋大学医学部附属病院,6,8,6,0,0,5,2,1,,,43684.0,17531.0,VERIFIED_NUMERIC
23,0700337,日本赤十字社愛知医療センター名古屋第二病院,日本赤十字社愛知医療センター名古屋第二病院,8,4,4,0,0,1,3,0,,,44340.0,18599.0,VERIFIED_NUMERIC
23,0702929,医療法人安正会 安井病院,医療法人安正会 安井病院,1,0,0,1,0,0,0,0,,,,,
23,0802406,名古屋市立大学病院,名古屋市立大学病院,5,5,3,2,0,4,1,0,,,51530.0,20601.0,VERIFIED_NUMERIC
23,0800335,ブラザー記念病院,ブラザー記念病院,1,0,1,0,0,0,0,0,,,,,
23,0802463,西本病院,西本病院,1,0,0,1,0,0,0,0,,,,,
23,0801531,稲熊病院,稲熊病院,1,0,0,1,0,0,0,0,,,,,
23,0800038,医療法人野垣会 野垣病院,野垣病院,1,0,0,1,0,0,0,0,,,,,
23,0900887,みなと医療生活協同組合 協立総合病院,みなと医療生活協同組合協立総合病院,2,1,2,0,0,0,1,0,,,,,
23,0900796,水谷病院,水谷病院,1,1,0,1,0,0,1,0,,,,,
23,0900085,医療法人三恵会 服部病院,医療法人三恵会服部病院,1,0,0,1,0,0,0,0,,,,,
23,1000893,藤田医科大学ばんたね病院,藤田医科大学ばんたね病院,2,2,2,0,0,1,1,0,,,,,
23,1000471,医療法人聖真会 春田仁愛病院,医療法人聖真会 春田仁愛病院,1,0,0,0,1,0,0,0,,,,,
23,1001487,医療法人開生会 かいせい病院,医療法人開生会 かいせい病院,1,0,0,1,0,0,0,0,,,,,
23,1001255,名古屋共立病院,名古屋共立病院,1,3,1,0,0,1,2,0,,,,,
23,1002774,医療法人生生会 まつかげシニアホスピタル,医療法人生生会 まつかげシニアホスピタル,1,1,1,0,0,0,1,0,,,,,
23,1000166,名古屋掖済会病院,名古屋掖済会病院,5,2,4,1,0,1,1,0,,,41817.0,10997.0,VERIFIED_NUMERIC
23,1001461,名古屋西病院,名古屋西病院,1,1,1,0,0,0,1,0,,,,,
23,1001495,医療法人親和会 富田病院,医療法人親和会 富田病院,1,0,0,0,1,0,0,0,,,,,
23,1101097,東洋病院,東洋病院,1,1,0,1,0,0,0,1,,,,,
23,1100214,公益財団法人名古屋港湾福利厚生協会 臨港病院,公益財団法人名古屋港湾福利厚生協会臨港病院,1,1,0,1,0,0,1,0,,,,,
23,1100321,独立行政法人労働者健康安全機構 中部労災病院,独立行政法人労働者健康安全機構中部労災病院,4,2,3,1,0,1,1,0,,,,,
23,1100966,医療法人幸会 南陽病院,医療法人幸会 南陽病院,1,0,0,1,0,0,0,0,,,,,
23,1101816,医療法人東樹会 あずまリハビリテーション病院,医療法人東樹会 あずまリハビリテーション病院,1,0,0,1,0,0,0,0,,,,,
23,1201616,医療法人山和会 山口病院,医療法人山和会 山口病院,1,1,0,1,0,0,1,0,,,,,
23,1202085,南医療生協かなめ病院,南医療生協かなめ病院,1,0,0,1,0,0,0,0,,,,,
23,1201863,医療法人緑翔会 小松病院,医療法人緑翔会 小松病院,1,1,0,1,0,0,1,0,,,,,
23,1201541,大同病院,大同病院,2,2,1,1,0,1,1,0,,,,,
23,1201947,医療法人名南会 名南ふれあい病院,名南ふれあい病院,1,0,0,1,0,0,0,0,,,,,
23,1200220,医療法人財団善常会 善常会リハビリテーション病院,善常会リハビリテーション病院,1,0,0,1,0,0,0,0,,,,,
23,1200055,独立行政法人地域医療機能推進機構 中京病院,独立行政法人地域医療機能推進機構 中京病院,4,3,3,1,0,1,2,0,,,35457.0,12113.0,VERIFIED_NUMERIC
23,1201228,医療法人名南会 名南病院,名南病院,1,1,0,1,0,0,1,0,,,,,
23,1200204,医療法人笠寺病院,医療法人笠寺病院,1,0,0,1,0,0,0,0,,,,,
23,1202192,北村病院,北村病院,1,0,0,1,0,0,0,0,,,,,
23,1300863,医療法人和光会 川島病院,医療法人和光会 川島病院,1,1,1,0,0,1,0,0,,,,,
23,1300673,医療法人香流会 紘仁病院,紘仁病院,1,1,1,0,0,0,1,0,,,,,
23,1300699,医療法人有仁会 守山友愛病院,医療法人有仁会 守山友愛病院,1,0,0,1,0,0,0,0,,,,,
23,1302125,医療法人いつき会 守山いつき病院,医療法人いつき会守山いつき病院,2,1,1,0,0,0,1,0,,,,,
23,1401018,第一なるみ病院,第一なるみ病院,1,0,1,0,0,0,0,0,,,,,
23,1401786,医療法人清水会 相生山病院,医療法人清水会 相生山病院,1,0,1,0,0,0,0,0,,,,,
23,1402578,総合病院 南生協病院,総合病院 南生協病院,2,1,2,0,0,0,1,0,,,,,
23,1400531,平岩病院,医療法人幸寿会平岩病院,1,0,0,0,1,0,0,0,,,,,
23,1501874,医療法人杉山会 すぎやま病院,医療法人杉山会 すぎやま病院,1,1,0,1,0,0,1,0,,,,,
23,1500843,医療法人香徳会 メイトウホスピタル,医療法人香徳会メイトウホスピタル,1,0,0,1,0,0,0,0,,,,,
23,1500223,木村病院,木村病院,1,1,0,1,0,0,1,0,,,,,
23,9800476,独立行政法人国立病院機構 東名古屋病院,独立行政法人国立病院機構東名古屋病院,1,1,1,0,0,0,1,0,,,,,
23,1600072,八事病院,八事病院,1,0,1,0,0,0,0,0,,,,,
23,1601583,医療法人並木会 並木病院,医療法人並木会 並木病院,1,1,0,1,0,0,1,0,,,,,
23,1600767,名古屋記念病院,名古屋記念病院,2,1,2,0,0,0,1,0,,,,,
23,2700608,医療法人三善会 津島中央病院,医療法人三善会 津島中央病院,1,0,0,1,0,0,0,0,,,,,
23,2700517,津島リハビリテーション病院,津島リハビリテーション病院,1,0,0,1,0,0,0,0,,,,,
23,2700061,津島市民病院,津島市民病院,2,2,2,0,0,0,2,0,,,,,
23,2701085,医療法人宏徳会 安藤病院,医療法人宏徳会安藤病院,1,1,0,1,0,0,1,0,,,,,
23,7500227,偕行会リハビリテーション病院,偕行会リハビリテーション病院,1,0,0,1,0,0,0,0,,,,,
23,7500011,愛知県厚生農業協同組合連合会 海南病院,愛知県厚生農業協同組合連合会海南病院,3,3,3,0,0,1,2,0,,,,,
23,7600472,あま市民病院,あま市民病院,1,1,1,0,0,0,1,0,,,,,
23,5603031,船入病院,船入病院,1,0,0,1,0,0,0,0,,,,,
23,5601894,医療法人瑞頌会 尾張温泉かにえ病院,医療法人瑞頌会 尾張温泉かにえ病院,1,1,0,1,0,0,1,0,,,,,
23,7300339,医療法人生寿会 五条川リハビリテーション病院,医療法人生寿会 五条川リハビリテーション病院,1,0,1,0,0,0,0,0,,,,,
23,7300495,はるひ呼吸器病院,はるひ呼吸器病院,2,1,2,0,0,0,1,0,,,,,
23,7400352,医療法人光寿会 光寿会リハビリテーション病院,医療法人光寿会 光寿会リハビリテーション病院,1,0,0,1,0,0,0,0,,,,,
23,7400154,医療法人済衆館 済衆館病院,医療法人済衆館 済衆館病院,1,1,1,0,0,0,1,0,,,,,
23,2300078,医療法人宏和会 あさい病院,医療法人宏和会 あさい病院,1,1,1,0,0,0,1,0,,,,,
23,2300664,医療法人社団順心会 井上病院,医療法人社団順心会井上病院,1,0,0,1,0,0,0,0,,,,,
23,2300656,医療法人青和会 中央病院,医療法人青和会中央病院,2,0,1,1,0,0,0,0,,,,,
23,2300581,医療法人青山病院,医療法人青山病院,1,0,1,0,0,0,0,0,,,,,
23,2300698,瀬戸みどりのまち病院,瀬戸みどりのまち病院,1,0,0,1,0,0,0,0,,,,,
23,2300243,公立陶生病院,公立陶生病院,6,3,4,1,0,1,2,0,,,38008.0,11164.0,VERIFIED_NUMERIC
23,4500030,独立行政法人労働者健康安全機構 旭労災病院,独立行政法人労働者健康安全機構旭労災病院,2,1,2,0,0,0,1,0,,,,,
23,4800166,藤田医科大学病院,藤田医科大学病院,7,5,7,0,0,4,1,0,,,72544.0,24286.0,VERIFIED_NUMERIC
23,4900156,医療法人財団愛泉会 愛知国際病院,医療法人財団 愛泉会 愛知国際病院,1,0,0,0,1,0,0,0,,,,,
23,4900149,医療法人福友会 福友病院,医療法人福友会 福友病院,1,0,0,1,0,0,0,0,,,,,
23,4900131,医療法人大医会 日進おりど病院,医療法人大医会 日進おりど病院,1,1,1,0,0,0,1,0,,,,,
23,7700017,愛知医科大学病院,愛知医科大学病院,8,6,6,0,0,3,3,0,,,59655.0,25613.0,VERIFIED_NUMERIC
23,7700058,医療法人橘会 東名病院,医療法人橘会　東名病院,1,1,0,1,0,0,1,0,,,,,
23,2202399,医療法人来光会 尾洲病院,医療法人来光会 尾洲病院,1,0,1,0,0,0,0,0,,,,,
23,2202027,医療法人尾張健友会 千秋病院,医療法人尾張健友会 千秋病院,1,1,1,0,0,0,1,0,,,,,
23,2203629,医療法人泰玄会 泰玄会病院,医療法人泰玄会　泰玄会病院,1,1,1,0,0,0,1,0,,,,,
23,2201649,医療法人山下病院,医療法人山下病院,2,0,2,0,0,0,0,0,,,,,
23,2200369,一宮市立市民病院,一宮市立市民病院,5,2,3,2,0,0,2,0,,,35384.0,9663.0,VERIFIED_NUMERIC
23,2201342,大雄会第一病院,大雄会第一病院,1,1,1,0,0,0,1,0,,,,,
23,2204700,医療法人医徳会 国井病院,医療法人医徳会 国井病院,1,0,0,1,0,0,0,0,,,,,
23,2203272,一宮西病院,一宮西病院,6,4,5,1,0,3,1,0,,,42090.0,33226.0,VERIFIED_NUMERIC
23,2200013,総合大雄会病院,総合大雄会病院,3,2,2,1,0,0,2,0,,,,,
23,2202126,上林記念病院,上林記念病院,1,1,0,1,0,0,1,0,,,,,
23,2204098,一宮市立木曽川市民病院,一宮市立木曽川市民病院,1,1,1,0,0,0,1,0,,,,,
23,3900116,稲沢市民病院,稲沢市民病院,2,2,2,0,0,1,1,0,,,,,
23,3901064,愛知県厚生農業協同組合連合会 稲沢厚生病院,愛知県厚生農業協同組合連合会稲沢厚生病院,1,1,1,0,0,0,1,0,,,,,
23,3901155,医療法人六輪会 六輪病院,医療法人六輪会 六輪病院,1,0,1,0,0,0,0,0,,,,,
23,2503747,医療法人光寿会 光寿会春日井病院,医療法人光寿会 光寿会春日井病院,1,0,0,1,0,0,0,0,,,,,
23,2502020,医療法人社団喜峰会 東海記念病院,医療法人社団喜峰会 東海記念病院,1,1,1,0,0,0,1,0,,,,,
23,2500198,春日井市民病院,春日井市民病院,4,3,3,1,0,1,2,0,,,56335.0,17061.0,VERIFIED_NUMERIC
23,2500818,愛知県医療療育総合センター中央病院,愛知県医療療育総合センター中央病院,1,1,0,1,0,0,1,0,,,,,
23,2501808,医療法人徳洲会 名古屋徳洲会総合病院,医療法人徳洲会名古屋徳洲会総合病院,2,2,2,0,0,1,1,0,,,,,
23,2504141,医療法人宏生会 高森台病院,高森台病院,1,0,0,1,0,0,0,0,,,,,
23,2501675,春日井整形あさひ病院,春日井整形あさひ病院,1,1,0,1,0,0,1,0,,,,,
23,2501477,医療法人陽和会 春日井リハビリテーション病院,医療法人陽和会 春日井リハビリテーション病院,1,1,1,0,0,0,1,0,,,,,
23,2500164,一般財団法人春日会 足立病院,一般財団法人春日会足立病院,1,0,0,1,0,0,0,0,,,,,
23,3400521,社会医療法人志聖会 総合犬山中央病院,社会医療法人志聖会総合犬山中央病院,1,1,1,0,0,0,1,0,,,,,
23,3401081,あいちせぼね病院,あいちせぼね病院,1,2,1,0,0,0,2,0,,,,,
23,3600138,愛知県厚生農業協同組合連合会 江南厚生病院,愛知県厚生農業協同組合連合会江南厚生病院,4,3,3,1,0,2,1,0,,,38194.0,15031.0,VERIFIED_NUMERIC
23,3601292,佐藤病院,佐藤病院,1,0,0,1,0,0,0,0,,,,,
23,3800035,小牧市民病院,小牧市民病院,4,4,3,1,0,1,3,0,,,36369.0,14319.0,VERIFIED_NUMERIC
23,3800985,小牧第一病院,小牧第一病院,1,1,0,1,0,0,1,0,,,,,
23,4700366,岩倉病院,岩倉病院,1,2,1,0,0,0,1,1,,,,,
23,5300372,さくら総合病院,さくら総合病院,2,1,2,0,0,0,1,0,,,,,
23,2401579,半田中央病院,半田中央病院,1,0,0,1,0,0,0,0,,,,,
23,4101359,公立西知多総合病院,公立西知多総合病院,5,2,2,2,0,1,1,0,,,30779.0,8598.0,VERIFIED_NUMERIC
23,4101409,小嶋病院,小嶋病院,1,1,0,1,0,0,1,0,,,,,
23,4200607,あいち小児保健医療総合センター,あいち小児保健医療総合センター,2,1,1,1,0,0,1,0,,,,,
23,4200086,医療法人共和会 共和病院,医療法人共和会共和病院,1,0,0,1,0,0,0,0,,,,,
23,9800039,国立研究開発法人国立長寿医療研究センター,国立研究開発法人国立長寿医療研究センター,2,3,2,0,0,2,1,0,,,,,
23,4300738,西知多リハビリテーション病院,西知多リハビリテーション病院,1,0,0,1,0,0,0,0,,,,,
23,4300746,知多小嶋記念病院,医療法人 贈恩会 知多小嶋記念病院,1,0,0,1,0,0,0,0,,,,,
23,5701728,渡辺病院,渡辺病院,1,1,1,0,0,0,1,0,,,,,
23,5701322,愛知県厚生農業協同組合連合会 知多厚生病院,愛知県厚生農業協同組合連合会知多厚生病院,1,1,1,0,0,0,1,0,,,,,
23,5701207,医療法人赫和会 杉石病院,医療法人赫和会杉石病院,1,1,1,0,0,0,1,0,,,,,
23,5702288,石川病院,医療法人 聖会 石川病院,1,0,0,1,0,0,0,0,,,,,
23,3000230,トヨタ記念病院,トヨタ記念病院,5,3,3,2,0,2,1,0,,,37812.0,11139.0,VERIFIED_NUMERIC
23,3003036,愛知県厚生農業協同組合連合会 足助病院,愛知県厚生農業協同組合連合会足助病院,1,1,0,1,0,0,1,0,,,,,
23,3000602,医療法人三九会 三九朗病院,医療法人三九会 三九朗病院,1,0,0,1,0,0,0,0,,,,,
23,3001378,医療法人豊寿会 斉藤病院,医療法人豊寿会 斉藤病院,1,1,1,0,0,0,0,1,,,,,
23,3003697,さくら病院,さくら病院,1,1,1,0,0,0,0,1,,,,,
23,3001402,医療法人愛知会 肛門科胃腸科家田病院,家田病院,1,0,0,1,0,0,0,0,,,,,
23,3001212,豊田地域医療センター,豊田地域医療センター,1,1,1,0,0,0,1,0,,,,,
23,3001535,医療法人慈和会 吉田整形外科病院,医療法人慈和会 吉田整形外科病院,1,2,1,0,0,1,1,0,,,,,
23,3000057,愛知県厚生農業協同組合連合会 豊田厚生病院,愛知県厚生農業協同組合連合会 豊田厚生病院,4,3,3,0,0,2,1,0,,,35584.0,14840.0,VERIFIED_NUMERIC
23,3001337,医療法人社団以心会 中野胃腸病院,医療法人社団以心会 中野胃腸病院,1,0,1,0,0,0,0,0,,,,,
23,6100086,みよし市民病院,みよし市民病院,1,1,1,0,0,0,1,0,,,,,
23,6100045,医療法人寿光会 寿光会中央病院,医療法人寿光会 寿光会中央病院,1,0,0,1,0,0,0,0,,,,,
23,2801018,新川中央病院,新川中央病院,1,0,0,0,1,0,0,0,,,,,
23,2800119,医療法人愛生館 小林記念病院,小林記念病院,1,1,1,0,0,0,1,0,,,,,
23,2800564,碧南市民病院,碧南市民病院,2,2,0,1,1,1,1,0,,,,,
23,2800473,医療法人十喜会 加藤病院,医療法人十喜会加藤病院,1,0,0,1,0,0,0,0,,,,,
23,2901206,刈谷豊田東病院,刈谷豊田東病院,1,0,0,1,0,0,0,0,,,,,
23,2900794,医療法人明和会 辻村外科病院,医療法人明和会 辻村外科病院,1,1,1,0,0,0,0,1,,,,,
23,2900026,医療法人豊田会 刈谷豊田総合病院,刈谷豊田総合病院,6,4,5,1,0,1,3,0,,,50458.0,17608.0,VERIFIED_NUMERIC
23,2900992,刈谷記念病院,刈谷記念病院,1,0,0,1,0,0,0,0,,,,,
23,2901636,一里山・今井病院,一里山・今井病院,1,2,1,0,0,1,1,0,,,,,
23,2900687,医療法人大朋会 刈谷整形外科病院,医療法人大朋会 刈谷整形外科病院,1,1,0,1,0,0,0,1,,,,,
23,3100105,愛知県厚生農業協同組合連合会 安城更生病院,愛知県厚生農業協同組合連合会 安城更生病院,5,4,4,1,0,2,2,0,,,44799.0,16193.0,VERIFIED_NUMERIC
23,3100832,社会医療法人財団新和会 八千代病院,社会医療法人財団新和会八千代病院,2,2,2,0,0,0,2,0,,,,,
23,3200210,西尾市民病院,西尾市民病院,2,2,2,0,0,0,2,0,,,,,
23,3201176,山尾病院,山尾病院,1,1,0,1,0,0,1,0,,,,,
23,3200152,西尾病院,医療法人田中会西尾病院,1,1,0,1,0,0,1,0,,,,,
23,3201325,医療法人社団福祉会 高須病院,医療法人社団福祉会高須病院,1,1,0,1,0,0,1,0,,,,,
23,3201267,あいちリハビリテーション病院,あいちリハビリテーション病院,1,0,0,1,0,0,0,0,,,,,
23,4400249,医療法人秋田病院,秋田病院,1,1,0,1,0,0,1,0,,,,,
23,4400223,医療法人深谷会 富士病院,富士病院,1,1,0,1,0,0,1,0,,,,,
23,4600343,高浜豊田病院,高浜豊田病院,1,0,0,1,0,0,0,0,,,,,
23,2105246,冨田病院,冨田病院,1,1,0,1,0,0,1,0,,,,,
23,2102052,医療法人博報会 岡崎東病院,医療法人博報会 岡崎東病院,1,0,0,1,0,0,0,0,,,,,
23,2103407,医療法人大朋会 岡崎共立病院,医療法人大朋会 岡崎共立病院,1,1,0,1,0,0,0,1,,,,,
23,2101583,医療法人山武会 岡崎南病院,岡崎南病院,1,0,0,1,0,0,0,0,,,,,
23,2105121,愛知県三河青い鳥医療療育センター,愛知県三河青い鳥医療療育センター,1,0,0,1,0,0,0,0,,,,,
23,2100593,岡崎市民病院,岡崎市民病院,4,3,3,1,0,1,2,0,,,36263.0,11437.0,VERIFIED_NUMERIC
23,2101872,医療法人十全会 三嶋内科病院,医療法人十全会三嶋内科病院,1,0,0,1,0,0,0,0,,,,,
23,2102169,医療法人鉄友会 宇野病院,医療法人鉄友会 宇野病院,1,1,1,0,0,0,1,0,,,,,
23,4000601,新城市民病院,新城市民病院,1,1,1,0,0,0,1,0,,,,,
23,4000577,医療法人星野病院,医療法人星野病院,1,0,0,1,0,0,0,0,,,,,
23,4000106,医療法人長生会 茶臼山厚生病院,茶臼山厚生病院,1,0,0,1,0,0,0,0,,,,,
23,2000371,豊橋整形外科江崎病院,豊橋整形外科江崎病院,1,0,0,1,0,0,0,0,,,,,
23,2000363,光生会病院,光生会病院,1,1,1,0,0,1,0,0,,,,,
23,2002096,医療法人豊岡会 豊橋元町病院,医療法人豊岡会 豊橋元町病院,1,0,0,1,0,0,0,0,,,,,
23,2000066,豊橋市民病院,豊橋市民病院,5,3,4,0,0,1,2,0,,,50005.0,15072.0,VERIFIED_NUMERIC
23,2002146,医療法人光生会 赤岩病院,光生会 赤岩病院,1,0,0,1,0,0,0,0,,,,,
23,9800898,独立行政法人国立病院機構 豊橋医療センター,独立行政法人国立病院機構豊橋医療センター,2,1,2,0,0,0,1,0,,,,,
23,2002732,医療法人さわらび会 福祉村病院,医療法人さわらび会福祉村病院,1,1,0,1,0,0,1,0,,,,,
23,2000579,成田記念病院,成田記念病院,2,2,2,0,0,1,1,0,,,,,
23,2001072,二川病院,二川病院,1,0,0,1,0,0,0,0,,,,,
23,2006261,医療法人積善会 第二積善病院,医療法人積善会 第二積善病院,1,0,0,1,0,0,0,0,,,,,
23,2002971,医療法人善恵会 長屋病院,医療法人善恵会 長屋病院,1,0,0,1,0,0,0,0,,,,,
23,2003318,医療法人羔羊会 弥生病院,医療法人羔羊会 弥生病院,1,1,1,0,0,0,1,0,,,,,
23,2004563,医療法人澄心会 豊橋ハートセンター,医療法人澄心会豊橋ハートセンター,1,1,1,0,0,1,0,0,,,,,
23,2004951,医療法人積善会 積善病院,医療法人積善会 積善病院,1,0,0,1,0,0,0,0,,,,,
23,2002104,医療法人義興会 可知記念病院,医療法人義興会 可知記念病院,1,0,0,1,0,0,0,0,,,,,
23,2600444,国府病院,国府病院,1,0,0,1,0,0,0,0,,,,,
23,2600105,豊川市民病院,豊川市民病院,4,3,3,1,0,2,1,0,,,37983.0,11566.0,VERIFIED_NUMERIC
23,2600402,共立荻野病院,共立荻野病院,1,0,0,0,1,0,0,0,,,,,
23,2601400,医療法人信雅会 宮地病院,医療法人信雅会 宮地病院,1,0,0,1,0,0,0,0,,,,,
23,2602036,総合青山病院,総合青山病院,2,1,1,1,0,0,1,0,,,,,
23,2600675,医療法人桃源堂 後藤病院,医療法人桃源堂後藤病院,1,1,0,1,0,0,0,1,,,,,
23,2602135,医療法人啓仁会 豊川さくら病院,医療法人啓仁会 豊川さくら病院,1,0,0,1,0,0,0,0,,,,,
23,2600774,医療法人鳳紀会 可知病院,医療法人鳳紀会可知病院,1,1,1,0,0,0,0,1,,,,,
23,2600923,医療法人聖俊会 樋口病院,医療法人聖俊会 樋口病院,1,1,0,1,0,0,1,0,,,,,
23,2602168,タチバナ病院,タチバナ病院,1,0,0,1,0,0,0,0,,,,,
23,3300986,医療法人北辰会 蒲郡厚生館病院,医療法人北辰会 蒲郡厚生館病院,1,0,0,1,0,0,0,0,,,,,
23,3300044,蒲郡市民病院,蒲郡市民病院,2,2,2,0,0,1,1,0,,,,,
23,3301703,医療法人積善会 蒲郡東部病院,医療法人積善会 蒲郡東部病院,1,0,1,0,0,0,0,0,,,,,
23,7100010,愛知県厚生農業協同組合連合会 渥美病院,愛知県厚生農業協同組合連合会渥美病院,1,1,1,0,0,0,1,0,,,,,
23,1602748,新生会第一病院,新生会第一病院,1,0,0,1,0,0,0,0,,,,,
23,3901098,医療法人回精会 北津島病院,医療法人回精会北津島病院,1,0,0,1,0,0,0,0,,,,,
23,0203043,ＡＯＩ名古屋病院,ＡＯＩ名古屋病院,1,1,0,1,0,0,1,0,,,,,
23,2504547,北陽会病院,北陽会病院,1,1,0,1,0,0,1,0,,,,,
23,3801736,小牧ようてい記念病院,小牧ようてい記念病院,1,1,0,1,0,0,1,0,,,,,
23,2105477,藤田医科大学岡崎医療センター,藤田医科大学岡崎医療センター,3,2,2,1,0,1,1,0,,,,,
23,2105576,愛知医科大学メディカルセンター,愛知医科大学メディカルセンター,1,1,1,0,0,0,1,0,,,,,
23,0900341,医療法人杏園会 熱田リハビリテーション病院,医療法人杏園会　熱田リハビリテーション病院,1,0,0,1,0,0,0,0,,,,,
23,0303876,名古屋市立大学医学部附属西部医療センター,名古屋市立大学医学部附属西部医療センター,5,3,2,1,0,1,2,0,,,30243.0,14130.0,VERIFIED_NUMERIC
23,0105552,名古屋市立大学医学部附属東部医療センター,名古屋市立大学医学部附属東部医療センター,5,2,2,3,0,1,1,0,,,34778.0,12609.0,VERIFIED_NUMERIC
23,2103852,医療法人葵 葵セントラル病院,医療法人葵　葵セントラル病院,1,0,0,1,0,0,0,0,,,,,
23,3004638,名豊病院,名豊病院,1,1,0,1,0,0,1,0,,,,,
23,1503326,名古屋市立大学医学部附属みらい光生病院,名古屋市立大学医学部附属みらい光生病院,1,1,1,0,0,1,0,0,,,,,
23,3004752,医療法人三九会 三九朗東リハビリテーション病院,医療法人三九会　三九朗東リハビリテーション病院,1,0,0,1,0,0,0,0,,,,,
23,1403576,名古屋市立大学医学部附属みどり市民病院,名古屋市立大学医学部附属みどり市民病院,1,1,1,0,0,0,1,0,,,,,
23,4901352,日進南病院,日進南病院,1,0,0,1,0,0,0,0,,,,,
24,0105791,桑名市総合医療センター,地方独立行政法人　桑名市総合医療センター,3,2,3,0,0,1,1,0,,,,,
24,0105171,青木記念病院,青木記念病院,1,1,1,0,0,0,1,0,,,,,
24,0105080,医療法人桑名病院,医療法人桑名病院,1,0,0,1,0,0,0,0,,,,,
24,0105072,医療法人誠会山崎病院,山崎病院,1,0,0,0,1,0,0,0,,,,,
24,0105569,もりえい病院,もりえい病院,1,1,1,0,0,0,1,0,,,,,
24,0105643,医療法人（社団）佐藤病院 長島中央病院,医療法人（社団）佐藤病院 長島中央病院,1,0,0,1,0,0,0,0,,,,,
24,1405034,日下病院,医療法人（社団）大和会 日下病院,1,1,1,0,0,0,1,0,,,,,
24,1405018,三重県厚生農業協同組合連合会 三重北医療センターいなべ総合病院,三重県厚生農業協同組合連合会 三重北医療センター いなべ総合病院,2,1,2,0,0,1,0,0,,,,,
24,0215756,医療法人徳新会 四日市徳新会病院,医療法人徳新会　四日市徳新会病院,1,0,0,1,0,0,0,0,,,,,
24,0215772,医療法人社団プログレス 四日市消化器病センター,四日市消化器病センター,1,1,0,1,0,0,1,0,,,,,
24,0215632,三重県立総合医療センター,三重県立総合医療センター,2,2,2,0,0,1,1,0,,,,,
24,0205419,小山田記念温泉病院,小山田記念温泉病院,1,1,1,0,0,1,0,0,,,,,
24,0205013,独立行政法人地域医療機能推進機構 四日市羽津医療センター,独立行政法人地域医療機能推進機構 四日市羽津医療センター,2,1,2,0,0,0,1,0,,,,,
24,0205484,水沢病院,水沢病院,1,0,0,1,0,0,0,0,,,,,
24,0205989,みたき総合病院,医療法人尚豊会 みたき総合病院,1,1,0,1,0,0,1,0,,,,,
24,0205047,市立四日市病院,市立四日市病院,4,4,3,1,0,1,3,0,,,25000.0,10100.0,VERIFIED_NUMERIC
24,0205112,医療法人富田浜病院,医療法人富田浜病院,1,1,1,0,0,0,1,0,,,,,
24,0205435,医療法人石田会 石田胃腸科病院,医療法人石田会 石田胃腸科病院,1,0,0,1,0,0,0,0,,,,,
24,0205336,医療法人社団主体会主体会病院,医療法人社団主体会 主体会病院,1,1,1,0,0,1,0,0,,,,,
24,0205286,医療法人社団山中胃腸科病院,医療法人社団山中胃腸科病院,1,1,0,1,0,0,1,0,,,,,
24,2205029,三重県厚生農業協同組合連合会 三重北医療センター菰野厚生病院,菰野厚生病院,1,1,1,0,0,0,1,0,,,,,
24,0305177,鈴鹿回生病院,鈴鹿回生病院,2,2,2,0,0,1,1,0,,,,,
24,0305144,高木病院,高木病院,1,0,0,1,0,0,0,0,,,,,
24,4100012,独立行政法人国立病院機構鈴鹿病院,独立行政法人国立病院機構鈴鹿病院,1,1,1,0,0,0,1,0,,,,,
24,0305052,鈴鹿中央総合病院,三重県厚生農業協同組合連合会 鈴鹿中央総合病院,4,2,4,0,0,1,1,0,,,22095.0,5946.0,VERIFIED_NUMERIC
24,0305060,医療法人博仁会村瀬病院,医療法人博仁会村瀬病院,1,1,1,0,0,0,1,0,,,,,
24,0305201,塩川病院,医療法人誠仁会 塩川病院,1,1,1,0,0,0,1,0,,,,,
24,0405217,田中病院,田中病院,1,0,0,1,0,0,0,0,,,,,
24,0405050,亀山市立医療センター,亀山市立医療センター,2,1,1,0,0,0,1,0,,,,,
24,4000022,国立大学法人三重大学医学部附属病院,国立大学法人三重大学医学部附属病院,6,5,5,0,0,3,2,0,,,29463.0,12656.0,VERIFIED_NUMERIC
24,0505883,藤田医科大学七栗記念病院,藤田医科大学 七栗記念病院,1,1,0,1,0,0,1,0,,,,,
24,0515346,大門病院,大門病院,1,1,0,1,0,0,0,1,,,,,
24,0505974,医療法人凰林会榊原白鳳病院,榊原白鳳病院,1,1,0,1,0,0,1,0,,,,,
24,0505362,岩崎病院,岩崎病院,1,1,1,0,0,0,0,1,,,,,
24,0505297,医療法人吉田クリニック,医療法人吉田クリニック,1,1,1,0,0,0,1,0,,,,,
24,0515106,三重県立一志病院,三重県立一志病院,1,0,0,1,0,0,0,0,,,,,
24,0505123,武内病院,武内病院,1,1,1,0,0,0,1,0,,,,,
24,0505867,医療法人暲純会榊原温泉病院,特定医療法人暲純会 　榊原温泉病院,1,0,0,1,0,0,0,0,,,,,
24,0505263,津生協病院,津生協病院,1,1,0,1,0,0,1,0,,,,,
24,4100020,独立行政法人国立病院機構三重病院,独立行政法人国立病院機構三重病院,1,1,1,0,0,0,1,0,,,,,
24,0515163,若葉病院,若葉病院,1,1,1,0,0,1,0,0,,,,,
24,4000030,独立行政法人国立病院機構三重中央医療センター,独立行政法人国立病院機構三重中央医療センター,3,1,2,1,0,0,1,0,,,,,
24,0505065,医療法人同心会遠山病院,遠山病院,1,1,1,0,0,1,0,0,,,,,
24,0505115,医療法人永井病院,医療法人永井病院,1,1,1,0,0,0,1,0,,,,,
24,0505313,倉本内科病院,医療法人倉本病院 倉本内科病院,1,0,0,1,0,0,0,0,,,,,
24,1305036,医療法人寺田病院,医療法人寺田病院,1,1,0,1,0,0,1,0,,,,,
24,1205186,社会医療法人畿内会 岡波総合病院,社会医療法人畿内会岡波総合病院,2,2,2,0,0,0,2,0,,,,,
24,1205244,伊賀市立上野総合市民病院,伊賀市立上野総合市民病院,1,1,1,0,0,0,1,0,,,,,
24,1205194,医療法人森川病院,森川病院,1,0,0,1,0,0,0,0,,,,,
24,0705624,花の丘病院,花の丘病院,1,0,0,0,1,0,0,0,,,,,
24,0701516,松阪厚生病院,松阪厚生病院,1,0,0,1,0,0,0,0,,,,,
24,0705012,社会福祉法人恩賜財団済生会松阪市民病院,松阪市民病院,2,1,2,0,0,0,1,0,,,,,
24,0702472,南勢病院,南勢病院,1,0,0,1,0,0,0,0,,,,,
24,0705145,医療法人 桜木記念病院,医療法人桜木記念病院,1,0,0,1,0,0,0,0,,,,,
24,0705111,三重県厚生農業協同組合連合会松阪中央総合病院,三重県厚生農業協同組合連合会 松阪中央総合病院,3,2,3,0,0,1,1,0,,,,,
24,0705053,社会福祉法人恩賜財団済生会松阪総合病院,恩賜財団済生会 松阪総合病院,2,2,2,0,0,1,1,0,,,,,
24,2705226,三重ハートセンター,三重ハートセンター,1,1,0,1,0,0,1,0,,,,,
24,2705069,三重県厚生農業協同組合連合会 大台厚生病院,三重県厚生農業協同組合連合会 大台厚生病院,1,1,1,0,0,0,1,0,,,,,
24,0805267,伊勢田中病院,伊勢田中病院,1,0,0,1,0,0,0,0,,,,,
24,0805036,市立伊勢総合病院,市立伊勢総合病院,4,1,2,1,0,0,1,0,,,,,
24,0805465,医療法人全心会 伊勢ひかり病院,医療法人全心会 伊勢ひかり病院,1,1,1,0,0,0,1,0,,,,,
24,0805507,伊勢赤十字病院,伊勢赤十字病院,3,3,3,0,0,1,2,0,,,34570.0,11308.0,VERIFIED_NUMERIC
24,2905032,三重県立志摩病院,三重県立志摩病院,2,1,2,0,0,0,1,0,,,,,
24,2905040,国民健康保険志摩市民病院,国民健康保険志摩市民病院,1,0,0,1,0,0,0,0,,,,,
24,2805034,玉城町国民健康保険玉城病院,玉城町国民健康保険玉城病院,1,1,0,1,0,0,1,0,,,,,
24,2805109,町立南伊勢病院,町立南伊勢病院,1,0,0,1,0,0,0,0,,,,,
24,1005065,尾鷲総合病院,尾鷲総合病院,2,1,1,1,0,0,1,0,,,,,
24,3005022,長島回生病院,社会医療法人峰和会 長島回生病院,1,0,0,1,0,0,0,0,,,,,
24,3005097,第一病院,第一病院,1,0,0,0,1,0,0,0,,,,,
24,3105012,紀南病院,紀南病院,1,1,1,0,0,0,1,0,,,,,
24,0105130,ヨナハ丘の上病院,ヨナハ丘の上病院,1,1,1,0,0,1,0,0,,,,,
25,0100015,独立行政法人地域医療機能推進機構 滋賀病院,独立行政法人地域医療機能推進機構滋賀病院,1,1,1,0,0,0,1,0,,,,,
25,0106004,大津赤十字志賀病院,大津赤十字志賀病院,1,1,1,0,0,0,1,0,,,,,
25,9902650,滋賀医科大学医学部附属病院,滋賀医科大学医学部附属病院,4,4,3,1,0,2,2,0,,,28062.0,11007.0,VERIFIED_NUMERIC
25,0108083,山田整形外科病院,山田整形外科病院,0,1,0,0,0,0,0,1,,,,,
25,0100155,大津赤十字病院,大津赤十字病院,4,2,3,1,0,1,1,0,,,,,
25,0107374,市立大津市民病院,市立大津市民病院,4,2,3,1,0,1,1,0,,,,,
25,0101526,医療法人明和会 琵琶湖病院,琵琶湖病院,1,1,0,1,0,0,0,1,,,,,
25,0104546,医療法人幸生会 琵琶湖中央リハビリテーション病院,琵琶湖中央リハビリテーション病院,1,0,0,1,0,0,0,0,,,,,
25,0102599,医療法人華頂会 琵琶湖養育院病院,医療法人華頂会琵琶湖養育院病院,1,2,1,0,0,0,1,1,,,,,
25,0106152,医療法人良善会 ひかり病院,医療法人良善会ひかり病院,1,0,0,1,0,0,0,0,,,,,
25,0103605,医療法人弘英会 琵琶湖大橋病院,医療法人弘英会琵琶湖大橋病院,1,1,1,0,0,0,1,0,,,,,
25,0601970,社会医療法人 誠光会 淡海医療センター,社会医療法人誠光会淡海医療センター,2,3,2,0,0,1,2,0,,,,,
25,0601962,医療法人徳洲会 近江草津徳洲会病院,医療法人 徳洲会 近江草津徳洲会病院,1,1,1,0,0,0,1,0,,,,,
25,0600956,びわこ学園医療福祉センター草津,びわこ学園医療福祉センター草津,1,0,0,1,0,0,0,0,,,,,
25,0601954,医療法人芙蓉会 南草津病院,医療法人芙蓉会南草津病院,1,0,0,1,0,0,0,0,,,,,
25,0601343,南草津野村病院,南草津野村病院,0,1,0,0,0,0,0,1,,,,,
25,0701101,滋賀県立総合病院,滋賀県立総合病院,4,3,3,1,0,1,2,0,,,22146.0,7721.0,VERIFIED_NUMERIC
25,0700392,社会福祉法人恩賜財団 済生会守山市民病院,社会福祉法人恩賜財団済生会守山市民病院,1,1,0,1,0,0,1,0,,,,,
25,1200194,社会福祉法人恩賜財団 済生会滋賀県病院,社会福祉法人恩賜財団済生会滋賀県病院,2,2,2,0,0,1,1,0,,,,,
25,1300978,びわこ学園医療福祉センター野洲,びわこ学園医療福祉センター野洲,1,0,0,1,0,0,0,0,,,,,
25,1301232,市立野洲病院,市立野洲病院,1,1,1,0,0,1,0,0,,,,,
25,1401628,医療法人社団仁生会 甲南病院,医療法人社団仁生会甲南病院,1,1,1,0,0,1,0,0,,,,,
25,1401925,甲賀市立 信楽中央病院,甲賀市立信楽中央病院,1,0,1,0,0,0,0,0,,,,,
25,9900209,独立行政法人国立病院機構 紫香楽病院,独立行政法人国立病院機構紫香楽病院,1,0,0,1,0,0,0,0,,,,,
25,1402261,公立甲賀病院,公立甲賀病院,3,2,2,1,0,1,1,0,,,,,
25,2300118,医療法人社団阿星会 甲西リハビリ病院,医療法人阿星会甲西リハビリ病院,0,1,0,0,0,0,0,1,,,,,
25,2300183,医療法人社団美松会 生田病院,医療法人社団美松会生田病院,1,0,1,0,0,0,0,0,,,,,
25,0401694,公益財団法人近江兄弟社 ヴォーリズ記念病院,公益財団法人近江兄弟社ヴォーリズ記念病院,1,1,0,1,0,0,1,0,,,,,
25,0401322,近江八幡市立総合医療センター,近江八幡市立総合医療センター,3,2,2,1,0,1,1,0,,,,,
25,9900019,独立行政法人国立病院機構 東近江総合医療センター,独立行政法人国立病院機構東近江総合医療センター,3,1,3,0,0,0,1,0,,,,,
25,0501071,東近江市立 能登川病院,東近江市立能登川病院,1,1,0,1,0,0,1,0,,,,,
25,0500875,医療法人社団昴会 湖東記念病院,医療法人社団昴会湖東記念病院,1,1,1,0,0,0,1,0,,,,,
25,0500859,医療法人恒仁会 近江温泉病院,医療法人恒仁会近江温泉病院,1,0,0,1,0,0,0,0,,,,,
25,0500842,医療法人医誠会 神崎中央病院,医療法人医誠会神崎中央病院,1,0,0,1,0,0,0,0,,,,,
25,0500503,東近江敬愛病院,東近江敬愛病院,1,1,1,0,0,0,1,0,,,,,
25,1500577,医療法人社団昴会 日野記念病院,医療法人社団昴会日野記念病院,1,1,1,0,0,0,1,0,,,,,
25,0202357,彦根中央病院,医療法人恭昭会彦根中央病院,1,1,1,0,0,0,1,0,,,,,
25,0201722,医療法人友仁会 友仁山崎病院,医療法人友仁会友仁山崎病院,1,1,0,1,0,0,1,0,,,,,
25,0202043,彦根市立病院,彦根市立病院,2,2,2,0,0,1,1,0,,,,,
25,1800019,公益財団法人 豊郷病院,公益財団法人豊郷病院,1,1,1,0,0,0,1,0,,,,,
25,0301373,市立長浜病院,市立長浜病院,4,2,3,1,0,1,1,0,,,,,
25,0301688,長浜市立湖北病院,長浜市立湖北病院,1,1,1,0,0,0,1,0,,,,,
25,0300102,長浜赤十字病院,長浜赤十字病院,2,2,2,0,0,0,2,0,,,,,
25,2201183,高島市民病院,高島市民病院,1,1,1,0,0,0,1,0,,,,,
25,2201100,一般財団法人近江愛隣園 今津病院,一般財団法人近江愛隣園今津病院,1,1,0,1,0,0,0,1,,,,,
25,2201043,医療法人 マキノ病院,医療法人マキノ病院,1,1,0,1,0,0,0,1,,,,,
25,0602747,社会医療法人誠光会 淡海ふれあい病院,社会医療法人誠光会淡海ふれあい病院,1,0,1,0,0,0,0,0,,,,,
25,0103431,医療法人社団 瀬田川病院,医療法人社団 瀬田川病院,1,1,0,1,0,0,0,1,,,,,
26,2100442,宮津武田病院,医療法人財団宮津康生会宮津武田病院,1,0,0,1,0,0,0,0,,,,,
26,9600246,京丹後市立久美浜病院,京丹後市立久美浜病院,1,1,1,0,0,0,1,0,,,,,
26,3300132,特定医療法人三青園 丹後ふるさと病院,特定医療法人三青園丹後ふるさと病院,1,1,1,0,0,1,0,0,,,,,
26,3300017,公益財団法人 丹後中央病院,公益財団法人丹後中央病院,1,1,1,0,0,0,1,0,,,,,
26,9600253,京丹後市立弥栄病院,京丹後市立弥栄病院,1,1,1,0,0,0,1,0,,,,,
26,9600337,京都府立医科大学附属北部医療センター,京都府立医科大学附属北部医療センター,1,1,1,0,0,1,0,0,,,,,
26,2602314,医療法人福冨士会 京都ルネス病院,医療法人福冨士会京都ルネス病院,1,1,1,0,0,0,1,0,,,,,
26,9600212,市立福知山市民病院,市立福知山市民病院,4,2,3,1,0,1,1,0,,,,,
26,2601373,医療法人翠生会 松本病院,医療法人翠生会松本病院,1,0,0,1,0,0,0,0,,,,,
26,9600295,市立福知山市民病院大江分院,市立福知山市民病院大江分院,1,0,0,1,0,0,0,0,,,,,
26,2701389,医療法人 岸本病院,医療法人岸本病院,1,0,0,1,0,0,0,0,,,,,
26,9700061,舞鶴赤十字病院,舞鶴赤十字病院,1,1,1,0,0,0,1,0,,,,,
26,9900026,独立行政法人国立病院機構舞鶴医療センター,独立行政法人国立病院機構舞鶴医療センター,1,1,1,0,0,1,0,0,,,,,
26,9700095,国家公務員共済組合連合会 舞鶴共済病院,国家公務員共済組合連合会舞鶴共済病院,1,1,1,0,0,0,1,0,,,,,
26,1800950,綾部市立病院,綾部市立病院,1,1,1,0,0,0,1,0,,,,,
26,1801032,医療法人綾冨士会 綾部ルネス病院,医療法人綾冨士会綾部ルネス病院,1,0,1,0,0,0,0,0,,,,,
26,1801123,公益社団法人京都保健会 京都協立病院,公益社団法人京都保健会京都協立病院,1,0,0,1,0,0,0,0,,,,,
26,1601481,社会医療法人清仁会亀岡シミズ病院,医療法人清仁会亀岡シミズ病院,1,1,0,1,0,0,1,0,,,,,
26,1601838,医療法人 亀岡病院,医療法人亀岡病院,1,1,1,0,0,0,1,0,,,,,
26,1601572,亀岡市立病院,亀岡市立病院,1,1,1,0,0,0,1,0,,,,,
26,3400411,医療法人社団菫会園部病院,医療法人社団菫会園部病院,1,1,0,1,0,0,0,1,,,,,
26,3400288,明治国際医療大学附属病院,明治国際医療大学附属病院,1,1,1,0,0,1,0,0,,,,,
26,9600063,京都中部総合医療センター,京都中部総合医療センター,2,2,1,1,0,1,1,0,,,,,
26,9600287,国保京丹波町病院,国保京丹波町病院,1,0,0,1,0,0,0,0,,,,,
26,0105757,社会福祉法人 京都社会事業財団 京都からすま病院,社会福祉法人京都社会事業財団京都からすま病院,1,1,1,0,0,0,0,1,,,,,
26,9700053,独立行政法人地域医療機能推進機構 京都鞍馬口医療センター,独立行政法人地域医療機能推進機構京都鞍馬口医療センター,1,1,1,0,0,0,1,0,,,,,
26,0101806,冨田病院,社会福祉法人京都博愛会冨田病院,1,0,0,1,0,0,0,0,,,,,
26,0104537,医療法人明生会賀茂病院,医療法人明生会賀茂病院,1,0,0,1,0,0,0,0,,,,,
26,0100964,京都博愛会病院,社会福祉法人京都博愛会京都博愛会病院,1,1,0,1,0,0,1,0,,,,,
26,0200244,西陣病院,社会福祉法人京都社会事業財団西陣病院,1,1,1,0,0,0,1,0,,,,,
26,0203602,医療法人愛寿会 同仁病院,医療法人愛寿会同仁病院,1,1,1,0,0,0,1,0,,,,,
26,0200251,社会医療法人西陣健康会 堀川病院,社会医療法人西陣健康会堀川病院,1,1,1,0,0,0,1,0,,,,,
26,0202158,医療法人幸生会 室町病院,医療法人幸生会室町病院,1,0,0,1,0,0,0,0,,,,,
26,0200780,医療法人 相馬病院,医療法人相馬病院,1,1,0,1,0,0,1,0,,,,,
26,9600303,京都府立医科大学附属病院,京都府立医科大学附属病院,7,3,3,3,0,2,1,0,,,23244.0,8689.0,VERIFIED_NUMERIC
26,9700012,京都第二赤十字病院,京都第二赤十字病院,4,2,3,1,0,0,2,0,,,32662.0,11021.0,VERIFIED_NUMERIC
26,0601342,公益社団法人信和会 京都民医連あすかい病院,公益社団法人信和会京都民医連あすかい病院,1,1,1,0,0,0,1,0,,,,,
26,0607380,医療法人清水会脳神経リハビリ北大路病院,医療法人清水会脳神経リハビリ北大路病院,1,1,0,1,0,0,1,0,,,,,
26,0603660,医療法人社団順和会 京都下鴨病院,医療法人社団順和会京都下鴨病院,1,1,0,1,0,0,1,0,,,,,
26,9900042,国立大学法人 京都大学医学部附属病院,京都大学医学部附属病院,9,7,7,1,0,6,1,0,,,,,FETCH_RETRY
26,0605079,医療法人社団行陵会 京都大原記念病院,医療法人社団行陵会京都大原記念病院,1,0,0,1,0,0,0,0,,,,,
26,0600849,医療法人寿尚会 洛陽病院,医療法人寿尚会洛陽病院,1,1,0,1,0,0,1,0,,,,,
26,0600294,日本バプテスト病院,日本バプテスト病院,1,1,1,0,0,0,1,0,,,,,
26,0306942,医療法人西大路病院,医療法人西大路病院,1,0,0,1,0,0,0,0,,,,,
26,0707065,公益社団法人京都保健会京都民医連中央病院,公益社団法人京都保健会京都民医連中央病院,2,2,2,0,0,1,1,0,,,,,
26,9600311,京都市立病院,地方独立行政法人京都市立病院機構京都市立病院,5,2,4,1,0,1,1,0,,,,,NO_VALUE_ON_PUBLIC_PAGE
26,0306470,医療法人毛利病院,医療法人毛利病院,1,0,0,1,0,0,0,0,,,,,
26,0308609,がくさい病院,がくさい病院,0,1,0,0,0,0,1,0,,,,,
26,0308625,医療法人社団洛和会 洛和会丸太町病院,医療法人社団洛和会洛和会丸太町病院,1,2,1,0,0,1,1,0,,,,,
26,0804482,医療法人 原田病院,医療法人原田病院,1,0,0,1,0,0,0,0,,,,,
26,0803401,医療法人社団 育生会 京都久野病院,医療法人社団育生会京都久野病院,1,1,1,0,0,0,1,0,,,,,
26,9700038,京都第一赤十字病院,京都第一赤十字病院,5,2,4,1,0,1,1,0,,,,,NO_VALUE_ON_PUBLIC_PAGE
26,0404317,医療法人威徳 壬生大路病院,医療法人威徳壬生大路病院,1,0,0,1,0,0,0,0,,,,,
26,0405124,武田病院,医療法人財団康生会武田病院,1,2,1,0,0,1,1,0,,,,,
26,0403616,医療法人愛友会 明石病院,医療法人愛友会明石病院,1,0,0,1,0,0,0,0,,,,,
26,0406627,社会医療法人健康会 新京都南病院,社会医療法人健康会　新京都南病院,1,1,1,0,0,0,1,0,,,,,
26,0402832,社会医療法人健康会 京都南病院,社会医療法人健康会　京都南病院,1,1,1,0,0,0,1,0,,,,,
26,0405843,医療法人社団 恵心会 京都武田病院,医療法人社団恵心会京都武田病院,1,1,0,1,0,0,1,0,,,,,
26,0400539,京都回生病院,医療法人回生会京都回生病院,1,1,0,1,0,0,1,0,,,,,
26,0500916,公益社団法人京都保健会 吉祥院病院,公益社団法人京都保健会吉祥院病院,1,0,0,1,0,0,0,0,,,,,
26,0503712,医療法人社団親和会 京都木原病院,医療法人社団親和会京都木原病院,1,1,0,1,0,0,1,0,,,,,
26,0501328,医療法人財団医道会 十条武田リハビリテーション病院,医療法人財団医道会十条武田リハビリテーション病院,1,1,0,1,0,0,1,0,,,,,
26,0500205,医療法人同仁会（社団）京都九条病院,医療法人同仁会（社団）京都九条病院,1,1,1,0,0,0,1,0,,,,,
26,0706125,一般財団法人 泉谷病院,一般財団法人泉谷病院,1,0,1,0,0,0,0,0,,,,,
26,0706703,医療法人 河端病院,医療法人河端病院,1,1,0,1,0,0,1,0,,,,,
26,0711091,一般財団法人 高雄病院,一般財団法人高雄病院,1,0,0,1,0,0,0,0,,,,,
26,0706869,社会医療法人太秦病院,社会医療法人太秦病院,1,0,0,1,0,0,0,0,,,,,
26,9900075,独立行政法人国立病院機構 宇多野病院,独立行政法人国立病院機構宇多野病院,1,1,0,1,0,1,0,0,,,,,
26,0706182,医療法人社団松仁会 内田病院,医療法人社団松仁会内田病院,1,0,0,1,0,0,0,0,,,,,
26,0700318,医療法人新生十全会 京都ならびがおか病院,医療法人新生十全会京都ならびがおか病院,1,0,1,0,0,0,0,0,,,,,
26,9600329,京都市立京北病院,京都市立京北病院,1,0,0,1,0,0,0,0,,,,,
26,0903995,医療法人松寿会 共和病院,医療法人松寿会共和病院,1,1,1,0,0,0,1,0,,,,,
26,9900018,独立行政法人国立病院機構京都医療センター,独立行政法人国立病院機構京都医療センター,4,3,3,1,0,2,1,0,,,,,NO_VALUE_ON_PUBLIC_PAGE
26,0907574,社会福祉法人 浩照会 伏見桃山総合病院,社会福祉法人浩照会伏見桃山総合病院,1,1,0,1,0,0,1,0,,,,,
26,0903045,蘇生会総合病院,蘇生会総合病院,2,2,2,0,0,1,1,0,,,,,
26,0903367,医療法人医仁会 武田総合病院,医療法人医仁会武田総合病院,2,2,2,0,0,1,1,0,,,,,
26,0906766,医療法人社団 淀さんせん会 金井病院,医療法人社団淀さんせん会金井病院,1,1,0,1,0,0,1,0,,,,,
26,0902245,社会医療法人弘仁会 大島病院,社会医療法人弘仁会大島病院,1,1,1,0,0,0,1,0,,,,,
26,0904431,一般財団法人仁風会 京都南西病院,一般財団法人仁風会京都南西病院,1,0,0,1,0,0,0,0,,,,,
26,0906733,特定医療法人 桃仁会病院,特定医療法人桃仁会病院,1,0,0,1,0,0,0,0,,,,,
26,0907624,医療法人清水会 京都リハビリテーション病院,医療法人清水会京都リハビリテーション病院,1,0,0,1,0,0,0,0,,,,,
26,0907483,医療法人健幸会むかいじま病院,医療法人健幸会むかいじま病院,1,1,1,0,0,0,1,0,,,,,
26,0906352,医療法人 新生十全会 なごみの里病院,医療法人新生十全会なごみの里病院,1,0,0,1,0,0,0,0,,,,,
26,4101075,医療法人社団洛和会 洛和会音羽病院,医療法人社団洛和会洛和会音羽病院,3,2,2,1,0,1,1,0,,,,,
26,4100069,医療法人新生十全会 京都東山老年サナトリウム,医療法人新生十全会京都東山老年サナトリウム,1,0,0,1,0,0,0,0,,,,,
26,4100986,加藤山科病院,加藤山科病院,1,0,0,1,0,0,0,0,,,,,
26,4100242,一般社団法人愛生会山科病院,一般社団法人愛生会山科病院,1,1,1,0,0,0,1,0,,,,,
26,4102420,医療法人社団恵仁会 なぎ辻病院,医療法人社団恵仁会なぎ辻病院,2,1,2,0,0,0,0,1,,,,,
26,4102529,医療法人社団洛和会 洛和会音羽記念病院,医療法人社団洛和会洛和会音羽記念病院,1,0,0,1,0,0,0,0,,,,,
26,4102784,医療法人社団洛和会 洛和会音羽リハビリテーション病院,医療法人社団洛和会洛和会音羽リハビリテーション病院,1,1,1,0,0,0,1,0,,,,,
26,4000095,社会福祉法人京都社会事業財団 京都桂病院,社会福祉法人京都社会事業財団京都桂病院,4,2,2,2,0,1,1,0,,,23564.0,8300.0,VERIFIED_NUMERIC
26,4003008,医療法人京都翔医会 西京都病院,医療法人京都翔医会西京都病院,1,1,1,0,0,0,1,0,,,,,
26,4001234,社会医療法人清仁会 洛西シミズ病院,医療法人清仁会洛西シミズ病院,1,1,1,0,0,0,1,0,,,,,
26,4000715,社会医療法人清仁会 シミズ病院,医療法人清仁会シミズ病院,1,1,0,1,0,0,1,0,,,,,
26,4002539,社会医療法人清仁会 洛西ニュータウン病院,医療法人清仁会洛西ニュータウン病院,1,1,1,0,0,1,0,0,,,,,
26,3100987,医療法人 真生会 向日回生病院,医療法人真生会向日回生病院,1,1,0,1,0,0,1,0,,,,,
26,3000625,医療法人医修会 新河端病院,医療法人医修会新河端病院,2,1,1,0,0,0,1,0,,,,,
26,9700137,社会福祉法人恩賜財団京都府済生会京都済生会病院,社会福祉法人恩賜財団京都府済生会京都済生会病院,2,1,2,0,0,0,1,0,,,,,
26,3000575,医療法人社団千春会 千春会病院,医療法人社団千春会千春会病院,1,1,1,0,0,0,1,0,,,,,
26,3001805,長岡京病院,医療法人総心会長岡京病院,1,0,0,1,0,0,0,0,,,,,
26,1200284,医療法人栄仁会宇治おうばく病院,医療法人栄仁会宇治おうばく病院,1,1,1,0,0,0,1,0,,,,,
26,1201670,医療法人長安会 中村病院,医療法人長安会中村病院,1,0,0,1,0,0,0,0,,,,,
26,1203262,宇治武田病院,宇治武田病院,1,2,1,0,0,1,1,0,,,,,
26,1203650,社会福祉法人 あじろぎ会 宇治病院,社会福祉法人あじろぎ会宇治病院,1,1,0,1,0,0,1,0,,,,,
26,1203973,医療法人徳洲会 六地蔵総合病院,医療法人徳洲会六地蔵総合病院,1,1,0,1,0,0,1,0,,,,,
26,1201514,医療法人仁心会 宇治川病院,医療法人仁心会宇治川病院,1,1,0,1,0,0,1,0,,,,,
26,1203692,医療法人徳洲会 宇治徳洲会病院,医療法人徳洲会宇治徳洲会病院,4,3,4,0,0,1,2,0,,,42089.0,8189.0,VERIFIED_NUMERIC
26,2800710,医療法人啓信会 京都きづ川病院,医療法人啓信会京都きづ川病院,1,1,1,0,0,0,1,0,,,,,
26,9900067,独立行政法人国立病院機構 南京都病院,独立行政法人国立病院機構南京都病院,1,1,1,0,0,0,1,0,,,,,
26,1204013,医療法人せいふう会 宇治脳卒中リハビリテーション病院,医療法人せいふう会宇治脳卒中リハビリテーション病院,1,0,0,1,0,0,0,0,,,,,
26,2900809,社会医療法人美杉会 男山病院,社会医療法人美杉会男山病院,1,1,1,0,0,0,1,0,,,,,
26,2900973,社会医療法人 美杉会 みのやま病院,社会医療法人美杉会みのやま病院,1,0,1,0,0,0,0,0,,,,,
26,2900569,医療法人社団医聖会 京都八幡病院,医療法人社団医聖会京都八幡病院,1,0,0,1,0,0,0,0,,,,,
26,2900411,医療法人社団医聖会 八幡中央病院,医療法人社団医聖会八幡中央病院,1,1,0,1,0,0,1,0,,,,,
26,3200084,医療法人 芳松会 田辺病院,医療法人芳松会田辺病院,1,0,0,1,0,0,0,0,,,,,
26,3200209,医療法人社団石鎚会 京都田辺中央病院,医療法人社団石鎚会京都田辺中央病院,2,2,2,0,0,0,2,0,,,,,
26,1100484,医療法人八仁会 久御山南病院,医療法人八仁会久御山南病院,1,0,0,1,0,0,0,0,,,,,
26,1100591,京都岡本記念病院,京都岡本記念病院,3,2,2,1,0,1,1,0,,,,,
26,9600154,京都山城総合医療センター,京都山城総合医療センター,1,1,1,0,0,0,1,0,,,,,
26,1401726,医療法人社団医聖会 学研都市病院,医療法人社団医聖会学研都市病院,1,1,1,0,0,0,1,0,,,,,
26,9600055,精華町国民健康保険病院,精華町国民健康保険病院,1,0,0,1,0,0,0,0,,,,,
26,0608040,医療法人社団行陵会 京都近衛リハビリテーション病院,医療法人社団行陵会京都近衛リハビリテーション病院,1,0,0,1,0,0,0,0,,,,,
26,1100625,くみやま岡本病院,くみやま岡本病院,1,0,0,1,0,0,0,0,,,,,
27,9900249,大阪大学医学部附属病院,大阪大学医学部附属病院,12,6,6,0,0,3,2,1,,,32779.0,10560.0,VERIFIED_NUMERIC
27,9900256,国立研究開発法人 国立循環器病研究センター,国立研究開発法人国立循環器病研究センター,3,4,3,0,0,4,0,0,,,1650.0,840.0,VERIFIED_NUMERIC
27,9801504,市立豊中病院,市立豊中病院,3,2,2,1,0,1,1,0,,,,,
27,1609392,市立吹田市民病院,市立吹田市民病院,3,2,2,1,0,0,2,0,,,,,
27,9900108,独立行政法人国立病院機構 大阪刀根山医療センター,独立行政法人国立病院機構 大阪刀根山医療センター,2,1,1,1,0,0,1,0,,,,,
27,4011851,医療法人協和会 千里中央病院,医療法人協和会千里中央病院,1,0,1,0,0,0,0,0,,,,,
27,1608444,医療法人徳洲会 吹田徳洲会病院,医療法人徳洲会吹田徳洲会病院,4,1,2,1,0,1,0,0,,,,,
27,9801470,市立池田病院,市立池田病院,3,2,2,1,0,1,1,0,,,,,
27,1607149,社会福祉法人恩賜財団済生会支部 大阪府済生会千里病院,社会福祉法人恩賜財団済生会支部大阪府済生会千里病院,2,2,2,0,0,0,2,0,,,,,
27,9801124,箕面市立病院,箕面市立病院,2,2,2,0,0,1,1,0,,,,,
27,1604153,医療法人協和会 協和会病院,医療法人協和会協和会病院,1,1,1,0,0,0,1,0,,,,,
27,4012362,医療法人篤友会 坂本病院,医療法人篤友会坂本病院,1,0,1,0,0,0,0,0,,,,,
27,4013329,関西メディカル病院,社会医療法人純幸会関西メディカル病院,2,1,2,0,0,1,0,0,,,,,
27,1400347,北大阪医療生活協同組合 照葉の里箕面病院,北大阪医療生活協同組合照葉の里箕面病院,1,0,0,1,0,0,0,0,,,,,
27,1602983,医療法人ダイワ会 大和病院,医療法人ダイワ会大和病院,1,1,1,0,0,0,0,1,,,,,
27,1402525,医療法人社団和風会 千里リハビリテーション病院,医療法人社団和風会千里リハビリテーション病院,1,0,0,1,0,0,0,0,,,,,
27,4010978,医療法人篤友会 関西リハビリテーション病院,医療法人篤友会関西リハビリテーション病院,0,1,0,0,0,0,0,1,,,,,
27,4009806,医療法人篤友会 坂本病院分院,医療法人篤友会坂本病院分院,1,0,0,1,0,0,0,0,,,,,
27,1607560,医療法人 菊秀会 皐月病院,医療法人菊秀会皐月病院,1,0,0,1,0,0,0,0,,,,,
27,1603957,社会医療法人 愛仁会 井上病院,社会医療法人愛仁会井上病院,1,1,1,0,0,0,1,0,,,,,
27,4006497,大阪脳神経外科病院,公益財団法人唐澤記念会大阪脳神経外科病院,1,1,0,1,0,0,1,0,,,,,
27,1402699,医療法人せいわ会 彩都リハビリテーション病院,医療法人せいわ会彩都リハビリテーション病院,1,0,0,1,0,0,0,0,,,,,
27,1603346,医療法人甲聖会 甲聖会紀念病院,医療法人甲聖会甲聖会紀念病院,1,0,0,1,0,0,0,0,,,,,
27,4011414,医療法人若葉会 豊中若葉会病院,医療法人若葉会豊中若葉会病院,1,1,0,1,0,0,1,0,,,,,
27,1402418,医療法人 マックシール 巽今宮病院,医療法人マックシール巽今宮病院,1,0,0,1,0,0,0,0,,,,,
27,1400453,医療法人ガラシア会 ガラシア病院,医療法人ガラシア会ガラシア病院,1,0,0,1,0,0,0,0,,,,,
27,4011992,医療法人康生会 豊中平成病院,医療法人康生会豊中平成病院,1,0,0,1,0,0,0,0,,,,,
27,4011653,医療法人 康生会 平成記念病院,医療法人康生会平成記念病院,1,0,0,1,0,0,0,0,,,,,
27,2502364,医療法人互恵会 池田回生病院,医療法人互恵会池田回生病院,1,0,0,1,0,0,0,0,,,,,
27,4014616,医療法人善正会 上田病院,医療法人善正会上田病院,1,1,0,1,0,0,1,0,,,,,
27,9800118,大阪市立弘済院附属病院,大阪市立弘済院附属病院,1,1,1,0,0,0,1,0,,,,,
27,1400313,医療法人 華之会 箕面中央病院,医療法人華之会箕面中央病院,1,0,0,1,0,0,0,0,,,,,
27,4013188,社会医療法人彩樹 豊中敬仁会病院,社会医療法人彩樹豊中敬仁会病院,1,1,1,0,0,0,1,0,,,,,
27,4013923,医療法人篤友会 千里山病院,医療法人篤友会千里山病院,1,1,0,1,0,0,0,1,,,,,
27,1402467,医療法人 清順堂 ためなが温泉病院,医療法人清順堂ためなが温泉病院,1,0,0,1,0,0,0,0,,,,,
27,1608121,医療法人京優会 北摂三木病院,医療法人京優会北摂三木病院,1,0,0,1,0,0,0,0,,,,,
27,1402632,医療法人啓明会 相原病院,医療法人啓明会相原病院,1,0,0,1,0,0,0,0,,,,,
27,0900503,大阪医科薬科大学病院,大阪医科薬科大学病院,7,4,6,1,0,2,2,0,,,39525.0,16001.0,VERIFIED_NUMERIC
27,0903218,社会医療法人愛仁会 高槻病院,社会医療法人 愛仁会 高槻病院,4,3,4,0,0,2,1,0,,,23140.0,10207.0,VERIFIED_NUMERIC
27,0900438,高槻赤十字病院,高槻赤十字病院,1,1,1,0,0,0,1,0,,,,,
27,4201064,医療法人恒昭会 藍野病院,医療法人恒昭会藍野病院,1,1,1,0,0,0,1,0,,,,,
27,0902582,社会医療法人 祐生会 みどりヶ丘病院,社会医療法人祐生会みどりヶ丘病院,1,1,1,0,0,0,1,0,,,,,
27,4205628,社会福祉法人恩賜財団 大阪府済生会茨木病院,社会福祉法人恩賜財団大阪府済生会茨木病院,1,1,1,0,0,0,1,0,,,,,
27,4207483,北大阪ほうせんか病院,医療法人成和会北大阪ほうせんか病院,1,1,1,0,0,0,1,0,,,,,
27,4207665,医療法人友紘会 友紘会総合病院,医療法人友紘会友紘会総合病院,1,1,1,0,0,0,1,0,,,,,
27,0907359,社会医療法人 愛仁会 愛仁会リハビリテーション病院,社会医療法人愛仁会　愛仁会リハビリテーション病院,1,0,1,0,0,0,0,0,,,,,
27,0904174,社会医療法人東和会 第一東和会病院,社会医療法人東和会第一東和会病院,2,2,2,0,0,1,1,0,,,,,
27,4206865,ほうせんか病院,医療法人成和会ほうせんか病院,1,0,1,0,0,0,0,0,,,,,
27,0906641,社会医療法人仙養会 北摂総合病院,社会医療法人仙養会北摂総合病院,1,1,1,0,0,1,0,0,,,,,
27,0907987,大阪医科薬科大学三島南病院,大阪医科薬科大学三島南病院,1,1,1,0,0,0,1,0,,,,,
27,4206089,医療法人友紘会 彩都友紘会病院,医療法人友紘会 彩都友紘会病院,1,1,1,0,0,0,1,0,,,,,
27,0904299,医療法人社団緑水会 緑水会病院,医療法人社団緑水会緑水会病院,1,0,0,1,0,0,0,0,,,,,
27,3701122,医療法人医誠会 摂津医誠会病院,医療法人医誠会摂津医誠会病院,1,1,1,0,0,0,1,0,,,,,
27,4207640,社会医療法人祐生会 茨木みどりヶ丘病院,社会医療法人祐生会茨木みどりヶ丘病院,1,1,0,1,0,0,1,0,,,,,
27,0904182,医療法人健和会 うえだ下田部病院,特定医療法人健和会うえだ下田部病院,1,1,0,1,0,0,1,0,,,,,
27,0906179,社会医療法人東和会 第二東和会病院,社会医療法人東和会　第二東和会病院,1,0,1,0,0,0,0,0,,,,,
27,3701460,医療法人 若葉会 昭和病院,医療法人若葉会昭和病院,1,0,0,1,0,0,0,0,,,,,
27,3701643,医療法人千里厚生会 千里丘中央病院,医療法人　千里厚生会　千里丘中央病院,1,0,0,1,0,0,0,0,,,,,
27,4207491,医療法人和倉会 サンタマリア病院,医療法人和倉会サンタマリア病院,1,0,0,1,0,0,0,0,,,,,
27,4207236,医療法人恵仁会 田中病院,医療法人恵仁会田中病院,2,1,0,2,0,0,1,0,,,,,
27,0903259,医療法人庸愛会 富田町病院,医療法人庸愛会富田町病院,1,0,0,1,0,0,0,0,,,,,
27,3701072,摂津ひかり病院,摂津ひかり病院,1,0,1,0,0,0,0,0,,,,,
27,4207806,医療法人京優会 谷川記念病院,医療法人京優会谷川記念病院,1,1,0,1,0,0,0,1,,,,,
27,4207822,社会医療法人東和会 東和会いばらき病院,社会医療法人東和会　東和会いばらき病院,1,0,0,1,0,0,0,0,,,,,
27,0903788,医療法人祥佑会 藤田胃腸科病院,医療法人祥佑会藤田胃腸科病院,1,0,1,0,0,0,0,0,,,,,
27,0905296,医療法人健栄会 三康病院,医療法人健栄会三康病院,1,0,0,1,0,0,0,0,,,,,
27,2406970,関西医科大学附属病院,関西医科大学附属病院,9,4,5,2,1,1,3,0,,,46496.0,19538.0,VERIFIED_NUMERIC
27,9600039,独立行政法人 地域医療機能推進機構 星ヶ丘医療センター,独立行政法人地域医療機能推進機構星ヶ丘医療センター,2,2,2,0,0,1,1,0,,,,,
27,1901120,社会医療法人若弘会 わかくさ竜間リハビリテーション病院,社会医療法人若弘会わかくさ竜間リハビリテーション病院,1,0,0,1,0,0,0,0,,,,,
27,2401435,社会福祉法人 枚方療育園,社会福祉法人枚方療育園,1,0,1,0,0,0,0,0,,,,,
27,3200703,関西医科大学総合医療センター,学校法人関西医科大学関西医科大学総合医療センター,5,2,5,0,0,1,1,0,,,23539.0,9291.0,VERIFIED_NUMERIC
27,2406319,医療法人大寿会 大寿会病院,医療法人大寿会大寿会病院,1,0,0,1,0,0,0,0,,,,,
27,2408174,市立ひらかた病院,市立ひらかた病院,3,2,2,1,0,1,1,0,,,,,
27,3202600,パナソニック健康保険組合 松下記念病院,パナソニック健康保険組合松下記念病院,3,2,2,0,0,1,1,0,,,,,
27,9600054,国家公務員共済組合連合会 枚方公済病院,国家公務員共済組合連合会枚方公済病院,1,1,1,0,0,0,1,0,,,,,
27,2602099,医療法人孟仁会 摂南総合病院,医療法人孟仁会摂南総合病院,1,1,1,0,0,1,0,0,,,,,
27,5701377,社会医療法人 信愛会 畷生会脳神経外科病院,社会医療法人信愛会畷生会脳神経外科病院,1,2,1,0,0,1,1,0,,,,,
27,1902102,医療法人 徳洲会 野崎徳洲会病院,医療法人徳洲会野崎徳洲会病院,2,2,2,0,0,1,1,0,,,,,
27,3601835,社会医療法人信愛会 交野病院,社会医療法人信愛会交野病院,1,1,1,0,0,1,0,0,,,,,
27,2407945,社会医療法人みどり会 中村病院,社会医療法人みどり会中村病院,2,1,1,1,0,0,1,0,,,,,
27,3204341,社会医療法人弘道会 守口生野記念病院,社会医療法人弘道会守口生野記念病院,2,1,2,0,0,0,1,0,,,,,
27,0305653,関西医科大学香里病院,関西医科大学香里病院,1,1,1,0,0,0,1,0,,,,,
27,0302395,医療法人協仁会 小松病院,医療法人協仁会小松病院,1,1,1,0,0,0,1,0,,,,,
27,0304029,社会医療法人山弘会 上山病院,社会医療法人山弘会上山病院,2,1,1,1,0,0,0,1,,,,,
27,3204192,社会医療法人彩樹 守口敬仁会病院,社会医療法人彩樹守口敬仁会病院,1,1,1,0,0,0,1,0,,,,,
27,2408828,医療法人御殿山 福田総合病院,医療法人御殿山福田総合病院,1,1,0,1,0,0,1,0,,,,,
27,2408604,医療法人（社団）有恵会 香里ヶ丘有恵会病院,医療法人（社団）有恵会 香里ヶ丘有恵会病院,1,1,1,0,0,0,1,0,,,,,
27,0304946,医療法人河北会 河北病院,医療法人河北会河北病院,1,0,0,1,0,0,0,0,,,,,
27,2409156,医療法人北辰会 天の川病院,医療法人北辰会天の川病院,1,1,1,0,0,0,1,0,,,,,
27,3205116,医療法人愛泉会 愛泉会病院,医療法人愛泉会愛泉会病院,1,0,0,1,0,0,0,0,,,,,
27,0300449,医療法人一祐会 藤本病院,医療法人一祐会藤本病院,1,1,0,1,0,0,0,1,,,,,
27,2603923,社会医療法人蒼生会 蒼生病院,社会医療法人蒼生会蒼生病院,1,1,0,1,0,0,1,0,,,,,
27,3205363,医療法人清水会 もりぐち清水会病院,医療法人清水会　もりぐち清水会病院,1,1,0,1,0,0,1,0,,,,,
27,1901740,医療法人仁泉会 仁泉会病院,医療法人仁泉会仁泉会病院,1,1,1,0,0,0,1,0,,,,,
27,2603444,社会医療法人弘道会 萱島生野病院,社会医療法人弘道会萱島生野病院,1,1,1,0,0,0,1,0,,,,,
27,2406244,社会医療法人美杉会 佐藤病院,社会医療法人美杉会佐藤病院,2,1,1,1,0,1,0,0,,,,,
27,2407093,医療法人 愛和会 新世病院,医療法人愛和会新世病院,1,1,0,1,0,0,1,0,,,,,
27,1901146,医療法人藤井会 大東中央病院,医療法人藤井会大東中央病院,1,1,1,0,0,0,1,0,,,,,
27,0305315,医療法人大慶会 星光病院,医療法人大慶会星光病院,1,1,1,0,0,0,1,0,,,,,
27,0305885,社会医療法人 弘道会 寝屋川生野病院,社会医療法人弘道会寝屋川生野病院,1,1,1,0,0,0,1,0,,,,,
27,2401682,東香里病院,東香里病院,1,1,0,1,0,0,1,0,,,,,
27,2603303,牧リハビリテーション病院,社会医療法人 ONE FLAG牧リハビリテーション病院,1,0,0,1,0,0,0,0,,,,,
27,2408497,関西医科大学くずは病院,関西医科大学くずは病院,1,1,0,1,0,0,1,0,,,,,
27,1900353,医療法人仁泉会 阪奈病院,医療法人仁泉会阪奈病院,1,1,0,1,0,0,0,1,,,,,
27,2409586,医療法人りんどう会 向山病院,医療法人りんどう会向山病院,1,1,0,1,0,0,1,0,,,,,
27,0305430,医療法人全心会 寝屋川ひかり病院,医療法人全心会寝屋川ひかり病院,1,1,1,0,0,0,0,1,,,,,
27,0303161,医療法人毅峰会 青樹会病院,医療法人毅峰会青樹会病院,1,0,0,1,0,0,0,0,,,,,
27,0305661,松島病院,松島病院,1,0,0,1,0,0,0,0,,,,,
27,2407713,医療法人讃高会 枚方東整形外科病院,医療法人讃高会　枚方東整形外科病院,1,1,0,1,0,0,0,1,,,,,
27,0306461,医療法人道仁会 道仁病院,医療法人道仁会道仁病院,1,0,0,1,0,0,0,0,,,,,
27,0302650,医療法人和敬会 寝屋川南病院,医療法人和敬会寝屋川南病院,1,0,0,0,1,0,0,0,,,,,
27,3601140,医療法人和敬会 星田南病院,医療法人和敬会星田南病院,1,0,1,0,0,0,0,0,,,,,
27,2406327,医療法人中屋覚志会 津田病院,医療法人中屋覚志会　津田病院,1,0,0,0,1,0,0,0,,,,,
27,2407523,医療法人毅峰会 吉田病院,医療法人毅峰会吉田病院,1,0,0,1,0,0,0,0,,,,,
27,2603774,医療法人正幸会 正幸会病院,医療法人正幸会正幸会病院,1,0,0,1,0,0,0,0,,,,,
27,2405295,医療法人 昭征会 坂野病院,医療法人昭征会坂野病院,1,0,0,1,0,0,0,0,,,,,
27,5701526,医療法人 藤井会 北河内藤井病院,医療法人藤井会北河内藤井病院,1,0,1,0,0,0,0,0,,,,,
27,2404959,医療法人松徳会 松谷病院,医療法人松徳会松谷病院,1,0,0,1,0,0,0,0,,,,,
27,5013617,地方独立行政法人 市立東大阪医療センター,市立東大阪医療センター,3,2,3,0,0,2,0,0,,,,,
27,5506396,医療法人徳洲会 八尾徳洲会総合病院,医療法人徳洲会八尾徳洲会総合病院,4,3,2,2,0,1,2,0,,,27127.0,8617.0,VERIFIED_NUMERIC
27,9801686,八尾市立病院,八尾市立病院,3,2,3,0,0,1,1,0,,,,,
27,5005613,河内総合病院,医療法人河内友紘会河内総合病院,1,1,1,0,0,0,1,0,,,,,
27,5005787,医療法人藤井会 石切生喜病院,医療法人藤井会 石切生喜病院,3,2,3,0,0,1,1,0,,,,,
27,5504573,社会医療法人医真会 医真会八尾総合病院,医真会八尾総合病院,1,1,1,0,0,0,1,0,,,,,
27,5005571,社会医療法人若弘会 若草第一病院,社会医療法人若弘会若草第一病院,1,2,1,0,0,1,1,0,,,,,
27,4600018,市立柏原病院,市立柏原病院,1,1,1,0,0,0,1,0,,,,,
27,5011959,医療法人孟仁会 東大阪山路病院,医療法人孟仁会東大阪山路病院,1,1,1,0,0,0,1,0,,,,,
27,5501652,医療法人 貴島会 貴島病院本院,医療法人貴島会貴島病院本院,1,1,1,0,0,0,1,0,,,,,
27,5009292,医療法人藤井会 枚岡病院,医療法人藤井会　枚岡病院,1,0,0,1,0,0,0,0,,,,,
27,5009128,医療法人宝持会 池田病院,医療法人宝持会池田病院,1,1,1,0,0,0,1,0,,,,,
27,5001661,医療法人仁風会 牧野病院,医療法人仁風会牧野病院,1,1,0,1,0,0,0,1,,,,,
27,5004194,医療法人清和会 ながはら病院,医療法人清和会ながはら病院,1,0,0,1,0,0,0,0,,,,,
27,5504730,医療法人貴医会 貴島中央病院,医療法人貴医会貴島中央病院,1,1,1,0,0,0,0,1,,,,,
27,5011843,医療法人寿山会 喜馬病院,医療法人寿山会喜馬病院,1,1,0,1,0,0,1,0,,,,,
27,5505604,医療法人はぁとふる 八尾はぁとふる病院,八尾はぁとふる病院,1,0,0,0,1,0,0,0,,,,,
27,5007809,医療法人康生会 弥刀中央病院,医療法人康生会弥刀中央病院,1,0,0,1,0,0,0,0,,,,,
27,5012783,医療法人徳洲会 東大阪徳洲会病院,医療法人徳洲会東大阪徳洲会病院,1,0,0,1,0,0,0,0,,,,,
27,5005753,医療福祉生活協同組合おおさか 東大阪生協病院,医療福祉生活協同組合おおさか 東大阪生協病院,1,1,1,0,0,0,1,0,,,,,
27,5003675,医療法人社団丸山会 八戸の里病院,医療法人社団丸山会八戸の里病院,1,1,0,1,0,0,1,0,,,,,
27,5506313,医療法人桜希会 東朋八尾病院,医療法人桜希会東朋八尾病院,1,1,1,0,0,0,1,0,,,,,
27,5003956,医療法人 渡辺会 渡辺病院,医療法人渡辺会渡辺病院,1,0,0,1,0,0,0,0,,,,,
27,5507428,医真会八尾リハビリテーション病院,医真会八尾リハビリテーション病院,1,0,1,0,0,0,0,0,,,,,
27,9801512,大阪府立中河内救命救急センター,大阪府立中河内救命救急センター,1,1,1,0,0,0,1,0,,,,,
27,9900025,独立行政法人国立病院機構 大阪南医療センター,独立行政法人国立病院機構大阪南医療センター,3,2,3,0,0,1,1,0,,,,,
27,4801442,社会医療法人 垣谷会 明治橋病院,社会医療法人垣谷会明治橋病院,1,1,1,0,0,1,0,0,,,,,
27,4902034,医療法人 宝生会 ＰＬ病院,医療法人宝生会ＰＬ病院,2,2,2,0,0,1,1,0,,,,,
27,3802094,地方独立行政法人 大阪府立病院機構 大阪はびきの医療センター,地方独立行政法人大阪府立病院機構大阪はびきの医療センター,2,2,2,0,0,1,1,0,,,,,
27,9300838,医療法人恒昭会 青葉丘病院,医療法人恒昭会青葉丘病院,1,1,1,0,0,0,1,0,,,,,
27,4902497,社会福祉法人恩賜財団大阪府済生会 富田林病院,社会福祉法人恩賜財団大阪府済生会富田林病院,2,1,2,0,0,0,1,0,,,,,
27,3802102,医療法人春秋会 城山病院,医療法人春秋会城山病院,2,2,2,0,0,1,1,0,,,,,
27,0700721,医療法人弘生会 老寿やすらぎ病院,老寿やすらぎ病院,1,0,0,1,0,0,0,0,,,,,
27,4802226,阪南中央病院,阪南中央病院,1,1,1,0,0,0,1,0,,,,,
27,9300432,医療法人樫本会 樫本病院,医療法人樫本会樫本病院,1,1,1,0,0,0,1,0,,,,,
27,4801913,医療法人徳洲会 松原徳洲会病院,医療法人徳洲会松原徳洲会病院,2,1,2,0,0,1,0,0,,,,,
27,3801393,医療法人 颯仁会 しらとり病院,医療法人颯仁会しらとり病院,1,1,1,0,0,0,1,0,,,,,
27,3801054,医療法人昌円会 高村病院,医療法人昌円会高村病院,1,1,1,0,0,0,0,1,,,,,
27,0701513,医療法人生登会 寺元記念病院,医療法人生登会　寺元記念病院,1,1,1,0,0,0,1,0,,,,,
27,3801583,医療法人 愛幸会 天仁病院,医療法人愛幸会天仁病院,1,0,0,1,0,0,0,0,,,,,
27,9300523,社会医療法人さくら会 さくら会病院,社会医療法人さくら会さくら会病院,1,1,0,1,0,0,1,0,,,,,
27,3402119,医療法人ラポール会 青山病院,医療法人ラポール会青山病院,1,0,1,0,0,0,0,0,,,,,
27,0702529,医療法人敬任会 南河内おか病院,医療法人敬任会南河内おか病院,1,1,1,0,0,0,1,0,,,,,
27,0700606,医療法人博我会 滝谷病院,医療法人博我会滝谷病院,1,0,0,1,0,0,0,0,,,,,
27,3800965,運動器ケア しまだ病院,運動器ケア しまだ病院,1,2,1,0,0,1,1,0,,,,,
27,4802051,医療法人邦英会 寺下病院,医療法人邦英会寺下病院,1,0,0,1,0,0,0,0,,,,,
27,0701141,医療法人孝仁会 澤田病院,医療法人　孝仁会　澤田病院,1,0,0,1,0,0,0,0,,,,,
27,4900988,医療法人正清会 金剛病院,医療法人正清会金剛病院,1,0,0,0,1,0,0,0,,,,,
27,4900483,一般財団法人成研会 結のぞみ病院,一般財団法人成研会結のぞみ病院,1,1,0,1,0,0,0,1,,,,,
27,3402648,医療法人ラポール会 青山脳神経外科病院,医療法人ラポール会青山脳神経外科病院,1,2,1,0,0,1,1,0,,,,,
27,4900855,富田林田中病院,富田林田中病院,1,0,0,1,0,0,0,0,,,,,
27,0120912,医療法人 錦秀会 阪和第一泉北病院,医療法人錦秀会阪和第一泉北病院,1,0,0,1,0,0,0,0,,,,,
27,0108313,医療法人錦秀会 阪和第二泉北病院,医療法人錦秀会阪和第二泉北病院,2,2,0,2,0,0,2,0,,,,,
27,0103462,独立行政法人労働者健康安全機構 大阪労災病院,独立行政法人労働者健康安全機構大阪労災病院,4,3,3,1,0,1,2,0,,,29128.0,10871.0,VERIFIED_NUMERIC
27,6300583,堺市立総合医療センター,堺市立総合医療センター,4,2,3,1,0,0,2,0,,,34587.0,10869.0,VERIFIED_NUMERIC
27,6100314,ベルランド総合病院,ベルランド総合病院,4,3,3,1,0,2,1,0,,,30090.0,11605.0,VERIFIED_NUMERIC
27,6000613,耳原総合病院,耳原総合病院,2,1,2,0,0,0,1,0,,,,,
27,6000662,社会医療法人清恵会 清恵会病院,清恵会病院,2,2,2,0,0,1,1,0,,,,,
27,9900116,独立行政法人国立病院機構 近畿中央呼吸器センター,独立行政法人国立病院機構近畿中央呼吸器センター,2,1,2,0,0,0,1,0,,,,,
27,6400482,社会医療法人啓仁会 堺咲花病院,社会医療法人啓仁会堺咲花病院,2,1,2,0,0,0,1,0,,,,,
27,0118783,社会医療法人ペガサス 馬場記念病院,社会医療法人ペガサス馬場記念病院,2,2,2,0,0,0,2,0,,,,,
27,0116795,医療法人恒進會 泉北陣内病院,医療法人恒進會泉北陣内病院,2,1,2,0,0,0,1,0,,,,,
27,0121647,医療法人以和貴会 北条病院,医療法人以和貴会 北条病院,1,0,0,1,0,0,0,0,,,,,
27,0101896,公益財団法人 浅香山病院,公益財団法人浅香山病院,2,1,2,0,0,0,1,0,,,,,
27,0109758,社会医療法人頌徳会 日野病院,社会医療法人頌徳会日野病院,1,1,1,0,0,0,1,0,,,,,
27,6500703,医療法人紀和会 正風病院,医療法人紀和会正風病院,1,1,0,1,0,0,1,0,,,,,
27,6300385,ベルピアノ病院,ベルピアノ病院,1,0,0,1,0,0,0,0,,,,,
27,6500596,堺若葉会病院,堺若葉会病院,1,1,0,1,0,0,1,0,,,,,
27,0123379,医療法人暁美会 田中病院,医療法人暁美会田中病院,1,1,1,0,0,0,1,0,,,,,
27,0100153,医療法人杏林会 金岡病院,医療法人杏林会金岡病院,1,0,0,1,0,0,0,0,,,,,
27,6100207,南堺病院,南堺病院,1,1,1,0,0,0,1,0,,,,,
27,0118403,医療法人いずみ会 阪堺病院,医療法人いずみ会阪堺病院,1,1,1,0,0,0,1,0,,,,,
27,0119971,医療法人方佑会 植木病院,医療法人方佑会植木病院,1,0,1,0,0,0,0,0,,,,,
27,6100330,医療法人邦徳会 邦和病院,医療法人 邦徳会 邦和病院,1,1,1,0,0,0,1,0,,,,,
27,0107380,医療法人朝日会 朝日会病院,医療法人朝日会朝日会病院,1,0,0,1,0,0,0,0,,,,,
27,0116811,医療法人藤田好生会 堺フジタ病院,医療法人藤田好生会堺フジタ病院,1,1,0,1,0,0,0,1,,,,,
27,0100187,医療法人慈友会 堺山口病院,医療法人慈友会堺山口病院,1,0,0,1,0,0,0,0,,,,,
27,6000407,堺市立重症心身障害者（児）支援センター,堺市立重症心身障害者（児）支援センター,1,0,0,1,0,0,0,0,,,,,
27,6500141,タマダ病院,タマダ病院,1,0,0,0,1,0,0,0,,,,,
27,0121548,医療法人淳康会 堺近森病院,医療法人淳康会堺近森病院,1,0,0,1,0,0,0,0,,,,,
27,0120532,医療法人良秀会 泉北藤井病院,医療法人良秀会泉北藤井病院,1,1,0,1,0,0,1,0,,,,,
27,6300369,医療法人 達瑛会 鳳胃腸病院,医療法人達瑛会鳳胃腸病院,1,0,0,1,0,0,0,0,,,,,
27,0105020,医療法人大泉会 大仙病院,医療法人大泉会大仙病院,1,0,0,1,0,0,0,0,,,,,
27,6100512,堺平成病院,医療法人恵泉会堺平成病院,1,1,1,0,0,0,1,0,,,,,
27,9801421,市立岸和田市民病院,市立岸和田市民病院,3,2,2,1,0,1,1,0,,,,,
27,1103826,医療法人宝山会 小南記念病院,医療法人宝山会小南記念病院,1,0,0,1,0,0,0,0,,,,,
27,1103008,医療法人良秀会 藤井病院,医療法人良秀会藤井病院,1,1,1,0,0,0,1,0,,,,,
27,1101143,医療法人聖志会 渡辺病院,医療法人聖志会渡辺病院,1,0,0,1,0,0,0,0,,,,,
27,1104048,医療法人徳洲会 岸和田徳洲会病院,医療法人徳洲会岸和田徳洲会病院,4,2,3,1,0,1,1,0,,,46274.0,11153.0,VERIFIED_NUMERIC
27,1102521,医療法人 阪南会 天の川病院,医療法人阪南会天の川病院,1,0,0,1,0,0,0,0,,,,,
27,1103750,医療法人 晋救館 和田病院,医療法人晋救館和田病院,1,0,0,1,0,0,0,0,,,,,
27,1105532,医療法人えいしん会 岸和田リハビリテーション病院,医療法人えいしん会岸和田リハビリテーション病院,1,0,0,1,0,0,0,0,,,,,
27,1103560,医療法人吉栄会 吉川病院,医療法人吉栄会吉川病院,1,0,0,1,0,0,0,0,,,,,
27,1100640,社会福祉法人寺田萬寿会 寺田萬寿病院,社会福祉法人　寺田萬寿会　寺田萬寿病院,1,1,0,1,0,0,0,1,,,,,
27,1105284,一般財団法人岸和田農友協会 岸和田平成病院,一般財団法人岸和田農友協会岸和田平成病院,1,0,0,1,0,0,0,0,,,,,
27,0600624,泉大津市立周産期小児医療センター,泉大津市立周産期小児医療センター,1,1,1,0,0,0,1,0,,,,,
27,0600954,医療法人泉秀会 かわい病院,医療法人泉秀会かわい病院,1,1,0,0,0,0,0,1,,,,,
27,0600244,医療法人吉川會 吉川病院,医療法人吉川會吉川病院,1,0,0,1,0,0,0,0,,,,,
27,0601291,医療法人穂仁会 原病院,医療法人穂仁会原病院,1,0,0,1,0,0,0,0,,,,,
27,9800233,市立貝塚病院,市立貝塚病院,1,1,1,0,0,1,0,0,,,,,
27,1302030,医療法人徳洲会 貝塚記念病院,医療法人徳洲会　貝塚記念病院,1,0,0,1,0,0,0,0,,,,,
27,1301065,社会医療法人慈薫会 河崎病院,社会医療法人慈薫会河崎病院,1,1,1,0,0,0,1,0,,,,,
27,4502438,りんくう総合医療センター,りんくう総合医療センター,4,2,3,0,1,1,1,0,,,22395.0,7987.0,VERIFIED_NUMERIC
27,4502958,医療法人徳洲会 東佐野病院,医療法人徳洲会東佐野病院,1,0,0,1,0,0,0,0,,,,,
27,4502131,医療法人良秀会 泉南藤井病院,医療法人良秀会泉南藤井病院,1,0,0,1,0,0,0,0,,,,,
27,4502263,医療法人桂信会 羽原病院,医療法人桂信会羽原病院,1,0,0,1,0,0,0,0,,,,,
27,4501729,医療法人 青松記念病院,医療法人青松記念病院,1,0,1,0,0,0,0,0,,,,,
27,4502370,佐野記念病院,社会医療法人栄公会佐野記念病院,1,1,0,1,0,0,1,0,,,,,
27,4500978,医療法人康生会 泉佐野優人会病院,医療法人康生会泉佐野優人会病院,1,0,0,1,0,0,0,0,,,,,
27,0501368,医療法人琴仁会 光生病院,医療法人琴仁会光生病院,1,0,0,1,0,0,0,0,,,,,
27,0502879,地方独立行政法人 大阪府立病院機構 大阪母子医療センター,地方独立行政法人大阪府立病院機構大阪母子医療センター,3,2,3,0,0,1,1,0,,,,,
27,0503612,和泉市立総合医療センター,和泉市立総合医療センター,3,2,2,1,0,1,1,0,,,,,
27,0501848,社会医療法人啓仁会 咲花病院,社会医療法人啓仁会咲花病院,1,1,1,0,0,0,1,0,,,,,
27,0503927,医療法人新仁会 新仁会病院,医療法人新仁会新仁会病院,1,0,0,1,0,0,0,0,,,,,
27,0502820,医療法人守田会 いぶきの病院,医療法人守田会いぶきの病院,1,1,1,0,0,0,1,0,,,,,
27,0503992,府中病院,府中病院,1,1,1,0,0,1,0,0,,,,,
27,0500527,医療法人和泉会 和泉丘病院,医療法人和泉会和泉丘病院,1,0,0,0,0,0,0,0,,,,,
27,5301848,医療法人良秀会 高石藤井病院,医療法人良秀会高石藤井病院,1,1,1,0,0,0,1,0,,,,,
27,5301566,医療法人 医進会 高石加茂病院,医療法人医進会高石加茂病院,1,0,1,0,0,0,0,0,,,,,
27,5601171,医療法人 功徳会泉南 泉南大阪晴愛病院,医療法人功徳会泉南泉南大阪晴愛病院,1,1,0,1,0,0,1,0,,,,,
27,5601296,医療法人晴心会 野上病院,医療法人晴心会野上病院,1,1,1,0,0,0,1,0,,,,,
27,5600827,医療法人白卯会 白井病院,医療法人白卯会白井病院,1,1,0,1,0,0,1,0,,,,,
27,5601502,和泉南病院,和泉南病院,1,0,0,1,0,0,0,0,,,,,
27,5601478,医療法人 功徳会 大阪晴愛病院,医療法人功徳会大阪晴愛病院,1,0,0,1,0,0,0,0,,,,,
27,9500585,医療法人交詢医会 大阪リハビリテーション病院,医療法人交詢医会大阪リハビリテーション病院,1,0,0,1,0,0,0,0,,,,,
27,9801223,社会医療法人生長会 阪南市民病院,社会医療法人生長会阪南市民病院,1,1,1,0,0,0,1,0,,,,,
27,9500064,医療法人泉南玉井会 玉井病院,玉井病院,1,1,0,1,0,0,1,0,,,,,
27,5401051,医療法人穂仁会 聖祐病院,医療法人穂仁会聖祐病院,1,0,0,1,0,0,0,0,,,,,
27,1200945,社会医療法人三和会 永山病院,永山病院,1,1,0,1,0,0,1,0,,,,,
27,1201513,医療法人誠人会 与田病院,医療法人誠人会与田病院,1,0,0,1,0,0,0,0,,,,,
27,4502883,りんくう永山病院,りんくう永山病院,1,0,0,1,0,0,0,0,,,,,
27,2304126,医療法人相愛会 相原第二病院,医療法人相愛会相原第二病院,1,0,1,0,0,0,0,0,,,,,
27,2306360,大阪公立大学医学部附属病院,大阪公立大学医学部附属病院,5,4,5,0,0,4,0,0,,,40933.0,18910.0,VERIFIED_NUMERIC
27,2306089,医療法人恵登久会 越川病院,医療法人恵登久会越川病院,1,1,0,1,0,0,0,1,,,,,
27,2305776,大阪鉄道病院,西日本旅客鉄道株式会社大阪鉄道病院,2,1,2,0,0,0,1,0,,,,,
27,3102545,社会医療法人真美会 大阪旭こども病院,社会医療法人真美会大阪旭こども病院,1,0,1,0,0,0,0,0,,,,,
27,3104251,牧病院,社会医療法人ONE FLAG牧病院,1,1,1,0,0,0,1,0,,,,,
27,3103717,医療法人松仁会 明徳病院,医療法人松仁会明徳病院,1,0,0,1,0,0,0,0,,,,,
27,3102776,医療法人永寿会 福島病院,医療法人永寿会福島病院,1,1,1,0,0,0,0,1,,,,,
27,3102701,医療法人藤仁会 藤立病院,医療法人藤仁会藤立病院,1,1,0,1,0,0,0,1,,,,,
27,9600179,独立行政法人 地域医療機能推進機構 大阪みなと中央病院,独立行政法人地域医療機能推進機構大阪みなと中央病院,1,1,1,0,0,0,1,0,,,,,
27,0402278,多根第二病院,多根第二病院,1,0,0,1,0,0,0,0,,,,,
27,2802459,社会福祉法人大阪暁明館 大阪暁明館病院,社会福祉法人大阪暁明館大阪暁明館病院,1,1,1,0,0,0,1,0,,,,,
27,2801816,医療法人義方会 大津病院,医療法人義方会大津病院,1,0,0,0,1,0,0,0,,,,,
27,2007448,越宗整形外科病院,越宗整形外科病院,2,0,1,1,0,0,0,0,,,,,
27,2005764,医療法人守田会 オりオノ病院,医療法人守田会オりオノ病院,1,0,0,1,0,0,0,0,,,,,
27,2006440,医療法人慈心会 あびこ病院,医療法人慈心会あびこ病院,1,1,0,1,0,0,0,1,,,,,
27,2007752,医療法人 錦秀会 阪和記念病院,医療法人錦秀会阪和記念病院,2,2,2,0,0,1,1,0,,,,,
27,2006622,地方独立行政法人大阪府立病院機構 大阪急性期・総合医療センター,地方独立行政法人大阪府立病院機構大阪急性期・総合医療センター,7,4,6,1,0,1,3,0,,,37366.0,17685.0,VERIFIED_NUMERIC
27,5902504,社会医療法人景岳会 南大阪病院,社会医療法人景岳会南大阪病院,1,1,1,0,0,1,0,0,,,,,
27,5905960,医療法人慈心会 咲洲病院,医療法人慈心会咲洲病院,1,0,0,1,0,0,0,0,,,,,
27,5905598,医療法人讃和会 友愛会病院,医療法人讃和会友愛会病院,1,2,1,0,0,0,2,0,,,,,
27,5905051,社会医療法人三宝会 南港病院,社会医療法人三宝会南港病院,1,0,0,1,0,0,0,0,,,,,
27,4405004,医療法人誠真会 関目病院,医療法人誠真会関目病院,1,1,0,1,0,0,0,1,,,,,
27,4406671,おおさかグローバル整形外科病院,社会医療法人 ONE FLAG　おおさかグローバル整形外科病院,1,1,1,0,0,1,0,0,,,,,
27,4403546,社会福祉法人大阪福祉事業財団 すみれ病院,社会福祉法人大阪福祉事業財団すみれ病院,1,0,1,0,0,0,0,0,,,,,
27,4406135,社会福祉法人恩賜財団 大阪府済生会野江病院,社会福祉法人恩賜財団大阪府済生会野江病院,2,2,2,0,0,1,1,0,,,,,
27,4405723,社会医療法人大道会 森之宮病院,社会医療法人大道会森之宮病院,1,1,1,0,0,1,0,0,,,,,
27,4407240,東大阪病院,東大阪病院,1,1,1,0,0,0,1,0,,,,,
27,4402746,医療法人有光会 サトウ病院,医療法人有光会サトウ病院,1,1,0,1,0,0,0,1,,,,,
27,4403678,社会医療法人大道会 ボバース記念病院,社会医療法人大道会ボバース記念病院,1,0,0,1,0,0,0,0,,,,,
27,2204235,医療法人同友会 共和病院,医療法人同友会共和病院,1,1,1,0,0,0,1,0,,,,,
27,2205406,医療法人アエバ会 アエバ外科病院,医療法人アエバ会アエバ外科病院,1,1,0,1,0,0,1,0,,,,,
27,2205802,医療法人 吉栄会 吉栄会病院,医療法人吉栄会吉栄会病院,1,0,0,1,0,0,0,0,,,,,
27,2204011,医療法人同仁会 松崎病院,医療法人同仁会松崎病院,1,1,1,0,0,0,0,1,,,,,
27,2205687,医療法人相生会 相生病院,医療法人相生会相生病院,1,0,1,0,0,0,0,0,,,,,
27,2204565,医療法人朝日会 朝日生野病院,医療法人朝日会朝日生野病院,1,0,0,1,0,0,0,0,,,,,
27,2207006,医療法人社団日翔会 生野愛和病院,医療法人社団日翔会生野愛和病院,1,0,0,1,0,0,0,0,,,,,
27,2204516,医療法人育和会 育和会記念病院,医療法人育和会育和会記念病院,1,1,1,0,0,1,0,0,,,,,
27,2207352,医療法人邦和会 生野病院,医療法人邦和会　生野病院,1,0,0,0,1,0,0,0,,,,,
27,2206651,医療法人 のぞみ会 新大阪病院,医療法人のぞみ会　新大阪病院,1,0,0,1,0,0,0,0,,,,,
27,2205679,医療法人穂翔会 村田病院,医療法人穂翔会村田病院,1,1,1,0,0,1,0,0,,,,,
27,1800017,特定医療法人仁生会 内藤病院,医療法人仁生会内藤病院,1,0,0,0,1,0,0,0,,,,,
27,1803201,多根総合病院,多根総合病院,3,3,2,1,0,1,1,1,,,21401.0,5940.0,VERIFIED_NUMERIC
27,1803714,公益財団法人日本生命済生会 日本生命病院,公益財団法人日本生命済生会日本生命病院,3,2,2,1,0,1,1,0,,,,,
27,1802070,社会医療法人寿楽会 大野記念病院,社会医療法人寿楽会大野記念病院,2,1,1,1,0,1,0,0,,,,,
27,1800397,大阪掖済会病院,公益社団法人日本海員掖済会大阪掖済会病院,1,1,1,0,0,0,1,0,,,,,
27,3303325,医療法人弘仁会 まちだ胃腸病院,医療法人弘仁会まちだ胃腸病院,1,0,0,1,0,0,0,0,,,,,
27,3305718,医療法人嘉健会 思温病院,医療法人嘉健会思温病院,1,0,1,0,0,0,0,0,,,,,
27,3305692,医療法人ダイワ会 大和中央病院,医療法人ダイワ会大和中央病院,1,1,1,0,0,0,0,1,,,,,
27,3301543,一般社団法人 津守病院,一般社団法人津守病院,1,0,0,1,0,0,0,0,,,,,
27,3305676,医療法人生樹会 渡辺病院,医療法人生樹会渡辺病院,1,0,0,0,1,0,0,0,,,,,
27,3306500,社会医療法人杏樹会 杏林記念病院,社会医療法人杏樹会杏林記念病院,1,0,0,1,0,0,0,0,,,,,
27,3304158,社会医療法人山紀会 山本第三病院,社会医療法人山紀会山本第三病院,1,1,1,0,0,0,1,0,,,,,
27,3307177,大阪社会医療センター付属病院,大阪社会医療センター付属病院,1,0,1,0,0,0,0,0,,,,,
27,1000022,公益財団法人 大阪労働衛生センター第一病院,公益財団法人大阪労働衛生センター第一病院,1,1,0,1,0,0,0,1,,,,,
27,1002572,医療法人博悠会 名取病院,医療法人博悠会名取病院,1,1,0,1,0,0,1,0,,,,,
27,1003091,医療法人 康和会 苗加病院,医療法人康和会苗加病院,1,0,0,0,0,0,0,0,,,,,
27,1003422,社会医療法人愛仁会 千船病院,社会医療法人愛仁会千船病院,2,2,2,0,0,1,1,0,,,,,
27,1002044,公益財団法人淀川勤労者厚生協会 附属西淀病院,公益財団法人淀川勤労者厚生協会附属西淀病院,1,1,1,0,0,0,1,0,,,,,
27,2700570,医療法人彰療会 大正病院,医療法人彰療会大正病院,1,1,0,1,0,0,1,0,,,,,
27,9405652,医療法人財団厚生会 高津病院,医療法人財団厚生会高津病院,1,0,0,1,0,0,0,0,,,,,
27,9402444,医療法人脳神経外科 日本橋病院,医療法人脳神経外科日本橋病院,1,1,0,1,0,1,0,0,,,,,
27,9600047,国家公務員共済組合連合会 大手前病院,国家公務員共済組合連合会大手前病院,2,2,2,0,0,0,2,0,,,,,
27,9409506,地方独立行政法人大阪府立病院機構 大阪国際がんセンター,地方独立行政法人大阪府立病院機構大阪国際がんセンター,6,3,5,1,0,2,1,0,,,27879.0,9263.0,VERIFIED_NUMERIC
27,9900017,独立行政法人国立病院機構 大阪医療センター,独立行政法人国立病院機構大阪医療センター,5,2,3,2,0,1,1,0,,,19922.0,8905.0,VERIFIED_NUMERIC
27,9205094,医療法人恵彰会 三和病院,医療法人恵彰会三和病院,1,0,0,1,0,0,0,0,,,,,
27,9203263,医療法人仁和会 和田病院,医療法人仁和会和田病院,1,0,0,1,0,0,0,0,,,,,
27,9203529,医療法人正和会 新協和病院,医療法人正和会新協和病院,1,0,0,1,0,0,0,0,,,,,
27,9204394,医療福祉生活協同組合おおさか コープおおさか病院,医療福祉生活協同組合おおさか　コープおおさか病院,1,0,1,0,0,0,0,0,,,,,
27,9202877,社会医療法人盛和会 本田病院,社会医療法人盛和会本田病院,1,1,1,0,0,0,0,1,,,,,
27,9204766,医療法人津樹会 城東病院,医療法人津樹会城東病院,1,0,1,0,0,0,0,0,,,,,
27,9204824,藍の都脳神経外科病院,社会医療法人ささき会藍の都脳神経外科病院,1,2,1,0,0,1,1,0,,,,,
27,1703229,医療法人歓喜会 辻外科リハビリテーション病院,医療法人歓喜会辻外科リハビリテーション病院,2,1,0,1,0,0,0,1,,,,,
27,1700035,社会福祉法人四天王寺福祉事業団 四天王寺病院,社会福祉法人四天王寺福祉事業団四天王寺病院,1,1,1,0,0,1,0,0,,,,,
27,1701702,医療法人社団 湯川胃腸病院,医療法人社団湯川胃腸病院,1,0,0,1,0,0,0,0,,,,,
27,1704342,医療法人 早石会 早石病院,早石病院,1,1,1,0,0,0,0,1,,,,,
27,1700753,大阪赤十字病院,大阪赤十字病院,6,3,5,1,0,2,1,0,,,41204.0,15244.0,VERIFIED_NUMERIC
27,5201766,医療法人新明会 神原病院,医療法人新明会神原病院,1,0,1,0,0,0,0,0,,,,,
27,5202772,医療法人尽生会 聖和病院,医療法人尽生会聖和病院,1,1,0,1,0,0,0,1,,,,,
27,5202483,医療法人桜希会 東朋病院,医療法人桜希会東朋病院,1,0,0,1,0,0,0,0,,,,,
27,5201576,医療法人京昭会 ツヂ病院,医療法人京昭会ツヂ病院,1,0,0,1,0,0,0,0,,,,,
27,5204364,大阪市立総合医療センター,大阪市立総合医療センター,5,3,4,1,0,2,1,0,,,37631.0,12430.0,VERIFIED_NUMERIC
27,5201774,社会医療法人明生会 明生病院,社会医療法人明生会明生病院,1,0,1,0,0,0,0,0,,,,,
27,5202012,医療法人正和会 協和病院,医療法人正和会協和病院,1,1,0,1,0,0,1,0,,,,,
27,5203812,医療法人正正会 分野病院,医療法人正正会分野病院,1,0,0,1,0,0,0,0,,,,,
27,0807799,淀井病院,医療法人淀井病院,1,0,0,1,0,0,0,0,,,,,
27,0805702,医療法人仁真会 白鷺病院,医療法人仁真会白鷺病院,1,0,1,0,0,0,0,0,,,,,
27,0805363,社会福祉法人愛徳福祉会 南大阪小児リハビリテーション病院,社会福祉法人愛徳福祉会南大阪小児リハビリテーション病院,1,0,0,1,0,0,0,0,,,,,
27,0807708,医療法人橘会 東住吉森本病院,医療法人橘会東住吉森本病院,2,2,2,0,0,1,1,0,,,,,
27,0808326,東和病院,東和病院,1,0,1,0,0,0,0,0,,,,,
27,0806924,医療法人西中医学会 西中病院,医療法人西中医学会西中病院,1,1,0,0,1,0,0,1,,,,,
27,1501649,医療法人風早会 外科野﨑病院,医療法人 風早会 外科野﨑病院,1,1,1,0,0,0,0,1,,,,,
27,1502506,医療法人野中会 東成病院,医療法人野中会東成病院,1,0,0,1,0,0,0,0,,,,,
27,1504874,公道会病院,公道会病院,1,0,0,1,0,0,0,0,,,,,
27,1502050,医療法人中本会 中本病院,医療法人中本会中本病院,1,0,0,1,0,0,0,0,,,,,
27,1504288,矢木脳神経外科病院,医療法人弘善会矢木脳神経外科病院,1,2,1,0,0,1,1,0,,,,,
27,1504726,社会医療法人 明生会 明生第二病院,社会医療法人明生会明生第二病院,1,0,0,1,0,0,0,0,,,,,
27,3007421,宗教法人 在日本南プレスビテリアンミッション 淀川キリスト教病院,宗教法人在日本南プレスビテリアンミッション淀川キリスト教病院,4,3,3,1,0,1,2,0,,,25124.0,12785.0,VERIFIED_NUMERIC
27,3007405,医療法人 若葉会 淀川若葉会病院,医療法人若葉会淀川若葉会病院,1,0,0,1,0,0,0,0,,,,,
27,3007603,医療法人成仁会 成仁会病院,医療法人成仁会成仁会病院,1,0,1,0,0,0,0,0,,,,,
27,0204005,えびえ記念病院,医療法人社団美咲会　えびえ記念病院,1,1,0,1,0,0,1,0,,,,,
27,0200995,医療法人藤田会 フジタ病院,医療法人藤田会フジタ病院,1,0,0,0,0,0,0,0,,,,,
27,0201381,関西電力病院,関西電力株式会社関西電力病院,3,2,2,0,0,1,1,0,,,,,
27,0203890,医療法人啓信会 大阪整形外科病院,医療法人啓信会大阪整形外科病院,1,1,1,0,0,1,0,0,,,,,
27,9600021,独立行政法人地域医療機能推進機構 大阪病院,独立行政法人地域医療機能推進機構大阪病院,2,2,2,0,0,1,1,0,,,,,
27,5808131,医療法人五月会 平野若葉会病院,医療法人五月会平野若葉会病院,1,1,0,1,0,0,1,0,,,,,
27,5809808,医療法人徳洲会 正和病院,医療法人徳洲会正和病院,1,0,0,1,0,0,0,0,,,,,
27,5807505,医療法人松仁会 松井記念病院,医療法人松仁会松井記念病院,1,0,0,1,0,0,0,0,,,,,
27,5808065,医療法人豊旺会 共立病院,医療法人豊旺会共立病院,1,0,0,1,0,0,0,0,,,,,
27,5805103,社会医療法人 緑風会 緑風会病院,社会医療法人緑風会 緑風会病院,1,1,1,0,0,0,1,0,,,,,
27,5808529,医療法人高遼会 高遼会病院,医療法人高遼会高遼会病院,1,1,0,1,0,0,1,0,,,,,
27,9600070,社会福祉法人恩賜財団済生会支部 大阪府済生会中津病院,社会福祉法人恩賜財団済生会支部大阪府済生会中津病院,2,3,2,0,0,1,2,0,,,,,
27,4107774,公益財団法人田附興風会 医学研究所北野病院,公益財団法人田附興風会医学研究所北野病院,3,5,3,0,0,1,4,0,,,33089.0,18493.0,VERIFIED_NUMERIC
27,4107535,一般財団法人 住友病院,一般財団法人住友病院,6,3,3,3,0,1,2,0,,,28184.0,7375.0,VERIFIED_NUMERIC
27,4104854,社会医療法人協和会 加納総合病院,社会医療法人協和会加納総合病院,1,2,1,0,0,1,1,0,,,,,
27,4112055,医療法人伯鳳会 大阪中央病院,医療法人伯鳳会大阪中央病院,1,1,1,0,0,0,1,0,,,,,
27,4102734,社会医療法人行岡医学研究会 行岡病院,社会医療法人行岡医学研究会行岡病院,1,1,1,0,0,0,1,0,,,,,
27,9107662,大阪回生病院,大阪回生病院,1,1,1,0,0,1,0,0,,,,,
27,9107217,東淀川病院,東淀川病院,1,1,0,1,0,0,0,1,,,,,
27,9105252,社会医療法人協和会 北大阪病院,社会医療法人協和会北大阪病院,1,1,1,0,0,0,1,0,,,,,
27,9107779,貴生病院,貴生病院,1,0,1,0,0,0,0,0,,,,,
27,9109171,革島病院,革島病院,1,0,0,1,0,0,0,0,,,,,
27,9102853,北大阪医療生活協同組合 十三病院,北大阪医療生活協同組合十三病院,1,0,0,1,0,0,0,0,,,,,
27,9108413,大阪市立十三市民病院,大阪市立十三市民病院,1,1,1,0,0,0,1,0,,,,,
27,4302599,なにわ病院,なにわ病院,1,0,0,1,0,0,0,0,,,,,
27,4303134,社会医療法人弘道会 なにわ生野病院,社会医療法人弘道会なにわ生野病院,2,1,1,1,0,1,0,0,,,,,
27,4302631,社会福祉法人 石井記念愛染園附属愛染橋病院,社会福祉法人石井記念愛染園附属愛染橋病院,1,1,1,0,0,0,1,0,,,,,
27,4301864,社会医療法人寿会 富永病院,社会医療法人寿会富永病院,2,4,2,0,0,3,1,0,,,8439.0,27954.0,VERIFIED_NUMERIC
27,3402937,医療法人ラポール会 青山藤ヶ丘病院,医療法人ラポール会青山藤ヶ丘病院,1,0,1,0,0,0,0,0,,,,,
27,3007793,淀川平成病院,淀川平成病院,1,0,0,1,0,0,0,0,,,,,
27,0306479,一般財団法人大阪府結核予防会 大阪複十字病院,一般財団法人大阪府結核予防会大阪複十字病院,1,1,1,0,0,0,1,0,,,,,
27,3307201,医療法人愛壽会 愛壽記念病院,医療法人愛壽会　愛壽記念病院,1,0,0,1,0,0,0,0,,,,,
27,4113145,社会福祉法人恩賜財団済生会支部大阪府済生会 大阪北リハビリテーション病院,社会福祉法人恩賜財団済生会支部大阪府済生会大阪北リハビリテーション病院,1,0,0,1,0,0,0,0,,,,,
27,4113400,医療法人医誠会 医誠会国際総合病院,医療法人医誠会医誠会国際総合病院,7,4,5,0,0,3,1,0,,,21816.0,6133.0,VERIFIED_NUMERIC
27,4113715,医療法人渡辺医学会 桜橋渡辺未来医療病院,医療法人渡辺医学会桜橋渡辺未来医療病院,2,1,2,0,0,1,0,0,,,,,
27,0602182,泉大津急性期メディカルセンター,泉大津急性期メディカルセンター,3,2,2,1,0,2,0,0,,,,,
28,3305022,医療法人せいふう会 阪神リハビリテーション病院,医療法人せいふう会 阪神リハビリテーション病院,1,0,0,1,0,0,0,0,,,,,
28,2204820,フェニックス加古川記念病院,フェニックス加古川記念病院,1,1,0,1,0,0,0,1,,,,,
28,5003724,恒生かのこ病院,恒生かのこ病院,1,0,0,1,0,0,0,0,,,,,
28,1601455,聖隷淡路病院,聖隷淡路病院,1,1,1,0,0,0,1,0,,,,,
28,1601125,社会医療法人社団 順心会 順心淡路病院,社会医療法人社団順心会 順心淡路病院,1,1,1,0,0,0,1,0,,,,,
28,1601158,東浦平成病院,東浦平成病院,1,0,0,1,0,0,0,0,,,,,
28,1700919,中林病院,中林病院,1,1,1,0,0,0,1,0,,,,,
28,1700729,平成病院,平成病院,1,0,0,1,0,0,0,0,,,,,
28,1701024,南淡路病院,南淡路病院,1,0,0,1,0,0,0,0,,,,,
28,1701248,翠鳳第一病院,翠鳳第一病院,1,1,0,1,0,0,1,0,,,,,
28,1700927,八木病院,八木病院,1,1,0,1,0,0,1,0,,,,,
28,1500921,洲本伊月病院,洲本伊月病院,1,1,1,0,0,0,1,0,,,,,
28,1501358,兵庫県立淡路医療センター,兵庫県立淡路医療センター,3,2,2,1,0,1,1,0,,,,,
28,1301833,兵庫県立丹波医療センター,兵庫県立丹波医療センター,2,2,2,0,0,1,1,0,,,,,
28,1300983,医療法人敬愛会 大塚病院,医療法人敬愛会 大塚病院,1,1,1,0,0,0,1,0,,,,,
28,1401047,医療法人社団みどり会にしき記念病院,医療法人社団みどり会 にしき記念病院,1,1,0,1,0,0,1,0,,,,,
28,1400718,岡本病院,岡本病院,1,1,1,0,0,0,1,0,,,,,
28,4700262,医療法人杏風会 浜坂七釜温泉病院,医療法人杏風会浜坂七釜温泉病院,1,0,0,1,0,0,0,0,,,,,
28,4700700,公立浜坂病院,公立浜坂病院,1,0,1,0,0,0,0,0,,,,,
28,4700668,公立香住病院,公立香住病院,1,0,0,1,0,0,0,0,,,,,
28,4700510,公立村岡病院,公立村岡病院,1,0,1,0,0,0,0,0,,,,,
28,4900987,公立豊岡病院組合立朝来医療センター,公立豊岡病院組合立朝来医療センター,1,0,1,0,0,0,0,0,,,,,
28,4800013,公立八鹿病院,公立八鹿病院,2,2,2,0,0,0,2,0,,,,,
28,4600322,公立豊岡病院組合立豊岡病院出石医療センター,公立豊岡病院組合立豊岡病院出石医療センター,1,0,1,0,0,0,0,0,,,,,
28,4400939,公立豊岡病院組合立豊岡病院,公立豊岡病院組合立豊岡病院,3,2,2,1,0,1,1,0,,,,,
28,3700339,医療法人聖医会 佐用中央病院,医療法人聖医会 佐用中央病院,1,1,0,1,0,0,1,0,,,,,
28,3700305,医療法人社団一葉会 佐用共立病院,医療法人社団一葉会佐用共立病院,1,1,1,0,0,0,1,0,,,,,
28,4101255,医療法人三宅会 太子病院,医療法人三宅会太子病院,1,1,0,1,0,0,0,1,,,,,
28,3600802,栗原病院,医療法人社団栗原会 栗原病院,1,0,0,1,0,0,0,0,,,,,
28,3600786,龍野中央病院,龍野中央病院,1,1,1,0,0,0,0,1,,,,,
28,4101073,兵庫県立粒子線医療センター,兵庫県立粒子線医療センター,3,1,0,3,0,0,1,0,,,,,
28,3601180,医療法人社団仁德会 とくなが病院,医療法人社団仁德会　とくなが病院,1,0,0,1,0,0,0,0,,,,,
28,3601149,たつの市民病院,たつの市民病院,1,1,1,0,0,0,0,1,,,,,
28,3600968,兵庫県立リハビリテーション西播磨病院,兵庫県立リハビリテーション西播磨病院,1,1,0,1,0,0,1,0,,,,,
28,3801020,公立 宍粟総合病院,公立宍粟総合病院,1,1,1,0,0,0,1,0,,,,,
28,4300618,医療法人伯鳳会 赤穂中央病院,医療法人伯鳳会 赤穂中央病院,1,1,0,1,0,0,1,0,,,,,
28,4300956,赤穂市民病院,赤穂市民病院,2,1,2,0,0,0,1,0,,,,,
28,4200776,医療法人社団天馬会 半田中央病院,医療法人社団天馬会 半田中央病院,1,1,1,0,0,0,0,1,,,,,
28,4200875,ＩＨＩ播磨病院,ＩＨＩ播磨病院,1,1,1,0,0,0,1,0,,,,,
28,4200297,相生市民病院,相生市民病院,1,0,1,0,0,0,0,0,,,,,
28,4200784,魚橋病院,魚橋病院,1,1,1,0,0,0,1,0,,,,,
28,3401060,公立神崎総合病院,公立神崎総合病院,1,1,1,0,0,0,1,0,,,,,
28,4020935,山田病院,山田病院,1,0,0,1,0,0,0,0,,,,,
28,4009037,姫路赤十字病院,姫路赤十字病院,3,3,3,0,0,3,0,0,,,23845.0,9394.0,VERIFIED_NUMERIC
28,4009698,医療法人社団普門会 姫路田中病院,医療法人社団普門会 姫路田中病院,1,1,0,1,0,0,0,1,,,,,
28,4005225,医療法人ひまわり会八家病院,医療法人ひまわり会八家病院,1,1,1,0,0,0,0,1,,,,,
28,4004921,医療法人仁寿会石川病院,医療法人仁寿会石川病院,1,2,0,1,0,1,1,0,,,,,
28,4004012,医療法人公仁会姫路中央病院,医療法人公仁会姫路中央病院,1,2,1,0,0,0,2,0,,,,,
28,4020067,國富胃腸病院,國富胃腸病院,1,0,0,1,0,0,0,0,,,,,
28,4007650,井野病院,井野病院,1,1,1,0,0,0,1,0,,,,,
28,4021438,神野病院,神野病院,1,1,0,1,0,0,1,0,,,,,
28,4008187,医療法人社団綱島会 厚生病院,医療法人社団綱島会 厚生病院,1,0,1,0,0,0,0,0,,,,,
28,4002776,姫路聖マリア病院,姫路聖マリア病院,2,2,2,0,0,1,1,0,,,,,
28,4005795,姫路医療生活協同組合共立病院,姫路医療生活協同組合共立病院,1,0,1,0,0,0,0,0,,,,,
28,4009334,社会医療法人三栄会ツカザキ病院,社会医療法人三栄会 ツカザキ病院,3,2,3,0,0,1,1,0,,,,,
28,4005563,社会医療法人 松藤会 入江病院,社会医療法人松藤会 入江病院,1,1,1,0,0,0,1,0,,,,,
28,4007304,姫路愛和病院,社会医療法人芙翔会 姫路愛和病院,1,1,0,1,0,0,1,0,,,,,
28,4009078,医療法人社団みどりの会酒井病院,医療法人社団みどりの会 酒井病院,1,1,0,1,0,0,1,0,,,,,
28,4004665,医療法人松浦会松浦病院,医療法人松浦会松浦病院,1,0,0,0,1,0,0,0,,,,,
28,4009615,中谷病院,中谷病院,1,0,1,0,0,0,0,0,,,,,
28,4005555,医療法人財団清良会書写病院,医療法人財団清良会書写病院,1,0,0,1,0,0,0,0,,,,,
28,4021313,医療法人社団光風会長久病院,医療法人社団光風会長久病院,1,1,0,1,0,0,1,0,,,,,
28,4008740,石橋内科広畑センチュリー病院,石橋内科広畑センチュリー病院,1,0,0,1,0,0,0,0,,,,,
28,4004269,医療法人松浦会 姫路第一病院,医療法人松浦会姫路第一病院,1,1,1,0,0,0,1,0,,,,,
28,4005241,城陽江尻病院,城陽江尻病院,1,1,0,1,0,0,1,0,,,,,
28,2700264,多可赤十字病院,多可赤十字病院,1,0,1,0,0,0,0,0,,,,,
28,2500722,加東市民病院,加東市民病院,1,1,1,0,0,0,1,0,,,,,
28,2500649,松原メイフラワー病院,松原メイフラワー病院,1,1,0,1,0,0,0,1,,,,,
28,2600456,市立加西病院,市立加西病院,1,1,1,0,0,0,1,0,,,,,
28,2600951,医療福祉センターきずな,医療福祉センターきずな,1,0,0,1,0,0,0,0,,,,,
28,2601116,医療法人紀陽会 北条田仲病院,医療法人紀陽会　北条田仲病院,1,0,0,1,0,0,0,0,,,,,
28,1901053,兵庫あおの病院,独立行政法人国立病院機構 兵庫あおの病院,1,0,0,1,0,0,0,0,,,,,
28,1901020,栄宏会小野病院,栄宏会小野病院,1,0,0,1,0,0,0,0,,,,,
28,1900642,土井リハビリテーション病院,土井リハビリテーション病院,1,0,0,1,0,0,0,0,,,,,
28,1901012,北播磨総合医療センター,北播磨総合医療センター,4,3,2,1,1,3,0,0,,,24774.0,10502.0,VERIFIED_NUMERIC
28,2301477,三木山陽病院,三木山陽病院,1,1,1,0,0,0,1,0,,,,,
28,2301576,吉川病院,吉川病院,1,0,1,0,0,0,0,0,,,,,
28,2301279,ときわ病院,ときわ病院,1,1,1,0,0,0,1,0,,,,,
28,2301493,服部病院,服部病院,1,1,1,0,0,0,1,0,,,,,
28,2301410,みきやまリハビリテーション病院,みきやまリハビリテーション病院,1,0,0,1,0,0,0,0,,,,,
28,2700330,社会医療法人社団 正峰会 大山記念病院,大山記念病院,1,1,1,0,0,1,0,0,,,,,
28,1800883,西脇市立西脇病院,西脇市立西脇病院,2,2,2,0,0,1,1,0,,,,,
28,2800791,医療法人社団仙齢会 はりま病院,医療法人社団仙齢会はりま病院,1,1,0,1,0,0,1,0,,,,,
28,2101653,医療法人徳洲会高砂西部病院,医療法人徳洲会 高砂西部病院,1,1,1,0,0,0,1,0,,,,,
28,2101026,高砂市民病院,高砂市民病院,1,1,1,0,0,0,1,0,,,,,
28,9800083,兵庫県立加古川医療センター,兵庫県立加古川医療センター,5,2,3,1,0,1,1,0,,,11603.0,5036.0,VERIFIED_NUMERIC
28,2200596,共立会病院,共立会病院,1,0,0,1,0,0,0,0,,,,,
28,2202261,社会医療法人社団順心会 順心リハビリテーション病院,社会医療法人社団順心会順心リハビリテーション病院,1,0,0,1,0,0,0,0,,,,,
28,2202246,医療法人社団松本会 松本病院,医療法人社団 松本会 松本病院,1,1,0,1,0,0,1,0,,,,,
28,2204713,加古川磯病院,加古川磯病院,1,0,1,0,0,0,0,0,,,,,
28,2204374,社会医療法人社団 順心会 順心病院,社会医療法人社団 順心会 順心病院,2,2,2,0,0,1,1,0,,,,,
28,2202808,中谷整形外科病院,中谷整形外科病院,1,1,0,1,0,0,0,1,,,,,
28,2204747,加古川中央市民病院,加古川中央市民病院,4,3,4,0,0,2,1,0,,,39376.0,11994.0,VERIFIED_NUMERIC
28,2204366,医療法人社団せいわ会 たずみ病院,医療法人社団せいわ会たずみ病院,1,1,0,1,0,0,1,0,,,,,
28,2006464,明石市立市民病院,地方独立行政法人 明石市立市民病院,2,2,2,0,0,1,1,0,,,,,
28,2005953,医療法人社団 仁恵会 石井病院,医療法人社団仁恵会 石井病院,1,0,1,0,0,0,0,0,,,,,
28,2003776,明石回生病院,明石回生病院,1,1,0,1,0,0,1,0,,,,,
28,2002430,特定医療法人誠仁会 大久保病院,特定医療法人誠仁会 大久保病院,1,1,1,0,0,0,1,0,,,,,
28,2006035,あさひ病院,あさひ病院,1,1,0,1,0,0,0,1,,,,,
28,2006563,医療法人伯鳳会 明石リハビリテーション病院,医療法人伯鳳会 明石リハビリテーション病院,1,0,0,0,0,0,0,0,,,,,
28,2004709,野木病院,野木病院,1,1,0,1,0,0,0,1,,,,,
28,2001317,医療法人公仁会 明石仁十病院,明石仁十病院,1,0,0,1,0,0,0,0,,,,,
28,2003156,兵庫県立がんセンター,兵庫県立がんセンター,5,2,2,3,0,2,0,0,,,22810.0,6905.0,VERIFIED_NUMERIC
28,2002828,医療法人久仁会 明石同仁病院,医療法人久仁会 明石同仁病院,1,0,0,1,0,0,0,0,,,,,
28,2003487,あさぎり病院,あさぎり病院,1,1,0,1,0,0,1,0,,,,,
28,2006167,大西脳神経外科病院,大西脳神経外科病院,2,4,2,0,0,1,3,0,,,9908.0,26480.0,VERIFIED_NUMERIC
28,2003586,医療法人社団弘成会 明海病院,医療法人社団弘成会 明海病院,1,0,0,1,0,0,0,0,,,,,
28,2006415,王子回生病院,王子回生病院,1,1,0,1,0,0,0,1,,,,,
28,2006431,社会医療法人愛仁会 明石医療センター,社会医療法人愛仁会 明石医療センター,2,1,2,0,0,0,1,0,,,,,
28,2003248,医療法人社団せいゆう会 神明病院,医療法人社団せいゆう会 神明病院,1,1,0,1,0,0,1,0,,,,,
28,3200280,医療法人社団衿正会生駒病院,医療法人社団衿正会 生駒病院,1,0,0,1,0,0,0,0,,,,,
28,1200647,医療法人社団尚仁会 平島病院,医療法人社団尚仁会 平島病院,1,0,1,0,0,0,0,0,,,,,
28,1201355,医療法人敬愛会三田高原病院,医療法人敬愛会 三田高原病院,1,0,0,0,1,0,0,0,,,,,
28,1201462,医療法人敬愛会三田温泉病院,医療法人敬愛会 三田温泉病院,1,0,0,0,1,0,0,0,,,,,
28,9900024,独立行政法人国立病院機構兵庫中央病院,独立行政法人国立病院機構兵庫中央病院,1,1,1,0,0,0,1,0,,,,,
28,1201959,さんだリハビリテーション病院,さんだリハビリテーション病院,1,0,0,1,0,0,0,0,,,,,
28,3100977,医療法人協和会 協立記念病院,医療法人協和会 協立記念病院,1,0,1,0,0,0,0,0,,,,,
28,3100993,医療法人晋真会 ベリタス病院,医療法人晋真会 ベリタス病院,1,2,1,0,0,0,2,0,,,,,
28,3102395,医療法人協和会第二協立病院,医療法人協和会 第二協立病院,1,0,0,1,0,0,0,0,,,,,
28,3101140,正愛病院,正愛病院,1,0,0,1,0,0,0,0,,,,,
28,3102791,自衛隊阪神病院,自衛隊阪神病院,1,1,1,0,0,0,0,1,,,,,
28,1100599,医療法人回生会 宝塚病院,医療法人回生会宝塚病院,1,1,1,0,0,0,1,0,,,,,
28,1105069,宝塚磯病院,宝塚磯病院,1,0,1,0,0,0,0,0,,,,,
28,1101084,医療法人尚和会 宝塚第一病院,医療法人尚和会 宝塚第一病院,1,1,1,0,0,0,1,0,,,,,
28,1104971,医療法人愛心会 東宝塚さとう病院,東宝塚さとう病院,1,1,1,0,0,0,1,0,,,,,
28,1101779,宝塚市立病院,宝塚市立病院,3,2,2,1,0,1,1,0,,,,,
28,1103254,こだま病院,こだま病院,1,1,1,0,0,0,0,1,,,,,
28,3302086,市立伊丹病院,市立伊丹病院,2,2,1,1,0,1,1,0,,,,,
28,3302920,医療法人社団豊明会 常岡病院,医療法人社団豊明会 常岡病院,1,1,1,0,0,0,0,1,,,,,
28,3303282,みやそう病院,みやそう病院,1,1,0,1,0,0,0,1,,,,,
28,3304587,医療法人せいふう会 伊丹せいふう病院,医療法人せいふう会 伊丹せいふう病院,1,0,0,1,0,0,0,0,,,,,
28,3301211,医療法人水光会伊丹天神川病院,医療法人水光会 伊丹天神川病院,1,0,0,1,0,0,0,0,,,,,
28,3304272,伊丹恒生脳神経外科病院,伊丹恒生脳神経外科病院,1,1,1,0,0,0,1,0,,,,,
28,1000021,市立芦屋病院,市立芦屋病院,1,1,1,0,0,0,1,0,,,,,
28,1002118,医療法人昭圭会南芦屋浜病院,医療法人昭圭会 南芦屋浜病院,1,1,0,1,0,0,1,0,,,,,
28,0908083,笹生病院,笹生病院,2,1,1,1,0,0,1,0,,,,,
28,0904579,兵庫医科大学病院,兵庫医科大学病院,5,4,3,1,0,3,1,0,,,26754.0,12948.0,VERIFIED_NUMERIC
28,0907424,西宮協立脳神経外科病院,西宮協立脳神経外科病院,2,2,2,0,0,1,1,0,,,,,
28,0906491,社会医療法人渡邊高記念会 西宮渡辺病院,社会医療法人渡邊高記念会 西宮渡辺病院,1,1,1,0,0,1,0,0,,,,,
28,0920542,西宮協立リハビリテーション病院,西宮協立リハビリテーション病院,1,0,0,1,0,0,0,0,,,,,
28,0921870,社会医療法人渡邊高記念会西宮渡辺心臓脳・血管センター,社会医療法人渡邊高記念会 西宮渡辺心臓脳・血管センター,2,2,2,0,0,1,1,0,,,,,
28,0923157,医療法人敬愛会 西宮敬愛会病院,医療法人敬愛会 西宮敬愛会病院,1,0,0,1,0,0,0,0,,,,,
28,0906467,医療法人社団アガペ会 アガペ甲山病院,医療法人社団アガペ会 アガペ甲山病院,1,1,0,1,0,0,1,0,,,,,
28,0900619,医療法人喜望会 谷向病院,谷向病院,1,0,1,0,0,0,0,0,,,,,
28,0902441,医療法人芳恵会 三好病院,三好病院,1,1,1,0,0,0,1,0,,,,,
28,0909560,医療法人協和会 協和マリナホスピタル,医療法人協和会 協和マリナホスピタル,1,0,1,0,0,0,0,0,,,,,
28,0900189,医療法人信和会 明和病院,明和病院,1,1,1,0,0,0,1,0,,,,,
28,0903720,西宮すなご医療福祉センター,西宮すなご医療福祉センター,1,0,0,1,0,0,0,0,,,,,
28,0908489,高田上谷病院,高田上谷病院,1,1,1,0,0,0,1,0,,,,,
28,0906616,医療法人社団緑水会 北摂中央病院,医療法人社団緑水会 北摂中央病院,1,0,0,1,0,0,0,0,,,,,
28,0909396,医療法人社団西宮回生病院,医療法人社団西宮回生病院,1,1,0,1,0,0,1,0,,,,,
28,0922308,布谷整形外科病院,布谷整形外科病院,1,0,0,1,0,0,0,0,,,,,
28,3026263,はくほう会セントラル病院,はくほう会セントラル病院,1,1,1,0,0,0,1,0,,,,,
28,3007651,医療法人純徳会田中病院,医療法人純徳会 田中病院,1,0,0,1,0,0,0,0,,,,,
28,3023526,医療法人社団斐庵会 わしだ病院,医療法人社団斐庵会わしだ病院,1,0,0,0,1,0,0,0,,,,,
28,3024474,池田病院,池田病院,1,0,0,1,0,0,0,0,,,,,
28,3007644,医療法人緑清会樋口胃腸病院,医療法人緑清会樋口胃腸病院,1,0,0,1,0,0,0,0,,,,,
28,3026537,社会医療法人愛仁会 尼崎だいもつ病院,社会医療法人愛仁会 尼崎だいもつ病院,1,0,0,1,0,0,0,0,,,,,
28,3003106,医療法人旭会 園田病院,医療法人旭会園田病院,1,0,0,1,0,0,0,0,,,,,
28,3025158,尼崎新都心病院,尼崎新都心病院,1,1,1,0,0,0,1,0,,,,,
28,3024698,尼崎医療生協病院,尼崎医療生協病院,2,1,0,2,0,0,1,0,,,,,
28,3025331,神崎病院,神崎病院,1,0,0,1,0,0,0,0,,,,,
28,3005143,西武庫病院,西武庫病院,1,0,0,1,0,0,0,0,,,,,
28,3005135,中馬病院,中馬病院,1,0,0,1,0,0,0,0,,,,,
28,3022338,合志病院,合志病院,1,1,1,0,0,0,1,0,,,,,
28,3002728,医療法人尼崎厚生会立花病院,医療法人尼崎厚生会 立花病院,1,0,0,1,0,0,0,0,,,,,
28,3022494,近藤病院,医療法人（社団）豊繁会 近藤病院,1,1,0,1,0,0,1,0,,,,,
28,3026297,兵庫県立尼崎総合医療センター,兵庫県立尼崎総合医療センター,5,4,4,1,0,2,2,0,,,46092.0,13665.0,VERIFIED_NUMERIC
28,3002702,医療法人岡田病院,医療法人 岡田病院,1,0,0,0,1,0,0,0,,,,,
28,3000193,独立行政法人労働者健康安全機構関西労災病院,独立行政法人労働者健康安全機構関西労災病院,4,3,3,1,0,2,1,0,,,28468.0,10973.0,VERIFIED_NUMERIC
28,5203506,神戸市立西神戸医療センター,神戸市立西神戸医療センター,3,2,3,0,0,2,0,0,,,,,
28,5202631,偕生病院,偕生病院,1,0,0,1,0,0,0,0,,,,,
28,5202441,久野病院,久野病院,1,0,0,0,1,0,0,0,,,,,
28,5203886,さかえ病院,さかえ病院,1,0,0,1,0,0,0,0,,,,,
28,5203050,医療法人社団菫会伊川谷病院,医療法人社団 菫会 伊川谷病院,1,1,0,1,0,0,1,0,,,,,
28,5200049,医療法人博愛会 広野高原病院,広野高原病院,1,0,1,0,0,0,0,0,,,,,
28,5200965,兵庫県立リハビリテーション中央病院,兵庫県立リハビリテーション中央病院,1,1,1,0,0,0,1,0,,,,,
28,5203829,足立病院,足立病院,1,0,0,1,0,0,0,0,,,,,
28,5102849,医療法人 神甲会 隈病院,医療法人神甲会 隈病院,1,0,1,0,0,0,0,0,,,,,
28,5100702,春日野会病院,春日野会病院,1,0,0,1,0,0,0,0,,,,,
28,5109810,神戸博愛病院,医療法人社団 博愛恵秀会　神戸博愛病院,1,0,1,0,0,0,0,0,,,,,
28,9900099,神戸大学医学部附属病院,神戸大学医学部附属病院,7,6,5,1,1,5,1,0,,,50792.0,16464.0,VERIFIED_NUMERIC
28,5107673,西記念ポートアイランドリハビリテーション病院,西記念ポートアイランドリハビリテーション病院,1,1,1,0,0,0,1,0,,,,,
28,5101163,独立行政法人労働者健康安全機構神戸労災病院,独立行政法人労働者健康安全機構神戸労災病院,1,1,1,0,0,1,0,0,,,,,
28,5107418,神戸市立医療センター中央市民病院,神戸市立医療センター中央市民病院,8,5,6,2,0,3,2,0,,,,,FETCH_RETRY
28,5108044,神戸平成病院,神戸平成病院,1,1,0,1,0,0,1,0,,,,,
28,5105198,三聖病院,三聖病院,1,0,0,1,0,0,0,0,,,,,
28,5107657,神戸低侵襲がん医療センター,神戸低侵襲がん医療センター,2,1,2,0,0,0,1,0,,,,,
28,5106048,兵庫県災害医療センター,兵庫県災害医療センター,2,0,1,1,0,0,0,0,,,,,
28,5105040,神鋼記念病院,神鋼記念病院,2,2,2,0,0,1,1,0,,,,,
28,5107517,一般財団法人神戸マリナーズ厚生会 ポートアイランド病院,一般財団法人 神戸マリナーズ厚生会 ポートアイランド病院,2,1,2,0,0,0,1,0,,,,,
28,5108218,兵庫県立こども病院,兵庫県立こども病院,2,2,2,0,0,1,1,0,,,,,
28,5109687,医療法人社団 勲章会 原泌尿器科病院,医療法人社団勲章会　原泌尿器科病院,1,0,1,0,0,0,0,0,,,,,
28,5107251,神戸マリナーズ厚生会病院,神戸マリナーズ厚生会病院,1,1,1,0,0,0,1,0,,,,,
28,5106055,神戸赤十字病院,神戸赤十字病院,2,2,2,0,0,0,2,0,,,,,
28,5002965,真星病院,真星病院,1,0,1,0,0,0,0,0,,,,,
28,5001538,済生会 兵庫県病院,済生会兵庫県病院,2,1,2,0,0,1,0,0,,,,,
28,5000498,医療法人甲風会 有馬温泉病院,医療法人甲風会有馬温泉病院,1,0,0,1,0,0,0,0,,,,,
28,5000589,神戸アドベンチスト病院,神戸アドベンチスト病院,1,1,1,0,0,0,1,0,,,,,
28,5001207,独立行政法人地域医療機能推進機構 神戸中央病院,独立行政法人地域医療機能推進機構 神戸中央病院,2,2,2,0,0,1,1,0,,,,,
28,5002437,神戸医療福祉センターにこにこハウス,神戸医療福祉センターにこにこハウス,1,0,1,0,0,0,0,0,,,,,
28,5000357,ありまこうげんホスピタル,ありまこうげんホスピタル,1,0,0,1,0,0,0,0,,,,,
28,5001306,神戸リハビリテーション病院,神戸リハビリテーション病院,1,1,0,1,0,0,1,0,,,,,
28,5003559,春日病院,春日病院,1,0,0,1,0,0,0,0,,,,,
28,5003245,医療法人社団甲北会 甲北病院,甲北病院,1,0,0,1,0,0,0,0,,,,,
28,5003500,神戸ほくと病院,神戸ほくと病院,1,0,0,1,0,0,0,0,,,,,
28,5002213,医療法人社団顕修会 顕修会すずらん病院,医療法人社団顕修会 顕修会すずらん病院,1,1,1,0,0,0,1,0,,,,,
28,5003021,恒生病院,恒生病院,1,2,1,0,0,1,1,0,,,,,
28,0804308,医療法人社団菫会名谷病院,医療法人社団菫会 名谷病院,1,1,1,0,0,0,1,0,,,,,
28,0804241,神戸掖済会病院,神戸掖済会病院,2,2,2,0,0,1,1,0,,,,,
28,0802104,医療法人薫風会 佐野病院,医療法人薫風会佐野病院,1,1,0,1,0,0,1,0,,,,,
28,0802757,医療法人徳洲会 神戸徳洲会病院,医療法人　徳洲会　神戸徳洲会病院,1,1,1,0,0,0,1,0,,,,,
28,0800934,舞子台病院,舞子台病院,1,0,0,1,0,0,0,0,,,,,
28,0700860,医療法人一高会 野村海浜病院,医療法人一高会 野村海浜病院,1,0,1,0,0,0,0,0,,,,,
28,0703989,新須磨リハビリテーション病院,新須磨リハビリテーション病院,1,0,0,1,0,0,0,0,,,,,
28,9900107,独立行政法人国立病院機構神戸医療センター,独立行政法人国立病院機構神戸医療センター,2,1,2,0,0,0,1,0,,,,,
28,0704383,須磨浦病院,須磨浦病院,1,0,0,0,1,0,0,0,,,,,
28,0703203,医療法人社団菫会北須磨病院,医療法人社団菫会 北須磨病院,1,1,1,0,0,0,1,0,,,,,
28,0704441,新須磨病院,新須磨病院,1,2,1,0,0,2,0,0,,,,,
28,0606471,神戸朝日病院,医療法人社団　秀英会　神戸朝日病院,1,1,1,0,0,0,1,0,,,,,
28,0603643,神戸医療生活協同組合 神戸協同病院,神戸医療生活協同組合神戸協同病院,1,1,0,1,0,0,1,0,,,,,
28,0606133,神戸市立医療センター西市民病院,神戸市立医療センター西市民病院,2,1,2,0,0,0,1,0,,,,,
28,0606315,医療法人社団 十善会 野瀬病院,医療法人社団十善会 野瀬病院,1,1,1,0,0,0,0,1,,,,,
28,0602272,医療法人楠和会 公文病院,公文病院,1,0,0,1,0,0,0,0,,,,,
28,0606380,丸山病院,医療法人社団丸山病院,1,0,0,1,0,0,0,0,,,,,
28,0505830,社会医療法人榮昌会 吉田病院,社会医療法人榮昌会 吉田病院,1,2,1,0,0,0,2,0,,,,,
28,0505632,井上病院,井上病院,1,0,0,1,0,0,0,0,,,,,
28,0504163,医療法人仁風会 小原病院,医療法人仁風会小原病院,1,0,0,1,0,0,0,0,,,,,
28,0507067,社会医療法人社団正峰会 神戸大山病院,社会医療法人社団 正峰会 神戸大山病院,1,1,1,0,0,0,1,0,,,,,
28,0500120,三菱神戸病院,三菱神戸病院,1,1,1,0,0,1,0,0,,,,,
28,0506762,神戸百年記念病院,神戸百年記念病院,1,1,1,0,0,0,1,0,,,,,
28,0500401,医療法人 川崎病院,医療法人　川崎病院,1,1,1,0,0,0,1,0,,,,,
28,0203659,医療法人財団 神戸海星病院,神戸海星病院,1,1,1,0,0,0,1,0,,,,,
28,0205068,中井病院,中井病院,1,0,0,1,0,0,0,0,,,,,
28,0206322,吉田アーデント病院,吉田アーデント病院,1,1,0,1,0,0,1,0,,,,,
28,0201406,医療法人愛和会 金沢病院,医療法人愛和会 金沢病院,1,0,1,0,0,0,0,0,,,,,
28,0206348,六甲病院,六甲病院,1,1,1,0,0,0,1,0,,,,,
28,0205274,田所病院,田所病院,1,0,0,1,0,0,0,0,,,,,
28,0203329,医療法人 昭生病院,医療法人昭生病院,1,0,0,1,0,0,0,0,,,,,
28,0203121,医療法人康雄会 西病院,医療法人康雄会 西病院,1,0,0,1,0,0,0,0,,,,,
28,0102687,医療法人社団五仁会 住吉川病院,医療法人社団五仁会 住吉川病院,1,0,1,0,0,0,0,0,,,,,
28,0103867,公益財団法人甲南会 六甲アイランド甲南病院,公益財団法人 甲南会 六甲アイランド甲南病院,1,1,1,0,0,0,1,0,,,,,
28,0102554,東神戸病院,東神戸病院,1,1,1,0,0,0,1,0,,,,,
28,0101069,公益財団法人 甲南会 甲南医療センター,公益財団法人甲南会 甲南医療センター,2,2,2,0,0,1,1,0,,,,,
28,0102703,医療法人明倫会 宮地病院,医療法人明倫会宮地病院,1,1,0,1,0,0,0,1,,,,,
28,0106373,医療法人明倫会 本山リハビリテーション病院,医療法人 明倫会 本山リハビリテーション病院,1,0,0,0,1,0,0,0,,,,,
28,3027071,医療法人社団兼誠会つかぐち病院,医療法人社団兼誠会 つかぐち病院,1,0,1,0,0,0,0,0,,,,,
28,0805792,社会医療法人社団順心会 順心神戸病院,社会医療法人社団順心会 順心神戸病院,1,1,0,1,0,0,1,0,,,,,
28,5109273,神戸医療福祉センターひだまり,神戸医療福祉センターひだまり,1,0,0,1,0,0,0,0,,,,,
28,4022311,医療法人五葉会 城南病院,医療法人五葉会城南病院,1,0,0,1,0,0,0,0,,,,,
28,4022402,兵庫県立はりま姫路総合医療センター,兵庫県立はりま姫路総合医療センター,7,4,4,2,0,2,2,0,,,20412.0,12344.0,VERIFIED_NUMERIC
28,0107405,社会福祉法人平成記念会 サポートハウス ココロネ住吉,社会福祉法人平成記念会　サポートハウス　ココロネ住吉,1,0,0,1,0,0,0,0,,,,,
28,3103484,川西市立総合医療センター,川西市立総合医療センター,2,2,2,0,0,1,1,0,,,,,
28,4022535,社会医療法人三栄会 三栄会広畑病院,社会医療法人三栄会三栄会広畑病院,1,1,1,0,0,0,1,0,,,,,
28,0606562,医療法人一輝会 荻原記念病院,医療法人一輝会　荻原記念病院,1,0,0,1,0,0,0,0,,,,,
28,3103518,医療法人せいふう会 川西リハビリテーション病院,医療法人せいふう会 川西リハビリテーション病院,1,0,0,1,0,0,0,0,,,,,
28,2205272,はくほう会加古川病院,はくほう会加古川病院,1,1,1,0,0,0,1,0,,,,,
28,2007983,江井島病院,江井島病院,1,0,0,1,0,0,0,0,,,,,
28,0926481,めいわリハビリテーション病院,めいわリハビリテーション病院,1,0,0,1,0,0,0,0,,,,,
28,3028285,医療法人朗源会 おおくま病院,医療法人朗源会おおくま病院,1,1,0,1,0,0,0,1,,,,,
29,0102017,社会福祉法人恩賜財団済生会奈良病院,社会福祉法人恩賜財団済生会奈良病院,1,1,1,0,0,0,1,0,,,,,
29,0110630,奈良西部病院,奈良西部病院,1,1,0,1,0,0,1,0,,,,,
29,0101183,社会福祉法人 東大寺福祉事業団 東大寺福祉療育病院,東大寺福祉療育病院,1,0,0,1,0,0,0,0,,,,,
29,0101811,医療法人新仁会奈良春日病院,医療法人新仁会 奈良春日病院,1,0,1,0,0,0,0,0,,,,,
29,0101225,一般財団法人沢井病院,一般財団法人沢井病院,1,1,0,1,0,0,1,0,,,,,
29,0111216,医療法人せいわ会 登美ヶ丘リハビリテーション病院,医療法人せいわ会　登美ヶ丘リハビリテーション病院,1,0,0,1,0,0,0,0,,,,,
29,9901278,独立行政法人国立病院機構奈良医療センター,独立行政法人国立病院機構奈良医療センター,2,1,2,0,0,0,1,0,,,,,
29,0102983,社会医療法人健生会 おかたに病院,社会医療法人健生会おかたに病院,1,0,0,1,0,0,0,0,,,,,
29,0110416,医療法人宝山会 奈良小南病院,医療法人宝山会 奈良小南病院,1,0,0,1,0,0,0,0,,,,,
29,0102876,奈良東九条病院,奈良東九条病院,1,0,0,1,0,0,0,0,,,,,
29,0111646,医療法人せいわ会 ならまちリハビリテーション病院,ならまちリハビリテーション病院,1,0,0,1,0,0,0,0,,,,,
29,0111539,奈良県総合医療センター,奈良県総合医療センター,6,3,4,2,0,2,1,0,,,25032.0,13222.0,VERIFIED_NUMERIC
29,0101829,医療法人新生会総合病院高の原中央病院,医療法人新生会総合病院 高の原中央病院,2,1,2,0,0,1,0,0,,,,,
29,0101936,医療法人康仁会西の京病院,医療法人康仁会 西の京病院,2,2,2,0,0,0,2,0,,,,,
29,0111240,奈良セントラル病院,奈良セントラル病院,1,0,0,1,0,0,0,0,,,,,
29,0111125,社会医療法人松本快生会 西奈良中央病院,社会医療法人松本快生会西奈良中央病院,1,1,1,0,0,1,0,0,,,,,
29,0101209,医療法人博愛会松倉病院（社団）,博愛会松倉病院,1,0,0,1,0,0,0,0,,,,,
29,0110309,市立奈良病院,市立奈良病院,4,2,3,1,0,1,1,0,,,18194.0,6367.0,VERIFIED_NUMERIC
29,0901145,社会医療法人高清会 高井病院,社会医療法人高清会 高井病院,5,3,4,1,0,1,2,0,,,18578.0,8471.0,VERIFIED_NUMERIC
29,0901087,公益財団法人 天理よろづ相談所病院,公益財団法人天理よろづ相談所病院,6,3,5,0,0,2,1,0,,,41159.0,12301.0,VERIFIED_NUMERIC
29,0901186,医療法人健和会奈良東病院,医療法人健和会 奈良東病院,1,0,0,1,0,0,0,0,,,,,
29,0401138,医療法人社団岡田会山の辺病院,医療法人社團岡田会山の辺病院,1,1,1,0,0,0,0,1,,,,,
29,0401062,社会福祉法人恩賜財団済生会中和病院,社会福祉法人恩賜財団済生会中和病院,2,2,2,0,0,1,1,0,,,,,
29,2001076,医療法人拓誠会辻村病院,医療法人拓誠会 辻村病院,1,0,0,1,0,0,0,0,,,,,
29,2001084,宇陀市立病院,宇陀市立病院,1,1,1,0,0,0,1,0,,,,,
29,0701172,奈良県総合リハビリテーションセンター,奈良県総合リハビリテーションセンター,1,1,0,1,0,0,1,0,,,,,
29,0701057,国保中央病院,国保中央病院,2,1,1,0,1,0,1,0,,,,,
29,0201181,医療法人厚生会奈良厚生会病院,医療法人厚生会 奈良厚生会病院,1,0,0,1,0,0,0,0,,,,,
29,0201207,医療法人青心会郡山青藍病院,医療法人青心会 郡山青藍病院,1,1,1,0,0,0,1,0,,,,,
29,0201322,医療法人藤和会藤村病院,医療法人藤和会 藤村病院,1,0,0,1,0,0,0,0,,,,,
29,0201058,社会医療法人 田北会 田北病院,社会医療法人田北会田北病院,2,2,1,0,0,1,1,0,,,,,
29,0201066,独立行政法人地域医療機能推進機構 大和郡山病院,独立行政法人地域医療機能推進機構 大和郡山病院,1,1,1,0,0,1,0,0,,,,,
29,9901021,独立行政法人国立病院機構やまと精神医療センター,独立行政法人国立病院機構やまと精神医療センター,1,1,0,1,0,0,1,0,,,,,
29,0301031,医療法人学芳会倉病院,医療法人学芳会倉病院,1,1,1,0,0,0,0,1,,,,,
29,0301619,生駒市立病院,生駒市立病院,2,1,2,0,0,0,1,0,,,,,
29,0301056,医療法人和幸会阪奈中央病院,医療法人和幸会阪奈中央病院,1,1,1,0,0,0,1,0,,,,,
29,0301098,医療法人社団松下会 東生駒病院,医療法人社団松下会 東生駒病院,1,0,0,1,0,0,0,0,,,,,
29,0301296,近畿大学奈良病院,近畿大学奈良病院,3,2,3,0,0,0,2,0,,,,,
29,0301502,医療法人社団松下会 白庭病院,医療法人社団松下会 白庭病院,1,1,1,0,0,1,0,0,,,,,
29,0501374,奈良県西和医療センター,奈良県西和医療センター,2,1,2,0,0,1,0,0,,,,,
29,0501192,一般財団法人 信貴山病院ハートランドしぎさん,一般財団法人 信貴山病院 ハートランドしぎさん,1,1,0,1,0,0,1,0,,,,,
29,1501241,医療法人郁慈会 服部記念病院,服部記念病院,1,1,0,1,0,0,1,0,,,,,
29,1501449,医療法人友紘会 奈良友紘会病院,奈良友紘会病院,1,1,0,1,0,0,1,0,,,,,
29,1501274,医療法人果恵会恵王病院,恵王病院,1,0,1,0,0,0,0,0,,,,,
29,0801121,大和高田市立病院,大和高田市立病院,2,1,2,0,0,1,0,0,,,,,
29,1901169,医療法人興生会吉本整形外科・外科病院,医療法人興生会吉本整形外科・外科病院,1,1,0,1,0,0,1,0,,,,,
29,0801444,医療法人社団憲仁会中井記念病院,医療法人社団憲仁会中井記念病院,1,0,1,0,0,0,0,0,,,,,
29,0801139,社会医療法人健生会土庫病院,社会医療法人健生会土庫病院,2,1,2,0,0,0,1,0,,,,,
29,1201347,医療法人 橿原友紘会 大和橿原病院,医療法人橿原友紘会 大和橿原病院,1,1,1,0,0,0,1,0,,,,,
29,1201800,平成まほろば病院,平成まほろば病院,1,0,1,0,0,0,0,0,,,,,
29,1201818,医療法人一路会錦織病院,医療法人一路会 錦織病院,1,0,1,0,0,0,0,0,,,,,
29,1201370,医療法人 桂会 平尾病院,医療法人桂会 平尾病院,1,1,0,1,0,0,1,0,,,,,
29,1201339,平成記念病院,社会医療法人 平成記念会 平成記念病院,2,2,2,0,0,2,0,0,,,,,
29,9801833,奈良県立医科大学附属病院,奈良県立医科大学附属病院,10,5,8,1,1,4,1,0,,,35322.0,14690.0,VERIFIED_NUMERIC
29,1301071,社会福祉法人恩賜財団済生会御所病院,社会福祉法人恩賜財団済生会御所病院,1,1,1,0,0,0,1,0,,,,,
29,1301089,医療法人鴻池会秋津鴻池病院,医療法人鴻池会秋津鴻池病院,1,0,1,0,0,0,0,0,,,,,
29,1801005,医療法人弘生会関屋病院,医療法人弘生会関屋病院,1,0,0,1,0,0,0,0,,,,,
29,1801336,医療法人藤井会 香芝生喜病院,医療法人藤井会香芝生喜病院,1,1,1,0,0,0,1,0,,,,,
29,1401228,南和広域医療企業団五條病院,南和広域医療企業団五條病院,1,0,0,1,0,0,0,0,,,,,
29,1701692,南和広域医療企業団 吉野病院,南和広域医療企業団吉野病院,1,0,0,1,0,0,0,0,,,,,
29,1701684,南和広域医療企業団 南奈良総合医療センター,南和広域医療企業団南奈良総合医療センター,2,2,2,0,0,1,1,0,,,,,
29,1701643,南和病院,医療法人弘仁会南和病院,1,0,0,1,0,0,0,0,,,,,
30,0113680,医療法人匡慈会 伏虎リハビリテーション病院,医療法人匡慈会伏虎リハビリテーション病院,1,0,0,1,0,0,0,0,,,,,
30,0110587,医療法人裕紫会 中谷病院,医療法人裕紫会中谷病院,1,0,1,0,0,0,0,0,,,,,
30,0110793,医療法人良友会 西和歌山病院,西和歌山病院,1,0,0,1,0,0,0,0,,,,,
30,0110454,瀬藤病院,医療法人弘仁会瀬藤病院,1,0,0,1,0,0,0,0,,,,,
30,0112930,古梅記念病院,古梅記念病院,1,1,0,1,0,0,1,0,,,,,
30,0112054,誠佑記念病院,医療法人誠佑記念病院,1,0,1,0,0,0,0,0,,,,,
30,0110116,医療法人 橋本病院,医療法人 橋本病院,1,1,1,0,0,0,1,0,,,,,
30,0110868,医療法人愛晋会 中江病院,医療法人愛晋会　中江病院,1,1,1,0,0,0,1,0,,,,,
30,0110769,医療法人青松会 河西田村病院,医療法人青松会河西田村病院,1,1,0,1,0,0,1,0,,,,,
30,0110496,医療法人 藤民病院,藤民病院,1,0,0,1,0,0,0,0,,,,,
30,0111049,半羽胃腸病院,半羽胃腸病院,1,0,0,1,0,0,0,0,,,,,
30,0111817,須佐病院,医療法人　須佐病院,1,1,0,1,0,0,1,0,,,,,
30,0111940,高山病院,高山病院,1,0,0,1,0,0,0,0,,,,,
30,8012785,和歌山県立医科大学附属病院,和歌山県立医科大学附属病院,5,3,5,0,0,1,2,0,,,,10968.0,PARTIAL_MRI_ONLY
30,0112963,今村病院,今村病院,1,0,0,1,0,0,0,0,,,,,
30,0110611,角谷整形外科病院,角谷整形外科病院,1,2,0,1,0,1,1,0,,,,,
30,0113011,独立行政法人労働者健康安全機構 和歌山労災病院,独立行政法人労働者健康安全機構和歌山労災病院,2,2,2,0,0,1,1,0,,,,,
30,0113581,医療法人博文会 児玉病院,医療法人博文会児玉病院,1,0,0,1,0,0,0,0,,,,,
30,0110637,和歌山生協病院,和歌山生協病院,1,1,1,0,0,0,1,0,,,,,
30,0110579,医療法人福慈会 福外科病院,福外科病院,1,1,1,0,0,0,1,0,,,,,
30,0111288,向井病院,向井病院,1,0,0,1,0,0,0,0,,,,,
30,8210124,日本赤十字社 和歌山医療センター,日本赤十字社和歌山医療センター,4,3,3,1,0,1,2,0,,,43217.0,12179.0,VERIFIED_NUMERIC
30,0110108,医療法人 浜病院,医療法人浜病院,1,0,0,1,0,0,0,0,,,,,
30,0110231,医療法人曙会 和歌浦中央病院,医療法人 曙会 和歌浦中央病院,1,0,0,1,0,0,0,0,,,,,
30,0113227,堀口記念病院,堀口記念病院,1,1,0,1,0,0,1,0,,,,,
30,0110660,稲田病院,稲田病院,1,0,0,1,0,0,0,0,,,,,
30,0112229,上山病院,上山病院,1,0,0,1,0,0,0,0,,,,,
30,0112641,済生会和歌山病院,済生会 和歌山病院,1,1,1,0,0,0,1,0,,,,,
30,8010367,海南医療センター,海南医療センター,1,1,1,0,0,0,1,0,,,,,
30,1410051,医療法人琴仁会 石本病院,石本病院,1,0,0,1,0,0,0,0,,,,,
30,1410416,医療法人晃和会 谷口病院,医療法人晃和会谷口病院,1,0,0,1,0,0,0,0,,,,,
30,1410135,恵友病院,医療法人 恵友会 恵友病院,1,1,1,0,0,0,1,0,,,,,
30,1110081,国保野上厚生総合病院,国保野上厚生総合病院,1,1,1,0,0,0,1,0,,,,,
30,1710013,公立那賀病院,公立那賀病院,2,1,1,1,0,0,1,0,,,,,
30,1710146,名手病院,医療法人 共栄会 名手病院,1,0,1,0,0,0,0,0,,,,,
30,1710294,貴志川リハビリテーション病院,貴志川リハビリテーション病院,1,1,1,0,0,0,1,0,,,,,
30,1710138,稲穂会病院,稲穂会病院,1,0,0,1,0,0,0,0,,,,,
30,1810268,殿田胃腸肛門病院,殿田胃腸肛門病院,1,0,0,1,0,0,0,0,,,,,
30,1810086,富田病院,富田病院,1,0,1,0,0,0,0,0,,,,,
30,1810011,社会福祉法人和歌山つくし会つくし医療・福祉センター,つくし医療・福祉センター,1,0,1,0,0,0,0,0,,,,,
30,1010265,医療法人南労会 紀和病院,医療法人南労会紀和病院,1,1,1,0,0,1,0,0,,,,,
30,8010383,橋本市民病院,橋本市民病院,2,1,1,1,0,0,1,0,,,,,
30,1010141,社会医療法人 博寿会 山本病院,社会医療法人 博寿会 山本病院,1,0,0,1,0,0,0,0,,,,,
30,8010391,和歌山県立医科大学附属病院紀北分院,和歌山県立医科大学附属病院紀北分院,1,1,0,1,0,0,1,0,,,,,
30,8010060,有田市立病院,有田市立病院,1,1,1,0,0,0,1,0,,,,,
30,1510215,桜ヶ丘病院,桜ヶ丘病院,1,0,0,1,0,0,0,0,,,,,
30,1610197,済生会有田病院,社会福祉法人 恩賜財団 済生会 有田病院,1,1,1,0,0,0,1,0,,,,,
30,1610239,有田南病院,有田南病院,1,0,1,0,0,0,0,0,,,,,
30,1610148,医療法人たちばな会 西岡病院,医療法人 たちばな会 西岡病院,1,1,0,1,0,0,1,0,,,,,
30,2010090,ひだか病院,ひだか病院,1,1,1,0,0,0,1,0,,,,,
30,2010025,北出病院,北出病院,2,1,2,0,0,1,0,0,,,,,
30,2010033,整形外科北裏病院,整形外科北裏病院,1,1,0,1,0,0,0,1,,,,,
30,8310007,独立行政法人国立病院機構 和歌山病院,独立行政法人 国立病院機構 和歌山病院,2,0,2,0,0,0,0,0,,,,,
30,8410377,独立行政法人国立病院機構南和歌山医療センター,独立行政法人国立病院機構南和歌山医療センター,2,2,2,0,0,2,0,0,,,,,
30,8210595,紀南病院,紀南病院,3,1,2,0,0,0,1,0,,,,,
30,2210203,医療法人洗心会 玉置病院,医療法人 洗心会 玉置病院,1,1,1,0,0,0,1,0,,,,,
30,2410589,白浜はまゆう病院,白浜はまゆう病院,1,1,0,1,0,0,0,1,,,,,
30,2410829,医療法人宝山会 白浜小南病院,医療法人宝山会 白浜小南病院,1,0,0,1,0,0,0,0,,,,,
30,2410274,南紀医療福祉センター,南紀医療福祉センター,1,0,0,1,0,0,0,0,,,,,
30,2411090,国保すさみ病院,国保すさみ病院,2,0,1,1,0,0,0,0,,,,,
30,8010300,新宮市立医療センター,新宮市立医療センター,2,1,2,0,0,1,0,0,,,,,
30,2310003,一般財団法人 新宮病院,一般財団法人 新宮病院,1,0,0,0,1,0,0,0,,,,,
30,8010193,那智勝浦町立温泉病院,那智勝浦町立温泉病院,1,1,1,0,0,0,1,0,,,,,
30,2510271,医療法人日進会 日進会病院,医療法人日進会 日進会病院,1,0,0,1,0,0,0,0,,,,,
30,8010607,くしもと町立病院,くしもと町立病院,1,1,1,0,0,0,1,0,,,,,
31,8010010,独立行政法人国立病院機構 鳥取医療センター,独立行政法人国立病院機構鳥取医療センター,1,1,0,1,0,1,0,0,,,,,
31,0113184,鳥取医療生協 鹿野温泉病院,鳥取医療生協鹿野温泉病院,1,0,0,1,0,0,0,0,,,,,
31,0110842,鳥取赤十字病院,鳥取赤十字病院,2,2,2,0,0,0,2,0,,,,,
31,0111097,鳥取県立中央病院,鳥取県立中央病院,3,2,3,0,0,1,1,0,,,,,
31,0110818,渡辺病院,社会医療法人明和会医療福祉センター渡辺病院,1,1,0,0,1,0,0,1,,,,,
31,0112707,ウェルフェア北園渡辺病院,ウェルフェア北園渡辺病院,1,0,0,1,0,0,0,0,,,,,
31,0112137,尾﨑病院,尾﨑病院,1,0,0,1,0,0,0,0,,,,,
31,0113499,鳥取生協病院,鳥取生協病院,1,1,1,0,0,0,1,0,,,,,
31,0112418,鳥取市立病院,鳥取市立病院,2,1,2,0,0,0,1,0,,,,,
31,1110262,岩美町国民健康保険 岩美病院,岩美町国民健康保険岩美病院,1,1,1,0,0,0,0,1,,,,,
31,1210021,国民健康保険 智頭病院,国民健康保険智頭病院,1,0,0,1,0,0,0,0,,,,,
31,0310236,鳥取県立厚生病院,鳥取県立厚生病院,2,1,2,0,0,0,1,0,,,,,
31,0310244,医療法人里仁会 北岡病院,医療法人里仁会北岡病院,1,0,0,1,0,0,0,0,,,,,
31,0310202,医療法人専仁会 信生病院,医療法人専仁会信生病院,1,0,0,1,0,0,0,0,,,,,
31,0310459,医療法人清生会 谷口病院,医療法人清生会谷口病院,1,0,0,1,0,0,0,0,,,,,
31,0311150,藤井政雄記念病院,藤井政雄記念病院,1,1,1,0,0,1,0,0,,,,,
31,0310608,医療法人清和会 垣田病院,医療法人清和会垣田病院,1,0,1,0,0,0,0,0,,,,,
31,0310277,医療法人十字会 野島病院,医療法人十字会野島病院,1,1,1,0,0,0,1,0,,,,,
31,0310186,医療法人共済会 清水病院,医療法人共済会清水病院,1,1,0,1,0,0,1,0,,,,,
31,1410720,鳥取県中部医師会立 三朝温泉病院,鳥取県中部医師会立三朝温泉病院,1,1,1,0,0,0,1,0,,,,,
31,0211079,社会医療法人同愛会 博愛病院,社会医療法人同愛会博愛病院,1,1,1,0,0,0,1,0,,,,,
31,0213299,米子東病院,社会医療法人仁厚会米子東病院,1,1,0,1,0,0,0,1,,,,,
31,0210451,独立行政法人労働者健康安全機構 山陰労災病院,独立行政法人労働者健康安全機構山陰労災病院,2,1,2,0,0,1,0,0,,,,,
31,0211392,医療法人友紘会 皆生温泉病院,皆生温泉病院,1,0,0,0,1,0,0,0,,,,,
31,0210261,医療法人育生会 高島病院,医療法人育生会高島病院,1,1,0,1,0,0,1,0,,,,,
31,0210022,養和病院,医療法人養和会養和病院,1,0,0,1,0,0,0,0,,,,,
31,0213182,錦海リハビリテーション病院,錦海リハビリテーション病院,1,0,0,1,0,0,0,0,,,,,
31,0210444,鳥取県立総合療育センター,鳥取県立総合療育センター,1,0,0,1,0,0,0,0,,,,,
31,8010028,鳥取大学医学部附属病院,鳥取大学医学部附属病院,3,3,3,0,0,2,1,0,,,,,
31,0213406,新田外科胃腸科病院,新田外科胃腸科病院,1,0,0,1,0,0,0,0,,,,,
31,8010036,独立行政法人国立病院機構 米子医療センター,独立行政法人国立病院機構米子医療センター,1,1,1,0,0,0,1,0,,,,,
31,0410135,鳥取県済生会 境港総合病院,鳥取県済生会境港総合病院,1,1,1,0,0,0,1,0,,,,,
31,0410275,医療法人 元町病院,医療法人元町病院,1,1,1,0,0,0,1,0,,,,,
31,1510016,南部町国民健康保険 西伯病院,南部町国民健康保険西伯病院,1,0,1,0,0,0,0,0,,,,,
31,1510743,医療法人萌生会 伯耆中央病院,伯耆中央病院,1,0,0,1,0,0,0,0,,,,,
31,1610162,日南町国民健康保険 日南病院,日南町国民健康保険日南病院,1,0,1,0,0,0,0,0,,,,,
31,1610360,日野病院,日野病院,1,2,0,1,0,0,1,1,,,,,
32,0112631,東部島根医療福祉センター,東部島根医療福祉センター,1,0,0,1,0,0,0,0,,,,,
32,5010012,独立行政法人国立病院機構 松江医療センター,独立行政法人国立病院機構松江医療センター,1,1,1,0,0,0,1,0,,,,,
32,1110857,鹿島病院,鹿島病院,1,0,0,1,0,0,0,0,,,,,
32,0111773,総合病院松江生協病院,総合病院松江生協病院,2,1,1,1,0,0,1,0,,,,,
32,1110030,独立行政法人地域医療機能推進機構 玉造病院,独立行政法人地域医療機能推進機構玉造病院,1,1,1,0,0,0,1,0,,,,,
32,0113738,松江市立病院,松江市立病院,3,2,3,0,0,1,1,0,,,,,
32,0112169,医療法人社団創健会 松江記念病院,松江記念病院,1,1,1,0,0,0,0,1,,,,,
32,0110049,松江赤十字病院,松江赤十字病院,4,2,2,2,0,0,2,0,,,19982.0,6912.0,VERIFIED_NUMERIC
32,0210039,社会医療法人昌林会安来第一病院,安来第一病院,1,1,0,1,0,0,1,0,,,,,
32,1210038,安来市立病院,安来市立病院,1,1,1,0,0,0,1,0,,,,,
32,1410570,雲南市立病院,雲南市立病院,1,1,0,1,0,0,1,0,,,,,
32,1510312,平成記念病院,平成記念病院,1,1,0,1,0,0,0,1,,,,,
32,1310317,町立奥出雲病院,町立奥出雲病院,1,0,0,1,0,0,0,0,,,,,
32,1510478,飯南町立飯南病院,飯南町立飯南病院,1,0,0,1,0,0,0,0,,,,,
32,0412015,島根県立中央病院,島根県立中央病院,4,2,3,1,0,1,1,0,,,22770.0,8002.0,VERIFIED_NUMERIC
32,0310011,出雲市立総合医療センター,出雲市立総合医療センター,1,1,1,0,0,0,1,0,,,,,
32,1610922,斐川生協病院,斐川生協病院,1,0,0,1,0,0,0,0,,,,,
32,0412528,出雲市民病院,出雲市民病院,1,0,1,0,0,0,0,0,,,,,
32,1610989,出雲徳洲会病院,出雲徳洲会病院,1,1,1,0,0,0,1,0,,,,,
32,0412403,医療法人壽生会 寿生病院,医療法人壽生会 寿生病院,1,0,0,1,0,0,0,0,,,,,
32,5010046,島根大学医学部附属病院,島根大学医学部附属病院,4,4,4,0,0,3,1,0,,,19130.0,9762.0,VERIFIED_NUMERIC
32,0412536,出雲市民リハビリテーション病院,出雲市民リハビリテーション病院,1,0,0,0,1,0,0,0,,,,,
32,0510891,大田市立病院,大田市立病院,2,1,2,0,0,1,0,0,,,,,
32,1810621,邑智郡公立病院組合公立邑智病院,公立邑智病院,1,1,0,1,0,0,1,0,,,,,
32,5010053,独立行政法人国立病院機構 浜田医療センター,独立行政法人国立病院機構浜田医療センター,3,2,1,1,1,1,1,0,,,,,
32,0711184,山根病院,山根病院,1,0,0,1,0,0,0,0,,,,,
32,0610030,社会福祉法人 島根整肢学園 西部島根医療福祉センター,西部島根医療福祉センター,1,1,0,1,0,0,1,0,,,,,
32,0610758,島根県済生会江津総合病院,島根県済生会江津総合病院,1,1,1,0,0,0,1,0,,,,,
32,0810036,益田赤十字病院,益田赤十字病院,1,1,1,0,0,0,1,0,,,,,
32,0810754,公益社団法人 益田市医師会立 益田地域医療センター医師会病院,益田地域医療センター医師会病院,1,1,1,0,0,0,1,0,,,,,
32,2110377,津和野共存病院,津和野共存病院,1,1,1,0,0,0,0,1,,,,,
32,2210672,隠岐広域連合立隠岐島前病院,隠岐広域連合立隠岐島前病院,1,0,1,0,0,0,0,0,,,,,
32,2210623,隠岐広域連合立隠岐病院,隠岐広域連合立隠岐病院,1,1,1,0,0,0,1,0,,,,,
32,2110450,よしか病院,よしか病院,1,0,0,1,0,0,0,0,,,,,
33,0112911,同仁病院,同仁病院,1,0,0,1,0,0,0,0,,,,,
33,0114032,社会医療法人鴻仁会 岡山中央病院,社会医療法人鴻仁会 岡山中央病院,2,1,1,1,0,1,0,0,,,,,
33,8800061,岡山赤十字病院,岡山赤十字病院,3,2,3,0,0,2,0,0,,,,,
33,8900846,岡山市久米南町組合立国民健康保険福渡病院,岡山市久米南町組合立国民健康保険福渡病院,1,0,1,0,0,0,0,0,,,,,
33,0111442,おおもと病院,おおもと病院,1,0,1,0,0,0,0,0,,,,,
33,8800160,済生会 吉備病院,済生会吉備病院,1,0,0,1,0,0,0,0,,,,,
33,0114776,医療法人岡山水清会 岡山水清会病院,医療法人岡山水清会 岡山水清会病院,1,0,0,1,0,0,0,0,,,,,
33,0115690,旭川荘療育・医療センター,旭川荘療育・医療センター,1,0,1,0,0,0,0,0,,,,,
33,9800037,独立行政法人国立病院機構 岡山医療センター,独立行政法人国立病院機構岡山医療センター,2,2,2,0,0,1,1,0,,,,,
33,0116243,川崎医科大学総合医療センター,川崎医科大学総合医療センター,6,2,4,2,0,1,1,0,,,,,FETCH_RETRY
33,8800087,岡山済生会総合病院,岡山済生会総合病院,5,1,3,2,0,1,0,0,,,13620.0,3852.0,VERIFIED_NUMERIC
33,8903089,岡山市立市民病院,岡山市立市民病院,2,2,2,0,0,1,1,0,,,,,
33,8903014,国立病院機構岡山市立金川病院,国立病院機構岡山市立金川病院,1,0,0,1,0,0,0,0,,,,,
33,9800011,岡山大学病院,岡山大学病院,11,5,8,2,0,3,1,1,,,39226.0,13939.0,VERIFIED_NUMERIC
33,0110378,岡山紀念病院,岡山紀念病院,1,0,0,0,1,0,0,0,,,,,
33,0110246,光生病院,社会医療法人 光生病院,1,1,1,0,0,0,1,0,,,,,
33,8800137,独立行政法人自動車事故対策機構 岡山療護センター,独立行政法人自動車事故対策機構岡山療護センター,1,1,1,0,0,1,0,0,,,,,
33,0116110,岡山東部脳神経外科病院,岡山東部脳神経外科病院,1,2,1,0,0,0,2,0,,,,,
33,0113125,医療法人社団操仁会 岡山第一病院,岡山第一病院,1,0,0,1,0,0,0,0,,,,,
33,0113489,竜操整形外科病院,竜操整形外科病院,1,1,1,0,0,0,1,0,,,,,
33,0113539,宮本整形外科病院,宮本整形外科病院,1,1,0,1,0,0,1,0,,,,,
33,0110626,総合病院 岡山協立病院,岡山協立病院,1,1,1,0,0,0,1,0,,,,,
33,0115674,公益財団法人操風会 岡山リハビリテーション病院,公益財団法人操風会岡山リハビリテーション病院,1,0,0,1,0,0,0,0,,,,,
33,0115567,岡山博愛会病院,社会福祉法人岡山博愛会 岡山博愛会病院,1,0,1,0,0,0,0,0,,,,,
33,0113075,岡山東中央病院,岡山東中央病院,1,0,0,1,0,0,0,0,,,,,
33,0111319,岡山旭東病院,公益財団法人操風会岡山旭東病院,1,4,1,0,0,3,1,0,,,,,
33,0111186,山陽病院,医療法人社団良友会 山陽病院,1,0,0,1,0,0,0,0,,,,,
33,2210309,長島病院,医療法人長光会長島病院,1,0,0,1,0,0,0,0,,,,,
33,0116169,岡山西大寺病院,社会医療法人　盛全会　岡山西大寺病院,2,1,2,0,0,1,0,0,,,,,
33,0116227,岡山西大寺病院附属中野分院,岡山西大寺病院附属中野分院,1,0,0,1,0,0,0,0,,,,,
33,0113026,医療法人 社団 藤田病院,医療法人社団藤田病院,1,1,1,0,0,0,1,0,,,,,
33,0116748,林病院,医療法人社団　秀明会　林病院,1,0,0,0,0,0,0,0,,,,,
33,0112630,岡村一心堂病院,社会医療法人岡村一心堂病院,1,1,1,0,0,0,1,0,,,,,
33,0111392,岡山光南病院,岡山光南病院,1,0,0,1,0,0,0,0,,,,,
33,0111061,医療法人 洋友会 中島病院,中島病院,1,0,0,1,0,0,0,0,,,,,
33,0111152,社会医療法人創和会 重井医学研究所附属病院,重井医学研究所附属病院,1,0,1,0,0,0,0,0,,,,,
33,0111053,医療法人明芳会 佐藤病院,佐藤病院,1,0,1,0,0,0,0,0,,,,,
33,8903055,岡山市立せのお病院,岡山市立せのお病院,1,1,0,1,0,0,1,0,,,,,
33,0115856,セントラルシティ病院,セントラルシティ病院,1,0,0,1,0,0,0,0,,,,,
33,8800038,独立行政法人労働者健康安全機構 岡山労災病院,独立行政法人労働者健康安全機構岡山労災病院,2,2,2,0,0,1,1,0,,,,,
33,0410182,中谷外科病院,中谷外科病院,1,0,0,1,0,0,0,0,,,,,
33,0410125,大西病院,大西病院,1,0,1,0,0,0,0,0,,,,,
33,0410018,医療法人愛善会由良病院,医療法人愛善会由良病院,1,0,0,1,0,0,0,0,,,,,
33,8800129,岡山赤十字玉野病院,岡山赤十字玉野病院,1,0,0,1,0,0,0,0,,,,,
33,8900713,備前市国民健康保険市立備前病院,備前市国民健康保険市立備前病院,1,1,1,0,0,0,1,0,,,,,
33,8902941,備前市国民健康保険市立日生病院,備前市国民健康保険市立日生病院,1,1,0,1,0,0,0,1,,,,,
33,1110104,草加病院,草加病院,1,1,0,1,0,0,1,0,,,,,
33,8902958,備前市国民健康保険市立吉永病院,備前市国民健康保険市立吉永病院,1,1,0,1,0,0,1,0,,,,,
33,9900043,国立療養所邑久光明園,国立療養所邑久光明園,1,0,1,0,0,0,0,0,,,,,
33,1210094,瀬戸内記念病院,瀬戸内記念病院,1,0,0,1,0,0,0,0,,,,,
33,9900035,国立療養所長島愛生園,国立療養所長島愛生園,1,0,1,0,0,0,0,0,,,,,
33,8902461,瀬戸内市立瀬戸内市民病院,瀬戸内市立瀬戸内市民病院,1,1,1,0,0,0,1,0,,,,,
33,2210119,赤磐医師会病院,赤磐医師会病院,1,1,1,0,0,0,1,0,,,,,
33,2310125,医療法人 紀典会 北川病院,医療法人紀典会北川病院,1,1,1,0,0,0,1,0,,,,,
33,2310208,医療法人 平病院,医療法人平病院,1,0,0,1,0,0,0,0,,,,,
33,3110078,吉備高原ルミエール病院,吉備高原ルミエール病院,1,0,0,0,1,0,0,0,,,,,
33,8800079,独立行政法人労働者健康安全機構 吉備高原医療リハビリテーションセンター,独立行政法人労働者健康安全機構吉備高原医療リハビリテーションセンター,1,1,0,1,0,0,1,0,,,,,
33,0210749,水島協同病院,水島協同病院,1,1,0,1,0,0,1,0,,,,,
33,0210962,医療法人天馬会 チクバ外科胃腸科肛門科病院,チクバ外科胃腸科肛門科病院,1,0,1,0,0,0,0,0,,,,,
33,0213123,玉島協同病院,玉島協同病院,1,0,0,1,0,0,0,0,,,,,
33,0212158,倉敷リハビリテーション病院,倉敷リハビリテーション病院,1,0,0,1,0,0,0,0,,,,,
33,0212372,公益財団法人 大原記念倉敷中央医療機構 倉敷中央病院リバーサイド,公益財団法人大原記念倉敷中央医療機構倉敷中央病院リバーサイド,1,1,1,0,0,0,1,0,,,,,
33,0210301,倉敷シティ病院,医療法人協愛会 倉敷シティ病院,1,0,0,0,1,0,0,0,,,,,
33,0210210,水島第一病院,医療法人水清会水島第一病院,1,0,0,1,0,0,0,0,,,,,
33,0210012,公益財団法人大原記念倉敷中央医療機構 倉敷中央病院,公益財団法人大原記念倉敷中央医療機構倉敷中央病院,8,6,7,1,0,3,3,0,,,67456.0,24935.0,VERIFIED_NUMERIC
33,0211812,武田病院,武田病院,1,0,0,1,0,0,0,0,,,,,
33,0210145,しげい病院,社会医療法人創和会　しげい病院,1,1,1,0,0,0,1,0,,,,,
33,0213248,倉敷第一病院,医療法人誠和会 倉敷第一病院,1,1,1,0,0,1,0,0,,,,,
33,0213065,医療法人社団新風会 玉島中央病院,医療法人社団新風会 玉島中央病院,1,1,1,0,0,0,1,0,,,,,
33,0212398,医療法人昭和会 倉敷北病院,医療法人昭和会 倉敷北病院,1,0,0,1,0,0,0,0,,,,,
33,0213487,医療法人社団五聖会 児島聖康病院,医療法人社団五聖会 児島聖康病院,1,1,1,0,0,0,1,0,,,,,
33,0210822,倉敷平成病院,倉敷平成病院,1,2,1,0,0,2,0,0,,,,,
33,0213164,児島中央病院,医療法人医誠会 児島中央病院,1,1,0,1,0,0,1,0,,,,,
33,0210186,水島中央病院,水島中央病院,1,1,1,0,0,0,1,0,,,,,
33,0210608,川崎医科大学附属病院,川崎医科大学附属病院,4,4,4,0,0,3,1,0,,,29146.0,12344.0,VERIFIED_NUMERIC
33,0210418,医療法人誠和会 倉敷紀念病院,医療法人誠和会倉敷紀念病院,1,1,1,0,0,0,1,0,,,,,
33,0212927,医療法人和香会 倉敷スイートホスピタル,医療法人和香会 倉敷スイートホスピタル,1,0,0,1,0,0,0,0,,,,,
33,0213040,まび記念病院,まび記念病院,1,1,0,1,0,0,1,0,,,,,
33,0212240,柴田病院,柴田病院,1,0,0,1,0,0,0,0,,,,,
33,8900127,倉敷市立市民病院,倉敷市立市民病院,1,1,1,0,0,0,1,0,,,,,
33,0210756,松田病院,医療法人 天和会 松田病院,1,1,1,0,0,0,1,0,,,,,
33,0210368,玉島病院,公益財団法人 弘仁会 玉島病院,1,0,0,1,0,0,0,0,,,,,
33,0210517,倉敷成人病センター,倉敷成人病センター,2,2,2,0,0,1,1,0,,,,,
33,0213263,プライムホスピタル玉島,医療法人賀新会 プライムホスピタル玉島,1,1,0,0,1,0,1,0,,,,,
33,0210863,医療法人創生会 渡辺胃腸科外科病院,医療法人創生会 渡辺胃腸科外科病院,1,0,0,1,0,0,0,0,,,,,
33,0510098,笠岡第一病院,医療法人社団清和会笠岡第一病院,1,2,1,0,0,1,1,0,,,,,
33,8900325,笠岡市立市民病院,笠岡市立市民病院,1,1,1,0,0,0,0,1,,,,,
33,0510221,笠岡中央病院,医療法人緑十字会 笠岡中央病院,1,0,1,0,0,0,0,0,,,,,
33,8900416,井原市立井原市民病院,井原市立井原市民病院,1,1,1,0,0,0,1,0,,,,,
33,0710037,医療法人社団 菅病院,医療法人社団 菅病院,1,0,1,0,0,0,0,0,,,,,
33,0710128,医療法人おだうじ会小田病院,医療法人おだうじ会 小田病院,1,0,1,0,0,0,0,0,,,,,
33,0810548,医療法人行堂会 長野病院,医療法人行堂会長野病院,1,1,1,0,0,0,1,0,,,,,
33,0810019,森下病院,医療法人仁徳会森下病院,1,0,0,1,0,0,0,0,,,,,
33,0810050,医療法人薬師寺慈恵会 薬師寺慈恵病院,医療法人　薬師寺慈恵会　薬師寺慈恵病院,1,0,0,1,0,0,0,0,,,,,
33,2710019,金光病院,医療法人社団同仁会金光病院,1,1,0,1,0,0,1,0,,,,,
33,2710134,医療法人 みわ記念病院,医療法人みわ記念病院,1,0,0,1,0,0,0,0,,,,,
33,9900027,独立行政法人国立病院機構 南岡山医療センター,独立行政法人国立病院機構南岡山医療センター,1,1,1,0,0,0,1,0,,,,,
33,2710035,医療法人 萌生会 国定病院,国定病院,1,0,1,0,0,0,0,0,,,,,
33,8901315,矢掛町国民健康保険病院,矢掛町国民健康保険病院,1,1,1,0,0,0,1,0,,,,,
33,0910199,大杉病院,医療法人慶真会 大杉病院,1,1,0,1,0,0,0,1,,,,,
33,8902347,高梁市国民健康保険成羽病院,高梁市国民健康保険成羽病院,1,1,0,1,0,0,1,0,,,,,
33,0910074,医療法人清梁会 高梁中央病院,医療法人清梁会 高梁中央病院,1,1,1,0,0,0,1,0,,,,,
33,1010288,医療法人思誠会渡辺病院,医療法人思誠会渡辺病院,1,1,1,0,0,0,1,0,,,,,
33,1010254,長谷川紀念病院,医療法人社団淳和会 長谷川紀念病院,1,1,1,0,0,0,1,0,,,,,
33,1010064,新見中央病院,医療法人真生会新見中央病院,1,0,1,0,0,0,0,0,,,,,
33,1010270,太田病院,太田病院,1,0,0,1,0,0,0,0,,,,,
33,3410106,医療法人 美甘会 勝山病院,医療法人美甘会勝山病院,1,0,0,0,1,0,0,0,,,,,
33,3410270,津山中央まにわ病院,医療法人真庭慈風会　津山中央まにわ病院,1,0,0,1,0,0,0,0,,,,,
33,8902784,真庭市国民健康保険湯原温泉病院,真庭市国民健康保険湯原温泉病院,1,0,1,0,0,0,0,0,,,,,
33,3410163,金田病院,社会医療法人緑壮会金田病院,1,1,1,0,0,1,0,0,,,,,
33,1410066,総合病院 落合病院,医療法人社団井口会総合病院落合病院,1,1,1,0,0,0,1,0,,,,,
33,0310663,総合病院 津山第一病院,医療法人平野同仁会 総合病院津山第一病院,1,1,1,0,0,0,1,0,,,,,
33,3610069,日本原病院,社会医療法人清風会日本原病院,1,0,0,1,0,0,0,0,,,,,
33,0310176,中島病院,医療法人社団和風会中島病院,1,0,1,0,0,0,0,0,,,,,
33,0310804,医療法人東浩会 石川病院,石川病院,1,1,0,1,0,0,1,0,,,,,
33,0310051,津山中央記念病院,津山中央記念病院,1,0,0,1,0,0,0,0,,,,,
33,0310531,津山中央病院,一般財団法人津山慈風会津山中央病院,4,3,3,1,0,1,2,0,,,34670.0,10439.0,VERIFIED_NUMERIC
33,3710208,美作中央病院,医療法人美風会 美作中央病院,1,0,0,1,0,0,0,0,,,,,
33,3710117,医療法人三水会 田尻病院,医療法人三水会 田尻病院,1,0,0,1,0,0,0,0,,,,,
33,8902768,美作市立大原病院,美作市立大原病院,1,0,0,1,0,0,0,0,,,,,
33,3510061,芳野病院,一般財団法人共愛会 芳野病院,1,0,1,0,0,0,0,0,,,,,
33,8901901,鏡野町国民健康保険病院,鏡野町国民健康保険病院,1,1,1,0,0,0,0,1,,,,,
33,3610192,さとう記念病院,さとう記念病院,1,1,0,1,0,0,1,0,,,,,
33,3810255,医療法人三憲会 柵原病院,医療法人三憲会 柵原病院,2,0,0,1,0,0,0,0,,,,,
33,8800194,岡山済生会外来センター病院,岡山済生会外来センター病院,2,2,2,0,0,1,1,0,,,,,
33,8903196,たまの病院,地方独立行政法人玉野医療センターたまの病院,1,1,1,0,0,0,1,0,,,,,
34,0112191,医療法人社団生和会 たかの橋中央病院,医療法人社団 生和会 たかの橋中央病院,1,1,0,1,0,0,1,0,,,,,
34,0125714,広島中央リハビリテーション病院,広島中央リハビリテーション病院,1,0,0,1,0,0,0,0,,,,,
34,0124378,地方独立行政法人広島市立病院機構広島市立広島市民病院,地方独立行政法人 広島市立病院機構 広島市立広島市民病院,7,2,5,2,0,1,1,0,,,38801.0,8383.0,VERIFIED_NUMERIC
34,0223600,地方独立行政法人広島市立病院機構広島市立舟入市民病院,地方独立行政法人 広島市立病院機構 広島市立舟入市民病院,1,1,1,0,0,0,1,0,,,,,
34,0110013,中国電力株式会社 中電病院,中国電力株式会社中電病院,1,1,1,0,0,0,1,0,,,,,
34,0110252,医療法人あかね会 土谷総合病院,医療法人あかね会 土谷総合病院,1,1,1,0,0,0,1,0,,,,,
34,0210086,国家公務員共済組合連合会 広島記念病院,国家公務員共済組合連合会広島記念病院,1,1,1,0,0,0,1,0,,,,,
34,0211183,医療法人社団曙会 シムラ病院,医療法人社団曙会 シムラ病院,2,1,0,1,0,0,1,0,,,,,
34,0124212,林病院,医療法人社団楓会 林病院,1,1,0,1,0,0,1,0,,,,,
34,0124865,翠清会梶川病院,翠清会 梶川病院,3,3,2,0,0,2,1,0,,,,,
34,0110138,国家公務員共済組合連合会 吉島病院,国家公務員共済組合連合会 吉島病院,1,1,1,0,0,0,1,0,,,,,
34,0124006,一ノ瀬病院,医療法人 清泉会 一ノ瀬病院,1,1,0,1,0,1,0,0,,,,,
34,0110427,広島赤十字・原爆病院,広島赤十字・原爆病院,4,2,3,1,0,1,1,0,,,20957.0,5814.0,VERIFIED_NUMERIC
34,0123784,医療法人社団おると会 浜脇整形外科病院,医療法人社団おると会 浜脇整形外科病院,1,1,0,1,0,0,1,0,,,,,
34,0116200,山﨑病院,山﨑病院,1,0,0,1,0,0,0,0,,,,,
34,0116234,太田川病院,太田川病院,1,1,0,1,0,0,1,0,,,,,
34,8010017,広島大学病院,広島大学病院,9,5,8,0,0,4,0,1,,,27994.0,11241.0,VERIFIED_NUMERIC
34,0117174,広島シーサイド病院,広島シーサイド病院,1,0,0,1,0,0,0,0,,,,,
34,0110989,真田病院,真田病院,1,0,1,0,0,0,0,0,,,,,
34,0126977,県立広島病院,県立広島病院,5,2,4,1,0,2,0,0,,,25554.0,7192.0,VERIFIED_NUMERIC
34,0117612,広島厚生病院,広島厚生病院,1,1,0,1,0,0,1,0,,,,,
34,0113983,山本整形外科病院,山本整形外科病院,1,0,0,1,0,0,0,0,,,,,
34,0123701,医療法人社団まりも会 ヒロシマ平松病院,医療法人社団まりも会 ヒロシマ平松病院,1,1,0,1,0,0,1,0,,,,,
34,0210102,医療法人社団玉章会 力田病院,医療法人社団玉章会 力田病院,1,0,0,1,0,0,0,0,,,,,
34,0218378,医療法人和同会 広島パークヒル病院,医療法人和同会 広島パークヒル病院,1,0,0,0,1,0,0,0,,,,,
34,0223501,長崎病院,長崎病院,1,0,0,1,0,0,0,0,,,,,
34,0210458,医療法人社団 光仁会 梶川病院,医療法人社団光仁会 梶川病院,1,1,1,0,0,0,0,1,,,,,
34,0216000,荒木脳神経外科病院,荒木脳神経外科病院,1,2,1,0,0,2,0,0,,,,,
34,0221679,医療法人社団公仁会 槇殿順記念病院,医療法人社団公仁会 槇殿順記念病院,1,1,1,0,0,0,1,0,,,,,
34,0223840,福島生協病院,福島生協病院,1,1,1,0,0,0,1,0,,,,,
34,0214625,野村病院,医療法人メディカルパーク 野村病院,1,1,1,0,0,0,1,0,,,,,
34,0222479,医療法人社団 聖愛会 ぎおん牛田病院,医療法人社団聖愛会ぎおん牛田病院,1,1,0,1,0,0,1,0,,,,,
34,0223592,地方独立行政法人広島市立病院機構 広島市立リハビリテーション病院,地方独立行政法人 広島市立病院機構 広島市立リハビリテーション病院,1,1,0,1,0,0,1,0,,,,,
34,0218469,妹尾病院,妹尾病院,1,0,1,0,0,0,0,0,,,,,
34,0223683,広島医療生活協同組合 広島共立病院,広島医療生活協同組合広島共立病院,1,1,1,0,0,0,1,0,,,,,
34,0223006,原田整形外科病院,原田整形外科病院,1,0,0,1,0,0,0,0,,,,,
34,0214393,日比野病院,日比野病院,1,1,1,0,0,0,1,0,,,,,
34,0222172,サカ緑井病院,サカ緑井病院,1,2,1,0,0,0,1,1,,,,,
34,0214005,長久堂野村病院,医療法人長久堂野村病院,1,1,1,0,0,0,1,0,,,,,
34,0225340,地方独立行政法人広島市立病院機構 広島市立北部医療センター安佐市民病院,地方独立行政法人 広島市立病院機構 広島市立北部医療センター安佐市民病院,4,3,4,0,0,1,2,0,,,32374.0,10568.0,VERIFIED_NUMERIC
34,0213338,高陽中央病院,高陽中央病院,1,1,0,0,0,0,0,1,,,,,
34,0214849,医療法人社団うすい会 高陽ニュータウン病院,高陽ニュータウン病院,1,1,0,1,0,0,1,0,,,,,
34,0116515,医療法人恒和会 松石病院,医療法人恒和会 松石病院,1,1,1,0,0,0,0,1,,,,,
34,0121838,広島市医師会運営・安芸市民病院,広島市医師会運営・安芸市民病院,1,0,1,0,0,0,0,0,,,,,
34,0221703,生協さえき病院,生協さえき病院,1,0,0,1,0,0,0,0,,,,,
34,0216968,五日市記念病院,五日市記念病院,1,1,0,1,0,0,1,0,,,,,
34,0218717,重症児・者福祉医療施設 鈴が峰,重症児・者福祉医療施設 鈴が峰,1,0,0,0,0,0,0,0,,,,,
34,0216117,医療法人社団朋和会 西広島リハビリテーション病院,医療法人社団朋和会西広島リハビリテーション病院,1,0,0,1,0,0,0,0,,,,,
34,0215630,ナカムラ病院,ナカムラ病院,1,0,0,1,0,0,0,0,,,,,
34,0215192,医療法人社団 一陽会 原田病院,医療法人社団一陽会原田病院,1,1,1,0,0,1,0,0,,,,,
34,0218022,広島グリーンヒル病院,広島グリーンヒル病院,1,0,0,1,0,0,0,0,,,,,
34,3610449,広島県厚生農業協同組合連合会 吉田総合病院,広島県厚生農業協同組合連合会吉田総合病院,1,1,1,0,0,0,1,0,,,,,
34,3210026,マツダ株式会社 マツダ病院,マツダ株式会社マツダ病院,1,2,1,0,0,0,2,0,,,,,
34,3210711,山本整形外科病院,山本整形外科病院,1,1,0,1,0,0,1,0,,,,,
34,3212048,南海田病院,医療法人桜衣会　南海田病院,1,0,0,1,0,0,0,0,,,,,
34,3111190,済生会広島病院,済生会 広島病院,1,1,1,0,0,0,1,0,,,,,
34,3510045,安芸太田病院,安芸太田病院,1,1,0,1,0,0,1,0,,,,,
34,3510631,大朝ふるさと病院,医療法人サカもみの木会大朝ふるさと病院,1,1,0,1,0,0,1,0,,,,,
34,3510318,北広島病院,北広島病院,1,0,0,1,0,0,0,0,,,,,
34,3510615,医療法人社団慶寿会 千代田中央病院,医療法人社団慶寿会千代田中央病院,1,0,0,1,0,0,0,0,,,,,
34,2310272,メープルヒル病院,メープルヒル病院,1,0,0,1,0,0,0,0,,,,,
34,8010058,独立行政法人国立病院機構 広島西医療センター,独立行政法人国立病院機構広島西医療センター,1,1,0,1,0,0,1,0,,,,,
34,2710752,廿日市記念病院,廿日市記念病院,1,1,0,1,0,0,1,0,,,,,
34,2710513,廿日市野村病院,廿日市野村病院,1,1,0,1,0,0,0,1,,,,,
34,2710430,医療法人あかね会 阿品土谷病院,医療法人あかね会 阿品土谷病院,1,0,0,1,0,0,0,0,,,,,
34,2710018,広島県厚生農業協同組合連合会 広島総合病院,広島県厚生農業協同組合連合会広島総合病院,4,2,4,0,0,2,0,0,,,,,
34,3312251,佐伯中央病院,佐伯中央病院,1,0,0,1,0,0,0,0,,,,,
34,3312335,大野浦病院,大野浦病院,1,0,0,1,0,0,0,0,,,,,
34,0514743,医療法人社団 悠仁会 後藤病院,医療法人社団 悠仁会 後藤病院,1,0,0,1,0,0,0,0,,,,,
34,0513414,医療法人社団 薫風会 横山病院,医療法人社団薫風会 横山病院,1,1,0,1,0,0,1,0,,,,,
34,0514925,重症心身障害児施設 ときわ呉,重症心身障害児施設ときわ呉,1,0,0,1,0,0,0,0,,,,,
34,0514354,公立下蒲刈病院,公立下蒲刈病院,1,1,0,1,0,0,1,0,,,,,
34,0513638,独立行政法人労働者健康安全機構 中国労災病院,独立行政法人労働者健康安全機構中国労災病院,4,2,3,1,0,1,1,0,,,12506.0,5307.0,VERIFIED_NUMERIC
34,0510170,呉芸南病院,呉芸南病院,1,0,0,0,1,0,0,0,,,,,
34,0511970,一般社団法人 呉市医師会 呉市医師会病院,呉市医師会病院,1,1,1,0,0,0,1,0,,,,,
34,0510022,国家公務員共済組合連合会 呉共済病院,国家公務員共済組合連合会 呉共済病院,2,2,2,0,0,1,1,0,,,,,
34,0512796,マッターホルンリハビリテーション病院,マッターホルン リハビリテーション病院,1,1,0,0,1,0,0,1,,,,,
34,3110655,一般財団法人 広島結核予防協会 住吉浜病院,一般財団法人 広島結核予防協会 住吉浜病院,1,0,0,1,0,0,0,0,,,,,
34,0510691,医療法人社団中川会 呉中通病院,医療法人社団中川会 呉中通病院,1,1,0,1,0,0,1,0,,,,,
34,0510956,医療法人社団 永楽会 前田病院,医療法人社団永楽会前田病院,1,0,0,1,0,0,0,0,,,,,
34,0511434,青山病院,青山病院,1,0,0,1,0,0,0,0,,,,,
34,0510857,医療法人社団有信会 呉記念病院,医療法人社団 有信会 呉記念病院,1,0,0,1,0,0,0,0,,,,,
34,8010033,独立行政法人国立病院機構 呉医療センター,独立行政法人国立病院機構呉医療センター,3,2,2,0,0,0,2,0,,,,,
34,2910089,島の病院おおたに,島の病院おおたに,1,1,0,1,0,0,1,0,,,,,
34,3110143,医療法人社団 仁風会 青木病院,医療法人社団仁風会 青木病院,1,0,0,1,0,0,0,0,,,,,
34,0710010,国家公務員共済組合連合会 呉共済病院忠海分院,国家公務員共済組合連合会呉共済病院忠海分院,1,0,1,0,0,0,0,0,,,,,
34,0710408,医療法人社団仁慈会 安田病院,医療法人社団仁慈会 安田病院,1,1,1,0,0,0,1,0,,,,,
34,0710143,医療法人楽生会 馬場病院,馬場病院,1,0,1,0,0,0,0,0,,,,,
34,2511309,西条中央病院,西条中央病院,1,1,1,0,0,0,1,0,,,,,
34,2510392,土肥整形外科病院,土肥整形外科病院,1,1,0,1,0,0,0,1,,,,,
34,2512463,県立安芸津病院,県立安芸津病院,1,1,0,1,0,0,0,1,,,,,
34,8010066,独立行政法人国立病院機構 東広島医療センター,独立行政法人国立病院機構東広島医療センター,3,2,2,0,0,1,1,0,,,,,
34,3710777,康成病院,康成病院,1,0,0,1,0,0,0,0,,,,,
34,2510335,広島県立総合リハビリテーションセンター 医療センター,広島県立総合リハビリテーションセンター医療センター,1,1,0,1,0,0,1,0,,,,,
34,2510046,医療法人社団葵会 本永病院,本永病院,1,1,0,1,0,0,1,0,,,,,
34,2510533,医療法人社団葵会八本松病院,医療法人社団葵会 八本松病院,1,1,0,1,0,0,0,1,,,,,
34,3710793,医療法人 真慈会 真愛病院,医療法人真慈会 真愛病院,1,0,0,0,1,0,0,0,,,,,
34,2510087,木阪病院,木阪病院,1,0,0,1,0,0,0,0,,,,,
34,2511051,東広島記念病院,東広島記念病院,1,1,0,1,0,0,0,1,,,,,
34,8010082,独立行政法人国立病院機構 賀茂精神医療センター,独立行政法人国立病院機構賀茂精神医療センター,1,1,0,1,0,0,0,1,,,,,
34,2510962,井野口病院,井野口病院,1,1,0,1,0,0,1,0,,,,,
34,0911634,社会医療法人 里仁会 興生総合病院,社会医療法人里仁会 興生総合病院,2,1,1,1,0,0,1,0,,,,,
34,0910297,医療法人清幸会 三原城町病院,医療法人清幸会三原城町病院,1,1,1,0,0,0,1,0,,,,,
34,0910214,総合病院 三原赤十字病院,総合病院三原赤十字病院,1,1,1,0,0,0,1,0,,,,,
34,0910941,医療法人杏仁会 松尾内科病院,医療法人杏仁会 松尾内科病院,1,0,0,1,0,0,0,0,,,,,
34,3910559,医療法人 仁康会 本郷中央病院,医療法人仁康会 本郷中央病院,1,0,0,1,0,0,0,0,,,,,
34,0911063,一般社団法人三原市医師会 三原市医師会病院,三原市医師会病院,1,1,1,0,0,0,1,0,,,,,
34,0911196,医療法人宗斉会 須波宗斉会病院,医療法人宗斉会須波宗斉会病院,1,0,0,1,0,0,0,0,,,,,
34,1310448,因島医師会病院,因島医師会病院,1,1,1,0,0,0,1,0,,,,,
34,1112067,広島県厚生農業協同組合連合会 尾道総合病院,広島県厚生農業協同組合連合会 尾道総合病院,5,2,3,1,1,1,1,0,,,16049.0,7522.0,VERIFIED_NUMERIC
34,1110111,尾道市立市民病院,尾道市立市民病院,4,2,2,1,0,1,1,0,,,,,
34,1112307,山本病院,山本病院,1,0,0,1,0,0,0,0,,,,,
34,1110574,医療法人社団 神田会 木曽病院,医療法人社団神田会木曽病院,1,1,1,0,0,0,1,0,,,,,
34,1110855,医療法人社団 啓卯会 村上記念病院,医療法人社団啓卯会 村上記念病院,1,1,1,0,0,0,1,0,,,,,
34,1111895,公立みつぎ総合病院,公立みつぎ総合病院,1,1,1,0,0,0,1,0,,,,,
34,1110913,医療法人社団 重松会 松本病院,医療法人社団重松会 松本病院,1,0,0,1,0,0,0,0,,,,,
34,1110335,医療法人社団 杏佑会 笠井病院,医療法人社団杏佑会 笠井病院,1,0,0,1,0,0,0,0,,,,,
34,4210025,公立世羅中央病院,公立世羅中央病院,1,1,1,0,0,0,1,0,,,,,
34,1513504,医療法人財団竹政会 福山循環器病院,医療法人財団竹政会 福山循環器病院,1,0,0,1,0,0,0,0,,,,,
34,1512829,脳神経センター大田記念病院,脳神経センター大田記念病院,3,5,1,2,0,1,3,1,,,15928.0,17004.0,VERIFIED_NUMERIC
34,1512852,医療法人社団 尚志会 福山城西病院,医療法人社団　尚志会福山城西病院,1,0,0,1,0,0,0,0,,,,,
34,1513017,医療法人 叙叙会 福山第一病院,医療法人叙叙会 福山第一病院,1,1,1,0,0,0,1,0,,,,,
34,4510051,寺岡記念病院,寺岡記念病院,1,1,1,0,0,0,1,0,,,,,
34,1515830,井上病院,井上病院,1,0,0,1,0,0,0,0,,,,,
34,1516317,医療法人財団竹政会 セントラル病院,医療法人財団竹政会セントラル病院,1,1,0,1,0,0,1,0,,,,,
34,1510856,医療法人社団 健生会 いそだ病院,医療法人社団健生会 いそだ病院,1,0,0,1,0,0,0,0,,,,,
34,1511219,公立学校共済組合 中国中央病院,公立学校共済組合 中国中央病院,3,1,3,0,0,1,0,0,,,,,
34,1511383,医療法人紅萌会 福山記念病院,医療法人紅萌会 福山記念病院,1,1,0,1,0,0,1,0,,,,,
34,1510849,神原病院,神原病院,1,1,1,0,0,0,1,0,,,,,
34,1512811,医療法人 徹慈会 堀病院,医療法人徹慈会 堀病院,1,0,0,0,0,0,0,0,,,,,
34,1512316,医療法人 信英会 島谷病院,医療法人信英会 島谷病院,1,0,0,1,0,0,0,0,,,,,
34,1512654,医療法人社団玄同会 小畠病院,医療法人社団玄同会 小畠病院,1,0,1,0,0,0,0,0,,,,,
34,1511276,福山市民病院,福山市民病院,4,2,2,0,0,2,0,0,,,,,
34,8010041,独立行政法人国立病院機構 福山医療センター,独立行政法人国立病院機構福山医療センター,3,2,1,1,0,1,1,0,,,,,
34,1513413,医療法人東和会 小林病院,医療法人東和会 小林病院,1,0,0,1,0,0,0,0,,,,,
34,1510195,医療法人村上会 福山回生病院,医療法人村上会 福山回生病院,1,0,0,0,1,0,0,0,,,,,
34,1513678,医療法人社団健照会 住吉ふじい病院,医療法人社団健照会 住吉ふじい病院,1,0,0,1,0,0,0,0,,,,,
34,1514601,医療法人社団 宏仁会 寺岡整形外科病院,医療法人社団宏仁会 寺岡整形外科病院,1,1,0,1,0,0,1,0,,,,,
34,1513769,楠本病院,楠本病院,1,0,1,0,0,0,0,0,,,,,
34,1512977,医療法人 辰川会 山陽病院,医療法人辰川会 山陽病院,1,1,0,1,0,0,1,0,,,,,
34,1512100,医療法人慈生会 前原病院,医療法人慈生会 前原病院,1,0,0,1,0,0,0,0,,,,,
34,1512894,医療法人社団 永光会 水永リハビリテーション病院,水永リハビリテーション病院,0,1,0,0,0,0,0,1,,,,,
34,4410344,医療法人 慈彗会 亀川病院,医療法人慈彗会 亀川病院,1,0,1,0,0,0,0,0,,,,,
34,1516051,医療法人社団生和会 福山リハビリテーション病院,医療法人社団生和会福山リハビリテーション病院,1,0,0,1,0,0,0,0,,,,,
34,1512506,大石病院,大石病院,1,1,0,1,0,0,1,0,,,,,
34,1512258,日本鋼管福山病院,日本鋼管福山病院,1,1,1,0,0,0,1,0,,,,,
34,4310239,沼隈病院,沼隈病院,1,1,1,0,0,0,1,0,,,,,
34,1710720,府中市民病院,府中市民病院,1,1,1,0,0,0,1,0,,,,,
34,1710498,医療法人同仁会 府中中央内科病院,府中中央内科病院,1,0,0,1,0,0,0,0,,,,,
34,1710738,府中北市民病院,府中北市民病院,1,1,0,1,0,0,1,0,,,,,
34,4610299,神石高原町立病院,神石高原町立病院,1,0,0,1,0,0,0,0,,,,,
34,1910627,三次地区医療センター,三次地区医療センター,1,1,1,0,0,0,1,0,,,,,
34,1910809,市立三次中央病院,市立三次中央病院,2,1,2,0,0,1,0,0,,,,,
34,2110011,総合病院庄原赤十字病院,総合病院 庄原赤十字病院,1,1,1,0,0,0,1,0,,,,,
34,2110417,庄原市立 西城市民病院,庄原市立西城市民病院,1,1,1,0,0,0,1,0,,,,,
34,4910129,医療法人社団増原会 東城病院,医療法人社団増原会東城病院,1,0,0,1,0,0,0,0,,,,,
34,1910718,医療法人微風会 ビハーラ花の里病院,医療法人微風会ビハーラ花の里病院,1,0,0,0,1,0,0,0,,,,,
34,0224384,メリィホスピタル,メリィホスピタル,1,0,0,1,0,0,0,0,,,,,
34,0225753,広島心臓血管病院,広島心臓血管病院,2,0,0,2,0,0,0,0,,,,,
34,0225480,安佐医師会病院,安佐医師会病院,1,0,0,1,0,0,0,0,,,,,
34,0126191,医療法人社団生和会 広島はくしま病院,医療法人社団　生和会　広島はくしま病院,1,0,1,0,0,0,0,0,,,,,
34,1516739,福山南病院,福山南病院,1,1,0,1,0,0,1,0,,,,,
35,0811486,医療法人光風会 岩国中央病院,岩国中央病院,1,0,0,1,0,0,0,0,,,,,
35,7210864,周防病院,周防病院,1,0,0,1,0,0,0,0,,,,,
35,0810561,いしい記念病院,いしい記念病院,1,0,0,1,0,0,0,0,,,,,
35,7210831,山口平成病院,山口平成病院,1,0,0,1,0,0,0,0,,,,,
35,7210930,藤政病院,藤政病院,1,0,0,1,0,0,0,0,,,,,
35,0812013,岩国市医療センター医師会病院,岩国市医療センター医師会病院,1,1,1,0,0,1,0,0,,,,,
35,8812684,独立行政法人国立病院機構岩国医療センター,国立病院機構 岩国医療センター,3,2,2,0,0,1,1,0,,,,,
35,0810025,医療法人岩国病院,岩国病院,1,0,0,1,0,0,0,0,,,,,
35,0811841,岩国みなみ病院,医療法人　岩国みなみ病院,1,0,1,0,0,0,0,0,,,,,
35,7210872,みどり病院,みどり病院,1,0,0,0,1,0,0,0,,,,,
35,0810082,医療法人錦病院,錦病院,1,0,1,0,0,0,0,0,,,,,
35,1210647,坂本病院,坂本病院,1,0,0,1,0,0,0,0,,,,,
35,8810449,独立行政法人国立病院機構柳井医療センター,国立病院機構 柳井医療センター,1,1,0,1,0,0,1,0,,,,,
35,1210027,山口県厚生農業協同組合連合会 周東総合病院,山口県厚生農業協同組合連合会周東総合病院,2,1,2,0,0,0,1,0,,,,,
35,7110718,周防大島町立大島病院,周防大島町立大島病院,1,1,1,0,0,0,1,0,,,,,
35,7110676,周防大島町立東和病院,周防大島町立東和病院,1,1,0,1,0,0,1,0,,,,,
35,7310524,光輝病院,光輝病院,1,0,0,1,0,0,0,0,,,,,
35,0711256,下松中央病院,下松中央病院,1,0,0,1,0,0,0,0,,,,,
35,0710282,周南記念病院,周南記念病院,1,1,1,0,0,0,1,0,,,,,
35,7310011,光市立大和総合病院,光市立大和総合病院,1,1,0,1,0,0,0,1,,,,,
35,1010344,医療法人社団陽光会 光中央病院,医療法人社団陽光会　光中央病院,1,1,1,0,0,0,1,0,,,,,
35,1010989,光市立光総合病院,光市立光総合病院,1,1,1,0,0,0,1,0,,,,,
35,0511458,周南高原病院,周南高原病院,1,0,0,1,0,0,0,0,,,,,
35,1510558,徳山リハビリテーション病院,徳山リハビリテーション病院,1,0,0,1,0,0,0,0,,,,,
35,0511037,医療法人仁徳会 周南病院,周南病院,1,0,0,1,0,0,0,0,,,,,
35,0511771,医療法人社団生和会 周南リハビリテーション病院,周南リハビリテーション病院,1,0,0,1,0,0,0,0,,,,,
35,1410536,周南市立新南陽市民病院,周南市立新南陽市民病院,1,1,1,0,0,0,1,0,,,,,
35,0511508,医療法人治徳会 湯野温泉病院,湯野温泉病院,1,0,0,1,0,0,0,0,,,,,
35,0510930,地域医療支援病院オープンシステム徳山医師会病院,地域医療支援病院オープンシステム徳山医師会病院,1,1,1,0,0,1,0,0,,,,,
35,0510187,独立行政法人地域医療機能推進機構 徳山中央病院,独立行政法人地域医療機能推進機構　徳山中央病院,5,2,2,1,0,1,1,0,,,24540.0,8309.0,VERIFIED_NUMERIC
35,0311230,医療法人社団水生会 柴田病院,柴田病院,1,0,0,1,0,0,0,0,,,,,
35,7610022,林病院,林病院,1,0,0,1,0,0,0,0,,,,,
35,0310398,綜合病院 山口赤十字病院,山口赤十字病院,2,2,2,0,0,1,1,0,,,,,
35,7610188,医療法人社団向陽会 阿知須同仁病院,阿知須同仁病院,1,1,1,0,0,0,1,0,,,,,
35,7610246,山口県厚生農業協同組合連合会 小郡第一総合病院,小郡第一総合病院,1,2,1,0,0,0,2,0,,,,,
35,0311776,済生会湯田温泉病院,済生会湯田温泉病院,1,0,0,1,0,0,0,0,,,,,
35,0310141,済生会山口総合病院,済生会山口総合病院,3,2,2,1,0,1,1,0,,,,,
35,0311255,山口リハビリテーション病院,山口リハビリテーション病院,1,0,0,1,0,0,0,0,,,,,
35,0311420,おか整形外科病院,おか整形外科病院,1,0,0,1,0,0,0,0,,,,,
35,0311644,医療法人 樹一会 山口病院,山口病院,1,1,1,0,0,0,1,0,,,,,
35,0311446,山口若宮病院,山口若宮病院,1,0,0,1,0,0,0,0,,,,,
35,0313053,阿知須共立病院,阿知須共立病院,1,1,1,0,0,0,1,0,,,,,
35,0611407,医療法人 米沢記念 桑陽病院,桑陽病院,1,1,1,0,0,0,1,0,,,,,
35,0611712,緑町三祐病院,緑町三祐病院,1,1,0,1,0,0,1,0,,,,,
35,0610359,医療法人神徳会 三田尻病院,医療法人神徳会三田尻病院,1,1,1,0,0,0,1,0,,,,,
35,0611274,一般財団法人防府消化器病センター 防府胃腸病院,防府胃腸病院,1,0,1,0,0,0,0,0,,,,,
35,0611241,医療法人和同会 防府リハビリテーション病院,防府リハビリテーション病院,1,0,0,0,1,0,0,0,,,,,
35,0610342,医療法人博愛会 山口博愛病院,山口博愛病院,1,0,1,0,0,0,0,0,,,,,
35,0612546,山口県立総合医療センター,山口県立総合医療センター,5,2,2,3,0,1,1,0,,,20475.0,4977.0,VERIFIED_NUMERIC
35,0214582,医療法人社団清冨会 サンポプラ病院,医療法人社団清冨会サンポプラ病院,1,0,0,1,0,0,0,0,,,,,
35,8810977,独立行政法人国立病院機構 山口宇部医療センター,国立病院機構 山口宇部医療センター,2,0,2,0,0,0,0,0,,,,,
35,8810050,山口大学医学部附属病院,山口大学医学部附属病院,4,5,4,0,0,4,1,0,,,28836.0,13007.0,VERIFIED_NUMERIC
35,0212693,医療生活協同組合健文会 宇部協立病院,宇部協立病院,1,1,0,1,0,0,1,0,,,,,
35,0214152,医療法人仁心会 宇部仁心会病院,宇部仁心会病院,1,0,1,0,0,0,0,0,,,,,
35,0210135,医療法人博愛会 宇部記念病院,宇部記念病院,1,0,0,1,0,0,0,0,,,,,
35,0214632,宇部中央病院,宇部中央病院,2,2,2,0,0,1,1,0,,,,,
35,0214855,社会医療法人いち樹会 尾中病院,尾中病院,1,1,0,1,0,0,1,0,,,,,
35,0211935,医療法人和同会 宇部リハビリテーション病院,宇部リハビリテーション病院,1,0,1,0,0,0,0,0,,,,,
35,0211976,医療法人聖比留会 セントヒル病院,セントヒル病院,1,1,1,0,0,1,0,0,,,,,
35,0212420,医療法人聖比留会 厚南セントヒル病院,厚南セントヒル病院,1,1,1,0,0,0,1,0,,,,,
35,0213329,医療法人太白会シーサイド病院,シーサイド病院,1,0,0,1,0,0,0,0,,,,,
35,0214475,宇部西リハビリテーション病院,医療法人和同会　宇部西リハビリテーション病院,1,1,0,1,0,0,1,0,,,,,
35,7910018,美祢市立美東病院,美祢市立美東病院,1,1,1,0,0,0,1,0,,,,,
35,1310397,美祢市立病院,美祢市立病院,1,1,1,0,0,0,1,0,,,,,
35,0910247,独立行政法人労働者健康安全機構 山口労災病院,山口労災病院,1,1,1,0,0,0,1,0,,,,,
35,0910023,小野田赤十字病院,小野田赤十字病院,1,0,0,1,0,0,0,0,,,,,
35,0910304,山陽小野田市民病院,山陽小野田市民病院,1,1,1,0,0,0,1,0,,,,,
35,8816933,独立行政法人国立病院機構 関門医療センター,独立行政法人　国立病院機構　関門医療センター,2,1,2,0,0,0,1,0,,,,,
35,0116357,山口県済生会下関総合病院,山口県済生会下関総合病院,2,2,2,0,0,1,1,0,,,,,
35,0117991,脳神経筋センターよしみず病院,脳神経筋センターよしみず病院,1,1,1,0,0,0,1,0,,,,,
35,0115425,桃崎病院,桃崎病院,2,0,0,1,0,0,0,0,,,,,
35,0117280,下関市立市民病院,下関市立市民病院,3,2,2,1,0,1,1,0,,,,,
35,0115946,下関リハビリテーション病院,下関リハビリテーション病院,1,0,0,1,0,0,0,0,,,,,
35,7810200,下関市立豊田中央病院,下関市立豊田中央病院,1,1,1,0,0,0,0,1,,,,,
35,0113701,医療法人社団季朋会 王司病院,王司病院,1,0,1,0,0,0,0,0,,,,,
35,0111002,医療法人 長府病院,医療法人　長府病院,1,1,1,0,0,0,0,1,,,,,
35,0117652,山口県済生会豊浦病院,済生会豊浦病院,1,1,0,1,0,0,1,0,,,,,
35,0111242,独立行政法人地域医療機能推進機構 下関医療センター,独立行政法人地域医療機能推進機構 下関医療センター,3,2,2,0,1,1,1,0,,,,,
35,0113610,社会医療法人 松涛会 安岡病院,安岡病院,1,0,0,0,1,0,0,0,,,,,
35,0113222,医療法人社団青寿会 武久病院,武久病院,1,0,0,0,1,0,0,0,,,,,
35,0113271,医療法人元洋会森山病院,森山病院,1,0,0,1,0,0,0,0,,,,,
35,0110277,医療法人其桃会 西尾病院,西尾病院,1,0,0,1,0,0,0,0,,,,,
35,0111598,光風園病院,光風園病院,1,0,0,1,0,0,0,0,,,,,
35,1110375,医療法人社団成蹊会 岡田病院,岡田病院,1,1,1,0,0,0,1,0,,,,,
35,1110011,山口県厚生農業協同組合連合会 長門総合病院,山口県厚生農業協同組合連合会長門総合病院,2,1,1,1,0,0,1,0,,,,,
35,1110284,医療法人生山会 斎木病院,医療法人　生山会　斎木病院,1,1,1,0,0,0,0,1,,,,,
35,0410883,医療法人社団慈生会 萩慈生病院,萩慈生病院,1,0,1,0,0,0,0,0,,,,,
35,0410065,全眞会病院,全眞会病院,1,0,0,1,0,0,0,0,,,,,
35,0410552,萩市民病院,萩市民病院,1,1,1,0,0,0,1,0,,,,,
35,0411170,都志見病院,都志見病院,1,1,0,1,0,0,1,0,,,,,
35,0411261,玉木病院,玉木病院,1,1,0,1,0,0,0,1,,,,,
36,0123568,鈴江病院,鈴江病院,1,0,0,1,0,0,0,0,,,,,
36,0127502,林病院,林病院,1,1,0,1,0,0,1,0,,,,,
36,0125340,東洋病院,東洋病院,1,0,0,0,1,0,0,0,,,,,
36,0127684,川島病院,川島病院,2,1,2,0,0,0,1,0,,,,,
36,0124699,伊月病院,伊月病院,1,1,0,1,0,0,1,0,,,,,
36,0123675,寺沢病院,寺沢病院,1,0,0,1,0,0,0,0,,,,,
36,0124160,稲山病院,稲山病院,1,0,1,0,0,0,0,0,,,,,
36,0125423,松永病院,松永病院,1,1,0,1,0,0,0,1,,,,,
36,0125506,住友内科病院,医療法人住友内科病院,1,0,0,1,0,0,0,0,,,,,
36,0124053,橋本病院,橋本病院,1,0,0,1,0,0,0,0,,,,,
36,0127767,協立病院,協立病院,1,1,1,0,0,0,1,0,,,,,
36,0125480,虹の橋病院,虹の橋病院,1,2,1,0,0,1,1,0,,,,,
36,0123808,徳島健生病院,徳島健生病院,1,1,1,0,0,0,1,0,,,,,
36,0125456,たまき青空病院,たまき青空病院,1,1,1,0,0,0,1,0,,,,,
36,0125415,亀井病院,亀井病院,1,0,0,1,0,0,0,0,,,,,
36,0124152,博愛記念病院,博愛記念病院,1,0,0,1,0,0,0,0,,,,,
36,0125472,天満病院,天満病院,1,0,0,1,0,0,0,0,,,,,
36,0124913,徳島県立中央病院,徳島県立中央病院,4,2,3,1,0,1,1,0,,,,,
36,0124129,中瀬病院,中瀬病院,1,0,0,1,0,0,0,0,,,,,
36,0123717,水の都記念病院,水の都記念病院,1,1,1,0,0,0,1,0,,,,,
36,0125407,リバーサイドのぞみ病院,リバｰサイドのぞみ病院,1,0,0,1,0,0,0,0,,,,,
36,0125498,徳島平成病院,徳島平成病院,1,1,0,1,0,0,0,1,,,,,
36,0125076,松村病院,松村病院,1,1,1,0,0,0,0,1,,,,,
36,0123543,大久保病院,大久保病院,1,0,0,1,0,0,0,0,,,,,
36,0124392,眉山病院,眉山病院,1,0,0,1,0,0,0,0,,,,,
36,0125399,近藤内科病院,近藤内科病院,1,1,0,1,0,0,0,1,,,,,
36,0123865,木下病院,木下病院,1,0,0,1,0,0,0,0,,,,,
36,0124921,徳島市民病院,徳島市民病院,3,1,3,0,0,0,1,0,,,,,
36,0124830,沖の洲病院,沖の洲病院,1,1,1,0,0,0,1,0,,,,,
36,0125431,たおか内科病院,たおか内科病院,1,0,0,0,0,0,0,0,,,,,
36,0127734,リハビリテーション大神子病院,リハビリテｰション大神子病院,1,0,0,1,0,0,0,0,,,,,
36,8010015,徳島大学病院,徳島大学病院,4,3,3,0,0,2,1,0,,,31124.0,8122.0,VERIFIED_NUMERIC
36,0125365,森岡病院,森岡病院,1,0,0,1,0,0,0,0,,,,,
36,0123709,善成病院,善成病院,1,0,0,1,0,0,0,0,,,,,
36,0123998,中洲八木病院,中洲八木病院,1,1,0,1,0,0,1,0,,,,,
36,0125449,田岡病院,田岡病院,1,1,1,0,0,0,1,0,,,,,
36,0210043,兼松病院,兼松病院,1,1,1,0,0,0,1,0,,,,,
36,0210092,岩朝病院,医療法人うずしお会岩朝病院,1,0,0,1,0,0,0,0,,,,,
36,0210068,鳴門山上病院,鳴門山上病院,1,0,0,0,1,0,0,0,,,,,
36,0210126,小川病院,小川病院,1,0,0,1,0,0,0,0,,,,,
36,0210118,徳島県鳴門病院,徳島県鳴門病院,3,2,1,1,0,1,1,0,,,,,
36,1710025,吉野川医療センター,徳島県厚生農業協同組合連合会吉野川医療センター,1,1,1,0,0,1,0,0,,,,,
36,1710116,鴨島病院,医療法人徳寿会 鴨島病院,1,0,0,1,0,0,0,0,,,,,
36,8010023,独立行政法人国立病院機構とくしま医療センター西病院,独立行政法人国立病院機構とくしま医療センター西病院,1,1,1,0,0,0,1,0,,,,,
36,1710033,美摩病院,美摩病院,1,1,0,1,0,0,1,0,,,,,
36,1610043,大野病院,大野病院,1,0,0,1,0,0,0,0,,,,,
36,1210059,手束病院,手束病院,1,1,1,0,0,0,1,0,,,,,
36,1510235,芳川病院,芳川病院,1,0,0,1,0,0,0,0,,,,,
36,1510037,浦田病院,浦田病院,1,0,0,1,0,0,0,0,,,,,
36,1510243,きたじま田岡病院,きたじま田岡病院,1,1,1,0,0,0,1,0,,,,,
36,1510045,吉野川病院,医療法人修誠会吉野川病院,1,1,0,1,0,0,1,0,,,,,
36,1513627,浜病院,浜病院,1,0,0,1,0,0,0,0,,,,,
36,1510151,稲次病院,稲次病院,1,1,0,1,0,0,1,0,,,,,
36,1510227,井上病院,井上病院,1,1,0,1,0,0,0,1,,,,,
36,8010031,独立行政法人国立病院機構とくしま医療センター東病院,独立行政法人国立病院機構 とくしま医療センター東病院,1,2,1,0,0,1,1,0,,,,,
36,0310140,徳島赤十字ひのみね医療療育センター,徳島赤十字ひのみね医療療育センタｰ,1,0,0,1,0,0,0,0,,,,,
36,0310132,碩心館病院,碩心館病院,1,0,1,0,0,0,0,0,,,,,
36,0311254,江藤病院,江藤病院,1,0,0,1,0,0,0,0,,,,,
36,0310074,小松島金磯病院,小松島金磯病院,1,0,0,1,0,0,0,0,,,,,
36,0311296,徳島ロイヤル病院,医療法人メディカルケア徳島ロイヤル病院,1,0,0,1,0,0,0,0,,,,,
36,0310108,小松島病院,小松島病院,0,1,0,0,0,0,1,0,,,,,
36,0310157,徳島赤十字病院,徳島赤十字病院,7,2,3,1,0,1,1,0,,,21403.0,7453.0,VERIFIED_NUMERIC
36,0410114,羽ノ浦整形外科内科病院,羽ノ浦整形外科内科病院,1,0,0,1,0,0,0,0,,,,,
36,0410015,原田病院,原田病院,1,0,0,1,0,0,0,0,,,,,
36,0410072,阿南天満病院,阿南天満病院,1,0,0,1,0,0,0,0,,,,,
36,1010012,国民健康保険勝浦病院,国民健康保険勝浦病院,1,0,0,1,0,0,0,0,,,,,
36,1310081,那賀町立上那賀病院,那賀町立上那賀病院,1,1,0,1,0,0,1,0,,,,,
36,1410121,徳島県立海部病院,徳島県立海部病院,1,1,1,0,0,1,0,0,,,,,
36,1410113,美波町国民健康保険美波病院,美波町国民健康保険美波病院,1,0,0,1,0,0,0,0,,,,,
36,1410089,海陽町国民健康保険海南病院,海陽町国民健康保険海南病院,1,0,0,1,0,0,0,0,,,,,
36,0510061,ホウエツ病院,ホウエツ病院,1,1,1,0,0,0,1,0,,,,,
36,0510020,桜木病院,桜木病院,1,0,0,1,0,0,0,0,,,,,
36,0510095,美馬リハビリテーション病院,美馬リハビリテｰション病院,1,0,0,1,0,0,0,0,,,,,
36,0510053,岡内科病院,岡内科病院,1,0,0,1,0,0,0,0,,,,,
36,0510087,成田病院,成田病院,1,0,0,1,0,0,0,0,,,,,
36,0613105,北條病院,北條病院,1,0,0,1,0,0,0,0,,,,,
36,0610069,三野田中病院,三野田中病院,1,1,0,1,0,0,1,0,,,,,
36,0610010,徳島県立三好病院,徳島県立三好病院,2,1,1,1,0,1,0,0,,,,,
36,0610077,三好市国民健康保険市立三野病院,三好市国民健康保険市立三野病院,1,1,0,1,0,0,1,0,,,,,
36,1814025,つるぎ町立半田病院,つるぎ町立半田病院,1,1,1,0,0,0,1,0,,,,,
36,1910112,藤内整形外科病院,藤内整形外科病院,1,0,0,1,0,0,0,0,,,,,
36,1910138,三加茂田中病院,三加茂田中病院,1,1,0,1,0,0,1,0,,,,,
36,0413332,阿南医療センター,阿南医療センター,2,1,2,0,0,1,0,0,,,,,
37,7011351,さぬき市民病院,さぬき市民病院,1,1,1,0,0,0,1,0,,,,,
37,0610092,医療法人日昭会 岡病院,医療法人日昭会 岡病院,1,0,0,1,0,0,0,0,,,,,
37,0710371,太田病院,太田病院,1,1,1,0,0,0,1,0,,,,,
37,7010080,香川県立白鳥病院,香川県立白鳥病院,1,1,1,0,0,0,1,0,,,,,
37,0710306,医療法人社団聖心会 阪本病院,医療法人社団聖心会 阪本病院,1,1,0,1,0,0,1,0,,,,,
37,1210660,医療法人社団つばき会 牟礼病院,医療法人社団 つばき会 牟礼病院,1,1,0,1,0,0,0,1,,,,,
37,7011716,小豆島中央病院,小豆島中央病院,1,1,1,0,0,1,0,0,,,,,
37,0117544,医療法人社団 三恵会 木太三宅病院,医療法人社団三恵会 木太三宅病院,1,0,0,1,0,0,0,0,,,,,
37,0116744,医療法人社団 雙和会 クワヤ病院,医療法人社団雙和会 クワヤ病院,1,1,0,1,0,0,1,0,,,,,
37,7011203,かがわ総合リハビリテーション病院,かがわ総合リハビリテーション病院,1,1,1,0,0,0,0,1,,,,,
37,7011674,香川県立中央病院,香川県立中央病院,3,2,3,0,0,1,1,0,,,,,
37,0116322,医療法人社団啓友会 久米川病院,医療法人社団啓友会 久米川病院,1,1,0,0,1,0,0,1,,,,,
37,0116892,医療法人社団 和広会 伊達病院,医療法人社団和広会 伊達病院,1,2,0,1,0,1,1,0,,,,,
37,0118849,医療法人社団 仁樹会 オサカ病院,医療法人社団仁樹会 オサカ病院,1,1,0,1,0,0,1,0,,,,,
37,0112511,医療法人 和光会 前田病院,医療法人和光会前田病院,1,0,0,1,0,0,0,0,,,,,
37,0118419,一般財団法人三宅医学研究所 附属三宅リハビリテーション病院,一般財団法人三宅医学研究所附属三宅リハビリテーション病院,1,0,0,1,0,0,0,0,,,,,
37,0114731,高松平和病院,高松平和病院,1,1,0,1,0,0,1,0,,,,,
37,0118153,マオカ病院,医療法人社団弘徳会マオカ病院,1,1,0,1,0,0,1,0,,,,,
37,0121579,医療法人社団清澄会 ミタニ病院,医療法人社団清澄会ミタニ病院,1,0,1,0,0,0,0,0,,,,,
37,0114756,医療法人社団 新進会 おさか脳神経外科病院,医療法人社団新進会おさか脳神経外科病院,1,3,1,0,0,2,1,0,,,,,
37,7010239,高松赤十字病院,高松赤十字病院,4,2,2,2,0,1,1,0,,,,,
37,0116306,医療法人社団康生会 高松大林病院,医療法人社団康生会高松大林病院,1,0,1,0,0,0,0,0,,,,,
37,0119128,医療法人社団有史会 高畠病院,医療法人社団有史会高畠病院,1,0,0,1,0,0,0,0,,,,,
37,7011740,香川県厚生農業協同組合連合会 屋島総合病院,屋島総合病院,1,1,1,0,0,0,1,0,,,,,
37,0118534,医療法人財団博仁会 キナシ大林病院,医療法人財団博仁会キナシ大林病院,1,1,1,0,0,0,1,0,,,,,
37,8011160,国立療養所 大島青松園,国立療養所大島青松園,1,0,0,1,0,0,0,0,,,,,
37,8010014,独立行政法人 国立病院機構 高松医療センター,独立行政法人国立病院機構高松医療センター,1,1,1,0,0,0,1,0,,,,,
37,0116470,医療法人社団研宣会 広瀬病院,医療法人社団研宣会 広瀬病院,0,1,0,0,0,0,0,1,,,,,
37,0114764,医療法人社団 百石病院,医療法人社団 百石病院,1,1,0,1,0,0,0,1,,,,,
37,7011765,高松市立みんなの病院,高松市立みんなの病院,2,1,1,1,0,1,0,0,,,,,
37,0115985,整形外科 吉峰病院,整形外科 吉峰病院,0,1,0,0,0,0,0,1,,,,,
37,7011385,社会福祉法人 恩賜財団 済生会支部香川県済生会病院,社会福祉法人恩賜財団済生会支部 香川県済生会病院,1,1,1,0,0,0,1,0,,,,,
37,1310825,医療法人春風会 樫村病院,医療法人春風会 樫村病院,1,1,0,1,0,0,0,1,,,,,
37,8011186,香川大学医学部附属病院,香川大学医学部附属病院,4,4,3,1,0,2,1,1,,,22407.0,8407.0,VERIFIED_NUMERIC
37,1310791,医療法人社団讃陽堂 松原病院,医療法人社団讃陽堂松原病院,1,1,0,1,0,0,1,0,,,,,
37,0212469,まるがめ医療センター,まるがめ医療センター,1,1,1,0,0,1,0,0,,,,,
37,0212535,人工透析センター 宮野病院,人工透析センター 宮野病院,1,1,0,1,0,0,0,1,,,,,
37,0211537,医療法人社団 厚仁会 厚仁病院,医療法人社団厚仁会 厚仁病院,1,0,0,1,0,0,0,0,,,,,
37,0211792,医療法人社団 岐山会 篠原記念病院,医療法人社団岐山会 篠原記念病院,1,0,0,1,0,0,0,0,,,,,
37,0211529,医療法人社団 健仁会 岩本病院,医療法人社団健仁会岩本病院,1,0,0,0,1,0,0,0,,,,,
37,7010270,独立行政法人 労働者健康安全機構 香川労災病院,独立行政法人労働者健康安全機構香川労災病院,3,2,2,1,0,0,2,0,,,,,
37,0310867,社会医療法人財団大樹会 総合病院回生病院,社会医療法人財団大樹会総合病院回生病院,2,2,2,0,0,1,1,0,,,,,
37,7011708,坂出市立病院,坂出市立病院,1,1,1,0,0,0,1,0,,,,,
37,0311287,医療法人社団 赤心会 赤沢病院,医療法人社団赤心会 赤沢病院,1,0,0,1,0,0,0,0,,,,,
37,0310321,宗教法人カトリック聖ドミニコ宣教修道女会 坂出聖マルチン病院,坂出聖マルチン病院,1,1,1,0,0,0,1,0,,,,,
37,0311873,医療法人西山記念会 ＭＩＲＡＩ病院,医療法人西山記念会MIRAI病院,1,1,1,0,0,1,0,0,,,,,
37,8010048,独立行政法人 国立病院機構 四国こどもとおとなの医療センター,独立行政法人国立病院機構四国こどもとおとなの医療センター,3,2,2,1,0,1,1,0,,,,,
37,0410766,医療法人社団純心会 善通寺前田病院,医療法人社団純心会 善通寺前田病院,1,0,0,1,0,0,0,0,,,,,
37,1511398,医療法人社団清仁会 宇多津病院,医療法人社団清仁会 宇多津病院,1,1,1,0,0,0,1,0,,,,,
37,7011583,綾川町国民健康保険 陶病院,綾川町国民健康保険 陶病院,1,1,0,1,0,0,1,0,,,,,
37,7010296,香川県厚生農業協同組合連合会 滝宮総合病院,香川県厚生農業協同組合連合会滝宮総合病院,2,1,1,1,0,0,1,0,,,,,
37,1610745,医療法人社団 たけお会 岩佐病院,医療法人社団たけお会 岩佐病院,1,1,0,1,0,0,1,0,,,,,
37,1610885,医療法人社団 ひかり会 河内病院,医療法人社団ひかり会河内病院,1,0,0,1,0,0,0,0,,,,,
37,1611099,多度津三宅病院,多度津三宅病院,1,0,0,1,0,0,0,0,,,,,
37,1610760,医療法人圭良会 永生病院,医療法人圭良会永生病院,1,1,0,1,0,0,0,1,,,,,
37,0511399,医療法人社団 豊南会 香川井下病院,医療法人社団豊南会 香川井下病院,1,1,1,0,0,0,1,0,,,,,
37,0510714,松井病院,松井病院,1,1,1,0,0,1,0,0,,,,,
37,7010379,三豊総合病院,三豊総合病院,3,2,3,0,0,1,1,0,,,,,
37,0510771,医療法人社団 寿愛会 羽崎病院,医療法人社団寿愛会羽崎病院,1,1,0,1,0,0,0,1,,,,,
37,0810148,森川整形外科病院,森川整形外科病院,1,1,0,1,0,0,1,0,,,,,
37,0810072,医療法人社団愛有会 岩崎病院,医療法人社団愛有会岩崎病院,1,1,1,0,0,0,1,0,,,,,
37,7011476,三豊市立西香川病院,三豊市立西香川病院,1,0,1,0,0,0,0,0,,,,,
37,0810106,医療法人社団和風会 橋本病院,医療法人社団和風会 橋本病院,1,0,0,1,0,0,0,0,,,,,
37,7011781,三豊市立みとよ市民病院,三豊市立みとよ市民病院,1,1,1,0,0,0,1,0,,,,,
38,0116040,社会医療法人真泉会 松山まどんな病院,松山まどんな病院,1,1,1,0,0,0,1,0,,,,,
38,0115208,おおぞら病院,おおぞら病院,1,0,1,0,0,0,0,0,,,,,
38,0628143,社会福祉法人 恩賜財団 済生会西条病院,社会福祉法人恩賜財団済生会 西条病院,1,1,1,0,0,0,1,0,,,,,
38,1410327,西予市立西予市民病院,西予市立西予市民病院,1,1,1,0,0,0,1,0,,,,,
38,0113849,なかじま中央病院,なかじま中央病院,1,0,0,1,0,0,0,0,,,,,
38,4010132,愛南町国保一本松病院,愛南町国保一本松病院,1,0,0,1,0,0,0,0,,,,,
38,0218028,愛媛県立今治病院,愛媛県立今治病院,1,1,1,0,0,0,1,0,,,,,
38,1510068,愛媛県立子ども療育センター,愛媛県立子ども療育センター,1,0,0,1,0,0,0,0,,,,,
38,0518062,愛媛県立新居浜病院,愛媛県立新居浜病院,2,1,2,0,0,1,0,0,,,,,
38,0118483,愛媛県立中央病院,愛媛県立中央病院,5,3,4,1,0,2,1,0,,,33656.0,11165.0,VERIFIED_NUMERIC
38,4010009,愛媛県立南宇和病院,愛媛県立南宇和病院,1,1,1,0,0,0,1,0,,,,,
38,3328121,愛媛十全医療学院附属病院,愛媛十全医療学院附属病院,1,1,0,1,0,0,1,0,,,,,
38,0128722,愛媛生協病院,愛媛生協病院,1,1,1,0,0,0,0,1,,,,,
38,8010047,愛媛大学医学部附属病院,愛媛大学医学部附属病院,8,3,5,2,0,3,0,0,,,27658.0,8387.0,VERIFIED_NUMERIC
38,3910274,旭川荘南愛媛病院,旭川荘南愛媛病院,1,0,0,1,0,0,0,0,,,,,
38,1028160,伊予病院,伊予病院,1,0,0,1,0,0,0,0,,,,,
38,0310379,医療法人徳洲会 宇和島徳洲会病院,医療法人徳洲会　宇和島徳洲会病院,1,1,1,0,0,0,1,0,,,,,
38,3028085,医療法人 慶尚会 恵康病院,医療法人慶尚会 恵康病院,1,1,0,1,0,0,0,1,,,,,
38,0111561,医療法人結和会 松山西病院,医療法人結和会 松山西病院,1,0,1,0,0,0,0,0,,,,,
38,0428155,医療法人 広仁会 広瀬病院,医療法人広仁会 広瀬病院,1,0,0,1,0,0,0,0,,,,,
38,0928105,医療法人 康仁会 西岡病院,医療法人康仁会 西岡病院,1,1,0,0,1,0,0,1,,,,,
38,0528251,医療法人社団 久和会 立花病院,医療法人社団久和会 立花病院,1,1,0,1,0,0,0,1,,,,,
38,0910152,栗整形外科病院,栗整形外科病院,1,1,0,1,0,0,1,0,,,,,
38,0128540,医療法人順風会 天山病院,医療法人順風会天山病院,1,1,0,1,0,0,1,0,,,,,
38,0128649,鷹の子病院,医療法人聖光会 鷹の子病院,2,1,1,0,0,0,1,0,,,,,
38,3528084,医療法人 誠志会 砥部病院,医療法人誠志会 砥部病院,1,1,1,0,0,0,1,0,,,,,
38,0410039,医療法人青峰会 真網代くじらリハビリテーション病院,医療法人青峰会 真網代くじらリハビリテーション病院,1,0,0,1,0,0,0,0,,,,,
38,0128615,医療法人千寿会 道後温泉病院,医療法人千寿会道後温泉病院,1,1,0,1,0,0,1,0,,,,,
38,0228167,医療法人 滴水会 吉野病院,医療法人滴水会吉野病院,1,1,1,0,0,0,1,0,,,,,
38,0128623,南高井病院,医療法人天真会南高井病院,1,0,0,0,1,0,0,0,,,,,
38,0228332,医療法人 平成会 山内病院,医療法人平成会 山内病院,1,0,0,1,0,0,0,0,,,,,
38,0918023,一般財団法人 新居浜精神衛生研究所附属豊岡台病院,一般財団法人新居浜精神衛生研究所附属豊岡台病院,1,0,0,1,0,0,0,0,,,,,
38,0528186,一般財団法人積善会 十全総合病院,一般財団法人積善会十全総合病院,1,1,1,0,0,1,0,0,,,,,
38,0410351,宇都宮病院,宇都宮病院,1,0,0,1,0,0,0,0,,,,,
38,0310502,宇和島市立吉田病院,宇和島市立吉田病院,1,0,0,1,0,0,0,0,,,,,
38,0310494,宇和島市立津島病院,宇和島市立津島病院,1,1,1,0,0,0,1,0,,,,,
38,0111405,奥島病院,奥島病院,1,1,1,0,0,0,1,0,,,,,
38,3110081,横山病院,横山病院,1,0,0,1,0,0,0,0,,,,,
38,3610205,加戸病院,加戸病院,1,1,0,1,0,0,0,1,,,,,
38,0114540,梶浦病院,梶浦病院,1,1,1,0,0,0,1,0,,,,,
38,0310601,鎌野病院,鎌野病院,2,1,0,1,0,0,0,1,,,,,
38,0528301,岩﨑病院,岩﨑病院,1,0,0,1,0,0,0,0,,,,,
38,0710693,喜多医師会病院,喜多医師会病院,1,1,1,0,0,0,1,0,,,,,
38,3910365,鬼北町立北宇和病院,鬼北町立北宇和病院,1,0,0,1,0,0,0,0,,,,,
38,1228042,共立病院,共立病院,1,0,0,1,0,0,0,0,,,,,
38,0112254,栗林病院,栗林病院,1,0,0,1,0,0,0,0,,,,,
38,0818017,公立学校共済組合四国中央病院,公立学校共済組合四国中央病院,2,1,1,0,1,0,1,0,,,,,
38,0211031,広瀬病院,広瀬病院,1,1,0,1,0,0,1,0,,,,,
38,0210413,高山内科病院,高山内科病院,1,0,0,1,0,0,0,0,,,,,
38,3410069,国民健康保険久万高原町立病院,国民健康保険 久万高原町立病院,1,0,1,0,0,0,0,0,,,,,
38,0228084,今治市医師会市民病院,今治市医師会市民病院,1,0,1,0,0,0,0,0,,,,,
38,0228092,今治第一病院,社会医療法人真泉会　今治第一病院,1,1,1,0,0,0,1,0,,,,,
38,0210298,今治南病院,今治南病院,1,0,0,1,0,0,0,0,,,,,
38,0113609,佐藤実病院,佐藤実病院,1,0,0,1,0,0,0,0,,,,,
38,3710138,三瓶病院,三瓶病院,1,1,1,0,0,0,1,0,,,,,
38,0228209,三木病院,三木病院,1,1,0,0,1,0,1,0,,,,,
38,0310510,市立宇和島病院,市立宇和島病院,2,3,2,0,0,1,2,0,,,,,
38,0710404,市立大洲病院,市立大洲病院,1,1,1,0,0,0,1,0,,,,,
38,0410187,市立八幡浜総合病院,市立八幡浜総合病院,1,1,1,0,0,0,1,0,,,,,
38,0628077,社会医療法人社団 更生会 村上記念病院,社会医療法人社団更生会 村上記念病院,1,1,1,0,0,0,1,0,,,,,
38,1310246,社会医療法人石川記念会 ＨＩＴＯ病院,社会医療法人石川記念会ＨＩＴＯ病院,2,1,1,1,0,1,0,0,,,,,
38,0210603,社会福祉法人 恩賜財団 済生会 今治第二病院,社会福祉法人恩賜財団済生会 今治第二病院,1,0,0,1,0,0,0,0,,,,,
38,0110282,社会福祉法人 恩賜財団 済生会松山病院,社会福祉法人恩賜財団済生会 松山病院,1,2,1,0,0,1,1,0,,,,,
38,0228159,社会福祉法人 恩賜財団 済生会今治病院,社会福祉法人恩賜財団済生会今治病院,2,2,1,1,0,0,2,0,,,,,
38,0510796,住友別子病院,住友別子病院,2,2,2,0,0,1,1,0,,,,,
38,0128599,松山ベテル病院,松山ベテル病院,1,0,0,1,0,0,0,0,,,,,
38,0128433,松山リハビリテーション病院,松山リハビリテーション病院,1,0,0,1,0,0,0,0,,,,,
38,0114623,松山さくら病院,社会医療法人さくらライフ　松山さくら病院,1,0,1,0,0,0,0,0,,,,,
38,0128326,松山協和病院,松山協和病院,1,0,0,1,0,0,0,0,,,,,
38,0128128,松山市民病院,松山市民病院,2,2,2,0,0,1,1,0,,,,,
38,0129282,松山城東病院,松山城東病院,1,1,1,0,0,0,1,0,,,,,
38,0118111,松山赤十字病院,松山赤十字病院,4,3,4,0,0,3,0,0,,,29640.0,11500.0,VERIFIED_NUMERIC
38,0110373,松山第一病院,松山第一病院,1,0,0,1,0,0,0,0,,,,,
38,3510272,松前病院,松前病院,1,0,0,1,0,0,0,0,,,,,
38,3028051,松風病院,松風病院,1,0,0,0,0,0,0,0,,,,,
38,0210835,消化器科久保病院,消化器科久保病院,1,0,0,1,0,0,0,0,,,,,
38,0528145,新居浜協立病院,新居浜協立病院,1,0,0,1,0,0,0,0,,,,,
38,0528111,新居浜山内病院,新居浜山内病院,1,0,0,0,1,0,0,0,,,,,
38,0228225,整形外科藤井病院,整形外科藤井病院,0,1,0,0,0,0,0,1,,,,,
38,0628119,西条愛寿会病院,西条愛寿会病院,1,0,0,1,0,0,0,0,,,,,
38,0610604,西条市民病院,西条市民病院,1,0,1,0,0,0,0,0,,,,,
38,0610331,西条市立周桑病院,西条市立周桑病院,1,1,1,0,0,0,1,0,,,,,
38,0628135,西条中央病院,西条中央病院,1,1,1,0,0,0,1,0,,,,,
38,4010074,西本病院,西本病院,1,1,0,1,0,0,0,1,,,,,
38,0112239,増田病院,増田病院,1,0,0,1,0,0,0,0,,,,,
38,0228126,村上病院,村上病院,1,0,0,0,1,0,0,0,,,,,
38,3210162,大三島中央病院,大三島中央病院,1,0,0,1,0,0,0,0,,,,,
38,0728141,大洲記念病院,大洲記念病院,1,1,0,1,0,0,1,0,,,,,
38,0728117,社会医療法人北斗会 大洲中央病院,大洲中央病院,1,1,1,0,0,1,0,0,,,,,
38,0111025,中川病院,中川病院,1,0,0,1,0,0,0,0,,,,,
38,0810055,長谷川病院,長谷川病院,1,0,0,1,0,0,0,0,,,,,
38,0111108,貞本病院,貞本病院,1,2,1,0,0,2,0,0,,,,,
38,0610679,渡部病院,渡部病院,1,1,1,0,0,0,0,1,,,,,
38,0114714,渡辺病院,渡辺病院,1,1,0,1,0,0,0,1,,,,,
38,0128847,土橋共立病院,土橋共立病院,1,0,0,1,0,0,0,0,,,,,
38,0128789,東明病院,東明病院,1,0,0,1,0,0,0,0,,,,,
38,8010021,独立行政法人国立病院機構 愛媛医療センター,独立行政法人国立病院機構 愛媛医療センター,1,1,1,0,0,0,1,0,,,,,
38,8010054,独立行政法人国立病院機構四国がんセンター,独立行政法人国立病院機構四国がんセンター,5,2,3,2,0,1,1,0,,,16972.0,4243.0,VERIFIED_NUMERIC
38,0318067,独立行政法人地域医療機能推進機構宇和島病院,独立行政法人地域医療機能推進機構 宇和島病院,1,1,1,0,0,0,1,0,,,,,
38,0518047,独立行政法人労働者健康安全機構 愛媛労災病院,独立行政法人労働者健康安全機構愛媛労災病院,1,1,1,0,0,0,1,0,,,,,
38,0210389,医療法人 仁明会 内科・消化器科羽鳥病院,内科・消化器科羽鳥病院,1,0,0,1,0,0,0,0,,,,,
38,0128466,南松山病院,南松山病院,1,1,1,0,0,0,1,0,,,,,
38,3228164,波方中央病院,波方中央病院,1,0,0,1,0,0,0,0,,,,,
38,0228183,美須賀病院,美須賀病院,1,1,1,0,0,0,1,0,,,,,
38,0112965,医療法人松山平成会 平成脳神経外科病院,平成脳神経外科病院,1,1,1,0,0,1,0,0,,,,,
38,0228175,放射線第一病院,放射線第一病院,1,1,1,0,0,0,1,0,,,,,
38,1110141,北条病院,北条病院,1,1,0,1,0,0,0,1,,,,,
38,0228100,木原病院,木原病院,1,1,0,1,0,0,1,0,,,,,
38,0128557,野本記念病院,野本記念病院,1,0,1,0,0,0,0,0,,,,,
38,0210629,鈴木病院,鈴木病院,1,0,0,1,0,0,0,0,,,,,
39,0210388,医療法人愛生会 室戸中央病院,室戸中央病院,2,0,0,1,0,0,0,0,,,,,
39,0310014,高知県立あき総合病院,高知県立あき総合病院,1,1,1,0,0,0,1,0,,,,,
39,0310329,医療法人 瑞風会 森澤病院,森澤病院,1,0,0,1,0,0,0,0,,,,,
39,2010745,医療法人 臼井会 田野病院,田野病院,1,1,1,0,0,0,1,0,,,,,
39,2010620,医療法人 おくら会 芸西病院,芸西病院,1,0,0,1,0,0,0,0,,,,,
39,0112840,医療法人 新松田会 愛宕病院,新松田会愛宕病院,1,2,1,0,0,1,1,0,,,,,
39,0110265,医療法人 三和会 国吉病院,国吉病院,1,1,1,0,0,0,1,0,,,,,
39,0118128,高知県・高知市病院企業団立高知医療センター,高知県・高知市病院企業団立高知医療センター,3,3,3,0,0,1,2,0,,,,,
39,0116247,医療法人 みつる会 高知脳神経外科病院,高知脳神経外科病院,1,1,0,1,0,0,1,0,,,,,
39,0118540,医療法人 永島会 永井病院,永井病院,1,0,0,1,0,0,0,0,,,,,
39,0113129,医療法人 伊野部会 高知整形・脳外科病院,高知整形・脳外科病院,1,1,1,0,0,0,1,0,,,,,
39,0112667,医療法人 緑風会 海里マリン病院,海里マリン病院,1,1,0,1,0,0,0,1,,,,,
39,0110380,医療法人 岡村会 岡村病院,岡村病院,1,0,1,0,0,0,0,0,,,,,
39,0111958,医療法人 互光会 長浜病院,長浜病院,1,0,0,1,0,0,0,0,,,,,
39,0110562,医療法人 野並会 高知病院,高知病院,1,0,0,1,0,0,0,0,,,,,
39,0114515,医療法人 博愛会 横浜病院,横浜病院,1,0,0,1,0,0,0,0,,,,,
39,0112295,医療法人 厚仁会 土佐田村病院,土佐田村病院,1,0,0,1,0,0,0,0,,,,,
39,0116395,医療法人 仁栄会 島津病院,医療法人仁栄会 島津病院,1,1,0,1,0,0,0,1,,,,,
39,0119597,高知赤十字病院,高知赤十字病院,3,2,3,0,0,1,1,0,,,,,
39,0110810,医療法人 さくらの里 だいいちリハビリテーション病院,だいいちリハビリテーション病院,1,1,0,1,0,0,0,1,,,,,
39,0112709,医療法人 久会 図南病院,図南病院,1,1,0,1,0,0,1,0,,,,,
39,0118599,リハビリテーション病院 すこやかな杜,リハビリテーション病院すこやかな杜,1,0,0,1,0,0,0,0,,,,,
39,0113053,特定医療法人 仁泉会 朝倉病院,朝倉病院,1,0,0,1,0,0,0,0,,,,,
39,0119340,近森リハビリテーション病院,近森リハビリテーション病院,1,0,0,0,1,0,0,0,,,,,
39,0110406,社会医療法人 近森会 近森病院,近森病院,3,2,3,0,0,1,1,0,,,,,
39,0113483,医療法人 厚愛会 高知城東病院,高知城東病院,1,0,0,1,0,0,0,0,,,,,
39,0119282,きんろう病院,きんろう病院,1,0,0,1,0,0,0,0,,,,,
39,0112238,医療法人 川村会 川村病院,川村病院,1,0,0,1,0,0,0,0,,,,,
39,0115777,医療法人 山村会 山村病院,山村病院,1,0,0,1,0,0,0,0,,,,,
39,0116940,医療法人 恭愛会 田村内科整形外科病院,田村内科整形外科病院,1,0,0,1,0,0,0,0,,,,,
39,8010012,独立行政法人国立病院機構高知病院,独立行政法人国立病院機構高知病院,2,1,1,1,0,0,1,0,,,,,
39,0114234,医療法人 弘仁会 岡林病院,岡林病院,1,0,0,1,0,0,0,0,,,,,
39,0112618,医療法人 産研会 上町病院,上町病院,1,0,0,1,0,0,0,0,,,,,
39,0116700,医療法人 島本慈愛会 島本病院,島本病院,1,0,0,1,0,0,0,0,,,,,
39,0117302,いずみの病院,いずみの病院,1,2,1,0,0,1,1,0,,,,,
39,0113756,独立行政法人地域医療機能推進機構高知西病院,独立行政法人地域医療機能推進機構 高知西病院,1,0,0,1,0,0,0,0,,,,,
39,0117526,高知高須病院,高知高須病院,1,0,0,1,0,0,0,0,,,,,
39,0111412,医療法人 高潮会 潮江高橋病院,潮江高橋病院,1,0,0,1,0,0,0,0,,,,,
39,0113830,社会医療法人 仁生会 三愛病院,三愛病院,1,0,0,0,1,0,0,0,,,,,
39,0114366,医療法人 瑞洋会 田中整形外科病院,田中整形外科病院,1,1,0,1,0,0,1,0,,,,,
39,0114887,高知医療生活協同組合 高知生協病院,高知生協病院,1,0,0,1,0,0,0,0,,,,,
39,0117062,医療法人 博信会 中ノ橋病院,医療法人博信会 中ノ橋病院,1,0,0,0,0,0,0,0,,,,,
39,0112261,医療法人 山口会 高知厚生病院,高知厚生病院,1,0,0,1,0,0,0,0,,,,,
39,0114861,高知総合リハビリテーション病院,高知総合リハビリテーション病院,1,0,0,1,0,0,0,0,,,,,
39,0116809,医療法人 治久会 もみのき病院,もみのき病院,1,2,1,0,0,1,1,0,,,,,
39,0119472,特定医療法人竹下会 竹下病院,竹下病院,1,0,0,1,0,0,0,0,,,,,
39,0111016,医療法人 高田会 高知記念病院,高知記念病院,1,0,0,1,0,0,0,0,,,,,
39,0113764,社会医療法人 仁生会 細木病院,細木病院,1,1,1,0,0,0,1,0,,,,,
39,0410335,医療法人つくし会 南国病院,南国病院,1,1,0,0,1,0,0,1,,,,,
39,8010525,高知大学医学部附属病院,高知大学医学部附属病院,4,4,3,0,0,2,1,1,,,16603.0,10013.0,VERIFIED_NUMERIC
39,0410913,ＪＡ高知病院,ＪＡ高知病院,1,1,1,0,0,0,1,0,,,,,
39,0410517,医療法人藤原会 藤原病院,藤原病院,1,0,1,0,0,0,0,0,,,,,
39,0410632,医療法人地塩会 南国中央病院,南国中央病院,1,0,0,1,0,0,0,0,,,,,
39,0410020,医療法人清香会 北村病院,北村病院,1,0,0,1,0,0,0,0,,,,,
39,0411150,南国厚生病院,南国厚生病院,1,0,1,0,0,0,0,0,,,,,
39,0510191,医療法人白菊会 白菊園病院,白菊園病院,1,0,0,1,0,0,0,0,,,,,
39,0510019,土佐市立土佐市民病院,土佐市立土佐市民病院,1,1,1,0,0,1,0,0,,,,,
39,0510308,医療法人 広正会 井上病院,井上病院,1,0,1,0,0,0,0,0,,,,,
39,1010126,医療法人 公世会 野市中央病院,野市中央病院,1,1,0,1,0,0,0,1,,,,,
39,1110207,医療法人 豊秋会 香北病院,医療法人豊秋会 香北病院,1,0,0,1,0,0,0,0,,,,,
39,1110025,医療法人 同仁会 同仁病院,同仁病院,1,1,0,1,0,0,1,0,,,,,
39,2210634,医療法人 大博悠会 大杉中央病院,大杉中央病院,1,1,0,0,0,0,1,0,,,,,
39,2310293,医療法人十全会 早明浦病院,早明浦病院,1,0,0,1,0,0,0,0,,,,,
39,2410838,医療法人 岡本会 さくら病院,さくら病院,1,0,0,1,0,0,0,0,,,,,
39,2410952,いの町立国民健康保険仁淀病院,いの町立国民健康保険仁淀病院,1,1,1,0,0,0,1,0,,,,,
39,2511064,医療法人 近藤会 清和病院,清和病院,1,0,0,1,0,0,0,0,,,,,
39,2510025,佐川町立高北国民健康保険病院,佐川町立高北国民健康保険病院,1,1,1,0,0,0,0,1,,,,,
39,2511411,医療法人前田会 前田病院,前田病院,1,0,0,1,0,0,0,0,,,,,
39,2511403,医療法人 社団若鮎 北島病院,北島病院,1,1,0,1,0,0,1,0,,,,,
39,0610223,医療法人 須崎会 高陵病院,高陵病院,1,1,0,1,0,0,0,1,,,,,
39,0610462,医療法人五月会 須崎くろしお病院,須崎くろしお病院,1,1,1,0,0,0,1,0,,,,,
39,0610207,医療法人 千博会 ネオリゾートちひろ病院,ネオリゾートちひろ病院,1,0,0,0,1,0,0,0,,,,,
39,2511114,医療法人 高幡会 大西病院,大西病院,1,0,0,1,0,0,0,0,,,,,
39,2511395,くぼかわ病院,くぼかわ病院,1,1,1,0,0,0,1,0,,,,,
39,0910532,高知県立幡多けんみん病院,高知県立幡多けんみん病院,2,2,2,0,0,0,2,0,,,,,
39,0910219,社会医療法人長生会 大井田病院,大井田病院,1,0,1,0,0,0,0,0,,,,,
39,0910417,医療法人互生会 筒井病院,筒井病院,1,0,0,1,0,0,0,0,,,,,
39,0910169,医療法人祥星会 聖ケ丘病院,聖ケ丘病院,1,0,0,1,0,0,0,0,,,,,
39,0810872,医療法人 たんぽぽ清悠会 松谷病院,松谷病院,1,0,0,1,0,0,0,0,,,,,
39,0810948,医療法人 次田会 足摺病院,足摺病院,1,0,0,1,0,0,0,0,,,,,
39,0810799,医療法人 聖真会 渭南病院,渭南病院,1,1,1,0,0,0,1,0,,,,,
39,0710254,医療法人慈恵会 中村病院,中村病院,1,0,0,1,0,0,0,0,,,,,
39,0711120,竹本病院,竹本病院,1,1,1,0,0,0,0,1,,,,,
39,0710866,医療法人 森下会 森下病院,森下病院,1,0,0,0,1,0,0,0,,,,,
39,0710643,医療法人和光会 木俵病院,木俵病院,1,0,0,1,0,0,0,0,,,,,
39,0710916,四万十市国民健康保険 四万十市立市民病院,四万十市国民健康保険四万十市立市民病院,1,1,1,0,0,0,1,0,,,,,
39,2610700,大月町国民健康保険大月病院,大月町国民健康保険大月病院,1,0,0,1,0,0,0,0,,,,,
40,0210393,たたらリハビリテーション病院,たたらリハビリテーション病院,1,0,0,1,0,0,0,0,,,,,
40,0319210,国家公務員共済組合連合会 千早病院,国家公務員共済組合連合会千早病院,1,1,1,0,0,0,1,0,,,,,
40,0319582,東福岡和仁会病院,東福岡和仁会病院,1,0,1,0,0,0,0,0,,,,,
40,0213355,地方独立行政法人 福岡市立病院機構 福岡市立こども病院,福岡市立こども病院,1,1,1,0,0,0,1,0,,,,,
40,0319293,八木病院,八木病院,1,1,1,0,0,0,1,0,,,,,
40,0210310,福岡和白病院,福岡和白病院,2,3,2,0,0,1,2,0,,,,,
40,0318618,貝塚病院,貝塚病院,1,1,1,0,0,0,1,0,,,,,
40,0212514,雁の巣病院,雁の巣病院,1,0,0,1,0,0,0,0,,,,,
40,0211698,医療法人輝栄会 福岡輝栄会病院,医療法人輝栄会 福岡輝栄会病院,1,1,1,0,0,1,0,0,,,,,
40,9819897,九州大学病院,九州大学病院,8,6,8,0,0,5,1,0,,,33254.0,14639.0,VERIFIED_NUMERIC
40,0319426,医療法人相生会 福岡みらい病院,医療法人相生会 福岡みらい病院,1,1,1,0,0,1,0,0,,,,,
40,0319251,社会医療法人 原土井病院,原土井病院,1,1,1,0,0,0,1,0,,,,,
40,0319491,社会医療法人社団至誠会 木村病院,社会医療法人社団 至誠会 木村病院,1,1,0,1,0,0,1,0,,,,,
40,0213876,医療法人相生会 新吉塚病院,医療法人相生会新吉塚病院,1,0,0,1,0,0,0,0,,,,,
40,0319095,医療法人 古森病院,古森病院,1,0,0,1,0,0,0,0,,,,,
40,0212274,福岡市民病院,地方独立行政法人福岡市立病院機構福岡市民病院,1,1,1,0,0,1,0,0,,,,,
40,0317974,医療法人 永野病院,医療法人永野病院,1,0,0,1,0,0,0,0,,,,,
40,0319269,千鳥橋病院,千鳥橋病院,1,1,1,0,0,0,1,0,,,,,
40,0317537,友田病院,友田病院,1,1,0,1,0,0,1,0,,,,,
40,0319558,医療法人 博腎会 博腎会病院,医療法人博腎会 博腎会病院,1,0,0,1,0,0,0,0,,,,,
40,0319103,社会医療法人 原三信病院,医療法人原三信病院,3,1,2,1,0,0,1,0,,,,,
40,0319145,さく病院,さく病院,1,1,1,0,0,0,1,0,,,,,
40,0326827,博多心臓血管病院,博多心臓血管病院,1,0,1,0,0,0,0,0,,,,,
40,0211615,金隈病院,医療法人相生会 金隈病院,1,0,0,1,0,0,0,0,,,,,
40,0214023,やました甲状腺病院,やました甲状腺病院,1,0,1,0,0,0,0,0,,,,,
40,1119114,国家公務員共済組合連合会 浜の町病院,国家公務員共済組合連合会浜の町病院,3,2,2,0,0,2,0,0,,,,,
40,1012269,平尾病院,平尾病院,1,1,0,1,0,0,1,0,,,,,
40,1025303,桜十字大手門病院,桜十字大手門病院,1,0,0,1,0,0,0,0,,,,,
40,9919929,独立行政法人国立病院機構 九州医療センター,独立行政法人国立病院機構九州医療センター,7,3,3,3,1,2,1,0,,,27458.0,10507.0,VERIFIED_NUMERIC
40,1024512,福岡中央病院,医療法人社団高邦会 福岡中央病院,1,1,1,0,0,1,0,0,,,,,
40,1013051,及川病院,及川病院,1,0,1,0,0,0,0,0,,,,,
40,1119932,博愛会病院,博愛会病院,1,1,0,1,0,0,1,0,,,,,
40,1010735,医療法人佐田厚生会 佐田病院,医療法人佐田厚生会 佐田病院,1,1,1,0,0,0,1,0,,,,,
40,1119825,医療法人社団広仁会 広瀬病院,医療法人社団広仁会 広瀬病院,1,1,0,1,0,0,1,0,,,,,
40,1012905,秋本病院,秋本病院,1,0,0,1,0,0,0,0,,,,,
40,1119213,医療法人 溝口外科整形外科病院,溝口外科整形外科病院,1,1,0,1,0,0,1,0,,,,,
40,1022235,医療法人福岡桜十字 桜十字福岡病院,医療法人福岡桜十字 桜十字福岡病院,1,1,0,1,0,0,1,0,,,,,
40,1119189,福岡県済生会福岡総合病院,福岡県済生会福岡総合病院,3,2,3,0,0,1,1,0,,,,,
40,1219443,夫婦石病院,夫婦石病院,1,0,0,0,1,0,0,0,,,,,
40,1219187,福岡赤十字病院,福岡赤十字病院,4,2,3,1,0,1,1,0,,,,,
40,1219641,南折立病院,医療法人正弘会 南折立病院,1,0,0,1,0,0,0,0,,,,,
40,1219138,社会医療法人 喜悦会 那珂川病院,那珂川病院,1,1,1,0,0,0,1,0,,,,,
40,1219344,医療法人社団 相和会 中村病院,中村病院,1,0,0,1,0,0,0,0,,,,,
40,1214253,福岡信和病院,福岡信和病院,1,0,0,1,0,0,0,0,,,,,
40,1212471,医療法人 寺沢病院,医療法人寺沢病院,1,0,0,1,0,0,0,0,,,,,
40,1214386,福岡脳神経外科病院,医療法人光川会 福岡脳神経外科病院,1,3,1,0,0,1,2,0,,,,,
40,1219203,公立学校共済組合 九州中央病院,公立学校共済組合九州中央病院,2,2,2,0,0,1,1,0,,,,,
40,1219229,医療法人恵光会 原病院,医療法人恵光会原病院,1,1,0,1,0,0,1,0,,,,,
40,9919911,独立行政法人国立病院機構 九州がんセンター,独立行政法人国立病院機構九州がんセンター,5,1,4,1,0,0,1,0,,,,,
40,1219179,福岡整形外科病院,福岡整形外科病院,1,2,1,0,0,1,1,0,,,,,
40,9919937,独立行政法人国立病院機構 福岡病院,独立行政法人国立病院機構福岡病院,1,0,1,0,0,0,0,0,,,,,
40,1214204,南福岡脳神経外科病院,南福岡脳神経外科病院,1,1,1,0,0,1,0,0,,,,,
40,1025824,福岡ハートネット病院,福岡ハートネット病院,1,1,0,1,0,0,1,0,,,,,
40,1129386,茂木病院,茂木病院,1,0,1,0,0,0,0,0,,,,,
40,1119056,西福岡病院,医療法人西福岡病院,1,1,1,0,0,0,1,0,,,,,
40,1011204,医療法人社団 朝菊会 昭和病院,医療法人社団朝菊会 昭和病院,1,1,0,1,0,0,1,0,,,,,
40,1019298,聖峰会マリン病院,聖峰会マリン病院,1,1,0,1,0,0,1,0,,,,,
40,1119684,福岡和仁会病院,福岡和仁会病院,1,1,0,1,0,0,1,0,,,,,
40,1012178,村上華林堂病院,村上華林堂病院,1,1,1,0,0,0,0,1,,,,,
40,1011337,福岡豊栄会病院,福岡豊栄会病院,1,1,0,1,0,0,1,0,,,,,
40,1119817,社会医療法人財団白十字会白十字リハビリテーション病院,社会医療法人財団白十字会白十字リハビリテーション病院,1,0,0,1,0,0,0,0,,,,,
40,1129808,シーサイド病院,シーサイド病院,1,0,0,1,0,0,0,0,,,,,
40,1010024,医療法人 輝松会 松尾内科病院,医療法人輝松会 松尾内科病院,1,0,0,1,0,0,0,0,,,,,
40,1010495,医療法人 南川整形外科病院,医療法人南川整形外科病院,1,1,0,1,0,0,1,0,,,,,
40,1119767,福岡リハビリテーション病院,福岡リハビリテーション病院,2,1,1,1,0,0,1,0,,,,,
40,1119619,今津赤十字病院,今津赤十字病院,1,0,1,0,0,0,0,0,,,,,
40,1118751,さくら病院,さくら病院,1,1,1,0,0,0,1,0,,,,,
40,1010404,佐田整形外科病院,佐田整形外科病院,1,1,0,1,0,0,1,0,,,,,
40,1119445,福岡大学病院,福岡大学病院,5,3,4,0,0,2,1,0,,,33755.0,12261.0,VERIFIED_NUMERIC
40,1119239,長尾病院,長尾病院,1,1,1,0,0,0,1,0,,,,,
40,1019066,松永病院,松永病院,0,1,0,0,0,0,0,1,,,,,
40,1119288,福岡鳥飼病院,医療法人弘医会 福岡鳥飼病院,1,1,0,1,0,0,1,0,,,,,
40,1014752,医療法人 敬天会 武田病院,医療法人敬天会 武田病院,1,0,0,1,0,0,0,0,,,,,
40,1119742,福西会病院,社会医療法人福西会 福西会病院,1,1,1,0,0,0,1,0,,,,,
40,1015031,福岡山王病院,福岡山王病院,5,2,2,2,1,1,1,0,,,9341.0,4640.0,VERIFIED_NUMERIC
40,1011113,福西会南病院,福西会南病院,1,0,0,1,0,0,0,0,,,,,
40,1119171,油山病院,油山病院,1,0,0,1,0,0,0,0,,,,,
40,1119247,福岡記念病院,福岡記念病院,2,2,2,0,0,1,1,0,,,,,
40,1012277,医療法人 原信会 原口病院循環器科内科,医療法人原信会 原口病院循環器科内科,1,0,0,1,0,0,0,0,,,,,
40,1024082,福岡大学西新病院,福岡大学西新病院,1,1,1,0,0,0,1,0,,,,,
40,1025600,医療法人 吉村病院,吉村病院,1,1,1,0,0,0,1,0,,,,,
40,1118819,医療法人社団 誠和会 牟田病院,医療法人社団誠和会 牟田病院,1,1,1,0,0,0,1,0,,,,,
40,2019123,医療法人恵真会 渡辺整形外科病院,医療法人恵真会 渡辺整形外科病院,1,1,0,1,0,0,1,0,,,,,
40,2019032,糸島医師会病院,糸島医師会病院,1,1,1,0,0,0,1,0,,,,,
40,2019529,福吉病院,医療法人博仁会　福吉病院,1,0,0,1,0,0,0,0,,,,,
40,2019263,井上病院,井上病院,1,1,1,0,0,0,1,0,,,,,
40,0719112,北九州古賀病院,北九州古賀病院,1,0,0,1,0,0,0,0,,,,,
40,0719336,福岡聖恵病院,福岡聖恵病院,1,0,0,1,0,0,0,0,,,,,
40,0719104,医療法人社団 愛和会 古賀中央病院,医療法人社団愛和会古賀中央病院,1,0,0,1,0,0,0,0,,,,,
40,9919804,独立行政法人国立病院機構 福岡東医療センター,独立行政法人国立病院機構福岡東医療センター,3,2,3,0,0,0,2,0,,,,,
40,0419747,医療法人 みなみ 粕屋南病院,医療法人みなみ粕屋南病院,1,0,0,1,0,0,0,0,,,,,
40,0419226,医療法人 社団 廣徳会 岡部病院,医療法人社団廣徳会 岡部病院,1,1,0,1,0,0,1,0,,,,,
40,0419184,河野粕屋病院,河野粕屋病院,1,0,0,1,0,0,0,0,,,,,
40,0419036,医療法人 井上会 篠栗病院,医療法人井上会篠栗病院,1,1,1,0,0,0,1,0,,,,,
40,0413328,北九州若杉病院,社会医療法人北九州病院 北九州若杉病院,1,0,0,1,0,0,0,0,,,,,
40,0419382,泯江堂三野原病院,泯江堂三野原病院,1,0,0,1,0,0,0,0,,,,,
40,0419127,社会保険 仲原病院,社会保険仲原病院,1,0,0,1,0,0,0,0,,,,,
40,0419432,医療法人社団日晴会久恒病院,医療法人社団日晴会久恒病院,0,1,0,0,0,0,0,1,,,,,
40,0419481,栄光病院,栄光病院,1,1,0,1,0,0,1,0,,,,,
40,0419788,うえの病院,うえの病院,1,0,1,0,0,0,0,0,,,,,
40,0419499,医療法人成雅会 泰平病院,医療法人成雅会 泰平病院,1,0,0,1,0,0,0,0,,,,,
40,0419101,医療法人社団正信会 水戸病院,医療法人社団正信会水戸病院,1,0,0,1,0,0,0,0,,,,,
40,0413013,医療法人豊資会 加野病院,医療法人豊資会加野病院,1,0,1,0,0,0,0,0,,,,,
40,0419135,福岡県こども療育センター新光園,福岡県こども療育センター新光園,1,0,0,1,0,0,0,0,,,,,
40,0419697,福岡青洲会病院,福岡青洲会病院,1,2,1,0,0,1,1,0,,,,,
40,0413104,片井整形外科・内科病院,片井整形外科・内科病院,0,1,0,0,0,0,0,1,,,,,
40,0419200,医療法人社団三誠会 ひまわり病院,医療法人社団三誠会 ひまわり病院,1,1,0,1,0,0,1,0,,,,,
40,0611350,森都病院,森都病院,1,0,0,1,0,0,0,0,,,,,
40,0619155,医療法人 庄正会 蜂須賀病院,蜂須賀病院,1,1,0,1,0,0,1,0,,,,,
40,0619072,宗像医師会病院,宗像医師会病院,1,1,1,0,0,0,1,0,,,,,
40,0619247,医療法人光洋会 赤間病院,医療法人光洋会 赤間病院,1,0,1,0,0,0,0,0,,,,,
40,0619080,摩利支病院,摩利支病院,1,0,0,1,0,0,0,0,,,,,
40,0519165,宗像水光会総合病院,宗像水光会 総合病院,2,1,2,0,0,0,1,0,,,,,
40,0519314,医療法人静かな海の会 津屋崎中央病院,医療法人静かな海の会 津屋崎中央病院,1,0,0,1,0,0,0,0,,,,,
40,0519199,東福間病院,東福間病院,1,0,0,1,0,0,0,0,,,,,
40,0611368,北九州宗像中央病院,北九州宗像中央病院,1,0,0,1,0,0,0,0,,,,,
40,1719129,福岡大学筑紫病院,福岡大学筑紫病院,2,2,2,0,0,1,1,0,,,,,
40,1819242,ちくし那珂川病院,社会医療法人　喜悦会　ちくし那珂川病院,1,0,1,0,0,0,0,0,,,,,
40,1719236,医療法人徳洲会 二日市徳洲会病院,医療法人徳洲会 二日市徳洲会病院,1,0,0,1,0,0,0,0,,,,,
40,1719194,医療法人 文杏堂杉病院,医療法人文杏堂杉病院,1,0,0,1,0,0,0,0,,,,,
40,1719020,福岡県済生会二日市病院,福岡県済生会二日市病院,2,3,2,0,0,1,1,1,,,,,
40,1719137,医療法人 小西第一病院,医療法人 小西第一病院,1,0,1,0,0,0,0,0,,,,,
40,1711464,二日市那珂川病院,社会医療法人 喜悦会 二日市那珂川病院,1,0,0,1,0,0,0,0,,,,,
40,1719251,高山病院,高山病院,1,0,0,1,0,0,0,0,,,,,
40,1619170,医療法人 春成会 樋口病院,医療法人春成会 樋口病院,1,0,1,0,0,0,0,0,,,,,
40,1611045,自衛隊福岡病院,自衛隊福岡病院,1,1,1,0,0,0,1,0,,,,,
40,1619105,医療法人 徳洲会 福岡徳洲会病院,医療法人徳洲会福岡徳洲会病院,2,2,2,0,0,1,1,0,,,,,
40,1611383,石津病院,石津病院,1,0,0,1,0,0,0,0,,,,,
40,1529049,特定医療法人社団三光会 誠愛リハビリテーション病院,特定医療法人社団三光会誠愛リハビリテーション病院,1,0,0,1,0,0,0,0,,,,,
40,1519255,医療法人文佑会 原病院,医療法人文佑会 原病院,1,1,0,1,0,0,1,0,,,,,
40,1519016,医療法人同仁会 乙金病院,医療法人同仁会乙金病院,1,0,0,1,0,0,0,0,,,,,
40,1519354,街のひかり病院 ハピタル,街のひかり病院　ハピタル,1,0,0,1,0,0,0,0,,,,,
40,1529106,医療法人 つくし会病院,医療法人つくし会病院,1,0,0,1,0,0,0,0,,,,,
40,1419092,医療法人 恵山会 丸山病院,医療法人恵山会 丸山病院,1,0,0,1,0,0,0,0,,,,,
40,1410836,医療法人鵬志会 別府病院,医療法人鵬志会 別府病院,1,0,0,1,0,0,0,0,,,,,
40,1419035,医療法人悠水会 水城病院,水城病院,1,0,0,1,0,0,0,0,,,,,
40,1819093,医療法人 正明会 諸岡整形外科病院,医療法人正明会 諸岡整形外科病院,1,1,0,1,0,0,1,0,,,,,
40,2419240,朝倉医師会病院,朝倉医師会病院,2,1,1,0,1,0,1,0,,,,,
40,2419216,医療法人 かつき会 香月病院,医療法人かつき会 香月病院,1,0,0,1,0,0,0,0,,,,,
40,2419166,医療法人社団 医王会 朝倉健生病院,医療法人社団医王会 朝倉健生病院,1,1,1,0,0,0,1,0,,,,,
40,2419075,甘木中央病院,甘木中央病院,1,1,1,0,0,0,1,0,,,,,
40,3119120,医療法人 日新会 稲永病院,医療法人日新会 稲永病院,1,0,0,1,0,0,0,0,,,,,
40,3119021,医療法人 弘医会 太刀洗病院,太刀洗病院,1,0,0,1,0,0,0,0,,,,,
40,2219251,医療法人社団 堀川会 堀川病院,医療法人社団堀川会堀川病院,1,1,0,1,0,0,1,0,,,,,
40,2219038,聖マリア病院,社会医療法人雪の聖母会聖マリア病院,3,3,3,0,0,2,1,0,,,,,
40,2219103,久留米リハビリテーション病院,久留米リハビリテーション病院,1,1,0,1,0,0,1,0,,,,,
40,2710465,安本病院,安本病院,1,1,0,1,0,0,1,0,,,,,
40,2219277,くるめ病院,くるめ病院,1,0,0,1,0,0,0,0,,,,,
40,2711661,弥永協立病院,弥永協立病院,1,0,0,1,0,0,0,0,,,,,
40,2219780,医療法人松風海 内藤病院,医療法人松風海 内藤病院,1,0,1,0,0,0,0,0,,,,,
40,2711943,聖マリアヘルスケアセンター,聖マリアヘルスケアセンター,1,0,0,1,0,0,0,0,,,,,
40,2219194,医療法人日新会 久留米記念病院,医療法人日新会 久留米記念病院,1,0,0,1,0,0,0,0,,,,,
40,2712743,富田病院,富田病院,1,0,0,1,0,0,0,0,,,,,
40,2219608,久留米大学医療センター,久留米大学医療センター,1,1,1,0,0,1,0,0,,,,,
40,2219012,久留米大学病院,久留米大学病院,6,3,4,0,0,3,0,0,,,30899.0,14527.0,VERIFIED_NUMERIC
40,2710085,ゆうかり医療療育センター,ゆうかり医療療育センター,1,0,0,1,0,0,0,0,,,,,
40,2219111,独立行政法人地域医療機能推進機構 久留米総合病院,独立行政法人地域医療機能推進機構 久留米総合病院,1,1,1,0,0,1,0,0,,,,,
40,2710135,医療法人 吉村病院,医療法人 吉村病院,1,0,0,1,0,0,0,0,,,,,
40,2710077,医療法人聖峰会 田主丸中央病院,医療法人聖峰会田主丸中央病院,1,1,1,0,0,0,1,0,,,,,
40,2219830,新古賀病院,社会医療法人天神会新古賀病院,2,3,2,0,0,1,2,0,,,,,
40,2710291,神代病院,神代病院,1,1,1,0,0,0,1,0,,,,,
40,2712354,医療法人福岡桜十字 花畑病院,医療法人福岡桜十字　花畑病院,1,0,0,1,0,0,0,0,,,,,
40,2219798,医療法人 蔦の会 たなか病院,医療法人蔦の会 たなか病院,1,0,0,1,0,0,0,0,,,,,
40,2219228,医療法人楠病院,医療法人楠病院,1,0,1,0,0,0,0,0,,,,,
40,2219467,古賀病院２１,社会医療法人天神会　古賀病院２１,2,2,1,1,0,0,2,0,,,,,
40,2519049,医療法人社団高邦会 高木病院,医療法人 社団高邦会 高木病院,5,1,5,0,0,1,0,0,,,,,
40,2610848,医療法人オアシス 福岡志恩病院,医療法人オアシス 福岡志恩病院,1,1,0,1,0,0,1,0,,,,,
40,2619120,嶋田病院,嶋田病院,1,1,1,0,0,1,0,0,,,,,
40,2619369,医療法人海邦会 松崎記念病院,医療法人海邦会 松崎記念病院,1,0,0,1,0,0,0,0,,,,,
40,2619179,聖和記念病院,聖和記念病院,1,0,0,1,0,0,0,0,,,,,
40,2619286,医療法人 協和病院,医療法人協和病院,1,0,0,1,0,0,0,0,,,,,
40,2619195,本間病院,本間病院,1,0,1,0,0,0,0,0,,,,,
40,3319142,医療法人 向陽会 筑後川温泉病院,筑後川温泉病院,1,1,0,1,0,0,0,1,,,,,
40,2119105,公立八女総合病院,公立八女総合病院,2,1,2,0,0,1,0,0,,,,,
40,2119170,医療法人 柳育会 八女リハビリ病院,八女リハビリ病院,1,0,0,1,0,0,0,0,,,,,
40,2119139,柳病院,柳病院,1,1,1,0,0,0,1,0,,,,,
40,2119162,医療法人社団慶仁会 川崎病院,医療法人社団慶仁会 川崎病院,1,1,1,0,0,1,0,0,,,,,
40,2311017,筑後市立病院,地方独立行政法人筑後市立病院,1,1,1,0,0,0,1,0,,,,,
40,2319028,医療法人清友会 植田病院,医療法人清友会 植田病院,1,0,0,1,0,0,0,0,,,,,
40,3510955,馬場病院,医療法人繁桜会　馬場病院,1,1,1,0,0,1,0,0,,,,,
40,3529054,医療法人広川病院,医療法人 広川病院,1,0,0,1,0,0,0,0,,,,,
40,3519170,横田病院,横田病院,1,0,0,1,0,0,0,0,,,,,
40,3519089,姫野病院,姫野病院,1,1,1,0,0,0,1,0,,,,,
40,4419206,南大牟田病院,南大牟田病院,1,0,0,1,0,0,0,0,,,,,
40,4414330,菅原病院,菅原病院,1,0,0,1,0,0,0,0,,,,,
40,4419065,くさかべ病院,医療法人くさかべ病院,1,0,0,1,0,0,0,0,,,,,
40,4419123,みさき病院,みさき病院,1,0,0,1,0,0,0,0,,,,,
40,9919960,独立行政法人国立病院機構 大牟田病院,独立行政法人国立病院機構大牟田病院,1,1,1,0,0,1,0,0,,,,,
40,4419164,福岡県済生会大牟田病院,福岡県済生会大牟田病院,1,1,1,0,0,0,1,0,,,,,
40,4419172,米の山病院,米の山病院,1,1,1,0,0,0,1,0,,,,,
40,4419339,医療法人 完光会 今野病院,医療法人完光会 今野病院,1,0,0,1,0,0,0,0,,,,,
40,4419958,大牟田市立病院,大牟田市立病院,3,1,2,0,1,1,0,0,,,,,
40,4414405,大牟田中央病院,大牟田中央病院,1,1,0,1,0,0,1,0,,,,,
40,4419768,医療法人けんこう 兼行病院,医療法人けんこう兼行病院,1,0,0,1,0,0,0,0,,,,,
40,4419412,医療法人 冨松記念会 三池病院,医療法人冨松記念会 三池病院,1,0,0,1,0,0,0,0,,,,,
40,4419735,医療法人恒生堂 永田整形外科病院,医療法人恒生堂永田整形外科病院,1,1,1,0,0,0,1,0,,,,,
40,4419032,医療法人静光園 白川病院,医療法人静光園白川病院,1,0,0,1,0,0,0,0,,,,,
40,4419644,杉循環器科内科病院,杉循環器科内科病院,1,0,0,1,0,0,0,0,,,,,
40,4419750,社会保険大牟田天領病院,社会保険大牟田天領病院,1,1,1,0,0,0,1,0,,,,,
40,4419446,医療法人 悠久会 大牟田共立病院,医療法人悠久会 大牟田共立病院,1,0,0,1,0,0,0,0,,,,,
40,4319034,長田病院,長田病院,1,1,1,0,0,0,1,0,,,,,
40,4319091,柳川リハビリテーション病院,柳川リハビリテーション病院,1,1,0,1,0,0,1,0,,,,,
40,4319414,一般財団法人医療・介護・教育研究財団 柳川病院,一般財団法人医療・介護・教育研究財団柳川病院,1,1,1,0,0,0,1,0,,,,,
40,4329058,医療法人 金子病院,医療法人 金子病院,1,0,0,1,0,0,0,0,,,,,
40,4219424,ヨコクラ病院,ヨコクラ病院,1,1,1,0,0,1,0,0,,,,,
40,5512918,三宅脳神経外科病院,三宅脳神経外科病院,1,1,1,0,0,0,1,0,,,,,
40,5519699,飯塚市立病院,飯塚市立病院,1,1,1,0,0,0,1,0,,,,,
40,5519616,福岡県済生会飯塚嘉穂病院,社会福祉法人恩賜財団済生会支部　福岡県済生会飯塚嘉穂病院,1,1,1,0,0,0,1,0,,,,,
40,5519145,飯塚病院,飯塚病院,5,4,4,0,0,1,3,0,,,45486.0,11800.0,VERIFIED_NUMERIC
40,5519160,独立行政法人労働者健康安全機構 総合せき損センター,独立行政法人労働者健康安全機構総合せき損センター,2,1,0,1,0,0,1,0,,,,,
40,5519541,児嶋病院,医療法人洗心会 児嶋病院,1,1,0,1,0,0,1,0,,,,,
40,5519186,医療法人社団 親和会 共立病院,医療法人社団親和会 共立病院,1,0,0,1,0,0,0,0,,,,,
40,5519129,社会保険二瀬病院,社会保険二瀬病院,1,0,0,1,0,0,0,0,,,,,
40,5519681,頴田病院,医療法人博愛会 頴田病院,1,0,0,1,0,0,0,0,,,,,
40,5719018,嘉麻赤十字病院,嘉麻赤十字病院,1,1,0,1,0,0,0,1,,,,,
40,5719166,社会保険稲築病院,社会保険稲築病院,1,0,0,1,0,0,0,0,,,,,
40,5419015,社会保険直方病院,社会保険直方病院,1,1,1,0,0,0,1,0,,,,,
40,5419031,独立行政法人 地域医療機能推進機構 福岡ゆたか中央病院,独立行政法人地域医療機能推進機構 福岡ゆたか中央病院,2,1,2,0,0,1,0,0,,,,,
40,5419247,医療法人 一寿会 西尾病院,医療法人一寿会 西尾病院,1,1,0,1,0,0,0,1,,,,,
40,5419122,医療法人 福翠会 高山病院,高山病院,1,0,0,1,0,0,0,0,,,,,
40,5810155,医療法人 安倍病院,医療法人安倍病院,1,0,0,1,0,0,0,0,,,,,
40,5810270,医療法人 笠松会 有吉病院,医療法人笠松会有吉病院,1,0,0,1,0,0,0,0,,,,,
40,5810098,医療法人 新光園 鞍手共立病院,鞍手共立病院,1,0,0,1,0,0,0,0,,,,,
40,5810163,医療法人 相生会 宮田病院,医療法人相生会 宮田病院,1,1,1,0,0,0,1,0,,,,,
40,5119045,小竹町立病院,小竹町立病院,1,0,0,1,0,0,0,0,,,,,
40,5111182,くらて病院,地方独立行政法人くらて病院,1,1,1,0,0,0,1,0,,,,,
40,5619432,社会福祉法人柏芳会 田川新生病院,社会福祉法人柏芳会田川新生病院,1,0,0,1,0,0,0,0,,,,,
40,5619051,社会保険田川病院,社会保険田川病院,3,1,2,1,0,0,1,0,,,,,
40,5611561,医療法人鷹ノ羽会 村上外科病院,医療法人鷹ノ羽会 村上外科病院,1,1,0,1,0,0,0,1,,,,,
40,5619028,医療法人和光会 一本松すずかけ病院,一本松すずかけ病院,1,0,0,0,1,0,0,0,,,,,
40,5629118,田川市立病院,田川市立病院,1,1,1,0,0,0,1,0,,,,,
40,5319157,糸田町立緑ケ丘病院,糸田町立緑ケ丘病院,1,0,0,1,0,0,0,0,,,,,
40,5311410,地方独立行政法人 川崎町立病院,地方独立行政法人 川崎町立病院,1,0,1,0,0,0,0,0,,,,,
40,5319173,松本病院,松本病院,1,1,0,1,0,0,1,0,,,,,
40,5329206,田川慈恵病院,田川慈恵病院,1,0,0,1,0,0,0,0,,,,,
40,7619869,新小文字病院,新小文字病院,2,3,2,0,0,1,2,0,,,,,
40,7619893,九州鉄道記念病院,医療法人若葉会 九州鉄道記念病院,1,1,1,0,0,0,1,0,,,,,
40,7619067,北九州市立門司病院,北九州市立門司病院,1,0,1,0,0,0,0,0,,,,,
40,7619026,公益社団法人日本海員掖済会 門司掖済会病院,公益社団法人日本海員掖済会 門司掖済会病院,1,1,1,0,0,0,1,0,,,,,
40,7619166,独立行政法人労働者健康安全機構 九州労災病院 門司メディカルセンター,独立行政法人労働者健康安全機構 九州労災病院門司メディカルセンター,1,1,1,0,0,0,1,0,,,,,
40,7619141,医療法人社団響会 緑ケ丘病院,医療法人社団響会緑ケ丘病院,1,0,0,1,0,0,0,0,,,,,
40,6519490,芳野病院,芳野病院,1,0,1,0,0,0,0,0,,,,,
40,6519359,青葉台病院,青葉台病院,1,0,0,1,0,0,0,0,,,,,
40,6519540,産業医科大学若松病院,産業医科大学若松病院,1,1,1,0,0,1,0,0,,,,,
40,6419337,社会医療法人共愛会 戸畑リハビリテーション病院,戸畑リハビリテーション病院,1,0,0,1,0,0,0,0,,,,,
40,6419212,戸畑総合病院,戸畑総合病院,1,1,1,0,0,1,0,0,,,,,
40,6419139,社会医療法人共愛会 戸畑共立病院,社会医療法人共愛会 戸畑共立病院,5,2,2,1,0,2,0,0,,,10323.0,4786.0,VERIFIED_NUMERIC
40,6419162,戸畑けんわ病院,戸畑けんわ病院,1,0,0,1,0,0,0,0,,,,,
40,7912132,北九州市立医療センター,北九州市立医療センター,3,2,2,1,0,1,1,0,,,,,
40,7719149,国家公務員共済組合連合会新小倉病院,国家公務員共済組合連合会新小倉病院,1,1,1,0,0,0,1,0,,,,,
40,7719420,健和会大手町病院,健和会大手町病院,2,2,2,0,0,0,2,0,,,,,
40,7910896,公立大学法人 九州歯科大学附属病院,公立大学法人 九州歯科大学附属病院,1,1,0,1,0,0,1,0,,,,,
40,7719107,医療法人清陵会 南ケ丘病院,南ケ丘病院,1,0,0,1,0,0,0,0,,,,,
40,7719131,三萩野病院,三萩野病院,1,1,1,0,0,0,1,0,,,,,
40,7719073,小倉中井病院,小倉中井病院,1,0,0,1,0,0,0,0,,,,,
40,7719289,医療法人社団響会 前田病院,医療法人社団響会 前田病院,1,0,0,1,0,0,0,0,,,,,
40,7719487,北九州中央病院,北九州中央病院,1,0,0,1,0,0,0,0,,,,,
40,7910219,小倉到津病院,小倉到津病院,1,0,0,0,1,0,0,0,,,,,
40,7910631,小倉記念病院,小倉記念病院,5,3,4,1,0,2,1,0,,,26817.0,11646.0,VERIFIED_NUMERIC
40,7729049,新栄会病院,新栄会病院,1,0,0,1,0,0,0,0,,,,,
40,7719495,霧ヶ丘 つだ病院,霧ヶ丘 つだ病院,1,0,1,0,0,0,0,0,,,,,
40,7910490,北九州小倉病院,北九州小倉病院,1,0,0,1,0,0,0,0,,,,,
40,7717101,小倉きふね病院,小倉きふね病院,1,1,0,1,0,0,0,1,,,,,
40,6711006,聖ヨハネ病院,医療法人はるか 聖ヨハネ病院,1,1,0,1,0,0,1,0,,,,,
40,7719230,小倉リハビリテーション病院,小倉リハビリテーション病院,1,0,0,1,0,0,0,0,,,,,
40,7911597,大手町リハビリテーション病院,大手町リハビリテーション病院,1,0,0,1,0,0,0,0,,,,,
40,7911951,北九州総合病院,北九州総合病院,3,2,2,1,0,1,1,0,,,,,
40,7719461,北九州湯川病院,北九州湯川病院,1,0,0,1,0,0,0,0,,,,,
40,9919986,独立行政法人国立病院機構小倉医療センター,独立行政法人国立病院機構小倉医療センター,1,1,1,0,0,0,1,0,,,,,
40,7810377,上曽根病院,上曽根病院,1,1,0,1,0,0,1,0,,,,,
40,7716921,東和病院,東和病院,1,1,1,0,0,0,1,0,,,,,
40,7719537,小倉南メディカルケア病院,小倉南メディカルケア病院,1,0,0,1,0,0,0,0,,,,,
40,7719016,独立行政法人 労働者健康安全機構 九州労災病院,独立行政法人労働者健康安全機構 九州労災病院,3,2,2,0,0,2,0,0,,,,,
40,7810393,医療法人あさひ松本病院,医療法人あさひ松本病院,1,0,0,1,0,0,0,0,,,,,
40,7718190,北九州市立総合療育センター,北九州市立総合療育センター,1,0,1,0,0,0,0,0,,,,,
40,7719362,慈恵曽根病院,慈恵曽根病院,1,0,0,1,0,0,0,0,,,,,
40,6617013,製鉄記念八幡病院,製鉄記念八幡病院,3,2,2,1,0,1,1,0,,,,,
40,6616809,医療法人ふらて会西野病院,医療法人ふらて会 西野病院,1,1,1,0,0,0,0,1,,,,,
40,6619282,北九州八幡東病院,北九州八幡東病院,1,0,0,1,0,0,0,0,,,,,
40,6710925,北九州市立八幡病院,北九州市立八幡病院,3,1,3,0,0,0,1,0,,,,,
40,6619050,社会福祉法人恩賜財団済生会支部 福岡県済生会八幡総合病院,社会福祉法人恩賜財団済生会支部福岡県済生会 八幡総合病院,1,1,1,0,0,1,0,0,,,,,
40,6616544,丘ノ規病院,丘ノ規病院,1,0,0,1,0,0,0,0,,,,,
40,6619175,独立行政法人 地域医療機能推進機構 九州病院,独立行政法人地域医療機能推進機構 九州病院,5,2,4,1,0,1,1,0,,,23186.0,6880.0,VERIFIED_NUMERIC
40,6616650,新生会病院,新生会病院,1,1,1,0,0,0,1,0,,,,,
40,6619274,医療法人社団 誠心会 萩原中央病院,医療法人社団誠心会 萩原中央病院,1,0,1,0,0,0,0,0,,,,,
40,6617427,八幡西病院,八幡西病院,1,0,0,0,0,0,0,0,,,,,
40,6619969,医療法人香林会 香月中央病院,医療法人香林会 香月中央病院,1,0,0,1,0,0,0,0,,,,,
40,6629802,八幡慈恵病院,八幡慈恵病院,1,0,0,1,0,0,0,0,,,,,
40,6619217,産業医科大学病院,産業医科大学病院,5,3,5,0,0,3,0,0,,,26737.0,8799.0,VERIFIED_NUMERIC
40,6616965,医療法人しょうわ会フェリシア福岡病院,医療法人しょうわ会　フェリシア福岡病院,1,1,0,1,0,0,1,0,,,,,
40,6617179,医療法人社団 黒崎整形外科病院,医療法人社団黒崎整形外科病院,1,1,0,1,0,0,1,0,,,,,
40,6619225,大平メディカルケア病院,大平メディカルケア病院,1,0,0,1,0,0,0,0,,,,,
40,6617609,医療法人健美会 佐々木病院,医療法人健美会佐々木病院,1,0,0,1,0,0,0,0,,,,,
40,6619332,医療法人財団はまゆう会新王子病院,医療法人財団はまゆう会新王子病院,1,0,0,1,0,0,0,0,,,,,
40,6616304,東筑病院,東筑病院,1,1,0,1,0,0,1,0,,,,,
40,6119523,福岡新水巻病院,福岡新水巻病院,2,2,1,1,0,1,1,0,,,,,
40,6119176,医療法人正周会水巻共立病院,医療法人正周会 水巻共立病院,1,0,0,0,1,0,0,0,,,,,
40,6119424,水北第一病院,水北第一病院,1,0,0,1,0,0,0,0,,,,,
40,6111298,遠賀中間医師会おかがき病院,遠賀中間医師会おかがき病院,1,0,0,1,0,0,0,0,,,,,
40,6111363,遠賀中間医師会おんが病院,遠賀中間医師会おんが病院,1,1,1,0,0,0,1,0,,,,,
40,6119333,医療法人 健愛会 健愛記念病院,医療法人健愛会 健愛記念病院,1,1,1,0,0,0,1,0,,,,,
40,6119275,医療法人 羅寿久会 浅木病院,医療法人羅寿久会 浅木病院,1,1,0,1,0,0,0,1,,,,,
40,7519242,新行橋病院,新行橋病院,2,2,2,0,0,1,1,0,,,,,
40,7519200,新田原聖母病院,医療法人敬愛会 新田原聖母病院,1,1,0,1,0,0,0,1,,,,,
40,7519028,医療法人 起生会 大原病院,医療法人起生会大原病院,1,0,0,1,0,0,0,0,,,,,
40,7519283,医療法人森和会 行橋中央病院,医療法人森和会 行橋中央病院,1,0,0,1,0,0,0,0,,,,,
40,7529068,行橋厚生病院,行橋厚生病院,1,0,0,1,0,0,0,0,,,,,
40,7419021,医療法人社団豊和会 豊前病院,医療法人社団豊和会 豊前病院,1,0,0,1,0,0,0,0,,,,,
40,7319072,社会医療法人 陽明会 小波瀬病院,社会医療法人 陽明会 小波瀬病院,1,1,1,0,0,0,1,0,,,,,
40,7319189,社会医療法人 陽明会 御所病院,社会医療法人陽明会御所病院,1,0,0,1,0,0,0,0,,,,,
40,7319031,健和会京町病院,健和会 京町病院,1,0,0,1,0,0,0,0,,,,,
40,7319023,京都病院,京都病院,1,0,0,1,0,0,0,0,,,,,
40,7219066,医療法人 けやき会 東病院,医療法人けやき会 東病院,1,0,0,1,0,0,0,0,,,,,
40,1025436,社会医療法人財団 白十字会 白十字病院,社会医療法人財団白十字会白十字病院,2,1,2,0,0,1,0,0,,,,,
40,2619385,新古賀リハビリテーション病院みらい,社会医療法人　天神会　新古賀リハビリテーション病院みらい,1,0,1,0,0,0,0,0,,,,,
40,1023365,百年橋リハビリテーション病院,百年橋リハビリテーション病院,1,0,0,1,0,0,0,0,,,,,
41,0118066,医療法人公和会 横須賀病院,医療法人公和会　横須賀病院,1,1,0,1,0,0,1,0,,,,,
41,0115021,福岡病院,福岡病院,2,1,1,1,0,0,1,0,,,,,
41,9910067,佐賀大学医学部附属病院,佐賀大学医学部附属病院,7,3,6,1,0,2,1,0,,,27844.0,11597.0,VERIFIED_NUMERIC
41,9811042,独立行政法人地域医療機能推進機構 佐賀中部病院,独立行政法人地域医療機能推進機構佐賀中部病院,1,1,1,0,0,0,1,0,,,,,
41,1011344,ふじおか病院,医療法人大和正信会ふじおか病院,1,0,0,0,1,0,0,0,,,,,
41,0410620,医療法人 剛友会 諸隈病院,医療法人剛友会諸隈病院,1,0,0,1,0,0,0,0,,,,,
41,0115872,医療法人社団 敬愛会 佐賀記念病院,医療法人社団敬愛会佐賀記念病院,1,1,1,0,0,0,1,0,,,,,
41,9910018,独立行政法人国立病院機構 佐賀病院,独立行政法人国立病院機構佐賀病院,2,1,2,0,0,0,1,0,,,,,
41,0114925,医療法人 春陽会 上村病院,医療法人春陽会上村病院,1,1,1,0,0,0,1,0,,,,,
41,0117183,なゆたの森病院,なゆたの森病院,1,1,1,0,0,1,0,0,,,,,
41,9811349,佐賀県医療センター好生館,佐賀県医療センター好生館,4,2,3,1,0,1,1,0,,,21739.0,7385.0,VERIFIED_NUMERIC
41,0115799,島田病院,医療法人長生会島田病院,1,0,0,1,0,0,0,0,,,,,
41,0115179,サンテ溝上病院,医療法人同愛会サンテ溝上病院,1,1,0,1,0,0,1,0,,,,,
41,1011096,もろどみ中央病院,医療法人社団杠葉会もろどみ中央病院,1,1,0,1,0,0,1,0,,,,,
41,0117571,福田脳神経外科病院,福田脳神経外科病院,1,1,0,1,0,0,1,0,,,,,
41,0113067,医療法人 聖医会 藤川病院,医療法人聖医会 藤川病院,1,0,0,1,0,0,0,0,,,,,
41,0115385,医療法人 仁和会 小池病院,医療法人仁和会小池病院,1,0,1,0,0,0,0,0,,,,,
41,0111392,諸隈病院,医療法人 諸隈病院,1,0,0,1,0,0,0,0,,,,,
41,1311256,江口病院,江口病院,1,0,1,0,0,0,0,0,,,,,
41,1311199,医療法人 ひらまつ病院,医療法人ひらまつ病院,1,1,1,0,0,0,1,0,,,,,
41,2010139,医療法人啓仁会 橋本病院,医療法人啓仁会橋本病院,1,1,1,0,0,0,0,1,,,,,
41,1110963,医療法人 久和会 和田記念病院,医療法人久和会和田記念病院,1,0,0,1,0,0,0,0,,,,,
41,2010154,医療法人社団 啓祐会 神埼病院,医療法人社団啓祐会神埼病院,1,0,0,1,0,0,0,0,,,,,
41,9910042,独立行政法人国立病院機構 肥前精神医療センター,独立行政法人国立病院機構肥前精神医療センター,1,1,1,0,0,0,1,0,,,,,
41,0311935,やよいがおか鹿毛病院,やよいがおか鹿毛病院,1,1,1,0,0,0,1,0,,,,,
41,0311067,松岡病院,松岡病院,1,0,0,1,0,0,0,0,,,,,
41,0311943,医療法人 啓心会 啓心会病院,医療法人啓心会啓心会病院,1,1,1,0,0,1,0,0,,,,,
41,0312370,医療法人 仁徳会 今村病院,医療法人仁徳会 今村病院,1,0,0,1,0,0,0,0,,,,,
41,0312198,すむのさと髙尾病院,医療法人好古堂すむのさと髙尾病院,1,0,0,1,0,0,0,0,,,,,
41,0311331,今村病院,医療法人社団如水会 今村病院,2,1,2,0,0,1,0,0,,,,,
41,1210722,きやま髙尾病院,医療法人好古堂きやま髙尾病院,1,0,0,1,0,0,0,0,,,,,
41,1210920,医療法人 三樹会 三樹病院,医療法人三樹会 三樹病院,1,0,0,1,0,0,0,0,,,,,
41,9910034,独立行政法人国立病院機構 東佐賀病院,独立行政法人国立病院機構東佐賀病院,1,1,1,0,0,0,1,0,,,,,
41,1210441,大島病院,大島病院,1,1,0,1,0,1,0,0,,,,,
41,1411494,医療法人 尚誠会 冬野病院,医療法人 尚誠会 冬野病院,1,0,0,1,0,0,0,0,,,,,
41,9811182,唐津市民病院きたはた,唐津市民病院きたはた,1,0,0,1,0,0,0,0,,,,,
41,0212505,唐津東松浦医師会医療センター,唐津東松浦医師会医療センター,1,1,1,0,0,0,1,0,,,,,
41,1411510,医療法人 至誠堂 宇都宮病院,宇都宮病院,1,0,0,1,0,0,0,0,,,,,
41,0212380,医療法人 修腎会 藤﨑病院,医療法人修腎会藤﨑病院,1,0,0,1,0,0,0,0,,,,,
41,0212349,医療法人 平川病院,医療法人平川病院,1,0,0,1,0,0,0,0,,,,,
41,9811356,唐津赤十字病院,唐津赤十字病院,3,2,2,1,0,1,1,0,,,,,
41,0212810,医療法人 賛健会 城内病院,医療法人賛健会城内病院,1,1,0,1,0,0,0,1,,,,,
41,0212075,唐津第一病院,医療法人社団芳香会唐津第一病院,1,0,0,1,0,0,0,0,,,,,
41,0211978,河畔病院,河畔病院,1,1,1,0,0,0,1,0,,,,,
41,0511799,前田病院,医療法人幸善会前田病院,1,1,0,1,0,0,0,1,,,,,
41,0511773,山元記念病院,社会医療法人謙仁会山元記念病院,1,1,1,0,0,0,1,0,,,,,
41,0512045,隅田医院,医療法人精仁会隅田医院,1,0,0,1,0,0,0,0,,,,,
41,0511369,山口病院,山口病院,1,0,0,1,0,0,0,0,,,,,
41,0511344,小島病院,小島病院,1,0,0,1,0,0,0,0,,,,,
41,0511732,西田病院,医療法人光仁会西田病院,1,1,1,0,0,0,1,0,,,,,
41,9811315,伊万里有田共立病院,伊万里有田共立病院,2,2,2,0,0,0,2,0,,,,,
41,0611284,新武雄病院,新武雄病院,1,2,1,0,0,1,1,0,,,,,
41,0710052,祐愛会 織田病院,社会医療法人祐愛会織田病院,1,1,1,0,0,0,1,0,,,,,
41,0710698,医療法人 犬塚病院,医療法人犬塚病院,1,0,0,1,0,0,0,0,,,,,
41,0710805,医療法人 天心堂 志田病院,医療法人天心堂志田病院,1,0,0,1,0,0,0,0,,,,,
41,0710920,医療法人誠晴會 ふきあげ納富病院,医療法人誠晴會ふきあげ納富病院,1,0,0,1,0,0,0,0,,,,,
41,1710481,嬉野温泉病院,嬉野温泉病院,1,1,0,1,0,0,1,0,,,,,
41,1710572,医療法人 陽明会 樋口病院,医療法人陽明会樋口病院,1,1,0,1,0,0,1,0,,,,,
41,9910075,独立行政法人国立病院機構 嬉野医療センター,独立行政法人国立病院機構嬉野医療センター,2,1,2,0,0,0,1,0,,,,,
41,1611325,順天堂病院,医療法人順天堂順天堂病院,1,0,1,0,0,0,0,0,,,,,
41,1610392,医療法人 敬天堂 古賀病院,古賀病院,1,0,0,1,0,0,0,0,,,,,
41,1611382,医療法人 武岡病院,医療法人武岡病院,1,0,0,1,0,0,0,0,,,,,
41,1610954,白石共立病院,白石共立病院,1,1,1,0,0,0,1,0,,,,,
41,1611671,祐愛会高島病院,社会医療法人祐愛会高島病院,1,0,0,1,0,0,0,0,,,,,
41,1610061,医療法人 醇和会 有島病院,有島病院,1,0,0,1,0,0,0,0,,,,,
41,9811265,町立太良病院,町立太良病院,1,1,1,0,0,0,0,1,,,,,
42,8111047,社会福祉法人十善会 十善会病院,社会福祉法人十善会　十善会病院,1,1,1,0,0,0,1,0,,,,,
42,1124310,医療法人徳洲会 長崎北徳洲会病院,医療法人徳洲会　長崎北徳洲会病院,1,1,1,0,0,0,1,0,,,,,
42,0122034,長崎掖済会病院,長崎掖済会病院,1,1,1,0,0,0,1,0,,,,,
42,0167781,重工記念長崎病院,重工記念長崎病院,1,1,1,0,0,1,0,0,,,,,
42,8010132,長崎大学病院,長崎大学病院,6,4,5,0,0,3,1,0,,,34496.0,11769.0,VERIFIED_NUMERIC
42,0114510,社会医療法人 春回会 井上病院,社会医療法人春回会　井上病院,2,1,2,0,0,0,1,0,,,,,
42,0125458,一般社団法人是真会 長崎リハビリテーション病院,一般社団法人是真会　長崎リハビリテーション病院,1,0,0,1,0,0,0,0,,,,,
42,0128718,医療法人 光晴会病院,医療法人　光晴会病院,1,0,1,0,0,0,0,0,,,,,
42,0128684,医療法人稲仁会 三原台病院,医療法人稲仁会　三原台病院,1,1,0,1,0,0,1,0,,,,,
42,0118214,社会医療法人 長崎記念病院,長崎記念病院,1,1,1,0,0,0,1,0,,,,,
42,0163566,医療法人緑風会 長崎みどり病院,医療法人緑風会　長崎みどり病院,1,0,1,0,0,0,0,0,,,,,
42,0120285,医療法人慈恵会 小江原中央病院,小江原中央病院,1,0,0,1,0,0,0,0,,,,,
42,8010058,独立行政法人国立病院機構 長崎病院,独立行政法人国立病院機構　長崎病院,1,1,0,1,0,0,1,0,,,,,
42,0162659,医療法人恵会 光風台病院,医療法人恵会　光風台病院,1,0,0,1,0,0,0,0,,,,,
42,0115954,聖フランシスコ病院,宗教法人聖フランシスコ病院会　聖フランシスコ病院,1,1,1,0,0,0,1,0,,,,,
42,0119634,社会医療法人健友会 上戸町病院,社会医療法人健友会　上戸町病院,1,1,1,0,0,0,0,1,,,,,
42,8113308,社会福祉法人恩賜財団済生会支部 済生会長崎病院,社会福祉法人恩賜財団済生会支部済生会長崎病院,2,1,2,0,0,0,1,0,,,,,
42,1123239,長崎友愛病院,長崎友愛病院,1,0,0,1,0,0,0,0,,,,,
42,8113241,日本赤十字社 長崎原爆病院,日本赤十字社長崎原爆病院,2,1,1,1,0,1,0,0,,,,,
42,1123312,医療法人外海弘仁会 日浦病院,医療法人外海弘仁会　日浦病院,1,1,0,1,0,0,1,0,,,,,
42,0129575,医療法人昭和会 昭和会病院,医療法人昭和会　昭和会病院,1,1,1,0,0,0,1,0,,,,,
42,0150431,医療法人厚生会 虹が丘病院,医療法人厚生会　虹が丘病院,1,0,0,1,0,0,0,0,,,,,
42,0167047,ニュー琴海病院,ニュー琴海病院,1,1,0,1,0,0,1,0,,,,,
42,0163889,医療法人健正会 大久保病院,医療法人健正会　大久保病院,1,0,1,0,0,0,0,0,,,,,
42,0128155,医療法人和仁会 和仁会病院,医療法人和仁会　和仁会病院,1,1,0,1,0,0,1,0,,,,,
42,0167542,出島病院,出島病院,1,0,0,0,1,0,0,0,,,,,
42,0160521,医療法人衆和会 長崎腎病院,医療法人衆和会　長崎腎病院,1,0,1,0,0,0,0,0,,,,,
42,0123164,医療法人保善会 田上病院,医療法人保善会　田上病院,1,1,1,0,0,0,1,0,,,,,
42,1123429,医療法人常葉会 長与病院,医療法人常葉会　長与病院,1,0,0,1,0,0,0,0,,,,,
42,1122728,医療法人平成会 女の都病院,医療法人 平成会 女の都病院,1,0,0,1,0,0,0,0,,,,,
42,1112026,医療法人光善会 長崎百合野病院,長崎百合野病院,1,1,1,0,0,0,1,0,,,,,
42,1121936,医療法人啓正会 清水病院,清水病院,2,1,2,0,0,0,1,0,,,,,
42,1123965,社会医療法人春回会 長崎北病院,長崎北病院,2,1,0,1,0,1,0,0,,,,,
42,0225985,サン・レモ リハビリ病院,サン・レモ リハビリ病院,1,0,0,1,0,0,0,0,,,,,
42,0221927,医療法人雄人会 三川内病院,三川内病院,1,0,1,0,0,0,0,0,,,,,
42,0222271,医療法人是心会 久保内科病院,医療法人是心会　久保内科病院,1,0,0,1,0,0,0,0,,,,,
42,8110031,国家公務員共済組合連合会 佐世保共済病院,国家公務員共済組合連合会　佐世保共済病院,1,2,1,0,0,0,2,0,,,,,
42,0225613,医療法人光省会 福田外科病院,医療法人光省会　福田外科病院,1,1,1,0,0,0,1,0,,,,,
42,8124230,地方独立行政法人 北松中央病院,地方独立行政法人　北松中央病院,1,1,1,0,0,0,1,0,,,,,
42,8124677,佐世保市総合医療センター,佐世保市総合医療センター,4,2,4,0,0,1,1,0,,,,,
42,8110015,独立行政法人労働者健康安全機構 長崎労災病院,独立行政法人労働者健康安全機構　長崎労災病院,1,2,1,0,0,1,1,0,,,,,
42,0211340,特定医療法人雄博会 千住病院,特定医療法人雄博会 千住病院,1,0,1,0,0,0,0,0,,,,,
42,0227031,医療法人アリス会 京町病院,医療法人アリス会　京町病院,2,0,0,1,0,0,0,0,,,,,
42,0210243,社会医療法人財団 白十字会 燿光リハビリテーション病院,燿光リハビリテーション病院,1,0,1,0,0,0,0,0,,,,,
42,0225001,医療法人誠愛会 佐世保記念病院,佐世保記念病院,1,0,1,0,0,0,0,0,,,,,
42,0226892,医療法人 わかば会 俵町浜野病院,医療法人わかば会　俵町浜野病院,1,0,1,0,0,0,0,0,,,,,
42,1521184,医療法人十全会 潜竜徳田循環器科内科整形外科病院,医療法人十全会　潜竜徳田循環器科内科整形外科病院,1,0,0,1,0,0,0,0,,,,,
42,0226249,社会医療法人財団 白十字会 佐世保中央病院,社会医療法人財団白十字会佐世保中央病院,3,2,1,1,0,1,1,0,,,,,
42,8123604,国民健康保険平戸市民病院,国民健康保険平戸市民病院,1,1,1,0,0,0,1,0,,,,,
42,1521366,医療法人裕光会 谷川病院,医療法人裕光会　谷川病院,1,0,1,0,0,0,0,0,,,,,
42,1511458,青洲会病院,青洲会病院,1,1,1,0,0,0,1,0,,,,,
42,0720324,医療法人 医理会 柿添病院,柿添病院,1,1,1,0,0,0,0,1,,,,,
42,8124305,平戸市立生月病院,平戸市立生月病院,1,0,0,1,0,0,0,0,,,,,
42,0820447,医療法人長愛会 菊地病院,医療法人長愛会　菊地病院,1,0,0,1,0,0,0,0,,,,,
42,1320520,医療法人二輝会 佐藤病院,医療法人二輝会 佐藤病院,1,0,0,1,0,0,0,0,,,,,
42,0421113,医療法人和光会 恵寿病院,医療法人和光会　恵寿病院,1,0,0,1,0,0,0,0,,,,,
42,8110379,長崎県立こども医療福祉センター,長崎県立こども医療福祉センター,1,0,0,1,0,0,0,0,,,,,
42,0412104,医療法人祥仁会 西諫早病院,医療法人祥仁会　西諫早病院,1,1,0,1,0,0,1,0,,,,,
42,8111393,独立行政法人地域医療機能推進機構 諫早総合病院,独立行政法人地域医療機能推進機構　諫早総合病院,4,2,2,2,0,1,1,0,,,,,
42,8124248,日本赤十字社 長崎原爆諫早病院,日本赤十字社長崎原爆諫早病院,1,1,1,0,0,0,1,0,,,,,
42,0423275,山﨑病院,山﨑病院,1,0,0,1,0,0,0,0,,,,,
42,1122355,医療法人社団淳生会 慈恵病院,医療法人社団淳生会　慈恵病院,1,0,1,0,0,0,0,0,,,,,
42,0411619,社会医療法人三佼会 宮崎病院,社会医療法人三佼会　宮崎病院,1,1,1,0,0,0,1,0,,,,,
42,0422004,医療法人社団尚整会 菅整形外科病院,医療法人社団尚整会　菅整形外科病院,1,1,0,1,0,0,1,0,,,,,
42,0411056,諫早記念病院,諫早記念病院,1,1,1,0,0,0,1,0,,,,,
42,1320397,医療法人社団大塚会 唐比病院,医療法人社団大塚会　唐比病院,1,0,0,0,0,0,0,0,,,,,
42,8113035,市立大村市民病院,市立大村市民病院,1,1,1,0,0,0,1,0,,,,,
42,8010066,独立行政法人国立病院機構 長崎医療センター,独立行政法人国立病院機構　長崎医療センター,5,2,4,1,0,1,1,0,,,20701.0,7479.0,VERIFIED_NUMERIC
42,0511012,医療法人慧明会 貞松病院,医療法人慧明会　貞松病院,1,1,0,1,0,0,1,0,,,,,
42,0511079,中澤病院,中澤病院,1,0,0,1,0,0,0,0,,,,,
42,0521466,医療法人仁寿会 南野病院,南野病院,1,0,0,1,0,0,0,0,,,,,
42,8010165,独立行政法人国立病院機構 長崎川棚医療センター,独立行政法人国立病院機構　長崎川棚医療センター,2,1,1,0,1,0,1,0,,,,,
42,1210697,波佐見病院,波佐見病院,1,0,0,0,1,0,0,0,,,,,
42,0321123,医療法人社団威光会 松岡病院,医療法人社団威光会　松岡病院,1,1,0,1,0,0,1,0,,,,,
42,8124529,長崎県島原病院,長崎県島原病院,2,2,1,1,0,1,1,0,,,,,
42,0320802,医療法人社団東洋会 池田病院,池田病院,1,0,1,0,0,0,0,0,,,,,
42,0320489,新生病院,新生病院,1,0,0,0,1,0,0,0,,,,,
42,1422045,医療法人有隣会 貴田神経内科・呼吸器科・内科病院,医療法人有隣会　貴田神経内科・呼吸器科・内科病院,1,1,0,0,1,0,1,0,,,,,
42,0320398,医療法人済家会 柴田長庚堂病院,柴田長庚堂病院,1,1,0,1,0,0,1,0,,,,,
42,1421484,医療法人伴帥会 愛野記念病院,愛野記念病院,1,2,1,0,0,0,2,0,,,,,
42,8123695,公立小浜温泉病院,公立小浜温泉病院,1,1,1,0,0,0,1,0,,,,,
42,1421963,医療法人栄和会 泉川病院,泉川病院,1,1,1,0,0,0,1,0,,,,,
42,1422102,医療法人 南風会 浦上病院,医療法人南風会　浦上病院,1,0,0,0,1,0,0,0,,,,,
42,1420080,医療法人 博愛会 哲翁病院,哲翁病院,1,0,0,1,0,0,0,0,,,,,
42,1422227,医療法人弘池会 口之津病院,医療法人　弘池会　口之津病院,1,1,0,0,1,0,0,1,,,,,
42,8124446,長崎県富江病院,長崎県富江病院,1,0,0,1,0,0,0,0,,,,,
42,0620672,医療法人社団厚善会 郡家病院,医療法人社団厚善会　郡家病院,1,0,0,0,0,0,0,0,,,,,
42,0620524,聖マリア病院,聖マリア病院,1,0,0,1,0,0,0,0,,,,,
42,8124487,長崎県五島中央病院,長崎県五島中央病院,2,1,2,0,0,0,1,0,,,,,
42,8124438,長崎県上五島病院,長崎県上五島病院,1,1,1,0,0,0,1,0,,,,,
42,8124636,長崎県壱岐病院,長崎県壱岐病院,1,1,1,0,0,0,1,0,,,,,
42,1720430,社会医療法人玄州会 光武内科循環器科病院,光武内科循環器科病院,1,1,1,0,0,0,1,0,,,,,
42,1720356,医療法人（社団）協生会 品川病院,品川病院,1,0,0,0,1,0,0,0,,,,,
42,8124495,長崎県上対馬病院,長崎県上対馬病院,1,0,1,0,0,0,0,0,,,,,
42,8124651,長崎県対馬病院,長崎県対馬病院,2,1,2,0,0,0,1,0,,,,,
42,0228039,佐世保国際通り病院,佐世保国際通り病院,1,0,1,0,0,0,0,0,,,,,
42,8124727,独立行政法人地域医療機能推進機構 松浦中央病院,独立行政法人地域医療機能推進機構　松浦中央病院,1,1,1,0,0,0,1,0,,,,,
43,0125770,熊本泌尿器科病院,熊本泌尿器科病院,1,0,0,1,0,0,0,0,,,,,
43,0128691,熊本脳神経外科病院,熊本脳神経外科病院,1,1,1,0,0,1,0,0,,,,,
43,0118080,水前寺とうや病院,水前寺とうや病院,1,0,1,0,0,0,0,0,,,,,
43,0116431,杉村病院,杉村病院,1,2,1,0,0,1,1,0,,,,,
43,0123197,くまもと乳腺外科病院,くまもと乳腺外科病院,1,0,1,0,0,0,0,0,,,,,
43,0123478,帯山中央病院,帯山中央病院,1,0,0,1,0,0,0,0,,,,,
43,7110460,大腸肛門病センター高野病院,大腸肛門病センター高野病院,1,0,1,0,0,0,0,0,,,,,
43,0125804,田上心臓リハビリテーション病院,田上心臓リハビリテーション病院,1,0,0,1,0,0,0,0,,,,,
43,0127925,十善病院,十善病院,1,0,1,0,0,0,0,0,,,,,
43,7110130,熊本託麻台リハビリテーション病院,熊本託麻台リハビリテーション病院,1,1,1,0,0,0,1,0,,,,,
43,0119328,熊本市医師会熊本地域医療センター,一般社団法人 熊本市医師会 熊本地域医療センター,2,2,2,0,0,1,1,0,,,,,
43,0116308,熊本内科病院,熊本内科病院,1,1,0,1,0,0,0,1,,,,,
43,7110718,熊本整形外科病院,熊本整形外科病院,1,2,1,0,0,1,1,0,,,,,
43,0126083,表参道 吉田病院,表参道吉田病院,1,0,1,0,0,0,0,0,,,,,
43,0116274,くわみず病院,くわみず病院,1,0,1,0,0,0,0,0,,,,,
43,8110501,独立行政法人国立病院機構熊本医療センター,独立行政法人国立病院機構熊本医療センター,3,2,3,0,0,1,1,0,,,,,
43,0128006,伊東歯科口腔病院,伊東歯科口腔病院,1,0,0,0,0,0,0,0,,,,,
43,8111269,熊本大学病院,熊本大学病院,6,4,3,0,0,4,0,0,,,23771.0,9296.0,VERIFIED_NUMERIC
43,7110445,くまもと森都総合病院,くまもと森都総合病院,1,1,0,1,0,1,0,0,,,,,
43,0116282,江南病院,江南病院,1,1,1,0,0,0,1,0,,,,,
43,0123668,陣内病院,陣内病院,1,1,1,0,0,0,1,0,,,,,
43,0116704,九州記念病院,九州記念病院,1,1,1,0,0,0,1,0,,,,,
43,0122223,川野病院,川野病院,1,0,0,1,0,0,0,0,,,,,
43,0119104,成尾整形外科病院,成尾整形外科病院,1,1,1,0,0,0,1,0,,,,,
43,8210079,熊本赤十字病院,熊本赤十字病院,4,3,4,0,0,1,2,0,,,25448.0,9223.0,VERIFIED_NUMERIC
43,0120656,比企病院,比企病院,2,0,0,2,0,0,0,0,,,,,
43,0122496,鶴田病院,鶴田病院,1,0,1,0,0,0,0,0,,,,,
43,0127651,保田窪整形外科病院,医療法人保田窪会 保田窪整形外科病院,1,1,0,1,0,0,1,0,,,,,
43,8210327,熊本市立熊本市民病院,熊本市立熊本市民病院,3,2,2,1,0,1,1,0,,,,,
43,0120730,医療法人財団聖十字会 西日本病院,西日本病院,1,1,1,0,0,1,0,0,,,,,
43,0118338,くまもと在宅支援病院,くまもと在宅支援病院,1,0,0,1,0,0,0,0,,,,,
43,0124617,本庄内科病院,本庄内科病院,1,0,0,1,0,0,0,0,,,,,
43,0125044,くまもと成仁病院,くまもと成仁病院,1,0,0,1,0,0,0,0,,,,,
43,0117108,医療法人金澤会 青磁野リハビリテーション病院,医療法人金澤会 青磁野リハビリテーション病院,1,1,1,0,0,0,1,0,,,,,
43,0122553,山口病院,山口病院,1,0,0,0,0,0,0,0,,,,,
43,7410084,にしくまもと病院,医療法人 相生会 にしくまもと病院,1,1,1,0,0,0,1,0,,,,,
43,0117280,桜十字病院,桜十字病院,1,1,1,0,0,0,1,0,,,,,
43,0128196,ひかりテラス病院,ひかりテラス病院,1,0,0,1,0,0,0,0,,,,,
43,0116399,熊本第一病院,熊本第一病院,1,0,0,1,0,0,0,0,,,,,
43,0119625,御幸病院,御幸病院,1,0,1,0,0,0,0,0,,,,,
43,0128188,小林病院,小林病院,1,0,0,1,0,0,0,0,,,,,
43,8210723,熊本中央病院,熊本中央病院,2,2,2,0,0,1,1,0,,,,,
43,0128915,平成とうや病院,平成とうや病院,1,0,0,1,0,0,0,0,,,,,
43,0128170,くまもと南部広域病院,くまもと南部広域病院,1,1,1,0,0,0,1,0,,,,,
43,0121373,あきた病院,あきた病院,1,0,0,1,0,0,0,0,,,,,
43,8211911,済生会熊本病院,済生会熊本病院,6,4,6,0,0,2,2,0,,,40149.0,9706.0,VERIFIED_NUMERIC
43,0114949,東病院,医療法人東陽会 東病院,1,0,0,1,0,0,0,0,,,,,
43,7410027,医療法人 憲和会 南部中央病院,医療法人 憲和会 南部中央病院,1,1,0,1,0,0,0,1,,,,,
43,7310144,上代成城病院,上代成城病院,1,0,0,1,0,0,0,0,,,,,
43,0119872,医療法人 朝日野会 朝日野総合病院,朝日野総合病院,2,1,2,0,0,0,1,0,,,,,
43,0121480,寺尾病院,寺尾病院,1,1,1,0,0,0,1,0,,,,,
43,0121472,菊南病院,菊南病院,1,0,0,1,0,0,0,0,,,,,
43,8212349,熊本市立植木病院,熊本市立植木病院,1,1,1,0,0,0,1,0,,,,,
43,0125341,北部病院,北部病院,1,0,0,1,0,0,0,0,,,,,
43,0118528,くまもと成城病院,くまもと成城病院,1,0,1,0,0,0,0,0,,,,,
43,0119468,熊本機能病院,熊本機能病院,1,2,1,0,0,1,1,0,,,,,
43,8110485,独立行政法人国立病院機構熊本南病院,独立行政法人国立病院機構熊本南病院,1,1,1,0,0,0,1,0,,,,,
43,1410197,宇城総合病院,宇城総合病院,1,1,0,1,0,0,1,0,,,,,
43,1410627,桜十字熊本宇城病院,桜十字熊本宇城病院,1,0,0,1,0,0,0,0,,,,,
43,8210962,熊本県こども総合療育センター,熊本県こども総合療育センター,1,0,0,1,0,0,0,0,,,,,
43,1410478,あおば病院,あおば病院,1,0,0,1,0,0,0,0,,,,,
43,8212331,済生会みすみ病院,済生会みすみ病院,1,1,1,0,0,0,1,0,,,,,
43,2311220,くまもと温石病院,くまもと温石病院,1,0,0,1,0,0,0,0,,,,,
43,2311774,間部病院,間部病院,1,0,0,1,0,0,0,0,,,,,
43,0410859,荒尾中央病院,荒尾中央病院,1,0,0,1,0,0,0,0,,,,,
43,8210533,荒尾市立 有明医療センター,荒尾市立有明医療センター,2,1,2,0,0,0,1,0,,,,,
43,0410651,新生翠病院,新生翠病院,1,0,1,0,0,0,0,0,,,,,
43,1810222,医療法人 悠紀会病院,医療法人悠紀会病院,1,0,1,0,0,0,0,0,,,,,
43,2410873,有明成仁病院,有明成仁病院,1,0,0,1,0,0,0,0,,,,,
43,8210046,国民健康保険和水町立病院,国民健康保険 和水町立病院,1,0,1,0,0,0,0,0,,,,,
43,1310181,山鹿温泉リハビリテーション病院,山鹿温泉リハビリテーション病院,1,1,0,1,0,0,0,1,,,,,
43,1310017,山鹿中央病院,山鹿中央病院,1,1,1,0,0,0,1,0,,,,,
43,1310298,三森循環器科・呼吸器科病院,三森循環器科・呼吸器科病院,1,0,0,1,0,0,0,0,,,,,
43,8210095,山鹿市民医療センター,山鹿市民医療センター,1,1,1,0,0,0,1,0,,,,,
43,1310041,保利病院,保利病院,1,1,0,1,0,0,1,0,,,,,
43,1610317,岸病院,岸病院,1,0,0,1,0,0,0,0,,,,,
43,1610432,川口病院,川口病院,1,0,0,1,0,0,0,0,,,,,
43,1610069,菊池郡市医師会立病院,菊池郡市医師会立病院,1,1,1,0,0,1,0,0,,,,,
43,1610044,菊池中央病院,菊池中央病院,1,0,0,1,0,0,0,0,,,,,
43,8112291,国立療養所菊池恵楓園,国立療養所菊池恵楓園,1,0,0,1,0,0,0,0,,,,,
43,8110477,独立行政法人国立病院機構熊本再春医療センター,独立行政法人国立病院機構熊本再春医療センター,1,1,1,0,0,0,1,0,,,,,
43,8112143,独立行政法人国立病院機構菊池病院,独立行政法人国立病院機構菊池病院,1,1,0,1,0,0,1,0,,,,,
43,1910196,合志第一病院,合志第一病院,1,0,0,1,0,0,0,0,,,,,
43,2611736,阿梨花病院大津,阿梨花病院大津,1,0,0,1,0,0,0,0,,,,,
43,2611496,熊本セントラル病院,熊本セントラル病院,1,1,1,0,0,1,0,0,,,,,
43,2611140,熊本リハビリテーション病院,熊本リハビリテーション病院,1,1,1,0,0,1,0,0,,,,,
43,2611272,菊陽台病院,菊陽台病院,1,1,0,1,0,0,0,1,,,,,
43,2612338,東熊本第二病院,東熊本第二病院,1,0,0,1,0,0,0,0,,,,,
43,1510020,医療法人社団大徳会 大阿蘇病院,大阿蘇病院,1,0,0,1,0,0,0,0,,,,,
43,8210558,阿蘇医療センター,阿蘇医療センター,1,1,1,0,0,0,1,0,,,,,
43,1510079,阿蘇温泉病院,阿蘇温泉病院,1,0,0,1,0,0,0,0,,,,,
43,8210749,小国公立病院,小国公立病院,1,1,1,0,0,0,0,1,,,,,
43,2711114,阿蘇立野病院,阿蘇立野病院,1,1,1,0,0,0,0,1,,,,,
43,2810809,リハビリテーションセンター熊本回生会病院,リハビリテーションセンター 熊本回生会病院,1,1,0,1,0,0,1,0,,,,,
43,2811013,さくら病院,さくら病院,1,0,0,1,0,0,0,0,,,,,
43,2810684,医療法人 荒瀬会 荒瀬病院,医療法人荒瀬会 荒瀬病院,1,0,0,1,0,0,0,0,,,,,
43,2810718,谷田病院,谷田病院,1,0,0,1,0,0,0,0,,,,,
43,8210053,山都町包括医療センターそよう病院,山都町包括医療センターそよう病院,1,1,0,1,0,0,0,1,,,,,
43,2810692,矢部広域病院,矢部広域病院,1,1,0,1,0,0,0,1,,,,,
43,2811096,瀬戸病院,瀬戸病院,1,0,0,1,0,0,0,0,,,,,
43,1710125,桜十字八代病院,桜十字八代病院,1,0,0,1,0,0,0,0,,,,,
43,8211358,独立行政法人地域医療機能推進機構 熊本総合病院,独立行政法人地域医療機能推進機構 熊本総合病院,2,2,2,0,0,1,1,0,,,,,
43,1710257,八代敬仁病院,八代敬仁病院,1,0,0,1,0,0,0,0,,,,,
43,8210947,独立行政法人労働者健康安全機構 熊本労災病院,独立行政法人労働者健康安全機構熊本労災病院,2,2,2,0,0,1,1,0,,,,,
43,2911011,八代北部地域医療センター,八代北部地域医療センター,1,0,0,1,0,0,0,0,,,,,
43,0510724,白梅病院,医療法人啓愛会 白梅病院,1,0,0,1,0,0,0,0,,,,,
43,0510443,医療法人岡部病院,岡部病院,1,1,1,0,0,0,0,1,,,,,
43,8210988,国保 水俣市立総合医療センター,国保水俣市立総合医療センター,2,2,2,0,0,1,1,0,,,,,
43,0510625,水俣協立病院,水俣協立病院,1,0,0,1,0,0,0,0,,,,,
43,3010359,くまもと芦北療育医療センター,くまもと芦北療育医療センター,1,0,0,1,0,0,0,0,,,,,
43,0310927,医療法人敬生会 外山胃腸病院,外山胃腸病院,1,0,1,0,0,0,0,0,,,,,
43,0311347,人吉リハビリテーション病院,人吉リハビリテーション病院,1,0,0,0,1,0,0,0,,,,,
43,0310554,愛生記念病院,愛生記念病院,1,1,1,0,0,0,0,1,,,,,
43,8211366,独立行政法人地域医療機能推進機構 人吉医療センター,独立行政法人地域医療機能推進機構 人吉医療センター,3,2,2,0,0,1,1,0,,,,,
43,0310539,医療法人朝日野会 球磨病院,医療法人朝日野会球磨病院,1,0,1,0,0,0,0,0,,,,,
43,0311172,堤病院,堤病院,1,0,0,1,0,0,0,0,,,,,
43,0310521,万江病院,万江病院,1,0,0,1,0,0,0,0,,,,,
43,8212273,球磨郡公立多良木病院,球磨郡公立多良木病院,1,1,1,0,0,0,1,0,,,,,
43,3110837,東病院,誠心会東病院,1,0,0,1,0,0,0,0,,,,,
43,8211689,上天草市立上天草総合病院,上天草市立上天草総合病院,1,1,1,0,0,0,1,0,,,,,
43,2010293,ニュー天草病院,ニュー天草病院,1,0,0,1,0,0,0,0,,,,,
43,2010517,医療法人社団 福本会 福本病院,医療法人社団福本会 福本病院,1,0,0,1,0,0,0,0,,,,,
43,2010590,天草厚生病院,天草厚生病院,1,0,0,1,0,0,0,0,,,,,
43,2010665,天草セントラル病院,天草セントラル病院,1,0,0,1,0,0,0,0,,,,,
43,8211374,独立行政法人地域医療機能推進機構 天草中央総合病院,独立行政法人地域医療機能推進機構 天草中央総合病院,2,1,2,0,0,1,0,0,,,,,
43,8211770,国民健康保険天草市立新和病院,国民健康保険 天草市立 新和病院,1,0,1,0,0,0,0,0,,,,,
43,8212083,天草市立牛深市民病院,天草市立 牛深市民病院,1,1,1,0,0,0,1,0,,,,,
43,8210061,国民健康保険天草市立河浦病院,国民健康保険 天草市立 河浦病院,1,0,0,1,0,0,0,0,,,,,
43,2010103,天草第一病院,天草第一病院,1,1,1,0,0,0,1,0,,,,,
43,2010145,一般社団法人天草郡市医師会立 天草地域医療センター,一般社団法人天草郡市医師会立天草地域医療センター,3,2,2,1,0,1,1,0,,,,,
43,8211564,天草市立栖本病院,天草市立 栖本病院,1,0,1,0,0,0,0,0,,,,,
43,3211809,天草慈恵病院,天草慈恵病院,1,1,1,0,0,0,0,1,,,,,
43,3211361,天草郡市医師会立苓北医師会病院,天草郡市医師会立 苓北医師会病院,1,0,1,0,0,0,0,0,,,,,
43,1710133,桜十字八代リハビリテーション病院,桜十字八代リハビリテーション病院,1,1,0,0,1,0,0,1,,,,,
43,8212356,くまもと県北病院,くまもと県北病院,2,2,2,0,0,1,1,0,,,,,
44,0213419,別府湾腎泌尿器病院,別府湾腎泌尿器病院,1,1,0,1,0,0,1,0,,,,,
44,0213526,内田病院,内田病院,1,1,0,1,0,0,1,0,,,,,
44,0211306,別府中央病院,別府中央病院,1,1,0,1,0,0,1,0,,,,,
44,0211256,大分県厚生連鶴見病院,大分県厚生連鶴見病院,3,2,2,1,0,0,2,0,,,,,
44,0214839,野口病院,野口病院,2,1,0,1,1,0,1,0,,,,,
44,8010023,独立行政法人国立病院機構 別府医療センター,独立行政法人国立病院機構別府医療センター,2,1,2,0,0,0,1,0,,,,,
44,0214367,清瀬病院,清瀬病院,1,0,0,1,0,0,0,0,,,,,
44,0213708,畑病院,畑病院,1,0,0,1,0,0,0,0,,,,,
44,0210084,国家公務員共済組合連合会新別府病院,国家公務員共済組合連合会 新別府病院,2,1,2,0,0,0,1,0,,,,,
44,0214201,児玉病院,児玉病院,1,0,0,1,0,0,0,0,,,,,
44,0212098,黒木記念病院,黒木記念病院,1,1,0,1,0,0,1,0,,,,,
44,8110054,独立行政法人国立病院機構 西別府病院,独立行政法人国立病院機構西別府病院,1,1,1,0,0,0,1,0,,,,,
44,8211373,九州大学病院別府病院,九州大学病院別府病院,1,1,1,0,0,1,0,0,,,,,
44,0210654,中村病院,中村病院,1,1,0,1,0,0,1,0,,,,,
44,0214177,石垣病院,石垣病院,1,0,0,1,0,0,0,0,,,,,
44,0214755,医療法人百善会 村橋病院,医療法人百善会 村橋病院,1,0,0,1,0,0,0,0,,,,,
44,0212403,農協共済別府リハビリテーションセンター,農協共済別府リハビリテーションセンター,1,0,1,0,0,0,0,0,,,,,
44,0215059,医療法人財団親幸会 浜脇記念病院,医療法人財団親幸会浜脇記念病院,1,0,0,1,0,0,0,0,,,,,
44,1010210,杵築中央病院,医療法人恵友会　杵築中央病院,1,0,1,0,0,0,0,0,,,,,
44,1010632,杵築市立山香病院,杵築市立山香病院,1,1,1,0,0,0,1,0,,,,,
44,1410113,国東市民病院,国東市民病院,1,1,1,0,0,0,1,0,,,,,
44,1410022,国見病院,国見病院,1,0,0,0,0,0,0,0,,,,,
44,1410170,あおぞら病院,あおぞら病院,1,0,0,1,0,0,0,0,,,,,
44,2210736,鈴木病院,鈴木病院,1,1,0,1,0,0,0,1,,,,,
44,2210595,日出児玉病院,日出児玉病院,1,0,1,0,0,0,0,0,,,,,
44,2210751,サンライズ酒井病院,サンライズ酒井病院,1,1,0,1,0,0,1,0,,,,,
44,0116521,織部病院,織部病院,1,0,0,1,0,0,0,0,,,,,
44,0122420,社会医療法人関愛会 坂ノ市病院,坂ノ市病院,1,0,0,1,0,0,0,0,,,,,
44,8310100,大分県立病院,大分県立病院,4,2,3,1,0,1,1,0,,,17131.0,5128.0,VERIFIED_NUMERIC
44,0117925,社会医療法人財団天心堂へつぎ病院,社会医療法人財団天心堂へつぎ病院,1,1,1,0,0,0,1,0,,,,,
44,0111043,今村病院,医療法人芝蘭会 今村病院,1,1,1,0,0,0,1,0,,,,,
44,0122875,医療法人慈善会 膳所病院,医療法人　慈善会　膳所病院,1,0,0,1,0,0,0,0,,,,,
44,0115317,医療法人社団三杏会 仁医会病院,医療法人 社団三杏会 仁医会病院,1,1,1,0,0,0,1,0,,,,,
44,0116489,大分整形外科病院,大分整形外科病院,2,2,1,0,0,0,2,0,,,,,
44,0122255,大分循環器病院,医療法人輝心会 大分循環器病院,1,0,1,0,0,0,0,0,,,,,
44,8111631,独立行政法人国立病院機構 大分医療センター,独立行政法人国立病院機構大分医療センター,2,1,1,0,1,0,1,0,,,,,
44,0115788,大分岡病院,大分岡病院,2,1,2,0,0,0,1,0,,,,,
44,0121091,大分市医師会立アルメイダ病院,大分市医師会立アルメイダ病院,2,2,2,0,0,1,1,0,,,,,
44,0115564,大分県勤労者医療生活協同組合 大分協和病院,大分県勤労者医療生活協同組合 大分協和病院,1,0,0,1,0,0,0,0,,,,,
44,0118659,だいかく病院,だいかく病院,1,0,0,1,0,0,0,0,,,,,
44,8310043,大分赤十字病院,大分赤十字病院,3,1,1,2,0,0,1,0,,,,,
44,0120556,大分リハビリテーション病院,大分リハビリテーション病院,1,1,0,1,0,0,1,0,,,,,
44,0120184,塚川第一病院,塚川第一病院,1,0,1,0,0,0,0,0,,,,,
44,0123550,大分中村病院,社会医療法人恵愛会 大分中村病院,2,1,1,1,0,0,1,0,,,,,
44,0115531,医療法人社団親和会 えとう内科病院,えとう内科病院,1,0,0,1,0,0,0,0,,,,,
44,0119319,大分こども病院,大分こども病院,1,0,1,0,0,0,0,0,,,,,
44,0118816,井野辺病院,井野辺病院,1,1,1,0,0,0,1,0,,,,,
44,0115457,大分共立病院,大分共立病院,1,0,1,0,0,0,0,0,,,,,
44,0114864,大分健生病院,大分健生病院,1,0,0,1,0,0,0,0,,,,,
44,0114369,明野中央病院,明野中央病院,2,1,0,1,0,0,1,0,,,,,
44,0123253,河野脳神経外科病院,河野脳神経外科病院,1,2,1,0,0,1,1,0,,,,,
44,0122339,永冨記念病院,永冨記念病院,1,0,0,0,0,0,0,0,,,,,
44,0117487,小深田消化器病院,小深田消化器病院,1,1,0,1,0,0,0,1,,,,,
44,0115622,永冨脳神経外科病院,永冨脳神経外科病院,1,2,1,0,0,1,1,0,,,,,
44,0120622,大分三愛メディカルセンター,大分三愛メディカルセンター,1,1,1,0,0,0,1,0,,,,,
44,0114765,大分泌尿器科病院,大分泌尿器科病院,1,0,0,1,0,0,0,0,,,,,
44,0115606,医療法人八宏会 有田胃腸病院,有田胃腸病院,1,1,1,0,0,0,1,0,,,,,
44,0121158,オアシス第一病院,オアシス第一病院,1,1,0,1,0,0,1,0,,,,,
44,0120440,社会医療法人 関愛会 佐賀関病院,社会医療法人関愛会 佐賀関病院,1,1,0,1,0,0,0,1,,,,,
44,0121802,医療法人 いつわ会 藤島病院,医療法人いつわ会 藤島病院,1,0,0,1,0,0,0,0,,,,,
44,0611083,臼杵市医師会立コスモス病院,臼杵市医師会立コスモス病院,1,1,1,0,0,0,1,0,,,,,
44,0611133,白川病院,白川病院,1,0,0,1,0,0,0,0,,,,,
44,0611448,臼杵病院,臼杵病院,1,0,0,1,0,0,0,0,,,,,
44,0710620,津久見市医師会立津久見中央病院,津久見市医師会立津久見中央病院,1,1,0,1,0,0,1,0,,,,,
44,1310040,日野病院,日野病院,1,0,0,1,0,0,0,0,,,,,
44,8210672,大分大学医学部附属病院,大分大学医学部附属病院,5,3,5,0,0,3,0,0,,,23192.0,7892.0,VERIFIED_NUMERIC
44,1310016,独立行政法人地域医療機能推進機構 湯布院病院,独立行政法人地域医療機能推進機構 湯布院病院,1,1,1,0,0,0,1,0,,,,,
44,0511416,佐伯中央病院,佐伯中央病院,1,1,0,1,0,0,1,0,,,,,
44,0511952,御手洗病院,御手洗病院,1,0,0,1,0,0,0,0,,,,,
44,0512265,独立行政法人地域医療機能推進機構 南海医療センター,独立行政法人地域医療機能推進機構 南海医療センター,1,1,1,0,0,0,1,0,,,,,
44,0511549,曽根病院,曽根病院,1,1,0,1,0,0,1,0,,,,,
44,0510855,社会医療法人 長門莫記念会 長門記念病院,社会医療法人長門莫記念会 長門記念病院,1,1,1,0,0,0,1,0,,,,,
44,0512190,西田病院,西田病院,1,1,1,0,0,0,1,0,,,,,
44,0810719,大久保病院,大久保病院,1,1,1,0,0,0,1,0,,,,,
44,0810412,竹田医師会病院,竹田医師会病院,1,1,0,1,0,0,1,0,,,,,
44,1210505,帰巖会 みえ病院,帰巖会 みえ病院,1,1,1,0,0,0,1,0,,,,,
44,1210182,福島病院,福島病院,1,0,1,0,0,0,0,0,,,,,
44,1210299,豊後大野市民病院,豊後大野市民病院,1,1,1,0,0,0,1,0,,,,,
44,0410916,日田中央病院,医療法人咸宜会日田中央病院,1,1,1,0,0,0,1,0,,,,,
44,0412045,医療法人愛幸会 原病院,医療法人愛幸会 原病院,1,0,0,1,0,0,0,0,,,,,
44,0411500,大分県済生会日田病院,大分県済生会 日田病院,2,1,1,1,0,0,1,0,,,,,
44,0410882,医療法人鶴陽会岩尾病院,医療法人鶴陽会岩尾病院,1,0,0,1,0,0,0,0,,,,,
44,0410965,医療法人豊堂 岩尾整形外科病院,医療法人豊堂岩尾整形外科病院,1,1,0,1,0,0,1,0,,,,,
44,0411450,五反田病院,医療法人利光会 五反田病院,1,1,0,1,0,0,1,0,,,,,
44,0412318,聖陵岩里病院,聖陵岩里病院,1,1,1,0,0,0,1,0,,,,,
44,0411898,医療法人秋水堂 若宮病院,若宮病院,1,1,0,1,0,0,0,1,,,,,
44,0411591,医療法人社団知心会 一ノ宮脳神経外科病院,一ノ宮脳神経外科病院,1,2,1,0,0,1,1,0,,,,,
44,2810808,医療法人啓燈会 玖珠記念病院,医療法人啓燈会玖珠記念病院,1,0,0,1,0,0,0,0,,,,,
44,2810543,小中病院,医療法人純和会小中病院,1,0,0,1,0,0,0,0,,,,,
44,0312682,川嶌整形外科病院,川嶌整形外科病院,1,1,0,1,0,0,0,1,,,,,
44,0312153,中津市立中津市民病院,中津市立中津市民病院,2,1,1,1,0,0,1,0,,,,,
44,0310207,村上記念病院,医療法人杏林会村上記念病院,1,1,0,1,0,0,1,0,,,,,
44,0311825,酒井病院,酒井病院,1,1,0,0,1,0,0,1,,,,,
44,0312237,梶原病院,梶原病院,1,1,0,1,0,0,0,1,,,,,
44,0312526,中津脳神経外科病院,中津脳神経外科病院,1,1,1,0,0,0,1,0,,,,,
44,0311833,医療法人三光会 松永循環器病院,松永循環器病院,1,0,1,0,0,0,0,0,,,,,
44,0312641,中津第一病院,中津第一病院,1,0,0,1,0,0,0,0,,,,,
44,0311643,中津胃腸病院,中津胃腸病院,1,0,1,0,0,0,0,0,,,,,
44,0910592,玄々堂高田病院,玄々堂高田病院,1,1,0,1,0,0,0,1,,,,,
44,0910485,高田中央病院,高田中央病院,1,1,1,0,0,0,1,0,,,,,
44,1110440,佐藤第一病院,医療法人明徳会佐藤第一病院,1,1,1,0,0,0,1,0,,,,,
44,1110978,医療法人信和会 和田病院,和田病院,1,0,1,0,0,0,0,0,,,,,
44,1110887,小野内科病院,小野内科病院,1,0,0,1,0,0,0,0,,,,,
44,1111042,宇佐中央内科病院,宇佐中央内科病院,1,0,0,1,0,0,0,0,,,,,
44,1110705,宇佐高田医師会病院,宇佐高田医師会病院,1,1,1,0,0,0,0,1,,,,,
45,0114855,野崎東病院,一般財団法人弘潤会 野崎東病院,1,1,1,0,0,0,1,0,,,,,
45,0115134,南部病院,南部病院,1,0,1,0,0,0,0,0,,,,,
45,0117916,宮崎市立田野病院,宮崎市立田野病院,1,1,0,1,0,0,0,1,,,,,
45,8110020,県立宮崎病院,県立宮崎病院,6,2,4,1,0,2,0,0,,,19268.0,4741.0,VERIFIED_NUMERIC
45,8010063,宮崎大学医学部附属病院,宮崎大学医学部附属病院,6,3,4,1,0,3,0,0,,,12244.0,5021.0,VERIFIED_NUMERIC
45,0114350,迫田病院,迫田病院,1,0,0,1,0,0,0,0,,,,,
45,0113113,医療法人社団晴緑会宮崎医療センター病院,宮崎医療センター病院,1,0,1,0,0,0,0,0,,,,,
45,8110038,独立行政法人地域医療機能推進機構 宮崎江南病院,独立行政法人地域医療機能推進機構 宮崎江南病院,2,2,1,0,1,1,1,0,,,,,
45,0117858,辰元病院,辰元病院,1,0,0,0,1,0,0,0,,,,,
45,0120241,宮崎市郡医師会病院,宮崎市郡医師会病院,2,1,2,0,0,1,0,0,,,,,
45,0115654,金丸脳神経外科病院,金丸脳神経外科病院,1,1,1,0,0,1,0,0,,,,,
45,0114145,医療法人社団誠和会藤木病院,医療法人社団誠和会 藤木病院,3,0,0,1,0,0,0,0,,,,,
45,0115985,医療法人陽明会 増田病院,医療法人陽明会 増田病院,1,0,0,0,1,0,0,0,,,,,
45,0116975,宮崎善仁会病院,宮崎善仁会病院,2,2,2,0,0,1,1,0,,,,,
45,0116819,宮崎生協病院,宮崎生協病院,1,0,1,0,0,0,0,0,,,,,
45,0116306,獅子目整形外科病院,獅子目整形外科病院,1,0,0,1,0,0,0,0,,,,,
45,0113485,潤和リハビリテーション振興財団 潤和会記念病院,潤和会記念病院,1,2,1,0,0,2,0,0,,,,,
45,0111836,一般財団法人弘潤会野崎病院,一般財団法人弘潤会 野崎病院,1,1,1,0,0,1,0,0,,,,,
45,0112560,医療法人社団紘和会平和台病院,医療法人社団紘和会 平和台病院,1,1,1,0,0,0,0,1,,,,,
45,0119805,慈英病院,慈英病院,1,0,0,1,0,0,0,0,,,,,
45,0114368,医療法人社団仁和会 竹内病院,医療法人社団仁和会 竹内病院,1,0,0,0,1,0,0,0,,,,,
45,8010014,独立行政法人 国立病院機構 宮崎東病院,独立行政法人国立病院機構宮崎東病院,1,1,1,0,0,0,1,0,,,,,
45,0116413,医療法人社団尚成会 近間病院,医療法人社団尚成会 近間病院,1,0,0,0,0,0,0,0,,,,,
45,0115043,古賀総合病院,古賀総合病院,2,1,1,0,1,1,0,0,,,,,
45,0118575,医療法人社団 城山病院,医療法人社団城山病院,1,0,0,1,0,0,0,0,,,,,
45,1910715,社会医療法人慶明会 けいめい記念病院,社会医療法人慶明会けいめい記念病院,1,0,1,0,0,0,0,0,,,,,
45,1910681,医療法人社団順養会 海老原病院,海老原病院,1,0,0,1,0,0,0,0,,,,,
45,0212295,柳田病院,柳田病院,0,1,0,0,0,0,1,0,,,,,
45,0213285,橘病院,橘病院,1,1,0,1,0,0,1,0,,,,,
45,0211677,小牧病院,医療法人社団牧会 小牧病院,1,1,0,1,0,0,0,1,,,,,
45,0211354,医療法人三省会倉内整形外科病院,医療法人三省会 倉内整形外科病院,0,1,0,0,0,0,1,0,,,,,
45,0212881,医療法人社団静雄会 藤元上町病院,藤元上町病院,1,1,1,0,0,0,1,0,,,,,
45,0213517,都城市郡医師会病院,都城市郡医師会病院,2,2,2,0,0,2,0,0,,,,,
45,0211842,宮永病院,宮永病院,1,0,1,0,0,0,0,0,,,,,
45,0211164,宗正病院,宗正病院,1,0,0,1,0,0,0,0,,,,,
45,0213103,医療法人清陵会隅病院,医療法人清陵会隅病院,1,0,0,1,0,0,0,0,,,,,
45,0212691,メディカルシティ東部病院,メディカルシティ東部病院,1,1,1,0,0,1,0,0,,,,,
45,8010022,独立行政法人国立病院機構 都城医療センター,独立行政法人国立病院機構都城医療センター,2,1,1,1,0,0,1,0,,,,,
45,0211651,医療法人社団明生会 都城明生病院,都城明生病院,1,0,0,1,0,0,0,0,,,,,
45,0211966,医療法人仁愛会横山病院,医療法人仁愛会 横山病院,1,0,1,0,0,0,0,0,,,,,
45,0211107,医療法人明成会 吉松病院,医療法人明成会 吉松病院,1,0,0,1,0,0,0,0,,,,,
45,0211925,西浦病院,西浦病院,1,0,0,0,1,0,0,0,,,,,
45,0211933,医療法人倫生会三州病院,医療法人倫生会 三州病院,1,0,1,0,0,0,0,0,,,,,
45,0312095,黒木病院,黒木病院,2,0,1,1,0,0,0,0,,,,,
45,0311980,医療法人中心会 野村病院,医療法人中心会 野村病院,1,0,0,1,0,0,0,0,,,,,
45,0311659,岡村病院,岡村病院,1,1,0,1,0,0,0,1,,,,,
45,0312178,延岡市医師会病院,延岡市医師会病院,1,1,1,0,0,1,0,0,,,,,
45,0310859,延岡リハビリテーション病院,延岡リハビリテーション病院,1,0,0,1,0,0,0,0,,,,,
45,0312376,医療法人久康会 平田東九州病院,医療法人久康会 平田東九州病院,1,1,1,0,0,0,1,0,,,,,
45,0312707,医療法人伸和会延岡共立病院,医療法人伸和会延岡共立病院,1,1,1,0,0,0,1,0,,,,,
45,8110087,県立延岡病院,宮崎県立延岡病院,2,1,2,0,0,1,0,0,,,,,
45,0310818,医療法人康仁会谷村病院,谷村病院,0,1,0,0,0,0,0,1,,,,,
45,0311741,医療法人社団杉杏会 杉本病院,杉本病院,1,0,0,1,0,0,0,0,,,,,
45,2210388,高千穂町国民健康保険病院,高千穂町国民健康保険病院,1,1,0,1,0,0,1,0,,,,,
45,2210362,日之影町国民健康保険病院,日之影町国民健康保険病院,1,0,0,1,0,0,0,0,,,,,
45,0411178,日南市立中部病院,日南市立中部病院,1,0,1,0,0,0,0,0,,,,,
45,8110103,県立日南病院,県立日南病院,1,1,1,0,0,1,0,0,,,,,
45,0411103,社会医療法人慶明会 おび中央病院,医療法人慶明会 おび中央病院,1,0,0,1,0,0,0,0,,,,,
45,0411111,なんごう病院,なんごう病院,1,0,1,0,0,0,0,0,,,,,
45,0710298,串間市民病院,串間市民病院,1,1,1,0,0,0,1,0,,,,,
45,0710124,医療法人十善会県南病院,医療法人十善会 県南病院,1,0,1,0,0,0,0,0,,,,,
45,0510839,小林市立病院,小林市立病院,1,1,1,0,0,0,1,0,,,,,
45,0510375,医療法人東陽会整形外科前原病院,医療法人東陽会整形外科前原病院,1,1,1,0,0,0,0,1,,,,,
45,0510334,医療法人三和会 池田病院,池田病院,1,1,1,0,0,0,1,0,,,,,
45,0510987,医療法人けんゆう会 園田病院,医療法人 けんゆう会 園田病院,1,1,1,0,0,0,1,0,,,,,
45,0510631,整形外科押領司病院,医療法人友光会 整形外科押領司病院,1,1,0,1,0,0,1,0,,,,,
45,0510284,医療法人 養気会 池井病院,医療法人養気会池井病院,1,0,1,0,0,0,0,0,,,,,
45,0510946,医療法人友愛会野尻中央病院,医療法人友愛会野尻中央病院,1,1,0,1,0,0,0,1,,,,,
45,0910211,えびの市立病院,えびの市立病院,1,0,0,1,0,0,0,0,,,,,
45,1810279,国民健康保険 高原病院,国民健康保険高原病院,1,0,0,1,0,0,0,0,,,,,
45,0810148,医療法人恵喜会西都病院,医療法人恵喜会 西都病院,1,0,0,1,0,0,0,0,,,,,
45,0810767,地方独立行政法人西都児湯医療センター,地方独立行政法人西都児湯医療センター,1,1,0,1,0,0,1,0,,,,,
45,0810668,大塚病院,大塚病院,1,0,0,1,0,0,0,0,,,,,
45,0810361,社会医療法人隆徳会鶴田病院,隆徳会 鶴田病院,1,1,1,0,0,0,1,0,,,,,
45,2011265,坂田病院,坂田病院,1,0,0,1,0,0,0,0,,,,,
45,2011026,海老原総合病院,海老原総合病院,1,1,1,0,0,0,1,0,,,,,
45,2010804,川南病院,医療法人社団聖山会川南病院,1,1,1,0,0,1,0,0,,,,,
45,8010048,独立行政法人 国立病院機構 宮崎病院,独立行政法人国立病院機構宮崎病院,1,1,1,0,0,0,1,0,,,,,
45,2010382,都農町国民健康保険病院,都農町国民健康保険病院,1,0,0,1,0,0,0,0,,,,,
45,0610449,医療法人誠和会和田病院,医療法人 誠和会和田病院,1,1,1,0,0,1,0,0,,,,,
45,0610118,医療法人 杏林会 三股病院,医療法人杏林会三股病院,1,0,0,1,0,0,0,0,,,,,
45,0610969,社会医療法人泉和会 千代田病院,社会医療法人泉和会千代田病院,1,1,1,0,0,0,1,0,,,,,
45,2110281,医療法人 浩洋会 田中病院,医療法人浩洋会田中病院,1,0,0,1,0,0,0,0,,,,,
45,8110194,宮崎県済生会日向病院,宮崎県済生会日向病院,1,1,1,0,0,0,1,0,,,,,
45,2110125,椎葉村国民健康保険病院,椎葉村国民健康保険病院,1,0,0,1,0,0,0,0,,,,,
45,2110638,美郷町国民健康保険西郷病院,美郷町国民健康保険西郷病院,1,0,0,1,0,0,0,0,,,,,
45,0411293,春光会記念病院,春光会記念病院,1,0,0,1,0,0,0,0,,,,,
46,0119531,小田代病院,小田代病院,1,1,0,1,0,0,0,1,,,,,
46,0119739,いづろ今村病院,いづろ今村病院,1,1,1,0,0,0,1,0,,,,,
46,0126437,アクラス中央病院,アクラス中央病院,1,1,1,0,0,0,1,0,,,,,
46,0120851,パールランド病院,パールランド病院,1,0,0,1,0,0,0,0,,,,,
46,0125637,かごしま高岡病院,かごしま高岡病院,1,0,0,1,0,0,0,0,,,,,
46,0118749,新村病院,新村病院,1,2,1,0,0,1,1,0,,,,,
46,0125181,上山病院,上山病院,1,0,0,1,0,0,0,0,,,,,
46,0120687,相良病院,相良病院,1,1,1,0,0,0,1,0,,,,,
46,0120885,天辰病院,天辰病院,1,0,0,1,0,0,0,0,,,,,
46,8010039,独立行政法人 国立病院機構 鹿児島医療センター,独立行政法人国立病院機構鹿児島医療センター,3,2,2,0,0,1,1,0,,,,,
46,0116883,三愛病院,三愛病院,1,1,0,1,0,0,1,0,,,,,
46,0110910,社会福祉法人恩賜財団済生会支部 済生会鹿児島病院,済生会鹿児島病院,1,0,0,1,0,0,0,0,,,,,
46,0125595,南鹿児島さくら病院,南鹿児島さくら病院,1,0,0,1,0,0,0,0,,,,,
46,0114391,中央病院,中央病院,1,1,1,0,0,0,0,1,,,,,
46,0112031,西田橋小田原病院,西田橋小田原病院,1,0,0,1,0,0,0,0,,,,,
46,0125934,健翔会病院,健翔会病院,1,0,0,1,0,0,0,0,,,,,
46,0116305,鹿児島市医師会病院,鹿児島市医師会病院,1,1,1,0,0,0,1,0,,,,,
46,0110811,桜島 病院,桜島病院,1,0,0,1,0,0,0,0,,,,,
46,0126395,米盛病院,米盛病院,4,1,4,0,0,1,0,0,,,,,
46,0122246,岩尾病院,岩尾病院,1,0,0,1,0,0,0,0,,,,,
46,0112387,共立病院,共立病院,1,0,0,1,0,0,0,0,,,,,
46,0110563,公益社団法人 鹿児島共済会 南風病院,公益社団法人鹿児島共済会 南風病院,3,2,2,1,0,1,1,0,,,,,
46,0115919,豊島病院,豊島病院,1,1,1,0,0,0,1,0,,,,,
46,0127393,鹿児島厚生連病院,鹿児島厚生連病院,3,1,3,0,0,0,1,0,,,,,
46,0122949,あんびる病院,あんびる病院,1,0,0,1,0,0,0,0,,,,,
46,0111157,玉水会病院,玉水会病院,1,0,1,0,0,0,0,0,,,,,
46,0114045,総合病院 鹿児島生協病院,総合病院鹿児島生協病院,1,1,1,0,0,0,1,0,,,,,
46,0127062,厚地リハビリテーション病院,厚地リハビリテーション病院,0,2,0,0,0,1,1,0,,,,,
46,0114953,伊敷病院,伊敷病院,1,1,0,0,1,0,1,0,,,,,
46,0115521,厚地脳神経外科病院,厚地脳神経外科病院,1,2,1,0,0,1,1,0,,,,,
46,0123459,吉田記念病院,吉田記念病院,1,0,0,1,0,0,0,0,,,,,
46,0113591,白石病院,白石病院,1,0,0,1,0,0,0,0,,,,,
46,0116230,今村総合病院,今村総合病院,3,2,2,0,0,2,0,0,,,,,
46,0111058,医療法人 敬愛会 中江病院,中江病院,1,0,1,0,0,0,0,0,,,,,
46,0114805,やまびこ医療福祉センター,やまびこ医療福祉センター,1,0,0,1,0,0,0,0,,,,,
46,0128086,医療法人徳洲会 鹿児島徳洲会病院,鹿児島徳洲会病院,2,1,2,0,0,0,0,1,,,,,
46,0110985,公益財団法人 東風会 三船病院,三船病院,1,0,0,1,0,0,0,0,,,,,
46,0112528,鹿児島赤十字病院,鹿児島赤十字病院,1,1,1,0,0,0,1,0,,,,,
46,0110738,日高病院,日高病院,1,1,0,1,0,0,1,0,,,,,
46,0115141,前田病院,前田病院,1,1,0,1,0,0,1,0,,,,,
46,0110365,医療法人 慈恵会 土橋病院,土橋病院,1,0,0,1,0,0,0,0,,,,,
46,0116818,三宅病院,三宅病院,1,1,1,0,0,0,1,0,,,,,
46,0112577,医療法人 愛人会 川島病院,川島病院,1,0,0,1,0,0,0,0,,,,,
46,0119671,うすき整形・外科・内科病院,うすき整形・外科・内科病院,1,0,0,1,0,0,0,0,,,,,
46,8010211,鹿児島大学病院,鹿児島大学病院,5,5,4,0,0,4,0,1,,,25495.0,8536.0,VERIFIED_NUMERIC
46,0126635,鹿児島市立病院,鹿児島市立病院,4,3,3,1,0,2,1,0,,,30719.0,22396.0,VERIFIED_NUMERIC
46,0115513,大勝病院,大勝病院,1,1,0,1,0,1,0,0,,,,,
46,0112304,医療法人 慈圭会 八反丸リハビリテーション病院,八反丸リハビリテーション病院,1,1,1,0,0,0,1,0,,,,,
46,0115851,小田原病院,小田原病院,1,0,0,0,1,0,0,0,,,,,
46,0127898,いまきいれ総合病院,いまきいれ総合病院,3,2,3,0,0,1,1,0,,,,,
46,0119788,鮫島病院,鮫島病院,2,0,0,1,0,0,0,0,,,,,
46,0126312,仁愛会病院,仁愛会病院,1,1,0,1,0,0,1,0,,,,,
46,1610306,守屋病院,守屋病院,1,0,0,1,0,0,0,0,,,,,
46,1610207,博悠会温泉病院,博悠会温泉病院,1,0,0,1,0,0,0,0,,,,,
46,1610314,鹿児島こども病院,鹿児島こども病院,1,0,0,0,0,0,0,0,,,,,
46,1610199,医療法人 健誠会 湯田内科病院,湯田内科病院,1,0,1,0,0,0,0,0,,,,,
46,1610579,整形外科はやしだ病院,整形外科はやしだ病院,1,1,0,1,0,0,1,0,,,,,
46,1610041,医療法人 健生会 本庄病院,本庄病院,1,0,0,1,0,0,0,0,,,,,
46,1610025,医療法人 昭泉会 馬場病院,馬場病院,1,1,0,1,0,0,1,0,,,,,
46,1810187,金子病院,金子病院,1,0,0,1,0,0,0,0,,,,,
46,1810229,いちき串木野市医師会立 脳神経外科センター,いちき串木野市医師会立脳神経外科センター,1,1,0,1,0,0,1,0,,,,,
46,1810195,南洲整形外科病院,南洲整形外科病院,1,0,0,0,1,0,0,0,,,,,
46,0410112,枕崎市立病院,枕崎市立病院,1,0,0,1,0,0,0,0,,,,,
46,0410070,医療法人 厚生会 小原病院,小原病院,1,1,1,0,0,0,1,0,,,,,
46,0410427,社会医療法人聖医会 サザン・リージョン病院,サザン・リージョン病院,1,1,1,0,0,0,1,0,,,,,
46,0410260,医療法人 敬生会 久木田整形外科病院,久木田整形外科病院,0,1,0,0,0,0,0,1,,,,,
46,0410476,尾辻病院,尾辻病院,1,0,0,1,0,0,0,0,,,,,
46,1011133,医療法人徳洲会 山川病院,山川病院,1,1,0,1,0,0,1,0,,,,,
46,8010047,独立行政法人 国立病院機構 指宿医療センター,独立行政法人国立病院機構指宿医療センター,1,1,1,0,0,0,1,0,,,,,
46,1010259,医療法人 浩然会 指宿浩然会病院,指宿浩然会病院,1,0,1,0,0,0,0,0,,,,,
46,1010705,指宿さがら病院,指宿さがら病院,1,1,0,1,0,0,1,0,,,,,
46,1010374,医療法人 明正会 今林整形外科病院,今林整形外科病院,1,1,0,0,1,0,1,0,,,,,
46,6010098,鹿児島県立薩南病院,県立薩南病院,1,1,1,0,0,0,1,0,,,,,
46,4010041,医療法人 和風会 加世田病院,加世田病院,1,1,1,0,0,0,1,0,,,,,
46,4010272,南さつま市立坊津病院,南さつま市立坊津病院,1,0,0,1,0,0,0,0,,,,,
46,4010132,有馬病院,有馬病院,1,0,0,1,0,0,0,0,,,,,
46,4310292,菊野病院,菊野病院,1,1,0,1,0,0,1,0,,,,,
46,4310300,南薩ケアほすぴたる,南薩ケアほすぴたる,1,0,0,1,0,0,0,0,,,,,
46,4310045,中村温泉病院,中村温泉病院,1,0,0,1,0,0,0,0,,,,,
46,1510027,医療法人 同潤会 永井病院,永井病院,1,0,0,1,0,0,0,0,,,,,
46,1510415,川内市医師会立市民病院,川内市医師会立市民病院,2,1,1,0,1,0,1,0,,,,,
46,1510423,若松記念病院,若松記念病院,1,0,0,1,0,0,0,0,,,,,
46,1511314,高江記念病院,高江記念病院,1,0,0,1,0,0,0,0,,,,,
46,1510084,社会福祉法人 恩賜財団 済生会川内病院,済生会川内病院,4,1,2,2,0,0,1,0,,,,,
46,1510019,医療法人 松翠会 森園病院,森園病院,1,1,1,0,0,0,1,0,,,,,
46,1510043,医療法人 恵愛会 上村病院,医療法人恵愛会上村病院,1,0,1,0,0,0,0,0,,,,,
46,2510893,薩摩郡医師会病院,薩摩郡医師会病院,1,1,1,0,0,0,1,0,,,,,
46,2510737,クオラリハビリテーション病院,クオラリハビリテーション病院,1,1,1,0,0,0,1,0,,,,,
46,0610372,出水郡医師会広域医療センター,出水郡医師会広域医療センター,2,2,2,0,0,1,1,0,,,,,
46,0610273,内山病院,内山病院,1,0,0,1,0,0,0,0,,,,,
46,0810113,出水総合医療センター,出水総合医療センター,2,1,2,0,0,0,1,0,,,,,
46,0810451,吉井整形外科内科中央病院,吉井整形外科内科中央病院,1,1,1,0,0,0,1,0,,,,,
46,1911407,国分生協病院,国分生協病院,1,1,1,0,0,0,1,0,,,,,
46,1910797,霧島市立医師会医療センター,霧島市立医師会医療センター,2,1,2,0,0,1,0,0,,,,,
46,1910508,医療法人 松城会 隼人温泉病院,隼人温泉病院,1,0,0,1,0,0,0,0,,,,,
46,1910607,隼人小田原病院,隼人小田原病院,1,0,0,1,0,0,0,0,,,,,
46,1910474,医療法人 仁心会 松下病院,松下病院,1,0,0,1,0,0,0,0,,,,,
46,1910359,国分中央病院,国分中央病院,1,0,0,1,0,0,0,0,,,,,
46,1910433,医療法人 仁心会 福山病院,医療法人仁心会　福山病院,1,0,0,1,0,0,0,0,,,,,
46,1910482,社会福祉法人 たちばな会 医療福祉センターオレンジ学園,医療福祉センターオレンジ学園,1,0,1,0,0,0,0,0,,,,,
46,1910276,霧島記念病院,霧島記念病院,1,1,1,0,0,0,1,0,,,,,
46,1910706,霧島杉安病院,霧島杉安病院,1,1,0,1,0,0,1,0,,,,,
46,1910557,霧島桜ケ丘病院,霧島桜ケ丘病院,1,0,0,1,0,0,0,0,,,,,
46,1911449,国分脳神経外科病院,国分脳神経外科病院,1,1,0,1,0,0,1,0,,,,,
46,6010064,県立 北薩病院,県立北薩病院,1,1,1,0,0,0,1,0,,,,,
46,4410050,整形外科 松元病院,整形外科松元病院,0,1,0,0,0,0,0,1,,,,,
46,4410043,寺田病院,寺田病院,1,1,1,0,0,0,1,0,,,,,
46,4410068,大口温泉リハビリテーション病院,大口温泉リハビリテーション病院,1,1,1,0,0,0,1,0,,,,,
46,4510628,青雲会病院,青雲会病院,2,1,2,0,0,1,0,0,,,,,
46,4510859,クオラリハビリテーション病院あいら,クオラリハビリテーション病院あいら,1,1,1,0,0,0,1,0,,,,,
46,8010120,独立行政法人 国立病院機構南九州病院,独立行政法人国立病院機構南九州病院,2,1,2,0,0,0,1,0,,,,,
46,4510024,大井病院,大井病院,1,1,1,0,0,0,1,0,,,,,
46,4510032,加治木温泉病院,加治木温泉病院,1,1,0,1,0,0,1,0,,,,,
46,4510081,ザ王病院,ザ王病院,1,0,0,1,0,0,0,0,,,,,
46,4511014,加治木整形外科病院,加治木整形外科病院,1,1,0,1,0,0,1,0,,,,,
46,2811200,医療法人 永光会 あいらの森ホスピタル,あいらの森ホスピタル,1,1,0,1,0,0,1,0,,,,,
46,1710148,財部記念病院,財部記念病院,1,0,0,1,0,0,0,0,,,,,
46,1710270,昭南病院,昭南病院,1,1,1,0,0,0,1,0,,,,,
46,1710106,曽於医師会立病院,曽於医師会立病院,1,1,1,0,0,0,1,0,,,,,
46,1710072,医療法人 参篤会 高原病院,高原病院,2,0,0,1,0,0,0,0,,,,,
46,4110239,大山病院,大山病院,1,0,0,0,1,0,0,0,,,,,
46,0311427,井ノ上病院,井ノ上病院,1,0,0,1,0,0,0,0,,,,,
46,6010072,県民健康プラザ鹿屋医療センター,県民健康プラザ鹿屋医療センター,1,1,1,0,0,0,1,0,,,,,
46,0311971,かのや東病院,かのや東病院,1,1,0,1,0,0,0,1,,,,,
46,0310940,池田病院,池田病院,1,1,1,0,0,1,0,0,,,,,
46,0311443,徳田脳神経外科病院,徳田脳神経外科病院,1,2,1,0,0,0,2,0,,,,,
46,0311492,恒心会おぐら病院,恒心会おぐら病院,1,1,1,0,0,0,1,0,,,,,
46,8010161,国立療養所 星塚敬愛園,国立療養所星塚敬愛園,2,0,0,1,0,0,0,0,,,,,
46,0311260,医療法人徳洲会 大隅鹿屋病院,大隅鹿屋病院,2,1,2,0,0,1,0,0,,,,,
46,1410186,垂水市立医療センター 垂水中央病院,垂水市立医療センター垂水中央病院,1,1,1,0,0,0,1,0,,,,,
46,3010521,肝属郡医師会立病院,肝属郡医師会立病院,1,1,0,1,0,0,1,0,,,,,
46,3010638,春陽会中央病院,春陽会中央病院,1,1,0,1,0,0,1,0,,,,,
46,3010554,肝付町立病院,肝付町立病院,1,0,0,1,0,0,0,0,,,,,
46,1310170,社会医療法人 義順顕彰会 種子島医療センター,社会医療法人義順顕彰会 種子島医療センター,1,1,1,0,0,0,1,0,,,,,
46,3110578,公立種子島病院,公立種子島病院,1,0,1,0,0,0,0,0,,,,,
46,3110446,医療法人徳洲会 屋久島徳洲会病院,屋久島徳洲会病院,1,1,1,0,0,0,1,0,,,,,
46,4210658,奄美中央病院,奄美中央病院,1,0,1,0,0,0,0,0,,,,,
46,4210542,医療法人徳洲会 笠利病院,笠利病院,1,0,0,1,0,0,0,0,,,,,
46,4210252,医療法人 徳洲会 名瀬徳洲会病院,名瀬徳洲会病院,1,1,0,1,0,0,1,0,,,,,
46,4210070,大島郡医師会病院,大島郡医師会病院,1,0,0,1,0,0,0,0,,,,,
46,8010153,国立療養所 奄美和光園,国立療養所奄美和光園,1,0,1,0,0,0,0,0,,,,,
46,6010056,県立 大島病院,鹿児島県立大島病院,3,1,3,0,0,0,1,0,,,,,
46,3211384,瀬戸内徳洲会病院,瀬戸内徳洲会病院,1,1,0,1,0,0,1,0,,,,,
46,3210634,宮上病院,宮上病院,1,1,0,1,0,0,1,0,,,,,
46,3210964,沖永良部徳洲会病院,沖永良部徳洲会病院,1,1,1,0,0,0,1,0,,,,,
46,3211376,医療法人 徳洲会 与論徳洲会病院,与論徳洲会病院,1,1,0,1,0,0,1,0,,,,,
46,1610652,前原総合医療病院,前原総合医療病院,1,1,1,0,0,0,1,0,,,,,
46,0112072,上町いまきいれ病院,上町いまきいれ病院,1,0,1,0,0,0,0,0,,,,,
46,1511496,卓翔会記念病院,卓翔会記念病院,1,1,1,0,0,0,0,1,,,,,
46,0128763,みらいリハビリテーション病院,みらいリハビリテーション病院,1,1,0,1,0,0,1,0,,,,,
46,4110429,びろうの樹,医療法人共生会 びろうの樹,1,1,0,1,0,0,1,0,,,,,
47,8010053,国立療養所沖縄愛楽園,国立療養所 沖縄愛楽園,1,0,1,0,0,0,0,0,,,,,
47,0910508,公益社団法人 北部地区医師会 北部地区医師会病院,公益社団法人 北部地区医師会 北部地区医師会病院,2,1,2,0,0,0,1,0,,,,,
47,8110150,沖縄県立北部病院,沖縄県立北部病院,2,1,2,0,0,0,1,0,,,,,
47,0910532,勝山病院,医療法人琉心会 勝山病院,2,0,0,1,0,0,0,0,,,,,
47,0910565,医療法人タピック 宮里病院,医療法人タピック宮里病院,1,0,0,1,0,0,0,0,,,,,
47,2110487,北山病院,医療法人光風会 北山病院,1,0,0,1,0,0,0,0,,,,,
47,2110552,もとぶ野毛病院,医療法人野毛会 もとぶ野毛病院,1,0,0,1,0,0,0,0,,,,,
47,0510183,医療法人緑水会 宜野湾記念病院,宜野湾記念病院,1,1,0,1,0,0,1,0,,,,,
47,8010046,独立行政法人国立病院機構 沖縄病院,独立行政法人国立病院機構沖縄病院,2,1,1,0,0,0,1,0,,,,,
47,0510506,医療法人球陽会 海邦病院,医療法人 球陽会 海邦病院,1,1,0,1,0,0,0,1,,,,,
47,0412216,医療法人 心和会 潮平病院,医療法人心和会 潮平病院,1,0,0,1,0,0,0,0,,,,,
47,0411341,医療法人タピック沖縄リハビリテーションセンター病院,医療法人タピック 沖縄リハビリテーションセンター病院,1,1,0,1,0,0,1,0,,,,,
47,0412844,中部協同病院,中部協同病院,1,1,0,1,0,0,1,0,,,,,
47,0412737,社会医療法人 敬愛会 中頭病院,社会医療法人 敬愛会 中頭病院,3,2,1,1,1,1,1,0,,,,,
47,0412984,社会医療法人 敬愛会 翔南病院,社会医療法人敬愛会翔南病院,1,0,0,1,0,0,0,0,,,,,
47,0412380,ちゅうざん病院,医療法人ちゅうざん会 ちゅうざん病院,1,1,0,1,0,0,1,0,,,,,
47,8110028,沖縄県立中部病院,沖縄県立中部病院,4,2,2,0,0,1,1,0,,,,,
47,0310709,医療法人沖縄寿光会 与勝病院,医療法人 沖縄寿光会 与勝病院,1,1,0,1,0,0,0,1,,,,,
47,2110545,医療法人ユカリア沖縄 かんな病院,医療法人ユカリア沖縄 かんな病院,1,0,0,1,0,0,0,0,,,,,
47,8010038,独立行政法人国立病院機構 琉球病院,独立行政法人国立病院機構琉球病院,1,1,0,1,0,0,1,0,,,,,
47,2210220,医療法人仁誠会 名嘉病院,医療法人仁誠会 名嘉病院,1,1,0,1,0,0,0,1,,,,,
47,2210840,北上中央病院,北上中央病院,1,0,0,0,1,0,0,0,,,,,
47,2211624,医療法人徳洲会 中部徳洲会病院,医療法人　徳洲会　中部徳洲会病院,3,2,3,0,0,1,1,0,,,,,
47,2210519,北中城若松病院,医療法人アガペ会 北中城若松病院,1,0,0,1,0,0,0,0,,,,,
47,2210287,社会医療法人 かりゆし会 ハートライフ病院,社会医療法人かりゆし会 ハートライフ病院,2,2,2,0,0,1,1,0,,,,,
47,0611163,宮古島リハビリ温泉病院,医療法人左右会　宮古島リハビリ温泉病院,1,0,0,1,0,0,0,0,,,,,
47,8010061,国立療養所宮古南静園,国立療養所宮古南静園,1,0,1,0,0,0,0,0,,,,,
47,0610918,医療法人徳洲会 宮古島徳洲会病院,宮古島徳洲会病院,1,1,1,0,0,0,1,0,,,,,
47,8110192,沖縄県立宮古病院,沖縄県立宮古病院,1,1,1,0,0,0,1,0,,,,,
47,0710650,医療法人徳洲会 石垣島徳洲会病院,石垣島徳洲会病院,1,1,1,0,0,0,1,0,,,,,
47,0710395,かりゆし病院,かりゆし病院,1,0,0,1,0,0,0,0,,,,,
47,8110200,沖縄県立八重山病院,沖縄県立八重山病院,1,1,1,0,0,0,1,0,,,,,
47,0115249,川平病院,医療法人 社団かびら会 川平病院,2,0,0,1,0,0,0,0,,,,,
47,0117153,地方独立行政法人 那覇市立病院,地方独立行政法人那覇市立病院,2,2,2,0,0,1,1,0,,,,,
47,0115298,医療法人 陽心会 大道中央病院,医療法人陽心会 大道中央病院,1,0,0,1,0,0,0,0,,,,,
47,0114515,医療法人寿仁会 沖縄セントラル病院,医療法人寿仁会 沖縄セントラル病院,1,1,1,0,0,0,1,0,,,,,
47,0117310,沖縄協同病院,沖縄協同病院,2,1,2,0,0,1,0,0,,,,,
47,0112634,医療法人 はごろも会 那覇ゆい病院,医療法人はごろも会那覇ゆい病院,1,1,0,1,0,0,1,0,,,,,
47,0113251,琉生病院,琉生病院,1,0,0,1,0,0,0,0,,,,,
47,0112014,社会医療法人 葦の会 オリブ山病院,社会医療法人葦の会　オリブ山病院,1,1,0,0,1,0,1,0,,,,,
47,0116619,おもろまちメディカルセンター,おもろまちメディカルセンター,1,1,0,1,0,0,1,0,,,,,
47,0114044,医療法人 禄寿会 小禄病院,医療法人 禄寿会 小禄病院,1,0,0,1,0,0,0,0,,,,,
47,0117401,医療法人おもと会 大浜第一病院,医療法人おもと会 大浜第一病院,2,1,1,1,0,0,1,0,,,,,
47,8110184,沖縄赤十字病院,沖縄赤十字病院,2,1,2,0,0,0,1,0,,,,,
47,0812274,社会医療法人仁愛会 浦添総合病院,社会医療法人仁愛会 浦添総合病院,2,2,2,0,0,1,1,0,,,,,
47,0810211,嶺井第一病院,嶺井第一病院,1,3,1,0,0,1,2,0,,,,,
47,0810153,医療法人博愛会 牧港中央病院,牧港中央病院,1,0,1,0,0,0,0,0,,,,,
47,0810609,医療法人八重瀬会 同仁病院,医療法人八重瀬会 同仁病院,1,1,1,0,0,0,1,0,,,,,
47,0810781,平安病院,平安病院,1,0,0,1,0,0,0,0,,,,,
47,1010258,ウェルネス西崎病院,医療法人以和貴会ウェルネス西崎病院,1,0,0,1,0,0,0,0,,,,,
47,1010530,西崎病院,西崎病院,1,1,0,1,0,0,0,1,,,,,
47,1110678,豊見城中央病院,社会医療法人 友愛会 豊見城中央病院,1,1,1,0,0,0,1,0,,,,,
47,1110660,友愛医療センター,社会医療法人 友愛会 友愛医療センター,3,2,3,0,0,1,1,0,,,,,
47,1110017,とよみ生協病院,とよみ生協病院,1,1,1,0,0,0,1,0,,,,,
47,1210197,医療法人真徳会沖縄メディカル病院,医療法人真徳会 沖縄メディカル病院,1,0,0,1,0,0,0,0,,,,,
47,2210345,アドベンチスト メディカルセンター,アドベンチスト メディカルセンター,1,0,0,1,0,0,0,0,,,,,
47,2311531,与那原中央病院,与那原中央病院,1,2,1,0,0,0,1,1,,,,,
47,8110176,沖縄県立南部医療センター・こども医療センター,沖縄県立南部医療センター・こども医療センター,2,2,2,0,0,0,2,0,,,,,
47,2310541,嬉野が丘 サマリヤ人病院,医療法人 社団 輔仁会 嬉野が丘サマリヤ人病院,1,0,0,1,0,0,0,0,,,,,
47,2310673,医療法人信和会 沖縄第一病院,医療法人信和会　沖縄第一病院,1,1,1,0,0,0,1,0,,,,,
47,8110168,公立久米島病院,公立久米島病院,1,0,0,1,0,0,0,0,,,,,
47,2311846,医療法人徳洲会 南部徳洲会病院,医療法人徳洲会 南部徳洲会病院,3,1,2,1,0,0,1,0,,,,,
47,0119555,医療法人 陽心会 メディカルプラザ大道中央病院,医療法人陽心会　メディカルプラザ大道中央病院,1,1,0,1,0,0,1,0,,,,,
01,1418109,深瀬医院,深瀬医院,1,0,0,1,0,0,0,0,2021-07-01,,,,
01,1417481,医療法人社団 山樹会 平山医院,医療法人社団山樹会平山医院,1,1,0,1,0,0,1,0,2014-05-01,,,,
01,1418042,平田泌尿器科,平田泌尿器科,1,0,0,1,0,0,0,0,2023-08-01,,,,
01,1417994,医療法人悠康会 函館整形外科クリニック,医療法人悠康会函館整形外科クリニック,1,1,0,1,0,0,0,1,2024-12-01,,,,
01,1416525,中島内科循環器科メンタルクリニック,中島内科循環器科メンタルクリニック,1,0,1,0,0,0,0,0,2012-04-01,,,,
01,1610911,医療法人 雄心会 江差脳神経外科クリニック,医療法人雄心会江差脳神経外科クリニック,1,1,0,1,0,0,1,0,2017-06-01,,,,
01,0611654,札幌乳腺外科クリニック,札幌乳腺外科クリニック,1,0,0,1,0,0,0,0,2018-09-01,,,,
01,0610649,桑園整形外科,桑園整形外科,0,1,0,0,0,0,0,1,,,,,
01,0611076,医療法人社団廣仁会 豊水総合メディカルクリニック,医療法人社団 廣仁会 豊水総合メディカルクリニック,1,0,0,1,0,0,0,0,2013-08-01,,,,
01,0218039,医療法人社団 遼風会 札幌いがらし人工関節クリニック,医療法人社団遼風会　札幌いがらし人工関節クリニック,0,1,0,0,0,0,0,1,,,,,
01,0218617,医療法人社団北匠会 札幌北脳神経外科,医療法人社団北匠会　札幌北脳神経外科,1,1,0,1,0,0,1,0,2015-10-01,,,,
01,0218005,医療法人社団北つむぎ会 さっぽろ麻生乳腺甲状腺クリニック,医療法人社団 北つむぎ会 さっぽろ麻生乳腺甲状腺クリニック,1,0,0,1,0,0,0,0,2015-06-01,,,,
01,0218351,医療法人 はまなす 篠路はまなすクリニック,医療法人はまなす 篠路はまなすクリニック,1,0,0,1,0,0,0,0,2015-04-01,,,,
01,0218500,医療法人社団 札幌新川駅前内科,医療法人社団 札幌新川駅前内科,1,0,0,0,1,0,0,0,2026-03-01,MEDIUM_2026_STANDARD_START,,,
01,0216124,医療法人社団 ふるや内科,医療法人社団 ふるや内科,1,0,0,1,0,0,0,0,2019-04-01,,,,
01,0215688,医療法人社団 石垣整形外科医院,医療法人社団 石垣整形外科医院,1,1,0,1,0,0,0,1,2017-12-01,,,,
01,0711009,さっぽろ脊椎外科クリニック,さっぽろ脊椎外科クリニック,1,2,0,1,0,0,1,1,2020-06-01,,,,
01,0216686,医療法人社団 野沢医院,医療法人社団 野沢医院,1,0,0,1,0,0,0,0,2026-06-01,MEDIUM_2026_STANDARD_START,,,
01,0217502,医療法人社団 元町泌尿器科,医療法人社団 元町泌尿器科,1,0,0,1,0,0,0,0,2019-09-01,,,,
01,0512019,医療法人社団 弘恵会 整形外科内科沢口医院,医療法人社団弘恵会整形外科内科沢口医院,1,1,0,1,0,0,0,1,2016-04-01,,,,
01,0318938,医療法人社団 仁秀会 白石整形外科,医療法人社団仁秀会白石整形外科,0,1,0,0,0,0,0,1,,,,,
01,0514643,医療法人社団 にれの杜クリニック,医療法人社団 にれの杜クリニック,1,0,0,1,0,0,0,0,2015-02-01,,,,
01,0511482,医療法人社団 福住泌尿器科クリニック,医療法人社団 福住泌尿器科クリニック,1,0,0,1,0,0,0,0,2021-05-01,,,,
01,0513629,医療法人社団 札幌つきさむ中央整形外科,医療法人社団 札幌つきさむ中央整形外科,0,1,0,0,0,0,1,0,2012-04-01,,,,
01,0515616,豊平整形外科 脊椎・関節クリニック,豊平整形外科　脊椎・関節クリニック,0,1,0,0,0,0,0,1,,,,,
01,0319878,医療法人社団 芸術の森泌尿器科,医療法人社団 芸術の森泌尿器科,1,0,0,1,0,0,0,0,2018-10-01,,,,
01,0318326,医療法人社団 札幌藤が丘整形外科医院,医療法人社団 札幌藤が丘整形外科医院,0,1,0,0,0,0,0,1,,,,,
01,0515061,医療法人社団もなみ もなみクリニック,医療法人社団もなみ もなみクリニック,1,0,0,0,1,0,0,0,2016-10-01,,,,
01,0416963,医療法人社団元氣会 札幌整形外科,医療法人社団元氣会 札幌整形外科,1,1,0,1,0,1,0,0,2022-04-01,,,,
01,0415767,医療法人社団 札幌西整形外科,医療法人社団 札幌西整形外科,1,1,0,1,0,0,0,1,2024-11-01,,,,
01,0415346,医療法人社団 札幌ことに乳腺クリニック,医療法人社団 札幌ことに乳腺クリニック,1,0,0,1,0,0,0,0,2012-12-01,,,,
01,0415965,医療法人社団信和会 石川泌尿器科・腎臓内科,医療法人社団信和会 石川泌尿器科・腎臓内科,1,0,0,1,0,0,0,0,2014-10-01,,,,
01,0417979,医療法人札幌円山整形外科 札幌琴似整形外科,医療法人 札幌円山整形外科 札幌琴似整形外科,1,1,0,0,1,0,1,0,2021-06-01,,,,
01,0514916,新札幌乳腺クリニック,新札幌乳腺クリニック,1,0,0,1,0,0,0,0,2020-04-01,,,,
01,0317856,医療法人社団 厚別中央整形外科,医療法人社団 厚別中央整形外科,1,1,0,1,0,0,0,1,2017-10-01,,,,
01,0510237,医療法人社団 Ｈ・Ｎ・メディック,医療法人社団 Ｈ・Ｎ・メディック,1,0,0,1,0,0,0,0,2018-06-01,,,,
01,0417458,手稲脳神経外科クリニック,手稲脳神経外科クリニック,1,1,0,1,0,0,1,0,2019-05-01,,,,
01,0417649,ていね整形外科リハビリクリニック,ていね整形外科リハビリクリニック,1,1,0,1,0,0,0,1,2020-04-01,,,,
01,0415973,医療法人社団 伸孝会 ていね泌尿器科,医療法人社団伸孝会 ていね泌尿器科,1,0,1,0,0,0,0,0,2015-10-01,,,,
01,0512977,医療法人社団 きよた泌尿器科クリニック,医療法人社団 きよた泌尿器科クリニック,1,0,0,1,0,0,0,0,2021-12-01,,,,
01,0510195,医療法人社団 美しが丘整形外科,医療法人社団 美しが丘整形外科,1,1,0,0,0,0,0,1,2013-10-01,,,,
01,1013413,医療法人社団 さくら会 江別泌尿器科,医療法人社団さくら会江別泌尿器科,1,0,0,1,0,0,0,0,2015-09-01,,,,
01,1013819,医療法人社団 江別やまもと整形外科,医療法人社団江別やまもと整形外科,0,1,0,0,0,0,0,1,,,,,
01,1112140,医療法人社団尾谷内科,医療法人社団尾谷内科,1,0,0,0,1,0,0,0,2026-06-01,MEDIUM_2026_STANDARD_START,,,
01,1310785,北の台クリニック,北の台クリニック,1,0,0,1,0,0,0,0,2015-04-01,,,,
01,7610485,医療法人社団北碧会 石狩中央整形外科,医療法人社団北碧会石狩中央整形外科,0,1,0,0,0,0,0,1,,,,,
01,2014758,脳神経外科おたる港南クリニック,脳神経外科おたる港南クリニック,1,1,0,1,0,0,0,1,2020-08-01,,,,
01,2014196,医療法人 うのクリニック,医療法人 うのクリニック,1,0,0,1,0,0,0,0,2013-05-01,,,,
01,2110341,島牧診療所,島牧診療所,1,0,0,1,0,0,0,0,2017-11-01,,,,
01,2110382,寿都町立寿都診療所,寿都町立寿都診療所,1,0,0,1,0,0,0,0,2020-10-01,,,,
01,2110416,黒松内町国保くろまつない ブナの森診療所,黒松内町国保くろまつないブナの森診療所,1,0,0,1,0,0,0,0,2019-11-01,,,,
01,2310917,医療法人社団隆聖会 岩内大浜医院,岩内大浜医院,1,0,0,0,1,0,0,0,2014-12-01,,,,
01,2510979,医療法人社団倫仁会 小嶋内科,医療法人社団倫仁会小嶋内科,1,0,0,1,0,0,0,0,2012-10-01,,,,
01,5910861,夕張市立診療所,夕張市立診療所,1,0,0,1,0,0,0,0,2023-09-01,,,,
01,5711731,医療法人社団 久佑会 得地内科医院,医療法人社団 久佑会 得地内科医院,1,0,0,0,0,0,0,0,,,,,
01,5712077,医療法人 萌佑会 岩見沢脳神経外科,医療法人 萌佑会 岩見沢脳神経外科,1,2,0,1,0,0,2,0,2013-08-01,,,,
01,5712176,医療法人社団 倉増整形外科,医療法人社団 倉増整形外科,0,1,0,0,0,0,0,1,,,,,
01,5810533,医療法人 やわらぎ みどり野医院,医療法人 やわらぎ みどり野医院,1,0,0,1,0,0,0,0,2012-04-01,,,,
01,5810798,国民健康保険由仁町立診療所,国民健康保険由仁町立診療所,1,0,0,1,0,0,0,0,2021-07-01,,,,
01,5810772,医療法人社団耀仁会長沼整形外科・リハビリテーション科,医療法人社団 耀仁会 長沼整形外科・リハビリテーション科,0,1,0,0,0,0,1,0,2013-10-01,,,,
01,5810657,医療法人社団緑稜会 みどりクリニック長沼,医療法人社団緑稜会みどりクリニック長沼,1,0,1,0,0,0,0,0,2012-04-01,,,,
01,7111880,浦臼町立診療所,浦臼町立診療所,1,0,0,0,0,0,0,0,2026-03-01,MEDIUM_2026_STANDARD_START,,,
01,3711196,医療法人社団 なかむら整形外科クリニック,医療法人社団なかむら整形外科クリニック,0,1,0,0,0,0,0,1,,,,,
01,3711550,医療法人社団 いぶり腎泌尿器科クリニック,医療法人社団いぶり腎泌尿器科クリニック,1,0,1,0,0,0,0,0,2020-05-01,,,,
01,3613855,光洋いきいきクリニック,光洋いきいきクリニック,1,0,0,1,0,0,0,0,2016-10-01,,,,
01,3613673,医療法人社団 苫小牧東部脳神経外科,医療法人社団苫小牧東部脳神経外科,1,1,0,1,0,0,1,0,2019-07-01,,,,
01,3612832,医療法人社団 保生会 沖医院,医療法人社団保生会沖医院,1,0,0,1,0,0,0,0,2012-04-01,,,,
01,3613822,とまこまい脳神経外科,とまこまい脳神経外科,1,1,0,1,0,0,1,0,2018-04-01,,,,
01,3613566,むかわ町国民健康保険穂別診療所,むかわ町国民健康保険穂別診療所,1,0,0,1,0,0,0,0,,,,,
01,3811707,日高町立日高国民健康保険診療所,日高町立日高国民健康保険診療所,1,0,0,1,0,0,0,0,2018-04-01,,,,
01,3811715,新冠町立国民健康保険診療所,新冠町立国民健康保険診療所,1,0,1,0,0,0,0,0,2020-05-01,,,,
01,3811533,えりも町国民健康保険診療所,えりも町国民健康保険診療所,1,0,0,0,1,0,0,0,2012-04-01,,,,
01,2917059,フクダクリニック,フクダクリニック,1,0,0,1,0,0,0,0,2020-09-01,,,,
01,2917810,医療法人社団 にしきまち通りクリニック,医療法人社団にしきまち通りクリニック,1,0,0,1,0,0,0,0,2025-01-01,,,,
01,2916507,医療法人社団 幾晃会 木原循環器科内科医院,医療法人社団幾晃会木原循環器科内科医院,1,0,1,0,0,0,0,0,2012-04-01,,,,
01,2919378,医療法人社団 キュアメディクス 旭川キュアメディクス,医療法人社団キュアメディクス旭川キュアメディクス,1,0,0,1,0,0,0,0,2018-06-01,,,,
01,2918941,医療法人社団 とくひろ整形外科クリニック,医療法人社団とくひろ整形外科クリニック,1,1,0,1,0,0,1,0,2019-12-01,,,,
01,2916515,医療法人社団 真佑会 旭川消化器肛門クリニック,医療法人社団真佑会旭川消化器肛門クリニック,1,0,0,1,0,0,0,0,2013-05-01,,,,
01,2915400,医療法人社団 東旭川宏生会 林医院,医療法人社団東旭川宏生会林医院,1,0,0,1,0,0,0,0,2023-08-01,,,,
01,3111181,国民健康保険上川医療センター,国民健康保険上川医療センター,1,0,0,1,0,0,0,0,2018-12-01,,,,
01,3211676,音威子府村立診療所,音威子府村立診療所,1,0,0,1,0,0,0,0,2022-01-01,,,,
01,3211700,中川町立診療所,中川町立診療所,1,0,0,1,0,0,0,0,2019-01-01,,,,
01,3010888,かわむら整形外科,医療法人社団かわむら整形外科医院,1,1,0,1,0,0,0,1,2018-04-01,,,,
01,6411430,社会医療法人孝仁会 留萌セントラルクリニック,社会医療法人 孝仁会 留萌セントラルクリニック,1,1,1,0,0,0,1,0,2012-12-01,,,,
01,6711748,クリニック森の風,クリニック森の風,1,0,0,1,0,0,0,0,2016-09-01,,,,
01,6711771,豊富町国民健康保険診療所,豊富町国民健康保険診療所,1,0,1,0,0,0,0,0,2018-04-01,,,,
01,6711169,礼文町国民健康保険船泊診療所,礼文町国民健康保険船泊診療所,1,1,0,1,0,0,1,0,2021-02-01,,,,
01,6711706,幌延町国民健康保険診療所,幌延町国民健康保険診療所,1,0,1,0,0,0,0,0,2021-11-01,,,,
01,5012445,医療法人社団 久仁会 白川整形外科内科,医療法人社団久仁会白川整形外科内科,0,1,0,0,0,0,0,1,,,,,
01,5011843,医療法人社団 煌生会 北見循環器クリニック,医療法人社団煌生会北見循環器クリニック,1,0,0,1,0,0,0,0,2023-11-01,,,,
01,5110645,小林整形外科,小林整形外科,0,1,0,0,0,0,0,1,,,,,
01,5410847,クリニックさろま,クリニックさろま,1,0,1,0,0,0,0,0,2016-01-01,,,,
01,4613219,医療法人社団典俊会 帯広泌尿器科,医療法人社団典俊会帯広泌尿器科,1,0,0,1,0,0,0,0,2014-06-01,,,,
01,4614100,帯広整形外科,帯広整形外科,1,1,0,1,0,0,1,0,2023-09-01,,,,
01,4713373,社会医療法人北斗上士幌クリニック,社会医療法人北斗上士幌クリニック,1,0,0,1,0,0,0,0,2023-09-01,,,,
01,4712870,医療法人 前田クリニック サホロクリニック,医療法人前田クリニックサホロクリニック,1,0,0,1,0,0,0,0,2016-04-01,,,,
01,4713381,御影診療所,御影診療所,1,0,0,1,0,0,0,0,2020-03-01,,,,
01,4712748,医療法人 前田クリニック,医療法人前田クリニック,1,0,0,1,0,0,0,0,2016-04-01,,,,
01,4711773,陸別町国民健康保険関寛斎診療所,陸別町国民健康保険関寛斎診療所,1,0,1,0,0,0,0,0,2017-01-01,,,,
01,4712086,浦幌町立診療所,浦幌町立診療所,1,0,1,0,0,0,0,0,2021-08-01,,,,
01,4112956,市立釧路国民健康保険音別診療所,市立釧路国民健康保険音別診療所,1,0,0,1,0,0,0,0,2017-10-01,,,,
01,4113319,市立釧路国民健康保険 阿寒診療所,市立釧路国民健康保険阿寒診療所,1,0,0,1,0,0,0,0,2022-09-01,,,,
01,4210933,知床らうす国民健康保険診療所,知床らうす国民健康保険診療所,1,1,0,1,0,0,1,0,2012-07-01,,,,
01,7610436,医療法人はまなす はまなす医院,医療法人はまなすはまなす医院,1,0,0,1,0,0,0,0,2017-09-01,,,,
01,0611787,医療法人社団石史山会 札幌スポーツクリニック,医療法人社団石史山会札幌スポーツクリニック,1,3,0,1,0,0,1,2,2016-04-01,,,,
01,0515467,北野循環器クリニック,北野循環器クリニック,1,0,0,1,0,0,0,0,2018-07-01,,,,
01,4113244,医療法人社団 三慈会 西池彰記念クリニック,医療法人社団三慈会西池彰記念クリニック,0,1,0,0,0,0,0,1,,,,,
01,5110959,滝上町国民健康保険診療所,滝上町国民健康保険診療所,1,0,0,1,0,0,0,0,2021-04-01,,,,
01,3614150,とまこまい心血管クリニック,医療法人社団みんなのうた　とまこまい心血管クリニック,1,0,0,1,0,0,0,0,2025-02-01,,,,
01,5110975,大原医院,大原医院,1,0,0,1,0,0,0,0,2022-06-01,,,,
01,0319597,医療法人社団 福住向ヶ丘通整形外科,医療法人社団福住向ヶ丘通整形外科,0,1,0,0,0,0,0,1,,,,,
01,0711512,札幌脊椎内視鏡・整形外科,札幌脊椎内視鏡・整形外科,1,1,1,0,0,0,1,0,2023-10-01,,,,
01,5410938,医療法人縁紡会遠軽共立医院,医療法人縁紡会遠軽共立医院,1,1,0,1,0,0,0,1,2023-11-01,,,,
01,6711805,遠別町国民健康保険診療所,遠別町国民健康保険診療所,1,0,0,1,0,0,0,0,2024-04-01,,,,
01,0214533,医療法人新産健会 きた在宅クリニック,医療法人新産健会　きた在宅クリニック,1,0,1,0,0,0,0,0,2022-10-01,,,,
01,0419660,医療法人社団 東都会 八軒整形外科 せぼね・関節クリニック,医療法人社団　東都会　八軒整形外科　せぼね・関節クリニック,0,1,0,0,0,0,0,1,,,,,
02,0214631,たかはし内科胃腸科小児科,たかはし内科胃腸科小児科,1,0,0,1,0,0,0,0,2015-07-01,,,,
02,0215034,ＥＳＴクリニック,医療法人社団クロース・トゥ・ユーESTクリニック,1,0,1,0,0,0,0,0,2012-04-01,,,,
02,0214748,医療法人 成心会 なりた内科クリニック,医療法人成心会 なりた内科クリニック,1,0,0,1,0,0,0,0,2012-08-01,,,,
02,0215547,一般社団法人慈育会 福士医院,一般社団法人慈育会福士医院,0,1,0,0,0,0,0,1,,,,,
02,0215208,関医院 中津軽診療所,関医院中津軽診療所,1,0,0,0,1,0,0,0,,,,,
02,0215349,近江整形外科,近江整形外科,0,1,0,0,0,0,0,1,,,,,
02,0214821,いくこ耳鼻科クリニック,医療法人いくこ耳鼻科クリニック,1,0,0,0,0,0,0,0,,,,,
02,0214581,くどう内科 消化器・肝臓クリニック,くどう内科　消化器・肝臓クリニック,1,0,0,0,0,0,0,0,,,,,
02,0215596,山形内科クリニック,山形内科クリニック,1,0,0,1,0,0,0,0,2020-08-01,,,,
02,2311435,津軽三育医院,津軽三育医院,1,1,0,1,0,0,0,1,2020-04-01,,,,
02,0213682,よしだ耳鼻科・小児科,医療法人吉田耳鼻咽喉科医院よしだ耳鼻科・小児科,1,0,0,0,0,0,0,0,,,,,
02,0315776,なかざわスポーツクリニック,なかざわスポーツクリニック,0,1,0,0,0,0,1,0,2014-06-01,,,,
02,0315933,はちのへ９９クリニック,はちのへ９９クリニック,1,0,0,1,0,0,0,0,2012-04-01,,,,
02,0316642,はちのへハートセンタークリニック,はちのへハートセンタークリニック,1,0,1,0,0,0,0,0,2017-06-01,,,,
02,0314795,八戸整形外科,八戸整形外科,0,1,0,0,0,0,1,0,2018-06-01,,,,
02,0314951,下長内科クリニック,下長内科クリニック,1,0,0,1,0,0,0,0,2014-02-01,,,,
02,0118386,あおもり腎透析・泌尿器科クリニック,あおもり腎透析・泌尿器科クリニック,1,0,0,0,1,0,0,0,2013-06-01,,,,
02,0116810,まちだ内科クリニック,まちだ内科クリニック,1,1,0,1,0,0,0,1,2021-05-01,,,,
02,0117875,小松整形外科スポーツクリニック,小松整形外科スポーツクリニック,0,1,0,0,0,0,1,0,2023-04-01,,,,
02,0116554,村林内科クリニック,村林内科クリニック,1,0,0,1,0,0,0,0,2025-06-01,,,,
02,0117677,白取医院,白取医院,1,0,0,1,0,0,0,0,2021-07-01,,,,
02,0116992,ＡＭＣクリニック,ＡＭＣクリニック,1,0,0,1,0,0,0,0,2021-12-01,,,,
02,0116588,西部整形外科医院,西部整形外科医院,0,1,0,0,0,0,0,1,,,,,
02,0611257,さとる整形外科クリニック,さとる整形外科クリニック,0,1,0,0,0,0,0,1,,,,,
02,2511802,のへじクリニック,のへじクリニック,1,0,0,1,0,0,0,0,2015-12-01,,,,
02,2511497,工藤医院,工藤医院,1,1,1,0,0,0,1,0,2022-10-01,,,,
02,2511992,六戸町国民健康保険診療所,六戸町国民健康保険診療所,1,0,0,1,0,0,0,0,2016-12-01,,,,
02,2511943,六ヶ所村地域家庭医療センター,公益社団法人地域医療振興協会六ヶ所村地域家庭医療センター,1,1,1,0,0,0,0,1,2014-09-01,,,,
02,2511661,戸館内科整形外科医院,戸館内科整形外科医院,1,0,1,0,0,0,0,0,2023-06-01,,,,
02,0810818,国民健康保険 川内診療所,国民健康保険 川内診療所,1,0,0,0,1,0,0,0,,,,,
02,2610943,一部事務組合 下北医療センター 東通村診療所,一部事務組合下北医療センター東通村診療所,1,0,0,1,0,0,0,0,2015-09-01,,,,
02,0118774,北川ひ尿器科クリニック,医療法人聖徳会　北川ひ尿器科クリニック,1,0,1,0,0,0,0,0,2021-05-01,,,,
02,2311575,町立大鰐診療所,町立大鰐診療所,1,0,0,1,0,0,0,0,2023-10-01,,,,
02,0511523,白生会クリニック,白生会クリニック,1,0,0,1,0,0,0,0,2024-10-01,,,,
03,0115621,鈴木肛門外科,医療法人 仁済会 鈴木肛門外科・守口内科,1,0,0,0,0,0,0,0,,,,,
03,2111453,雫石町立雫石診療所,雫石町立雫石診療所,1,0,0,1,0,0,0,0,2020-08-01,,,,
03,2111511,岩手県立中央病院附属沼宮内地域診療センター,岩手県立中央病院附属沼宮内地域診療センター,1,0,0,1,0,0,0,0,2018-04-01,,,,
03,0511555,花巻市石鳥谷医療センター,花巻市石鳥谷医療センター,1,0,0,1,0,0,0,0,2016-02-01,,,,
03,0511456,岩手県立中央病院附属大迫地域診療センター,岩手県立中央病院附属大迫地域診療センター,1,0,0,1,0,0,0,0,2018-02-01,,,,
03,0611512,かさい睡眠呼吸器クリニック,かさい睡眠呼吸器クリニック,1,0,0,1,0,0,0,0,2021-04-01,,,,
03,0611496,きたかみ腎クリニック,きたかみ腎クリニック,1,0,0,0,1,0,0,0,2026-03-01,MEDIUM_2026_STANDARD_START,,,
03,1510812,奥州市国民健康保険前沢診療所,奥州市国民健康保険前沢診療所,1,0,0,1,0,0,0,0,2012-04-01,,,,
03,1510887,奥州市国民健康保険衣川診療所,奥州市国民健康保険衣川診療所,1,0,0,1,0,0,0,0,2013-02-01,,,,
03,0910864,一関中央クリニック,一関中央クリニック,1,0,1,0,0,0,0,0,2012-04-01,,,,
03,0310487,地ノ森クリニック,医療法人勝久会 地ノ森クリニック,1,0,0,1,0,0,0,0,2024-06-01,,,,
03,2810138,岩手県立大船渡病院附属住田地域診療センター,岩手県立大船渡病院附属住田地域診療センター,1,0,0,1,0,0,0,0,2023-01-01,,,,
03,0210893,みやこ後藤医院,医療法人社団こうぶん会　みやこ後藤医院,1,0,0,1,0,0,0,0,2024-04-01,,,,
03,1310213,二戸クリニック,二戸クリニック,1,0,0,1,0,0,0,0,2014-04-01,,,,
03,1310262,二戸市国民健康保険浄法寺診療所,二戸市国民健康保険浄法寺診療所,1,0,0,1,0,0,0,0,2014-11-01,,,,
03,3110355,岩手県立二戸病院附属九戸地域診療センター,岩手県立二戸病院附属九戸地域診療センター,1,0,0,0,1,0,0,0,,,,,
03,0118112,たにむらクリニック,たにむらクリニック,1,0,0,1,0,0,0,0,2023-11-01,,,,
04,5212653,仙台ペインクリニック,仙台ペインクリニック,0,1,0,0,0,0,0,1,,,,,
04,5412642,クリニックソアーズ,クリニックソアーズ,1,0,0,1,0,0,0,0,2022-07-01,,,,
04,5414309,仙台柳生クリニック,仙台柳生クリニック,1,0,0,1,0,0,0,0,2025-02-01,,,,
04,5512458,将監耳鼻咽喉科,将監耳鼻咽喉科,1,0,0,1,0,0,0,0,2022-04-01,,,,
04,5512169,本間記念東北整形外科・東北歯科,本間記念東北整形外科・東北歯科,0,1,0,0,0,0,1,0,2013-03-01,,,,
04,5513035,たんぽぽクリニック,たんぽぽクリニック,1,0,0,1,0,0,0,0,2022-04-01,,,,
04,1110398,緑の里クリニック,緑の里クリニック,1,0,0,1,0,0,0,0,2013-03-01,,,,
04,2610404,りふの内科クリニック,りふの内科クリニック,1,0,0,0,1,0,0,0,2016-03-07,,,,
04,2710741,吉岡まほろばクリニック,吉岡まほろばクリニック,1,0,0,1,0,0,0,0,2019-05-01,,,,
04,2710881,杉山医院,杉山医院,1,1,0,1,0,0,0,1,2016-11-21,,,,
04,1310030,達内科,医療法人社団玄成会 達内科,1,0,1,0,0,0,0,0,2017-12-01,,,,
04,1511157,大崎ミッドタウン総合メディケアクリニック,大崎ミッドタウン総合メディケアクリニック,1,1,0,1,0,0,1,0,2016-10-01,,,,
04,1511017,みやぎ北部循環器科,みやぎ北部循環器科,1,0,1,0,0,0,0,0,2014-04-01,,,,
04,3510272,女川町地域医療センター,女川町地域医療センター,1,0,0,1,0,0,0,0,2012-04-01,,,,
04,0212955,関節外科スポーツクリニック石巻,関節外科スポーツクリニック石巻,1,1,1,0,0,1,0,0,2023-02-01,,,,
04,1510233,北みやぎ外科クリニック,北みやぎ外科クリニック,1,0,0,1,0,0,0,0,2021-12-01,,,,
05,0910581,大里医院,大里医院,1,0,0,1,0,0,0,0,2015-10-01,,,,
05,0210966,さいとう医院,さいとう医院,1,0,0,0,0,0,0,0,,,,,
05,0113764,医療法人城東整形外科,医療法人城東整形外科,1,2,0,1,0,0,1,1,2012-09-01,,,,
05,0115447,秋田南クリニック,秋田南クリニック,1,0,0,1,0,0,0,0,2020-09-01,,,,
05,0113665,木曽医院,木曽医院,1,0,0,1,0,0,0,0,2015-03-01,,,,
05,1010027,南秋田整形外科医院,南秋田整形外科医院,1,1,0,1,0,0,0,1,2016-05-01,,,,
05,0311376,高橋耳鼻咽喉科眼科クリニック,高橋耳鼻咽喉科眼科クリニック,1,0,0,0,0,0,0,0,,,,,
05,0710817,医療法人小野崎医院,医療法人小野崎医院,1,0,0,0,0,0,0,0,,,,,
05,0116916,城東スポーツ整形クリニック,城東スポーツ整形クリニック,0,1,0,0,0,0,1,0,2019-01-01,,,,
05,1310211,きさかたクリニック,医療法人圭尚会 きさかたクリニック,1,0,0,1,0,0,0,0,2021-11-01,,,,
06,0411613,松田外科医院,松田外科医院,1,0,0,1,0,0,0,0,2019-08-01,,,,
06,0712705,藤吉内科医院,藤吉内科医院,1,0,0,1,0,0,0,0,2018-05-28,,,,
07,0115197,医療法人福島腎泌尿器クリニック,医療法人 福島腎泌尿器クリニック,1,0,0,1,0,0,0,0,2012-04-01,,,,
07,0118316,おぎはら泌尿器と腎のクリニック,おぎはら泌尿器と腎のクリニック,1,0,1,0,0,0,0,0,2021-10-04,,,,
07,0115783,笹木野みやけ内科外科,笹木野みやけ内科外科,1,0,0,1,0,0,0,0,2016-01-01,,,,
07,0114182,きらり健康生活協同組合 須川診療所,きらり健康生活協同組合須川診療所,1,1,0,1,0,0,0,1,2014-04-01,,,,
07,0117961,福島セントラルクリニック,福島セントラルクリニック,1,1,0,1,0,0,0,1,2016-12-01,,,,
07,0316639,一般財団法人 脳神経疾患研究所 附属 南東北がん陽子線治療センター,一般財団法人 脳神経疾患研究所 附属 南東北がん陽子線治療センター,1,1,0,1,0,0,1,0,2012-04-01,,,,
07,1110122,医療法人 健山会 船引クリニック,医療法人健山会船引クリニック,1,0,1,0,0,0,0,0,2025-04-01,,,,
07,1110049,田村市立都路診療所,田村市立都路診療所,1,0,0,1,0,0,0,0,2016-10-01,,,,
07,0511494,近藤眼科,近藤眼科,1,0,0,0,0,0,0,0,,,,,
07,0212978,わかまつインターベンションクリニック,わかまつインターベンションクリニック,1,0,0,1,0,0,0,0,2012-04-01,,,,
07,0212051,医療法人遠山会遠山胃腸科内科医院,医療法人遠山会 遠山胃腸科内科医院,1,0,0,0,0,0,0,0,2026-05-01,MEDIUM_2026_STANDARD_START,,,
07,2511120,磐梯町医療センター,磐梯町医療センター,1,0,0,1,0,0,0,0,2012-04-01,,,,
07,2310804,只見町国民健康保険朝日診療所,只見町国民健康保険朝日診療所,1,0,0,1,0,0,0,0,2015-10-01,,,,
07,0417346,いわき草木台総合クリニック,いわき草木台総合クリニック,1,0,0,1,0,0,0,0,2024-01-01,,,,
07,0415688,かもめクリニック,かもめクリニック,1,0,0,1,0,0,0,0,2025-01-01,,,,
07,0414145,春山医院,医療法人春陽会春山医院,1,0,0,1,0,0,0,0,2013-07-01,,,,
07,0418070,医療法人 美波会 菅波医院,医療法人美波会菅波医院,1,0,0,1,0,0,0,0,2015-04-01,,,,
07,0417726,ニュータウン腎・内科クリニック,ニュータウン腎・内科クリニック,1,0,0,1,0,0,0,0,2018-04-01,,,,
07,0415431,ささき内科クリニック,ささき内科クリニック,1,0,0,0,0,0,0,0,2018-03-01,,,,
07,0414889,クリニック田畑,医療法人双美会 クリニック田畑,1,0,0,1,0,0,0,0,2013-04-01,,,,
07,0416256,医療法人あさうら会 須田医院,医療法人あさうら会 須田医院,1,0,0,1,0,0,0,0,2016-04-01,,,,
07,2810860,福島県太陽の国クリニック,福島県太陽の国クリニック,1,0,0,1,0,0,0,0,2021-04-01,,,,
07,0511635,白河那須総合クリニック,白河那須総合クリニック,1,0,0,1,0,0,0,0,2024-11-01,,,,
08,0113936,大場内科クリニック,大場内科クリニック,1,0,0,1,0,0,0,0,,,,,
08,0114363,長田医院,長田医院,1,0,0,1,0,0,0,0,,,,,
08,0114108,医療法人誠順会クリニック健康の杜,医療法人誠順会クリニック健康の杜,1,0,0,1,0,0,0,0,,,,,
08,1610286,神里医院,神里医院,1,0,0,1,0,0,0,0,,,,,
08,3111135,医療法人桜丘会 脳神経外科ブレインピア桜ヶ丘,脳神経外科ブレインピア桜ヶ丘,1,1,0,1,0,0,1,0,,,,,
08,0211680,十王ひがし野クリニック,十王ひがし野クリニック,1,0,0,1,0,0,0,0,,,,,
08,0212027,川島クリニック,川島クリニック,1,0,0,0,1,0,0,0,,,,,
08,0211532,かもめ・日立クリニック,かもめ・日立クリニック,1,0,0,1,0,0,0,0,,,,,
08,1210244,脳神経外科ブレインピア南太田,脳神経外科 ブレインピア南太田,1,2,1,0,0,1,1,0,,,,,
08,1210327,大森医院,医療法人 大森医院,1,0,0,1,0,0,0,0,,,,,
08,1210293,根本医院,根本医院,1,0,0,1,0,0,0,0,,,,,
08,2110773,医療法人社団 克仁会 恵愛小林クリニック,医療法人社団克仁会 恵愛小林クリニック,1,1,1,0,0,0,1,0,,,,,
08,2111391,尚仁会クリニック,尚仁会クリニック,1,0,0,1,0,0,0,0,,,,,
08,2111029,医療法人薫光会 小松整形外科医院,医療法人薫光会 小松整形外科医院,0,1,0,0,0,0,1,0,,,,,
08,2111128,さくら水戸クリニック,医療法人秀仁会さくら水戸クリニック,1,0,0,1,0,0,0,0,,,,,
08,2510162,医療法人 高村外科医院,高村外科医院,1,0,0,0,1,0,0,0,,,,,
08,2610236,医療法人健清会 那珂記念クリニック,那珂記念クリニック,1,1,0,1,0,0,1,0,,,,,
08,3310612,尾形クリニック,尾形クリニック,1,0,0,1,0,0,0,0,,,,,
08,3410370,医療法人保内郷厚生会 保内郷メディカルクリニック,保内郷メディカルクリニック,1,0,0,1,0,0,0,0,,,,,
08,2210680,島医院,医療法人正友会 島医院,1,0,0,1,0,0,0,0,,,,,
08,0510180,仲田耳鼻咽喉科医院,仲田耳鼻咽喉科医院,1,0,0,0,0,0,0,0,,,,,
08,2011856,ひがし外科内科医院,ひがし外科内科医院,1,0,0,1,0,0,0,0,,,,,
08,2710077,佐倉クリニック,佐倉クリニック,1,0,0,1,0,0,0,0,,,,,
08,1010388,菊山胃腸科外科医院,菊山胃腸科外科医院,1,0,0,1,0,0,0,0,,,,,
08,0611335,宮田医院,宮田医院,1,0,0,1,0,0,0,0,,,,,
08,0411736,つるみ脳神経病院,つるみ脳神経病院,1,1,1,0,0,0,1,0,,,,,
08,1810092,医療法人医新会 石塚医院,医療法人医新会 石塚医院,1,0,0,1,0,0,0,0,,,,,
08,2111888,みんなの内科外科クリニック,みんなの内科外科クリニック,1,0,0,1,0,0,0,0,,,,,
08,0411751,医療法人慈愛会秋葉産婦人科,医療法人慈愛会秋葉産婦人科,0,1,0,0,0,0,1,0,,,,,
09,1010320,藤田医院,藤田医院,1,0,0,1,0,0,0,0,,,,,
09,1110062,尾形クリニック,尾形クリニック,1,0,0,1,0,0,0,0,,,,,
09,1110229,村井胃腸科外科クリニック,村井胃腸科外科クリニック,1,0,0,0,1,0,0,0,,,,,
09,0510569,細川内科・外科・眼科,細川内科・外科・眼科,1,0,0,0,1,0,0,0,,,,,
09,0510528,竹村内科腎クリニック,竹村内科腎クリニック,1,1,0,1,0,0,1,0,,,,,
09,0510437,鹿沼脳神経外科,鹿沼脳神経外科,1,1,0,1,0,0,1,0,,,,,
09,0113281,宇都宮脳脊髄センター,宇都宮脳脊髄センター,1,1,0,1,0,0,1,0,,,,,
09,0112234,医療法人社団一心会高橋消化器内科糖尿病内科,高橋消化器内科糖尿病内科,1,0,0,1,0,0,0,0,,,,,
09,0107440,宇都宮整形外科内科クリニック,宇都宮整形外科内科クリニック,1,1,0,1,0,0,0,1,,,,,
09,0111897,柴崎外科医院,柴崎外科医院,1,0,0,1,0,0,0,0,,,,,
09,0107002,冨塚メディカルクリニック,冨塚メディカルクリニック,1,1,1,0,0,0,0,1,,,,,
09,0910470,真岡メディカルクリニック,真岡メディカルクリニック,1,0,0,1,0,0,0,0,,,,,
09,0910421,医療法人弘真会二宮中央クリニック,二宮中央クリニック,1,0,0,1,0,0,0,0,,,,,
09,0311075,整形外科メディカルパパス,整形外科メディカルパパス,0,1,0,0,0,0,0,1,,,,,
09,2310315,藤沼医院,藤沼医院,1,0,0,1,0,0,0,0,,,,,
09,0811249,医療法人さくら会 さくらのクリニック,さくらのクリニック,1,0,0,1,0,0,0,0,,,,,
09,0801455,すずき整形外科,すずき整形外科,1,0,0,1,0,0,0,0,,,,,
09,0810720,小山すぎの木クリニック,小山すぎの木クリニック,1,1,1,0,0,0,1,0,,,,,
09,0810456,船田内科歯科医院,船田内科歯科医院,1,0,0,1,0,0,0,0,,,,,
09,2310489,都丸整形外科,都丸整形外科医院,1,0,0,1,0,0,0,0,,,,,
09,2310497,多島外科胃腸科,多島外科胃腸科,1,0,0,1,0,0,0,0,,,,,
09,0210798,鹿島整形外科,鹿島整形外科,1,1,0,1,0,0,1,0,,,,,
09,0210632,大岡胃腸内科,大岡胃腸内科,1,0,0,1,0,0,0,0,,,,,
09,0410638,佐野利根川橋クリニック,医療法人愛仁会　佐野利根川橋クリニック,1,0,0,1,0,0,0,0,,,,,
10,0112108,しらかわ診療所,しらかわ診療所,1,0,0,1,0,0,0,0,,,,,
10,0112405,うしいけ内科クリニック,うしいけ内科クリニック,1,0,0,1,0,0,0,0,,,,,
10,0111530,あさくらスポーツリハビリテーションクリニック,あさくらスポーツリハビリテーションクリニック,1,1,0,1,0,0,0,1,,,,,
10,0111373,中嶋医院,中嶋医院,1,0,0,1,0,0,0,0,,,,,
10,0201281,渡辺内科クリニック,渡辺内科クリニック,1,0,1,0,0,0,0,0,,,,,
10,1510326,みさと診療所,みさと診療所,1,0,0,0,1,0,0,0,,,,,
10,1011465,黒沢病院附属ヘルスパーククリニック,黒沢病院附属ヘルスパーククリニック,1,2,1,0,0,0,2,0,,,,,
10,2110365,医療法人 東瞭会 櫻井医院,（医）東瞭会櫻井医院,1,0,0,1,0,0,0,0,,,,,
10,0310199,医療法人 順愛会 角田外科医院,角田外科医院,1,0,0,1,0,0,0,0,,,,,
10,2410344,たかのす診療所,たかのす診療所,1,0,0,1,0,0,0,0,,,,,
10,2410229,医療法人 宏愛会 篠原クリニック,（医）宏愛会篠原クリニック,1,0,0,0,1,0,0,0,,,,,
11,0208223,医療法人 青木会 青木中央クリニック,医療法人青木会青木中央クリニック,1,1,0,1,0,0,1,0,,,,,
11,0209429,上靑木中央醫院,上靑木中央醫院,1,0,0,1,0,0,0,0,,,,,
11,1900372,戸田市立市民医療センター,戸田市立市民医療センター,1,0,0,1,0,0,0,0,,,,,
11,2900769,医療法人 実幸会 栗原医院,医療法人実幸会栗原医院,1,1,0,1,0,0,0,1,,,,,
11,2900587,医療法人 根本外科整形外科,医療法人根本外科整形外科,1,1,0,1,0,0,0,1,,,,,
11,0602953,医療法人 福満会 守田内科医院,医療法人福満会守田内科医院,1,0,0,1,0,0,0,0,,,,,
11,1803352,草加松原整形外科医院,医療法人眞幸会草加松原整形外科医院,1,1,0,1,0,0,1,0,,,,,
11,1802735,医療法人 正務医院,医療法人正務医院,1,0,0,1,0,0,0,0,,,,,
11,1802065,医療法人社団 蓮誓会 レン・ファミリークリニック,医療法人社団蓮誓会レン・ファミリークリニック,1,0,0,1,0,0,0,0,,,,,
11,0805143,医療法人社団 仁心会 越谷ハートフルクリニック,医療法人社団仁心会　越谷ハートフルクリニック,1,0,1,0,0,0,0,0,,,,,
11,0803411,南越谷健身会クリニック,南越谷健身会クリニック,1,1,1,0,0,0,1,0,,,,,
11,0803379,医療法人 研整会 松田整形外科,医療法人研整会松田整形外科,1,1,0,1,0,0,0,1,,,,,
11,0805101,埼友クリニック,埼友クリニック,1,0,0,1,0,0,0,0,,,,,
11,6400360,医療法人社団 磯久クリニック,医療法人社団磯久クリニック,1,0,0,1,0,0,0,0,,,,,
11,6504476,さいたま新開橋クリニック,さいたま新開橋クリニック,1,0,1,0,0,0,0,0,,,,,
11,0304402,増田外科医院,増田外科医院,1,0,0,1,0,0,0,0,,,,,
11,0104448,医療法人 鎌田医院,医療法人鎌田医院,1,0,0,1,0,0,0,0,,,,,
11,6503593,医療法人 服部会 服部外科胃腸科医院,服部外科胃腸科医院,1,0,0,1,0,0,0,0,,,,,
11,6502835,医療法人 時任会 ときとうクリニック,医療法人時任会ときとうクリニック,1,0,0,1,0,0,0,0,,,,,
11,6503742,さいたま つきの森クリニック,さいたまつきの森クリニック,1,0,0,1,0,0,0,0,,,,,
11,1701523,医療法人ＭＳＡエクセス 村越外科・胃腸科・肛門科,村越外科・胃腸科・肛門科,1,1,0,1,0,0,1,0,,,,,
11,1701671,医療法人社団 鴻飛会 鴻巣外科胃腸科,医療法人社団鴻飛会鴻巣外科胃腸科,1,0,0,1,0,0,0,0,,,,,
11,1601814,上尾ふじなみ診療所,上尾ふじなみ診療所,1,0,0,1,0,0,0,0,,,,,
11,1603133,医療法人社団由佑会 さくらクリニック,医療法人社団由佑会さくらクリニック,1,0,0,1,0,0,0,0,,,,,
11,5300470,山田医院,山田医院,1,0,0,1,0,0,0,0,,,,,
11,0406405,川越救急クリニック,川越救急クリニック,1,0,0,1,0,0,0,0,,,,,
11,0405993,傍島外科,傍島外科,1,0,0,1,0,0,0,0,,,,,
11,3301678,医療法人社団 宏仁会 高坂醫院,宏仁会高坂醫院,1,0,0,1,0,0,0,0,,,,,
11,6200380,大西内科,大西内科,1,0,0,1,0,0,0,0,,,,,
11,2702371,医療法人社団匡恕会 梶田医院狭山,医療法人社団匡恕会　梶田医院狭山,1,0,0,1,0,0,0,0,,,,,
11,2801199,医療法人社団 仁友会 入間台クリニック,医療法人社団仁友会入間台クリニック,1,1,0,1,0,0,0,1,,,,,
11,6300289,医療法人社団 輔正会 岡村記念クリニック,医療法人社団輔正会岡村記念クリニック,2,1,0,2,0,0,0,1,,,,,
11,3701398,石井クリニック,石井クリニック,0,1,0,0,0,0,0,1,,,,,
11,3801016,医療法人 ＥＭＳ 西山救急クリニック,医療法人ＥＭＳ西山救急クリニック,1,1,1,0,0,0,1,0,,,,,
11,3900545,医療法人 樫楠会 冨田脳外科クリニック,医療法人樫楠会冨田脳外科クリニック,1,1,0,1,0,0,1,0,,,,,
11,0501783,宮嶋整形外科,宮嶋整形外科,1,0,0,1,0,0,0,0,,,,,
11,0900886,医療法人 早仁会 久喜メディカルクリニック,久喜メディカルクリニック,1,1,0,1,0,0,1,0,,,,,
11,0901363,しらさきクリニック,しらさきクリニック,1,0,1,0,0,0,0,0,,,,,
11,1102466,医療法人社団 永成会 矢作整形外科・内科,医療法人社団永成会矢作整形外科・内科,0,1,0,0,0,0,1,0,,,,,
11,5700638,医療法人 心喜会 蓮田外科医院,医療法人心喜会蓮田外科医院,1,0,0,0,1,0,0,0,,,,,
11,6100309,石塚医院,石塚医院,1,0,0,1,0,0,0,0,,,,,
11,0501684,公設宮代福祉医療センター診療所六花,公設宮代福祉医療センター診療所六花,1,0,0,1,0,0,0,0,,,,,
11,1102946,医療法人社団 廣和会 埼玉杉戸診療所,医療法人社団廣和会埼玉杉戸診療所,1,0,0,1,0,0,0,0,,,,,
11,3102969,いのクリニック,いのクリニック,1,0,0,1,0,0,0,0,,,,,
11,3103868,医療法人 安和会 石丸安世記念 熊谷ディアベテスクリニック,医療法人安和会石丸安世記念熊谷ディアベテスクリニック,1,0,1,0,0,0,0,0,,,,,
11,3102886,くぼじまクリニック,くぼじまクリニック,1,0,0,1,0,0,0,0,,,,,
11,4301115,医療法人 博明会 飯塚内科小児科,医療法人博明会飯塚内科小児科,1,0,0,1,0,0,0,0,,,,,
11,4601928,医療法人 康曜会 プラーナクリニック,医療法人康曜会プラーナクリニック,1,0,0,1,0,0,0,0,,,,,
11,4800934,長瀞医新クリニック,長瀞医新クリニック,1,0,0,1,0,0,0,0,,,,,
11,2102267,朝霞台駅前みなみ耳鼻咽喉科,朝霞台駅前みなみ耳鼻咽喉科,1,0,0,0,0,0,0,0,,,,,
11,2102176,医療法人社団 宏友会 栗原整形外科,医療法人社団宏友会 栗原整形外科,0,1,0,0,0,0,0,1,,,,,
11,4301784,本庄脳神経外科・脊椎外科,本庄脳神経外科・脊椎外科,1,1,0,1,0,0,1,0,,,,,
11,0805572,医療法人ＥＭＳ 酒井救急クリニック,医療法人EMS　酒井救急クリニック,1,1,0,1,0,0,1,0,,,,,
12,0120329,医療法人社団遊山会 耳鼻咽喉科サージセンターちば,医療法人社団遊山会耳鼻咽喉科サージセンターちば,1,0,0,1,0,0,0,0,,,,,
12,0120378,医療法人社団親月会 千葉中央外科内科,医療法人社団親月会千葉中央外科内科,1,1,0,0,1,0,1,0,,,,,
12,0124008,医療法人社団匡仁会 梶田医院,医療法人社団匡仁会梶田医院,1,0,0,1,0,0,0,0,,,,,
12,0121178,医療法人社団 寄命会 椎名崎クリニック,医療法人社団寄命会椎名崎クリニック,1,0,0,1,0,0,0,0,,,,,
12,0122531,医療法人社団小羊会 高洲訪問クリニック,医療法人社団小羊会高洲訪問クリニック,1,0,0,1,0,0,0,0,,,,,
12,2714871,医療法人友康会 行徳中央クリニック,医療法人友康会行徳中央クリニック,1,0,0,1,0,0,0,0,,,,,
12,2714400,医療法人社団 瑞鶴会 鶴木クリニック医科・歯科,医療法人社団瑞鶴会鶴木クリニック医科・歯科,1,0,0,0,0,0,0,0,,,,,
12,2813111,医療法人社団邦和会 船橋クリニック,医療法人社団邦和会船橋クリニック,1,0,0,1,0,0,0,0,,,,,
12,1911189,医療法人社団隼整会 新浦安整形外科,医療法人社団隼整会新浦安整形外科,0,1,0,0,0,0,0,1,,,,,
12,2412435,公益財団法人ニッセイ聖隷健康福祉財団 松戸ニッセイ聖隷クリニック,公益財団法人ニッセイ聖隷健康福祉財団松戸ニッセイ聖隷クリニック,1,0,0,1,0,0,0,0,,,,,
12,2414837,医療法人社団 洗心 島村トータル・ケア・クリニック,医療法人社団洗心島村トータル・ケア・クリニック,1,0,0,1,0,0,0,0,,,,,
12,2415024,医療法人社団 実幸会 いらはら診療所,医療法人社団実幸会いらはら診療所,1,0,0,1,0,0,0,0,,,,,
12,2010635,医療法人社団天宣会 梅郷整形外科クリニック,医療法人社団天宣会梅郷整形外科クリニック,0,1,0,0,0,0,0,1,,,,,
12,4310769,医療法人社団誠仁会 みはま成田クリニック,医療法人社団誠仁会みはま成田クリニック,1,0,0,1,0,0,0,0,,,,,
12,4211371,医療法人社団 爽愛会 小林循環器クリニック,医療法人社団爽愛会小林循環器クリニック,1,0,0,1,0,0,0,0,,,,,
12,0810556,医療法人社団フルガキ・メディカル とうがね中央糖尿病腎クリニック,医療法人社団フルガキ・メディカルとうがね中央糖尿病腎クリニック,1,0,0,1,0,0,0,0,,,,,
12,3810215,医療法人社団南洲会 南洲会勝浦クリニック,医療法人社団南洲会　南洲会勝浦クリニック,0,1,0,0,0,0,0,1,,,,,
12,5410063,医療法人社団昌健会 みんなのライフサポートクリニック大網,みんなのライフサポートクリニック大網,1,0,0,1,0,0,0,0,,,,,
12,3710647,医療法人 餘慶会 小髙外科内科,医療法人餘慶会小髙外科内科,1,0,0,1,0,0,0,0,,,,,
12,3610540,医療法人社団慶勝会 赤門整形外科内科,医療法人社団慶勝会赤門整形外科内科,0,1,0,0,0,0,0,1,,,,,
12,3910270,医療法人鉄蕉会 亀田クリニック,医療法人鉄蕉会亀田クリニック,2,3,2,0,0,1,2,0,,,,,
12,0910463,医療法人社団健誠会 Ｋｅｎクリニック,医療法人社団健誠会Ｋｅｎクリニック,1,0,0,1,0,0,0,0,,,,,
12,0612093,医療法人社団 ゆうあい会 やりたクリニック,医療法人社団ゆうあい会やりたクリニック,1,0,0,1,0,0,0,0,,,,,
12,0612424,医療法人社団慈協会 市原メディカルキュア,医療法人社団慈協会市原メディカルキュア,1,1,0,1,0,0,0,1,,,,,
12,0610931,医療法人社団高原会 原村医院,医療法人社団 高原会 原村医院,1,0,0,1,0,0,0,0,,,,,
12,0412536,医療法人社団晴山会 ＲＯＳＥＧＡＲＤＥＮクリニック,医療法人社団晴山会ROSEGARDENクリニック,1,0,0,1,0,0,0,0,,,,,
12,0124164,医療法人社団三水会 北千葉整形外科幕張クリニック,医療法人社団三水会北千葉整形外科幕張クリニック,2,1,0,1,1,0,1,0,,,,,
12,0124677,幕張不整脈クリニック,幕張不整脈クリニック,1,0,1,0,0,0,0,0,,,,,
12,2818516,医療法人社団小羊会 船橋訪問クリニック,医療法人社団小羊会船橋訪問クリニック,1,0,0,1,0,0,0,0,,,,,
12,1012087,医療法人社団寧篤会 内房整形外科クリニック,医療法人社団寧篤会　内房整形外科クリニック,1,0,0,1,0,0,0,0,,,,,
12,1012186,木更津心臓血管クリニック,木更津心臓血管クリニック,1,0,1,0,0,0,0,0,,,,,
13,0131128,医療法人社団 あんしん会 四谷メディカルキューブ,医療法人社団あんしん会 四谷メディカルキューブ,1,1,1,0,0,0,1,0,,,,,
13,0230557,医療法人社団 高恵会 築地神経科クリニック,医療法人社団高恵会築地神経科クリニック,1,2,0,0,1,0,2,0,,,,,
13,0232751,公益財団法人 朝日生命成人病研究所 附属医院,公益財団法人朝日生命成人病研究所附属医院,1,0,0,1,0,0,0,0,,,,,
13,0331983,医療法人財団 順和会 山王メディカルセンター,医療法人財団順和会 山王メディカルセンター,1,2,1,0,0,1,1,0,,,,,
13,1029230,医療法人社団 光晶会 武田医院,医療法人社団光晶会 武田医院,1,0,0,1,0,0,0,0,,,,,
13,5525340,医療法人社団 健身会 さくら中央クリニック,医療法人社団健身会 さくら中央クリニック,1,0,0,1,0,0,0,0,,,,,
13,5523816,医療法人社団 はなまる会 千歳台はなクリニック,医療法人社団はなまる会 千歳台はなクリニック,1,0,0,1,0,0,0,0,,,,,
13,5721741,医療法人社団 健真美 しらゆりメディカルクリニック,医療法人社団健真美　しらゆりメディカルクリニック,1,0,0,0,0,0,0,0,,,,,
13,1428937,クリニックヨコヤマ,クリニックヨコヤマ,1,0,0,1,0,0,0,0,,,,,
13,1630938,医療法人社団 景星会 大塚北口診療所,医療法人社団景星会 大塚北口診療所,1,1,1,0,0,0,0,1,,,,,
13,1732866,木村外科内科,木村外科内科,1,0,0,1,0,0,0,0,,,,,
13,2027951,医療法人財団 秀行会 阿部クリニック,医療法人財団秀行会 阿部クリニック,1,0,0,1,0,0,0,0,,,,,
13,2029635,医療法人社団 川満惠光会 川満外科,医療法人社団川満惠光会 川満外科,1,1,0,1,0,0,0,1,,,,,
13,2030500,医療法人社団 翔洋会 辻内科循環器科歯科クリニック,（法）翔洋会 辻内科循環器科歯科クリニック,1,1,0,1,0,0,0,1,,,,,
13,2131068,医療法人社団 昭明会 大谷田整形外科,医療法人社団　昭明会　大谷田整形外科,1,1,0,1,0,0,0,1,,,,,
13,2131860,医療法人社団 容生会 ようせいクリニック,医療法人社団容生会 ようせいクリニック,1,0,0,1,0,0,0,0,,,,,
13,2126811,医療法人財団 ひこばえ会 セツルメント診療所,医療法人財団ひこばえ会 セツルメント診療所,1,0,0,1,0,0,0,0,,,,,
13,2129450,医療法人社団 星風会 井上クリニック,医療法人社団星風会 井上クリニック,1,0,1,0,0,0,0,0,,,,,
13,2230712,医療法人社団 湘南会 亀有みんなのクリニック,医療法人社団湘南会 亀有みんなのクリニック,1,0,0,1,0,0,0,0,,,,,
13,2330454,医療法人社団 三和会 菊地外科胃腸科,医療法人社団三和会 菊地外科胃腸科,2,0,0,0,1,0,0,0,,,,,
13,2329985,井口腎泌尿器科・内科 親水,井口腎泌尿器科・内科　親水,1,0,0,1,0,0,0,0,,,,,
13,5220751,医療法人社団 豊信会 草花クリニック,医療法人社団豊信会 草花クリニック,1,0,0,1,0,0,0,0,,,,,
13,2930212,八王子脊椎外科クリニック,八王子脊椎外科クリニック,1,1,0,1,0,0,1,0,,,,,
13,2927812,医療法人社団 斗南堂 八王子クリニック新町,医療法人社団斗南堂 八王子クリニック新町,1,1,1,0,0,0,1,0,,,,,
13,2926988,医療法人社団 恵優会 弐番街メディカルクリニック,医療法人社団恵優会 弐番街メディカルクリニック,1,0,0,1,0,0,0,0,,,,,
13,2925774,医療法人社団 斗南堂 八王子クリニック,医療法人社団斗南堂 八王子クリニック,1,0,0,1,0,0,0,0,,,,,
13,2928315,八王子スポーツ整形外科,八王子スポーツ整形外科,0,1,0,0,0,0,1,0,,,,,
13,3225067,医療法人社団 三翔会 町田脳神経外科,医療法人社団三翔会　町田脳神経外科,1,2,1,0,0,1,1,0,,,,,
13,3227998,医療法人社団 南東京ハートクリニック,南東京ハートクリニック,1,0,1,0,0,0,0,0,,,,,
13,5120936,医療法人社団 秀巧会 稲城わかばクリニック,医療法人社団秀巧会 稲城わかばクリニック,1,0,0,1,0,0,0,0,,,,,
13,3421435,医療法人社団 鴻鶴会 内野産婦人科小児科,医療法人社団鴻鶴会 内野産婦人科小児科,1,1,0,1,0,0,1,0,,,,,
13,4223533,医療法人社団 敬和慶友会 調布くびと腰の整形外科クリニック,医療法人社団敬和慶友会　調布くびと腰の整形外科クリニック,1,1,0,0,1,0,0,1,,,,,
13,4720975,医療法人社団 順洋会 武蔵野総合クリニック,医療法人社団 順洋会 武蔵野総合クリニック,1,1,0,1,0,0,1,0,,,,,
13,0333500,大島医療センター,大島医療センター,1,1,0,1,0,0,1,0,,,,,
13,0326926,新島村 国民健康保険本村診療所,新島村国民健康保険本村診療所,1,0,0,0,1,0,0,0,,,,,
13,0328245,神津島村国民健康保険直営診療所,神津島村国民健康保険直営診療所,1,0,0,1,0,0,0,0,,,,,
13,0326462,三宅村国民健康保険直営中央診療所,三宅村国民健康保険直営中央診療所,1,0,0,1,0,0,0,0,,,,,
13,0336917,小笠原村診療所,小笠原村診療所,1,0,0,0,1,0,0,0,,,,,
13,0329912,小笠原村 母島診療所,小笠原村母島診療所,1,0,0,1,0,0,0,0,,,,,
13,5529839,一般社団法人 循整会 世田谷人工関節・脊椎クリニック,世田谷人工関節・脊椎クリニック,1,1,0,1,0,0,1,0,,,,,
13,5022850,医療法人社団 翔和仁誠会 東京みみ・はな・のどサージクリニック,医療法人社団翔和仁誠会 東京みみ・はな・のどサージクリニック,1,0,0,0,1,0,0,0,,,,,
13,2134104,医療法人社団 やよい会 あだち江北メディカルクリニック,医療法人社団やよい会 あだち江北メディカルクリニック,1,0,0,1,0,0,0,0,,,,,
13,1732320,東京脊椎クリニック,東京脊椎クリニック,1,1,0,1,0,0,1,0,,,,,
13,2930675,医療法人社団 ＪＳＩ 八王子ひがし整形外科,医療法人社団JSI　八王子ひがし整形外科,1,1,0,1,0,0,1,0,,,,,
13,0935387,松脇クリニック品川,医療法人社団 恵芳会　松脇クリニック品川,1,0,0,0,0,0,0,0,,,,,
13,1636000,医療法人社団 育生會 山口医院,医療法人社団育生會　山口医院,1,0,0,1,0,0,0,0,,,,,
13,5529441,医療法人社団 英継会 東京血液疾患診療所,医療法人社団英継会　東京血液疾患診療所,1,0,0,1,0,0,0,0,,,,,
13,5530514,一般社団法人 大志会 東京ハートリズムクリニック,一般社団法人大志会　東京ハートリズムクリニック,1,0,1,0,0,0,0,0,,,,,
13,4022083,医療法人社団 全心会 ぜんしん整形外科,医療法人社団全心会　ぜんしん整形外科,1,1,0,1,0,0,1,0,,,,,
13,5624143,東京脊椎・関節クリニック羽田,東京脊椎・関節クリニック羽田,1,1,0,1,0,0,1,0,,,,,
13,5624275,一般社団法人大志会 東京ハートリズムクリニック羽田,一般社団法人大志会　東京ハートリズムクリニック羽田,1,0,1,0,0,0,0,0,,,,,
13,6021661,東京スポーツ＆整形外科クリニック北参道,東京スポーツ＆整形外科クリニック北参道,0,1,0,0,0,0,1,0,,,,,
14,9804360,横浜市総合保健医療センター診療所,横浜市総合保健医療センター診療所,1,1,1,0,0,1,0,0,,,,,
14,0907345,新横浜スパインクリニック,新横浜スパインクリニック,1,1,0,1,0,0,1,0,,,,,
14,3810207,シティクリニック,シティクリニック,1,0,0,1,0,0,0,0,,,,,
14,1003912,ソフィア横浜クリニック,ソフィア横浜クリニック,1,0,0,1,0,0,0,0,,,,,
14,0401034,石井耳鼻咽喉科診療所,医療法人鏡明会 石井耳鼻咽喉科診療所,1,0,0,0,0,0,0,0,,,,,
14,5301734,医療法人社団 亮友会 福住医院,医療法人社団亮友会 福住医院,1,0,0,1,0,0,0,0,,,,,
14,5402276,出沢明ＰＥＤクリニック,出沢明ＰＥＤクリニック,1,1,0,1,0,0,1,0,,,,,
14,5602610,渡辺クリニック,渡辺クリニック,1,0,0,1,0,0,0,0,,,,,
14,5101746,医療法人社団 慶生会 生駒クリニック,生駒クリニック,1,0,0,1,0,0,0,0,,,,,
14,5101357,医療法人社団 慶真会 川崎中央クリニック,医療法人社団慶真会川崎中央クリニック,1,1,0,1,0,0,1,0,,,,,
14,5201926,島脳神経外科整形外科医院,医療法人社団悠悠会 島脳神経外科整形外科医院,1,1,0,1,0,0,1,0,,,,,
14,2104677,医療法人 徳洲会 湘南鎌倉人工関節センター,医療法人徳洲会　湘南鎌倉人工関節センター,1,1,0,1,0,0,0,1,,,,,
14,2103422,道躰クリニック梶原,道躰クリニック梶原,1,0,0,1,0,0,0,0,,,,,
14,2203396,野中脳神経外科クリニック,野中脳神経外科クリニック,1,1,0,1,0,0,0,1,,,,,
14,2204659,医療法人社団藤順会 藤沢順天医院,医療法人社団 藤順会 藤沢順天医院,1,0,0,0,0,0,0,0,,,,,
14,2801926,新川クリニック,新川クリニック,1,0,0,0,0,0,0,0,,,,,
14,2902153,米澤外科内科,米澤外科内科,1,0,0,1,0,0,0,0,,,,,
14,4201141,海老名耳鼻咽喉科クリニック,海老名耳鼻咽喉科クリニック,2,0,0,0,1,0,0,0,,,,,
14,4200523,葉梨整形外科,葉梨整形外科,0,1,0,0,0,0,0,1,,,,,
14,4201364,医療法人社団 厚成会 海老名ハートクリニック,医療法人社団厚成会海老名ハートクリニック,1,0,0,1,0,0,0,0,,,,,
14,4100525,馬來内科胃腸外科,馬來内科胃腸外科,1,0,0,1,0,0,0,0,,,,,
14,4110128,くりはらメディカルクリニック,くりはらメディカルクリニック,1,0,1,0,0,0,0,0,,,,,
14,4410015,医療法人社団慈広会 矢崎胃腸外科,医療法人社団慈広会 矢崎胃腸外科,1,0,0,1,0,0,0,0,,,,,
14,2603991,医療法人社団光生会 さがみ循環器クリニック,医療法人社団光生会 さがみ循環器クリニック,1,0,0,1,0,0,0,0,,,,,
14,1910165,センペル湘南クリニック,センペル湘南クリニック,1,0,0,1,0,0,0,0,,,,,
15,0611104,医療法人社団 駅前医院 いけだ耳鼻科 駅前医院,いけだ耳鼻科　駅前医院,1,0,0,0,0,0,0,0,,,,,
15,0116146,医療法人社団 大森内科医院,大森内科医院,1,0,0,1,0,0,0,0,,,,,
15,2410414,萌気園浦佐診療所,萌気園浦佐診療所,1,0,0,1,0,0,0,0,,,,,
15,2210566,佐渡市立相川診療所,佐渡市立相川診療所,1,0,0,1,0,0,0,0,,,,,
16,0113969,本江整形外科医院,本江整形外科医院,0,1,0,0,0,0,0,1,,,,,
16,0118067,三川クリニック,三川クリニック,1,0,0,1,0,0,0,0,,,,,
16,0213181,市野瀬和田内科医院,市野瀬和田内科医院,1,0,0,1,0,0,0,0,,,,,
16,0212944,雨晴クリニック,雨晴クリニック,1,0,0,1,0,0,0,0,,,,,
16,0212555,高陵クリニック,高陵クリニック,1,0,1,0,0,0,0,0,,,,,
16,2010882,吉岡整形外科,吉岡整形外科,1,1,0,1,0,0,0,1,,,,,
16,0118935,根塚整形外科・スポーツクリニック,根塚整形外科・スポーツクリニック,0,1,0,0,0,0,0,1,,,,,
17,0312404,湯浅医院,湯浅医院,1,0,0,1,0,0,0,0,,,,,
17,0311307,田谷泌尿器科医院,田谷泌尿器科医院,1,0,0,1,0,0,0,0,,,,,
17,0610781,板谷医院,医療法人社団 加賀白山会 板谷医院,1,0,0,1,0,0,0,0,,,,,
17,0116722,辻整形外科クリニック,辻整形外科クリニック,1,0,0,0,0,0,0,0,,,,,
17,0115443,加藤整形外科医院,加藤整形外科医院,0,1,0,0,0,0,0,1,,,,,
17,0122399,尾張町たかたクリニック,尾張町たかたクリニック,1,0,0,1,0,0,0,0,,,,,
17,0117506,森下整形外科医院,森下整形外科医院,0,1,0,0,0,0,0,1,,,,,
17,0116714,三秋整形外科医院,三秋整形外科医院,1,1,0,0,0,0,0,1,,,,,
17,0116508,さがら整形外科医院,さがら整形外科医院,0,1,0,0,0,0,0,1,,,,,
17,2210275,下崎整形外科医院,下崎整形外科医院,0,1,0,0,0,0,0,1,,,,,
17,2210283,あさがおクリニック,あさがおクリニック,1,0,0,0,1,0,0,0,,,,,
17,1311520,舩木医院,舩木医院,1,0,0,0,1,0,0,0,,,,,
17,1311389,ののいち白山醫院,ののいち白山醫院,1,1,0,1,0,0,0,1,,,,,
17,0210954,国下整形外科医院,医療法人社団真貴会 国下整形外科医院,0,1,0,0,0,0,0,1,,,,,
17,0211044,森クリニック,医療法人社団森クリニック,1,0,0,1,0,0,0,0,,,,,
18,0118966,長保会 吉水整形外科医院,長保会 吉水整形外科医院,0,1,0,0,0,0,0,1,,,,,
18,0121630,山内整形外科,山内整形外科,1,1,0,0,1,0,0,1,,,,,
18,0121408,福井総合クリニック,福井総合クリニック,1,1,1,0,0,0,1,0,,,,,
18,0121796,安土整形外科医院,安土整形外科医院,1,1,0,1,0,0,0,1,,,,,
18,0120814,大森整形外科リウマチ科,大森整形外科リウマチ科,1,1,0,1,0,0,1,0,,,,,
18,0121333,医療法人 駅東整形外科,医療法人駅東整形外科,0,1,0,0,0,0,0,1,,,,,
18,0119691,片山整形外科,片山整形外科,0,1,0,0,0,0,0,1,,,,,
18,0119493,高波耳鼻咽喉科医院,高波耳鼻咽喉科医院,1,0,0,0,0,0,0,0,,,,,
18,1715034,医療法人 中瀬整形外科医院,医療法人中瀬整形外科医院,1,1,0,1,0,0,0,1,,,,,
18,0614303,芳野医院,芳野医院,1,0,0,0,1,0,0,0,,,,,
18,0314938,岩堀メディカルオフィス,岩堀メディカルオフィス,1,0,0,1,0,0,0,0,,,,,
18,0314649,東武内科外科クリニック,東武内科外科クリニック,1,0,0,1,0,0,0,0,,,,,
18,1914124,南越前町国民健康保険 今庄診療所,南越前町国民健康保険今庄診療所,1,0,0,1,0,0,0,0,,,,,
18,2314175,おおい町保健・医療・福祉総合施設 診療所,おおい町保健・医療・福祉総合施設診療所,1,0,1,0,0,0,0,0,,,,,
18,2410130,若狭町国民健康保険上中診療所,若狭町国民健康保険上中診療所,1,0,0,1,0,0,0,0,,,,,
19,0113446,医療法人立史会 今井整形外科医院,今井整形外科医院,0,2,0,0,0,0,1,1,,,,,
19,1600144,青沼整形外科,青沼整形外科,1,0,0,1,0,0,0,0,,,,,
20,0317309,医療法人慈修会 上田腎臓クリニック,医療法人慈修会 上田腎臓クリニック,1,0,0,1,0,0,0,0,,,,,
20,0317705,医療法人秀栄会 岸医院,医療法人秀栄会 岸医院,1,0,0,1,0,0,0,0,,,,,
20,1917040,医療法人緑風会 祢津診療所,祢津診療所,1,0,0,1,0,0,0,0,,,,,
20,4017160,医療法人 山本耳鼻咽喉科,医療法人山本耳鼻咽喉科,1,0,0,0,0,0,0,0,,,,,
20,4017392,柏原クリニック,柏原クリニック,1,0,1,0,0,0,0,0,,,,,
20,4010322,高橋医院,高橋医院,1,0,0,0,1,0,0,0,,,,,
20,0118095,南十字脳神経外科,南十字脳神経外科,1,1,0,1,0,0,0,1,,,,,
20,0118020,医療法人 鈴木泌尿器科,医療法人鈴木泌尿器科,1,0,0,1,0,0,0,0,,,,,
20,0118301,伊勢宮腎臓内科クリニック,伊勢宮腎臓内科クリニック,1,0,0,1,0,0,0,0,,,,,
20,0118491,クリニックコスモス長野,クリニックコスモス長野,1,0,0,1,0,0,0,0,,,,,
20,0817332,医療法人山月会 小諸医院,医療法人山月会小諸医院,1,0,0,1,0,0,0,0,,,,,
21,0112469,服部耳鼻咽喉科,服部耳鼻咽喉科,1,0,0,0,0,0,0,0,,,,,
21,0107758,芥見診療所,芥見診療所,1,0,0,0,1,0,0,0,,,,,
21,0107220,桑山眼科,桑山眼科,1,0,0,0,0,0,0,0,,,,,
21,0110133,松岡整形外科・内科リハビリテーション,松岡整形外科・内科リハビリテーション,1,1,0,1,0,0,1,0,,,,,
21,0104821,医療法人 高井外科,医療法人高井外科,1,0,0,0,0,0,0,0,,,,,
21,0107394,操健康クリニック,操健康クリニック,1,1,0,1,0,0,0,1,,,,,
21,0501422,各務原第一外科,各務原第一外科,0,1,0,0,0,0,0,1,,,,,
21,0502412,フェニックス総合クリニック,フェニックス総合クリニック,1,1,0,1,0,0,0,1,,,,,
21,3200238,名和内科,社会医療法人清光会 名和内科,1,0,0,1,0,0,0,0,,,,,
21,0600976,サンライズクリニック,サンライズクリニック,1,0,1,0,0,0,0,0,,,,,
21,0600943,まつなみ健康増進クリニック,まつなみ健康増進クリニック,1,0,0,1,0,0,0,0,,,,,
21,0701238,医療法人若葉会 さとうファミリークリニック,さとうファミリークリニック,1,0,0,1,0,0,0,0,,,,,
21,2102047,市川外科,市川外科,1,0,0,1,0,0,0,0,,,,,
21,2102088,大垣整形外科,大垣整形外科,0,1,0,0,0,0,1,0,,,,,
21,2400722,国保関ケ原診療所,国保関ケ原診療所,1,1,0,1,0,0,1,0,,,,,
21,2500562,田中医院,田中医院,1,0,0,1,0,0,0,0,,,,,
21,2500745,山中ジェネラルクリニック,山中ジェネラルクリニック,1,0,1,0,0,0,0,0,,,,,
21,1300949,医療法人社団麟生会 田原医院,医療法人社団 麟生会 田原医院,1,0,0,0,0,0,0,0,,,,,
21,1301012,伊佐治医院,伊佐治医院,1,0,0,1,0,0,0,0,,,,,
21,1101420,幸クリニック,幸クリニック,1,0,0,1,0,0,0,0,,,,,
21,2800939,下呂市立小坂診療所,下呂市立小坂診療所,1,0,0,1,0,0,0,0,,,,,
21,1501314,中津川市国民健康保険 坂下診療所,中津川市国民健康保険坂下診療所,1,0,1,0,0,0,0,0,,,,,
21,1101925,多治見スマートクリニック,多治見スマートクリニック,1,0,0,1,0,0,0,0,,,,,
22,0210080,河井医院,河井医院,1,0,0,1,0,0,0,0,,,,,
22,0210262,のぞみ記念 下田循環器・腎臓クリニック,のぞみ記念 下田循環器・腎臓クリニック,1,0,1,0,0,0,0,0,,,,,
22,5110178,天野医院,天野医院,1,0,0,1,0,0,0,0,,,,,
22,5110525,医療法人社団志太記念脳神経外科,志太記念脳神経外科,1,2,0,1,0,0,1,1,,,,,
22,5310661,錦野クリニック,錦野クリニック,1,1,0,1,0,0,1,0,,,,,
22,1110271,メディトピア沼津・内科クリニック,メディトピア沼津・内科クリニック,1,1,0,1,0,0,1,0,,,,,
22,1110347,望星第一クリニック,望星第一クリニック,1,0,0,1,0,0,0,0,,,,,
22,1110701,医療法人社団真養会 田沢医院,医療法人社団真養会田沢医院,1,0,0,1,0,0,0,0,,,,,
22,1110289,医療法人社団弘仁勝和会 沼津勝和クリニック,医療法人社団弘仁勝和会 沼津勝和クリニック,1,0,0,1,0,0,0,0,,,,,
22,1210378,医療法人社団淳和会 前田脳神経外科,前田脳神経外科,1,1,0,1,0,0,1,0,,,,,
22,1410069,さくら胃腸科・外科,さくら胃腸科・外科,1,0,0,0,1,0,0,0,,,,,
22,1310210,遠藤クリニック,遠藤クリニック,1,0,0,1,0,0,0,0,,,,,
22,7111901,海谷眼科,医療法人社団海仁 海谷眼科,1,0,0,0,0,0,0,0,,,,,
22,7112271,さなるサンクリニック,さなるサンクリニック,1,0,0,1,0,0,0,0,,,,,
22,7111695,石垣内科医院,石垣内科医院,2,0,0,1,0,0,0,0,,,,,
22,7211941,サージセンター,サージセンター,1,0,0,1,0,0,0,0,,,,,
22,7111109,志都呂クリニック,志都呂クリニック,1,0,1,0,0,0,0,0,,,,,
22,7210075,こぼり整形外科クリニック,医療法人社団真愛かおり会 こぼり整形外科クリニック,0,1,0,0,0,0,0,1,,,,,
22,8310247,西坂整形外科,西坂整形外科,0,1,0,0,0,0,1,0,,,,,
22,6510038,天竜厚生会診療所,天竜厚生会診療所,1,0,1,0,0,0,0,0,,,,,
22,4210730,浦島メディカルクリニック,浦島メディカルクリニック,1,0,0,1,0,0,0,0,,,,,
22,6910253,富士ヶ丘内科,医療法人社団富士ヶ丘　富士ヶ丘内科,1,0,1,0,0,0,0,0,,,,,
22,0410102,横山医院,医療法人社団望洋会 横山医院,1,0,0,1,0,0,0,0,,,,,
22,2110411,富士宮中央クリニック,富士宮中央クリニック,1,0,1,0,0,0,0,0,,,,,
22,2110478,協愛医院,医療法人社団優仁会協愛医院,1,0,0,0,0,0,0,0,,,,,
22,2310888,池辺クリニック,池辺クリニック,1,1,0,1,0,0,0,1,,,,,
23,0402959,医療法人紫陽 クリニックサンセール清里,医療法人紫陽 クリニックサンセール清里,1,1,0,1,0,0,0,1,,,,,
23,0401621,天野記念クリニック,天野記念クリニック,1,0,0,1,0,0,0,0,,,,,
23,0401928,庄内緑地救急クリニック,医療法人桜井医院 庄内緑地救急クリニック,1,1,0,1,0,0,0,1,,,,,
23,0402819,井戸田整形外科 名駅スポーツクリニック,井戸田整形外科 名駅スポーツクリニック,1,2,1,0,0,0,1,1,,,,,
23,0607250,名古屋東栄クリニック,名古屋東栄クリニック,1,0,0,1,0,0,0,0,,,,,
23,0606419,としわ会診療センターレクリニック,としわ会診療センターレクリニック,1,1,1,0,0,0,0,1,,,,,
23,0702622,メドック健康クリニック,メドック健康クリニック,1,1,0,1,0,0,1,0,,,,,
23,1002675,医療法人紫陽 クリニックサンセール,医療法人紫陽 クリニックサンセール,1,0,0,1,0,0,0,0,,,,,
23,1100826,医療法人幸会 岡田整形外科内科,医療法人幸会 岡田整形外科内科,0,1,0,0,0,0,0,1,,,,,
23,1301218,樋口整形外科 人工関節クリニック,樋口整形外科　人工関節クリニック,1,1,0,1,0,0,1,0,,,,,
23,1402370,ジャパン藤脳クリニック,ジャパン藤脳クリニック,1,1,0,1,0,0,1,0,,,,,
23,1401596,医療法人愛惠会愛光整形外科,医療法人愛惠会 愛光整形外科,1,2,0,1,0,1,0,1,,,,,
23,1500025,西山団地内科胃腸科,西山団地内科胃腸科,1,0,0,1,0,0,0,0,,,,,
23,1601815,伊藤整形外科,伊藤整形外科,0,1,0,0,0,0,0,1,,,,,
23,1602383,おにたけ整形外科,おにたけ整形外科,0,1,0,0,0,0,0,1,,,,,
23,2700871,医療法人佳信会クリニックつしま,医療法人佳信会 クリニックつしま,1,0,0,1,0,0,0,0,,,,,
23,7200331,医療法人佳信会あすかクリニック愛西,医療法人佳信会 あすかクリニック愛西,1,0,0,1,0,0,0,0,,,,,
23,7500052,服部整形外科皮フ科,服部整形外科皮フ科,1,1,0,1,0,0,0,1,,,,,
23,7400188,ようていファミリークリニック,ようていファミリークリニック,1,1,0,1,0,0,0,1,,,,,
23,4500865,医療法人 可知整形外科,可知整形外科,0,1,0,0,0,0,0,1,,,,,
23,4800604,医療法人豊水会 みずのクリニック,医療法人豊水会みずのクリニック,1,0,1,0,0,0,0,0,,,,,
23,4800430,医療法人利靖会 前原外科 整形外科 小児科,前原外科　整形外科　小児科,1,1,0,1,0,0,0,1,,,,,
23,4900305,杉上クリニック,杉上クリニック,1,1,0,1,0,0,0,1,,,,,
23,2204296,孝友クリニック,孝友クリニック,1,1,0,1,0,0,1,0,,,,,
23,2202977,磯村医院,磯村医院,1,1,0,1,0,0,1,0,,,,,
23,2205293,愛北ハートクリニック,愛北ハートクリニック,1,0,0,1,0,0,0,0,,,,,
23,2202464,たなけん脊椎・眼科クリニック,たなけん脊椎・眼科クリニック,0,1,0,0,0,0,1,0,,,,,
23,2203363,医療法人いつき会 いつきクリニック一宮,医療法人いつき会 いつきクリニック一宮,1,0,0,1,0,0,0,0,,,,,
23,2203835,井上内科クリニック,井上内科クリニック,1,0,0,1,0,0,0,0,,,,,
23,2202050,医療法人恵仁会一宮整形外科,医療法人恵仁会 一宮整形外科,0,1,0,0,0,0,1,0,,,,,
23,2501717,医療法人愛洋会 加藤クリニック,医療法人愛洋会 加藤クリニック,1,0,0,1,0,0,0,0,,,,,
23,2500206,医療法人同仁会鳥居クリニック,医療法人同仁会 鳥居クリニック,1,1,0,1,0,0,0,1,,,,,
23,3400703,医療法人ふなびきクリニック,医療法人ふなびきクリニック,1,0,0,1,0,0,0,0,,,,,
23,3400653,いたつ内科クリニック,いたつ内科クリニック,1,0,0,1,0,0,0,0,,,,,
23,3400885,ハートクリニックさわだ,ハートクリニックさわだ,1,0,1,0,0,0,0,0,,,,,
23,4700408,ようてい中央クリニック,ようてい中央クリニック,1,1,0,1,0,0,0,1,,,,,
23,5300471,医療法人 山田外科内科,医療法人山田外科内科,1,0,1,0,0,0,0,0,,,,,
23,5300539,伊藤整形・内科 あいちスポーツ・人工関節クリニック,伊藤整形・内科　あいちスポーツ・人工関節クリニック,1,2,1,0,0,0,2,0,,,,,
23,4200920,あおぞらファミリークリニック,あおぞらファミリークリニック,1,0,0,1,0,0,0,0,,,,,
23,4200946,前原整形外科リハビリテーションクリニック,前原整形外科リハビリテーションクリニック,1,1,0,1,0,0,1,0,,,,,
23,5702254,浅井外科,浅井外科,2,2,0,2,0,0,0,2,,,,,
23,5702643,医療法人宏友会 竹内整形外科・内科クリニック,医療法人宏友会 竹内整形外科・内科クリニック,1,1,0,1,0,0,1,0,,,,,
23,5702247,浜田整形外科・内科クリニック,浜田整形外科・内科クリニック,1,1,0,1,0,0,1,0,,,,,
23,3002228,小早川整形外科・内科,小早川整形外科・内科,0,1,0,0,0,0,1,0,,,,,
23,2900893,医療法人康喜会 大竹耳鼻咽喉科・睡眠クリニック,医療法人康喜会大竹耳鼻咽喉科・睡眠クリニック,1,0,0,0,0,0,0,0,,,,,
23,2901537,杉浦医院,杉浦医院,1,0,0,1,0,0,0,0,,,,,
23,3100659,松井整形外科,松井整形外科,1,1,0,1,0,0,1,0,,,,,
23,3201382,医療法人深見十全会 深見クリニック,医療法人深見十全会 深見クリニック,1,0,1,0,0,0,0,0,,,,,
23,3201788,三村医院,三村医院,1,0,1,0,0,0,0,0,,,,,
23,4400561,医療法人セントファミリアクリニック,医療法人セントファミリアクリニック,1,0,0,1,0,0,0,0,,,,,
23,2103605,耳鼻咽喉科気管食道科康生医院,耳鼻咽喉科気管食道科康生医院,1,0,0,0,0,0,0,0,,,,,
23,2104918,岡崎メイツ腎・睡眠クリニック,岡崎メイツ腎・睡眠クリニック,1,0,0,1,0,0,0,0,,,,,
23,2004217,豊橋メイツクリニック,豊橋メイツクリニック,1,0,1,0,0,0,0,0,,,,,
23,2005149,太田整形外科,太田整形外科,0,1,0,0,0,0,0,1,,,,,
23,2005792,ひがし循環器クリニック,ひがし循環器クリニック,1,0,1,0,0,0,0,0,,,,,
23,2004084,医療法人権田脳神経外科,権田脳神経外科,1,1,0,1,0,0,1,0,,,,,
23,2006436,塩之谷整形外科,医療法人　塩之谷整形外科,0,1,0,0,0,0,0,1,,,,,
23,3301752,ふじい整形外科,ふじい整形外科,0,1,0,0,0,0,1,0,,,,,
23,3301216,医療法人豊誠会とよおかクリニック,医療法人豊誠会 とよおかクリニック,1,0,0,1,0,0,0,0,,,,,
23,4400843,一般社団法人生活習慣病予防センター あいちハートクリニック,あいちハートクリニック,1,0,0,1,0,0,0,0,,,,,
23,0802802,みずほ足クリニック,みずほ足クリニック,1,1,0,1,0,0,1,0,,,,,
23,4201191,名古屋南脳神経外科クリニック,名古屋南脳神経外科クリニック,1,1,1,0,0,0,1,0,,,,,
23,5002135,なごやひがし整形外科・脊椎クリニック,なごやひがし整形外科・脊椎クリニック,1,1,0,1,0,0,1,0,,,,,
23,1001511,医療法人 正進会 名古屋泌尿器科,医療法人正進会 名古屋泌尿器科,1,0,0,1,0,0,0,0,,,,,
24,0105429,ウエルネス医療クリニック,ウエルネス医療クリニック,1,1,0,1,0,0,0,1,,,,,
24,0105122,坂井橋クリニック,医療法人坂井橋クリニック,1,0,0,1,0,0,0,0,,,,,
24,0105338,青木内科,青木内科,1,0,0,1,0,0,0,0,,,,,
24,0105593,医療法人 宮口内科循環器科,宮口内科循環器科,1,0,0,1,0,0,0,0,,,,,
24,0302323,しまむら外科内科,しまむら外科内科,1,0,0,1,0,0,0,0,,,,,
24,0305839,医療法人 鈴鹿クリニック,医療法人 鈴鹿クリニック,1,0,0,1,0,0,0,0,,,,,
24,0305466,医療法人尾池整形外科,尾池整形外科,1,1,0,1,0,0,0,1,,,,,
24,0305698,村瀬病院附属クリニック,村瀬病院附属クリニック,0,1,0,0,0,1,0,0,,,,,
24,0400572,みえ呼吸嚥下リハビリクリニック,みえ呼吸嚥下リハビリクリニック,1,0,0,1,0,0,0,0,,,,,
24,1205293,浅野整形外科内科,浅野整形外科内科,1,0,0,1,0,0,0,0,,,,,
24,0705707,おかの医院,医療法人おかの医院,1,0,0,1,0,0,0,0,,,,,
24,0805481,西井耳鼻咽喉科,医療法人西井耳鼻咽喉科,1,0,0,0,0,0,0,0,,,,,
24,0805762,さいとう内科呼吸器科三重スリープクリニック,さいとう内科呼吸器科三重スリープクリニック,1,0,0,1,0,0,0,0,,,,,
24,2805364,医療法人 白奉会 中嶋医院,医療法人白奉会 中嶋医院,1,0,1,0,0,0,0,0,,,,,
24,2805497,南島メディカルセンター,南島メディカルセンター,1,0,0,0,1,0,0,0,,,,,
24,1205616,医療法人敬人会 金丸脳脊椎外科クリニック,金丸脳脊椎外科クリニック,1,1,1,0,0,0,1,0,,,,,
25,0105006,はえうち診療所,はえうち診療所,1,0,0,0,0,0,0,0,,,,,
25,0601897,医療法人 加藤乳腺クリニック,医療法人加藤乳腺クリニック,1,1,1,0,0,0,1,0,,,,,
25,0602069,草津ハートセンター,草津ハートセンター,1,1,0,1,0,0,1,0,,,,,
25,1402287,ハートクリニックこころ,ハートクリニックこころ,1,0,1,0,0,0,0,0,,,,,
25,0501303,東近江市蒲生医療センター,東近江市蒲生医療センター,3,0,1,2,0,0,0,0,,,,,
26,2702007,医療法人虹樹会 おおえ乳腺クリニック,医療法人虹樹会おおえ乳腺クリニック,1,0,0,1,0,0,0,0,,,,,
26,3400429,南丹市国民健康保険南丹みやま診療所,南丹市国民健康保険南丹みやま診療所,1,0,0,1,0,0,0,0,,,,,
26,0105377,医療法人財団今井会足立病院 足立乳腺クリニック,医療法人財団今井会足立病院足立乳腺クリニック,1,1,0,1,0,0,1,0,,,,,
26,0308526,医療法人 究理堂 小石医院,医療法人究理堂小石医院,1,0,0,1,0,0,0,0,,,,,
27,4009525,医療法人豊成会 豊中脳神経外科クリニック,医療法人豊成会豊中脳神経外科クリニック,1,1,0,1,0,0,1,0,,,,,
27,4010028,医療法人かくいわ会 岩野耳鼻咽喉科,医療法人かくいわ会岩野耳鼻咽喉科,1,0,0,0,1,0,0,0,,,,,
27,3900971,医療法人正真会 大村耳鼻咽喉科,医療法人正真会大村耳鼻咽喉科,1,0,0,0,0,0,0,0,,,,,
27,0304805,医療法人 拓真会 仁和寺診療所,医療法人拓真会仁和寺診療所,1,0,0,1,0,0,0,0,,,,,
27,5011686,医療法人深緑会 田邊整形外科医院,医療法人深緑会田邊整形外科医院,0,1,0,0,0,0,0,1,,,,,
27,5503575,医療法人 阪本医院,医療法人阪本医院,1,0,0,1,0,0,0,0,,,,,
27,5506610,医療法人 永光会 新井クリニック,医療法人永光会新井クリニック,1,0,0,1,0,0,0,0,,,,,
27,4901408,医療法人昭仁会 小川外科,医療法人昭仁会小川外科,1,0,0,1,0,0,0,0,,,,,
27,4802887,医療法人ＯＳＴ 伊藤クリニック,医療法人OST伊藤クリニック,1,1,0,1,0,0,1,0,,,,,
27,3402796,医療法人真世会 佐井胃腸科肛門科,医療法人真世会佐井胃腸科肛門科,1,0,0,1,0,0,0,0,,,,,
27,0702024,医療法人 柏友会 柏友千代田クリニック,医療法人柏友会柏友千代田クリニック,1,0,0,1,0,0,0,0,,,,,
27,0120375,医療法人平治会 大田クリニック,医療法人平治会大田クリニック,1,0,0,1,0,0,0,0,,,,,
27,4502826,医療法人龍志会 ＩＧＴクリニック,医療法人龍志会ＩＧＴクリニック,4,0,2,2,0,0,0,0,,,,,
27,9500676,医療法人なぎさ会 第二なぎさクリニック,医療法人なぎさ会第二なぎさクリニック,1,0,0,1,0,0,0,0,,,,,
27,5401085,医療法人社団ＥＭＩＦＵＬＬ ただおかメディカルクリニック,医療法人社団EMIFULLただおかメディカルクリニック,1,0,1,0,0,0,0,0,,,,,
27,1301958,医療法人 清名台外科,医療法人清名台外科,1,0,0,1,0,0,0,0,,,,,
27,0203635,医療法人英仁会 大阪ブレストクリニック,医療法人英仁会大阪ブレストクリニック,1,0,1,0,0,0,0,0,,,,,
27,0402419,医療法人尚信会 整形外科河村医院,医療法人尚信会　整形外科河村医院,0,1,0,0,0,0,0,1,,,,,
27,0400546,龍神堂医院,医療法人龍神堂会龍神堂医院,1,1,1,0,0,0,0,1,,,,,
27,2702063,医療法人 港南会 金城外科脳神経外科,医療法人港南会金城外科脳神経外科,1,0,0,1,0,0,0,0,,,,,
27,2206776,今里ハートクリニック,今里ハートクリニック,1,0,1,0,0,0,0,0,,,,,
27,0806403,医療法人 青洲会診療所,医療法人青洲会診療所,1,0,0,1,0,0,0,0,,,,,
27,9108009,秀壮会クリニック,医療法人秀壮会秀壮会クリニック,1,0,0,1,0,0,0,0,,,,,
27,5904476,医療法人健正会 浜崎医院,医療法人健正会浜崎医院,1,0,1,0,0,0,0,0,,,,,
27,1902060,医療法人惠和会 惠和会総合クリニック,医療法人惠和会惠和会総合クリニック,1,0,1,0,0,0,0,0,,,,,
27,1301610,医療法人尚生会 貝塚西出クリニック,医療法人尚生会貝塚西出クリニック,1,1,0,1,0,0,1,0,,,,,
27,1504833,医療法人 岩本診療所,医療法人岩本診療所,1,0,0,1,0,0,0,0,,,,,
27,2409107,医療法人友隣会 友隣会メディカルケアクリニック,医療法人友隣会　友隣会メディカルケアクリニック,1,1,0,1,0,0,0,1,,,,,
28,1301585,丹波市国民健康保険 青垣診療所,丹波市国民健康保険青垣診療所,1,0,0,0,0,0,0,0,,,,,
28,4800914,脳神経外科 枚田クリニック,脳神経外科枚田クリニック,1,1,0,1,0,0,1,0,,,,,
28,3900368,岡田整形外科,岡田整形外科,1,0,0,1,0,0,0,0,,,,,
28,4101214,室井メディカルオフィス,室井メディカルオフィス,1,0,0,1,0,0,0,0,,,,,
28,3600794,西はりまクリニック,西はりまクリニック,1,1,0,1,0,0,0,1,,,,,
28,3801145,医療法人社団 ウスキ医院,ウスキ医院,1,0,0,0,1,0,0,0,,,,,
28,3401011,ミナミ整形外科・内科循環器科,ミナミ整形外科・内科循環器科,1,1,1,0,0,0,1,0,,,,,
28,3400732,アキタケ診療所,アキタケ診療所,1,1,0,1,0,0,1,0,,,,,
28,4020489,大室整形外科 脊椎・関節クリニック,大室整形外科脊椎・関節クリニック,1,1,1,0,0,0,1,0,,,,,
28,4020059,石橋内科,石橋内科,1,1,0,1,0,0,0,1,,,,,
28,3500697,丸尾内科外科,丸尾内科外科,1,0,0,1,0,0,0,0,,,,,
28,4006413,山田脳神経外科医院,山田脳神経外科医院,1,2,0,1,0,0,1,1,,,,,
28,1900931,復井診療所,復井診療所,1,0,0,1,0,0,0,0,,,,,
28,1800651,やない外科胃腸科,やない外科胃腸科,1,0,0,1,0,0,0,0,,,,,
28,2003677,中山クリニック,中山クリニック,1,1,1,0,0,0,1,0,,,,,
28,2006043,大国クリニック,大国クリニック,1,0,0,1,0,0,0,0,,,,,
28,2006126,王子クリニック,王子クリニック,1,0,0,1,0,0,0,0,,,,,
28,1104096,医療法人社団 森迫脳神経外科,医療法人社団森迫脳神経外科,1,1,0,1,0,0,1,0,,,,,
28,3303589,医療法人社団緑心会大橋クリニック,医療法人社団緑心会大橋クリニック,1,1,0,1,0,0,0,1,,,,,
28,3302557,太田外科診療所,太田外科診療所,1,1,0,1,0,0,0,1,,,,,
28,0921136,星野耳鼻咽喉科医院,医療法人社団　星野耳鼻咽喉科医院,1,0,0,0,0,0,0,0,,,,,
28,3024813,青木外科整形外科,青木外科整形外科,1,1,0,1,0,0,1,0,,,,,
28,3027451,きょう整形外科・神経外科クリニック,きょう整形外科・神経外科クリニック,1,1,0,1,0,0,1,0,,,,,
28,3024383,西原クリニック,医療法人社団弘道会西原クリニック,1,0,0,1,0,0,0,0,,,,,
28,3022155,桂クリニック,桂クリニック,1,0,0,1,0,0,0,0,,,,,
28,3024706,ほりお眼科内科,ほりお眼科内科,1,0,0,0,1,0,0,0,,,,,
28,3008287,阪神医生協診療所,阪神医生協診療所,1,0,0,1,0,0,0,0,,,,,
28,5201781,田中整形外科,田中整形外科,0,1,0,0,0,0,0,1,,,,,
28,5203076,さとうクリニック,さとうクリニック,1,0,0,1,0,0,0,0,,,,,
28,5202300,フェニックス岩岡クリニック,フェニックス岩岡クリニック,1,1,0,1,0,0,0,1,,,,,
28,5108747,ひろクリニック,ひろクリニック,1,1,0,1,0,0,1,0,,,,,
28,5003054,松本ホームメディカルクリニック,松本ホームメディカルクリニック,1,0,1,0,0,0,0,0,,,,,
28,5002189,有床診療所はすいけクリニック,有床診療所はすいけクリニック,1,0,0,1,0,0,0,0,,,,,
28,0804811,まつざきクリニック,まつざきクリニック,1,0,0,1,0,0,0,0,,,,,
28,0702528,益子産婦人科医院,益子産婦人科医院,1,0,0,0,0,0,0,0,,,,,
28,0205217,ろっこう医療生活協同組合 灘診療所,ろっこう医療生活協同組合灘診療所,1,0,0,1,0,0,0,0,,,,,
28,4401259,公立豊岡病院組合立豊岡病院日高クリニック,公立豊岡病院組合立豊岡病院日高クリニック,1,0,0,1,0,0,0,0,,,,,
28,3601248,信原クリニック,信原クリニック,1,1,0,0,1,0,0,1,,,,,
29,2000128,グランソール奈良,グランソール奈良,1,1,1,0,0,0,1,0,,,,,
29,1501266,公益財団法人ニッセイ聖隷健康福祉財団 ニッセイ聖隷クリニック,公益財団法人ニッセイ聖隷健康福祉財団 ニッセイ聖隷クリニック,1,0,1,0,0,0,0,0,,,,,
29,1701627,医療法人豊生会トミークリニック,医療法人豊生会 トミークリニック,1,0,0,1,0,0,0,0,,,,,
30,0113375,綿貫第二クリニック,綿貫第二クリニック,0,1,0,0,0,0,0,1,,,,,
30,0112906,紀泉ＫＤクリニック,紀泉ＫＤクリニック,1,0,0,1,0,0,0,0,,,,,
30,0111502,星野クリニック,星野クリニック,1,0,1,0,0,0,0,0,,,,,
30,0112823,宇治田循環器科内科,宇治田循環器科内科,1,0,0,1,0,0,0,0,,,,,
30,0111510,綿貫整形外科,綿貫整形外科,0,1,0,0,0,0,0,1,,,,,
30,0112831,きのしたクリニック,きのしたクリニック,1,1,0,1,0,0,0,1,,,,,
30,1710070,奥クリニック,奥クリニック,1,0,0,1,0,0,0,0,,,,,
30,1810045,紀の川クリニック,紀の川クリニック,1,0,0,1,0,0,0,0,,,,,
30,8010417,高野町立高野山総合診療所,高野町立高野山総合診療所,1,0,0,0,1,0,0,0,,,,,
30,1510199,土屋クリニック,医療法人 大和会 土屋クリニック,1,0,0,1,0,0,0,0,,,,,
30,2510644,医療法人 木下医院,医療法人木下医院,1,0,0,1,0,0,0,0,,,,,
30,2500835,坂野医院,坂野医院,1,0,0,1,0,0,0,0,,,,,
30,0113755,向陽 脳とせぼね・循環器内科クリニック,向陽　脳とせぼね・循環器内科クリニック,1,1,0,1,0,0,1,0,,,,,
31,0112053,医療法人 橋本外科医院,医療法人橋本外科医院,1,0,0,1,0,0,0,0,,,,,
31,0112921,野の花診療所,医療法人社団　野の花診療所,1,0,0,1,0,0,0,0,,,,,
31,0310822,福嶋整形外科医院,福嶋整形外科医院,0,1,0,0,0,0,1,0,,,,,
31,1410647,森本外科・脳神経外科医院,森本外科・脳神経外科医院,1,0,0,1,0,0,0,0,,,,,
32,0411223,医療法人社団林整形外科医院,林整形外科医院,1,1,0,1,0,0,0,1,,,,,
33,0113596,医療法人雄風会 新あしもりクリニック,医療法人雄風会 新あしもりクリニック,1,0,0,1,0,0,0,0,,,,,
33,0111350,医療法人（社団）福島内科医院,医療法人（社団） 福島内科医院,1,0,0,1,0,0,0,0,,,,,
33,0112861,医療法人 森谷外科医院,医療法人 森谷外科医院,1,0,0,1,0,0,0,0,,,,,
33,0111855,木本内科医院,木本内科医院,1,0,0,1,0,0,0,0,,,,,
33,0113786,原尾島クリニック,原尾島クリニック,1,0,1,0,0,0,0,0,,,,,
33,0115476,岡山ハートクリニック,岡山ハートクリニック,1,0,1,0,0,0,0,0,,,,,
33,0116284,吉井外科内科クリニック,吉井外科内科クリニック,1,0,0,1,0,0,0,0,,,,,
33,0114271,三宅おおふくクリニック,医療法人緑風会　三宅おおふくクリニック,0,1,0,0,0,0,1,0,,,,,
33,0111400,かとう内科並木通り診療所,かとう内科並木通り診療所,1,0,0,1,0,0,0,0,,,,,
33,0112820,うちおグリーンクリニック,うちおグリーンクリニック,1,0,0,1,0,0,0,0,,,,,
33,2510047,池田医院,医療法人REGIONO　池田医院,1,0,0,1,0,0,0,0,,,,,
33,2310224,渋藤医院,渋藤医院,1,0,0,1,0,0,0,0,,,,,
33,0212224,医療法人社団 西崎内科医院,西崎内科医院,1,0,0,1,0,0,0,0,,,,,
33,0211853,難波医院,医療法人以心会 難波医院,1,0,0,1,0,0,0,0,,,,,
33,0210855,医療法人恵和会 田嶋内科,田嶋内科,1,0,0,1,0,0,0,0,,,,,
33,0211259,伊木診療所,伊木診療所,1,0,0,0,1,0,0,0,,,,,
33,0210897,新倉敷メディカルスクエア,新倉敷メディカルスクエア,1,1,0,1,0,0,0,1,,,,,
33,0213099,やまな内科整形外科,やまな内科整形外科,1,0,0,1,0,0,0,0,,,,,
33,0710136,森本整形外科医院,医療法人平允会 森本整形外科医院,1,1,0,1,0,0,0,1,,,,,
33,0710086,井原第一クリニック,医療法人弘智会 井原第一クリニック,1,1,0,1,0,0,0,1,,,,,
33,0810191,医療法人弘友会 泉クリニック,泉クリニック,1,0,0,0,1,0,0,0,,,,,
33,2710233,にいつクリニック,にいつクリニック,1,0,0,1,0,0,0,0,,,,,
33,3410320,まにわ整形外科クリニック,まにわ整形外科クリニック,1,1,0,1,0,0,0,1,,,,,
33,0310820,小畑醫院,小畑醫院,1,0,0,1,0,0,0,0,,,,,
33,3710166,医療法人豊医会 原医院,医療法人 豊医会 原医院,1,1,0,1,0,0,0,1,,,,,
33,0116326,きらめきクリニック,きらめきクリニック,1,0,0,1,0,0,0,0,,,,,
33,0116763,トリニティクリニック,トリニティクリニック,1,1,0,1,0,0,1,0,,,,,
34,0124501,はしもと内科,はしもと内科,1,0,0,0,1,0,0,0,,,,,
34,0118172,谷本クリニック,谷本クリニック,1,0,0,1,0,0,0,0,,,,,
34,0118289,大瀬戸リハビリ整形外科,大瀬戸リハビリ整形外科,0,1,0,0,0,0,0,1,,,,,
34,0122497,山本整形外科クリニック,山本整形外科クリニック,0,1,0,0,0,0,1,0,,,,,
34,0217339,谷川脳神経外科,谷川脳神経外科,1,1,1,0,0,0,1,0,,,,,
34,0223428,西原セントラルクリニック,西原セントラルクリニック,1,0,0,1,0,0,0,0,,,,,
34,0214997,医療法人社団 博寿会 山下医院,医療法人社団博寿会 山下医院,1,0,0,1,0,0,0,0,,,,,
34,0214906,吉山クリニック,吉山クリニック,1,1,0,1,0,1,0,0,,,,,
34,0223196,平尾クリニック,平尾クリニック,0,1,0,0,0,0,0,1,,,,,
34,2711073,医療法人社団 清流会 双樹クリニック,医療法人社団清流会 双樹クリニック,1,0,0,1,0,0,0,0,,,,,
34,0515088,医療法人社団仁井谷医院 にいたにクリニック,医療法人社団 仁井谷医院 にいたにクリニック,1,0,0,1,0,0,0,0,,,,,
34,2910048,澤医院,澤医院,1,0,0,1,0,0,0,0,,,,,
34,0710382,医療法人 宏慈会 桑原内科循環器科医院,医療法人 宏慈会 桑原内科循環器科医院,1,0,0,1,0,0,0,0,,,,,
34,3910237,医療法人社団 田村医院,医療法人社団田村医院,1,0,0,1,0,0,0,0,,,,,
34,1110509,医療法人社団 樹良会 高亀医院,医療法人社団樹良会 高亀医院,1,0,0,1,0,0,0,0,,,,,
34,1111424,よしはら内科外科リハビリテーションクリニック,よしはら内科外科リハビリテーションクリニック,1,0,0,1,0,0,0,0,,,,,
34,4110357,医療法人社団博和会 得本医院,医療法人社団博和会 得本医院,1,0,0,1,0,0,0,0,,,,,
34,1111994,尾道市立市民病院附属瀬戸田診療所,尾道市立市民病院附属瀬戸田診療所,1,0,0,1,0,0,0,0,,,,,
34,4210413,医療法人社団 卜部医院 うらべ医院,医療法人社団卜部医院 うらべ医院,1,0,0,1,0,0,0,0,,,,,
34,1514221,医療法人社団 田中メディカルクリニック,医療法人社団田中メディカルクリニック,1,0,0,0,0,0,0,0,,,,,
34,4410294,医療法人社団 柚木外科医院,柚木外科医院,1,0,0,1,0,0,0,0,,,,,
34,1512662,医療法人社団 黎明会 さくらの丘クリニック,医療法人社団黎明会 さくらの丘クリニック,1,0,0,1,0,0,0,0,,,,,
34,4410286,医療法人社団 成恵会 やまてクリニック,医療法人社団成恵会 やまてクリニック,1,0,0,1,0,0,0,0,,,,,
34,4310130,木下メディカルクリニック,木下メディカルクリニック,1,0,0,0,1,0,0,0,,,,,
34,1516622,徳永医院,徳永医院,1,0,0,1,0,0,0,0,,,,,
34,1511920,松永脳外科クリニック,松永脳外科クリニック,1,0,0,1,0,0,0,0,,,,,
34,1512365,医療法人社団まこと会 神辺内科,医療法人社団まこと会 神辺内科医院,1,0,0,1,0,0,0,0,,,,,
34,1710639,なんば医院,なんば医院,1,0,0,1,0,0,0,0,,,,,
34,1910643,大倉医院,大倉医院,1,0,0,1,0,0,0,0,,,,,
34,1910387,内科・外科鳴戸医院,内科・外科鳴戸医院,1,0,0,1,0,0,0,0,,,,,
34,3610951,安芸高田やちよクリニック,安芸高田やちよクリニック,1,0,0,1,0,0,0,0,,,,,
34,0124972,ほーむけあクリニック,ほーむけあクリニック,1,0,0,1,0,0,0,0,,,,,
34,0225365,石原脳神経外科医院,石原脳神経外科医院,1,1,0,1,0,0,1,0,,,,,
34,0225837,炭田内科・胃腸内科医院,炭田内科・胃腸内科医院,1,0,0,1,0,0,0,0,,,,,
35,7211136,岩本医院,岩本医院,1,0,1,0,0,0,0,0,,,,,
35,1211066,松井クリニック,松井クリニック,1,0,0,1,0,0,0,0,,,,,
35,1210746,弘田脳神経外科,弘田脳神経外科,1,1,0,1,0,0,1,0,,,,,
35,7110635,安本医院,医療法人社団 安本医院,1,1,0,1,0,0,1,0,,,,,
35,0710944,阿部クリニック,阿部クリニック,1,0,0,1,0,0,0,0,,,,,
35,1010468,医療法人社団光仁会 市川医院,医療法人社団光仁会市川医院,1,1,0,1,0,0,1,0,,,,,
35,0313020,光山医院山口,光山医院山口,1,0,0,1,0,0,0,0,,,,,
35,0311586,医療法人社団青藍会 あんの循環器・総合クリニック,医療法人社団青藍会あんの循環器・総合クリニック,1,0,0,1,0,0,0,0,,,,,
35,0312261,社会福祉法人青藍会 ハートクリニック南山口,社会福祉法人青藍会 ハートクリニック南山口,1,0,0,1,0,0,0,0,,,,,
35,0612272,光山医院,光山医院,1,0,0,1,0,0,0,0,,,,,
35,0212545,医療法人仁心会南園クリニック,医療法人仁心会南園クリニック,0,1,0,0,0,0,1,0,,,,,
35,1310553,医療法人ＥＭＳ 植田救急クリニック,医療法人ＥＭＳ　植田救急クリニック,1,1,0,1,0,0,1,0,,,,,
35,0114360,まつなが医院,医療法人 松永会 まつなが医院,1,0,0,1,0,0,0,0,,,,,
35,0116399,細江クリニック,細江クリニック,1,0,0,1,0,0,0,0,,,,,
35,7810846,医療法人社団若草会 木本クリニック,医療法人社団若草会 木本クリニック,1,0,0,0,1,0,0,0,,,,,
35,0115615,医療法人池田会いけだ内科,医療法人池田会いけだ内科,1,0,0,0,0,0,0,0,,,,,
35,0115730,医療法人 正祥会 にしはらクリニック,医療法人正祥会にしはらクリニック,1,0,0,1,0,0,0,0,,,,,
35,0114956,伊藤内科医院,伊藤内科医院,1,1,0,1,0,0,0,1,,,,,
35,0116852,いとう腎クリニック,いとう腎クリニック,1,0,0,1,0,0,0,0,,,,,
35,0813045,岩国市立錦中央医院,岩国市立錦中央医院,1,0,0,1,0,0,0,0,,,,,
36,0125019,城東整形外科内科,城東整形外科内科,1,0,0,0,1,0,0,0,,,,,
36,0127072,むくの木クリニック,医療法人青嵐会 むくの木クリニック,1,0,0,1,0,0,0,0,,,,,
36,0126363,おかがわ内科・小児科,おかがわ内科・小児科,1,0,0,1,0,0,0,0,,,,,
36,0127205,大櫛耳鼻咽喉科はな・みみサージクリニック,大櫛耳鼻咽喉科はな・みみサージクリニック,1,0,0,0,0,0,0,0,,,,,
36,0127965,かもな桜公園クリニック,かもな桜公園クリニック,1,0,0,1,0,0,0,0,,,,,
36,0126033,徳島さくらクリニック,徳島さくらクリニック,1,0,0,1,0,0,0,0,,,,,
36,0117198,高杉内科外科小児科脳外科,高杉内科外科小児科脳外科,1,1,0,1,0,0,1,0,,,,,
36,1713136,さくら診療所,さくら診療所,1,0,0,1,0,0,0,0,,,,,
36,1710363,谷医院,谷医院,1,0,0,1,0,0,0,0,,,,,
36,1713102,中西内科クリニック,中西内科クリニック,1,0,0,0,0,0,0,0,,,,,
36,1612106,中山医院,中山医院,1,0,0,0,0,0,0,0,,,,,
36,1612189,御所診療所,御所診療所,1,0,0,1,0,0,0,0,,,,,
36,1213061,石井虹の橋クリニック,石井虹の橋クリニック,1,0,0,1,0,0,0,0,,,,,
36,1210539,中谷医院,中谷医院,1,0,0,1,0,0,0,0,,,,,
36,1513163,春藤内科胃腸科,春藤内科胃腸科,1,0,1,0,0,0,0,0,,,,,
36,1510417,清水内科,清水内科,1,0,0,1,0,0,0,0,,,,,
36,1513445,森本医院,森本医院,1,0,0,1,0,0,0,0,,,,,
36,0413092,岩城クリニック,岩城クリニック,1,0,0,1,0,0,0,0,,,,,
36,0410379,馬原医院,馬原医院,1,0,0,1,0,0,0,0,,,,,
36,0510657,佐藤内科,佐藤内科,1,0,0,1,0,0,0,0,,,,,
36,0610531,内田医院,内田医院,1,0,0,1,0,0,0,0,,,,,
37,0115894,医療法人社団 三好内科医院,医療法人社団三好内科医院,1,0,0,1,0,0,0,0,,,,,
37,0121157,医療法人社団緑会 ザイタックスクリニック,医療法人社団緑会ザイタックスクリニック,1,0,0,1,0,0,0,0,,,,,
37,0120449,医療法人社団少将井 いがわ医院,医療法人社団少将井いがわ医院,1,0,0,1,0,0,0,0,,,,,
37,0118963,医療法人社団 健愛会 あきやまクリニック,医療法人社団健愛会 あきやまクリニック,1,0,0,1,0,0,0,0,,,,,
37,0115845,医療法人社団 田原内科医院,医療法人社団 田原内科医院,1,0,0,1,0,0,0,0,,,,,
37,0115373,医療法人社団 海部医院,医療法人社団 海部医院,1,0,0,1,0,0,0,0,,,,,
37,0116488,医療法人社団 高畠医院,医療法人社団 高畠医院,0,1,0,0,0,0,0,1,,,,,
37,0118799,阿部内科眼科医院,医療法人社団 慈愛会 阿部内科眼科医院,1,0,0,1,0,0,0,0,,,,,
37,0117403,医療法人社団 泰平会 佐藤クリニック,医療法人社団泰平会 佐藤クリニック,1,0,1,0,0,0,0,0,,,,,
37,0120886,五番丁医院,五番丁医院,1,1,0,1,0,0,0,1,,,,,
37,0115803,医療法人福生会 多田羅内科クリニック,医療法人福生会 多田羅内科クリニック,1,0,0,1,0,0,0,0,,,,,
37,0116272,医療法人社団仁泉会 西岡医院,医療法人社団仁泉会 西岡医院,1,0,0,1,0,0,0,0,,,,,
37,0115571,医療法人社団わき外科・内科クリニック,医療法人社団わき外科・内科クリニック,1,0,0,1,0,0,0,0,,,,,
37,0118542,医療法人社団 恵生会 いきなり内科ハートクリニック,医療法人社団恵生会 いきなり内科ハートクリニック,0,1,0,0,0,0,0,1,,,,,
37,0118757,医療法人社団 渋谷整形外科医院,医療法人社団渋谷整形外科医院,0,1,0,0,0,0,0,1,,,,,
37,0120399,医療法人社団 立心会 高松ハートクリニック,医療法人社団 立心会 高松ハートクリニック,1,0,1,0,0,0,0,0,,,,,
37,0121033,医療法人社団一歩一景会 たけべ乳腺外科クリニック,たけべ乳腺外科クリニック,1,0,0,1,0,0,0,0,,,,,
37,0120324,医療法人弘仁会 三条整形外科スポーツクリニック,医療法人弘仁会 三条整形外科スポーツクリニック,1,1,0,1,0,0,1,0,,,,,
37,0117874,医療法人社団 ひまわり会 はまもと医院,医療法人社団ひまわり会はまもと医院,1,0,0,0,0,0,0,0,,,,,
37,0119623,なりあい医院,なりあい医院,1,0,0,0,1,0,0,0,,,,,
37,0118930,医療法人社団 谷本内科医院,医療法人社団谷本内科医院,1,0,0,1,0,0,0,0,,,,,
37,1310635,医療法人社団一真会 大幸医療センター,医療法人社団一真会大幸医療センター,1,0,1,0,0,0,0,0,,,,,
37,0211594,医療法人社団 丸亀おのクリニック,医療法人丸亀おのクリニック,0,1,0,0,0,0,0,1,,,,,
37,0212378,医療法人恵基会 小林医院,医療法人恵基会小林医院,1,0,0,0,1,0,0,0,,,,,
37,0311808,医療法人社団 永井整形外科医院,医療法人社団 永井整形外科医院,1,1,0,1,0,0,1,0,,,,,
37,0411095,医療法人社団功寿会 アイシークリニック,医療法人社団功寿会アイシークリニック,1,0,0,1,0,0,0,0,,,,,
37,0410865,医療法人社団 大杉脳神経外科医院,医療法人社団 大杉脳神経外科医院,1,0,0,1,0,0,0,0,,,,,
37,1611032,医療法人社団 昌樹会 ウツミ整形外科医院,医療法人社団昌樹会 ウツミ整形外科医院,0,1,0,0,0,0,0,1,,,,,
37,1611057,医療法人社団 小国医院,医療法人社団小国医院,1,0,0,0,1,0,0,0,,,,,
37,0511134,医療法人社団力正会 小林整形外科医院,医療法人社団力正会小林整形外科医院,1,1,1,0,0,0,0,1,,,,,
37,0511332,医療法人社団みとし会 クニタクリニック,医療法人社団みとし会クニタクリニック,1,0,0,1,0,0,0,0,,,,,
37,0511357,医療法人社団メディカルクラブ大興和 クリニック池田,医療法人社団メディカルクラブ大興和 クリニック池田,1,1,0,1,0,0,1,0,,,,,
37,0810254,医療法人社団 十仁会 多田医院,医療法人社団十仁会 多田医院,0,1,0,0,0,0,0,1,,,,,
38,0210587,あゆみクリニック,あゆみクリニック,1,0,0,0,1,0,0,0,,,,,
38,0210041,かとう内科,かとう内科,1,0,0,1,0,0,0,0,,,,,
38,3810094,かどた医院,かどた医院,1,0,0,1,0,0,0,0,,,,,
38,0510275,すみ整形外科リハビリ科,すみ整形外科リハビリ科,0,1,0,0,0,0,0,1,,,,,
38,0510937,中萩診療所,中萩診療所,1,0,0,1,0,0,0,0,,,,,
38,0115471,医療法人 愛慶会 前野整形外科,前野整形外科,0,1,0,0,0,0,0,1,,,,,
38,0114508,やまだリウマチクリニック,やまだリウマチクリニック,0,1,0,0,0,0,1,0,,,,,
38,0113401,よつば循環器科クリニック,よつば循環器科クリニック,1,0,1,0,0,0,0,0,,,,,
38,3710153,伊方町国民健康保険瀬戸診療所,伊方町国民健康保険瀬戸診療所,1,0,0,1,0,0,0,0,,,,,
38,3910027,いわむらクリニック,いわむらクリニック,1,0,0,1,0,0,0,0,,,,,
38,0928113,医療法人社団恵仁会 三島クリニック,医療法人社団恵仁会三島クリニック,1,0,0,1,0,0,0,0,,,,,
38,3510355,武智ひ尿器科・内科,医療法人武智ひ尿器科・内科,1,0,0,1,0,0,0,0,,,,,
38,0129456,浦岡胃腸クリニック,浦岡胃腸クリニック,1,0,0,1,0,0,0,0,,,,,
38,0113633,関谷循環器科,関谷循環器科,1,0,0,1,0,0,0,0,,,,,
38,0113484,丸石整形外科医院,丸石整形外科医院,0,1,0,0,0,0,0,1,,,,,
38,0111553,金澤整形外科,金澤整形外科,0,1,0,0,0,0,1,0,,,,,
38,0113302,佐藤循環器科内科,佐藤循環器科内科,1,0,0,1,0,0,0,0,,,,,
38,0113724,三津整形外科,三津整形外科,1,1,0,1,0,0,0,1,,,,,
38,0110738,山下脳神経外科,山下脳神経外科,1,1,0,1,0,0,0,1,,,,,
38,3328147,重信クリニック,重信クリニック,1,0,0,1,0,0,0,0,,,,,
38,0110662,医療法人 小田ひ尿器科・ふみこ皮フ科,小田ひ尿器科・ふみこ皮フ科,1,0,0,1,0,0,0,0,,,,,
38,0115117,星の岡心臓・血管クリニック,星の岡心臓・血管クリニック,1,0,0,1,0,0,0,0,,,,,
38,0110670,相原整形外科,相原整形外科,0,1,0,0,0,0,0,1,,,,,
38,0112122,増田整形外科,増田整形外科,0,1,0,0,0,0,0,1,,,,,
38,3310111,池川内科・神経内科,池川内科・神経内科,1,0,0,1,0,0,0,0,,,,,
38,0210751,竹内外科胃腸科,竹内外科胃腸科,1,0,0,1,0,0,0,0,,,,,
38,3610023,土居内科外科医院,土居内科外科医院,1,1,0,1,0,0,0,1,,,,,
38,0610380,福田医院,福田医院,1,0,0,1,0,0,0,0,,,,,
38,0228266,片木脳神経外科,片木脳神経外科,2,1,2,0,0,0,1,0,,,,,
38,0114029,あずま泌尿器科クリニック,あずま泌尿器科クリニック,1,0,0,1,0,0,0,0,,,,,
38,0410104,矢野脳神経外科医院,矢野脳神経外科医院,1,1,0,1,0,0,0,1,,,,,
38,0211171,井出内科,井出内科,1,0,0,0,1,0,0,0,,,,,
38,0116271,いまいリウマチ・リハビリテーション,いまいリウマチ・リハビリテーション,1,1,0,1,0,0,0,1,,,,,
39,0310477,医療法人 緑風会 ＥＡＳＴマリンクリニック,ＥＡＳＴマリンクリニック,0,1,0,0,0,0,0,1,,,,,
39,2010885,芸西オルソクリニック,芸西オルソクリニック,0,1,0,0,0,0,0,1,,,,,
39,0115561,医療法人 恕泉会 内田脳神経外科,内田脳神経外科,1,2,0,1,0,1,1,0,,,,,
39,0115728,青木脳神経外科形成外科,青木脳神経外科形成外科,1,1,0,1,0,0,1,0,,,,,
39,0117815,医療法人 成仁会 快聖クリニック,医療法人成仁会 快聖クリニック,1,0,0,1,0,0,0,0,,,,,
39,0117658,クリニックひろと,クリニックひろと,1,1,0,0,1,0,0,1,,,,,
39,0116353,医療法人 ハンズ高知 フレック クリニック,フレッククリニック,0,1,0,0,0,0,1,0,,,,,
39,0116403,福田心臓・消化器内科,福田心臓・消化器内科,1,0,0,1,0,0,0,0,,,,,
39,0115975,医療法人 武生会 川村整形外科,川村整形外科,1,0,0,1,0,0,0,0,,,,,
39,0510324,医療法人高尚会 川田整形外科,医療法人高尚会 川田整形外科,0,1,0,0,0,0,0,1,,,,,
39,1010035,もえぎクリニック,もえぎクリニック,1,0,0,0,1,0,0,0,,,,,
39,1010324,野市整形外科医院,野市整形外科医院,0,1,0,0,0,0,0,1,,,,,
39,1110140,医療法人 岩河会 岩河整形外科,岩河整形外科,0,1,0,0,0,0,0,1,,,,,
39,1110306,前田メディカルクリニック,前田メディカルクリニック,1,0,0,1,0,0,0,0,,,,,
39,2410762,医療法人 博恵会 町田整形外科,町田整形外科,0,1,0,0,0,0,0,1,,,,,
39,0610546,医療法人 仁栄会 島津クリニック,医療法人仁栄会 島津クリニック,1,0,0,1,0,0,0,0,,,,,
39,2511791,四万十町国民健康保険大正診療所,四万十町国民健康保険大正診療所,1,0,0,1,0,0,0,0,,,,,
39,0710965,四万十市国民健康保険西土佐診療所,四万十市国民健康保険西土佐診療所,1,0,0,1,0,0,0,0,,,,,
39,0210511,室戸市立室戸診療所,室戸市立室戸診療所,1,0,0,1,0,0,0,0,,,,,
39,0711203,医療法人 島津会 幡多クリニック,医療法人島津会　幡多クリニック,1,1,0,1,0,0,0,1,,,,,
40,0210252,医療法人祥知会はこざき公園内科医院,医療法人祥知会はこざき公園内科医院,1,0,0,1,0,0,0,0,,,,,
40,0316968,海の中道整形外科,医療法人海の中道整形外科医院,0,1,0,0,0,0,1,0,,,,,
40,0215012,医療法人共仁会 福岡脊椎クリニック,医療法人共仁会　福岡脊椎クリニック,2,1,0,1,0,0,1,0,,,,,
40,0319798,医療法人 誠仁会 籠田医院,医療法人誠仁会 籠田医院,1,0,0,1,0,0,0,0,,,,,
40,0210351,医療法人相生会ピーエスクリニック,医療法人相生会ピーエスクリニック,1,0,0,1,0,0,0,0,,,,,
40,0317446,医療法人 ながら医院,医療法人ながら医院,1,0,0,1,0,0,0,0,,,,,
40,1024397,河野耳鼻咽喉科ＥａｒＳｕｒｇｉＣｌｉｎｉｃ,河野耳鼻咽喉科 Ｅａｒ Ｓｕｒｇｉ Ｃｌｉｎｉｃ,1,0,0,0,0,0,0,0,,,,,
40,1022466,医療法人萱島外科,医療法人　萱島外科,1,0,0,1,0,0,0,0,,,,,
40,1024959,守永クリニック,医療法人守永クリニック,1,0,0,1,0,0,0,0,,,,,
40,1219278,医療法人社団 村山循環器科内科医院,医療法人社団村山循環器科内科医院,1,0,0,1,0,0,0,0,,,,,
40,1213172,華笑クリニック,華笑クリニック,1,0,0,0,0,0,0,0,,,,,
40,1213487,医療法人 南島整形外科,医療法人南島整形外科,0,1,0,0,0,0,0,1,,,,,
40,1213420,医療法人 堺整形外科医院 福岡スポーツクリニック,医療法人堺整形外科医院　福岡スポーツクリニック,1,2,0,1,0,0,1,1,,,,,
40,1219401,医療法人光生会 かなざわクリニック,医療法人光生会かなざわクリニック,1,0,0,0,0,0,0,0,,,,,
40,1219492,医療法人にしだ内科内視鏡クリニック,医療法人にしだ内科内視鏡クリニック,1,0,1,0,0,0,0,0,,,,,
40,1213271,医療法人堺整形外科医院 さかい内科クリニック,医療法人堺整形外科医院 さかい内科クリニック,0,1,0,0,0,0,0,1,,,,,
40,1012749,医療法人 海洋会 あおいクリニック,医療法人海洋会 あおいクリニック,1,0,0,1,0,0,0,0,,,,,
40,1016989,医療法人 高森整形外科・内科,医療法人 高森整形外科・内科,1,1,0,1,0,0,1,0,,,,,
40,1019561,医療法人三聖会 岸田内科医院,医療法人三聖会 岸田内科医院,1,0,0,1,0,0,0,0,,,,,
40,1017003,西南泌尿器科クリニック,西南泌尿器科クリニック,1,0,0,1,0,0,0,0,,,,,
40,1010537,医療法人 脳神経外科クリニック高木,医療法人脳神経外科クリニック高木,0,1,0,0,0,0,0,1,,,,,
40,1013069,石西整形外科医院,石西整形外科医院,1,0,0,0,1,0,0,0,,,,,
40,1129865,福岡市立急患診療センター,福岡市立急患診療センター,1,0,1,0,0,0,0,0,,,,,
40,1019082,医療法人 盛和会 神代医院,医療法人盛和会 神代医院,1,0,0,1,0,0,0,0,,,,,
40,1118041,医療法人 おがた整形外科医院,医療法人 おがた整形外科医院,0,1,0,0,0,0,0,1,,,,,
40,1019355,黒田整形外科医院,黒田整形外科医院,1,1,0,1,0,0,1,0,,,,,
40,1024538,山口内科医院,山口内科医院,1,0,0,1,0,0,0,0,,,,,
40,1119882,重松クリニック,重松クリニック,1,0,0,1,0,0,0,0,,,,,
40,2010890,医療法人社団昭友会たなかクリニック,医療法人社団昭友会たなかクリニック,1,0,0,1,0,0,0,0,,,,,
40,2019149,医療法人 太田脳神経外科医院,医療法人 太田脳神経外科医院,1,1,0,1,0,0,1,0,,,,,
40,2019057,舌間整形外科,医療法人 至高会 舌間整形外科,1,1,0,1,0,0,1,0,,,,,
40,0719187,医療法人亀山整形外科医院,医療法人 亀山整形外科医院,0,1,0,0,0,0,0,1,,,,,
40,0719393,医療法人Ｙ＆Ｋ かい整形外科医院,医療法人 Ｙ＆Ｋ かい整形外科医院,0,1,0,0,0,0,0,1,,,,,
40,0619122,林外科・内科クリニック,林外科・内科クリニック,1,0,0,1,0,0,0,0,,,,,
40,0519330,医療法人宗隆会上妻整形外科医院,医療法人宗隆会上妻整形外科医院,0,1,0,0,0,0,0,1,,,,,
40,1711142,早瀬川医院,早瀬川医院,1,0,0,1,0,0,0,0,,,,,
40,1619220,医療法人マインド 伊原春日クリニック,医療法人マインド伊原春日クリニック,1,0,0,1,0,0,0,0,,,,,
40,1619535,中村整形外科医院,医療法人　祐志会　中村整形外科医院,0,1,0,0,0,0,0,1,,,,,
40,1410893,島本脳神経外科,医療法人光宝 島本脳神経外科,1,1,0,1,0,0,1,0,,,,,
40,1819143,医療法人 正明会 諸岡整形外科クリニック,医療法人正明会 諸岡整形外科クリニック,0,1,0,0,0,0,0,1,,,,,
40,1819184,医療法人光竹会 ごう脳神経外科クリニック,医療法人光竹会 ごう脳神経外科クリニック,1,1,1,0,0,0,1,0,,,,,
40,2411239,クリニックコスモ,クリニックコスモ,1,0,0,1,0,0,0,0,,,,,
40,2219582,村岡外科医院,村岡外科医院,1,0,0,1,0,0,0,0,,,,,
40,2218063,医療法人オーエヌシー 岡田脳神経外科医院,医療法人オーエヌシー岡田脳神経外科医院,1,1,0,1,0,0,0,1,,,,,
40,2712388,日高大腸肛門クリニック,日高大腸肛門クリニック,1,0,0,1,0,0,0,0,,,,,
40,2215630,医療法人社団いしい 大手町クリニック,医療法人社団いしい 大手町クリニック,1,0,1,0,0,0,0,0,,,,,
40,2219558,ツジ胃腸内科医院,ツジ胃腸内科医院,1,1,0,1,0,0,0,1,,,,,
40,2610442,栗田耳鼻咽喉科,栗田耳鼻咽喉科,1,0,0,0,0,0,0,0,,,,,
40,2119154,医療法人 正慈会 草場内科循環器科医院,医療法人正慈会 草場内科循環器科医院,1,0,0,1,0,0,0,0,,,,,
40,2311033,小林レディースクリニック,小林レディースクリニック,1,0,0,0,0,0,0,0,,,,,
40,3510948,江本ニーアンドスポーツクリニック,江本ニーアンドスポーツクリニック,0,1,0,0,0,0,0,1,,,,,
40,4419552,医療法人 春日医院,医療法人春日医院,1,0,0,1,0,0,0,0,,,,,
40,4419602,医療法人 石橋整形外科医院,医療法人石橋整形外科医院,1,0,0,0,0,0,0,0,,,,,
40,4419255,医療法人 山下医院,医療法人山下医院,1,0,0,1,0,0,0,0,,,,,
40,4419800,医療法人メディカルキューブ平井外科産婦人科,医療法人メディカルキューブ平井外科産婦人科,1,0,0,1,0,0,0,0,,,,,
40,4413944,落合脳神経外科医院,落合脳神経外科医院,1,1,0,1,0,0,0,1,,,,,
40,4419982,医療法人藤本整形外科医院,医療法人藤本整形外科医院,0,1,0,0,0,0,0,1,,,,,
40,4414462,坂本内科医院,医療法人慶潤会坂本内科医院,1,0,0,1,0,0,0,0,,,,,
40,4319406,医療法人 津留医院,医療法人津留医院,1,0,0,1,0,0,0,0,,,,,
40,4329140,甲斐田医院,医療法人柳川滋恵会 甲斐田医院,1,0,0,1,0,0,0,0,,,,,
40,5519624,医療法人裕和会 おおやぶクリニック,医療法人 裕和会 おおやぶクリニック,1,0,0,1,0,0,0,0,,,,,
40,5519418,医療法人 梶原内科医院,医療法人梶原内科医院,1,0,0,0,1,0,0,0,,,,,
40,5519434,医療法人 中野医院,医療法人中野医院,1,0,0,1,0,0,0,0,,,,,
40,5419221,医療法人高橋内科クリニック,医療法人高橋内科クリニック,1,0,0,1,0,0,0,0,,,,,
40,5319462,医療法人 中山医院,医療法人 中山医院,1,0,0,1,0,0,0,0,,,,,
40,5319322,医療法人田中整形外科医院,医療法人田中整形外科医院,0,1,0,0,0,0,0,1,,,,,
40,7619877,晴山会クリニック,晴山会クリニック,1,0,0,1,0,0,0,0,,,,,
40,7619398,医療法人 大里クリニック,医療法人大里クリニック,1,0,0,1,0,0,0,0,,,,,
40,6519516,医療法人 鈴木眼科クリニック,医療法人鈴木眼科クリニック,1,0,0,0,1,0,0,0,,,,,
40,6419188,医療法人 親和会 天神クリニック,天神クリニック,1,0,0,0,1,0,0,0,,,,,
40,7718695,山崎リゾートクリニック,山崎リゾートクリニック,2,0,1,1,0,0,0,0,,,,,
40,7811110,坂本クリニック耳鼻咽喉科,坂本クリニック耳鼻咽喉科,1,0,1,0,0,0,0,0,,,,,
40,7717440,医療法人 岩本内科医院,医療法人岩本内科医院,1,0,0,1,0,0,0,0,,,,,
40,6626402,医療法人 桜クリニック,医療法人 桜クリニック,0,1,0,0,0,0,1,0,,,,,
40,6219075,医療法人 中村整形外科医院,医療法人中村整形外科医院,0,2,0,0,0,0,1,1,,,,,
40,7519184,医療法人 行橋クリニック,医療法人行橋クリニック,1,0,0,1,0,0,0,0,,,,,
40,1118835,医療法人めぐみ会 秋山クリニック,医療法人めぐみ会秋山クリニック,1,1,0,1,0,0,1,0,,,,,
40,0213819,医療法人ＳＳＣ 香椎耳鼻咽喉科,医療法人SSC香椎耳鼻咽喉科,1,0,0,0,0,0,0,0,,,,,
40,0215699,福岡山田外科,福岡山田外科,1,0,0,0,1,0,0,0,,,,,
41,0117928,医療法人 正島脳神経外科,医療法人　正島脳神経外科,1,1,0,1,0,0,1,0,,,,,
41,0114669,医療法人 牧野医院,医療法人牧野医院,1,0,0,1,0,0,0,0,,,,,
41,0116284,医療法人 森永整形外科医院,医療法人森永整形外科医院,0,1,0,0,0,0,0,1,,,,,
41,0115302,橋野医院,橋野医院,1,0,0,1,0,0,0,0,,,,,
41,1011021,医療法人 島内整形外科医院,医療法人島内整形外科医院,0,1,0,0,0,0,0,1,,,,,
41,1011211,医療法人 源勇会 枝國医院,医療法人源勇会枝國医院,1,0,0,1,0,0,0,0,,,,,
41,0114438,医療法人 信愛整形外科医院,医療法人信愛整形外科医院,0,1,0,0,0,0,0,1,,,,,
41,0114503,高柳内科,高柳内科,1,0,1,0,0,0,0,0,,,,,
41,0114651,医療法人 おそえがわ脳神経内科,医療法人おそえがわ脳神経内科,0,1,0,0,0,0,0,1,,,,,
41,0116714,岸川整形外科,岸川整形外科,0,1,0,0,0,0,0,1,,,,,
41,1311058,鶴田運動機能回復クリニック,鶴田運動機能回復クリニック,1,0,1,0,0,0,0,0,,,,,
41,1311017,鶴田整形外科,鶴田整形外科,0,1,0,0,0,0,1,0,,,,,
41,2010071,栗並医院,栗並医院,1,0,0,1,0,0,0,0,,,,,
41,1111052,目達原整形外科,目達原整形外科,0,1,0,0,0,0,0,1,,,,,
41,0312131,医療法人 まごころ医療館,医療法人まごころ医療館,1,0,0,1,0,0,0,0,,,,,
41,0213206,医療法人 平川俊彦脳神経外科,医療法人 平川俊彦脳神経外科,1,1,0,1,0,0,1,0,,,,,
41,0611110,医療法人 篠田整形外科,医療法人篠田整形外科,1,1,0,1,0,0,0,1,,,,,
41,1710796,うれしのふくだクリニック,うれしのふくだクリニック,1,1,1,0,0,0,1,0,,,,,
41,0117621,ぶどうの木クリニック,ぶどうの木クリニック,1,1,0,1,0,0,1,0,,,,,
41,0512011,伊万里整形外科病院,伊万里整形外科病院,1,1,0,1,0,0,1,0,,,,,
41,9811406,公立佐賀中央病院,公立佐賀中央病院,1,1,1,0,0,0,1,0,,,,,
42,0165306,矢上藤尾大坪外科胃腸科,矢上藤尾大坪外科胃腸科,1,0,0,1,0,0,0,0,,,,,
42,0167062,医療法人社団健昌会 新里クリニック浦上,医療法人社団健昌会　新里クリニック浦上,1,0,1,0,0,0,0,0,,,,,
42,0164747,医療法人 三宅脳神経外科医院,医療法人　三宅脳神経外科医院,1,1,0,1,0,0,1,0,,,,,
42,0162279,医療法人宏友会 さとう内科医院,医療法人宏友会　さとう内科医院,1,0,0,1,0,0,0,0,,,,,
42,0161891,たちばなベイクリニック,たちばなベイクリニック,1,0,0,1,0,0,0,0,,,,,
42,0162899,医療法人社団 平松クリニック,医療法人社団　平松クリニック,1,0,0,1,0,0,0,0,,,,,
42,0166866,ながさきハートクリニック,ながさきハートクリニック,1,0,1,0,0,0,0,0,,,,,
42,0166049,共立耳鼻咽喉科,共立耳鼻咽喉科,1,0,0,0,0,0,0,0,,,,,
42,0165991,出口外科眼科医院,出口外科眼科医院,1,0,0,1,0,0,0,0,,,,,
42,0162006,医療法人社団春秋会 南長崎クリニック,南長崎クリニック,1,0,0,1,0,0,0,0,,,,,
42,1122850,森の木脳神経脊髄外科,森の木脳神経脊髄外科,1,2,0,1,0,1,0,1,,,,,
42,1123411,医療法人新緑会 長崎けやき医院,長崎けやき医院,1,0,0,0,0,0,0,0,,,,,
42,1123270,長崎整形外科よつ葉クリニック,長崎整形外科よつ葉クリニック,0,1,0,0,0,0,0,1,,,,,
42,1123866,医療法人 暁会 安永脳神経外科,医療法人暁会 安永脳神経外科,1,2,0,1,0,0,2,0,,,,,
42,1123569,近藤医院,近藤医院,1,0,0,1,0,0,0,0,,,,,
42,8124669,佐世保市総合医療センター宇久診療所,佐世保市総合医療センター　宇久診療所,1,0,0,1,0,0,0,0,,,,,
42,0227072,しもまえ泌尿器科クリニック,しもまえ泌尿器科クリニック,1,0,0,1,0,0,0,0,,,,,
42,0225910,医療法人愛健会 愛健医院,医療法人愛健会　愛健医院,1,1,0,1,0,0,0,1,,,,,
42,0225837,日宇記念医院,日宇記念医院,1,0,0,1,0,0,0,0,,,,,
42,0224608,医療法人誠医会 川冨内科医院,医療法人誠医会　川冨内科医院,1,0,1,0,0,0,0,0,,,,,
42,0225605,医療法人英尚会 中村内科,医療法人英尚会　中村内科,1,0,0,1,0,0,0,0,,,,,
42,0225951,医療法人社団 石坂脳神経外科,医療法人社団　石坂脳神経外科,1,2,1,0,0,0,2,0,,,,,
42,0225498,医療法人社団平世会 村上医院,医療法人社団平世会　村上医院,1,0,1,0,0,0,0,0,,,,,
42,0227270,医療法人 増田整形外科,医療法人 増田整形外科,0,1,0,0,0,0,0,1,,,,,
42,0227080,医療法人 田渕医院,医療法人　田渕医院,1,0,0,1,0,0,0,0,,,,,
42,0226074,医療法人翠山会 いちょうクリニック,いちょうクリニック,1,0,0,0,1,0,0,0,,,,,
42,0227726,医療法人かえで 溝口内科・呼吸器内科,医療法人かえで 溝口内科・呼吸器内科,1,0,0,0,1,0,0,0,,,,,
42,0227221,宮原医院,宮原医院,1,0,0,0,0,0,0,0,,,,,
42,0820652,押渕医院,押渕医院,1,0,0,1,0,0,0,0,,,,,
42,0422418,江藤外科消化器科医院,江藤外科消化器科医院,1,0,0,1,0,0,0,0,,,,,
42,0421766,医療法人 橋爪外科胃腸科医院,橋爪外科胃腸科医院,1,0,0,1,0,0,0,0,,,,,
42,0521664,医療法人 明和会 伊崎脳神経外科・内科,伊崎脳神経外科・内科,1,1,0,1,0,0,1,0,,,,,
42,0521565,医療法人 牧山医院,牧山医院,1,0,0,1,0,0,0,0,,,,,
42,0521458,平松整形外科医院,平松整形外科医院,0,1,0,0,0,0,0,1,,,,,
42,0321214,医療法人 重眞会 木下内科医院,医療法人 重眞会 木下内科医院,1,0,0,1,0,0,0,0,,,,,
42,0321412,島原整形外科 西村クリニック,島原整形外科西村クリニック,1,1,0,0,1,0,0,1,,,,,
42,0320984,医療法人社団兼愛会 前田医院,医療法人社団兼愛会　前田医院,1,0,0,1,0,0,0,0,,,,,
42,1422698,菜の花クリニック,菜の花クリニック,1,0,0,0,1,0,0,0,,,,,
42,8124602,長崎県五島中央病院附属診療所奈留医療センター,長崎県五島中央病院附属診療所奈留医療センター,1,0,0,1,0,0,0,0,,,,,
42,8123372,小値賀町国民健康保険診療所,小値賀町国民健康保険診療所,1,0,0,1,0,0,0,0,,,,,
42,0168375,ながさき内科・リウマチ科医院,ながさき内科・リウマチ科医院,1,1,0,1,0,0,0,1,,,,,
43,7310169,熊本田崎クリニック,熊本田崎クリニック,1,0,0,1,0,0,0,0,,,,,
43,0122413,鳥谷医院,鳥谷医院,1,0,0,0,0,0,0,0,,,,,
43,0122991,天神内科医院,天神内科医院,1,0,0,1,0,0,0,0,,,,,
43,7110148,上村内科クリニック,医療法人継匠会 上村内科クリニック,1,0,0,1,0,0,0,0,,,,,
43,7110031,くまもと令和クリニック,くまもと令和クリニック,1,0,0,0,1,0,0,0,,,,,
43,0121605,服部胃腸科,服部胃腸科,1,0,0,1,0,0,0,0,,,,,
43,0124351,石原・伊牟田内科,石原・伊牟田内科,1,0,0,1,0,0,0,0,,,,,
43,0123387,柴田内科・柴田整形外科,柴田内科・柴田整形外科,1,0,0,0,0,0,0,0,,,,,
43,7210260,東熊クリニック,東熊クリニック,1,0,0,1,0,0,0,0,,,,,
43,7210278,えず総合診療所,えず総合診療所,1,0,1,0,0,0,0,0,,,,,
43,8212323,日本赤十字社熊本健康管理センター,日本赤十字社熊本健康管理センター,1,1,1,0,0,0,1,0,,,25448.0,9223.0,VERIFIED_NUMERIC
43,0120821,上熊本内科,上熊本内科,1,0,0,0,1,0,0,0,,,,,
43,0122561,アラキ整形外科,アラキ整形外科,0,1,0,0,0,0,0,1,,,,,
43,0121803,石神クリニック,医療法人社団青葉会 石神クリニック,1,0,0,0,1,0,0,0,,,,,
43,0120995,緒方脳神経外科医院,緒方脳神経外科医院,1,0,0,1,0,0,0,0,,,,,
43,0126844,中村整形外科,中村整形外科,1,1,0,1,0,0,0,1,,,,,
43,0120896,石川整形外科リウマチ科,石川整形外科リウマチ科,0,1,0,0,0,0,0,1,,,,,
43,0120581,あけぼのクリニック,あけぼのクリニック,1,0,0,1,0,0,0,0,,,,,
43,0126612,松元整形・外科,松元整形・外科,1,0,0,1,0,0,0,0,,,,,
43,0121621,八景水谷クリニック,八景水谷クリニック,1,0,0,1,0,0,0,0,,,,,
43,0124518,下田内科クリニック,下田内科クリニック,1,0,0,1,0,0,0,0,,,,,
43,0126406,北部脳神経外科・神経内科,北部脳神経外科・神経内科,1,1,1,0,0,0,1,0,,,,,
43,1110854,みどりかわクリニック,みどりかわクリニック,1,0,0,1,0,0,0,0,,,,,
43,1410619,県南髙木クリニック,医療法人one happiness 県南髙木クリニック,1,0,0,1,0,0,0,0,,,,,
43,0411410,山田クリニック,山田クリニック,1,0,0,1,0,0,0,0,,,,,
43,0411576,西原クリニック,西原クリニック,1,0,0,1,0,0,0,0,,,,,
43,0411469,荒尾脳神経外科医院,荒尾脳神経外科医院,1,1,0,0,1,0,0,1,,,,,
43,0410933,関整形外科,関整形外科,1,1,0,1,0,0,0,1,,,,,
43,0411022,藤枝医院,藤枝医院,1,0,0,1,0,0,0,0,,,,,
43,0411014,荒尾クリニック,医療法人社団 荒尾クリニック,1,0,0,1,0,0,0,0,,,,,
43,0411428,西整形外科医院,西整形外科医院,0,1,0,0,0,0,0,1,,,,,
43,0411071,伊藤医院,伊藤医院,1,0,0,1,0,0,0,0,,,,,
43,1810651,大塚医院,大塚医院,1,0,0,1,0,0,0,0,,,,,
43,1810602,小田整形外科医院,小田整形外科医院,0,1,0,0,0,0,0,1,,,,,
43,1310470,大橋通クリニック,大橋通クリニック,1,0,0,1,0,0,0,0,,,,,
43,1910063,平瀬内科医院,平瀬内科医院,1,0,0,1,0,0,0,0,,,,,
43,2611777,ふくだ医院,ふくだ医院,1,0,0,1,0,0,0,0,,,,,
43,2611991,宮本内科医院,宮本内科医院,1,0,0,1,0,0,0,0,,,,,
43,2611694,樽美外科整形外科医院,樽美外科整形外科医院,0,1,0,0,0,0,0,1,,,,,
43,2811039,藤岡医院,藤岡医院,1,0,0,1,0,0,0,0,,,,,
43,2811260,小糸整形外科,小糸整形外科,0,1,0,0,0,0,0,1,,,,,
43,2811153,たかぞえ 内科 循環器内科クリニック,たかぞえ内科循環器内科クリニック,1,0,0,1,0,0,0,0,,,,,
43,2811195,野田医院,野田医院,1,0,0,0,1,0,0,0,,,,,
43,1710588,あらき整形外科医院,あらき整形外科医院,0,1,0,0,0,0,0,1,,,,,
43,1711370,鶴田胃腸科内科,鶴田胃腸科内科,2,0,1,1,0,0,0,0,,,,,
43,1711594,ひらきクリニック,ひらきクリニック,1,0,0,0,1,0,0,0,,,,,
43,1711321,医療法人右田会 右田クリニック,右田クリニック,1,0,0,1,0,0,0,0,,,,,
43,1711180,松本医院,松本医院,1,0,0,0,1,0,0,0,,,,,
43,0510732,山田クリニック,山田クリニック,1,0,0,0,1,0,0,0,,,,,
43,3010557,芦北整形外科医院,芦北整形外科医院,1,0,0,1,0,0,0,0,,,,,
43,3010631,医療法人社団弘翔会 井上医院,医療法人社団 弘翔会 井上医院,1,0,0,1,0,0,0,0,,,,,
43,3010680,宮島医院,宮島医院,1,0,0,1,0,0,0,0,,,,,
43,0310885,豊永耳鼻咽喉科医院,豊永耳鼻咽喉科医院,1,0,0,1,0,0,0,0,,,,,
43,0310612,岡医院,岡医院,1,1,0,1,0,0,0,1,,,,,
43,0311339,光永医院,光永医院,1,0,0,1,0,0,0,0,,,,,
43,2010475,小松医院,小松医院,1,0,0,1,0,0,0,0,,,,,
43,2612544,大津中村整形外科,大津中村整形外科,1,1,0,1,0,0,0,1,,,,,
44,0215190,児玉耳鼻咽喉科クリニック,児玉耳鼻咽喉科クリニック,1,0,0,0,0,0,0,0,,,,,
44,0214961,久保田クリニック,久保田クリニック,1,0,0,1,0,0,0,0,,,,,
44,0214995,安部第一医院,安部第一医院,1,0,0,1,0,0,0,0,,,,,
44,1410279,国東中央クリニック,国東中央クリニック,1,0,0,1,0,0,0,0,,,,,
44,1410048,堀田医院,堀田医院,1,0,0,1,0,0,0,0,,,,,
44,0122941,おおいたメディカルクリニック,おおいたメディカルクリニック,1,0,0,1,0,0,0,0,,,,,
44,0116463,辛島内科・消化器内科,辛島内科・消化器内科,1,0,0,1,0,0,0,0,,,,,
44,0120168,堀耳鼻咽喉科クリニック,医療法人 堀耳鼻咽喉科クリニック,1,0,0,0,0,0,0,0,,,,,
44,0116380,近藤整形外科,近藤整形外科,0,1,0,0,0,0,0,1,,,,,
44,0116398,医療法人松栄会 松坂さとう消化器内科,松坂さとう消化器内科,1,0,0,1,0,0,0,0,,,,,
44,0120531,朋友クリニック,朋友クリニック,1,0,0,0,0,0,0,0,,,,,
44,0118105,織部泌尿器科,織部泌尿器科,1,0,0,1,0,0,0,0,,,,,
44,0118121,心葉消化器外科,心葉消化器外科,1,0,0,1,0,0,0,0,,,,,
44,0123782,大嶋医院,大嶋医院,1,0,0,1,0,0,0,0,,,,,
44,0118790,井野辺府内クリニック,井野辺府内クリニック,1,0,0,0,1,0,0,0,,,,,
44,0116661,梶本医院,梶本医院,1,0,0,1,0,0,0,0,,,,,
44,0116968,仙波整形外科,仙波整形外科,1,1,0,1,0,0,0,1,,,,,
44,0121059,大場整形外科,大場整形外科,1,2,0,1,0,0,1,1,,,,,
44,0120325,うえお乳腺外科,うえお乳腺外科,1,0,0,1,0,0,0,0,,,,,
44,0123188,たかはし泌尿器科,たかはし泌尿器科,1,0,0,1,0,0,0,0,,,,,
44,0116687,織部消化器科,織部消化器科,1,0,0,1,0,0,0,0,,,,,
44,0116976,ハートクリニック,ハートクリニック,2,0,1,1,0,0,0,0,,,,,
44,0122040,うちのう整形外科,うちのう整形外科,1,1,0,1,0,0,0,1,,,,,
44,0118618,わさだかかりつけ医院泌尿器科クリニック,わさだかかりつけ医院泌尿器科クリニック,1,0,0,1,0,0,0,0,,,,,
44,0117420,佐藤クリニック,医療法人佐藤クリニック,1,0,0,0,0,0,0,0,,,,,
44,1310156,さとう消化器・大腸肛門クリニック,さとう消化器・大腸肛門クリニック,1,0,0,1,0,0,0,0,,,,,
44,1310172,何松内科循環器科,医療法人何松内科循環器科,1,0,0,0,1,0,0,0,,,,,
44,1310164,宮崎医院,宮崎医院,1,0,0,1,0,0,0,0,,,,,
44,1310115,佐藤医院,佐藤医院,1,0,0,1,0,0,0,0,,,,,
44,1310099,ごとう医院,ごとう医院,1,0,0,1,0,0,0,0,,,,,
44,1210406,ごとう消化器科・内科クリニック,ごとう消化器科・内科クリニック,1,0,0,1,0,0,0,0,,,,,
44,1210141,土生医院,土生医院,1,0,0,1,0,0,0,0,,,,,
44,1210448,ふじしま内科,ふじしま内科,1,0,0,1,0,0,0,0,,,,,
44,2810881,友成医院,友成医院,1,1,0,1,0,0,1,0,,,,,
44,0312021,医療法人社団内尾整形外科医院,医療法人社団内尾整形外科医院,0,1,0,0,0,0,0,1,,,,,
44,0312450,まつざきクリニック,まつざきクリニック,1,1,0,1,0,0,1,0,,,,,
44,1111471,宗像医院,宗像医院,1,0,0,1,0,0,0,0,,,,,
44,1111018,医療法人藤心会 黒田整形外科,医療法人藤心会 黒田整形外科,0,1,0,0,0,0,0,1,,,,,
44,1111067,玄々堂泌尿器科,玄々堂泌尿器科,1,0,0,1,0,0,0,0,,,,,
44,1111109,玄々堂整形外科,玄々堂整形外科,0,1,0,0,0,0,0,1,,,,,
44,0213369,村上脳神経内科クリニック,村上脳神経内科クリニック,1,1,0,1,0,0,0,1,,,,,
44,0122859,あべ胃腸病内視鏡クリニック,あべ胃腸病内視鏡クリニック,1,0,0,1,0,0,0,0,,,,,
44,1310305,岩男医院,岩男医院,1,0,0,1,0,0,0,0,,,,,
45,0118757,上田脳神経外科,上田脳神経外科,1,1,0,1,0,1,0,0,,,,,
45,0118443,医療法人清涼会いきめ大腸・肛門外科内科,医療法人清涼会 いきめ大腸・肛門外科内科,1,0,1,0,0,0,0,0,,,,,
45,0116280,医療法人将優会クリニックうしたに,医療法人将優会 クリニックうしたに,1,0,0,1,0,0,0,0,,,,,
45,0117700,宮元整形外科医院,宮元整形外科,0,1,0,0,0,0,1,0,,,,,
45,0119706,なかしま外科・内科,なかしま外科・内科,1,0,0,1,0,0,0,0,,,,,
45,0119441,医療法人社団康仁会 猪島医院,医療法人社団康仁会 　猪島医院,1,0,0,0,0,0,0,0,,,,,
45,0114608,稲倉医院,稲倉医院,1,0,0,1,0,0,0,0,,,,,
45,0114376,医療法人雅会 河野整形外科,医療法人雅会 河野整形外科,0,1,0,0,0,0,0,1,,,,,
45,0113683,医療法人社団明仁会定永耳鼻咽喉科医院,医療法人社団明仁会 定永耳鼻咽喉科医院,1,0,0,0,0,0,0,0,,,,,
45,0118229,駒柵脳神経外科,駒柵脳神経外科,1,1,0,1,0,0,1,0,,,,,
45,0117247,医療法人 常伸会 亀山記念クリニック,医療法人常伸会 亀山記念クリニック,1,0,0,1,0,0,0,0,,,,,
45,0117932,宮永ＥＮＴクリニック,医療法人社団Ms 宮永ＥＮＴクリニック,1,0,0,0,0,0,0,0,,,,,
45,0213582,ライフクリニック,ライフクリニック,1,0,0,1,0,0,0,0,,,,,
45,0212717,医療法人海誠会 庄内医院,医療法人海誠会 庄内医院,0,1,0,0,0,0,0,1,,,,,
45,0212154,恵心会坂元医院,医療法人社団恵心会 坂元医院,1,0,0,1,0,0,0,0,,,,,
45,0212659,医療法人社団森山内科・脳神経外科,医療法人社団森山内科・脳神経外科,1,1,1,0,0,1,0,0,,,,,
45,0213780,清風会クリニック,医療法人社団清風会 清風会クリニック,1,0,0,1,0,0,0,0,,,,,
45,0212998,共立医院,医療法人清和会 共立医院,1,0,0,1,0,0,0,0,,,,,
45,0213129,海老原内科,海老原内科,1,0,0,1,0,0,0,0,,,,,
45,0213145,佐々木医院,佐々木医院,1,0,0,0,0,0,0,0,,,,,
45,0213350,池之上整形外科,池之上整形外科,0,1,0,0,0,0,0,1,,,,,
45,0212634,飯田整形外科クリニック,飯田整形外科クリニック,1,1,0,0,1,0,0,1,,,,,
45,0212980,野口脳神経外科,野口脳神経外科,1,2,0,1,0,0,2,0,,,,,
45,0312079,大崎整形外科,医療法人 芳清会 大崎整形外科,1,0,1,0,0,0,0,0,,,,,
45,0312277,あたご整形外科,あたご整形外科,0,1,0,0,0,0,0,1,,,,,
45,0410956,河野医院,河野医院,2,0,0,1,0,0,0,0,,,,,
45,0510995,槇内視鏡内科医院,槇内視鏡内科医院,1,0,0,1,0,0,0,0,,,,,
45,0510581,医療法人連理会 和田クリニック,医療法人連理会 和田クリニック,1,0,0,1,0,0,0,0,,,,,
45,0910609,京町温泉クリニック,京町温泉クリニック,1,0,0,1,0,0,0,0,,,,,
45,0910567,えびのセントロクリニック,医療法人えびのセントロクリニック,1,1,0,1,0,0,0,1,,,,,
45,1810220,川井田医院,川井田医院,1,0,0,1,0,0,0,0,,,,,
45,2010812,医療法人山仁会山口整形外科,医療法人山仁会 山口整形外科,1,1,0,1,0,0,0,1,,,,,
45,0610746,医療法人天生堂天生堂医院,医療法人天生堂 天生堂医院,1,0,0,1,0,0,0,0,,,,,
45,0610605,医療法人洋承会今給黎医院,医療法人洋承会 今給黎医院,1,0,1,0,0,0,0,0,,,,,
45,2110687,国民健康保険 諸塚診療所,国民健康保険諸塚診療所,1,0,0,1,0,0,0,0,,,,,
45,0212865,有川呼吸器内科医院,有川呼吸器内科医院,1,0,0,1,0,0,0,0,,,,,
45,0120175,南宮崎ヤマモト腎泌尿器科,南宮崎ヤマモト腎泌尿器科,1,0,0,1,0,0,0,0,,,,,
45,0120407,はるやま医院,医療法人山笑会はるやま医院,1,0,0,1,0,0,0,0,,,,,
45,0120399,青島リゾートクリニック,医療法人聖美会青島リゾートクリニック,1,0,0,1,0,0,0,0,,,,,
45,0910666,京町共立クリニック,医療法人芳徳会京町共立クリニック,1,1,0,1,0,0,0,1,,,,,
46,0118129,徳田・馬場クリニック,徳田・馬場クリニック,1,0,0,0,1,0,0,0,,,,,
46,0118319,安松整形外科,安松整形外科,0,1,0,0,0,0,0,1,,,,,
46,0124598,岡田・石堂クリニック,岡田・石堂クリニック,1,1,0,1,0,0,1,0,,,,,
46,0120505,藤善整形外科,藤善整形外科,0,1,0,0,0,0,1,0,,,,,
46,0123004,河井脳神経外科,河井脳神経外科,1,1,1,0,0,0,1,0,,,,,
46,0124630,かわはら脳神経外科クリニック,かわはら脳神経外科クリニック,1,1,0,1,0,0,1,0,,,,,
46,0118053,いまむら脳神経クリニック,いまむら脳神経クリニック,1,0,0,1,0,0,0,0,,,,,
46,0123558,きいれ浜田クリニック,きいれ浜田クリニック,1,0,0,1,0,0,0,0,,,,,
46,0118137,放射線科 田之畑クリニック,放射線科田之畑クリニック,1,0,0,1,0,0,0,0,,,,,
46,0123632,木村外科内科,木村外科内科,1,0,0,1,0,0,0,0,,,,,
46,0121644,かねこクリニック,かねこクリニック,1,0,0,1,0,0,0,0,,,,,
46,0121891,中野脳神経外科,中野脳神経外科,1,1,1,0,0,1,0,0,,,,,
46,0122410,さんクリニック竹ノ下,医療法人さんクリニック竹ノ下,1,0,0,0,1,0,0,0,,,,,
46,0124457,明輝会クリニック,明輝会クリニック,1,0,0,1,0,0,0,0,,,,,
46,0120265,橋口整形外科,橋口整形外科,0,1,0,0,0,0,0,1,,,,,
46,0124408,さがらパース通りクリニック,さがらパース通りクリニック,1,0,0,1,0,0,0,0,,,,,
46,0124655,三成会クリニック,三成会クリニック,1,0,0,1,0,0,0,0,,,,,
46,0119267,上原クリニック,上原クリニック,1,0,0,1,0,0,0,0,,,,,
46,0118491,かわもと記念クリニック,かわもと記念クリニック,1,0,0,1,0,0,0,0,,,,,
46,0124986,児玉整形外科クリニック,児玉整形外科クリニック,0,1,0,0,0,0,1,0,,,,,
46,0126791,きいれセントラルクリニック,きいれセントラルクリニック,1,0,0,1,0,0,0,0,,,,,
46,1610330,じんごあん整形外科内科クリニック,じんごあん整形外科内科クリニック,1,1,1,0,0,0,0,1,,,,,
46,1610454,いじゅういん脳神経外科,いじゅういん脳神経外科,1,1,0,1,0,0,1,0,,,,,
46,1610363,久保内科,久保内科,1,0,0,1,0,0,0,0,,,,,
46,1810203,えんでん内科クリニック,えんでん内科クリニック,1,0,0,1,0,0,0,0,,,,,
46,1810302,市来内科・ひふ科,市来内科・ひふ科,1,0,0,1,0,0,0,0,,,,,
46,1010606,生駒外科医院,生駒外科医院,1,0,1,0,0,0,0,0,,,,,
46,1011281,肥後内科クリニック,肥後内科クリニック,1,0,0,1,0,0,0,0,,,,,
46,1011091,メディポリス国際陽子線治療センター,メディポリス国際陽子線治療センター,2,1,0,2,0,0,1,0,,,,,
46,1010853,指宿脳神経外科,指宿脳神経外科,1,1,0,0,1,0,1,0,,,,,
46,4010389,小山クリニック,小山クリニック,1,0,1,0,0,0,0,0,,,,,
46,4010140,徳久整形外科,徳久整形外科,0,1,0,0,0,0,0,1,,,,,
46,4010470,加世田シティー内匠眼科,加世田シティー内匠眼科,1,0,0,0,0,0,0,0,,,,,
46,4310409,笹川医院,笹川医院,1,0,0,1,0,0,0,0,,,,,
46,4310417,松岡救急クリニック,松岡救急クリニック,1,1,0,1,0,0,1,0,,,,,
46,1510605,新門整形外科,新門整形外科,1,1,0,1,0,0,1,0,,,,,
46,1511306,おやまクリニック,おやまクリニック,1,0,0,1,0,0,0,0,,,,,
46,1510878,薩摩川内市下甑手打診療所,薩摩川内市下甑手打診療所,1,0,0,1,0,0,0,0,,,,,
46,0811145,出水総合医療センター高尾野診療所,出水総合医療センター高尾野診療所,1,0,0,0,0,0,0,0,,,,,
46,2610420,長島町国民健康保険鷹巣診療所,長島町国民健康保険鷹巣診療所,1,1,1,0,0,0,0,1,,,,,
46,1910342,中川整形外科,中川整形外科,1,1,0,1,0,0,1,0,,,,,
46,1910771,はやと整形外科,はやと整形外科,1,1,0,1,0,0,0,1,,,,,
46,1911068,清水内科,清水内科,1,1,0,1,0,0,0,1,,,,,
46,1910201,井料クリニック,井料クリニック,1,1,0,1,0,0,1,0,,,,,
46,1910144,清水整形外科医院,清水整形外科医院,1,1,0,0,1,0,1,0,,,,,
46,4410225,菱刈中央医院,菱刈中央医院,1,0,0,1,0,0,0,0,,,,,
46,4410183,日高内科,日高内科,1,0,0,1,0,0,0,0,,,,,
46,4510503,錦江クリニック,錦江クリニック,1,0,0,0,1,0,0,0,,,,,
46,4510529,やなせ整形外科,やなせ整形外科,1,1,0,1,0,0,0,1,,,,,
46,4510370,尾田内科胃腸科,尾田内科胃腸科,1,0,0,1,0,0,0,0,,,,,
46,4510420,山下わたる内科,山下わたる内科,1,0,0,1,0,0,0,0,,,,,
46,1710171,塩川医院,塩川医院,0,1,0,0,0,0,1,0,,,,,
46,4110221,藤後クリニック,藤後クリニック,1,0,0,1,0,0,0,0,,,,,
46,4110296,志布志中央クリニック,志布志中央クリニック,1,0,0,1,0,0,0,0,,,,,
46,2911240,はるびゅうクリニック,はるびゅうクリニック,1,0,0,1,0,0,0,0,,,,,
46,1710353,松岡救急クリニック分院,松岡救急クリニック分院,1,1,1,0,0,0,1,0,,,,,
46,0311476,そえじまクリニック,そえじまクリニック,1,0,0,1,0,0,0,0,,,,,
46,0311153,村上整形外科医院,村上整形外科医院,0,1,0,0,0,0,0,1,,,,,
46,0310999,前田内科,前田内科,1,0,0,1,0,0,0,0,,,,,
46,0312060,医療法人 鹿屋ハートセンター,鹿屋ハートセンター,1,0,0,1,0,0,0,0,,,,,
46,0311864,黎明脳神経外科医院,黎明脳神経外科医院,1,1,0,1,0,0,1,0,,,,,
46,3110602,医療法人徳洲会 中種子クリニック,医療法人徳洲会　中種子クリニック,1,0,0,1,0,0,0,0,,,,,
46,4210278,むかいクリニック,医療法人奎英会　むかいクリニック,1,0,0,1,0,0,0,0,,,,,
46,4210401,奄美市笠利国民健康保険診療所,奄美市笠利国民健康保険診療所,1,0,0,1,0,0,0,0,,,,,
46,3211590,瀬戸内町へき地診療所,瀬戸内町へき地診療所,1,0,0,1,0,0,0,0,,,,,
46,3211038,朝戸医院,朝戸医院,1,0,0,1,0,0,0,0,,,,,
46,3210931,医療法人 金連会 本部医院,本部医院,1,0,0,1,0,0,0,0,,,,,
46,3210899,大蔵 医院,大蔵医院,1,0,0,1,0,0,0,0,,,,,
46,0312177,検見崎クリニック,検見崎クリニック,1,0,0,1,0,0,0,0,,,,,
46,1810344,春田クリニック,春田クリニック,1,1,1,0,0,0,0,1,,,,,
47,0610777,城辺中央クリニック,城辺中央クリニック,1,0,0,0,1,0,0,0,,,,,
47,0710577,下地第２脳神経外科,下地第２脳神経外科,1,0,0,1,0,0,0,0,,,,,
47,2510058,与那国町診療所,与那国町診療所,1,0,0,0,1,0,0,0,,,,,
47,0115579,那覇西クリニック,那覇西クリニック,1,0,0,1,0,0,0,0,,,,,
47,0118672,医療法人友英会 友寄クリニック,友寄クリニック,1,0,0,1,0,0,0,0,,,,,
47,0119357,嶺井医院,嶺井医院,1,0,0,1,0,0,0,0,,,,,
47,0811318,医療法人豊誠会 牧港クリニック,医療法人豊誠会 牧港クリニック,1,0,0,1,0,0,0,0,,,,,
47,0810203,末吉内科外科胃腸科医院,末吉内科外科胃腸科医院,1,0,0,0,0,0,0,0,,,,,
47,2311945,はえばる耳鼻咽喉科,はえばる耳鼻咽喉科,1,0,0,0,0,0,0,0,,,,,
47,2312166,医療法人杏月会 空の森クリニック,空の森クリニック,0,1,0,0,0,0,1,0,,,,,
01,1418679,医療法人社団函館脳神経セントラルクリニック,医療法人社団函館脳神経セントラルクリニック,1,1,0,1,0,0,1,0,2019-04-01,,,,
01,0515293,平岸脳神経クリニック,平岸脳神経クリニック,1,1,0,0,1,0,1,0,2017-10-01,,,,
10,0112702,城西クリニック,城西クリニック,2,2,2,0,0,1,1,0,,,,,
12,0122812,医療法人社団江楓会 あかいし脳神経外科クリニック,医療法人社団江楓会　あかいし脳神経外科クリニック,0,1,0,0,0,0,0,1,,,,,
13,1729953,医療法人社団 田端放射線科クリニック,医療法人社団　田端放射線科クリニック,1,2,1,0,0,1,1,0,,,,,
13,2334308,医療法人社団 ほまれ 尾花循環器クリニック,医療法人社団　ほまれ　尾花循環器クリニック,1,0,0,1,0,0,0,0,,,,,
13,5721519,帝京大学医学部附属新宿クリニック,帝京大学医学部附属新宿クリニック,1,1,1,0,0,0,1,0,,,,,
14,5110135,社会医療法人財団石心会 第二川崎幸クリニック,社会医療法人財団石心会　第二川崎幸クリニック,1,2,1,0,0,0,2,0,,,,,
16,0118109,五福脳神経外科,五福脳神経外科,1,1,1,0,0,0,1,0,,,,,
22,8310346,浜松ＰＥＴ診断センター,浜松ＰＥＴ診断センター,2,1,1,1,0,1,0,0,,,,,
23,2104777,岡崎市医師会公衆衛生センター,岡崎市医師会公衆衛生センター,1,2,0,1,0,0,2,0,,,,,
23,2104785,岡崎市医師会はるさき健診センター,岡崎市医師会はるさき健診センター,1,2,0,1,0,0,2,0,,,,,
27,2307954,医療法人 金子耳鼻咽喉科,医療法人　金子耳鼻咽喉科,1,0,0,0,0,0,0,0,,,,,
34,0123677,山村クリニック,山村クリニック,1,1,0,1,0,0,0,1,,,,,
42,0168284,長崎駅前ほんだ内科・内視鏡クリニック,ほんだ内科・内視鏡クリニック,1,0,0,1,0,0,0,0,,,,,
43,0125622,熊本放射線外科,熊本放射線外科,1,1,0,1,0,0,1,0,,,,,
