facility_id,name,ct,mri,ct64,ct16_63,ct_under16,mri3t,mri15_3,mri_under15,latest,update,ctannual,mriannual,annualstatus
0210017,石巻赤十字病院,6,2,3,2,1,1,1,0,2026-06-01,MEDIUM_2026_STANDARD_START,29130.0,7066.0,VERIFIED_NUMERIC
0211320,齋藤病院,1,1,0,1,0,0,1,0,2026-08-01,MEDIUM_2026_STANDARD_START,,,
0211569,医療法人社団健育会 石巻健育会病院,1,0,0,1,0,0,0,0,2025-10-01,,,,
0212468,医療法人啓仁会 石巻ロイヤル病院,1,1,0,1,0,0,1,0,2020-08-01,,,,
0212799,石巻市立病院,1,1,1,0,0,0,1,0,2016-09-01,,,,
0212955,関節外科スポーツクリニック石巻,1,1,1,0,0,1,0,0,2023-02-01,,,,
0310023,塩竈市立病院,1,1,0,1,0,0,1,0,2024-11-01,,,,
0310171,公益財団法人宮城厚生協会 坂総合病院,1,1,1,0,0,0,1,0,2016-08-01,,,,
0311005,医療法人社団赤石会 赤石病院,1,1,0,1,0,0,1,0,2026-06-01,MEDIUM_2026_STANDARD_START,,,
0510994,気仙沼市立病院,2,2,2,0,0,1,1,0,2018-12-01,,,,
0610513,医療法人浄仁会 大泉記念病院,1,1,1,0,0,0,1,0,2023-12-01,,,,
0610687,公立刈田綜合病院,2,1,1,1,0,0,1,0,2025-12-01,,,,
0711030,宮城県立がんセンター,4,2,2,1,1,1,1,0,2026-06-01,MEDIUM_2026_STANDARD_START,13676.0,5538.0,VERIFIED_NUMERIC
0810071,医療法人金上仁友会金上病院,1,0,1,0,0,0,0,0,2024-10-01,,,,
0810139,医療法人安達同済会同済病院,1,0,0,1,0,0,0,0,2023-04-01,,,,
0910210,医療法人寶樹会 仙塩総合病院,1,0,0,1,0,0,0,0,2012-04-01,,,,
1110273,総合南東北病院,1,2,1,0,0,0,2,0,2016-01-01,,,,
1110398,緑の里クリニック,1,0,0,1,0,0,0,0,2013-03-01,,,,
1210412,登米市立登米市民病院,1,1,0,1,0,0,1,0,2025-12-01,,,,
1210420,登米市立豊里病院,1,0,0,1,0,0,0,0,2012-08-01,,,,
1210487,登米市立米谷病院,1,0,0,1,0,0,0,0,2019-02-01,,,,
1310030,医療法人社団玄成会 達内科,1,0,1,0,0,0,0,0,2017-12-01,,,,
1310147,医療法人財団弘慈会石橋病院,1,0,0,1,0,0,0,0,2018-09-01,,,,
1310402,栗原市立栗原中央病院,2,2,2,0,0,0,2,0,2024-12-01,,,,
1310410,栗原市立栗駒病院,1,0,0,1,0,0,0,0,2016-09-01,,,,
1310436,栗原市立若柳病院,1,1,0,1,0,0,0,1,2015-04-01,,,,
1410111,真壁病院,1,1,0,1,0,0,1,0,2019-12-01,,,,
1410301,医療法人社団仙石病院,2,1,2,0,0,0,1,0,2026-01-01,MEDIUM_2026_STANDARD_START,,,
1510035,大崎市民病院岩出山分院,1,0,0,1,0,0,0,0,2012-04-01,,,,
1510076,一般財団法人佐藤病院,1,0,0,1,0,0,0,0,2014-07-01,,,,
1510126,公益財団法人宮城厚生協会 古川民主病院,1,0,0,1,0,0,0,0,2019-03-01,,,,
1510142,医療法人永仁会 永仁会病院,1,0,1,0,0,0,0,0,2020-08-01,,,,
1510233,北みやぎ外科クリニック,1,0,0,1,0,0,0,0,2021-12-01,,,,
1510589,徳永整形外科病院,0,1,0,0,0,0,1,0,,,,,
1511017,みやぎ北部循環器科,1,0,1,0,0,0,0,0,2014-04-01,,,,
1511157,大崎ミッドタウン総合メディケアクリニック,1,1,0,1,0,0,1,0,2016-10-01,,,,
1511348,星陵あすか病院,1,1,0,1,0,0,1,0,2017-05-01,,,,
1511355,三浦病院,1,0,0,1,0,0,0,0,2017-07-01,,,,
1610157,富谷中央病院,1,0,0,1,0,0,0,0,2021-01-01,,,,
2110108,蔵王町国民健康保険蔵王病院,1,0,0,1,0,0,0,0,2022-10-01,,,,
2210254,国民健康保険川崎病院,1,0,0,1,0,0,0,0,2014-09-01,,,,
2211013,みやぎ県南中核病院,4,2,4,0,0,1,1,0,2026-06-01,MEDIUM_2026_STANDARD_START,13698.0,6395.0,VERIFIED_NUMERIC
2211187,川崎こころ病院,0,1,0,0,0,0,1,0,2023-07-01,,,,
2310096,丸森町国民健康保険丸森病院,2,0,0,1,1,0,0,0,2017-06-01,,,,
2610230,松島病院,1,0,0,1,0,0,0,0,2012-04-01,,,,
2610404,りふの内科クリニック,1,0,0,0,1,0,0,0,2016-03-07,,,,
2610479,宮城利府掖済会病院,1,0,0,1,0,0,0,0,2014-01-01,,,,
2610677,医療法人寶樹会 仙塩利府病院,2,1,0,1,0,0,1,0,2026-05-01,MEDIUM_2026_STANDARD_START,,,
2710360,公立黒川病院,1,1,1,0,0,0,1,0,2025-06-01,,,,
2710741,吉岡まほろばクリニック,1,0,0,1,0,0,0,0,2019-05-01,,,,
2710881,杉山医院,1,1,0,1,0,0,0,1,2016-11-21,,,,
2810368,公立加美病院,1,0,1,0,0,0,0,0,2023-02-01,,,,
3110529,涌谷町国民健康保険病院,1,1,0,1,0,0,1,0,2016-11-01,,,,
3110842,野崎病院,1,0,0,1,0,0,0,0,2025-01-01,,,,
3110933,美里町立南郷病院,1,0,0,1,0,0,0,0,2016-11-01,,,,
3510272,女川町地域医療センター,1,0,0,1,0,0,0,0,2012-04-01,,,,
3610478,南三陸病院,1,0,1,0,0,0,0,0,2024-05-01,,,,
5110030,国家公務員共済組合連合会東北公済病院,2,1,2,0,0,0,1,0,2022-10-01,,,,
5110048,独立行政法人労働者健康安全機構東北労災病院,3,2,2,1,0,0,2,0,2026-07-01,MEDIUM_2026_STANDARD_START,,,
5110261,一般財団法人周行会 内科佐藤病院,1,0,0,1,0,0,0,0,2023-02-01,,,,
5111277,宮城中央病院,1,1,0,1,0,0,1,0,2013-01-01,,,,
5112465,ＪＲ仙台病院,1,1,1,0,0,0,1,0,2026-06-01,MEDIUM_2026_STANDARD_START,,,
5112564,医療法人宏人会 木町病院,1,0,0,1,0,0,0,0,2012-04-01,,,,
5112788,西仙台病院,1,0,0,1,0,0,0,0,2023-05-01,,,,
5112853,医療法人ひろせ会 広瀬病院,1,0,0,1,0,0,0,0,2017-10-01,,,,
5113802,仙台エコー医療療育センター,1,0,0,1,0,0,0,0,2018-01-01,,,,
5114396,仙台中江病院,1,1,0,1,0,1,0,0,2025-01-01,,,,
5116250,宮城県立こども病院,1,1,1,0,0,0,1,0,2026-06-01,MEDIUM_2026_STANDARD_START,,,
5117845,医療法人財団明理会イムス明理会仙台総合病院,1,1,1,0,0,0,1,0,2020-06-01,,,,
5210806,公益財団法人仙台市医療センター　仙台オープン病院,2,1,2,0,0,0,1,0,2026-07-01,MEDIUM_2026_STANDARD_START,,,
5211127,中嶋病院,1,1,0,1,0,0,1,0,2016-06-01,,,,
5211812,岩切病院,1,0,1,0,0,0,0,0,2015-10-01,,,,
5211861,仙台東脳神経外科病院,1,2,0,1,0,0,2,0,2026-04-01,MEDIUM_2026_STANDARD_START,,,
5212653,仙台ペインクリニック,0,1,0,0,0,0,0,1,,,,,
5213008,東北医科薬科大学病院,6,2,5,1,0,0,2,0,2026-06-01,MEDIUM_2026_STANDARD_START,22713.0,8152.0,VERIFIED_NUMERIC
5310994,仙台整形外科病院,1,1,0,1,0,0,1,0,2012-04-01,,,,
5311927,河原町病院,1,0,0,1,0,0,0,0,2020-12-01,,,,
5312651,東北医科薬科大学若林病院,2,1,0,1,0,0,1,0,2026-03-01,MEDIUM_2026_STANDARD_START,,,
5312750,医療法人社団葵会 葵会仙台病院,1,0,0,1,0,0,0,0,2017-12-13,,,,
5410141,独立行政法人地域医療機能推進機構 仙台南病院,1,0,1,0,0,0,0,0,2026-08-01,MEDIUM_2026_STANDARD_START,,,
5410471,公益財団法人宮城厚生協会長町病院,1,0,0,1,0,0,0,0,2013-12-01,,,,
5410760,仙台赤十字病院,1,1,1,0,0,0,1,0,2023-08-01,,,,
5411511,医療法人翠十字　杜都千愛病院,1,0,0,1,0,0,0,0,2017-09-01,,,,
5411834,一般財団法人広南会 広南病院,2,3,2,0,0,1,2,0,2026-07-01,MEDIUM_2026_STANDARD_START,,,
5412642,クリニックソアーズ,1,0,0,1,0,0,0,0,2022-07-01,,,,
5413269,仙台市立病院,5,2,3,1,1,1,1,0,2025-04-01,,24142.0,7410.0,VERIFIED_NUMERIC
5414309,仙台柳生クリニック,1,0,0,1,0,0,0,0,2025-02-01,,,,
5510445,公益財団法人宮城厚生協会泉病院,1,1,1,0,0,1,0,0,2025-05-01,,,,
5510577,医療法人松田会 松田病院,1,1,1,0,0,0,1,0,2022-02-01,,,,
5511393,泉整形外科病院,2,1,0,2,0,0,1,0,2026-08-01,MEDIUM_2026_STANDARD_START,,,
5512003,泉ヶ丘クリニック,1,0,0,0,1,0,0,0,2026-03-01,MEDIUM_2026_STANDARD_START,,,
5512169,本間記念東北整形外科・東北歯科,0,1,0,0,0,0,1,0,2013-03-01,,,,
5512458,将監耳鼻咽喉科,1,0,0,1,0,0,0,0,2022-04-01,,,,
5513035,たんぽぽクリニック,1,0,0,1,0,0,0,0,2022-04-01,,,,
5513084,一般財団法人宮城県成人病予防協会附属仙台循環器病センター,1,1,1,0,0,0,1,0,2016-10-01,,,,
5513449,独立行政法人地域医療機能推進機構 仙台病院,2,1,2,0,0,0,1,0,2023-09-01,,,,
5513522,医療法人 徳洲会 仙台徳洲会病院,2,2,0,2,0,0,2,0,2022-04-01,,,,
8010146,東北大学病院,8,7,7,0,0,5,2,0,2026-06-01,MEDIUM_2026_STANDARD_START,44682.0,18181.0,VERIFIED_NUMERIC
8010179,独立行政法人国立病院機構仙台医療センター,4,3,4,0,0,1,2,0,2026-06-01,MEDIUM_2026_STANDARD_START,23404.0,7176.0,VERIFIED_NUMERIC
8010104,国立療養所東北新生園,1,0,0,1,0,0,0,0,,,,,
0110098,社会福祉法人三井記念病院,4,3,3,0,0,1,2,0,,,21804.0,9907.0,VERIFIED_NUMERIC
0114611,東京歯科大学水道橋病院,3,0,1,0,0,0,0,0,,,,,
0131128,医療法人社団あんしん会 四谷メディカルキューブ,1,1,1,0,0,0,1,0,,,,,
0170043,日本歯科大学附属病院,2,0,1,0,0,0,0,0,,,,,
0170050,公益社団法人東京都教職員互助会 三楽病院,1,2,1,0,0,1,1,0,,,,,
0170068,公益財団法人佐々木研究所附属杏雲堂病院,2,1,1,1,0,0,1,0,,,,,
0170076,医療法人財団神尾記念病院,1,0,0,1,0,0,0,0,,,,,
0170092,医療法人社団茂恵会 半蔵門病院,1,0,0,1,0,0,0,0,,,,,
0170126,日本大学病院,3,2,2,1,0,1,1,0,,,,,
0170134,国家公務員共済組合連合会九段坂病院,3,2,1,0,0,2,0,0,,,,,
9516824,東京逓信病院,5,2,2,1,1,1,1,0,,,16522.0,8397.0,VERIFIED_NUMERIC
0230557,医療法人社団高恵会築地神経科クリニック,1,2,0,0,1,0,2,0,,,,,
0232751,公益財団法人朝日生命成人病研究所附属医院,1,0,0,1,0,0,0,0,,,,,
0270751,聖路加国際病院,4,4,3,1,0,2,2,0,,,38134.0,15981.0,VERIFIED_NUMERIC
0270769,医療法人社団健育会 石川島記念病院,1,1,0,1,0,0,1,0,,,,,
8616104,国立研究開発法人国立がん研究センター中央病院,16,4,11,3,2,2,1,1,,,62619.0,12010.0,VERIFIED_NUMERIC
0314716,独立行政法人地域医療機能推進機構 東京高輪病院,1,1,1,0,0,1,0,0,,,,,
0314732,国家公務員共済組合連合会 虎の門病院,5,4,5,0,0,2,2,0,,,,,
0314757,社会福祉法人恩賜財団済生会支部東京都済生会 東京都済生会中央病院,6,3,3,2,1,1,2,0,,,,,
0317024,医療法人財団厚生会 古川橋病院,1,0,0,1,0,0,0,0,,,,,
0331983,医療法人財団順和会 山王メディカルセンター,1,2,1,0,0,1,1,0,,,,,
0370676,医療法人社団友仁会 赤坂見附 前田病院,1,1,0,1,0,0,1,0,,,,,
0370718,医療法人財団順和会 山王病院,1,1,1,0,0,0,1,0,,,,,
0370759,国際医療福祉大学三田病院,4,2,3,1,0,1,1,0,,,12919.0,7785.0,VERIFIED_NUMERIC
0370767,北里大学北里研究所病院,2,1,1,1,0,0,1,0,,,,,
0370775,公益財団法人 心臓血管研究所付属病院,1,0,1,0,0,0,0,0,,,,,
0370783,社会福祉法人恩賜財団母子愛育会総合母子保健センター愛育病院,1,1,0,0,0,0,1,0,,,,,
5870001,桜十字白金リハビリテーション病院,1,0,0,1,0,0,0,0,,,,,
8810236,東京大学医科学研究所附属病院,1,1,1,0,0,1,0,0,,,,,
0411264,社会福祉法人 聖母会 聖母病院,1,1,1,0,0,1,0,0,,,,,
0415018,東京医科大学病院,13,5,9,3,0,3,2,0,,,52942.0,23220.0,VERIFIED_NUMERIC
0415042,東京女子医科大学病院,7,7,7,0,0,3,3,1,,,31313.0,23827.0,VERIFIED_NUMERIC
0415059,独立行政法人地域医療機能推進機構 東京新宿メディカルセンター,3,3,1,2,0,1,2,0,,,,,NO_VALUE_ON_PUBLIC_PAGE
0415067,慶應義塾大学病院,13,6,7,5,0,5,1,0,,,47979.0,23983.0,VERIFIED_NUMERIC
0470070,独立行政法人地域医療機能推進機構 東京山手メディカルセンター,2,2,2,0,0,1,1,0,,,,,
0470104,医療法人社団鉄友会 柳町病院,1,0,0,1,0,0,0,0,,,,,
0470948,医療法人社団悦伝会 目白病院,1,1,1,0,0,0,0,1,,,,,
0470963,医療法人社団広恵会 春山記念病院,1,1,1,0,0,0,1,0,,,,,
5721519,帝京大学医学部附属新宿クリニック,1,1,1,0,0,0,1,0,,,,,
5721741,医療法人社団健真美　しらゆりメディカルクリニック,1,0,0,0,0,0,0,0,,,,,
5770011,地方独立行政法人東京都立病院機構　東京都立大久保病院,2,1,1,1,0,0,1,0,,,,,
8615072,国立健康危機管理研究機構 国立国際医療センター,8,3,6,2,0,2,1,0,,,,,NO_VALUE_ON_PUBLIC_PAGE
0510347,日本医科大学付属病院,10,5,7,2,1,2,3,0,,,45987.0,17250.0,VERIFIED_NUMERIC
0514836,順天堂大学医学部附属順天堂医院,8,8,5,2,1,5,2,1,,,77016.0,45252.0,VERIFIED_NUMERIC
0515775,一般財団法人慈愛会　慈愛病院,1,0,0,1,0,0,0,0,,,,,
0570010,東京健生病院,1,0,1,0,0,0,0,0,,,,,
0570937,医療法人社団大坪会 東都文京病院,1,1,1,0,0,0,1,0,,,,,
0570945,地方独立行政法人東京都立病院機構　東京都立駒込病院,6,3,6,0,0,2,1,0,,,,,NO_VALUE_ON_PUBLIC_PAGE
8814774,東京科学大学病院,9,6,7,2,0,4,2,0,,,40302.0,15470.0,VERIFIED_NUMERIC
8814790,東京大学医学部附属病院,8,7,6,2,0,5,2,0,,,0.0,0.0,VERIFIED_ZERO
0614842,浅草寺病院,1,1,1,0,0,0,1,0,,,,,
0670604,公益財団法人ライフ・エクステンション研究所付属永寿総合病院,2,2,2,0,0,0,2,0,,,,,
0670646,東京都台東区立台東病院,1,1,1,0,0,0,1,0,,,,,
0670653,医療法人社団哺育会浅草病院,1,1,1,0,0,0,1,0,,,,,
0710764,社会福祉法人恩賜財団東京都済生会向島病院,1,1,1,0,0,0,1,0,,,,,
0710772,社会福祉法人賛育会 賛育会病院,1,1,0,1,0,0,1,0,,,,,
0714857,同愛記念病院,2,1,2,0,0,0,1,0,,,,,
0770073,医療法人社団 隆靖会 墨田中央病院,1,1,1,0,0,0,1,0,,,,,
0770248,医療法人社団仁寿会中村病院,1,1,0,1,0,0,1,0,,,,,
0770677,東京都リハビリテーション病院,1,1,1,0,0,1,0,0,,,,,
0770727,湘南メディカル記念病院,1,0,0,1,0,0,0,0,,,,,
0770750,社会医療法人財団正明会山田記念病院,1,1,0,1,0,0,1,0,,,,,
0770768,医療法人社団敬智会 梶原病院,0,1,0,0,0,0,1,0,,,,,
0770784,医療法人伯鳳会 東京曳舟病院,1,1,1,0,0,0,1,0,,,,,
0770792,地方独立行政法人東京都立病院機構　東京都立墨東病院,5,3,4,1,0,1,2,0,,,,,NO_VALUE_ON_PUBLIC_PAGE
0814905,社会医療法人社団 順江会 江東病院,1,1,1,0,0,0,1,0,,,,,
0814913,社会福祉法人あそか会あそか病院,1,1,0,1,0,0,1,0,,,,,
0816736,医療法人財団寿康会 寿康会病院,1,0,0,1,0,0,0,0,,,,,
0870071,独立行政法人地域医療機能推進機構 東京城東病院,1,1,1,0,0,0,1,0,,,,,
0870113,医療法人社団修世会 木場病院,1,1,1,0,0,0,1,0,,,,,
0870832,医療法人社団恵信会友仁病院,1,0,0,1,0,0,0,0,,,,,
0870840,医社）青藍会 鈴木病院,1,0,0,1,0,0,0,0,,,,,
0870857,医療法人社団藤﨑病院,1,1,1,0,0,0,1,0,,,,,
0870899,順天堂大学医学部附属順天堂東京江東高齢者医療センター,1,2,1,0,0,1,1,0,,,,,
0870915,医療法人社団清湘会 清湘会記念病院,1,0,1,0,0,0,0,0,,,,,
0870923,公益財団法人がん研究会 有明病院,9,5,9,0,0,4,1,0,,,59448.0,14704.0,VERIFIED_NUMERIC
0870949,東京都立東部療育センター,1,1,1,0,0,0,0,1,,,,,
0870964,医療法人社団高裕会 深川立川病院,1,1,1,0,0,0,1,0,,,,,
0870972,医療法人青峰会 くじらホスピタル,1,0,0,1,0,0,0,0,,,,,
0870980,昭和医科大学江東豊洲病院,3,2,1,1,0,1,1,0,,,,,
0871004,清湘会東砂病院,1,0,1,0,0,0,0,0,,,,,
0871020,江東リハビリテーション病院,1,0,0,1,0,0,0,0,,,,,
0915413,昭和医科大学病院,6,4,4,2,0,2,2,0,,,33216.0,19712.0,VERIFIED_NUMERIC
0915801,公益財団法人河野臨牀医学研究所附属第三北品川病院,1,1,1,0,0,0,1,0,,,,,
0935387,医療法人社団 恵芳会　松脇クリニック品川,1,0,0,0,0,0,0,0,,,,,
0970012,医療法人社団有仁会 阿部病院,1,0,0,1,0,0,0,0,,,,,
0970095,ＮＴＴ東日本関東病院,5,4,5,0,0,2,2,0,,,24380.0,14703.0,VERIFIED_NUMERIC
0970533,昭和医科大学病院附属東病院,1,0,1,0,0,0,0,0,,,,,
0970541,医療法人社団旗の台病院　旗の台病院,1,1,0,1,0,0,1,0,,,,,
0970558,大崎病院 東京ハートセンター,1,0,1,0,0,0,0,0,,,,,
0970566,品川志匠会病院,1,3,0,1,0,0,1,2,,,,,
0970574,医療法人財団岩井医療財団 稲波脊椎・関節病院,1,2,0,1,0,1,1,0,,,,,
0970590,社会医療法人社団東京巨樹の会　東京品川病院,3,3,3,0,0,1,2,0,,,30888.0,7346.0,VERIFIED_NUMERIC
0970608,公益財団法人河野臨牀医学研究所附属品川リハビリテーション病院,1,0,0,1,0,0,0,0,,,,,
1012822,医療法人社団目黒厚生会　本田病院,1,0,0,1,0,0,0,0,,,,,
1015262,国家公務員共済組合連合会 東京共済病院,2,1,2,0,0,0,1,0,,,,,
1015270,国家公務員共済組合連合会三宿病院,1,1,1,0,0,0,1,0,,,,,
1029230,医療法人社団光晶会 武田医院,1,0,0,1,0,0,0,0,,,,,
1070044,総合病院厚生中央病院,2,1,1,1,0,0,1,0,,,,,
1070671,医療法人財団日扇会 第一病院,1,0,1,0,0,0,0,0,,,,,
1070689,医療法人社団爽玄会 碑文谷病院,1,1,0,1,0,0,1,0,,,,,
1070705,医療法人社団菫会 目黒病院,1,1,0,0,1,0,0,1,,,,,
1070713,東邦大学医療センター大橋病院,3,2,3,0,0,1,1,0,,,,,
8615288,独立行政法人国立病院機構東京医療センター,4,3,4,0,0,0,3,0,,,25807.0,7853.0,VERIFIED_NUMERIC
1113356,東邦大学医療センター大森病院,5,4,4,1,0,2,2,0,,,46489.0,14697.0,VERIFIED_NUMERIC
1113463,医療法人財団中島記念会 大森山王病院,1,0,0,1,0,0,0,0,,,,,
1113513,医療法人横浜未来ヘルスケアシステム 大田池上病院,1,1,1,0,0,0,1,0,,,,,
1115427,独立行政法人労働者健康安全機構東京労災病院,3,2,2,1,0,1,1,0,,,,,
1115435,日本赤十字社東京都支部大森赤十字病院,2,2,2,0,0,0,2,0,,,,,
1115443,独立行政法人地域医療機能推進機構 東京蒲田医療センター,1,1,1,0,0,0,1,0,,,,,
1119692,大田病院,1,1,1,0,0,0,1,0,,,,,
1170935,医療法人社団静恒会 本多病院,1,0,0,0,1,0,0,0,,,,,
1170950,医療法人社団松和会 池上総合病院,2,2,2,0,0,1,1,0,,,,,
1170992,医療法人社団京浜会 京浜病院,1,0,0,1,0,0,0,0,,,,,
1171073,東京ちどり病院,1,0,0,1,0,0,0,0,,,,,
1171099,東急株式会社 東急病院,1,1,1,0,0,1,0,0,,,,,
5624143,東京脊椎・関節クリニック羽田,1,1,0,1,0,0,1,0,,,,,
5624275,一般社団法人大志会　東京ハートリズムクリニック羽田,1,0,1,0,0,0,0,0,,,,,
5670005,東京蒲田病院,1,1,1,0,0,0,1,0,,,,,
5670013,社会医療法人財団仁医会牧田リハビリテーション病院,1,1,0,1,0,0,1,0,,,,,
5670021,社会医療法人財団仁医会　牧田総合病院,2,2,2,0,0,2,0,0,,,,,
5670039,地方独立行政法人東京都立病院機構　東京都立荏原病院,2,2,1,0,0,2,0,0,,,,,
5670054,医療法人社団 寿徳会 高野病院,1,0,0,1,0,0,0,0,,,,,
5670062,医療法人社団七仁会　田園調布中央病院,1,1,1,0,0,0,1,0,,,,,
1212919,一般財団法人 平和協会 駒沢病院,1,1,1,0,0,0,1,0,,,,,
1213016,社会福祉法人児玉新生会児玉経堂病院,1,0,0,1,0,0,0,0,,,,,
1213032,社会福祉法人東京有隣会 有隣病院,1,0,0,1,0,0,0,0,,,,,
1213065,一般社団法人至誠会第二病院,1,1,1,0,0,0,1,0,,,,,
1213073,世田谷中央病院,1,1,1,0,0,0,0,1,,,,,
1215292,公益財団法人日産厚生会玉川病院,2,1,2,0,0,0,1,0,,,,,
1215334,公立学校共済組合関東中央病院,3,2,3,0,0,2,0,0,,,,,
1215342,昭和医科大学烏山病院,1,1,0,0,1,1,0,0,,,,,
1216886,社会福祉法人康和会久我山病院,1,1,1,0,0,0,1,0,,,,,
1270032,古畑病院,1,0,0,1,0,0,0,0,,,,,
1270545,医療法人社団大坪会三軒茶屋病院,1,0,0,1,0,0,0,0,,,,,
1270636,医療法人社団東京せいわ会 おくさわ脳卒中リハビリテーション病院,1,0,0,1,0,0,0,0,,,,,
1270644,医療法人横浜未来ヘルスケアシステム 奥沢病院,1,0,1,0,0,0,0,0,,,,,
5523816,医療法人社団はなまる会 千歳台はなクリニック,1,0,0,1,0,0,0,0,,,,,
5525340,医療法人社団健身会 さくら中央クリニック,1,0,0,1,0,0,0,0,,,,,
5529441,医療法人社団英継会　東京血液疾患診療所,1,0,0,1,0,0,0,0,,,,,
5529839,世田谷人工関節・脊椎クリニック,1,1,0,1,0,0,1,0,,,,,
5530514,一般社団法人大志会　東京ハートリズムクリニック,1,0,1,0,0,0,0,0,,,,,
5570007,地方独立行政法人東京都立病院機構　東京都立松沢病院,2,1,2,0,0,1,0,0,,,,,
5570015,医療法人社団青泉会 下北沢病院,1,0,0,1,0,0,0,0,,,,,
5570064,医療法人社団大坪会 三軒茶屋第一病院,1,0,0,1,0,0,0,0,,,,,
5570080,医療法人社団輝生会 成城リハビリテーション病院,1,0,0,1,0,0,0,0,,,,,
5570106,医療法人社団下田緑眞会 世田谷北部病院,1,1,0,1,0,0,1,0,,,,,
8615312,国立研究開発法人 国立成育医療研究センター,1,2,1,0,0,1,1,0,,,,,
9570565,自衛隊中央病院,3,2,2,0,1,1,1,0,,,,,
1312750,医療法人内藤病院,1,0,1,0,0,0,0,0,,,,,
1315233,日本赤十字社医療センター,5,3,3,0,1,1,2,0,,,,,FETCH_RETRY
1370022,クロス病院,1,0,0,1,0,0,0,0,,,,,
1370071,ＪＲ東京総合病院,4,1,3,1,0,1,0,0,,,,,
1370105,医療法人財団東京勤労者医療会 代々木病院,1,0,0,1,0,0,0,0,,,,,
1370147,医療法人社団オリンピア会 オリンピア眼科病院,0,1,0,0,0,0,1,0,,,,,
1370154,医療法人社団 明生会 セントラル病院,1,0,1,0,0,0,0,0,,,,,
1370162,医療法人社団輝生会 初台リハビリテーション病院,1,1,0,1,0,0,1,0,,,,,
1370725,医療法人社団明生会セントラル病院松濤,1,0,0,1,0,0,0,0,,,,,
1370733,伊藤病院,1,0,1,0,0,0,0,0,,,,,
1370741,医療法人社団春陽会 参宮橋脊椎外科病院,1,1,0,1,0,0,1,0,,,,,
6021661,東京スポーツ＆整形外科クリニック北参道,0,1,0,0,0,0,1,0,,,,,
6070007,地方独立行政法人東京都立病院機構　東京都立広尾病院,2,2,2,0,0,0,2,0,,,,,
6070015,原宿リハビリテーション病院,1,0,0,1,0,0,0,0,,,,,
1410901,新渡戸記念中野総合病院,1,1,1,0,0,0,1,0,,,,,
1410976,社会福祉法人浄風園 中野江古田病院,1,0,0,1,0,0,0,0,,,,,
1428937,クリニックヨコヤマ,1,0,0,1,0,0,0,0,,,,,
1470038,社会医療法人社団健友会 中野共立病院,1,0,0,1,0,0,0,0,,,,,
1470061,一般財団法人自警会 東京警察病院,6,3,2,3,1,2,1,0,,,,,NO_VALUE_ON_PUBLIC_PAGE
1470079,医療法人財団健貢会 総合東京病院,6,3,3,2,1,1,2,0,,,21413.0,11835.0,VERIFIED_NUMERIC
1470087,医療法人社団徳静会横畠病院,1,0,1,0,0,0,0,0,,,,,
1514967,医療法人財団　荻窪病院,2,1,1,1,0,0,1,0,,,,,
1514983,社会福祉法人浴風会 浴風会病院,1,1,0,1,0,0,1,0,,,,,
1570050,医療法人社団静山会 清川病院,1,1,0,1,0,0,0,1,,,,,
1570480,医療法人社団回心会ロイヤル病院,1,0,0,1,0,0,0,0,,,,,
1570886,社会医療法人河北医療財団河北リハビリテーション病院,1,0,0,1,0,0,0,0,,,,,
1570928,一般社団法人衛生文化協会 城西病院,1,0,0,1,0,0,0,0,,,,,
1570936,医療法人財団アドベンチスト会 東京衛生アドベンチスト病院,1,1,1,0,0,0,1,0,,,,,
1570944,ニューハート・ワタナベ国際病院,1,0,1,0,0,0,0,0,,,,,
1570977,浜田山病院,1,1,0,1,0,0,0,1,,,,,
1570985,医療法人社団杏順会 越川病院,1,0,0,1,0,0,0,0,,,,,
1571017,医療法人社団 哺育会 杉並リハビリテーション病院,1,0,0,1,0,0,0,0,,,,,
1571025,医療法人社団山斗会 山中病院,1,0,0,1,0,0,0,0,,,,,
5970009,杏林大学医学部付属杉並病院,3,2,3,0,0,1,1,0,,,,,
5970017,社会医療法人河北医療財団　河北総合病院,2,2,2,0,0,1,1,0,,,,,
5970025,医療法人社団城東桐和会　タムス杉並病院,1,0,0,1,0,0,0,0,,,,,
1611474,（医社）生全会 池袋病院,1,0,1,0,0,0,0,0,,,,,
1617588,医療法人社団瑞雲会 高田馬場病院,1,0,0,1,0,0,0,0,,,,,
1617836,社会医療法人社団大成会　長汐病院,1,1,0,1,0,0,1,0,,,,,
1630938,医療法人社団景星会 大塚北口診療所,1,1,1,0,0,0,0,1,,,,,
1636000,医療法人社団育生會　山口医院,1,0,0,1,0,0,0,0,,,,,
1670017,医療法人社団日心会 総合病院一心病院,1,0,1,0,0,0,0,0,,,,,
1670892,医療法人社団仁泉会 としま昭和病院,1,0,0,1,0,0,0,0,,,,,
1670959,要町病院,1,0,0,1,0,0,0,0,,,,,
1670975,医療法人社団ENEXT　池袋西口病院,1,0,0,1,0,0,0,0,,,,,
1670991,医療法人社団久福会 関野病院,1,0,1,0,0,0,0,0,,,,,
1671007,医療法人社団敬悠会 副都心病院,1,0,0,1,0,0,0,0,,,,,
1671023,地方独立行政法人東京都立病院機構　東京都立大塚病院,3,2,2,0,0,1,1,0,,,,,
1711878,医療法人財団逸生会 大橋病院,1,0,1,0,0,0,0,0,,,,,
1711886,医療法人社団田島厚生会神谷病院,1,0,1,0,0,0,0,0,,,,,
1719897,社会福祉法人新栄会滝野川病院,1,0,0,1,0,0,0,0,,,,,
1729953,医療法人社団　田端放射線科クリニック,1,2,1,0,0,1,1,0,,,,,
1732320,東京脊椎クリニック,1,1,0,1,0,0,1,0,,,,,
1732866,木村外科内科,1,0,0,1,0,0,0,0,,,,,
1770023,医療法人社団埴原会赤羽病院,1,0,0,1,0,0,0,0,,,,,
1770130,医療法人社団金地病院,2,0,1,0,1,0,0,0,,,,,
1770635,医療法人社団博栄会 浮間中央病院,1,0,1,0,0,0,0,0,,,,,
1770650,医療法人社団中央白報会 白報会王子病院,1,0,0,1,0,0,0,0,,,,,
1770718,王子生協病院,1,0,1,0,0,0,0,0,,,,,
1770734,公益社団法人地域医療振興協会 東京北医療センター,2,2,2,0,0,1,1,0,,,,,
1770759,医療法人財団明理会 明理会中央総合病院,1,1,1,0,0,0,1,0,,,,,
1770767,医療法人社団福寿会 赤羽岩渕病院,1,0,1,0,0,0,0,0,,,,,
1770783,花と森の東京病院,1,1,1,0,0,0,1,0,,,,,
1770791,医療法人社団景星会赤羽 赤羽東口病院,2,1,1,0,0,0,1,0,,,,,
1770809,医療法人社団博栄会 赤羽中央総合病院,2,1,2,0,0,0,1,0,,,,,
1770817,赤羽リハビリテーション病院,1,0,0,1,0,0,0,0,,,,,
1812072,社会福祉法人上宮会 日暮里上宮病院,1,0,0,1,0,0,0,0,,,,,
1817949,医療法人社団関川会 関川病院,1,0,0,0,1,0,0,0,,,,,
1870088,医療法人社団愛和会南千住病院,1,0,0,1,0,0,0,0,,,,,
1870815,医療法人社団杏精会 岡田病院,1,0,1,0,0,0,0,0,,,,,
1870872,医療法人社団美誠会 荒川病院,1,0,0,1,0,0,0,0,,,,,
1870880,社会医療法人社団正志会 荒木記念東京リバーサイド病院,1,1,0,1,0,0,1,0,,,,,
1870898,医療法人社団成守会 はせがわ病院,1,0,1,0,0,0,0,0,,,,,
1870914,社会医療法人社団一成会 木村病院,1,1,1,0,0,0,1,0,,,,,
1870922,令和あらかわ病院,1,1,0,1,0,0,1,0,,,,,
1911502,日本大学医学部附属板橋病院,5,4,4,1,0,3,1,0,,,46618.0,19586.0,VERIFIED_NUMERIC
1911627,医療法人財団同潤会 富士見病院,1,0,1,0,0,0,0,0,,,,,
1911635,医療法人財団健康文化会小豆沢病院,1,0,1,0,0,0,0,0,,,,,
1911700,心身障害児総合医療療育センター,1,0,0,1,0,0,0,0,,,,,
1911718,医療法人社団翠会　成増厚生病院,1,0,0,1,0,0,0,0,,,,,
1915123,公益財団法人愛世会愛誠病院,2,1,0,1,0,0,0,1,,,,,
1915131,一般財団法人 精神医学研究所 附属東京武蔵野病院,1,1,1,0,0,0,1,0,,,,,
1916121,医療法人社団明芳会 板橋中央総合病院,3,2,3,0,0,0,2,0,,,,,
1918358,医療法人財団朔望会 常盤台外科病院,1,1,1,0,0,0,1,0,,,,,
1919588,帝京大学医学部附属病院,7,4,7,0,0,3,1,0,,,,,
1919984,板橋区医師会病院,1,1,1,0,0,0,1,0,,,,,
1970078,医療法人社団慈誠会 慈誠会徳丸リハビリテーション病院,1,0,0,1,0,0,0,0,,,,,
1970144,医療法人社団昭成会 田﨑病院,1,0,0,1,0,0,0,0,,,,,
1970250,医療法人社団誠志会 誠志会病院,1,0,0,1,0,0,0,0,,,,,
1970722,医療法人社団正風会 小林病院,1,1,0,1,0,0,1,0,,,,,
1970730,医療法人社団和好会 金子病院,1,1,1,0,0,0,0,1,,,,,
1970763,医療法人社団明芳会 イムス記念病院,1,0,1,0,0,0,0,0,,,,,
1970797,医療法人社団慈誠会 慈誠会前野病院,1,0,0,1,0,0,0,0,,,,,
1970805,医療法人社団慈誠会 慈誠会成増病院,1,0,0,1,0,0,0,0,,,,,
1970813,医療法人社団叡宥会 安田病院,1,0,0,1,0,0,0,0,,,,,
1970821,医療法人社団慈誠会 慈誠会記念病院,1,0,0,1,0,0,0,0,,,,,
1970839,医療法人社団博鳳会 敬愛病院,1,0,1,0,0,0,0,0,,,,,
1970847,医療法人社団健育会 竹川病院,1,1,0,1,0,0,0,1,,,,,
1970854,医療法人社団慈誠会 東武練馬中央病院,1,0,1,0,0,0,0,0,,,,,
1970862,地方独立行政法人 東京都健康長寿医療センター,3,3,2,1,0,2,1,0,,,,,NO_VALUE_ON_PUBLIC_PAGE
1970896,医療法人社団慈誠会 上板橋病院,1,0,0,1,0,0,0,0,,,,,
1970912,医療法人社団慈誠会 浮間舟渡病院,1,0,1,0,0,0,0,0,,,,,
1970938,医療法人財団明理会 明理会東京大和病院,1,1,1,0,0,0,1,0,,,,,
1970946,医療法人社団 明芳会 高島平中央総合病院,1,1,1,0,0,0,1,0,,,,,
1970961,医療法人財団朔望会 リハビリテーションエーデルワイス病院,1,0,0,1,0,0,0,0,,,,,
1970979,リハビリパーク板橋病院,1,0,0,1,0,0,0,0,,,,,
1971001,地方独立行政法人東京都立病院機構　東京都立豊島病院,3,1,2,1,0,1,0,0,,,,,
2011799,医療法人社団 さくら景星会 桜台病院,1,0,0,1,0,0,0,0,,,,,
2016525,浩生会 スズキ病院,1,1,0,1,0,0,1,0,,,,,
2027951,医療法人財団秀行会 阿部クリニック,1,0,0,1,0,0,0,0,,,,,
2029635,医療法人社団川満惠光会 川満外科,1,1,0,1,0,0,0,1,,,,,
2030500,（法）翔洋会 辻内科循環器科歯科クリニック,1,1,0,1,0,0,0,1,,,,,
2070027,医療法人社団千秋会田中吉祥寺病院,1,1,1,0,0,0,1,0,,,,,
2070886,医療法人社団育陽会 練馬さくら病院,1,0,0,1,0,0,0,0,,,,,
2070894,大泉生協病院,1,1,0,1,0,0,1,0,,,,,
2070928,順天堂大学医学部附属練馬病院,2,3,2,0,0,1,2,0,,,,,
2070936,公益財団法人東京都医療保健協会練馬総合病院,1,1,1,0,0,0,1,0,,,,,
2070944,医療法人社団はなぶさ会 島村記念病院,1,0,1,0,0,0,0,0,,,,,
2070969,医療法人社団慈誠会 練馬駅リハビリテーション病院,1,0,0,1,0,0,0,0,,,,,
2070985,医療法人社団健育会　ねりま健育会病院,1,1,0,1,0,0,1,0,,,,,
2070993,医療法人社団慈誠会　慈誠会・練馬高野台病院,1,0,1,0,0,0,0,0,,,,,
2071009,公益社団法人地域医療振興協会練馬光が丘病院,3,2,2,1,0,1,1,0,,,,,
2071025,医療法人社団忠医会　忠医会病院,1,0,0,1,0,0,0,0,,,,,
2071033,医療法人社団慈誠会　慈誠会・光が丘病院,1,0,0,1,0,0,0,0,,,,,
2112183,医療法人財団梅田病院,1,0,0,1,0,0,0,0,,,,,
2112241,医療法人社団苑田会　愛里病院,1,0,1,0,0,0,0,0,,,,,
2112308,社会福祉法人勝楽堂病院,1,0,0,1,0,0,0,0,,,,,
2117661,一般財団法人　博慈会　博慈会記念総合病院,3,2,2,1,0,1,1,0,,,,,
2126811,医療法人財団ひこばえ会 セツルメント診療所,1,0,0,1,0,0,0,0,,,,,
2129450,医療法人社団星風会 井上クリニック,1,0,1,0,0,0,0,0,,,,,
2131068,医療法人社団　昭明会　大谷田整形外科,1,1,0,1,0,0,0,1,,,,,
2131860,医療法人社団容生会 ようせいクリニック,1,0,0,1,0,0,0,0,,,,,
2134104,医療法人社団やよい会 あだち江北メディカルクリニック,1,0,0,1,0,0,0,0,,,,,
2170116,社会医療法人社団 慈生会 等潤病院,1,1,1,0,0,1,0,0,,,,,
2170207,医療法人社団大坪会 東和病院,1,1,1,0,0,0,1,0,,,,,
2170215,医療法人社団星風会 井上病院,0,1,0,0,0,0,1,0,,,,,
2170355,社会医療法人社団昭愛会 水野記念病院,1,1,1,0,0,0,1,0,,,,,
2170991,医療法人社団すずき病院,1,0,1,0,0,0,0,0,,,,,
2171015,医療法人社団日岩会 下井病院,1,1,0,1,0,0,0,1,,,,,
2171023,医療法人社団心和会足立共済病院,1,0,0,1,0,0,0,0,,,,,
2171049,医療法人財団健和会 柳原病院,1,1,0,1,0,0,1,0,,,,,
2171106,医療法人社団けいせい会 東京北部病院,1,1,1,0,0,1,0,0,,,,,
2171114,医療法人社団苑田会 苑田第一病院,2,1,2,0,0,0,1,0,,,,,
2171130,医療法人社団東京朝日会あさひ病院,1,1,1,0,0,0,1,0,,,,,
2171155,医療法人社団桜会　あだち共生病院,1,0,1,0,0,0,0,0,,,,,
2171171,医療法人社団弘仁勝和会 勝和会病院,1,0,0,1,0,0,0,0,,,,,
2171205,特定医療法人社団潤恵会敬仁病院,1,0,1,0,0,0,0,0,,,,,
2171213,医療法人財団健和会 柳原リハビリテーション病院,1,0,0,0,1,0,0,0,,,,,
2171221,医療法人社団苑田会 苑田第三病院,1,1,1,0,0,0,1,0,,,,,
2171239,社会医療法人社団 医善会 いずみ記念病院,1,1,1,0,0,1,0,0,,,,,
2171288,医療法人社団洪泳会 東京洪誠病院,1,1,1,0,0,0,1,0,,,,,
2171296,医療法人社団洪泳会 第二洪誠病院,1,0,0,0,1,0,0,0,,,,,
2171304,医療法人社団苑田会 苑田会人工関節センター病院,0,1,0,0,0,0,0,1,,,,,
2171353,扇大橋病院,1,0,0,1,0,0,0,0,,,,,
2171361,医療法人社団俊和会 寺田病院,1,0,1,0,0,0,0,0,,,,,
2171395,医療法人社団桜会 桜会病院,1,0,0,1,0,0,0,0,,,,,
2171411,綾瀬循環器病院,1,0,0,1,0,0,0,0,,,,,
2171452,友愛病院,1,0,0,1,0,0,0,0,,,,,
2171460,医療法人社団苑風会 苑風会病院,1,0,0,1,0,0,0,0,,,,,
2171478,医療法人社団大和会 平成扇病院,1,0,0,1,0,0,0,0,,,,,
2171486,あやせ循環器リハビリ病院,1,0,0,1,0,0,0,0,,,,,
2171494,医療法人社団苑田会 花はたリハビリテーション病院,1,0,0,1,0,0,0,0,,,,,
2171502,医療法人社団苑田会　足立十全病院,1,0,0,1,0,0,0,0,,,,,
2171510,医療法人社団忠医会 大高病院,1,1,0,1,0,0,0,1,,,,,
2171528,医療法人社団健整会 米倉脊椎・関節病院,1,1,0,1,0,0,1,0,,,,,
2171544,医療法人社団福寿会 慈英会病院,1,0,0,1,0,0,0,0,,,,,
2171569,医療法人社団福寿会 福寿会足立東部病院,1,1,1,0,0,0,1,0,,,,,
2171577,東京女子医科大学附属足立医療センター,3,2,3,0,0,1,1,0,,,,,
2171585,医療法人社団福寿会　福寿会病院,1,1,0,1,0,0,1,0,,,,,
2171593,医療法人社団苑田会 竹の塚脳神経リハビリテーション病院,1,0,0,1,0,0,0,0,,,,,
2171601,医療法人社団苑田会　苑田会ニューロリハビリテーション病院,1,0,0,1,0,0,0,0,,,,,
2171635,医療法人社団福寿会　みらいリハビリテーション病院,1,0,1,0,0,0,0,0,,,,,
2212389,東京慈恵会医科大学葛飾医療センター,3,2,2,1,0,1,1,0,,,,,
2212405,医療法人財団葛飾厚生会東立病院,1,0,0,1,0,0,0,0,,,,,
2212488,医療法人財団謙仁会亀有病院,1,1,0,1,0,0,1,0,,,,,
2212520,医療法人財団慈光会 堀切中央病院,1,1,1,0,0,0,1,0,,,,,
2217255,社会福祉法人仁生社江戸川病院高砂分院,1,1,0,1,0,0,1,0,,,,,
2218972,医療法人社団幸博会　高山整形外科病院,1,1,1,0,0,0,1,0,,,,,
2230712,医療法人社団湘南会 亀有みんなのクリニック,1,0,0,1,0,0,0,0,,,,,
2270023,医療法人社団明芳会 イムスリハビリテーションセンター東京葛飾病院,0,1,0,0,0,0,1,0,,,,,
2270072,社会医療法人社団光仁会 第一病院,1,0,0,1,0,0,0,0,,,,,
2270577,医療法人社団嬉泉会嬉泉病院,1,0,1,0,0,0,0,0,,,,,
2271005,小澤病院,1,0,0,1,0,0,0,0,,,,,
2271021,医療法人社団玲瓏会 金町中央病院,1,0,1,0,0,0,0,0,,,,,
2271062,社会医療法人社団正志会　平成立石病院,1,1,0,1,0,1,0,0,,,,,
2271070,医療法人社団湘南会 亀有中央病院,0,1,0,0,0,0,0,1,,,,,
2271088,医療法人社団明芳会 イムス葛飾ハートセンター,1,0,1,0,0,0,0,0,,,,,
2271096,かつしか江戸川病院,1,0,0,1,0,0,0,0,,,,,
2271104,葛飾リハビリテーション病院,1,0,0,1,0,0,0,0,,,,,
2271112,イムス東京葛飾総合病院,2,1,2,0,0,0,1,0,,,,,
2271138,地方独立行政法人東京都立病院機構　東京都立東部地域病院,2,1,2,0,0,0,1,0,,,,,
2312551,社会福祉法人仁生社江戸川病院,2,1,2,0,0,1,0,0,,,,,
2312577,医療法人社団 同愛会病院,1,1,1,0,0,0,1,0,,,,,
2319440,医療法人社団福仁会小松川病院,1,0,1,0,0,0,0,0,,,,,
2329985,井口腎泌尿器科・内科　親水,1,0,0,1,0,0,0,0,,,,,
2330454,医療法人社団三和会 菊地外科胃腸科,2,0,0,0,1,0,0,0,,,,,
2334308,医療法人社団　ほまれ　尾花循環器クリニック,1,0,0,1,0,0,0,0,,,,,
2370120,医療法人財団岩井医療財団岩井整形外科病院,1,2,1,0,0,0,2,0,,,,,
2370864,医療法人社団双仁会 一盛病院,1,0,1,0,0,0,0,0,,,,,
2370872,医療法人社団津端会 京葉病院,1,1,1,0,0,0,1,0,,,,,
2370955,医社）総風会 江戸川共済病院,1,0,0,1,0,0,0,0,,,,,
2370989,日本私立学校振興・共済事業団 東京臨海病院,5,2,2,2,1,1,1,0,,,23122.0,6372.0,VERIFIED_NUMERIC
2371011,医療法人社団東京ハートサミット東京心臓不整脈病院,1,1,1,0,0,0,0,1,,,,,
2371029,東京東病院,1,0,1,0,0,0,0,0,,,,,
2371037,医療法人社団葛西中央病院,1,0,0,1,0,0,0,0,,,,,
2371060,医療法人社団城東桐和会 タムスさくら病院江戸川,1,0,0,1,0,0,0,0,,,,,
2371094,社会医療法人社団 森山医会 森山記念病院,2,2,2,0,0,1,1,0,,,,,
2371102,社会医療法人社団森山医会 森山脳神経センター病院,1,1,1,0,0,0,1,0,,,,,
2371110,江戸川メディケア病院,1,1,1,0,0,0,1,0,,,,,
2371128,医療法人社団城東桐和会　タムス瑞江病院,1,1,1,0,0,0,1,0,,,,,
2913705,医療法人社団玉栄会東京天使病院,1,1,1,0,0,0,1,0,,,,,
2915643,一般財団法人仁和会総合病院,1,1,1,0,0,0,1,0,,,,,
2917375,医療法人社団明和会西八王子病院,1,0,0,1,0,0,0,0,,,,,
2918837,医療法人社団光生会 平川病院,1,0,0,1,0,0,0,0,,,,,
2925774,医療法人社団斗南堂 八王子クリニック,1,0,0,1,0,0,0,0,,,,,
2926988,医療法人社団恵優会 弐番街メディカルクリニック,1,0,0,1,0,0,0,0,,,,,
2927812,医療法人社団斗南堂 八王子クリニック新町,1,1,1,0,0,0,1,0,,,,,
2928315,八王子スポーツ整形外科,0,1,0,0,0,0,1,0,,,,,
2930212,八王子脊椎外科クリニック,1,1,0,1,0,0,1,0,,,,,
2930675,医療法人社団JSI　八王子ひがし整形外科,1,1,0,1,0,0,1,0,,,,,
2970051,東京医科大学八王子医療センター,5,3,3,0,2,1,2,0,,,30329.0,10412.0,VERIFIED_NUMERIC
2970093,医療法人社団青雲会北野台病院,1,0,0,1,0,0,0,0,,,,,
2970127,医療法人社団永生会永生病院,1,1,0,1,0,0,1,0,,,,,
2970135,八王子保健生活協同組合城山病院,1,0,0,1,0,0,0,0,,,,,
2970143,医療法人永寿会陵北病院,1,0,0,1,0,0,0,0,,,,,
2970150,医療法人永寿会恩方病院,1,0,1,0,0,0,0,0,,,,,
2970986,医療法人社団清智会 清智会記念病院,1,1,0,1,0,0,1,0,,,,,
2971018,医療法人財団敬寿会 相武病院,1,0,0,1,0,0,0,0,,,,,
2971042,医療法人社団ＫＮＩ北原国際病院,2,2,1,0,1,1,1,0,,,,,
2971067,医療法人社団親和会 野猿峠脳神経外科病院,1,2,1,0,0,0,2,0,,,,,
2971083,東海大学医学部付属八王子病院,3,2,3,0,0,0,2,0,,,,,
2971091,医療法人財団中山会 八王子消化器病院,2,0,2,0,0,0,0,0,,,,,
2971125,医療法人社団ＫＮＩ北原リハビリテーション病院,1,0,0,1,0,0,0,0,,,,,
2971133,医療法人社団純正会 八王子北部病院,1,0,0,1,0,0,0,0,,,,,
2971141,医療法人社団八九十会 高月整形外科病院,1,1,0,1,0,0,1,0,,,,,
2971158,医療法人社団永生会 南多摩病院,2,1,2,0,0,1,0,0,,,,,
2971208,医療法人財団興和会 右田病院,1,1,1,0,0,0,1,0,,,,,
2971224,みなみ野循環器病院,1,0,1,0,0,0,0,0,,,,,
2971232,医療法人社団新山会 希望の丘八王子病院,1,0,0,0,1,0,0,0,,,,,
2971240,医療法人社団永生会 みなみ野病院,1,0,0,1,0,0,0,0,,,,,
2971257,医療法人社団東光会 八王子山王病院,1,1,0,1,0,0,1,0,,,,,
2971265,AOI八王子病院,1,0,0,1,0,0,0,0,,,,,
3013893,医療法人財団立川中央病院,1,1,1,0,0,0,1,0,,,,,
3015716,国家公務員共済組合連合会立川病院,4,2,2,0,0,1,1,0,,,,,NO_VALUE_ON_PUBLIC_PAGE
3015823,医療法人財団川野病院,1,1,0,1,0,0,1,0,,,,,
3070349,立川相互病院,1,1,1,0,0,0,1,0,,,,,
8670077,独立行政法人国立病院機構災害医療センター,3,2,2,1,0,1,1,0,,,,,
3313921,一般財団法人天誠会 武蔵境病院,1,0,0,1,0,0,0,0,,,,,
3315728,日本赤十字社東京都支部武蔵野赤十字病院,4,2,3,1,0,0,2,0,,,43219.0,11260.0,VERIFIED_NUMERIC
3370079,三鷹北病院,1,0,0,1,0,0,0,0,,,,,
3370129,医療法人社団東仁会 吉祥寺あさひ病院,1,0,0,1,0,0,0,0,,,,,
3370145,武蔵野陽和会病院,1,1,1,0,0,0,1,0,,,,,
3613866,医療法人財団慈生会 野村病院,1,1,1,0,0,0,1,0,,,,,
3613874,医療法人社団積信会長谷川病院,1,0,0,1,0,0,0,0,,,,,
3619285,杏林大学医学部付属病院,9,6,7,2,0,4,2,0,,,42721.0,19349.0,VERIFIED_NUMERIC
3619368,医療法人社団永寿会三鷹中央病院,1,1,0,1,0,0,0,1,,,,,
3670783,医療法人社団實理会 東京国際大堀病院,1,0,1,0,0,0,0,0,,,,,
2815744,市立青梅総合医療センター,3,2,3,0,0,1,1,0,,,,,
2870087,武蔵野台病院,1,0,0,1,0,0,0,0,,,,,
2870129,青梅慶友病院,1,0,0,1,0,0,0,0,,,,,
2870731,医療法人社団和風会 多摩リハビリテーション病院,1,0,0,1,0,0,0,0,,,,,
2870780,医療法人社団三秀会 青梅三慶病院,1,0,0,1,0,0,0,0,,,,,
2870822,医療法人社団仁成会 高木病院,1,1,1,0,0,0,1,0,,,,,
2870863,医療法人社団長生会 長生病院,1,0,0,0,1,0,0,0,,,,,
3814076,府中恵仁会病院,2,1,1,1,0,0,1,0,,,,,
3814084,医療法人社団慈敬会府中医王病院,1,0,0,1,0,0,0,0,,,,,
3818499,東京都立府中療育センター,1,0,0,1,0,0,0,0,,,,,
3870011,医療法人社団共済会共済会櫻井病院,1,0,0,1,0,0,0,0,,,,,
3870110,医療法人社団喜平会 府中病院,1,1,0,0,1,0,0,1,,,,,
3870144,地方独立行政法人東京都立病院機構　東京都立神経病院,1,2,1,0,0,1,1,0,,,,,
3870151,地方独立行政法人東京都立病院機構　東京都立小児総合医療センター,1,1,1,0,0,0,1,0,,,,,
3870169,地方独立行政法人東京都立病院機構　東京都立多摩総合医療センター,7,4,6,1,0,2,2,0,,,,,NO_VALUE_ON_PUBLIC_PAGE
4015624,社会福祉法人恩賜財団東京都同胞援護会 昭島病院,1,1,1,0,0,0,1,0,,,,,
4018180,医療法人社団竹口病院,1,0,0,1,0,0,0,0,,,,,
4070025,医療法人社団大日会 太陽こども病院,1,0,0,0,1,0,0,0,,,,,
4070835,医療法人社団潮友会 うしお病院,1,0,0,1,0,0,0,0,,,,,
4070843,あきしま相互病院,1,0,0,1,0,0,0,0,,,,,
4070850,医療法人徳洲会 東京西徳洲会病院,2,2,2,0,0,1,1,0,,,,,
4070876,医療法人社団 野村会 昭和の杜病院,1,0,0,1,0,0,0,0,,,,,
4216701,医療法人社団青山会 青木病院,1,0,0,1,0,0,0,0,,,,,
4223533,医療法人社団敬和慶友会　調布くびと腰の整形外科クリニック,1,1,0,0,1,0,0,1,,,,,
4270013,医療法人社団大坪会北多摩病院,1,1,0,1,0,0,1,0,,,,,
4270047,医療法人社団飯野病院,1,0,0,1,0,0,0,0,,,,,
4270054,医療法人社団　桐光会　調布病院,1,1,1,0,0,0,1,0,,,,,
4270062,医療法人社団東山会 調布東山病院,1,1,1,0,0,0,1,0,,,,,
4270096,医療法人社団大和会 多摩川病院,1,0,0,1,0,0,0,0,,,,,
3214160,町田市民病院,2,2,2,0,0,1,1,0,,,,,
3225067,医療法人社団三翔会　町田脳神経外科,1,2,1,0,0,1,1,0,,,,,
3227998,南東京ハートクリニック,1,0,1,0,0,0,0,0,,,,,
3270774,医療法人社団幸隆会 多摩丘陵リハビリテーション病院,1,0,0,1,0,0,0,0,,,,,
3270782,医社）松友会 上相原病院,1,0,0,1,0,0,0,0,,,,,
3270790,医療法人社団創生会 町田病院,1,0,1,0,0,0,0,0,,,,,
3270816,社会医療法人社団正志会 南町田病院,1,1,1,0,0,1,0,0,,,,,
3270824,医療法人社団史世会 町田胃腸病院,1,0,0,1,0,0,0,0,,,,,
3270832,医療法人社団慶泉会 町田慶泉病院,1,1,1,0,0,0,1,0,,,,,
3270857,ふれあい町田ホスピタル,1,1,0,0,1,0,1,0,,,,,
3270865,医療法人社団三医会 鶴川記念病院,1,0,0,1,0,0,0,0,,,,,
3270873,医療法人社団三医会 鶴川リハビリテーション病院,1,0,0,0,1,0,0,0,,,,,
3270881,あけぼの病院,1,1,1,0,0,0,1,0,,,,,
3270915,横浜町田関節脊椎病院,1,1,0,1,0,0,1,0,,,,,
3270923,医療法人社団幸隆会　多摩丘陵病院,1,1,1,0,0,0,1,0,,,,,
4113973,医療法人社団総合会武蔵野中央病院,1,0,0,1,0,0,0,0,,,,,
4114005,社会福祉法人聖ヨハネ会 桜町病院,1,1,0,1,0,0,1,0,,,,,
4170023,医療法人社団大日会 小金井太陽病院,1,0,1,0,0,0,0,0,,,,,
4314209,緑成会病院,1,0,0,1,0,0,0,0,,,,,
4314274,社会福祉法人多摩済生医療団 多摩済生病院,1,0,0,1,0,0,0,0,,,,,
4314407,公立昭和病院,5,3,2,2,1,1,2,0,,,24330.0,7188.0,VERIFIED_NUMERIC
4314423,南台病院,1,0,0,1,0,0,0,0,,,,,
4370078,むさしの救急病院,1,1,1,0,0,1,0,0,,,,,
8715542,国立研究開発法人 国立精神・神経医療研究センター病院,1,2,1,0,0,2,0,0,,,,,
3570058,医療法人社団康明会 康明会病院,1,0,1,0,0,0,0,0,,,,,
3570066,医療法人社団回心会 回心堂第二病院,1,0,0,1,0,0,0,0,,,,,
3570074,日野市立病院,1,1,1,0,0,0,1,0,,,,,
3570082,医療法人社団厚潤会 日野駅前病院,1,1,1,0,0,0,1,0,,,,,
3570090,グレイス病院,1,0,0,0,1,0,0,0,,,,,
3570108,多摩平の森の病院,1,0,0,0,1,0,0,0,,,,,
2715498,社会福祉法人白十字会 東京白十字病院,1,1,1,0,0,0,1,0,,,,,
2715522,公益財団法人結核予防会 新山手病院,2,1,1,1,0,0,1,0,,,,,
2718740,緑風荘病院,1,0,1,0,0,0,0,0,,,,,
2719169,医療法人財団西武中央病院,1,0,0,1,0,0,0,0,,,,,
2770097,社会医療法人社団 愛有会 久米川病院,1,0,0,1,0,0,0,0,,,,,
2770105,医療法人泰一会　多摩北整形外科病院,1,1,0,1,0,0,1,0,,,,,
2770113,地方独立行政法人東京都立病院機構　東京都立多摩北部医療センター,3,1,2,0,0,0,1,0,,,,,
3115508,社会福祉法人浴光会国分寺病院,1,1,0,1,0,0,1,0,,,,,
3170032,（医社）啓医会 国分寺内科中央病院,1,0,0,0,1,0,0,0,,,,,
3421435,医療法人社団鴻鶴会 内野産婦人科小児科,1,1,0,1,0,0,1,0,,,,,
3470036,国立さくら病院,1,0,0,1,0,0,0,0,,,,,
3470044,医療法人社団長尽会 長久保病院,1,1,0,1,0,0,1,0,,,,,
4414561,医療法人社団大聖病院,1,1,0,1,0,0,1,0,,,,,
4470035,医療法人社団悦伝会 目白第二病院,1,1,0,1,0,0,1,0,,,,,
4470050,公立福生病院,3,2,1,1,0,2,0,0,,,,,
4470068,医療法人社団葵会 熊川病院,1,0,0,1,0,0,0,0,,,,,
4615514,東大和病院,2,1,2,0,0,0,1,0,,,,,
4670022,東京都立東大和療育センター,1,0,0,1,0,0,0,0,,,,,
4714440,社会福祉法人信愛報恩会信愛病院,1,0,0,1,0,0,0,0,,,,,
4714465,社会福祉法人上宮会 清瀬リハビリテーション病院,1,0,0,1,0,0,0,0,,,,,
4715538,公益財団法人結核予防会 複十字病院,2,1,1,0,1,0,1,0,,,,,
4715603,ベトレヘムの園病院,1,0,0,1,0,0,0,0,,,,,
4715918,医療法人財団保養会 竹丘病院,1,0,0,1,0,0,0,0,,,,,
4720975,医療法人社団 順洋会 武蔵野総合クリニック,1,1,0,1,0,0,1,0,,,,,
4770046,救世軍清瀬病院,1,0,0,0,0,0,0,0,,,,,
4770087,医療法人社団雅会 山本病院,1,0,0,1,0,0,0,0,,,,,
4770145,医療法人財団きよせ旭が丘記念病院,1,1,0,1,0,0,1,0,,,,,
8715567,独立行政法人国立病院機構東京病院,3,1,2,1,0,0,1,0,,,,,
4819934,医療法人社団苑田会滝山病院,1,1,0,1,0,0,1,0,,,,,
4870069,医療法人社団 山本・前田記念会 前田病院,1,1,0,1,0,0,1,0,,,,,
4916763,社会福祉法人鶴風会東京小児療育病院,1,1,0,1,0,0,1,0,,,,,
4970042,武蔵村山病院,1,1,1,0,0,0,1,0,,,,,
8715559,独立行政法人国立病院機構村山医療センター,1,1,1,0,0,0,1,0,,,,,
5022850,医療法人社団翔和仁誠会 東京みみ・はな・のどサージクリニック,1,0,0,0,1,0,0,0,,,,,
5070016,日本医科大学多摩永山病院,2,1,0,2,0,0,1,0,,,,,
5070099,天本病院,1,1,1,0,0,0,1,0,,,,,
5070107,地方独立行政法人東京都立病院機構　東京都立多摩南部地域病院,2,1,2,0,0,0,1,0,,,,,
5114483,稲城市立病院,3,2,2,1,0,0,2,0,,,,,
5119615,特定医療法人社団研精会稲城台病院,1,0,0,1,0,0,0,0,,,,,
5120936,医療法人社団秀巧会 稲城わかばクリニック,1,0,0,1,0,0,0,0,,,,,
5170030,医療法人社団慶成会 よみうりランド慶友病院,1,0,0,1,0,0,0,0,,,,,
5170048,医療法人社団慶晃会　南山リハビリテーション病院,1,0,1,0,0,0,0,0,,,,,
5370028,医療法人社団三秀会 羽村三慶病院,1,0,0,1,0,0,0,0,,,,,
5370036,医療法人社団葵会 西多摩病院,1,0,0,1,0,0,0,0,,,,,
5219860,公立阿伎留医療センター,3,4,2,1,0,1,2,1,,,,,FETCH_RETRY
5220751,医療法人社団豊信会 草花クリニック,1,0,0,1,0,0,0,0,,,,,
5270087,医療法人財団 暁 あきる台病院,1,0,0,1,0,0,0,0,,,,,
3970969,医療法人社団東光会西東京中央総合病院,1,1,1,0,0,0,1,0,,,,,
5470018,医療法人社団花みずき会 保谷厚生病院,1,1,0,1,0,0,1,0,,,,,
5470026,医療法人徳洲会 武蔵野徳洲会病院,3,1,2,0,0,0,1,0,,,,,
2470466,医療法人社団 久遠会 みずほ病院,1,0,0,1,0,0,0,0,,,,,
2470458,医療法人財団利定会 大久野病院,1,0,0,1,0,0,0,0,,,,,
2414555,奥多摩町国民健康保険奥多摩病院,1,0,1,0,0,0,0,0,,,,,
0333500,大島医療センター,1,1,0,1,0,0,1,0,,,,,
0326926,新島村国民健康保険本村診療所,1,0,0,0,1,0,0,0,,,,,
0328245,神津島村国民健康保険直営診療所,1,0,0,1,0,0,0,0,,,,,
0326462,三宅村国民健康保険直営中央診療所,1,0,0,1,0,0,0,0,,,,,
0370692,国民健康保険町立八丈病院,1,0,1,0,0,0,0,0,,,,,
0329912,小笠原村母島診療所,1,0,0,1,0,0,0,0,,,,,
0336917,小笠原村診療所,1,0,0,0,1,0,0,0,,,,,
3070356,医療法人社団敏和会 西砂川病院,1,0,0,1,0,0,0,0,,,,,
4022083,医療法人社団全心会　ぜんしん整形外科,1,1,0,1,0,0,1,0,,,,,
5570072,世田谷記念病院,1,0,0,1,0,0,0,0,,,,,
1970920,医療法人社団美誠会 板橋宮本病院,1,0,0,1,0,0,0,0,,,,,
3914264,医療法人財団緑秀会 田無病院,1,0,0,1,0,0,0,0,,,,,
0210252,医療法人祥知会はこざき公園内科医院,1,0,0,1,0,0,0,0,,,,,
0210310,福岡和白病院,2,3,2,0,0,1,2,0,,,,,
0210351,医療法人相生会ピーエスクリニック,1,0,0,1,0,0,0,0,,,,,
0210393,たたらリハビリテーション病院,1,0,0,1,0,0,0,0,,,,,
0211615,医療法人相生会 金隈病院,1,0,0,1,0,0,0,0,,,,,
0211698,医療法人輝栄会 福岡輝栄会病院,1,1,1,0,0,1,0,0,,,,,
0212274,地方独立行政法人福岡市立病院機構福岡市民病院,1,1,1,0,0,1,0,0,,,,,
0212514,雁の巣病院,1,0,0,1,0,0,0,0,,,,,
0213355,福岡市立こども病院,1,1,1,0,0,0,1,0,,,,,
0213819,医療法人SSC香椎耳鼻咽喉科,1,0,0,0,0,0,0,0,,,,,
0213876,医療法人相生会新吉塚病院,1,0,0,1,0,0,0,0,,,,,
0214023,やました甲状腺病院,1,0,1,0,0,0,0,0,,,,,
0215012,医療法人共仁会　福岡脊椎クリニック,2,1,0,1,0,0,1,0,,,,,
0215699,福岡山田外科,1,0,0,0,1,0,0,0,,,,,
0316968,医療法人海の中道整形外科医院,0,1,0,0,0,0,1,0,,,,,
0317446,医療法人ながら医院,1,0,0,1,0,0,0,0,,,,,
0317537,友田病院,1,1,0,1,0,0,1,0,,,,,
0317974,医療法人永野病院,1,0,0,1,0,0,0,0,,,,,
0318618,貝塚病院,1,1,1,0,0,0,1,0,,,,,
0319095,古森病院,1,0,0,1,0,0,0,0,,,,,
0319103,医療法人原三信病院,3,1,2,1,0,0,1,0,,,,,
0319145,さく病院,1,1,1,0,0,0,1,0,,,,,
0319210,国家公務員共済組合連合会千早病院,1,1,1,0,0,0,1,0,,,,,
0319251,原土井病院,1,1,1,0,0,0,1,0,,,,,
0319269,千鳥橋病院,1,1,1,0,0,0,1,0,,,,,
0319293,八木病院,1,1,1,0,0,0,1,0,,,,,
0319426,医療法人相生会 福岡みらい病院,1,1,1,0,0,1,0,0,,,,,
0319491,社会医療法人社団 至誠会 木村病院,1,1,0,1,0,0,1,0,,,,,
0319558,医療法人博腎会 博腎会病院,1,0,0,1,0,0,0,0,,,,,
0319582,東福岡和仁会病院,1,0,1,0,0,0,0,0,,,,,
0319798,医療法人誠仁会 籠田医院,1,0,0,1,0,0,0,0,,,,,
0326827,博多心臓血管病院,1,0,1,0,0,0,0,0,,,,,
0413013,医療法人豊資会加野病院,1,0,1,0,0,0,0,0,,,,,
0413104,片井整形外科・内科病院,0,1,0,0,0,0,0,1,,,,,
0413328,社会医療法人北九州病院 北九州若杉病院,1,0,0,1,0,0,0,0,,,,,
0419036,医療法人井上会篠栗病院,1,1,1,0,0,0,1,0,,,,,
0419101,医療法人社団正信会水戸病院,1,0,0,1,0,0,0,0,,,,,
0419127,社会保険仲原病院,1,0,0,1,0,0,0,0,,,,,
0419135,福岡県こども療育センター新光園,1,0,0,1,0,0,0,0,,,,,
0419184,河野粕屋病院,1,0,0,1,0,0,0,0,,,,,
0419200,医療法人社団三誠会 ひまわり病院,1,1,0,1,0,0,1,0,,,,,
0419226,医療法人社団廣徳会 岡部病院,1,1,0,1,0,0,1,0,,,,,
0419382,泯江堂三野原病院,1,0,0,1,0,0,0,0,,,,,
0419432,医療法人社団日晴会久恒病院,0,1,0,0,0,0,0,1,,,,,
0419481,栄光病院,1,1,0,1,0,0,1,0,,,,,
0419499,医療法人成雅会 泰平病院,1,0,0,1,0,0,0,0,,,,,
0419697,福岡青洲会病院,1,2,1,0,0,1,1,0,,,,,
0419747,医療法人みなみ粕屋南病院,1,0,0,1,0,0,0,0,,,,,
0419788,うえの病院,1,0,1,0,0,0,0,0,,,,,
0519165,宗像水光会 総合病院,2,1,2,0,0,0,1,0,,,,,
0519199,東福間病院,1,0,0,1,0,0,0,0,,,,,
0519314,医療法人静かな海の会 津屋崎中央病院,1,0,0,1,0,0,0,0,,,,,
0519330,医療法人宗隆会上妻整形外科医院,0,1,0,0,0,0,0,1,,,,,
0611350,森都病院,1,0,0,1,0,0,0,0,,,,,
0611368,北九州宗像中央病院,1,0,0,1,0,0,0,0,,,,,
0619072,宗像医師会病院,1,1,1,0,0,0,1,0,,,,,
0619080,摩利支病院,1,0,0,1,0,0,0,0,,,,,
0619122,林外科・内科クリニック,1,0,0,1,0,0,0,0,,,,,
0619155,蜂須賀病院,1,1,0,1,0,0,1,0,,,,,
0619247,医療法人光洋会 赤間病院,1,0,1,0,0,0,0,0,,,,,
0719104,医療法人社団愛和会古賀中央病院,1,0,0,1,0,0,0,0,,,,,
0719112,北九州古賀病院,1,0,0,1,0,0,0,0,,,,,
0719187,医療法人 亀山整形外科医院,0,1,0,0,0,0,0,1,,,,,
0719336,福岡聖恵病院,1,0,0,1,0,0,0,0,,,,,
0719393,医療法人 Ｙ＆Ｋ かい整形外科医院,0,1,0,0,0,0,0,1,,,,,
1010024,医療法人輝松会 松尾内科病院,1,0,0,1,0,0,0,0,,,,,
1010404,佐田整形外科病院,1,1,0,1,0,0,1,0,,,,,
1010495,医療法人南川整形外科病院,1,1,0,1,0,0,1,0,,,,,
1010537,医療法人脳神経外科クリニック高木,0,1,0,0,0,0,0,1,,,,,
1010735,医療法人佐田厚生会 佐田病院,1,1,1,0,0,0,1,0,,,,,
1011113,福西会南病院,1,0,0,1,0,0,0,0,,,,,
1011204,医療法人社団朝菊会 昭和病院,1,1,0,1,0,0,1,0,,,,,
1011337,福岡豊栄会病院,1,1,0,1,0,0,1,0,,,,,
1012178,村上華林堂病院,1,1,1,0,0,0,0,1,,,,,
1012269,平尾病院,1,1,0,1,0,0,1,0,,,,,
1012277,医療法人原信会 原口病院循環器科内科,1,0,0,1,0,0,0,0,,,,,
1012749,医療法人海洋会 あおいクリニック,1,0,0,1,0,0,0,0,,,,,
1012905,秋本病院,1,0,0,1,0,0,0,0,,,,,
1013051,及川病院,1,0,1,0,0,0,0,0,,,,,
1013069,石西整形外科医院,1,0,0,0,1,0,0,0,,,,,
1014752,医療法人敬天会 武田病院,1,0,0,1,0,0,0,0,,,,,
1015031,福岡山王病院,5,2,2,2,1,1,1,0,,,9341.0,4640.0,VERIFIED_NUMERIC
1016989,医療法人 高森整形外科・内科,1,1,0,1,0,0,1,0,,,,,
1017003,西南泌尿器科クリニック,1,0,0,1,0,0,0,0,,,,,
1019066,松永病院,0,1,0,0,0,0,0,1,,,,,
1019082,医療法人盛和会 神代医院,1,0,0,1,0,0,0,0,,,,,
1019298,聖峰会マリン病院,1,1,0,1,0,0,1,0,,,,,
1019355,黒田整形外科医院,1,1,0,1,0,0,1,0,,,,,
1019561,医療法人三聖会 岸田内科医院,1,0,0,1,0,0,0,0,,,,,
1022235,医療法人福岡桜十字 桜十字福岡病院,1,1,0,1,0,0,1,0,,,,,
1022466,医療法人　萱島外科,1,0,0,1,0,0,0,0,,,,,
1023365,百年橋リハビリテーション病院,1,0,0,1,0,0,0,0,,,,,
1024082,福岡大学西新病院,1,1,1,0,0,0,1,0,,,,,
1024397,河野耳鼻咽喉科 Ｅａｒ Ｓｕｒｇｉ Ｃｌｉｎｉｃ,1,0,0,0,0,0,0,0,,,,,
1024512,医療法人社団高邦会 福岡中央病院,1,1,1,0,0,1,0,0,,,,,
1024538,山口内科医院,1,0,0,1,0,0,0,0,,,,,
1024959,医療法人守永クリニック,1,0,0,1,0,0,0,0,,,,,
1025303,桜十字大手門病院,1,0,0,1,0,0,0,0,,,,,
1025436,社会医療法人財団白十字会白十字病院,2,1,2,0,0,1,0,0,,,,,
1025600,吉村病院,1,1,1,0,0,0,1,0,,,,,
1025824,福岡ハートネット病院,1,1,0,1,0,0,1,0,,,,,
1118041,医療法人 おがた整形外科医院,0,1,0,0,0,0,0,1,,,,,
1118751,さくら病院,1,1,1,0,0,0,1,0,,,,,
1118819,医療法人社団誠和会 牟田病院,1,1,1,0,0,0,1,0,,,,,
1118835,医療法人めぐみ会秋山クリニック,1,1,0,1,0,0,1,0,,,,,
1119056,医療法人西福岡病院,1,1,1,0,0,0,1,0,,,,,
1119114,国家公務員共済組合連合会浜の町病院,3,2,2,0,0,2,0,0,,,,,
1119171,油山病院,1,0,0,1,0,0,0,0,,,,,
1119189,福岡県済生会福岡総合病院,3,2,3,0,0,1,1,0,,,,,
1119213,溝口外科整形外科病院,1,1,0,1,0,0,1,0,,,,,
1119239,長尾病院,1,1,1,0,0,0,1,0,,,,,
1119247,福岡記念病院,2,2,2,0,0,1,1,0,,,,,
1119288,医療法人弘医会 福岡鳥飼病院,1,1,0,1,0,0,1,0,,,,,
1119445,福岡大学病院,5,3,4,0,0,2,1,0,,,33755.0,12261.0,VERIFIED_NUMERIC
1119619,今津赤十字病院,1,0,1,0,0,0,0,0,,,,,
1119684,福岡和仁会病院,1,1,0,1,0,0,1,0,,,,,
1119742,社会医療法人福西会 福西会病院,1,1,1,0,0,0,1,0,,,,,
1119767,福岡リハビリテーション病院,2,1,1,1,0,0,1,0,,,,,
1119817,社会医療法人財団白十字会白十字リハビリテーション病院,1,0,0,1,0,0,0,0,,,,,
1119825,医療法人社団広仁会 広瀬病院,1,1,0,1,0,0,1,0,,,,,
1119882,重松クリニック,1,0,0,1,0,0,0,0,,,,,
1119932,博愛会病院,1,1,0,1,0,0,1,0,,,,,
1129386,茂木病院,1,0,1,0,0,0,0,0,,,,,
1129808,シーサイド病院,1,0,0,1,0,0,0,0,,,,,
1129865,福岡市立急患診療センター,1,0,1,0,0,0,0,0,,,,,
1212471,医療法人寺沢病院,1,0,0,1,0,0,0,0,,,,,
1213172,華笑クリニック,1,0,0,0,0,0,0,0,,,,,
1213271,医療法人堺整形外科医院 さかい内科クリニック,0,1,0,0,0,0,0,1,,,,,
1213420,医療法人堺整形外科医院　福岡スポーツクリニック,1,2,0,1,0,0,1,1,,,,,
1213487,医療法人南島整形外科,0,1,0,0,0,0,0,1,,,,,
1214204,南福岡脳神経外科病院,1,1,1,0,0,1,0,0,,,,,
1214253,福岡信和病院,1,0,0,1,0,0,0,0,,,,,
1214386,医療法人光川会 福岡脳神経外科病院,1,3,1,0,0,1,2,0,,,,,
1219138,那珂川病院,1,1,1,0,0,0,1,0,,,,,
1219187,福岡赤十字病院,4,2,3,1,0,1,1,0,,,,,
1219203,公立学校共済組合九州中央病院,2,2,2,0,0,1,1,0,,,,,
1219229,医療法人恵光会原病院,1,1,0,1,0,0,1,0,,,,,
1219278,医療法人社団村山循環器科内科医院,1,0,0,1,0,0,0,0,,,,,
1219344,中村病院,1,0,0,1,0,0,0,0,,,,,
1219401,医療法人光生会かなざわクリニック,1,0,0,0,0,0,0,0,,,,,
1219443,夫婦石病院,1,0,0,0,1,0,0,0,,,,,
1219492,医療法人にしだ内科内視鏡クリニック,1,0,1,0,0,0,0,0,,,,,
1219641,医療法人正弘会 南折立病院,1,0,0,1,0,0,0,0,,,,,
1410836,医療法人鵬志会 別府病院,1,0,0,1,0,0,0,0,,,,,
1410893,医療法人光宝 島本脳神経外科,1,1,0,1,0,0,1,0,,,,,
1419035,水城病院,1,0,0,1,0,0,0,0,,,,,
1419092,医療法人恵山会 丸山病院,1,0,0,1,0,0,0,0,,,,,
1519016,医療法人同仁会乙金病院,1,0,0,1,0,0,0,0,,,,,
1519255,医療法人文佑会 原病院,1,1,0,1,0,0,1,0,,,,,
1519354,街のひかり病院　ハピタル,1,0,0,1,0,0,0,0,,,,,
1529049,特定医療法人社団三光会誠愛リハビリテーション病院,1,0,0,1,0,0,0,0,,,,,
1529106,医療法人つくし会病院,1,0,0,1,0,0,0,0,,,,,
1611045,自衛隊福岡病院,1,1,1,0,0,0,1,0,,,,,
1611383,石津病院,1,0,0,1,0,0,0,0,,,,,
1619105,医療法人徳洲会福岡徳洲会病院,2,2,2,0,0,1,1,0,,,,,
1619170,医療法人春成会 樋口病院,1,0,1,0,0,0,0,0,,,,,
1619220,医療法人マインド伊原春日クリニック,1,0,0,1,0,0,0,0,,,,,
1619535,医療法人　祐志会　中村整形外科医院,0,1,0,0,0,0,0,1,,,,,
1711142,早瀬川医院,1,0,0,1,0,0,0,0,,,,,
1711464,社会医療法人 喜悦会 二日市那珂川病院,1,0,0,1,0,0,0,0,,,,,
1719020,福岡県済生会二日市病院,2,3,2,0,0,1,1,1,,,,,
1719129,福岡大学筑紫病院,2,2,2,0,0,1,1,0,,,,,
1719137,医療法人 小西第一病院,1,0,1,0,0,0,0,0,,,,,
1719194,医療法人文杏堂杉病院,1,0,0,1,0,0,0,0,,,,,
1719236,医療法人徳洲会 二日市徳洲会病院,1,0,0,1,0,0,0,0,,,,,
1719251,高山病院,1,0,0,1,0,0,0,0,,,,,
1819093,医療法人正明会 諸岡整形外科病院,1,1,0,1,0,0,1,0,,,,,
1819143,医療法人正明会 諸岡整形外科クリニック,0,1,0,0,0,0,0,1,,,,,
1819184,医療法人光竹会 ごう脳神経外科クリニック,1,1,1,0,0,0,1,0,,,,,
1819242,社会医療法人　喜悦会　ちくし那珂川病院,1,0,1,0,0,0,0,0,,,,,
2010890,医療法人社団昭友会たなかクリニック,1,0,0,1,0,0,0,0,,,,,
2019032,糸島医師会病院,1,1,1,0,0,0,1,0,,,,,
2019057,医療法人 至高会 舌間整形外科,1,1,0,1,0,0,1,0,,,,,
2019123,医療法人恵真会 渡辺整形外科病院,1,1,0,1,0,0,1,0,,,,,
2019149,医療法人 太田脳神経外科医院,1,1,0,1,0,0,1,0,,,,,
2019263,井上病院,1,1,1,0,0,0,1,0,,,,,
2019529,医療法人博仁会　福吉病院,1,0,0,1,0,0,0,0,,,,,
2119105,公立八女総合病院,2,1,2,0,0,1,0,0,,,,,
2119139,柳病院,1,1,1,0,0,0,1,0,,,,,
2119154,医療法人正慈会 草場内科循環器科医院,1,0,0,1,0,0,0,0,,,,,
2119162,医療法人社団慶仁会 川崎病院,1,1,1,0,0,1,0,0,,,,,
2119170,八女リハビリ病院,1,0,0,1,0,0,0,0,,,,,
2215630,医療法人社団いしい 大手町クリニック,1,0,1,0,0,0,0,0,,,,,
2218063,医療法人オーエヌシー岡田脳神経外科医院,1,1,0,1,0,0,0,1,,,,,
2219012,久留米大学病院,6,3,4,0,0,3,0,0,,,30899.0,14527.0,VERIFIED_NUMERIC
2219038,社会医療法人雪の聖母会聖マリア病院,3,3,3,0,0,2,1,0,,,,,
2219103,久留米リハビリテーション病院,1,1,0,1,0,0,1,0,,,,,
2219111,独立行政法人地域医療機能推進機構 久留米総合病院,1,1,1,0,0,1,0,0,,,,,
2219194,医療法人日新会 久留米記念病院,1,0,0,1,0,0,0,0,,,,,
2219228,医療法人楠病院,1,0,1,0,0,0,0,0,,,,,
2219251,医療法人社団堀川会堀川病院,1,1,0,1,0,0,1,0,,,,,
2219277,くるめ病院,1,0,0,1,0,0,0,0,,,,,
2219467,社会医療法人天神会　古賀病院２１,2,2,1,1,0,0,2,0,,,,,
2219558,ツジ胃腸内科医院,1,1,0,1,0,0,0,1,,,,,
2219582,村岡外科医院,1,0,0,1,0,0,0,0,,,,,
2219608,久留米大学医療センター,1,1,1,0,0,1,0,0,,,,,
2219780,医療法人松風海 内藤病院,1,0,1,0,0,0,0,0,,,,,
2219798,医療法人蔦の会 たなか病院,1,0,0,1,0,0,0,0,,,,,
2219830,社会医療法人天神会新古賀病院,2,3,2,0,0,1,2,0,,,,,
2311017,地方独立行政法人筑後市立病院,1,1,1,0,0,0,1,0,,,,,
2311033,小林レディースクリニック,1,0,0,0,0,0,0,0,,,,,
2319028,医療法人清友会 植田病院,1,0,0,1,0,0,0,0,,,,,
2411239,クリニックコスモ,1,0,0,1,0,0,0,0,,,,,
2419075,甘木中央病院,1,1,1,0,0,0,1,0,,,,,
2419166,医療法人社団医王会 朝倉健生病院,1,1,1,0,0,0,1,0,,,,,
2419216,医療法人かつき会 香月病院,1,0,0,1,0,0,0,0,,,,,
2419240,朝倉医師会病院,2,1,1,0,1,0,1,0,,,,,
2519049,医療法人 社団高邦会 高木病院,5,1,5,0,0,1,0,0,,,,,
2610442,栗田耳鼻咽喉科,1,0,0,0,0,0,0,0,,,,,
2610848,医療法人オアシス 福岡志恩病院,1,1,0,1,0,0,1,0,,,,,
2619120,嶋田病院,1,1,1,0,0,1,0,0,,,,,
2619179,聖和記念病院,1,0,0,1,0,0,0,0,,,,,
2619195,本間病院,1,0,1,0,0,0,0,0,,,,,
2619286,医療法人協和病院,1,0,0,1,0,0,0,0,,,,,
2619369,医療法人海邦会 松崎記念病院,1,0,0,1,0,0,0,0,,,,,
2619385,社会医療法人　天神会　新古賀リハビリテーション病院みらい,1,0,1,0,0,0,0,0,,,,,
2710085,ゆうかり医療療育センター,1,0,0,1,0,0,0,0,,,,,
2710135,医療法人 吉村病院,1,0,0,1,0,0,0,0,,,,,
2710291,神代病院,1,1,1,0,0,0,1,0,,,,,
2710465,安本病院,1,1,0,1,0,0,1,0,,,,,
2711661,弥永協立病院,1,0,0,1,0,0,0,0,,,,,
2711943,聖マリアヘルスケアセンター,1,0,0,1,0,0,0,0,,,,,
2712354,医療法人福岡桜十字　花畑病院,1,0,0,1,0,0,0,0,,,,,
2712388,日高大腸肛門クリニック,1,0,0,1,0,0,0,0,,,,,
2712743,富田病院,1,0,0,1,0,0,0,0,,,,,
3119021,太刀洗病院,1,0,0,1,0,0,0,0,,,,,
3119120,医療法人日新会 稲永病院,1,0,0,1,0,0,0,0,,,,,
3319142,筑後川温泉病院,1,1,0,1,0,0,0,1,,,,,
3510948,江本ニーアンドスポーツクリニック,0,1,0,0,0,0,0,1,,,,,
3510955,医療法人繁桜会　馬場病院,1,1,1,0,0,1,0,0,,,,,
3519089,姫野病院,1,1,1,0,0,0,1,0,,,,,
3519170,横田病院,1,0,0,1,0,0,0,0,,,,,
3529054,医療法人 広川病院,1,0,0,1,0,0,0,0,,,,,
4219424,ヨコクラ病院,1,1,1,0,0,1,0,0,,,,,
4319034,長田病院,1,1,1,0,0,0,1,0,,,,,
4319091,柳川リハビリテーション病院,1,1,0,1,0,0,1,0,,,,,
4319406,医療法人津留医院,1,0,0,1,0,0,0,0,,,,,
4319414,一般財団法人医療・介護・教育研究財団柳川病院,1,1,1,0,0,0,1,0,,,,,
4329058,医療法人 金子病院,1,0,0,1,0,0,0,0,,,,,
4329140,医療法人柳川滋恵会 甲斐田医院,1,0,0,1,0,0,0,0,,,,,
4413944,落合脳神経外科医院,1,1,0,1,0,0,0,1,,,,,
4414330,菅原病院,1,0,0,1,0,0,0,0,,,,,
4414405,大牟田中央病院,1,1,0,1,0,0,1,0,,,,,
4414462,医療法人慶潤会坂本内科医院,1,0,0,1,0,0,0,0,,,,,
4419032,医療法人静光園白川病院,1,0,0,1,0,0,0,0,,,,,
4419065,医療法人くさかべ病院,1,0,0,1,0,0,0,0,,,,,
4419123,みさき病院,1,0,0,1,0,0,0,0,,,,,
4419164,福岡県済生会大牟田病院,1,1,1,0,0,0,1,0,,,,,
4419172,米の山病院,1,1,1,0,0,0,1,0,,,,,
4419206,南大牟田病院,1,0,0,1,0,0,0,0,,,,,
4419255,医療法人山下医院,1,0,0,1,0,0,0,0,,,,,
4419339,医療法人完光会 今野病院,1,0,0,1,0,0,0,0,,,,,
4419412,医療法人冨松記念会 三池病院,1,0,0,1,0,0,0,0,,,,,
4419446,医療法人悠久会 大牟田共立病院,1,0,0,1,0,0,0,0,,,,,
4419552,医療法人春日医院,1,0,0,1,0,0,0,0,,,,,
4419602,医療法人石橋整形外科医院,1,0,0,0,0,0,0,0,,,,,
4419644,杉循環器科内科病院,1,0,0,1,0,0,0,0,,,,,
4419735,医療法人恒生堂永田整形外科病院,1,1,1,0,0,0,1,0,,,,,
4419750,社会保険大牟田天領病院,1,1,1,0,0,0,1,0,,,,,
4419768,医療法人けんこう兼行病院,1,0,0,1,0,0,0,0,,,,,
4419800,医療法人メディカルキューブ平井外科産婦人科,1,0,0,1,0,0,0,0,,,,,
4419958,大牟田市立病院,3,1,2,0,1,1,0,0,,,,,
4419982,医療法人藤本整形外科医院,0,1,0,0,0,0,0,1,,,,,
5111182,地方独立行政法人くらて病院,1,1,1,0,0,0,1,0,,,,,
5119045,小竹町立病院,1,0,0,1,0,0,0,0,,,,,
5311410,地方独立行政法人 川崎町立病院,1,0,1,0,0,0,0,0,,,,,
5319157,糸田町立緑ケ丘病院,1,0,0,1,0,0,0,0,,,,,
5319173,松本病院,1,1,0,1,0,0,1,0,,,,,
5319322,医療法人田中整形外科医院,0,1,0,0,0,0,0,1,,,,,
5319462,医療法人 中山医院,1,0,0,1,0,0,0,0,,,,,
5329206,田川慈恵病院,1,0,0,1,0,0,0,0,,,,,
5419015,社会保険直方病院,1,1,1,0,0,0,1,0,,,,,
5419031,独立行政法人地域医療機能推進機構 福岡ゆたか中央病院,2,1,2,0,0,1,0,0,,,,,
5419122,高山病院,1,0,0,1,0,0,0,0,,,,,
5419221,医療法人高橋内科クリニック,1,0,0,1,0,0,0,0,,,,,
5419247,医療法人一寿会 西尾病院,1,1,0,1,0,0,0,1,,,,,
5512918,三宅脳神経外科病院,1,1,1,0,0,0,1,0,,,,,
5519129,社会保険二瀬病院,1,0,0,1,0,0,0,0,,,,,
5519145,飯塚病院,5,4,4,0,0,1,3,0,,,45486.0,11800.0,VERIFIED_NUMERIC
5519160,独立行政法人労働者健康安全機構総合せき損センター,2,1,0,1,0,0,1,0,,,,,
5519186,医療法人社団親和会 共立病院,1,0,0,1,0,0,0,0,,,,,
5519418,医療法人梶原内科医院,1,0,0,0,1,0,0,0,,,,,
5519434,医療法人中野医院,1,0,0,1,0,0,0,0,,,,,
5519541,医療法人洗心会 児嶋病院,1,1,0,1,0,0,1,0,,,,,
5519616,社会福祉法人恩賜財団済生会支部　福岡県済生会飯塚嘉穂病院,1,1,1,0,0,0,1,0,,,,,
5519624,医療法人 裕和会 おおやぶクリニック,1,0,0,1,0,0,0,0,,,,,
5519681,医療法人博愛会 頴田病院,1,0,0,1,0,0,0,0,,,,,
5519699,飯塚市立病院,1,1,1,0,0,0,1,0,,,,,
5611561,医療法人鷹ノ羽会 村上外科病院,1,1,0,1,0,0,0,1,,,,,
5619028,一本松すずかけ病院,1,0,0,0,1,0,0,0,,,,,
5619051,社会保険田川病院,3,1,2,1,0,0,1,0,,,,,
5619432,社会福祉法人柏芳会田川新生病院,1,0,0,1,0,0,0,0,,,,,
5629118,田川市立病院,1,1,1,0,0,0,1,0,,,,,
5719018,嘉麻赤十字病院,1,1,0,1,0,0,0,1,,,,,
5719166,社会保険稲築病院,1,0,0,1,0,0,0,0,,,,,
5810098,鞍手共立病院,1,0,0,1,0,0,0,0,,,,,
5810155,医療法人安倍病院,1,0,0,1,0,0,0,0,,,,,
5810163,医療法人相生会 宮田病院,1,1,1,0,0,0,1,0,,,,,
5810270,医療法人笠松会有吉病院,1,0,0,1,0,0,0,0,,,,,
6111298,遠賀中間医師会おかがき病院,1,0,0,1,0,0,0,0,,,,,
6111363,遠賀中間医師会おんが病院,1,1,1,0,0,0,1,0,,,,,
6119176,医療法人正周会 水巻共立病院,1,0,0,0,1,0,0,0,,,,,
6119275,医療法人羅寿久会 浅木病院,1,1,0,1,0,0,0,1,,,,,
6119333,医療法人健愛会 健愛記念病院,1,1,1,0,0,0,1,0,,,,,
6119424,水北第一病院,1,0,0,1,0,0,0,0,,,,,
6119523,福岡新水巻病院,2,2,1,1,0,1,1,0,,,,,
6219075,医療法人中村整形外科医院,0,2,0,0,0,0,1,1,,,,,
6419139,社会医療法人共愛会 戸畑共立病院,5,2,2,1,0,2,0,0,,,10323.0,4786.0,VERIFIED_NUMERIC
6419162,戸畑けんわ病院,1,0,0,1,0,0,0,0,,,,,
6419188,天神クリニック,1,0,0,0,1,0,0,0,,,,,
6419212,戸畑総合病院,1,1,1,0,0,1,0,0,,,,,
6419337,戸畑リハビリテーション病院,1,0,0,1,0,0,0,0,,,,,
6519359,青葉台病院,1,0,0,1,0,0,0,0,,,,,
6519490,芳野病院,1,0,1,0,0,0,0,0,,,,,
6519516,医療法人鈴木眼科クリニック,1,0,0,0,1,0,0,0,,,,,
6519540,産業医科大学若松病院,1,1,1,0,0,1,0,0,,,,,
6616304,東筑病院,1,1,0,1,0,0,1,0,,,,,
6616544,丘ノ規病院,1,0,0,1,0,0,0,0,,,,,
6616650,新生会病院,1,1,1,0,0,0,1,0,,,,,
6616809,医療法人ふらて会 西野病院,1,1,1,0,0,0,0,1,,,,,
6616965,医療法人しょうわ会　フェリシア福岡病院,1,1,0,1,0,0,1,0,,,,,
6617013,製鉄記念八幡病院,3,2,2,1,0,1,1,0,,,,,
6617179,医療法人社団黒崎整形外科病院,1,1,0,1,0,0,1,0,,,,,
6617427,八幡西病院,1,0,0,0,0,0,0,0,,,,,
6617609,医療法人健美会佐々木病院,1,0,0,1,0,0,0,0,,,,,
6619050,社会福祉法人恩賜財団済生会支部福岡県済生会 八幡総合病院,1,1,1,0,0,1,0,0,,,,,
6619175,独立行政法人地域医療機能推進機構 九州病院,5,2,4,1,0,1,1,0,,,23186.0,6880.0,VERIFIED_NUMERIC
6619217,産業医科大学病院,5,3,5,0,0,3,0,0,,,26737.0,8799.0,VERIFIED_NUMERIC
6619225,大平メディカルケア病院,1,0,0,1,0,0,0,0,,,,,
6619274,医療法人社団誠心会 萩原中央病院,1,0,1,0,0,0,0,0,,,,,
6619282,北九州八幡東病院,1,0,0,1,0,0,0,0,,,,,
6619332,医療法人財団はまゆう会新王子病院,1,0,0,1,0,0,0,0,,,,,
6619969,医療法人香林会 香月中央病院,1,0,0,1,0,0,0,0,,,,,
6626402,医療法人 桜クリニック,0,1,0,0,0,0,1,0,,,,,
6629802,八幡慈恵病院,1,0,0,1,0,0,0,0,,,,,
6710925,北九州市立八幡病院,3,1,3,0,0,0,1,0,,,,,
6711006,医療法人はるか 聖ヨハネ病院,1,1,0,1,0,0,1,0,,,,,
7219066,医療法人けやき会 東病院,1,0,0,1,0,0,0,0,,,,,
7319023,京都病院,1,0,0,1,0,0,0,0,,,,,
7319031,健和会 京町病院,1,0,0,1,0,0,0,0,,,,,
7319072,社会医療法人 陽明会 小波瀬病院,1,1,1,0,0,0,1,0,,,,,
7319189,社会医療法人陽明会御所病院,1,0,0,1,0,0,0,0,,,,,
7419021,医療法人社団豊和会 豊前病院,1,0,0,1,0,0,0,0,,,,,
7519028,医療法人起生会大原病院,1,0,0,1,0,0,0,0,,,,,
7519184,医療法人行橋クリニック,1,0,0,1,0,0,0,0,,,,,
7519200,医療法人敬愛会 新田原聖母病院,1,1,0,1,0,0,0,1,,,,,
7519242,新行橋病院,2,2,2,0,0,1,1,0,,,,,
7519283,医療法人森和会 行橋中央病院,1,0,0,1,0,0,0,0,,,,,
7529068,行橋厚生病院,1,0,0,1,0,0,0,0,,,,,
7619026,公益社団法人日本海員掖済会 門司掖済会病院,1,1,1,0,0,0,1,0,,,,,
7619067,北九州市立門司病院,1,0,1,0,0,0,0,0,,,,,
7619141,医療法人社団響会緑ケ丘病院,1,0,0,1,0,0,0,0,,,,,
7619166,独立行政法人労働者健康安全機構 九州労災病院門司メディカルセンター,1,1,1,0,0,0,1,0,,,,,
7619398,医療法人大里クリニック,1,0,0,1,0,0,0,0,,,,,
7619869,新小文字病院,2,3,2,0,0,1,2,0,,,,,
7619877,晴山会クリニック,1,0,0,1,0,0,0,0,,,,,
7619893,医療法人若葉会 九州鉄道記念病院,1,1,1,0,0,0,1,0,,,,,
7716921,東和病院,1,1,1,0,0,0,1,0,,,,,
7717101,小倉きふね病院,1,1,0,1,0,0,0,1,,,,,
7717440,医療法人岩本内科医院,1,0,0,1,0,0,0,0,,,,,
7718190,北九州市立総合療育センター,1,0,1,0,0,0,0,0,,,,,
7718695,山崎リゾートクリニック,2,0,1,1,0,0,0,0,,,,,
7719016,独立行政法人労働者健康安全機構 九州労災病院,3,2,2,0,0,2,0,0,,,,,
7719073,小倉中井病院,1,0,0,1,0,0,0,0,,,,,
7719107,南ケ丘病院,1,0,0,1,0,0,0,0,,,,,
7719131,三萩野病院,1,1,1,0,0,0,1,0,,,,,
7719149,国家公務員共済組合連合会新小倉病院,1,1,1,0,0,0,1,0,,,,,
7719230,小倉リハビリテーション病院,1,0,0,1,0,0,0,0,,,,,
7719289,医療法人社団響会 前田病院,1,0,0,1,0,0,0,0,,,,,
7719362,慈恵曽根病院,1,0,0,1,0,0,0,0,,,,,
7719420,健和会大手町病院,2,2,2,0,0,0,2,0,,,,,
7719461,北九州湯川病院,1,0,0,1,0,0,0,0,,,,,
7719487,北九州中央病院,1,0,0,1,0,0,0,0,,,,,
7719495,霧ヶ丘 つだ病院,1,0,1,0,0,0,0,0,,,,,
7719537,小倉南メディカルケア病院,1,0,0,1,0,0,0,0,,,,,
7729049,新栄会病院,1,0,0,1,0,0,0,0,,,,,
7810377,上曽根病院,1,1,0,1,0,0,1,0,,,,,
7810393,医療法人あさひ松本病院,1,0,0,1,0,0,0,0,,,,,
7811110,坂本クリニック耳鼻咽喉科,1,0,1,0,0,0,0,0,,,,,
7910219,小倉到津病院,1,0,0,0,1,0,0,0,,,,,
7910490,北九州小倉病院,1,0,0,1,0,0,0,0,,,,,
7910631,小倉記念病院,5,3,4,1,0,2,1,0,,,26817.0,11646.0,VERIFIED_NUMERIC
7910896,公立大学法人 九州歯科大学附属病院,1,1,0,1,0,0,1,0,,,,,
7911597,大手町リハビリテーション病院,1,0,0,1,0,0,0,0,,,,,
7911951,北九州総合病院,3,2,2,1,0,1,1,0,,,,,
7912132,北九州市立医療センター,3,2,2,1,0,1,1,0,,,,,
9819897,九州大学病院,8,6,8,0,0,5,1,0,,,33254.0,14639.0,VERIFIED_NUMERIC
9919804,独立行政法人国立病院機構福岡東医療センター,3,2,3,0,0,0,2,0,,,,,
9919911,独立行政法人国立病院機構九州がんセンター,5,1,4,1,0,0,1,0,,,,,
9919929,独立行政法人国立病院機構九州医療センター,7,3,3,3,1,2,1,0,,,27458.0,10507.0,VERIFIED_NUMERIC
9919937,独立行政法人国立病院機構福岡病院,1,0,1,0,0,0,0,0,,,,,
9919960,独立行政法人国立病院機構大牟田病院,1,1,1,0,0,1,0,0,,,,,
9919986,独立行政法人国立病院機構小倉医療センター,1,1,1,0,0,0,1,0,,,,,
1219179,福岡整形外科病院,1,2,1,0,0,1,1,0,,,,,
0111836,一般財団法人弘潤会 野崎病院,1,1,1,0,0,1,0,0,,,,,
0112560,医療法人社団紘和会 平和台病院,1,1,1,0,0,0,0,1,,,,,
0113113,宮崎医療センター病院,1,0,1,0,0,0,0,0,,,,,
0113485,潤和会記念病院,1,2,1,0,0,2,0,0,,,,,
0113683,医療法人社団明仁会 定永耳鼻咽喉科医院,1,0,0,0,0,0,0,0,,,,,
0114145,医療法人社団誠和会 藤木病院,3,0,0,1,0,0,0,0,,,,,
0114350,迫田病院,1,0,0,1,0,0,0,0,,,,,
0114368,医療法人社団仁和会 竹内病院,1,0,0,0,1,0,0,0,,,,,
0114376,医療法人雅会 河野整形外科,0,1,0,0,0,0,0,1,,,,,
0114608,稲倉医院,1,0,0,1,0,0,0,0,,,,,
0114855,一般財団法人弘潤会 野崎東病院,1,1,1,0,0,0,1,0,,,,,
0115043,古賀総合病院,2,1,1,0,1,1,0,0,,,,,
0115134,南部病院,1,0,1,0,0,0,0,0,,,,,
0115654,金丸脳神経外科病院,1,1,1,0,0,1,0,0,,,,,
0115985,医療法人陽明会 増田病院,1,0,0,0,1,0,0,0,,,,,
0116280,医療法人将優会 クリニックうしたに,1,0,0,1,0,0,0,0,,,,,
0116306,獅子目整形外科病院,1,0,0,1,0,0,0,0,,,,,
0116413,医療法人社団尚成会 近間病院,1,0,0,0,0,0,0,0,,,,,
0116819,宮崎生協病院,1,0,1,0,0,0,0,0,,,,,
0116975,宮崎善仁会病院,2,2,2,0,0,1,1,0,,,,,
0117247,医療法人常伸会 亀山記念クリニック,1,0,0,1,0,0,0,0,,,,,
0117700,宮元整形外科,0,1,0,0,0,0,1,0,,,,,
0117858,辰元病院,1,0,0,0,1,0,0,0,,,,,
0117916,宮崎市立田野病院,1,1,0,1,0,0,0,1,,,,,
0117932,医療法人社団Ms 宮永ＥＮＴクリニック,1,0,0,0,0,0,0,0,,,,,
0118229,駒柵脳神経外科,1,1,0,1,0,0,1,0,,,,,
0118443,医療法人清涼会 いきめ大腸・肛門外科内科,1,0,1,0,0,0,0,0,,,,,
0118575,医療法人社団城山病院,1,0,0,1,0,0,0,0,,,,,
0118757,上田脳神経外科,1,1,0,1,0,1,0,0,,,,,
0119441,医療法人社団康仁会 　猪島医院,1,0,0,0,0,0,0,0,,,,,
0119706,なかしま外科・内科,1,0,0,1,0,0,0,0,,,,,
0120175,南宮崎ヤマモト腎泌尿器科,1,0,0,1,0,0,0,0,,,,,
0120241,宮崎市郡医師会病院,2,1,2,0,0,1,0,0,,,,,
0120399,医療法人聖美会青島リゾートクリニック,1,0,0,1,0,0,0,0,,,,,
0120407,医療法人山笑会はるやま医院,1,0,0,1,0,0,0,0,,,,,
0211107,医療法人明成会 吉松病院,1,0,0,1,0,0,0,0,,,,,
0211164,宗正病院,1,0,0,1,0,0,0,0,,,,,
0211354,医療法人三省会 倉内整形外科病院,0,1,0,0,0,0,1,0,,,,,
0211651,都城明生病院,1,0,0,1,0,0,0,0,,,,,
0211677,医療法人社団牧会 小牧病院,1,1,0,1,0,0,0,1,,,,,
0211842,宮永病院,1,0,1,0,0,0,0,0,,,,,
0211925,西浦病院,1,0,0,0,1,0,0,0,,,,,
0211933,医療法人倫生会 三州病院,1,0,1,0,0,0,0,0,,,,,
0211966,医療法人仁愛会 横山病院,1,0,1,0,0,0,0,0,,,,,
0212154,医療法人社団恵心会 坂元医院,1,0,0,1,0,0,0,0,,,,,
0212295,柳田病院,0,1,0,0,0,0,1,0,,,,,
0212634,飯田整形外科クリニック,1,1,0,0,1,0,0,1,,,,,
0212659,医療法人社団森山内科・脳神経外科,1,1,1,0,0,1,0,0,,,,,
0212691,メディカルシティ東部病院,1,1,1,0,0,1,0,0,,,,,
0212717,医療法人海誠会 庄内医院,0,1,0,0,0,0,0,1,,,,,
0212865,有川呼吸器内科医院,1,0,0,1,0,0,0,0,,,,,
0212881,藤元上町病院,1,1,1,0,0,0,1,0,,,,,
0212980,野口脳神経外科,1,2,0,1,0,0,2,0,,,,,
0212998,医療法人清和会 共立医院,1,0,0,1,0,0,0,0,,,,,
0213103,医療法人清陵会隅病院,1,0,0,1,0,0,0,0,,,,,
0213129,海老原内科,1,0,0,1,0,0,0,0,,,,,
0213145,佐々木医院,1,0,0,0,0,0,0,0,,,,,
0213285,橘病院,1,1,0,1,0,0,1,0,,,,,
0213350,池之上整形外科,0,1,0,0,0,0,0,1,,,,,
0213517,都城市郡医師会病院,2,2,2,0,0,2,0,0,,,,,
0213582,ライフクリニック,1,0,0,1,0,0,0,0,,,,,
0213780,医療法人社団清風会 清風会クリニック,1,0,0,1,0,0,0,0,,,,,
0310818,谷村病院,0,1,0,0,0,0,0,1,,,,,
0310859,延岡リハビリテーション病院,1,0,0,1,0,0,0,0,,,,,
0311659,岡村病院,1,1,0,1,0,0,0,1,,,,,
0311741,杉本病院,1,0,0,1,0,0,0,0,,,,,
0311980,医療法人中心会 野村病院,1,0,0,1,0,0,0,0,,,,,
0312079,医療法人 芳清会 大崎整形外科,1,0,1,0,0,0,0,0,,,,,
0312095,黒木病院,2,0,1,1,0,0,0,0,,,,,
0312178,延岡市医師会病院,1,1,1,0,0,1,0,0,,,,,
0312277,あたご整形外科,0,1,0,0,0,0,0,1,,,,,
0312376,医療法人久康会 平田東九州病院,1,1,1,0,0,0,1,0,,,,,
0312707,医療法人伸和会延岡共立病院,1,1,1,0,0,0,1,0,,,,,
0410956,河野医院,2,0,0,1,0,0,0,0,,,,,
0411103,医療法人慶明会 おび中央病院,1,0,0,1,0,0,0,0,,,,,
0411111,なんごう病院,1,0,1,0,0,0,0,0,,,,,
0411178,日南市立中部病院,1,0,1,0,0,0,0,0,,,,,
0411293,春光会記念病院,1,0,0,1,0,0,0,0,,,,,
0510284,医療法人養気会池井病院,1,0,1,0,0,0,0,0,,,,,
0510334,池田病院,1,1,1,0,0,0,1,0,,,,,
0510375,医療法人東陽会整形外科前原病院,1,1,1,0,0,0,0,1,,,,,
0510581,医療法人連理会 和田クリニック,1,0,0,1,0,0,0,0,,,,,
0510631,医療法人友光会 整形外科押領司病院,1,1,0,1,0,0,1,0,,,,,
0510839,小林市立病院,1,1,1,0,0,0,1,0,,,,,
0510946,医療法人友愛会野尻中央病院,1,1,0,1,0,0,0,1,,,,,
0510987,医療法人 けんゆう会 園田病院,1,1,1,0,0,0,1,0,,,,,
0510995,槇内視鏡内科医院,1,0,0,1,0,0,0,0,,,,,
0610449,医療法人 誠和会和田病院,1,1,1,0,0,1,0,0,,,,,
0610605,医療法人洋承会 今給黎医院,1,0,1,0,0,0,0,0,,,,,
0610746,医療法人天生堂 天生堂医院,1,0,0,1,0,0,0,0,,,,,
0610969,社会医療法人泉和会千代田病院,1,1,1,0,0,0,1,0,,,,,
0710124,医療法人十善会 県南病院,1,0,1,0,0,0,0,0,,,,,
0710298,串間市民病院,1,1,1,0,0,0,1,0,,,,,
0810148,医療法人恵喜会 西都病院,1,0,0,1,0,0,0,0,,,,,
0810361,隆徳会 鶴田病院,1,1,1,0,0,0,1,0,,,,,
0810668,大塚病院,1,0,0,1,0,0,0,0,,,,,
0810767,地方独立行政法人西都児湯医療センター,1,1,0,1,0,0,1,0,,,,,
0910211,えびの市立病院,1,0,0,1,0,0,0,0,,,,,
0910567,医療法人えびのセントロクリニック,1,1,0,1,0,0,0,1,,,,,
0910609,京町温泉クリニック,1,0,0,1,0,0,0,0,,,,,
0910666,医療法人芳徳会京町共立クリニック,1,1,0,1,0,0,0,1,,,,,
1810220,川井田医院,1,0,0,1,0,0,0,0,,,,,
1810279,国民健康保険高原病院,1,0,0,1,0,0,0,0,,,,,
1910681,海老原病院,1,0,0,1,0,0,0,0,,,,,
1910715,社会医療法人慶明会けいめい記念病院,1,0,1,0,0,0,0,0,,,,,
2010382,都農町国民健康保険病院,1,0,0,1,0,0,0,0,,,,,
2010804,医療法人社団聖山会川南病院,1,1,1,0,0,1,0,0,,,,,
2010812,医療法人山仁会 山口整形外科,1,1,0,1,0,0,0,1,,,,,
2011026,海老原総合病院,1,1,1,0,0,0,1,0,,,,,
2011265,坂田病院,1,0,0,1,0,0,0,0,,,,,
2110125,椎葉村国民健康保険病院,1,0,0,1,0,0,0,0,,,,,
2110638,美郷町国民健康保険西郷病院,1,0,0,1,0,0,0,0,,,,,
2110687,国民健康保険諸塚診療所,1,0,0,1,0,0,0,0,,,,,
8010014,独立行政法人国立病院機構宮崎東病院,1,1,1,0,0,0,1,0,,,,,
8010022,独立行政法人国立病院機構都城医療センター,2,1,1,1,0,0,1,0,,,,,
8010048,独立行政法人国立病院機構宮崎病院,1,1,1,0,0,0,1,0,,,,,
8010063,宮崎大学医学部附属病院,6,3,4,1,0,3,0,0,,,12244.0,5021.0,VERIFIED_NUMERIC
8110020,県立宮崎病院,6,2,4,1,0,2,0,0,,,19268.0,4741.0,VERIFIED_NUMERIC
8110038,独立行政法人地域医療機能推進機構 宮崎江南病院,2,2,1,0,1,1,1,0,,,,,
8110087,宮崎県立延岡病院,2,1,2,0,0,1,0,0,,,,,
8110103,県立日南病院,1,1,1,0,0,1,0,0,,,,,
8110194,宮崎県済生会日向病院,1,1,1,0,0,0,1,0,,,,,
0119805,慈英病院,1,0,0,1,0,0,0,0,,,,,
0610118,医療法人杏林会三股病院,1,0,0,1,0,0,0,0,,,,,
2110281,医療法人浩洋会田中病院,1,0,0,1,0,0,0,0,,,,,
2210362,日之影町国民健康保険病院,1,0,0,1,0,0,0,0,,,,,
2210388,高千穂町国民健康保険病院,1,1,0,1,0,0,1,0,,,,,
0112489,医療法人愛全病院,1,0,0,1,0,0,0,0,2016-03-01,,,,
0113420,札幌中央病院,1,1,1,0,0,0,1,0,2022-12-01,,,,
0113685,札幌南一条病院,1,0,0,1,0,0,0,0,2015-09-01,,,,
0113719,ＮＴＴ東日本札幌病院,2,1,2,0,0,0,1,0,2023-03-01,,,,
0113982,医療法人社団正心会 岡本病院,1,0,0,1,0,0,0,0,2023-09-01,,,,
0114121,札幌西円山病院,1,1,0,1,0,0,1,0,2022-04-01,,,,
0114790,社会医療法人 医仁会 中村記念病院,2,4,0,2,0,1,3,0,2022-08-01,,9305.0,24335.0,VERIFIED_NUMERIC
0114865,医療法人社団いとう整形外科病院,1,1,0,1,0,0,1,0,2015-01-01,,,,
0115813,医療法人萬田記念病院,1,0,1,0,0,0,0,0,2012-04-01,,,,
0116258,ＪＡ北海道厚生連札幌厚生病院,4,2,2,2,0,1,1,0,2026-06-01,MEDIUM_2026_STANDARD_START,19389.0,6481.0,VERIFIED_NUMERIC
0116381,市立札幌病院,3,2,3,0,0,1,1,0,2026-06-01,MEDIUM_2026_STANDARD_START,,,
0116514,医療法人讃生会 宮の森記念病院,1,1,1,0,0,0,0,1,2025-10-01,,,,
0116589,医療法人桑園中央病院,1,0,0,1,0,0,0,0,2012-05-01,,,,
0117207,医療法人社団 土田病院,1,0,1,0,0,0,0,0,2022-04-01,,,,
0117702,医療法人社団清和会 南札幌病院,1,0,0,1,0,0,0,0,2018-01-01,,,,
0117785,医療法人資生会創成東病院,1,0,0,1,0,0,0,0,2021-04-01,,,,
0118460,札幌南三条病院,2,1,2,0,0,0,1,0,2018-06-01,,,,
0118593,医療法人藻友会 札幌いしやま病院,1,0,0,1,0,0,0,0,2025-10-01,,,,
0118643,札幌循環器病院,1,0,1,0,0,0,0,0,2012-04-01,,,,
0119385,札幌医科大学附属病院,4,5,3,1,0,2,3,0,2026-04-01,MEDIUM_2026_STANDARD_START,28264.0,13844.0,VERIFIED_NUMERIC
0212891,松田整形外科記念病院,1,1,0,1,0,0,1,0,2022-07-01,,,,
0213048,社会医療法人延山会 北成病院,1,0,0,1,0,0,0,0,2012-04-01,,,,
0213154,医療法人 新川新道整形外科病院,1,1,0,1,0,0,0,1,2022-01-01,,,,
0213873,医療法人徳洲会 札幌東徳洲会病院,4,2,3,1,0,1,1,0,2025-08-01,,30710.0,6887.0,VERIFIED_NUMERIC
0214350,医療法人社団英仁会 札苗病院,1,0,0,1,0,0,0,0,2012-06-01,,,,
0214947,医療法人社団 札幌百合の会病院,1,0,0,1,0,0,0,0,2013-03-01,,,,
0215613,社会医療法人 耳鼻咽喉科麻生病院,1,0,1,0,0,0,0,0,2025-06-01,,,,
0215779,医療法人彰和会 北海道消化器科病院,1,1,1,0,0,0,1,0,2025-05-01,,,,
0216116,医療法人社団札幌道都病院,1,1,1,0,0,0,1,0,2023-07-01,,,,
0216546,社会医療法人社団愛心館 愛心メモリアル病院,1,0,1,0,0,0,0,0,2026-01-01,MEDIUM_2026_STANDARD_START,,,
0217759,天使病院,1,1,1,0,0,0,1,0,2021-07-01,,,,
0219771,札幌心臓血管クリニック,3,1,3,0,0,0,1,0,2024-03-01,,,,
0219789,勤医協中央病院,2,1,2,0,0,0,1,0,2022-10-01,,,,
0310406,ＫＫＲ札幌医療センター,3,2,2,1,0,1,1,0,2026-06-01,MEDIUM_2026_STANDARD_START,,,
0314705,医療法人尚仁会 真栄病院,1,0,0,1,0,0,0,0,2013-10-01,,,,
0314986,医療法人 五輪橋整形外科病院,1,1,0,1,0,0,0,1,2025-10-01,,,,
0315249,西岡病院,1,0,1,0,0,0,0,0,2022-04-01,,,,
0315256,医療法人讃生会　月寒あい病院,1,0,0,1,0,0,0,0,2026-05-01,MEDIUM_2026_STANDARD_START,,,
0315637,社会医療法人三樹会  三樹会泌尿器科病院,1,0,0,1,0,0,0,0,2025-10-01,,,,
0316197,新札幌循環器病院,1,0,1,0,0,0,0,0,2022-11-01,,,,
0316387,社会医療法人蘭友会 札幌里塚病院,1,1,1,0,0,1,0,0,2018-07-01,,,,
0316676,社会医療法人貞仁会　新札幌ひばりが丘病院,1,1,1,0,0,0,0,1,2023-03-01,,,,
0317005,医療法人三和会 札幌南整形外科病院,1,2,0,1,0,0,1,1,2018-10-01,,,,
0317013,社会医療法人 札幌清田整形外科病院,1,1,0,1,0,0,1,0,2017-02-01,,,,
0317120,独立行政法人地域医療機能推進機構札幌北辰病院,2,1,2,0,0,0,1,0,2026-04-01,MEDIUM_2026_STANDARD_START,,,
0317286,医療法人東札幌病院,1,1,1,0,0,0,1,0,2018-11-01,,,,
0317732,医療法人社団北樹会病院,1,0,0,1,0,0,0,0,2013-03-01,,,,
0318151,医療法人為久会 札幌共立五輪橋病院,2,1,2,0,0,1,0,0,2023-04-01,,,,
0318169,医療法人徹仁会 厚別耳鼻咽喉科病院,1,0,0,1,0,0,0,0,2012-10-01,,,,
0318359,社会医療法人北楡会 札幌北楡病院,1,1,1,0,0,1,0,0,2020-10-01,,,,
0318649,勇気会医療法人 北央病院,1,0,0,1,0,0,0,0,2012-04-01,,,,
0319019,医療法人信佑会 吉田記念病院,1,0,0,0,1,0,0,0,2012-04-01,,,,
0319373,医療法人菊郷会 札幌センチュリー病院,1,0,1,0,0,0,0,0,2023-04-01,,,,
0319423,社会医療法人康和会 札幌しらかば台病院,1,1,1,0,0,0,1,0,2023-04-01,,,,
0320009,医療法人北志会 札幌ライラック病院,1,0,1,0,0,0,0,0,2023-02-01,,,,
0410420,一般財団法人 札幌同交会病院,1,0,0,1,0,0,0,0,2013-04-01,,,,
0410545,慈啓会病院,1,0,0,1,0,0,0,0,2015-02-01,,,,
0411121,社会医療法人孝仁会 札幌第一病院,1,1,0,1,0,0,1,0,2013-03-01,,,,
0412467,医療法人社団明生会 イムス札幌リハビリテーション病院,1,0,1,0,0,0,0,0,2022-12-01,,,,
0414083,勤医協札幌西区病院,1,0,0,1,0,0,0,0,2012-10-01,,,,
0414315,手稲渓仁会病院,6,3,4,1,1,0,3,0,2024-06-01,,28756.0,12368.0,VERIFIED_NUMERIC
0414968,医療法人秀友会 札幌秀友会病院,1,1,0,1,0,0,1,0,2023-06-01,,,,
0415098,社会医療法人延山会 西成病院,1,1,1,0,0,0,1,0,2019-04-01,,,,
0415247,医療法人知仁会 八木整形外科病院,1,1,0,1,0,0,1,0,2015-03-01,,,,
0415353,医療法人札幌宮の沢病院,1,0,0,1,0,0,0,0,2012-04-01,,,,
0415635,医療法人社団明日佳　宮の沢明日佳病院,1,2,0,1,0,0,2,0,2012-06-01,,,,
0415825,医療法人札幌緑誠病院,1,0,0,1,0,0,0,0,2012-10-01,,,,
0416583,北海道内科リウマチ科病院,1,1,1,0,0,0,0,1,2024-07-01,,,,
0416724,医療法人社団康仁会 中田泌尿器科病院,1,0,0,1,0,0,0,0,2012-04-01,,,,
0418845,札幌田中病院,1,0,0,1,0,0,0,0,2017-08-03,,,,
0419330,社会医療法人　北腎会　坂泌尿器科病院,2,1,2,0,0,0,1,0,2023-11-01,,,,
0419538,医療法人社団　静和会　静和記念病院,1,1,0,1,0,0,1,0,2022-05-11,,,,
0510278,医療福祉センター札幌あゆみの園,1,0,0,1,0,0,0,0,2019-04-01,,,,
0510476,医療法人中山会 新札幌パウロ病院,1,0,0,1,0,0,0,0,2019-01-01,,,,
0511383,医療法人社団翔嶺館 新札幌聖陵ホスピタル,1,1,1,0,0,0,1,0,2021-12-01,,,,
0511532,医療法人社団明日佳 桜台明日佳病院,1,0,0,1,0,0,0,0,2015-04-01,,,,
0513579,医療法人同仁会 札幌南病院,1,0,0,1,0,0,0,0,2013-12-01,,,,
0513611,医療法人社団明日佳 白石明日佳病院,1,0,0,1,0,0,0,0,2023-11-01,,,,
0513777,札幌白石記念病院,2,3,2,0,0,2,1,0,2024-05-01,,,,
0513892,医療法人北武会 美しが丘病院,1,0,0,0,0,0,0,0,2012-04-01,,,,
0513934,医療法人社団悠仁会 羊ヶ丘病院,1,1,0,1,0,0,0,1,2025-09-01,,,,
0513942,社会医療法人恵佑会第２病院,1,0,1,0,0,0,0,0,2024-08-01,,,,
0514007,医療法人徳洲会 札幌徳洲会病院,2,1,2,0,0,1,0,0,2026-06-01,MEDIUM_2026_STANDARD_START,,,
0514650,医療法人豊和会 新札幌豊和会病院,1,0,1,0,0,0,0,0,2015-04-01,,,,
0514676,自衛隊札幌病院,2,1,1,1,0,0,1,0,2025-01-01,,,,
0515186,医療法人晴生会　晴生会さっぽろ病院,1,0,0,1,0,0,0,0,2025-12-01,,,,
0515830,華岡青洲記念病院,3,1,3,0,0,1,0,0,2026-06-01,MEDIUM_2026_STANDARD_START,,,
0515863,社会医療法人 仁陽会 西岡第一病院,1,1,0,1,0,0,1,0,2020-02-11,,,,
0515913,医療法人美脳 札幌美しが丘脳神経外科病院,1,2,1,0,0,1,1,0,2025-06-01,,,,
0516200,仁楡会札幌病院,1,0,1,0,0,0,0,0,2021-08-01,,,,
0516218,社会医療法人恵佑会札幌病院,3,1,3,0,0,1,0,0,2026-06-01,MEDIUM_2026_STANDARD_START,,,
0516234,医療法人徳洲会　札幌南徳洲会病院,1,1,1,0,0,0,1,0,2021-07-04,,,,
0516283,社会福祉法人ノテ福祉会　日本医療大学病院,1,1,1,0,0,0,1,0,2021-10-01,,,,
0516473,医療法人　讃生会　北野病院,1,0,1,0,0,0,0,0,2022-07-01,,,,
0516481,交雄会新さっぽろ病院,1,0,0,1,0,0,0,0,2022-07-23,,,,
0516499,新さっぽろ脳神経外科病院,1,3,0,1,0,1,2,0,2022-07-17,,,,
0516515,医療法人 新札幌整形外科病院,1,1,0,1,0,0,1,0,2022-08-08,,,,
0516812,医療法人社団　履信会　りしん会整形外科病院,1,1,0,1,0,0,1,0,2024-04-01,,,,
0517117,社会医療法人柏葉会　札幌柏葉会病院,2,2,1,1,0,1,1,0,2024-12-01,,,,
0517125,社会医療法人柏葉会　脳神経内科かしわば病院,1,2,0,1,0,1,1,0,2024-12-01,,,,
0610714,特定医療法人平成会　平成会病院,1,0,0,1,0,0,0,0,2017-09-01,,,,
0611944,国家公務員共済組合連合会 斗南病院,2,1,2,0,0,0,1,0,2026-06-01,MEDIUM_2026_STANDARD_START,,,
0612108,札幌渓仁会リハビリテーション病院,1,0,0,1,0,0,0,0,2017-06-01,,,,
0710159,北海道泌尿器科記念病院,1,0,1,0,0,0,0,0,2015-08-01,,,,
0710225,社会医療法人禎心会 札幌禎心会病院,5,3,5,0,0,2,1,0,2026-06-01,MEDIUM_2026_STANDARD_START,17656.0,21460.0,VERIFIED_NUMERIC
0711033,社会医療法人朋仁会　整形外科北新病院,1,2,0,1,0,0,2,0,2023-02-01,,,,
0711058,医療法人社団 我汝会 さっぽろ病院,1,2,1,0,0,0,2,0,2020-09-28,,,,
0711561,医療法人　札幌東和病院,1,0,0,1,0,0,0,0,2024-01-01,,,,
1013280,医療法人英生会野幌病院,1,0,0,1,0,0,0,0,2015-11-01,,,,
1013454,医療法人渓和会江別病院,1,2,1,0,0,1,1,0,2025-12-01,,,,
1013728,医療法人友愛会友愛記念病院,1,0,0,1,0,0,0,0,2016-06-01,,,,
1111506,医療法人社団いずみ会北星病院,1,1,0,1,0,0,1,0,2018-06-01,,,,
1111704,医療法人同仁会千歳第一病院,1,1,0,1,0,0,0,1,2025-09-01,,,,
1210423,社会医療法人北晨会恵み野病院,1,1,1,0,0,0,1,0,2020-06-01,,,,
1210563,医療法人社団恵庭南病院,1,0,0,1,0,0,0,0,2022-06-01,,,,
1210787,医療法人社団我汝会えにわ病院,1,2,1,0,0,1,1,0,2024-07-01,,,,
1211009,恵庭第一病院,1,1,1,0,0,0,1,0,2022-04-01,,,,
1310322,医療法人社団西の里恵仁会病院,1,0,0,1,0,0,0,0,2012-12-01,,,,
1310405,医療法人社団哲栄会順天病院,1,0,0,0,0,0,0,0,,,,,
1310967,社会医療法人即仁会北広島病院,1,1,0,1,0,0,1,0,2022-10-01,,,,
1410031,函館五稜郭病院,6,2,6,0,0,1,1,0,2026-04-01,MEDIUM_2026_STANDARD_START,24624.0,8398.0,VERIFIED_NUMERIC
1410049,函館中央病院,2,2,2,0,0,0,2,0,2026-07-01,MEDIUM_2026_STANDARD_START,,,
1410403,函館渡辺病院,1,1,1,0,0,0,1,0,2022-08-01,,,,
1411237,特定医療法人富田病院,1,0,0,1,0,0,0,0,2020-10-01,,,,
1413001,社会医療法人仁生会西堀病院,1,0,0,1,0,0,0,0,2012-08-01,,,,
1414157,社会医療法人道南勤労者医療協会道南勤医協函館稜北病院,1,0,0,1,0,0,0,0,2012-04-01,,,,
1414439,函館市医師会病院,1,1,1,0,0,0,1,0,2017-04-01,,,,
1415980,医療法人雄心会函館新都市病院,1,2,1,0,0,1,1,0,2024-10-01,,,,
1416756,市立函館病院,2,2,2,0,0,1,1,0,2026-06-01,MEDIUM_2026_STANDARD_START,,,
1417341,市立函館南茅部病院,1,0,0,0,1,0,0,0,2012-04-01,,,,
1417382,市立函館恵山病院,1,0,0,1,0,0,0,0,2015-07-01,,,,
1417655,社会福祉法人北海道社会事業協会函館病院,1,1,1,0,0,0,1,0,2022-04-01,,,,
1417960,亀田病院,1,1,0,1,0,0,0,1,2019-04-01,,,,
1418307,医療法人社団健和会函館おおむら整形外科病院,1,1,0,1,0,0,1,0,2022-01-01,,,,
1419263,社会医療法人高橋病院,1,0,1,0,0,0,0,0,2024-10-01,,,,
1510707,八雲総合病院,1,1,1,0,0,0,1,0,2015-12-01,,,,
1511291,森町国民健康保険病院,1,1,0,1,0,0,0,1,2016-10-01,,,,
1512125,長万部町立病院,1,0,0,1,0,0,0,0,2012-04-01,,,,
1512422,松前町立松前病院,1,0,0,1,0,0,0,0,2017-08-01,,,,
1513149,ななえ新病院,1,1,0,1,0,0,1,0,2019-10-01,,,,
1513487,木古内町国民健康保険病院,1,0,1,0,0,0,0,0,2021-04-01,,,,
1610507,奥尻町国民健康保険病院,1,0,0,1,0,0,0,0,2013-11-01,,,,
1610895,北海道立江差病院,1,1,1,0,0,0,1,0,2017-01-01,,,,
1710141,せたな町立国保病院,1,0,0,1,0,0,0,0,2014-01-01,,,,
1710364,医療法人財団明理会道南ロイヤル病院,1,0,0,1,0,0,0,0,2023-04-01,,,,
2010087,社会福祉法人 北海道社会事業協会小樽病院,1,1,1,0,0,0,1,0,2022-11-01,,,,
2013131,医療法人 勉仁会 東小樽病院,1,0,0,1,0,0,0,0,2018-09-01,,,,
2013362,医療法人 ひまわり会 札樽病院,1,1,0,1,0,0,1,0,2018-08-01,,,,
2014816,医療法人社団 青優会 南小樽病院,1,0,0,1,0,0,0,0,2012-07-01,,,,
2014832,医療法人 北光会 朝里中央病院,2,1,1,0,1,0,0,1,2012-04-01,,,,
2014865,医療法人社団心優会 野口病院,1,0,0,1,0,0,0,0,2018-04-01,,,,
2014956,社会福祉法人 恩賜財団 済生会支部 北海道済生会小樽病院,1,1,1,0,0,0,1,0,2023-08-01,,,,
2015045,公益社団法人日本海員掖済会 小樽掖済会病院,1,1,1,0,0,0,1,0,2022-10-01,,,,
2210067,ＪＡ北海道厚生連ニセコ羊蹄広域倶知安厚生病院,1,1,1,0,0,0,1,0,2021-01-01,,,,
2210679,医療法人社団静和会昆布温泉病院,1,0,0,1,0,0,0,0,2019-07-01,,,,
2310792,社会福祉法人北海道社会事業協会岩内病院,1,1,1,0,0,0,1,0,2023-04-01,,,,
2510763,社会福祉法人北海道社会事業協会余市病院,1,1,1,0,0,0,1,0,2013-12-01,,,,
2910062,旭川赤十字病院,2,3,2,0,0,1,2,0,2025-03-01,,,,
2910997,市立旭川病院,4,1,2,2,0,0,1,0,2012-04-01,,,,
2911383,大西病院,1,1,1,0,0,0,1,0,2019-05-01,,,,
2911664,北海道立旭川子ども総合療育センター,1,0,1,0,0,0,0,0,2025-11-01,,,,
2912027,医療法人唐沢病院,1,0,1,0,0,0,0,0,2023-06-01,,,,
2912381,整形外科進藤病院,1,1,0,1,0,0,1,0,2016-04-01,,,,
2913793,医療法人清陵会藤井病院,1,0,0,1,0,0,0,0,2018-03-01,,,,
2913918,豊岡中央病院,1,1,1,0,0,0,1,0,2026-01-01,MEDIUM_2026_STANDARD_START,,,
2914577,ＪＡ北海道厚生連旭川厚生病院,3,2,1,2,0,0,2,0,2016-03-01,,,,
2914817,医療法人社団心優会沼﨑病院,1,1,0,1,0,0,0,1,2024-04-01,,,,
2914858,医療法人社団旭豊会旭川三愛病院,1,0,0,0,1,0,0,0,2022-10-01,,,,
2914973,医療法人社団創成旭川南病院,1,0,0,1,0,0,0,0,2023-06-01,,,,
2915681,医療法人社団慶友会吉田病院,1,1,1,0,0,0,1,0,2023-03-01,,,,
2915863,医療法人社団博彰会旭川記念病院,1,0,1,0,0,0,0,0,2013-02-01,,,,
2916580,医療法人健光会旭川ﾍﾟｲﾝｸﾘﾆｯｸ病院,1,1,0,1,0,0,0,1,2014-06-01,,,,
2916630,旭川リハビリテーション病院,1,1,0,1,0,0,1,0,2022-04-01,,,,
2917174,医療法人社団恩和会旭川高砂台病院,1,1,1,0,0,0,0,1,2016-02-01,,,,
2917331,医療法人中島病院,1,0,1,0,0,0,0,0,2023-12-01,,,,
2917497,社会医療法人元生会森山メモリアル病院,1,0,0,1,0,0,0,0,2018-06-01,,,,
2917885,医療法人社団杏仁会大雪病院,1,1,0,1,0,0,1,0,2017-06-01,,,,
2918511,医療法人仁友会北彩都病院,1,1,1,0,0,0,1,0,2015-12-01,,,,
2919212,道北勤医協一条通病院,1,1,0,1,0,0,1,0,2023-04-01,,,,
2919469,旭川脳神経外科循環器内科病院,1,2,0,1,0,0,2,0,2024-02-01,,,,
2919493,医療法人健康会くにもと病院,1,0,0,1,0,0,0,0,2020-11-01,,,,
2919501,社会医療法人元生会森山病院,1,1,1,0,0,0,1,0,2020-11-24,,,,
2919543,東旭川病院,1,0,1,0,0,0,0,0,2021-07-01,,,,
3010821,上富良野町立病院,1,0,1,0,0,0,0,0,2025-04-01,,,,
3010938,医療法人社団ふらの西病院,1,1,0,1,0,0,1,0,2019-07-01,,,,
3110506,美瑛町立病院,1,1,0,1,0,0,1,0,2025-01-01,,,,
3210314,町立下川病院,1,0,0,1,0,0,0,0,2017-10-01,,,,
3210660,ＪＡ北海道厚生連美深厚生病院,1,0,0,1,0,0,0,0,2014-10-01,,,,
3211437,名寄市立総合病院,2,1,2,0,0,0,1,0,2021-03-01,,,,
3211445,医療法人社団三愛会名寄三愛病院,1,0,0,1,0,0,0,0,2024-04-01,,,,
3211502,医療法人臨生会吉田病院,1,0,0,1,0,0,0,0,2012-04-01,,,,
3211643,名寄東病院,1,0,0,1,0,0,0,0,2017-10-01,,,,
3511992,医療法人室蘭太平洋病院,1,0,0,1,0,0,0,0,2016-03-01,,,,
3512040,日鋼記念病院,2,1,2,0,0,0,1,0,2023-12-01,,,,
3512107,医療法人社団上田病院,1,0,0,1,0,0,0,0,2018-07-01,,,,
3512263,医療法人登別すずらん病院,1,0,0,1,0,0,0,0,2022-03-01,,,,
3512511,社会医療法人製鉄記念室蘭病院,3,2,2,1,0,1,1,0,2022-04-01,,,,
3610877,白老町立国民健康保険病院,1,0,0,1,0,0,0,0,2014-07-01,,,,
3611776,勤医協苫小牧病院,1,1,1,0,0,0,0,1,2019-08-01,,,,
3612246,医療法人社団養生館苫小牧日翔病院,1,1,0,1,0,0,1,0,2022-09-01,,,,
3612816,社会医療法人平成醫塾　苫小牧東病院,1,1,1,0,0,0,1,0,2025-05-01,,,,
3612931,王子総合病院,3,2,3,0,0,0,2,0,2024-03-01,,,,
3613442,医療法人社団養生館青葉病院,1,0,0,0,0,0,0,0,,,,,
3613657,苫小牧市立病院,2,1,0,2,0,0,1,0,2021-02-01,,,,
3710016,総合病院伊達赤十字病院,1,1,1,0,0,0,1,0,2022-09-01,,,,
3710107,豊浦町国民健康保険病院,1,0,0,1,0,0,0,0,2020-11-01,,,,
3711121,医療法人社団ＣＨＣＰヘルスケアシステム　洞爺温泉病院,1,0,0,0,1,0,0,0,2016-06-01,,,,
3711493,社会福祉法人北海道社会事業協会洞爺病院,1,1,0,1,0,0,0,1,2014-06-01,,,,
3810089,総合病院浦河赤十字病院,1,1,1,0,0,0,1,0,2019-08-01,,,,
3810261,平取町国民健康保険病院,1,0,0,1,0,0,0,0,2019-07-01,,,,
3810279,日高町立門別国民健康保険病院,1,0,0,1,0,0,0,0,2021-08-01,,,,
3811863,医療法人徳洲会日高徳洲会病院,1,1,1,0,0,0,1,0,2018-09-01,,,,
4110679,総合病院釧路赤十字病院,2,1,1,1,0,0,1,0,2012-04-01,,,,
4110687,独立行政法人労働者健康安全機構釧路労災病院,3,2,2,0,0,0,2,0,2022-01-01,,,,
4111834,道東勤医協釧路協立病院,1,1,1,0,0,0,1,0,2022-01-01,,,,
4111859,市立釧路総合病院,4,3,3,1,0,1,2,0,2024-11-01,,21714.0,8523.0,VERIFIED_NUMERIC
4112337,医療法人東北海道病院,1,2,0,1,0,0,2,0,2021-08-01,,,,
4112402,医療法人太平洋記念みなみ病院,1,0,1,0,0,0,0,0,2022-07-01,,,,
4112469,医療法人社団藤花会 釧路谷藤病院,1,0,0,1,0,0,0,0,2019-01-01,,,,
4112626,医療法人社団美生会釧路第一病院,1,0,0,1,0,0,0,0,2014-10-01,,,,
4113129,医療法人社団三慈会釧路三慈会病院,1,1,1,0,0,0,1,0,2021-02-01,,,,
4113491,医療法人扶恵会釧路中央病院,1,0,0,1,0,0,0,0,2019-10-01,,,,
4210107,市立根室病院,1,1,1,0,0,0,1,0,2024-12-01,,,,
4210834,町立中標津病院,1,1,1,0,0,0,1,0,2013-02-01,,,,
4310220,標茶町立病院,1,0,0,0,1,0,0,0,2025-01-01,,,,
4310691,町立厚岸病院,1,0,1,0,0,0,0,0,2023-02-01,,,,
4612146,公益財団法人北海道医療団帯広西病院,1,0,0,1,0,0,0,0,2022-10-01,,,,
4612534,医療法人進和会西２条腎泌尿器科病院,1,0,0,1,0,0,0,0,2013-04-01,,,,
4613078,社会医療法人 北斗 北斗病院,2,4,2,0,0,2,2,0,2020-01-01,,8354.0,6384.0,VERIFIED_NUMERIC
4613201,公益財団法人北海道医療団帯広第一病院,1,1,1,0,0,0,1,0,2023-03-01,,,,
4613235,社会医療法人博愛会開西病院,1,1,1,0,0,0,1,0,2020-04-01,,,,
4613292,社会福祉法人北海道社会事業協会帯広病院,2,2,1,0,0,1,1,0,2012-04-01,,,,
4614134,社会医療法人北斗十勝リハビリテーションセンター,1,0,0,1,0,0,0,0,2023-08-01,,,,
4614456,ＪＡ北海道厚生連帯広厚生病院,4,4,2,1,0,2,2,0,2018-11-01,,27827.0,15166.0,VERIFIED_NUMERIC
4614514,帯広中央病院,2,1,2,0,0,0,1,0,2022-04-01,,,,
4710270,清水赤十字病院,1,0,1,0,0,0,0,0,2023-04-01,,,,
4710403,公立芽室病院,1,0,1,0,0,0,0,0,2023-04-01,,,,
4710437,足寄町国民健康保険病院,1,0,1,0,0,0,0,0,2019-09-01,,,,
4710452,鹿追町国民健康保険病院,1,0,0,1,0,0,0,0,2013-04-01,,,,
4711559,大樹町立国民健康保険病院,1,0,0,1,0,0,0,0,2019-04-01,,,,
4711617,士幌町国民健康保険病院,1,0,0,1,0,0,0,0,2016-09-01,,,,
4712839,本別町国民健康保険病院,1,1,1,0,0,0,0,1,2024-11-01,,,,
4713324,医療法人社団翔嶺館音更宏明館病院,1,0,1,0,0,0,0,0,2022-03-01,,,,
5010068,置戸赤十字病院,1,0,1,0,0,0,0,0,2012-12-01,,,,
5010076,北見赤十字病院,3,2,3,0,0,1,1,0,2026-06-01,MEDIUM_2026_STANDARD_START,,,
5011991,社会医療法人耳鼻咽喉科麻生北見病院,1,0,1,0,0,0,0,0,2025-06-01,,,,
5012064,オホーツク勤医協北見病院,1,0,0,1,0,0,0,0,2017-04-01,,,,
5012734,北海道立北見病院,1,0,1,0,0,0,0,0,2021-01-01,,,,
5012767,医療法人社団高翔会 北星記念病院,1,2,1,0,0,1,1,0,2026-03-01,MEDIUM_2026_STANDARD_START,,,
5110801,雄武町国民健康保険病院,1,0,0,1,0,0,0,0,2024-09-01,,,,
5110843,医療法人社団幸栄病院,1,0,0,1,0,0,0,0,2012-08-01,,,,
5110926,興部町国民健康保険病院,1,0,0,1,0,0,0,0,2017-08-01,,,,
5210528,美幌療育病院,1,0,0,1,0,0,0,0,2012-07-01,,,,
5310021,ＪＡ北海道厚生連網走厚生病院,1,1,1,0,0,0,1,0,2015-03-01,,,,
5310765,斜里町国民健康保険病院,1,0,0,1,0,0,0,0,2023-04-01,,,,
5311730,医療法人社団網走中央病院,1,0,0,1,0,0,0,0,2012-04-01,,,,
5311888,医療法人讃生会網走記念病院,1,1,1,0,0,0,1,0,2026-05-01,MEDIUM_2026_STANDARD_START,,,
5311920,医療法人社団双心会女満別中央病院,1,0,0,1,0,0,0,0,2012-10-01,,,,
5410698,ＪＡ北海道厚生連遠軽厚生病院,1,1,1,0,0,0,1,0,2013-05-01,,,,
5410706,医療法人社団耕仁会曽我病院,1,0,0,0,0,0,0,0,,,,,
5710303,岩見沢市立総合病院,3,1,3,0,0,0,1,0,2018-10-01,,,,
5711566,医療法人北翔会岩見沢北翔会病院,1,1,0,1,0,0,0,1,2012-04-01,,,,
5810111,国民健康保険町立南幌病院,1,0,0,1,0,0,0,0,2012-06-01,,,,
5810137,町立長沼病院,1,0,0,1,0,0,0,0,2012-10-01,,,,
6110040,市立美唄病院,1,0,0,1,0,0,0,0,2026-04-01,MEDIUM_2026_STANDARD_START,,,
6110149,独立行政法人労働者健康安全機構北海道せき損センター,1,1,1,0,0,1,0,0,2018-03-01,,,,
6110511,医療法人社団慶北会花田病院,1,0,0,1,0,0,0,0,2015-04-01,,,,
6411372,留萌市立病院,1,1,1,0,0,0,1,0,2025-12-01,,,,
6411422,北海道立羽幌病院,1,1,1,0,0,0,1,0,2012-04-01,,,,
6710500,市立稚内病院,1,1,1,0,0,0,1,0,2022-04-01,,,,
7210054,あかびら市立病院,1,0,1,0,0,0,0,0,2016-12-01,,,,
7310748,市立芦別病院,1,1,1,0,0,0,1,0,2021-07-01,,,,
7410530,深川市立病院,1,1,1,0,0,0,1,0,2026-04-01,MEDIUM_2026_STANDARD_START,,,
7411207,新雨竜第一病院,1,0,0,1,0,0,0,0,2021-10-01,,,,
7411306,深川第一病院,1,0,0,1,0,0,0,0,2017-01-01,,,,
7510016,滝川市立病院,1,1,1,0,0,0,1,0,2024-11-01,,,,
7510461,医療法人優仁会若葉台病院,1,0,0,1,0,0,0,0,2015-01-01,,,,
7510784,医療法人翔陽会滝川脳神経外科病院,1,1,1,0,0,0,1,0,2017-09-01,,,,
7510792,空知中央病院,1,0,0,1,0,0,0,0,2019-12-01,,,,
7610063,医療法人喬成会花川病院,1,0,0,1,0,0,0,0,2015-04-01,,,,
7610352,石狩幸惺会病院,1,1,0,1,0,0,1,0,2015-05-01,,,,
8010016,北海道大学病院,5,5,3,0,0,3,2,0,2026-07-01,MEDIUM_2026_STANDARD_START,31093.0,15838.0,VERIFIED_NUMERIC
8010040,独立行政法人国立病院機構 北海道医療センター,2,2,2,0,0,1,1,0,2021-07-01,,,,
8010057,独立行政法人国立病院機構函館医療センター,1,1,0,1,0,0,1,0,2025-03-01,,,,
8010123,独立行政法人国立病院機構旭川医療センター,2,1,2,0,0,0,1,0,2020-01-01,,,,
8010214,旭川医科大学病院,3,3,3,0,0,2,1,0,2021-03-01,,23236.0,8629.0,VERIFIED_NUMERIC
0214533,医療法人新産健会　きた在宅クリニック,1,0,1,0,0,0,0,0,2022-10-01,,,,
0215688,医療法人社団 石垣整形外科医院,1,1,0,1,0,0,0,1,2017-12-01,,,,
0216686,医療法人社団 野沢医院,1,0,0,1,0,0,0,0,2026-06-01,MEDIUM_2026_STANDARD_START,,,
0217502,医療法人社団 元町泌尿器科,1,0,0,1,0,0,0,0,2019-09-01,,,,
0318326,医療法人社団 札幌藤が丘整形外科医院,0,1,0,0,0,0,0,1,,,,,
0319597,医療法人社団福住向ヶ丘通整形外科,0,1,0,0,0,0,0,1,,,,,
0319878,医療法人社団 芸術の森泌尿器科,1,0,0,1,0,0,0,0,2018-10-01,,,,
0415346,医療法人社団 札幌ことに乳腺クリニック,1,0,0,1,0,0,0,0,2012-12-01,,,,
0415767,医療法人社団 札幌西整形外科,1,1,0,1,0,0,0,1,2024-11-01,,,,
0415965,医療法人社団信和会 石川泌尿器科・腎臓内科,1,0,0,1,0,0,0,0,2014-10-01,,,,
0416963,医療法人社団元氣会 札幌整形外科,1,1,0,1,0,1,0,0,2022-04-01,,,,
0417458,手稲脳神経外科クリニック,1,1,0,1,0,0,1,0,2019-05-01,,,,
0417979,医療法人 札幌円山整形外科 札幌琴似整形外科,1,1,0,0,1,0,1,0,2021-06-01,,,,
0510195,医療法人社団 美しが丘整形外科,1,1,0,0,0,0,0,1,2013-10-01,,,,
0510237,医療法人社団 Ｈ・Ｎ・メディック,1,0,0,1,0,0,0,0,2018-06-01,,,,
0511482,医療法人社団 福住泌尿器科クリニック,1,0,0,1,0,0,0,0,2021-05-01,,,,
0512977,医療法人社団 きよた泌尿器科クリニック,1,0,0,1,0,0,0,0,2021-12-01,,,,
0513629,医療法人社団 札幌つきさむ中央整形外科,0,1,0,0,0,0,1,0,2012-04-01,,,,
0514916,新札幌乳腺クリニック,1,0,0,1,0,0,0,0,2020-04-01,,,,
0515061,医療法人社団もなみ もなみクリニック,1,0,0,0,1,0,0,0,2016-10-01,,,,
0515293,平岸脳神経クリニック,1,1,0,0,1,0,1,0,2017-10-01,,,,
0515616,豊平整形外科　脊椎・関節クリニック,0,1,0,0,0,0,0,1,,,,,
0610649,桑園整形外科,0,1,0,0,0,0,0,1,,,,,
0611076,医療法人社団 廣仁会 豊水総合メディカルクリニック,1,0,0,1,0,0,0,0,2013-08-01,,,,
0711009,さっぽろ脊椎外科クリニック,1,2,0,1,0,0,1,1,2020-06-01,,,,
0711512,札幌脊椎内視鏡・整形外科,1,1,1,0,0,0,1,0,2023-10-01,,,,
1013413,医療法人社団さくら会江別泌尿器科,1,0,0,1,0,0,0,0,2015-09-01,,,,
1013819,医療法人社団江別やまもと整形外科,0,1,0,0,0,0,0,1,,,,,
1112140,医療法人社団尾谷内科,1,0,0,0,1,0,0,0,2026-06-01,MEDIUM_2026_STANDARD_START,,,
1417994,医療法人悠康会函館整形外科クリニック,1,1,0,1,0,0,0,1,2024-12-01,,,,
1418042,平田泌尿器科,1,0,0,1,0,0,0,0,2023-08-01,,,,
1610911,医療法人雄心会江差脳神経外科クリニック,1,1,0,1,0,0,1,0,2017-06-01,,,,
2014758,脳神経外科おたる港南クリニック,1,1,0,1,0,0,0,1,2020-08-01,,,,
2110341,島牧診療所,1,0,0,1,0,0,0,0,2017-11-01,,,,
2110416,黒松内町国保くろまつないブナの森診療所,1,0,0,1,0,0,0,0,2019-11-01,,,,
2310917,岩内大浜医院,1,0,0,0,1,0,0,0,2014-12-01,,,,
2510979,医療法人社団倫仁会小嶋内科,1,0,0,1,0,0,0,0,2012-10-01,,,,
2915400,医療法人社団東旭川宏生会林医院,1,0,0,1,0,0,0,0,2023-08-01,,,,
2916507,医療法人社団幾晃会木原循環器科内科医院,1,0,1,0,0,0,0,0,2012-04-01,,,,
2916515,医療法人社団真佑会旭川消化器肛門クリニック,1,0,0,1,0,0,0,0,2013-05-01,,,,
2917059,フクダクリニック,1,0,0,1,0,0,0,0,2020-09-01,,,,
2917810,医療法人社団にしきまち通りクリニック,1,0,0,1,0,0,0,0,2025-01-01,,,,
2918941,医療法人社団とくひろ整形外科クリニック,1,1,0,1,0,0,1,0,2019-12-01,,,,
3211700,中川町立診療所,1,0,0,1,0,0,0,0,2019-01-01,,,,
3612832,医療法人社団保生会沖医院,1,0,0,1,0,0,0,0,2012-04-01,,,,
3613566,むかわ町国民健康保険穂別診療所,1,0,0,1,0,0,0,0,,,,,
3613673,医療法人社団苫小牧東部脳神経外科,1,1,0,1,0,0,1,0,2019-07-01,,,,
3614150,医療法人社団みんなのうた　とまこまい心血管クリニック,1,0,0,1,0,0,0,0,2025-02-01,,,,
3711196,医療法人社団なかむら整形外科クリニック,0,1,0,0,0,0,0,1,,,,,
3711550,医療法人社団いぶり腎泌尿器科クリニック,1,0,1,0,0,0,0,0,2020-05-01,,,,
3811533,えりも町国民健康保険診療所,1,0,0,0,1,0,0,0,2012-04-01,,,,
3811715,新冠町立国民健康保険診療所,1,0,1,0,0,0,0,0,2020-05-01,,,,
4113244,医療法人社団三慈会西池彰記念クリニック,0,1,0,0,0,0,0,1,,,,,
4113319,市立釧路国民健康保険阿寒診療所,1,0,0,1,0,0,0,0,2022-09-01,,,,
4711773,陸別町国民健康保険関寛斎診療所,1,0,1,0,0,0,0,0,2017-01-01,,,,
4712748,医療法人前田クリニック,1,0,0,1,0,0,0,0,2016-04-01,,,,
4713373,社会医療法人北斗上士幌クリニック,1,0,0,1,0,0,0,0,2023-09-01,,,,
4713381,御影診療所,1,0,0,1,0,0,0,0,2020-03-01,,,,
5011843,医療法人社団煌生会北見循環器クリニック,1,0,0,1,0,0,0,0,2023-11-01,,,,
5012445,医療法人社団久仁会白川整形外科内科,0,1,0,0,0,0,0,1,,,,,
5110645,小林整形外科,0,1,0,0,0,0,0,1,,,,,
5712077,医療法人 萌佑会 岩見沢脳神経外科,1,2,0,1,0,0,2,0,2013-08-01,,,,
5712176,医療法人社団 倉増整形外科,0,1,0,0,0,0,0,1,,,,,
5810657,医療法人社団緑稜会みどりクリニック長沼,1,0,1,0,0,0,0,0,2012-04-01,,,,
5810772,医療法人社団 耀仁会 長沼整形外科・リハビリテーション科,0,1,0,0,0,0,1,0,2013-10-01,,,,
5810798,国民健康保険由仁町立診療所,1,0,0,1,0,0,0,0,2021-07-01,,,,
5910861,夕張市立診療所,1,0,0,1,0,0,0,0,2023-09-01,,,,
6711805,遠別町国民健康保険診療所,1,0,0,1,0,0,0,0,2024-04-01,,,,
7610436,医療法人はまなすはまなす医院,1,0,0,1,0,0,0,0,2017-09-01,,,,
0611787,医療法人社団石史山会札幌スポーツクリニック,1,3,0,1,0,0,1,2,2016-04-01,,,,
0114386,ＪＲ札幌病院,2,1,1,1,0,1,0,0,2026-06-01,MEDIUM_2026_STANDARD_START,,,
0218237,北海道医療大学病院,2,0,0,0,1,0,0,0,2012-04-01,,,,
0316213,医療法人社団エス・エス・ジェイ 札幌整形循環器病院,1,2,0,1,0,0,1,1,2025-01-01,,,,
0319670,医療法人社団豊武会 幌東病院,1,0,0,0,1,0,0,0,2012-07-01,,,,
0319928,医療法人札幌平岡病院,1,0,0,1,0,0,0,0,2014-06-01,,,,
0412459,医療法人社団 明生会 イムス札幌消化器中央総合病院,2,1,1,1,0,0,1,0,2020-02-01,,,,
0710134,医療法人セレス さっぽろ神経内科病院,1,1,0,1,0,0,1,0,2026-05-01,MEDIUM_2026_STANDARD_START,,,
1513354,医療法人社団立青会なるかわ病院,1,0,0,1,0,0,0,0,2012-04-01,,,,
2912803,北海道療育園,1,0,0,0,0,0,0,0,2017-11-01,,,,
4612542,十勝勤医協帯広病院,1,0,0,0,1,0,0,0,2012-04-01,,,,
4712888,医療法人徳洲会帯広徳洲会病院,1,1,1,0,0,0,1,0,2026-05-01,MEDIUM_2026_STANDARD_START,,,
6411323,医療法人社団心優会留萌記念病院,1,0,0,1,0,0,0,0,2013-04-01,,,,
6711607,社会医療法人禎心会稚内禎心会病院,1,1,0,1,0,0,1,0,2017-10-01,,,,
0218351,医療法人はまなす 篠路はまなすクリニック,1,0,0,1,0,0,0,0,2015-04-01,,,,
0218500,医療法人社団 札幌新川駅前内科,1,0,0,0,1,0,0,0,2026-03-01,MEDIUM_2026_STANDARD_START,,,
0317856,医療法人社団 厚別中央整形外科,1,1,0,1,0,0,0,1,2017-10-01,,,,
0417649,ていね整形外科リハビリクリニック,1,1,0,1,0,0,0,1,2020-04-01,,,,
0512019,医療法人社団弘恵会整形外科内科沢口医院,1,1,0,1,0,0,0,1,2016-04-01,,,,
1310785,北の台クリニック,1,0,0,1,0,0,0,0,2015-04-01,,,,
2919378,医療法人社団キュアメディクス旭川キュアメディクス,1,0,0,1,0,0,0,0,2018-06-01,,,,
3613822,とまこまい脳神経外科,1,1,0,1,0,0,1,0,2018-04-01,,,,
3613855,光洋いきいきクリニック,1,0,0,1,0,0,0,0,2016-10-01,,,,
5410938,医療法人縁紡会遠軽共立医院,1,1,0,1,0,0,0,1,2023-11-01,,,,
5711731,医療法人社団 久佑会 得地内科医院,1,0,0,0,0,0,0,0,,,,,
0114501,医療法人社団恵和会 宮の森病院,1,0,0,1,0,0,0,0,2019-04-01,,,,
0114634,社会医療法人北海道循環器病院,1,0,1,0,0,0,0,0,2022-08-01,,,,
0214095,医療法人 麻生整形外科病院,1,1,1,0,0,0,1,0,2025-06-01,,,,
0215415,社会医療法人秀眸会 大塚眼科病院,1,0,0,0,1,0,0,0,,,,,
0215761,社会医療法人社団三草会 クラーク病院,1,1,0,1,0,0,1,0,2025-10-01,,,,
0216215,社会医療法人豊生会　東苗穂病院,1,1,1,0,0,0,1,0,2012-04-01,,,,
0216314,医療法人社団 太黒胃腸内科病院,1,0,0,1,0,0,0,0,2013-06-01,,,,
0219631,医療法人 札幌麻生脳神経外科病院,2,4,1,0,0,3,1,0,2026-05-01,MEDIUM_2026_STANDARD_START,4876.0,17513.0,VERIFIED_NUMERIC
0311099,勤医協札幌病院,1,0,1,0,0,0,0,0,2018-10-01,,,,
0314457,定山渓病院,1,0,0,1,0,0,0,0,2013-06-01,,,,
0317021,北海道整形外科記念病院,1,2,0,1,0,1,1,0,2019-10-01,,,,
0317658,社会医療法人 札幌清田病院,1,0,0,1,0,0,0,0,2012-04-01,,,,
0413325,医療法人　聖愛会　発寒リハビリテーション病院,1,0,0,1,0,0,0,0,2013-04-01,,,,
0413523,医療法人勉仁会 中垣病院,1,0,0,1,0,0,0,0,2016-03-01,,,,
0414190,北海道脳神経内科病院,2,1,1,0,0,0,1,0,2021-07-01,,,,
0415437,医療法人札幌山の上病院,1,2,0,1,0,1,0,1,2013-09-01,,,,
0417482,北海道立子ども総合医療・療育センター,1,1,1,0,0,0,1,0,2026-04-01,MEDIUM_2026_STANDARD_START,,,
0417821,社会医療法人 アルデバラン 手稲いなづみ病院,1,0,1,0,0,0,0,0,2017-07-01,,,,
0418241,医療法人社団 研仁会 北海道脳神経外科記念病院,1,2,1,0,0,1,1,0,2026-06-01,MEDIUM_2026_STANDARD_START,,,
0418449,社会医療法人 アルデバラン さっぽろ二十四軒病院,1,0,0,1,0,0,0,0,2023-11-01,,,,
0418753,社会医療法人孝仁会　札幌孝仁会記念病院,4,2,4,0,0,1,1,0,2017-02-01,,,5696.0,PARTIAL_MRI_ONLY
0419140,医療法人社団北裕会 札幌記念病院,1,0,0,1,0,0,0,0,2025-08-01,,,,
0511409,社会医療法人　医仁会 中村記念南病院,1,2,1,0,0,1,1,0,2022-11-01,,,,
0512944,医療法人菊郷会 石橋胃腸病院,1,0,0,1,0,0,0,0,2023-11-01,,,,
0611266,医療法人菊郷会 愛育病院,1,1,0,1,0,0,1,0,2022-06-01,,,,
0611845,医療法人同仁会 札幌ススキノ病院,1,0,1,0,0,0,0,0,2016-07-01,,,,
0711843,カレス記念病院,1,1,1,0,0,0,1,0,2026-04-01,MEDIUM_2026_STANDARD_START,,,
1010278,江別市立病院,2,1,2,0,0,0,1,0,2016-04-01,,,,
1111605,医療法人同仁会向陽台病院,1,0,0,1,0,0,0,0,2022-03-01,,,,
1111654,市立千歳市民病院,1,1,1,0,0,1,0,0,2024-04-01,,,,
1111670,医療法人社団豊友会千歳豊友会病院,1,1,0,1,0,0,1,0,2015-11-01,,,,
1210605,医療法人社団尾形病院,1,0,0,1,0,0,0,0,2012-04-01,,,,
1410064,函館赤十字病院,1,1,1,0,0,0,1,0,2022-04-01,,,,
1411005,医療法人同仁会函館記念病院,1,0,0,0,1,0,0,0,2020-10-01,,,,
1415006,社会医療法人函館脳神経外科　函館脳神経外科病院,1,3,1,0,0,2,1,0,2023-07-01,,,,
1416160,医療法人聖仁会森病院,1,0,0,1,0,0,0,0,2012-04-01,,,,
1418687,共愛会病院,2,1,2,0,0,0,1,0,2023-04-01,,,,
1513156,医療法人雄心会新都市砂原病院,1,0,0,1,0,0,0,0,2013-01-01,,,,
1610226,厚沢部町国民健康保険病院,1,0,0,1,0,0,0,0,2022-12-01,,,,
1610689,医療法人社団恵愛会佐々木病院,1,0,0,1,0,0,0,0,2025-03-01,,,,
1710166,今金町国保病院,1,0,0,1,0,0,0,0,2020-10-01,,,,
2014899,医療法人社団 北匠会 小樽中央病院,1,1,0,1,0,0,1,0,2026-07-01,MEDIUM_2026_STANDARD_START,,,
2015011,小樽市立病院,2,2,2,0,0,1,1,0,2024-04-01,,,,
2917646,旭川十条病院,1,0,0,0,1,0,0,0,,,,,
3011100,社会福祉法人北海道社会事業協会富良野病院,1,1,0,1,0,0,1,0,2021-03-01,,,,
3211312,士別市立病院,1,1,1,0,0,0,1,0,2024-11-01,,,,
3512768,社会医療法人友愛会恵愛病院,1,0,0,1,0,0,0,0,2016-06-01,,,,
3512792,市立室蘭総合病院,2,2,2,0,0,0,2,0,2012-04-01,,,,
3513550,大川原脳神経外科病院,1,2,0,1,0,0,2,0,2016-05-03,,,,
3513634,独立行政法人地域医療機能推進機構登別病院,1,1,0,1,0,0,1,0,2020-04-10,,,,
3611925,社会医療法人延山会苫小牧澄川病院,1,0,0,1,0,0,0,0,2013-10-01,,,,
3612022,医療法人同樹会苫小牧病院,1,1,0,1,0,0,1,0,2016-11-01,,,,
3613723,むかわ町鵡川厚生病院,1,0,0,1,0,0,0,0,2023-05-01,,,,
3811152,新ひだか町立三石国民健康保険病院,1,0,0,1,0,0,0,0,2012-04-01,,,,
3811459,新ひだか町立静内病院,1,0,1,0,0,0,0,0,2024-02-01,,,,
4112840,医療法人豊慈会釧路北病院,1,0,0,1,0,0,0,0,2017-05-01,,,,
4112972,医療法人社団敬愛会白樺台病院,1,0,0,1,0,0,0,0,2012-04-01,,,,
4113087,社会医療法人孝仁会 釧路孝仁会記念病院,4,2,2,2,0,1,1,0,2026-08-01,MEDIUM_2026_STANDARD_START,6646.0,3512.0,VERIFIED_NUMERIC
4210115,町立別海病院,1,1,1,0,0,0,1,0,2021-05-01,,,,
4210784,標津町国民健康保険標津病院,1,0,0,1,0,0,0,0,2020-11-01,,,,
4210818,医療法人樹恵会石田病院,1,0,0,1,0,0,0,0,2015-08-01,,,,
4311418,ＪＡ北海道厚生連摩周厚生病院,1,1,0,1,0,0,0,1,2015-07-01,,,,
4311541,医療法人共生会川湯の森病院,1,0,0,1,0,0,0,0,2023-03-01,,,,
4611932,医療法人社団刀圭会　協立病院,1,1,0,1,0,0,1,0,2023-12-01,,,,
4613805,医療法人社団芳誠会十勝脳神経外科病院,1,2,0,1,0,0,2,0,2020-06-01,,,,
4614308,帯広記念病院,1,0,1,0,0,0,0,0,2022-10-01,,,,
4710460,十勝いけだ地域医療センター,1,0,1,0,0,0,0,0,2022-11-01,,,,
4712284,公益財団法人北海道医療団音更病院,1,0,1,0,0,0,0,0,2025-04-01,,,,
4713043,医療法人社団翔嶺館十勝の杜病院,1,0,0,1,0,0,0,0,2022-04-01,,,,
4713415,広尾町国民健康保険病院,1,1,1,0,0,0,1,0,2021-03-01,,,,
5012536,ＪＡ北海道厚生連常呂厚生病院,1,0,0,1,0,0,0,0,2015-07-01,,,,
5012544,社会医療法人明生会道東の森総合病院,1,2,0,1,0,1,1,0,2021-07-01,,,,
5012759,北見北斗病院,1,0,0,1,0,0,0,0,2021-07-01,,,,
5110934,広域紋別病院,1,1,0,1,0,0,1,0,2015-04-17,,,,
5210015,美幌町立国民健康保険病院,1,1,1,0,0,0,1,0,2024-05-01,,,,
5210106,津別病院,1,0,0,1,0,0,0,0,2012-04-01,,,,
5712085,医療法人社団 明日佳 岩見沢明日佳病院,1,0,0,1,0,0,0,0,2013-05-01,,,,
5712317,岩見沢市立栗沢病院,1,0,0,0,1,0,0,0,2012-04-01,,,,
5810012,栗山赤十字病院,1,0,1,0,0,0,0,0,2025-11-01,,,,
6010273,市立三笠総合病院,1,1,1,0,0,0,1,0,2016-10-01,,,,
6010406,医療法人社団幾生会 南そらち記念病院,1,0,0,1,0,0,0,0,2014-12-01,,,,
6110537,国民健康保険月形町立病院,1,0,0,1,0,0,0,0,2020-10-01,,,,
6711094,枝幸町国民健康保険病院,1,1,1,0,0,0,1,0,2025-06-01,,,,
6711276,中頓別町国民健康保険病院,1,0,0,1,0,0,0,0,2012-04-01,,,,
6711292,利尻島国保中央病院,1,0,1,0,0,0,0,0,2021-10-01,,,,
6711458,天塩町立国民健康保険病院,1,0,0,1,0,0,0,0,2012-04-01,,,,
7111203,歌志内市立病院,1,0,0,1,0,0,0,0,2015-08-01,,,,
7111302,奈井江町立国民健康保険病院,1,0,0,1,0,0,0,0,2019-09-01,,,,
7210229,平岸病院,1,0,1,0,0,0,0,0,2023-04-01,,,,
7510503,医療法人圭仁会佐藤病院,1,0,0,1,0,0,0,0,2012-09-01,,,,
7610030,医療法人社団恵愛会茨戸病院,1,0,0,1,0,0,0,0,2015-10-01,,,,
7610527,石狩病院,1,0,1,0,0,0,0,0,2022-02-01,,,,
8010024,独立行政法人国立病院機構北海道がんセンター,4,2,3,1,0,0,2,0,2026-06-01,MEDIUM_2026_STANDARD_START,18789.0,6804.0,VERIFIED_NUMERIC
0216124,医療法人社団 ふるや内科,1,0,0,1,0,0,0,0,2019-04-01,,,,
0218005,医療法人社団 北つむぎ会 さっぽろ麻生乳腺甲状腺クリニック,1,0,0,1,0,0,0,0,2015-06-01,,,,
0218039,医療法人社団遼風会　札幌いがらし人工関節クリニック,0,1,0,0,0,0,0,1,,,,,
0218617,医療法人社団北匠会　札幌北脳神経外科,1,1,0,1,0,0,1,0,2015-10-01,,,,
0318938,医療法人社団仁秀会白石整形外科,0,1,0,0,0,0,0,1,,,,,
0415973,医療法人社団伸孝会 ていね泌尿器科,1,0,1,0,0,0,0,0,2015-10-01,,,,
0419660,医療法人社団　東都会　八軒整形外科　せぼね・関節クリニック,0,1,0,0,0,0,0,1,,,,,
0514643,医療法人社団 にれの杜クリニック,1,0,0,1,0,0,0,0,2015-02-01,,,,
0515467,北野循環器クリニック,1,0,0,1,0,0,0,0,2018-07-01,,,,
0611654,札幌乳腺外科クリニック,1,0,0,1,0,0,0,0,2018-09-01,,,,
1416525,中島内科循環器科メンタルクリニック,1,0,1,0,0,0,0,0,2012-04-01,,,,
1417481,医療法人社団山樹会平山医院,1,1,0,1,0,0,1,0,2014-05-01,,,,
1418109,深瀬医院,1,0,0,1,0,0,0,0,2021-07-01,,,,
1418679,医療法人社団函館脳神経セントラルクリニック,1,1,0,1,0,0,1,0,2019-04-01,,,,
2014196,医療法人 うのクリニック,1,0,0,1,0,0,0,0,2013-05-01,,,,
2110382,寿都町立寿都診療所,1,0,0,1,0,0,0,0,2020-10-01,,,,
3010888,医療法人社団かわむら整形外科医院,1,1,0,1,0,0,0,1,2018-04-01,,,,
3111181,国民健康保険上川医療センター,1,0,0,1,0,0,0,0,2018-12-01,,,,
3211676,音威子府村立診療所,1,0,0,1,0,0,0,0,2022-01-01,,,,
3811707,日高町立日高国民健康保険診療所,1,0,0,1,0,0,0,0,2018-04-01,,,,
4112956,市立釧路国民健康保険音別診療所,1,0,0,1,0,0,0,0,2017-10-01,,,,
4210933,知床らうす国民健康保険診療所,1,1,0,1,0,0,1,0,2012-07-01,,,,
4613219,医療法人社団典俊会帯広泌尿器科,1,0,0,1,0,0,0,0,2014-06-01,,,,
4614100,帯広整形外科,1,1,0,1,0,0,1,0,2023-09-01,,,,
4712086,浦幌町立診療所,1,0,1,0,0,0,0,0,2021-08-01,,,,
4712870,医療法人前田クリニックサホロクリニック,1,0,0,1,0,0,0,0,2016-04-01,,,,
5110959,滝上町国民健康保険診療所,1,0,0,1,0,0,0,0,2021-04-01,,,,
5110975,大原医院,1,0,0,1,0,0,0,0,2022-06-01,,,,
5410847,クリニックさろま,1,0,1,0,0,0,0,0,2016-01-01,,,,
5810533,医療法人 やわらぎ みどり野医院,1,0,0,1,0,0,0,0,2012-04-01,,,,
6411430,社会医療法人 孝仁会 留萌セントラルクリニック,1,1,1,0,0,0,1,0,2012-12-01,,,,
6711169,礼文町国民健康保険船泊診療所,1,1,0,1,0,0,1,0,2021-02-01,,,,
6711706,幌延町国民健康保険診療所,1,0,1,0,0,0,0,0,2021-11-01,,,,
6711748,クリニック森の風,1,0,0,1,0,0,0,0,2016-09-01,,,,
6711771,豊富町国民健康保険診療所,1,0,1,0,0,0,0,0,2018-04-01,,,,
7111880,浦臼町立診療所,1,0,0,0,0,0,0,0,2026-03-01,MEDIUM_2026_STANDARD_START,,,
7610485,医療法人社団北碧会石狩中央整形外科,0,1,0,0,0,0,0,1,,,,,
0110056,水戸赤十字病院,2,2,2,0,0,1,1,0,,,,,
0110205,水戸済生会総合病院,3,2,2,0,1,1,1,0,,,,,
0110213,茨城県立こども病院,1,1,1,0,0,0,1,0,,,,,
0110247,住吉クリニック病院,1,0,0,1,0,0,0,0,,,,,
0110478,総合病院 水戸協同病院,2,2,2,0,0,1,1,0,,,,,
0110593,医療法人社団青潤会青柳病院,1,1,0,1,0,0,0,1,,,,,
0110759,城南病院,1,0,0,1,0,0,0,0,,,,,
0111237,医療法人社団協栄会大久保病院,1,1,0,1,0,0,0,1,,,,,
0112045,医療法人清真会丹野病院,1,1,0,1,0,0,0,1,,,,,
0112771,大橋病院,1,0,0,1,0,0,0,0,,,,,
0113399,国家公務員共済組合連合会水府病院,1,1,1,0,0,0,1,0,,,,,
0113639,東前病院,1,0,0,1,0,0,0,0,,,,,
0113936,大場内科クリニック,1,0,0,1,0,0,0,0,,,,,
0114108,医療法人誠順会クリニック健康の杜,1,0,0,1,0,0,0,0,,,,,
0114249,社会医療法人財団古宿会　水戸中央病院,1,2,0,1,0,0,2,0,,,,,
0114363,長田医院,1,0,0,1,0,0,0,0,,,,,
0114587,医療法人社団北水会北水会記念病院,1,1,1,0,0,0,1,0,,,,,
0114710,医療法人桜丘会水戸ブレインハートセンター,1,2,1,0,0,1,1,0,,,,,
0114934,医療法人誠潤会水戸病院,1,0,1,0,0,0,0,0,,,,,
0115006,愛正会記念 茨城福祉医療センター,1,0,1,0,0,0,0,0,,,,,
0115220,みと南ヶ丘病院,1,0,0,1,0,0,0,0,,,,,
0115402,志村病院,1,1,0,1,0,0,1,0,,,,,
0210088,回春荘病院,1,0,0,1,0,0,0,0,,,,,
0210138,ひたち医療センター,2,1,1,1,0,0,1,0,,,,,
0210161,医療法人群羊会久慈茅根病院,1,0,0,1,0,0,0,0,,,,,
0211532,かもめ・日立クリニック,1,0,0,1,0,0,0,0,,,,,
0211680,十王ひがし野クリニック,1,0,0,1,0,0,0,0,,,,,
0211953,医療法人聖麗会 聖麗メモリアル病院,1,2,1,0,0,0,2,0,,,,,
0212019,医療法人ここの実会嶋崎病院,1,1,0,1,0,0,1,0,,,,,
0212027,川島クリニック,1,0,0,0,1,0,0,0,,,,,
0212365,医療法人惇慈会日立港病院,1,0,1,0,0,0,0,0,,,,,
0212399,医療法人社団日鉱記念病院,1,0,0,1,0,0,0,0,,,,,
0212407,医療法人一誠会川﨑病院,1,0,0,1,0,0,0,0,,,,,
0310110,医療法人財団 県南病院,1,1,0,1,0,0,1,0,,,,,
0310599,神立病院,1,1,0,1,0,0,1,0,,,,,
0311779,野上病院,1,0,0,1,0,0,0,0,,,,,
0312363,総合病院土浦協同病院,5,4,4,1,0,2,1,1,,,31575.0,11142.0,VERIFIED_NUMERIC
0312629,土浦リハビリテーション病院,1,0,0,1,0,0,0,0,,,,,
0410894,総和中央病院,1,0,1,0,0,0,0,0,,,,,
0411058,医療法人慈政会小柳病院,1,0,0,1,0,0,0,0,,,,,
0411280,友愛記念病院,2,1,2,0,0,0,1,0,,,,,
0411488,古河赤十字病院,1,1,1,0,0,0,1,0,,,,,
0411678,医療法人徳洲会古河総合病院,1,1,1,0,0,0,1,0,,,,,
0411751,医療法人慈愛会秋葉産婦人科,0,1,0,0,0,0,1,0,,,,,
0510180,仲田耳鼻咽喉科医院,1,0,0,0,0,0,0,0,,,,,
0510255,山王台病院,3,1,1,2,0,1,0,0,,,,,
0510750,豊後荘病院,1,0,0,1,0,0,0,0,,,,,
0510784,八郷整形外科内科病院,2,1,0,1,1,0,0,1,,,,,
0510875,公益社団法人地域医療振興協会 石岡第一病院,1,1,0,1,0,0,1,0,,,,,
0511048,社会福祉法人欅会旭台病院,1,0,0,1,0,0,0,0,,,,,
0710152,社会医療法人 達生堂 城西病院,1,1,1,0,0,0,1,0,,,,,
0710566,社会医療法人社団同樹会結城病院,1,1,1,0,0,0,1,0,,,,,
0810564,牛尾病院,1,1,1,0,0,0,0,1,,,,,
0810663,龍ケ崎済生会病院,2,1,1,0,1,0,1,0,,,,,
1010271,湖南病院,1,0,1,0,0,0,0,0,,,,,
1010289,平間病院,1,1,0,1,0,0,0,1,,,,,
1010388,菊山胃腸科外科医院,1,0,0,1,0,0,0,0,,,,,
1010420,軽部病院,1,0,0,1,0,0,0,0,,,,,
1110097,きぬ医師会病院,1,1,1,0,0,0,1,0,,,,,
1110352,水海道さくら病院,1,0,0,1,0,0,0,0,,,,,
1110535,水海道西部病院,1,1,0,1,0,0,1,0,,,,,
1210244,脳神経外科 ブレインピア南太田,1,2,1,0,0,1,1,0,,,,,
1210251,藤井病院,1,0,0,1,0,0,0,0,,,,,
1210293,根本医院,1,0,0,1,0,0,0,0,,,,,
1210327,医療法人 大森医院,1,0,0,1,0,0,0,0,,,,,
1210392,大山病院,1,1,0,1,0,0,1,0,,,,,
1410026,やすらぎの丘温泉病院,1,1,1,0,0,0,1,0,,,,,
1410331,県北医療センター高萩協同病院,1,1,1,0,0,1,0,0,,,,,
1510163,医療法人芳医会瀧病院,1,0,0,1,0,0,0,0,,,,,
1510353,北茨城市民病院,1,1,1,0,0,0,1,0,,,,,
1610021,医療法人鳳香会石本病院,1,0,0,1,0,0,0,0,,,,,
1610286,神里医院,1,0,0,1,0,0,0,0,,,,,
1610310,茨城県立中央病院,4,2,4,0,0,1,1,0,,,23854.0,5819.0,VERIFIED_NUMERIC
1610336,医療法人社団聖嶺会立川記念病院,1,1,0,1,0,0,1,0,,,,,
1610633,笠間市立病院,1,0,0,1,0,0,0,0,,,,,
1710029,取手北相馬保健医療センター医師会病院,1,1,1,0,0,0,1,0,,,,,
1710102,ＪＡとりで総合医療センター,4,2,2,0,0,1,1,0,,,21813.0,7466.0,VERIFIED_NUMERIC
1710359,西間木病院,1,0,0,1,0,0,0,0,,,,,
1710821,医療法人社団 宗仁会病院,1,1,0,1,0,0,0,1,,,,,
1711449,東取手病院,1,1,1,0,0,0,1,0,,,,,
1910231,つくばセントラル病院,2,1,2,0,0,1,0,0,,,,,
2010049,筑波学園病院,1,1,0,1,0,0,1,0,,,,,
2010064,筑波メディカルセンター病院,3,3,2,1,0,2,1,0,,,17086.0,5901.0,VERIFIED_NUMERIC
2010171,医療法人社団 筑波記念会 筑波記念病院,2,1,2,0,0,1,0,0,,,,,
2011211,いちはら病院,1,1,0,1,0,0,1,0,,,,,
2011724,医療法人社団双愛会 つくば双愛病院,1,0,0,1,0,0,0,0,,,,,
2011773,医療法人社団筑三会筑波胃腸病院,1,0,1,0,0,0,0,0,,,,,
2011823,茎崎アオイ病院,1,0,0,1,0,0,0,0,,,,,
2011856,ひがし外科内科医院,1,0,0,1,0,0,0,0,,,,,
5110051,筑波大学附属病院,8,4,2,6,0,2,2,0,,,16119.0,8335.0,VERIFIED_NUMERIC
2110179,株式会社日立製作所ひたちなか総合病院,2,2,0,2,0,0,2,0,,,,,
2110534,医療法人社団愛友会勝田病院,1,1,1,0,0,0,1,0,,,,,
2110567,アイビークリニック,1,0,0,1,0,0,0,0,,,,,
2110773,医療法人社団克仁会 恵愛小林クリニック,1,1,1,0,0,0,1,0,,,,,
2111029,医療法人薫光会 小松整形外科医院,0,1,0,0,0,0,1,0,,,,,
2111128,医療法人秀仁会さくら水戸クリニック,1,0,0,1,0,0,0,0,,,,,
2111391,尚仁会クリニック,1,0,0,1,0,0,0,0,,,,,
2111888,みんなの内科外科クリニック,1,0,0,1,0,0,0,0,,,,,
2210011,公益財団法人 鹿島病院,1,0,0,1,0,0,0,0,,,,,
2210110,前田病院,1,0,0,1,0,0,0,0,,,,,
2210391,医療法人社団善仁会 小山記念病院,2,3,2,0,0,2,1,0,,,,,
2210680,医療法人正友会 島医院,1,0,0,1,0,0,0,0,,,,,
2410025,社会医療法人社団光仁会総合守谷第一病院,1,1,1,0,0,1,0,0,,,,,
2410132,守谷慶友病院,1,1,1,0,0,0,1,0,,,,,
2410793,医療法人三星会茨城リハビリテーション病院,1,1,0,1,0,0,1,0,,,,,
2510063,志村大宮病院,1,1,0,1,0,0,1,0,,,,,
2510162,高村外科医院,1,0,0,0,1,0,0,0,,,,,
2510253,常陸大宮済生会病院,1,1,1,0,0,0,1,0,,,,,
2610053,西山堂慶和病院,1,1,1,0,0,0,1,0,,,,,
2610236,那珂記念クリニック,1,1,0,1,0,0,1,0,,,,,
0610048,威恵会三岳荘小松崎病院,1,0,0,1,0,0,0,0,,,,,
0611012,大圃病院,1,1,1,0,0,0,1,0,,,,,
0611152,社会医療法人恒貴会協和中央病院,1,2,1,0,0,1,1,0,,,,,
0611335,宮田医院,1,0,0,1,0,0,0,0,,,,,
0611780,茨城県西部メディカルセンター,1,1,0,1,0,0,1,0,,,,,
1810092,医療法人医新会 石塚医院,1,0,0,1,0,0,0,0,,,,,
1810258,木根淵外科胃腸科病院,1,1,1,0,0,0,0,1,,,,,
2710150,宮本病院,1,0,1,0,0,0,0,0,,,,,
7110018,医療法人鴻仁会上の原病院,1,0,0,1,0,0,0,0,,,,,
7110356,さくらがわ地域医療センター,1,1,1,0,0,0,1,0,,,,,
2910016,社会福祉法人白十字会 白十字総合病院,1,1,1,0,0,0,1,0,,,,,
2910222,神栖済生会病院,2,1,2,0,0,0,1,0,,,,,
2910248,医療法人社団土合会 渡辺病院,2,1,0,1,0,1,0,0,,,,,
2910263,清仁会病院,1,0,0,1,0,0,0,0,,,,,
2910743,鹿嶋ハートクリニック,1,1,1,0,0,0,1,0,,,,,
3010113,土浦協同病院なめがた地域医療センター,1,1,1,0,0,0,1,0,,,,,
7210032,医療法人三尚会 高須病院,1,1,1,0,0,0,1,0,,,,,
7210081,医療法人東湖会 鉾田病院,1,0,0,1,0,0,0,0,,,,,
7410012,医療法人社団白帆会小川南病院,1,0,0,1,0,0,0,0,,,,,
7410111,美野里病院,1,1,0,1,0,0,0,1,,,,,
7410186,石岡循環器科脳神経外科病院,1,2,1,0,0,0,2,0,,,,,
7410319,社会医療法人財団古宿会小美玉市医療センター,1,1,0,1,0,0,1,0,,,,,
3110020,公益財団法人報恩会石崎病院,1,0,0,1,0,0,0,0,,,,,
3111002,独立行政法人国立病院機構水戸医療センター,2,2,2,0,0,1,1,0,,,,,
3111135,脳神経外科ブレインピア桜ヶ丘,1,1,0,1,0,0,1,0,,,,,
3110012,大洗海岸病院,1,1,0,1,0,0,1,0,,,,,
3310612,尾形クリニック,1,0,0,1,0,0,0,0,,,,,
3311081,村立東海病院,1,1,1,0,0,1,0,0,,,,,
5110036,独立行政法人国立病院機構 茨城東病院,1,1,1,0,0,0,1,0,,,,,
3410149,久保田病院,1,0,0,1,0,0,0,0,,,,,
3410271,慈泉堂病院,1,0,0,1,0,0,0,0,,,,,
3410370,保内郷メディカルクリニック,1,0,0,1,0,0,0,0,,,,,
3810108,医療法人美湖会美浦中央病院,1,1,1,0,0,0,1,0,,,,,
3810645,茨城県立医療大学付属病院,1,1,1,0,0,1,0,0,,,,,
3811171,東京医科大学茨城医療センター,3,2,2,1,0,2,0,0,,,,,
4210274,八千代病院,1,0,0,1,0,0,0,0,,,,,
4310066,茨城西南医療センター病院,3,2,1,2,0,0,2,0,,,,,
0114025,茨城県立あすなろの郷病院,1,0,0,1,0,0,0,0,,,,,
0411736,つるみ脳神経病院,1,1,1,0,0,0,1,0,,,,,
2710077,佐倉クリニック,1,0,0,1,0,0,0,0,,,,,
6504344,さいたま市民医療センター,2,1,2,0,0,0,1,0,,,,,
6504476,さいたま新開橋クリニック,1,0,1,0,0,0,0,0,,,,,
6505663,指扇病院,1,1,1,0,0,0,1,0,,,,,
0300012,医療法人ヘブロン会大宮中央総合病院,1,1,1,0,0,0,1,0,,,,,
0304402,増田外科医院,1,0,0,1,0,0,0,0,,,,,
6507248,医療法人社団協友会彩の国東大宮メディカルセンター,2,2,2,0,0,1,1,0,,,,,
6509350,独立行政法人地域医療機能推進機構さいたま北部医療センター,1,1,1,0,0,1,0,0,,,,,
0301101,医療法人社団双愛会大宮双愛病院,1,0,0,1,0,0,0,0,,,,,
0302570,医療法人明浩会西大宮病院,1,2,1,0,0,0,2,0,,,,,
0304048,自治医科大学附属さいたま医療センター,8,3,6,2,0,1,2,0,,,32249.0,9280.0,VERIFIED_NUMERIC
0303503,大和田病院,1,0,0,0,1,0,0,0,,,,,
0304998,大宮共立病院,1,1,0,1,0,0,1,0,,,,,
6521090,医療法人徳洲会　さいたま記念病院,1,0,0,1,0,0,0,0,,,,,
6505374,社会福祉法人シナプス埼玉精神神経センター,1,1,0,1,0,0,1,0,,,,,
6507982,さいたま赤十字病院,5,3,5,0,0,1,2,0,,,41593.0,10308.0,VERIFIED_NUMERIC
6510416,埼玉県立小児医療センター,4,2,2,2,0,1,1,0,,,2447.0,2719.0,VERIFIED_NUMERIC
0104000,医療法人聖仁会西部総合病院,1,1,1,0,0,0,1,0,,,,,
0106278,医療法人社団松弘会三愛病院,2,2,2,0,0,1,1,0,,,,,
0101337,独立行政法人地域医療機能推進機構埼玉メディカルセンター,3,2,2,1,0,1,1,0,,,,,
0103010,医療法人川久保病院,1,1,0,1,0,0,1,0,,,,,
0104448,医療法人鎌田医院,1,0,0,1,0,0,0,0,,,,,
0104554,医療法人社団望星会望星病院,1,0,0,1,0,0,0,0,,,,,
0102723,医療法人有隣会わかくさ病院,1,0,0,1,0,0,0,0,,,,,
0103994,医療法人秋葉病院,1,1,1,0,0,0,1,0,,,,,
6503593,服部外科胃腸科医院,1,0,0,1,0,0,0,0,,,,,
0101675,医療法人博仁会共済病院,1,1,1,0,0,0,1,0,,,,,
6500128,さいたま市立病院,4,3,4,0,0,1,2,0,,,30418.0,7589.0,VERIFIED_NUMERIC
6502629,医療法人社団弘象会東和病院,1,1,1,0,0,0,1,0,,,,,
6502835,医療法人時任会ときとうクリニック,1,0,0,1,0,0,0,0,,,,,
0700054,丸山記念総合病院,1,1,1,0,0,0,1,0,,,,,
0700450,岩槻中央病院,1,0,0,1,0,0,0,0,,,,,
6503031,医療法人社団幸正会岩槻南病院,1,0,0,1,0,0,0,0,,,,,
6503742,さいたまつきの森クリニック,1,0,0,1,0,0,0,0,,,,,
6508642,医療法人社団医凰会さいたま岩槻病院,1,1,1,0,0,0,1,0,,,,,
0400861,医療法人埼玉病院,1,0,0,1,0,0,0,0,,,,,
0401315,医療法人豊仁会三井病院,1,1,1,0,0,0,1,0,,,,,
0401554,医療法人刀圭会本川越病院,1,1,0,1,0,0,1,0,,,,,
0401745,武蔵野総合病院,1,1,0,1,0,0,1,0,,,,,
0401893,社会医療法人社団尚篤会赤心堂病院,2,1,2,0,0,0,1,0,,,,,
0402594,埼玉医科大学総合医療センター,9,4,7,2,0,2,2,0,,,44390.0,13556.0,VERIFIED_NUMERIC
0402677,西武川越病院,1,0,0,1,0,0,0,0,,,,,
0402701,医療法人社団哺育会笠幡病院,1,0,0,0,0,0,0,0,,,,,
0403923,医療法人社団誠弘会池袋病院,1,1,1,0,0,0,1,0,,,,,
0404004,医療法人社団関心会関本記念病院,1,0,0,1,0,0,0,0,,,,,
0404491,川越リハビリテーション病院,1,0,0,1,0,0,0,0,,,,,
0405043,南古谷病院,1,1,1,0,0,0,1,0,,,,,
0405134,医療法人康正会病院,1,0,0,1,0,0,0,0,,,,,
0405175,帯津三敬病院,1,0,1,0,0,0,0,0,,,,,
0405993,傍島外科,1,0,0,1,0,0,0,0,,,,,
0406405,川越救急クリニック,1,0,0,1,0,0,0,0,,,,,
3100013,埼玉慈恵病院,1,1,1,0,0,1,0,0,,,,,
3100526,藤間病院,1,0,1,0,0,0,0,0,,,,,
3101599,医療法人啓清会関東脳神経外科病院,1,3,0,1,0,2,1,0,,,,,
3102555,熊谷福島病院,1,0,0,0,1,0,0,0,,,,,
3102654,熊谷外科病院,1,1,1,0,0,0,1,0,,,,,
3102761,熊谷生協病院,1,0,0,1,0,0,0,0,,,,,
3102886,くぼじまクリニック,1,0,0,1,0,0,0,0,,,,,
3102969,いのクリニック,1,0,0,1,0,0,0,0,,,,,
3103447,籠原病院,1,1,0,1,0,0,1,0,,,,,
3103868,医療法人安和会石丸安世記念熊谷ディアベテスクリニック,1,0,1,0,0,0,0,0,,,,,
3104023,社会医療法人熊谷総合病院,2,2,2,0,0,1,1,0,,,,,
3104205,埼玉県立循環器・呼吸器病センター,3,2,2,1,0,1,1,0,,,,,
0201350,社会福祉法人恩賜財団済生会支部埼玉県済生会川口総合病院,4,4,3,1,0,1,2,1,,,22246.0,12028.0,VERIFIED_NUMERIC
0201715,医療法人安東病院,1,0,0,1,0,0,0,0,,,,,
0201996,医療法人健仁会益子病院,1,0,0,1,0,0,0,0,,,,,
0202747,医療法人刀水会齋藤記念病院,1,1,1,0,0,0,1,0,,,,,
0203091,埼玉協同病院,2,2,2,0,0,2,0,0,,,,,
0203596,社会医療法人社団大成会武南病院,1,0,0,1,0,0,0,0,,,,,
0203786,寿康会病院,1,0,1,0,0,0,0,0,,,,,
0203794,医療法人社団協友会東川口病院,1,1,1,0,0,0,1,0,,,,,
0203984,医療法人誠朗会上野病院,1,0,0,0,1,0,0,0,,,,,
0204222,医療法人千葉外科内科病院,1,0,0,1,0,0,0,0,,,,,
0204255,医療法人厚和会河合病院,1,1,0,1,0,0,1,0,,,,,
0205229,川口市立医療センター,4,2,3,1,0,1,1,0,,,20873.0,7351.0,VERIFIED_NUMERIC
0207092,医療法人社団桐和会　タムスさくら病院川口,1,1,0,1,0,0,1,0,,,,,
0207340,医療法人三誠会川口誠和病院,1,1,0,1,0,0,1,0,,,,,
0207894,社会医療法人新青会川口工業総合病院,1,1,1,0,0,0,1,0,,,,,
0208223,医療法人青木会青木中央クリニック,1,1,0,1,0,0,1,0,,,,,
0208850,かわぐち心臓呼吸器病院,1,0,0,1,0,0,0,0,,,,,
0209429,上靑木中央醫院,1,0,0,1,0,0,0,0,,,,,
0210401,川口きゅうぽらリハビリテーション病院,2,1,0,1,0,0,1,0,,,,,
0210419,ふれあい生協病院,1,0,1,0,0,0,0,0,,,,,
2000149,医療法人あかつき会はとがや病院,1,0,0,1,0,0,0,0,,,,,
2000180,医療法人社団厚生会埼玉厚生病院,1,1,0,1,0,0,1,0,,,,,
3700986,社会医療法人壮幸会行田総合病院,3,1,3,0,0,1,0,0,,,,,
3701158,行田中央総合病院,1,1,1,0,0,0,1,0,,,,,
3701398,石井クリニック,0,1,0,0,0,0,0,1,,,,,
4901302,秩父第一病院,1,0,0,1,0,0,0,0,,,,,
4901443,秩父生協病院,1,0,1,0,0,0,0,0,,,,,
4901732,秩父市立病院,1,1,1,0,0,0,1,0,,,,,
4901823,医療法人花仁会秩父病院,1,0,1,0,0,0,0,0,,,,,
2501740,所沢市市民医療センター,1,0,1,0,0,0,0,0,,,,,
2501773,医療法人社団東光会東所沢病院,1,0,0,1,0,0,0,0,,,,,
2502615,新所沢清和病院,0,1,0,0,0,0,1,0,,,,,
2503274,医療法人社団明雄会北所沢病院,1,0,0,1,0,0,0,0,,,,,
2503431,医療法人社団秀栄会所沢第一病院,2,1,1,1,0,0,1,0,,,,,
2504496,医療法人啓仁会所沢ロイヤル病院,1,0,0,1,0,0,0,0,,,,,
2504520,埼玉西協同病院,2,0,1,1,0,0,0,0,,,,,
2505535,医療法人社団医凰会並木病院,1,0,0,1,0,0,0,0,,,,,
2505709,医療法人社団和風会所沢リハビリテーション病院,1,0,0,1,0,0,0,0,,,,,
2505717,社会医療法人至仁会圏央所沢病院,2,2,1,1,0,1,1,0,,,,,
2506228,医療法人社団桜友会所沢ハートセンター,1,0,1,0,0,0,0,0,,,,,
2506467,医療法人社団和風会所沢中央病院,1,2,1,0,0,1,1,0,,,,,
9900051,独立行政法人国立病院機構西埼玉中央病院,1,1,1,0,0,0,1,0,,,,,
9900069,防衛医科大学校病院,3,2,3,0,0,1,1,0,,,,,
2600450,飯能中央病院,1,1,0,1,0,0,0,1,,,,,
2600740,佐瀬病院,0,1,0,0,0,0,0,1,,,,,
2601342,医療法人靖和会飯能靖和病院,1,1,1,0,0,0,1,0,,,,,
2601383,医療法人泰一会飯能整形外科病院,1,1,0,1,0,0,0,1,,,,,
3600632,騎西病院,2,1,1,1,0,0,0,1,,,,,
3800315,医療法人社団弘人会中田病院,1,1,1,0,0,0,1,0,,,,,
3800539,医療法人十善病院,1,0,0,1,0,0,0,0,,,,,
3801016,医療法人ＥＭＳ西山救急クリニック,1,1,1,0,0,0,1,0,,,,,
3801115,医療法人社団生彩会加須東病院,1,0,0,1,0,0,0,0,,,,,
3801123,社会福祉法人恩賜財団済生会支部埼玉県済生会加須病院,3,2,3,0,0,0,2,0,,,,,
4300109,医療法人彩北病院,1,0,0,1,0,0,0,0,,,,,
4300851,医療法人本庄福島病院,1,0,0,0,1,0,0,0,,,,,
4301032,本庄総合病院,1,1,1,0,0,0,1,0,,,,,
4301370,医療法人柏成会青木病院,1,1,0,1,0,0,1,0,,,,,
4301446,医療法人鈴木外科病院,1,1,0,1,0,0,0,1,,,,,
4301461,医療法人益子会（社団）児玉中央病院,1,0,0,0,1,0,0,0,,,,,
4301610,医療法人桂水会岡病院,1,1,0,1,0,0,1,0,,,,,
4301719,医療法人社団寿会吉沢病院,1,1,0,1,0,0,0,1,,,,,
4301776,本庄駅前病院,1,1,0,1,0,0,1,0,,,,,
4301784,本庄脳神経外科・脊椎外科,1,1,0,1,0,0,1,0,,,,,
3300480,東松山市立市民病院,1,1,1,0,0,0,1,0,,,,,
3300720,医療法人埼玉成恵会病院,1,1,0,1,0,0,1,0,,,,,
3301678,宏仁会高坂醫院,1,0,0,1,0,0,0,0,,,,,
3301843,シャローム病院,1,0,0,1,0,0,0,0,,,,,
0600049,医療法人梅原病院,1,0,0,1,0,0,0,0,,,,,
0600981,医療法人財団明理会春日部中央総合病院,2,1,2,0,0,0,1,0,,,,,
0601013,医療法人光仁会春日部厚生病院,2,0,1,0,0,0,0,0,,,,,
0601187,医療法人社団嬉泉会春日部嬉泉病院,1,1,1,0,0,0,1,0,,,,,
0602128,武里病院,1,0,0,1,0,0,0,0,,,,,
0602318,秀和総合病院,1,1,1,0,0,0,1,0,,,,,
0602508,医療法人社団庄和会庄和中央病院,1,0,1,0,0,0,0,0,,,,,
0602540,医療法人社団春日部さくら病院,1,0,0,1,0,0,0,0,,,,,
0602847,医療法人社団春明会　みくに病院,1,0,1,0,0,0,0,0,,,,,
0602888,医療法人光仁会南部厚生病院,1,0,0,1,0,0,0,0,,,,,
0602953,医療法人福満会守田内科医院,1,0,0,1,0,0,0,0,,,,,
0603266,医療法人社団全仁会東都春日部病院,1,1,1,0,0,0,1,0,,,,,
0603332,春日部市立医療センター,2,1,1,1,0,1,0,0,,,,,
2700532,狭山厚生病院,1,0,0,1,0,0,0,0,,,,,
2700763,社会医療法人入間川病院,2,1,1,1,0,0,1,0,,,,,
2700870,医療法人西狭山病院,1,0,1,0,0,0,0,0,,,,,
2701019,医療法人社団グロリア会前田病院,1,0,0,1,0,0,0,0,,,,,
2701159,医療法人尚寿会狭山尚寿会病院,1,1,1,0,0,1,0,0,,,,,
2701415,医療法人社団清心会至聖病院,1,0,1,0,0,0,0,0,,,,,
2702298,社会医療法人財団石心会埼玉石心会病院,4,3,4,0,0,2,1,0,,,17490.0,7030.0,VERIFIED_NUMERIC
2702371,医療法人社団匡恕会　梶田医院狭山,1,0,0,1,0,0,0,0,,,,,
3900545,医療法人樫楠会冨田脳外科クリニック,1,1,0,1,0,0,1,0,,,,,
3901055,医療法人徳洲会　羽生総合病院,3,2,2,1,0,1,1,0,,,,,
1700749,埼玉脳神経外科病院,1,1,0,1,0,0,1,0,,,,,
1701523,村越外科・胃腸科・肛門科,1,1,0,1,0,0,1,0,,,,,
1701671,医療法人社団鴻飛会鴻巣外科胃腸科,1,0,0,1,0,0,0,0,,,,,
1701812,こうのす共生病院,1,1,1,0,0,0,1,0,,,,,
4600656,深谷赤十字病院,4,2,3,1,0,1,1,0,,,19415.0,5453.0,VERIFIED_NUMERIC
4600730,北深谷病院,1,0,0,1,0,0,0,0,,,,,
4600912,あねとす病院,1,0,0,1,0,0,0,0,,,,,
4601050,皆成病院,1,0,0,1,0,0,0,0,,,,,
4601167,医療法人社団優慈会佐々木病院,1,1,0,1,0,0,1,0,,,,,
4601928,医療法人康曜会プラーナクリニック,1,0,0,1,0,0,0,0,,,,,
4602033,医療法人葵深谷中央病院,1,1,0,1,0,0,1,0,,,,,
4602058,医療法人良仁会桜ヶ丘病院,1,0,0,1,0,0,0,0,,,,,
1600394,医療法人社団愛友会上尾中央総合病院,4,3,4,0,0,2,1,0,,,32698.0,14857.0,VERIFIED_NUMERIC
1601087,医療法人藤仁会藤村病院,1,1,0,1,0,0,1,0,,,,,
1601582,埼玉県総合リハビリテーションセンター,1,1,1,0,0,0,1,0,,,,,
1601814,上尾ふじなみ診療所,1,0,0,1,0,0,0,0,,,,,
1603133,医療法人社団由佑会さくらクリニック,1,0,0,1,0,0,0,0,,,,,
1800929,医療法人親和会鳳永病院,1,1,0,1,0,0,1,0,,,,,
1801091,医療法人社団協友会メディカルトピア草加病院,1,1,1,0,0,0,1,0,,,,,
1801414,医療法人移山会二宮病院,1,0,1,0,0,0,0,0,,,,,
1802065,医療法人社団蓮誓会レン・ファミリークリニック,1,0,0,1,0,0,0,0,,,,,
1802271,草加市立病院,3,1,2,1,0,0,1,0,,,,,
1802735,医療法人正務医院,1,0,0,1,0,0,0,0,,,,,
1803139,埼友草加病院,1,2,1,0,0,1,1,0,,,,,
1803352,医療法人眞幸会草加松原整形外科医院,1,1,0,1,0,0,1,0,,,,,
0801050,越谷市立病院,2,2,2,0,0,0,2,0,,,,,
0801191,医療法人財団明理会新越谷病院,1,0,0,1,0,0,0,0,,,,,
0801324,リハビリテーション天草病院,1,0,0,1,0,0,0,0,,,,,
0801563,獨協医科大学埼玉医療センター,6,3,5,1,0,2,1,0,,,45129.0,16818.0,VERIFIED_NUMERIC
0801951,医療法人社団大和会慶和病院,1,0,0,1,0,0,0,0,,,,,
0802249,医療法人社団協友会越谷誠和病院,1,1,0,1,0,0,1,0,,,,,
0802983,市川胃腸科外科病院,1,0,0,1,0,0,0,0,,,,,
0803247,医療法人道心会埼玉東部循環器病院,1,0,1,0,0,0,0,0,,,,,
0803379,医療法人研整会松田整形外科,1,1,0,1,0,0,0,1,,,,,
0803411,南越谷健身会クリニック,1,1,1,0,0,0,1,0,,,,,
0805010,レイクタウン整形外科病院,1,1,0,1,0,0,1,0,,,,,
0805101,埼友クリニック,1,0,0,1,0,0,0,0,,,,,
0805143,医療法人社団仁心会　越谷ハートフルクリニック,1,0,1,0,0,0,0,0,,,,,
0810176,医療法人社団聖心会　湖街ホスピタル,1,0,1,0,0,0,0,0,,,,,
1400019,蕨市立病院,1,1,0,1,0,0,1,0,,,,,
1400555,医療法人今井病院,1,0,0,1,0,0,0,0,,,,,
1900133,医療法人社団東光会戸田中央総合病院,4,2,3,1,0,1,1,0,,,27606.0,10979.0,VERIFIED_NUMERIC
1900372,戸田市立市民医療センター,1,0,0,1,0,0,0,0,,,,,
2800423,原田病院,1,1,0,1,0,0,1,0,,,,,
2800753,医療法人明晴会西武入間病院,1,0,0,1,0,0,0,0,,,,,
2800837,小林病院,1,0,0,1,0,0,0,0,,,,,
2801199,医療法人社団仁友会入間台クリニック,1,1,0,1,0,0,0,1,,,,,
2801207,医療法人永仁会入間ハート病院,1,2,1,0,0,1,1,0,,,,,
2801363,医療法人金子病院,1,0,0,1,0,0,0,0,,,,,
2801892,豊岡第一病院,1,1,1,0,0,0,1,0,,,,,
2801967,医療法人豊岡整形外科病院,1,1,0,1,0,0,1,0,,,,,
2802007,自衛隊入間病院,1,1,1,0,0,0,1,0,,,,,
2100675,朝霞厚生病院,1,1,0,1,0,0,1,0,,,,,
2102176,医療法人社団宏友会 栗原整形外科,0,1,0,0,0,0,0,1,,,,,
2102267,朝霞台駅前みなみ耳鼻咽喉科,1,0,0,0,0,0,0,0,,,,,
2102358,医療法人山柳会　あさか相生病院,1,1,1,0,0,0,1,0,,,,,
2200665,医療法人社団浅野病院,1,0,0,1,0,0,0,0,,,,,
2300358,医療法人寿鶴会菅野病院,1,0,1,0,0,0,0,0,,,,,
2300374,坪田和光病院,1,0,0,0,1,0,0,0,,,,,
5100599,医療法人向英会髙田整形外科病院,1,1,0,1,0,0,0,1,,,,,
5100664,静風荘病院,1,0,0,1,0,0,0,0,,,,,
5100680,堀ノ内病院,1,1,1,0,0,0,1,0,,,,,
5100722,北野病院,1,0,1,0,0,0,0,0,,,,,
5200589,医療法人壽亮会大谷記念病院,1,0,0,0,1,0,0,0,,,,,
5200597,医療法人財団聖蹟会埼玉県央病院,1,1,1,0,0,0,1,0,,,,,
0501783,宮嶋整形外科,1,0,0,1,0,0,0,0,,,,,
0900035,蓮江病院,1,1,0,1,0,0,1,0,,,,,
0900043,新井病院,1,1,0,1,0,0,1,0,,,,,
0900886,久喜メディカルクリニック,1,1,0,1,0,0,1,0,,,,,
0901041,医療法人土屋小児病院,1,1,1,0,0,0,1,0,,,,,
0901264,新久喜総合病院,3,3,2,1,0,1,2,0,,,18245.0,8994.0,VERIFIED_NUMERIC
0901322,東鷲宮病院,1,1,0,1,0,0,1,0,,,,,
0901363,しらさきクリニック,1,0,1,0,0,0,0,0,,,,,
0901504,栗橋病院,1,1,0,1,0,0,1,0,,,,,
1102466,医療法人社団永成会矢作整形外科・内科,0,1,0,0,0,0,1,0,,,,,
5300470,山田医院,1,0,0,1,0,0,0,0,,,,,
5300926,北里大学メディカルセンター,2,2,1,1,0,1,1,0,,,,,
5301106,医療法人社団博翔会桃泉園北本病院,1,1,0,1,0,0,1,0,,,,,
1000231,医療法人社団協友会埼玉回生病院,1,0,0,1,0,0,0,0,,,,,
1000256,医療法人社団州山会広瀬病院,1,0,0,1,0,0,0,0,,,,,
1000991,医療法人社団協友会八潮中央総合病院,1,1,1,0,0,0,1,0,,,,,
2900421,みずほ台病院,1,1,0,1,0,0,1,0,,,,,
2900587,医療法人根本外科整形外科,1,1,0,1,0,0,0,1,,,,,
2900769,医療法人実幸会栗原医院,1,1,0,1,0,0,0,1,,,,,
2901312,医療法人財団明理会イムス富士見総合病院,1,1,1,0,0,0,1,0,,,,,
2901593,医療法人さくらさくら記念病院,1,1,1,0,0,0,1,0,,,,,
1200203,埼玉みさと総合リハビリテーション病院,1,0,0,1,0,0,0,0,,,,,
1200427,医療法人財団健和会みさと健和病院,2,1,2,0,0,0,1,0,,,,,
1200591,医療法人社団愛友会三郷中央総合病院,1,1,1,0,0,0,1,0,,,,,
1202050,三愛会総合病院,1,1,1,0,0,0,1,0,,,,,
5700406,蓮田病院,1,1,0,1,0,0,1,0,,,,,
5700638,医療法人心喜会蓮田外科医院,1,0,0,0,1,0,0,0,,,,,
5700679,医療法人社団愛友会蓮田一心会病院,1,0,0,1,0,0,0,0,,,,,
6000129,明海大学歯学部付属明海大学病院,1,1,0,0,1,0,1,0,,,,,
6001036,坂戸中央病院,1,1,0,1,0,0,1,0,,,,,
6001317,医療法人若葉会若葉病院,1,0,0,1,0,0,0,0,,,,,
6001531,医療法人社団敬悠会菅野病院,1,0,0,1,0,0,0,0,,,,,
6100028,牛村病院,1,0,0,1,0,0,0,0,,,,,
6100259,医療法人幸仁会堀中病院,1,1,0,1,0,0,1,0,,,,,
6100309,石塚医院,1,0,0,1,0,0,0,0,,,,,
6200075,医療法人関越病院,2,1,2,0,0,0,1,0,,,,,
6200380,大西内科,1,0,0,1,0,0,0,0,,,,,
6300255,武蔵台病院,1,1,1,0,0,1,0,0,,,,,
6300289,医療法人社団輔正会岡村記念クリニック,2,1,0,2,0,0,0,1,,,,,
6300297,埼玉医科大学国際医療センター,5,4,5,0,0,4,0,0,,,41923.0,13216.0,VERIFIED_NUMERIC
6400055,医療法人社団協友会吉川中央総合病院,1,1,0,1,0,0,1,0,,,,,
6400360,医療法人社団磯久クリニック,1,0,0,1,0,0,0,0,,,,,
3000510,医療法人誠壽会上福岡総合病院,1,1,1,0,0,0,1,0,,,,,
3001039,富家病院,1,1,0,1,0,0,1,0,,,,,
3001658,医療法人社団草芳会三芳野第２病院,1,0,0,1,0,0,0,0,,,,,
0501106,医療法人社団哺育会白岡中央総合病院,1,1,1,0,0,0,1,0,,,,,
0501627,医療法人ひかり会パーク病院,1,0,0,1,0,0,0,0,,,,,
1303155,のぞみリハビリテーション病院,1,1,0,1,0,0,1,0,,,,,
1303361,医療法人社団顕心会伊奈中央病院,1,0,0,1,0,0,0,0,,,,,
1303536,埼玉県立がんセンター,5,2,3,2,0,2,0,0,,,29237.0,8010.0,VERIFIED_NUMERIC
1303551,医療法人社団愛友会伊奈病院,1,1,1,0,0,0,1,0,,,,,
2402493,医療法人財団明理会埼玉セントラル病院,1,0,0,1,0,0,0,0,,,,,
2403236,医療法人社団草芳会三芳野病院,1,1,0,1,0,0,0,1,,,,,
2403665,医療法人社団明芳会イムス三芳総合病院,1,1,1,0,0,0,1,0,,,,,
2403798,ふじみの救急病院,1,2,1,0,0,1,1,0,,,,,
2400539,丸木記念福祉メディカルセンター,1,0,0,0,1,0,0,0,,,31946.0,13799.0,VERIFIED_NUMERIC
2401966,埼玉医科大学病院,4,4,4,0,0,2,2,0,,,31946.0,13799.0,VERIFIED_NUMERIC
3200029,小川赤十字病院,1,1,1,0,0,0,1,0,,,,,
3200789,医療法人瀬川病院,1,0,0,1,0,0,0,0,,,,,
3201084,宏仁会小川病院,1,0,0,0,1,0,0,0,,,,,
3201613,医療法人啓仁会平成の森・川島病院,1,0,0,1,0,0,0,0,,,,,
3200896,医療法人眞美会麻見江ホスピタル,1,0,0,1,0,0,0,0,,,,,
4801015,医療法人徳洲会皆野病院,1,2,1,0,0,0,1,1,,,,,
4800934,長瀞医新クリニック,1,0,0,1,0,0,0,0,,,,,
4800926,国民健康保険町立小鹿野中央病院,1,0,0,1,0,0,0,0,,,,,
4501813,埼玉よりい病院,1,1,0,1,0,0,1,0,,,,,
0501684,公設宮代福祉医療センター診療所六花,1,0,0,1,0,0,0,0,,,,,
1100908,医療法人今井病院,1,0,0,1,0,0,0,0,,,,,
1102946,医療法人社団廣和会埼玉杉戸診療所,1,0,0,1,0,0,0,0,,,,,
1101898,医療法人社団全仁会埼玉筑波病院,1,0,1,0,0,0,0,0,,,,,
1102441,中川の郷療育センター,1,0,0,0,0,0,0,0,,,,,
1102961,医療法人社団明日佳埼玉あすか松伏病院,1,0,0,1,0,0,0,0,,,,,
3302015,武蔵嵐山病院,1,1,1,0,0,0,1,0,,,,,
4301115,医療法人博明会飯塚内科小児科,1,0,0,1,0,0,0,0,,,,,
3300472,東松山医師会病院,1,1,1,0,0,0,1,0,,,,,
3300910,大谷整形外科病院,1,0,0,1,0,0,0,0,,,,,
1601673,医療法人社団愛友会上尾中央第二病院,1,0,0,1,0,0,0,0,,,,,
0805572,医療法人EMS　酒井救急クリニック,1,1,0,1,0,0,1,0,,,,,
6100739,社会医療法人ジャパンメディカルアライアンス東埼玉総合病院,1,1,0,1,0,0,1,0,,,,,
0110171,医療法人社団普照会 井上記念病院,1,1,0,1,0,0,1,0,,,,,
0110197,医療法人柏葉会 柏戸病院,1,1,0,1,0,0,1,0,,,,,
0110262,医療法人社団明生会 三橋明生病院,1,1,0,1,0,0,1,0,,,,,
0110635,独立行政法人地域医療機能推進機構 千葉病院,1,1,1,0,0,0,1,0,,,,,
0110684,千葉県がんセンター,4,4,4,0,0,2,2,0,,,23641.0,7934.0,VERIFIED_NUMERIC
0110700,医療法人社団福生会 斎藤労災病院,1,0,0,1,0,0,0,0,,,,,
0118687,千葉市立青葉病院,3,2,2,0,0,1,1,0,,,,,
0122895,一般社団法人巨樹の会 千葉みなとリハビリテーション病院,1,0,0,1,0,0,0,0,,,,,
0123091,医療法人社団誠馨会 千葉メディカルセンター,2,2,2,0,0,1,1,0,,,,,
0123794,医療法人浄光会 千葉みなと病院,1,0,0,1,0,0,0,0,,,,,
0124768,医療法人緑栄会 三愛記念病院,1,0,1,0,0,0,0,0,,,,,
9110016,独立行政法人国立病院機構 千葉医療センター,3,1,2,1,0,0,1,0,,,,,
9210014,千葉大学医学部附属病院,8,5,6,2,0,2,3,0,,,31224.0,12180.0,VERIFIED_NUMERIC
9510058,独立行政法人国立病院機構 千葉医療センター千葉東病院,1,1,0,1,0,0,1,0,,,,,
0110767,医療法人社団晴山会平山病院,2,1,0,2,0,0,1,0,,,,,
0113050,医療法人社団幸有会　幸有会記念病院,1,1,0,1,0,0,0,1,,,,,
0115675,医療法人社団有相会最成病院,1,1,1,0,0,0,1,0,,,,,
0119180,社会医療法人社団千葉県勤労者医療協会千葉健生病院,1,0,1,0,0,0,0,0,,,,,
0122812,医療法人社団江楓会　あかいし脳神経外科クリニック,0,1,0,0,0,0,0,1,,,,,
0124164,医療法人社団三水会北千葉整形外科幕張クリニック,2,1,0,1,1,0,1,0,,,,,
0124677,幕張不整脈クリニック,1,0,1,0,0,0,0,0,,,,,
0113241,医療法人社団翠明会山王病院,2,2,2,0,0,0,2,0,,,,,
0115758,社会医療法人社団健脳会千葉脳神経外科病院,1,2,1,0,0,0,2,0,,,,,
0118042,医療法人社団ふけ会富家千葉病院,1,1,0,1,0,0,1,0,,,,,
0120329,医療法人社団遊山会耳鼻咽喉科サージセンターちば,1,0,0,1,0,0,0,0,,,,,
0120378,医療法人社団親月会千葉中央外科内科,1,1,0,0,1,0,1,0,,,,,
0124206,医療法人社団駿心会 稲毛病院,1,1,1,0,0,0,1,0,,,,,
9110040,国立研究開発法人量子科学技術研究開発機構　QST病院,4,3,2,2,0,2,1,0,,,,,
0113654,医療法人社団誠馨会総泉病院,1,0,0,1,0,0,0,0,,,,,
0114728,医療法人社団誠馨会千葉中央メディカルセンター,2,2,2,0,0,1,1,0,,,,,
0116384,医療法人社団創進会みつわ台総合病院,1,1,0,1,0,0,1,0,,,,,
0120543,医療法人社団千葉いずみ会泉中央病院,1,0,0,1,0,0,0,0,,,,,
0124008,医療法人社団匡仁会梶田医院,1,0,0,1,0,0,0,0,,,,,
0111799,千葉県千葉リハビリテーションセンター,1,1,1,0,0,1,0,0,,,,,
0113191,千葉県こども病院,2,2,1,0,1,0,2,0,,,,,
0116855,医療法人社団紫雲会千葉南病院,1,1,1,0,0,0,1,0,,,,,
0121178,医療法人社団寄命会椎名崎クリニック,1,0,0,1,0,0,0,0,,,,,
0122143,医療法人社団錦昌会みどりのは葉記念病院,1,1,0,1,0,1,0,0,,,,,
0122820,医療法人社団淳英会おゆみの中央病院,1,1,1,0,0,1,0,0,,,,,
0112524,千葉市立海浜病院,2,1,1,1,0,1,0,0,,,,,
0118646,医療法人社団誠馨会自動車事故対策機構千葉療護センター,1,1,1,0,0,1,0,0,,,,,
0121988,医療法人社団誠仁会みはま病院,1,0,1,0,0,0,0,0,,,,,
0122531,医療法人社団小羊会高洲訪問クリニック,1,0,0,1,0,0,0,0,,,,,
0125559,医療法人白百合会幕張病院,1,0,0,1,0,0,0,0,,,,,
0126052,千葉県総合救急災害医療センター,1,1,1,0,0,0,1,0,,,,,
1310051,銚子市立病院,1,1,0,1,0,0,1,0,,,,,
1310119,医療法人積仁会島田総合病院,2,1,2,0,0,0,1,0,,,,,
1310499,医療法人社団圭寿会兒玉病院,1,0,0,1,0,0,0,0,,,,,
2712503,医療法人社団平静会大村病院,1,0,1,0,0,0,0,0,,,,,
2714400,医療法人社団瑞鶴会鶴木クリニック医科・歯科,1,0,0,0,0,0,0,0,,,,,
2714533,医療法人社団嵐川大野中央病院,1,1,0,1,0,0,1,0,,,,,
2714855,医療法人社団聖進会市川東病院,1,1,1,0,0,0,1,0,,,,,
2714871,医療法人友康会行徳中央クリニック,1,0,0,1,0,0,0,0,,,,,
2716249,医療法人財団明理会行徳総合病院,1,1,1,0,0,0,1,0,,,,,
2716975,タムス市川リハビリテーション病院,1,1,0,1,0,0,1,0,,,,,
9110024,国立健康危機管理研究機構国立国府台医療センター,2,1,1,1,0,0,1,0,,,,,
2810018,独立行政法人地域医療機能推進機構船橋中央病院,2,1,1,1,0,0,1,0,,,,,
2810091,医療法人弘仁会板倉病院,1,1,1,0,0,0,1,0,,,,,
2810257,医療法人愛の家高根台病院,1,0,0,1,0,0,0,0,,,,,
2810265,医療法人社団睦会いけだ病院,1,0,0,1,0,0,0,0,,,,,
2810299,医療法人下総会薬園台リハビリテーション病院,1,0,0,1,0,0,0,0,,,,,
2810943,社会医療法人社団千葉県勤労者医療協会船橋二和病院,1,1,1,0,0,1,0,0,,,,,
2811073,医療法人成春会北習志野花輪病院,1,1,0,1,0,0,1,0,,,,,
2811214,船橋市立医療センター,3,2,2,1,0,1,1,0,,,,,
2812204,医療法人社団協和会滝不動病院,1,0,0,1,0,0,0,0,,,,,
2812915,医療法人社団嬉泉会大島記念嬉泉病院,1,0,1,0,0,0,0,0,,,,,
2813111,医療法人社団邦和会船橋クリニック,1,0,0,1,0,0,0,0,,,,,
2814945,医療法人社団誠馨会セコメディック病院,1,2,1,0,0,0,2,0,,,,,
2815710,医療法人社団良知会共立習志野台病院,1,0,0,1,0,0,0,0,,,,,
2815777,船橋市立リハビリテーション病院,1,0,0,1,0,0,0,0,,,,,
2816189,医療法人社団千葉秀心会東船橋病院,1,1,0,1,0,0,1,0,,,,,
2816858,医療法人社団協友会船橋総合病院,2,1,2,0,0,0,1,0,,,,,
2817187,医療法人徳洲会千葉徳洲会病院,4,2,2,2,0,1,1,0,,,18363.0,5995.0,VERIFIED_NUMERIC
2818516,医療法人社団小羊会船橋訪問クリニック,1,0,0,1,0,0,0,0,,,,,
3610540,医療法人社団慶勝会赤門整形外科内科,0,1,0,0,0,0,0,1,,,,,
3610920,社会福祉法人太陽会安房地域医療センター,2,1,2,0,0,1,0,0,,,,,
3611100,医療法人徳洲会館山病院,1,1,0,1,0,0,1,0,,,,,
1010065,医療法人萩仁会萩原病院,1,2,0,1,0,0,2,0,,,,,
1010149,国保直営総合病院君津中央病院,4,2,3,1,0,1,1,0,,,35707.0,8894.0,VERIFIED_NUMERIC
1010156,医療法人社団志仁会薬丸病院,1,0,1,0,0,0,0,0,,,,,
1010206,石井病院,2,0,0,0,1,0,0,0,,,,,
1010487,医療法人社団養真会上総記念病院,1,0,0,1,0,0,0,0,,,,,
1011329,医療法人社団明敬会重城病院,1,0,0,1,0,0,0,0,,,,,
1011618,医療法人社団邦清会木更津東邦病院,1,1,0,1,0,0,1,0,,,,,
1011824,医療法人互生会アクアリハビリテーション病院,1,0,0,1,0,0,0,0,,,,,
1012087,医療法人社団寧篤会　内房整形外科クリニック,1,0,0,1,0,0,0,0,,,,,
2410124,医療法人社団清志会山本病院,1,0,0,1,0,0,0,0,,,,,
2410140,医療法人社団ときわ会常盤平中央病院,1,0,0,1,0,0,0,0,,,,,
2410389,医療法人財団明理会新松戸中央総合病院,2,2,2,0,0,0,2,0,,,,,
2410546,日本大学松戸歯学部付属病院,2,1,1,0,0,0,1,0,,,,,
2411429,医療法人社団弥生会旭神経内科リハビリテーション病院,1,1,0,1,0,0,1,0,,,,,
2412435,公益財団法人ニッセイ聖隷健康福祉財団松戸ニッセイ聖隷クリニック,1,0,0,1,0,0,0,0,,,,,
2412484,医療法人徳洲会千葉西総合病院,4,3,3,1,0,2,1,0,,,41591.0,12528.0,VERIFIED_NUMERIC
2412849,医療法人財団松圓会東葛クリニック病院,1,0,1,0,0,0,0,0,,,,,
2414837,医療法人社団洗心島村トータル・ケア・クリニック,1,0,0,1,0,0,0,0,,,,,
2414852,医療法人社団青嶺会松戸整形外科病院,1,1,0,1,0,0,1,0,,,,,
2415024,医療法人社団実幸会いらはら診療所,1,0,0,1,0,0,0,0,,,,,
2415032,医療法人社団松和会小板橋病院,1,0,0,1,0,0,0,0,,,,,
2415289,五香病院,1,1,1,0,0,0,1,0,,,,,
2415743,医療法人社団誠馨会新東京病院,1,1,1,0,0,0,1,0,,,,,
2416014,松戸リハビリテーション病院,1,0,0,1,0,0,0,0,,,,,
2416071,医療法人社団鼎会三和病院,1,1,0,1,0,0,1,0,,,,,
2416527,松戸市立総合医療センター,4,2,4,0,0,0,2,0,,,18387.0,7232.0,VERIFIED_NUMERIC
2416709,医療法人社団寿光会 松戸牧の原病院,1,0,0,1,0,0,0,0,,,,,
2010130,キッコーマン総合病院,1,1,1,0,0,0,1,0,,,,,
2010163,医療法人社団全生会　江戸川病院,1,1,0,1,0,0,0,1,,,,,
2010635,医療法人社団天宣会梅郷整形外科クリニック,0,1,0,0,0,0,0,1,,,,,
2010833,医療法人社団真療会野田病院,1,1,1,0,0,0,0,1,,,,,
2010841,医療法人社団喜晴会野田中央病院,1,0,0,1,0,0,0,0,,,,,
2010940,医療法人社団福聚会東葛飾病院,1,1,0,0,1,0,0,1,,,,,
2011658,医療法人徳洲会　野田総合病院,2,1,2,0,0,0,1,0,,,,,
3110053,医療法人社団上総会山之内病院,1,1,1,0,0,0,1,0,,,,,
3110251,医療法人社団東光会茂原中央病院,1,0,0,1,0,0,0,0,,,,,
3110277,医療法人社団三愛会君塚病院,1,0,0,1,0,0,0,0,,,,,
3110376,公立長生病院,1,1,0,1,0,0,1,0,,,,,
3110780,社会医療法人社団正朋会宍倉病院,2,0,0,1,0,0,0,0,,,,,
3110814,医療法人社団貴志会菅原病院,1,0,0,1,0,0,0,0,,,,,
4310041,成田赤十字病院,3,2,2,1,0,0,2,0,,,,,
4310058,医療法人鳳生会成田病院,1,1,0,1,0,0,1,0,,,,,
4310769,医療法人社団誠仁会みはま成田クリニック,1,0,0,1,0,0,0,0,,,,,
4312054,医療法人社団透光会大栄病院,1,0,0,1,0,0,0,0,,,,,
4312591,国際医療福祉大学成田病院,9,4,7,1,0,2,2,0,,,22251.0,9969.0,VERIFIED_NUMERIC
4210050,公益財団法人日産厚生会佐倉厚生園病院,1,0,0,1,0,0,0,0,,,,,
4210399,医療法人社団愛信会佐倉中央病院,1,1,0,1,0,0,1,0,,,,,
4210639,東邦大学医療センター佐倉病院,3,2,3,0,0,1,1,0,,,,,
4211363,聖隷佐倉市民病院,4,2,3,1,0,1,1,0,,,15504.0,6463.0,VERIFIED_NUMERIC
4211371,医療法人社団爽愛会小林循環器クリニック,1,0,0,1,0,0,0,0,,,,,
4212213,社会福祉法人ユーカリ優都会 南ヶ丘病院,1,0,1,0,0,0,0,0,,,,,
4212429,医療法人社団樹徳会佐倉整形外科眼科病院,1,1,0,1,0,0,1,0,,,,,
0810556,医療法人社団フルガキ・メディカルとうがね中央糖尿病腎クリニック,1,0,0,1,0,0,0,0,,,,,
0810630,東千葉メディカルセンター,2,2,2,0,0,1,1,0,,,,,
1411255,総合病院国保旭中央病院,5,3,3,1,0,1,2,0,,,51254.0,16344.0,VERIFIED_NUMERIC
1411313,医療法人黒潮会田辺病院,1,0,1,0,0,0,0,0,,,,,
0210047,社会医療法人社団菊田会習志野第一病院,1,2,1,0,0,0,2,0,,,,,
0210518,医療法人社団愛友会津田沼中央総合病院,1,2,1,0,0,0,2,0,,,,,
0211409,医療法人社団保健会　東京湾岸リハビリテーション病院,1,0,0,1,0,0,0,0,,,,,
2110047,医療法人聖峰会　岡田病院,1,0,0,1,0,0,0,0,,,,,
2110104,医療法人深町病院,2,0,0,1,0,0,0,0,,,,,
2110914,東京慈恵会医科大学附属柏病院,4,2,4,0,0,1,1,0,,,38189.0,13984.0,VERIFIED_NUMERIC
2111516,柏市立柏病院,2,2,2,0,0,1,1,0,,,,,
2112423,医療法人社団天宣会北柏リハビリ総合病院,1,1,1,0,0,0,1,0,,,,,
2114114,医療法人社団葵会千葉・柏リハビリテーション病院,1,0,0,1,0,0,0,0,,,,,
2114239,医療法人社団誠高会おおたかの森病院,2,1,2,0,0,0,1,0,,,,,
2114866,医療法人社団協友会柏厚生総合病院,4,3,4,0,0,1,2,0,,,19290.0,7246.0,VERIFIED_NUMERIC
2114957,医療法人社団康喜会辻仲病院柏の葉,1,1,1,0,0,0,1,0,,,,,
2115459,医療法人社団聖秀会聖光ヶ丘病院,1,1,1,0,0,0,1,0,,,,,
2115749,医療法人社団葵会柏たなか病院,1,2,1,0,0,1,1,0,,,,,
2116259,社会医療法人社団蛍水会名戸ヶ谷病院,4,2,3,1,0,1,1,0,,,17279.0,9411.0,VERIFIED_NUMERIC
2116994,社会医療法人社団蛍水会名戸ヶ谷記念病院,1,0,1,0,0,0,0,0,,,,,
9110057,国立研究開発法人国立がん研究センター東病院,8,3,6,2,0,3,0,0,,,39548.0,6407.0,VERIFIED_NUMERIC
3810058,医療法人ＳＨＩＯＤＡ塩田病院,1,1,1,0,0,0,1,0,,,,,
3810215,医療法人社団南洲会　南洲会勝浦クリニック,0,1,0,0,0,0,0,1,,,,,
0610055,医療法人鎗田病院,1,1,1,0,0,0,1,0,,,,,
0610113,医療法人芙蓉会五井病院,1,1,1,0,0,0,1,0,,,,,
0610147,独立行政法人労働者健康安全機構千葉労災病院,3,2,2,1,0,2,0,0,,,,,
0610162,千葉県循環器病センター,2,2,1,1,0,1,1,0,,,,,
0610220,医療法人社団琢心会辰巳病院,1,0,1,0,0,0,0,0,,,,,
0610634,帝京大学ちば総合医療センター,3,2,3,0,0,1,1,0,,,,,
0610931,医療法人社団 高原会 原村医院,1,0,0,1,0,0,0,0,,,,,
0611061,医療法人社団健老会姉崎病院,1,0,0,0,1,0,0,0,,,,,
0611608,医療法人社団緑祐会永野病院,1,0,0,1,0,0,0,0,,,,,
0611822,医療法人社団白金会白金整形外科病院,1,1,0,1,0,0,1,0,,,,,
0612093,医療法人社団ゆうあい会やりたクリニック,1,0,0,1,0,0,0,0,,,,,
0612424,医療法人社団慈協会市原メディカルキュア,1,1,0,1,0,0,0,1,,,,,
0612549,医療法人社団千寿雅会長谷川病院,1,0,0,1,0,0,0,0,,,,,
0612879,医療法人社団白金会リハビリテーション病院さらしな,1,1,0,1,0,0,0,1,,,,,
2310423,医療法人社団協友会千葉愛友会記念病院,1,1,1,0,0,0,1,0,,,,,
2310456,医療法人社団曙会流山中央病院,1,1,1,0,0,0,1,0,,,,,
2310753,医療法人社団江陽会江陽台病院,1,0,0,1,0,0,0,0,,,,,
2310910,医療法人社団ますお会柏の葉北総病院,1,0,0,0,1,0,0,0,,,,,
2311835,医療法人社団曙会 流山中央病院附属泉リハビリテーション病院,1,0,0,1,0,0,0,0,,,,,
0410449,医療法人社団惠仁会セントマーガレット病院,1,1,1,0,0,0,1,0,,,,,
0410647,医療法人思誠会勝田台病院,1,1,1,0,0,0,1,0,,,,,
0412312,医療法人社団碩成会島田台総合病院,1,1,0,1,0,0,1,0,,,,,
0412536,医療法人社団晴山会ROSEGARDENクリニック,1,0,0,1,0,0,0,0,,,,,
2510709,医療法人社団康喜会東葛辻仲病院,1,0,0,1,0,0,0,0,,,,,
2510758,医療法人社団創造会平和台病院,1,1,1,0,0,0,1,0,,,,,
2511087,医療法人社団聖仁会我孫子聖仁会病院,1,1,1,0,0,0,1,0,,,,,
2511236,医療法人社団聖和会天王台消化器病院,1,0,1,0,0,0,0,0,,,,,
2511392,社会医療法人社団蛍水会名戸ヶ谷あびこ病院,1,2,1,0,0,0,2,0,,,,,
3910064,医療法人明星会東条病院,1,0,1,0,0,0,0,0,,,,,
3910080,医療法人三紫会小田病院,1,0,0,1,0,0,0,0,,,,,
3910221,医療法人鉄蕉会亀田総合病院,5,2,4,1,0,0,2,0,,,15813.0,4520.0,VERIFIED_NUMERIC
3910270,医療法人鉄蕉会亀田クリニック,2,3,2,0,0,1,2,0,,,,,
3911021,鴨川市立国保病院,1,0,0,1,0,0,0,0,,,,,
2610244,医療法人社団一心会初富保健病院,1,1,1,0,0,0,1,0,,,,,
2610335,医療法人梨香会秋元病院,1,0,0,1,0,0,0,0,,,,,
2610541,医療法人社団ますお会第２北総病院,1,0,0,1,0,0,0,0,,,,,
2610889,医療法人徳洲会鎌ケ谷総合病院,4,2,3,1,0,1,1,0,,,17289.0,7214.0,VERIFIED_NUMERIC
2611242,医療法人社団東邦鎌谷病院,3,3,3,0,0,0,3,0,,,11246.0,3482.0,VERIFIED_NUMERIC
1110071,医療法人社団芙蓉会千葉芙蓉病院,1,0,0,1,0,0,0,0,,,,,
1110337,医療法人社団周晴会鈴木病院,1,0,0,1,0,0,0,0,,,,,
1110782,医療法人社団重光会君津山の手病院,1,0,0,1,0,0,0,0,,,,,
1210012,国保直営君津中央病院大佐和分院,1,0,0,1,0,0,0,0,,,,,
1210160,医療法人社団三友会三枝病院,1,0,0,1,0,0,0,0,,,,,
1210210,医療法人社団栄陽会東病院,1,0,0,1,0,0,0,0,,,,,
1910363,順天堂大学医学部附属浦安病院,4,3,3,0,0,2,1,0,,,42396.0,15231.0,VERIFIED_NUMERIC
1911189,医療法人社団隼整会新浦安整形外科,0,1,0,0,0,0,0,1,,,,,
1911486,医療法人社団康栄会浦安病院,1,0,0,1,0,0,0,0,,,,,
1911981,東京ベイ・浦安市川医療センター,2,2,2,0,0,1,1,0,,,,,
1912310,医療法人社団福秀会浦安高柳病院,1,0,0,1,0,0,0,0,,,,,
1912500,医療法人社団やしの木会浦安中央病院,1,1,0,1,0,0,1,0,,,,,
1912559,タムス浦安病院,1,0,1,0,0,0,0,0,,,,,
4410593,医療法人社団威風会栗山中央病院,1,1,1,0,0,0,0,1,,,,,
4410833,医療法人徳洲会四街道徳洲会病院,2,1,1,1,0,0,1,0,,,,,
4410924,医療法人それいゆ会四街道さくら病院,1,0,0,1,0,0,0,0,,,,,
9510033,独立行政法人国立病院機構下志津病院,1,1,0,1,0,0,1,0,,,,,
0910307,社会医療法人社団さつき会袖ケ浦さつき台病院,1,1,1,0,0,0,1,0,,,,,
0910463,医療法人社団健誠会Ｋｅｎクリニック,1,0,0,1,0,0,0,0,,,,,
4510012,医療法人甲辰会海保病院,1,0,0,1,0,0,0,0,,,,,
4510442,医療法人社団誠和会長谷川病院,1,0,0,1,0,0,0,0,,,,,
4111134,日本医科大学千葉北総病院,6,2,3,3,0,1,1,0,,,,,FETCH_RETRY
4610572,医療法人平成博愛会　印西総合病院,1,1,0,1,0,0,1,0,,,,,
4710034,医療法人社団東光会北総白井病院,1,1,0,1,0,0,1,0,,,,,
4710422,医療法人社団聖仁会白井聖仁会病院,1,1,0,1,0,0,1,0,,,,,
4710455,医療法人社団白翔会千葉白井病院,1,1,0,1,0,0,1,0,,,,,
4810388,医療法人社団樹々会日吉台病院,1,0,0,1,0,0,0,0,,,,,
4810438,医療法人徳洲会成田富里徳洲会病院,2,1,2,0,0,0,1,0,,,,,
5110028,医療法人光洋会三芳病院,1,0,0,1,0,0,0,0,,,,,
5110127,医療法人美篶会中原病院,1,0,0,1,0,0,0,0,,,,,
5110176,南房総市立富山国保病院,1,0,1,0,0,0,0,0,,,,,
5010079,九十九里ホーム病院,1,0,0,1,0,0,0,0,,,,,
5010285,国保匝瑳市民病院,1,1,1,0,0,0,1,0,,,,,
5210067,千葉県立佐原病院,1,1,1,0,0,0,1,0,,,,,
5210265,医療法人社団明芳会イムス佐原リハビリテーション病院,1,0,0,1,0,0,0,0,,,,,
5210455,医療法人三省会本多病院,1,0,0,1,0,0,0,0,,,,,
5210505,医療法人社団寿光会栗源病院,1,0,0,1,0,0,0,0,,,,,
5210778,香取おみがわ医療センター,1,1,1,0,0,0,1,0,,,,,
4910022,いすみ医療センター,1,1,1,0,0,0,1,0,,,,,
4910204,医療法人社団寿光会岬病院,1,0,0,1,0,0,0,0,,,,,
0710905,大網白里市立国保大網病院,1,1,1,0,0,0,1,0,,,,,
5410030,医療法人社団鎮誠会季美の森リハビリテーション病院,1,1,0,1,0,0,1,0,,,,,
5410063,みんなのライフサポートクリニック大網,1,0,0,1,0,0,0,0,,,,,
4111894,医療法人社団千葉光徳会千葉しすい病院,1,1,1,0,0,0,1,0,,,,,
4111282,医療法人社団育誠會北総栄病院,1,0,0,1,0,0,0,0,,,,,
3010386,国保多古中央病院,1,1,1,0,0,0,1,0,,,,,
3010485,東庄町国民健康保険東庄病院,1,0,0,1,0,0,0,0,,,,,
0710707,医療法人社団慈優会九十九里病院,1,1,0,1,0,0,0,1,,,,,
0711358,医療法人社団徳風会髙根病院,2,1,1,1,0,0,1,0,,,,,
0712034,東陽病院,1,1,0,1,0,0,1,0,,,,,
3210291,医療法人社団聖光会聖光会病院,1,0,0,1,0,0,0,0,,,,,
3210549,医療法人ＳＨＩＯＤＡ塩田記念病院,1,2,1,0,0,0,2,0,,,,,
3710076,医療法人川崎病院,1,0,0,1,0,0,0,0,,,,,
3710118,医療法人白百合会大多喜病院,1,0,0,1,0,0,0,0,,,,,
3710647,医療法人餘慶会小髙外科内科,1,0,0,1,0,0,0,0,,,,,
3510336,鋸南町国民健康保険鋸南病院,1,1,0,1,0,0,0,1,,,,,
0125096,医療法人社団鎮誠会令和リハビリテーション病院,1,1,0,1,0,0,1,0,,,,,
1012186,木更津心臓血管クリニック,1,0,1,0,0,0,0,0,,,,,
2311603,医療法人財団東京勤労者医療会東葛病院,2,1,2,0,0,1,0,0,,,,,
0110165,医療法人社団健育会 熱川温泉病院,1,0,0,1,0,0,0,0,,,,,
0110249,医療法人社団健育会西伊豆健育会病院,1,0,0,1,0,0,0,0,,,,,
0110306,医療法人社団康心会 康心会伊豆東部病院,1,1,0,1,0,0,1,0,,,,,
0110363,公益社団法人 地域医療振興協会 伊豆今井浜病院,1,1,0,1,0,0,1,0,,,,,
0210080,河井医院,1,0,0,1,0,0,0,0,,,,,
0210221,下田メディカルセンター,1,1,1,0,0,0,1,0,,,,,
0210262,のぞみ記念 下田循環器・腎臓クリニック,1,0,1,0,0,0,0,0,,,,,
0310062,伊豆赤十字病院,1,1,0,1,0,0,1,0,,,,,
0310112,伊豆韮山温泉病院,1,0,0,1,0,0,0,0,,,,,
0310146,順天堂大学医学部附属静岡病院,5,4,4,0,0,2,2,0,,,34192.0,14132.0,VERIFIED_NUMERIC
0310179,ＪＡ静岡厚生連中伊豆温泉病院,1,1,1,0,0,0,1,0,,,,,
0310203,農協共済中伊豆リハビリテーションセンター,1,0,0,1,0,0,0,0,,,,,
0310237,医療法人新光会伊豆平和病院,1,0,0,1,0,0,0,0,,,,,
0310245,伊豆保健医療センター,1,1,0,1,0,0,0,1,,,,,
0310252,医療法人社団慈広会記念病院,1,0,0,0,1,0,0,0,,,,,
0310393,長岡リハビリテーション病院,1,1,0,1,0,0,0,1,,,,,
0360273,ＮＴＴ東日本伊豆病院,3,1,3,0,0,0,1,0,,,,,
0410102,医療法人社団望洋会 横山医院,1,0,0,1,0,0,0,0,,,,,
0410276,伊東市民病院,2,1,0,2,0,0,1,0,,,,,
0510265,国際医療福祉大学熱海病院,2,2,2,0,0,1,1,0,,,,,
0510422,社会福祉法人愛誠会南熱海病院,1,0,0,1,0,0,0,0,,,,,
0610180,独立行政法人 地域医療機能推進機構 三島総合病院,1,1,1,0,0,0,1,0,,,,,
0610198,医療法人社団清風会芹沢病院,1,0,0,1,0,0,0,0,,,,,
0610230,医療法人社団福仁会 三島東海病院,1,0,0,1,0,0,0,0,,,,,
0610347,医療法人社団 静岡健生会 三島共立病院,1,0,1,0,0,0,0,0,,,,,
0610362,社会医療法人志仁会三島中央病院,1,1,1,0,0,0,1,0,,,,,
0710048,医療法人全心会 伊豆慶友病院,1,0,0,1,0,0,0,0,,,,,
1110057,一般財団法人 芙蓉協会 聖隷沼津病院,1,1,1,0,0,0,1,0,,,,,
1110099,公益財団法人復康会 沼津リハビリテーション病院,1,0,0,1,0,0,0,0,,,,,
1110164,医療法人社団賢仁会沼津はまゆう病院,1,0,0,1,0,0,0,0,,,,,
1110198,医療法人社団真養会 きせがわ病院,1,0,0,1,0,0,0,0,,,,,
1110271,メディトピア沼津・内科クリニック,1,1,0,1,0,0,1,0,,,,,
1110289,医療法人社団弘仁勝和会 沼津勝和クリニック,1,0,0,1,0,0,0,0,,,,,
1110347,望星第一クリニック,1,0,0,1,0,0,0,0,,,,,
1110412,医療法人社団親和会 西島病院,1,3,1,0,0,1,2,0,,,,,
1110461,沼津西病院,1,0,0,0,1,0,0,0,,,,,
1110701,医療法人社団真養会田沢医院,1,0,0,1,0,0,0,0,,,,,
1110966,瀬尾記念慶友病院,1,1,0,0,1,0,1,0,,,,,
1160011,沼津市立病院,2,2,2,0,0,1,1,0,,,,,
1210139,公益社団法人有隣厚生会富士病院,1,1,1,0,0,0,1,0,,,,,
1210204,社会医療法人 青虎会 フジ虎ノ門整形外科病院,2,2,0,2,0,0,2,0,,,,,
1210337,御殿場かいせい病院,1,0,0,1,0,0,0,0,,,,,
1210378,前田脳神経外科,1,1,0,1,0,0,1,0,,,,,
1210436,公益社団法人有隣厚生会 東部病院,1,0,0,1,0,0,0,0,,,,,
1310129,医療法人社団宏和会 岡村記念病院,1,0,1,0,0,0,0,0,,,,,
1310152,自衛隊富士病院,2,0,0,2,0,0,0,0,,,,,
1310160,公益社団法人 有隣厚生会 富士小山病院,1,0,0,1,0,0,0,0,,,,,
1310202,静岡県立静岡がんセンター,7,3,6,0,1,2,1,0,,,38774.0,10204.0,VERIFIED_NUMERIC
1310210,遠藤クリニック,1,0,0,1,0,0,0,0,,,,,
1310418,医療法人社団 聡誠会 池田病院,1,1,0,1,0,0,0,1,,,,,
1410010,裾野赤十字病院,1,1,0,1,0,0,1,0,,,,,
1410069,さくら胃腸科・外科,1,0,0,0,1,0,0,0,,,,,
1410093,医療法人社団榮紀会 東名裾野病院,1,0,0,1,0,0,0,0,,,,,
2110098,富士宮市立病院,2,1,2,0,0,0,1,0,,,,,
2110163,一般財団法人 富士脳障害研究所附属病院,1,2,1,0,0,1,1,0,,,,,
2110411,富士宮中央クリニック,1,0,1,0,0,0,0,0,,,,,
2110478,医療法人社団優仁会協愛医院,1,0,0,0,0,0,0,0,,,,,
2110577,医療法人社団鵬友会 フジヤマ病院,1,0,0,1,0,0,0,0,,,,,
2310078,聖隷富士病院,1,1,1,0,0,0,1,0,,,,,
2310094,富士市立中央病院,3,2,3,0,0,1,1,0,,,,,
2310144,富士整形外科病院,1,1,0,1,0,0,1,0,,,,,
2310383,新富士病院,1,0,1,0,0,0,0,0,,,,,
2310409,医療法人社団秀峰会 川村病院,1,0,1,0,0,0,0,0,,,,,
2310599,湖山リハビリテーション病院,1,0,0,1,0,0,0,0,,,,,
2310805,富士いきいき病院,1,1,0,1,0,0,1,0,,,,,
2310888,池辺クリニック,1,1,0,1,0,0,0,1,,,,,
2310896,芦川病院,1,0,0,1,0,0,0,0,,,,,
3110014,共立蒲原総合病院,2,1,2,0,0,0,1,0,,,,,
3210137,ＪＡ静岡厚生連清水厚生病院,1,1,0,1,0,0,1,0,,,,,
3260108,独立行政法人地域医療機能推進機構清水さくら病院,1,1,1,0,0,0,1,0,,,,,
4110039,ＪＡ静岡厚生連静岡厚生病院,1,1,0,1,0,0,1,0,,,,,
4111730,医療法人社団宝徳会 小鹿病院,1,0,0,1,0,0,0,0,,,,,
4111763,医療法人社団清明会 静岡リハビリテーション病院,1,0,0,1,0,0,0,0,,,,,
4111847,医療法人社団健正会静岡アオイ病院,1,0,0,0,1,0,0,0,,,,,
4160042,静岡済生会総合病院,3,2,3,0,0,0,2,0,,,,,
4160075,静岡赤十字病院,3,2,2,1,0,1,1,0,,,,,
4210029,静岡市立清水病院,4,2,2,1,1,0,2,0,,,13076.0,6099.0,VERIFIED_NUMERIC
4210060,白萩病院,1,0,0,1,0,0,0,0,,,,,
4210235,しずおか整形外科病院,1,1,0,1,0,0,1,0,,,,,
4210250,医療法人徳洲会　静岡徳洲会病院,1,1,1,0,0,0,1,0,,,,,
4210730,浦島メディカルクリニック,1,0,0,1,0,0,0,0,,,,,
4210771,静岡県立総合病院,6,4,4,2,0,1,3,0,,,49532.0,15740.0,VERIFIED_NUMERIC
4210789,静岡県立こども病院,3,1,2,1,0,0,1,0,,,,,
4211167,清水富士山病院,1,0,1,0,0,0,0,0,,,,,
4211332,静岡市立静岡病院,5,2,2,1,0,1,1,0,,,31465.0,7013.0,VERIFIED_NUMERIC
5110178,天野医院,1,0,0,1,0,0,0,0,,,,,
5110202,医療法人社団綾和会 駿河西病院,1,0,0,1,0,0,0,0,,,,,
5110376,社会医療法人駿甲会コミュニティーホスピタル甲賀病院,1,2,1,0,0,0,2,0,,,,,
5110400,岡本石井病院,1,1,0,1,0,0,1,0,,,,,
5110525,志太記念脳神経外科,1,2,0,1,0,0,1,1,,,,,
5160058,焼津市立総合病院,2,3,2,0,0,1,2,0,,,,,
5310109,誠和藤枝病院,1,0,0,1,0,0,0,0,,,,,
5310224,藤枝平成記念病院,2,3,0,1,0,0,2,1,,,,,
5310281,聖稜リハビリテーション病院,0,1,0,0,0,0,0,1,,,,,
5310554,藤枝市立総合病院,3,2,2,1,0,1,1,0,,,,,
5310661,錦野クリニック,1,1,0,1,0,0,1,0,,,,,
5460078,島田市立総合医療センター,3,2,2,1,0,1,1,0,,,,,
5510120,榛原総合病院,2,1,2,0,0,0,1,0,,,,,
5510476,医療法人社団 八洲会 はいなん吉田病院,1,0,0,1,0,0,0,0,,,,,
5610011,市立御前崎総合病院,1,1,1,0,0,1,0,0,,,,,
6110136,菊川市立総合病院,1,1,1,0,0,0,1,0,,,,,
6210258,医療法人社団 綾和会 掛川北病院,1,0,0,1,0,0,0,0,,,,,
6310082,公立森町病院,1,1,0,1,0,0,1,0,,,,,
6410163,袋井みつかわ病院,1,0,1,0,0,0,0,0,,,,,
6510038,天竜厚生会診療所,1,0,1,0,0,0,0,0,,,,,
6510061,医療法人弘遠会 天竜すずかけ病院,1,0,0,1,0,0,0,0,,,,,
6610135,浜松市国民健康保険 佐久間病院,1,1,0,1,0,0,0,1,,,,,
6610366,医療法人社団　恵成会　豊田えいせい病院,1,1,0,1,0,0,1,0,,,,,
6610408,医療法人社団　澄明会　磐南中央病院,1,0,0,1,0,0,0,0,,,,,
6710067,磐田市立総合病院,4,2,3,1,0,1,1,0,,,29006.0,8129.0,VERIFIED_NUMERIC
6710331,医療法人弘遠会 すずかけヘルスケアホスピタル,1,1,0,1,0,0,1,0,,,,,
6910030,新都市病院,1,1,1,0,0,0,1,0,,,,,
6910253,医療法人社団富士ヶ丘　富士ヶ丘内科,1,0,1,0,0,0,0,0,,,,,
7110051,浜松赤十字病院,2,2,2,0,0,0,2,0,,,,,
7110069,JA静岡厚生連遠州病院,3,2,2,0,1,1,1,0,,,,,
7110432,医療法人弘遠会　すずかけセントラル病院,2,2,1,1,0,1,1,0,,,,,
7110440,独立行政法人労働者健康安全機構 浜松労災病院,2,1,2,0,0,0,1,0,,,,,
7110465,浜松医療センター,6,3,3,2,0,2,1,0,,,25864.0,7437.0,VERIFIED_NUMERIC
7110507,医療法人社団新風会丸山病院,1,1,1,0,0,0,0,1,,,,,
7110838,医療法人社団松愛会松田病院,1,0,1,0,0,0,0,0,,,,,
7110861,社会福祉法人聖隷福祉事業団総合病院聖隷浜松病院,6,5,6,0,0,3,2,0,,,34168.0,18839.0,VERIFIED_NUMERIC
7111109,志都呂クリニック,1,0,1,0,0,0,0,0,,,,,
7111695,石垣内科医院,2,0,0,1,0,0,0,0,,,,,
7111703,浜松北病院,1,1,1,0,0,0,1,0,,,,,
7111802,浜松市リハビリテーション病院,1,1,1,0,0,0,1,0,,,,,
7111901,医療法人社団海仁 海谷眼科,1,0,0,0,0,0,0,0,,,,,
7112008,平安の森記念病院,1,0,0,1,0,0,0,0,,,,,
7112016,常葉大学リハビリテーション病院,1,1,0,1,0,0,0,1,,,,,
7112271,さなるサンクリニック,1,0,0,1,0,0,0,0,,,,,
7160205,社会福祉法人 聖隷福祉事業団 総合病院 聖隷三方原病院,4,3,4,0,0,2,1,0,,,27620.0,9696.0,VERIFIED_NUMERIC
7210059,医療法人社団三誠会 北斗わかば病院,0,1,0,0,0,0,0,1,,,,,
7210075,医療法人社団真愛かおり会 こぼり整形外科クリニック,0,1,0,0,0,0,0,1,,,,,
7210117,医療法人社団綾和会 浜松南病院,1,1,0,1,0,0,1,0,,,,,
7210471,十全記念病院,2,1,2,0,0,0,1,0,,,,,
7210646,医療法人 豊岡会 浜松とよおか病院,1,0,0,1,0,0,0,0,,,,,
7211941,サージセンター,1,0,0,1,0,0,0,0,,,,,
7310099,袋井市立 聖隷袋井市民病院,1,1,0,1,0,0,1,0,,,,,
7410089,掛川市･袋井市病院企業団立中東遠総合医療センター,3,2,3,0,0,1,1,0,,,,,
7410105,医療法人社団 綾和会 掛川東病院,1,0,1,0,0,0,0,0,,,,,
8310247,西坂整形外科,0,1,0,0,0,0,1,0,,,,,
8310262,医療法人社団 誠心会 浜北さくら台病院,1,0,0,1,0,0,0,0,,,,,
8310346,浜松ＰＥＴ診断センター,2,1,1,1,0,1,0,0,,,,,
8410138,市立湖西病院,1,1,1,0,0,0,1,0,,,,,
8410179,浜名病院,1,1,0,1,0,0,1,0,,,,,
9610488,浜松医科大学医学部附属病院,5,3,5,0,0,2,1,0,,,25033.0,9060.0,VERIFIED_NUMERIC
9710015,独立行政法人国立病院機構静岡医療センター,2,2,2,0,0,1,1,0,,,,,
9810088,独立行政法人国立病院機構 天竜病院,1,1,0,1,0,0,1,0,,,,,
9810096,独立行政法人国立病院機構静岡てんかん・神経医療センター,1,2,0,1,0,1,1,0,,,,,
9860182,国立駿河療養所,1,0,0,1,0,0,0,0,,,,,
1210295,医療法人社団 駿栄会 御殿場石川病院,1,0,0,1,0,0,0,0,,,,,
3210301,医療法人社団健寿会 山の上病院,1,0,0,1,0,0,0,0,,,,,
0101069,公益財団法人甲南会 甲南医療センター,2,2,2,0,0,1,1,0,,,,,
0102554,東神戸病院,1,1,1,0,0,0,1,0,,,,,
0102687,医療法人社団五仁会 住吉川病院,1,0,1,0,0,0,0,0,,,,,
0102703,医療法人明倫会宮地病院,1,1,0,1,0,0,0,1,,,,,
0103867,公益財団法人 甲南会 六甲アイランド甲南病院,1,1,1,0,0,0,1,0,,,,,
0106373,医療法人 明倫会 本山リハビリテーション病院,1,0,0,0,1,0,0,0,,,,,
0107405,社会福祉法人平成記念会　サポートハウス　ココロネ住吉,1,0,0,1,0,0,0,0,,,,,
0201406,医療法人愛和会 金沢病院,1,0,1,0,0,0,0,0,,,,,
0203121,医療法人康雄会 西病院,1,0,0,1,0,0,0,0,,,,,
0203329,医療法人昭生病院,1,0,0,1,0,0,0,0,,,,,
0203659,神戸海星病院,1,1,1,0,0,0,1,0,,,,,
0205068,中井病院,1,0,0,1,0,0,0,0,,,,,
0205217,ろっこう医療生活協同組合灘診療所,1,0,0,1,0,0,0,0,,,,,
0206322,吉田アーデント病院,1,1,0,1,0,0,1,0,,,,,
0206348,六甲病院,1,1,1,0,0,0,1,0,,,,,
0500120,三菱神戸病院,1,1,1,0,0,1,0,0,,,,,
0500401,医療法人　川崎病院,1,1,1,0,0,0,1,0,,,,,
0504163,医療法人仁風会小原病院,1,0,0,1,0,0,0,0,,,,,
0505632,井上病院,1,0,0,1,0,0,0,0,,,,,
0505830,社会医療法人榮昌会 吉田病院,1,2,1,0,0,0,2,0,,,,,
0506762,神戸百年記念病院,1,1,1,0,0,0,1,0,,,,,
0507067,社会医療法人社団 正峰会 神戸大山病院,1,1,1,0,0,0,1,0,,,,,
0602272,公文病院,1,0,0,1,0,0,0,0,,,,,
0603643,神戸医療生活協同組合神戸協同病院,1,1,0,1,0,0,1,0,,,,,
0606133,神戸市立医療センター西市民病院,2,1,2,0,0,0,1,0,,,,,
0606315,医療法人社団十善会 野瀬病院,1,1,1,0,0,0,0,1,,,,,
0606380,医療法人社団丸山病院,1,0,0,1,0,0,0,0,,,,,
0606471,医療法人社団　秀英会　神戸朝日病院,1,1,1,0,0,0,1,0,,,,,
0606562,医療法人一輝会　荻原記念病院,1,0,0,1,0,0,0,0,,,,,
0700860,医療法人一高会 野村海浜病院,1,0,1,0,0,0,0,0,,,,,
0702528,益子産婦人科医院,1,0,0,0,0,0,0,0,,,,,
0703203,医療法人社団菫会 北須磨病院,1,1,1,0,0,0,1,0,,,,,
0703989,新須磨リハビリテーション病院,1,0,0,1,0,0,0,0,,,,,
0704383,須磨浦病院,1,0,0,0,1,0,0,0,,,,,
0704441,新須磨病院,1,2,1,0,0,2,0,0,,,,,
0800934,舞子台病院,1,0,0,1,0,0,0,0,,,,,
0802104,医療法人薫風会佐野病院,1,1,0,1,0,0,1,0,,,,,
0802757,医療法人　徳洲会　神戸徳洲会病院,1,1,1,0,0,0,1,0,,,,,
0804241,神戸掖済会病院,2,2,2,0,0,1,1,0,,,,,
0804308,医療法人社団菫会 名谷病院,1,1,1,0,0,0,1,0,,,,,
0804811,まつざきクリニック,1,0,0,1,0,0,0,0,,,,,
0805792,社会医療法人社団順心会 順心神戸病院,1,1,0,1,0,0,1,0,,,,,
0900189,明和病院,1,1,1,0,0,0,1,0,,,,,
0900619,谷向病院,1,0,1,0,0,0,0,0,,,,,
0902441,三好病院,1,1,1,0,0,0,1,0,,,,,
0903720,西宮すなご医療福祉センター,1,0,0,1,0,0,0,0,,,,,
0904579,兵庫医科大学病院,5,4,3,1,0,3,1,0,,,26754.0,12948.0,VERIFIED_NUMERIC
0906467,医療法人社団アガペ会 アガペ甲山病院,1,1,0,1,0,0,1,0,,,,,
0906491,社会医療法人渡邊高記念会 西宮渡辺病院,1,1,1,0,0,1,0,0,,,,,
0906616,医療法人社団緑水会 北摂中央病院,1,0,0,1,0,0,0,0,,,,,
0907424,西宮協立脳神経外科病院,2,2,2,0,0,1,1,0,,,,,
0908083,笹生病院,2,1,1,1,0,0,1,0,,,,,
0908489,高田上谷病院,1,1,1,0,0,0,1,0,,,,,
0909396,医療法人社団西宮回生病院,1,1,0,1,0,0,1,0,,,,,
0909560,医療法人協和会 協和マリナホスピタル,1,0,1,0,0,0,0,0,,,,,
0920542,西宮協立リハビリテーション病院,1,0,0,1,0,0,0,0,,,,,
0921136,医療法人社団　星野耳鼻咽喉科医院,1,0,0,0,0,0,0,0,,,,,
0921870,社会医療法人渡邊高記念会 西宮渡辺心臓脳・血管センター,2,2,2,0,0,1,1,0,,,,,
0922308,布谷整形外科病院,1,0,0,1,0,0,0,0,,,,,
0923157,医療法人敬愛会 西宮敬愛会病院,1,0,0,1,0,0,0,0,,,,,
0926481,めいわリハビリテーション病院,1,0,0,1,0,0,0,0,,,,,
1000021,市立芦屋病院,1,1,1,0,0,0,1,0,,,,,
1002118,医療法人昭圭会 南芦屋浜病院,1,1,0,1,0,0,1,0,,,,,
1100599,医療法人回生会宝塚病院,1,1,1,0,0,0,1,0,,,,,
1101084,医療法人尚和会 宝塚第一病院,1,1,1,0,0,0,1,0,,,,,
1101779,宝塚市立病院,3,2,2,1,0,1,1,0,,,,,
1103254,こだま病院,1,1,1,0,0,0,0,1,,,,,
1104096,医療法人社団森迫脳神経外科,1,1,0,1,0,0,1,0,,,,,
1104971,東宝塚さとう病院,1,1,1,0,0,0,1,0,,,,,
1105069,宝塚磯病院,1,0,1,0,0,0,0,0,,,,,
1200647,医療法人社団尚仁会 平島病院,1,0,1,0,0,0,0,0,,,,,
1201355,医療法人敬愛会 三田高原病院,1,0,0,0,1,0,0,0,,,,,
1201462,医療法人敬愛会 三田温泉病院,1,0,0,0,1,0,0,0,,,,,
1201959,さんだリハビリテーション病院,1,0,0,1,0,0,0,0,,,,,
1300983,医療法人敬愛会 大塚病院,1,1,1,0,0,0,1,0,,,,,
1301585,丹波市国民健康保険青垣診療所,1,0,0,0,0,0,0,0,,,,,
1301833,兵庫県立丹波医療センター,2,2,2,0,0,1,1,0,,,,,
1400718,岡本病院,1,1,1,0,0,0,1,0,,,,,
1401047,医療法人社団みどり会 にしき記念病院,1,1,0,1,0,0,1,0,,,,,
1500921,洲本伊月病院,1,1,1,0,0,0,1,0,,,,,
1501358,兵庫県立淡路医療センター,3,2,2,1,0,1,1,0,,,,,
1601125,社会医療法人社団順心会 順心淡路病院,1,1,1,0,0,0,1,0,,,,,
1601158,東浦平成病院,1,0,0,1,0,0,0,0,,,,,
1700729,平成病院,1,0,0,1,0,0,0,0,,,,,
1700919,中林病院,1,1,1,0,0,0,1,0,,,,,
1700927,八木病院,1,1,0,1,0,0,1,0,,,,,
1701024,南淡路病院,1,0,0,1,0,0,0,0,,,,,
1701248,翠鳳第一病院,1,1,0,1,0,0,1,0,,,,,
1800651,やない外科胃腸科,1,0,0,1,0,0,0,0,,,,,
1800883,西脇市立西脇病院,2,2,2,0,0,1,1,0,,,,,
1900642,土井リハビリテーション病院,1,0,0,1,0,0,0,0,,,,,
1900931,復井診療所,1,0,0,1,0,0,0,0,,,,,
1901012,北播磨総合医療センター,4,3,2,1,1,3,0,0,,,24774.0,10502.0,VERIFIED_NUMERIC
1901020,栄宏会小野病院,1,0,0,1,0,0,0,0,,,,,
1901053,独立行政法人国立病院機構 兵庫あおの病院,1,0,0,1,0,0,0,0,,,,,
2001317,明石仁十病院,1,0,0,1,0,0,0,0,,,,,
2002430,特定医療法人誠仁会 大久保病院,1,1,1,0,0,0,1,0,,,,,
2002828,医療法人久仁会 明石同仁病院,1,0,0,1,0,0,0,0,,,,,
2003156,兵庫県立がんセンター,5,2,2,3,0,2,0,0,,,22810.0,6905.0,VERIFIED_NUMERIC
2003248,医療法人社団せいゆう会 神明病院,1,1,0,1,0,0,1,0,,,,,
2003487,あさぎり病院,1,1,0,1,0,0,1,0,,,,,
2003586,医療法人社団弘成会 明海病院,1,0,0,1,0,0,0,0,,,,,
2003776,明石回生病院,1,1,0,1,0,0,1,0,,,,,
2004709,野木病院,1,1,0,1,0,0,0,1,,,,,
2005953,医療法人社団仁恵会 石井病院,1,0,1,0,0,0,0,0,,,,,
2006035,あさひ病院,1,1,0,1,0,0,0,1,,,,,
2006043,大国クリニック,1,0,0,1,0,0,0,0,,,,,
2006126,王子クリニック,1,0,0,1,0,0,0,0,,,,,
2006167,大西脳神経外科病院,2,4,2,0,0,1,3,0,,,9908.0,26480.0,VERIFIED_NUMERIC
2006415,王子回生病院,1,1,0,1,0,0,0,1,,,,,
2006431,社会医療法人愛仁会 明石医療センター,2,1,2,0,0,0,1,0,,,,,
2006464,地方独立行政法人 明石市立市民病院,2,2,2,0,0,1,1,0,,,,,
2006563,医療法人伯鳳会 明石リハビリテーション病院,1,0,0,0,0,0,0,0,,,,,
2007983,江井島病院,1,0,0,1,0,0,0,0,,,,,
2101026,高砂市民病院,1,1,1,0,0,0,1,0,,,,,
2101653,医療法人徳洲会 高砂西部病院,1,1,1,0,0,0,1,0,,,,,
2200596,共立会病院,1,0,0,1,0,0,0,0,,,,,
2202246,医療法人社団 松本会 松本病院,1,1,0,1,0,0,1,0,,,,,
2202261,社会医療法人社団順心会順心リハビリテーション病院,1,0,0,1,0,0,0,0,,,,,
2202808,中谷整形外科病院,1,1,0,1,0,0,0,1,,,,,
2204366,医療法人社団せいわ会たずみ病院,1,1,0,1,0,0,1,0,,,,,
2204374,社会医療法人社団 順心会 順心病院,2,2,2,0,0,1,1,0,,,,,
2204713,加古川磯病院,1,0,1,0,0,0,0,0,,,,,
2204747,加古川中央市民病院,4,3,4,0,0,2,1,0,,,39376.0,11994.0,VERIFIED_NUMERIC
2204820,フェニックス加古川記念病院,1,1,0,1,0,0,0,1,,,,,
2205272,はくほう会加古川病院,1,1,1,0,0,0,1,0,,,,,
2301279,ときわ病院,1,1,1,0,0,0,1,0,,,,,
2301410,みきやまリハビリテーション病院,1,0,0,1,0,0,0,0,,,,,
2301477,三木山陽病院,1,1,1,0,0,0,1,0,,,,,
2301493,服部病院,1,1,1,0,0,0,1,0,,,,,
2301576,吉川病院,1,0,1,0,0,0,0,0,,,,,
2500649,松原メイフラワー病院,1,1,0,1,0,0,0,1,,,,,
2500722,加東市民病院,1,1,1,0,0,0,1,0,,,,,
2600456,市立加西病院,1,1,1,0,0,0,1,0,,,,,
2600951,医療福祉センターきずな,1,0,0,1,0,0,0,0,,,,,
2601116,医療法人紀陽会　北条田仲病院,1,0,0,1,0,0,0,0,,,,,
2700264,多可赤十字病院,1,0,1,0,0,0,0,0,,,,,
2700330,大山記念病院,1,1,1,0,0,1,0,0,,,,,
2800791,医療法人社団仙齢会はりま病院,1,1,0,1,0,0,1,0,,,,,
3000193,独立行政法人労働者健康安全機構関西労災病院,4,3,3,1,0,2,1,0,,,28468.0,10973.0,VERIFIED_NUMERIC
3002702,医療法人 岡田病院,1,0,0,0,1,0,0,0,,,,,
3002728,医療法人尼崎厚生会 立花病院,1,0,0,1,0,0,0,0,,,,,
3003106,医療法人旭会園田病院,1,0,0,1,0,0,0,0,,,,,
3005135,中馬病院,1,0,0,1,0,0,0,0,,,,,
3005143,西武庫病院,1,0,0,1,0,0,0,0,,,,,
3007644,医療法人緑清会樋口胃腸病院,1,0,0,1,0,0,0,0,,,,,
3007651,医療法人純徳会 田中病院,1,0,0,1,0,0,0,0,,,,,
3008287,阪神医生協診療所,1,0,0,1,0,0,0,0,,,,,
3022155,桂クリニック,1,0,0,1,0,0,0,0,,,,,
3022338,合志病院,1,1,1,0,0,0,1,0,,,,,
3022494,医療法人（社団）豊繁会 近藤病院,1,1,0,1,0,0,1,0,,,,,
3023526,医療法人社団斐庵会わしだ病院,1,0,0,0,1,0,0,0,,,,,
3024383,医療法人社団弘道会西原クリニック,1,0,0,1,0,0,0,0,,,,,
3024474,池田病院,1,0,0,1,0,0,0,0,,,,,
3024698,尼崎医療生協病院,2,1,0,2,0,0,1,0,,,,,
3024813,青木外科整形外科,1,1,0,1,0,0,1,0,,,,,
3025158,尼崎新都心病院,1,1,1,0,0,0,1,0,,,,,
3025331,神崎病院,1,0,0,1,0,0,0,0,,,,,
3026263,はくほう会セントラル病院,1,1,1,0,0,0,1,0,,,,,
3026297,兵庫県立尼崎総合医療センター,5,4,4,1,0,2,2,0,,,46092.0,13665.0,VERIFIED_NUMERIC
3026537,社会医療法人愛仁会 尼崎だいもつ病院,1,0,0,1,0,0,0,0,,,,,
3027071,医療法人社団兼誠会 つかぐち病院,1,0,1,0,0,0,0,0,,,,,
3027451,きょう整形外科・神経外科クリニック,1,1,0,1,0,0,1,0,,,,,
3028285,医療法人朗源会おおくま病院,1,1,0,1,0,0,0,1,,,,,
3100977,医療法人協和会 協立記念病院,1,0,1,0,0,0,0,0,,,,,
3100993,医療法人晋真会 ベリタス病院,1,2,1,0,0,0,2,0,,,,,
3101140,正愛病院,1,0,0,1,0,0,0,0,,,,,
3102395,医療法人協和会 第二協立病院,1,0,0,1,0,0,0,0,,,,,
3102791,自衛隊阪神病院,1,1,1,0,0,0,0,1,,,,,
3103484,川西市立総合医療センター,2,2,2,0,0,1,1,0,,,,,
3103518,医療法人せいふう会 川西リハビリテーション病院,1,0,0,1,0,0,0,0,,,,,
3200280,医療法人社団衿正会 生駒病院,1,0,0,1,0,0,0,0,,,,,
3301211,医療法人水光会 伊丹天神川病院,1,0,0,1,0,0,0,0,,,,,
3302086,市立伊丹病院,2,2,1,1,0,1,1,0,,,,,
3302557,太田外科診療所,1,1,0,1,0,0,0,1,,,,,
3302920,医療法人社団豊明会 常岡病院,1,1,1,0,0,0,0,1,,,,,
3303282,みやそう病院,1,1,0,1,0,0,0,1,,,,,
3303589,医療法人社団緑心会大橋クリニック,1,1,0,1,0,0,0,1,,,,,
3304272,伊丹恒生脳神経外科病院,1,1,1,0,0,0,1,0,,,,,
3305022,医療法人せいふう会 阪神リハビリテーション病院,1,0,0,1,0,0,0,0,,,,,
3400732,アキタケ診療所,1,1,0,1,0,0,1,0,,,,,
3401011,ミナミ整形外科・内科循環器科,1,1,1,0,0,0,1,0,,,,,
3401060,公立神崎総合病院,1,1,1,0,0,0,1,0,,,,,
3500697,丸尾内科外科,1,0,0,1,0,0,0,0,,,,,
3600794,西はりまクリニック,1,1,0,1,0,0,0,1,,,,,
3600802,医療法人社団栗原会 栗原病院,1,0,0,1,0,0,0,0,,,,,
3600968,兵庫県立リハビリテーション西播磨病院,1,1,0,1,0,0,1,0,,,,,
3601149,たつの市民病院,1,1,1,0,0,0,0,1,,,,,
3601180,医療法人社団仁德会　とくなが病院,1,0,0,1,0,0,0,0,,,,,
3601248,信原クリニック,1,1,0,0,1,0,0,1,,,,,
3700305,医療法人社団一葉会佐用共立病院,1,1,1,0,0,0,1,0,,,,,
3700339,医療法人聖医会 佐用中央病院,1,1,0,1,0,0,1,0,,,,,
3801020,公立宍粟総合病院,1,1,1,0,0,0,1,0,,,,,
3801145,ウスキ医院,1,0,0,0,1,0,0,0,,,,,
3900368,岡田整形外科,1,0,0,1,0,0,0,0,,,,,
4002776,姫路聖マリア病院,2,2,2,0,0,1,1,0,,,,,
4004012,医療法人公仁会姫路中央病院,1,2,1,0,0,0,2,0,,,,,
4004269,医療法人松浦会姫路第一病院,1,1,1,0,0,0,1,0,,,,,
4004665,医療法人松浦会松浦病院,1,0,0,0,1,0,0,0,,,,,
4004921,医療法人仁寿会石川病院,1,2,0,1,0,1,1,0,,,,,
4005225,医療法人ひまわり会八家病院,1,1,1,0,0,0,0,1,,,,,
4005241,城陽江尻病院,1,1,0,1,0,0,1,0,,,,,
4005555,医療法人財団清良会書写病院,1,0,0,1,0,0,0,0,,,,,
4005563,社会医療法人松藤会 入江病院,1,1,1,0,0,0,1,0,,,,,
4006413,山田脳神経外科医院,1,2,0,1,0,0,1,1,,,,,
4007304,社会医療法人芙翔会 姫路愛和病院,1,1,0,1,0,0,1,0,,,,,
4007650,井野病院,1,1,1,0,0,0,1,0,,,,,
4008187,医療法人社団綱島会 厚生病院,1,0,1,0,0,0,0,0,,,,,
4008740,石橋内科広畑センチュリー病院,1,0,0,1,0,0,0,0,,,,,
4009037,姫路赤十字病院,3,3,3,0,0,3,0,0,,,23845.0,9394.0,VERIFIED_NUMERIC
4009078,医療法人社団みどりの会 酒井病院,1,1,0,1,0,0,1,0,,,,,
4009334,社会医療法人三栄会 ツカザキ病院,3,2,3,0,0,1,1,0,,,,,
4009615,中谷病院,1,0,1,0,0,0,0,0,,,,,
4009698,医療法人社団普門会 姫路田中病院,1,1,0,1,0,0,0,1,,,,,
4020059,石橋内科,1,1,0,1,0,0,0,1,,,,,
4020067,國富胃腸病院,1,0,0,1,0,0,0,0,,,,,
4020489,大室整形外科脊椎・関節クリニック,1,1,1,0,0,0,1,0,,,,,
4020935,山田病院,1,0,0,1,0,0,0,0,,,,,
4021313,医療法人社団光風会長久病院,1,1,0,1,0,0,1,0,,,,,
4021438,神野病院,1,1,0,1,0,0,1,0,,,,,
4022311,医療法人五葉会城南病院,1,0,0,1,0,0,0,0,,,,,
4022402,兵庫県立はりま姫路総合医療センター,7,4,4,2,0,2,2,0,,,20412.0,12344.0,VERIFIED_NUMERIC
4022535,社会医療法人三栄会三栄会広畑病院,1,1,1,0,0,0,1,0,,,,,
4101073,兵庫県立粒子線医療センター,3,1,0,3,0,0,1,0,,,,,
4101214,室井メディカルオフィス,1,0,0,1,0,0,0,0,,,,,
4101255,医療法人三宅会太子病院,1,1,0,1,0,0,0,1,,,,,
4200776,医療法人社団天馬会 半田中央病院,1,1,1,0,0,0,0,1,,,,,
4200784,魚橋病院,1,1,1,0,0,0,1,0,,,,,
4200875,ＩＨＩ播磨病院,1,1,1,0,0,0,1,0,,,,,
4300618,医療法人伯鳳会 赤穂中央病院,1,1,0,1,0,0,1,0,,,,,
4300956,赤穂市民病院,2,1,2,0,0,0,1,0,,,,,
4400939,公立豊岡病院組合立豊岡病院,3,2,2,1,0,1,1,0,,,,,
4401259,公立豊岡病院組合立豊岡病院日高クリニック,1,0,0,1,0,0,0,0,,,,,
4600322,公立豊岡病院組合立豊岡病院出石医療センター,1,0,1,0,0,0,0,0,,,,,
4700262,医療法人杏風会浜坂七釜温泉病院,1,0,0,1,0,0,0,0,,,,,
4700510,公立村岡病院,1,0,1,0,0,0,0,0,,,,,
4700668,公立香住病院,1,0,0,1,0,0,0,0,,,,,
4700700,公立浜坂病院,1,0,1,0,0,0,0,0,,,,,
4800013,公立八鹿病院,2,2,2,0,0,0,2,0,,,,,
4800914,脳神経外科枚田クリニック,1,1,0,1,0,0,1,0,,,,,
4900987,公立豊岡病院組合立朝来医療センター,1,0,1,0,0,0,0,0,,,,,
5000357,ありまこうげんホスピタル,1,0,0,1,0,0,0,0,,,,,
5000498,医療法人甲風会有馬温泉病院,1,0,0,1,0,0,0,0,,,,,
5000589,神戸アドベンチスト病院,1,1,1,0,0,0,1,0,,,,,
5001207,独立行政法人地域医療機能推進機構 神戸中央病院,2,2,2,0,0,1,1,0,,,,,
5001306,神戸リハビリテーション病院,1,1,0,1,0,0,1,0,,,,,
5001538,済生会兵庫県病院,2,1,2,0,0,1,0,0,,,,,
5002189,有床診療所はすいけクリニック,1,0,0,1,0,0,0,0,,,,,
5002213,医療法人社団顕修会 顕修会すずらん病院,1,1,1,0,0,0,1,0,,,,,
5002437,神戸医療福祉センターにこにこハウス,1,0,1,0,0,0,0,0,,,,,
5002965,真星病院,1,0,1,0,0,0,0,0,,,,,
5003021,恒生病院,1,2,1,0,0,1,1,0,,,,,
5003245,甲北病院,1,0,0,1,0,0,0,0,,,,,
5003500,神戸ほくと病院,1,0,0,1,0,0,0,0,,,,,
5003559,春日病院,1,0,0,1,0,0,0,0,,,,,
5003724,恒生かのこ病院,1,0,0,1,0,0,0,0,,,,,
5100702,春日野会病院,1,0,0,1,0,0,0,0,,,,,
5101163,独立行政法人労働者健康安全機構神戸労災病院,1,1,1,0,0,1,0,0,,,,,
5102849,医療法人神甲会 隈病院,1,0,1,0,0,0,0,0,,,,,
5105040,神鋼記念病院,2,2,2,0,0,1,1,0,,,,,
5105198,三聖病院,1,0,0,1,0,0,0,0,,,,,
5106048,兵庫県災害医療センター,2,0,1,1,0,0,0,0,,,,,
5106055,神戸赤十字病院,2,2,2,0,0,0,2,0,,,,,
5107251,神戸マリナーズ厚生会病院,1,1,1,0,0,0,1,0,,,,,
5107418,神戸市立医療センター中央市民病院,8,5,6,2,0,3,2,0,,,,,FETCH_RETRY
5107517,一般財団法人 神戸マリナーズ厚生会 ポートアイランド病院,2,1,2,0,0,0,1,0,,,,,
5107657,神戸低侵襲がん医療センター,2,1,2,0,0,0,1,0,,,,,
5107673,西記念ポートアイランドリハビリテーション病院,1,1,1,0,0,0,1,0,,,,,
5108044,神戸平成病院,1,1,0,1,0,0,1,0,,,,,
5108218,兵庫県立こども病院,2,2,2,0,0,1,1,0,,,,,
5108747,ひろクリニック,1,1,0,1,0,0,1,0,,,,,
5109273,神戸医療福祉センターひだまり,1,0,0,1,0,0,0,0,,,,,
5109687,医療法人社団勲章会　原泌尿器科病院,1,0,1,0,0,0,0,0,,,,,
5109810,医療法人社団 博愛恵秀会　神戸博愛病院,1,0,1,0,0,0,0,0,,,,,
5200049,広野高原病院,1,0,1,0,0,0,0,0,,,,,
5200965,兵庫県立リハビリテーション中央病院,1,1,1,0,0,0,1,0,,,,,
5201781,田中整形外科,0,1,0,0,0,0,0,1,,,,,
5202300,フェニックス岩岡クリニック,1,1,0,1,0,0,0,1,,,,,
5202441,久野病院,1,0,0,0,1,0,0,0,,,,,
5202631,偕生病院,1,0,0,1,0,0,0,0,,,,,
5203050,医療法人社団 菫会 伊川谷病院,1,1,0,1,0,0,1,0,,,,,
5203076,さとうクリニック,1,0,0,1,0,0,0,0,,,,,
5203506,神戸市立西神戸医療センター,3,2,3,0,0,2,0,0,,,,,
5203829,足立病院,1,0,0,1,0,0,0,0,,,,,
5203886,さかえ病院,1,0,0,1,0,0,0,0,,,,,
9800083,兵庫県立加古川医療センター,5,2,3,1,0,1,1,0,,,11603.0,5036.0,VERIFIED_NUMERIC
9900024,独立行政法人国立病院機構兵庫中央病院,1,1,1,0,0,0,1,0,,,,,
9900099,神戸大学医学部附属病院,7,6,5,1,1,5,1,0,,,50792.0,16464.0,VERIFIED_NUMERIC
9900107,独立行政法人国立病院機構神戸医療センター,2,1,2,0,0,0,1,0,,,,,
3600786,龍野中央病院,1,1,1,0,0,0,0,1,,,,,
0205274,田所病院,1,0,0,1,0,0,0,0,,,,,
3024706,ほりお眼科内科,1,0,0,0,1,0,0,0,,,,,
5003054,松本ホームメディカルクリニック,1,0,1,0,0,0,0,0,,,,,
1601455,聖隷淡路病院,1,1,1,0,0,0,1,0,,,,,
2003677,中山クリニック,1,1,1,0,0,0,1,0,,,,,
3304587,医療法人せいふう会 伊丹せいふう病院,1,0,0,1,0,0,0,0,,,,,
4005795,姫路医療生活協同組合共立病院,1,0,1,0,0,0,0,0,,,,,
4200297,相生市民病院,1,0,1,0,0,0,0,0,,,,,
0110013,中国電力株式会社中電病院,1,1,1,0,0,0,1,0,,,,,
0110138,国家公務員共済組合連合会 吉島病院,1,1,1,0,0,0,1,0,,,,,
0110252,医療法人あかね会 土谷総合病院,1,1,1,0,0,0,1,0,,,,,
0110427,広島赤十字・原爆病院,4,2,3,1,0,1,1,0,,,20957.0,5814.0,VERIFIED_NUMERIC
0110989,真田病院,1,0,1,0,0,0,0,0,,,,,
0112191,医療法人社団 生和会 たかの橋中央病院,1,1,0,1,0,0,1,0,,,,,
0113983,山本整形外科病院,1,0,0,1,0,0,0,0,,,,,
0116200,山﨑病院,1,0,0,1,0,0,0,0,,,,,
0116234,太田川病院,1,1,0,1,0,0,1,0,,,,,
0116515,医療法人恒和会 松石病院,1,1,1,0,0,0,0,1,,,,,
0117174,広島シーサイド病院,1,0,0,1,0,0,0,0,,,,,
0117612,広島厚生病院,1,1,0,1,0,0,1,0,,,,,
0118172,谷本クリニック,1,0,0,1,0,0,0,0,,,,,
0118289,大瀬戸リハビリ整形外科,0,1,0,0,0,0,0,1,,,,,
0121838,広島市医師会運営・安芸市民病院,1,0,1,0,0,0,0,0,,,,,
0122497,山本整形外科クリニック,0,1,0,0,0,0,1,0,,,,,
0123677,山村クリニック,1,1,0,1,0,0,0,1,,,,,
0123701,医療法人社団まりも会 ヒロシマ平松病院,1,1,0,1,0,0,1,0,,,,,
0123784,医療法人社団おると会 浜脇整形外科病院,1,1,0,1,0,0,1,0,,,,,
0124006,医療法人 清泉会 一ノ瀬病院,1,1,0,1,0,1,0,0,,,,,
0124212,医療法人社団楓会 林病院,1,1,0,1,0,0,1,0,,,,,
0124378,地方独立行政法人 広島市立病院機構 広島市立広島市民病院,7,2,5,2,0,1,1,0,,,38801.0,8383.0,VERIFIED_NUMERIC
0124501,はしもと内科,1,0,0,0,1,0,0,0,,,,,
0124865,翠清会 梶川病院,3,3,2,0,0,2,1,0,,,,,
0124972,ほーむけあクリニック,1,0,0,1,0,0,0,0,,,,,
0125714,広島中央リハビリテーション病院,1,0,0,1,0,0,0,0,,,,,
0126191,医療法人社団　生和会　広島はくしま病院,1,0,1,0,0,0,0,0,,,,,
0126977,県立広島病院,5,2,4,1,0,2,0,0,,,25554.0,7192.0,VERIFIED_NUMERIC
0210086,国家公務員共済組合連合会広島記念病院,1,1,1,0,0,0,1,0,,,,,
0210102,医療法人社団玉章会 力田病院,1,0,0,1,0,0,0,0,,,,,
0210458,医療法人社団光仁会 梶川病院,1,1,1,0,0,0,0,1,,,,,
0211183,医療法人社団曙会 シムラ病院,2,1,0,1,0,0,1,0,,,,,
0213338,高陽中央病院,1,1,0,0,0,0,0,1,,,,,
0214005,医療法人長久堂野村病院,1,1,1,0,0,0,1,0,,,,,
0214393,日比野病院,1,1,1,0,0,0,1,0,,,,,
0214625,医療法人メディカルパーク 野村病院,1,1,1,0,0,0,1,0,,,,,
0214849,高陽ニュータウン病院,1,1,0,1,0,0,1,0,,,,,
0214906,吉山クリニック,1,1,0,1,0,1,0,0,,,,,
0214997,医療法人社団博寿会 山下医院,1,0,0,1,0,0,0,0,,,,,
0215192,医療法人社団一陽会原田病院,1,1,1,0,0,1,0,0,,,,,
0215630,ナカムラ病院,1,0,0,1,0,0,0,0,,,,,
0216000,荒木脳神経外科病院,1,2,1,0,0,2,0,0,,,,,
0216117,医療法人社団朋和会西広島リハビリテーション病院,1,0,0,1,0,0,0,0,,,,,
0216968,五日市記念病院,1,1,0,1,0,0,1,0,,,,,
0217339,谷川脳神経外科,1,1,1,0,0,0,1,0,,,,,
0218022,広島グリーンヒル病院,1,0,0,1,0,0,0,0,,,,,
0218378,医療法人和同会 広島パークヒル病院,1,0,0,0,1,0,0,0,,,,,
0218469,妹尾病院,1,0,1,0,0,0,0,0,,,,,
0221679,医療法人社団公仁会 槇殿順記念病院,1,1,1,0,0,0,1,0,,,,,
0221703,生協さえき病院,1,0,0,1,0,0,0,0,,,,,
0222172,サカ緑井病院,1,2,1,0,0,0,1,1,,,,,
0222479,医療法人社団聖愛会ぎおん牛田病院,1,1,0,1,0,0,1,0,,,,,
0223006,原田整形外科病院,1,0,0,1,0,0,0,0,,,,,
0223196,平尾クリニック,0,1,0,0,0,0,0,1,,,,,
0223428,西原セントラルクリニック,1,0,0,1,0,0,0,0,,,,,
0223501,長崎病院,1,0,0,1,0,0,0,0,,,,,
0223592,地方独立行政法人 広島市立病院機構 広島市立リハビリテーション病院,1,1,0,1,0,0,1,0,,,,,
0223600,地方独立行政法人 広島市立病院機構 広島市立舟入市民病院,1,1,1,0,0,0,1,0,,,,,
0223683,広島医療生活協同組合広島共立病院,1,1,1,0,0,0,1,0,,,,,
0223840,福島生協病院,1,1,1,0,0,0,1,0,,,,,
0224384,メリィホスピタル,1,0,0,1,0,0,0,0,,,,,
0225340,地方独立行政法人 広島市立病院機構 広島市立北部医療センター安佐市民病院,4,3,4,0,0,1,2,0,,,32374.0,10568.0,VERIFIED_NUMERIC
0225365,石原脳神経外科医院,1,1,0,1,0,0,1,0,,,,,
0225480,安佐医師会病院,1,0,0,1,0,0,0,0,,,,,
0225753,広島心臓血管病院,2,0,0,2,0,0,0,0,,,,,
0510022,国家公務員共済組合連合会 呉共済病院,2,2,2,0,0,1,1,0,,,,,
0510170,呉芸南病院,1,0,0,0,1,0,0,0,,,,,
0510691,医療法人社団中川会 呉中通病院,1,1,0,1,0,0,1,0,,,,,
0510857,医療法人社団 有信会 呉記念病院,1,0,0,1,0,0,0,0,,,,,
0510956,医療法人社団永楽会前田病院,1,0,0,1,0,0,0,0,,,,,
0511434,青山病院,1,0,0,1,0,0,0,0,,,,,
0511970,呉市医師会病院,1,1,1,0,0,0,1,0,,,,,
0512796,マッターホルン リハビリテーション病院,1,1,0,0,1,0,0,1,,,,,
0513414,医療法人社団薫風会 横山病院,1,1,0,1,0,0,1,0,,,,,
0513638,独立行政法人労働者健康安全機構中国労災病院,4,2,3,1,0,1,1,0,,,12506.0,5307.0,VERIFIED_NUMERIC
0514354,公立下蒲刈病院,1,1,0,1,0,0,1,0,,,,,
0514743,医療法人社団 悠仁会 後藤病院,1,0,0,1,0,0,0,0,,,,,
0514925,重症心身障害児施設ときわ呉,1,0,0,1,0,0,0,0,,,,,
0515088,医療法人社団 仁井谷医院 にいたにクリニック,1,0,0,1,0,0,0,0,,,,,
0710010,国家公務員共済組合連合会呉共済病院忠海分院,1,0,1,0,0,0,0,0,,,,,
0710143,馬場病院,1,0,1,0,0,0,0,0,,,,,
0710382,医療法人 宏慈会 桑原内科循環器科医院,1,0,0,1,0,0,0,0,,,,,
0710408,医療法人社団仁慈会 安田病院,1,1,1,0,0,0,1,0,,,,,
0910214,総合病院三原赤十字病院,1,1,1,0,0,0,1,0,,,,,
0910297,医療法人清幸会三原城町病院,1,1,1,0,0,0,1,0,,,,,
0910941,医療法人杏仁会 松尾内科病院,1,0,0,1,0,0,0,0,,,,,
0911063,三原市医師会病院,1,1,1,0,0,0,1,0,,,,,
0911196,医療法人宗斉会須波宗斉会病院,1,0,0,1,0,0,0,0,,,,,
0911634,社会医療法人里仁会 興生総合病院,2,1,1,1,0,0,1,0,,,,,
1110111,尾道市立市民病院,4,2,2,1,0,1,1,0,,,,,
1110335,医療法人社団杏佑会 笠井病院,1,0,0,1,0,0,0,0,,,,,
1110509,医療法人社団樹良会 高亀医院,1,0,0,1,0,0,0,0,,,,,
1110574,医療法人社団神田会木曽病院,1,1,1,0,0,0,1,0,,,,,
1110855,医療法人社団啓卯会 村上記念病院,1,1,1,0,0,0,1,0,,,,,
1110913,医療法人社団重松会 松本病院,1,0,0,1,0,0,0,0,,,,,
1111424,よしはら内科外科リハビリテーションクリニック,1,0,0,1,0,0,0,0,,,,,
1111895,公立みつぎ総合病院,1,1,1,0,0,0,1,0,,,,,
1111994,尾道市立市民病院附属瀬戸田診療所,1,0,0,1,0,0,0,0,,,,,
1112067,広島県厚生農業協同組合連合会 尾道総合病院,5,2,3,1,1,1,1,0,,,16049.0,7522.0,VERIFIED_NUMERIC
1112307,山本病院,1,0,0,1,0,0,0,0,,,,,
1310448,因島医師会病院,1,1,1,0,0,0,1,0,,,,,
1510195,医療法人村上会 福山回生病院,1,0,0,0,1,0,0,0,,,,,
1510849,神原病院,1,1,1,0,0,0,1,0,,,,,
1510856,医療法人社団健生会 いそだ病院,1,0,0,1,0,0,0,0,,,,,
1511219,公立学校共済組合 中国中央病院,3,1,3,0,0,1,0,0,,,,,
1511276,福山市民病院,4,2,2,0,0,2,0,0,,,,,
1511383,医療法人紅萌会 福山記念病院,1,1,0,1,0,0,1,0,,,,,
1511920,松永脳外科クリニック,1,0,0,1,0,0,0,0,,,,,
1512100,医療法人慈生会 前原病院,1,0,0,1,0,0,0,0,,,,,
1512258,日本鋼管福山病院,1,1,1,0,0,0,1,0,,,,,
1512316,医療法人信英会 島谷病院,1,0,0,1,0,0,0,0,,,,,
1512365,医療法人社団まこと会 神辺内科医院,1,0,0,1,0,0,0,0,,,,,
1512506,大石病院,1,1,0,1,0,0,1,0,,,,,
1512654,医療法人社団玄同会 小畠病院,1,0,1,0,0,0,0,0,,,,,
1512662,医療法人社団黎明会 さくらの丘クリニック,1,0,0,1,0,0,0,0,,,,,
1512811,医療法人徹慈会 堀病院,1,0,0,0,0,0,0,0,,,,,
1512829,脳神経センター大田記念病院,3,5,1,2,0,1,3,1,,,15928.0,17004.0,VERIFIED_NUMERIC
1512852,医療法人社団　尚志会福山城西病院,1,0,0,1,0,0,0,0,,,,,
1512894,水永リハビリテーション病院,0,1,0,0,0,0,0,1,,,,,
1512977,医療法人辰川会 山陽病院,1,1,0,1,0,0,1,0,,,,,
1513017,医療法人叙叙会 福山第一病院,1,1,1,0,0,0,1,0,,,,,
1513413,医療法人東和会 小林病院,1,0,0,1,0,0,0,0,,,,,
1513504,医療法人財団竹政会 福山循環器病院,1,0,0,1,0,0,0,0,,,,,
1513678,医療法人社団健照会 住吉ふじい病院,1,0,0,1,0,0,0,0,,,,,
1513769,楠本病院,1,0,1,0,0,0,0,0,,,,,
1514601,医療法人社団宏仁会 寺岡整形外科病院,1,1,0,1,0,0,1,0,,,,,
1515830,井上病院,1,0,0,1,0,0,0,0,,,,,
1516051,医療法人社団生和会福山リハビリテーション病院,1,0,0,1,0,0,0,0,,,,,
1516317,医療法人財団竹政会セントラル病院,1,1,0,1,0,0,1,0,,,,,
1516622,徳永医院,1,0,0,1,0,0,0,0,,,,,
1516739,福山南病院,1,1,0,1,0,0,1,0,,,,,
1710498,府中中央内科病院,1,0,0,1,0,0,0,0,,,,,
1710639,なんば医院,1,0,0,1,0,0,0,0,,,,,
1710720,府中市民病院,1,1,1,0,0,0,1,0,,,,,
1710738,府中北市民病院,1,1,0,1,0,0,1,0,,,,,
1910387,内科・外科鳴戸医院,1,0,0,1,0,0,0,0,,,,,
1910627,三次地区医療センター,1,1,1,0,0,0,1,0,,,,,
1910643,大倉医院,1,0,0,1,0,0,0,0,,,,,
1910718,医療法人微風会ビハーラ花の里病院,1,0,0,0,1,0,0,0,,,,,
1910809,市立三次中央病院,2,1,2,0,0,1,0,0,,,,,
2110011,総合病院 庄原赤十字病院,1,1,1,0,0,0,1,0,,,,,
2110417,庄原市立西城市民病院,1,1,1,0,0,0,1,0,,,,,
2310272,メープルヒル病院,1,0,0,1,0,0,0,0,,,,,
2510046,本永病院,1,1,0,1,0,0,1,0,,,,,
2510087,木阪病院,1,0,0,1,0,0,0,0,,,,,
2510335,広島県立総合リハビリテーションセンター医療センター,1,1,0,1,0,0,1,0,,,,,
2510392,土肥整形外科病院,1,1,0,1,0,0,0,1,,,,,
2510533,医療法人社団葵会 八本松病院,1,1,0,1,0,0,0,1,,,,,
2510962,井野口病院,1,1,0,1,0,0,1,0,,,,,
2511051,東広島記念病院,1,1,0,1,0,0,0,1,,,,,
2511309,西条中央病院,1,1,1,0,0,0,1,0,,,,,
2512463,県立安芸津病院,1,1,0,1,0,0,0,1,,,,,
2710018,広島県厚生農業協同組合連合会広島総合病院,4,2,4,0,0,2,0,0,,,,,
2710430,医療法人あかね会 阿品土谷病院,1,0,0,1,0,0,0,0,,,,,
2710513,廿日市野村病院,1,1,0,1,0,0,0,1,,,,,
2710752,廿日市記念病院,1,1,0,1,0,0,1,0,,,,,
2711073,医療法人社団清流会 双樹クリニック,1,0,0,1,0,0,0,0,,,,,
2910048,澤医院,1,0,0,1,0,0,0,0,,,,,
2910089,島の病院おおたに,1,1,0,1,0,0,1,0,,,,,
3110143,医療法人社団仁風会 青木病院,1,0,0,1,0,0,0,0,,,,,
3110655,一般財団法人 広島結核予防協会 住吉浜病院,1,0,0,1,0,0,0,0,,,,,
3111190,済生会 広島病院,1,1,1,0,0,0,1,0,,,,,
3210026,マツダ株式会社マツダ病院,1,2,1,0,0,0,2,0,,,,,
3210711,山本整形外科病院,1,1,0,1,0,0,1,0,,,,,
3212048,医療法人桜衣会　南海田病院,1,0,0,1,0,0,0,0,,,,,
3312251,佐伯中央病院,1,0,0,1,0,0,0,0,,,,,
3312335,大野浦病院,1,0,0,1,0,0,0,0,,,,,
3510045,安芸太田病院,1,1,0,1,0,0,1,0,,,,,
3510318,北広島病院,1,0,0,1,0,0,0,0,,,,,
3510615,医療法人社団慶寿会千代田中央病院,1,0,0,1,0,0,0,0,,,,,
3510631,医療法人サカもみの木会大朝ふるさと病院,1,1,0,1,0,0,1,0,,,,,
3610449,広島県厚生農業協同組合連合会吉田総合病院,1,1,1,0,0,0,1,0,,,,,
3610951,安芸高田やちよクリニック,1,0,0,1,0,0,0,0,,,,,
3710777,康成病院,1,0,0,1,0,0,0,0,,,,,
3710793,医療法人真慈会 真愛病院,1,0,0,0,1,0,0,0,,,,,
3910237,医療法人社団田村医院,1,0,0,1,0,0,0,0,,,,,
3910559,医療法人仁康会 本郷中央病院,1,0,0,1,0,0,0,0,,,,,
4110357,医療法人社団博和会 得本医院,1,0,0,1,0,0,0,0,,,,,
4210025,公立世羅中央病院,1,1,1,0,0,0,1,0,,,,,
4210413,医療法人社団卜部医院 うらべ医院,1,0,0,1,0,0,0,0,,,,,
4310130,木下メディカルクリニック,1,0,0,0,1,0,0,0,,,,,
4310239,沼隈病院,1,1,1,0,0,0,1,0,,,,,
4410286,医療法人社団成恵会 やまてクリニック,1,0,0,1,0,0,0,0,,,,,
4410294,柚木外科医院,1,0,0,1,0,0,0,0,,,,,
4410344,医療法人慈彗会 亀川病院,1,0,1,0,0,0,0,0,,,,,
4510051,寺岡記念病院,1,1,1,0,0,0,1,0,,,,,
4610299,神石高原町立病院,1,0,0,1,0,0,0,0,,,,,
4910129,医療法人社団増原会東城病院,1,0,0,1,0,0,0,0,,,,,
8010017,広島大学病院,9,5,8,0,0,4,0,1,,,27994.0,11241.0,VERIFIED_NUMERIC
8010033,独立行政法人国立病院機構呉医療センター,3,2,2,0,0,0,2,0,,,,,
8010041,独立行政法人国立病院機構福山医療センター,3,2,1,1,0,1,1,0,,,,,
8010082,独立行政法人国立病院機構賀茂精神医療センター,1,1,0,1,0,0,0,1,,,,,
1514221,医療法人社団田中メディカルクリニック,1,0,0,0,0,0,0,0,,,,,
0218717,重症児・者福祉医療施設 鈴が峰,1,0,0,0,0,0,0,0,,,,,
0112434,福島第一病院,1,1,1,0,0,0,1,0,2012-04-01,,,,
0112509,福島寿光会病院,1,0,0,1,0,0,0,0,2023-07-01,,,,
0112863,医療生協わたり病院,1,0,1,0,0,0,0,0,2012-06-01,,,,
0114091,福島西部病院,1,0,0,1,0,0,0,0,2012-04-01,,,,
0114182,きらり健康生活協同組合須川診療所,1,1,0,1,0,0,0,1,2014-04-01,,,,
0114265,福島中央病院,1,0,1,0,0,0,0,0,2023-12-01,,,,
0115197,医療法人 福島腎泌尿器クリニック,1,0,0,1,0,0,0,0,2012-04-01,,,,
0115577,あづま脳神経外科病院,2,1,1,1,0,0,1,0,2022-08-01,,,,
0115783,笹木野みやけ内科外科,1,0,0,1,0,0,0,0,2016-01-01,,,,
0116278,一般財団法人脳神経疾患研究所附属南東北福島病院,2,1,1,0,1,0,1,0,2012-06-01,,,,
0116930,公立大学法人 福島県立医科大学附属病院,5,4,3,1,0,2,2,0,2026-06-01,MEDIUM_2026_STANDARD_START,0.0,0.0,VERIFIED_ZERO
0116989,済生会福島総合病院,1,1,0,1,0,0,1,0,2026-06-01,MEDIUM_2026_STANDARD_START,,,
0117409,しのぶ病院,1,0,0,1,0,0,0,0,2012-04-01,,,,
0117961,福島セントラルクリニック,1,1,0,1,0,0,0,1,2016-12-01,,,,
0118035,一般財団法人大原記念財団 大原綜合病院,3,2,3,0,0,1,1,0,2026-06-01,MEDIUM_2026_STANDARD_START,,,
0118100,福島赤十字病院,1,2,1,0,0,0,2,0,2019-01-01,,,,
0118316,おぎはら泌尿器と腎のクリニック,1,0,1,0,0,0,0,0,2021-10-04,,,,
0210246,竹田綜合病院,3,2,2,1,0,1,1,0,2026-06-01,MEDIUM_2026_STANDARD_START,,,
0211772,会津中央病院,3,2,3,0,0,1,1,0,2026-06-01,MEDIUM_2026_STANDARD_START,,,
0212051,医療法人遠山会 遠山胃腸科内科医院,1,0,0,0,0,0,0,0,2026-05-01,MEDIUM_2026_STANDARD_START,,,
0212911,医療法人明精会 会津西病院,1,1,1,0,0,0,0,1,2012-04-01,,,,
0212978,わかまつインターベンションクリニック,1,0,0,1,0,0,0,0,2012-04-01,,,,
0213208,公立大学法人福島県立医科大学会津医療センター附属病院,4,1,2,0,0,0,1,0,2026-06-01,MEDIUM_2026_STANDARD_START,,,
0310640,公益財団法人湯浅報恩会寿泉堂香久山病院,1,0,0,1,0,0,0,0,2017-07-01,,,,
0310947,一般財団法人太田綜合病院附属太田熱海病院,1,1,1,0,0,0,1,0,2020-07-01,,,,
0312356,一般財団法人太田綜合病院附属太田西ノ内病院,3,2,3,0,0,0,2,0,2025-11-01,,,,
0312463,佐藤胃腸科外科病院,1,0,0,0,1,0,0,0,2012-04-01,,,,
0312802,桑野協立病院,1,0,0,0,1,0,0,0,2015-12-01,,,,
0312943,医療法人明信会今泉西病院,1,0,0,1,0,0,0,0,2015-06-01,,,,
0313198,奥羽大学歯学部附属病院,2,0,0,1,0,0,0,0,2015-09-01,,,,
0313586,一般財団法人 脳神経疾患研究所 附属 総合南東北病院,4,3,3,1,0,1,2,0,2026-06-01,MEDIUM_2026_STANDARD_START,19016.0,4666.0,VERIFIED_NUMERIC
0316274,郡山市医療介護病院,1,0,0,1,0,0,0,0,2016-10-01,,,,
0316639,一般財団法人 脳神経疾患研究所 附属 南東北がん陽子線治療センター,1,1,0,1,0,0,1,0,2012-04-01,,,,
0316860,公益財団法人湯浅報恩会寿泉堂綜合病院,2,2,1,1,0,1,1,0,2026-06-01,MEDIUM_2026_STANDARD_START,,,
0317074,公益財団法人星総合病院,3,1,3,0,0,0,1,0,2026-06-01,MEDIUM_2026_STANDARD_START,,,
0317132,医療法人社団新生会 南東北第二病院,1,0,0,1,0,0,0,0,2013-08-01,,,,
0317355,医療法人慈繁会付属土屋病院,1,0,0,1,0,0,0,0,2016-04-01,,,,
0317645,日東病院,1,0,1,0,0,0,0,0,2021-11-01,,,,
0410838,松村総合病院,1,1,1,0,0,0,1,0,2012-04-01,,,,
0411489,独立行政法人労働者健康安全機構福島労災病院,2,1,1,1,0,0,1,0,2012-04-01,,,,
0411521,医療法人福島アフターケア協会 大河内記念病院,1,0,0,1,0,0,0,0,2019-10-01,,,,
0411737,医療法人常磐会 いわき湯本病院,1,0,0,1,0,0,0,0,2025-06-01,,,,
0412339,櫛田病院,1,0,0,1,0,0,0,0,2013-08-01,,,,
0412545,呉羽総合病院,1,1,1,0,0,0,1,0,2014-04-01,,,,
0413584,社団医療法人養生会かしま病院,1,1,1,0,0,0,1,0,2026-06-01,MEDIUM_2026_STANDARD_START,,,
0414145,医療法人春陽会春山医院,1,0,0,1,0,0,0,0,2013-07-01,,,,
0414889,医療法人双美会 クリニック田畑,1,0,0,1,0,0,0,0,2013-04-01,,,,
0415431,ささき内科クリニック,1,0,0,0,0,0,0,0,2018-03-01,,,,
0415688,かもめクリニック,1,0,0,1,0,0,0,0,2025-01-01,,,,
0415928,社団医療法人尚佑会 矢吹病院,1,0,0,1,0,0,0,0,2015-04-01,,,,
0416256,医療法人あさうら会 須田医院,1,0,0,1,0,0,0,0,2016-04-01,,,,
0416702,小名浜生協病院,1,0,1,0,0,0,0,0,2014-03-01,,,,
0417346,いわき草木台総合クリニック,1,0,0,1,0,0,0,0,2024-01-01,,,,
0417726,ニュータウン腎・内科クリニック,1,0,0,1,0,0,0,0,2018-04-01,,,,
0417841,公益財団法人ときわ会常磐病院,1,1,0,1,0,0,1,0,2025-11-01,,,,
0418070,医療法人美波会菅波医院,1,0,0,1,0,0,0,0,2015-04-01,,,,
0418492,公益財団法人ときわ会 磐城中央病院,2,1,0,2,0,0,1,0,2019-09-30,,,,
0418609,医療法人松尾会松尾病院,1,0,1,0,0,0,0,0,2022-06-20,,,,
0511254,医療法人社団恵周会 白河病院,1,1,1,0,0,0,1,0,2014-04-01,,,,
0511429,福島県厚生農業協同組合連合会 白河厚生総合病院,2,2,1,1,0,1,1,0,2026-06-01,MEDIUM_2026_STANDARD_START,,,
0511494,近藤眼科,1,0,0,0,0,0,0,0,,,,,
0511635,白河那須総合クリニック,1,0,0,1,0,0,0,0,2024-11-01,,,,
0710021,公立岩瀬病院,1,1,1,0,0,0,1,0,2025-11-01,,,,
0710831,医療法人平心会須賀川病院,1,1,1,0,0,0,1,0,2012-04-01,,,,
0711516,南東北春日リハビリテーション病院,1,0,0,1,0,0,0,0,2025-08-01,,,,
0711706,医療法人三愛会池田記念病院,1,1,0,1,0,0,1,0,2025-07-01,,,,
0810649,医療法人社団日新会入澤病院,1,0,1,0,0,0,0,0,2020-06-01,,,,
0810664,医療法人 佐原病院,1,0,1,0,0,0,0,0,2013-09-01,,,,
0810672,医療法人昨雲会 飯塚病院附属有隣病院,1,1,1,0,0,0,1,0,2021-11-01,,,,
0810946,鳴瀬病院,1,0,0,1,0,0,0,0,2023-04-01,,,,
0910449,公立相馬総合病院,1,1,0,1,0,0,1,0,2012-04-01,,,,
0910605,医療法人社団茶畑会相馬中央病院,2,1,0,1,0,0,1,0,2012-12-01,,,,
1010413,医療法人辰星会 枡病院,1,0,0,1,0,0,0,0,2013-04-01,,,,
1010561,医療法人辰星会 枡記念病院,2,1,2,0,0,0,1,0,2026-04-01,MEDIUM_2026_STANDARD_START,,,
1010660,独立行政法人地域医療機能推進機構 二本松病院,1,1,1,0,0,0,1,0,2021-12-01,,,,
1110049,田村市立都路診療所,1,0,0,1,0,0,0,0,2016-10-01,,,,
1110122,医療法人健山会船引クリニック,1,0,1,0,0,0,0,0,2025-04-01,,,,
1210294,医療法人社団青空会 大町病院,1,1,0,1,0,0,1,0,2013-08-01,,,,
1210336,福島県厚生農業協同組合連合会鹿島厚生病院,1,0,0,1,0,0,0,0,2012-12-01,,,,
1210476,南相馬市立総合病院,2,2,2,0,0,0,2,0,2026-06-01,MEDIUM_2026_STANDARD_START,,,
1310318,北福島医療センター,1,1,1,0,0,1,0,0,2020-10-01,,,,
1410035,医療法人慈久会谷病院,1,1,0,1,0,0,1,0,2026-04-01,MEDIUM_2026_STANDARD_START,,,
2011154,公立藤田総合病院,1,1,1,0,0,0,1,0,2026-06-01,MEDIUM_2026_STANDARD_START,,,
2012129,済生会川俣病院,1,0,0,1,0,0,0,0,2012-04-01,,,,
2310655,福島県立南会津病院,1,1,1,0,0,0,1,0,2026-03-01,MEDIUM_2026_STANDARD_START,,,
2310804,只見町国民健康保険朝日診療所,1,0,0,1,0,0,0,0,2015-10-01,,,,
2511120,磐梯町医療センター,1,0,0,1,0,0,0,0,2012-04-01,,,,
2511211,猪苗代町立猪苗代病院,1,0,0,1,0,0,0,0,2016-08-01,,,,
2610724,福島県厚生農業協同組合連合会坂下厚生総合病院,1,1,1,0,0,0,1,0,2021-11-01,,,,
2710441,福島県立宮下病院,1,0,0,1,0,0,0,0,2014-04-01,,,,
2810167,公益財団法人会田病院,1,1,0,1,0,0,1,0,2026-06-01,MEDIUM_2026_STANDARD_START,,,
2810860,福島県太陽の国クリニック,1,0,0,1,0,0,0,0,2021-04-01,,,,
2910041,福島県厚生農業協同組合連合会塙厚生病院,1,1,1,0,0,0,1,0,2012-04-01,,,,
3011062,ひらた中央病院,1,1,0,1,0,0,1,0,2021-05-01,,,,
3111573,公立小野町地方綜合病院,1,1,1,0,0,0,1,0,2015-04-01,,,,
3211019,高野病院,1,0,0,1,0,0,0,0,2012-07-01,,,,
3211472,福島県ふたば医療センター附属病院,1,1,0,1,0,0,1,0,2023-02-01,,,,
3310704,渡辺病院,1,1,1,0,0,0,1,0,2014-03-01,,,,
5010021,独立行政法人国立病院機構福島病院,1,1,0,1,0,0,1,0,2013-10-01,,,,
5010047,独立行政法人国立病院機構いわき病院,1,1,0,1,0,1,0,0,2019-02-01,,,,
0114810,福島南病院,1,0,0,0,1,0,0,0,2019-09-01,,,,
0107002,冨塚メディカルクリニック,1,1,1,0,0,0,0,1,,,,,
0107440,宇都宮整形外科内科クリニック,1,1,0,1,0,0,0,1,,,,,
0110170,佐藤病院,1,1,0,0,1,0,0,1,,,,,
0110535,報徳会宇都宮病院,1,1,0,1,0,0,1,0,,,,,
0110691,医療法人恵会　皆藤病院,1,1,0,1,0,0,1,0,,,,,
0111087,宇都宮中央病院,1,0,0,0,1,0,0,0,,,,,
0111129,鷲谷記念病院,1,1,1,0,0,0,1,0,,,,,
0111137,宇都宮東病院,1,1,1,0,0,0,1,0,,,,,
0111277,柴病院,1,0,1,0,0,0,0,0,,,,,
0111897,柴崎外科医院,1,0,0,1,0,0,0,0,,,,,
0112234,高橋消化器内科糖尿病内科,1,0,0,1,0,0,0,0,,,,,
0113174,宇都宮記念病院,6,3,4,0,0,1,2,0,,,,,
0113190,倉持病院,1,0,0,0,1,0,0,0,,,,,
0113281,宇都宮脳脊髄センター,1,1,0,1,0,0,1,0,,,,,
0113323,宇都宮リハビリテーション病院,1,0,0,1,0,0,0,0,,,,,
0113851,栃木県立がんセンター,5,1,2,3,0,1,0,0,,,11677.0,3288.0,VERIFIED_NUMERIC
0114230,栃木県立リハビリテーションセンター,1,1,1,0,0,0,1,0,,,,,
0115054,宇都宮脳脊髄センター・シンフォニー病院,1,1,1,0,0,0,1,0,,,,,
2110269,白澤病院,1,1,0,1,0,0,1,0,,,,,
2110293,藤井脳神経外科病院,1,2,1,0,0,0,2,0,,,,,
6210115,済生会宇都宮病院,5,4,4,1,0,2,2,0,,,40284.0,18701.0,VERIFIED_NUMERIC
0210087,今井病院,1,1,1,0,0,0,1,0,,,,,
0210632,大岡胃腸内科,1,0,0,1,0,0,0,0,,,,,
0210780,あしかがの森足利病院,1,0,0,1,0,0,0,0,,,,,
0210798,鹿島整形外科,1,1,0,1,0,0,1,0,,,,,
5110373,足利赤十字病院,4,2,3,1,0,1,1,0,,,17610.0,5510.0,VERIFIED_NUMERIC
0310184,中野病院,1,0,0,1,0,0,0,0,,,,,
0310713,とちぎメディカルセンターとちのき,1,1,1,0,0,0,1,0,,,,,
0311075,整形外科メディカルパパス,0,1,0,0,0,0,0,1,,,,,
2210077,西方病院,1,1,0,1,0,0,1,0,,,,,
2310315,藤沼医院,1,0,0,1,0,0,0,0,,,,,
0410059,佐野医師会病院,1,1,0,1,0,0,1,0,,,,,
0410489,佐野厚生総合病院,3,2,2,1,0,2,0,0,,,,,
0410638,医療法人愛仁会　佐野利根川橋クリニック,1,0,0,1,0,0,0,0,,,,,
0410844,佐野市民病院,1,1,1,0,0,0,1,0,,,,,
0510148,御殿山病院,1,1,1,0,0,0,1,0,,,,,
0510528,竹村内科腎クリニック,1,1,0,1,0,0,1,0,,,,,
0610138,日光市民病院,1,1,0,1,0,0,1,0,,,,,
0610153,日光野口病院,2,0,0,1,0,0,0,0,,,,,
0801455,すずき整形外科,1,0,0,1,0,0,0,0,,,,,
0810381,光南病院,1,1,0,1,0,0,1,0,,,,,
0810456,船田内科歯科医院,1,0,0,1,0,0,0,0,,,,,
0810522,星野病院,1,0,0,1,0,0,0,0,,,,,
0810704,南栃木病院,1,0,0,1,0,0,0,0,,,,,
0810720,小山すぎの木クリニック,1,1,1,0,0,0,1,0,,,,,
0810779,小山整形外科内科,1,1,0,1,0,0,0,1,,,,,
0811116,新小山市民病院,2,1,2,0,0,0,1,0,,,,,
0811249,さくらのクリニック,1,0,0,1,0,0,0,0,,,,,
0811447,リハビリテーション翼の舎病院,1,0,0,1,0,0,0,0,,,,,
0910108,福田記念病院,1,1,0,1,0,0,1,0,,,,,
0910124,真岡病院,1,1,1,0,0,0,1,0,,,,,
0910421,二宮中央クリニック,1,0,0,1,0,0,0,0,,,,,
0910470,真岡メディカルクリニック,1,0,0,1,0,0,0,0,,,,,
0910538,芳賀赤十字病院,2,2,2,0,0,1,1,0,,,,,
1010130,那須中央病院,1,1,1,0,0,0,1,0,,,,,
1010320,藤田医院,1,0,0,1,0,0,0,0,,,,,
5110399,那須赤十字病院,3,2,2,1,0,1,1,0,,,,,
1110062,尾形クリニック,1,0,0,1,0,0,0,0,,,,,
1110146,矢板南病院,1,0,0,1,0,0,0,0,,,,,
1110229,村井胃腸科外科クリニック,1,0,0,0,1,0,0,0,,,,,
5210215,国際医療福祉大学塩谷病院,1,1,0,1,0,1,0,0,,,,,
1210060,菅間記念病院,2,1,2,0,0,0,1,0,,,,,
1210128,福島整形外科病院,1,0,0,0,1,0,0,0,,,,,
1310316,那須北病院,1,1,1,0,0,0,1,0,,,,,
2510641,栃木県医師会塩原温泉病院,1,0,0,1,0,0,0,0,,,,,
2510534,那須南病院,1,1,0,1,0,0,1,0,,,,,
1610178,医療法人社団友志会 石橋総合病院,1,1,1,0,0,1,0,0,,,,,
2310489,都丸整形外科医院,1,0,0,1,0,0,0,0,,,,,
2310505,小金井中央病院,1,0,1,0,0,0,0,0,,,,,
5210074,自治医科大学附属病院,8,6,6,1,0,3,3,0,,,46813.0,19912.0,VERIFIED_NUMERIC
2110426,新上三川病院,1,2,1,0,0,1,1,0,,,,,
2710423,芳賀中央病院,1,0,0,1,0,0,0,0,,,,,
5210173,獨協医科大学病院,5,6,4,1,0,3,3,0,,,0.0,0.0,VERIFIED_ZERO
2610433,高根沢中央病院,1,0,0,1,0,0,0,0,,,,,
2510567,高野病院,1,1,0,1,0,0,0,1,,,,,
0510023,上都賀総合病院,2,1,1,1,0,1,0,0,,,,,
2610201,黒須病院,1,1,1,0,0,0,1,0,,,,,
0111103,宇都宮第一病院,1,1,1,0,0,0,1,0,,,,,
0112408,医療法人慶晴会　宇都宮南病院,1,0,0,1,0,0,0,0,,,,,
0117969,新宇都宮リハビリテーション病院,1,0,0,1,0,0,0,0,,,,,
0210053,鈴木病院,1,0,1,0,0,0,0,0,,,,,
0210509,皆川病院,1,0,0,0,1,0,0,0,,,,,
0210921,足利中央病院,1,0,0,1,0,0,0,0,,,,,
0310192,星風会病院星風院,1,0,0,1,0,0,0,0,,,,,
0310861,とちぎメディカルセンターしもつが,3,2,3,0,0,0,2,0,,,,,
0510437,鹿沼脳神経外科,1,1,0,1,0,0,1,0,,,,,
0510569,細川内科・外科・眼科,1,0,0,0,1,0,0,0,,,,,
0610336,獨協医科大学日光医療センター,2,1,0,2,0,0,1,0,,,,,
0810092,小山厚生病院,1,0,0,1,0,0,0,0,,,,,
2310497,多島外科胃腸科,1,0,0,1,0,0,0,0,,,,,
2310653,リハビリテーション花の舎病院,1,0,0,1,0,0,0,0,,,,,
2610193,菅又病院,1,0,1,0,0,0,0,0,,,,,
0110037,独立行政法人地域医療機能推進機構 群馬中央病院,2,1,2,0,0,1,0,0,,,,,
0110144,群馬県済生会前橋病院,1,1,1,0,0,0,1,0,,,,,
0110151,前橋協立病院,1,1,0,1,0,0,1,0,,,,,
0110359,公益財団法人老年病研究所附属病院,1,2,1,0,0,0,2,0,,,,,
0110375,（医）中沢会上毛病院,1,0,0,1,0,0,0,0,,,,,
0110672,（医社）敬寿会前橋城南病院,1,0,1,0,0,0,0,0,,,,,
0110847,上武呼吸器科内科病院,1,0,1,0,0,0,0,0,,,,,
0111324,若松記念わかば病院,1,0,0,1,0,0,0,0,,,,,
0111373,中嶋医院,1,0,0,1,0,0,0,0,,,,,
0111407,医療法人前橋北病院,1,0,0,1,0,0,0,0,,,,,
0111530,あさくらスポーツリハビリテーションクリニック,1,1,0,1,0,0,0,1,,,,,
0112090,群馬ペインクリニック病院,1,0,0,1,0,0,0,0,,,,,
0112108,しらかわ診療所,1,0,0,1,0,0,0,0,,,,,
0112306,善衆会病院,1,2,1,0,0,0,2,0,,,,,
0112330,東前橋整形外科病院,1,1,0,1,0,0,1,0,,,,,
0112405,うしいけ内科クリニック,1,0,0,1,0,0,0,0,,,,,
0112611,前橋赤十字病院,7,3,5,2,0,2,1,0,,,25777.0,8407.0,VERIFIED_NUMERIC
0112702,城西クリニック,2,2,2,0,0,1,1,0,,,,,
5010018,群馬県立心臓血管センター,1,1,1,0,0,0,1,0,,,,,
7010016,群馬大学医学部附属病院,11,5,6,4,1,2,3,0,,,29058.0,15116.0,VERIFIED_NUMERIC
1010053,（医）山崎会サンピエール病院,1,0,1,0,0,0,0,0,,,,,
1010087,高崎中央病院,1,0,1,0,0,0,0,0,,,,,
1010103,希望館病院,1,0,1,0,0,0,0,0,,,,,
1010145,第一病院,1,1,1,0,0,0,1,0,,,,,
1010186,真木病院,2,1,0,2,0,0,1,0,,,,,
1010202,大原病院,1,0,0,1,0,0,0,0,,,,,
1010244,（医）日高会日高病院,2,1,2,0,0,0,1,0,,,,,
1010269,（医）十薬会上大類病院,1,0,0,1,0,0,0,0,,,,,
1010343,（医社）醫光会駒井病院,1,0,0,1,0,0,0,0,,,,,
1010368,（医）井上病院,1,1,1,0,0,0,1,0,,,,,
1010822,たかまえ病院,1,0,1,0,0,0,0,0,,,,,
1010988,（医）中央群馬脳神経外科病院,1,2,1,0,0,0,2,0,,,,,
1011465,黒沢病院附属ヘルスパーククリニック,1,2,1,0,0,0,2,0,,,,,
1011853,黒沢病院,1,1,1,0,0,0,1,0,,,,,
1011945,高瀬記念病院,1,1,1,0,0,0,1,0,,,,,
1011986,綿貫病院,1,0,0,1,0,0,0,0,,,,,
1510029,榛名荘病院,1,0,0,1,0,0,0,0,,,,,
1510128,関越中央病院,1,1,1,0,0,0,1,0,,,,,
1510326,みさと診療所,1,0,0,0,1,0,0,0,,,,,
1710264,（医社）日高会日高リハビリテーション病院,1,0,1,0,0,0,0,0,,,,,
7010024,独立行政法人国立病院機構高崎総合医療センター,3,2,2,1,0,1,1,0,,,,,
2410021,桐生厚生総合病院,3,2,2,1,0,1,1,0,,,,,
2410187,岩下病院,1,1,0,0,1,0,0,1,,,,,
2410195,大和病院,1,0,0,1,0,0,0,0,,,,,
2410229,（医）宏愛会篠原クリニック,1,0,0,0,1,0,0,0,,,,,
2410344,たかのす診療所,1,0,0,1,0,0,0,0,,,,,
2410534,医療法人社団全仁会 高木病院,1,0,0,1,0,0,0,0,,,,,
2410542,日新病院,1,1,0,1,0,0,1,0,,,,,
2410781,桐生整形外科病院,1,1,0,1,0,0,1,0,,,,,
0201281,渡辺内科クリニック,1,0,1,0,0,0,0,0,,,,,
0210183,一般社団法人伊勢崎佐波医師会病院,1,2,1,0,0,0,2,0,,,,,
0210274,公益財団法人脳血管研究所美原記念病院,1,2,1,0,0,1,1,0,,,,,
0210316,（医）石井会石井病院,1,1,0,1,0,0,1,0,,,,,
0210738,伊勢崎市民病院,4,2,3,0,1,1,1,0,,,22499.0,7079.0,VERIFIED_NUMERIC
0210928,伊勢崎福島病院,1,1,0,1,0,0,1,0,,,,,
0610044,鶴谷病院,2,1,1,1,0,0,1,0,,,,,
0610200,せせらぎ病院,1,0,0,1,0,0,0,0,,,,,
2510044,本島総合病院,1,1,0,1,0,0,0,1,,,,,
2510051,ＳＵＢＡＲＵ健康保険組合太田記念病院,2,2,2,0,0,1,1,0,,,,,
2510101,堀江病院,1,1,0,1,0,0,1,0,,,,,
2510200,（医）慶仁会城山病院,1,1,1,0,0,0,1,0,,,,,
2510218,冨士ヶ丘病院,3,0,0,1,0,0,0,0,,,,,
2510697,医療法人財団明理会イムス太田中央総合病院,1,2,0,1,0,0,2,0,,,,,
2710123,宏愛会第一病院,1,1,0,1,0,0,1,0,,,,,
5010026,群馬県立がんセンター,5,2,2,3,0,1,1,0,,,12453.0,4665.0,VERIFIED_NUMERIC
0310066,沼田脳神経外科循環器科病院,1,1,1,0,0,0,1,0,,,,,
0310124,内田病院,1,1,1,0,0,0,1,0,,,,,
0310199,角田外科医院,1,0,0,1,0,0,0,0,,,,,
0310363,利根中央病院,1,1,1,0,0,0,1,0,,,,,
7010040,独立行政法人国立病院機構沼田病院,1,1,0,1,0,0,0,1,,,,,
2610018,公立館林厚生病院,2,1,2,0,0,0,1,0,,,,,
2610109,館林記念病院,1,1,0,1,0,0,1,0,,,,,
2610133,（医社）田口会新橋病院,1,0,0,1,0,0,0,0,,,,,
2610554,慶友整形外科病院,1,1,0,1,0,1,0,0,,,,,
0410189,北関東循環器病院,1,0,1,0,0,0,0,0,,,,,
1110077,北毛保健生活協同組合北毛病院,1,1,1,0,0,0,1,0,,,,,
1110135,（医）恒和会関口病院,1,0,0,1,0,0,0,0,,,,,
1110226,渋川中央病院,1,0,1,0,0,0,0,0,,,,,
5010042,群馬県立小児医療センター,1,2,1,0,0,0,1,1,,,,,
7010115,独立行政法人国立病院機構渋川医療センター,2,2,2,0,0,2,0,0,,,,,
1210091,（医社）三思会くすの木病院,1,1,1,0,0,1,0,0,,,,,
1210109,光病院,1,1,0,1,0,0,0,1,,,,,
1210117,（医）育生会篠塚病院,1,1,0,1,0,1,0,0,,,,,
1210349,藤岡市国民健康保険鬼石病院,1,0,0,1,0,0,0,0,,,,,
1210414,公立藤岡総合病院,3,2,2,1,0,1,1,0,,,,,
1310024,公立富岡総合病院,2,1,2,0,0,1,0,0,,,,,
1310206,公立七日市病院,1,0,0,1,0,0,0,0,,,,,
1410063,医療法人済恵会 須藤病院,1,1,1,0,0,0,1,0,,,,,
1410097,正田病院,1,0,0,1,0,0,0,0,,,,,
1410154,公立碓氷病院,1,1,1,0,0,0,1,0,,,,,
2010052,松井田病院,1,0,0,1,0,0,0,0,,,,,
2710032,医療法人社団三思会東邦病院,2,1,1,1,0,0,1,0,,,,,
2710099,みどり病院,1,0,0,1,0,0,0,0,,,,,
2810022,療育センターきぼう,1,0,0,1,0,0,0,0,,,,,
1610035,群栄会田中病院,1,0,0,1,0,0,0,0,,,,,
1810072,下仁田厚生病院,1,0,0,1,0,0,0,0,,,,,
2110134,（公社）群馬県医師会群馬リハビリテーション病院,1,0,0,0,1,0,0,0,,,,,
2110159,吾妻さくら病院,1,0,0,1,0,0,0,0,,,,,
2110357,田島病院,1,0,0,1,0,0,0,0,,,,,
2110324,西吾妻福祉病院,1,1,1,0,0,0,1,0,,,,,
2110365,（医）東瞭会櫻井医院,1,0,0,1,0,0,0,0,,,,,
7010099,国立療養所栗生楽泉園,1,0,0,1,0,0,0,0,,,,,
2110076,原町赤十字病院,1,1,1,0,0,0,1,0,,,,,
0510079,（医社）ほたか会群馬パース病院,1,0,1,0,0,0,0,0,,,,,
0610127,角田病院,1,1,0,0,1,0,1,0,,,,,
3010358,（医）海宝会明和セントラル病院,1,0,0,1,0,0,0,0,,,,,
3010077,(医)徹裕会蜂谷病院,1,0,0,1,0,0,0,0,,,,,
3010176,医療法人社団醫光会おうら病院,1,1,0,1,0,0,1,0,,,,,
1012737,さわらび医療福祉センター,1,0,0,1,0,0,0,0,,,,,
0122581,新潟リハビリテーション病院,1,1,0,1,0,0,1,0,,,,,
0122615,厚生連豊栄病院,1,1,1,0,0,0,1,0,,,,,
0121146,社会医療法人　桑名恵風会　桑名病院,1,2,1,0,0,0,2,0,,,,,
0121518,新潟臨港病院,1,1,1,0,0,0,1,0,,,,,
0125642,新潟医療生活協同組合 木戸病院,1,1,1,0,0,0,1,0,,,,,
0114760,とやの中央病院,1,0,0,1,0,0,0,0,,,,,
0115544,東新潟病院,1,1,0,1,0,0,1,0,,,,,
0115668,新潟中央病院,1,1,1,0,0,0,1,0,,,,,
0116062,新潟県立がんセンター新潟病院,4,2,3,1,0,1,1,0,,,,,
0116146,大森内科医院,1,0,0,1,0,0,0,0,,,,,
0124652,新潟市民病院,4,2,3,1,0,1,1,0,,,32363.0,6818.0,VERIFIED_NUMERIC
0124868,猫山宮尾病院,1,1,0,1,0,0,1,0,,,,,
0126368,新潟万代病院,1,1,1,0,0,0,1,0,,,,,
0127002,新潟南病院,1,1,0,1,0,0,1,0,,,,,
8910011,新潟大学医歯学総合病院,7,3,4,3,0,2,1,0,,,28199.0,11555.0,VERIFIED_NUMERIC
0122730,亀田第一病院,1,2,0,1,0,0,2,0,,,,,
0122094,新津医療センター病院,1,1,0,1,0,0,0,1,,,,,
0125865,下越病院,1,1,1,0,0,0,1,0,,,,,
0122243,新潟白根総合病院,1,1,0,1,0,0,1,0,,,,,
0122433,白根大通病院,1,0,0,1,0,0,0,0,,,,,
0117755,聖園病院,1,0,0,1,0,0,0,0,,,,,
0120726,新潟脳外科病院,1,3,1,0,0,1,2,0,,,,,
0120734,済生会新潟病院,2,1,2,0,0,0,1,0,,,,,
0121179,黒埼病院,1,0,0,1,0,0,0,0,,,,,
0124074,信楽園病院,2,1,2,0,0,0,1,0,,,,,
8910029,国立病院機構 西新潟中央病院,1,1,1,0,0,0,1,0,,,,,
0123118,岩室リハビリテーション病院,1,0,0,1,0,0,0,0,,,,,
0123225,潟東けやき病院,1,0,0,0,1,0,0,0,,,,,
0123316,西蒲中央病院,1,0,0,1,0,0,0,0,,,,,
0124835,新潟西蒲メディカルセンター病院,1,0,0,1,0,0,0,0,,,,,
0210881,吉田病院,1,0,1,0,0,0,0,0,,,,,
0212697,立川ﾒﾃﾞｨｶﾙｾﾝﾀｰ悠遊健康村病院,1,0,0,0,1,0,0,0,,,,,
0212721,長岡赤十字病院,3,2,2,1,0,0,2,0,,,,,
0213273,三島病院,1,1,0,1,0,0,1,0,,,,,
0214263,立川綜合病院,3,2,2,1,0,1,1,0,,,,,
0410739,済生会三条病院,1,1,0,1,0,0,1,0,,,,,
0411372,富永草野病院,1,1,0,1,0,0,1,0,,,,,
0411497,かもしか病院,1,0,0,1,0,0,0,0,,,,,
0411935,済生会新潟県央基幹病院,3,2,2,1,0,1,1,0,,,,,
0510777,柏崎中央病院,1,1,1,0,0,0,1,0,,,,,
0510819,立川ﾒﾃﾞｨｶﾙｾﾝﾀｰ柏崎厚生病院,1,0,0,0,1,0,0,0,,,,,
8910045,国立病院機構 新潟病院,1,1,1,0,0,0,1,0,,,,,
0611104,いけだ耳鼻科　駅前医院,1,0,0,0,0,0,0,0,,,,,
0611328,竹内病院,1,1,0,1,0,0,1,0,,,,,
0611443,北越病院,1,0,0,1,0,0,0,0,,,,,
0611799,新発田リハビリテーション病院,1,0,0,1,0,0,0,0,,,,,
0612003,新潟県立新発田病院,3,2,2,1,0,1,1,0,,,,,
0810466,小千谷さくら病院,1,1,0,1,0,0,0,1,,,,,
0910324,新潟県立加茂病院,1,1,1,0,0,0,1,0,,,,,
1110494,見附市立病院,1,1,1,0,0,0,1,0,,,,,
1210716,村上記念病院,1,0,0,1,0,0,0,0,,,,,
1210948,新潟県立坂町病院,1,0,1,0,0,0,0,0,,,,,
1210971,山北徳新会病院,1,1,1,0,0,0,1,0,,,,,
1211193,厚生連村上総合病院,1,1,1,0,0,0,1,0,,,,,
1310755,新潟県立吉田病院,1,1,1,0,0,0,1,0,,,,,
1510545,厚生連糸魚川総合病院,1,1,1,0,0,0,1,0,,,,,
1510552,よしだ病院,0,1,0,0,0,0,1,0,,,,,
1610212,厚生連けいなん総合病院,1,1,1,0,0,0,1,0,,,,,
1610543,新潟県立妙高病院,1,0,0,1,0,0,0,0,,,,,
1710418,五泉中央病院,2,2,1,1,0,1,1,0,,,,,
1710632,南部郷厚生病院,1,1,0,1,0,0,1,0,,,,,
0310319,知命堂病院,1,0,0,1,0,0,0,0,,,,,
0311804,新潟県立中央病院,3,2,2,1,0,1,1,0,,,,,
0312034,上越地域医療センター病院,1,1,1,0,0,0,1,0,,,,,
0312505,新潟県立柿崎病院,1,0,0,1,0,0,0,0,,,,,
8910086,独立行政法人国立病院機構さいがた医療センター,1,1,0,1,0,0,1,0,,,,,
2110006,脳神経センター阿賀野病院,1,1,1,0,0,0,1,0,,,,,
2110162,あがの市民病院,1,1,1,0,0,0,1,0,,,,,
2210566,佐渡市立相川診療所,1,0,0,1,0,0,0,0,,,,,
2210590,佐渡市立両津病院,1,0,1,0,0,0,0,0,,,,,
2310317,国民健康保険魚沼市立小出病院,1,1,1,0,0,0,0,1,,,,,
2410075,齋藤記念病院,1,1,1,0,0,0,1,0,,,,,
2410414,萌気園浦佐診療所,1,0,0,1,0,0,0,0,,,,,
2410497,南魚沼市民病院,1,1,1,0,0,0,1,0,,,,,
2510064,中条中央病院,1,1,1,0,0,0,1,0,,,,,
5011607,新潟手の外科研究所病院,1,1,0,1,0,0,1,0,,,,,
5410130,新潟県立津川病院,1,0,0,1,0,0,0,0,,,,,
5811667,町立湯沢病院,1,0,0,1,0,0,0,0,,,,,
5910071,町立津南病院,1,0,0,1,0,0,0,0,,,,,
0410523,三之町病院,1,1,1,0,0,0,1,0,,,,,
1010181,新潟県立十日町病院,1,1,0,1,0,0,1,0,,,,,
0210758,長岡保養園,1,0,0,1,0,0,0,0,,,,,
0212267,長岡西病院,1,1,1,0,0,0,1,0,,,,,
0411067,三条東病院,1,0,1,0,0,0,0,0,,,,,
5011615,新潟聖籠病院,1,1,0,1,0,0,1,0,,,,,
0116313,長野県立総合リハビリテーションセンター,1,1,1,0,0,0,1,0,,,,,
0117063,長野赤十字病院,3,2,3,0,0,1,1,0,,,,,
0117162,医療法人公生会　竹重病院,1,1,1,0,0,0,1,0,,,,,
0117246,長野県厚生農業協同組合連合会長野松代総合病院,2,2,2,0,0,1,1,0,,,,,
0117345,長野県厚生農業協同組合連合会 南長野医療センター篠ノ井総合病院,3,2,2,1,0,1,1,0,,,,,
0117436,長野医療生活協同組合長野中央病院,2,1,2,0,0,1,0,0,,,,,
0117493,田中病院,1,0,1,0,0,0,0,0,,,,,
0117725,医療法人健成会 小林脳神経外科病院,1,2,1,0,0,1,1,0,,,,,
0117840,小島病院,1,0,0,1,0,0,0,0,,,,,
0118020,医療法人鈴木泌尿器科,1,0,0,1,0,0,0,0,,,,,
0118095,南十字脳神経外科,1,1,0,1,0,0,0,1,,,,,
0118251,長野市民病院,3,2,2,1,0,1,1,0,,,,,
0118269,医療法人愛和会 愛和病院,1,0,0,0,1,0,0,0,,,,,
0118301,伊勢宮腎臓内科クリニック,1,0,0,1,0,0,0,0,,,,,
0118376,東口病院,1,0,0,0,0,0,0,0,,,,,
0118806,北野病院,1,0,0,1,0,0,0,0,,,,,
0118939,長野県厚生農業協同組合連合会 長野松代総合病院附属若穂病院,1,0,0,1,0,0,0,0,,,,,
0119200,長野県厚生農業協同組合連合会南長野医療センター新町病院,1,0,0,1,0,0,0,0,,,,,
0119549,朝日ながの病院,1,0,0,1,0,0,0,0,,,,,
0119556,山田記念 朝日病院,1,1,0,1,0,0,1,0,,,,,
0119879,ナカジマ外科病院,1,0,0,1,0,0,0,0,,,,,
0119937,栗田病院,1,1,0,1,0,1,0,0,,,,,
8010088,独立行政法人国立病院機構東長野病院,1,0,0,1,0,0,0,0,,,,,
0217103,藤森病院,1,1,1,0,0,0,1,0,,,,,
0217111,城西病院,1,1,0,1,0,0,1,0,,,,,
0217160,医療法人和心会　松南病院,1,0,0,1,0,0,0,0,,,,,
0217236,社会医療法人抱生会 丸の内病院,1,1,1,0,0,0,1,0,,,,,
0217244,社会医療法人財団慈泉会 相澤病院,4,3,3,1,0,1,2,0,,,28455.0,11647.0,VERIFIED_NUMERIC
0217319,松本協立病院,2,1,2,0,0,0,1,0,,,,,
0217335,医療法人心泉会 上條記念病院,1,1,1,0,0,0,1,0,,,,,
0217756,一之瀬脳神経外科病院,1,3,1,0,0,0,3,0,,,,,
0218226,松本中川病院,1,0,0,1,0,0,0,0,,,,,
0218275,松本市立病院,2,1,2,0,0,0,1,0,,,,,
8010013,信州大学医学部附属病院,9,5,5,3,1,3,2,0,,,29159.0,11706.0,VERIFIED_NUMERIC
8010070,独立行政法人国立病院機構まつもと医療センター,2,1,1,1,0,0,1,0,,,,,
0317077,医療法人健静会上田病院,1,0,0,1,0,0,0,0,,,,,
0317085,医療法人慈善会安藤病院,1,1,0,1,0,0,1,0,,,,,
0317184,医療法人共和会塩田病院,1,0,0,1,0,0,0,0,,,,,
0317200,医療法人健和会 小林脳神経外科・神経内科病院,1,2,1,0,0,0,2,0,,,,,
0317309,医療法人慈修会 上田腎臓クリニック,1,0,0,1,0,0,0,0,,,,,
0317689,丸子中央病院,1,1,1,0,0,0,1,0,,,,,
0317705,医療法人秀栄会 岸医院,1,0,0,1,0,0,0,0,,,,,
0317713,長野県厚生農業協同組合連合会鹿教湯三才山リハビリテーションセンター鹿教湯病院,1,1,1,0,0,0,1,0,,,,,
8010062,独立行政法人国立病院機構信州上田医療センター,2,1,1,1,0,0,1,0,,,,,
0417026,岡谷市民病院,3,1,2,0,0,0,1,0,,,,,
0417067,医療法人研成会諏訪湖畔病院,1,1,1,0,0,0,1,0,,,,,
0417141,祐愛病院,1,0,0,1,0,0,0,0,,,,,
0517023,飯田市立病院,3,2,2,0,0,1,1,0,,,,,
0517064,飯田病院,1,1,1,0,0,0,1,0,,,,,
0517205,健和会病院,1,1,0,1,0,0,1,0,,,,,
0517288,菅沼病院,1,0,0,1,0,0,0,0,,,,,
0517296,輝山会記念病院,1,1,1,0,0,0,1,0,,,,,
0517379,瀬口脳神経外科病院,1,1,0,1,0,1,0,0,,,,,
0617039,諏訪赤十字病院,3,2,2,1,0,1,1,0,,,,,
0716013,長野県立信州医療センター,2,1,2,0,0,0,1,0,,,,,
0717052,医療法人公仁会轟病院,1,0,1,0,0,0,0,0,,,,,
0817084,長野県厚生農業協同組合連合会　浅間南麓こもろ医療センター,2,2,1,1,0,0,2,0,,,,,
0817332,医療法人山月会小諸医院,1,0,0,1,0,0,0,0,,,,,
8010112,独立行政法人国立病院機構小諸高原病院,1,1,0,1,0,0,0,1,,,,,
0917082,医療法人保健同人会 田中病院,1,0,0,1,0,0,0,0,,,,,
0917157,医療法人暁会 仁愛病院,1,1,0,1,0,0,1,0,,,,,
0917363,伊那中央病院,4,2,3,0,0,1,1,0,,,14416.0,5725.0,VERIFIED_NUMERIC
1017080,昭和伊南総合病院,2,1,2,0,0,1,0,0,,,,,
1117047,長野県厚生農業協同組合連合会北信総合病院,3,2,3,0,0,1,1,0,,,,,
1117179,医療法人聖峰会佐藤病院,1,0,0,1,0,0,0,0,,,,,
1217029,市立大町総合病院,1,1,1,0,0,0,1,0,,,,,
1317035,飯山赤十字病院,1,1,1,0,0,0,1,0,,,,,
1417017,諏訪中央病院,2,1,2,0,0,0,1,0,,,,,
1517022,医療法人元山会 中村病院,1,0,0,1,0,0,0,0,,,,,
1517048,塩尻病院,1,0,0,1,0,0,0,0,,,,,
1517154,塩尻協立病院,1,0,0,1,0,0,0,0,,,,,
1517253,松本歯科大学病院,2,1,0,1,0,0,1,0,,,,,
1717077,医療法人三世会金澤病院,1,1,1,0,0,0,0,1,,,,,
1717150,くろさわ病院,1,1,1,0,0,0,1,0,,,,,
1717283,長野県厚生農業協同組合連合会佐久総合病院,2,1,2,0,0,0,1,0,,,,,
1717291,医療法人雨宮病院,1,1,0,0,1,0,1,0,,,,,
1717325,川西赤十字病院,1,0,0,1,0,0,0,0,,,,,
1717341,佐久市立国保浅間総合病院,1,1,1,0,0,0,1,0,,,,,
1717523,長野県厚生農業協同組合連合会 佐久総合病院 佐久医療センター,3,3,3,0,0,2,1,0,,,30391.0,11481.0,VERIFIED_NUMERIC
1817018,稲荷山医療福祉センター,1,0,0,1,0,0,0,0,,,,,
1817026,社会医療法人大西会　千曲中央病院,1,1,1,0,0,0,1,0,,,,,
1817182,長野寿光会上山田病院,1,1,0,1,0,0,1,0,,,,,
1917040,祢津診療所,1,0,0,1,0,0,0,0,,,,,
1917123,東御市民病院,1,1,1,0,0,0,1,0,,,,,
4010322,高橋医院,1,0,0,0,1,0,0,0,,,,,
4017046,長野県立こども病院,1,1,1,0,0,0,1,0,,,,,
4017053,安曇野赤十字病院,2,1,0,2,0,0,1,0,,,,,
4017152,医療法人仁雄会 穂高病院,1,1,1,0,0,0,1,0,,,,,
4017160,医療法人山本耳鼻咽喉科,1,0,0,0,0,0,0,0,,,,,
4017392,柏原クリニック,1,0,1,0,0,0,0,0,,,,,
2017220,長野県厚生農業協同組合連合会佐久総合病院 小海分院,1,0,1,0,0,0,0,0,,,,,
2017238,佐久穂町立千曲病院,1,1,0,1,0,0,1,0,,,,,
2117012,軽井沢町国民健康保険軽井沢病院,1,1,1,0,0,0,1,0,,,,,
2217358,国民健康保険依田窪病院,1,1,1,0,0,0,1,0,,,,,
2317091,社会医療法人南信勤労者医療協会諏訪共立病院,1,0,0,1,0,0,0,0,,,,,
2317208,社会福祉法人信濃医療福祉センター,1,0,0,1,0,0,0,0,,,,,
2317109,富士見高原医療福祉センター富士見高原病院,1,1,1,0,0,0,1,0,,,,,
2417354,町立辰野病院,1,1,1,0,0,0,0,1,,,,,
2417537,上伊那生協病院,1,0,0,1,0,0,0,0,,,,,
2517187,下伊那赤十字病院,1,0,1,0,0,0,0,0,,,,,
2517559,長野県厚生農業協同組合連合会下伊那厚生病院,1,1,1,0,0,0,1,0,,,,,
2516031,長野県立阿南病院,1,1,1,0,0,0,1,0,,,,,
2616054,長野県立木曽病院,2,1,2,0,0,0,1,0,,,,,
2917064,長野県厚生農業協同組合連合会 北アルプス医療センターあづみ病院,2,2,2,0,0,1,1,0,,,,,
3217068,特定医療法人新生病院,1,1,0,1,0,0,1,0,,,,,
3417239,飯綱町立飯綱病院,1,1,1,0,0,0,1,0,,,,,
0102551,岐阜赤十字病院,2,1,2,0,0,0,1,0,,,,,
0103971,近石病院,1,1,0,1,0,0,1,0,,,,,
0104169,医療法人社団双樹会 早徳病院,1,1,1,0,0,0,0,1,,,,,
0104276,医療法人社団志朋会加納渡辺病院,1,0,0,0,1,0,0,0,,,,,
0104821,医療法人高井外科,1,0,0,0,0,0,0,0,,,,,
0104896,医療法人社団幸紀会安江病院,1,1,1,0,0,0,0,1,,,,,
0105174,医療法人社団 誠広会 平野総合病院,1,1,1,0,0,0,1,0,,,,,
0105190,医療法人社団永寿会大橋整形外科病院,1,1,0,0,1,0,1,0,,,,,
0105281,医療法人社団 慈朋会 澤田病院,1,1,0,1,0,0,1,0,,,,,
0105612,朝日大学病院,3,2,1,2,0,0,2,0,,,,,
0106230,河村病院,1,1,1,0,0,0,1,0,,,,,
0106271,山内ホスピタル,1,1,1,0,0,0,1,0,,,,,
0106289,笠松病院,1,1,0,0,1,0,1,0,,,,,
0107063,操外科病院,1,0,0,1,0,0,0,0,,,,,
0107220,桑山眼科,1,0,0,0,0,0,0,0,,,,,
0107394,操健康クリニック,1,1,0,1,0,0,0,1,,,,,
0107758,芥見診療所,1,0,0,0,1,0,0,0,,,,,
0107790,岐阜市民病院,5,2,2,2,1,1,1,0,,,25636.0,9539.0,VERIFIED_NUMERIC
0110133,松岡整形外科・内科リハビリテーション,1,1,0,1,0,0,1,0,,,,,
0110554,医療法人生友会 柳津病院,1,0,0,1,0,0,0,0,,,,,
0110927,医療法人 和光会 山田病院,1,0,0,1,0,0,0,0,,,,,
0111230,岐阜ハートセンター,1,0,1,0,0,0,0,0,,,,,
0111438,岐阜県総合医療センター,5,3,4,0,0,1,2,0,,,,,FETCH_RETRY
0111602,岩砂病院・岩砂マタニティ,1,1,0,1,0,0,1,0,,,,,
0111982,岐阜県立希望が丘こども医療福祉センター,0,1,0,0,0,0,0,1,,,,,
0112410,岐阜清流病院,1,1,1,0,0,0,1,0,,,,,
0112469,服部耳鼻咽喉科,1,0,0,0,0,0,0,0,,,,,
0113269,みどり病院,1,1,1,0,0,0,1,0,,,,,
0200777,医療法人香徳会 関中央病院,1,1,0,1,0,0,1,0,,,,,
0200942,岐阜県厚生農業協同組合連合会 中濃厚生病院,4,2,3,0,0,1,1,0,,,28295.0,8165.0,VERIFIED_NUMERIC
0300320,美濃市立美濃病院,1,1,1,0,0,0,1,0,,,,,
0400039,羽島市民病院,2,2,2,0,0,0,1,1,,,,,
0500721,公立学校共済組合東海中央病院,2,2,2,0,0,0,2,0,,,,,
0501000,医療法人 秀幸会 横山病院,1,0,0,1,0,0,0,0,,,,,
0501422,各務原第一外科,0,1,0,0,0,0,0,1,,,,,
0502289,各務原リハビリテーション病院,1,0,0,1,0,0,0,0,,,,,
0502412,フェニックス総合クリニック,1,1,0,1,0,0,0,1,,,,,
0600539,愛生病院,1,0,0,1,0,0,0,0,,,,,
0600570,松波総合病院,4,2,3,1,0,1,1,0,,,21104.0,7305.0,VERIFIED_NUMERIC
0600943,まつなみ健康増進クリニック,1,0,0,1,0,0,0,0,,,,,
0600976,サンライズクリニック,1,0,1,0,0,0,0,0,,,,,
0701238,さとうファミリークリニック,1,0,0,1,0,0,0,0,,,,,
0800188,岐阜県厚生農業協同組合連合会岐阜・西濃医療センター岐北厚生病院,1,1,1,0,0,0,1,0,,,,,
1000747,社会医療法人 白鳳会 鷲見病院,1,1,0,1,0,0,1,0,,,,,
1000994,県北西部地域医療センター国保白鳥病院,1,1,1,0,0,0,0,1,,,,,
1001091,郡上市民病院,1,1,0,1,0,0,1,0,,,,,
1100505,社会医療法人 厚生会 多治見市民病院,1,1,1,0,0,0,1,0,,,,,
1101420,幸クリニック,1,0,0,1,0,0,0,0,,,,,
1101529,タジミ第一病院,1,0,1,0,0,0,0,0,,,,,
1101560,岐阜県立多治見病院,6,3,3,3,0,1,2,0,,,31075.0,10384.0,VERIFIED_NUMERIC
1101925,多治見スマートクリニック,1,0,0,1,0,0,0,0,,,,,
1200156,中部脳リハビリテーション病院,1,1,1,0,0,1,0,0,,,,,
1200792,太田病院,1,1,0,1,0,0,1,0,,,,,
1200966,中部国際医療センター,4,3,4,0,0,1,2,0,,,36417.0,13161.0,VERIFIED_NUMERIC
1300626,医療法人 白水会 白川病院,1,1,0,1,0,0,1,0,,,,,
1300949,医療法人社団 麟生会 田原医院,1,0,0,0,0,0,0,0,,,,,
1400616,桃井病院,1,0,0,1,0,0,0,0,,,,,
1500589,総合病院 中津川市民病院,2,2,2,0,0,0,2,0,,,,,
1501314,中津川市国民健康保険坂下診療所,1,0,1,0,0,0,0,0,,,,,
1700775,市立恵那病院,1,1,1,0,0,0,1,0,,,,,
1700809,国民健康保険上矢作病院,1,0,1,0,0,0,0,0,,,,,
1801110,医療法人敬生会 高井病院,1,0,0,1,0,0,0,0,,,,,
2100629,大垣病院,1,0,0,1,0,0,0,0,,,,,
2100827,大垣市民病院,4,3,3,1,0,1,2,0,,,54932.0,14824.0,VERIFIED_NUMERIC
2102047,市川外科,1,0,0,1,0,0,0,0,,,,,
2102088,大垣整形外科,0,1,0,0,0,0,1,0,,,,,
2102138,医療法人社団正和会 馬渕病院,1,0,0,1,0,0,0,0,,,,,
2102161,医療法人社団豊正会大垣中央病院,1,1,0,1,0,0,1,0,,,,,
2102476,名和病院,1,0,0,1,0,0,0,0,,,,,
2103391,医療法人徳洲会 大垣徳洲会病院,3,2,2,1,0,1,1,0,,,,,
2200478,海津市医師会病院,1,1,1,0,0,0,1,0,,,,,
2300112,岐阜県厚生農業協同組合連合会 岐阜・西濃医療センター 西美濃厚生病院,2,1,1,0,0,0,1,0,,,,,
2400698,博愛会病院,1,1,1,0,0,0,1,0,,,,,
2400722,国保関ケ原診療所,1,1,0,1,0,0,1,0,,,,,
2500562,田中医院,1,0,0,1,0,0,0,0,,,,,
2500745,山中ジェネラルクリニック,1,0,1,0,0,0,0,0,,,,,
2600727,新生病院,1,0,1,0,0,0,0,0,,,,,
2601386,岐阜県厚生農業協同組合連合会　岐阜・西濃医療センター　西濃厚生病院,2,2,2,0,0,1,1,0,,,,,
2700485,高山赤十字病院,2,1,2,0,0,0,1,0,,,,,
2701913,岐阜県厚生農業協同組合連合会飛騨医療センター久美愛厚生病院,2,1,2,0,0,0,1,0,,,,,
2800939,下呂市立小坂診療所,1,0,0,1,0,0,0,0,,,,,
2801085,下呂市立金山病院,1,1,1,0,0,0,1,0,,,,,
2801093,岐阜県立下呂温泉病院,2,1,2,0,0,0,1,0,,,,,
3100016,独立行政法人地域医療機能推進機構 可児とうのう病院,1,1,1,0,0,0,1,0,,,,,
3100156,医療法人 馨仁会 藤掛病院,1,1,0,1,0,0,1,0,,,,,
3100438,医療法人社団慶桜会 東可児病院,1,1,1,0,0,1,0,0,,,,,
3100933,医療法人社団耀和会 濃成病院,1,0,1,0,0,0,0,0,,,,,
3200238,社会医療法人清光会 名和内科,1,0,0,1,0,0,0,0,,,,,
3300012,社団医療法人 古川病院,1,0,0,1,0,0,0,0,,,,,
3300137,国民健康保険飛騨市民病院,1,1,1,0,0,0,1,0,,,,,
9806442,岐阜大学医学部附属病院,4,4,4,0,0,2,2,0,,,26797.0,13958.0,VERIFIED_NUMERIC
9900062,独立行政法人国立病院機構長良医療センター,2,1,2,0,0,0,1,0,,,,,
1500696,城山病院,1,1,0,1,0,0,0,1,,,,,
1301012,伊佐治医院,1,0,0,1,0,0,0,0,,,,,
0105072,山崎病院,1,0,0,0,1,0,0,0,,,,,
0105080,医療法人桑名病院,1,0,0,1,0,0,0,0,,,,,
0105122,医療法人坂井橋クリニック,1,0,0,1,0,0,0,0,,,,,
0105130,ヨナハ丘の上病院,1,1,1,0,0,1,0,0,,,,,
0105171,青木記念病院,1,1,1,0,0,0,1,0,,,,,
0105338,青木内科,1,0,0,1,0,0,0,0,,,,,
0105429,ウエルネス医療クリニック,1,1,0,1,0,0,0,1,,,,,
0105569,もりえい病院,1,1,1,0,0,0,1,0,,,,,
0105593,宮口内科循環器科,1,0,0,1,0,0,0,0,,,,,
0105643,医療法人（社団）佐藤病院 長島中央病院,1,0,0,1,0,0,0,0,,,,,
0105791,地方独立行政法人　桑名市総合医療センター,3,2,3,0,0,1,1,0,,,,,
0205013,独立行政法人地域医療機能推進機構 四日市羽津医療センター,2,1,2,0,0,0,1,0,,,,,
0205047,市立四日市病院,4,4,3,1,0,1,3,0,,,25000.0,10100.0,VERIFIED_NUMERIC
0205112,医療法人富田浜病院,1,1,1,0,0,0,1,0,,,,,
0205286,医療法人社団山中胃腸科病院,1,1,0,1,0,0,1,0,,,,,
0205336,医療法人社団主体会 主体会病院,1,1,1,0,0,1,0,0,,,,,
0205419,小山田記念温泉病院,1,1,1,0,0,1,0,0,,,,,
0205435,医療法人石田会 石田胃腸科病院,1,0,0,1,0,0,0,0,,,,,
0205484,水沢病院,1,0,0,1,0,0,0,0,,,,,
0205989,医療法人尚豊会 みたき総合病院,1,1,0,1,0,0,1,0,,,,,
0215632,三重県立総合医療センター,2,2,2,0,0,1,1,0,,,,,
0215756,医療法人徳新会　四日市徳新会病院,1,0,0,1,0,0,0,0,,,,,
0215772,四日市消化器病センター,1,1,0,1,0,0,1,0,,,,,
0302323,しまむら外科内科,1,0,0,1,0,0,0,0,,,,,
0305052,三重県厚生農業協同組合連合会 鈴鹿中央総合病院,4,2,4,0,0,1,1,0,,,22095.0,5946.0,VERIFIED_NUMERIC
0305060,医療法人博仁会村瀬病院,1,1,1,0,0,0,1,0,,,,,
0305144,高木病院,1,0,0,1,0,0,0,0,,,,,
0305177,鈴鹿回生病院,2,2,2,0,0,1,1,0,,,,,
0305201,医療法人誠仁会 塩川病院,1,1,1,0,0,0,1,0,,,,,
0305466,尾池整形外科,1,1,0,1,0,0,0,1,,,,,
0305698,村瀬病院附属クリニック,0,1,0,0,0,1,0,0,,,,,
0305839,医療法人 鈴鹿クリニック,1,0,0,1,0,0,0,0,,,,,
0400572,みえ呼吸嚥下リハビリクリニック,1,0,0,1,0,0,0,0,,,,,
0405050,亀山市立医療センター,2,1,1,0,0,0,1,0,,,,,
0405217,田中病院,1,0,0,1,0,0,0,0,,,,,
0505065,遠山病院,1,1,1,0,0,1,0,0,,,,,
0505115,医療法人永井病院,1,1,1,0,0,0,1,0,,,,,
0505123,武内病院,1,1,1,0,0,0,1,0,,,,,
0505263,津生協病院,1,1,0,1,0,0,1,0,,,,,
0505297,医療法人吉田クリニック,1,1,1,0,0,0,1,0,,,,,
0505313,医療法人倉本病院 倉本内科病院,1,0,0,1,0,0,0,0,,,,,
0505362,岩崎病院,1,1,1,0,0,0,0,1,,,,,
0505867,特定医療法人暲純会 　榊原温泉病院,1,0,0,1,0,0,0,0,,,,,
0505883,藤田医科大学 七栗記念病院,1,1,0,1,0,0,1,0,,,,,
0505974,榊原白鳳病院,1,1,0,1,0,0,1,0,,,,,
0515106,三重県立一志病院,1,0,0,1,0,0,0,0,,,,,
0515163,若葉病院,1,1,1,0,0,1,0,0,,,,,
0515346,大門病院,1,1,0,1,0,0,0,1,,,,,
0701516,松阪厚生病院,1,0,0,1,0,0,0,0,,,,,
0702472,南勢病院,1,0,0,1,0,0,0,0,,,,,
0705012,松阪市民病院,2,1,2,0,0,0,1,0,,,,,
0705053,恩賜財団済生会 松阪総合病院,2,2,2,0,0,1,1,0,,,,,
0705111,三重県厚生農業協同組合連合会 松阪中央総合病院,3,2,3,0,0,1,1,0,,,,,
0705145,医療法人桜木記念病院,1,0,0,1,0,0,0,0,,,,,
0705624,花の丘病院,1,0,0,0,1,0,0,0,,,,,
0705707,医療法人おかの医院,1,0,0,1,0,0,0,0,,,,,
0805036,市立伊勢総合病院,4,1,2,1,0,0,1,0,,,,,
0805267,伊勢田中病院,1,0,0,1,0,0,0,0,,,,,
0805465,医療法人全心会 伊勢ひかり病院,1,1,1,0,0,0,1,0,,,,,
0805481,医療法人西井耳鼻咽喉科,1,0,0,0,0,0,0,0,,,,,
0805507,伊勢赤十字病院,3,3,3,0,0,1,2,0,,,34570.0,11308.0,VERIFIED_NUMERIC
0805762,さいとう内科呼吸器科三重スリープクリニック,1,0,0,1,0,0,0,0,,,,,
1005065,尾鷲総合病院,2,1,1,1,0,0,1,0,,,,,
1205186,社会医療法人畿内会岡波総合病院,2,2,2,0,0,0,2,0,,,,,
1205194,森川病院,1,0,0,1,0,0,0,0,,,,,
1205244,伊賀市立上野総合市民病院,1,1,1,0,0,0,1,0,,,,,
1205293,浅野整形外科内科,1,0,0,1,0,0,0,0,,,,,
1205616,金丸脳脊椎外科クリニック,1,1,1,0,0,0,1,0,,,,,
1305036,医療法人寺田病院,1,1,0,1,0,0,1,0,,,,,
1405018,三重県厚生農業協同組合連合会 三重北医療センター いなべ総合病院,2,1,2,0,0,1,0,0,,,,,
1405034,医療法人（社団）大和会 日下病院,1,1,1,0,0,0,1,0,,,,,
2205029,菰野厚生病院,1,1,1,0,0,0,1,0,,,,,
2705069,三重県厚生農業協同組合連合会 大台厚生病院,1,1,1,0,0,0,1,0,,,,,
2705226,三重ハートセンター,1,1,0,1,0,0,1,0,,,,,
2805034,玉城町国民健康保険玉城病院,1,1,0,1,0,0,1,0,,,,,
2805109,町立南伊勢病院,1,0,0,1,0,0,0,0,,,,,
2805364,医療法人白奉会 中嶋医院,1,0,1,0,0,0,0,0,,,,,
2805497,南島メディカルセンター,1,0,0,0,1,0,0,0,,,,,
2905032,三重県立志摩病院,2,1,2,0,0,0,1,0,,,,,
2905040,国民健康保険志摩市民病院,1,0,0,1,0,0,0,0,,,,,
3005022,社会医療法人峰和会 長島回生病院,1,0,0,1,0,0,0,0,,,,,
3005097,第一病院,1,0,0,0,1,0,0,0,,,,,
3105012,紀南病院,1,1,1,0,0,0,1,0,,,,,
4000022,国立大学法人三重大学医学部附属病院,6,5,5,0,0,3,2,0,,,29463.0,12656.0,VERIFIED_NUMERIC
4000030,独立行政法人国立病院機構三重中央医療センター,3,1,2,1,0,0,1,0,,,,,
4100012,独立行政法人国立病院機構鈴鹿病院,1,1,1,0,0,0,1,0,,,,,
4100020,独立行政法人国立病院機構三重病院,1,1,1,0,0,0,1,0,,,,,
0100015,独立行政法人地域医療機能推進機構滋賀病院,1,1,1,0,0,0,1,0,,,,,
0100155,大津赤十字病院,4,2,3,1,0,1,1,0,,,,,
0101526,琵琶湖病院,1,1,0,1,0,0,0,1,,,,,
0102599,医療法人華頂会琵琶湖養育院病院,1,2,1,0,0,0,1,1,,,,,
0103431,医療法人社団 瀬田川病院,1,1,0,1,0,0,0,1,,,,,
0103605,医療法人弘英会琵琶湖大橋病院,1,1,1,0,0,0,1,0,,,,,
0104546,琵琶湖中央リハビリテーション病院,1,0,0,1,0,0,0,0,,,,,
0105006,はえうち診療所,1,0,0,0,0,0,0,0,,,,,
0106004,大津赤十字志賀病院,1,1,1,0,0,0,1,0,,,,,
0106152,医療法人良善会ひかり病院,1,0,0,1,0,0,0,0,,,,,
0107374,市立大津市民病院,4,2,3,1,0,1,1,0,,,,,
0108083,山田整形外科病院,0,1,0,0,0,0,0,1,,,,,
0201722,医療法人友仁会友仁山崎病院,1,1,0,1,0,0,1,0,,,,,
0202043,彦根市立病院,2,2,2,0,0,1,1,0,,,,,
0202357,医療法人恭昭会彦根中央病院,1,1,1,0,0,0,1,0,,,,,
0300102,長浜赤十字病院,2,2,2,0,0,0,2,0,,,,,
0301373,市立長浜病院,4,2,3,1,0,1,1,0,,,,,
0301688,長浜市立湖北病院,1,1,1,0,0,0,1,0,,,,,
0401322,近江八幡市立総合医療センター,3,2,2,1,0,1,1,0,,,,,
0401694,公益財団法人近江兄弟社ヴォーリズ記念病院,1,1,0,1,0,0,1,0,,,,,
0500503,東近江敬愛病院,1,1,1,0,0,0,1,0,,,,,
0500842,医療法人医誠会神崎中央病院,1,0,0,1,0,0,0,0,,,,,
0500859,医療法人恒仁会近江温泉病院,1,0,0,1,0,0,0,0,,,,,
0500875,医療法人社団昴会湖東記念病院,1,1,1,0,0,0,1,0,,,,,
0501071,東近江市立能登川病院,1,1,0,1,0,0,1,0,,,,,
0501303,東近江市蒲生医療センター,3,0,1,2,0,0,0,0,,,,,
0600956,びわこ学園医療福祉センター草津,1,0,0,1,0,0,0,0,,,,,
0601343,南草津野村病院,0,1,0,0,0,0,0,1,,,,,
0601897,医療法人加藤乳腺クリニック,1,1,1,0,0,0,1,0,,,,,
0601954,医療法人芙蓉会南草津病院,1,0,0,1,0,0,0,0,,,,,
0601962,医療法人 徳洲会 近江草津徳洲会病院,1,1,1,0,0,0,1,0,,,,,
0601970,社会医療法人誠光会淡海医療センター,2,3,2,0,0,1,2,0,,,,,
0602069,草津ハートセンター,1,1,0,1,0,0,1,0,,,,,
0602747,社会医療法人誠光会淡海ふれあい病院,1,0,1,0,0,0,0,0,,,,,
0700392,社会福祉法人恩賜財団済生会守山市民病院,1,1,0,1,0,0,1,0,,,,,
0701101,滋賀県立総合病院,4,3,3,1,0,1,2,0,,,22146.0,7721.0,VERIFIED_NUMERIC
1200194,社会福祉法人恩賜財団済生会滋賀県病院,2,2,2,0,0,1,1,0,,,,,
1300978,びわこ学園医療福祉センター野洲,1,0,0,1,0,0,0,0,,,,,
1301232,市立野洲病院,1,1,1,0,0,1,0,0,,,,,
1401628,医療法人社団仁生会甲南病院,1,1,1,0,0,1,0,0,,,,,
1401925,甲賀市立信楽中央病院,1,0,1,0,0,0,0,0,,,,,
1402261,公立甲賀病院,3,2,2,1,0,1,1,0,,,,,
1402287,ハートクリニックこころ,1,0,1,0,0,0,0,0,,,,,
1500577,医療法人社団昴会日野記念病院,1,1,1,0,0,0,1,0,,,,,
1800019,公益財団法人豊郷病院,1,1,1,0,0,0,1,0,,,,,
2201043,医療法人マキノ病院,1,1,0,1,0,0,0,1,,,,,
2201100,一般財団法人近江愛隣園今津病院,1,1,0,1,0,0,0,1,,,,,
2201183,高島市民病院,1,1,1,0,0,0,1,0,,,,,
2300118,医療法人阿星会甲西リハビリ病院,0,1,0,0,0,0,0,1,,,,,
2300183,医療法人社団美松会生田病院,1,0,1,0,0,0,0,0,,,,,
9900019,独立行政法人国立病院機構東近江総合医療センター,3,1,3,0,0,0,1,0,,,,,
9900209,独立行政法人国立病院機構紫香楽病院,1,0,0,1,0,0,0,0,,,,,
9902650,滋賀医科大学医学部附属病院,4,4,3,1,0,2,2,0,,,28062.0,11007.0,VERIFIED_NUMERIC
0101806,社会福祉法人京都博愛会冨田病院,1,0,0,1,0,0,0,0,,,,,
0104537,医療法人明生会賀茂病院,1,0,0,1,0,0,0,0,,,,,
0105377,医療法人財団今井会足立病院足立乳腺クリニック,1,1,0,1,0,0,1,0,,,,,
0105757,社会福祉法人京都社会事業財団京都からすま病院,1,1,1,0,0,0,0,1,,,,,
0200244,社会福祉法人京都社会事業財団西陣病院,1,1,1,0,0,0,1,0,,,,,
0200251,社会医療法人西陣健康会堀川病院,1,1,1,0,0,0,1,0,,,,,
0200780,医療法人相馬病院,1,1,0,1,0,0,1,0,,,,,
0202158,医療法人幸生会室町病院,1,0,0,1,0,0,0,0,,,,,
0203602,医療法人愛寿会同仁病院,1,1,1,0,0,0,1,0,,,,,
0306470,医療法人毛利病院,1,0,0,1,0,0,0,0,,,,,
0306942,医療法人西大路病院,1,0,0,1,0,0,0,0,,,,,
0308526,医療法人究理堂小石医院,1,0,0,1,0,0,0,0,,,,,
0308609,がくさい病院,0,1,0,0,0,0,1,0,,,,,
0308625,医療法人社団洛和会洛和会丸太町病院,1,2,1,0,0,1,1,0,,,,,
0400539,医療法人回生会京都回生病院,1,1,0,1,0,0,1,0,,,,,
0403616,医療法人愛友会明石病院,1,0,0,1,0,0,0,0,,,,,
0405124,医療法人財団康生会武田病院,1,2,1,0,0,1,1,0,,,,,
0405843,医療法人社団恵心会京都武田病院,1,1,0,1,0,0,1,0,,,,,
0406627,社会医療法人健康会　新京都南病院,1,1,1,0,0,0,1,0,,,,,
0500205,医療法人同仁会（社団）京都九条病院,1,1,1,0,0,0,1,0,,,,,
0500916,公益社団法人京都保健会吉祥院病院,1,0,0,1,0,0,0,0,,,,,
0501328,医療法人財団医道会十条武田リハビリテーション病院,1,1,0,1,0,0,1,0,,,,,
0503712,医療法人社団親和会京都木原病院,1,1,0,1,0,0,1,0,,,,,
0600294,日本バプテスト病院,1,1,1,0,0,0,1,0,,,,,
0600849,医療法人寿尚会洛陽病院,1,1,0,1,0,0,1,0,,,,,
0603660,医療法人社団順和会京都下鴨病院,1,1,0,1,0,0,1,0,,,,,
0608040,医療法人社団行陵会京都近衛リハビリテーション病院,1,0,0,1,0,0,0,0,,,,,
0700318,医療法人新生十全会京都ならびがおか病院,1,0,1,0,0,0,0,0,,,,,
0706125,一般財団法人泉谷病院,1,0,1,0,0,0,0,0,,,,,
0706182,医療法人社団松仁会内田病院,1,0,0,1,0,0,0,0,,,,,
0707065,公益社団法人京都保健会京都民医連中央病院,2,2,2,0,0,1,1,0,,,,,
0711091,一般財団法人高雄病院,1,0,0,1,0,0,0,0,,,,,
0803401,医療法人社団育生会京都久野病院,1,1,1,0,0,0,1,0,,,,,
0804482,医療法人原田病院,1,0,0,1,0,0,0,0,,,,,
0902245,社会医療法人弘仁会大島病院,1,1,1,0,0,0,1,0,,,,,
0903367,医療法人医仁会武田総合病院,2,2,2,0,0,1,1,0,,,,,
0903995,医療法人松寿会共和病院,1,1,1,0,0,0,1,0,,,,,
0904431,一般財団法人仁風会京都南西病院,1,0,0,1,0,0,0,0,,,,,
0906733,特定医療法人桃仁会病院,1,0,0,1,0,0,0,0,,,,,
0906766,医療法人社団淀さんせん会金井病院,1,1,0,1,0,0,1,0,,,,,
0907574,社会福祉法人浩照会伏見桃山総合病院,1,1,0,1,0,0,1,0,,,,,
0907624,医療法人清水会京都リハビリテーション病院,1,0,0,1,0,0,0,0,,,,,
1100484,医療法人八仁会久御山南病院,1,0,0,1,0,0,0,0,,,,,
1100591,京都岡本記念病院,3,2,2,1,0,1,1,0,,,,,
1100625,くみやま岡本病院,1,0,0,1,0,0,0,0,,,,,
1200284,医療法人栄仁会宇治おうばく病院,1,1,1,0,0,0,1,0,,,,,
1201514,医療法人仁心会宇治川病院,1,1,0,1,0,0,1,0,,,,,
1201670,医療法人長安会中村病院,1,0,0,1,0,0,0,0,,,,,
1203262,宇治武田病院,1,2,1,0,0,1,1,0,,,,,
1203650,社会福祉法人あじろぎ会宇治病院,1,1,0,1,0,0,1,0,,,,,
1203692,医療法人徳洲会宇治徳洲会病院,4,3,4,0,0,1,2,0,,,42089.0,8189.0,VERIFIED_NUMERIC
1203973,医療法人徳洲会六地蔵総合病院,1,1,0,1,0,0,1,0,,,,,
1204013,医療法人せいふう会宇治脳卒中リハビリテーション病院,1,0,0,1,0,0,0,0,,,,,
1401726,医療法人社団医聖会学研都市病院,1,1,1,0,0,0,1,0,,,,,
1601481,医療法人清仁会亀岡シミズ病院,1,1,0,1,0,0,1,0,,,,,
1601572,亀岡市立病院,1,1,1,0,0,0,1,0,,,,,
1601838,医療法人亀岡病院,1,1,1,0,0,0,1,0,,,,,
1800950,綾部市立病院,1,1,1,0,0,0,1,0,,,,,
1801032,医療法人綾冨士会綾部ルネス病院,1,0,1,0,0,0,0,0,,,,,
1801123,公益社団法人京都保健会京都協立病院,1,0,0,1,0,0,0,0,,,,,
2100442,医療法人財団宮津康生会宮津武田病院,1,0,0,1,0,0,0,0,,,,,
2602314,医療法人福冨士会京都ルネス病院,1,1,1,0,0,0,1,0,,,,,
2701389,医療法人岸本病院,1,0,0,1,0,0,0,0,,,,,
2702007,医療法人虹樹会おおえ乳腺クリニック,1,0,0,1,0,0,0,0,,,,,
2800710,医療法人啓信会京都きづ川病院,1,1,1,0,0,0,1,0,,,,,
2900411,医療法人社団医聖会八幡中央病院,1,1,0,1,0,0,1,0,,,,,
2900569,医療法人社団医聖会京都八幡病院,1,0,0,1,0,0,0,0,,,,,
2900809,社会医療法人美杉会男山病院,1,1,1,0,0,0,1,0,,,,,
2900973,社会医療法人美杉会みのやま病院,1,0,1,0,0,0,0,0,,,,,
3000575,医療法人社団千春会千春会病院,1,1,1,0,0,0,1,0,,,,,
3001805,医療法人総心会長岡京病院,1,0,0,1,0,0,0,0,,,,,
3100987,医療法人真生会向日回生病院,1,1,0,1,0,0,1,0,,,,,
3200084,医療法人芳松会田辺病院,1,0,0,1,0,0,0,0,,,,,
3200209,医療法人社団石鎚会京都田辺中央病院,2,2,2,0,0,0,2,0,,,,,
3300017,公益財団法人丹後中央病院,1,1,1,0,0,0,1,0,,,,,
3400411,医療法人社団菫会園部病院,1,1,0,1,0,0,0,1,,,,,
3400429,南丹市国民健康保険南丹みやま診療所,1,0,0,1,0,0,0,0,,,,,
4000095,社会福祉法人京都社会事業財団京都桂病院,4,2,2,2,0,1,1,0,,,23564.0,8300.0,VERIFIED_NUMERIC
4000715,医療法人清仁会シミズ病院,1,1,0,1,0,0,1,0,,,,,
4001234,医療法人清仁会洛西シミズ病院,1,1,1,0,0,0,1,0,,,,,
4002539,医療法人清仁会洛西ニュータウン病院,1,1,1,0,0,1,0,0,,,,,
4003008,医療法人京都翔医会西京都病院,1,1,1,0,0,0,1,0,,,,,
4100986,加藤山科病院,1,0,0,1,0,0,0,0,,,,,
4101075,医療法人社団洛和会洛和会音羽病院,3,2,2,1,0,1,1,0,,,,,
4102420,医療法人社団恵仁会なぎ辻病院,2,1,2,0,0,0,0,1,,,,,
4102529,医療法人社団洛和会洛和会音羽記念病院,1,0,0,1,0,0,0,0,,,,,
4102784,医療法人社団洛和会洛和会音羽リハビリテーション病院,1,1,1,0,0,0,1,0,,,,,
9600055,精華町国民健康保険病院,1,0,0,1,0,0,0,0,,,,,
9600063,京都中部総合医療センター,2,2,1,1,0,1,1,0,,,,,
9600154,京都山城総合医療センター,1,1,1,0,0,0,1,0,,,,,
9600212,市立福知山市民病院,4,2,3,1,0,1,1,0,,,,,
9600253,京丹後市立弥栄病院,1,1,1,0,0,0,1,0,,,,,
9600287,国保京丹波町病院,1,0,0,1,0,0,0,0,,,,,
9600295,市立福知山市民病院大江分院,1,0,0,1,0,0,0,0,,,,,
9600303,京都府立医科大学附属病院,7,3,3,3,0,2,1,0,,,23244.0,8689.0,VERIFIED_NUMERIC
9600311,地方独立行政法人京都市立病院機構京都市立病院,5,2,4,1,0,1,1,0,,,,,NO_VALUE_ON_PUBLIC_PAGE
9700012,京都第二赤十字病院,4,2,3,1,0,0,2,0,,,32662.0,11021.0,VERIFIED_NUMERIC
9700038,京都第一赤十字病院,5,2,4,1,0,1,1,0,,,,,NO_VALUE_ON_PUBLIC_PAGE
9700053,独立行政法人地域医療機能推進機構京都鞍馬口医療センター,1,1,1,0,0,0,1,0,,,,,
9700061,舞鶴赤十字病院,1,1,1,0,0,0,1,0,,,,,
9700095,国家公務員共済組合連合会舞鶴共済病院,1,1,1,0,0,0,1,0,,,,,
9700137,社会福祉法人恩賜財団京都府済生会京都済生会病院,2,1,2,0,0,0,1,0,,,,,
9900018,独立行政法人国立病院機構京都医療センター,4,3,3,1,0,2,1,0,,,,,NO_VALUE_ON_PUBLIC_PAGE
9900042,京都大学医学部附属病院,9,7,7,1,0,6,1,0,,,,,FETCH_RETRY
9900067,独立行政法人国立病院機構南京都病院,1,1,1,0,0,0,1,0,,,,,
9900075,独立行政法人国立病院機構宇多野病院,1,1,0,1,0,1,0,0,,,,,
9900026,独立行政法人国立病院機構舞鶴医療センター,1,1,1,0,0,1,0,0,,,,,
0100964,社会福祉法人京都博愛会京都博愛会病院,1,1,0,1,0,0,1,0,,,,,
0402832,社会医療法人健康会　京都南病院,1,1,1,0,0,0,1,0,,,,,
0404317,医療法人威徳壬生大路病院,1,0,0,1,0,0,0,0,,,,,
0601342,公益社団法人信和会京都民医連あすかい病院,1,1,1,0,0,0,1,0,,,,,
0605079,医療法人社団行陵会京都大原記念病院,1,0,0,1,0,0,0,0,,,,,
0607380,医療法人清水会脳神経リハビリ北大路病院,1,1,0,1,0,0,1,0,,,,,
0706703,医療法人河端病院,1,1,0,1,0,0,1,0,,,,,
0706869,社会医療法人太秦病院,1,0,0,1,0,0,0,0,,,,,
0903045,蘇生会総合病院,2,2,2,0,0,1,1,0,,,,,
0906352,医療法人新生十全会なごみの里病院,1,0,0,1,0,0,0,0,,,,,
0907483,医療法人健幸会むかいじま病院,1,1,1,0,0,0,1,0,,,,,
2601373,医療法人翠生会松本病院,1,0,0,1,0,0,0,0,,,,,
3000625,医療法人医修会新河端病院,2,1,1,0,0,0,1,0,,,,,
3300132,特定医療法人三青園丹後ふるさと病院,1,1,1,0,0,1,0,0,,,,,
3400288,明治国際医療大学附属病院,1,1,1,0,0,1,0,0,,,,,
4100069,医療法人新生十全会京都東山老年サナトリウム,1,0,0,1,0,0,0,0,,,,,
4100242,一般社団法人愛生会山科病院,1,1,1,0,0,0,1,0,,,,,
9600246,京丹後市立久美浜病院,1,1,1,0,0,0,1,0,,,,,
9600329,京都市立京北病院,1,0,0,1,0,0,0,0,,,,,
9600337,京都府立医科大学附属北部医療センター,1,1,1,0,0,1,0,0,,,,,
0101183,東大寺福祉療育病院,1,0,0,1,0,0,0,0,,,,,
0101209,博愛会松倉病院,1,0,0,1,0,0,0,0,,,,,
0101225,一般財団法人沢井病院,1,1,0,1,0,0,1,0,,,,,
0101811,医療法人新仁会 奈良春日病院,1,0,1,0,0,0,0,0,,,,,
0101829,医療法人新生会総合病院 高の原中央病院,2,1,2,0,0,1,0,0,,,,,
0101936,医療法人康仁会 西の京病院,2,2,2,0,0,0,2,0,,,,,
0102017,社会福祉法人恩賜財団済生会奈良病院,1,1,1,0,0,0,1,0,,,,,
0102876,奈良東九条病院,1,0,0,1,0,0,0,0,,,,,
0102983,社会医療法人健生会おかたに病院,1,0,0,1,0,0,0,0,,,,,
0110309,市立奈良病院,4,2,3,1,0,1,1,0,,,18194.0,6367.0,VERIFIED_NUMERIC
0110416,医療法人宝山会 奈良小南病院,1,0,0,1,0,0,0,0,,,,,
0110630,奈良西部病院,1,1,0,1,0,0,1,0,,,,,
0111125,社会医療法人松本快生会西奈良中央病院,1,1,1,0,0,1,0,0,,,,,
0111216,医療法人せいわ会　登美ヶ丘リハビリテーション病院,1,0,0,1,0,0,0,0,,,,,
0111240,奈良セントラル病院,1,0,0,1,0,0,0,0,,,,,
0111539,奈良県総合医療センター,6,3,4,2,0,2,1,0,,,25032.0,13222.0,VERIFIED_NUMERIC
0111646,ならまちリハビリテーション病院,1,0,0,1,0,0,0,0,,,,,
0201058,社会医療法人田北会田北病院,2,2,1,0,0,1,1,0,,,,,
0201066,独立行政法人地域医療機能推進機構 大和郡山病院,1,1,1,0,0,1,0,0,,,,,
0201181,医療法人厚生会 奈良厚生会病院,1,0,0,1,0,0,0,0,,,,,
0201207,医療法人青心会 郡山青藍病院,1,1,1,0,0,0,1,0,,,,,
0201322,医療法人藤和会 藤村病院,1,0,0,1,0,0,0,0,,,,,
0301031,医療法人学芳会倉病院,1,1,1,0,0,0,0,1,,,,,
0301056,医療法人和幸会阪奈中央病院,1,1,1,0,0,0,1,0,,,,,
0301098,医療法人社団松下会 東生駒病院,1,0,0,1,0,0,0,0,,,,,
0301296,近畿大学奈良病院,3,2,3,0,0,0,2,0,,,,,
0301502,医療法人社団松下会 白庭病院,1,1,1,0,0,1,0,0,,,,,
0301619,生駒市立病院,2,1,2,0,0,0,1,0,,,,,
0401062,社会福祉法人恩賜財団済生会中和病院,2,2,2,0,0,1,1,0,,,,,
0401138,医療法人社團岡田会山の辺病院,1,1,1,0,0,0,0,1,,,,,
0501192,一般財団法人 信貴山病院 ハートランドしぎさん,1,1,0,1,0,0,1,0,,,,,
0501374,奈良県西和医療センター,2,1,2,0,0,1,0,0,,,,,
0701057,国保中央病院,2,1,1,0,1,0,1,0,,,,,
0701172,奈良県総合リハビリテーションセンター,1,1,0,1,0,0,1,0,,,,,
0801121,大和高田市立病院,2,1,2,0,0,1,0,0,,,,,
0801139,社会医療法人健生会土庫病院,2,1,2,0,0,0,1,0,,,,,
0801444,医療法人社団憲仁会中井記念病院,1,0,1,0,0,0,0,0,,,,,
0901087,公益財団法人天理よろづ相談所病院,6,3,5,0,0,2,1,0,,,41159.0,12301.0,VERIFIED_NUMERIC
0901145,社会医療法人高清会 高井病院,5,3,4,1,0,1,2,0,,,18578.0,8471.0,VERIFIED_NUMERIC
0901186,医療法人健和会 奈良東病院,1,0,0,1,0,0,0,0,,,,,
1201339,社会医療法人 平成記念会 平成記念病院,2,2,2,0,0,2,0,0,,,,,
1201347,医療法人橿原友紘会 大和橿原病院,1,1,1,0,0,0,1,0,,,,,
1201370,医療法人桂会 平尾病院,1,1,0,1,0,0,1,0,,,,,
1201800,平成まほろば病院,1,0,1,0,0,0,0,0,,,,,
1201818,医療法人一路会 錦織病院,1,0,1,0,0,0,0,0,,,,,
1301071,社会福祉法人恩賜財団済生会御所病院,1,1,1,0,0,0,1,0,,,,,
1301089,医療法人鴻池会秋津鴻池病院,1,0,1,0,0,0,0,0,,,,,
1401228,南和広域医療企業団五條病院,1,0,0,1,0,0,0,0,,,,,
1501241,服部記念病院,1,1,0,1,0,0,1,0,,,,,
1501266,公益財団法人ニッセイ聖隷健康福祉財団 ニッセイ聖隷クリニック,1,0,1,0,0,0,0,0,,,,,
1501274,恵王病院,1,0,1,0,0,0,0,0,,,,,
1501449,奈良友紘会病院,1,1,0,1,0,0,1,0,,,,,
1701627,医療法人豊生会 トミークリニック,1,0,0,1,0,0,0,0,,,,,
1701643,医療法人弘仁会南和病院,1,0,0,1,0,0,0,0,,,,,
1701684,南和広域医療企業団南奈良総合医療センター,2,2,2,0,0,1,1,0,,,,,
1701692,南和広域医療企業団吉野病院,1,0,0,1,0,0,0,0,,,,,
1801005,医療法人弘生会関屋病院,1,0,0,1,0,0,0,0,,,,,
1801336,医療法人藤井会香芝生喜病院,1,1,1,0,0,0,1,0,,,,,
1901169,医療法人興生会吉本整形外科・外科病院,1,1,0,1,0,0,1,0,,,,,
2000128,グランソール奈良,1,1,1,0,0,0,1,0,,,,,
2001076,医療法人拓誠会 辻村病院,1,0,0,1,0,0,0,0,,,,,
2001084,宇陀市立病院,1,1,1,0,0,0,1,0,,,,,
9801833,奈良県立医科大学附属病院,10,5,8,1,1,4,1,0,,,35322.0,14690.0,VERIFIED_NUMERIC
9901021,独立行政法人国立病院機構やまと精神医療センター,1,1,0,1,0,0,1,0,,,,,
9901278,独立行政法人国立病院機構奈良医療センター,2,1,2,0,0,0,1,0,,,,,
0110108,医療法人浜病院,1,0,0,1,0,0,0,0,,,,,
0110116,医療法人 橋本病院,1,1,1,0,0,0,1,0,,,,,
0110231,医療法人 曙会 和歌浦中央病院,1,0,0,1,0,0,0,0,,,,,
0110454,医療法人弘仁会瀬藤病院,1,0,0,1,0,0,0,0,,,,,
0110496,藤民病院,1,0,0,1,0,0,0,0,,,,,
0110579,福外科病院,1,1,1,0,0,0,1,0,,,,,
0110587,医療法人裕紫会中谷病院,1,0,1,0,0,0,0,0,,,,,
0110611,角谷整形外科病院,1,2,0,1,0,1,1,0,,,,,
0110637,和歌山生協病院,1,1,1,0,0,0,1,0,,,,,
0110660,稲田病院,1,0,0,1,0,0,0,0,,,,,
0110769,医療法人青松会河西田村病院,1,1,0,1,0,0,1,0,,,,,
0110793,西和歌山病院,1,0,0,1,0,0,0,0,,,,,
0110868,医療法人愛晋会　中江病院,1,1,1,0,0,0,1,0,,,,,
0111049,半羽胃腸病院,1,0,0,1,0,0,0,0,,,,,
0111288,向井病院,1,0,0,1,0,0,0,0,,,,,
0111502,星野クリニック,1,0,1,0,0,0,0,0,,,,,
0111510,綿貫整形外科,0,1,0,0,0,0,0,1,,,,,
0111817,医療法人　須佐病院,1,1,0,1,0,0,1,0,,,,,
0111940,高山病院,1,0,0,1,0,0,0,0,,,,,
0112054,医療法人誠佑記念病院,1,0,1,0,0,0,0,0,,,,,
0112229,上山病院,1,0,0,1,0,0,0,0,,,,,
0112641,済生会 和歌山病院,1,1,1,0,0,0,1,0,,,,,
0112823,宇治田循環器科内科,1,0,0,1,0,0,0,0,,,,,
0112831,きのしたクリニック,1,1,0,1,0,0,0,1,,,,,
0112906,紀泉ＫＤクリニック,1,0,0,1,0,0,0,0,,,,,
0112930,古梅記念病院,1,1,0,1,0,0,1,0,,,,,
0112963,今村病院,1,0,0,1,0,0,0,0,,,,,
0113011,独立行政法人労働者健康安全機構和歌山労災病院,2,2,2,0,0,1,1,0,,,,,
0113227,堀口記念病院,1,1,0,1,0,0,1,0,,,,,
0113375,綿貫第二クリニック,0,1,0,0,0,0,0,1,,,,,
0113581,医療法人博文会児玉病院,1,0,0,1,0,0,0,0,,,,,
0113680,医療法人匡慈会伏虎リハビリテーション病院,1,0,0,1,0,0,0,0,,,,,
0113755,向陽　脳とせぼね・循環器内科クリニック,1,1,0,1,0,0,1,0,,,,,
1010141,社会医療法人 博寿会 山本病院,1,0,0,1,0,0,0,0,,,,,
1010265,医療法人南労会紀和病院,1,1,1,0,0,1,0,0,,,,,
1110081,国保野上厚生総合病院,1,1,1,0,0,0,1,0,,,,,
1410051,石本病院,1,0,0,1,0,0,0,0,,,,,
1410135,医療法人 恵友会 恵友病院,1,1,1,0,0,0,1,0,,,,,
1410416,医療法人晃和会谷口病院,1,0,0,1,0,0,0,0,,,,,
1510199,医療法人 大和会 土屋クリニック,1,0,0,1,0,0,0,0,,,,,
1510215,桜ヶ丘病院,1,0,0,1,0,0,0,0,,,,,
1610148,医療法人 たちばな会 西岡病院,1,1,0,1,0,0,1,0,,,,,
1610197,社会福祉法人 恩賜財団 済生会 有田病院,1,1,1,0,0,0,1,0,,,,,
1610239,有田南病院,1,0,1,0,0,0,0,0,,,,,
1710013,公立那賀病院,2,1,1,1,0,0,1,0,,,,,
1710070,奥クリニック,1,0,0,1,0,0,0,0,,,,,
1710138,稲穂会病院,1,0,0,1,0,0,0,0,,,,,
1710146,医療法人 共栄会 名手病院,1,0,1,0,0,0,0,0,,,,,
1710294,貴志川リハビリテーション病院,1,1,1,0,0,0,1,0,,,,,
1810011,つくし医療・福祉センター,1,0,1,0,0,0,0,0,,,,,
1810045,紀の川クリニック,1,0,0,1,0,0,0,0,,,,,
1810086,富田病院,1,0,1,0,0,0,0,0,,,,,
1810268,殿田胃腸肛門病院,1,0,0,1,0,0,0,0,,,,,
2010025,北出病院,2,1,2,0,0,1,0,0,,,,,
2010033,整形外科北裏病院,1,1,0,1,0,0,0,1,,,,,
2010090,ひだか病院,1,1,1,0,0,0,1,0,,,,,
2210203,医療法人 洗心会 玉置病院,1,1,1,0,0,0,1,0,,,,,
2310003,一般財団法人 新宮病院,1,0,0,0,1,0,0,0,,,,,
2410274,南紀医療福祉センター,1,0,0,1,0,0,0,0,,,,,
2410589,白浜はまゆう病院,1,1,0,1,0,0,0,1,,,,,
2410829,医療法人宝山会 白浜小南病院,1,0,0,1,0,0,0,0,,,,,
2411090,国保すさみ病院,2,0,1,1,0,0,0,0,,,,,
2500835,坂野医院,1,0,0,1,0,0,0,0,,,,,
2510271,医療法人日進会 日進会病院,1,0,0,1,0,0,0,0,,,,,
2510644,医療法人木下医院,1,0,0,1,0,0,0,0,,,,,
8010060,有田市立病院,1,1,1,0,0,0,1,0,,,,,
8010193,那智勝浦町立温泉病院,1,1,1,0,0,0,1,0,,,,,
8010300,新宮市立医療センター,2,1,2,0,0,1,0,0,,,,,
8010367,海南医療センター,1,1,1,0,0,0,1,0,,,,,
8010383,橋本市民病院,2,1,1,1,0,0,1,0,,,,,
8010391,和歌山県立医科大学附属病院紀北分院,1,1,0,1,0,0,1,0,,,,,
8010417,高野町立高野山総合診療所,1,0,0,0,1,0,0,0,,,,,
8010607,くしもと町立病院,1,1,1,0,0,0,1,0,,,,,
8012785,和歌山県立医科大学附属病院,5,3,5,0,0,1,2,0,,,,10968.0,PARTIAL_MRI_ONLY
8210124,日本赤十字社和歌山医療センター,4,3,3,1,0,1,2,0,,,43217.0,12179.0,VERIFIED_NUMERIC
8210595,紀南病院,3,1,2,0,0,0,1,0,,,,,
8310007,独立行政法人 国立病院機構 和歌山病院,2,0,2,0,0,0,0,0,,,,,
8410377,独立行政法人国立病院機構南和歌山医療センター,2,2,2,0,0,2,0,0,,,,,
0110246,社会医療法人 光生病院,1,1,1,0,0,0,1,0,,,,,
0110378,岡山紀念病院,1,0,0,0,1,0,0,0,,,,,
0110626,岡山協立病院,1,1,1,0,0,0,1,0,,,,,
0111053,佐藤病院,1,0,1,0,0,0,0,0,,,,,
0111061,中島病院,1,0,0,1,0,0,0,0,,,,,
0111152,重井医学研究所附属病院,1,0,1,0,0,0,0,0,,,,,
0111186,医療法人社団良友会 山陽病院,1,0,0,1,0,0,0,0,,,,,
0111319,公益財団法人操風会岡山旭東病院,1,4,1,0,0,3,1,0,,,,,
0111350,医療法人（社団） 福島内科医院,1,0,0,1,0,0,0,0,,,,,
0111400,かとう内科並木通り診療所,1,0,0,1,0,0,0,0,,,,,
0111442,おおもと病院,1,0,1,0,0,0,0,0,,,,,
0112630,社会医療法人岡村一心堂病院,1,1,1,0,0,0,1,0,,,,,
0112820,うちおグリーンクリニック,1,0,0,1,0,0,0,0,,,,,
0112861,医療法人 森谷外科医院,1,0,0,1,0,0,0,0,,,,,
0112911,同仁病院,1,0,0,1,0,0,0,0,,,,,
0113026,医療法人社団藤田病院,1,1,1,0,0,0,1,0,,,,,
0113075,岡山東中央病院,1,0,0,1,0,0,0,0,,,,,
0113125,岡山第一病院,1,0,0,1,0,0,0,0,,,,,
0113489,竜操整形外科病院,1,1,1,0,0,0,1,0,,,,,
0113539,宮本整形外科病院,1,1,0,1,0,0,1,0,,,,,
0113596,医療法人雄風会 新あしもりクリニック,1,0,0,1,0,0,0,0,,,,,
0113786,原尾島クリニック,1,0,1,0,0,0,0,0,,,,,
0114032,社会医療法人鴻仁会 岡山中央病院,2,1,1,1,0,1,0,0,,,,,
0114271,医療法人緑風会　三宅おおふくクリニック,0,1,0,0,0,0,1,0,,,,,
0114776,医療法人岡山水清会 岡山水清会病院,1,0,0,1,0,0,0,0,,,,,
0115476,岡山ハートクリニック,1,0,1,0,0,0,0,0,,,,,
0115567,社会福祉法人岡山博愛会 岡山博愛会病院,1,0,1,0,0,0,0,0,,,,,
0115674,公益財団法人操風会岡山リハビリテーション病院,1,0,0,1,0,0,0,0,,,,,
0115690,旭川荘療育・医療センター,1,0,1,0,0,0,0,0,,,,,
0115856,セントラルシティ病院,1,0,0,1,0,0,0,0,,,,,
0116110,岡山東部脳神経外科病院,1,2,1,0,0,0,2,0,,,,,
0116169,社会医療法人　盛全会　岡山西大寺病院,2,1,2,0,0,1,0,0,,,,,
0116227,岡山西大寺病院附属中野分院,1,0,0,1,0,0,0,0,,,,,
0116243,川崎医科大学総合医療センター,6,2,4,2,0,1,1,0,,,,,FETCH_RETRY
0116326,きらめきクリニック,1,0,0,1,0,0,0,0,,,,,
0116748,医療法人社団　秀明会　林病院,1,0,0,0,0,0,0,0,,,,,
0210012,公益財団法人大原記念倉敷中央医療機構倉敷中央病院,8,6,7,1,0,3,3,0,,,67456.0,24935.0,VERIFIED_NUMERIC
0210145,社会医療法人創和会　しげい病院,1,1,1,0,0,0,1,0,,,,,
0210186,水島中央病院,1,1,1,0,0,0,1,0,,,,,
0210210,医療法人水清会水島第一病院,1,0,0,1,0,0,0,0,,,,,
0210301,医療法人協愛会 倉敷シティ病院,1,0,0,0,1,0,0,0,,,,,
0210368,公益財団法人 弘仁会 玉島病院,1,0,0,1,0,0,0,0,,,,,
0210418,医療法人誠和会倉敷紀念病院,1,1,1,0,0,0,1,0,,,,,
0210517,倉敷成人病センター,2,2,2,0,0,1,1,0,,,,,
0210608,川崎医科大学附属病院,4,4,4,0,0,3,1,0,,,29146.0,12344.0,VERIFIED_NUMERIC
0210749,水島協同病院,1,1,0,1,0,0,1,0,,,,,
0210756,医療法人 天和会 松田病院,1,1,1,0,0,0,1,0,,,,,
0210822,倉敷平成病院,1,2,1,0,0,2,0,0,,,,,
0210855,田嶋内科,1,0,0,1,0,0,0,0,,,,,
0210863,医療法人創生会 渡辺胃腸科外科病院,1,0,0,1,0,0,0,0,,,,,
0210897,新倉敷メディカルスクエア,1,1,0,1,0,0,0,1,,,,,
0210962,チクバ外科胃腸科肛門科病院,1,0,1,0,0,0,0,0,,,,,
0211259,伊木診療所,1,0,0,0,1,0,0,0,,,,,
0211812,武田病院,1,0,0,1,0,0,0,0,,,,,
0211853,医療法人以心会 難波医院,1,0,0,1,0,0,0,0,,,,,
0212158,倉敷リハビリテーション病院,1,0,0,1,0,0,0,0,,,,,
0212224,西崎内科医院,1,0,0,1,0,0,0,0,,,,,
0212240,柴田病院,1,0,0,1,0,0,0,0,,,,,
0212372,公益財団法人大原記念倉敷中央医療機構倉敷中央病院リバーサイド,1,1,1,0,0,0,1,0,,,,,
0212398,医療法人昭和会 倉敷北病院,1,0,0,1,0,0,0,0,,,,,
0212927,医療法人和香会 倉敷スイートホスピタル,1,0,0,1,0,0,0,0,,,,,
0213040,まび記念病院,1,1,0,1,0,0,1,0,,,,,
0213065,医療法人社団新風会 玉島中央病院,1,1,1,0,0,0,1,0,,,,,
0213099,やまな内科整形外科,1,0,0,1,0,0,0,0,,,,,
0213123,玉島協同病院,1,0,0,1,0,0,0,0,,,,,
0213164,医療法人医誠会 児島中央病院,1,1,0,1,0,0,1,0,,,,,
0213248,医療法人誠和会 倉敷第一病院,1,1,1,0,0,1,0,0,,,,,
0213263,医療法人賀新会 プライムホスピタル玉島,1,1,0,0,1,0,1,0,,,,,
0213487,医療法人社団五聖会 児島聖康病院,1,1,1,0,0,0,1,0,,,,,
0310051,津山中央記念病院,1,0,0,1,0,0,0,0,,,,,
0310176,医療法人社団和風会中島病院,1,0,1,0,0,0,0,0,,,,,
0310531,一般財団法人津山慈風会津山中央病院,4,3,3,1,0,1,2,0,,,34670.0,10439.0,VERIFIED_NUMERIC
0310663,医療法人平野同仁会 総合病院津山第一病院,1,1,1,0,0,0,1,0,,,,,
0310804,石川病院,1,1,0,1,0,0,1,0,,,,,
0310820,小畑醫院,1,0,0,1,0,0,0,0,,,,,
0410018,医療法人愛善会由良病院,1,0,0,1,0,0,0,0,,,,,
0410125,大西病院,1,0,1,0,0,0,0,0,,,,,
0410182,中谷外科病院,1,0,0,1,0,0,0,0,,,,,
0510098,医療法人社団清和会笠岡第一病院,1,2,1,0,0,1,1,0,,,,,
0510221,医療法人緑十字会 笠岡中央病院,1,0,1,0,0,0,0,0,,,,,
0710037,医療法人社団 菅病院,1,0,1,0,0,0,0,0,,,,,
0710086,医療法人弘智会 井原第一クリニック,1,1,0,1,0,0,0,1,,,,,
0710128,医療法人おだうじ会 小田病院,1,0,1,0,0,0,0,0,,,,,
0710136,医療法人平允会 森本整形外科医院,1,1,0,1,0,0,0,1,,,,,
0810019,医療法人仁徳会森下病院,1,0,0,1,0,0,0,0,,,,,
0810050,医療法人　薬師寺慈恵会　薬師寺慈恵病院,1,0,0,1,0,0,0,0,,,,,
0810191,泉クリニック,1,0,0,0,1,0,0,0,,,,,
0810548,医療法人行堂会長野病院,1,1,1,0,0,0,1,0,,,,,
0910074,医療法人清梁会 高梁中央病院,1,1,1,0,0,0,1,0,,,,,
0910199,医療法人慶真会 大杉病院,1,1,0,1,0,0,0,1,,,,,
1010064,医療法人真生会新見中央病院,1,0,1,0,0,0,0,0,,,,,
1010254,医療法人社団淳和会 長谷川紀念病院,1,1,1,0,0,0,1,0,,,,,
1010270,太田病院,1,0,0,1,0,0,0,0,,,,,
1010288,医療法人思誠会渡辺病院,1,1,1,0,0,0,1,0,,,,,
1110104,草加病院,1,1,0,1,0,0,1,0,,,,,
1210094,瀬戸内記念病院,1,0,0,1,0,0,0,0,,,,,
1410066,医療法人社団井口会総合病院落合病院,1,1,1,0,0,0,1,0,,,,,
2210119,赤磐医師会病院,1,1,1,0,0,0,1,0,,,,,
2210309,医療法人長光会長島病院,1,0,0,1,0,0,0,0,,,,,
2310125,医療法人紀典会北川病院,1,1,1,0,0,0,1,0,,,,,
2310208,医療法人平病院,1,0,0,1,0,0,0,0,,,,,
2510047,医療法人REGIONO　池田医院,1,0,0,1,0,0,0,0,,,,,
2710019,医療法人社団同仁会金光病院,1,1,0,1,0,0,1,0,,,,,
2710035,国定病院,1,0,1,0,0,0,0,0,,,,,
2710134,医療法人みわ記念病院,1,0,0,1,0,0,0,0,,,,,
2710233,にいつクリニック,1,0,0,1,0,0,0,0,,,,,
3110078,吉備高原ルミエール病院,1,0,0,0,1,0,0,0,,,,,
3410106,医療法人美甘会勝山病院,1,0,0,0,1,0,0,0,,,,,
3410163,社会医療法人緑壮会金田病院,1,1,1,0,0,1,0,0,,,,,
3410270,医療法人真庭慈風会　津山中央まにわ病院,1,0,0,1,0,0,0,0,,,,,
3410320,まにわ整形外科クリニック,1,1,0,1,0,0,0,1,,,,,
3510061,一般財団法人共愛会 芳野病院,1,0,1,0,0,0,0,0,,,,,
3610069,社会医療法人清風会日本原病院,1,0,0,1,0,0,0,0,,,,,
3610192,さとう記念病院,1,1,0,1,0,0,1,0,,,,,
3710117,医療法人三水会 田尻病院,1,0,0,1,0,0,0,0,,,,,
3710166,医療法人 豊医会 原医院,1,1,0,1,0,0,0,1,,,,,
3710208,医療法人美風会 美作中央病院,1,0,0,1,0,0,0,0,,,,,
3810255,医療法人三憲会 柵原病院,2,0,0,1,0,0,0,0,,,,,
8800038,独立行政法人労働者健康安全機構岡山労災病院,2,2,2,0,0,1,1,0,,,,,
8800061,岡山赤十字病院,3,2,3,0,0,2,0,0,,,,,
8800079,独立行政法人労働者健康安全機構吉備高原医療リハビリテーションセンター,1,1,0,1,0,0,1,0,,,,,
8800087,岡山済生会総合病院,5,1,3,2,0,1,0,0,,,13620.0,3852.0,VERIFIED_NUMERIC
8800129,岡山赤十字玉野病院,1,0,0,1,0,0,0,0,,,,,
8800137,独立行政法人自動車事故対策機構岡山療護センター,1,1,1,0,0,1,0,0,,,,,
8800160,済生会吉備病院,1,0,0,1,0,0,0,0,,,,,
8800194,岡山済生会外来センター病院,2,2,2,0,0,1,1,0,,,,,
8900127,倉敷市立市民病院,1,1,1,0,0,0,1,0,,,,,
8900325,笠岡市立市民病院,1,1,1,0,0,0,0,1,,,,,
8900416,井原市立井原市民病院,1,1,1,0,0,0,1,0,,,,,
8900713,備前市国民健康保険市立備前病院,1,1,1,0,0,0,1,0,,,,,
8900846,岡山市久米南町組合立国民健康保険福渡病院,1,0,1,0,0,0,0,0,,,,,
8901315,矢掛町国民健康保険病院,1,1,1,0,0,0,1,0,,,,,
8901901,鏡野町国民健康保険病院,1,1,1,0,0,0,0,1,,,,,
8902347,高梁市国民健康保険成羽病院,1,1,0,1,0,0,1,0,,,,,
8902461,瀬戸内市立瀬戸内市民病院,1,1,1,0,0,0,1,0,,,,,
8902768,美作市立大原病院,1,0,0,1,0,0,0,0,,,,,
8902784,真庭市国民健康保険湯原温泉病院,1,0,1,0,0,0,0,0,,,,,
8902941,備前市国民健康保険市立日生病院,1,1,0,1,0,0,0,1,,,,,
8902958,備前市国民健康保険市立吉永病院,1,1,0,1,0,0,1,0,,,,,
8903014,国立病院機構岡山市立金川病院,1,0,0,1,0,0,0,0,,,,,
8903055,岡山市立せのお病院,1,1,0,1,0,0,1,0,,,,,
8903089,岡山市立市民病院,2,2,2,0,0,1,1,0,,,,,
8903196,地方独立行政法人玉野医療センターたまの病院,1,1,1,0,0,0,1,0,,,,,
9800011,岡山大学病院,11,5,8,2,0,3,1,1,,,39226.0,13939.0,VERIFIED_NUMERIC
9800037,独立行政法人国立病院機構岡山医療センター,2,2,2,0,0,1,1,0,,,,,
9900027,独立行政法人国立病院機構南岡山医療センター,1,1,1,0,0,0,1,0,,,,,
9900035,国立療養所長島愛生園,1,0,1,0,0,0,0,0,,,,,
9900043,国立療養所邑久光明園,1,0,1,0,0,0,0,0,,,,,
0111855,木本内科医院,1,0,0,1,0,0,0,0,,,,,
0116763,トリニティクリニック,1,1,0,1,0,0,1,0,,,,,
2310224,渋藤医院,1,0,0,1,0,0,0,0,,,,,
0110277,西尾病院,1,0,0,1,0,0,0,0,,,,,
0111002,医療法人　長府病院,1,1,1,0,0,0,0,1,,,,,
0111242,独立行政法人地域医療機能推進機構 下関医療センター,3,2,2,0,1,1,1,0,,,,,
0111598,光風園病院,1,0,0,1,0,0,0,0,,,,,
0113222,武久病院,1,0,0,0,1,0,0,0,,,,,
0113271,森山病院,1,0,0,1,0,0,0,0,,,,,
0113610,安岡病院,1,0,0,0,1,0,0,0,,,,,
0113701,王司病院,1,0,1,0,0,0,0,0,,,,,
0114360,医療法人 松永会 まつなが医院,1,0,0,1,0,0,0,0,,,,,
0114956,伊藤内科医院,1,1,0,1,0,0,0,1,,,,,
0115425,桃崎病院,2,0,0,1,0,0,0,0,,,,,
0115615,医療法人池田会いけだ内科,1,0,0,0,0,0,0,0,,,,,
0115730,医療法人正祥会にしはらクリニック,1,0,0,1,0,0,0,0,,,,,
0115946,下関リハビリテーション病院,1,0,0,1,0,0,0,0,,,,,
0116357,山口県済生会下関総合病院,2,2,2,0,0,1,1,0,,,,,
0116399,細江クリニック,1,0,0,1,0,0,0,0,,,,,
0116852,いとう腎クリニック,1,0,0,1,0,0,0,0,,,,,
0117652,済生会豊浦病院,1,1,0,1,0,0,1,0,,,,,
0117991,脳神経筋センターよしみず病院,1,1,1,0,0,0,1,0,,,,,
0210135,宇部記念病院,1,0,0,1,0,0,0,0,,,,,
0211935,宇部リハビリテーション病院,1,0,1,0,0,0,0,0,,,,,
0211976,セントヒル病院,1,1,1,0,0,1,0,0,,,,,
0212420,厚南セントヒル病院,1,1,1,0,0,0,1,0,,,,,
0212545,医療法人仁心会南園クリニック,0,1,0,0,0,0,1,0,,,,,
0212693,宇部協立病院,1,1,0,1,0,0,1,0,,,,,
0213329,シーサイド病院,1,0,0,1,0,0,0,0,,,,,
0214152,宇部仁心会病院,1,0,1,0,0,0,0,0,,,,,
0214475,医療法人和同会　宇部西リハビリテーション病院,1,1,0,1,0,0,1,0,,,,,
0214582,医療法人社団清冨会サンポプラ病院,1,0,0,1,0,0,0,0,,,,,
0214632,宇部中央病院,2,2,2,0,0,1,1,0,,,,,
0214855,尾中病院,1,1,0,1,0,0,1,0,,,,,
0310141,済生会山口総合病院,3,2,2,1,0,1,1,0,,,,,
0310398,山口赤十字病院,2,2,2,0,0,1,1,0,,,,,
0311230,柴田病院,1,0,0,1,0,0,0,0,,,,,
0311255,山口リハビリテーション病院,1,0,0,1,0,0,0,0,,,,,
0311420,おか整形外科病院,1,0,0,1,0,0,0,0,,,,,
0311446,山口若宮病院,1,0,0,1,0,0,0,0,,,,,
0311586,医療法人社団青藍会あんの循環器・総合クリニック,1,0,0,1,0,0,0,0,,,,,
0311644,山口病院,1,1,1,0,0,0,1,0,,,,,
0311776,済生会湯田温泉病院,1,0,0,1,0,0,0,0,,,,,
0312261,社会福祉法人青藍会 ハートクリニック南山口,1,0,0,1,0,0,0,0,,,,,
0313020,光山医院山口,1,0,0,1,0,0,0,0,,,,,
0313053,阿知須共立病院,1,1,1,0,0,0,1,0,,,,,
0410065,全眞会病院,1,0,0,1,0,0,0,0,,,,,
0410552,萩市民病院,1,1,1,0,0,0,1,0,,,,,
0410883,萩慈生病院,1,0,1,0,0,0,0,0,,,,,
0411170,都志見病院,1,1,0,1,0,0,1,0,,,,,
0411261,玉木病院,1,1,0,1,0,0,0,1,,,,,
0510187,独立行政法人地域医療機能推進機構　徳山中央病院,5,2,2,1,0,1,1,0,,,24540.0,8309.0,VERIFIED_NUMERIC
0511037,周南病院,1,0,0,1,0,0,0,0,,,,,
0511458,周南高原病院,1,0,0,1,0,0,0,0,,,,,
0511508,湯野温泉病院,1,0,0,1,0,0,0,0,,,,,
0511771,周南リハビリテーション病院,1,0,0,1,0,0,0,0,,,,,
0610342,山口博愛病院,1,0,1,0,0,0,0,0,,,,,
0610359,医療法人神徳会三田尻病院,1,1,1,0,0,0,1,0,,,,,
0611241,防府リハビリテーション病院,1,0,0,0,1,0,0,0,,,,,
0611274,防府胃腸病院,1,0,1,0,0,0,0,0,,,,,
0611407,桑陽病院,1,1,1,0,0,0,1,0,,,,,
0611712,緑町三祐病院,1,1,0,1,0,0,1,0,,,,,
0612272,光山医院,1,0,0,1,0,0,0,0,,,,,
0612546,山口県立総合医療センター,5,2,2,3,0,1,1,0,,,20475.0,4977.0,VERIFIED_NUMERIC
0710282,周南記念病院,1,1,1,0,0,0,1,0,,,,,
0710944,阿部クリニック,1,0,0,1,0,0,0,0,,,,,
0711256,下松中央病院,1,0,0,1,0,0,0,0,,,,,
0810025,岩国病院,1,0,0,1,0,0,0,0,,,,,
0810082,錦病院,1,0,1,0,0,0,0,0,,,,,
0810561,いしい記念病院,1,0,0,1,0,0,0,0,,,,,
0811486,岩国中央病院,1,0,0,1,0,0,0,0,,,,,
0811841,医療法人　岩国みなみ病院,1,0,1,0,0,0,0,0,,,,,
0812013,岩国市医療センター医師会病院,1,1,1,0,0,1,0,0,,,,,
0813045,岩国市立錦中央医院,1,0,0,1,0,0,0,0,,,,,
0910023,小野田赤十字病院,1,0,0,1,0,0,0,0,,,,,
0910247,山口労災病院,1,1,1,0,0,0,1,0,,,,,
0910304,山陽小野田市民病院,1,1,1,0,0,0,1,0,,,,,
1010344,医療法人社団陽光会　光中央病院,1,1,1,0,0,0,1,0,,,,,
1010468,医療法人社団光仁会市川医院,1,1,0,1,0,0,1,0,,,,,
1010989,光市立光総合病院,1,1,1,0,0,0,1,0,,,,,
1110011,山口県厚生農業協同組合連合会長門総合病院,2,1,1,1,0,0,1,0,,,,,
1110284,医療法人　生山会　斎木病院,1,1,1,0,0,0,0,1,,,,,
1110375,岡田病院,1,1,1,0,0,0,1,0,,,,,
1210027,山口県厚生農業協同組合連合会周東総合病院,2,1,2,0,0,0,1,0,,,,,
1210647,坂本病院,1,0,0,1,0,0,0,0,,,,,
1210746,弘田脳神経外科,1,1,0,1,0,0,1,0,,,,,
1211066,松井クリニック,1,0,0,1,0,0,0,0,,,,,
1310397,美祢市立病院,1,1,1,0,0,0,1,0,,,,,
1310553,医療法人ＥＭＳ　植田救急クリニック,1,1,0,1,0,0,1,0,,,,,
1410536,周南市立新南陽市民病院,1,1,1,0,0,0,1,0,,,,,
1510558,徳山リハビリテーション病院,1,0,0,1,0,0,0,0,,,,,
7110635,医療法人社団 安本医院,1,1,0,1,0,0,1,0,,,,,
7110676,周防大島町立東和病院,1,1,0,1,0,0,1,0,,,,,
7210831,山口平成病院,1,0,0,1,0,0,0,0,,,,,
7210864,周防病院,1,0,0,1,0,0,0,0,,,,,
7210872,みどり病院,1,0,0,0,1,0,0,0,,,,,
7210930,藤政病院,1,0,0,1,0,0,0,0,,,,,
7211136,岩本医院,1,0,1,0,0,0,0,0,,,,,
7310011,光市立大和総合病院,1,1,0,1,0,0,0,1,,,,,
7310524,光輝病院,1,0,0,1,0,0,0,0,,,,,
7610022,林病院,1,0,0,1,0,0,0,0,,,,,
7610188,阿知須同仁病院,1,1,1,0,0,0,1,0,,,,,
7610246,小郡第一総合病院,1,2,1,0,0,0,2,0,,,,,
7810200,下関市立豊田中央病院,1,1,1,0,0,0,0,1,,,,,
7810846,医療法人社団若草会 木本クリニック,1,0,0,0,1,0,0,0,,,,,
7910018,美祢市立美東病院,1,1,1,0,0,0,1,0,,,,,
8810050,山口大学医学部附属病院,4,5,4,0,0,4,1,0,,,28836.0,13007.0,VERIFIED_NUMERIC
8810449,国立病院機構 柳井医療センター,1,1,0,1,0,0,1,0,,,,,
8810977,国立病院機構 山口宇部医療センター,2,0,2,0,0,0,0,0,,,,,
8812684,国立病院機構 岩国医療センター,3,2,2,0,0,1,1,0,,,,,
8816933,独立行政法人　国立病院機構　関門医療センター,2,1,2,0,0,0,1,0,,,,,
0510930,地域医療支援病院オープンシステム徳山医師会病院,1,1,1,0,0,1,0,0,,,,,
0112511,医療法人和光会前田病院,1,0,0,1,0,0,0,0,,,,,
0114731,高松平和病院,1,1,0,1,0,0,1,0,,,,,
0114756,医療法人社団新進会おさか脳神経外科病院,1,3,1,0,0,2,1,0,,,,,
0114764,医療法人社団 百石病院,1,1,0,1,0,0,0,1,,,,,
0115373,医療法人社団 海部医院,1,0,0,1,0,0,0,0,,,,,
0115571,医療法人社団わき外科・内科クリニック,1,0,0,1,0,0,0,0,,,,,
0115803,医療法人福生会 多田羅内科クリニック,1,0,0,1,0,0,0,0,,,,,
0115845,医療法人社団 田原内科医院,1,0,0,1,0,0,0,0,,,,,
0115894,医療法人社団三好内科医院,1,0,0,1,0,0,0,0,,,,,
0116272,医療法人社団仁泉会 西岡医院,1,0,0,1,0,0,0,0,,,,,
0116322,医療法人社団啓友会 久米川病院,1,1,0,0,1,0,0,1,,,,,
0116470,医療法人社団研宣会 広瀬病院,0,1,0,0,0,0,0,1,,,,,
0116488,医療法人社団 高畠医院,0,1,0,0,0,0,0,1,,,,,
0116744,医療法人社団雙和会 クワヤ病院,1,1,0,1,0,0,1,0,,,,,
0116892,医療法人社団和広会 伊達病院,1,2,0,1,0,1,1,0,,,,,
0117403,医療法人社団泰平会 佐藤クリニック,1,0,1,0,0,0,0,0,,,,,
0117544,医療法人社団三恵会 木太三宅病院,1,0,0,1,0,0,0,0,,,,,
0117874,医療法人社団ひまわり会はまもと医院,1,0,0,0,0,0,0,0,,,,,
0118153,医療法人社団弘徳会マオカ病院,1,1,0,1,0,0,1,0,,,,,
0118419,一般財団法人三宅医学研究所附属三宅リハビリテーション病院,1,0,0,1,0,0,0,0,,,,,
0118534,医療法人財団博仁会キナシ大林病院,1,1,1,0,0,0,1,0,,,,,
0118542,医療法人社団恵生会 いきなり内科ハートクリニック,0,1,0,0,0,0,0,1,,,,,
0118799,医療法人社団 慈愛会 阿部内科眼科医院,1,0,0,1,0,0,0,0,,,,,
0118849,医療法人社団仁樹会 オサカ病院,1,1,0,1,0,0,1,0,,,,,
0118930,医療法人社団谷本内科医院,1,0,0,1,0,0,0,0,,,,,
0118963,医療法人社団健愛会 あきやまクリニック,1,0,0,1,0,0,0,0,,,,,
0119128,医療法人社団有史会高畠病院,1,0,0,1,0,0,0,0,,,,,
0119623,なりあい医院,1,0,0,0,1,0,0,0,,,,,
0120324,医療法人弘仁会 三条整形外科スポーツクリニック,1,1,0,1,0,0,1,0,,,,,
0120449,医療法人社団少将井いがわ医院,1,0,0,1,0,0,0,0,,,,,
0120886,五番丁医院,1,1,0,1,0,0,0,1,,,,,
0121033,たけべ乳腺外科クリニック,1,0,0,1,0,0,0,0,,,,,
0121157,医療法人社団緑会ザイタックスクリニック,1,0,0,1,0,0,0,0,,,,,
0121579,医療法人社団清澄会ミタニ病院,1,0,1,0,0,0,0,0,,,,,
0211529,医療法人社団健仁会岩本病院,1,0,0,0,1,0,0,0,,,,,
0211537,医療法人社団厚仁会 厚仁病院,1,0,0,1,0,0,0,0,,,,,
0211594,医療法人丸亀おのクリニック,0,1,0,0,0,0,0,1,,,,,
0211792,医療法人社団岐山会 篠原記念病院,1,0,0,1,0,0,0,0,,,,,
0212378,医療法人恵基会小林医院,1,0,0,0,1,0,0,0,,,,,
0212469,まるがめ医療センター,1,1,1,0,0,1,0,0,,,,,
0212535,人工透析センター 宮野病院,1,1,0,1,0,0,0,1,,,,,
0310321,坂出聖マルチン病院,1,1,1,0,0,0,1,0,,,,,
0310867,社会医療法人財団大樹会総合病院回生病院,2,2,2,0,0,1,1,0,,,,,
0311287,医療法人社団赤心会 赤沢病院,1,0,0,1,0,0,0,0,,,,,
0311808,医療法人社団 永井整形外科医院,1,1,0,1,0,0,1,0,,,,,
0311873,医療法人西山記念会MIRAI病院,1,1,1,0,0,1,0,0,,,,,
0410766,医療法人社団純心会 善通寺前田病院,1,0,0,1,0,0,0,0,,,,,
0410865,医療法人社団 大杉脳神経外科医院,1,0,0,1,0,0,0,0,,,,,
0411095,医療法人社団功寿会アイシークリニック,1,0,0,1,0,0,0,0,,,,,
0510714,松井病院,1,1,1,0,0,1,0,0,,,,,
0510771,医療法人社団寿愛会羽崎病院,1,1,0,1,0,0,0,1,,,,,
0511134,医療法人社団力正会小林整形外科医院,1,1,1,0,0,0,0,1,,,,,
0511332,医療法人社団みとし会クニタクリニック,1,0,0,1,0,0,0,0,,,,,
0511357,医療法人社団メディカルクラブ大興和 クリニック池田,1,1,0,1,0,0,1,0,,,,,
0511399,医療法人社団豊南会 香川井下病院,1,1,1,0,0,0,1,0,,,,,
0610092,医療法人日昭会 岡病院,1,0,0,1,0,0,0,0,,,,,
0710306,医療法人社団聖心会 阪本病院,1,1,0,1,0,0,1,0,,,,,
0710371,太田病院,1,1,1,0,0,0,1,0,,,,,
0810072,医療法人社団愛有会岩崎病院,1,1,1,0,0,0,1,0,,,,,
0810106,医療法人社団和風会 橋本病院,1,0,0,1,0,0,0,0,,,,,
0810254,医療法人社団十仁会 多田医院,0,1,0,0,0,0,0,1,,,,,
1210660,医療法人社団 つばき会 牟礼病院,1,1,0,1,0,0,0,1,,,,,
1310635,医療法人社団一真会大幸医療センター,1,0,1,0,0,0,0,0,,,,,
1310791,医療法人社団讃陽堂松原病院,1,1,0,1,0,0,1,0,,,,,
1310825,医療法人春風会 樫村病院,1,1,0,1,0,0,0,1,,,,,
1511398,医療法人社団清仁会 宇多津病院,1,1,1,0,0,0,1,0,,,,,
1610745,医療法人社団たけお会 岩佐病院,1,1,0,1,0,0,1,0,,,,,
1610760,医療法人圭良会永生病院,1,1,0,1,0,0,0,1,,,,,
1610885,医療法人社団ひかり会河内病院,1,0,0,1,0,0,0,0,,,,,
1611032,医療法人社団昌樹会 ウツミ整形外科医院,0,1,0,0,0,0,0,1,,,,,
1611057,医療法人社団小国医院,1,0,0,0,1,0,0,0,,,,,
1611099,多度津三宅病院,1,0,0,1,0,0,0,0,,,,,
7010080,香川県立白鳥病院,1,1,1,0,0,0,1,0,,,,,
7010239,高松赤十字病院,4,2,2,2,0,1,1,0,,,,,
7010270,独立行政法人労働者健康安全機構香川労災病院,3,2,2,1,0,0,2,0,,,,,
7010296,香川県厚生農業協同組合連合会滝宮総合病院,2,1,1,1,0,0,1,0,,,,,
7010379,三豊総合病院,3,2,3,0,0,1,1,0,,,,,
7011203,かがわ総合リハビリテーション病院,1,1,1,0,0,0,0,1,,,,,
7011351,さぬき市民病院,1,1,1,0,0,0,1,0,,,,,
7011385,社会福祉法人恩賜財団済生会支部 香川県済生会病院,1,1,1,0,0,0,1,0,,,,,
7011476,三豊市立西香川病院,1,0,1,0,0,0,0,0,,,,,
7011583,綾川町国民健康保険 陶病院,1,1,0,1,0,0,1,0,,,,,
7011674,香川県立中央病院,3,2,3,0,0,1,1,0,,,,,
7011708,坂出市立病院,1,1,1,0,0,0,1,0,,,,,
7011716,小豆島中央病院,1,1,1,0,0,1,0,0,,,,,
7011740,屋島総合病院,1,1,1,0,0,0,1,0,,,,,
7011765,高松市立みんなの病院,2,1,1,1,0,1,0,0,,,,,
7011781,三豊市立みとよ市民病院,1,1,1,0,0,0,1,0,,,,,
8011160,国立療養所大島青松園,1,0,0,1,0,0,0,0,,,,,
8011186,香川大学医学部附属病院,4,4,3,1,0,2,1,1,,,22407.0,8407.0,VERIFIED_NUMERIC
0110282,社会福祉法人恩賜財団済生会 松山病院,1,2,1,0,0,1,1,0,,,,,
0110373,松山第一病院,1,0,0,1,0,0,0,0,,,,,
0110662,小田ひ尿器科・ふみこ皮フ科,1,0,0,1,0,0,0,0,,,,,
0110670,相原整形外科,0,1,0,0,0,0,0,1,,,,,
0110738,山下脳神経外科,1,1,0,1,0,0,0,1,,,,,
0111025,中川病院,1,0,0,1,0,0,0,0,,,,,
0111108,貞本病院,1,2,1,0,0,2,0,0,,,,,
0111405,奥島病院,1,1,1,0,0,0,1,0,,,,,
0111553,金澤整形外科,0,1,0,0,0,0,1,0,,,,,
0111561,医療法人結和会 松山西病院,1,0,1,0,0,0,0,0,,,,,
0112122,増田整形外科,0,1,0,0,0,0,0,1,,,,,
0112239,増田病院,1,0,0,1,0,0,0,0,,,,,
0112254,栗林病院,1,0,0,1,0,0,0,0,,,,,
0112965,平成脳神経外科病院,1,1,1,0,0,1,0,0,,,,,
0113302,佐藤循環器科内科,1,0,0,1,0,0,0,0,,,,,
0113401,よつば循環器科クリニック,1,0,1,0,0,0,0,0,,,,,
0113484,丸石整形外科医院,0,1,0,0,0,0,0,1,,,,,
0113609,佐藤実病院,1,0,0,1,0,0,0,0,,,,,
0113633,関谷循環器科,1,0,0,1,0,0,0,0,,,,,
0113724,三津整形外科,1,1,0,1,0,0,0,1,,,,,
0113849,なかじま中央病院,1,0,0,1,0,0,0,0,,,,,
0114029,あずま泌尿器科クリニック,1,0,0,1,0,0,0,0,,,,,
0114508,やまだリウマチクリニック,0,1,0,0,0,0,1,0,,,,,
0114540,梶浦病院,1,1,1,0,0,0,1,0,,,,,
0114623,社会医療法人さくらライフ　松山さくら病院,1,0,1,0,0,0,0,0,,,,,
0114714,渡辺病院,1,1,0,1,0,0,0,1,,,,,
0115117,星の岡心臓・血管クリニック,1,0,0,1,0,0,0,0,,,,,
0115208,おおぞら病院,1,0,1,0,0,0,0,0,,,,,
0115471,前野整形外科,0,1,0,0,0,0,0,1,,,,,
0116040,松山まどんな病院,1,1,1,0,0,0,1,0,,,,,
0116271,いまいリウマチ・リハビリテーション,1,1,0,1,0,0,0,1,,,,,
0118111,松山赤十字病院,4,3,4,0,0,3,0,0,,,29640.0,11500.0,VERIFIED_NUMERIC
0118483,愛媛県立中央病院,5,3,4,1,0,2,1,0,,,33656.0,11165.0,VERIFIED_NUMERIC
0128128,松山市民病院,2,2,2,0,0,1,1,0,,,,,
0128326,松山協和病院,1,0,0,1,0,0,0,0,,,,,
0128433,松山リハビリテーション病院,1,0,0,1,0,0,0,0,,,,,
0128466,南松山病院,1,1,1,0,0,0,1,0,,,,,
0128540,医療法人順風会天山病院,1,1,0,1,0,0,1,0,,,,,
0128557,野本記念病院,1,0,1,0,0,0,0,0,,,,,
0128599,松山ベテル病院,1,0,0,1,0,0,0,0,,,,,
0128615,医療法人千寿会道後温泉病院,1,1,0,1,0,0,1,0,,,,,
0128623,医療法人天真会南高井病院,1,0,0,0,1,0,0,0,,,,,
0128649,医療法人聖光会 鷹の子病院,2,1,1,0,0,0,1,0,,,,,
0128722,愛媛生協病院,1,1,1,0,0,0,0,1,,,,,
0128789,東明病院,1,0,0,1,0,0,0,0,,,,,
0128847,土橋共立病院,1,0,0,1,0,0,0,0,,,,,
0129282,松山城東病院,1,1,1,0,0,0,1,0,,,,,
0129456,浦岡胃腸クリニック,1,0,0,1,0,0,0,0,,,,,
0210041,かとう内科,1,0,0,1,0,0,0,0,,,,,
0210298,今治南病院,1,0,0,1,0,0,0,0,,,,,
0210389,内科・消化器科羽鳥病院,1,0,0,1,0,0,0,0,,,,,
0210413,高山内科病院,1,0,0,1,0,0,0,0,,,,,
0210587,あゆみクリニック,1,0,0,0,1,0,0,0,,,,,
0210603,社会福祉法人恩賜財団済生会 今治第二病院,1,0,0,1,0,0,0,0,,,,,
0210629,鈴木病院,1,0,0,1,0,0,0,0,,,,,
0210751,竹内外科胃腸科,1,0,0,1,0,0,0,0,,,,,
0210835,消化器科久保病院,1,0,0,1,0,0,0,0,,,,,
0211031,広瀬病院,1,1,0,1,0,0,1,0,,,,,
0211171,井出内科,1,0,0,0,1,0,0,0,,,,,
0218028,愛媛県立今治病院,1,1,1,0,0,0,1,0,,,,,
0228084,今治市医師会市民病院,1,0,1,0,0,0,0,0,,,,,
0228092,社会医療法人真泉会　今治第一病院,1,1,1,0,0,0,1,0,,,,,
0228100,木原病院,1,1,0,1,0,0,1,0,,,,,
0228126,村上病院,1,0,0,0,1,0,0,0,,,,,
0228159,社会福祉法人恩賜財団済生会今治病院,2,2,1,1,0,0,2,0,,,,,
0228167,医療法人滴水会吉野病院,1,1,1,0,0,0,1,0,,,,,
0228175,放射線第一病院,1,1,1,0,0,0,1,0,,,,,
0228183,美須賀病院,1,1,1,0,0,0,1,0,,,,,
0228209,三木病院,1,1,0,0,1,0,1,0,,,,,
0228225,整形外科藤井病院,0,1,0,0,0,0,0,1,,,,,
0228266,片木脳神経外科,2,1,2,0,0,0,1,0,,,,,
0228332,医療法人平成会 山内病院,1,0,0,1,0,0,0,0,,,,,
0310379,医療法人徳洲会　宇和島徳洲会病院,1,1,1,0,0,0,1,0,,,,,
0310494,宇和島市立津島病院,1,1,1,0,0,0,1,0,,,,,
0310502,宇和島市立吉田病院,1,0,0,1,0,0,0,0,,,,,
0310510,市立宇和島病院,2,3,2,0,0,1,2,0,,,,,
0310601,鎌野病院,2,1,0,1,0,0,0,1,,,,,
0318067,独立行政法人地域医療機能推進機構 宇和島病院,1,1,1,0,0,0,1,0,,,,,
0410039,医療法人青峰会 真網代くじらリハビリテーション病院,1,0,0,1,0,0,0,0,,,,,
0410104,矢野脳神経外科医院,1,1,0,1,0,0,0,1,,,,,
0410187,市立八幡浜総合病院,1,1,1,0,0,0,1,0,,,,,
0410351,宇都宮病院,1,0,0,1,0,0,0,0,,,,,
0428155,医療法人広仁会 広瀬病院,1,0,0,1,0,0,0,0,,,,,
0510275,すみ整形外科リハビリ科,0,1,0,0,0,0,0,1,,,,,
0510796,住友別子病院,2,2,2,0,0,1,1,0,,,,,
0510937,中萩診療所,1,0,0,1,0,0,0,0,,,,,
0518047,独立行政法人労働者健康安全機構愛媛労災病院,1,1,1,0,0,0,1,0,,,,,
0518062,愛媛県立新居浜病院,2,1,2,0,0,1,0,0,,,,,
0528111,新居浜山内病院,1,0,0,0,1,0,0,0,,,,,
0528145,新居浜協立病院,1,0,0,1,0,0,0,0,,,,,
0528186,一般財団法人積善会十全総合病院,1,1,1,0,0,1,0,0,,,,,
0528251,医療法人社団久和会 立花病院,1,1,0,1,0,0,0,1,,,,,
0528301,岩﨑病院,1,0,0,1,0,0,0,0,,,,,
0610331,西条市立周桑病院,1,1,1,0,0,0,1,0,,,,,
0610380,福田医院,1,0,0,1,0,0,0,0,,,,,
0610604,西条市民病院,1,0,1,0,0,0,0,0,,,,,
0610679,渡部病院,1,1,1,0,0,0,0,1,,,,,
0628077,社会医療法人社団更生会 村上記念病院,1,1,1,0,0,0,1,0,,,,,
0628119,西条愛寿会病院,1,0,0,1,0,0,0,0,,,,,
0628135,西条中央病院,1,1,1,0,0,0,1,0,,,,,
0628143,社会福祉法人恩賜財団済生会 西条病院,1,1,1,0,0,0,1,0,,,,,
0710404,市立大洲病院,1,1,1,0,0,0,1,0,,,,,
0710693,喜多医師会病院,1,1,1,0,0,0,1,0,,,,,
0728117,大洲中央病院,1,1,1,0,0,1,0,0,,,,,
0728141,大洲記念病院,1,1,0,1,0,0,1,0,,,,,
0810055,長谷川病院,1,0,0,1,0,0,0,0,,,,,
0818017,公立学校共済組合四国中央病院,2,1,1,0,1,0,1,0,,,,,
0910152,栗整形外科病院,1,1,0,1,0,0,1,0,,,,,
0918023,一般財団法人新居浜精神衛生研究所附属豊岡台病院,1,0,0,1,0,0,0,0,,,,,
0928105,医療法人康仁会 西岡病院,1,1,0,0,1,0,0,1,,,,,
0928113,医療法人社団恵仁会三島クリニック,1,0,0,1,0,0,0,0,,,,,
1028160,伊予病院,1,0,0,1,0,0,0,0,,,,,
1110141,北条病院,1,1,0,1,0,0,0,1,,,,,
1228042,共立病院,1,0,0,1,0,0,0,0,,,,,
1310246,社会医療法人石川記念会ＨＩＴＯ病院,2,1,1,1,0,1,0,0,,,,,
1410327,西予市立西予市民病院,1,1,1,0,0,0,1,0,,,,,
1510068,愛媛県立子ども療育センター,1,0,0,1,0,0,0,0,,,,,
3028051,松風病院,1,0,0,0,0,0,0,0,,,,,
3028085,医療法人慶尚会 恵康病院,1,1,0,1,0,0,0,1,,,,,
3110081,横山病院,1,0,0,1,0,0,0,0,,,,,
3210162,大三島中央病院,1,0,0,1,0,0,0,0,,,,,
3228164,波方中央病院,1,0,0,1,0,0,0,0,,,,,
3310111,池川内科・神経内科,1,0,0,1,0,0,0,0,,,,,
3328121,愛媛十全医療学院附属病院,1,1,0,1,0,0,1,0,,,,,
3328147,重信クリニック,1,0,0,1,0,0,0,0,,,,,
3410069,国民健康保険 久万高原町立病院,1,0,1,0,0,0,0,0,,,,,
3510355,医療法人武智ひ尿器科・内科,1,0,0,1,0,0,0,0,,,,,
3528084,医療法人誠志会 砥部病院,1,1,1,0,0,0,1,0,,,,,
3610023,土居内科外科医院,1,1,0,1,0,0,0,1,,,,,
3610205,加戸病院,1,1,0,1,0,0,0,1,,,,,
3710138,三瓶病院,1,1,1,0,0,0,1,0,,,,,
3710153,伊方町国民健康保険瀬戸診療所,1,0,0,1,0,0,0,0,,,,,
3810094,かどた医院,1,0,0,1,0,0,0,0,,,,,
3910027,いわむらクリニック,1,0,0,1,0,0,0,0,,,,,
3910274,旭川荘南愛媛病院,1,0,0,1,0,0,0,0,,,,,
3910365,鬼北町立北宇和病院,1,0,0,1,0,0,0,0,,,,,
4010009,愛媛県立南宇和病院,1,1,1,0,0,0,1,0,,,,,
4010074,西本病院,1,1,0,1,0,0,0,1,,,,,
8010021,独立行政法人国立病院機構 愛媛医療センター,1,1,1,0,0,0,1,0,,,,,
8010054,独立行政法人国立病院機構四国がんセンター,5,2,3,2,0,1,1,0,,,16972.0,4243.0,VERIFIED_NUMERIC
0114510,社会医療法人春回会　井上病院,2,1,2,0,0,0,1,0,,,,,
0115954,宗教法人聖フランシスコ病院会　聖フランシスコ病院,1,1,1,0,0,0,1,0,,,,,
0118214,長崎記念病院,1,1,1,0,0,0,1,0,,,,,
0119634,社会医療法人健友会　上戸町病院,1,1,1,0,0,0,0,1,,,,,
0120285,小江原中央病院,1,0,0,1,0,0,0,0,,,,,
0122034,長崎掖済会病院,1,1,1,0,0,0,1,0,,,,,
0123164,医療法人保善会　田上病院,1,1,1,0,0,0,1,0,,,,,
0125458,一般社団法人是真会　長崎リハビリテーション病院,1,0,0,1,0,0,0,0,,,,,
0128155,医療法人和仁会　和仁会病院,1,1,0,1,0,0,1,0,,,,,
0128684,医療法人稲仁会　三原台病院,1,1,0,1,0,0,1,0,,,,,
0128718,医療法人　光晴会病院,1,0,1,0,0,0,0,0,,,,,
0129575,医療法人昭和会　昭和会病院,1,1,1,0,0,0,1,0,,,,,
0150431,医療法人厚生会　虹が丘病院,1,0,0,1,0,0,0,0,,,,,
0160521,医療法人衆和会　長崎腎病院,1,0,1,0,0,0,0,0,,,,,
0161891,たちばなベイクリニック,1,0,0,1,0,0,0,0,,,,,
0162006,南長崎クリニック,1,0,0,1,0,0,0,0,,,,,
0162279,医療法人宏友会　さとう内科医院,1,0,0,1,0,0,0,0,,,,,
0162659,医療法人恵会　光風台病院,1,0,0,1,0,0,0,0,,,,,
0162899,医療法人社団　平松クリニック,1,0,0,1,0,0,0,0,,,,,
0163566,医療法人緑風会　長崎みどり病院,1,0,1,0,0,0,0,0,,,,,
0163889,医療法人健正会　大久保病院,1,0,1,0,0,0,0,0,,,,,
0164747,医療法人　三宅脳神経外科医院,1,1,0,1,0,0,1,0,,,,,
0165306,矢上藤尾大坪外科胃腸科,1,0,0,1,0,0,0,0,,,,,
0165991,出口外科眼科医院,1,0,0,1,0,0,0,0,,,,,
0166049,共立耳鼻咽喉科,1,0,0,0,0,0,0,0,,,,,
0166866,ながさきハートクリニック,1,0,1,0,0,0,0,0,,,,,
0167047,ニュー琴海病院,1,1,0,1,0,0,1,0,,,,,
0167062,医療法人社団健昌会　新里クリニック浦上,1,0,1,0,0,0,0,0,,,,,
0167542,出島病院,1,0,0,0,1,0,0,0,,,,,
0167781,重工記念長崎病院,1,1,1,0,0,1,0,0,,,,,
0168284,ほんだ内科・内視鏡クリニック,1,0,0,1,0,0,0,0,,,,,
0168375,ながさき内科・リウマチ科医院,1,1,0,1,0,0,0,1,,,,,
0210243,燿光リハビリテーション病院,1,0,1,0,0,0,0,0,,,,,
0211340,特定医療法人雄博会 千住病院,1,0,1,0,0,0,0,0,,,,,
0222271,医療法人是心会　久保内科病院,1,0,0,1,0,0,0,0,,,,,
0224608,医療法人誠医会　川冨内科医院,1,0,1,0,0,0,0,0,,,,,
0225001,佐世保記念病院,1,0,1,0,0,0,0,0,,,,,
0225498,医療法人社団平世会　村上医院,1,0,1,0,0,0,0,0,,,,,
0225605,医療法人英尚会　中村内科,1,0,0,1,0,0,0,0,,,,,
0225613,医療法人光省会　福田外科病院,1,1,1,0,0,0,1,0,,,,,
0225837,日宇記念医院,1,0,0,1,0,0,0,0,,,,,
0225910,医療法人愛健会　愛健医院,1,1,0,1,0,0,0,1,,,,,
0225951,医療法人社団　石坂脳神経外科,1,2,1,0,0,0,2,0,,,,,
0225985,サン・レモ リハビリ病院,1,0,0,1,0,0,0,0,,,,,
0226074,いちょうクリニック,1,0,0,0,1,0,0,0,,,,,
0226249,社会医療法人財団白十字会佐世保中央病院,3,2,1,1,0,1,1,0,,,,,
0226892,医療法人わかば会　俵町浜野病院,1,0,1,0,0,0,0,0,,,,,
0227031,医療法人アリス会　京町病院,2,0,0,1,0,0,0,0,,,,,
0227072,しもまえ泌尿器科クリニック,1,0,0,1,0,0,0,0,,,,,
0227080,医療法人　田渕医院,1,0,0,1,0,0,0,0,,,,,
0227221,宮原医院,1,0,0,0,0,0,0,0,,,,,
0227270,医療法人 増田整形外科,0,1,0,0,0,0,0,1,,,,,
0227726,医療法人かえで 溝口内科・呼吸器内科,1,0,0,0,1,0,0,0,,,,,
0228039,佐世保国際通り病院,1,0,1,0,0,0,0,0,,,,,
0320398,柴田長庚堂病院,1,1,0,1,0,0,1,0,,,,,
0320489,新生病院,1,0,0,0,1,0,0,0,,,,,
0320802,池田病院,1,0,1,0,0,0,0,0,,,,,
0320984,医療法人社団兼愛会　前田医院,1,0,0,1,0,0,0,0,,,,,
0321123,医療法人社団威光会　松岡病院,1,1,0,1,0,0,1,0,,,,,
0321214,医療法人 重眞会 木下内科医院,1,0,0,1,0,0,0,0,,,,,
0321412,島原整形外科西村クリニック,1,1,0,0,1,0,0,1,,,,,
0411056,諫早記念病院,1,1,1,0,0,0,1,0,,,,,
0411619,社会医療法人三佼会　宮崎病院,1,1,1,0,0,0,1,0,,,,,
0412104,医療法人祥仁会　西諫早病院,1,1,0,1,0,0,1,0,,,,,
0421113,医療法人和光会　恵寿病院,1,0,0,1,0,0,0,0,,,,,
0421766,橋爪外科胃腸科医院,1,0,0,1,0,0,0,0,,,,,
0422004,医療法人社団尚整会　菅整形外科病院,1,1,0,1,0,0,1,0,,,,,
0422418,江藤外科消化器科医院,1,0,0,1,0,0,0,0,,,,,
0423275,山﨑病院,1,0,0,1,0,0,0,0,,,,,
0511012,医療法人慧明会　貞松病院,1,1,0,1,0,0,1,0,,,,,
0511079,中澤病院,1,0,0,1,0,0,0,0,,,,,
0521458,平松整形外科医院,0,1,0,0,0,0,0,1,,,,,
0521466,南野病院,1,0,0,1,0,0,0,0,,,,,
0521565,牧山医院,1,0,0,1,0,0,0,0,,,,,
0521664,伊崎脳神経外科・内科,1,1,0,1,0,0,1,0,,,,,
0620524,聖マリア病院,1,0,0,1,0,0,0,0,,,,,
0620672,医療法人社団厚善会　郡家病院,1,0,0,0,0,0,0,0,,,,,
0720324,柿添病院,1,1,1,0,0,0,0,1,,,,,
0820447,医療法人長愛会　菊地病院,1,0,0,1,0,0,0,0,,,,,
0820652,押渕医院,1,0,0,1,0,0,0,0,,,,,
1112026,長崎百合野病院,1,1,1,0,0,0,1,0,,,,,
1121936,清水病院,2,1,2,0,0,0,1,0,,,,,
1122355,医療法人社団淳生会　慈恵病院,1,0,1,0,0,0,0,0,,,,,
1122728,医療法人 平成会 女の都病院,1,0,0,1,0,0,0,0,,,,,
1122850,森の木脳神経脊髄外科,1,2,0,1,0,1,0,1,,,,,
1123239,長崎友愛病院,1,0,0,1,0,0,0,0,,,,,
1123270,長崎整形外科よつ葉クリニック,0,1,0,0,0,0,0,1,,,,,
1123312,医療法人外海弘仁会　日浦病院,1,1,0,1,0,0,1,0,,,,,
1123411,長崎けやき医院,1,0,0,0,0,0,0,0,,,,,
1123429,医療法人常葉会　長与病院,1,0,0,1,0,0,0,0,,,,,
1123569,近藤医院,1,0,0,1,0,0,0,0,,,,,
1123866,医療法人暁会 安永脳神経外科,1,2,0,1,0,0,2,0,,,,,
1123965,長崎北病院,2,1,0,1,0,1,0,0,,,,,
1124310,医療法人徳洲会　長崎北徳洲会病院,1,1,1,0,0,0,1,0,,,,,
1210697,波佐見病院,1,0,0,0,1,0,0,0,,,,,
1320397,医療法人社団大塚会　唐比病院,1,0,0,0,0,0,0,0,,,,,
1320520,医療法人二輝会 佐藤病院,1,0,0,1,0,0,0,0,,,,,
1420080,哲翁病院,1,0,0,1,0,0,0,0,,,,,
1421484,愛野記念病院,1,2,1,0,0,0,2,0,,,,,
1421963,泉川病院,1,1,1,0,0,0,1,0,,,,,
1422045,医療法人有隣会　貴田神経内科・呼吸器科・内科病院,1,1,0,0,1,0,1,0,,,,,
1422102,医療法人南風会　浦上病院,1,0,0,0,1,0,0,0,,,,,
1422227,医療法人　弘池会　口之津病院,1,1,0,0,1,0,0,1,,,,,
1422698,菜の花クリニック,1,0,0,0,1,0,0,0,,,,,
1511458,青洲会病院,1,1,1,0,0,0,1,0,,,,,
1521184,医療法人十全会　潜竜徳田循環器科内科整形外科病院,1,0,0,1,0,0,0,0,,,,,
1521366,医療法人裕光会　谷川病院,1,0,1,0,0,0,0,0,,,,,
1720356,品川病院,1,0,0,0,1,0,0,0,,,,,
1720430,光武内科循環器科病院,1,1,1,0,0,0,1,0,,,,,
8010058,独立行政法人国立病院機構　長崎病院,1,1,0,1,0,0,1,0,,,,,
8010066,独立行政法人国立病院機構　長崎医療センター,5,2,4,1,0,1,1,0,,,20701.0,7479.0,VERIFIED_NUMERIC
8010132,長崎大学病院,6,4,5,0,0,3,1,0,,,34496.0,11769.0,VERIFIED_NUMERIC
8010165,独立行政法人国立病院機構　長崎川棚医療センター,2,1,1,0,1,0,1,0,,,,,
8110015,独立行政法人労働者健康安全機構　長崎労災病院,1,2,1,0,0,1,1,0,,,,,
8110031,国家公務員共済組合連合会　佐世保共済病院,1,2,1,0,0,0,2,0,,,,,
8110379,長崎県立こども医療福祉センター,1,0,0,1,0,0,0,0,,,,,
8111047,社会福祉法人十善会　十善会病院,1,1,1,0,0,0,1,0,,,,,
8111393,独立行政法人地域医療機能推進機構　諫早総合病院,4,2,2,2,0,1,1,0,,,,,
8113035,市立大村市民病院,1,1,1,0,0,0,1,0,,,,,
8113241,日本赤十字社長崎原爆病院,2,1,1,1,0,1,0,0,,,,,
8113308,社会福祉法人恩賜財団済生会支部済生会長崎病院,2,1,2,0,0,0,1,0,,,,,
8123372,小値賀町国民健康保険診療所,1,0,0,1,0,0,0,0,,,,,
8123604,国民健康保険平戸市民病院,1,1,1,0,0,0,1,0,,,,,
8123695,公立小浜温泉病院,1,1,1,0,0,0,1,0,,,,,
8124230,地方独立行政法人　北松中央病院,1,1,1,0,0,0,1,0,,,,,
8124248,日本赤十字社長崎原爆諫早病院,1,1,1,0,0,0,1,0,,,,,
8124305,平戸市立生月病院,1,0,0,1,0,0,0,0,,,,,
8124438,長崎県上五島病院,1,1,1,0,0,0,1,0,,,,,
8124446,長崎県富江病院,1,0,0,1,0,0,0,0,,,,,
8124487,長崎県五島中央病院,2,1,2,0,0,0,1,0,,,,,
8124495,長崎県上対馬病院,1,0,1,0,0,0,0,0,,,,,
8124529,長崎県島原病院,2,2,1,1,0,1,1,0,,,,,
8124602,長崎県五島中央病院附属診療所奈留医療センター,1,0,0,1,0,0,0,0,,,,,
8124636,長崎県壱岐病院,1,1,1,0,0,0,1,0,,,,,
8124651,長崎県対馬病院,2,1,2,0,0,0,1,0,,,,,
8124669,佐世保市総合医療センター　宇久診療所,1,0,0,1,0,0,0,0,,,,,
8124677,佐世保市総合医療センター,4,2,4,0,0,1,1,0,,,,,
8124727,独立行政法人地域医療機能推進機構　松浦中央病院,1,1,1,0,0,0,1,0,,,,,
0221927,三川内病院,1,0,1,0,0,0,0,0,,,,,
0114949,医療法人東陽会 東病院,1,0,0,1,0,0,0,0,,,,,
0116274,くわみず病院,1,0,1,0,0,0,0,0,,,,,
0116282,江南病院,1,1,1,0,0,0,1,0,,,,,
0116308,熊本内科病院,1,1,0,1,0,0,0,1,,,,,
0116431,杉村病院,1,2,1,0,0,1,1,0,,,,,
0116704,九州記念病院,1,1,1,0,0,0,1,0,,,,,
0117108,医療法人金澤会 青磁野リハビリテーション病院,1,1,1,0,0,0,1,0,,,,,
0117280,桜十字病院,1,1,1,0,0,0,1,0,,,,,
0118080,水前寺とうや病院,1,0,1,0,0,0,0,0,,,,,
0118338,くまもと在宅支援病院,1,0,0,1,0,0,0,0,,,,,
0118528,くまもと成城病院,1,0,1,0,0,0,0,0,,,,,
0119104,成尾整形外科病院,1,1,1,0,0,0,1,0,,,,,
0119328,一般社団法人 熊本市医師会 熊本地域医療センター,2,2,2,0,0,1,1,0,,,,,
0119468,熊本機能病院,1,2,1,0,0,1,1,0,,,,,
0119625,御幸病院,1,0,1,0,0,0,0,0,,,,,
0119872,朝日野総合病院,2,1,2,0,0,0,1,0,,,,,
0120581,あけぼのクリニック,1,0,0,1,0,0,0,0,,,,,
0120656,比企病院,2,0,0,2,0,0,0,0,,,,,
0120730,西日本病院,1,1,1,0,0,1,0,0,,,,,
0120821,上熊本内科,1,0,0,0,1,0,0,0,,,,,
0120896,石川整形外科リウマチ科,0,1,0,0,0,0,0,1,,,,,
0120995,緒方脳神経外科医院,1,0,0,1,0,0,0,0,,,,,
0121373,あきた病院,1,0,0,1,0,0,0,0,,,,,
0121472,菊南病院,1,0,0,1,0,0,0,0,,,,,
0121480,寺尾病院,1,1,1,0,0,0,1,0,,,,,
0121605,服部胃腸科,1,0,0,1,0,0,0,0,,,,,
0121621,八景水谷クリニック,1,0,0,1,0,0,0,0,,,,,
0121803,医療法人社団青葉会 石神クリニック,1,0,0,0,1,0,0,0,,,,,
0122223,川野病院,1,0,0,1,0,0,0,0,,,,,
0122413,鳥谷医院,1,0,0,0,0,0,0,0,,,,,
0122496,鶴田病院,1,0,1,0,0,0,0,0,,,,,
0122553,山口病院,1,0,0,0,0,0,0,0,,,,,
0122561,アラキ整形外科,0,1,0,0,0,0,0,1,,,,,
0122991,天神内科医院,1,0,0,1,0,0,0,0,,,,,
0123197,くまもと乳腺外科病院,1,0,1,0,0,0,0,0,,,,,
0123387,柴田内科・柴田整形外科,1,0,0,0,0,0,0,0,,,,,
0123478,帯山中央病院,1,0,0,1,0,0,0,0,,,,,
0123668,陣内病院,1,1,1,0,0,0,1,0,,,,,
0124351,石原・伊牟田内科,1,0,0,1,0,0,0,0,,,,,
0124518,下田内科クリニック,1,0,0,1,0,0,0,0,,,,,
0124617,本庄内科病院,1,0,0,1,0,0,0,0,,,,,
0125044,くまもと成仁病院,1,0,0,1,0,0,0,0,,,,,
0125341,北部病院,1,0,0,1,0,0,0,0,,,,,
0125622,熊本放射線外科,1,1,0,1,0,0,1,0,,,,,
0125770,熊本泌尿器科病院,1,0,0,1,0,0,0,0,,,,,
0125804,田上心臓リハビリテーション病院,1,0,0,1,0,0,0,0,,,,,
0126083,表参道吉田病院,1,0,1,0,0,0,0,0,,,,,
0126406,北部脳神経外科・神経内科,1,1,1,0,0,0,1,0,,,,,
0126612,松元整形・外科,1,0,0,1,0,0,0,0,,,,,
0126844,中村整形外科,1,1,0,1,0,0,0,1,,,,,
0127651,医療法人保田窪会 保田窪整形外科病院,1,1,0,1,0,0,1,0,,,,,
0127925,十善病院,1,0,1,0,0,0,0,0,,,,,
0128006,伊東歯科口腔病院,1,0,0,0,0,0,0,0,,,,,
0128170,くまもと南部広域病院,1,1,1,0,0,0,1,0,,,,,
0128188,小林病院,1,0,0,1,0,0,0,0,,,,,
0128196,ひかりテラス病院,1,0,0,1,0,0,0,0,,,,,
0128691,熊本脳神経外科病院,1,1,1,0,0,1,0,0,,,,,
0128915,平成とうや病院,1,0,0,1,0,0,0,0,,,,,
0310521,万江病院,1,0,0,1,0,0,0,0,,,,,
0310554,愛生記念病院,1,1,1,0,0,0,0,1,,,,,
0310612,岡医院,1,1,0,1,0,0,0,1,,,,,
0310885,豊永耳鼻咽喉科医院,1,0,0,1,0,0,0,0,,,,,
0310927,外山胃腸病院,1,0,1,0,0,0,0,0,,,,,
0311172,堤病院,1,0,0,1,0,0,0,0,,,,,
0311339,光永医院,1,0,0,1,0,0,0,0,,,,,
0311347,人吉リハビリテーション病院,1,0,0,0,1,0,0,0,,,,,
0410651,新生翠病院,1,0,1,0,0,0,0,0,,,,,
0410859,荒尾中央病院,1,0,0,1,0,0,0,0,,,,,
0410933,関整形外科,1,1,0,1,0,0,0,1,,,,,
0411014,医療法人社団 荒尾クリニック,1,0,0,1,0,0,0,0,,,,,
0411022,藤枝医院,1,0,0,1,0,0,0,0,,,,,
0411071,伊藤医院,1,0,0,1,0,0,0,0,,,,,
0411410,山田クリニック,1,0,0,1,0,0,0,0,,,,,
0411428,西整形外科医院,0,1,0,0,0,0,0,1,,,,,
0411469,荒尾脳神経外科医院,1,1,0,0,1,0,0,1,,,,,
0411576,西原クリニック,1,0,0,1,0,0,0,0,,,,,
0510443,岡部病院,1,1,1,0,0,0,0,1,,,,,
0510625,水俣協立病院,1,0,0,1,0,0,0,0,,,,,
0510724,医療法人啓愛会 白梅病院,1,0,0,1,0,0,0,0,,,,,
0510732,山田クリニック,1,0,0,0,1,0,0,0,,,,,
1110854,みどりかわクリニック,1,0,0,1,0,0,0,0,,,,,
1310017,山鹿中央病院,1,1,1,0,0,0,1,0,,,,,
1310041,保利病院,1,1,0,1,0,0,1,0,,,,,
1310181,山鹿温泉リハビリテーション病院,1,1,0,1,0,0,0,1,,,,,
1310298,三森循環器科・呼吸器科病院,1,0,0,1,0,0,0,0,,,,,
1310470,大橋通クリニック,1,0,0,1,0,0,0,0,,,,,
1410197,宇城総合病院,1,1,0,1,0,0,1,0,,,,,
1410478,あおば病院,1,0,0,1,0,0,0,0,,,,,
1410619,医療法人one happiness 県南髙木クリニック,1,0,0,1,0,0,0,0,,,,,
1410627,桜十字熊本宇城病院,1,0,0,1,0,0,0,0,,,,,
1510020,大阿蘇病院,1,0,0,1,0,0,0,0,,,,,
1510079,阿蘇温泉病院,1,0,0,1,0,0,0,0,,,,,
1610044,菊池中央病院,1,0,0,1,0,0,0,0,,,,,
1610069,菊池郡市医師会立病院,1,1,1,0,0,1,0,0,,,,,
1610317,岸病院,1,0,0,1,0,0,0,0,,,,,
1610432,川口病院,1,0,0,1,0,0,0,0,,,,,
1710125,桜十字八代病院,1,0,0,1,0,0,0,0,,,,,
1710133,桜十字八代リハビリテーション病院,1,1,0,0,1,0,0,1,,,,,
1710257,八代敬仁病院,1,0,0,1,0,0,0,0,,,,,
1710588,あらき整形外科医院,0,1,0,0,0,0,0,1,,,,,
1711180,松本医院,1,0,0,0,1,0,0,0,,,,,
1711321,右田クリニック,1,0,0,1,0,0,0,0,,,,,
1711370,鶴田胃腸科内科,2,0,1,1,0,0,0,0,,,,,
1711594,ひらきクリニック,1,0,0,0,1,0,0,0,,,,,
1810222,医療法人悠紀会病院,1,0,1,0,0,0,0,0,,,,,
1810602,小田整形外科医院,0,1,0,0,0,0,0,1,,,,,
1810651,大塚医院,1,0,0,1,0,0,0,0,,,,,
1910063,平瀬内科医院,1,0,0,1,0,0,0,0,,,,,
1910196,合志第一病院,1,0,0,1,0,0,0,0,,,,,
2010103,天草第一病院,1,1,1,0,0,0,1,0,,,,,
2010145,一般社団法人天草郡市医師会立天草地域医療センター,3,2,2,1,0,1,1,0,,,,,
2010293,ニュー天草病院,1,0,0,1,0,0,0,0,,,,,
2010475,小松医院,1,0,0,1,0,0,0,0,,,,,
2010517,医療法人社団福本会 福本病院,1,0,0,1,0,0,0,0,,,,,
2010590,天草厚生病院,1,0,0,1,0,0,0,0,,,,,
2010665,天草セントラル病院,1,0,0,1,0,0,0,0,,,,,
2311220,くまもと温石病院,1,0,0,1,0,0,0,0,,,,,
2311774,間部病院,1,0,0,1,0,0,0,0,,,,,
2410873,有明成仁病院,1,0,0,1,0,0,0,0,,,,,
2611140,熊本リハビリテーション病院,1,1,1,0,0,1,0,0,,,,,
2611272,菊陽台病院,1,1,0,1,0,0,0,1,,,,,
2611496,熊本セントラル病院,1,1,1,0,0,1,0,0,,,,,
2611694,樽美外科整形外科医院,0,1,0,0,0,0,0,1,,,,,
2611736,阿梨花病院大津,1,0,0,1,0,0,0,0,,,,,
2611777,ふくだ医院,1,0,0,1,0,0,0,0,,,,,
2611991,宮本内科医院,1,0,0,1,0,0,0,0,,,,,
2612338,東熊本第二病院,1,0,0,1,0,0,0,0,,,,,
2612544,大津中村整形外科,1,1,0,1,0,0,0,1,,,,,
2711114,阿蘇立野病院,1,1,1,0,0,0,0,1,,,,,
2810684,医療法人荒瀬会 荒瀬病院,1,0,0,1,0,0,0,0,,,,,
2810692,矢部広域病院,1,1,0,1,0,0,0,1,,,,,
2810718,谷田病院,1,0,0,1,0,0,0,0,,,,,
2810809,リハビリテーションセンター 熊本回生会病院,1,1,0,1,0,0,1,0,,,,,
2811013,さくら病院,1,0,0,1,0,0,0,0,,,,,
2811039,藤岡医院,1,0,0,1,0,0,0,0,,,,,
2811096,瀬戸病院,1,0,0,1,0,0,0,0,,,,,
2811153,たかぞえ内科循環器内科クリニック,1,0,0,1,0,0,0,0,,,,,
2811195,野田医院,1,0,0,0,1,0,0,0,,,,,
2811260,小糸整形外科,0,1,0,0,0,0,0,1,,,,,
2911011,八代北部地域医療センター,1,0,0,1,0,0,0,0,,,,,
3010359,くまもと芦北療育医療センター,1,0,0,1,0,0,0,0,,,,,
3010557,芦北整形外科医院,1,0,0,1,0,0,0,0,,,,,
3010631,医療法人社団 弘翔会 井上医院,1,0,0,1,0,0,0,0,,,,,
3010680,宮島医院,1,0,0,1,0,0,0,0,,,,,
3110837,誠心会東病院,1,0,0,1,0,0,0,0,,,,,
3211361,天草郡市医師会立 苓北医師会病院,1,0,1,0,0,0,0,0,,,,,
3211809,天草慈恵病院,1,1,1,0,0,0,0,1,,,,,
7110031,くまもと令和クリニック,1,0,0,0,1,0,0,0,,,,,
7110130,熊本託麻台リハビリテーション病院,1,1,1,0,0,0,1,0,,,,,
7110148,医療法人継匠会 上村内科クリニック,1,0,0,1,0,0,0,0,,,,,
7110445,くまもと森都総合病院,1,1,0,1,0,1,0,0,,,,,
7110460,大腸肛門病センター高野病院,1,0,1,0,0,0,0,0,,,,,
7110718,熊本整形外科病院,1,2,1,0,0,1,1,0,,,,,
7210260,東熊クリニック,1,0,0,1,0,0,0,0,,,,,
7210278,えず総合診療所,1,0,1,0,0,0,0,0,,,,,
7310144,上代成城病院,1,0,0,1,0,0,0,0,,,,,
7310169,熊本田崎クリニック,1,0,0,1,0,0,0,0,,,,,
7410027,医療法人 憲和会 南部中央病院,1,1,0,1,0,0,0,1,,,,,
7410084,医療法人 相生会 にしくまもと病院,1,1,1,0,0,0,1,0,,,,,
8110477,独立行政法人国立病院機構熊本再春医療センター,1,1,1,0,0,0,1,0,,,,,
8110485,独立行政法人国立病院機構熊本南病院,1,1,1,0,0,0,1,0,,,,,
8110501,独立行政法人国立病院機構熊本医療センター,3,2,3,0,0,1,1,0,,,,,
8111269,熊本大学病院,6,4,3,0,0,4,0,0,,,23771.0,9296.0,VERIFIED_NUMERIC
8112143,独立行政法人国立病院機構菊池病院,1,1,0,1,0,0,1,0,,,,,
8112291,国立療養所菊池恵楓園,1,0,0,1,0,0,0,0,,,,,
8210046,国民健康保険 和水町立病院,1,0,1,0,0,0,0,0,,,,,
8210053,山都町包括医療センターそよう病院,1,1,0,1,0,0,0,1,,,,,
8210061,国民健康保険 天草市立 河浦病院,1,0,0,1,0,0,0,0,,,,,
8210079,熊本赤十字病院,4,3,4,0,0,1,2,0,,,25448.0,9223.0,VERIFIED_NUMERIC
8210095,山鹿市民医療センター,1,1,1,0,0,0,1,0,,,,,
8210327,熊本市立熊本市民病院,3,2,2,1,0,1,1,0,,,,,
8210533,荒尾市立有明医療センター,2,1,2,0,0,0,1,0,,,,,
8210558,阿蘇医療センター,1,1,1,0,0,0,1,0,,,,,
8210723,熊本中央病院,2,2,2,0,0,1,1,0,,,,,
8210749,小国公立病院,1,1,1,0,0,0,0,1,,,,,
8210947,独立行政法人労働者健康安全機構熊本労災病院,2,2,2,0,0,1,1,0,,,,,
8210962,熊本県こども総合療育センター,1,0,0,1,0,0,0,0,,,,,
8210988,国保水俣市立総合医療センター,2,2,2,0,0,1,1,0,,,,,
8211358,独立行政法人地域医療機能推進機構 熊本総合病院,2,2,2,0,0,1,1,0,,,,,
8211366,独立行政法人地域医療機能推進機構 人吉医療センター,3,2,2,0,0,1,1,0,,,,,
8211374,独立行政法人地域医療機能推進機構 天草中央総合病院,2,1,2,0,0,1,0,0,,,,,
8211564,天草市立 栖本病院,1,0,1,0,0,0,0,0,,,,,
8211689,上天草市立上天草総合病院,1,1,1,0,0,0,1,0,,,,,
8211770,国民健康保険 天草市立 新和病院,1,0,1,0,0,0,0,0,,,,,
8211911,済生会熊本病院,6,4,6,0,0,2,2,0,,,40149.0,9706.0,VERIFIED_NUMERIC
8212083,天草市立 牛深市民病院,1,1,1,0,0,0,1,0,,,,,
8212273,球磨郡公立多良木病院,1,1,1,0,0,0,1,0,,,,,
8212323,日本赤十字社熊本健康管理センター,1,1,1,0,0,0,1,0,,,25448.0,9223.0,VERIFIED_NUMERIC
8212331,済生会みすみ病院,1,1,1,0,0,0,1,0,,,,,
8212349,熊本市立植木病院,1,1,1,0,0,0,1,0,,,,,
8212356,くまもと県北病院,2,2,2,0,0,1,1,0,,,,,
0310539,医療法人朝日野会球磨病院,1,0,1,0,0,0,0,0,,,,,
0110365,土橋病院,1,0,0,1,0,0,0,0,,,,,
0110563,公益社団法人鹿児島共済会 南風病院,3,2,2,1,0,1,1,0,,,,,
0110811,桜島病院,1,0,0,1,0,0,0,0,,,,,
0110985,三船病院,1,0,0,1,0,0,0,0,,,,,
0111058,中江病院,1,0,1,0,0,0,0,0,,,,,
0111157,玉水会病院,1,0,1,0,0,0,0,0,,,,,
0112031,西田橋小田原病院,1,0,0,1,0,0,0,0,,,,,
0112072,上町いまきいれ病院,1,0,1,0,0,0,0,0,,,,,
0112387,共立病院,1,0,0,1,0,0,0,0,,,,,
0112528,鹿児島赤十字病院,1,1,1,0,0,0,1,0,,,,,
0112577,川島病院,1,0,0,1,0,0,0,0,,,,,
0113591,白石病院,1,0,0,1,0,0,0,0,,,,,
0114045,総合病院鹿児島生協病院,1,1,1,0,0,0,1,0,,,,,
0114391,中央病院,1,1,1,0,0,0,0,1,,,,,
0114953,伊敷病院,1,1,0,0,1,0,1,0,,,,,
0115141,前田病院,1,1,0,1,0,0,1,0,,,,,
0115513,大勝病院,1,1,0,1,0,1,0,0,,,,,
0115521,厚地脳神経外科病院,1,2,1,0,0,1,1,0,,,,,
0115851,小田原病院,1,0,0,0,1,0,0,0,,,,,
0115919,豊島病院,1,1,1,0,0,0,1,0,,,,,
0116230,今村総合病院,3,2,2,0,0,2,0,0,,,,,
0116305,鹿児島市医師会病院,1,1,1,0,0,0,1,0,,,,,
0116818,三宅病院,1,1,1,0,0,0,1,0,,,,,
0116883,三愛病院,1,1,0,1,0,0,1,0,,,,,
0118053,いまむら脳神経クリニック,1,0,0,1,0,0,0,0,,,,,
0118129,徳田・馬場クリニック,1,0,0,0,1,0,0,0,,,,,
0118137,放射線科田之畑クリニック,1,0,0,1,0,0,0,0,,,,,
0118319,安松整形外科,0,1,0,0,0,0,0,1,,,,,
0118491,かわもと記念クリニック,1,0,0,1,0,0,0,0,,,,,
0118749,新村病院,1,2,1,0,0,1,1,0,,,,,
0119267,上原クリニック,1,0,0,1,0,0,0,0,,,,,
0119531,小田代病院,1,1,0,1,0,0,0,1,,,,,
0119671,うすき整形・外科・内科病院,1,0,0,1,0,0,0,0,,,,,
0119739,いづろ今村病院,1,1,1,0,0,0,1,0,,,,,
0119788,鮫島病院,2,0,0,1,0,0,0,0,,,,,
0120265,橋口整形外科,0,1,0,0,0,0,0,1,,,,,
0120505,藤善整形外科,0,1,0,0,0,0,1,0,,,,,
0120687,相良病院,1,1,1,0,0,0,1,0,,,,,
0120851,パールランド病院,1,0,0,1,0,0,0,0,,,,,
0120885,天辰病院,1,0,0,1,0,0,0,0,,,,,
0121644,かねこクリニック,1,0,0,1,0,0,0,0,,,,,
0121891,中野脳神経外科,1,1,1,0,0,1,0,0,,,,,
0122246,岩尾病院,1,0,0,1,0,0,0,0,,,,,
0122410,医療法人さんクリニック竹ノ下,1,0,0,0,1,0,0,0,,,,,
0122949,あんびる病院,1,0,0,1,0,0,0,0,,,,,
0123004,河井脳神経外科,1,1,1,0,0,0,1,0,,,,,
0123459,吉田記念病院,1,0,0,1,0,0,0,0,,,,,
0123558,きいれ浜田クリニック,1,0,0,1,0,0,0,0,,,,,
0124408,さがらパース通りクリニック,1,0,0,1,0,0,0,0,,,,,
0124457,明輝会クリニック,1,0,0,1,0,0,0,0,,,,,
0124598,岡田・石堂クリニック,1,1,0,1,0,0,1,0,,,,,
0124630,かわはら脳神経外科クリニック,1,1,0,1,0,0,1,0,,,,,
0124655,三成会クリニック,1,0,0,1,0,0,0,0,,,,,
0124986,児玉整形外科クリニック,0,1,0,0,0,0,1,0,,,,,
0125181,上山病院,1,0,0,1,0,0,0,0,,,,,
0125595,南鹿児島さくら病院,1,0,0,1,0,0,0,0,,,,,
0125637,かごしま高岡病院,1,0,0,1,0,0,0,0,,,,,
0125934,健翔会病院,1,0,0,1,0,0,0,0,,,,,
0126312,仁愛会病院,1,1,0,1,0,0,1,0,,,,,
0126395,米盛病院,4,1,4,0,0,1,0,0,,,,,
0126437,アクラス中央病院,1,1,1,0,0,0,1,0,,,,,
0126635,鹿児島市立病院,4,3,3,1,0,2,1,0,,,30719.0,22396.0,VERIFIED_NUMERIC
0126791,きいれセントラルクリニック,1,0,0,1,0,0,0,0,,,,,
0127062,厚地リハビリテーション病院,0,2,0,0,0,1,1,0,,,,,
0127393,鹿児島厚生連病院,3,1,3,0,0,0,1,0,,,,,
0127898,いまきいれ総合病院,3,2,3,0,0,1,1,0,,,,,
0128086,鹿児島徳洲会病院,2,1,2,0,0,0,0,1,,,,,
0128763,みらいリハビリテーション病院,1,1,0,1,0,0,1,0,,,,,
0310940,池田病院,1,1,1,0,0,1,0,0,,,,,
0310999,前田内科,1,0,0,1,0,0,0,0,,,,,
0311153,村上整形外科医院,0,1,0,0,0,0,0,1,,,,,
0311260,大隅鹿屋病院,2,1,2,0,0,1,0,0,,,,,
0311427,井ノ上病院,1,0,0,1,0,0,0,0,,,,,
0311443,徳田脳神経外科病院,1,2,1,0,0,0,2,0,,,,,
0311476,そえじまクリニック,1,0,0,1,0,0,0,0,,,,,
0311492,恒心会おぐら病院,1,1,1,0,0,0,1,0,,,,,
0311971,かのや東病院,1,1,0,1,0,0,0,1,,,,,
0312060,鹿屋ハートセンター,1,0,0,1,0,0,0,0,,,,,
0312177,検見崎クリニック,1,0,0,1,0,0,0,0,,,,,
0410070,小原病院,1,1,1,0,0,0,1,0,,,,,
0410112,枕崎市立病院,1,0,0,1,0,0,0,0,,,,,
0410260,久木田整形外科病院,0,1,0,0,0,0,0,1,,,,,
0410427,サザン・リージョン病院,1,1,1,0,0,0,1,0,,,,,
0410476,尾辻病院,1,0,0,1,0,0,0,0,,,,,
0610273,内山病院,1,0,0,1,0,0,0,0,,,,,
0610372,出水郡医師会広域医療センター,2,2,2,0,0,1,1,0,,,,,
0810113,出水総合医療センター,2,1,2,0,0,0,1,0,,,,,
0810451,吉井整形外科内科中央病院,1,1,1,0,0,0,1,0,,,,,
0811145,出水総合医療センター高尾野診療所,1,0,0,0,0,0,0,0,,,,,
1010259,指宿浩然会病院,1,0,1,0,0,0,0,0,,,,,
1010374,今林整形外科病院,1,1,0,0,1,0,1,0,,,,,
1010606,生駒外科医院,1,0,1,0,0,0,0,0,,,,,
1010705,指宿さがら病院,1,1,0,1,0,0,1,0,,,,,
1010853,指宿脳神経外科,1,1,0,0,1,0,1,0,,,,,
1011091,メディポリス国際陽子線治療センター,2,1,0,2,0,0,1,0,,,,,
1011133,山川病院,1,1,0,1,0,0,1,0,,,,,
1011281,肥後内科クリニック,1,0,0,1,0,0,0,0,,,,,
1310170,社会医療法人義順顕彰会 種子島医療センター,1,1,1,0,0,0,1,0,,,,,
1410186,垂水市立医療センター垂水中央病院,1,1,1,0,0,0,1,0,,,,,
1510019,森園病院,1,1,1,0,0,0,1,0,,,,,
1510027,永井病院,1,0,0,1,0,0,0,0,,,,,
1510043,医療法人恵愛会上村病院,1,0,1,0,0,0,0,0,,,,,
1510084,済生会川内病院,4,1,2,2,0,0,1,0,,,,,
1510415,川内市医師会立市民病院,2,1,1,0,1,0,1,0,,,,,
1510423,若松記念病院,1,0,0,1,0,0,0,0,,,,,
1510605,新門整形外科,1,1,0,1,0,0,1,0,,,,,
1510878,薩摩川内市下甑手打診療所,1,0,0,1,0,0,0,0,,,,,
1511306,おやまクリニック,1,0,0,1,0,0,0,0,,,,,
1511314,高江記念病院,1,0,0,1,0,0,0,0,,,,,
1511496,卓翔会記念病院,1,1,1,0,0,0,0,1,,,,,
1610025,馬場病院,1,1,0,1,0,0,1,0,,,,,
1610041,本庄病院,1,0,0,1,0,0,0,0,,,,,
1610199,湯田内科病院,1,0,1,0,0,0,0,0,,,,,
1610207,博悠会温泉病院,1,0,0,1,0,0,0,0,,,,,
1610306,守屋病院,1,0,0,1,0,0,0,0,,,,,
1610314,鹿児島こども病院,1,0,0,0,0,0,0,0,,,,,
1610330,じんごあん整形外科内科クリニック,1,1,1,0,0,0,0,1,,,,,
1610363,久保内科,1,0,0,1,0,0,0,0,,,,,
1610454,いじゅういん脳神経外科,1,1,0,1,0,0,1,0,,,,,
1610579,整形外科はやしだ病院,1,1,0,1,0,0,1,0,,,,,
1610652,前原総合医療病院,1,1,1,0,0,0,1,0,,,,,
1710106,曽於医師会立病院,1,1,1,0,0,0,1,0,,,,,
1710148,財部記念病院,1,0,0,1,0,0,0,0,,,,,
1710171,塩川医院,0,1,0,0,0,0,1,0,,,,,
1710270,昭南病院,1,1,1,0,0,0,1,0,,,,,
1710353,松岡救急クリニック分院,1,1,1,0,0,0,1,0,,,,,
1810187,金子病院,1,0,0,1,0,0,0,0,,,,,
1810203,えんでん内科クリニック,1,0,0,1,0,0,0,0,,,,,
1810229,いちき串木野市医師会立脳神経外科センター,1,1,0,1,0,0,1,0,,,,,
1810302,市来内科・ひふ科,1,0,0,1,0,0,0,0,,,,,
1810344,春田クリニック,1,1,1,0,0,0,0,1,,,,,
1910144,清水整形外科医院,1,1,0,0,1,0,1,0,,,,,
1910201,井料クリニック,1,1,0,1,0,0,1,0,,,,,
1910276,霧島記念病院,1,1,1,0,0,0,1,0,,,,,
1910342,中川整形外科,1,1,0,1,0,0,1,0,,,,,
1910359,国分中央病院,1,0,0,1,0,0,0,0,,,,,
1910433,医療法人仁心会　福山病院,1,0,0,1,0,0,0,0,,,,,
1910474,松下病院,1,0,0,1,0,0,0,0,,,,,
1910482,医療福祉センターオレンジ学園,1,0,1,0,0,0,0,0,,,,,
1910508,隼人温泉病院,1,0,0,1,0,0,0,0,,,,,
1910557,霧島桜ケ丘病院,1,0,0,1,0,0,0,0,,,,,
1910607,隼人小田原病院,1,0,0,1,0,0,0,0,,,,,
1910706,霧島杉安病院,1,1,0,1,0,0,1,0,,,,,
1910771,はやと整形外科,1,1,0,1,0,0,0,1,,,,,
1910797,霧島市立医師会医療センター,2,1,2,0,0,1,0,0,,,,,
1911068,清水内科,1,1,0,1,0,0,0,1,,,,,
1911407,国分生協病院,1,1,1,0,0,0,1,0,,,,,
1911449,国分脳神経外科病院,1,1,0,1,0,0,1,0,,,,,
2510737,クオラリハビリテーション病院,1,1,1,0,0,0,1,0,,,,,
2510893,薩摩郡医師会病院,1,1,1,0,0,0,1,0,,,,,
2610420,長島町国民健康保険鷹巣診療所,1,1,1,0,0,0,0,1,,,,,
2811200,あいらの森ホスピタル,1,1,0,1,0,0,1,0,,,,,
2911240,はるびゅうクリニック,1,0,0,1,0,0,0,0,,,,,
3010521,肝属郡医師会立病院,1,1,0,1,0,0,1,0,,,,,
3010554,肝付町立病院,1,0,0,1,0,0,0,0,,,,,
3010638,春陽会中央病院,1,1,0,1,0,0,1,0,,,,,
3110446,屋久島徳洲会病院,1,1,1,0,0,0,1,0,,,,,
3110578,公立種子島病院,1,0,1,0,0,0,0,0,,,,,
3110602,医療法人徳洲会　中種子クリニック,1,0,0,1,0,0,0,0,,,,,
3210634,宮上病院,1,1,0,1,0,0,1,0,,,,,
3210899,大蔵医院,1,0,0,1,0,0,0,0,,,,,
3210931,本部医院,1,0,0,1,0,0,0,0,,,,,
3210964,沖永良部徳洲会病院,1,1,1,0,0,0,1,0,,,,,
3211038,朝戸医院,1,0,0,1,0,0,0,0,,,,,
3211384,瀬戸内徳洲会病院,1,1,0,1,0,0,1,0,,,,,
3211590,瀬戸内町へき地診療所,1,0,0,1,0,0,0,0,,,,,
4010041,加世田病院,1,1,1,0,0,0,1,0,,,,,
4010140,徳久整形外科,0,1,0,0,0,0,0,1,,,,,
4010272,南さつま市立坊津病院,1,0,0,1,0,0,0,0,,,,,
4010389,小山クリニック,1,0,1,0,0,0,0,0,,,,,
4010470,加世田シティー内匠眼科,1,0,0,0,0,0,0,0,,,,,
4110221,藤後クリニック,1,0,0,1,0,0,0,0,,,,,
4110239,大山病院,1,0,0,0,1,0,0,0,,,,,
4110296,志布志中央クリニック,1,0,0,1,0,0,0,0,,,,,
4210070,大島郡医師会病院,1,0,0,1,0,0,0,0,,,,,
4210252,名瀬徳洲会病院,1,1,0,1,0,0,1,0,,,,,
4210278,医療法人奎英会　むかいクリニック,1,0,0,1,0,0,0,0,,,,,
4210401,奄美市笠利国民健康保険診療所,1,0,0,1,0,0,0,0,,,,,
4210542,笠利病院,1,0,0,1,0,0,0,0,,,,,
4210658,奄美中央病院,1,0,1,0,0,0,0,0,,,,,
4310045,中村温泉病院,1,0,0,1,0,0,0,0,,,,,
4310292,菊野病院,1,1,0,1,0,0,1,0,,,,,
4310300,南薩ケアほすぴたる,1,0,0,1,0,0,0,0,,,,,
4310409,笹川医院,1,0,0,1,0,0,0,0,,,,,
4310417,松岡救急クリニック,1,1,0,1,0,0,1,0,,,,,
4410043,寺田病院,1,1,1,0,0,0,1,0,,,,,
4410050,整形外科松元病院,0,1,0,0,0,0,0,1,,,,,
4410068,大口温泉リハビリテーション病院,1,1,1,0,0,0,1,0,,,,,
4410183,日高内科,1,0,0,1,0,0,0,0,,,,,
4410225,菱刈中央医院,1,0,0,1,0,0,0,0,,,,,
4510024,大井病院,1,1,1,0,0,0,1,0,,,,,
4510032,加治木温泉病院,1,1,0,1,0,0,1,0,,,,,
4510081,ザ王病院,1,0,0,1,0,0,0,0,,,,,
4510370,尾田内科胃腸科,1,0,0,1,0,0,0,0,,,,,
4510420,山下わたる内科,1,0,0,1,0,0,0,0,,,,,
4510503,錦江クリニック,1,0,0,0,1,0,0,0,,,,,
4510529,やなせ整形外科,1,1,0,1,0,0,0,1,,,,,
4510628,青雲会病院,2,1,2,0,0,1,0,0,,,,,
4510859,クオラリハビリテーション病院あいら,1,1,1,0,0,0,1,0,,,,,
4511014,加治木整形外科病院,1,1,0,1,0,0,1,0,,,,,
6010064,県立北薩病院,1,1,1,0,0,0,1,0,,,,,
6010072,県民健康プラザ鹿屋医療センター,1,1,1,0,0,0,1,0,,,,,
6010098,県立薩南病院,1,1,1,0,0,0,1,0,,,,,
8010039,独立行政法人国立病院機構鹿児島医療センター,3,2,2,0,0,1,1,0,,,,,
8010047,独立行政法人国立病院機構指宿医療センター,1,1,1,0,0,0,1,0,,,,,
8010120,独立行政法人国立病院機構南九州病院,2,1,2,0,0,0,1,0,,,,,
8010153,国立療養所奄美和光園,1,0,1,0,0,0,0,0,,,,,
8010161,国立療養所星塚敬愛園,2,0,0,1,0,0,0,0,,,,,
8010211,鹿児島大学病院,5,5,4,0,0,4,0,1,,,25495.0,8536.0,VERIFIED_NUMERIC
1710072,高原病院,2,0,0,1,0,0,0,0,,,,,
0110910,済生会鹿児島病院,1,0,0,1,0,0,0,0,,,,,
0112304,八反丸リハビリテーション病院,1,1,1,0,0,0,1,0,,,,,
0114805,やまびこ医療福祉センター,1,0,0,1,0,0,0,0,,,,,
0123632,木村外科内科,1,0,0,1,0,0,0,0,,,,,
0311864,黎明脳神経外科医院,1,1,0,1,0,0,1,0,,,,,
1810195,南洲整形外科病院,1,0,0,0,1,0,0,0,,,,,
3211376,与論徳洲会病院,1,1,0,1,0,0,1,0,,,,,
4010132,有馬病院,1,0,0,1,0,0,0,0,,,,,
4110429,医療法人共生会 びろうの樹,1,1,0,1,0,0,1,0,,,,,
6010056,鹿児島県立大島病院,3,1,3,0,0,0,1,0,,,,,
0100065,平和病院,1,1,0,1,0,0,1,0,,,,,
0100362,佐々木病院,1,1,0,1,0,0,1,0,,,,,
0102228,医療法人社団 片山整形外科記念病院,1,1,0,1,0,0,0,1,,,,,
0102798,汐田総合病院,2,1,1,1,0,0,1,0,,,,,
0104166,生麦病院,1,0,0,1,0,0,0,0,,,,,
0105197,ふれあい鶴見ホスピタル,1,1,0,0,1,0,1,0,,,,,
0110221,医療法人社団新東京石心会 横浜石心会病院,1,1,1,0,0,1,0,0,,,,,
0110536,医療法人社団協友会横浜鶴見リハビリテーション病院,1,0,0,1,0,0,0,0,,,,,
0200014,社会福祉法人恩賜財団済生会支部神奈川県済生会神奈川県病院,2,1,2,0,0,0,1,0,,,,,
0200071,古川病院,1,0,0,1,0,0,0,0,,,,,
0200220,大口東総合病院,1,0,1,0,0,0,0,0,,,,,
0203315,医療法人社団のう救会 脳神経外科東横浜病院,1,2,1,0,0,1,0,1,,,,,
0204925,新横浜リハビリテーション病院,1,0,0,0,1,0,0,0,,,,,
0210328,社会福祉法人 恩賜財団 済生会支部神奈川県済生会 東神奈川リハビリテーション病院,1,0,0,1,0,0,0,0,,,,,
9811373,横浜市立市民病院,4,3,3,1,0,1,2,0,,,30791.0,11700.0,VERIFIED_NUMERIC
0300970,医療法人明和会亀田病院,1,1,0,1,0,0,0,1,,,,,
0302224,一般財団法人神奈川県警友会 けいゆう病院,4,2,4,0,0,1,1,0,,,17284.0,6516.0,VERIFIED_NUMERIC
0302810,医療法人社団 善仁会 横浜第一病院,1,0,0,1,0,0,0,0,,,,,
0310730,医療法人 恵仁会 松島病院,1,0,1,0,0,0,0,0,,,,,
0400226,横浜掖済会病院,1,1,0,1,0,0,0,1,,,,,
0401034,医療法人鏡明会 石井耳鼻咽喉科診療所,1,0,0,0,0,0,0,0,,,,,
0401638,医療法人回生会 ふれあい横浜ホスピタル,1,1,0,0,1,0,1,0,,,,,
0401703,独立行政法人地域医療機能推進機構 横浜中央病院,2,1,2,0,0,0,1,0,,,,,
0403170,医療法人博生会本牧病院,1,1,0,1,0,0,1,0,,,,,
9805821,横浜市立みなと赤十字病院,4,3,4,0,0,1,2,0,,,38111.0,9701.0,VERIFIED_NUMERIC
0500215,医療法人佐藤病院,1,1,0,1,0,0,1,0,,,,,
0504449,公立大学法人横浜市立大学附属市民総合医療センター,6,3,5,1,0,0,3,0,,,39247.0,12236.0,VERIFIED_NUMERIC
0504746,神奈川県立こども医療センター,2,2,1,1,0,1,1,0,,,,,
0600106,独立行政法人地域医療機能推進機構 横浜保土ケ谷中央病院,1,1,1,0,0,0,1,0,,,,,
0603126,一般財団法人育生会横浜病院,1,0,0,1,0,0,0,0,,,,,
0603381,医療法人社団明芳会　イムス横浜狩場脳神経外科病院,1,1,1,0,0,0,1,0,,,,,
0603639,聖隷横浜病院,3,2,3,0,0,2,0,0,,,,,
0701052,磯子中央病院,1,1,1,0,0,1,0,0,,,,,
0710137,康心会汐見台病院,1,1,0,1,0,0,1,0,,,,,
9802588,横浜市立脳卒中・神経脊椎センター,1,2,1,0,0,1,1,0,,,,,
0800052,国家公務員共済組合連合会 横浜南共済病院,3,3,2,1,0,1,2,0,,,26294.0,10485.0,VERIFIED_NUMERIC
0801027,医療法人社団 景翠会 金沢病院,1,1,1,0,0,0,1,0,,,,,
0801654,医療法人社団協友会金沢文庫病院,1,0,0,1,0,0,0,0,,,,,
0803304,公立大学法人 横浜市立大学附属病院,3,3,3,0,0,1,2,0,,,32385.0,9710.0,VERIFIED_NUMERIC
0803643,神奈川県立循環器呼吸器病センター,3,1,2,0,0,0,1,0,,,,,
0803767,医療法人社団 協友会 横浜なみきリハビリテーション病院,1,0,0,1,0,0,0,0,,,,,
0904227,独立行政法人労働者健康安全機構 横浜労災病院,4,3,3,1,0,2,1,0,,,29862.0,13941.0,VERIFIED_NUMERIC
0904979,菊名記念病院,2,2,2,0,0,1,1,0,,,,,
0905323,医療法人すこやか 高田中央病院,1,1,0,1,0,0,1,0,,,,,
0905539,新横浜母と子の病院,1,0,0,1,0,0,0,0,,,,,
0906867,新横浜こころのホスピタル,1,0,0,1,0,0,0,0,,,,,
0907345,新横浜スパインクリニック,1,1,0,1,0,0,1,0,,,,,
0907352,大倉山記念病院,1,1,0,1,0,0,1,0,,,,,
9804360,横浜市総合保健医療センター診療所,1,1,1,0,0,1,0,0,,,,,
1000157,医療法人横浜未来ヘルスケアシステム 戸塚共立第1病院,1,0,1,0,0,0,0,0,,,,,
1000793,医療法人横浜未来ヘルスケアシステム 戸塚共立第2病院,1,1,1,0,0,0,1,0,,,,,
1001940,医療生協かながわ生活協同組合 戸塚病院,1,0,1,0,0,0,0,0,,,,,
1002740,医療法人社団明芳会イムス横浜東戸塚総合リハビリテーション病院,1,0,0,1,0,0,0,0,,,,,
1003458,西横浜国際総合病院,1,1,1,0,0,0,1,0,,,,,
1003912,ソフィア横浜クリニック,1,0,0,1,0,0,0,0,,,,,
1004670,医療法人財団 明理会 東戸塚記念病院,1,1,1,0,0,0,1,0,,,,,
1005024,ふれあい東戸塚ホスピタル,1,1,0,1,0,0,0,1,,,,,
1010016,平成横浜病院,2,1,1,1,0,0,1,0,,,,,
9900028,独立行政法人国立病院機構横浜医療センター,3,2,2,1,0,1,1,0,,,,,
3103314,医療法人社団成仁会長田病院,1,1,0,1,0,0,1,0,,,,,
3103439,社会福祉法人恩賜財団済生会支部神奈川県済生会横浜市南部病院,3,2,2,1,0,0,2,0,,,,,
3104114,医療法人裕徳会 港南台病院,1,0,0,1,0,0,0,0,,,,,
3104429,医療法人健生会 朝倉病院,1,0,0,1,0,0,0,0,,,,,
3110202,横浜医療福祉センター港南,1,0,0,1,0,0,0,0,,,,,
3110392,医療法人社団仁明会 秋山脳神経外科病院,1,1,1,0,0,1,0,0,,,,,
3110475,横浜東邦病院,1,1,0,1,0,0,1,0,,,,,
3110806,医療法人裕徳会　よこはま港南台地域包括ケア病院,1,0,0,1,0,0,0,0,,,,,
3202520,医療法人社団 明芳会 横浜旭中央総合病院,2,1,2,0,0,0,1,0,,,,,
3202702,聖マリアンナ医科大学横浜市西部病院,2,2,1,1,0,1,1,0,,,,,
3202736,医療法人社団恵生会 上白根病院,1,1,1,0,0,1,0,0,,,,,
3202744,赤枝病院,1,0,1,0,0,0,0,0,,,,,
3202769,重症心身障害児（者）施設横浜療育医療センター,1,0,0,1,0,0,0,0,,,,,
3204237,横浜鶴ヶ峰病院,1,1,1,0,0,0,1,0,,,,,
3204542,神奈川県立がんセンター,11,2,3,8,0,1,1,0,,,32984.0,6702.0,VERIFIED_NUMERIC
3304029,医療法人社団恵生会 竹山病院,1,0,0,0,1,0,0,0,,,,,
3304920,医療法人社団三喜会横浜新緑総合病院,1,2,1,0,0,1,1,0,,,,,
3304938,医療法人社団元気会横浜病院,1,0,0,1,0,0,0,0,,,,,
3305687,鴨居病院,1,1,0,1,0,0,1,0,,,,,
3310232,横浜田園都市病院,1,0,1,0,0,0,0,0,,,,,
3401973,医療法人社団美里会 瀬谷ふたつ橋病院,1,1,0,1,0,0,1,0,,,,,
3402427,横浜甦生病院,1,0,0,1,0,0,0,0,,,,,
3403151,医療法人社団哺育会　横浜相原病院,1,0,0,1,0,0,0,0,,,,,
3500022,国家公務員共済組合連合会 横浜栄共済病院,4,2,3,1,0,1,1,0,,,21914.0,7564.0,VERIFIED_NUMERIC
3600368,新中川病院,1,0,0,1,0,0,0,0,,,,,
3600533,社会福祉法人 親善福祉協会 国際親善総合病院,2,2,2,0,0,1,1,0,,,,,
3600814,横浜いずみ台病院,1,0,0,1,0,0,0,0,,,,,
3601648,医療法人横浜未来ヘルスケアシステム 戸塚共立いずみ野病院,1,1,1,0,0,0,1,0,,,,,
3610433,ゆめが丘総合病院,1,1,1,0,0,1,0,0,,,,,
3700549,昭和医科大学藤が丘病院,3,2,3,0,0,0,2,0,,,,,
3700903,医療法人社団明芳会 横浜新都市脳神経外科病院,1,3,1,0,0,1,2,0,,,,,
3701026,医療法人社団緑成会横浜総合病院,2,2,2,0,0,2,0,0,,,,,
3701299,医療法人社団一成会 たちばな台病院,1,1,0,1,0,0,1,0,,,,,
3702917,医療法人社団博慈会青葉さわい病院,1,0,0,1,0,0,0,0,,,,,
3703162,医療法人社団 明芳会 江田記念病院,1,0,0,1,0,0,0,0,,,,,
3710522,緑協和病院,1,0,0,1,0,0,0,0,,,,,
3800141,山本記念病院,1,1,0,1,0,0,0,1,,,,,
3801255,昭和医科大学横浜市北部病院,3,2,3,0,0,1,1,0,,,,,
3810207,シティクリニック,1,0,0,1,0,0,0,0,,,,,
5000054,川崎市立川崎病院,4,2,3,1,0,0,2,0,,,19553.0,7181.0,VERIFIED_NUMERIC
5000088,太田総合病院,1,1,1,0,0,0,1,0,,,,,
5000104,総合新川橋病院,1,1,1,0,0,0,1,0,,,,,
5000112,総合川崎臨港病院,1,1,0,1,0,0,0,1,,,,,
5000146,宮川病院,1,1,1,0,0,0,1,0,,,,,
5000153,恒春会 馬嶋病院,1,0,0,1,0,0,0,0,,,,,
5001409,川崎医療生活協同組合 川崎協同病院,2,1,1,1,0,0,1,0,,,,,
5001532,医療法人社団 慶友会 第一病院,1,1,1,0,0,0,0,1,,,,,
5003348,日本鋼管病院,2,2,2,0,0,0,2,0,,,,,
5004155,AOI国際病院,1,2,1,0,0,1,1,0,,,,,
5100524,医療法人社団育成会 鹿島田病院,1,0,0,1,0,0,0,0,,,,,
5101126,社会医療法人財団石心会 川崎幸病院,2,2,2,0,0,1,1,0,,,,,
5101357,医療法人社団慶真会川崎中央クリニック,1,1,0,1,0,0,1,0,,,,,
5101746,生駒クリニック,1,0,0,1,0,0,0,0,,,,,
5101928,社会医療法人財団石心会 川崎地域ケア病院,1,0,0,1,0,0,0,0,,,,,
5110135,社会医療法人財団石心会　第二川崎幸クリニック,1,2,1,0,0,0,2,0,,,,,
5200019,関東労災病院,3,2,2,1,0,1,1,0,,,,,
5200050,川崎市立井田病院,6,1,2,2,0,0,1,0,,,13113.0,3161.0,VERIFIED_NUMERIC
5201926,医療法人社団悠悠会 島脳神経外科整形外科医院,1,1,0,1,0,0,1,0,,,,,
5211107,日本医科大学武蔵小杉病院,6,2,4,1,1,1,1,0,,,21705.0,5269.0,VERIFIED_NUMERIC
5211354,京浜総合病院,1,0,1,0,0,0,0,0,,,,,
5300249,総合高津中央病院,2,1,2,0,0,0,1,0,,,,,
5300454,虎の門病院分院,3,1,3,0,0,0,1,0,,,,,
5300744,医療法人社団輔仁会 片倉病院,1,0,0,1,0,0,0,0,,,,,
5301734,医療法人社団亮友会 福住医院,1,0,0,1,0,0,0,0,,,,,
5310271,帝京大学医学部附属溝口病院,2,2,2,0,0,1,1,0,,,,,
5402276,出沢明ＰＥＤクリニック,1,1,0,1,0,0,1,0,,,,,
5402565,川崎市立多摩病院,2,2,2,0,0,0,2,0,,,,,
5500087,医療法人愛生会 有馬病院,1,0,0,1,0,0,0,0,,,,,
5500293,聖マリアンナ医科大学病院,7,5,6,1,0,4,1,0,,,36684.0,9106.0,VERIFIED_NUMERIC
5600671,医療法人社団晃進会 たま日吉台病院,1,0,1,0,0,0,0,0,,,,,
5601133,医療法人社団総生会 麻生総合病院,2,1,2,0,0,0,1,0,,,,,
5601513,医療法人社団総生会麻生リハビリ総合病院,1,0,0,1,0,0,0,0,,,,,
5601893,重症児・者福祉医療施設ソレイユ川崎,1,0,0,0,1,0,0,0,,,,,
5602479,医療法人社団晃進会 川崎みどりの病院,1,1,0,1,0,0,1,0,,,,,
5602545,医療法人社団三成会 新百合ヶ丘総合病院,4,4,3,1,0,2,2,0,,,,,FETCH_RETRY
5602610,渡辺クリニック,1,0,0,1,0,0,0,0,,,,,
5610175,柿生記念病院,1,0,0,1,0,0,0,0,,,,,
5610233,川崎田園都市病院,1,0,0,1,0,0,0,0,,,,,
2604528,医療法人財団明理会 相原病院,1,0,0,1,0,0,0,0,,,,,
2604940,相和病院,1,0,0,0,1,0,0,0,,,,,
2606887,相模原赤十字病院,1,1,1,0,0,0,1,0,,,,,
2606911,医療法人社団悠心会 森田病院,1,1,1,0,0,0,0,1,,,,,
2608214,晃友相模原病院,1,1,1,0,0,0,1,0,,,,,
2608222,広瀬病院,1,0,0,1,0,0,0,0,,,,,
2600385,渕野辺総合病院,1,1,1,0,0,1,0,0,,,,,
2600393,総合相模更生病院,1,2,1,0,0,1,1,0,,,,,
2600757,独立行政法人地域医療機能推進機構 相模野病院,1,1,1,0,0,0,1,0,,,,,
2602076,医療法人社団仁和会 さがみ仁和会病院,1,0,1,0,0,0,0,0,,,,,
2604916,相模原中央病院,1,1,1,0,0,0,1,0,,,,,
2601482,相模原友愛温泉病院,1,0,0,0,1,0,0,0,,,,,
2601771,森下記念病院,1,0,0,1,0,0,0,0,,,,,
2602126,北里大学病院,8,5,5,3,0,3,2,0,,,34591.0,16946.0,VERIFIED_NUMERIC
2603538,医療法人社団仁恵会 黒河内病院,1,1,1,0,0,0,0,1,,,,,
2603991,医療法人社団光生会 さがみ循環器クリニック,1,0,0,1,0,0,0,0,,,,,
2604197,相模原南病院,1,0,0,1,0,0,0,0,,,,,
2605400,医療法人神奈川せいわ会相模大野リハビリテーション病院,1,0,0,1,0,0,0,0,,,,,
2605434,医療法人 相愛会 相愛病院,1,0,0,1,0,0,0,0,,,,,
2608206,医療法人社団松寿会　丘整形外科病院,1,1,0,1,0,0,0,1,,,,,
2611333,小松会病院,1,0,0,1,0,0,0,0,,,,,
2611796,さがみ林間病院,2,1,2,0,0,0,1,0,,,,,
9910043,独立行政法人国立病院機構 相模原病院,3,3,1,2,0,1,2,0,,,22163.0,7970.0,VERIFIED_NUMERIC
1900091,国家公務員共済組合連合会 横須賀共済病院,5,3,4,1,0,2,1,0,,,51359.0,8345.0,VERIFIED_NUMERIC
1901354,聖ヨゼフ病院,1,1,0,1,0,0,1,0,,,,,
1902212,横須賀市立市民病院,2,2,2,0,0,1,1,0,,,,,
1904770,医療法人社団聖ルカ会 パシフィックホスピタル,1,0,0,1,0,0,0,0,,,,,
1910165,センペル湘南クリニック,1,0,0,1,0,0,0,0,,,,,
1910280,医療法人 横浜未来ヘルスケアシステム よこすか浦賀病院,1,1,1,0,0,0,1,0,,,,,
1911353,横須賀市立総合医療センター,2,2,2,0,0,1,1,0,,,,,
9705682,自衛隊横須賀病院,1,1,0,1,0,0,1,0,,,,,
9900077,独立行政法人国立病院機構久里浜医療センター,1,1,0,1,0,1,0,0,,,,,
2000016,国家公務員共済組合連合会 平塚共済病院,2,2,1,1,0,1,1,0,,,,,
2001451,平塚市民病院,5,2,4,0,0,1,1,0,,,28074.0,7097.0,VERIFIED_NUMERIC
2001857,医療法人社団水野会 平塚十全病院,1,0,0,1,0,0,0,0,,,,,
2003010,くらた病院,1,0,1,0,0,0,0,0,,,,,
2003549,ふれあい平塚ホスピタル,1,1,0,0,1,0,1,0,,,,,
2010304,社会福祉法人 恩賜財団済生会支部 神奈川県済生会湘南平塚病院,1,1,0,1,0,0,1,0,,,,,
2100246,医療法人徳洲会 清川病院,1,0,0,0,1,0,0,0,,,,,
2100600,鈴木病院,1,0,0,1,0,0,0,0,,,,,
2100840,医療法人財団 額田記念会 額田記念病院,1,0,0,1,0,0,0,0,,,,,
2100857,鎌倉リハビリテーション聖テレジア病院,1,0,0,1,0,0,0,0,,,,,
2100865,大船中央病院,4,2,1,3,0,0,2,0,,,11895.0,5526.0,VERIFIED_NUMERIC
2100907,一般財団法人鎌倉病院,1,1,0,0,1,0,0,1,,,,,
2100972,医療法人大樹会 ふれあい鎌倉ホスピタル,1,1,0,1,0,0,1,0,,,,,
2103422,道躰クリニック梶原,1,0,0,1,0,0,0,0,,,,,
2104669,医療法人徳洲会 湘南鎌倉総合病院,7,4,5,2,0,1,3,0,,,49754.0,14246.0,VERIFIED_NUMERIC
2104677,医療法人徳洲会　湘南鎌倉人工関節センター,1,1,0,1,0,0,0,1,,,,,
2104719,鎌倉ヒロ病院,1,0,0,1,0,0,0,0,,,,,
2200012,医療法人長谷川会湘南ホスピタル,1,0,0,1,0,0,0,0,,,,,
2201051,一般財団法人同友会藤沢湘南台病院,1,1,1,0,0,0,1,0,,,,,
2201689,湘南中央病院,1,1,0,1,0,0,1,0,,,,,
2201846,医療法人徳洲会山内病院,1,1,0,1,0,0,1,0,,,,,
2202778,藤沢市民病院,5,2,3,1,1,1,1,0,,,30344.0,8982.0,VERIFIED_NUMERIC
2203396,野中脳神経外科クリニック,1,1,0,1,0,0,0,1,,,,,
2204659,医療法人社団 藤順会 藤沢順天医院,1,0,0,0,0,0,0,0,,,,,
2205573,藤沢御所見病院,1,0,0,1,0,0,0,0,,,,,
2206845,クローバーホスピタル,1,0,0,1,0,0,0,0,,,,,
2207223,医療法人社団正拓会湘南太平台病院,1,0,0,1,0,0,0,0,,,,,
2208536,医療法人徳洲会 湘南藤沢徳洲会病院,2,3,2,0,0,2,1,0,,,,,
2210342,藤沢脳神経外科病院,1,1,0,1,0,0,1,0,,,,,
2210888,医療法人社団 健育会 湘南慶育病院,1,1,0,1,0,0,1,0,,,,,
2211563,村田会湘南大庭病院,1,0,0,1,0,0,0,0,,,,,
2211688,湘南第一病院,1,0,1,0,0,0,0,0,,,,,
2300036,医療法人 小林病院,1,0,1,0,0,0,0,0,,,,,
2300119,医療法人 同愛会 小澤病院,1,1,1,0,0,0,1,0,,,,,
2301125,医療法人尽誠会 山近記念総合病院,1,1,1,0,0,0,1,0,,,,,
2301398,西湘病院,1,2,0,1,0,1,1,0,,,,,
2301869,医療法人社団 帰陽会 丹羽病院,1,0,0,0,0,0,0,0,,,,,
2302016,医療法人邦友会 小田原循環器病院,1,1,1,0,0,0,1,0,,,,,
9900044,独立行政法人国立病院機構箱根病院,1,1,0,1,0,1,0,0,,,,,
2400034,茅ヶ崎市立病院,3,2,1,2,0,1,1,0,,,,,
2402501,湘南東部総合病院,3,2,2,0,1,1,1,0,,,,,
2410066,医療法人徳洲会 茅ヶ崎徳洲会病院,1,1,1,0,0,0,1,0,,,,,
2410652,医療法人社団湘南健友会 長岡病院,1,0,0,1,0,0,0,0,,,,,
2500866,医療法人社団則天会 逗子病院,1,0,0,0,1,0,0,0,,,,,
2500924,医療法人社団柏信会 青木病院,1,0,0,1,0,0,0,0,,,,,
2700037,三浦市立病院,1,1,0,1,0,0,1,0,,,,,
2800282,医療法人杏林会 八木病院,1,1,0,1,0,0,0,1,,,,,
2800480,秦野赤十字病院,2,1,2,0,0,0,1,0,,,,,
2800829,医療法人社団三喜会 鶴巻温泉病院,1,0,0,1,0,0,0,0,,,,,
2801926,新川クリニック,1,0,0,0,0,0,0,0,,,,,
9900010,独立行政法人国立病院機構神奈川病院,1,1,1,0,0,0,1,0,,,,,
2900116,医療法人仁愛会近藤病院,1,0,0,1,0,0,0,0,,,,,
2900207,仁厚会病院,1,1,0,1,0,0,1,0,,,,,
2900751,神奈川リハビリテーション病院,1,1,1,0,0,0,1,0,,,,,
2901148,東名厚木病院,2,1,1,0,0,1,0,0,,,,,
2901429,厚木佐藤病院,1,1,0,1,0,0,1,0,,,,,
2901817,医療法人鉄蕉会 亀田森の里病院,1,1,0,1,0,0,1,0,,,,,
2902153,米澤外科内科,1,0,0,1,0,0,0,0,,,,,
2902468,厚木市立病院,3,2,2,1,0,1,1,0,,,,,
2902948,医療法人徳洲会　湘南厚木病院,2,1,1,1,0,0,1,0,,,,,
2910404,医療法人社団葵会 AOI七沢リハビリテーション病院,1,0,0,1,0,0,0,0,,,,,
3000668,大和市立病院,3,2,2,1,0,0,2,0,,,,,
3001302,医療法人 徳洲会 大和徳洲会病院,2,1,2,0,0,0,1,0,,,,,
3002078,医療法人社団 哺育会 桜ヶ丘中央病院,1,1,1,0,0,0,1,0,,,,,
3002268,大和成和病院,1,1,1,0,0,0,1,0,,,,,
3002367,南大和病院,1,1,1,0,0,0,1,0,,,,,
3002854,社会医療法人三栄会 中央林間病院,1,0,1,0,0,0,0,0,,,,,
3003324,みどり野リハビリテーション病院,1,0,0,1,0,0,0,0,,,,,
4000204,神奈川県厚生農業協同組合連合会 伊勢原協同病院,2,2,1,1,0,1,1,0,,,,,
4000279,東海大学医学部付属病院,5,5,5,0,0,2,3,0,,,55312.0,25297.0,VERIFIED_NUMERIC
4200499,社会医療法人ジャパンメディカルアライアンス 海老名総合病院,3,3,3,0,0,1,2,0,,,,,
4200523,葉梨整形外科,0,1,0,0,0,0,0,1,,,,,
4200572,医療法人社団 さがみ野中央病院,1,1,0,1,0,0,1,0,,,,,
4200853,医療法人社団神愛会オアシス湘南病院,1,0,0,1,0,0,0,0,,,,,
4201141,海老名耳鼻咽喉科クリニック,2,0,0,0,1,0,0,0,,,,,
4201364,医療法人社団厚成会海老名ハートクリニック,1,0,0,1,0,0,0,0,,,,,
4201398,湘陽かしわ台病院,1,1,1,0,0,0,1,0,,,,,
4100087,医療法人興生会 相模台病院,1,1,1,0,0,0,1,0,,,,,
4100525,馬來内科胃腸外科,1,0,0,1,0,0,0,0,,,,,
4100608,医療法人社団一真会 座間厚生病院,1,0,0,1,0,0,0,0,,,,,
4100848,医療法人神奈川せいわ会 相武台リハビリテーション病院,1,0,0,1,0,0,0,0,,,,,
4110086,社会医療法人ｼﾞｬﾊﾟﾝﾒﾃﾞｨｶﾙｱﾗｲｱﾝｽ 座間総合病院,1,1,1,0,0,0,1,0,,,,,
4110128,くりはらメディカルクリニック,1,0,1,0,0,0,0,0,,,,,
4300216,医療法人社団明芳会北小田原病院,1,0,0,1,0,0,0,0,,,,,
4300562,大内病院,1,0,0,1,0,0,0,0,,,,,
4400206,医療法人社団 柏綾会 綾瀬厚生病院,1,1,0,1,0,0,1,0,,,,,
4410015,医療法人社団慈広会 矢崎胃腸外科,1,0,0,1,0,0,0,0,,,,,
1100478,医療法人徳洲会葉山ハートセンター,1,1,1,0,0,0,1,0,,,,,
1200666,宗教法人寒川神社 寒川病院,1,1,0,1,0,0,1,0,,,,,
1310143,医療法人徳洲会湘南大磯病院,1,1,1,0,0,0,1,0,,,,,
1401256,佐藤病院,1,0,0,1,0,0,0,0,,,,,
1401504,神奈川県立足柄上病院,2,1,2,0,0,1,0,0,,,,,
1400985,医療法人勝又高台病院,1,0,0,0,1,0,0,0,,,,,
1500586,特定医療法人社団研精会 箱根リハビリテーション病院,1,0,0,1,0,0,0,0,,,,,
1500545,湯河原胃腸病院,1,0,0,1,0,0,0,0,,,,,
1510049,独立行政法人地域医療機能推進機構 湯河原病院,1,1,0,1,0,0,1,0,,,,,
1600469,愛川北部病院,1,1,0,1,0,0,1,0,,,,,
2611408,神奈川県厚生農業協同組合連合会相模原協同病院,4,2,4,0,0,1,1,0,,,,,
2607323,医療法人社団清伸会 ふじの温泉病院,2,0,0,0,1,0,0,0,,,,,
0101536,愛知県がんセンター,7,2,5,1,1,2,0,0,,,27986.0,5667.0,VERIFIED_NUMERIC
0102021,ちくさ病院,1,0,0,1,0,0,0,0,,,,,
0102088,医療法人吉田病院,1,1,1,0,0,0,1,0,,,,,
0102377,医療法人蜂友会はちや整形外科病院,1,2,1,0,0,1,1,0,,,,,
0102484,国家公務員共済組合連合会東海病院,1,1,1,0,0,0,1,0,,,,,
0105552,名古屋市立大学医学部附属東部医療センター,5,2,2,3,0,1,1,0,,,34778.0,12609.0,VERIFIED_NUMERIC
0105891,和田内科病院,1,0,0,1,0,0,0,0,,,,,
0201740,医療法人すみれ会 中央病院,1,0,0,1,0,0,0,0,,,,,
0202607,名古屋ハートセンター,1,1,1,0,0,0,1,0,,,,,
0203043,ＡＯＩ名古屋病院,1,1,0,1,0,0,1,0,,,,,
0300054,社会医療法人愛生会 総合上飯田第一病院,2,1,2,0,0,1,0,0,,,,,
0301243,北医療生活協同組合北病院,1,0,0,1,0,0,0,0,,,,,
0301557,医療法人愛仁会名春中央病院,1,1,0,1,0,0,0,1,,,,,
0301797,大隈病院,1,2,1,0,0,0,2,0,,,,,
0303876,名古屋市立大学医学部附属西部医療センター,5,3,2,1,0,1,2,0,,,30243.0,14130.0,VERIFIED_NUMERIC
0400417,愛知県済生会リハビリテーション病院,1,0,0,1,0,0,0,0,,,,,
0400433,医療法人米田病院,1,2,0,1,0,0,2,0,,,,,
0400789,愛知県青い鳥医療療育センター,1,0,0,1,0,0,0,0,,,,,
0400847,名鉄病院,2,1,2,0,0,0,1,0,,,,,
0401621,天野記念クリニック,1,0,0,1,0,0,0,0,,,,,
0401928,医療法人桜井医院 庄内緑地救急クリニック,1,1,0,1,0,0,0,1,,,,,
0402819,井戸田整形外科 名駅スポーツクリニック,1,2,1,0,0,0,1,1,,,,,
0402959,医療法人紫陽 クリニックサンセール清里,1,1,0,1,0,0,0,1,,,,,
0500240,日本赤十字社愛知医療センター名古屋第一病院,5,3,4,1,0,2,1,0,,,47620.0,15758.0,VERIFIED_NUMERIC
0500281,医療法人誠心会大菅病院,1,1,0,1,0,0,1,0,,,,,
0500505,医療法人衆済会 増子記念病院,1,1,1,0,0,0,1,0,,,,,
0502238,医療法人珪山会 鵜飼病院,1,0,0,1,0,0,0,0,,,,,
0502576,医療法人福友会八田なみき病院,1,0,0,1,0,0,0,0,,,,,
0502808,名古屋セントラル病院,3,3,2,1,0,1,2,0,,,15457.0,6708.0,VERIFIED_NUMERIC
0504028,医療法人珪山会 鵜飼リハビリテーション病院,1,0,0,1,0,0,0,0,,,,,
0505249,偕行会城西病院,1,1,0,1,0,0,1,0,,,,,
0600677,眼科杉田病院,1,0,0,1,0,0,0,0,,,,,
0600966,国家公務員共済組合連合会名城病院,2,2,2,0,0,0,2,0,,,,,
0601493,中日病院,1,1,1,0,0,0,1,0,,,,,
0602640,医療法人勝又　勝又病院,1,0,0,1,0,0,0,0,,,,,
0606419,としわ会診療センターレクリニック,1,1,1,0,0,0,0,1,,,,,
0607219,医療法人聖真会 横山記念病院,1,0,0,1,0,0,0,0,,,,,
0607250,名古屋東栄クリニック,1,0,0,1,0,0,0,0,,,,,
0608019,重工大須病院,1,2,1,0,0,1,1,0,,,,,
0700287,社会福祉法人聖霊会 聖霊病院,1,1,1,0,0,0,1,0,,,,,
0700337,日本赤十字社愛知医療センター名古屋第二病院,8,4,4,0,0,1,3,0,,,44340.0,18599.0,VERIFIED_NUMERIC
0701087,医療法人 生寿会 かわな病院,1,0,1,0,0,0,0,0,,,,,
0702622,メドック健康クリニック,1,1,0,1,0,0,1,0,,,,,
0702929,医療法人安正会 安井病院,1,0,0,1,0,0,0,0,,,,,
0800038,野垣病院,1,0,0,1,0,0,0,0,,,,,
0800335,ブラザー記念病院,1,0,1,0,0,0,0,0,,,,,
0801531,稲熊病院,1,0,0,1,0,0,0,0,,,,,
0802406,名古屋市立大学病院,5,5,3,2,0,4,1,0,,,51530.0,20601.0,VERIFIED_NUMERIC
0802463,西本病院,1,0,0,1,0,0,0,0,,,,,
0802802,みずほ足クリニック,1,1,0,1,0,0,1,0,,,,,
0900085,医療法人三恵会服部病院,1,0,0,1,0,0,0,0,,,,,
0900341,医療法人杏園会　熱田リハビリテーション病院,1,0,0,1,0,0,0,0,,,,,
0900796,水谷病院,1,1,0,1,0,0,1,0,,,,,
0900887,みなと医療生活協同組合協立総合病院,2,1,2,0,0,0,1,0,,,,,
1000166,名古屋掖済会病院,5,2,4,1,0,1,1,0,,,41817.0,10997.0,VERIFIED_NUMERIC
1000471,医療法人聖真会 春田仁愛病院,1,0,0,0,1,0,0,0,,,,,
1000893,藤田医科大学ばんたね病院,2,2,2,0,0,1,1,0,,,,,
1001255,名古屋共立病院,1,3,1,0,0,1,2,0,,,,,
1001461,名古屋西病院,1,1,1,0,0,0,1,0,,,,,
1001487,医療法人開生会 かいせい病院,1,0,0,1,0,0,0,0,,,,,
1001495,医療法人親和会 富田病院,1,0,0,0,1,0,0,0,,,,,
1001511,医療法人正進会 名古屋泌尿器科,1,0,0,1,0,0,0,0,,,,,
1002675,医療法人紫陽 クリニックサンセール,1,0,0,1,0,0,0,0,,,,,
1002774,医療法人生生会 まつかげシニアホスピタル,1,1,1,0,0,0,1,0,,,,,
1100214,公益財団法人名古屋港湾福利厚生協会臨港病院,1,1,0,1,0,0,1,0,,,,,
1100321,独立行政法人労働者健康安全機構中部労災病院,4,2,3,1,0,1,1,0,,,,,
1100826,医療法人幸会 岡田整形外科内科,0,1,0,0,0,0,0,1,,,,,
1100966,医療法人幸会 南陽病院,1,0,0,1,0,0,0,0,,,,,
1101097,東洋病院,1,1,0,1,0,0,0,1,,,,,
1101816,医療法人東樹会 あずまリハビリテーション病院,1,0,0,1,0,0,0,0,,,,,
1200055,独立行政法人地域医療機能推進機構 中京病院,4,3,3,1,0,1,2,0,,,35457.0,12113.0,VERIFIED_NUMERIC
1200204,医療法人笠寺病院,1,0,0,1,0,0,0,0,,,,,
1200220,善常会リハビリテーション病院,1,0,0,1,0,0,0,0,,,,,
1201228,名南病院,1,1,0,1,0,0,1,0,,,,,
1201541,大同病院,2,2,1,1,0,1,1,0,,,,,
1201616,医療法人山和会 山口病院,1,1,0,1,0,0,1,0,,,,,
1201863,医療法人緑翔会 小松病院,1,1,0,1,0,0,1,0,,,,,
1201947,名南ふれあい病院,1,0,0,1,0,0,0,0,,,,,
1202085,南医療生協かなめ病院,1,0,0,1,0,0,0,0,,,,,
1202192,北村病院,1,0,0,1,0,0,0,0,,,,,
1300673,紘仁病院,1,1,1,0,0,0,1,0,,,,,
1300699,医療法人有仁会 守山友愛病院,1,0,0,1,0,0,0,0,,,,,
1300863,医療法人和光会 川島病院,1,1,1,0,0,1,0,0,,,,,
1301218,樋口整形外科　人工関節クリニック,1,1,0,1,0,0,1,0,,,,,
1302125,医療法人いつき会守山いつき病院,2,1,1,0,0,0,1,0,,,,,
1400531,医療法人幸寿会平岩病院,1,0,0,0,1,0,0,0,,,,,
1401018,第一なるみ病院,1,0,1,0,0,0,0,0,,,,,
1401596,医療法人愛惠会 愛光整形外科,1,2,0,1,0,1,0,1,,,,,
1401786,医療法人清水会 相生山病院,1,0,1,0,0,0,0,0,,,,,
1402370,ジャパン藤脳クリニック,1,1,0,1,0,0,1,0,,,,,
1402578,総合病院 南生協病院,2,1,2,0,0,0,1,0,,,,,
1403576,名古屋市立大学医学部附属みどり市民病院,1,1,1,0,0,0,1,0,,,,,
1500025,西山団地内科胃腸科,1,0,0,1,0,0,0,0,,,,,
1500223,木村病院,1,1,0,1,0,0,1,0,,,,,
1500843,医療法人香徳会メイトウホスピタル,1,0,0,1,0,0,0,0,,,,,
1501874,医療法人杉山会 すぎやま病院,1,1,0,1,0,0,1,0,,,,,
1503326,名古屋市立大学医学部附属みらい光生病院,1,1,1,0,0,1,0,0,,,,,
1600072,八事病院,1,0,1,0,0,0,0,0,,,,,
1600767,名古屋記念病院,2,1,2,0,0,0,1,0,,,,,
1601583,医療法人並木会 並木病院,1,1,0,1,0,0,1,0,,,,,
1601815,伊藤整形外科,0,1,0,0,0,0,0,1,,,,,
1602383,おにたけ整形外科,0,1,0,0,0,0,0,1,,,,,
1602748,新生会第一病院,1,0,0,1,0,0,0,0,,,,,
2000066,豊橋市民病院,5,3,4,0,0,1,2,0,,,50005.0,15072.0,VERIFIED_NUMERIC
2000363,光生会病院,1,1,1,0,0,1,0,0,,,,,
2000371,豊橋整形外科江崎病院,1,0,0,1,0,0,0,0,,,,,
2000579,成田記念病院,2,2,2,0,0,1,1,0,,,,,
2001072,二川病院,1,0,0,1,0,0,0,0,,,,,
2002096,医療法人豊岡会 豊橋元町病院,1,0,0,1,0,0,0,0,,,,,
2002104,医療法人義興会 可知記念病院,1,0,0,1,0,0,0,0,,,,,
2002146,光生会 赤岩病院,1,0,0,1,0,0,0,0,,,,,
2002732,医療法人さわらび会福祉村病院,1,1,0,1,0,0,1,0,,,,,
2002971,医療法人善恵会 長屋病院,1,0,0,1,0,0,0,0,,,,,
2003318,医療法人羔羊会 弥生病院,1,1,1,0,0,0,1,0,,,,,
2004084,権田脳神経外科,1,1,0,1,0,0,1,0,,,,,
2004217,豊橋メイツクリニック,1,0,1,0,0,0,0,0,,,,,
2004563,医療法人澄心会豊橋ハートセンター,1,1,1,0,0,1,0,0,,,,,
2004951,医療法人積善会 積善病院,1,0,0,1,0,0,0,0,,,,,
2005149,太田整形外科,0,1,0,0,0,0,0,1,,,,,
2005792,ひがし循環器クリニック,1,0,1,0,0,0,0,0,,,,,
2006261,医療法人積善会 第二積善病院,1,0,0,1,0,0,0,0,,,,,
2006436,医療法人　塩之谷整形外科,0,1,0,0,0,0,0,1,,,,,
2100593,岡崎市民病院,4,3,3,1,0,1,2,0,,,36263.0,11437.0,VERIFIED_NUMERIC
2101583,岡崎南病院,1,0,0,1,0,0,0,0,,,,,
2101872,医療法人十全会三嶋内科病院,1,0,0,1,0,0,0,0,,,,,
2102052,医療法人博報会 岡崎東病院,1,0,0,1,0,0,0,0,,,,,
2102169,医療法人鉄友会 宇野病院,1,1,1,0,0,0,1,0,,,,,
2103407,医療法人大朋会 岡崎共立病院,1,1,0,1,0,0,0,1,,,,,
2103605,耳鼻咽喉科気管食道科康生医院,1,0,0,0,0,0,0,0,,,,,
2103852,医療法人葵　葵セントラル病院,1,0,0,1,0,0,0,0,,,,,
2104777,岡崎市医師会公衆衛生センター,1,2,0,1,0,0,2,0,,,,,
2104785,岡崎市医師会はるさき健診センター,1,2,0,1,0,0,2,0,,,,,
2104918,岡崎メイツ腎・睡眠クリニック,1,0,0,1,0,0,0,0,,,,,
2105121,愛知県三河青い鳥医療療育センター,1,0,0,1,0,0,0,0,,,,,
2105246,冨田病院,1,1,0,1,0,0,1,0,,,,,
2105477,藤田医科大学岡崎医療センター,3,2,2,1,0,1,1,0,,,,,
2105576,愛知医科大学メディカルセンター,1,1,1,0,0,0,1,0,,,,,
2200013,総合大雄会病院,3,2,2,1,0,0,2,0,,,,,
2200369,一宮市立市民病院,5,2,3,2,0,0,2,0,,,35384.0,9663.0,VERIFIED_NUMERIC
2201342,大雄会第一病院,1,1,1,0,0,0,1,0,,,,,
2201649,医療法人山下病院,2,0,2,0,0,0,0,0,,,,,
2202027,医療法人尾張健友会 千秋病院,1,1,1,0,0,0,1,0,,,,,
2202050,医療法人恵仁会 一宮整形外科,0,1,0,0,0,0,1,0,,,,,
2202126,上林記念病院,1,1,0,1,0,0,1,0,,,,,
2202399,医療法人来光会 尾洲病院,1,0,1,0,0,0,0,0,,,,,
2202464,たなけん脊椎・眼科クリニック,0,1,0,0,0,0,1,0,,,,,
2202977,磯村医院,1,1,0,1,0,0,1,0,,,,,
2203272,一宮西病院,6,4,5,1,0,3,1,0,,,42090.0,33226.0,VERIFIED_NUMERIC
2203363,医療法人いつき会 いつきクリニック一宮,1,0,0,1,0,0,0,0,,,,,
2203629,医療法人泰玄会　泰玄会病院,1,1,1,0,0,0,1,0,,,,,
2203835,井上内科クリニック,1,0,0,1,0,0,0,0,,,,,
2204098,一宮市立木曽川市民病院,1,1,1,0,0,0,1,0,,,,,
2204296,孝友クリニック,1,1,0,1,0,0,1,0,,,,,
2204700,医療法人医徳会 国井病院,1,0,0,1,0,0,0,0,,,,,
2205293,愛北ハートクリニック,1,0,0,1,0,0,0,0,,,,,
2300078,医療法人宏和会 あさい病院,1,1,1,0,0,0,1,0,,,,,
2300243,公立陶生病院,6,3,4,1,0,1,2,0,,,38008.0,11164.0,VERIFIED_NUMERIC
2300581,医療法人青山病院,1,0,1,0,0,0,0,0,,,,,
2300656,医療法人青和会中央病院,2,0,1,1,0,0,0,0,,,,,
2300664,医療法人社団順心会井上病院,1,0,0,1,0,0,0,0,,,,,
2300698,瀬戸みどりのまち病院,1,0,0,1,0,0,0,0,,,,,
2401579,半田中央病院,1,0,0,1,0,0,0,0,,,,,
2500164,一般財団法人春日会足立病院,1,0,0,1,0,0,0,0,,,,,
2500198,春日井市民病院,4,3,3,1,0,1,2,0,,,56335.0,17061.0,VERIFIED_NUMERIC
2500206,医療法人同仁会 鳥居クリニック,1,1,0,1,0,0,0,1,,,,,
2500818,愛知県医療療育総合センター中央病院,1,1,0,1,0,0,1,0,,,,,
2501477,医療法人陽和会 春日井リハビリテーション病院,1,1,1,0,0,0,1,0,,,,,
2501675,春日井整形あさひ病院,1,1,0,1,0,0,1,0,,,,,
2501717,医療法人愛洋会 加藤クリニック,1,0,0,1,0,0,0,0,,,,,
2501808,医療法人徳洲会名古屋徳洲会総合病院,2,2,2,0,0,1,1,0,,,,,
2502020,医療法人社団喜峰会 東海記念病院,1,1,1,0,0,0,1,0,,,,,
2503747,医療法人光寿会 光寿会春日井病院,1,0,0,1,0,0,0,0,,,,,
2504141,高森台病院,1,0,0,1,0,0,0,0,,,,,
2504547,北陽会病院,1,1,0,1,0,0,1,0,,,,,
2600105,豊川市民病院,4,3,3,1,0,2,1,0,,,37983.0,11566.0,VERIFIED_NUMERIC
2600402,共立荻野病院,1,0,0,0,1,0,0,0,,,,,
2600444,国府病院,1,0,0,1,0,0,0,0,,,,,
2600675,医療法人桃源堂後藤病院,1,1,0,1,0,0,0,1,,,,,
2600774,医療法人鳳紀会可知病院,1,1,1,0,0,0,0,1,,,,,
2600923,医療法人聖俊会 樋口病院,1,1,0,1,0,0,1,0,,,,,
2601400,医療法人信雅会 宮地病院,1,0,0,1,0,0,0,0,,,,,
2602036,総合青山病院,2,1,1,1,0,0,1,0,,,,,
2602135,医療法人啓仁会 豊川さくら病院,1,0,0,1,0,0,0,0,,,,,
2602168,タチバナ病院,1,0,0,1,0,0,0,0,,,,,
2700061,津島市民病院,2,2,2,0,0,0,2,0,,,,,
2700517,津島リハビリテーション病院,1,0,0,1,0,0,0,0,,,,,
2700608,医療法人三善会 津島中央病院,1,0,0,1,0,0,0,0,,,,,
2700871,医療法人佳信会 クリニックつしま,1,0,0,1,0,0,0,0,,,,,
2701085,医療法人宏徳会安藤病院,1,1,0,1,0,0,1,0,,,,,
2800119,小林記念病院,1,1,1,0,0,0,1,0,,,,,
2800473,医療法人十喜会加藤病院,1,0,0,1,0,0,0,0,,,,,
2800564,碧南市民病院,2,2,0,1,1,1,1,0,,,,,
2900026,刈谷豊田総合病院,6,4,5,1,0,1,3,0,,,50458.0,17608.0,VERIFIED_NUMERIC
2900687,医療法人大朋会 刈谷整形外科病院,1,1,0,1,0,0,0,1,,,,,
2900794,医療法人明和会 辻村外科病院,1,1,1,0,0,0,0,1,,,,,
2900893,医療法人康喜会大竹耳鼻咽喉科・睡眠クリニック,1,0,0,0,0,0,0,0,,,,,
2900992,刈谷記念病院,1,0,0,1,0,0,0,0,,,,,
2901206,刈谷豊田東病院,1,0,0,1,0,0,0,0,,,,,
2901537,杉浦医院,1,0,0,1,0,0,0,0,,,,,
2901636,一里山・今井病院,1,2,1,0,0,1,1,0,,,,,
3000057,愛知県厚生農業協同組合連合会 豊田厚生病院,4,3,3,0,0,2,1,0,,,35584.0,14840.0,VERIFIED_NUMERIC
3000230,トヨタ記念病院,5,3,3,2,0,2,1,0,,,37812.0,11139.0,VERIFIED_NUMERIC
3000602,医療法人三九会 三九朗病院,1,0,0,1,0,0,0,0,,,,,
3001212,豊田地域医療センター,1,1,1,0,0,0,1,0,,,,,
3001337,医療法人社団以心会 中野胃腸病院,1,0,1,0,0,0,0,0,,,,,
3001378,医療法人豊寿会 斉藤病院,1,1,1,0,0,0,0,1,,,,,
3001402,家田病院,1,0,0,1,0,0,0,0,,,,,
3001535,医療法人慈和会 吉田整形外科病院,1,2,1,0,0,1,1,0,,,,,
3002228,小早川整形外科・内科,0,1,0,0,0,0,1,0,,,,,
3003036,愛知県厚生農業協同組合連合会足助病院,1,1,0,1,0,0,1,0,,,,,
3003697,さくら病院,1,1,1,0,0,0,0,1,,,,,
3004638,名豊病院,1,1,0,1,0,0,1,0,,,,,
3004752,医療法人三九会　三九朗東リハビリテーション病院,1,0,0,1,0,0,0,0,,,,,
3100105,愛知県厚生農業協同組合連合会 安城更生病院,5,4,4,1,0,2,2,0,,,44799.0,16193.0,VERIFIED_NUMERIC
3100659,松井整形外科,1,1,0,1,0,0,1,0,,,,,
3100832,社会医療法人財団新和会八千代病院,2,2,2,0,0,0,2,0,,,,,
3200152,医療法人田中会西尾病院,1,1,0,1,0,0,1,0,,,,,
3200210,西尾市民病院,2,2,2,0,0,0,2,0,,,,,
3201176,山尾病院,1,1,0,1,0,0,1,0,,,,,
3201267,あいちリハビリテーション病院,1,0,0,1,0,0,0,0,,,,,
3201325,医療法人社団福祉会高須病院,1,1,0,1,0,0,1,0,,,,,
3201382,医療法人深見十全会 深見クリニック,1,0,1,0,0,0,0,0,,,,,
3201788,三村医院,1,0,1,0,0,0,0,0,,,,,
3300044,蒲郡市民病院,2,2,2,0,0,1,1,0,,,,,
3300986,医療法人北辰会 蒲郡厚生館病院,1,0,0,1,0,0,0,0,,,,,
3301216,医療法人豊誠会 とよおかクリニック,1,0,0,1,0,0,0,0,,,,,
3301703,医療法人積善会 蒲郡東部病院,1,0,1,0,0,0,0,0,,,,,
3301752,ふじい整形外科,0,1,0,0,0,0,1,0,,,,,
3400521,社会医療法人志聖会総合犬山中央病院,1,1,1,0,0,0,1,0,,,,,
3400703,医療法人ふなびきクリニック,1,0,0,1,0,0,0,0,,,,,
3400885,ハートクリニックさわだ,1,0,1,0,0,0,0,0,,,,,
3401081,あいちせぼね病院,1,2,1,0,0,0,2,0,,,,,
3600138,愛知県厚生農業協同組合連合会江南厚生病院,4,3,3,1,0,2,1,0,,,38194.0,15031.0,VERIFIED_NUMERIC
3601292,佐藤病院,1,0,0,1,0,0,0,0,,,,,
3800035,小牧市民病院,4,4,3,1,0,1,3,0,,,36369.0,14319.0,VERIFIED_NUMERIC
3800985,小牧第一病院,1,1,0,1,0,0,1,0,,,,,
3801736,小牧ようてい記念病院,1,1,0,1,0,0,1,0,,,,,
3900116,稲沢市民病院,2,2,2,0,0,1,1,0,,,,,
3901064,愛知県厚生農業協同組合連合会稲沢厚生病院,1,1,1,0,0,0,1,0,,,,,
3901098,医療法人回精会北津島病院,1,0,0,1,0,0,0,0,,,,,
3901155,医療法人六輪会 六輪病院,1,0,1,0,0,0,0,0,,,,,
4000106,茶臼山厚生病院,1,0,0,1,0,0,0,0,,,,,
4000577,医療法人星野病院,1,0,0,1,0,0,0,0,,,,,
4000601,新城市民病院,1,1,1,0,0,0,1,0,,,,,
4101359,公立西知多総合病院,5,2,2,2,0,1,1,0,,,30779.0,8598.0,VERIFIED_NUMERIC
4101409,小嶋病院,1,1,0,1,0,0,1,0,,,,,
4200086,医療法人共和会共和病院,1,0,0,1,0,0,0,0,,,,,
4200607,あいち小児保健医療総合センター,2,1,1,1,0,0,1,0,,,,,
4200920,あおぞらファミリークリニック,1,0,0,1,0,0,0,0,,,,,
4200946,前原整形外科リハビリテーションクリニック,1,1,0,1,0,0,1,0,,,,,
4300738,西知多リハビリテーション病院,1,0,0,1,0,0,0,0,,,,,
4300746,医療法人 贈恩会 知多小嶋記念病院,1,0,0,1,0,0,0,0,,,,,
4400223,富士病院,1,1,0,1,0,0,1,0,,,,,
4400249,秋田病院,1,1,0,1,0,0,1,0,,,,,
4400561,医療法人セントファミリアクリニック,1,0,0,1,0,0,0,0,,,,,
4400843,あいちハートクリニック,1,0,0,1,0,0,0,0,,,,,
4500030,独立行政法人労働者健康安全機構旭労災病院,2,1,2,0,0,0,1,0,,,,,
4500865,可知整形外科,0,1,0,0,0,0,0,1,,,,,
4600343,高浜豊田病院,1,0,0,1,0,0,0,0,,,,,
4700366,岩倉病院,1,2,1,0,0,0,1,1,,,,,
4700408,ようてい中央クリニック,1,1,0,1,0,0,0,1,,,,,
4800166,藤田医科大学病院,7,5,7,0,0,4,1,0,,,72544.0,24286.0,VERIFIED_NUMERIC
4800430,前原外科　整形外科　小児科,1,1,0,1,0,0,0,1,,,,,
4800604,医療法人豊水会みずのクリニック,1,0,1,0,0,0,0,0,,,,,
4900131,医療法人大医会 日進おりど病院,1,1,1,0,0,0,1,0,,,,,
4900149,医療法人福友会 福友病院,1,0,0,1,0,0,0,0,,,,,
4900156,医療法人財団 愛泉会 愛知国際病院,1,0,0,0,1,0,0,0,,,,,
4900305,杉上クリニック,1,1,0,1,0,0,0,1,,,,,
4901352,日進南病院,1,0,0,1,0,0,0,0,,,,,
5002135,なごやひがし整形外科・脊椎クリニック,1,1,0,1,0,0,1,0,,,,,
5300471,医療法人山田外科内科,1,0,1,0,0,0,0,0,,,,,
5300539,伊藤整形・内科　あいちスポーツ・人工関節クリニック,1,2,1,0,0,0,2,0,,,,,
5601894,医療法人瑞頌会 尾張温泉かにえ病院,1,1,0,1,0,0,1,0,,,,,
5603031,船入病院,1,0,0,1,0,0,0,0,,,,,
5701207,医療法人赫和会杉石病院,1,1,1,0,0,0,1,0,,,,,
5701322,愛知県厚生農業協同組合連合会知多厚生病院,1,1,1,0,0,0,1,0,,,,,
5701728,渡辺病院,1,1,1,0,0,0,1,0,,,,,
5702247,浜田整形外科・内科クリニック,1,1,0,1,0,0,1,0,,,,,
5702254,浅井外科,2,2,0,2,0,0,0,2,,,,,
5702288,医療法人 聖会 石川病院,1,0,0,1,0,0,0,0,,,,,
5702643,医療法人宏友会 竹内整形外科・内科クリニック,1,1,0,1,0,0,1,0,,,,,
6100045,医療法人寿光会 寿光会中央病院,1,0,0,1,0,0,0,0,,,,,
6100086,みよし市民病院,1,1,1,0,0,0,1,0,,,,,
7100010,愛知県厚生農業協同組合連合会渥美病院,1,1,1,0,0,0,1,0,,,,,
7200331,医療法人佳信会 あすかクリニック愛西,1,0,0,1,0,0,0,0,,,,,
7300339,医療法人生寿会 五条川リハビリテーション病院,1,0,1,0,0,0,0,0,,,,,
7300495,はるひ呼吸器病院,2,1,2,0,0,0,1,0,,,,,
7400154,医療法人済衆館 済衆館病院,1,1,1,0,0,0,1,0,,,,,
7400188,ようていファミリークリニック,1,1,0,1,0,0,0,1,,,,,
7500011,愛知県厚生農業協同組合連合会海南病院,3,3,3,0,0,1,2,0,,,,,
7500052,服部整形外科皮フ科,1,1,0,1,0,0,0,1,,,,,
7600472,あま市民病院,1,1,1,0,0,0,1,0,,,,,
7700017,愛知医科大学病院,8,6,6,0,0,3,3,0,,,59655.0,25613.0,VERIFIED_NUMERIC
7700058,医療法人橘会　東名病院,1,1,0,1,0,0,1,0,,,,,
9800039,国立研究開発法人国立長寿医療研究センター,2,3,2,0,0,2,1,0,,,,,
9800476,独立行政法人国立病院機構東名古屋病院,1,1,1,0,0,0,1,0,,,,,
9800898,独立行政法人国立病院機構豊橋医療センター,2,1,2,0,0,0,1,0,,,,,
9900110,名古屋大学医学部附属病院,6,8,6,0,0,5,2,1,,,43684.0,17531.0,VERIFIED_NUMERIC
9900631,独立行政法人国立病院機構名古屋医療センター,3,3,3,0,0,1,2,0,,,28079.0,9092.0,VERIFIED_NUMERIC
7500227,偕行会リハビリテーション病院,1,0,0,1,0,0,0,0,,,,,
7400352,医療法人光寿会 光寿会リハビリテーション病院,1,0,0,1,0,0,0,0,,,,,
2801018,新川中央病院,1,0,0,0,1,0,0,0,,,,,
3400653,いたつ内科クリニック,1,0,0,1,0,0,0,0,,,,,
4201191,名古屋南脳神経外科クリニック,1,1,1,0,0,0,1,0,,,,,
5300372,さくら総合病院,2,1,2,0,0,0,1,0,,,,,
0100153,医療法人杏林会金岡病院,1,0,0,1,0,0,0,0,,,,,
0100187,医療法人慈友会堺山口病院,1,0,0,1,0,0,0,0,,,,,
0101896,公益財団法人浅香山病院,2,1,2,0,0,0,1,0,,,,,
0103462,独立行政法人労働者健康安全機構大阪労災病院,4,3,3,1,0,1,2,0,,,29128.0,10871.0,VERIFIED_NUMERIC
0105020,医療法人大泉会大仙病院,1,0,0,1,0,0,0,0,,,,,
0107380,医療法人朝日会朝日会病院,1,0,0,1,0,0,0,0,,,,,
0108313,医療法人錦秀会阪和第二泉北病院,2,2,0,2,0,0,2,0,,,,,
0109758,社会医療法人頌徳会日野病院,1,1,1,0,0,0,1,0,,,,,
0116795,医療法人恒進會泉北陣内病院,2,1,2,0,0,0,1,0,,,,,
0116811,医療法人藤田好生会堺フジタ病院,1,1,0,1,0,0,0,1,,,,,
0118403,医療法人いずみ会阪堺病院,1,1,1,0,0,0,1,0,,,,,
0118783,社会医療法人ペガサス馬場記念病院,2,2,2,0,0,0,2,0,,,,,
0119971,医療法人方佑会植木病院,1,0,1,0,0,0,0,0,,,,,
0120375,医療法人平治会大田クリニック,1,0,0,1,0,0,0,0,,,,,
0120532,医療法人良秀会泉北藤井病院,1,1,0,1,0,0,1,0,,,,,
0120912,医療法人錦秀会阪和第一泉北病院,1,0,0,1,0,0,0,0,,,,,
0121548,医療法人淳康会堺近森病院,1,0,0,1,0,0,0,0,,,,,
0121647,医療法人以和貴会 北条病院,1,0,0,1,0,0,0,0,,,,,
0123379,医療法人暁美会田中病院,1,1,1,0,0,0,1,0,,,,,
0200995,医療法人藤田会フジタ病院,1,0,0,0,0,0,0,0,,,,,
0201381,関西電力株式会社関西電力病院,3,2,2,0,0,1,1,0,,,,,
0203635,医療法人英仁会大阪ブレストクリニック,1,0,1,0,0,0,0,0,,,,,
0203890,医療法人啓信会大阪整形外科病院,1,1,1,0,0,1,0,0,,,,,
0204005,医療法人社団美咲会　えびえ記念病院,1,1,0,1,0,0,1,0,,,,,
0300449,医療法人一祐会藤本病院,1,1,0,1,0,0,0,1,,,,,
0302395,医療法人協仁会小松病院,1,1,1,0,0,0,1,0,,,,,
0302650,医療法人和敬会寝屋川南病院,1,0,0,0,1,0,0,0,,,,,
0303161,医療法人毅峰会青樹会病院,1,0,0,1,0,0,0,0,,,,,
0304029,社会医療法人山弘会上山病院,2,1,1,1,0,0,0,1,,,,,
0304805,医療法人拓真会仁和寺診療所,1,0,0,1,0,0,0,0,,,,,
0304946,医療法人河北会河北病院,1,0,0,1,0,0,0,0,,,,,
0305315,医療法人大慶会星光病院,1,1,1,0,0,0,1,0,,,,,
0305430,医療法人全心会寝屋川ひかり病院,1,1,1,0,0,0,0,1,,,,,
0305653,関西医科大学香里病院,1,1,1,0,0,0,1,0,,,,,
0305661,松島病院,1,0,0,1,0,0,0,0,,,,,
0305885,社会医療法人弘道会寝屋川生野病院,1,1,1,0,0,0,1,0,,,,,
0306461,医療法人道仁会道仁病院,1,0,0,1,0,0,0,0,,,,,
0306479,一般財団法人大阪府結核予防会大阪複十字病院,1,1,1,0,0,0,1,0,,,,,
0400546,医療法人龍神堂会龍神堂医院,1,1,1,0,0,0,0,1,,,,,
0402278,多根第二病院,1,0,0,1,0,0,0,0,,,,,
0402419,医療法人尚信会　整形外科河村医院,0,1,0,0,0,0,0,1,,,,,
0500527,医療法人和泉会和泉丘病院,1,0,0,0,0,0,0,0,,,,,
0501368,医療法人琴仁会光生病院,1,0,0,1,0,0,0,0,,,,,
0501848,社会医療法人啓仁会咲花病院,1,1,1,0,0,0,1,0,,,,,
0502820,医療法人守田会いぶきの病院,1,1,1,0,0,0,1,0,,,,,
0502879,地方独立行政法人大阪府立病院機構大阪母子医療センター,3,2,3,0,0,1,1,0,,,,,
0503612,和泉市立総合医療センター,3,2,2,1,0,1,1,0,,,,,
0503927,医療法人新仁会新仁会病院,1,0,0,1,0,0,0,0,,,,,
0503992,府中病院,1,1,1,0,0,1,0,0,,,,,
0600244,医療法人吉川會吉川病院,1,0,0,1,0,0,0,0,,,,,
0600624,泉大津市立周産期小児医療センター,1,1,1,0,0,0,1,0,,,,,
0600954,医療法人泉秀会かわい病院,1,1,0,0,0,0,0,1,,,,,
0601291,医療法人穂仁会原病院,1,0,0,1,0,0,0,0,,,,,
0602182,泉大津急性期メディカルセンター,3,2,2,1,0,2,0,0,,,,,
0700606,医療法人博我会滝谷病院,1,0,0,1,0,0,0,0,,,,,
0700721,老寿やすらぎ病院,1,0,0,1,0,0,0,0,,,,,
0701141,医療法人　孝仁会　澤田病院,1,0,0,1,0,0,0,0,,,,,
0701513,医療法人生登会　寺元記念病院,1,1,1,0,0,0,1,0,,,,,
0702024,医療法人柏友会柏友千代田クリニック,1,0,0,1,0,0,0,0,,,,,
0702529,医療法人敬任会南河内おか病院,1,1,1,0,0,0,1,0,,,,,
0805363,社会福祉法人愛徳福祉会南大阪小児リハビリテーション病院,1,0,0,1,0,0,0,0,,,,,
0805702,医療法人仁真会白鷺病院,1,0,1,0,0,0,0,0,,,,,
0806403,医療法人青洲会診療所,1,0,0,1,0,0,0,0,,,,,
0806924,医療法人西中医学会西中病院,1,1,0,0,1,0,0,1,,,,,
0807708,医療法人橘会東住吉森本病院,2,2,2,0,0,1,1,0,,,,,
0807799,医療法人淀井病院,1,0,0,1,0,0,0,0,,,,,
0808326,東和病院,1,0,1,0,0,0,0,0,,,,,
0900438,高槻赤十字病院,1,1,1,0,0,0,1,0,,,,,
0900503,大阪医科薬科大学病院,7,4,6,1,0,2,2,0,,,39525.0,16001.0,VERIFIED_NUMERIC
0902582,社会医療法人祐生会みどりヶ丘病院,1,1,1,0,0,0,1,0,,,,,
0903218,社会医療法人 愛仁会 高槻病院,4,3,4,0,0,2,1,0,,,23140.0,10207.0,VERIFIED_NUMERIC
0903259,医療法人庸愛会富田町病院,1,0,0,1,0,0,0,0,,,,,
0903788,医療法人祥佑会藤田胃腸科病院,1,0,1,0,0,0,0,0,,,,,
0904174,社会医療法人東和会第一東和会病院,2,2,2,0,0,1,1,0,,,,,
0904182,特定医療法人健和会うえだ下田部病院,1,1,0,1,0,0,1,0,,,,,
0904299,医療法人社団緑水会緑水会病院,1,0,0,1,0,0,0,0,,,,,
0905296,医療法人健栄会三康病院,1,0,0,1,0,0,0,0,,,,,
0906179,社会医療法人東和会　第二東和会病院,1,0,1,0,0,0,0,0,,,,,
0906641,社会医療法人仙養会北摂総合病院,1,1,1,0,0,1,0,0,,,,,
0907359,社会医療法人愛仁会　愛仁会リハビリテーション病院,1,0,1,0,0,0,0,0,,,,,
0907987,大阪医科薬科大学三島南病院,1,1,1,0,0,0,1,0,,,,,
1000022,公益財団法人大阪労働衛生センター第一病院,1,1,0,1,0,0,0,1,,,,,
1002044,公益財団法人淀川勤労者厚生協会附属西淀病院,1,1,1,0,0,0,1,0,,,,,
1002572,医療法人博悠会名取病院,1,1,0,1,0,0,1,0,,,,,
1003091,医療法人康和会苗加病院,1,0,0,0,0,0,0,0,,,,,
1003422,社会医療法人愛仁会千船病院,2,2,2,0,0,1,1,0,,,,,
1100640,社会福祉法人　寺田萬寿会　寺田萬寿病院,1,1,0,1,0,0,0,1,,,,,
1101143,医療法人聖志会渡辺病院,1,0,0,1,0,0,0,0,,,,,
1102521,医療法人阪南会天の川病院,1,0,0,1,0,0,0,0,,,,,
1103008,医療法人良秀会藤井病院,1,1,1,0,0,0,1,0,,,,,
1103560,医療法人吉栄会吉川病院,1,0,0,1,0,0,0,0,,,,,
1103750,医療法人晋救館和田病院,1,0,0,1,0,0,0,0,,,,,
1103826,医療法人宝山会小南記念病院,1,0,0,1,0,0,0,0,,,,,
1104048,医療法人徳洲会岸和田徳洲会病院,4,2,3,1,0,1,1,0,,,46274.0,11153.0,VERIFIED_NUMERIC
1105284,一般財団法人岸和田農友協会岸和田平成病院,1,0,0,1,0,0,0,0,,,,,
1105532,医療法人えいしん会岸和田リハビリテーション病院,1,0,0,1,0,0,0,0,,,,,
1200945,永山病院,1,1,0,1,0,0,1,0,,,,,
1201513,医療法人誠人会与田病院,1,0,0,1,0,0,0,0,,,,,
1301065,社会医療法人慈薫会河崎病院,1,1,1,0,0,0,1,0,,,,,
1301610,医療法人尚生会貝塚西出クリニック,1,1,0,1,0,0,1,0,,,,,
1301958,医療法人清名台外科,1,0,0,1,0,0,0,0,,,,,
1302030,医療法人徳洲会　貝塚記念病院,1,0,0,1,0,0,0,0,,,,,
1400313,医療法人華之会箕面中央病院,1,0,0,1,0,0,0,0,,,,,
1400347,北大阪医療生活協同組合照葉の里箕面病院,1,0,0,1,0,0,0,0,,,,,
1400453,医療法人ガラシア会ガラシア病院,1,0,0,1,0,0,0,0,,,,,
1402418,医療法人マックシール巽今宮病院,1,0,0,1,0,0,0,0,,,,,
1402467,医療法人清順堂ためなが温泉病院,1,0,0,1,0,0,0,0,,,,,
1402525,医療法人社団和風会千里リハビリテーション病院,1,0,0,1,0,0,0,0,,,,,
1402632,医療法人啓明会相原病院,1,0,0,1,0,0,0,0,,,,,
1402699,医療法人せいわ会彩都リハビリテーション病院,1,0,0,1,0,0,0,0,,,,,
1501649,医療法人 風早会 外科野﨑病院,1,1,1,0,0,0,0,1,,,,,
1502050,医療法人中本会中本病院,1,0,0,1,0,0,0,0,,,,,
1502506,医療法人野中会東成病院,1,0,0,1,0,0,0,0,,,,,
1504288,医療法人弘善会矢木脳神経外科病院,1,2,1,0,0,1,1,0,,,,,
1504726,社会医療法人明生会明生第二病院,1,0,0,1,0,0,0,0,,,,,
1504833,医療法人岩本診療所,1,0,0,1,0,0,0,0,,,,,
1504874,公道会病院,1,0,0,1,0,0,0,0,,,,,
1602983,医療法人ダイワ会大和病院,1,1,1,0,0,0,0,1,,,,,
1603346,医療法人甲聖会甲聖会紀念病院,1,0,0,1,0,0,0,0,,,,,
1603957,社会医療法人愛仁会井上病院,1,1,1,0,0,0,1,0,,,,,
1604153,医療法人協和会協和会病院,1,1,1,0,0,0,1,0,,,,,
1607149,社会福祉法人恩賜財団済生会支部大阪府済生会千里病院,2,2,2,0,0,0,2,0,,,,,
1607560,医療法人菊秀会皐月病院,1,0,0,1,0,0,0,0,,,,,
1608121,医療法人京優会北摂三木病院,1,0,0,1,0,0,0,0,,,,,
1608444,医療法人徳洲会吹田徳洲会病院,4,1,2,1,0,1,0,0,,,,,
1609392,市立吹田市民病院,3,2,2,1,0,0,2,0,,,,,
1700035,社会福祉法人四天王寺福祉事業団四天王寺病院,1,1,1,0,0,1,0,0,,,,,
1700753,大阪赤十字病院,6,3,5,1,0,2,1,0,,,41204.0,15244.0,VERIFIED_NUMERIC
1701702,医療法人社団湯川胃腸病院,1,0,0,1,0,0,0,0,,,,,
1703229,医療法人歓喜会辻外科リハビリテーション病院,2,1,0,1,0,0,0,1,,,,,
1704342,早石病院,1,1,1,0,0,0,0,1,,,,,
1800017,医療法人仁生会内藤病院,1,0,0,0,1,0,0,0,,,,,
1800397,公益社団法人日本海員掖済会大阪掖済会病院,1,1,1,0,0,0,1,0,,,,,
1802070,社会医療法人寿楽会大野記念病院,2,1,1,1,0,1,0,0,,,,,
1803201,多根総合病院,3,3,2,1,0,1,1,1,,,21401.0,5940.0,VERIFIED_NUMERIC
1803714,公益財団法人日本生命済生会日本生命病院,3,2,2,1,0,1,1,0,,,,,
1900353,医療法人仁泉会阪奈病院,1,1,0,1,0,0,0,1,,,,,
1901120,社会医療法人若弘会わかくさ竜間リハビリテーション病院,1,0,0,1,0,0,0,0,,,,,
1901146,医療法人藤井会大東中央病院,1,1,1,0,0,0,1,0,,,,,
1901740,医療法人仁泉会仁泉会病院,1,1,1,0,0,0,1,0,,,,,
1902060,医療法人惠和会惠和会総合クリニック,1,0,1,0,0,0,0,0,,,,,
1902102,医療法人徳洲会野崎徳洲会病院,2,2,2,0,0,1,1,0,,,,,
2005764,医療法人守田会オりオノ病院,1,0,0,1,0,0,0,0,,,,,
2006440,医療法人慈心会あびこ病院,1,1,0,1,0,0,0,1,,,,,
2006622,地方独立行政法人大阪府立病院機構大阪急性期・総合医療センター,7,4,6,1,0,1,3,0,,,37366.0,17685.0,VERIFIED_NUMERIC
2007448,越宗整形外科病院,2,0,1,1,0,0,0,0,,,,,
2007752,医療法人錦秀会阪和記念病院,2,2,2,0,0,1,1,0,,,,,
2204011,医療法人同仁会松崎病院,1,1,1,0,0,0,0,1,,,,,
2204235,医療法人同友会共和病院,1,1,1,0,0,0,1,0,,,,,
2204516,医療法人育和会育和会記念病院,1,1,1,0,0,1,0,0,,,,,
2204565,医療法人朝日会朝日生野病院,1,0,0,1,0,0,0,0,,,,,
2205406,医療法人アエバ会アエバ外科病院,1,1,0,1,0,0,1,0,,,,,
2205679,医療法人穂翔会村田病院,1,1,1,0,0,1,0,0,,,,,
2205687,医療法人相生会相生病院,1,0,1,0,0,0,0,0,,,,,
2205802,医療法人吉栄会吉栄会病院,1,0,0,1,0,0,0,0,,,,,
2206651,医療法人のぞみ会　新大阪病院,1,0,0,1,0,0,0,0,,,,,
2206776,今里ハートクリニック,1,0,1,0,0,0,0,0,,,,,
2207006,医療法人社団日翔会生野愛和病院,1,0,0,1,0,0,0,0,,,,,
2207352,医療法人邦和会　生野病院,1,0,0,0,1,0,0,0,,,,,
2304126,医療法人相愛会相原第二病院,1,0,1,0,0,0,0,0,,,,,
2305776,西日本旅客鉄道株式会社大阪鉄道病院,2,1,2,0,0,0,1,0,,,,,
2306089,医療法人恵登久会越川病院,1,1,0,1,0,0,0,1,,,,,
2306360,大阪公立大学医学部附属病院,5,4,5,0,0,4,0,0,,,40933.0,18910.0,VERIFIED_NUMERIC
2307954,医療法人　金子耳鼻咽喉科,1,0,0,0,0,0,0,0,,,,,
2401682,東香里病院,1,1,0,1,0,0,1,0,,,,,
2404959,医療法人松徳会松谷病院,1,0,0,1,0,0,0,0,,,,,
2405295,医療法人昭征会坂野病院,1,0,0,1,0,0,0,0,,,,,
2406244,社会医療法人美杉会佐藤病院,2,1,1,1,0,1,0,0,,,,,
2406319,医療法人大寿会大寿会病院,1,0,0,1,0,0,0,0,,,,,
2406327,医療法人中屋覚志会　津田病院,1,0,0,0,1,0,0,0,,,,,
2406970,関西医科大学附属病院,9,4,5,2,1,1,3,0,,,46496.0,19538.0,VERIFIED_NUMERIC
2407093,医療法人愛和会新世病院,1,1,0,1,0,0,1,0,,,,,
2407523,医療法人毅峰会吉田病院,1,0,0,1,0,0,0,0,,,,,
2407713,医療法人讃高会　枚方東整形外科病院,1,1,0,1,0,0,0,1,,,,,
2407945,社会医療法人みどり会中村病院,2,1,1,1,0,0,1,0,,,,,
2408174,市立ひらかた病院,3,2,2,1,0,1,1,0,,,,,
2408497,関西医科大学くずは病院,1,1,0,1,0,0,1,0,,,,,
2408604,医療法人（社団）有恵会 香里ヶ丘有恵会病院,1,1,1,0,0,0,1,0,,,,,
2408828,医療法人御殿山福田総合病院,1,1,0,1,0,0,1,0,,,,,
2409107,医療法人友隣会　友隣会メディカルケアクリニック,1,1,0,1,0,0,0,1,,,,,
2409156,医療法人北辰会天の川病院,1,1,1,0,0,0,1,0,,,,,
2409586,医療法人りんどう会向山病院,1,1,0,1,0,0,1,0,,,,,
2502364,医療法人互恵会池田回生病院,1,0,0,1,0,0,0,0,,,,,
2602099,医療法人孟仁会摂南総合病院,1,1,1,0,0,1,0,0,,,,,
2603303,社会医療法人 ONE FLAG牧リハビリテーション病院,1,0,0,1,0,0,0,0,,,,,
2603444,社会医療法人弘道会萱島生野病院,1,1,1,0,0,0,1,0,,,,,
2603774,医療法人正幸会正幸会病院,1,0,0,1,0,0,0,0,,,,,
2603923,社会医療法人蒼生会蒼生病院,1,1,0,1,0,0,1,0,,,,,
2700570,医療法人彰療会大正病院,1,1,0,1,0,0,1,0,,,,,
2702063,医療法人港南会金城外科脳神経外科,1,0,0,1,0,0,0,0,,,,,
2801816,医療法人義方会大津病院,1,0,0,0,1,0,0,0,,,,,
2802459,社会福祉法人大阪暁明館大阪暁明館病院,1,1,1,0,0,0,1,0,,,,,
3007405,医療法人若葉会淀川若葉会病院,1,0,0,1,0,0,0,0,,,,,
3007421,宗教法人在日本南プレスビテリアンミッション淀川キリスト教病院,4,3,3,1,0,1,2,0,,,25124.0,12785.0,VERIFIED_NUMERIC
3007603,医療法人成仁会成仁会病院,1,0,1,0,0,0,0,0,,,,,
3007793,淀川平成病院,1,0,0,1,0,0,0,0,,,,,
3102545,社会医療法人真美会大阪旭こども病院,1,0,1,0,0,0,0,0,,,,,
3102701,医療法人藤仁会藤立病院,1,1,0,1,0,0,0,1,,,,,
3102776,医療法人永寿会福島病院,1,1,1,0,0,0,0,1,,,,,
3103717,医療法人松仁会明徳病院,1,0,0,1,0,0,0,0,,,,,
3104251,社会医療法人ONE FLAG牧病院,1,1,1,0,0,0,1,0,,,,,
3200703,学校法人関西医科大学関西医科大学総合医療センター,5,2,5,0,0,1,1,0,,,23539.0,9291.0,VERIFIED_NUMERIC
3202600,パナソニック健康保険組合松下記念病院,3,2,2,0,0,1,1,0,,,,,
3204192,社会医療法人彩樹守口敬仁会病院,1,1,1,0,0,0,1,0,,,,,
3204341,社会医療法人弘道会守口生野記念病院,2,1,2,0,0,0,1,0,,,,,
3205116,医療法人愛泉会愛泉会病院,1,0,0,1,0,0,0,0,,,,,
3205363,医療法人清水会　もりぐち清水会病院,1,1,0,1,0,0,1,0,,,,,
3301543,一般社団法人津守病院,1,0,0,1,0,0,0,0,,,,,
3303325,医療法人弘仁会まちだ胃腸病院,1,0,0,1,0,0,0,0,,,,,
3304158,社会医療法人山紀会山本第三病院,1,1,1,0,0,0,1,0,,,,,
3305676,医療法人生樹会渡辺病院,1,0,0,0,1,0,0,0,,,,,
3305692,医療法人ダイワ会大和中央病院,1,1,1,0,0,0,0,1,,,,,
3305718,医療法人嘉健会思温病院,1,0,1,0,0,0,0,0,,,,,
3306500,社会医療法人杏樹会杏林記念病院,1,0,0,1,0,0,0,0,,,,,
3307177,大阪社会医療センター付属病院,1,0,1,0,0,0,0,0,,,,,
3307201,医療法人愛壽会　愛壽記念病院,1,0,0,1,0,0,0,0,,,,,
3402119,医療法人ラポール会青山病院,1,0,1,0,0,0,0,0,,,,,
3402648,医療法人ラポール会青山脳神経外科病院,1,2,1,0,0,1,1,0,,,,,
3402796,医療法人真世会佐井胃腸科肛門科,1,0,0,1,0,0,0,0,,,,,
3402937,医療法人ラポール会青山藤ヶ丘病院,1,0,1,0,0,0,0,0,,,,,
3601140,医療法人和敬会星田南病院,1,0,1,0,0,0,0,0,,,,,
3601835,社会医療法人信愛会交野病院,1,1,1,0,0,1,0,0,,,,,
3701072,摂津ひかり病院,1,0,1,0,0,0,0,0,,,,,
3701122,医療法人医誠会摂津医誠会病院,1,1,1,0,0,0,1,0,,,,,
3701460,医療法人若葉会昭和病院,1,0,0,1,0,0,0,0,,,,,
3701643,医療法人　千里厚生会　千里丘中央病院,1,0,0,1,0,0,0,0,,,,,
3800965,運動器ケア しまだ病院,1,2,1,0,0,1,1,0,,,,,
3801054,医療法人昌円会高村病院,1,1,1,0,0,0,0,1,,,,,
3801393,医療法人颯仁会しらとり病院,1,1,1,0,0,0,1,0,,,,,
3801583,医療法人愛幸会天仁病院,1,0,0,1,0,0,0,0,,,,,
3802094,地方独立行政法人大阪府立病院機構大阪はびきの医療センター,2,2,2,0,0,1,1,0,,,,,
3802102,医療法人春秋会城山病院,2,2,2,0,0,1,1,0,,,,,
3900971,医療法人正真会大村耳鼻咽喉科,1,0,0,0,0,0,0,0,,,,,
4006497,公益財団法人唐澤記念会大阪脳神経外科病院,1,1,0,1,0,0,1,0,,,,,
4009525,医療法人豊成会豊中脳神経外科クリニック,1,1,0,1,0,0,1,0,,,,,
4009806,医療法人篤友会坂本病院分院,1,0,0,1,0,0,0,0,,,,,
4010028,医療法人かくいわ会岩野耳鼻咽喉科,1,0,0,0,1,0,0,0,,,,,
4010978,医療法人篤友会関西リハビリテーション病院,0,1,0,0,0,0,0,1,,,,,
4011414,医療法人若葉会豊中若葉会病院,1,1,0,1,0,0,1,0,,,,,
4011653,医療法人康生会平成記念病院,1,0,0,1,0,0,0,0,,,,,
4011851,医療法人協和会千里中央病院,1,0,1,0,0,0,0,0,,,,,
4011992,医療法人康生会豊中平成病院,1,0,0,1,0,0,0,0,,,,,
4012362,医療法人篤友会坂本病院,1,0,1,0,0,0,0,0,,,,,
4013188,社会医療法人彩樹豊中敬仁会病院,1,1,1,0,0,0,1,0,,,,,
4013329,社会医療法人純幸会関西メディカル病院,2,1,2,0,0,1,0,0,,,,,
4013923,医療法人篤友会千里山病院,1,1,0,1,0,0,0,1,,,,,
4014616,医療法人善正会上田病院,1,1,0,1,0,0,1,0,,,,,
4102734,社会医療法人行岡医学研究会行岡病院,1,1,1,0,0,0,1,0,,,,,
4104854,社会医療法人協和会加納総合病院,1,2,1,0,0,1,1,0,,,,,
4107535,一般財団法人住友病院,6,3,3,3,0,1,2,0,,,28184.0,7375.0,VERIFIED_NUMERIC
4107774,公益財団法人田附興風会医学研究所北野病院,3,5,3,0,0,1,4,0,,,33089.0,18493.0,VERIFIED_NUMERIC
4112055,医療法人伯鳳会大阪中央病院,1,1,1,0,0,0,1,0,,,,,
4113145,社会福祉法人恩賜財団済生会支部大阪府済生会大阪北リハビリテーション病院,1,0,0,1,0,0,0,0,,,,,
4113400,医療法人医誠会医誠会国際総合病院,7,4,5,0,0,3,1,0,,,21816.0,6133.0,VERIFIED_NUMERIC
4113715,医療法人渡辺医学会桜橋渡辺未来医療病院,2,1,2,0,0,1,0,0,,,,,
4201064,医療法人恒昭会藍野病院,1,1,1,0,0,0,1,0,,,,,
4205628,社会福祉法人恩賜財団大阪府済生会茨木病院,1,1,1,0,0,0,1,0,,,,,
4206089,医療法人友紘会 彩都友紘会病院,1,1,1,0,0,0,1,0,,,,,
4206865,医療法人成和会ほうせんか病院,1,0,1,0,0,0,0,0,,,,,
4207236,医療法人恵仁会田中病院,2,1,0,2,0,0,1,0,,,,,
4207483,医療法人成和会北大阪ほうせんか病院,1,1,1,0,0,0,1,0,,,,,
4207491,医療法人和倉会サンタマリア病院,1,0,0,1,0,0,0,0,,,,,
4207640,社会医療法人祐生会茨木みどりヶ丘病院,1,1,0,1,0,0,1,0,,,,,
4207665,医療法人友紘会友紘会総合病院,1,1,1,0,0,0,1,0,,,,,
4207806,医療法人京優会谷川記念病院,1,1,0,1,0,0,0,1,,,,,
4207822,社会医療法人東和会　東和会いばらき病院,1,0,0,1,0,0,0,0,,,,,
4301864,社会医療法人寿会富永病院,2,4,2,0,0,3,1,0,,,8439.0,27954.0,VERIFIED_NUMERIC
4302599,なにわ病院,1,0,0,1,0,0,0,0,,,,,
4302631,社会福祉法人石井記念愛染園附属愛染橋病院,1,1,1,0,0,0,1,0,,,,,
4303134,社会医療法人弘道会なにわ生野病院,2,1,1,1,0,1,0,0,,,,,
4402746,医療法人有光会サトウ病院,1,1,0,1,0,0,0,1,,,,,
4403546,社会福祉法人大阪福祉事業財団すみれ病院,1,0,1,0,0,0,0,0,,,,,
4403678,社会医療法人大道会ボバース記念病院,1,0,0,1,0,0,0,0,,,,,
4405004,医療法人誠真会関目病院,1,1,0,1,0,0,0,1,,,,,
4405723,社会医療法人大道会森之宮病院,1,1,1,0,0,1,0,0,,,,,
4406135,社会福祉法人恩賜財団大阪府済生会野江病院,2,2,2,0,0,1,1,0,,,,,
4406671,社会医療法人 ONE FLAG　おおさかグローバル整形外科病院,1,1,1,0,0,1,0,0,,,,,
4407240,東大阪病院,1,1,1,0,0,0,1,0,,,,,
4500978,医療法人康生会泉佐野優人会病院,1,0,0,1,0,0,0,0,,,,,
4501729,医療法人青松記念病院,1,0,1,0,0,0,0,0,,,,,
4502131,医療法人良秀会泉南藤井病院,1,0,0,1,0,0,0,0,,,,,
4502263,医療法人桂信会羽原病院,1,0,0,1,0,0,0,0,,,,,
4502370,社会医療法人栄公会佐野記念病院,1,1,0,1,0,0,1,0,,,,,
4502438,りんくう総合医療センター,4,2,3,0,1,1,1,0,,,22395.0,7987.0,VERIFIED_NUMERIC
4502826,医療法人龍志会ＩＧＴクリニック,4,0,2,2,0,0,0,0,,,,,
4502883,りんくう永山病院,1,0,0,1,0,0,0,0,,,,,
4502958,医療法人徳洲会東佐野病院,1,0,0,1,0,0,0,0,,,,,
4600018,市立柏原病院,1,1,1,0,0,0,1,0,,,,,
4801442,社会医療法人垣谷会明治橋病院,1,1,1,0,0,1,0,0,,,,,
4801913,医療法人徳洲会松原徳洲会病院,2,1,2,0,0,1,0,0,,,,,
4802051,医療法人邦英会寺下病院,1,0,0,1,0,0,0,0,,,,,
4802226,阪南中央病院,1,1,1,0,0,0,1,0,,,,,
4802887,医療法人OST伊藤クリニック,1,1,0,1,0,0,1,0,,,,,
4900483,一般財団法人成研会結のぞみ病院,1,1,0,1,0,0,0,1,,,,,
4900855,富田林田中病院,1,0,0,1,0,0,0,0,,,,,
4900988,医療法人正清会金剛病院,1,0,0,0,1,0,0,0,,,,,
4901408,医療法人昭仁会小川外科,1,0,0,1,0,0,0,0,,,,,
4902034,医療法人宝生会ＰＬ病院,2,2,2,0,0,1,1,0,,,,,
4902497,社会福祉法人恩賜財団大阪府済生会富田林病院,2,1,2,0,0,0,1,0,,,,,
5001661,医療法人仁風会牧野病院,1,1,0,1,0,0,0,1,,,,,
5003675,医療法人社団丸山会八戸の里病院,1,1,0,1,0,0,1,0,,,,,
5003956,医療法人渡辺会渡辺病院,1,0,0,1,0,0,0,0,,,,,
5004194,医療法人清和会ながはら病院,1,0,0,1,0,0,0,0,,,,,
5005571,社会医療法人若弘会若草第一病院,1,2,1,0,0,1,1,0,,,,,
5005613,医療法人河内友紘会河内総合病院,1,1,1,0,0,0,1,0,,,,,
5005753,医療福祉生活協同組合おおさか 東大阪生協病院,1,1,1,0,0,0,1,0,,,,,
5005787,医療法人藤井会 石切生喜病院,3,2,3,0,0,1,1,0,,,,,
5007809,医療法人康生会弥刀中央病院,1,0,0,1,0,0,0,0,,,,,
5009128,医療法人宝持会池田病院,1,1,1,0,0,0,1,0,,,,,
5009292,医療法人藤井会　枚岡病院,1,0,0,1,0,0,0,0,,,,,
5011686,医療法人深緑会田邊整形外科医院,0,1,0,0,0,0,0,1,,,,,
5011959,医療法人孟仁会東大阪山路病院,1,1,1,0,0,0,1,0,,,,,
5012783,医療法人徳洲会東大阪徳洲会病院,1,0,0,1,0,0,0,0,,,,,
5013617,市立東大阪医療センター,3,2,3,0,0,2,0,0,,,,,
5201576,医療法人京昭会ツヂ病院,1,0,0,1,0,0,0,0,,,,,
5201766,医療法人新明会神原病院,1,0,1,0,0,0,0,0,,,,,
5201774,社会医療法人明生会明生病院,1,0,1,0,0,0,0,0,,,,,
5202012,医療法人正和会協和病院,1,1,0,1,0,0,1,0,,,,,
5202483,医療法人桜希会東朋病院,1,0,0,1,0,0,0,0,,,,,
5202772,医療法人尽生会聖和病院,1,1,0,1,0,0,0,1,,,,,
5203812,医療法人正正会分野病院,1,0,0,1,0,0,0,0,,,,,
5204364,大阪市立総合医療センター,5,3,4,1,0,2,1,0,,,37631.0,12430.0,VERIFIED_NUMERIC
5301566,医療法人医進会高石加茂病院,1,0,1,0,0,0,0,0,,,,,
5301848,医療法人良秀会高石藤井病院,1,1,1,0,0,0,1,0,,,,,
5401051,医療法人穂仁会聖祐病院,1,0,0,1,0,0,0,0,,,,,
5401085,医療法人社団EMIFULLただおかメディカルクリニック,1,0,1,0,0,0,0,0,,,,,
5501652,医療法人貴島会貴島病院本院,1,1,1,0,0,0,1,0,,,,,
5503575,医療法人阪本医院,1,0,0,1,0,0,0,0,,,,,
5504573,医真会八尾総合病院,1,1,1,0,0,0,1,0,,,,,
5504730,医療法人貴医会貴島中央病院,1,1,1,0,0,0,0,1,,,,,
5505604,八尾はぁとふる病院,1,0,0,0,1,0,0,0,,,,,
5506313,医療法人桜希会東朋八尾病院,1,1,1,0,0,0,1,0,,,,,
5506396,医療法人徳洲会八尾徳洲会総合病院,4,3,2,2,0,1,2,0,,,27127.0,8617.0,VERIFIED_NUMERIC
5506610,医療法人永光会新井クリニック,1,0,0,1,0,0,0,0,,,,,
5507428,医真会八尾リハビリテーション病院,1,0,1,0,0,0,0,0,,,,,
5600827,医療法人白卯会白井病院,1,1,0,1,0,0,1,0,,,,,
5601171,医療法人功徳会泉南泉南大阪晴愛病院,1,1,0,1,0,0,1,0,,,,,
5601296,医療法人晴心会野上病院,1,1,1,0,0,0,1,0,,,,,
5601478,医療法人功徳会大阪晴愛病院,1,0,0,1,0,0,0,0,,,,,
5601502,和泉南病院,1,0,0,1,0,0,0,0,,,,,
5701377,社会医療法人信愛会畷生会脳神経外科病院,1,2,1,0,0,1,1,0,,,,,
5701526,医療法人藤井会北河内藤井病院,1,0,1,0,0,0,0,0,,,,,
5805103,社会医療法人緑風会 緑風会病院,1,1,1,0,0,0,1,0,,,,,
5807505,医療法人松仁会松井記念病院,1,0,0,1,0,0,0,0,,,,,
5808065,医療法人豊旺会共立病院,1,0,0,1,0,0,0,0,,,,,
5808131,医療法人五月会平野若葉会病院,1,1,0,1,0,0,1,0,,,,,
5808529,医療法人高遼会高遼会病院,1,1,0,1,0,0,1,0,,,,,
5809808,医療法人徳洲会正和病院,1,0,0,1,0,0,0,0,,,,,
5902504,社会医療法人景岳会南大阪病院,1,1,1,0,0,1,0,0,,,,,
5904476,医療法人健正会浜崎医院,1,0,1,0,0,0,0,0,,,,,
5905051,社会医療法人三宝会南港病院,1,0,0,1,0,0,0,0,,,,,
5905598,医療法人讃和会友愛会病院,1,2,1,0,0,0,2,0,,,,,
5905960,医療法人慈心会咲洲病院,1,0,0,1,0,0,0,0,,,,,
6000613,耳原総合病院,2,1,2,0,0,0,1,0,,,,,
6100207,南堺病院,1,1,1,0,0,0,1,0,,,,,
6100314,ベルランド総合病院,4,3,3,1,0,2,1,0,,,30090.0,11605.0,VERIFIED_NUMERIC
6100330,医療法人 邦徳会 邦和病院,1,1,1,0,0,0,1,0,,,,,
6100512,医療法人恵泉会堺平成病院,1,1,1,0,0,0,1,0,,,,,
6300369,医療法人達瑛会鳳胃腸病院,1,0,0,1,0,0,0,0,,,,,
6300385,ベルピアノ病院,1,0,0,1,0,0,0,0,,,,,
6300583,堺市立総合医療センター,4,2,3,1,0,0,2,0,,,34587.0,10869.0,VERIFIED_NUMERIC
6400482,社会医療法人啓仁会堺咲花病院,2,1,2,0,0,0,1,0,,,,,
6500141,タマダ病院,1,0,0,0,1,0,0,0,,,,,
6500596,堺若葉会病院,1,1,0,1,0,0,1,0,,,,,
6500703,医療法人紀和会正風病院,1,1,0,1,0,0,1,0,,,,,
9102853,北大阪医療生活協同組合十三病院,1,0,0,1,0,0,0,0,,,,,
9105252,社会医療法人協和会北大阪病院,1,1,1,0,0,0,1,0,,,,,
9107217,東淀川病院,1,1,0,1,0,0,0,1,,,,,
9107662,大阪回生病院,1,1,1,0,0,1,0,0,,,,,
9107779,貴生病院,1,0,1,0,0,0,0,0,,,,,
9108009,医療法人秀壮会秀壮会クリニック,1,0,0,1,0,0,0,0,,,,,
9108413,大阪市立十三市民病院,1,1,1,0,0,0,1,0,,,,,
9109171,革島病院,1,0,0,1,0,0,0,0,,,,,
9202877,社会医療法人盛和会本田病院,1,1,1,0,0,0,0,1,,,,,
9203263,医療法人仁和会和田病院,1,0,0,1,0,0,0,0,,,,,
9203529,医療法人正和会新協和病院,1,0,0,1,0,0,0,0,,,,,
9204394,医療福祉生活協同組合おおさか　コープおおさか病院,1,0,1,0,0,0,0,0,,,,,
9204766,医療法人津樹会城東病院,1,0,1,0,0,0,0,0,,,,,
9204824,社会医療法人ささき会藍の都脳神経外科病院,1,2,1,0,0,1,1,0,,,,,
9205094,医療法人恵彰会三和病院,1,0,0,1,0,0,0,0,,,,,
9300432,医療法人樫本会樫本病院,1,1,1,0,0,0,1,0,,,,,
9300523,社会医療法人さくら会さくら会病院,1,1,0,1,0,0,1,0,,,,,
9300838,医療法人恒昭会青葉丘病院,1,1,1,0,0,0,1,0,,,,,
9402444,医療法人脳神経外科日本橋病院,1,1,0,1,0,1,0,0,,,,,
9405652,医療法人財団厚生会高津病院,1,0,0,1,0,0,0,0,,,,,
9409506,地方独立行政法人大阪府立病院機構大阪国際がんセンター,6,3,5,1,0,2,1,0,,,27879.0,9263.0,VERIFIED_NUMERIC
9500064,玉井病院,1,1,0,1,0,0,1,0,,,,,
9500585,医療法人交詢医会大阪リハビリテーション病院,1,0,0,1,0,0,0,0,,,,,
9500676,医療法人なぎさ会第二なぎさクリニック,1,0,0,1,0,0,0,0,,,,,
9600021,独立行政法人地域医療機能推進機構大阪病院,2,2,2,0,0,1,1,0,,,,,
9600039,独立行政法人地域医療機能推進機構星ヶ丘医療センター,2,2,2,0,0,1,1,0,,,,,
9600047,国家公務員共済組合連合会大手前病院,2,2,2,0,0,0,2,0,,,,,
9600054,国家公務員共済組合連合会枚方公済病院,1,1,1,0,0,0,1,0,,,,,
9600070,社会福祉法人恩賜財団済生会支部大阪府済生会中津病院,2,3,2,0,0,1,2,0,,,,,
9600179,独立行政法人地域医療機能推進機構大阪みなと中央病院,1,1,1,0,0,0,1,0,,,,,
9800118,大阪市立弘済院附属病院,1,1,1,0,0,0,1,0,,,,,
9800233,市立貝塚病院,1,1,1,0,0,1,0,0,,,,,
9801124,箕面市立病院,2,2,2,0,0,1,1,0,,,,,
9801223,社会医療法人生長会阪南市民病院,1,1,1,0,0,0,1,0,,,,,
9801421,市立岸和田市民病院,3,2,2,1,0,1,1,0,,,,,
9801470,市立池田病院,3,2,2,1,0,1,1,0,,,,,
9801504,市立豊中病院,3,2,2,1,0,1,1,0,,,,,
9801512,大阪府立中河内救命救急センター,1,1,1,0,0,0,1,0,,,,,
9801686,八尾市立病院,3,2,3,0,0,1,1,0,,,,,
9900017,独立行政法人国立病院機構大阪医療センター,5,2,3,2,0,1,1,0,,,19922.0,8905.0,VERIFIED_NUMERIC
9900025,独立行政法人国立病院機構大阪南医療センター,3,2,3,0,0,1,1,0,,,,,
9900108,独立行政法人国立病院機構 大阪刀根山医療センター,2,1,1,1,0,0,1,0,,,,,
9900116,独立行政法人国立病院機構近畿中央呼吸器センター,2,1,2,0,0,0,1,0,,,,,
9900249,大阪大学医学部附属病院,12,6,6,0,0,3,2,1,,,32779.0,10560.0,VERIFIED_NUMERIC
9900256,国立研究開発法人国立循環器病研究センター,3,4,3,0,0,4,0,0,,,1650.0,840.0,VERIFIED_NUMERIC
6000662,清恵会病院,2,2,2,0,0,1,1,0,,,,,
2401435,社会福祉法人枚方療育園,1,0,1,0,0,0,0,0,,,,,
6000407,堺市立重症心身障害者（児）支援センター,1,0,0,1,0,0,0,0,,,,,
0111043,医療法人芝蘭会 今村病院,1,1,1,0,0,0,1,0,,,,,
0114369,明野中央病院,2,1,0,1,0,0,1,0,,,,,
0114765,大分泌尿器科病院,1,0,0,1,0,0,0,0,,,,,
0114864,大分健生病院,1,0,0,1,0,0,0,0,,,,,
0115317,医療法人 社団三杏会 仁医会病院,1,1,1,0,0,0,1,0,,,,,
0115457,大分共立病院,1,0,1,0,0,0,0,0,,,,,
0115531,えとう内科病院,1,0,0,1,0,0,0,0,,,,,
0115564,大分県勤労者医療生活協同組合 大分協和病院,1,0,0,1,0,0,0,0,,,,,
0115606,有田胃腸病院,1,1,1,0,0,0,1,0,,,,,
0115622,永冨脳神経外科病院,1,2,1,0,0,1,1,0,,,,,
0115788,大分岡病院,2,1,2,0,0,0,1,0,,,,,
0116380,近藤整形外科,0,1,0,0,0,0,0,1,,,,,
0116398,松坂さとう消化器内科,1,0,0,1,0,0,0,0,,,,,
0116463,辛島内科・消化器内科,1,0,0,1,0,0,0,0,,,,,
0116489,大分整形外科病院,2,2,1,0,0,0,2,0,,,,,
0116521,織部病院,1,0,0,1,0,0,0,0,,,,,
0116687,織部消化器科,1,0,0,1,0,0,0,0,,,,,
0116968,仙波整形外科,1,1,0,1,0,0,0,1,,,,,
0116976,ハートクリニック,2,0,1,1,0,0,0,0,,,,,
0117420,医療法人佐藤クリニック,1,0,0,0,0,0,0,0,,,,,
0117487,小深田消化器病院,1,1,0,1,0,0,0,1,,,,,
0117925,社会医療法人財団天心堂へつぎ病院,1,1,1,0,0,0,1,0,,,,,
0118105,織部泌尿器科,1,0,0,1,0,0,0,0,,,,,
0118121,心葉消化器外科,1,0,0,1,0,0,0,0,,,,,
0118618,わさだかかりつけ医院泌尿器科クリニック,1,0,0,1,0,0,0,0,,,,,
0118659,だいかく病院,1,0,0,1,0,0,0,0,,,,,
0118790,井野辺府内クリニック,1,0,0,0,1,0,0,0,,,,,
0118816,井野辺病院,1,1,1,0,0,0,1,0,,,,,
0119319,大分こども病院,1,0,1,0,0,0,0,0,,,,,
0120168,医療法人 堀耳鼻咽喉科クリニック,1,0,0,0,0,0,0,0,,,,,
0120184,塚川第一病院,1,0,1,0,0,0,0,0,,,,,
0120325,うえお乳腺外科,1,0,0,1,0,0,0,0,,,,,
0120440,社会医療法人関愛会 佐賀関病院,1,1,0,1,0,0,0,1,,,,,
0120531,朋友クリニック,1,0,0,0,0,0,0,0,,,,,
0120556,大分リハビリテーション病院,1,1,0,1,0,0,1,0,,,,,
0120622,大分三愛メディカルセンター,1,1,1,0,0,0,1,0,,,,,
0121059,大場整形外科,1,2,0,1,0,0,1,1,,,,,
0121091,大分市医師会立アルメイダ病院,2,2,2,0,0,1,1,0,,,,,
0121158,オアシス第一病院,1,1,0,1,0,0,1,0,,,,,
0121802,医療法人いつわ会 藤島病院,1,0,0,1,0,0,0,0,,,,,
0122040,うちのう整形外科,1,1,0,1,0,0,0,1,,,,,
0122255,医療法人輝心会 大分循環器病院,1,0,1,0,0,0,0,0,,,,,
0122339,永冨記念病院,1,0,0,0,0,0,0,0,,,,,
0122420,坂ノ市病院,1,0,0,1,0,0,0,0,,,,,
0122859,あべ胃腸病内視鏡クリニック,1,0,0,1,0,0,0,0,,,,,
0122875,医療法人　慈善会　膳所病院,1,0,0,1,0,0,0,0,,,,,
0123188,たかはし泌尿器科,1,0,0,1,0,0,0,0,,,,,
0123253,河野脳神経外科病院,1,2,1,0,0,1,1,0,,,,,
0123550,社会医療法人恵愛会 大分中村病院,2,1,1,1,0,0,1,0,,,,,
0123782,大嶋医院,1,0,0,1,0,0,0,0,,,,,
0210084,国家公務員共済組合連合会 新別府病院,2,1,2,0,0,0,1,0,,,,,
0210654,中村病院,1,1,0,1,0,0,1,0,,,,,
0211256,大分県厚生連鶴見病院,3,2,2,1,0,0,2,0,,,,,
0211306,別府中央病院,1,1,0,1,0,0,1,0,,,,,
0212098,黒木記念病院,1,1,0,1,0,0,1,0,,,,,
0212403,農協共済別府リハビリテーションセンター,1,0,1,0,0,0,0,0,,,,,
0213369,村上脳神経内科クリニック,1,1,0,1,0,0,0,1,,,,,
0213419,別府湾腎泌尿器病院,1,1,0,1,0,0,1,0,,,,,
0213526,内田病院,1,1,0,1,0,0,1,0,,,,,
0213708,畑病院,1,0,0,1,0,0,0,0,,,,,
0214177,石垣病院,1,0,0,1,0,0,0,0,,,,,
0214201,児玉病院,1,0,0,1,0,0,0,0,,,,,
0214367,清瀬病院,1,0,0,1,0,0,0,0,,,,,
0214755,医療法人百善会 村橋病院,1,0,0,1,0,0,0,0,,,,,
0214839,野口病院,2,1,0,1,1,0,1,0,,,,,
0214961,久保田クリニック,1,0,0,1,0,0,0,0,,,,,
0215059,医療法人財団親幸会浜脇記念病院,1,0,0,1,0,0,0,0,,,,,
0215190,児玉耳鼻咽喉科クリニック,1,0,0,0,0,0,0,0,,,,,
0311643,中津胃腸病院,1,0,1,0,0,0,0,0,,,,,
0311825,酒井病院,1,1,0,0,1,0,0,1,,,,,
0311833,松永循環器病院,1,0,1,0,0,0,0,0,,,,,
0312021,医療法人社団内尾整形外科医院,0,1,0,0,0,0,0,1,,,,,
0312153,中津市立中津市民病院,2,1,1,1,0,0,1,0,,,,,
0312237,梶原病院,1,1,0,1,0,0,0,1,,,,,
0312450,まつざきクリニック,1,1,0,1,0,0,1,0,,,,,
0312526,中津脳神経外科病院,1,1,1,0,0,0,1,0,,,,,
0312641,中津第一病院,1,0,0,1,0,0,0,0,,,,,
0312682,川嶌整形外科病院,1,1,0,1,0,0,0,1,,,,,
0410882,医療法人鶴陽会岩尾病院,1,0,0,1,0,0,0,0,,,,,
0410916,医療法人咸宜会日田中央病院,1,1,1,0,0,0,1,0,,,,,
0410965,医療法人豊堂岩尾整形外科病院,1,1,0,1,0,0,1,0,,,,,
0411450,医療法人利光会 五反田病院,1,1,0,1,0,0,1,0,,,,,
0411500,大分県済生会 日田病院,2,1,1,1,0,0,1,0,,,,,
0411591,一ノ宮脳神経外科病院,1,2,1,0,0,1,1,0,,,,,
0411898,若宮病院,1,1,0,1,0,0,0,1,,,,,
0412045,医療法人愛幸会 原病院,1,0,0,1,0,0,0,0,,,,,
0412318,聖陵岩里病院,1,1,1,0,0,0,1,0,,,,,
0510855,社会医療法人長門莫記念会 長門記念病院,1,1,1,0,0,0,1,0,,,,,
0511416,佐伯中央病院,1,1,0,1,0,0,1,0,,,,,
0511549,曽根病院,1,1,0,1,0,0,1,0,,,,,
0511952,御手洗病院,1,0,0,1,0,0,0,0,,,,,
0512190,西田病院,1,1,1,0,0,0,1,0,,,,,
0512265,独立行政法人地域医療機能推進機構 南海医療センター,1,1,1,0,0,0,1,0,,,,,
0611083,臼杵市医師会立コスモス病院,1,1,1,0,0,0,1,0,,,,,
0611133,白川病院,1,0,0,1,0,0,0,0,,,,,
0611448,臼杵病院,1,0,0,1,0,0,0,0,,,,,
0710620,津久見市医師会立津久見中央病院,1,1,0,1,0,0,1,0,,,,,
0810412,竹田医師会病院,1,1,0,1,0,0,1,0,,,,,
0810719,大久保病院,1,1,1,0,0,0,1,0,,,,,
0910485,高田中央病院,1,1,1,0,0,0,1,0,,,,,
0910592,玄々堂高田病院,1,1,0,1,0,0,0,1,,,,,
1010210,医療法人恵友会　杵築中央病院,1,0,1,0,0,0,0,0,,,,,
1010632,杵築市立山香病院,1,1,1,0,0,0,1,0,,,,,
1110440,医療法人明徳会佐藤第一病院,1,1,1,0,0,0,1,0,,,,,
1110705,宇佐高田医師会病院,1,1,1,0,0,0,0,1,,,,,
1110887,小野内科病院,1,0,0,1,0,0,0,0,,,,,
1110978,和田病院,1,0,1,0,0,0,0,0,,,,,
1111018,医療法人藤心会 黒田整形外科,0,1,0,0,0,0,0,1,,,,,
1111042,宇佐中央内科病院,1,0,0,1,0,0,0,0,,,,,
1111067,玄々堂泌尿器科,1,0,0,1,0,0,0,0,,,,,
1111109,玄々堂整形外科,0,1,0,0,0,0,0,1,,,,,
1111471,宗像医院,1,0,0,1,0,0,0,0,,,,,
1210141,土生医院,1,0,0,1,0,0,0,0,,,,,
1210182,福島病院,1,0,1,0,0,0,0,0,,,,,
1210299,豊後大野市民病院,1,1,1,0,0,0,1,0,,,,,
1210406,ごとう消化器科・内科クリニック,1,0,0,1,0,0,0,0,,,,,
1210448,ふじしま内科,1,0,0,1,0,0,0,0,,,,,
1210505,帰巖会 みえ病院,1,1,1,0,0,0,1,0,,,,,
1310016,独立行政法人地域医療機能推進機構 湯布院病院,1,1,1,0,0,0,1,0,,,,,
1310040,日野病院,1,0,0,1,0,0,0,0,,,,,
1310099,ごとう医院,1,0,0,1,0,0,0,0,,,,,
1310115,佐藤医院,1,0,0,1,0,0,0,0,,,,,
1310156,さとう消化器・大腸肛門クリニック,1,0,0,1,0,0,0,0,,,,,
1310164,宮崎医院,1,0,0,1,0,0,0,0,,,,,
1310172,医療法人何松内科循環器科,1,0,0,0,1,0,0,0,,,,,
1310305,岩男医院,1,0,0,1,0,0,0,0,,,,,
1410022,国見病院,1,0,0,0,0,0,0,0,,,,,
1410048,堀田医院,1,0,0,1,0,0,0,0,,,,,
1410113,国東市民病院,1,1,1,0,0,0,1,0,,,,,
1410170,あおぞら病院,1,0,0,1,0,0,0,0,,,,,
1410279,国東中央クリニック,1,0,0,1,0,0,0,0,,,,,
2210595,日出児玉病院,1,0,1,0,0,0,0,0,,,,,
2210736,鈴木病院,1,1,0,1,0,0,0,1,,,,,
2210751,サンライズ酒井病院,1,1,0,1,0,0,1,0,,,,,
2810543,医療法人純和会小中病院,1,0,0,1,0,0,0,0,,,,,
2810808,医療法人啓燈会玖珠記念病院,1,0,0,1,0,0,0,0,,,,,
2810881,友成医院,1,1,0,1,0,0,1,0,,,,,
8010023,独立行政法人国立病院機構別府医療センター,2,1,2,0,0,0,1,0,,,,,
8110054,独立行政法人国立病院機構西別府病院,1,1,1,0,0,0,1,0,,,,,
8111631,独立行政法人国立病院機構大分医療センター,2,1,1,0,1,0,1,0,,,,,
8210672,大分大学医学部附属病院,5,3,5,0,0,3,0,0,,,23192.0,7892.0,VERIFIED_NUMERIC
8211373,九州大学病院別府病院,1,1,1,0,0,1,0,0,,,,,
8310043,大分赤十字病院,3,1,1,2,0,0,1,0,,,,,
8310100,大分県立病院,4,2,3,1,0,1,1,0,,,17131.0,5128.0,VERIFIED_NUMERIC
0116661,梶本医院,1,0,0,1,0,0,0,0,,,,,
0122941,おおいたメディカルクリニック,1,0,0,1,0,0,0,0,,,,,
0214995,安部第一医院,1,0,0,1,0,0,0,0,,,,,
0310207,医療法人杏林会村上記念病院,1,1,0,1,0,0,1,0,,,,,
0110243,医療法人同仁会 浪打病院,1,0,0,1,0,0,0,0,2012-05-01,,,,
0112165,青森市民病院,2,2,2,0,0,1,1,0,2025-04-01,,,,
0114153,公益財団法人鷹揚郷 腎研究所 青森病院,1,0,1,0,0,0,0,0,2013-08-01,,,,
0114450,青森慈恵会病院,1,1,0,1,0,0,0,1,2013-10-01,,,,
0114989,一般財団法人 双仁会 青森厚生病院,1,1,1,0,0,0,1,0,2025-03-01,,,,
0116307,あおもり協立病院,1,1,0,1,0,0,1,0,2012-04-01,,,,
0116554,村林内科クリニック,1,0,0,1,0,0,0,0,2025-06-01,,,,
0116588,西部整形外科医院,0,1,0,0,0,0,0,1,,,,,
0116810,まちだ内科クリニック,1,1,0,1,0,0,0,1,2021-05-01,,,,
0116992,ＡＭＣクリニック,1,0,0,1,0,0,0,0,2021-12-01,,,,
0117560,青森敬仁会病院,1,0,0,1,0,0,0,0,2013-09-01,,,,
0117677,白取医院,1,0,0,1,0,0,0,0,2021-07-01,,,,
0117693,青森市立浪岡病院,1,0,1,0,0,0,0,0,2012-04-01,,,,
0117875,小松整形外科スポーツクリニック,0,1,0,0,0,0,1,0,2023-04-01,,,,
0118311,医療法人芙蓉会村上病院,1,1,0,1,0,0,1,0,2021-05-01,,,,
0118386,あおもり腎透析・泌尿器科クリニック,1,0,0,0,1,0,0,0,2013-06-01,,,,
0118576,医療法人雄心会 青森新都市病院,2,2,1,1,0,1,1,0,2026-06-01,HIGH_EXPLICIT_2026_CHANGE,,,
0118774,医療法人聖徳会　北川ひ尿器科クリニック,1,0,1,0,0,0,0,0,2021-05-01,,,,
0210639,鳴海病院,2,1,1,1,0,0,1,0,2026-01-01,MEDIUM_2026_STANDARD_START,,,
0212320,公益財団法人鷹揚郷腎研究所弘前病院,1,0,1,0,0,0,0,0,2015-06-01,,,,
0212858,弘愛会病院,1,0,0,1,0,0,0,0,2013-04-01,,,,
0213039,弘前記念病院,1,2,1,0,0,0,2,0,2012-04-01,,,,
0213682,医療法人吉田耳鼻咽喉科医院よしだ耳鼻科・小児科,1,0,0,0,0,0,0,0,,,,,
0214557,医療法人元秀会弘前小野病院,1,0,0,1,0,0,0,0,2024-05-01,,,,
0214581,くどう内科　消化器・肝臓クリニック,1,0,0,0,0,0,0,0,,,,,
0214706,弘前メディカルセンター,1,0,0,1,0,0,0,0,2023-08-01,,,,
0214748,医療法人成心会 なりた内科クリニック,1,0,0,1,0,0,0,0,2012-08-01,,,,
0214821,医療法人いくこ耳鼻科クリニック,1,0,0,0,0,0,0,0,,,,,
0215034,医療法人社団クロース・トゥ・ユーESTクリニック,1,0,1,0,0,0,0,0,2012-04-01,,,,
0215117,弘前脳卒中・リハビリテーションセンター,1,2,1,0,0,1,1,0,2026-02-01,MEDIUM_2026_STANDARD_START,,,
0215208,関医院中津軽診療所,1,0,0,0,1,0,0,0,,,,,
0215349,近江整形外科,0,1,0,0,0,0,0,1,,,,,
0215471,弘前中央病院,2,0,1,0,0,0,0,0,2018-05-01,,,,
0215547,一般社団法人慈育会福士医院,0,1,0,0,0,0,0,1,,,,,
0215596,山形内科クリニック,1,0,0,1,0,0,0,0,2020-08-01,,,,
0215703,津軽保健生活協同組合 健生病院,2,1,2,0,0,0,1,0,2025-06-01,,,,
0311262,独立行政法人労働者健康安全機構青森労災病院,2,1,1,1,0,0,1,0,2012-04-01,,,,
0312542,八戸赤十字病院,2,2,2,0,0,0,2,0,2026-06-01,HIGH_EXPLICIT_2026_CHANGE,,,
0313573,岸原病院,1,0,0,1,0,0,0,0,2025-02-01,,,,
0313607,総合リハビリ美保野病院,1,0,0,1,0,0,0,0,2021-10-01,,,,
0314001,八戸城北病院,1,1,1,0,0,0,0,1,2021-01-01,,,,
0314258,みちのく記念病院,1,0,1,0,0,0,0,0,2013-02-01,,,,
0314456,八戸平和病院,1,1,0,1,0,0,1,0,2012-04-01,,,,
0314795,八戸整形外科,0,1,0,0,0,0,1,0,2018-06-01,,,,
0314951,下長内科クリニック,1,0,0,1,0,0,0,0,2014-02-01,,,,
0315255,八戸市立市民病院,3,2,2,1,0,1,1,0,2025-09-01,,,,
0315776,なかざわスポーツクリニック,0,1,0,0,0,0,1,0,2014-06-01,,,,
0315933,はちのへ９９クリニック,1,0,0,1,0,0,0,0,2012-04-01,,,,
0316279,メディカルコート八戸西病院,1,1,1,0,0,0,1,0,2018-09-01,,,,
0316642,はちのへハートセンタークリニック,1,0,1,0,0,0,0,0,2017-06-01,,,,
0316725,室岡整形外科記念病院,0,1,0,0,0,0,1,0,2018-05-01,,,,
0317012,内科種市病院,1,0,0,1,0,0,0,0,2023-04-01,,,,
0410296,黒石市国民健康保険黒石病院,1,1,0,1,0,0,1,0,2012-04-01,,,,
0410650,一般財団法人双仁会黒石厚生病院,1,0,1,0,0,0,0,0,2012-04-01,,,,
0511002,医療法人済生堂 増田病院,1,0,0,1,0,0,0,0,2018-01-01,,,,
0511259,医療法人慈仁会尾野病院,1,0,0,1,0,0,0,0,2017-01-01,,,,
0511424,つがる西北五広域連合つがる総合病院,2,2,2,0,0,1,1,0,2025-02-01,,,,
0511523,白生会クリニック,1,0,0,1,0,0,0,0,2024-10-01,,,,
0610366,十和田市立中央病院,2,2,2,0,0,0,2,0,2012-04-01,,,,
0610846,医療法人泰仁会十和田第一病院,1,1,1,0,0,0,1,0,2025-07-01,,,,
0610887,医療法人赤心会十和田東病院,1,0,1,0,0,0,0,0,2015-06-01,,,,
0611257,さとる整形外科クリニック,0,1,0,0,0,0,0,1,,,,,
0710125,一般財団法人仁和会 三沢中央病院,1,0,1,0,0,0,0,0,2015-10-01,,,,
0710810,三沢市立三沢病院,2,1,2,0,0,0,1,0,2025-01-01,,,,
0810339,むつ総合病院,2,1,2,0,0,0,1,0,2012-04-01,,,,
0810818,国民健康保険 川内診療所,1,0,0,0,1,0,0,0,,,,,
2010748,平内町国民健康保険 平内中央病院,1,0,1,0,0,0,0,0,2016-01-01,,,,
2111017,つがる西北五広域連合鰺ヶ沢病院,1,0,0,1,0,0,0,0,2012-04-01,,,,
2310973,ときわ会病院,1,0,1,0,0,0,0,0,2026-06-01,HIGH_EXPLICIT_2026_CHANGE,,,
2311435,津軽三育医院,1,1,0,1,0,0,0,1,2020-04-01,,,,
2410674,国民健康保険板柳中央病院,1,0,0,1,0,0,0,0,2013-11-01,,,,
2510614,国民健康保険おいらせ病院,1,0,1,0,0,0,0,0,2012-04-01,,,,
2511034,公立七戸病院,1,1,1,0,0,0,1,0,2012-04-01,,,,
2511380,石田温泉病院,1,0,0,0,0,0,0,0,,,,,
2511497,工藤医院,1,1,1,0,0,0,1,0,2022-10-01,,,,
2511588,公立野辺地病院,1,1,1,0,0,0,1,0,2025-06-01,,,,
2511661,戸館内科整形外科医院,1,0,1,0,0,0,0,0,2023-06-01,,,,
2511752,医療法人社団良風会ちびき病院,1,0,0,1,0,0,0,0,2024-08-01,,,,
2511802,のへじクリニック,1,0,0,1,0,0,0,0,2015-12-01,,,,
2511943,公益社団法人地域医療振興協会六ヶ所村地域家庭医療センター,1,1,1,0,0,0,0,1,2014-09-01,,,,
2511992,六戸町国民健康保険診療所,1,0,0,1,0,0,0,0,2016-12-01,,,,
2610919,国民健康保険大間病院,1,0,1,0,0,0,0,0,2025-08-01,,,,
2610943,一部事務組合下北医療センター東通村診療所,1,0,0,1,0,0,0,0,2015-09-01,,,,
2710776,国民健康保険五戸総合病院,1,1,0,1,0,0,1,0,2026-01-01,MEDIUM_2026_STANDARD_START,,,
2711170,三戸町国民健康保険三戸中央病院,1,1,1,0,0,0,1,0,2012-04-01,,,,
2711279,国民健康保険南部町医療センター,1,0,0,1,0,0,0,0,2014-06-01,,,,
2711287,社会医療法人博進会南部病院,1,1,0,1,0,0,1,0,2025-08-01,,,,
8010049,独立行政法人国立病院機構青森病院,1,1,1,0,0,0,1,0,2018-04-01,,,,
8010114,独立行政法人国立病院機構弘前総合医療センター,3,2,3,0,0,1,1,0,2026-06-01,MEDIUM_2026_STANDARD_START,,,
8010221,弘前大学医学部附属病院,5,3,5,0,0,2,1,0,2026-06-01,HIGH_EXPLICIT_2026_CHANGE,23375.0,9153.0,VERIFIED_NUMERIC
8010510,独立行政法人国立病院機構八戸病院,1,0,0,1,0,0,0,0,2018-03-01,,,,
8015006,国立療養所松丘保養園,1,0,0,1,0,0,0,0,,,,,
0117438,こころのケアセンターふよう,1,1,0,0,1,0,0,1,2013-08-01,,,,
0214631,たかはし内科胃腸科小児科,1,0,0,1,0,0,0,0,2015-07-01,,,,
2311575,町立大鰐診療所,1,0,0,1,0,0,0,0,2023-10-01,,,,
0112537,医療法人青樹会内丸病院,1,0,0,1,0,0,0,0,2016-07-01,,,,
0112552,荻野病院,1,1,0,1,0,0,1,0,2012-04-01,,,,
0112875,特定医療法人 盛岡つなぎ温泉病院,1,1,0,1,0,0,0,1,2012-04-01,,,,
0113311,岩手県立中央病院,6,2,5,1,0,1,1,0,2026-06-01,MEDIUM_2026_STANDARD_START,26564.0,6607.0,VERIFIED_NUMERIC
0113998,盛岡医療生活協同組合川久保病院,1,1,0,1,0,0,1,0,2018-08-01,,,,
0114079,医療法人友愛会 盛岡友愛病院,1,1,1,0,0,0,1,0,2012-04-01,,,,
0114137,盛岡赤十字病院,2,1,1,0,1,1,0,0,2026-03-01,MEDIUM_2026_STANDARD_START,,,
0114715,医療法人共生会松園第二病院,1,1,0,1,0,0,1,0,2013-05-01,,,,
0115050,盛岡市立病院,1,1,1,0,0,0,1,0,2013-04-01,,,,
0115621,医療法人 仁済会 鈴木肛門外科・守口内科,1,0,0,0,0,0,0,0,,,,,
0116132,八角病院,1,1,1,0,0,0,1,0,2017-04-01,,,,
0116330,医療法人仁妙光会渋民中央病院,1,0,0,0,1,0,0,0,2019-10-01,,,,
0117064,医療法人社団恵仁会 三愛病院,1,0,1,0,0,0,0,0,2018-04-01,,,,
0118112,たにむらクリニック,1,0,0,1,0,0,0,0,2023-11-01,,,,
0118138,栃内病院,1,1,1,0,0,0,1,0,2023-10-01,,,,
0210505,宮古第一病院,1,1,0,1,0,0,0,1,2024-09-01,,,,
0210588,岩手県立宮古病院,3,1,2,1,0,0,1,0,2013-04-01,,,,
0210893,医療法人社団こうぶん会　みやこ後藤医院,1,0,0,1,0,0,0,0,2024-04-01,,,,
0310487,医療法人勝久会 地ノ森クリニック,1,0,0,1,0,0,0,0,2024-06-01,,,,
0310537,岩手県立大船渡病院,3,1,3,0,0,0,1,0,2014-11-01,,,,
0511365,岩手県立東和病院,1,0,0,1,0,0,0,0,2013-08-01,,,,
0511456,岩手県立中央病院附属大迫地域診療センター,1,0,0,1,0,0,0,0,2018-02-01,,,,
0511555,花巻市石鳥谷医療センター,1,0,0,1,0,0,0,0,2016-02-01,,,,
0511845,総合花巻病院,1,1,0,1,0,0,1,0,2025-04-01,,,,
0611496,きたかみ腎クリニック,1,0,0,0,1,0,0,0,2026-03-01,MEDIUM_2026_STANDARD_START,,,
0611512,かさい睡眠呼吸器クリニック,1,0,0,1,0,0,0,0,2021-04-01,,,,
0611546,岩手県立中部病院,3,2,2,1,0,0,2,0,2016-01-01,,,,
0611827,社会福祉法人恩賜財団済生会北上済生会病院,1,1,1,0,0,0,1,0,2020-11-22,,,,
0611876,北上駅前病院,1,0,0,1,0,0,0,0,2024-04-01,,,,
0710355,岩手県立久慈病院,2,1,2,0,0,0,1,0,2020-04-01,,,,
0810239,岩手県立遠野病院,1,1,1,0,0,0,1,0,2019-10-01,,,,
0910351,医療法人社団愛生会昭和病院,1,0,1,0,0,0,0,0,2020-04-01,,,,
0910864,一関中央クリニック,1,0,1,0,0,0,0,0,2012-04-01,,,,
0911219,岩手県立大東病院,1,0,0,1,0,0,0,0,2014-02-01,,,,
0911342,岩手県立千厩病院,1,1,0,1,0,0,1,0,2012-04-01,,,,
0911458,岩手県立磐井病院,2,1,2,0,0,0,1,0,2018-04-01,,,,
0911706,一関市国民健康保険藤沢病院,1,1,1,0,0,0,1,0,2026-01-01,MEDIUM_2026_STANDARD_START,,,
1010466,岩手県立高田病院,1,0,0,1,0,0,0,0,2018-03-01,,,,
1110498,岩手県立釜石病院,2,1,1,1,0,0,1,0,2025-12-01,,,,
1110597,せいてつ記念病院,1,1,0,1,0,0,1,0,2012-04-01,,,,
1110746,釜石のぞみ病院,1,0,0,1,0,0,0,0,2020-12-01,,,,
1310122,岩手県立二戸病院,2,1,1,1,0,0,1,0,2020-11-01,,,,
1310213,二戸クリニック,1,0,0,1,0,0,0,0,2014-04-01,,,,
1310262,二戸市国民健康保険浄法寺診療所,1,0,0,1,0,0,0,0,2014-11-01,,,,
1410203,八幡平市立病院,1,1,1,0,0,0,1,0,2020-08-01,,,,
1410211,東八幡平病院,1,1,0,1,0,0,1,0,2025-04-01,,,,
1510010,奥州市総合水沢病院,1,1,1,0,0,0,1,0,2012-04-01,,,,
1510036,奥州病院,1,0,1,0,0,0,0,0,2012-04-01,,,,
1510101,社団医療法人 石川病院,1,0,0,0,1,0,0,0,2012-04-01,,,,
1510424,岩手県立胆沢病院,3,1,3,0,0,0,1,0,2018-04-01,,,,
1510622,岩手県立江刺病院,1,1,1,0,0,0,0,1,2012-04-01,,,,
1510796,美希病院,1,1,0,1,0,0,1,0,2013-02-01,,,,
1510812,奥州市国民健康保険前沢診療所,1,0,0,1,0,0,0,0,2012-04-01,,,,
1610034,栃内第二病院,1,1,1,0,0,0,0,1,2022-04-01,,,,
1610232,医療法人社団松誠会滝沢中央病院,1,0,0,1,0,0,0,0,2016-02-01,,,,
2110752,鶯宿温泉病院,1,1,0,1,0,0,0,1,2012-04-01,,,,
2110919,いわてリハビリテーションセンター,1,0,0,1,0,0,0,0,2012-04-01,,,,
2111453,雫石町立雫石診療所,1,0,0,1,0,0,0,0,2020-08-01,,,,
2111560,国民健康保険葛巻病院,1,0,0,1,0,0,0,0,2017-09-01,,,,
2210404,南昌病院,1,0,0,1,0,0,0,0,2012-04-01,,,,
2211170,岩手県立療育センター,1,1,0,1,0,0,1,0,2018-01-05,,,,
2211212,岩手医科大学附属病院,9,3,7,1,0,1,2,0,2026-06-01,MEDIUM_2026_STANDARD_START,22531.0,6623.0,VERIFIED_NUMERIC
2410475,町立西和賀さわうち病院,1,1,0,1,0,0,0,1,2014-10-14,,,,
2810138,岩手県立大船渡病院附属住田地域診療センター,1,0,0,1,0,0,0,0,2023-01-01,,,,
2910326,岩手県立大槌病院,1,0,0,1,0,0,0,0,2016-05-01,,,,
3010225,社会福祉法人恩賜財団岩手県済生会岩泉病院,1,0,0,1,0,0,0,0,2026-07-01,MEDIUM_2026_STANDARD_START,,,
3010712,岩手県立山田病院,1,0,0,1,0,0,0,0,2016-09-01,,,,
3110157,洋野町国民健康保険種市病院,1,0,0,1,0,0,0,0,2019-10-01,,,,
3110256,岩手県立軽米病院,1,0,0,1,0,0,0,0,2013-08-01,,,,
3110355,岩手県立二戸病院附属九戸地域診療センター,1,0,0,0,1,0,0,0,,,,,
3210296,岩手県立一戸病院,1,1,1,0,0,0,0,1,2015-10-01,,,,
0116389,社団医療法人啓愛会 孝仁病院,1,1,1,0,0,0,1,0,2015-06-01,,,,
0511308,宝陽病院,1,1,0,1,0,0,0,1,2013-02-01,,,,
1510127,美山病院,1,0,0,0,1,0,0,0,2013-06-01,,,,
1510879,奥州市国民健康保険まごころ病院,1,1,0,1,0,0,1,0,2012-04-01,,,,
1510887,奥州市国民健康保険衣川診療所,1,0,0,1,0,0,0,0,2013-02-01,,,,
2111511,岩手県立中央病院附属沼宮内地域診療センター,1,0,0,1,0,0,0,0,2018-04-01,,,,
0110075,医療法人運忠会 土崎病院,1,0,0,1,0,0,0,0,2013-06-01,,,,
0111206,中通総合病院,2,1,2,0,0,0,1,0,2012-04-01,,,,
0112147,医療法人正観会 御野場病院,1,0,0,1,0,0,0,0,2017-03-01,,,,
0112337,医療法人梅栄会 細谷病院,1,0,0,1,0,0,0,0,2018-06-01,,,,
0112915,医療法人惇慧会 外旭川病院,1,0,0,1,0,0,0,0,2020-04-01,,,,
0113665,木曽医院,1,0,0,1,0,0,0,0,2015-03-01,,,,
0113764,医療法人城東整形外科,1,2,0,1,0,0,1,1,2012-09-01,,,,
0114093,秋田赤十字病院,3,2,3,0,0,1,1,0,2026-06-01,HIGH_EXPLICIT_2026_CHANGE,,,
0114424,秋田厚生医療センター,2,2,1,1,0,0,1,1,2025-03-01,,,,
0114754,小泉病院,1,0,0,1,0,0,0,0,2014-04-01,,,,
0115447,秋田南クリニック,1,0,0,1,0,0,0,0,2020-09-01,,,,
0115793,秋田県立循環器・脳脊髄センター,2,3,1,0,0,2,1,0,2026-08-01,HIGH_EXPLICIT_2026_CHANGE,,,
0115892,社会医療法人正和会　五十嵐記念病院,1,0,0,0,1,0,0,0,2012-04-01,,,,
0115934,秋田県立医療療育センター,1,1,0,1,0,0,0,1,2019-03-01,,,,
0116437,市立秋田総合病院,2,1,2,0,0,1,0,0,2026-06-01,HIGH_EXPLICIT_2026_CHANGE,,,
0116916,城東スポーツ整形クリニック,0,1,0,0,0,0,1,0,2019-01-01,,,,
0210586,能代山本医師会病院,1,1,1,0,0,0,1,0,2024-12-01,,,,
0210685,能代厚生医療センター,2,1,1,1,0,0,1,0,2023-04-01,,,,
0210834,独立行政法人地域医療機能推進機構 秋田病院,1,1,1,0,0,0,1,0,2012-04-01,,,,
0210966,さいとう医院,1,0,0,0,0,0,0,0,,,,,
0311277,市立横手病院,1,1,1,0,0,0,1,0,2018-01-01,,,,
0311343,市立大森病院,1,1,1,0,0,0,1,0,2024-11-01,,,,
0311376,高橋耳鼻咽喉科眼科クリニック,1,0,0,0,0,0,0,0,,,,,
0311384,平鹿総合病院,2,2,2,0,0,0,2,0,2023-11-01,,,,
0410061,大館記念病院,1,0,0,1,0,0,0,0,2014-12-01,,,,
0410111,独立行政法人労働者健康安全機構 秋田労災病院,1,1,1,0,0,1,0,0,2024-05-01,,,,
0410194,大館市立総合病院,2,1,2,0,0,0,1,0,2022-07-01,,,,
0411119,大館市立扇田病院,1,0,1,0,0,0,0,0,2016-08-01,,,,
0510548,本荘第一病院,1,1,1,0,0,0,1,0,2024-01-01,,,,
0510605,由利組合総合病院,2,1,1,1,0,0,1,0,2021-05-01,,,,
0510662,由利本荘医師会病院,1,1,0,1,0,0,1,0,2017-01-01,,,,
0510688,医療法人佐藤病院,1,0,0,1,0,0,0,0,2018-12-01,,,,
0610520,男鹿みなと市民病院,1,1,1,0,0,0,0,1,2025-02-01,,,,
0710809,雄勝中央病院,1,1,1,0,0,0,1,0,2025-09-01,,,,
0710817,医療法人小野崎医院,1,0,0,0,0,0,0,0,,,,,
0810575,医療法人あけぼの会 花園病院,1,0,0,1,0,0,0,0,2013-05-01,,,,
0811342,社会医療法人明和会 大曲中通病院,1,0,1,0,0,0,0,0,2018-04-01,,,,
0811375,秋田県立リハビリテーション・精神医療センター,3,1,0,1,1,0,1,0,2025-12-01,,,,
0811482,大曲厚生医療センター,2,1,2,0,0,0,1,0,2014-05-01,,,,
0910441,医療法人恵愛会 鹿角中央病院,1,1,1,0,0,0,0,1,2012-04-01,,,,
0910474,医療法人楽山会 大湯リハビリ温泉病院,1,0,0,1,0,0,0,0,2020-06-01,,,,
0910573,かづの厚生病院,1,1,1,0,0,0,1,0,2022-04-01,,,,
0910581,大里医院,1,0,0,1,0,0,0,0,2015-10-01,,,,
1010027,南秋田整形外科医院,1,1,0,1,0,0,0,1,2016-05-01,,,,
1010092,藤原記念病院,1,1,1,0,0,0,1,0,2012-04-01,,,,
1210189,市立田沢湖病院,1,1,0,1,0,0,0,1,2016-10-01,,,,
1210239,市立角館総合病院,1,1,1,0,0,0,1,0,2017-04-01,,,,
1310211,医療法人圭尚会 きさかたクリニック,1,0,0,1,0,0,0,0,2021-11-01,,,,
2210279,医療法人双山会 森岳温泉病院,1,1,0,1,0,0,0,1,2020-10-01,,,,
2310178,湖東厚生病院,1,1,0,1,0,0,1,0,2020-05-01,,,,
2810466,羽後町立羽後病院,1,1,1,0,0,0,1,0,2024-12-01,,,,
0110017,医療法人篠田好生会篠田総合病院,1,1,1,0,0,0,1,0,2026-03-01,MEDIUM_2026_STANDARD_START,,,
0110033,山形市立病院済生館,3,3,2,1,0,1,2,0,2023-01-01,,20351.0,8290.0,VERIFIED_NUMERIC
0110041,公立学校共済組合東北中央病院,1,2,1,0,0,0,2,0,2026-06-01,MEDIUM_2026_STANDARD_START,,,
0111239,社会医療法人松柏会至誠堂総合病院,1,1,0,1,0,0,1,0,2013-09-01,,,,
0111247,医療法人社団小白川至誠堂病院,1,0,0,1,0,0,0,0,2012-08-01,,,,
0113656,社会福祉法人恩賜財団済生会 山形済生病院,2,2,2,0,0,0,2,0,2026-06-01,MEDIUM_2026_STANDARD_START,,,
0114332,山形県立中央病院,3,2,3,0,0,1,1,0,2026-06-01,MEDIUM_2026_STANDARD_START,,,
0114894,山形徳洲会病院,1,1,0,1,0,0,1,0,2021-05-01,,,,
0116022,矢吹病院,1,0,1,0,0,0,0,0,2019-01-01,,,,
0410219,医療法人 舟山病院,1,0,0,1,0,0,0,0,2015-11-01,,,,
0410334,米沢市立病院,2,2,2,0,0,1,1,0,2026-06-01,MEDIUM_2026_STANDARD_START,,,
0411613,松田外科医院,1,0,0,1,0,0,0,0,2019-08-01,,,,
0711129,鶴岡協立病院,1,1,1,0,0,0,1,0,2012-04-01,,,,
0712259,鶴岡市立荘内病院,3,2,2,1,0,1,1,0,2026-06-01,MEDIUM_2026_STANDARD_START,,,
0712267,鶴岡市立湯田川温泉リハビリテーション病院,0,1,0,0,0,0,0,1,,,,,
0712705,藤吉内科医院,1,0,0,1,0,0,0,0,2018-05-28,,,,
0712739,みやはらクリニック,1,0,0,1,0,0,0,0,2020-01-01,,,,
0812224,医療法人本間病院,1,1,0,1,0,0,1,0,2012-04-01,,,,
0812497,日本海総合病院,3,2,2,1,0,1,1,0,2026-06-01,MEDIUM_2026_STANDARD_START,,,
1110602,新庄徳洲会病院,1,1,1,0,0,0,1,0,2025-04-01,,,,
1110867,山形県立新庄病院,2,1,2,0,0,0,1,0,2026-06-01,MEDIUM_2026_STANDARD_START,,,
1210253,寒河江市立病院,1,1,0,1,0,0,1,0,2013-10-01,,,,
1310491,みゆき会病院,1,1,1,0,0,0,1,0,2022-10-01,,,,
1510462,公立置賜長井病院,1,0,0,1,0,0,0,0,2015-10-01,,,,
1510587,医療法人杏山会吉川記念病院,1,0,0,1,0,0,0,0,2018-12-01,,,,
1610452,吉岡病院,1,1,0,1,0,0,1,0,2014-09-01,,,,
1610924,医療法人篠田好生会天童温泉篠田病院,1,0,0,1,0,0,0,0,2012-04-01,,,,
1611013,天童市民病院,1,1,1,0,0,0,1,0,2024-09-01,,,,
1710195,北村山公立病院,3,1,2,0,1,0,1,0,2021-04-01,,,,
1710401,医療法人財団　明理会　山形ロイヤル病院,1,1,0,1,0,0,1,0,2016-02-01,,,,
1810235,医療法人敬愛会 尾花沢病院,1,0,0,1,0,0,0,0,2025-05-01,,,,
1910654,公立置賜南陽病院,1,0,0,1,0,0,0,0,2015-10-01,,,,
2310193,朝日町立病院,1,0,0,1,0,0,0,0,2026-01-01,MEDIUM_2026_STANDARD_START,,,
2310391,西川町立病院,1,0,0,1,0,0,0,0,2012-04-01,,,,
2310466,山形県立河北病院,1,1,1,0,0,0,1,0,2026-06-01,MEDIUM_2026_STANDARD_START,,,
2510420,最上町立最上病院,1,0,0,1,0,0,0,0,2015-06-01,,,,
2510495,町立真室川病院,1,1,0,1,0,0,1,0,2018-01-01,,,,
2610451,公立高畠病院,1,1,1,0,0,0,1,0,2016-01-01,,,,
2610493,公立置賜総合病院,3,2,3,0,0,1,1,0,2026-06-01,MEDIUM_2026_STANDARD_START,,,
2610527,医療法人社団緑愛会川西湖山病院,1,0,0,1,0,0,0,0,2022-08-01,,,,
2710376,白鷹町立病院,1,0,0,1,0,0,0,0,2014-03-01,,,,
2710392,小国町立病院,1,0,1,0,0,0,0,0,2012-04-01,,,,
3010743,医療法人社団愛陽会 三川病院,1,0,0,1,0,0,0,0,2024-04-01,,,,
3010792,医療法人徳洲会 庄内余目病院,1,1,1,0,0,0,1,0,2025-06-01,,,,
5010014,独立行政法人国立病院機構山形病院,1,1,0,1,0,0,1,0,2015-12-01,,,,
5010022,独立行政法人国立病院機構米沢病院,1,1,0,1,0,1,0,0,2026-06-01,MEDIUM_2026_STANDARD_START,,,
6010021,国立大学法人山形大学医学部附属病院,8,5,7,0,0,3,2,0,2026-06-01,MEDIUM_2026_STANDARD_START,26940.0,10700.0,VERIFIED_NUMERIC
0110023,富山県立中央病院,4,3,4,0,0,2,1,0,,,36234.0,8266.0,VERIFIED_NUMERIC
0112607,富山医療生活協同組合富山協立病院,1,0,1,0,0,0,0,0,,,,,
0113365,横田記念病院,1,0,1,0,0,0,0,0,,,,,
0113647,富山市立富山市民病院,3,2,3,0,0,0,2,0,,,,,
0113811,富山県リハビリテーション病院・こども支援センター,1,1,1,0,0,0,1,0,,,,,
0113969,本江整形外科医院,0,1,0,0,0,0,0,1,,,,,
0114314,いま泉病院,1,0,0,1,0,0,0,0,,,,,
0114447,不二越病院,1,1,0,1,0,0,1,0,,,,,
0114637,成和病院,1,1,0,1,0,0,0,1,,,,,
0114686,三輪病院,1,1,0,1,0,0,0,1,,,,,
0115600,富山赤十字病院,2,2,2,0,0,0,2,0,,,,,
0115667,富山県済生会富山病院,2,2,2,0,0,0,2,0,,,,,
0116020,栗山病院,1,0,0,1,0,0,0,0,,,,,
0116210,清幸会島田病院,1,0,0,1,0,0,0,0,,,,,
0116426,長谷川病院,1,0,0,1,0,0,0,0,,,,,
0117176,おおやま病院,1,0,0,1,0,0,0,0,,,,,
0117259,友愛温泉病院,1,0,0,0,1,0,0,0,,,,,
0117754,西能みなみ病院,0,1,0,0,0,0,1,0,,,,,
0118067,三川クリニック,1,0,0,1,0,0,0,0,,,,,
0118109,五福脳神経外科,1,1,1,0,0,0,1,0,,,,,
0118158,アルペンリハビリテーション病院,1,0,0,1,0,0,0,0,,,,,
0118513,うおざきファミリー病院,1,1,0,1,0,0,1,0,,,,,
0118570,野村病院,1,0,0,1,0,0,0,0,,,,,
0118935,根塚整形外科・スポーツクリニック,0,1,0,0,0,0,0,1,,,,,
0119172,チューリップ長江病院,1,0,0,0,1,0,0,0,,,,,
0119255,富山西総合病院,1,2,1,0,0,1,1,0,,,,,
0119362,医療法人北聖病院,1,0,0,0,0,0,0,0,,,,,
0119412,富山市立富山まちなか病院,1,0,1,0,0,0,0,0,,,,,
0119719,みなみの星病院,1,1,1,0,0,0,1,0,,,,,
0120055,医療法人社団城南会富山城南病院,1,0,0,1,0,0,0,0,,,,,
0210377,富山県厚生農業協同組合連合会高岡病院,3,2,3,0,0,2,0,0,,,,,
0210914,高岡市民病院,2,1,2,0,0,1,0,0,,,,,
0211888,医療法人万葉病院,1,0,0,1,0,0,0,0,,,,,
0211987,独立行政法人地域医療機能推進機構高岡ふしき病院,1,1,1,0,0,0,1,0,,,,,
0211995,医療法人光ケ丘病院,1,0,1,0,0,0,0,0,,,,,
0212555,高陵クリニック,1,0,1,0,0,0,0,0,,,,,
0212605,富山県済生会 高岡病院,2,1,1,1,0,1,0,0,,,,,
0212670,あさなぎ病院,1,0,0,1,0,0,0,0,,,,,
0212944,雨晴クリニック,1,0,0,1,0,0,0,0,,,,,
0212993,サンバリー高岡病院,1,0,0,0,0,0,0,0,,,,,
0213181,市野瀬和田内科医院,1,0,0,1,0,0,0,0,,,,,
0213348,医療法人社団整志会沢田記念高岡整志会病院,1,1,0,1,0,0,1,0,,,,,
0213629,サンバリー福岡病院,1,0,0,1,0,0,0,0,,,,,
0410019,富山労災病院,2,1,2,0,0,0,1,0,,,,,
0410555,魚津病院,1,0,0,1,0,0,0,0,,,,,
0410993,医療法人新川病院,1,0,1,0,0,0,0,0,,,,,
0510503,陽和温泉病院,1,0,0,0,0,0,0,0,,,,,
0510586,医療法人 財団正友会 中村記念病院,1,0,0,1,0,0,0,0,,,,,
0510933,金沢医科大学氷見市民病院,3,1,2,0,1,0,1,0,,,,,
0610014,富山県厚生農業協同組合連合会滑川病院,2,1,2,0,0,1,0,0,,,,,
0710012,黒部市民病院,4,2,2,1,0,1,1,0,,,16986.0,5224.0,VERIFIED_NUMERIC
0710319,黒部温泉病院,1,0,0,1,0,0,0,0,,,,,
0710350,医療法人社団平成会桜井病院,1,0,0,1,0,0,0,0,,,,,
0810010,市立砺波総合病院,3,2,2,1,0,1,1,0,,,,,
0810515,あおい病院,1,0,0,0,1,0,0,0,,,,,
0810523,となみ三輪病院,1,0,0,0,1,0,0,0,,,,,
0910489,公立学校共済組合北陸中央病院,1,1,1,0,0,0,1,0,,,,,
0910505,つざわ津田病院,1,0,0,1,0,0,0,0,,,,,
0910521,太田病院,1,0,0,0,1,0,0,0,,,,,
0910620,西野内科病院,1,0,0,1,0,0,0,0,,,,,
1610211,かみいち総合病院,1,1,1,0,0,0,1,0,,,,,
1610542,藤木病院,1,1,0,1,0,0,1,0,,,,,
1710623,坂東病院,1,1,1,0,0,0,1,0,,,,,
1710839,あさひ総合病院,1,1,1,0,0,0,1,0,,,,,
1710870,丸川病院,1,1,0,1,0,0,1,0,,,,,
1910702,大島くるみ病院,1,0,0,0,1,0,0,0,,,,,
1910769,真生会富山病院,1,1,0,1,0,0,1,0,,,,,
1911049,射水市民病院,1,1,1,0,0,0,1,0,,,,,
2010395,南砺市民病院,1,1,1,0,0,0,1,0,,,,,
2010817,公立南砺中央病院,1,1,1,0,0,0,1,0,,,,,
2010882,吉岡整形外科,1,1,0,1,0,0,0,1,,,,,
8010019,独立行政法人国立病院機構富山病院,1,0,0,1,0,0,0,0,,,,,
8010027,独立行政法人国立病院機構北陸病院,1,0,0,0,1,0,0,0,,,,,
8010035,国立大学法人富山大学附属病院,4,3,3,1,0,1,2,0,,,21812.0,9362.0,VERIFIED_NUMERIC
0110600,金沢聖霊総合病院,1,1,0,1,0,0,1,0,,,,,
0111145,国家公務員共済組合連合会 北陸病院,1,1,1,0,0,0,1,0,,,,,
0111327,公益社団法人石川勤労者医療協会 城北病院,1,1,1,0,0,0,1,0,,,,,
0112333,金沢赤十字病院,1,1,1,0,0,0,1,0,,,,,
0112846,社会医療法人財団松原愛育会 松原病院,1,1,0,1,0,0,1,0,,,,,
0113877,医療法人社団博友会 金沢西病院,1,1,1,0,0,0,1,0,,,,,
0114420,みらい病院,1,0,0,1,0,0,0,0,,,,,
0114982,医療法人社団和宏会大手町病院,1,0,0,1,0,0,0,0,,,,,
0115443,加藤整形外科医院,0,1,0,0,0,0,0,1,,,,,
0115591,整形外科米澤病院,1,1,0,1,0,0,0,1,,,,,
0116508,さがら整形外科医院,0,1,0,0,0,0,0,1,,,,,
0116995,木島病院,1,1,1,0,0,0,1,0,,,,,
0117068,石川県済生会金沢病院,2,1,1,1,0,0,1,0,,,,,
0117167,安田内科病院,1,0,1,0,0,0,0,0,,,,,
0117340,金沢宗広病院,0,1,0,0,0,0,0,1,,,,,
0117506,森下整形外科医院,0,1,0,0,0,0,0,1,,,,,
0117910,すずみが丘病院,1,0,0,1,0,0,0,0,,,,,
0118041,独立行政法人地域医療機能推進機構金沢病院,2,1,1,1,0,0,1,0,,,,,
0118231,医療法人社団浅ノ川 浅ノ川総合病院,2,2,2,0,0,1,1,0,,,,,
0118249,医療法人社団浅ノ川千木病院,1,0,0,1,0,0,0,0,,,,,
0119767,医療法人社団和宏会 敬愛病院,1,1,1,0,0,0,1,0,,,,,
0120427,医療法人社団白銀会 林病院,1,0,0,1,0,0,0,0,,,,,
0121169,社会医療法人財団董仙会 恵寿金沢病院,1,0,1,0,0,0,0,0,,,,,
0121425,伊藤病院,1,0,0,1,0,0,0,0,,,,,
0122324,金沢古府記念病院,1,1,1,0,0,0,1,0,,,,,
0122399,尾張町たかたクリニック,1,0,0,1,0,0,0,0,,,,,
0210319,恵寿総合病院,2,1,2,0,0,1,0,0,,,,,
0210939,北村病院,1,0,0,0,1,0,0,0,,,,,
0210954,医療法人社団真貴会 国下整形外科医院,0,1,0,0,0,0,0,1,,,,,
0211044,医療法人社団森クリニック,1,0,0,1,0,0,0,0,,,,,
0211242,公立能登総合病院,2,1,2,0,0,0,1,0,,,,,
0310929,特定医療法人社団 勝木会 やわたメディカルセンター,1,1,1,0,0,0,1,0,,,,,
0311307,田谷泌尿器科医院,1,0,0,1,0,0,0,0,,,,,
0311364,国民健康保険 小松市民病院,4,1,4,0,0,0,1,0,,,,,
0311414,東野病院,1,0,0,1,0,0,0,0,,,,,
0311562,医療法人社団さくら会 森田病院,1,1,1,0,0,0,1,0,,,,,
0311786,医療法人社団 岡本会 岡本病院,1,0,0,1,0,0,0,0,,,,,
0312230,小松ソフィア病院,1,0,0,1,0,0,0,0,,,,,
0312263,医療法人社団松陽東病院,1,1,0,0,1,0,1,0,,,,,
0312404,湯浅医院,1,0,0,1,0,0,0,0,,,,,
0410513,市立輪島病院,1,1,0,1,0,0,1,0,,,,,
0510361,珠洲市総合病院,1,1,1,0,0,0,1,0,,,,,
0610534,医療法人社団慈豊会 久藤総合病院,1,1,1,0,0,0,1,0,,,,,
0610781,医療法人社団 加賀白山会 板谷医院,1,0,0,1,0,0,0,0,,,,,
0611425,加賀市医療センター,2,1,1,1,0,0,1,0,,,,,
0710292,公立羽咋病院,1,1,1,0,0,0,1,0,,,,,
1311389,ののいち白山醫院,1,1,0,1,0,0,0,1,,,,,
1311405,医療法人社団浅ノ川 金沢脳神経外科病院,1,2,1,0,0,2,0,0,,,,,
1311520,舩木医院,1,0,0,0,1,0,0,0,,,,,
1410165,公立河北中央病院,1,0,1,0,0,0,0,0,,,,,
1410363,金沢医科大学病院,5,3,5,0,0,1,2,0,,,28122.0,9196.0,VERIFIED_NUMERIC
1410694,内灘温泉病院,1,0,0,1,0,0,0,0,,,,,
1411353,医療法人社団 瑞穂会 みずほ病院,1,0,0,1,0,0,0,0,,,,,
1510485,町立富来病院,1,1,0,1,0,0,1,0,,,,,
1510568,町立宝達志水病院,1,1,0,1,0,0,1,0,,,,,
1710176,公立穴水総合病院,1,1,1,0,0,0,1,0,,,,,
1710606,公立宇出津総合病院,1,1,1,0,0,0,1,0,,,,,
2110012,医療法人社団芙蓉会 二ツ屋病院,1,0,0,1,0,0,0,0,,,,,
2210127,公立松任石川中央病院,6,1,4,2,0,0,1,0,,,15686.0,3430.0,VERIFIED_NUMERIC
2210275,下崎整形外科医院,0,1,0,0,0,0,0,1,,,,,
2210283,あさがおクリニック,1,0,0,0,1,0,0,0,,,,,
2210556,新村病院,1,1,0,1,0,0,1,0,,,,,
2210614,公立つるぎ病院,1,1,1,0,0,0,1,0,,,,,
2310109,寺井病院,1,0,0,1,0,0,0,0,,,,,
2310190,医療法人社団和楽仁 芳珠記念病院,1,1,1,0,0,0,1,0,,,,,
2310265,国民健康保険 能美市立病院,1,1,1,0,0,0,1,0,,,,,
8010018,独立行政法人国立病院機構金沢医療センター,3,2,2,0,0,1,1,0,,,,,
8010042,独立行政法人国立病院機構医王病院,1,1,1,0,0,1,0,0,,,,,
8010067,独立行政法人国立病院機構石川病院,1,1,0,1,0,0,1,0,,,,,
8010083,独立行政法人国立病院機構七尾病院,1,0,1,0,0,0,0,0,,,,,
8010091,国立大学法人金沢大学附属病院,5,5,5,0,0,3,2,0,,,33576.0,13411.0,VERIFIED_NUMERIC
0119536,医療法人社団 中央会 金沢有松病院,1,1,1,0,0,1,0,0,,,,,
1311686,南ケ丘病院,1,1,1,0,0,0,1,0,,,,,
0116722,辻整形外科クリニック,1,0,0,0,0,0,0,0,,,,,
0117059,福井県立病院,8,3,5,3,0,2,1,0,,,31729.0,11668.0,VERIFIED_NUMERIC
0117117,福井赤十字病院,4,2,3,0,0,1,1,0,,,22529.0,8863.0,VERIFIED_NUMERIC
0117133,福仁会病院,1,0,0,1,0,0,0,0,,,,,
0117323,福井中央クリニック,1,0,0,1,0,0,0,0,,,,,
0117539,福井循環器病院,1,0,1,0,0,0,0,0,,,,,
0117711,医療法人岩井病院,1,1,0,1,0,0,1,0,,,,,
0118297,藤田記念病院,1,0,0,1,0,0,0,0,,,,,
0118909,福井県済生会病院,4,3,3,1,0,2,1,0,,,21720.0,10205.0,VERIFIED_NUMERIC
0118933,つくし野病院,1,1,0,1,0,0,1,0,,,,,
0118966,長保会 吉水整形外科医院,0,1,0,0,0,0,0,1,,,,,
0119204,安川病院,1,1,0,1,0,0,0,1,,,,,
0119691,片山整形外科,0,1,0,0,0,0,0,1,,,,,
0119840,嶋田病院,1,1,0,1,0,0,0,1,,,,,
0119949,冨永病院,1,0,0,1,0,0,0,0,,,,,
0120384,医療法人慈豊会 田中病院,2,1,1,0,0,1,0,0,,,,,
0120418,医療法人福井愛育病院,1,0,0,0,1,0,0,0,,,,,
0120434,大滝病院,2,1,2,0,0,0,1,0,,,,,
0120756,さくら病院,1,0,0,1,0,0,0,0,,,,,
0120772,光陽生協病院,1,0,0,1,0,0,0,0,,,,,
0120814,大森整形外科リウマチ科,1,1,0,1,0,0,1,0,,,,,
0121333,医療法人駅東整形外科,0,1,0,0,0,0,0,1,,,,,
0121390,福井総合病院,1,1,1,0,0,0,1,0,,,,,
0121408,福井総合クリニック,1,1,1,0,0,0,1,0,,,,,
0121630,山内整形外科,1,1,0,0,1,0,0,1,,,,,
0121796,安土整形外科医院,1,1,0,1,0,0,0,1,,,,,
0122133,奥村病院,1,1,0,1,0,0,1,0,,,,,
0122513,福井厚生病院,1,1,1,0,0,0,1,0,,,,,
0214070,市立敦賀病院,2,1,2,0,0,0,1,0,,,,,
0214211,泉ヶ丘病院,1,1,0,1,0,0,1,0,,,,,
0314151,医療法人 相木病院,1,0,0,1,0,0,0,0,,,,,
0314383,医療法人林病院,1,1,1,0,0,0,1,0,,,,,
0314557,池端病院,1,0,0,1,0,0,0,0,,,,,
0314581,医療法人笠原病院,1,0,0,1,0,0,0,0,,,,,
0314599,社会医療法人 財団 中村病院,1,1,1,0,0,0,1,0,,,,,
0314649,東武内科外科クリニック,1,0,0,1,0,0,0,0,,,,,
0314771,一般財団法人 今立中央病院,1,0,1,0,0,0,0,0,,,,,
0314938,岩堀メディカルオフィス,1,0,0,1,0,0,0,0,,,,,
0414068,杉田玄白記念公立小浜病院,1,1,1,0,0,0,1,0,,,,,
0414274,田中病院,1,0,0,1,0,0,0,0,,,,,
0514180,広瀬病院,1,0,0,1,0,0,0,0,,,,,
0514313,阿部病院,1,1,0,1,0,0,0,1,,,,,
0514347,医療法人 キラキラ会 松田病院,1,0,0,1,0,0,0,0,,,,,
0614246,独立行政法人地域医療機能推進機構 福井勝山総合病院,2,1,1,1,0,0,1,0,,,,,
0614303,芳野医院,1,0,0,0,1,0,0,0,,,,,
0714111,高村病院,1,1,0,1,0,0,0,1,,,,,
0714426,高野病院,1,0,0,1,0,0,0,0,,,,,
0714483,木村病院,1,1,1,0,0,0,0,1,,,,,
0714582,公立丹南病院,1,1,1,0,0,1,0,0,,,,,
0714624,広瀬病院,1,1,0,1,0,0,1,0,,,,,
0714723,斎藤病院,1,1,0,1,0,0,1,0,,,,,
0810133,加納病院,1,0,0,1,0,0,0,0,,,,,
0810190,木村病院,1,1,1,0,0,0,1,0,,,,,
1714268,藤田神経内科病院,1,1,0,1,0,0,1,0,,,,,
1715034,医療法人中瀬整形外科医院,1,1,0,1,0,0,0,1,,,,,
1715133,宮﨑病院,1,0,0,0,1,0,0,0,,,,,
1715208,坂井市立三国病院,1,1,1,0,0,0,1,0,,,,,
1715323,春江病院,1,1,1,0,0,0,1,0,,,,,
1914124,南越前町国民健康保険今庄診療所,1,0,0,1,0,0,0,0,,,,,
2014288,越前町国民健康保険織田病院,1,1,0,1,0,0,1,0,,,,,
2314019,独立行政法人地域医療機能推進機構 若狭高浜病院,1,1,1,0,0,0,0,1,,,,,
2314175,おおい町保健・医療・福祉総合施設診療所,1,0,1,0,0,0,0,0,,,,,
2410023,レイクヒルズ美方病院,1,0,0,1,0,0,0,0,,,,,
2410130,若狭町国民健康保険上中診療所,1,0,0,1,0,0,0,0,,,,,
0119493,高波耳鼻咽喉科医院,1,0,0,0,0,0,0,0,,,,,
0111812,甲府共立病院,1,1,1,0,0,0,1,0,,,,,
0112398,山梨県立中央病院,6,2,5,0,1,1,1,0,,,,,
0112869,貢川整形外科病院,1,1,0,1,0,0,1,0,,,,,
0112935,甲府城南病院,1,1,1,0,0,0,1,0,,,,,
0112984,湯村温泉病院,1,0,0,1,0,0,0,0,,,,,
0113131,城東病院,1,0,0,1,0,0,0,0,,,,,
0113156,甲府脳神経外科病院,1,3,0,1,0,2,1,0,,,,,
0113446,今井整形外科医院,0,2,0,0,0,0,1,1,,,,,
0114451,市立甲府病院,3,1,2,1,0,1,0,0,,,,,
0114485,恵信甲府病院,1,0,0,1,0,0,0,0,,,,,
0115722,地域医療機能推進機構山梨病院,2,1,1,1,0,0,1,0,,,,,
2110028,独立行政法人国立病院機構甲府病院,1,2,1,0,0,1,1,0,,,,,
1210886,富士吉田市立病院,3,2,1,2,0,1,1,0,,,,,
1110342,都留市立病院,1,1,0,1,0,0,1,0,,,,,
1110474,ツル虎ノ門整形外科・リハビリテーション病院,1,1,0,1,0,0,1,0,,,,,
0210176,山梨厚生病院,2,1,2,0,0,1,0,0,,,,,
0210275,加納岩総合病院,1,2,0,1,0,0,2,0,,,,,
0210572,山梨市立牧丘病院,1,0,0,1,0,0,0,0,,,,,
1411039,地方独立行政法人 大月市立中央病院,1,1,1,0,0,0,1,0,,,,,
0910015,韮崎市立病院,1,1,1,0,0,0,1,0,,,,,
0910734,恵信韮崎病院,1,0,0,1,0,0,0,0,,,,,
1600144,青沼整形外科,1,0,0,1,0,0,0,0,,,,,
1610341,高原病院,1,0,0,1,0,0,0,0,,,,,
1610358,宮川病院,1,0,0,1,0,0,0,0,,,,,
1610424,白根徳洲会病院,1,1,0,1,0,0,1,0,,,,,
1910162,北杜市立　塩川病院,1,1,1,0,0,0,1,0,,,,,
1710117,赤坂台病院,1,0,1,0,0,0,0,0,,,,,
1710190,三枝病院,1,0,0,1,0,0,0,0,,,,,
1710562,恵信リハビリテーション病院,1,0,0,1,0,0,0,0,,,,,
1810016,石和温泉病院,1,0,0,1,0,0,0,0,,,,,
1810024,石和共立病院,1,0,0,1,0,0,0,0,,,,,
1810065,一宮温泉病院,1,0,0,1,0,0,0,0,,,,,
1810115,甲州リハビリテーション病院,1,0,0,1,0,0,0,0,,,,,
1810313,山梨リハビリテーション病院,1,0,0,1,0,0,0,0,,,,,
1810321,富士温泉病院,1,0,1,0,0,0,0,0,,,,,
1810339,春日居総合リハビリテーション病院,1,1,0,1,0,0,1,0,,,,,
1810362,笛吹中央病院,1,1,1,0,0,0,1,0,,,,,
2010236,上野原市立病院,1,1,1,0,0,0,1,0,,,,,
2210059,塩山市民病院,1,1,0,1,0,0,1,0,,,,,
2110952,山梨大学医学部附属病院,6,4,3,3,0,3,1,0,,,25334.0,9912.0,VERIFIED_NUMERIC
0710027,飯富病院,1,0,1,0,0,0,0,0,,,,,
0710449,身延山病院,1,1,1,0,0,0,1,0,,,,,
0711116,しもべ病院,1,0,0,0,1,0,0,0,,,,,
0711199,峡南医療センター企業団富士川病院,1,1,0,1,0,0,1,0,,,,,
0811221,武川病院,1,0,0,0,0,0,0,0,,,,,
0110818,社会医療法人明和会医療福祉センター渡辺病院,1,1,0,0,1,0,0,1,,,,,
0110842,鳥取赤十字病院,2,2,2,0,0,0,2,0,,,,,
0111097,鳥取県立中央病院,3,2,3,0,0,1,1,0,,,,,
0112053,医療法人橋本外科医院,1,0,0,1,0,0,0,0,,,,,
0112137,尾﨑病院,1,0,0,1,0,0,0,0,,,,,
0112418,鳥取市立病院,2,1,2,0,0,0,1,0,,,,,
0112921,医療法人社団　野の花診療所,1,0,0,1,0,0,0,0,,,,,
0113184,鳥取医療生協鹿野温泉病院,1,0,0,1,0,0,0,0,,,,,
0113499,鳥取生協病院,1,1,1,0,0,0,1,0,,,,,
0210022,医療法人養和会養和病院,1,0,0,1,0,0,0,0,,,,,
0210261,医療法人育生会高島病院,1,1,0,1,0,0,1,0,,,,,
0210444,鳥取県立総合療育センター,1,0,0,1,0,0,0,0,,,,,
0211079,社会医療法人同愛会博愛病院,1,1,1,0,0,0,1,0,,,,,
0211392,皆生温泉病院,1,0,0,0,1,0,0,0,,,,,
0213182,錦海リハビリテーション病院,1,0,0,1,0,0,0,0,,,,,
0213299,社会医療法人仁厚会米子東病院,1,1,0,1,0,0,0,1,,,,,
0213406,新田外科胃腸科病院,1,0,0,1,0,0,0,0,,,,,
0310186,医療法人共済会清水病院,1,1,0,1,0,0,1,0,,,,,
0310202,医療法人専仁会信生病院,1,0,0,1,0,0,0,0,,,,,
0310277,医療法人十字会野島病院,1,1,1,0,0,0,1,0,,,,,
0310459,医療法人清生会谷口病院,1,0,0,1,0,0,0,0,,,,,
0310608,医療法人清和会垣田病院,1,0,1,0,0,0,0,0,,,,,
0310822,福嶋整形外科医院,0,1,0,0,0,0,1,0,,,,,
0311150,藤井政雄記念病院,1,1,1,0,0,1,0,0,,,,,
0410135,鳥取県済生会境港総合病院,1,1,1,0,0,0,1,0,,,,,
0410275,医療法人元町病院,1,1,1,0,0,0,1,0,,,,,
1210021,国民健康保険智頭病院,1,0,0,1,0,0,0,0,,,,,
1410647,森本外科・脳神経外科医院,1,0,0,1,0,0,0,0,,,,,
1410720,鳥取県中部医師会立三朝温泉病院,1,1,1,0,0,0,1,0,,,,,
1510016,南部町国民健康保険西伯病院,1,0,1,0,0,0,0,0,,,,,
1610162,日南町国民健康保険日南病院,1,0,1,0,0,0,0,0,,,,,
1610360,日野病院,1,2,0,1,0,0,1,1,,,,,
8010028,鳥取大学医学部附属病院,3,3,3,0,0,2,1,0,,,,,
8010036,独立行政法人国立病院機構米子医療センター,1,1,1,0,0,0,1,0,,,,,
0112707,ウェルフェア北園渡辺病院,1,0,0,1,0,0,0,0,,,,,
0210451,独立行政法人労働者健康安全機構山陰労災病院,2,1,2,0,0,1,0,0,,,,,
0310236,鳥取県立厚生病院,2,1,2,0,0,0,1,0,,,,,
0310244,医療法人里仁会北岡病院,1,0,0,1,0,0,0,0,,,,,
1110262,岩美町国民健康保険岩美病院,1,1,1,0,0,0,0,1,,,,,
1510743,伯耆中央病院,1,0,0,1,0,0,0,0,,,,,
8010010,独立行政法人国立病院機構鳥取医療センター,1,1,0,1,0,1,0,0,,,,,
0110049,松江赤十字病院,4,2,2,2,0,0,2,0,,,19982.0,6912.0,VERIFIED_NUMERIC
0111773,総合病院松江生協病院,2,1,1,1,0,0,1,0,,,,,
0112169,松江記念病院,1,1,1,0,0,0,0,1,,,,,
0112631,東部島根医療福祉センター,1,0,0,1,0,0,0,0,,,,,
0113738,松江市立病院,3,2,3,0,0,1,1,0,,,,,
0210039,安来第一病院,1,1,0,1,0,0,1,0,,,,,
0310011,出雲市立総合医療センター,1,1,1,0,0,0,1,0,,,,,
0412403,医療法人壽生会 寿生病院,1,0,0,1,0,0,0,0,,,,,
0412528,出雲市民病院,1,0,1,0,0,0,0,0,,,,,
0510891,大田市立病院,2,1,2,0,0,1,0,0,,,,,
0610030,西部島根医療福祉センター,1,1,0,1,0,0,1,0,,,,,
0610758,島根県済生会江津総合病院,1,1,1,0,0,0,1,0,,,,,
0810036,益田赤十字病院,1,1,1,0,0,0,1,0,,,,,
0810754,益田地域医療センター医師会病院,1,1,1,0,0,0,1,0,,,,,
1110030,独立行政法人地域医療機能推進機構玉造病院,1,1,1,0,0,0,1,0,,,,,
1210038,安来市立病院,1,1,1,0,0,0,1,0,,,,,
1410570,雲南市立病院,1,1,0,1,0,0,1,0,,,,,
1510312,平成記念病院,1,1,0,1,0,0,0,1,,,,,
1610922,斐川生協病院,1,0,0,1,0,0,0,0,,,,,
1610989,出雲徳洲会病院,1,1,1,0,0,0,1,0,,,,,
1810621,公立邑智病院,1,1,0,1,0,0,1,0,,,,,
2110377,津和野共存病院,1,1,1,0,0,0,0,1,,,,,
2210623,隠岐広域連合立隠岐病院,1,1,1,0,0,0,1,0,,,,,
5010012,独立行政法人国立病院機構松江医療センター,1,1,1,0,0,0,1,0,,,,,
5010046,島根大学医学部附属病院,4,4,4,0,0,3,1,0,,,19130.0,9762.0,VERIFIED_NUMERIC
5010053,独立行政法人国立病院機構浜田医療センター,3,2,1,1,1,1,1,0,,,,,
0711184,山根病院,1,0,0,1,0,0,0,0,,,,,
0411223,林整形外科医院,1,1,0,1,0,0,0,1,,,,,
0412015,島根県立中央病院,4,2,3,1,0,1,1,0,,,22770.0,8002.0,VERIFIED_NUMERIC
1110857,鹿島病院,1,0,0,1,0,0,0,0,,,,,
1310317,町立奥出雲病院,1,0,0,1,0,0,0,0,,,,,
1510478,飯南町立飯南病院,1,0,0,1,0,0,0,0,,,,,
2110450,よしか病院,1,0,0,1,0,0,0,0,,,,,
2210672,隠岐広域連合立隠岐島前病院,1,0,1,0,0,0,0,0,,,,,
0117198,高杉内科外科小児科脳外科,1,1,0,1,0,0,1,0,,,,,
0123543,大久保病院,1,0,0,1,0,0,0,0,,,,,
0123568,鈴江病院,1,0,0,1,0,0,0,0,,,,,
0123675,寺沢病院,1,0,0,1,0,0,0,0,,,,,
0123709,善成病院,1,0,0,1,0,0,0,0,,,,,
0123717,水の都記念病院,1,1,1,0,0,0,1,0,,,,,
0123808,徳島健生病院,1,1,1,0,0,0,1,0,,,,,
0123865,木下病院,1,0,0,1,0,0,0,0,,,,,
0123998,中洲八木病院,1,1,0,1,0,0,1,0,,,,,
0124053,橋本病院,1,0,0,1,0,0,0,0,,,,,
0124129,中瀬病院,1,0,0,1,0,0,0,0,,,,,
0124152,博愛記念病院,1,0,0,1,0,0,0,0,,,,,
0124160,稲山病院,1,0,1,0,0,0,0,0,,,,,
0124392,眉山病院,1,0,0,1,0,0,0,0,,,,,
0124699,伊月病院,1,1,0,1,0,0,1,0,,,,,
0124830,沖の洲病院,1,1,1,0,0,0,1,0,,,,,
0124913,徳島県立中央病院,4,2,3,1,0,1,1,0,,,,,
0124921,徳島市民病院,3,1,3,0,0,0,1,0,,,,,
0125019,城東整形外科内科,1,0,0,0,1,0,0,0,,,,,
0125076,松村病院,1,1,1,0,0,0,0,1,,,,,
0125340,東洋病院,1,0,0,0,1,0,0,0,,,,,
0125365,森岡病院,1,0,0,1,0,0,0,0,,,,,
0125399,近藤内科病院,1,1,0,1,0,0,0,1,,,,,
0125407,リバｰサイドのぞみ病院,1,0,0,1,0,0,0,0,,,,,
0125415,亀井病院,1,0,0,1,0,0,0,0,,,,,
0125423,松永病院,1,1,0,1,0,0,0,1,,,,,
0125431,たおか内科病院,1,0,0,0,0,0,0,0,,,,,
0125449,田岡病院,1,1,1,0,0,0,1,0,,,,,
0125456,たまき青空病院,1,1,1,0,0,0,1,0,,,,,
0125472,天満病院,1,0,0,1,0,0,0,0,,,,,
0125480,虹の橋病院,1,2,1,0,0,1,1,0,,,,,
0125498,徳島平成病院,1,1,0,1,0,0,0,1,,,,,
0125506,医療法人住友内科病院,1,0,0,1,0,0,0,0,,,,,
0126033,徳島さくらクリニック,1,0,0,1,0,0,0,0,,,,,
0126363,おかがわ内科・小児科,1,0,0,1,0,0,0,0,,,,,
0127072,医療法人青嵐会 むくの木クリニック,1,0,0,1,0,0,0,0,,,,,
0127205,大櫛耳鼻咽喉科はな・みみサージクリニック,1,0,0,0,0,0,0,0,,,,,
0127502,林病院,1,1,0,1,0,0,1,0,,,,,
0127684,川島病院,2,1,2,0,0,0,1,0,,,,,
0127734,リハビリテｰション大神子病院,1,0,0,1,0,0,0,0,,,,,
0127767,協立病院,1,1,1,0,0,0,1,0,,,,,
0127965,かもな桜公園クリニック,1,0,0,1,0,0,0,0,,,,,
0210043,兼松病院,1,1,1,0,0,0,1,0,,,,,
0210068,鳴門山上病院,1,0,0,0,1,0,0,0,,,,,
0210092,医療法人うずしお会岩朝病院,1,0,0,1,0,0,0,0,,,,,
0210118,徳島県鳴門病院,3,2,1,1,0,1,1,0,,,,,
0210126,小川病院,1,0,0,1,0,0,0,0,,,,,
0310074,小松島金磯病院,1,0,0,1,0,0,0,0,,,,,
0310108,小松島病院,0,1,0,0,0,0,1,0,,,,,
0310132,碩心館病院,1,0,1,0,0,0,0,0,,,,,
0310140,徳島赤十字ひのみね医療療育センタｰ,1,0,0,1,0,0,0,0,,,,,
0310157,徳島赤十字病院,7,2,3,1,0,1,1,0,,,21403.0,7453.0,VERIFIED_NUMERIC
0311254,江藤病院,1,0,0,1,0,0,0,0,,,,,
0311296,医療法人メディカルケア徳島ロイヤル病院,1,0,0,1,0,0,0,0,,,,,
0410015,原田病院,1,0,0,1,0,0,0,0,,,,,
0410072,阿南天満病院,1,0,0,1,0,0,0,0,,,,,
0410114,羽ノ浦整形外科内科病院,1,0,0,1,0,0,0,0,,,,,
0410379,馬原医院,1,0,0,1,0,0,0,0,,,,,
0413092,岩城クリニック,1,0,0,1,0,0,0,0,,,,,
0413332,阿南医療センター,2,1,2,0,0,1,0,0,,,,,
0510020,桜木病院,1,0,0,1,0,0,0,0,,,,,
0510053,岡内科病院,1,0,0,1,0,0,0,0,,,,,
0510061,ホウエツ病院,1,1,1,0,0,0,1,0,,,,,
0510087,成田病院,1,0,0,1,0,0,0,0,,,,,
0510095,美馬リハビリテｰション病院,1,0,0,1,0,0,0,0,,,,,
0510657,佐藤内科,1,0,0,1,0,0,0,0,,,,,
0610010,徳島県立三好病院,2,1,1,1,0,1,0,0,,,,,
0610069,三野田中病院,1,1,0,1,0,0,1,0,,,,,
0610077,三好市国民健康保険市立三野病院,1,1,0,1,0,0,1,0,,,,,
0610531,内田医院,1,0,0,1,0,0,0,0,,,,,
0613105,北條病院,1,0,0,1,0,0,0,0,,,,,
1010012,国民健康保険勝浦病院,1,0,0,1,0,0,0,0,,,,,
1210059,手束病院,1,1,1,0,0,0,1,0,,,,,
1210539,中谷医院,1,0,0,1,0,0,0,0,,,,,
1213061,石井虹の橋クリニック,1,0,0,1,0,0,0,0,,,,,
1310081,那賀町立上那賀病院,1,1,0,1,0,0,1,0,,,,,
1410089,海陽町国民健康保険海南病院,1,0,0,1,0,0,0,0,,,,,
1410121,徳島県立海部病院,1,1,1,0,0,1,0,0,,,,,
1510037,浦田病院,1,0,0,1,0,0,0,0,,,,,
1510045,医療法人修誠会吉野川病院,1,1,0,1,0,0,1,0,,,,,
1510151,稲次病院,1,1,0,1,0,0,1,0,,,,,
1510227,井上病院,1,1,0,1,0,0,0,1,,,,,
1510235,芳川病院,1,0,0,1,0,0,0,0,,,,,
1510243,きたじま田岡病院,1,1,1,0,0,0,1,0,,,,,
1510417,清水内科,1,0,0,1,0,0,0,0,,,,,
1513163,春藤内科胃腸科,1,0,1,0,0,0,0,0,,,,,
1513445,森本医院,1,0,0,1,0,0,0,0,,,,,
1513627,浜病院,1,0,0,1,0,0,0,0,,,,,
1610043,大野病院,1,0,0,1,0,0,0,0,,,,,
1612106,中山医院,1,0,0,0,0,0,0,0,,,,,
1612189,御所診療所,1,0,0,1,0,0,0,0,,,,,
1710025,徳島県厚生農業協同組合連合会吉野川医療センター,1,1,1,0,0,1,0,0,,,,,
1710033,美摩病院,1,1,0,1,0,0,1,0,,,,,
1710116,医療法人徳寿会 鴨島病院,1,0,0,1,0,0,0,0,,,,,
1710363,谷医院,1,0,0,1,0,0,0,0,,,,,
1713102,中西内科クリニック,1,0,0,0,0,0,0,0,,,,,
1713136,さくら診療所,1,0,0,1,0,0,0,0,,,,,
1814025,つるぎ町立半田病院,1,1,1,0,0,0,1,0,,,,,
1910112,藤内整形外科病院,1,0,0,1,0,0,0,0,,,,,
1910138,三加茂田中病院,1,1,0,1,0,0,1,0,,,,,
8010015,徳島大学病院,4,3,3,0,0,2,1,0,,,31124.0,8122.0,VERIFIED_NUMERIC
8010031,独立行政法人国立病院機構 とくしま医療センター東病院,1,2,1,0,0,1,1,0,,,,,
0110265,国吉病院,1,1,1,0,0,0,1,0,,,,,
0110380,岡村病院,1,0,1,0,0,0,0,0,,,,,
0110406,近森病院,3,2,3,0,0,1,1,0,,,,,
0110562,高知病院,1,0,0,1,0,0,0,0,,,,,
0110810,だいいちリハビリテーション病院,1,1,0,1,0,0,0,1,,,,,
0111016,高知記念病院,1,0,0,1,0,0,0,0,,,,,
0111412,潮江高橋病院,1,0,0,1,0,0,0,0,,,,,
0111958,長浜病院,1,0,0,1,0,0,0,0,,,,,
0112238,川村病院,1,0,0,1,0,0,0,0,,,,,
0112261,高知厚生病院,1,0,0,1,0,0,0,0,,,,,
0112295,土佐田村病院,1,0,0,1,0,0,0,0,,,,,
0112618,上町病院,1,0,0,1,0,0,0,0,,,,,
0112667,海里マリン病院,1,1,0,1,0,0,0,1,,,,,
0112709,図南病院,1,1,0,1,0,0,1,0,,,,,
0112840,新松田会愛宕病院,1,2,1,0,0,1,1,0,,,,,
0113053,朝倉病院,1,0,0,1,0,0,0,0,,,,,
0113129,高知整形・脳外科病院,1,1,1,0,0,0,1,0,,,,,
0113483,高知城東病院,1,0,0,1,0,0,0,0,,,,,
0113756,独立行政法人地域医療機能推進機構 高知西病院,1,0,0,1,0,0,0,0,,,,,
0113830,三愛病院,1,0,0,0,1,0,0,0,,,,,
0114234,岡林病院,1,0,0,1,0,0,0,0,,,,,
0114366,田中整形外科病院,1,1,0,1,0,0,1,0,,,,,
0114861,高知総合リハビリテーション病院,1,0,0,1,0,0,0,0,,,,,
0114887,高知生協病院,1,0,0,1,0,0,0,0,,,,,
0115561,内田脳神経外科,1,2,0,1,0,1,1,0,,,,,
0115728,青木脳神経外科形成外科,1,1,0,1,0,0,1,0,,,,,
0115777,山村病院,1,0,0,1,0,0,0,0,,,,,
0115975,川村整形外科,1,0,0,1,0,0,0,0,,,,,
0116247,高知脳神経外科病院,1,1,0,1,0,0,1,0,,,,,
0116353,フレッククリニック,0,1,0,0,0,0,1,0,,,,,
0116395,医療法人仁栄会 島津病院,1,1,0,1,0,0,0,1,,,,,
0116403,福田心臓・消化器内科,1,0,0,1,0,0,0,0,,,,,
0116700,島本病院,1,0,0,1,0,0,0,0,,,,,
0116809,もみのき病院,1,2,1,0,0,1,1,0,,,,,
0116940,田村内科整形外科病院,1,0,0,1,0,0,0,0,,,,,
0117062,医療法人博信会 中ノ橋病院,1,0,0,0,0,0,0,0,,,,,
0117302,いずみの病院,1,2,1,0,0,1,1,0,,,,,
0117526,高知高須病院,1,0,0,1,0,0,0,0,,,,,
0117658,クリニックひろと,1,1,0,0,1,0,0,1,,,,,
0117815,医療法人成仁会 快聖クリニック,1,0,0,1,0,0,0,0,,,,,
0118128,高知県・高知市病院企業団立高知医療センター,3,3,3,0,0,1,2,0,,,,,
0118540,永井病院,1,0,0,1,0,0,0,0,,,,,
0118599,リハビリテーション病院すこやかな杜,1,0,0,1,0,0,0,0,,,,,
0119282,きんろう病院,1,0,0,1,0,0,0,0,,,,,
0119340,近森リハビリテーション病院,1,0,0,0,1,0,0,0,,,,,
0119472,竹下病院,1,0,0,1,0,0,0,0,,,,,
0119597,高知赤十字病院,3,2,3,0,0,1,1,0,,,,,
0210388,室戸中央病院,2,0,0,1,0,0,0,0,,,,,
0210511,室戸市立室戸診療所,1,0,0,1,0,0,0,0,,,,,
0310014,高知県立あき総合病院,1,1,1,0,0,0,1,0,,,,,
0310329,森澤病院,1,0,0,1,0,0,0,0,,,,,
0310477,ＥＡＳＴマリンクリニック,0,1,0,0,0,0,0,1,,,,,
0410020,北村病院,1,0,0,1,0,0,0,0,,,,,
0410335,南国病院,1,1,0,0,1,0,0,1,,,,,
0410517,藤原病院,1,0,1,0,0,0,0,0,,,,,
0410632,南国中央病院,1,0,0,1,0,0,0,0,,,,,
0410913,ＪＡ高知病院,1,1,1,0,0,0,1,0,,,,,
0411150,南国厚生病院,1,0,1,0,0,0,0,0,,,,,
0510019,土佐市立土佐市民病院,1,1,1,0,0,1,0,0,,,,,
0510191,白菊園病院,1,0,0,1,0,0,0,0,,,,,
0510308,井上病院,1,0,1,0,0,0,0,0,,,,,
0510324,医療法人高尚会 川田整形外科,0,1,0,0,0,0,0,1,,,,,
0610207,ネオリゾートちひろ病院,1,0,0,0,1,0,0,0,,,,,
0610223,高陵病院,1,1,0,1,0,0,0,1,,,,,
0610462,須崎くろしお病院,1,1,1,0,0,0,1,0,,,,,
0610546,医療法人仁栄会 島津クリニック,1,0,0,1,0,0,0,0,,,,,
0710254,中村病院,1,0,0,1,0,0,0,0,,,,,
0710643,木俵病院,1,0,0,1,0,0,0,0,,,,,
0710866,森下病院,1,0,0,0,1,0,0,0,,,,,
0710916,四万十市国民健康保険四万十市立市民病院,1,1,1,0,0,0,1,0,,,,,
0710965,四万十市国民健康保険西土佐診療所,1,0,0,1,0,0,0,0,,,,,
0711120,竹本病院,1,1,1,0,0,0,0,1,,,,,
0711203,医療法人島津会　幡多クリニック,1,1,0,1,0,0,0,1,,,,,
0810799,渭南病院,1,1,1,0,0,0,1,0,,,,,
0810872,松谷病院,1,0,0,1,0,0,0,0,,,,,
0810948,足摺病院,1,0,0,1,0,0,0,0,,,,,
0910169,聖ケ丘病院,1,0,0,1,0,0,0,0,,,,,
0910219,大井田病院,1,0,1,0,0,0,0,0,,,,,
0910417,筒井病院,1,0,0,1,0,0,0,0,,,,,
1010035,もえぎクリニック,1,0,0,0,1,0,0,0,,,,,
1010126,野市中央病院,1,1,0,1,0,0,0,1,,,,,
1010324,野市整形外科医院,0,1,0,0,0,0,0,1,,,,,
1110025,同仁病院,1,1,0,1,0,0,1,0,,,,,
1110140,岩河整形外科,0,1,0,0,0,0,0,1,,,,,
1110207,医療法人豊秋会 香北病院,1,0,0,1,0,0,0,0,,,,,
1110306,前田メディカルクリニック,1,0,0,1,0,0,0,0,,,,,
2010620,芸西病院,1,0,0,1,0,0,0,0,,,,,
2010745,田野病院,1,1,1,0,0,0,1,0,,,,,
2010885,芸西オルソクリニック,0,1,0,0,0,0,0,1,,,,,
2210634,大杉中央病院,1,1,0,0,0,0,1,0,,,,,
2310293,早明浦病院,1,0,0,1,0,0,0,0,,,,,
2410762,町田整形外科,0,1,0,0,0,0,0,1,,,,,
2410838,さくら病院,1,0,0,1,0,0,0,0,,,,,
2410952,いの町立国民健康保険仁淀病院,1,1,1,0,0,0,1,0,,,,,
2510025,佐川町立高北国民健康保険病院,1,1,1,0,0,0,0,1,,,,,
2511064,清和病院,1,0,0,1,0,0,0,0,,,,,
2511114,大西病院,1,0,0,1,0,0,0,0,,,,,
2511395,くぼかわ病院,1,1,1,0,0,0,1,0,,,,,
2511403,北島病院,1,1,0,1,0,0,1,0,,,,,
2511411,前田病院,1,0,0,1,0,0,0,0,,,,,
2511791,四万十町国民健康保険大正診療所,1,0,0,1,0,0,0,0,,,,,
2610700,大月町国民健康保険大月病院,1,0,0,1,0,0,0,0,,,,,
8010012,独立行政法人国立病院機構高知病院,2,1,1,1,0,0,1,0,,,,,
8010525,高知大学医学部附属病院,4,4,3,0,0,2,1,1,,,16603.0,10013.0,VERIFIED_NUMERIC
0111392,医療法人 諸隈病院,1,0,0,1,0,0,0,0,,,,,
0113067,医療法人聖医会 藤川病院,1,0,0,1,0,0,0,0,,,,,
0114438,医療法人信愛整形外科医院,0,1,0,0,0,0,0,1,,,,,
0114503,高柳内科,1,0,1,0,0,0,0,0,,,,,
0114651,医療法人おそえがわ脳神経内科,0,1,0,0,0,0,0,1,,,,,
0114669,医療法人牧野医院,1,0,0,1,0,0,0,0,,,,,
0114925,医療法人春陽会上村病院,1,1,1,0,0,0,1,0,,,,,
0115021,福岡病院,2,1,1,1,0,0,1,0,,,,,
0115179,医療法人同愛会サンテ溝上病院,1,1,0,1,0,0,1,0,,,,,
0115302,橋野医院,1,0,0,1,0,0,0,0,,,,,
0115385,医療法人仁和会小池病院,1,0,1,0,0,0,0,0,,,,,
0115799,医療法人長生会島田病院,1,0,0,1,0,0,0,0,,,,,
0115872,医療法人社団敬愛会佐賀記念病院,1,1,1,0,0,0,1,0,,,,,
0116284,医療法人森永整形外科医院,0,1,0,0,0,0,0,1,,,,,
0116714,岸川整形外科,0,1,0,0,0,0,0,1,,,,,
0117183,なゆたの森病院,1,1,1,0,0,1,0,0,,,,,
0117571,福田脳神経外科病院,1,1,0,1,0,0,1,0,,,,,
0117621,ぶどうの木クリニック,1,1,0,1,0,0,1,0,,,,,
0117928,医療法人　正島脳神経外科,1,1,0,1,0,0,1,0,,,,,
0211978,河畔病院,1,1,1,0,0,0,1,0,,,,,
0212075,医療法人社団芳香会唐津第一病院,1,0,0,1,0,0,0,0,,,,,
0212349,医療法人平川病院,1,0,0,1,0,0,0,0,,,,,
0212380,医療法人修腎会藤﨑病院,1,0,0,1,0,0,0,0,,,,,
0212505,唐津東松浦医師会医療センター,1,1,1,0,0,0,1,0,,,,,
0212810,医療法人賛健会城内病院,1,1,0,1,0,0,0,1,,,,,
0213206,医療法人 平川俊彦脳神経外科,1,1,0,1,0,0,1,0,,,,,
0311067,松岡病院,1,0,0,1,0,0,0,0,,,,,
0311331,医療法人社団如水会 今村病院,2,1,2,0,0,1,0,0,,,,,
0311935,やよいがおか鹿毛病院,1,1,1,0,0,0,1,0,,,,,
0311943,医療法人啓心会啓心会病院,1,1,1,0,0,1,0,0,,,,,
0312131,医療法人まごころ医療館,1,0,0,1,0,0,0,0,,,,,
0312198,医療法人好古堂すむのさと髙尾病院,1,0,0,1,0,0,0,0,,,,,
0312370,医療法人仁徳会 今村病院,1,0,0,1,0,0,0,0,,,,,
0410620,医療法人剛友会諸隈病院,1,0,0,1,0,0,0,0,,,,,
0511344,小島病院,1,0,0,1,0,0,0,0,,,,,
0511369,山口病院,1,0,0,1,0,0,0,0,,,,,
0511732,医療法人光仁会西田病院,1,1,1,0,0,0,1,0,,,,,
0511773,社会医療法人謙仁会山元記念病院,1,1,1,0,0,0,1,0,,,,,
0511799,医療法人幸善会前田病院,1,1,0,1,0,0,0,1,,,,,
0512011,伊万里整形外科病院,1,1,0,1,0,0,1,0,,,,,
0512045,医療法人精仁会隅田医院,1,0,0,1,0,0,0,0,,,,,
0611110,医療法人篠田整形外科,1,1,0,1,0,0,0,1,,,,,
0611284,新武雄病院,1,2,1,0,0,1,1,0,,,,,
0710052,社会医療法人祐愛会織田病院,1,1,1,0,0,0,1,0,,,,,
0710698,医療法人犬塚病院,1,0,0,1,0,0,0,0,,,,,
0710805,医療法人天心堂志田病院,1,0,0,1,0,0,0,0,,,,,
0710920,医療法人誠晴會ふきあげ納富病院,1,0,0,1,0,0,0,0,,,,,
1011021,医療法人島内整形外科医院,0,1,0,0,0,0,0,1,,,,,
1011096,医療法人社団杠葉会もろどみ中央病院,1,1,0,1,0,0,1,0,,,,,
1011211,医療法人源勇会枝國医院,1,0,0,1,0,0,0,0,,,,,
1011344,医療法人大和正信会ふじおか病院,1,0,0,0,1,0,0,0,,,,,
1110963,医療法人久和会和田記念病院,1,0,0,1,0,0,0,0,,,,,
1111052,目達原整形外科,0,1,0,0,0,0,0,1,,,,,
1210441,大島病院,1,1,0,1,0,1,0,0,,,,,
1210722,医療法人好古堂きやま髙尾病院,1,0,0,1,0,0,0,0,,,,,
1210920,医療法人三樹会 三樹病院,1,0,0,1,0,0,0,0,,,,,
1311017,鶴田整形外科,0,1,0,0,0,0,1,0,,,,,
1311058,鶴田運動機能回復クリニック,1,0,1,0,0,0,0,0,,,,,
1311199,医療法人ひらまつ病院,1,1,1,0,0,0,1,0,,,,,
1311256,江口病院,1,0,1,0,0,0,0,0,,,,,
1411494,医療法人 尚誠会 冬野病院,1,0,0,1,0,0,0,0,,,,,
1411510,宇都宮病院,1,0,0,1,0,0,0,0,,,,,
1610061,有島病院,1,0,0,1,0,0,0,0,,,,,
1610392,古賀病院,1,0,0,1,0,0,0,0,,,,,
1610954,白石共立病院,1,1,1,0,0,0,1,0,,,,,
1611325,医療法人順天堂順天堂病院,1,0,1,0,0,0,0,0,,,,,
1611382,医療法人武岡病院,1,0,0,1,0,0,0,0,,,,,
1611671,社会医療法人祐愛会高島病院,1,0,0,1,0,0,0,0,,,,,
1710481,嬉野温泉病院,1,1,0,1,0,0,1,0,,,,,
1710572,医療法人陽明会樋口病院,1,1,0,1,0,0,1,0,,,,,
1710796,うれしのふくだクリニック,1,1,1,0,0,0,1,0,,,,,
2010071,栗並医院,1,0,0,1,0,0,0,0,,,,,
2010139,医療法人啓仁会橋本病院,1,1,1,0,0,0,0,1,,,,,
2010154,医療法人社団啓祐会神埼病院,1,0,0,1,0,0,0,0,,,,,
9811042,独立行政法人地域医療機能推進機構佐賀中部病院,1,1,1,0,0,0,1,0,,,,,
9811182,唐津市民病院きたはた,1,0,0,1,0,0,0,0,,,,,
9811265,町立太良病院,1,1,1,0,0,0,0,1,,,,,
9811315,伊万里有田共立病院,2,2,2,0,0,0,2,0,,,,,
9811349,佐賀県医療センター好生館,4,2,3,1,0,1,1,0,,,21739.0,7385.0,VERIFIED_NUMERIC
9811356,唐津赤十字病院,3,2,2,1,0,1,1,0,,,,,
9811406,公立佐賀中央病院,1,1,1,0,0,0,1,0,,,,,
9910018,独立行政法人国立病院機構佐賀病院,2,1,2,0,0,0,1,0,,,,,
9910034,独立行政法人国立病院機構東佐賀病院,1,1,1,0,0,0,1,0,,,,,
9910042,独立行政法人国立病院機構肥前精神医療センター,1,1,1,0,0,0,1,0,,,,,
9910067,佐賀大学医学部附属病院,7,3,6,1,0,2,1,0,,,27844.0,11597.0,VERIFIED_NUMERIC
9910075,独立行政法人国立病院機構嬉野医療センター,2,1,2,0,0,0,1,0,,,,,
0118066,医療法人公和会　横須賀病院,1,1,0,1,0,0,1,0,,,,,
0112014,社会医療法人葦の会　オリブ山病院,1,1,0,0,1,0,1,0,,,,,
0115249,医療法人 社団かびら会 川平病院,2,0,0,1,0,0,0,0,,,,,
0117153,地方独立行政法人那覇市立病院,2,2,2,0,0,1,1,0,,,,,
0117401,医療法人おもと会 大浜第一病院,2,1,1,1,0,0,1,0,,,,,
0411341,医療法人タピック 沖縄リハビリテーションセンター病院,1,1,0,1,0,0,1,0,,,,,
0412216,医療法人心和会 潮平病院,1,0,0,1,0,0,0,0,,,,,
0412737,社会医療法人 敬愛会 中頭病院,3,2,1,1,1,1,1,0,,,,,
0510506,医療法人 球陽会 海邦病院,1,1,0,1,0,0,0,1,,,,,
0611163,医療法人左右会　宮古島リハビリ温泉病院,1,0,0,1,0,0,0,0,,,,,
0810153,牧港中央病院,1,0,1,0,0,0,0,0,,,,,
0810609,医療法人八重瀬会 同仁病院,1,1,1,0,0,0,1,0,,,,,
0810781,平安病院,1,0,0,1,0,0,0,0,,,,,
0811318,医療法人豊誠会 牧港クリニック,1,0,0,1,0,0,0,0,,,,,
0812274,社会医療法人仁愛会 浦添総合病院,2,2,2,0,0,1,1,0,,,,,
0910508,公益社団法人 北部地区医師会 北部地区医師会病院,2,1,2,0,0,0,1,0,,,,,
0910565,医療法人タピック宮里病院,1,0,0,1,0,0,0,0,,,,,
2110487,医療法人光風会 北山病院,1,0,0,1,0,0,0,0,,,,,
2110552,医療法人野毛会 もとぶ野毛病院,1,0,0,1,0,0,0,0,,,,,
2210220,医療法人仁誠会 名嘉病院,1,1,0,1,0,0,0,1,,,,,
2210287,社会医療法人かりゆし会 ハートライフ病院,2,2,2,0,0,1,1,0,,,,,
2210345,アドベンチスト メディカルセンター,1,0,0,1,0,0,0,0,,,,,
2210519,医療法人アガペ会 北中城若松病院,1,0,0,1,0,0,0,0,,,,,
2210840,北上中央病院,1,0,0,0,1,0,0,0,,,,,
2211624,医療法人　徳洲会　中部徳洲会病院,3,2,3,0,0,1,1,0,,,,,
2310541,医療法人 社団 輔仁会 嬉野が丘サマリヤ人病院,1,0,0,1,0,0,0,0,,,,,
2311846,医療法人徳洲会 南部徳洲会病院,3,1,2,1,0,0,1,0,,,,,
2311945,はえばる耳鼻咽喉科,1,0,0,0,0,0,0,0,,,,,
2312166,空の森クリニック,0,1,0,0,0,0,1,0,,,,,
8010038,独立行政法人国立病院機構琉球病院,1,1,0,1,0,0,1,0,,,,,
8010053,国立療養所 沖縄愛楽園,1,0,1,0,0,0,0,0,,,,,
8110028,沖縄県立中部病院,4,2,2,0,0,1,1,0,,,,,
8110168,公立久米島病院,1,0,0,1,0,0,0,0,,,,,
8110176,沖縄県立南部医療センター・こども医療センター,2,2,2,0,0,0,2,0,,,,,
8110184,沖縄赤十字病院,2,1,2,0,0,0,1,0,,,,,
8110192,沖縄県立宮古病院,1,1,1,0,0,0,1,0,,,,,
8110200,沖縄県立八重山病院,1,1,1,0,0,0,1,0,,,,,
0114515,医療法人寿仁会 沖縄セントラル病院,1,1,1,0,0,0,1,0,,,,,
0112634,医療法人はごろも会那覇ゆい病院,1,1,0,1,0,0,1,0,,,,,
0114044,医療法人 禄寿会 小禄病院,1,0,0,1,0,0,0,0,,,,,
0117310,沖縄協同病院,2,1,2,0,0,1,0,0,,,,,
0412984,社会医療法人敬愛会翔南病院,1,0,0,1,0,0,0,0,,,,,
0710650,石垣島徳洲会病院,1,1,1,0,0,0,1,0,,,,,
0113251,琉生病院,1,0,0,1,0,0,0,0,,,,,
0115298,医療法人陽心会 大道中央病院,1,0,0,1,0,0,0,0,,,,,
0115579,那覇西クリニック,1,0,0,1,0,0,0,0,,,,,
0116619,おもろまちメディカルセンター,1,1,0,1,0,0,1,0,,,,,
0118672,友寄クリニック,1,0,0,1,0,0,0,0,,,,,
0119357,嶺井医院,1,0,0,1,0,0,0,0,,,,,
0119555,医療法人陽心会　メディカルプラザ大道中央病院,1,1,0,1,0,0,1,0,,,,,
0310709,医療法人 沖縄寿光会 与勝病院,1,1,0,1,0,0,0,1,,,,,
0412380,医療法人ちゅうざん会 ちゅうざん病院,1,1,0,1,0,0,1,0,,,,,
0412844,中部協同病院,1,1,0,1,0,0,1,0,,,,,
0510183,宜野湾記念病院,1,1,0,1,0,0,1,0,,,,,
0610777,城辺中央クリニック,1,0,0,0,1,0,0,0,,,,,
0610918,宮古島徳洲会病院,1,1,1,0,0,0,1,0,,,,,
0710395,かりゆし病院,1,0,0,1,0,0,0,0,,,,,
0710577,下地第２脳神経外科,1,0,0,1,0,0,0,0,,,,,
0810203,末吉内科外科胃腸科医院,1,0,0,0,0,0,0,0,,,,,
0810211,嶺井第一病院,1,3,1,0,0,1,2,0,,,,,
0910532,医療法人琉心会 勝山病院,2,0,0,1,0,0,0,0,,,,,
1010258,医療法人以和貴会ウェルネス西崎病院,1,0,0,1,0,0,0,0,,,,,
1010530,西崎病院,1,1,0,1,0,0,0,1,,,,,
1110017,とよみ生協病院,1,1,1,0,0,0,1,0,,,,,
1110660,社会医療法人 友愛会 友愛医療センター,3,2,3,0,0,1,1,0,,,,,
1110678,社会医療法人 友愛会 豊見城中央病院,1,1,1,0,0,0,1,0,,,,,
1210197,医療法人真徳会 沖縄メディカル病院,1,0,0,1,0,0,0,0,,,,,
2110545,医療法人ユカリア沖縄 かんな病院,1,0,0,1,0,0,0,0,,,,,
2310673,医療法人信和会　沖縄第一病院,1,1,1,0,0,0,1,0,,,,,
2311531,与那原中央病院,1,2,1,0,0,0,1,1,,,,,
2510058,与那国町診療所,1,0,0,0,1,0,0,0,,,,,
8010046,独立行政法人国立病院機構沖縄病院,2,1,1,0,0,0,1,0,,,,,
8010061,国立療養所宮古南静園,1,0,1,0,0,0,0,0,,,,,
8110150,沖縄県立北部病院,2,1,2,0,0,0,1,0,,,,,
