region_code,prefecture,area_name,pop2025,ortho_per_100k,pctl_ortho_density,mri_per_10k,pctl_mri_density,surgery_per_10k,pctl_surgery_volume,general_beds_per_10k,pctl_general_beds,hospital_share,bedded_clinic_share,clinic_share,profile_data_coverage,profile_label
01101,北海道,札幌市中央区,257249,15.937865647679873,65.74468085106383,0.8940753899917978,90.53191489361701,1767.5481731707412,98.08510638297872,208.7471671415632,96.0618846694796,0.0960591133004926,0.05172413793103448,0.8522167487684729,1.0,手術活動が相対的に高く、整形外科密度が相対的に低い
01102,北海道,札幌市北区,290125,7.5829383886255926,21.54255319148936,0.2757432141318397,52.3936170212766,561.2063765618268,80.37234042553192,48.25506247307195,33.33333333333333,0.11518324607329843,0.08376963350785341,0.8010471204188482,1.0,手術活動が相対的に高く、整形外科密度が相対的に低い
01103,北海道,札幌市東区,265235,9.048579561520915,27.606382978723403,0.8294531264727505,89.20212765957447,1245.2730597394764,96.17021276595744,109.9779440873188,81.64556962025317,0.1554054054054054,0.10135135135135136,0.7432432432432432,1.0,手術活動が相対的に高く、整形外科密度が相対的に低い
01104,北海道,札幌市白石区,212421,5.649158981456635,17.127659574468083,0.3766105987637757,62.23404255319149,757.4109904387984,88.08510638297872,90.9985359262973,71.44866385372714,0.1623931623931624,0.06837606837606838,0.7692307692307693,1.0,手術活動が相対的に高く、整形外科密度が相対的に低い
01105,北海道,札幌市豊平区,226015,9.733867221202132,30.904255319148938,0.6194279140764993,80.2127659574468,617.8350994403027,82.92553191489361,74.28710483817446,58.157524613220815,0.10810810810810811,0.060810810810810814,0.831081081081081,1.0,手術活動が相対的に高く、整形外科密度が相対的に低い
01106,北海道,札幌市南区,129828,8.472748559632745,25.638297872340427,0.6161998952460178,80.1063829787234,344.3016914687125,66.11702127659575,109.1444064454509,81.15330520393812,0.17105263157894737,0.10526315789473684,0.7236842105263158,1.0,一般病床が相対的に高く、整形外科密度が相対的に低い
01107,北海道,札幌市西区,217110,11.054304269725023,39.787234042553195,0.8290728202293768,89.14893617021276,609.7830592787067,82.5,70.70148772511631,55.27426160337553,0.13414634146341464,0.0975609756097561,0.7682926829268293,1.0,MRI密度が相対的に高く、整形外科密度が相対的に低い
01108,北海道,札幌市厚別区,121699,9.8603932653514,31.914893617021278,0.8216994387792834,88.98936170212765,1036.2451622445542,93.98936170212767,137.552486051652,88.95921237693389,0.17582417582417584,0.07692307692307693,0.7472527472527473,1.0,手術活動が相対的に高く、整形外科密度が相対的に低い
01109,北海道,札幌市手稲区,140492,7.117843008854597,19.893617021276597,0.42707058053127583,68.13829787234043,902.7560288130285,91.54255319148936,76.44563391509837,60.056258790436004,0.17073170731707318,0.10975609756097561,0.7195121951219512,1.0,手術活動が相対的に高く、整形外科密度が相対的に低い
01110,北海道,札幌市清田区,109970,6.365372374283895,18.29787234042553,0.6365372374283895,81.01063829787233,231.69955442393382,57.71276595744681,46.194416659088844,31.223628691983123,0.1875,0.09375,0.71875,1.0,MRI密度が相対的に高く、整形外科密度が相対的に低い
01202,北海道,函館市,232771,17.613878017450627,73.13829787234043,0.8162528837355169,88.88297872340426,1162.8596345764722,95.85106382978724,159.51299775315655,93.17862165963432,0.13903743315508021,0.0748663101604278,0.786096256684492,1.0,手術活動が相対的に高く、整形外科密度が相対的に低い
01203,北海道,小樽市,101222,13.83098535891407,55.58510638297872,0.6915492679457035,83.93617021276596,812.6691825887652,89.7872340425532,134.55572899172117,88.46694796061885,0.17857142857142858,0.13095238095238096,0.6904761904761905,1.0,手術活動が相対的に高く、整形外科密度が相対的に低い
01204,北海道,旭川市,313406,12.762997517596983,48.88297872340426,0.7338723572618265,85.58510638297872,958.7244660280913,93.03191489361701,123.9287058958667,86.0056258790436,0.15315315315315314,0.09009009009009009,0.7567567567567568,1.0,手術活動が相対的に高く、整形外科密度が相対的に低い
01205,北海道,室蘭市,74850,8.016032064128256,23.77659574468085,0.9352037408149633,91.54255319148936,1182.3647294589177,95.95744680851064,115.03006012024048,83.75527426160338,0.16666666666666666,0.023809523809523808,0.8095238095238095,1.0,手術活動が相対的に高く、整形外科密度が相対的に低い
01206,北海道,釧路市,152475,9.837678307919331,31.755319148936167,0.852598786686342,89.68085106382979,1154.48434169536,95.74468085106383,142.4495818986719,89.80309423347398,0.2125,0.125,0.6625,1.0,手術活動が相対的に高く、整形外科密度が相対的に低い
01207,北海道,帯広市,161312,11.778416980757786,43.93617021276596,0.9918666931164452,92.3936170212766,1034.0210275738941,93.93617021276596,138.17942868478477,89.09985935302392,0.1559633027522936,0.08256880733944955,0.7614678899082569,1.0,手術活動が相対的に高く、整形外科密度が相対的に低い
01208,北海道,北見市,109738,10.023875047841221,32.81914893617021,0.7290090943884524,85.0531914893617,768.1022070750333,88.61702127659574,97.68721864805264,75.31645569620254,0.21666666666666667,0.13333333333333333,0.65,1.0,手術活動が相対的に高く、整形外科密度が相対的に低い
01209,北海道,夕張市,6065,16.488046166529266,68.72340425531915,0.0,19.44148936170213,0.0,14.01595744680851,,,0.0,0.3333333333333333,0.6666666666666666,0.75,整形外科密度が相対的に高く、手術活動が相対的に低い
01210,北海道,岩見沢市,73202,8.196497363460015,24.52127659574468,0.2732165787820005,52.02127659574468,433.86792710581676,73.56382978723404,56.009398650310104,40.50632911392405,0.12280701754385964,0.14035087719298245,0.7368421052631579,1.0,手術活動が相対的に高く、整形外科密度が相対的に低い
01211,北海道,網走市,32092,21.81228966720678,84.36170212765958,0.623208276205908,80.37234042553192,603.265611367319,82.2872340425532,133.05496696996136,88.18565400843882,0.2631578947368421,0.10526315789473684,0.631578947368421,1.0,各指標が比較的均衡
01212,北海道,留萌市,17642,22.67316630767487,85.74468085106382,0.5668291576918717,78.40425531914894,467.63405509579417,75.2127659574468,81.62339870762952,64.48663853727145,0.14285714285714285,0.07142857142857142,0.7857142857142857,1.0,整形外科密度が相対的に高く、一般病床が相対的に低い
01213,北海道,苫小牧市,164613,7.897310661976879,23.19148936170213,0.4252398048756781,67.76595744680851,705.2298421145354,86.32978723404256,71.13654450134558,55.76652601969057,0.16455696202531644,0.16455696202531644,0.6708860759493671,1.0,手術活動が相対的に高く、整形外科密度が相対的に低い
01214,北海道,稚内市,30288,9.904912836767037,32.180851063829785,0.6603275224511358,82.2872340425532,496.5662968832541,76.75531914893618,98.38880084521924,75.8790436005626,0.14285714285714285,0.07142857142857142,0.7857142857142857,1.0,MRI密度が相対的に高く、整形外科密度が相対的に低い
01215,北海道,美唄市,18068,11.069293779056895,39.9468085106383,0.5534646889528448,77.5,510.84790790347574,77.76595744680851,141.68696037192828,89.59212376933895,0.3,0.0,0.7,1.0,一般病床が相対的に高く、整形外科密度が相対的に低い
01216,北海道,芦別市,10671,9.371192952862899,28.936170212765955,0.9371192952862899,91.59574468085107,44.044606878455625,40.691489361702125,54.35291912660482,38.95921237693389,0.5,0.0,0.5,1.0,MRI密度が相対的に高く、整形外科密度が相対的に低い
01217,北海道,江別市,118449,10.975187633496272,39.41489361702128,0.4221226012883182,67.18085106382978,292.95308529409283,63.138297872340424,16.800479531275066,10.267229254571026,0.08695652173913043,0.07246376811594203,0.8405797101449275,1.0,MRI密度が相対的に高く、一般病床が相対的に低い
01218,北海道,赤平市,8332,12.00192030724916,45.1063829787234,0.0,19.44148936170213,202.8324531925108,55.37234042553192,109.21747479596736,81.29395218002813,0.6666666666666666,0.0,0.3333333333333333,1.0,一般病床が相対的に高く、MRI密度が相対的に低い
01219,北海道,紋別市,19510,20.502306509482317,82.18085106382979,0.5125576627370579,74.36170212765958,327.52434648898003,65.26595744680851,75.85853408508457,59.49367088607595,0.2222222222222222,0.3333333333333333,0.4444444444444444,1.0,整形外科密度が相対的に高く、一般病床が相対的に低い
01220,北海道,士別市,15695,12.742911755336095,48.829787234042556,0.6371455877668047,81.06382978723404,119.14622491239248,48.29787234042553,31.85727938834024,18.424753867791843,0.09090909090909091,0.0,0.9090909090909091,1.0,MRI密度が相対的に高く、一般病床が相対的に低い
01221,北海道,名寄市,25202,15.871756209824618,65.37234042553192,0.3967939052456155,64.25531914893618,1039.6000317435123,94.09574468085107,157.92397428775493,92.75668073136427,0.36363636363636365,0.0,0.6363636363636364,1.0,手術活動が相対的に高く、MRI密度が相対的に低い
01222,北海道,三笠市,7012,28.522532800912717,92.5,1.426126640045636,96.86170212765958,111.23787792355962,47.712765957446805,0.0,3.551336146272855,0.6666666666666666,0.0,0.3333333333333333,1.0,MRI密度が相対的に高く、一般病床が相対的に低い
01223,北海道,根室市,22317,8.961778016758524,27.23404255319149,0.44808890083792624,70.0531914893617,244.20845095666982,58.77659574468085,58.69964600976834,43.24894514767932,0.42857142857142855,0.0,0.5714285714285714,1.0,MRI密度が相対的に高く、整形外科密度が相対的に低い
01224,北海道,千歳市,97797,7.157683773530885,20.0531914893617,0.409010501344622,65.69148936170212,248.6783848175302,59.308510638297875,35.583913616982116,21.870604781997187,0.1346153846153846,0.07692307692307693,0.7884615384615384,1.0,MRI密度が相対的に高く、整形外科密度が相対的に低い
01225,北海道,滝川市,36802,16.303461768382153,67.6063829787234,0.5434487256127385,76.80851063829788,395.08722352046084,69.8936170212766,80.97386011629803,64.13502109704642,0.2,0.12,0.68,1.0,各指標が比較的均衡
01226,北海道,砂川市,14916,6.704210244033253,18.882978723404257,1.3408420488066506,96.17021276595744,2937.114507910968,99.46808510638297,273.5317779565567,98.45288326300985,0.3333333333333333,0.0,0.6666666666666666,1.0,手術活動が相対的に高く、整形外科密度が相対的に低い
01227,北海道,歌志内市,2443,0.0,7.659574468085106,0.0,19.44148936170213,0.0,14.01595744680851,0.0,3.551336146272855,1.0,0.0,0.0,1.0,各指標が比較的均衡
01228,北海道,深川市,17824,16.831238779174146,69.73404255319149,0.5610412926391383,78.13829787234042,628.927289048474,83.40425531914893,107.1588868940754,80.23909985935302,0.3333333333333333,0.0,0.6666666666666666,1.0,各指標が比較的均衡
01229,北海道,富良野市,18707,21.38237023574063,83.72340425531914,1.0691185117870317,93.51063829787233,583.2041481798257,81.38297872340425,135.2434917410595,88.53727144866386,0.2727272727272727,0.09090909090909091,0.6363636363636364,1.0,各指標が比較的均衡
01230,北海道,登別市,42195,4.7398980921910185,16.329787234042552,0.23699490460955092,48.351063829787236,77.2603389027136,44.734042553191486,0.0,3.551336146272855,0.3,0.0,0.7,1.0,MRI密度が相対的に高く、一般病床が相対的に低い
01231,北海道,恵庭市,69367,10.091253766200067,33.191489361702125,0.5766430723542895,78.77659574468086,766.5028039269394,88.40425531914894,80.15338705724625,62.79887482419127,0.2,0.08571428571428572,0.7142857142857143,1.0,手術活動が相対的に高く、整形外科密度が相対的に低い
01233,北海道,伊達市,29843,10.05260865194518,32.92553191489362,0.6701739101296786,82.76595744680851,406.7955634487149,70.74468085106383,0.0,3.551336146272855,0.18181818181818182,0.09090909090909091,0.7272727272727273,1.0,MRI密度が相対的に高く、一般病床が相対的に低い
01234,北海道,北広島市,56153,10.685092515092693,37.4468085106383,0.1780848752515449,43.138297872340424,53.42546257546346,41.755319148936174,24.75379765996474,13.924050632911392,0.1388888888888889,0.027777777777777776,0.8333333333333334,1.0,MRI密度が相対的に高く、一般病床が相対的に低い
01235,北海道,石狩市,55417,10.827002544345598,38.670212765957444,0.18045004240575996,43.51063829787234,50.16511178880127,41.43617021276596,17.1427540285472,10.478199718706048,0.19230769230769232,0.23076923076923078,0.5769230769230769,1.0,MRI密度が相対的に高く、一般病床が相対的に低い
01236,北海道,北斗市,41022,7.313149041977475,20.638297872340424,0.0,19.44148936170213,0.0,14.01595744680851,,,0.0,0.045454545454545456,0.9545454545454546,0.75,各指標が比較的均衡
01303,北海道,当別町,14480,13.812154696132598,55.319148936170215,0.0,19.44148936170213,0.0,14.01595744680851,,,0.0,0.0,1.0,0.75,整形外科密度が相対的に高く、手術活動が相対的に低い
01304,北海道,新篠津村,2790,0.0,7.659574468085106,0.0,19.44148936170213,0.0,14.01595744680851,,,0.0,0.5,0.5,0.75,各指標が比較的均衡
01331,北海道,松前町,5309,56.5078169146732,98.56382978723404,0.0,19.44148936170213,113.0156338293464,47.87234042553192,113.0156338293464,82.91139240506328,0.3333333333333333,0.3333333333333333,0.3333333333333333,1.0,整形外科密度が相対的に高く、MRI密度が相対的に低い
01332,北海道,福島町,3246,0.0,7.659574468085106,0.0,19.44148936170213,0.0,14.01595744680851,,,0.0,0.0,1.0,0.75,各指標が比較的均衡
01333,北海道,知内町,3711,26.946914578280786,90.85106382978724,0.0,19.44148936170213,0.0,14.01595744680851,,,0.0,0.0,1.0,0.75,整形外科密度が相対的に高く、手術活動が相対的に低い
01334,北海道,木古内町,3312,30.193236714975843,93.4840425531915,0.0,19.44148936170213,93.59903381642512,46.170212765957444,298.9130434782609,99.01547116736991,0.5,0.0,0.5,1.0,一般病床が相対的に高く、MRI密度が相対的に低い
01337,北海道,七飯町,26754,11.213276519398969,40.691489361702125,0.37377588397996564,61.96808510638297,6.354190027659416,31.648936170212767,18.315018315018314,11.251758087201125,0.13333333333333333,0.0,0.8666666666666667,1.0,MRI密度が相対的に高く、一般病床が相対的に低い
01343,北海道,鹿部町,3380,0.0,7.659574468085106,0.0,19.44148936170213,0.0,14.01595744680851,,,0.0,0.5,0.5,0.75,各指標が比較的均衡
01345,北海道,森町,12559,31.84966955967832,94.20212765957446,0.7962417389919579,88.19148936170212,10.351142606895454,33.77659574468085,80.42041563818776,63.22081575246132,0.3,0.1,0.6,1.0,整形外科密度が相対的に高く、手術活動が相対的に低い
01346,北海道,八雲町,14554,13.74192661811186,54.8936170212766,0.687096330905593,83.56382978723404,543.4931977463241,79.46808510638299,127.79991754844029,87.13080168776372,0.5,0.0,0.5,1.0,一般病床が相対的に高く、整形外科密度が相対的に低い
01347,北海道,長万部町,4652,21.496130696474633,84.09574468085106,0.0,19.44148936170213,0.0,14.01595744680851,64.48839208942391,49.226441631504926,1.0,0.0,0.0,1.0,整形外科密度が相対的に高く、手術活動が相対的に低い
01361,北海道,江差町,6701,14.923145799134458,60.79787234042553,1.4923145799134458,97.3404255319149,232.80107446649754,57.97872340425532,217.87792866736308,96.48382559774966,0.5,0.25,0.25,1.0,MRI密度が相対的に高く、手術活動が相対的に低い
01362,北海道,上ノ国町,3726,0.0,7.659574468085106,0.0,19.44148936170213,0.0,14.01595744680851,,,0.0,0.5,0.5,0.75,各指標が比較的均衡
01363,北海道,厚沢部町,3212,0.0,7.659574468085106,0.0,19.44148936170213,24.906600249066003,37.18085106382979,140.09962640099627,89.38115330520394,1.0,0.0,0.0,1.0,一般病床が相対的に高く、整形外科密度が相対的に低い
01364,北海道,乙部町,2951,0.0,7.659574468085106,0.0,19.44148936170213,0.0,14.01595744680851,196.5435445611657,95.63994374120956,1.0,0.0,0.0,1.0,一般病床が相対的に高く、整形外科密度が相対的に低い
01367,北海道,奥尻町,2107,47.460844803037496,98.00531914893617,0.0,19.44148936170213,109.15994304698624,47.5,80.68343616516376,63.64275668073136,0.5,0.0,0.5,1.0,整形外科密度が相対的に高く、MRI密度が相対的に低い
01370,北海道,今金町,4522,22.114108801415306,84.8936170212766,0.0,19.44148936170213,8.845643520566123,33.03191489361702,72.9765590446705,57.102672292545705,0.5,0.0,0.5,1.0,整形外科密度が相対的に高く、MRI密度が相対的に低い
01371,北海道,せたな町,6491,30.81189339084887,93.82978723404256,0.0,19.44148936170213,52.38021876444308,41.54255319148936,175.62779232783856,94.44444444444444,0.5,0.0,0.5,1.0,一般病床が相対的に高く、MRI密度が相対的に低い
01391,北海道,島牧村,1186,0.0,7.659574468085106,0.0,19.44148936170213,0.0,14.01595744680851,,,0.0,1.0,0.0,0.75,各指標が比較的均衡
01392,北海道,寿都町,2553,0.0,7.659574468085106,0.0,19.44148936170213,0.0,14.01595744680851,,,0.0,1.0,0.0,0.75,各指標が比較的均衡
01393,北海道,黒松内町,2546,0.0,7.659574468085106,0.0,19.44148936170213,0.0,14.01595744680851,,,0.0,0.5,0.5,0.75,各指標が比較的均衡
01394,北海道,蘭越町,4196,23.83222116301239,87.6063829787234,0.0,19.44148936170213,0.0,14.01595744680851,0.0,3.551336146272855,0.5,0.0,0.5,1.0,整形外科密度が相対的に高く、一般病床が相対的に低い
01395,北海道,ニセコ町,5087,19.657951641438963,79.68085106382978,0.0,19.44148936170213,0.0,14.01595744680851,,,0.0,0.0,1.0,0.75,整形外科密度が相対的に高く、手術活動が相対的に低い
01396,北海道,真狩村,1900,0.0,7.659574468085106,0.0,19.44148936170213,0.0,14.01595744680851,,,0.0,0.0,1.0,0.75,各指標が比較的均衡
01397,北海道,留寿都村,1791,55.83472920156337,98.35106382978724,0.0,19.44148936170213,0.0,14.01595744680851,,,0.0,0.0,1.0,0.75,整形外科密度が相対的に高く、手術活動が相対的に低い
01398,北海道,喜茂別町,1973,0.0,7.659574468085106,0.0,19.44148936170213,0.0,14.01595744680851,,,0.0,0.0,1.0,0.75,各指標が比較的均衡
01399,北海道,京極町,2710,0.0,7.659574468085106,0.0,19.44148936170213,0.0,14.01595744680851,0.0,3.551336146272855,0.5,0.0,0.5,1.0,各指標が比較的均衡
01400,北海道,倶知安町,14601,20.546537908362442,82.34042553191489,0.0,19.44148936170213,0.0,14.01595744680851,107.52688172043011,80.52039381153305,0.1111111111111111,0.1111111111111111,0.7777777777777778,1.0,整形外科密度が相対的に高く、手術活動が相対的に低い
01401,北海道,共和町,5310,0.0,7.659574468085106,0.0,19.44148936170213,0.0,14.01595744680851,,,0.0,0.0,1.0,0.75,各指標が比較的均衡
01402,北海道,岩内町,10187,19.63286541670757,79.52127659574468,0.9816432708353784,92.34042553191489,57.91695297928732,42.4468085106383,46.13723372926278,31.153305203938114,0.1111111111111111,0.2222222222222222,0.6666666666666666,1.0,MRI密度が相対的に高く、一般病床が相対的に低い
01403,北海道,泊村,1381,0.0,7.659574468085106,0.0,19.44148936170213,0.0,14.01595744680851,,,0.0,0.0,1.0,0.75,各指標が比較的均衡
01404,北海道,神恵内村,742,0.0,7.659574468085106,0.0,19.44148936170213,0.0,14.01595744680851,,,0.0,0.0,1.0,0.75,各指標が比較的均衡
01405,北海道,積丹町,1582,0.0,7.659574468085106,0.0,19.44148936170213,0.0,14.01595744680851,,,0.0,0.0,1.0,0.75,各指標が比較的均衡
01406,北海道,古平町,2381,41.999160016799664,97.23404255319149,0.0,19.44148936170213,0.0,14.01595744680851,,,0.0,0.0,1.0,0.75,整形外科密度が相対的に高く、手術活動が相対的に低い
01407,北海道,仁木町,2931,0.0,7.659574468085106,0.0,19.44148936170213,0.0,14.01595744680851,,,0.0,1.0,0.0,0.75,各指標が比較的均衡
01408,北海道,余市町,16437,24.335340998965748,88.19148936170212,0.6083835249741437,79.7872340425532,79.08985824663868,45.1063829787234,71.78925594694896,55.907172995780584,0.14285714285714285,0.07142857142857142,0.7857142857142857,1.0,整形外科密度が相対的に高く、手術活動が相対的に低い
01409,北海道,赤井川村,1091,91.65902841429882,99.62765957446808,0.0,19.44148936170213,0.0,14.01595744680851,,,0.0,0.0,1.0,0.75,整形外科密度が相対的に高く、手術活動が相対的に低い
01423,北海道,南幌町,7698,12.990387113535984,50.31914893617021,0.0,19.44148936170213,2.5980774227071968,29.78723404255319,77.9423226812159,61.18143459915611,0.5,0.5,0.0,1.0,一般病床が相対的に高く、MRI密度が相対的に低い
01424,北海道,奈井江町,4606,21.710811984368217,84.30851063829788,0.0,19.44148936170213,2.1710811984368217,29.574468085106382,0.0,3.551336146272855,0.5,0.0,0.5,1.0,整形外科密度が相対的に高く、一般病床が相対的に低い
01425,北海道,上砂川町,2352,0.0,7.659574468085106,0.0,19.44148936170213,0.0,14.01595744680851,,,0.0,0.0,1.0,0.75,各指標が比較的均衡
01427,北海道,由仁町,4301,23.250406882120437,86.59574468085106,0.0,19.44148936170213,0.0,14.01595744680851,,,0.0,0.5,0.5,0.75,整形外科密度が相対的に高く、手術活動が相対的に低い
01428,北海道,長沼町,9490,21.074815595363543,83.29787234042553,0.0,19.44148936170213,4.214963119072708,30.957446808510635,88.51422550052686,70.18284106891703,0.14285714285714285,0.2857142857142857,0.5714285714285714,1.0,整形外科密度が相対的に高く、MRI密度が相対的に低い
01429,北海道,栗山町,10304,19.409937888198755,78.77659574468086,0.0,19.44148936170213,89.28571428571428,45.63829787234043,93.16770186335404,72.9254571026723,0.125,0.0,0.875,1.0,整形外科密度が相対的に高く、MRI密度が相対的に低い
01430,北海道,月形町,3312,30.193236714975843,93.4840425531915,0.0,19.44148936170213,45.28985507246377,40.85106382978723,120.77294685990339,85.44303797468355,1.0,0.0,0.0,1.0,整形外科密度が相対的に高く、MRI密度が相対的に低い
01431,北海道,浦臼町,1517,0.0,7.659574468085106,0.0,19.44148936170213,0.0,14.01595744680851,,,0.0,1.0,0.0,0.75,各指標が比較的均衡
01432,北海道,新十津川町,5997,0.0,7.659574468085106,0.0,19.44148936170213,3.3350008337502084,30.425531914893618,0.0,3.551336146272855,0.5,0.5,0.0,1.0,手術活動が相対的に高く、一般病床が相対的に低い
01433,北海道,妹背牛町,2317,0.0,7.659574468085106,0.0,19.44148936170213,0.0,14.01595744680851,,,0.0,0.0,1.0,0.75,各指標が比較的均衡
01434,北海道,秩父別町,2114,47.30368968779565,97.92553191489361,0.0,19.44148936170213,0.0,14.01595744680851,,,0.0,0.0,1.0,0.75,整形外科密度が相対的に高く、手術活動が相対的に低い
01436,北海道,雨竜町,2089,0.0,7.659574468085106,0.0,19.44148936170213,81.37865007180469,45.31914893617021,0.0,3.551336146272855,1.0,0.0,0.0,1.0,手術活動が相対的に高く、一般病床が相対的に低い
01437,北海道,北竜町,1532,0.0,7.659574468085106,0.0,19.44148936170213,0.0,14.01595744680851,,,0.0,0.0,1.0,0.75,各指標が比較的均衡
01438,北海道,沼田町,2610,0.0,7.659574468085106,0.0,19.44148936170213,0.0,14.01595744680851,,,0.0,0.0,1.0,0.75,各指標が比較的均衡
01452,北海道,鷹栖町,6106,0.0,7.659574468085106,0.0,19.44148936170213,0.0,14.01595744680851,,,0.0,1.0,0.0,0.75,各指標が比較的均衡
01453,北海道,東神楽町,9996,10.004001600640256,32.5,0.0,19.44148936170213,0.0,14.01595744680851,0.0,3.551336146272855,0.25,0.0,0.75,1.0,整形外科密度が相対的に高く、一般病床が相対的に低い
01454,北海道,当麻町,5805,0.0,7.659574468085106,0.0,19.44148936170213,0.0,14.01595744680851,,,0.0,0.0,1.0,0.75,各指標が比較的均衡
01455,北海道,比布町,3248,0.0,7.659574468085106,0.0,19.44148936170213,0.0,14.01595744680851,,,0.0,0.0,1.0,0.75,各指標が比較的均衡
01456,北海道,愛別町,2253,0.0,7.659574468085106,0.0,19.44148936170213,0.0,14.01595744680851,,,0.0,0.0,1.0,0.75,各指標が比較的均衡
01457,北海道,上川町,3030,0.0,7.659574468085106,0.0,19.44148936170213,0.0,14.01595744680851,,,0.0,1.0,0.0,0.75,各指標が比較的均衡
01458,北海道,東川町,8213,0.0,7.659574468085106,0.0,19.44148936170213,0.0,14.01595744680851,,,0.0,1.0,0.0,0.75,各指標が比較的均衡
01459,北海道,美瑛町,8893,11.244799280332845,40.90425531914894,1.1244799280332844,94.36170212765957,24.73855841673226,37.12765957446808,62.97087596986394,47.81997187060478,0.5,0.0,0.5,1.0,MRI密度が相対的に高く、手術活動が相対的に低い
01460,北海道,上富良野町,9421,10.614584439019213,36.755319148936174,0.0,19.44148936170213,42.45833775607685,40.319148936170215,31.843753317057637,18.354430379746837,0.3333333333333333,0.0,0.6666666666666666,1.0,手術活動が相対的に高く、一般病床が相対的に低い
01461,北海道,中富良野町,4340,0.0,7.659574468085106,0.0,19.44148936170213,0.0,14.01595744680851,,,0.0,0.0,1.0,0.75,各指標が比較的均衡
01462,北海道,南富良野町,2218,0.0,7.659574468085106,0.0,19.44148936170213,0.0,14.01595744680851,,,0.0,0.0,1.0,0.75,各指標が比較的均衡
01463,北海道,占冠村,1361,0.0,7.659574468085106,0.0,19.44148936170213,0.0,14.01595744680851,,,0.0,0.0,1.0,0.75,各指標が比較的均衡
01464,北海道,和寒町,2813,0.0,7.659574468085106,0.0,19.44148936170213,0.0,14.01595744680851,,,0.0,0.0,1.0,0.75,各指標が比較的均衡
01465,北海道,剣淵町,2614,0.0,7.659574468085106,0.0,19.44148936170213,0.0,14.01595744680851,,,0.0,0.0,1.0,0.75,各指標が比較的均衡
01468,北海道,下川町,2836,0.0,7.659574468085106,0.0,19.44148936170213,24.682651622002822,37.02127659574468,144.56981664315938,90.084388185654,1.0,0.0,0.0,1.0,一般病床が相対的に高く、整形外科密度が相対的に低い
01469,北海道,美深町,3708,0.0,7.659574468085106,0.0,19.44148936170213,2.6968716289104635,29.840425531914892,32.36245954692557,18.776371308016877,0.5,0.0,0.5,1.0,手術活動が相対的に高く、整形外科密度が相対的に低い
01470,北海道,音威子府村,597,167.50418760469012,99.8936170212766,0.0,19.44148936170213,0.0,14.01595744680851,,,0.0,1.0,0.0,0.75,整形外科密度が相対的に高く、手術活動が相対的に低い
01471,北海道,中川町,1359,0.0,7.659574468085106,0.0,19.44148936170213,0.0,14.01595744680851,,,0.0,1.0,0.0,0.75,各指標が比較的均衡
01472,北海道,幌加内町,1178,0.0,7.659574468085106,0.0,19.44148936170213,0.0,14.01595744680851,,,0.0,0.0,1.0,0.75,各指標が比較的均衡
01481,北海道,増毛町,3434,0.0,7.659574468085106,0.0,19.44148936170213,0.0,14.01595744680851,,,0.0,0.0,1.0,0.75,各指標が比較的均衡
01482,北海道,小平町,2665,37.5234521575985,96.38297872340425,0.0,19.44148936170213,0.0,14.01595744680851,,,0.0,0.0,1.0,0.75,整形外科密度が相対的に高く、手術活動が相対的に低い
01483,北海道,苫前町,2576,0.0,7.659574468085106,0.0,19.44148936170213,0.0,14.01595744680851,,,0.0,0.0,1.0,0.75,各指標が比較的均衡
01484,北海道,羽幌町,5835,17.13796058269066,70.95744680851064,1.713796058269066,98.61702127659574,35.98971722365039,39.25531914893617,155.955441302485,92.40506329113924,0.3333333333333333,0.0,0.6666666666666666,1.0,MRI密度が相対的に高く、手術活動が相対的に低い
01485,北海道,初山別村,944,0.0,7.659574468085106,0.0,19.44148936170213,0.0,14.01595744680851,,,0.0,0.0,1.0,0.75,各指標が比較的均衡
01486,北海道,遠別町,2219,0.0,7.659574468085106,0.0,19.44148936170213,0.0,14.01595744680851,,,0.0,1.0,0.0,0.75,各指標が比較的均衡
01487,北海道,天塩町,2653,37.69317753486619,96.48936170212767,0.0,19.44148936170213,18.846588767433094,35.95744680851064,143.2340746324915,90.014064697609,1.0,0.0,0.0,1.0,整形外科密度が相対的に高く、MRI密度が相対的に低い
01511,北海道,猿払村,2505,0.0,7.659574468085106,0.0,19.44148936170213,0.0,14.01595744680851,,,0.0,1.0,0.0,0.75,各指標が比較的均衡
01512,北海道,浜頓別町,3089,32.37293622531564,94.41489361702128,0.0,19.44148936170213,0.0,14.01595744680851,,,1.0,0.0,0.0,0.75,整形外科密度が相対的に高く、手術活動が相対的に低い
01513,北海道,中頓別町,1470,0.0,7.659574468085106,0.0,19.44148936170213,6.802721088435374,31.914893617021278,136.05442176870747,88.74824191279887,1.0,0.0,0.0,1.0,一般病床が相対的に高く、整形外科密度が相対的に低い
01514,北海道,枝幸町,6834,14.63271875914545,59.468085106382986,1.4632718759145449,97.18085106382979,39.50834064969271,39.787234042553195,87.7963125548727,69.33895921237693,1.0,0.0,0.0,1.0,MRI密度が相対的に高く、手術活動が相対的に低い
01516,北海道,豊富町,3679,0.0,7.659574468085106,0.0,19.44148936170213,0.0,14.01595744680851,,,0.0,0.5,0.5,0.75,各指標が比較的均衡
01517,北海道,礼文町,2265,0.0,7.659574468085106,0.0,19.44148936170213,0.0,14.01595744680851,,,0.0,0.5,0.5,0.75,各指標が比較的均衡
01518,北海道,利尻町,1784,56.053811659192824,98.48404255319149,0.0,19.44148936170213,39.237668161434975,39.73404255319149,235.42600896860986,97.39803094233473,1.0,0.0,0.0,1.0,整形外科密度が相対的に高く、MRI密度が相対的に低い
01519,北海道,利尻富士町,2217,90.21199819576003,99.46808510638297,0.0,19.44148936170213,0.0,14.01595744680851,,,0.0,0.0,1.0,0.75,整形外科密度が相対的に高く、手術活動が相対的に低い
01520,北海道,幌延町,2203,0.0,7.659574468085106,0.0,19.44148936170213,0.0,14.01595744680851,,,0.0,0.5,0.5,0.75,各指標が比較的均衡
01543,北海道,美幌町,16778,11.920371915603766,44.8936170212766,0.5960185957801883,79.36170212765957,214.5666944808678,56.27659574468085,94.76695672904994,73.83966244725738,0.2857142857142857,0.0,0.7142857142857143,1.0,MRI密度が相対的に高く、整形外科密度が相対的に低い
01544,北海道,津別町,3867,25.859839668994052,89.68085106382979,0.0,19.44148936170213,15.515903801396432,35.26595744680851,155.1590380139643,92.19409282700421,1.0,0.0,0.0,1.0,一般病床が相対的に高く、MRI密度が相対的に低い
01545,北海道,斜里町,10249,9.757049468240803,31.170212765957444,0.0,19.44148936170213,12.684164308713044,34.25531914893617,53.663772075324424,38.39662447257383,0.3333333333333333,0.0,0.6666666666666666,1.0,各指標が比較的均衡
01546,北海道,清里町,3497,28.595939376608523,92.6063829787234,0.0,19.44148936170213,0.0,14.01595744680851,,,0.0,0.0,1.0,0.75,整形外科密度が相対的に高く、手術活動が相対的に低い
01547,北海道,小清水町,4217,23.713540431586438,87.18085106382979,0.0,19.44148936170213,234.7640502727057,58.08510638297872,116.19634811477354,84.45850914205344,1.0,0.0,0.0,1.0,整形外科密度が相対的に高く、MRI密度が相対的に低い
01549,北海道,訓子府町,4213,23.736055067647758,87.34042553191489,0.0,19.44148936170213,0.0,14.01595744680851,,,0.0,1.0,0.0,0.75,整形外科密度が相対的に高く、手術活動が相対的に低い
01550,北海道,置戸町,2467,0.0,7.659574468085106,0.0,19.44148936170213,190.51479529793272,54.14893617021277,190.51479529793272,95.28832630098452,1.0,0.0,0.0,1.0,一般病床が相対的に高く、整形外科密度が相対的に低い
01552,北海道,佐呂間町,4369,22.888532845044633,85.95744680851064,0.0,19.44148936170213,0.0,14.01595744680851,,,0.0,1.0,0.0,0.75,整形外科密度が相対的に高く、手術活動が相対的に低い
01555,北海道,遠軽町,17688,16.960651289009498,70.31914893617022,0.5653550429669832,78.29787234042553,716.3048394391677,86.70212765957447,90.45680687471733,70.9563994374121,0.15384615384615385,0.07692307692307693,0.7692307692307693,1.0,各指標が比較的均衡
01559,北海道,湧別町,7445,13.43183344526528,53.08510638297872,0.0,19.44148936170213,79.24781732706514,45.159574468085104,63.129617192746814,47.9606188466948,0.5,0.0,0.5,1.0,整形外科密度が相対的に高く、MRI密度が相対的に低い
01560,北海道,滝上町,2138,46.77268475210477,97.76595744680851,0.0,19.44148936170213,0.0,14.01595744680851,,,0.0,1.0,0.0,0.75,整形外科密度が相対的に高く、手術活動が相対的に低い
01561,北海道,興部町,3339,29.94908655286014,93.29787234042554,0.0,19.44148936170213,5.989817310572028,31.48936170212766,95.83707696915245,74.26160337552743,1.0,0.0,0.0,1.0,整形外科密度が相対的に高く、MRI密度が相対的に低い
01562,北海道,西興部村,979,0.0,7.659574468085106,0.0,19.44148936170213,0.0,14.01595744680851,,,0.0,0.0,1.0,0.75,各指標が比較的均衡
01563,北海道,雄武町,3812,26.23294858342078,90.0,0.0,19.44148936170213,15.739769150052467,35.319148936170215,65.58237145855195,50.14064697609001,0.5,0.0,0.5,1.0,整形外科密度が相対的に高く、MRI密度が相対的に低い
01564,北海道,大空町,6181,0.0,7.659574468085106,0.0,19.44148936170213,22.650056625141563,36.755319148936174,58.24300275036402,42.686357243319264,0.5,0.0,0.5,1.0,一般病床が相対的に高く、整形外科密度が相対的に低い
01571,北海道,豊浦町,3553,0.0,7.659574468085106,0.0,19.44148936170213,8.443568815085843,32.71276595744681,0.0,3.551336146272855,0.3333333333333333,0.0,0.6666666666666666,1.0,手術活動が相対的に高く、一般病床が相対的に低い
01575,北海道,壮瞥町,2495,0.0,7.659574468085106,0.0,19.44148936170213,0.0,14.01595744680851,0.0,3.551336146272855,0.5,0.0,0.5,1.0,各指標が比較的均衡
01578,北海道,白老町,14686,6.809206046574968,19.095744680851066,0.0,19.44148936170213,0.0,14.01595744680851,27.236824186299877,15.400843881856542,0.5,0.0,0.5,1.0,各指標が比較的均衡
01581,北海道,厚真町,4159,0.0,7.659574468085106,0.0,19.44148936170213,0.0,14.01595744680851,,,0.0,0.0,1.0,0.75,各指標が比較的均衡
01584,北海道,洞爺湖町,7646,26.15746795710175,89.8936170212766,1.3078733978550876,95.85106382978724,222.33847763536488,56.861702127659576,209.259743656814,96.20253164556962,0.2857142857142857,0.0,0.7142857142857143,1.0,一般病床が相対的に高く、手術活動が相対的に低い
01585,北海道,安平町,6748,14.819205690574984,60.47872340425532,0.0,19.44148936170213,0.0,14.01595744680851,,,0.0,0.0,1.0,0.75,整形外科密度が相対的に高く、手術活動が相対的に低い
01586,北海道,むかわ町,6873,14.549687181725593,58.98936170212766,0.0,19.44148936170213,7.274843590862797,32.3936170212766,58.19874872690237,42.54571026722925,0.5,0.5,0.0,1.0,整形外科密度が相対的に高く、MRI密度が相対的に低い
01601,北海道,日高町,10245,9.760858955588091,31.329787234042556,0.0,19.44148936170213,6.832601268911664,31.968085106382976,33.186920448999516,19.90154711673699,0.25,0.25,0.5,1.0,各指標が比較的均衡
01602,北海道,平取町,4313,23.185717597959655,86.43617021276596,0.0,19.44148936170213,16.23000231857176,35.58510638297872,97.38001391143055,75.17580872011251,0.5,0.0,0.5,1.0,整形外科密度が相対的に高く、MRI密度が相対的に低い
01604,北海道,新冠町,4993,20.02803925495694,80.69148936170212,0.0,19.44148936170213,0.0,14.01595744680851,,,0.0,1.0,0.0,0.75,整形外科密度が相対的に高く、手術活動が相対的に低い
01607,北海道,浦河町,11049,18.101185627658612,74.94680851063829,0.9050592813829306,90.85106382978724,466.10552991220925,75.15957446808511,82.36039460584668,65.11954992967651,0.16666666666666666,0.0,0.8333333333333334,1.0,MRI密度が相対的に高く、一般病床が相対的に低い
01608,北海道,様似町,3562,0.0,7.659574468085106,0.0,19.44148936170213,0.0,14.01595744680851,,,0.0,0.0,1.0,0.75,各指標が比較的均衡
01609,北海道,えりも町,3918,25.523226135783563,89.41489361702128,0.0,19.44148936170213,0.0,14.01595744680851,,,0.0,0.5,0.5,0.75,整形外科密度が相対的に高く、手術活動が相対的に低い
01610,北海道,新ひだか町,19789,10.106624892617111,33.244680851063826,0.5053312446308555,73.93617021276596,79.84233665167517,45.21276595744681,95.00227399060084,73.90998593530239,0.3333333333333333,0.0,0.6666666666666666,1.0,MRI密度が相対的に高く、整形外科密度が相対的に低い
01631,北海道,音更町,41130,7.293946024799416,20.585106382978722,0.24313153415998054,48.88297872340426,90.68806224167274,45.691489361702125,51.54388524191588,36.427566807313646,0.2222222222222222,0.0,0.7777777777777778,1.0,MRI密度が相対的に高く、整形外科密度が相対的に低い
01632,北海道,士幌町,5471,18.278194114421495,75.69148936170212,0.0,19.44148936170213,0.0,14.01595744680851,91.39097057210748,71.72995780590718,1.0,0.0,0.0,1.0,整形外科密度が相対的に高く、手術活動が相対的に低い
01633,北海道,上士幌町,4519,22.12878955521133,84.94680851063829,0.0,19.44148936170213,0.0,14.01595744680851,,,0.0,0.5,0.5,0.75,整形外科密度が相対的に高く、手術活動が相対的に低い
01634,北海道,鹿追町,4975,0.0,7.659574468085106,0.0,19.44148936170213,10.050251256281408,33.61702127659574,60.30150753768844,45.14767932489451,1.0,0.0,0.0,1.0,一般病床が相対的に高く、整形外科密度が相対的に低い
01635,北海道,新得町,5353,0.0,7.659574468085106,0.0,19.44148936170213,0.0,14.01595744680851,,,0.0,1.0,0.0,0.75,各指標が比較的均衡
01636,北海道,清水町,8480,35.37735849056604,95.79787234042553,0.0,19.44148936170213,246.4622641509434,59.095744680851055,107.31132075471697,80.30942334739804,0.25,0.5,0.25,1.0,整形外科密度が相対的に高く、MRI密度が相対的に低い
01637,北海道,芽室町,17357,5.761364291064124,17.287234042553195,0.0,19.44148936170213,33.41591288817192,38.61702127659574,57.03750648153483,41.42053445850914,0.2,0.0,0.8,1.0,一般病床が相対的に高く、整形外科密度が相対的に低い
01638,北海道,中札内村,3795,0.0,7.659574468085106,0.0,19.44148936170213,0.0,14.01595744680851,,,0.0,0.0,1.0,0.75,各指標が比較的均衡
01639,北海道,更別村,2931,0.0,7.659574468085106,0.0,19.44148936170213,0.0,14.01595744680851,,,0.0,1.0,0.0,0.75,各指標が比較的均衡
01641,北海道,大樹町,4999,20.004000800160032,80.53191489361701,0.0,19.44148936170213,8.001600320064012,32.6063829787234,100.02000400080017,76.72292545710268,0.3333333333333333,0.0,0.6666666666666666,1.0,整形外科密度が相対的に高く、MRI密度が相対的に低い
01642,北海道,広尾町,5771,17.32801940738174,71.80851063829788,1.7328019407381736,98.72340425531915,32.9232368740253,38.45744680851064,83.17449315543233,65.68213783403657,0.5,0.0,0.5,1.0,MRI密度が相対的に高く、手術活動が相対的に低い
01643,北海道,幕別町,24738,4.04236397445226,15.904255319148936,0.0,19.44148936170213,14.552510308028134,34.8936170212766,21.02029266715175,12.447257383966246,0.1111111111111111,0.0,0.8888888888888888,1.0,手術活動が相対的に高く、一般病床が相対的に低い
01644,北海道,池田町,5658,17.674089784376104,73.51063829787235,0.0,19.44148936170213,7.069635913750442,32.287234042553195,106.04453870625663,79.957805907173,0.2,0.0,0.8,1.0,一般病床が相対的に高く、MRI密度が相対的に低い
01645,北海道,豊頃町,2767,36.140224069389234,96.27659574468085,0.0,19.44148936170213,0.0,14.01595744680851,,,0.0,0.5,0.5,0.75,整形外科密度が相対的に高く、手術活動が相対的に低い
01646,北海道,本別町,5886,16.989466530750935,70.50531914893618,1.6989466530750936,98.56382978723404,33.97893306150187,38.72340425531915,101.93679918450562,77.9887482419128,0.5,0.0,0.5,1.0,MRI密度が相対的に高く、手術活動が相対的に低い
01647,北海道,足寄町,5939,16.837851490149855,69.7872340425532,0.0,19.44148936170213,43.77841387438962,40.638297872340424,101.02710894089914,77.56680731364276,0.5,0.0,0.5,1.0,一般病床が相対的に高く、MRI密度が相対的に低い
01648,北海道,陸別町,2058,0.0,7.659574468085106,0.0,19.44148936170213,0.0,14.01595744680851,,,0.0,1.0,0.0,0.75,各指標が比較的均衡
01649,北海道,浦幌町,3903,25.621316935690494,89.46808510638297,0.0,19.44148936170213,0.0,14.01595744680851,,,0.0,1.0,0.0,0.75,整形外科密度が相対的に高く、手術活動が相対的に低い
01661,北海道,釧路町,17778,0.0,7.659574468085106,0.0,19.44148936170213,0.0,14.01595744680851,0.0,3.551336146272855,0.0,0.0,1.0,1.0,各指標が比較的均衡
01662,北海道,厚岸町,8014,12.478163214374845,47.5,0.0,19.44148936170213,14.973795857249812,35.15957446808511,68.62989767906164,53.23488045007032,0.5,0.0,0.5,1.0,一般病床が相対的に高く、MRI密度が相対的に低い
01663,北海道,浜中町,5069,0.0,7.659574468085106,0.0,19.44148936170213,0.0,14.01595744680851,,,0.0,1.0,0.0,0.75,各指標が比較的均衡
01664,北海道,標茶町,6656,0.0,7.659574468085106,0.0,19.44148936170213,4.507211538461538,31.01063829787234,90.14423076923076,70.81575246132208,1.0,0.0,0.0,1.0,一般病床が相対的に高く、整形外科密度が相対的に低い
01665,北海道,弟子屈町,6272,31.887755102040813,94.25531914893617,1.5943877551020407,98.03191489361703,11.160714285714285,33.98936170212766,87.69132653061224,69.19831223628692,0.5,0.0,0.5,1.0,MRI密度が相対的に高く、手術活動が相対的に低い
01667,北海道,鶴居村,2424,0.0,7.659574468085106,0.0,19.44148936170213,0.0,14.01595744680851,,,0.5,0.0,0.5,0.75,各指標が比較的均衡
01668,北海道,白糠町,6402,0.0,7.659574468085106,0.0,19.44148936170213,0.0,14.01595744680851,,,0.0,0.0,1.0,0.75,各指標が比較的均衡
01691,北海道,別海町,13496,7.409602845287492,21.01063829787234,0.7409602845287492,86.01063829787235,72.61410788381743,44.148936170212764,62.24066390041494,46.976090014064695,0.3333333333333333,0.0,0.6666666666666666,1.0,MRI密度が相対的に高く、整形外科密度が相対的に低い
01692,北海道,中標津町,21838,4.5791739170253685,16.22340425531915,0.45791739170253687,70.79787234042553,685.9602527704002,85.63829787234043,79.21970876453888,62.0253164556962,0.4,0.0,0.6,1.0,手術活動が相対的に高く、整形外科密度が相対的に低い
01693,北海道,標津町,4724,0.0,7.659574468085106,0.0,19.44148936170213,10.584250635055039,33.829787234042556,74.08975444538527,57.94655414908579,1.0,0.0,0.0,1.0,一般病床が相対的に高く、整形外科密度が相対的に低い
01694,北海道,羅臼町,4191,0.0,7.659574468085106,0.0,19.44148936170213,0.0,14.01595744680851,,,0.0,1.0,0.0,0.75,各指標が比較的均衡
02201,青森県,青森市,260035,11.921472109523718,44.9468085106383,0.5768454246543734,78.82978723404256,556.9634856846194,80.0,83.95023746803315,66.24472573839662,0.10919540229885058,0.12643678160919541,0.764367816091954,1.0,手術活動が相対的に高く、整形外科密度が相対的に低い
02202,青森県,弘前市,157226,19.716840726088563,79.7872340425532,0.6996298322160458,84.14893617021276,1103.0618345566256,95.2127659574468,125.86976708686859,86.70886075949366,0.10071942446043165,0.2014388489208633,0.697841726618705,1.0,各指標が比較的均衡
02203,青森県,八戸市,213173,13.134871676994742,51.170212765957444,0.4221923039034024,67.23404255319149,694.1779681291721,85.90425531914893,88.0974607478433,69.69057665260196,0.12422360248447205,0.10559006211180125,0.7701863354037267,1.0,手術活動が相対的に高く、整形外科密度が相対的に低い
02204,青森県,黒石市,29604,6.755843804891231,18.98936170212766,0.33779219024456153,58.29787234042553,349.95270909336574,66.54255319148936,100.32428050263479,77.0745428973277,0.21428571428571427,0.0,0.7857142857142857,1.0,一般病床が相対的に高く、整形外科密度が相対的に低い
02205,青森県,五所川原市,47437,18.972531989796995,77.7127659574468,0.42161182199548874,67.02127659574468,657.7144423129624,84.52127659574468,92.75460083900752,72.57383966244726,0.1388888888888889,0.05555555555555555,0.8055555555555556,1.0,各指標が比較的均衡
02206,青森県,十和田市,57201,10.489327109665915,35.638297872340424,0.5244663554832957,75.37234042553192,467.8239890910998,75.2659574468085,66.2575829093897,50.63291139240506,0.14285714285714285,0.14285714285714285,0.7142857142857143,1.0,MRI密度が相対的に高く、整形外科密度が相対的に低い
02207,青森県,三沢市,37512,10.663254425250587,37.234042553191486,0.26658136063126464,51.329787234042556,433.46129238643636,73.51063829787235,52.783109404990405,37.27144866385373,0.17647058823529413,0.058823529411764705,0.7647058823529411,1.0,手術活動が相対的に高く、整形外科密度が相対的に低い
02208,青森県,むつ市,49438,10.113677737772562,33.351063829787236,0.20227355475545125,45.26595744680851,551.3977102633602,79.7872340425532,76.05485658804967,59.634317862165965,0.07692307692307693,0.038461538461538464,0.8846153846153846,1.0,手術活動が相対的に高く、整形外科密度が相対的に低い
02209,青森県,つがる市,28046,7.131141695785495,19.9468085106383,0.0,19.44148936170213,0.3565570847892748,28.24468085106383,0.0,3.551336146272855,0.2,0.0,0.8,1.0,手術活動が相対的に高く、一般病床が相対的に低い
02210,青森県,平川市,28640,13.966480446927374,56.22340425531915,0.0,19.44148936170213,0.0,14.01595744680851,,,0.0,0.1111111111111111,0.8888888888888888,0.75,整形外科密度が相対的に高く、手術活動が相対的に低い
02301,青森県,平内町,9068,22.055580061755624,84.7872340425532,0.0,19.44148936170213,22.055580061755624,36.59574468085106,52.9333921482135,37.62306610407876,0.25,0.0,0.75,1.0,整形外科密度が相対的に高く、MRI密度が相対的に低い
02303,青森県,今別町,1991,0.0,7.659574468085106,0.0,19.44148936170213,0.0,14.01595744680851,,,0.0,0.5,0.5,0.75,各指標が比較的均衡
02304,青森県,蓬田村,2290,0.0,7.659574468085106,0.0,19.44148936170213,0.0,14.01595744680851,,,0.0,0.0,1.0,0.75,各指標が比較的均衡
02307,青森県,外ヶ浜町,4584,65.44502617801048,98.82978723404256,0.0,19.44148936170213,8.726003490401396,32.87234042553192,95.98603839441536,74.47257383966245,0.25,0.0,0.75,1.0,整形外科密度が相対的に高く、MRI密度が相対的に低い
02321,青森県,鰺ヶ沢町,7975,12.539184952978056,47.87234042553192,0.0,19.44148936170213,374.9216300940439,68.24468085106383,75.23510971786834,58.86075949367089,0.3333333333333333,0.0,0.6666666666666666,1.0,手術活動が相対的に高く、MRI密度が相対的に低い
02323,青森県,深浦町,6325,0.0,7.659574468085106,0.0,19.44148936170213,0.0,14.01595744680851,,,0.0,0.0,1.0,0.75,各指標が比較的均衡
02343,青森県,西目屋村,1147,0.0,7.659574468085106,0.0,19.44148936170213,0.0,14.01595744680851,,,,,,0.75,各指標が比較的均衡
02361,青森県,藤崎町,13763,7.265857734505559,20.319148936170212,0.0,19.44148936170213,94.45615054857225,46.22340425531915,77.74467775920948,61.04078762306611,0.25,0.0,0.75,1.0,一般病床が相対的に高く、MRI密度が相対的に低い
02362,青森県,大鰐町,7666,0.0,7.659574468085106,0.0,19.44148936170213,0.0,14.01595744680851,,,0.0,0.25,0.75,0.75,各指標が比較的均衡
02367,青森県,田舎館村,6829,14.64343242055938,59.52127659574467,0.0,19.44148936170213,0.0,14.01595744680851,,,0.0,1.0,0.0,0.75,整形外科密度が相対的に高く、手術活動が相対的に低い
02381,青森県,板柳町,11323,8.83158173628897,26.622340425531917,0.0,19.44148936170213,12.364214430804557,34.09574468085106,39.74211781330036,24.753867791842477,0.2,0.4,0.4,1.0,各指標が比較的均衡
02384,青森県,鶴田町,10650,0.0,7.659574468085106,0.0,19.44148936170213,0.0,14.01595744680851,,,0.0,0.0,1.0,0.75,各指標が比較的均衡
02387,青森県,中泊町,8413,23.772732675621064,87.5,0.0,19.44148936170213,0.0,14.01595744680851,,,0.0,0.0,1.0,0.75,整形外科密度が相対的に高く、手術活動が相対的に低い
02401,青森県,野辺地町,10974,18.224895206852562,75.47872340425532,0.911244760342628,90.95744680851064,462.00109349371246,74.84042553191489,109.34937124111536,81.43459915611815,0.25,0.5,0.25,1.0,各指標が比較的均衡
02402,青森県,七戸町,13228,15.119443604475356,61.808510638297875,0.7559721802237678,86.70212765957447,256.27456909585726,60.0,52.91805261566375,37.552742616033754,0.3333333333333333,0.3333333333333333,0.3333333333333333,1.0,MRI密度が相対的に高く、一般病床が相対的に低い
02405,青森県,六戸町,10057,19.886646117132344,80.15957446808511,0.0,19.44148936170213,0.0,14.01595744680851,,,0.0,0.6666666666666666,0.3333333333333333,0.75,整形外科密度が相対的に高く、手術活動が相対的に低い
02406,青森県,横浜町,3908,0.0,7.659574468085106,0.0,19.44148936170213,0.0,14.01595744680851,,,0.0,0.0,1.0,0.75,各指標が比較的均衡
02408,青森県,東北町,15136,13.213530655391121,51.96808510638298,0.0,19.44148936170213,179.0433403805497,53.191489361702125,35.01585623678647,21.237693389592124,0.2,0.2,0.6,1.0,手術活動が相対的に高く、MRI密度が相対的に低い
02411,青森県,六ヶ所村,9856,20.292207792207794,81.48936170212767,0.0,19.44148936170213,0.0,14.01595744680851,,,0.0,0.25,0.75,0.75,整形外科密度が相対的に高く、手術活動が相対的に低い
02412,青森県,おいらせ町,23877,4.188130837207354,16.063829787234045,0.0,19.44148936170213,41.462495288352805,40.0531914893617,32.66742053021736,19.40928270042194,0.25,0.0,0.75,1.0,手術活動が相対的に高く、整形外科密度が相対的に低い
02423,青森県,大間町,4186,23.889154323936932,87.7127659574468,0.0,19.44148936170213,26.278069756330623,37.5,114.66794075489727,83.47398030942334,1.0,0.0,0.0,1.0,整形外科密度が相対的に高く、MRI密度が相対的に低い
02424,青森県,東通村,5351,18.688095683049898,77.10106382978724,0.0,19.44148936170213,0.0,14.01595744680851,,,0.0,0.5,0.5,0.75,整形外科密度が相対的に高く、手術活動が相対的に低い
02425,青森県,風間浦村,1444,0.0,7.659574468085106,0.0,19.44148936170213,0.0,14.01595744680851,,,0.0,0.0,1.0,0.75,各指標が比較的均衡
02426,青森県,佐井村,1516,65.96306068601582,98.88297872340426,0.0,19.44148936170213,0.0,14.01595744680851,,,0.0,0.0,1.0,0.75,整形外科密度が相対的に高く、手術活動が相対的に低い
02441,青森県,三戸町,8122,12.312238364934746,46.64893617021277,1.2312238364934747,95.37234042553192,40.63038660428466,39.8936170212766,55.40507264220635,39.80309423347398,0.5,0.0,0.5,1.0,MRI密度が相対的に高く、一般病床が相対的に低い
02442,青森県,五戸町,14540,13.75515818431912,55.02659574468085,0.6877579092159559,83.61702127659575,97.66162310866575,46.54255319148936,113.48005502063275,83.12236286919831,0.3333333333333333,0.0,0.6666666666666666,1.0,MRI密度が相対的に高く、手術活動が相対的に低い
02443,青森県,田子町,4423,22.609088853719197,85.58510638297872,0.0,19.44148936170213,0.0,14.01595744680851,,,0.0,0.0,1.0,0.75,整形外科密度が相対的に高く、手術活動が相対的に低い
02445,青森県,南部町,15273,19.642506383814574,79.57446808510639,0.6547502127938192,81.96808510638299,273.0308387350226,61.59574468085106,56.30851830026845,40.71729957805908,0.25,0.125,0.625,1.0,MRI密度が相対的に高く、一般病床が相対的に低い
02446,青森県,階上町,12769,0.0,7.659574468085106,0.0,19.44148936170213,0.0,14.01595744680851,,,0.0,0.0,1.0,0.75,各指標が比較的均衡
02450,青森県,新郷村,1914,0.0,7.659574468085106,0.0,19.44148936170213,0.0,14.01595744680851,,,0.0,0.0,1.0,0.75,各指標が比較的均衡
03201,岩手県,盛岡市,282066,19.14445555295569,78.24468085106383,0.5672431274949834,78.45744680851064,549.1622528060808,79.68085106382978,99.48026348443273,76.44163150492264,0.0931174089068826,0.08502024291497975,0.8218623481781376,1.0,各指標が比較的均衡
03202,岩手県,宮古市,46113,6.505757595471993,18.670212765957448,0.4337171730314662,68.93617021276596,414.4167588315659,71.86170212765958,49.66061631210288,34.59915611814346,0.12903225806451613,0.12903225806451613,0.7419354838709677,1.0,手術活動が相対的に高く、整形外科密度が相対的に低い
03203,岩手県,大船渡市,32025,6.24512099921936,17.97872340425532,0.312256049960968,55.58510638297872,690.0858704137393,85.74468085106382,87.43169398907104,68.91701828410689,0.05,0.05,0.9,1.0,手術活動が相対的に高く、整形外科密度が相対的に低い
03205,岩手県,花巻市,87861,15.93425979672437,65.69148936170212,0.34144842421552224,58.77659574468085,77.62260843832873,44.787234042553195,49.85146993546625,35.0210970464135,0.09090909090909091,0.09090909090909091,0.8181818181818182,1.0,整形外科密度が相対的に高く、一般病床が相対的に低い
03206,岩手県,北上市,91700,10.905125408942203,39.148936170212764,0.3271537622682661,57.180851063829785,690.185387131952,85.79787234042553,75.68157033805889,59.353023909985936,0.06779661016949153,0.05084745762711865,0.8813559322033898,1.0,手術活動が相対的に高く、整形外科密度が相対的に低い
03207,岩手県,久慈市,29642,10.120774576614263,33.45744680851064,0.33735915255380877,58.19148936170213,492.5443627285608,76.48936170212765,109.97908373254167,81.71589310829818,0.2,0.06666666666666667,0.7333333333333333,1.0,一般病床が相対的に高く、整形外科密度が相対的に低い
03208,岩手県,遠野市,22577,13.287859325862605,52.34042553191489,0.4429286441954201,69.8936170212766,64.66758205253133,43.61702127659575,47.83629357310537,33.12236286919831,0.14285714285714285,0.0,0.8571428571428571,1.0,MRI密度が相対的に高く、一般病床が相対的に低い
03209,岩手県,一関市,101167,12.850040032817025,49.57446808510638,0.3953858471636008,63.98936170212765,410.70704874119036,71.48936170212767,93.7064457777734,73.06610407876231,0.12121212121212122,0.07575757575757576,0.803030303030303,1.0,一般病床が相対的に高く、整形外科密度が相対的に低い
03210,岩手県,陸前高田市,16479,12.136658777838461,45.691489361702125,0.0,19.44148936170213,0.606832938891923,28.404255319148934,36.40997633351538,22.50351617440225,0.25,0.125,0.625,1.0,整形外科密度が相対的に高く、MRI密度が相対的に低い
03211,岩手県,釜石市,28967,10.356612697207167,34.73404255319149,0.6904408464804778,83.77659574468085,426.69244312493527,72.87234042553192,115.99406220872027,84.31786216596343,0.2777777777777778,0.1111111111111111,0.6111111111111112,1.0,一般病床が相対的に高く、整形外科密度が相対的に低い
03213,岩手県,二戸市,23203,17.239150109899583,71.38297872340425,0.4309787527474896,68.51063829787233,659.397491703659,84.57446808510637,96.97021936818516,74.89451476793249,0.07692307692307693,0.15384615384615385,0.7692307692307693,1.0,各指標が比較的均衡
03214,岩手県,八幡平市,21719,13.812790644136468,55.37234042553192,0.920852709609098,91.17021276595744,29.006860352686587,37.765957446808514,50.64689902850039,35.51336146272855,0.25,0.125,0.625,1.0,MRI密度が相対的に高く、一般病床が相対的に低い
03215,岩手県,奥州市,105442,17.070996377155215,70.79787234042553,0.474194343809867,72.12765957446808,472.8665996471994,75.63829787234042,90.76079740520855,71.37834036568213,0.1232876712328767,0.0547945205479452,0.821917808219178,1.0,各指標が比較的均衡
03216,岩手県,滝沢市,54966,7.277225921478732,20.47872340425532,0.1819306480369683,43.776595744680854,34.74875377506095,38.93617021276596,33.47523923880217,20.112517580872012,0.10526315789473684,0.0,0.8947368421052632,1.0,MRI密度が相対的に高く、一般病床が相対的に低い
03301,岩手県,雫石町,14210,14.074595355383533,56.59574468085107,0.7037297677691766,84.25531914893617,16.185784658691063,35.53191489361702,70.37297677691767,54.922644163150494,0.3333333333333333,0.3333333333333333,0.3333333333333333,1.0,MRI密度が相対的に高く、手術活動が相対的に低い
03302,岩手県,葛巻町,4982,0.0,7.659574468085106,0.0,19.44148936170213,18.06503412284223,35.851063829787236,120.43356081894821,85.30239099859352,1.0,0.0,0.0,1.0,一般病床が相対的に高く、整形外科密度が相対的に低い
03303,岩手県,岩手町,10591,37.76791615522613,96.54255319148936,0.0,19.44148936170213,0.0,14.01595744680851,,,0.0,0.2,0.8,0.75,整形外科密度が相対的に高く、手術活動が相対的に低い
03321,岩手県,紫波町,31463,6.356672917395035,18.24468085106383,0.0,19.44148936170213,0.0,14.01595744680851,0.0,3.551336146272855,0.0625,0.0625,0.875,1.0,各指標が比較的均衡
03322,岩手県,矢巾町,27541,25.41665153770742,89.25531914893618,1.4523800878689952,97.07446808510637,3846.9917577430015,99.7872340425532,404.48785447151516,99.78902953586498,0.2,0.05,0.75,1.0,各指標が比較的均衡
03366,岩手県,西和賀町,4408,68.05807622504537,98.98936170212767,2.268602540834846,99.36170212765958,40.83484573502722,39.9468085106383,90.74410163339384,71.23769338959212,0.25,0.0,0.75,1.0,MRI密度が相対的に高く、手術活動が相対的に低い
03381,岩手県,金ケ崎町,14904,6.709608158883521,18.93617021276596,0.0,19.44148936170213,0.0,14.01595744680851,,,0.0,0.0,1.0,0.75,各指標が比較的均衡
03402,岩手県,平泉町,6617,0.0,7.659574468085106,0.0,19.44148936170213,0.0,14.01595744680851,,,0.0,0.0,1.0,0.75,各指標が比較的均衡
03441,岩手県,住田町,4495,0.0,7.659574468085106,0.0,19.44148936170213,0.0,14.01595744680851,,,0.0,1.0,0.0,0.75,各指標が比較的均衡
03461,岩手県,大槌町,9937,20.12679883264567,80.95744680851064,0.0,19.44148936170213,22.139478715910233,36.702127659574465,50.316997081614176,35.372714486638536,0.14285714285714285,0.0,0.8571428571428571,1.0,整形外科密度が相対的に高く、MRI密度が相対的に低い
03482,岩手県,山田町,12884,15.52312946289972,63.61702127659574,0.0,19.44148936170213,6.985408258304874,32.12765957446809,38.8078236572493,24.120956399437414,0.3333333333333333,0.0,0.6666666666666666,1.0,整形外科密度が相対的に高く、MRI密度が相対的に低い
03483,岩手県,岩泉町,7774,12.863390789812195,49.68085106382979,0.0,19.44148936170213,32.15847697453049,38.244680851063826,77.18034473887317,60.47819971870605,0.14285714285714285,0.0,0.8571428571428571,1.0,一般病床が相対的に高く、MRI密度が相対的に低い
03484,岩手県,田野畑村,2736,0.0,7.659574468085106,0.0,19.44148936170213,0.0,14.01595744680851,,,0.0,0.0,1.0,0.75,各指標が比較的均衡
03485,岩手県,普代村,2210,0.0,7.659574468085106,0.0,19.44148936170213,0.0,14.01595744680851,,,0.0,1.0,0.0,0.75,各指標が比較的均衡
03501,岩手県,軽米町,7582,13.189132155104195,51.648936170212764,0.0,19.44148936170213,159.58849907676074,51.808510638297875,69.90240042205222,54.219409282700425,0.3333333333333333,0.0,0.6666666666666666,1.0,一般病床が相対的に高く、MRI密度が相対的に低い
03503,岩手県,野田村,3615,0.0,7.659574468085106,0.0,19.44148936170213,0.0,14.01595744680851,,,0.0,0.0,1.0,0.75,各指標が比較的均衡
03506,岩手県,九戸村,4834,0.0,7.659574468085106,0.0,19.44148936170213,0.0,14.01595744680851,,,0.0,1.0,0.0,0.75,各指標が比較的均衡
03507,岩手県,洋野町,13512,7.400828892835997,20.95744680851064,0.0,19.44148936170213,17.761989342806395,35.691489361702125,30.34339846062759,17.651195499296765,0.25,0.25,0.5,1.0,各指標が比較的均衡
03524,岩手県,一戸町,9938,10.06238679814852,32.97872340425532,1.0062386798148522,92.7127659574468,0.0,14.01595744680851,48.2994566311129,33.40365682137834,0.14285714285714285,0.14285714285714285,0.7142857142857143,1.0,MRI密度が相対的に高く、手術活動が相対的に低い
04101,宮城県,仙台市青葉区,316178,12.651101594671356,48.351063829787236,0.5376718177735327,76.48936170212765,1126.5489692514975,95.47872340425532,108.60970719025359,81.08298171589311,0.06784660766961652,0.035398230088495575,0.8967551622418879,1.0,手術活動が相対的に高く、整形外科密度が相対的に低い
04102,宮城県,仙台市宮城野区,193585,11.364516878890411,41.59574468085106,0.5165689490404732,74.8936170212766,1043.9858460107964,94.20212765957446,104.91515355012011,79.32489451476793,0.07407407407407407,0.02962962962962963,0.8962962962962963,1.0,手術活動が相対的に高く、整形外科密度が相対的に低い
04103,宮城県,仙台市若林区,143747,10.43500038261668,35.1063829787234,0.13913333843488906,41.11702127659574,117.35897096982895,48.138297872340424,30.122367771153485,17.440225035161745,0.049019607843137254,0.00980392156862745,0.9411764705882353,1.0,手術活動が相対的に高く、一般病床が相対的に低い
04104,宮城県,仙台市太白区,238726,10.891147172909529,38.98936170212766,0.293223193116795,53.829787234042556,508.4909058921106,77.6063829787234,71.50457009290986,55.836849507735586,0.05625,0.025,0.91875,1.0,手術活動が相対的に高く、整形外科密度が相対的に低い
04105,宮城県,仙台市泉区,204768,12.697296452570715,48.56382978723404,0.34185028910767307,58.93617021276596,632.4230348491952,83.67021276595744,55.86810439131114,40.29535864978903,0.06493506493506493,0.06493506493506493,0.8701298701298701,1.0,手術活動が相対的に高く、一般病床が相対的に低い
04202,宮城県,石巻市,131404,9.132142096131016,28.03191489361702,0.3805059206721257,62.60638297872341,592.9804267754406,81.70212765957446,62.85957809503516,47.60900140646976,0.08433734939759036,0.04819277108433735,0.8674698795180723,1.0,手術活動が相対的に高く、整形外科密度が相対的に低い
04203,宮城県,塩竈市,49586,16.133586092848788,67.07446808510639,0.6050094784818296,79.73404255319149,570.9272778606866,80.74468085106383,114.750131085387,83.54430379746836,0.10810810810810811,0.13513513513513514,0.7567567567567568,1.0,各指標が比較的均衡
04205,宮城県,気仙沼市,55910,10.731532820604542,37.92553191489362,0.3577177606868181,60.47872340425532,488.2847433375067,76.38297872340426,60.09658379538544,44.86638537271448,0.10714285714285714,0.03571428571428571,0.8571428571428571,1.0,手術活動が相対的に高く、整形外科密度が相対的に低い
04206,宮城県,白石市,29815,13.416065738722118,52.92553191489362,0.6708032869361059,82.92553191489361,210.63223209793728,55.95744680851064,82.84420593660909,65.40084388185655,0.13043478260869565,0.043478260869565216,0.8260869565217391,1.0,MRI密度が相対的に高く、整形外科密度が相対的に低い
04207,宮城県,名取市,78057,8.967805577975069,27.287234042553195,0.25622301651357343,50.0531914893617,312.0796341135324,64.46808510638297,49.06670766234931,33.9662447257384,0.05555555555555555,0.037037037037037035,0.9074074074074074,1.0,手術活動が相対的に高く、整形外科密度が相対的に低い
04208,宮城県,角田市,26044,11.518967900476117,42.5531914893617,0.0,19.44148936170213,38.012594071571186,39.57446808510638,45.69190600522194,30.66104078762307,0.25,0.08333333333333333,0.6666666666666666,1.0,整形外科密度が相対的に高く、MRI密度が相対的に低い
04209,宮城県,多賀城市,62254,9.637934911812895,30.26595744680851,0.0,19.44148936170213,0.1606322485302149,28.03191489361702,15.420695858900633,9.49367088607595,0.027777777777777776,0.08333333333333333,0.8888888888888888,1.0,整形外科密度が相対的に高く、一般病床が相対的に低い
04211,宮城県,岩沼市,43186,11.577826147362572,42.659574468085104,0.46311304589450286,71.32978723404256,427.6848978835734,73.03191489361703,79.88700041680174,62.517580872011244,0.16129032258064516,0.06451612903225806,0.7741935483870968,1.0,手術活動が相対的に高く、整形外科密度が相対的に低い
04212,宮城県,登米市,68708,7.277172963847004,20.425531914893615,0.1455434592769401,41.54255319148936,139.72172090586247,50.42553191489362,43.371950864528145,28.199718706047822,0.13513513513513514,0.05405405405405406,0.8108108108108109,1.0,手術活動が相対的に高く、整形外科密度が相対的に低い
04213,宮城県,栗原市,58876,22.080304368503295,84.8404255319149,0.5095454854269991,74.14893617021276,221.9919831510293,56.80851063829787,53.33242747469258,38.11533052039381,0.10256410256410256,0.10256410256410256,0.7948717948717948,1.0,整形外科密度が相対的に高く、一般病床が相対的に低い
04214,宮城県,東松島市,37264,16.10133104336625,66.80851063829788,0.536711034778875,76.32978723404256,367.37870330614,67.7127659574468,45.08372692142551,30.168776371308013,0.09523809523809523,0.047619047619047616,0.8571428571428571,1.0,MRI密度が相対的に高く、一般病床が相対的に低い
04215,宮城県,大崎市,119096,13.434540202861557,53.191489361702125,0.5037952576073084,73.82978723404256,552.9992611002888,79.9468085106383,77.33257204272184,60.618846694796055,0.18518518518518517,0.08641975308641975,0.7283950617283951,1.0,手術活動が相対的に高く、整形外科密度が相対的に低い
04216,宮城県,富谷市,51898,7.707426105052218,21.914893617021278,0.0,19.44148936170213,13.295310031215076,34.57446808510639,10.405025241820493,8.227848101265822,0.1,0.06666666666666667,0.8333333333333334,1.0,手術活動が相対的に高く、一般病床が相対的に低い
04301,宮城県,蔵王町,10664,0.0,7.659574468085106,0.0,19.44148936170213,0.0,14.01595744680851,0.0,3.551336146272855,0.3333333333333333,0.0,0.6666666666666666,1.0,各指標が比較的均衡
04302,宮城県,七ヶ宿町,1097,0.0,7.659574468085106,0.0,19.44148936170213,0.0,14.01595744680851,,,0.0,0.0,1.0,0.75,各指標が比較的均衡
04321,宮城県,大河原町,23191,12.936052779095338,50.15957446808511,0.8624035186063559,89.84042553191489,1729.1190548057436,97.97872340425532,131.94773834677247,87.9746835443038,0.058823529411764705,0.0,0.9411764705882353,1.0,手術活動が相対的に高く、整形外科密度が相対的に低い
04322,宮城県,村田町,9738,10.26904908605463,34.308510638297875,0.0,19.44148936170213,0.0,14.01595744680851,,,0.0,0.0,1.0,0.75,整形外科密度が相対的に高く、手術活動が相対的に低い
04323,宮城県,柴田町,37242,8.055421298533913,23.882978723404253,0.0,19.44148936170213,2.14811234627571,29.46808510638298,7.78690725524945,7.665260196905767,0.1111111111111111,0.1111111111111111,0.7777777777777778,1.0,手術活動が相対的に高く、一般病床が相対的に低い
04324,宮城県,川崎町,7686,13.010668748373666,50.42553191489362,1.3010668748373666,95.79787234042553,13.010668748373666,34.46808510638298,109.2896174863388,81.36427566807313,0.6666666666666666,0.0,0.3333333333333333,1.0,MRI密度が相対的に高く、手術活動が相対的に低い
04341,宮城県,丸森町,10406,9.609840476648086,30.159574468085104,0.0,19.44148936170213,2.8829521429944265,30.0,52.854122621564485,37.41209563994374,0.3333333333333333,0.0,0.6666666666666666,1.0,各指標が比較的均衡
04361,宮城県,亘理町,32235,15.511090429657205,63.51063829787233,0.0,19.44148936170213,0.0,14.01595744680851,,,0.0,0.05,0.95,0.75,整形外科密度が相対的に高く、手術活動が相対的に低い
04362,宮城県,山元町,11563,17.296549338406987,71.64893617021276,0.8648274669203493,89.8936170212766,134.04825737265415,50.10638297872341,250.79996540690132,97.81997187060479,0.2,0.0,0.8,1.0,一般病床が相対的に高く、手術活動が相対的に低い
04401,宮城県,松島町,12354,8.094544277157196,24.148936170212764,0.0,19.44148936170213,4.047272138578598,30.851063829787233,43.71053909664886,28.551336146272853,0.25,0.0,0.75,1.0,各指標が比較的均衡
04404,宮城県,七ヶ浜町,17142,0.0,7.659574468085106,0.0,19.44148936170213,0.0,14.01595744680851,,,0.0,0.0,1.0,0.75,各指標が比較的均衡
04406,宮城県,利府町,35141,11.382715346745966,41.755319148936174,0.28456788366864916,53.24468085106383,62.32036652343416,43.24468085106383,59.19011980307903,43.741209563994374,0.10526315789473684,0.15789473684210525,0.7368421052631579,1.0,各指標が比較的均衡
04421,宮城県,大和町,28949,13.817403019102558,55.425531914893625,0.34543507547756397,59.148936170212764,59.760268057618575,42.765957446808514,37.99785830253204,23.69901547116737,0.07142857142857142,0.14285714285714285,0.7857142857142857,1.0,MRI密度が相対的に高く、一般病床が相対的に低い
04422,宮城県,大郷町,7228,0.0,7.659574468085106,0.0,19.44148936170213,0.0,14.01595744680851,,,0.0,1.0,0.0,0.75,各指標が比較的均衡
04424,宮城県,大衡村,5890,0.0,7.659574468085106,0.0,19.44148936170213,0.0,14.01595744680851,,,0.0,0.0,1.0,0.75,各指標が比較的均衡
04444,宮城県,色麻町,6232,16.046213093709884,66.48936170212765,0.0,19.44148936170213,30.48780487804878,37.92553191489362,64.18485237483954,48.874824191279885,1.0,0.0,0.0,1.0,整形外科密度が相対的に高く、MRI密度が相対的に低い
04445,宮城県,加美町,20095,4.976362279173924,16.648936170212767,0.0,19.44148936170213,0.0,14.01595744680851,,,0.0,0.0,1.0,0.75,各指標が比較的均衡
04501,宮城県,涌谷町,13646,21.984464311886267,84.62765957446808,0.7328154770628755,85.53191489361703,56.42679173384141,42.07446808510638,43.968928623772534,28.76230661040788,0.42857142857142855,0.0,0.5714285714285714,1.0,MRI密度が相対的に高く、一般病床が相対的に低い
04505,宮城県,美里町,22587,22.13662726347014,85.0,0.0,19.44148936170213,1.770930181077611,29.04255319148936,22.136627263470135,13.220815752461323,0.2,0.1,0.7,1.0,整形外科密度が相対的に高く、一般病床が相対的に低い
04581,宮城県,女川町,5743,17.41250217656277,72.23404255319149,0.0,19.44148936170213,0.0,14.01595744680851,,,0.0,1.0,0.0,0.75,整形外科密度が相対的に高く、手術活動が相対的に低い
04606,宮城県,南三陸町,10792,9.266123054114159,28.510638297872344,0.0,19.44148936170213,25.018532246108226,37.234042553191486,37.064492216456635,22.78481012658228,0.3333333333333333,0.0,0.6666666666666666,1.0,各指標が比較的均衡
05201,秋田県,秋田市,295501,11.167474898562103,40.58510638297872,0.43993082933729494,69.52127659574468,779.4220662535829,88.88297872340426,89.91509334993789,70.60478199718706,0.0860655737704918,0.06147540983606557,0.8524590163934426,1.0,手術活動が相対的に高く、整形外科密度が相対的に低い
05202,秋田県,能代市,44748,15.643157236077588,64.20212765957447,0.6704210244033253,82.81914893617022,958.478591221954,92.97872340425532,145.92830964512382,90.64697609001406,0.11363636363636363,0.1590909090909091,0.7272727272727273,1.0,手術活動が相対的に高く、整形外科密度が相対的に低い
05203,秋田県,横手市,78878,11.41002560916859,41.96808510638298,0.5071122492963818,74.04255319148936,741.144552346662,87.6063829787234,85.82874819341261,67.79184247538677,0.07017543859649122,0.03508771929824561,0.8947368421052632,1.0,手術活動が相対的に高く、整形外科密度が相対的に低い
05204,秋田県,大館市,63908,9.388495962946736,29.148936170212764,0.31294986543155784,55.74468085106383,584.2773987607185,81.43617021276596,92.1637353695938,72.22222222222221,0.16666666666666666,0.0,0.8333333333333334,1.0,手術活動が相対的に高く、整形外科密度が相対的に低い
05206,秋田県,男鹿市,21867,13.719303059404583,54.78723404255319,0.45731010198015276,70.74468085106383,166.91818722275576,52.34042553191489,50.3041112178168,35.30239099859353,0.06666666666666667,0.0,0.9333333333333333,1.0,MRI密度が相対的に高く、一般病床が相対的に低い
05207,秋田県,湯沢市,37552,10.651896037494673,37.02127659574468,0.2662974009373668,51.170212765957444,262.036642522369,60.58510638297873,46.06945036216447,31.0126582278481,0.07692307692307693,0.15384615384615385,0.7692307692307693,1.0,手術活動が相対的に高く、一般病床が相対的に低い
05209,秋田県,鹿角市,25808,7.749535027898326,22.23404255319149,0.7749535027898325,87.2872340425532,336.7172969621823,65.63829787234042,61.608803471791695,46.41350210970464,0.21428571428571427,0.07142857142857142,0.7142857142857143,1.0,MRI密度が相対的に高く、整形外科密度が相対的に低い
05210,秋田県,由利本荘市,69070,14.478065730418415,58.45744680851064,0.5791226292167366,78.93617021276596,583.1764876212538,81.32978723404256,155.49442594469377,92.26441631504923,0.13043478260869565,0.06521739130434782,0.8043478260869565,1.0,一般病床が相対的に高く、整形外科密度が相対的に低い
05211,秋田県,潟上市,30054,13.30937645571305,52.5,0.3327344113928263,57.765957446808514,101.81672988620484,46.91489361702128,46.582817594995674,31.364275668073137,0.14285714285714285,0.14285714285714285,0.7142857142857143,1.0,MRI密度が相対的に高く、一般病床が相対的に低い
05212,秋田県,大仙市,71758,11.148582736419632,40.37234042553192,0.2787145684104908,52.659574468085104,531.7873965272165,78.77659574468086,75.67100532344826,59.28270042194092,0.10344827586206896,0.05172413793103448,0.8448275862068966,1.0,手術活動が相対的に高く、整形外科密度が相対的に低い
05213,秋田県,北秋田市,27068,11.083197872026007,40.0531914893617,0.3694399290675336,61.59574468085106,379.0453672232895,68.56382978723404,62.435348012413186,47.11673699015471,0.125,0.0625,0.8125,1.0,手術活動が相対的に高く、整形外科密度が相対的に低い
05214,秋田県,にかほ市,21444,9.326618168252192,28.670212765957448,0.0,19.44148936170213,0.0,14.01595744680851,0.0,3.551336146272855,0.09090909090909091,0.18181818181818182,0.7272727272727273,1.0,整形外科密度が相対的に高く、一般病床が相対的に低い
05215,秋田県,仙北市,21621,13.875398917718885,55.69148936170213,0.9250265945145923,91.32978723404256,307.10882937884463,64.04255319148936,98.05281901854678,75.73839662447257,0.15384615384615385,0.0,0.8461538461538461,1.0,MRI密度が相対的に高く、整形外科密度が相対的に低い
05303,秋田県,小坂町,4212,23.741690408357076,87.3936170212766,0.0,19.44148936170213,0.0,14.01595744680851,,,0.0,0.0,1.0,0.75,整形外科密度が相対的に高く、手術活動が相対的に低い
05327,秋田県,上小阿仁村,1762,56.75368898978434,98.61702127659574,0.0,19.44148936170213,0.0,14.01595744680851,,,0.0,0.0,1.0,0.75,整形外科密度が相対的に高く、手術活動が相対的に低い
05346,秋田県,藤里町,2489,0.0,7.659574468085106,0.0,19.44148936170213,0.0,14.01595744680851,,,0.0,0.0,1.0,0.75,各指標が比較的均衡
05348,秋田県,三種町,13386,7.470491558344539,21.22340425531915,0.7470491558344539,86.22340425531915,0.7470491558344539,28.510638297872344,0.0,3.551336146272855,0.2,0.0,0.8,1.0,MRI密度が相対的に高く、一般病床が相対的に低い
05349,秋田県,八峰町,5824,17.17032967032967,71.06382978723404,0.0,19.44148936170213,0.0,14.01595744680851,,,0.0,0.0,1.0,0.75,整形外科密度が相対的に高く、手術活動が相対的に低い
05361,秋田県,五城目町,7580,13.192612137203167,51.70212765957447,0.0,19.44148936170213,0.0,14.01595744680851,,,0.0,0.0,1.0,0.75,整形外科密度が相対的に高く、手術活動が相対的に低い
05363,秋田県,八郎潟町,5025,19.90049751243781,80.2127659574468,1.990049751243781,99.09574468085106,330.3482587064677,65.47872340425532,199.0049751243781,95.71026722925457,0.3333333333333333,0.0,0.6666666666666666,1.0,MRI密度が相対的に高く、手術活動が相対的に低い
05366,秋田県,井川町,4108,0.0,7.659574468085106,0.0,19.44148936170213,0.0,14.01595744680851,,,0.0,0.0,1.0,0.75,各指標が比較的均衡
05368,秋田県,大潟村,2794,0.0,7.659574468085106,0.0,19.44148936170213,0.0,14.01595744680851,,,0.0,0.0,1.0,0.75,各指標が比較的均衡
05434,秋田県,美郷町,16598,18.074466803229306,74.7340425531915,0.0,19.44148936170213,0.0,14.01595744680851,,,0.0,0.0,1.0,0.75,整形外科密度が相対的に高く、手術活動が相対的に低い
05463,秋田県,羽後町,12484,8.010253123998718,23.72340425531915,0.8010253123998718,88.40425531914894,298.7824415251522,63.40425531914894,43.255366869593075,28.129395218002813,0.25,0.0,0.75,1.0,MRI密度が相対的に高く、整形外科密度が相対的に低い
05464,秋田県,東成瀬村,2524,79.2393026941363,99.30851063829788,0.0,19.44148936170213,0.0,14.01595744680851,,,0.0,0.0,1.0,0.75,整形外科密度が相対的に高く、手術活動が相対的に低い
06201,山形県,山形市,241236,15.337677626888192,62.39361702127659,0.7461572899567229,86.17021276595744,1094.0323998076572,95.0531914893617,142.72330829561093,89.87341772151899,0.0787037037037037,0.037037037037037035,0.8842592592592593,1.0,手術活動が相対的に高く、整形外科密度が相対的に低い
06202,山形県,米沢市,76691,13.039339687838208,50.691489361702125,0.3911801906351462,63.61702127659574,408.522512419971,71.17021276595744,92.84009857740804,72.64416315049228,0.09803921568627451,0.09803921568627451,0.803921568627451,1.0,一般病床が相対的に高く、整形外科密度が相対的に低い
06203,山形県,鶴岡市,114566,13.092889688040083,50.851063829787236,0.3491437250144022,59.468085106382986,374.10750135293193,68.19148936170212,63.0204423650996,47.89029535864979,0.07317073170731707,0.06097560975609756,0.8658536585365854,1.0,手術活動が相対的に高く、一般病床が相対的に低い
06204,山形県,酒田市,93675,10.675206832132371,37.3936170212766,0.32025620496397117,56.22340425531915,733.1732052308514,87.2872340425532,74.08593541499866,57.876230661040786,0.06097560975609756,0.036585365853658534,0.9024390243902439,1.0,手術活動が相対的に高く、整形外科密度が相対的に低い
06205,山形県,新庄市,31065,16.095284081764042,66.72872340425532,0.6438113632705618,81.32978723404256,778.0460325124739,88.82978723404256,160.63093513600512,93.24894514767934,0.1111111111111111,0.037037037037037035,0.8518518518518519,1.0,一般病床が相対的に高く、整形外科密度が相対的に低い
06206,山形県,寒河江市,38422,18.218728853261155,75.42553191489361,0.2602675550465879,50.37234042553192,36.69772526156889,39.361702127659576,14.574983082608924,9.071729957805907,0.06666666666666667,0.03333333333333333,0.9,1.0,整形外科密度が相対的に高く、一般病床が相対的に低い
06207,山形県,上山市,26708,14.976785981728321,61.01063829787235,0.37441964954320806,62.02127659574468,321.2520593080725,64.9468085106383,57.286206380110826,41.91279887482419,0.15789473684210525,0.05263157894736842,0.7894736842105263,1.0,手術活動が相対的に高く、一般病床が相対的に低い
06208,山形県,村山市,20094,4.976609933313427,16.70212765957447,0.0,19.44148936170213,0.0,14.01595744680851,,,0.0,0.0,1.0,0.75,各指標が比較的均衡
06209,山形県,長井市,24765,4.037956793862306,15.851063829787234,0.0,19.44148936170213,0.0,14.01595744680851,20.189783969311527,11.884669479606188,0.11764705882352941,0.058823529411764705,0.8235294117647058,1.0,各指標が比較的均衡
06210,山形県,天童市,60430,11.5836505047162,42.712765957446805,0.33096144299189145,57.446808510638306,166.80456726791328,52.28723404255319,31.77229852722158,18.28410689170183,0.08163265306122448,0.02040816326530612,0.8979591836734694,1.0,MRI密度が相対的に高く、一般病床が相対的に低い
06211,山形県,東根市,47098,10.616162045097456,36.80851063829787,0.42464648180389825,67.65957446808511,219.75455433351735,56.59574468085107,63.696972270584745,48.593530239099856,0.06896551724137931,0.10344827586206896,0.8275862068965517,1.0,MRI密度が相対的に高く、整形外科密度が相対的に低い
06212,山形県,尾花沢市,12987,0.0,7.659574468085106,0.0,19.44148936170213,0.0,14.01595744680851,0.0,3.551336146272855,0.125,0.125,0.75,1.0,各指標が比較的均衡
06213,山形県,南陽市,28221,10.630381630700542,36.861702127659576,0.0,19.44148936170213,0.0,14.01595744680851,17.717302717834237,10.759493670886076,0.09523809523809523,0.047619047619047616,0.8571428571428571,1.0,整形外科密度が相対的に高く、一般病床が相対的に低い
06301,山形県,山辺町,12940,15.45595054095827,63.03191489361703,0.0,19.44148936170213,0.0,14.01595744680851,,,0.0,0.0,1.0,0.75,整形外科密度が相対的に高く、手術活動が相対的に低い
06302,山形県,中山町,9995,10.005002501250626,32.6063829787234,0.0,19.44148936170213,0.0,14.01595744680851,,,0.0,0.0,1.0,0.75,各指標が比較的均衡
06321,山形県,河北町,16421,12.17952621643018,46.06382978723404,0.608976310821509,79.84042553191489,359.29602338469033,67.18085106382978,79.16692040679617,61.88466947960619,0.11764705882352941,0.0,0.8823529411764706,1.0,MRI密度が相対的に高く、整形外科密度が相対的に低い
06322,山形県,西川町,4296,23.277467411545622,86.64893617021276,0.0,19.44148936170213,58.19366852886406,42.5531914893617,65.17690875232775,49.71870604781997,0.25,0.0,0.75,1.0,整形外科密度が相対的に高く、MRI密度が相対的に低い
06323,山形県,朝日町,5633,17.752529735487304,73.77659574468085,0.0,19.44148936170213,1.7752529735487306,29.148936170212764,71.01011894194923,55.48523206751055,0.3333333333333333,0.0,0.6666666666666666,1.0,整形外科密度が相対的に高く、MRI密度が相対的に低い
06324,山形県,大江町,6930,0.0,7.659574468085106,0.0,19.44148936170213,0.0,14.01595744680851,,,0.0,0.5,0.5,0.75,各指標が比較的均衡
06341,山形県,大石田町,5871,17.032873445750297,70.63829787234043,0.0,19.44148936170213,0.0,14.01595744680851,,,0.0,0.5,0.5,0.75,整形外科密度が相対的に高く、手術活動が相対的に低い
06361,山形県,金山町,4509,0.0,7.659574468085106,0.0,19.44148936170213,0.0,14.01595744680851,,,0.0,0.0,1.0,0.75,各指標が比較的均衡
06362,山形県,最上町,7245,27.605244996549345,91.54255319148936,0.0,19.44148936170213,22.084195997239476,36.648936170212764,82.81573498964804,65.33052039381153,0.5,0.0,0.5,1.0,整形外科密度が相対的に高く、MRI密度が相対的に低い
06363,山形県,舟形町,4484,0.0,7.659574468085106,0.0,19.44148936170213,0.0,14.01595744680851,,,0.0,0.0,1.0,0.75,各指標が比較的均衡
06364,山形県,真室川町,6363,15.715857300015715,64.68085106382979,1.5715857300015716,97.81914893617021,45.575986170045574,40.90425531914894,86.43721515008643,68.35443037974683,0.3333333333333333,0.0,0.6666666666666666,1.0,MRI密度が相対的に高く、手術活動が相対的に低い
06365,山形県,大蔵村,2668,0.0,7.659574468085106,0.0,19.44148936170213,0.0,14.01595744680851,,,0.0,0.0,1.0,0.75,各指標が比較的均衡
06366,山形県,鮭川村,3502,0.0,7.659574468085106,0.0,19.44148936170213,0.0,14.01595744680851,,,0.0,0.0,1.0,0.75,各指標が比較的均衡
06367,山形県,戸沢村,3718,0.0,7.659574468085106,0.0,19.44148936170213,0.0,14.01595744680851,,,0.0,0.0,1.0,0.75,各指標が比較的均衡
06381,山形県,高畠町,20643,4.844257133168629,16.43617021276596,0.4844257133168629,72.65957446808511,7.7508114130698065,32.5,43.11388848520079,27.70745428973277,0.1111111111111111,0.0,0.8888888888888888,1.0,MRI密度が相対的に高く、整形外科密度が相対的に低い
06382,山形県,川西町,12991,38.48818412747286,96.75531914893617,1.5395273650989147,97.6063829787234,3481.6411361711953,99.7340425531915,323.30074667077207,99.22644163150493,0.2,0.0,0.8,1.0,各指標が比較的均衡
06401,山形県,小国町,6321,31.640563202024996,93.98936170212767,0.0,19.44148936170213,3.1640563202024996,30.21276595744681,0.0,3.551336146272855,0.3333333333333333,0.0,0.6666666666666666,1.0,整形外科密度が相対的に高く、一般病床が相対的に低い
06402,山形県,白鷹町,11617,17.216148747525178,71.27659574468085,0.0,19.44148936170213,49.06602393044676,41.329787234042556,49.06602393044676,33.895921237693386,0.16666666666666666,0.0,0.8333333333333334,1.0,整形外科密度が相対的に高く、MRI密度が相対的に低い
06403,山形県,飯豊町,6001,16.663889351774706,69.14893617021278,0.0,19.44148936170213,0.0,14.01595744680851,,,0.0,0.0,1.0,0.75,整形外科密度が相対的に高く、手術活動が相対的に低い
06426,山形県,三川町,7351,0.0,7.659574468085106,0.0,19.44148936170213,0.0,14.01595744680851,0.0,3.551336146272855,0.3333333333333333,0.0,0.6666666666666666,1.0,各指標が比較的均衡
06428,山形県,庄内町,18226,5.48666739822232,17.02127659574468,0.548666739822232,77.23404255319149,681.4440908592122,85.42553191489361,110.83068144409086,81.99718706047821,0.14285714285714285,0.0,0.8571428571428571,1.0,手術活動が相対的に高く、整形外科密度が相対的に低い
06461,山形県,遊佐町,11669,0.0,7.659574468085106,0.0,19.44148936170213,0.0,14.01595744680851,0.0,3.551336146272855,0.25,0.25,0.5,1.0,各指標が比較的均衡
07201,福島県,福島市,273384,14.997220027507097,61.11702127659574,0.4389430251953297,69.36170212765957,706.9177420770784,86.38297872340426,102.74924648114008,78.19971870604782,0.08968609865470852,0.05829596412556054,0.852017937219731,1.0,手術活動が相対的に高く、整形外科密度が相対的に低い
07202,福島県,会津若松市,109725,11.847801321485532,44.52127659574468,0.5468215994531783,77.07446808510639,1150.1480975165186,95.63829787234043,152.19867851446799,91.9831223628692,0.08641975308641975,0.06172839506172839,0.8518518518518519,1.0,手術活動が相対的に高く、整形外科密度が相対的に低い
07203,福島県,郡山市,319847,12.19332993587559,46.170212765957444,0.3126494855352716,55.69148936170213,741.7609044324317,87.65957446808511,103.0492704324255,78.34036568213783,0.09865470852017937,0.05829596412556054,0.8430493273542601,1.0,手術活動が相対的に高く、整形外科密度が相対的に低い
07205,福島県,白河市,56170,17.80309773900659,73.88297872340426,0.5340929321701976,76.22340425531915,645.7183549937689,84.14893617021276,107.70874132098986,80.66104078762307,0.04878048780487805,0.0975609756097561,0.8536585365853658,1.0,各指標が比較的均衡
07207,福島県,須賀川市,72248,13.84121359760824,55.638297872340424,0.5536485439043296,77.55319148936171,614.826708005758,82.7127659574468,100.07197431070756,76.86357243319269,0.1276595744680851,0.02127659574468085,0.851063829787234,1.0,手術活動が相対的に高く、整形外科密度が相対的に低い
07208,福島県,喜多方市,41008,17.06984003121342,70.74468085106383,0.24385485758876319,48.98936170212766,42.43074522044479,40.21276595744681,47.551697229808816,32.77074542897328,0.23809523809523808,0.047619047619047616,0.7142857142857143,1.0,整形外科密度が相対的に高く、一般病床が相対的に低い
07210,福島県,二本松市,50053,15.983057958563922,66.01063829787233,0.39957644896409805,64.68085106382979,215.77128244061296,56.32978723404255,86.10872475176313,68.07313642756681,0.09375,0.0,0.90625,1.0,各指標が比較的均衡
07211,福島県,田村市,31276,15.986699066376776,66.11702127659575,0.0,19.44148936170213,20.462974804962272,36.11702127659574,10.231487402481136,8.08720112517581,0.058823529411764705,0.23529411764705882,0.7058823529411765,1.0,整形外科密度が相対的に高く、一般病床が相対的に低い
07213,福島県,伊達市,54084,14.791805339841728,60.265957446808514,0.1848975667480216,43.93617021276596,179.16574217883291,53.24468085106383,32.35707418090378,18.70604781997187,0.06666666666666667,0.0,0.9333333333333333,1.0,整形外科密度が相対的に高く、一般病床が相対的に低い
07214,福島県,本宮市,29301,6.825705607317156,19.148936170212767,0.3412852803658578,58.723404255319146,55.97078598000068,42.02127659574468,30.374389952561344,17.72151898734177,0.15384615384615385,0.07692307692307693,0.7692307692307693,1.0,MRI密度が相対的に高く、一般病床が相対的に低い
07301,福島県,桑折町,10624,9.41265060240964,29.20212765957447,0.0,19.44148936170213,0.0,14.01595744680851,,,0.0,0.0,1.0,0.75,各指標が比較的均衡
07303,福島県,国見町,7828,12.774655084312725,48.98936170212766,1.2774655084312725,95.58510638297872,2620.0817577925395,99.30851063829788,381.96218702095047,99.57805907172997,0.5,0.0,0.5,1.0,一般病床が相対的に高く、整形外科密度が相対的に低い
07308,福島県,川俣町,10716,27.99552071668533,92.02127659574468,0.0,19.44148936170213,78.38745800671893,44.8936170212766,83.98656215005599,66.31504922644163,0.14285714285714285,0.0,0.8571428571428571,1.0,整形外科密度が相対的に高く、MRI密度が相対的に低い
07322,福島県,大玉村,8917,0.0,7.659574468085106,0.0,19.44148936170213,0.0,14.01595744680851,,,,,,0.75,各指標が比較的均衡
07342,福島県,鏡石町,11938,8.376612497905848,25.106382978723403,0.0,19.44148936170213,0.0,14.01595744680851,,,0.0,0.0,1.0,0.75,各指標が比較的均衡
07344,福島県,天栄村,4760,0.0,7.659574468085106,0.0,19.44148936170213,0.0,14.01595744680851,,,0.0,0.0,1.0,0.75,各指標が比較的均衡
07362,福島県,下郷町,4648,21.514629948364888,84.14893617021276,0.0,19.44148936170213,0.0,14.01595744680851,,,0.0,0.0,1.0,0.75,整形外科密度が相対的に高く、手術活動が相対的に低い
07364,福島県,檜枝岐村,447,0.0,7.659574468085106,0.0,19.44148936170213,0.0,14.01595744680851,,,0.0,0.0,1.0,0.75,各指標が比較的均衡
07367,福島県,只見町,3606,27.731558513588467,91.75531914893617,0.0,19.44148936170213,0.0,14.01595744680851,,,0.0,1.0,0.0,0.75,整形外科密度が相対的に高く、手術活動が相対的に低い
07368,福島県,南会津町,12592,7.941550190597205,23.404255319148938,0.7941550190597205,88.08510638297872,95.29860228716646,46.38297872340426,67.50317662007623,51.47679324894515,0.1111111111111111,0.0,0.8888888888888888,1.0,MRI密度が相対的に高く、整形外科密度が相対的に低い
07402,福島県,北塩原村,2315,0.0,7.659574468085106,0.0,19.44148936170213,0.0,14.01595744680851,,,0.0,0.0,1.0,0.75,各指標が比較的均衡
07405,福島県,西会津町,5112,19.561815336463223,79.25531914893617,0.0,19.44148936170213,0.0,14.01595744680851,,,0.0,0.0,1.0,0.75,整形外科密度が相対的に高く、手術活動が相対的に低い
07407,福島県,磐梯町,3069,32.583903551645484,94.62765957446808,0.0,19.44148936170213,0.0,14.01595744680851,,,0.0,1.0,0.0,0.75,整形外科密度が相対的に高く、手術活動が相対的に低い
07408,福島県,猪苗代町,12033,16.620959029335992,68.98936170212767,0.0,19.44148936170213,12.465719272001994,34.14893617021277,54.01811684534198,38.81856540084388,0.16666666666666666,0.0,0.8333333333333334,1.0,整形外科密度が相対的に高く、MRI密度が相対的に低い
07421,福島県,会津坂下町,13898,7.195279896387969,20.212765957446805,0.7195279896387969,84.73404255319149,866.3116995251115,90.85106382978724,114.40495035256872,83.33333333333334,0.2,0.0,0.8,1.0,手術活動が相対的に高く、整形外科密度が相対的に低い
07422,福島県,湯川村,2890,0.0,7.659574468085106,0.0,19.44148936170213,0.0,14.01595744680851,,,,,,0.75,各指標が比較的均衡
07423,福島県,柳津町,2769,0.0,7.659574468085106,0.0,19.44148936170213,0.0,14.01595744680851,,,0.0,0.0,1.0,0.75,各指標が比較的均衡
07444,福島県,三島町,1237,80.84074373484236,99.36170212765958,0.0,19.44148936170213,16.16814874696847,35.42553191489362,258.6903799514955,98.17158931082982,1.0,0.0,0.0,1.0,整形外科密度が相対的に高く、MRI密度が相対的に低い
07445,福島県,金山町,1573,0.0,7.659574468085106,0.0,19.44148936170213,0.0,14.01595744680851,,,0.0,0.0,1.0,0.75,各指標が比較的均衡
07446,福島県,昭和村,1079,0.0,7.659574468085106,0.0,19.44148936170213,0.0,14.01595744680851,,,0.0,0.0,1.0,0.75,各指標が比較的均衡
07447,福島県,会津美里町,16993,11.769552168539986,43.88297872340425,0.0,19.44148936170213,0.0,14.01595744680851,0.0,3.551336146272855,0.0,0.0,1.0,1.0,整形外科密度が相対的に高く、一般病床が相対的に低い
07461,福島県,西郷村,20695,14.49625513409036,58.61702127659575,0.0,19.44148936170213,0.0,14.01595744680851,,,0.0,0.1111111111111111,0.8888888888888888,0.75,整形外科密度が相対的に高く、手術活動が相対的に低い
07464,福島県,泉崎村,5913,16.91188905800778,70.15957446808511,0.0,19.44148936170213,0.0,14.01595744680851,,,0.0,0.0,1.0,0.75,整形外科密度が相対的に高く、手術活動が相対的に低い
07465,福島県,中島村,4688,0.0,7.659574468085106,0.0,19.44148936170213,0.0,14.01595744680851,,,0.0,0.0,1.0,0.75,各指標が比較的均衡
07466,福島県,矢吹町,16751,17.909378544564504,74.14893617021276,0.5969792848188168,79.46808510638299,401.76705868306374,70.26595744680851,60.89188705151931,45.71026722925457,0.375,0.0,0.625,1.0,MRI密度が相対的に高く、一般病床が相対的に低い
07481,福島県,棚倉町,12196,24.59822892751722,88.51063829787233,0.0,19.44148936170213,0.0,14.01595744680851,,,0.0,0.14285714285714285,0.8571428571428571,0.75,整形外科密度が相対的に高く、手術活動が相対的に低い
07482,福島県,矢祭町,4949,40.4122044857547,97.12765957446808,0.0,19.44148936170213,0.0,14.01595744680851,,,0.0,0.0,1.0,0.75,整形外科密度が相対的に高く、手術活動が相対的に低い
07483,福島県,塙町,7569,26.423569824283263,90.26595744680851,1.321178491214163,95.95744680851064,957.8544061302682,92.92553191489363,161.1837759281279,93.38959212376933,0.5,0.0,0.5,1.0,各指標が比較的均衡
07484,福島県,鮫川村,2675,0.0,7.659574468085106,0.0,19.44148936170213,0.0,14.01595744680851,,,0.0,0.0,1.0,0.75,各指標が比較的均衡
07501,福島県,石川町,13210,22.71006813020439,85.79787234042553,0.0,19.44148936170213,0.0,14.01595744680851,,,0.0,0.0,1.0,0.75,整形外科密度が相対的に高く、手術活動が相対的に低い
07502,福島県,玉川村,5943,0.0,7.659574468085106,0.0,19.44148936170213,0.0,14.01595744680851,,,0.0,0.0,1.0,0.75,各指標が比較的均衡
07503,福島県,平田村,5269,18.978933383943822,77.76595744680851,1.8978933383943821,98.93617021276596,62.63048016701462,43.29787234042553,68.32416018219776,52.53164556962025,0.5,0.0,0.5,1.0,MRI密度が相対的に高く、手術活動が相対的に低い
07504,福島県,浅川町,5525,0.0,7.659574468085106,0.0,19.44148936170213,0.0,14.01595744680851,,,0.0,0.0,1.0,0.75,各指標が比較的均衡
07505,福島県,古殿町,4289,0.0,7.659574468085106,0.0,19.44148936170213,0.0,14.01595744680851,,,0.0,0.0,1.0,0.75,各指標が比較的均衡
07521,福島県,三春町,16105,18.627755355479664,76.91489361702128,0.0,19.44148936170213,0.0,14.01595744680851,28.562558211735485,16.17440225035162,0.1,0.0,0.9,1.0,整形外科密度が相対的に高く、手術活動が相対的に低い
07522,福島県,小野町,8586,34.940600978336825,95.69148936170212,1.1646866992778944,94.73404255319149,167.71488469601678,52.3936170212766,69.88120195667365,54.14908579465541,0.16666666666666666,0.16666666666666666,0.6666666666666666,1.0,整形外科密度が相対的に高く、手術活動が相対的に低い
07999,福島県,浜通り地域,421046,16.86276558855802,69.8936170212766,0.0,19.44148936170213,0.0,14.01595744680851,,,0.1282051282051282,0.060897435897435896,0.8108974358974359,0.75,整形外科密度が相対的に高く、手術活動が相対的に低い
08201,茨城県,水戸市,266163,17.28264259119412,71.59574468085106,0.638706356631087,81.17021276595744,947.7275203540687,92.5531914893617,87.84090951785186,69.40928270042194,0.11467889908256881,0.05963302752293578,0.8256880733944955,1.0,手術活動が相対的に高く、一般病床が相対的に低い
08202,茨城県,日立市,160753,13.685592181794428,54.52127659574468,0.43545066032982277,69.09574468085107,682.6000136855921,85.47872340425532,72.59584580070046,56.75105485232067,0.14772727272727273,0.056818181818181816,0.7954545454545454,1.0,手術活動が相対的に高く、整形外科密度が相対的に低い
08203,茨城県,土浦市,139587,12.895183648907132,50.0,0.5014793641241663,73.67021276595744,799.7879458688845,89.52127659574468,90.05136581486813,70.67510548523207,0.08080808080808081,0.04040404040404041,0.8787878787878788,1.0,手術活動が相対的に高く、整形外科密度が相対的に低い
08204,茨城県,古河市,135568,11.064558007789449,39.8936170212766,0.29505488020771864,54.04255319148936,420.01062197568746,72.3404255319149,56.13419095951847,40.57665260196906,0.12307692307692308,0.046153846153846156,0.8307692307692308,1.0,手術活動が相対的に高く、整形外科密度が相対的に低い
08205,茨城県,石岡市,69003,14.492123530860976,58.51063829787234,0.4347637059258293,68.98936170212767,224.04822978711073,57.074468085106375,40.43302465110213,25.457102672292546,0.21052631578947367,0.10526315789473684,0.6842105263157895,1.0,MRI密度が相対的に高く、一般病床が相対的に低い
08207,茨城県,結城市,49231,10.156202392801283,33.670212765957444,0.40624809571205134,65.31914893617021,276.858077227763,61.861702127659576,53.421624586134755,38.326300984528835,0.07142857142857142,0.07142857142857142,0.8571428571428571,1.0,MRI密度が相対的に高く、整形外科密度が相対的に低い
08208,茨城県,龍ケ崎市,74345,14.795884054072232,60.31914893617021,0.2690160737104042,51.648936170212764,283.6774497276212,62.12765957446808,34.299549398076536,20.81575246132208,0.08108108108108109,0.05405405405405406,0.8648648648648649,1.0,手術活動が相対的に高く、一般病床が相対的に低い
08210,茨城県,下妻市,40855,14.686084934524539,59.62765957446808,0.24476808224207564,49.09574468085106,103.78166687064008,47.12765957446808,12.727940276587933,8.579465541490858,0.13043478260869565,0.043478260869565216,0.8260869565217391,1.0,整形外科密度が相対的に高く、一般病床が相対的に低い
08211,茨城県,常総市,58374,8.565457224106622,25.904255319148938,0.3426182889642649,59.04255319148937,109.46654332408264,47.6063829787234,40.428958097783266,25.386779184247537,0.18181818181818182,0.045454545454545456,0.7727272727272727,1.0,MRI密度が相対的に高く、一般病床が相対的に低い
08212,茨城県,常陸太田市,44239,18.08359140125229,74.7872340425532,0.4520897850313072,70.31914893617022,133.14044169171999,49.9468085106383,24.864938176721896,14.064697609001406,0.15789473684210525,0.2631578947368421,0.5789473684210527,1.0,整形外科密度が相対的に高く、一般病床が相対的に低い
08214,茨城県,高萩市,25222,15.85917056537943,65.31914893617021,0.7929585282689715,87.92553191489361,326.30243438268184,65.1595744680851,120.13321703274917,85.16174402250351,0.26666666666666666,0.06666666666666667,0.6666666666666666,1.0,MRI密度が相対的に高く、手術活動が相対的に低い
08215,茨城県,北茨城市,38946,7.702973347712217,21.861702127659573,0.2567657782570739,50.10638297872341,168.95188209315464,52.55319148936171,44.93401119498793,30.028129395218002,0.21428571428571427,0.07142857142857142,0.7142857142857143,1.0,手術活動が相対的に高く、整形外科密度が相対的に低い
08216,茨城県,笠間市,69809,14.32480052715266,57.765957446808514,0.4297440158145798,68.40425531914893,736.5812431061898,87.34042553191489,95.25992350556518,73.9803094233474,0.1282051282051282,0.02564102564102564,0.8461538461538461,1.0,手術活動が相対的に高く、整形外科密度が相対的に低い
08217,茨城県,取手市,101460,12.812931204415532,49.41489361702128,0.4928050463236744,73.19148936170212,463.2367435442539,74.8936170212766,82.49556475458309,65.26019690576652,0.13114754098360656,0.04918032786885246,0.819672131147541,1.0,手術活動が相対的に高く、整形外科密度が相対的に低い
08219,茨城県,牛久市,82316,9.718645220856212,30.744680851063833,0.364449195782108,61.223404255319146,560.4013800476214,80.26595744680851,90.74784974974489,71.30801687763713,0.038461538461538464,0.038461538461538464,0.9230769230769231,1.0,手術活動が相対的に高く、整形外科密度が相対的に低い
08220,茨城県,つくば市,255190,15.674595399506249,64.30851063829788,0.43105137348642186,68.56382978723404,1104.5887378032055,95.26595744680851,92.51929934558565,72.43319268635724,0.06091370558375635,0.04060913705583756,0.8984771573604061,1.0,手術活動が相対的に高く、整形外科密度が相対的に低い
08221,茨城県,ひたちなか市,154405,9.714711311162203,30.69148936170213,0.19429422622324408,44.57446808510638,245.45837246203166,58.88297872340426,28.69078073896571,16.244725738396625,0.058823529411764705,0.10588235294117647,0.8352941176470589,1.0,手術活動が相対的に高く、一般病床が相対的に低い
08222,茨城県,鹿嶋市,64249,6.225777833118025,17.872340425531917,0.46693333748385185,71.43617021276596,585.5344052047503,81.48936170212767,46.84897819421314,31.926863572433195,0.12121212121212122,0.12121212121212122,0.7575757575757576,1.0,手術活動が相対的に高く、整形外科密度が相対的に低い
08223,茨城県,潮来市,25753,7.7660855046014055,22.340425531914892,0.0,19.44148936170213,0.0,14.01595744680851,,,0.0,0.08333333333333333,0.9166666666666666,0.75,各指標が比較的均衡
08224,茨城県,守谷市,70289,11.381581755324445,41.702127659574465,0.42680931582466675,68.08510638297872,407.0338175247905,70.79787234042553,68.71629984777135,53.44585091420534,0.058823529411764705,0.0196078431372549,0.9215686274509803,1.0,手術活動が相対的に高く、整形外科密度が相対的に低い
08225,茨城県,常陸大宮市,36311,11.015945581228829,39.46808510638298,0.5507972790614415,77.34042553191489,113.18884084712622,47.92553191489362,75.45922723141747,59.07172995780591,0.1,0.05,0.85,1.0,MRI密度が相対的に高く、整形外科密度が相対的に低い
08226,茨城県,那珂市,52231,11.487430836093507,42.28723404255319,0.19145718060155847,44.41489361702128,50.353238498209876,41.48936170212766,28.527119909632212,16.033755274261605,0.13793103448275862,0.13793103448275862,0.7241379310344828,1.0,MRI密度が相対的に高く、一般病床が相対的に低い
08227,茨城県,筑西市,95963,13.546887863030541,53.45744680851063,0.41682731886247826,66.27659574468086,224.2530975480133,57.12765957446808,54.81279243041589,39.52180028129395,0.08955223880597014,0.05970149253731343,0.8507462686567164,1.0,MRI密度が相対的に高く、一般病床が相対的に低い
08228,茨城県,坂東市,49904,10.019236934915037,32.76595744680851,0.20038473869830073,45.1063829787234,21.64155177941648,36.48936170212766,27.6530939403655,15.611814345991561,0.1111111111111111,0.05555555555555555,0.8333333333333334,1.0,MRI密度が相対的に高く、一般病床が相対的に低い
08229,茨城県,稲敷市,35097,8.547739123001966,25.851063829787236,0.0,19.44148936170213,15.38593042140354,35.212765957446805,0.0,3.551336146272855,0.23076923076923078,0.07692307692307693,0.6923076923076923,1.0,手術活動が相対的に高く、一般病床が相対的に低い
08230,茨城県,かすみがうら市,38225,2.6160889470241986,15.425531914893616,0.0,19.44148936170213,0.0,14.01595744680851,,,0.0,0.06666666666666667,0.9333333333333333,0.75,各指標が比較的均衡
08231,茨城県,桜川市,35356,8.48512275144247,25.69148936170213,0.28283742504808235,53.138297872340424,232.2095259644756,57.92553191489361,22.62699400384659,13.431786216596342,0.125,0.0,0.875,1.0,手術活動が相対的に高く、一般病床が相対的に低い
08232,茨城県,神栖市,93290,11.791188766212885,44.04255319148936,0.42877050058955946,68.35106382978722,173.4376674884768,52.819148936170215,44.59213206131418,29.746835443037973,0.13157894736842105,0.02631578947368421,0.8421052631578947,1.0,MRI密度が相対的に高く、一般病床が相対的に低い
08233,茨城県,行方市,29644,10.120091755498583,33.40425531914894,0.3373363918499528,58.13829787234043,0.0,14.01595744680851,67.12994197814061,50.84388185654009,0.1111111111111111,0.1111111111111111,0.7777777777777778,1.0,MRI密度が相対的に高く、手術活動が相対的に低い
08234,茨城県,鉾田市,43854,11.401468509143978,41.86170212765957,0.22802937018287955,47.3936170212766,10.033292288046699,33.56382978723404,26.67943631139691,14.767932489451477,0.13333333333333333,0.0,0.8666666666666667,1.0,MRI密度が相対的に高く、一般病床が相対的に低い
08235,茨城県,つくばみらい市,51712,7.735148514851486,22.180851063829788,0.0,19.44148936170213,0.0,14.01595744680851,,,0.0,0.09523809523809523,0.9047619047619048,0.75,各指標が比較的均衡
08236,茨城県,小美玉市,46906,8.527693685242827,25.79787234042553,0.8527693685242826,89.73404255319149,99.77401611734106,46.75531914893617,41.146122031296635,26.09001406469761,0.3333333333333333,0.0,0.6666666666666666,1.0,MRI密度が相対的に高く、整形外科密度が相対的に低い
08302,茨城県,茨城町,29985,10.005002501250626,32.6063829787234,0.6670001667500417,82.6063829787234,1402.3678505919627,96.80851063829788,166.75004168751042,93.81153305203938,0.14285714285714285,0.14285714285714285,0.7142857142857143,1.0,手術活動が相対的に高く、整形外科密度が相対的に低い
08309,茨城県,大洗町,14610,6.844626967830253,19.30851063829787,0.6844626967830253,83.51063829787235,288.8432580424367,62.5531914893617,97.19370294318959,74.9648382559775,0.14285714285714285,0.0,0.8571428571428571,1.0,MRI密度が相対的に高く、整形外科密度が相対的に低い
08310,茨城県,城里町,16523,18.156509108515404,75.31914893617021,0.0,19.44148936170213,0.0,14.01595744680851,,,0.0,0.14285714285714285,0.8571428571428571,0.75,整形外科密度が相対的に高く、手術活動が相対的に低い
08341,茨城県,東海村,37526,10.659276235143633,37.07446808510638,0.5329638117571817,76.17021276595744,127.91131482172361,49.46808510638298,95.9334861162927,74.33192686357243,0.16666666666666666,0.08333333333333333,0.75,1.0,MRI密度が相対的に高く、整形外科密度が相対的に低い
08364,茨城県,大子町,13664,29.27400468384075,92.92553191489363,0.0,19.44148936170213,70.98946135831382,44.09574468085106,73.9168618266979,57.735583684950775,0.5,0.3333333333333333,0.16666666666666666,1.0,整形外科密度が相対的に高く、MRI密度が相対的に低い
08442,茨城県,美浦村,13594,14.712373105781962,59.787234042553195,0.7356186552890981,85.63829787234043,231.71987641606592,57.765957446808514,44.137119317345885,29.04360056258791,0.3333333333333333,0.0,0.6666666666666666,1.0,MRI密度が相対的に高く、一般病床が相対的に低い
08443,茨城県,阿見町,50257,9.94886284497682,32.340425531914896,0.5969317706986091,79.41489361702128,828.5412977296695,90.0,123.5648765346121,85.93530239099859,0.13043478260869565,0.08695652173913043,0.782608695652174,1.0,手術活動が相対的に高く、整形外科密度が相対的に低い
08447,茨城県,河内町,7404,0.0,7.659574468085106,0.0,19.44148936170213,0.0,14.01595744680851,,,,,,0.75,各指標が比較的均衡
08521,茨城県,八千代町,19946,5.01353654868144,16.75531914893617,0.0,19.44148936170213,0.0,14.01595744680851,0.0,3.551336146272855,0.25,0.0,0.75,1.0,各指標が比較的均衡
08542,茨城県,五霞町,7549,0.0,7.659574468085106,0.0,19.44148936170213,0.0,14.01595744680851,,,0.0,0.0,1.0,0.75,各指標が比較的均衡
08546,茨城県,境町,23551,16.984416797588214,70.42553191489361,0.8492208398794107,89.52127659574468,1151.1188484565412,95.69148936170212,151.16130949853508,91.77215189873418,0.09090909090909091,0.09090909090909091,0.8181818181818182,1.0,手術活動が相対的に高く、整形外科密度が相対的に低い
08564,茨城県,利根町,14233,7.025925665706457,19.73404255319149,0.0,19.44148936170213,0.0,14.01595744680851,,,0.0,0.0,1.0,0.75,各指標が比較的均衡
09201,栃木県,宇都宮市,505490,13.254465963718372,52.12765957446809,0.43522127045045406,69.04255319148936,534.6891135334032,79.04255319148936,43.6803893252092,28.41068917018284,0.08163265306122448,0.0663265306122449,0.8520408163265306,1.0,手術活動が相対的に高く、一般病床が相対的に低い
09202,栃木県,足利市,138002,13.043289227692354,50.744680851063826,0.36231358965812094,60.851063829787236,502.2390979840872,77.34042553191489,60.868683062564315,45.639943741209564,0.11,0.09,0.8,1.0,手術活動が相対的に高く、一般病床が相対的に低い
09203,栃木県,栃木市,149436,16.060387055328032,66.59574468085107,0.2676731175888006,51.54255319148936,204.56918011724082,55.47872340425531,6.223399983939613,7.383966244725738,0.05504587155963303,0.027522935779816515,0.9174311926605505,1.0,整形外科密度が相対的に高く、一般病床が相対的に低い
09204,栃木県,佐野市,112263,12.470716086332986,47.4468085106383,0.3563061738952282,60.265957446808514,409.66302343603854,71.27659574468085,43.469353215217836,28.270042194092827,0.047058823529411764,0.023529411764705882,0.9294117647058824,1.0,手術活動が相対的に高く、一般病床が相対的に低い
09205,栃木県,鹿沼市,89631,7.809797949370196,22.5,0.2231370842677199,46.91489361702128,244.89294998382258,58.829787234042556,,,0.057692307692307696,0.11538461538461539,0.8269230769230769,0.75,手術活動が相対的に高く、整形外科密度が相対的に低い
09206,栃木県,日光市,71148,12.649687974363298,48.29787234042553,0.42165626581210996,67.07446808510639,385.25327486366444,69.04255319148936,18.55287569573284,11.39240506329114,0.13043478260869565,0.06521739130434782,0.8043478260869565,1.0,手術活動が相対的に高く、一般病床が相対的に低い
09208,栃木県,小山市,166168,16.248615858649078,67.3936170212766,0.18054017620721197,43.56382978723404,272.5554860141544,61.43617021276596,31.173270425111934,18.213783403656823,0.08256880733944955,0.07339449541284404,0.8440366972477065,1.0,整形外科密度が相対的に高く、一般病床が相対的に低い
09209,栃木県,真岡市,75587,7.937872914654636,23.29787234042553,0.5291915276436424,75.74468085106383,512.125100877135,77.87234042553192,72.49923928717901,56.46976090014064,0.05357142857142857,0.05357142857142857,0.8928571428571429,1.0,手術活動が相対的に高く、整形外科密度が相対的に低い
09210,栃木県,大田原市,69328,14.42418647588276,58.29787234042553,0.4327255942764828,68.82978723404256,698.1306254327257,86.17021276595744,85.82390953150241,67.72151898734177,0.08888888888888889,0.1111111111111111,0.8,1.0,手術活動が相対的に高く、整形外科密度が相対的に低い
09211,栃木県,矢板市,29280,20.491803278688526,82.07446808510637,0.34153005464480873,58.829787234042556,286.2021857923497,62.34042553191489,52.93715846994535,37.69338959212377,0.16666666666666666,0.1111111111111111,0.7222222222222222,1.0,整形外科密度が相対的に高く、一般病床が相対的に低い
09213,栃木県,那須塩原市,113063,12.382477026082805,47.07446808510639,0.17689252894404006,42.97872340425532,183.96823010180165,53.56382978723404,54.83668397265241,39.59212376933896,0.09836065573770492,0.01639344262295082,0.8852459016393442,1.0,各指標が比較的均衡
09214,栃木県,さくら市,43748,6.857456340861296,19.361702127659576,0.22858187802870988,47.5531914893617,89.14693243119686,45.58510638297872,0.0,3.551336146272855,0.08333333333333333,0.041666666666666664,0.875,1.0,MRI密度が相対的に高く、一般病床が相対的に低い
09215,栃木県,那須烏山市,22419,13.381506757660912,52.819148936170215,0.4460502252553638,70.0,216.33435924885143,56.43617021276596,42.82082162451492,27.355836849507735,0.125,0.0,0.875,1.0,MRI密度が相対的に高く、一般病床が相対的に低い
09216,栃木県,下野市,58521,17.087882982177337,70.85106382978724,1.1961518087524137,94.9468085106383,2430.4095965550828,98.88297872340426,221.4589634490183,96.90576652601969,0.07017543859649122,0.08771929824561403,0.8421052631578947,1.0,手術活動が相対的に高く、整形外科密度が相対的に低い
09301,栃木県,上三川町,30018,9.994003597841296,32.4468085106383,0.666266906522753,82.5531914893617,392.76434139516294,69.68085106382979,12.659071223932306,8.509142053445851,0.07142857142857142,0.0,0.9285714285714286,1.0,MRI密度が相対的に高く、一般病床が相対的に低い
09342,栃木県,益子町,20319,4.921502042423348,16.595744680851062,0.0,19.44148936170213,0.0,14.01595744680851,,,0.1,0.1,0.8,0.75,各指標が比較的均衡
09343,栃木県,茂木町,10574,0.0,7.659574468085106,0.0,19.44148936170213,0.0,14.01595744680851,,,0.0,0.0,1.0,0.75,各指標が比較的均衡
09344,栃木県,市貝町,10662,9.379103357719002,29.04255319148936,0.0,19.44148936170213,60.02626148940161,42.87234042553191,31.888951416244605,18.49507735583685,0.2,0.0,0.8,1.0,手術活動が相対的に高く、一般病床が相対的に低い
09345,栃木県,芳賀町,14584,0.0,7.659574468085106,0.0,19.44148936170213,0.0,14.01595744680851,,,0.0,0.0,1.0,0.75,各指標が比較的均衡
09361,栃木県,壬生町,38627,10.3554508504414,34.680851063829785,1.5533176275662104,97.7127659574468,3357.7549382556244,99.68085106382979,298.4958707639734,98.87482419127988,0.029411764705882353,0.058823529411764705,0.9117647058823529,1.0,手術活動が相対的に高く、整形外科密度が相対的に低い
09364,栃木県,野木町,24141,12.426991425375917,47.28723404255319,0.41423304751253054,66.11702127659575,46.80833436891596,41.01063829787234,21.54011847065159,12.90436005625879,0.18181818181818182,0.0,0.8181818181818182,1.0,MRI密度が相対的に高く、一般病床が相対的に低い
09384,栃木県,塩谷町,9132,0.0,7.659574468085106,0.0,19.44148936170213,0.0,14.01595744680851,,,0.0,0.25,0.75,0.75,各指標が比較的均衡
09386,栃木県,高根沢町,28405,17.602534765006162,73.03191489361703,0.0,19.44148936170213,30.980461186410846,37.97872340425532,0.0,3.551336146272855,0.125,0.0625,0.8125,1.0,整形外科密度が相対的に高く、一般病床が相対的に低い
09407,栃木県,那須町,22816,4.38288920056101,16.170212765957448,0.0,19.44148936170213,0.0,14.01595744680851,,,0.125,0.125,0.75,0.75,各指標が比較的均衡
09411,栃木県,那珂川町,13371,0.0,7.659574468085106,0.747887218607434,86.27659574468085,0.747887218607434,28.56382978723404,0.0,3.551336146272855,0.16666666666666666,0.0,0.8333333333333334,1.0,MRI密度が相対的に高く、一般病床が相対的に低い
10201,群馬県,前橋市,324621,15.094525616026074,61.43617021276596,0.5236876234131495,75.2127659574468,944.9481087175506,92.5,93.15478665890376,72.85513361462729,0.06666666666666667,0.05,0.8833333333333333,1.0,手術活動が相対的に高く、整形外科密度が相対的に低い
10202,群馬県,高崎市,369221,15.708748960649585,64.62765957446808,0.297924549253699,54.20212765957447,428.8759306756658,73.19148936170212,63.26834064151281,48.31223628691983,0.07836990595611286,0.034482758620689655,0.8871473354231975,1.0,手術活動が相対的に高く、一般病床が相対的に低い
10203,群馬県,桐生市,97073,14.422135918329504,58.24468085106383,0.5150762827974823,74.62765957446808,305.1311899292285,63.829787234042556,72.52274061788552,56.61040787623066,0.09195402298850575,0.022988505747126436,0.8850574712643678,1.0,各指標が比較的均衡
10204,群馬県,伊勢崎市,210617,10.92029608246248,39.20212765957447,0.4273159336615753,68.19148936170212,432.77608170280655,73.40425531914893,68.22811074129818,52.320675105485236,0.072992700729927,0.06569343065693431,0.8613138686131386,1.0,手術活動が相対的に高く、整形外科密度が相対的に低い
10205,群馬県,太田市,221868,11.267961130041286,41.06382978723404,0.4507184452016514,70.26595744680851,504.48915571420844,77.4468085106383,64.31752213027566,49.15611814345991,0.08029197080291971,0.029197080291970802,0.8905109489051095,1.0,手術活動が相対的に高く、整形外科密度が相対的に低い
10206,群馬県,沼田市,41555,26.47094212489472,90.37234042553192,0.9625797136325351,92.02127659574468,791.240524605944,89.25531914893618,118.39730477680183,84.66947960618847,0.11764705882352941,0.08823529411764706,0.7941176470588235,1.0,各指標が比較的均衡
10207,群馬県,館林市,72820,13.732491073880801,54.840425531914896,0.41197473221642406,65.85106382978724,860.2032408678934,90.74468085106383,74.15545179895634,58.016877637130804,0.09259259259259259,0.037037037037037035,0.8703703703703703,1.0,手術活動が相対的に高く、整形外科密度が相対的に低い
10208,群馬県,渋川市,69602,12.930662911985287,50.10638297872341,0.7183701617769604,84.62765957446808,829.2865147553232,90.1063829787234,137.63972299646562,89.0295358649789,0.17647058823529413,0.058823529411764705,0.7647058823529411,1.0,手術活動が相対的に高く、整形外科密度が相対的に低い
10209,群馬県,藤岡市,59603,15.099911078301426,61.48936170212767,0.6711071590356189,82.97872340425532,635.7062563964901,83.77659574468085,118.61819035954566,84.73980309423348,0.125,0.0,0.875,1.0,一般病床が相対的に高く、整形外科密度が相対的に低い
10210,群馬県,富岡市,44056,13.619030325040857,53.93617021276596,0.22698383875068093,47.23404255319149,599.010350463047,82.18085106382979,92.38242237152714,72.36286919831224,0.08571428571428572,0.02857142857142857,0.8857142857142857,1.0,手術活動が相対的に高く、MRI密度が相対的に低い
10211,群馬県,安中市,51556,11.637830708355962,43.19148936170213,0.19396384513926604,44.46808510638298,63.42617736054,43.45744680851064,55.27969586469082,39.73277074542897,0.15625,0.0,0.84375,1.0,各指標が比較的均衡
10212,群馬県,みどり市,47266,10.578428468666694,36.43617021276596,0.42313713874666775,67.3936170212766,471.16320399441463,75.58510638297872,111.91977319849363,82.41912798874824,0.125,0.0625,0.8125,1.0,一般病床が相対的に高く、整形外科密度が相対的に低い
10344,群馬県,榛東村,14075,0.0,7.659574468085106,0.0,19.44148936170213,0.0,14.01595744680851,,,0.0,0.0,1.0,0.75,各指標が比較的均衡
10345,群馬県,吉岡町,22326,13.437248051599031,53.24468085106383,0.0,19.44148936170213,4.031174415479709,30.79787234042553,43.895010301890174,28.621659634317865,0.07142857142857142,0.0,0.9285714285714286,1.0,整形外科密度が相対的に高く、MRI密度が相対的に低い
10366,群馬県,上野村,990,0.0,7.659574468085106,0.0,19.44148936170213,0.0,14.01595744680851,,,0.0,0.0,1.0,0.75,各指標が比較的均衡
10367,群馬県,神流町,1361,0.0,7.659574468085106,0.0,19.44148936170213,0.0,14.01595744680851,,,0.0,0.0,1.0,0.75,各指標が比較的均衡
10382,群馬県,下仁田町,5633,35.50505947097461,95.90425531914893,0.0,19.44148936170213,193.50257411681164,54.30851063829787,85.21214273033907,67.08860759493672,0.25,0.0,0.75,1.0,整形外科密度が相対的に高く、MRI密度が相対的に低い
10383,群馬県,南牧村,1299,0.0,7.659574468085106,0.0,19.44148936170213,0.0,14.01595744680851,,,0.0,0.0,1.0,0.75,各指標が比較的均衡
10384,群馬県,甘楽町,11583,0.0,7.659574468085106,0.0,19.44148936170213,0.0,14.01595744680851,,,0.0,0.0,1.0,0.75,各指標が比較的均衡
10421,群馬県,中之条町,14060,35.56187766714083,96.01063829787235,0.0,19.44148936170213,17.780938833570413,35.74468085106383,49.786628733997155,34.88045007032349,0.23529411764705882,0.058823529411764705,0.7058823529411765,1.0,整形外科密度が相対的に高く、MRI密度が相対的に低い
10424,群馬県,長野原町,4641,43.09416074121956,97.3936170212766,2.154708037060978,99.30851063829788,118.5089420383538,48.24468085106383,159.4483947425124,93.10829817158931,0.3333333333333333,0.3333333333333333,0.3333333333333333,1.0,MRI密度が相対的に高く、手術活動が相対的に低い
10425,群馬県,嬬恋村,8146,0.0,7.659574468085106,0.0,19.44148936170213,0.0,14.01595744680851,,,0.0,0.0,1.0,0.75,各指標が比較的均衡
10426,群馬県,草津町,5572,35.89375448671931,96.11702127659575,0.0,19.44148936170213,0.0,14.01595744680851,708.9016511127064,100.0,0.5,0.0,0.5,1.0,一般病床が相対的に高く、手術活動が相対的に低い
10428,群馬県,高山村,3309,30.22061045633122,93.56382978723404,0.0,19.44148936170213,0.0,14.01595744680851,,,0.0,0.0,1.0,0.75,整形外科密度が相対的に高く、手術活動が相対的に低い
10429,群馬県,東吾妻町,11465,17.444395987788923,72.3404255319149,0.8722197993894462,90.05319148936171,629.7426951591801,83.51063829787235,142.17182730047972,89.66244725738397,0.14285714285714285,0.0,0.8571428571428571,1.0,各指標が比較的均衡
10443,群馬県,片品村,3558,28.10567734682406,92.18085106382978,0.0,19.44148936170213,0.0,14.01595744680851,,,0.0,0.0,1.0,0.75,整形外科密度が相対的に高く、手術活動が相対的に低い
10444,群馬県,川場村,3174,31.5059861373661,93.88297872340425,0.0,19.44148936170213,47.25897920604915,41.11702127659574,173.28292375551356,94.1631504922644,0.3333333333333333,0.0,0.6666666666666666,1.0,一般病床が相対的に高く、MRI密度が相対的に低い
10448,群馬県,昭和村,6630,0.0,7.659574468085106,0.0,19.44148936170213,0.0,14.01595744680851,,,0.0,0.0,1.0,0.75,各指標が比較的均衡
10449,群馬県,みなかみ町,15425,19.448946515397083,78.88297872340425,0.6482982171799028,81.59574468085107,126.41815235008104,49.255319148936174,46.677471636953,31.504922644163152,0.3333333333333333,0.0,0.6666666666666666,1.0,MRI密度が相対的に高く、一般病床が相対的に低い
10464,群馬県,玉村町,34934,11.4501631648251,42.07446808510638,0.2862540791206275,53.297872340425535,195.22528196026792,54.62765957446809,22.041564092288315,13.150492264416316,0.05555555555555555,0.05555555555555555,0.8888888888888888,1.0,手術活動が相対的に高く、一般病床が相対的に低い
10521,群馬県,板倉町,13023,15.357444521231669,62.60638297872341,0.0,19.44148936170213,0.0,14.01595744680851,,,0.0,0.0,1.0,0.75,整形外科密度が相対的に高く、手術活動が相対的に低い
10522,群馬県,明和町,10257,9.749439407234084,31.01063829787234,0.0,19.44148936170213,168.66530174514966,52.5,38.02281368821293,23.769338959212376,0.16666666666666666,0.0,0.8333333333333334,1.0,手術活動が相対的に高く、MRI密度が相対的に低い
10523,群馬県,千代田町,10441,9.577626664112634,30.0531914893617,0.0,19.44148936170213,0.0,14.01595744680851,,,0.0,0.0,1.0,0.75,各指標が比較的均衡
10524,群馬県,大泉町,41603,2.403672812056823,15.319148936170212,0.0,19.44148936170213,62.97622767588875,43.40425531914894,6.24954931134774,7.454289732770746,0.07142857142857142,0.0,0.9285714285714286,1.0,手術活動が相対的に高く、一般病床が相対的に低い
10525,群馬県,邑楽町,24510,4.079967360261118,15.957446808510639,0.40799673602611175,65.53191489361701,34.27172582619339,38.776595744680854,15.911872705018359,9.774964838255977,0.125,0.0,0.875,1.0,MRI密度が相対的に高く、一般病床が相対的に低い
11101,埼玉県,さいたま市西区,97959,11.229187721393645,40.85106382978723,0.20416704947988445,45.63829787234043,394.7569901693566,69.84042553191489,52.57301524107024,37.20112517580872,0.08163265306122448,0.02040816326530612,0.8979591836734694,1.0,手術活動が相対的に高く、一般病床が相対的に低い
11102,埼玉県,さいたま市北区,151850,9.878169245966415,31.968085106382976,0.2634178465591044,50.90425531914894,422.12709911096476,72.6063829787234,46.88837668752058,31.9971870604782,0.0297029702970297,0.019801980198019802,0.9504950495049505,1.0,手術活動が相対的に高く、整形外科密度が相対的に低い
11103,埼玉県,さいたま市大宮区,122264,17.993849375122686,74.57446808510639,0.40895112216187923,65.63829787234042,967.9873061571681,93.19148936170212,78.27324478178369,61.39240506329114,0.0273224043715847,0.03278688524590164,0.9398907103825137,1.0,手術活動が相対的に高く、一般病床が相対的に低い
11104,埼玉県,さいたま市見沼区,165778,7.238596194911267,20.26595744680851,0.06032163495759389,38.93617021276596,1.206432699151878,28.829787234042552,15.382016914186442,9.423347398030943,0.0449438202247191,0.011235955056179775,0.9438202247191011,1.0,MRI密度が相対的に高く、一般病床が相対的に低い
11105,埼玉県,さいたま市中央区,105127,12.365995415069392,46.96808510638298,0.5707382499262796,78.56382978723404,1400.496542277436,96.75531914893617,101.21091632026025,77.77777777777779,0.030927835051546393,0.010309278350515464,0.9587628865979382,1.0,手術活動が相対的に高く、整形外科密度が相対的に低い
11106,埼玉県,さいたま市桜区,98243,9.160958032633369,28.138297872340424,0.3053652677544456,54.8936170212766,273.0983377950592,61.648936170212764,34.40448683366754,20.88607594936709,0.06976744186046512,0.0,0.9302325581395349,1.0,手術活動が相対的に高く、一般病床が相対的に低い
11107,埼玉県,さいたま市浦和区,169225,14.182301669375091,57.12765957446808,0.17727877086718866,43.03191489361702,278.91859949771015,61.91489361702127,30.43285566553405,17.79184247538678,0.021505376344086023,0.026881720430107527,0.9516129032258065,1.0,手術活動が相対的に高く、一般病床が相対的に低い
11108,埼玉県,さいたま市南区,195804,6.639292353578068,18.829787234042552,0.051071479642908216,38.88297872340426,9.243937815366387,33.244680851063826,4.494290208575923,7.172995780590717,0.032520325203252036,0.016260162601626018,0.9512195121951219,1.0,MRI密度が相対的に高く、一般病床が相対的に低い
11109,埼玉県,さいたま市緑区,136678,7.316466439368443,20.69148936170213,0.36582332196842215,61.329787234042556,541.7843398352331,79.41489361702128,51.58108839754752,36.49789029535865,0.04054054054054054,0.013513513513513514,0.9459459459459459,1.0,手術活動が相対的に高く、整形外科密度が相対的に低い
11110,埼玉県,さいたま市岩槻区,110948,9.914554566103039,32.234042553191486,0.18026462847460073,43.40425531914894,235.51573710206583,58.13829787234043,41.280599920683564,26.300984528832632,0.10344827586206896,0.017241379310344827,0.8793103448275862,1.0,手術活動が相対的に高く、一般病床が相対的に低い
11201,埼玉県,川越市,355370,10.693080451360554,37.712765957446805,0.30953653938148973,55.1063829787234,557.7567042800462,80.1063829787234,65.56546697807919,50.07032348804501,0.11737089201877934,0.03755868544600939,0.8450704225352113,1.0,手術活動が相対的に高く、整形外科密度が相対的に低い
11202,埼玉県,熊谷市,188920,12.70378996400593,48.61702127659574,0.5293245818335803,75.79787234042553,497.2475121744654,77.02127659574468,67.75354647469828,51.68776371308017,0.09022556390977443,0.06766917293233082,0.8421052631578947,1.0,手術活動が相対的に高く、整形外科密度が相対的に低い
11203,埼玉県,川口市,602313,11.289811111498507,41.170212765957444,0.2656426143882002,51.06382978723404,383.48831919616543,68.88297872340425,45.04302580219919,30.09845288326301,0.06744868035190615,0.02932551319648094,0.9032258064516129,1.0,手術活動が相対的に高く、一般病床が相対的に低い
11206,埼玉県,行田市,74480,8.055853920515574,23.93617021276596,0.26852846401718583,51.59574468085106,464.4199785177229,75.0,73.84532760472611,57.66526019690576,0.06896551724137931,0.034482758620689655,0.896551724137931,1.0,手術活動が相対的に高く、整形外科密度が相対的に低い
11207,埼玉県,秩父市,55148,12.693116704141582,48.51063829787234,0.18133023863059403,43.670212765957444,176.61565242619858,52.97872340425533,57.48168564589831,42.19409282700422,0.07272727272727272,0.03636363636363636,0.8909090909090909,1.0,各指標が比較的均衡
11208,埼玉県,所沢市,339782,11.477947625242066,42.23404255319149,0.35316761923821743,59.94680851063829,526.6023509191187,78.56382978723404,67.98476670335685,51.82841068917018,0.10126582278481013,0.02531645569620253,0.8734177215189873,1.0,手術活動が相対的に高く、整形外科密度が相対的に低い
11209,埼玉県,飯能市,78885,7.606008746910059,21.70212765957447,0.5070672497940039,73.98936170212767,76.6939215313431,44.680851063829785,44.114850732078345,28.973277074542896,0.15555555555555556,0.06666666666666667,0.7777777777777778,1.0,MRI密度が相対的に高く、整形外科密度が相対的に低い
11210,埼玉県,加須市,109475,10.961406713861612,39.361702127659576,0.3653802237953871,61.27659574468085,364.10139301210324,67.5,50.9705412194565,36.0056258790436,0.1276595744680851,0.0425531914893617,0.8297872340425532,1.0,手術活動が相対的に高く、一般病床が相対的に低い
11211,埼玉県,本庄市,76871,14.309687658544835,57.71276595744681,0.910616487361944,90.90425531914894,263.6885171260944,60.79787234042553,57.62901484304875,42.33473980309424,0.2,0.09090909090909091,0.7090909090909091,1.0,MRI密度が相対的に高く、一般病床が相対的に低い
11212,埼玉県,東松山市,90946,14.294196556198182,57.659574468085104,0.43982143249840566,69.46808510638299,354.60602995183956,66.70212765957447,45.96133969608339,30.872011251758085,0.1111111111111111,0.031746031746031744,0.8571428571428571,1.0,MRI密度が相対的に高く、一般病床が相対的に低い
11214,埼玉県,春日部市,223590,12.970168612191959,50.26595744680851,0.2236235967619303,47.02127659574468,515.3629410975445,77.92553191489363,68.20519701238875,52.25035161744023,0.1,0.05384615384615385,0.8461538461538461,1.0,手術活動が相対的に高く、MRI密度が相対的に低い
11215,埼玉県,狭山市,143489,9.756845472475243,31.117021276595747,0.3484587668741158,59.41489361702128,599.6975377903533,82.23404255319149,58.680456341601094,43.17862165963432,0.12,0.05333333333333334,0.8266666666666667,1.0,手術活動が相対的に高く、整形外科密度が相対的に低い
11216,埼玉県,羽生市,51044,7.836376459525116,22.606382978723406,0.3918188229762558,63.776595744680854,662.5656296528485,84.7872340425532,85.41650340882376,67.44022503516175,0.0967741935483871,0.0967741935483871,0.8064516129032258,1.0,手術活動が相対的に高く、整形外科密度が相対的に低い
11217,埼玉県,鴻巣市,113935,13.165401325317069,51.48936170212765,0.26330802650634133,50.851063829787236,58.54215122657656,42.659574468085104,26.330802650634133,14.627285513361462,0.06666666666666667,0.06666666666666667,0.8666666666666667,1.0,整形外科密度が相対的に高く、一般病床が相対的に低い
11218,埼玉県,深谷市,137365,8.007862264769047,23.670212765957448,0.29119499144614713,53.72340425531915,434.535725985513,73.67021276595744,60.27736322935246,45.077355836849506,0.10465116279069768,0.06976744186046512,0.8255813953488372,1.0,手術活動が相対的に高く、整形外科密度が相対的に低い
11219,埼玉県,上尾市,225590,7.979077086750299,23.617021276595747,0.2216410301875083,46.808510638297875,546.1234983820204,79.52127659574468,40.42732390620152,25.31645569620253,0.043859649122807015,0.07894736842105263,0.8771929824561403,1.0,手術活動が相対的に高く、整形外科密度が相対的に低い
11221,埼玉県,草加市,247233,10.11191871635259,33.297872340425535,0.2022383743270518,45.21276595744681,253.6878167558538,59.73404255319149,26.9381514603633,15.260196905766527,0.046511627906976744,0.06201550387596899,0.8914728682170543,1.0,手術活動が相対的に高く、一般病床が相対的に低い
11222,埼玉県,越谷市,344085,11.043782786230148,39.57446808510638,0.20343810395687112,45.58510638297872,619.8177775840272,82.97872340425532,64.14112791897351,48.80450070323488,0.07729468599033816,0.057971014492753624,0.8647342995169082,1.0,手術活動が相対的に高く、整形外科密度が相対的に低い
11223,埼玉県,蕨市,74649,12.056424064622433,45.37234042553192,0.1339602673846937,40.58510638297872,92.16466396066927,45.797872340425535,17.41483476001018,10.548523206751055,0.0425531914893617,0.0,0.9574468085106383,1.0,手術活動が相対的に高く、一般病床が相対的に低い
11224,埼玉県,戸田市,145357,12.383304553616268,47.12765957446808,0.13759227281795855,40.85106382978723,438.9881464256967,73.72340425531915,47.40053798578672,32.63009845288326,0.06666666666666667,0.022222222222222223,0.9111111111111111,1.0,手術活動が相対的に高く、一般病床が相対的に低い
11225,埼玉県,入間市,142042,9.856239703749594,31.861702127659576,0.4224102730178398,67.2872340425532,164.81040818912714,52.18085106382979,35.13045437265034,21.37834036568214,0.13636363636363635,0.07575757575757576,0.7878787878787878,1.0,MRI密度が相対的に高く、一般病床が相対的に低い
11227,埼玉県,朝霞市,143941,10.42093635586803,35.0,0.27789163615648077,52.55319148936171,412.7385526014131,71.59574468085106,44.3931888759978,29.324894514767934,0.05263157894736842,0.05263157894736842,0.8947368421052632,1.0,手術活動が相対的に高く、一般病床が相対的に低い
11228,埼玉県,志木市,76666,7.826155010043565,22.5531914893617,0.0,19.44148936170213,27.913286202488717,37.712765957446805,13.043591683405943,8.720112517580873,0.05405405405405406,0.02702702702702703,0.918918918918919,1.0,手術活動が相対的に高く、一般病床が相対的に低い
11229,埼玉県,和光市,85639,12.84461518700592,49.52127659574468,0.2335384579455622,47.87234042553192,904.0273707072712,91.59574468085107,69.71122969675031,54.07876230661041,0.12195121951219512,0.0,0.8780487804878049,1.0,手術活動が相対的に高く、MRI密度が相対的に低い
11230,埼玉県,新座市,167343,6.573325445342799,18.72340425531915,0.1792725121457127,43.29787234042553,246.26067418416068,58.98936170212766,47.507215718613864,32.70042194092827,0.08333333333333333,0.027777777777777776,0.8888888888888888,1.0,手術活動が相対的に高く、整形外科密度が相対的に低い
11231,埼玉県,桶川市,73780,9.487666034155598,29.627659574468083,0.13553808620222282,40.74468085106383,73.19056654920033,44.20212765957447,16.80672268907563,10.337552742616033,0.046511627906976744,0.046511627906976744,0.9069767441860465,1.0,手術活動が相対的に高く、一般病床が相対的に低い
11232,埼玉県,久喜市,146973,9.525559116300272,29.840425531914892,0.544317663788587,76.96808510638297,348.4993842406428,66.48936170212765,50.48546331639144,35.44303797468354,0.0875,0.0625,0.85,1.0,MRI密度が相対的に高く、整形外科密度が相対的に低い
11233,埼玉県,北本市,62926,15.89168229348759,65.53191489361701,0.4767504688046277,72.2872340425532,577.9804850141436,81.06382978723404,53.07821886024855,37.9746835443038,0.046511627906976744,0.06976744186046512,0.8837209302325582,1.0,手術活動が相対的に高く、一般病床が相対的に低い
11234,埼玉県,八潮市,93550,10.689470871191876,37.5,0.10689470871191876,39.494680851063826,182.57616247995725,53.45744680851063,33.137359700694816,19.760900140646974,0.08695652173913043,0.0,0.9130434782608695,1.0,手術活動が相対的に高く、一般病床が相対的に低い
11235,埼玉県,富士見市,112710,9.759559932570314,31.22340425531915,0.2661698163428267,51.11702127659574,407.9496051814391,71.06382978723404,58.202466506964775,42.616033755274266,0.07462686567164178,0.05970149253731343,0.8656716417910447,1.0,手術活動が相対的に高く、整形外科密度が相対的に低い
11237,埼玉県,三郷市,142488,9.123575318623322,27.925531914893615,0.21054404581438438,46.27659574468085,518.0787154005951,78.08510638297872,71.86570097130986,55.9774964838256,0.07692307692307693,0.03076923076923077,0.8923076923076924,1.0,手術活動が相対的に高く、整形外科密度が相対的に低い
11238,埼玉県,蓮田市,60028,11.661224761777838,43.40425531914894,0.33317785033650965,57.87234042553191,357.6664223362431,66.96808510638299,122.10968214833078,85.79465541490859,0.12121212121212122,0.12121212121212122,0.7575757575757576,1.0,一般病床が相対的に高く、整形外科密度が相対的に低い
11239,埼玉県,坂戸市,98595,9.128251939753536,27.97872340425532,0.20285004310563415,45.42553191489362,98.07799584157412,46.59574468085106,23.936305086464827,13.71308016877637,0.07936507936507936,0.031746031746031744,0.8888888888888888,1.0,手術活動が相対的に高く、一般病床が相対的に低い
11240,埼玉県,幸手市,47901,8.350556355817206,24.9468085106383,0.4175278177908603,66.54255319148936,448.8424041251748,74.20212765957447,54.696144130602704,39.45147679324894,0.18518518518518517,0.07407407407407407,0.7407407407407407,1.0,手術活動が相対的に高く、整形外科密度が相対的に低い
11241,埼玉県,鶴ヶ島市,69050,5.792903692976104,17.340425531914892,0.14482259232440262,41.43617021276596,253.00506879073134,59.680851063829785,33.1643736422882,19.831223628691983,0.05405405405405406,0.05405405405405406,0.8918918918918919,1.0,手術活動が相対的に高く、整形外科密度が相対的に低い
11242,埼玉県,日高市,53462,13.09341214320452,50.90425531914894,1.1222924694175302,94.30851063829788,1871.4226927537318,98.13829787234043,175.26467397403763,94.37412095639944,0.15,0.1,0.75,1.0,手術活動が相対的に高く、整形外科密度が相対的に低い
11243,埼玉県,吉川市,74158,12.13624962917015,45.63829787234043,0.13484721810189057,40.638297872340424,150.2198009655061,51.06382978723404,32.63302678065752,19.33895921237693,0.05405405405405406,0.05405405405405406,0.8918918918918919,1.0,手術活動が相対的に高く、一般病床が相対的に低い
11245,埼玉県,ふじみ野市,112062,11.600721029430137,42.97872340425532,0.1784726312220021,43.24468085106383,151.25555496064678,51.22340425531915,37.657725187842445,23.347398030942333,0.04225352112676056,0.028169014084507043,0.9295774647887324,1.0,手術活動が相対的に高く、一般病床が相対的に低い
11246,埼玉県,白岡市,52451,9.532706716745153,29.893617021276597,0.19065413433490305,44.361702127659576,406.66526853634826,70.69148936170212,65.96633047987645,50.492264416315045,0.13793103448275862,0.0,0.8620689655172413,1.0,手術活動が相対的に高く、整形外科密度が相対的に低い
11301,埼玉県,伊奈町,45588,13.161358252171624,51.43617021276595,0.8774238834781083,90.26595744680851,1140.4316925506712,95.58510638297872,141.26524523997543,89.52180028129395,0.25,0.0,0.75,1.0,手術活動が相対的に高く、整形外科密度が相対的に低い
11324,埼玉県,三芳町,37170,13.451708366962604,53.297872340425535,1.0761366693570085,93.61702127659575,791.2294861447403,89.20212765957447,121.06537530266344,85.51336146272855,0.38461538461538464,0.0,0.6153846153846154,1.0,MRI密度が相対的に高く、整形外科密度が相対的に低い
11326,埼玉県,毛呂山町,33936,8.84016973125884,26.75531914893617,1.1786892975011787,94.84042553191489,2953.2060348892032,99.52127659574468,359.50023573785944,99.50773558368495,0.2,0.0,0.8,1.0,手術活動が相対的に高く、整形外科密度が相対的に低い
11327,埼玉県,越生町,10279,9.728572818367546,30.79787234042553,0.0,19.44148936170213,0.0,14.01595744680851,,,0.0,0.0,1.0,0.75,各指標が比較的均衡
11341,埼玉県,滑川町,19998,0.0,7.659574468085106,0.0,19.44148936170213,0.0,14.01595744680851,0.0,3.551336146272855,0.16666666666666666,0.0,0.8333333333333334,1.0,各指標が比較的均衡
11342,埼玉県,嵐山町,17184,17.45810055865922,72.44680851063829,0.0,19.44148936170213,1.1638733705772812,28.77659574468085,,,0.1111111111111111,0.1111111111111111,0.7777777777777778,0.75,整形外科密度が相対的に高く、MRI密度が相対的に低い
11343,埼玉県,小川町,26221,15.254948323862553,62.18085106382979,0.3813737080965638,62.65957446808511,479.00537736928413,75.74468085106383,124.70920254757637,86.21659634317862,0.13043478260869565,0.043478260869565216,0.8260869565217391,1.0,一般病床が相対的に高く、整形外科密度が相対的に低い
11346,埼玉県,川島町,18154,11.016855789357717,39.52127659574468,0.0,19.44148936170213,13.22022694722926,34.52127659574468,0.0,3.551336146272855,0.09090909090909091,0.0,0.9090909090909091,1.0,整形外科密度が相対的に高く、一般病床が相対的に低い
11347,埼玉県,吉見町,16857,0.0,7.659574468085106,0.0,19.44148936170213,0.0,14.01595744680851,,,0.0,0.0,1.0,0.75,各指標が比較的均衡
11348,埼玉県,鳩山町,12597,7.938398031277289,23.351063829787233,0.0,19.44148936170213,5.556878621894102,31.382978723404253,0.0,3.551336146272855,0.2,0.0,0.8,1.0,手術活動が相対的に高く、一般病床が相対的に低い
11349,埼玉県,ときがわ町,9729,0.0,7.659574468085106,0.0,19.44148936170213,0.0,14.01595744680851,,,0.0,0.0,1.0,0.75,各指標が比較的均衡
11361,埼玉県,横瀬町,7422,0.0,7.659574468085106,0.0,19.44148936170213,0.0,14.01595744680851,,,0.0,0.0,1.0,0.75,各指標が比較的均衡
11362,埼玉県,皆野町,8550,23.391812865497077,86.75531914893617,2.339181286549708,99.52127659574468,497.07602339181284,76.88829787234043,70.17543859649123,54.641350210970465,0.3333333333333333,0.0,0.6666666666666666,1.0,MRI密度が相対的に高く、一般病床が相対的に低い
11363,埼玉県,長瀞町,6269,15.95150741745095,65.79787234042553,0.0,19.44148936170213,0.0,14.01595744680851,,,0.0,0.5,0.5,0.75,整形外科密度が相対的に高く、手術活動が相対的に低い
11365,埼玉県,小鹿野町,9714,10.29442042413012,34.41489361702128,0.0,19.44148936170213,187.35845171916822,53.829787234042556,97.79699402923616,75.38677918424754,0.125,0.0,0.875,1.0,一般病床が相対的に高く、MRI密度が相対的に低い
11369,埼玉県,東秩父村,2379,0.0,7.659574468085106,0.0,19.44148936170213,0.0,14.01595744680851,,,,,,0.75,各指標が比較的均衡
11381,埼玉県,美里町,10682,18.72308556450103,77.34042553191489,0.0,19.44148936170213,0.0,14.01595744680851,,,0.0,0.0,1.0,0.75,整形外科密度が相対的に高く、手術活動が相対的に低い
11383,埼玉県,神川町,12755,7.840062720501764,22.68617021276596,0.0,19.44148936170213,0.0,14.01595744680851,,,0.0,0.0,1.0,0.75,各指標が比較的均衡
11385,埼玉県,上里町,29543,10.154689774227398,33.61702127659574,0.0,19.44148936170213,0.0,14.01595744680851,,,0.0,0.0,1.0,0.75,各指標が比較的均衡
11408,埼玉県,寄居町,30579,16.351090617744205,67.97872340425532,0.3270218123548841,57.074468085106375,63.76925340920239,43.51063829787234,45.456031917328886,30.37974683544304,0.1111111111111111,0.0,0.8888888888888888,1.0,整形外科密度が相対的に高く、一般病床が相対的に低い
11442,埼玉県,宮代町,33576,11.913271384322135,44.840425531914896,0.0,19.44148936170213,0.0,14.01595744680851,,,0.0,0.1,0.9,0.75,整形外科密度が相対的に高く、手術活動が相対的に低い
11464,埼玉県,杉戸町,42121,11.870563376937868,44.680851063829785,0.0,19.44148936170213,0.23741126753875738,28.191489361702125,0.0,3.551336146272855,0.0625,0.0625,0.875,1.0,整形外科密度が相対的に高く、一般病床が相対的に低い
11465,埼玉県,松伏町,26940,7.423904974016333,21.117021276595747,0.0,19.44148936170213,59.76243504083148,42.819148936170215,80.17817371937639,62.9395218002813,0.2727272727272727,0.0,0.7272727272727273,1.0,一般病床が相対的に高く、MRI密度が相対的に低い
12101,千葉県,千葉市中央区,215052,17.67014489518814,73.45744680851064,0.8370068634562804,89.25531914893618,1422.8651674943735,96.91489361702128,150.47523389691796,91.42053445850914,0.095,0.025,0.88,1.0,手術活動が相対的に高く、整形外科密度が相対的に低い
12102,千葉県,千葉市花見川区,173660,10.365081193136012,34.840425531914896,0.17275135321893356,42.712765957446805,122.59587700103651,48.67021276595745,28.44638949671772,15.963431786216598,0.038461538461538464,0.057692307692307696,0.9038461538461539,1.0,手術活動が相対的に高く、一般病床が相対的に低い
12103,千葉県,千葉市稲毛区,161337,11.15677123040592,40.42553191489361,0.557838561520296,77.97872340425532,150.7403757352622,51.11702127659574,35.57770381251666,21.80028129395218,0.0625,0.052083333333333336,0.8854166666666666,1.0,MRI密度が相対的に高く、一般病床が相対的に低い
12104,千葉県,千葉市若葉区,143951,11.809574091183805,44.148936170212764,0.20840424866794952,46.01063829787234,369.9870094684997,67.87234042553192,51.47584942098353,36.28691983122363,0.08571428571428572,0.04285714285714286,0.8714285714285714,1.0,手術活動が相対的に高く、一般病床が相対的に低い
12105,千葉県,千葉市緑区,128669,13.212195633757938,51.91489361702127,0.4663127870738095,71.38297872340425,238.1303965990254,58.24468085106383,56.89016002300477,41.20956399437412,0.08536585365853659,0.06097560975609756,0.8536585365853658,1.0,MRI密度が相対的に高く、一般病床が相対的に低い
12106,千葉県,千葉市美浜区,148312,11.462322671125735,42.18085106382979,0.20227628243163062,45.31914893617021,360.2540590107341,67.2872340425532,35.263498570580936,21.58931082981716,0.049019607843137254,0.0196078431372549,0.9313725490196079,1.0,手術活動が相対的に高く、一般病床が相対的に低い
12202,千葉県,銚子市,53079,9.419921249458355,29.25531914893617,0.3767968499783341,62.287234042553195,309.7270106821907,64.20212765957447,53.881949546901794,38.748241912798875,0.125,0.0,0.875,1.0,手術活動が相対的に高く、整形外科密度が相対的に低い
12203,千葉県,市川市,498861,8.419178889510304,25.425531914893618,0.14031964815850506,41.170212765957444,125.46581111772618,48.98936170212766,33.75689821413179,20.464135021097047,0.039603960396039604,0.0429042904290429,0.9174917491749175,1.0,手術活動が相対的に高く、一般病床が相対的に低い
12204,千葉県,船橋市,654810,8.09395091705991,24.095744680851062,0.1985308715505261,44.8936170212766,343.93182755303064,66.06382978723404,35.689742062583036,21.940928270042196,0.060941828254847646,0.019390581717451522,0.9196675900277008,1.0,手術活動が相対的に高く、一般病床が相対的に低い
12205,千葉県,館山市,42440,21.206409048067858,83.56382978723404,0.471253534401508,72.02127659574468,378.8878416588124,68.51063829787233,69.98114985862394,54.289732770745424,0.11904761904761904,0.14285714285714285,0.7380952380952381,1.0,整形外科密度が相対的に高く、一般病床が相対的に低い
12206,千葉県,木更津市,137970,12.32151917083424,46.75531914893617,0.36239762267159525,60.90425531914894,707.3276799304197,86.43617021276596,76.03102123650069,59.56399437412095,0.12222222222222222,0.07777777777777778,0.8,1.0,手術活動が相対的に高く、整形外科密度が相対的に低い
12207,千葉県,松戸市,498909,11.62536654981169,43.138297872340424,0.2605685605992275,50.42553191489362,551.9643862908868,79.8936170212766,49.94898869332884,35.091420534458514,0.06428571428571428,0.02142857142857143,0.9142857142857143,1.0,手術活動が相対的に高く、一般病床が相対的に低い
12208,千葉県,野田市,150572,9.962011529368011,32.3936170212766,0.3320670509789337,57.659574468085104,174.86650904550646,52.87234042553192,46.95428100842122,32.278481012658226,0.12307692307692308,0.046153846153846156,0.8307692307692308,1.0,MRI密度が相対的に高く、一般病床が相対的に低い
12210,千葉県,茂原市,83718,10.75037626316921,38.03191489361702,0.23889725029264916,48.51063829787234,131.39348766095702,49.8936170212766,55.4241620678946,39.943741209563996,0.14035087719298245,0.07017543859649122,0.7894736842105263,1.0,各指標が比較的均衡
12211,千葉県,成田市,134387,9.673554733716804,30.47872340425532,0.5208837164309047,75.05319148936171,1066.0257316555917,94.52127659574468,101.20026490657578,77.70745428973277,0.07692307692307693,0.05128205128205128,0.8717948717948718,1.0,手術活動が相対的に高く、整形外科密度が相対的に低い
12212,千葉県,佐倉市,165235,11.49877447272067,42.340425531914896,0.3631191938753896,61.01063829787235,755.7115623203317,87.97872340425532,62.27494174962931,47.04641350210971,0.05454545454545454,0.08181818181818182,0.8636363636363636,1.0,手術活動が相対的に高く、整形外科密度が相対的に低い
12213,千葉県,東金市,56505,8.848774444739403,26.80851063829787,0.5309264666843643,76.01063829787233,592.5139368197505,81.59574468085107,64.59605344659765,49.29676511954993,0.0625,0.03125,0.90625,1.0,手術活動が相対的に高く、整形外科密度が相対的に低い
12215,千葉県,旭市,61028,4.915776364947238,16.54255319148936,0.49157763649472375,73.13829787234043,1672.510978567215,97.87234042553192,125.02457888182474,86.49789029535864,0.14705882352941177,0.029411764705882353,0.8235294117647058,1.0,手術活動が相対的に高く、整形外科密度が相対的に低い
12216,千葉県,習志野市,178762,8.391045076694152,25.265957446808514,0.3915821035790604,63.670212765957444,511.1824660722077,77.81914893617021,71.99516675803582,56.18846694796061,0.056074766355140186,0.018691588785046728,0.9252336448598131,1.0,手術活動が相対的に高く、整形外科密度が相対的に低い
12217,千葉県,柏市,435045,9.654173706168327,30.319148936170215,0.41375030169292837,66.06382978723404,770.2651449850016,88.67021276595744,80.12964176119712,62.728551336146275,0.07169811320754717,0.01509433962264151,0.9132075471698113,1.0,手術活動が相対的に高く、整形外科密度が相対的に低い
12218,千葉県,勝浦市,15238,13.1250820317627,51.01063829787233,0.656254101588135,82.02127659574468,561.0972568578554,80.31914893617021,162.09476309226932,93.53023909985936,0.125,0.125,0.75,1.0,一般病床が相対的に高く、整形外科密度が相対的に低い
12219,千葉県,市原市,260022,12.306650975686672,46.59574468085106,0.3845828429902085,62.87234042553192,452.2694233564852,74.62765957446808,60.61025605525686,45.49929676511955,0.09352517985611511,0.06474820143884892,0.841726618705036,1.0,手術活動が相対的に高く、一般病床が相対的に低い
12220,千葉県,流山市,217368,5.5205918074417575,17.074468085106385,0.13801479518604395,40.95744680851064,196.2110338228258,54.78723404255319,40.20831033086747,25.105485232067508,0.04285714285714286,0.02857142857142857,0.9285714285714286,1.0,手術活動が相対的に高く、整形外科密度が相対的に低い
12221,千葉県,八千代市,201996,10.891304778312442,39.04255319148936,0.2475296540525555,49.41489361702128,259.85663082437276,60.37234042553191,40.792886987861145,25.80872011251758,0.07462686567164178,0.04477611940298507,0.8805970149253731,1.0,手術活動が相対的に高く、一般病床が相対的に低い
12222,千葉県,我孫子市,128176,11.702658844089378,43.56382978723404,0.39008862813631257,63.51063829787233,410.2952190737735,71.43617021276596,49.61927349893896,34.52883263009846,0.08695652173913043,0.014492753623188406,0.8985507246376812,1.0,手術活動が相対的に高く、一般病床が相対的に低い
12223,千葉県,鴨川市,29748,26.89256420599704,90.74468085106383,0.672314105149926,83.08510638297872,4273.90076643808,99.94680851063829,328.42544036573884,99.29676511954993,0.35294117647058826,0.058823529411764705,0.5882352941176471,1.0,各指標が比較的均衡
12224,千葉県,鎌ケ谷市,108882,14.69480722249775,59.680851063829785,0.36737018056244375,61.48936170212767,69.80033430686431,43.98936170212766,51.52366782388273,36.35724331926863,0.07042253521126761,0.014084507042253521,0.9154929577464789,1.0,MRI密度が相対的に高く、一般病床が相対的に低い
12225,千葉県,君津市,77472,9.035522511358943,27.5531914893617,0.12907889301941347,40.42553191489361,150.89322593969436,51.170212765957444,24.26683188764973,13.783403656821378,0.09302325581395349,0.046511627906976744,0.8604651162790697,1.0,手術活動が相対的に高く、一般病床が相対的に低い
12226,千葉県,富津市,38765,23.216819295756483,86.48936170212767,0.0,19.44148936170213,27.08628917838256,37.659574468085104,29.15000644911647,16.736990154711673,0.16666666666666666,0.05555555555555555,0.7777777777777778,1.0,整形外科密度が相対的に高く、一般病床が相対的に低い
12227,千葉県,浦安市,172942,9.251656624764372,28.45744680851064,0.34693712342866395,59.308510638297875,947.7743983532051,92.6063829787234,77.13568710897295,60.40787623066104,0.05504587155963303,0.027522935779816515,0.9174311926605505,1.0,手術活動が相対的に高く、整形外科密度が相対的に低い
12228,千葉県,四街道市,95373,8.38811823052646,25.21276595744681,0.31455443364474217,55.85106382978723,234.6576074989777,58.03191489361702,70.46019313642226,55.06329113924051,0.08163265306122448,0.02040816326530612,0.8979591836734694,1.0,手術活動が相対的に高く、整形外科密度が相対的に低い
12229,千葉県,袖ケ浦市,65953,9.097387533546616,27.76595744680851,0.15162312555911028,41.808510638297875,73.6888390217276,44.30851063829787,28.960016981790066,16.59634317862166,0.03225806451612903,0.06451612903225806,0.9032258064516129,1.0,手術活動が相対的に高く、一般病床が相対的に低い
12230,千葉県,八街市,64061,9.366072961708372,28.882978723404257,0.15610121602847285,42.12765957446808,33.71786266215014,38.670212765957444,15.141817954761867,9.353023909985936,0.18181818181818182,0.0,0.8181818181818182,1.0,MRI密度が相対的に高く、一般病床が相対的に低い
12231,千葉県,印西市,109538,10.04217714400482,32.87234042553192,0.2738775584728587,52.07446808510638,680.311855246581,85.26595744680851,63.35700852672132,48.38255977496484,0.047619047619047616,0.015873015873015872,0.9365079365079365,1.0,手術活動が相対的に高く、整形外科密度が相対的に低い
12232,千葉県,白井市,62102,9.661524588580079,30.425531914893618,0.4830762294290039,72.6063829787234,306.9144310972272,63.98936170212765,65.8593926121542,50.42194092827004,0.11538461538461539,0.0,0.8846153846153846,1.0,MRI密度が相対的に高く、整形外科密度が相対的に低い
12233,千葉県,富里市,48872,10.230807006056638,34.14893617021277,0.20461614012113274,45.691489361702125,419.258471108201,72.18085106382979,84.71108201014896,66.52601969057666,0.07142857142857142,0.03571428571428571,0.8928571428571429,1.0,手術活動が相対的に高く、整形外科密度が相対的に低い
12234,千葉県,南房総市,32286,15.48658861426005,63.244680851063826,0.0,19.44148936170213,17.96444279254166,35.79787234042553,20.75202874310847,12.306610407876232,0.16666666666666666,0.05555555555555555,0.7777777777777778,1.0,整形外科密度が相対的に高く、一般病床が相対的に低い
12235,千葉県,匝瑳市,32544,18.436578171091444,76.38297872340426,0.30727630285152413,55.053191489361694,69.13716814159292,43.776595744680854,47.627826941986235,32.9817158931083,0.12,0.12,0.76,1.0,整形外科密度が相対的に高く、一般病床が相対的に低い
12236,千葉県,香取市,66487,21.056747935686676,83.24468085106383,0.3008106847955239,54.57446808510639,447.6062989757396,74.09574468085106,66.77997202460631,50.773558368495074,0.10416666666666667,0.10416666666666667,0.7916666666666666,1.0,整形外科密度が相対的に高く、一般病床が相対的に低い
12237,千葉県,山武市,45111,8.867016913834764,26.96808510638298,0.22167542284586908,46.861702127659576,357.78413247323266,67.02127659574468,44.113409146327946,28.902953586497894,0.047619047619047616,0.0,0.9523809523809523,1.0,手術活動が相対的に高く、整形外科密度が相対的に低い
12238,千葉県,いすみ市,32240,12.40694789081886,47.180851063829785,0.31017369727047145,55.212765957446805,57.69230769230769,42.3936170212766,28.535980148883375,16.10407876230661,0.125,0.0625,0.8125,1.0,MRI密度が相対的に高く、一般病床が相対的に低い
12239,千葉県,大網白里市,46941,12.782002939860677,49.09574468085106,0.42606676466202253,67.87234042553192,78.82235146247416,45.0,21.090304850770117,12.58790436005626,0.0625,0.03125,0.90625,1.0,MRI密度が相対的に高く、一般病床が相対的に低い
12322,千葉県,酒々井町,20112,14.916467780429596,60.744680851063826,0.4972155926809865,73.40425531914893,29.832935560859188,37.81914893617021,0.0,3.551336146272855,0.125,0.0,0.875,1.0,MRI密度が相対的に高く、一般病床が相対的に低い
12329,千葉県,栄町,18927,15.850372483753368,65.2127659574468,0.0,19.44148936170213,93.51719765414487,46.11702127659574,33.81412796534052,20.534458509142052,0.16666666666666666,0.0,0.8333333333333334,1.0,整形外科密度が相対的に高く、MRI密度が相対的に低い
12342,千葉県,神崎町,5480,18.248175182481752,75.63829787234042,0.0,19.44148936170213,0.0,14.01595744680851,,,0.0,0.0,1.0,0.75,整形外科密度が相対的に高く、手術活動が相対的に低い
12347,千葉県,多古町,12763,15.670296952127241,64.25531914893618,0.7835148476063621,87.55319148936171,115.17668259813523,48.03191489361702,67.38227689414715,51.26582278481012,0.14285714285714285,0.0,0.8571428571428571,1.0,MRI密度が相対的に高く、手術活動が相対的に低い
12349,千葉県,東庄町,11994,8.33750208437552,24.893617021276597,0.0,19.44148936170213,47.52376188094047,41.22340425531915,26.680006670001667,14.838255977496484,0.3333333333333333,0.0,0.6666666666666666,1.0,手術活動が相対的に高く、一般病床が相対的に低い
12403,千葉県,九十九里町,13319,15.016142353029506,61.170212765957444,0.7508071176514753,86.38297872340426,39.79277723552819,39.84042553191489,74.32990464749605,58.22784810126582,0.16666666666666666,0.0,0.8333333333333334,1.0,MRI密度が相対的に高く、手術活動が相対的に低い
12409,千葉県,芝山町,6517,15.344483658124904,62.4468085106383,1.5344483658124906,97.5,3.068896731624981,30.106382978723406,158.04818167868652,92.8973277074543,0.3333333333333333,0.0,0.6666666666666666,1.0,MRI密度が相対的に高く、手術活動が相対的に低い
12410,千葉県,横芝光町,20591,14.56947209946093,59.095744680851055,0.48564906998203095,72.81914893617021,60.706133747753874,43.08510638297872,26.710698849011706,14.908579465541491,0.125,0.0,0.875,1.0,MRI密度が相対的に高く、一般病床が相対的に低い
12421,千葉県,一宮町,11847,8.440955516164431,25.47872340425532,0.0,19.44148936170213,0.0,14.01595744680851,,,0.0,0.0,1.0,0.75,各指標が比較的均衡
12422,千葉県,睦沢町,6326,15.807777426493836,64.9468085106383,0.0,19.44148936170213,0.0,14.01595744680851,,,0.0,0.0,1.0,0.75,整形外科密度が相対的に高く、手術活動が相対的に低い
12423,千葉県,長生村,12948,7.723200494284832,21.99468085106383,0.0,19.44148936170213,0.0,14.01595744680851,,,0.0,0.0,1.0,0.75,各指標が比較的均衡
12424,千葉県,白子町,9562,10.458063166701528,35.47872340425532,0.0,19.44148936170213,0.0,14.01595744680851,,,0.0,0.0,1.0,0.75,整形外科密度が相対的に高く、手術活動が相対的に低い
12426,千葉県,長柄町,6137,32.589212970506765,94.68085106382979,3.2589212970506765,99.7872340425532,1184.617891477921,96.01063829787235,187.38797458041387,95.0070323488045,0.6666666666666666,0.0,0.3333333333333333,1.0,各指標が比較的均衡
12427,千葉県,長南町,6460,15.479876160990713,63.191489361702125,0.0,19.44148936170213,0.0,14.01595744680851,,,0.0,0.0,1.0,0.75,整形外科密度が相対的に高く、手術活動が相対的に低い
12441,千葉県,大多喜町,8048,24.850894632206757,88.67021276595744,0.0,19.44148936170213,8.697813121272366,32.81914893617021,0.0,3.551336146272855,0.3333333333333333,0.16666666666666666,0.5,1.0,整形外科密度が相対的に高く、一般病床が相対的に低い
12443,千葉県,御宿町,6455,15.491866769945776,63.351063829787236,0.0,19.44148936170213,0.0,14.01595744680851,,,0.0,0.0,1.0,0.75,整形外科密度が相対的に高く、手術活動が相対的に低い
12463,千葉県,鋸南町,6199,16.13163413453783,67.02127659574468,1.613163413453783,98.08510638297872,3.226326826907566,30.319148936170215,51.62122923052105,36.56821378340366,0.25,0.0,0.75,1.0,MRI密度が相対的に高く、手術活動が相対的に低い
13101,東京都,千代田区,69781,55.88913887734484,98.40425531914893,1.7196658116106103,98.67021276595744,4079.9071380461733,99.8936170212766,294.492770238317,98.73417721518987,0.030837004405286344,0.00881057268722467,0.960352422907489,1.0,各指標が比較的均衡
13102,東京都,中央区,180892,39.80275523516794,97.07446808510637,0.4975344404395993,73.45744680851064,954.7685912035911,92.76595744680851,65.56398292904053,50.0,0.007054673721340388,0.005291005291005291,0.9876543209876543,1.0,整形外科密度が相対的に高く、一般病床が相対的に低い
13103,東京都,港区,269627,35.97562558645833,96.17021276595744,0.6675889284085051,82.65957446808511,1491.3936660646004,97.18085106382979,138.82140883516857,89.24050632911393,0.01925722145804677,0.009628610729023384,0.9711141678129298,1.0,各指標が比較的均衡
13104,東京都,新宿区,357875,18.7216206776109,77.2872340425532,0.8382815228780999,89.30851063829788,1693.6919315403422,97.92553191489361,145.72127139364304,90.57665260196906,0.02106969205834684,0.027552674230145867,0.9513776337115073,1.0,手術活動が相対的に高く、整形外科密度が相対的に低い
13105,東京都,文京区,250756,15.951761872098775,65.85106382978724,1.196382140407408,95.0,2325.3282075005186,98.77659574468085,189.70632806393468,95.21800281293952,0.030716723549488054,0.0034129692832764505,0.9658703071672355,1.0,手術活動が相対的に高く、整形外科密度が相対的に低い
13106,東京都,台東区,221041,14.024547482141323,56.38297872340425,0.2262023787442149,47.12765957446808,246.1081880737058,58.93617021276596,28.772942576264132,16.31504922644163,0.03088803088803089,0.02702702702702703,0.9420849420849421,1.0,手術活動が相対的に高く、一般病床が相対的に低い
13107,東京都,墨田区,280430,13.194023463966053,51.755319148936174,0.4279142745070071,68.24468085106383,598.3667938522982,82.12765957446808,78.48660984916022,61.46272855133614,0.05128205128205128,0.01282051282051282,0.9358974358974359,1.0,手術活動が相対的に高く、整形外科密度が相対的に低い
13108,東京都,江東区,547596,13.696228606490918,54.680851063829785,0.27392457212981836,52.12765957446809,427.5232105420785,72.97872340425532,49.03249841123748,33.82559774964838,0.0449438202247191,0.020224719101123594,0.9348314606741573,1.0,手術活動が相対的に高く、一般病床が相対的に低い
13109,東京都,品川区,427526,16.139369301516165,67.12765957446808,0.397636634964891,64.41489361702128,805.7287743903295,89.62765957446808,56.39423099413837,40.787623066104075,0.031914893617021274,0.010638297872340425,0.9574468085106383,1.0,手術活動が相対的に高く、一般病床が相対的に低い
13110,東京都,目黒区,286311,17.114256874517572,70.90425531914893,0.31434349361358804,55.797872340425535,616.8117885795516,82.81914893617022,67.68863229145929,51.54711673699015,0.02849002849002849,0.014245014245014245,0.9572649572649573,1.0,手術活動が相対的に高く、一般病床が相対的に低い
13111,東京都,大田区,749353,13.74519085130773,54.9468085106383,0.2802417552208372,52.97872340425533,445.0772866726362,73.98936170212767,51.110758214086026,36.14627285513362,0.03531300160513644,0.027287319422150885,0.9373996789727127,1.0,手術活動が相対的に高く、一般病床が相対的に低い
13112,東京都,世田谷区,946010,13.63621949028023,54.14893617021277,0.13741926618111858,40.797872340425535,207.1225462732952,55.69148936170213,34.61908436485872,20.956399437412095,0.027054108216432865,0.025050100200400802,0.9478957915831663,1.0,手術活動が相対的に高く、一般病床が相対的に低い
13113,東京都,渋谷区,247231,27.50464140823764,91.48936170212765,0.36403201863843937,61.170212765957444,808.2319773814772,89.68085106382979,74.019843789816,57.80590717299579,0.024475524475524476,0.006993006993006993,0.9685314685314685,1.0,整形外科密度が相対的に高く、一般病床が相対的に低い
13114,東京都,中野区,352892,11.051539847885472,39.73404255319149,0.1983609716287136,44.840425531914896,362.26380875735356,67.3936170212766,38.62371490427666,23.9803094233474,0.024691358024691357,0.015432098765432098,0.9598765432098766,1.0,手術活動が相対的に高く、一般病床が相対的に低い
13115,東京都,杉並区,589517,12.891909817698219,49.8936170212766,0.152667353104321,41.96808510638298,198.53541119255254,55.1063829787234,29.53265130606921,17.018284106891702,0.03429602888086643,0.018050541516245487,0.9476534296028881,1.0,手術活動が相対的に高く、一般病床が相対的に低い
13116,東京都,豊島区,308478,16.532783537237663,68.82978723404256,0.09725166786610391,39.361702127659576,162.86412645310202,52.07446808510638,35.01060043179741,21.16736990154712,0.024498886414253896,0.0334075723830735,0.9420935412026726,1.0,整形外科密度が相対的に高く、一般病床が相対的に低い
13117,東京都,北区,355639,16.308672558408947,67.7127659574468,0.16871040577664428,42.5531914893617,288.6353858828756,62.5,54.212277056228366,38.88888888888889,0.06506849315068493,0.0410958904109589,0.8938356164383562,1.0,整形外科密度が相対的に高く、一般病床が相対的に低い
13118,東京都,荒川区,217571,18.384803121739573,76.22340425531915,0.1378860234130468,40.90425531914894,107.96475633241563,47.4468085106383,36.95345427469653,22.71448663853727,0.04975124378109453,0.024875621890547265,0.9253731343283582,1.0,整形外科密度が相対的に高く、一般病床が相対的に低い
13119,東京都,板橋区,591743,14.364343980410416,57.87234042553191,0.3886822488816936,63.351063829787236,739.0708466344342,87.44680851063829,87.72389364977701,69.26863572433193,0.0936768149882904,0.0117096018735363,0.8946135831381733,1.0,手術活動が相対的に高く、整形外科密度が相対的に低い
13120,東京都,練馬区,764570,11.640529971094864,43.29787234042553,0.15695096590240265,42.18085106382979,225.8785984278745,57.340425531914896,22.470146618360644,13.361462728551334,0.03793103448275862,0.020689655172413793,0.9413793103448276,1.0,手術活動が相対的に高く、一般病床が相対的に低い
13121,東京都,足立区,700264,15.422754846743516,62.92553191489362,0.2713262426741914,51.755319148936174,307.3840722927353,64.09574468085107,71.07319525207636,55.62587904360057,0.11623246492985972,0.02404809619238477,0.8597194388777555,1.0,各指標が比較的均衡
13122,東京都,葛飾区,457090,13.126517753615262,51.06382978723404,0.2625303550723052,50.797872340425535,391.73904482705814,69.52127659574468,48.436850510840316,33.54430379746836,0.05737704918032787,0.03551912568306011,0.907103825136612,1.0,手術活動が相対的に高く、一般病床が相対的に低い
13123,東京都,江戸川区,692618,12.12789734023661,45.58510638297872,0.21656959536136802,46.48936170212766,340.63509755738374,65.95744680851064,32.48543930420521,19.057665260196906,0.04680851063829787,0.036170212765957444,0.9170212765957447,1.0,手術活動が相対的に高く、一般病床が相対的に低い
13201,東京都,八王子市,577448,12.641830952743796,48.191489361702125,0.2770812263615079,52.4468085106383,388.51983208877687,69.41489361702128,44.765935634031116,29.957805907172997,0.09289617486338798,0.04918032786885246,0.8579234972677595,1.0,手術活動が相対的に高く、一般病床が相対的に低い
13202,東京都,立川市,185427,15.100282051696894,61.54255319148936,0.37750705129242235,62.34042553191489,877.7578238336381,91.11702127659575,71.02525522173146,55.55555555555556,0.038461538461538464,0.01098901098901099,0.9505494505494505,1.0,手術活動が相対的に高く、一般病床が相対的に低い
13203,東京都,武蔵野市,154175,20.107021242095023,80.90425531914893,0.19458407653640342,44.680851063829785,676.7634181936112,85.2127659574468,50.202691746392084,35.232067510548525,0.03111111111111111,0.022222222222222223,0.9466666666666667,1.0,手術活動が相対的に高く、一般病床が相対的に低い
13204,東京都,三鷹市,197885,11.622912297546554,43.03191489361702,0.40427521034944536,65.2127659574468,829.3200596305936,90.1595744680851,68.42357935164362,52.883263009845294,0.040268456375838924,0.0,0.959731543624161,1.0,手術活動が相対的に高く、整形外科密度が相対的に低い
13205,東京都,青梅市,129258,6.962818548948615,19.52127659574468,0.23209395163162047,47.712765957446805,340.48182704358726,65.90425531914894,51.756951213851366,36.63853727144866,0.17721518987341772,0.0379746835443038,0.7848101265822784,1.0,手術活動が相対的に高く、整形外科密度が相対的に低い
13206,東京都,府中市,265595,10.165854025866452,33.77659574468085,0.338861800862215,58.35106382978723,627.5720551968222,83.19148936170212,88.63118658107268,70.32348804500702,0.07909604519774012,0.01694915254237288,0.903954802259887,1.0,手術活動が相対的に高く、整形外科密度が相対的に低い
13207,東京都,昭島市,115091,11.295409719265624,41.22340425531915,0.2606633012138221,50.47872340425532,370.83698986019755,67.92553191489363,84.45490959327836,66.38537271448664,0.1076923076923077,0.046153846153846156,0.8461538461538461,1.0,手術活動が相対的に高く、整形外科密度が相対的に低い
13208,東京都,調布市,248007,12.096432761978493,45.53191489361702,0.12096432761978491,40.1063829787234,76.00591918776486,44.57446808510638,19.394613861705515,11.744022503516174,0.0380952380952381,0.014285714285714285,0.9476190476190476,1.0,整形外科密度が相対的に高く、一般病床が相対的に低い
13209,東京都,町田市,431122,10.669833596986468,37.340425531914896,0.1855623234258516,43.98936170212766,247.0530383510932,59.202127659574465,37.52997991287849,23.136427566807313,0.06287425149700598,0.03293413173652695,0.9041916167664671,1.0,手術活動が相対的に高く、一般病床が相対的に低い
13210,東京都,小金井市,128382,9.347104734308548,28.829787234042552,0.07789253945257124,39.04255319148936,88.64170989702606,45.47872340425532,19.317349784237667,11.673699015471167,0.04950495049504951,0.009900990099009901,0.9405940594059405,1.0,手術活動が相対的に高く、一般病床が相対的に低い
13211,東京都,小平市,200960,7.961783439490445,23.51063829787234,0.34832802547770697,59.361702127659576,375.5971337579618,68.29787234042554,56.77746815286624,41.139240506329116,0.07407407407407407,0.022222222222222223,0.9037037037037037,1.0,手術活動が相対的に高く、整形外科密度が相対的に低い
13212,東京都,日野市,192017,8.853382773400272,26.861702127659576,0.10415744439294437,39.41489361702128,141.7582818187973,50.47872340425532,5.103714775254274,7.243319268635724,0.05555555555555555,0.007936507936507936,0.9365079365079365,1.0,手術活動が相対的に高く、一般病床が相対的に低い
13213,東京都,東村山市,152572,11.14228036599114,40.319148936170215,0.26217130272920325,50.691489361702125,394.50226778176864,69.7872340425532,474.92331489395167,99.929676511955,0.12371134020618557,0.010309278350515464,0.865979381443299,1.0,一般病床が相対的に高く、整形外科密度が相対的に低い
13214,東京都,国分寺市,132238,10.586971974772757,36.48936170212766,0.07562122839123399,38.98936170212766,0.22686368517370198,28.138297872340424,3.1760915924318276,7.10267229254571,0.01680672268907563,0.01680672268907563,0.9663865546218487,1.0,MRI密度が相対的に高く、一般病床が相対的に低い
13215,東京都,国立市,77602,11.597639236102161,42.92553191489362,0.12886265817891293,40.37234042553192,134.53261513878508,50.212765957446805,8.504935439808252,7.7355836849507735,0.025974025974025976,0.012987012987012988,0.961038961038961,1.0,手術活動が相対的に高く、一般病床が相対的に低い
13218,東京都,福生市,54836,10.941717120140053,39.25531914893617,0.729447808009337,85.26595744680851,463.56408198993364,74.94680851063829,107.95827558538187,80.73136427566807,0.1,0.0,0.9,1.0,MRI密度が相対的に高く、整形外科密度が相対的に低い
13219,東京都,狛江市,86492,11.561762937612727,42.6063829787234,0.0,19.44148936170213,0.0,14.01595744680851,61.739814086851965,46.62447257383967,0.01694915254237288,0.01694915254237288,0.9661016949152542,1.0,一般病床が相対的に高く、手術活動が相対的に低い
13220,東京都,東大和市,83796,8.35362069788534,25.0,0.11933743854121914,39.8936170212766,303.9524559644852,63.72340425531915,49.167024678982294,34.10689170182841,0.03773584905660377,0.018867924528301886,0.9433962264150944,1.0,手術活動が相対的に高く、整形外科密度が相対的に低い
13221,東京都,清瀬市,75964,15.796956453056712,64.84042553191489,0.3949239113264178,63.88297872340426,305.27618345532096,63.88297872340426,120.32015165078194,85.23206751054853,0.21153846153846154,0.038461538461538464,0.75,1.0,一般病床が相対的に高く、MRI密度が相対的に低い
13222,東京都,東久留米市,113646,6.15947767629305,17.659574468085108,0.08799253823275786,39.20212765957447,25.253858472801507,37.287234042553195,28.24560477271527,15.89310829817159,0.05970149253731343,0.04477611940298507,0.8955223880597015,1.0,MRI密度が相対的に高く、一般病床が相対的に低い
13223,東京都,武蔵村山市,70665,11.32102172221043,41.27659574468085,0.4245383145828911,67.6063829787234,464.44491615368287,75.05319148936171,88.16245666171372,69.76090014064698,0.13793103448275862,0.0,0.8620689655172413,1.0,手術活動が相対的に高く、整形外科密度が相対的に低い
13224,東京都,多摩市,146282,10.254166609699075,34.202127659574465,0.20508333219398148,45.744680851063826,589.2044133933088,81.54255319148936,72.87294403959476,56.89170182841069,0.0625,0.026785714285714284,0.9107142857142857,1.0,手術活動が相対的に高く、整形外科密度が相対的に低い
13225,東京都,稲城市,96490,6.218260959684942,17.819148936170212,0.20727536532283136,45.95744680851064,259.09420665353923,60.21276595744681,30.05492797181055,17.369901547116736,0.06896551724137931,0.034482758620689655,0.896551724137931,1.0,手術活動が相対的に高く、一般病床が相対的に低い
13227,東京都,羽村市,52756,7.582075972401244,21.48936170212766,0.0,19.44148936170213,0.0,14.01595744680851,11.373113958601865,8.29817158931083,0.05714285714285714,0.11428571428571428,0.8285714285714286,1.0,各指標が比較的均衡
13228,東京都,あきる野市,77773,6.4289663507901205,18.351063829787233,0.5143173080632096,74.52127659574468,271.6881179843905,61.27659574468085,46.93145436076788,32.137834036568215,0.10526315789473684,0.05263157894736842,0.8421052631578947,1.0,MRI密度が相対的に高く、整形外科密度が相対的に低い
13229,東京都,西東京市,210968,13.272155018770619,52.234042553191486,0.189602214553866,44.25531914893617,325.02559629896473,65.05319148936171,41.71248720185052,26.582278481012654,0.03773584905660377,0.0,0.9622641509433962,1.0,手術活動が相対的に高く、一般病床が相対的に低い
13303,東京都,瑞穂町,30572,0.0,7.659574468085106,0.0,19.44148936170213,1.635483448907497,28.98936170212766,0.0,3.551336146272855,0.1,0.0,0.9,1.0,手術活動が相対的に高く、一般病床が相対的に低い
13305,東京都,日の出町,16933,11.811256127089116,44.20212765957447,0.0,19.44148936170213,1.7716884190633673,29.095744680851066,33.07151715584952,19.69057665260197,0.2857142857142857,0.0,0.7142857142857143,1.0,整形外科密度が相対的に高く、MRI密度が相対的に低い
13307,東京都,檜原村,1800,0.0,7.659574468085106,0.0,19.44148936170213,0.0,14.01595744680851,,,0.0,0.0,1.0,0.75,各指標が比較的均衡
13308,東京都,奥多摩町,4406,90.78529278256923,99.52127659574468,0.0,19.44148936170213,13.617793917385383,34.680851063829785,93.05492510213345,72.78481012658227,0.16666666666666666,0.16666666666666666,0.6666666666666666,1.0,整形外科密度が相対的に高く、MRI密度が相対的に低い
13361,東京都,大島町,6622,15.101177891875567,61.62234042553192,0.0,19.44148936170213,0.0,14.01595744680851,,,0.0,0.5,0.5,0.75,整形外科密度が相対的に高く、手術活動が相対的に低い
13362,東京都,利島村,298,0.0,7.659574468085106,0.0,19.44148936170213,0.0,14.01595744680851,,,0.0,0.0,1.0,0.75,各指標が比較的均衡
13363,東京都,新島村,2222,45.004500450045,97.5531914893617,0.0,19.44148936170213,0.0,14.01595744680851,,,0.0,0.6666666666666666,0.3333333333333333,0.75,整形外科密度が相対的に高く、手術活動が相対的に低い
13364,東京都,神津島村,1764,0.0,7.659574468085106,0.0,19.44148936170213,0.0,14.01595744680851,,,0.0,1.0,0.0,0.75,各指標が比較的均衡
13381,東京都,三宅村,2116,0.0,7.659574468085106,0.0,19.44148936170213,0.0,14.01595744680851,,,0.0,1.0,0.0,0.75,各指標が比較的均衡
13382,東京都,御蔵島村,317,315.45741324921136,100.0,0.0,19.44148936170213,0.0,14.01595744680851,,,0.0,1.0,0.0,0.75,整形外科密度が相対的に高く、手術活動が相対的に低い
13401,東京都,八丈町,6622,15.101177891875567,61.62234042553192,0.0,19.44148936170213,73.99577167019027,44.361702127659576,78.52612503775295,61.533052039381154,0.5,0.0,0.5,1.0,整形外科密度が相対的に高く、MRI密度が相対的に低い
13402,東京都,青ヶ島村,156,0.0,7.659574468085106,0.0,19.44148936170213,0.0,14.01595744680851,,,0.0,1.0,0.0,0.75,各指標が比較的均衡
13421,東京都,小笠原村,2828,70.72135785007072,99.09574468085106,0.0,19.44148936170213,0.0,14.01595744680851,,,0.0,1.0,0.0,0.75,整形外科密度が相対的に高く、手術活動が相対的に低い
14101,神奈川県,横浜市鶴見区,301604,9.946817681463111,32.287234042553195,0.3315605893821037,57.5531914893617,420.7503879258895,72.5,40.48354796355486,25.52742616033755,0.07017543859649122,0.017543859649122806,0.9122807017543859,1.0,手術活動が相対的に高く、一般病床が相対的に低い
14102,神奈川県,横浜市神奈川区,251840,10.721092757306225,37.81914893617021,0.23824650571791614,48.45744680851064,473.67376111817026,75.69148936170212,47.56988564167726,32.84106891701828,0.043689320388349516,0.019417475728155338,0.9368932038834952,1.0,手術活動が相対的に高く、一般病床が相対的に低い
14103,神奈川県,横浜市西区,109198,17.399586073005,72.02127659574468,0.27473030641586843,52.234042553191486,1002.5824648803092,93.67021276595744,56.502866352863606,40.92827004219409,0.025974025974025976,0.012987012987012988,0.961038961038961,1.0,手術活動が相対的に高く、一般病床が相対的に低い
14104,神奈川県,横浜市中区,153114,18.287027966090626,75.74468085106383,0.45717569915226564,70.69148936170212,685.6329271000693,85.58510638297872,72.95217942186868,57.0323488045007,0.02631578947368421,0.017543859649122806,0.956140350877193,1.0,手術活動が相対的に高く、一般病床が相対的に低い
14105,神奈川県,横浜市南区,196817,10.16172383483134,33.72340425531915,0.3048517150449402,54.680851063829785,725.6486990453061,87.07446808510639,53.80632770543195,38.607594936708864,0.030303030303030304,0.007575757575757576,0.9621212121212122,1.0,手術活動が相対的に高く、整形外科密度が相対的に低い
14106,神奈川県,横浜市保土ケ谷区,205793,7.2888776586181265,20.53191489361702,0.19437007089648337,44.62765957446809,225.61505979309305,57.287234042553195,36.15283318674591,22.362869198312236,0.046875,0.0078125,0.9453125,1.0,手術活動が相対的に高く、整形外科密度が相対的に低い
14107,神奈川県,横浜市磯子区,165884,12.65944877143064,48.40425531914894,0.24113235755105977,48.61702127659574,194.1115478286031,54.41489361702128,47.261942080007714,32.48945147679325,0.03333333333333333,0.016666666666666666,0.95,1.0,手術活動が相対的に高く、一般病床が相対的に低い
14108,神奈川県,横浜市金沢区,192659,10.381035923574814,34.8936170212766,0.46714661656086665,71.54255319148936,1037.6883509205384,94.04255319148936,98.77555681281436,76.16033755274262,0.0440251572327044,0.0,0.9559748427672956,1.0,手術活動が相対的に高く、整形外科密度が相対的に低い
14109,神奈川県,横浜市港北区,368749,10.847487044032661,38.776595744680854,0.18983102327057158,44.30851063829787,367.43150489899637,67.76595744680851,29.884826806309984,17.229254571026722,0.018404907975460124,0.03067484662576687,0.950920245398773,1.0,手術活動が相対的に高く、一般病床が相対的に低い
14110,神奈川県,横浜市戸塚区,285682,9.451067970680688,29.361702127659573,0.24502768812875853,49.202127659574465,448.7857127855448,74.14893617021276,57.126455289447705,41.70182841068917,0.06770833333333333,0.036458333333333336,0.8958333333333334,1.0,手術活動が相対的に高く、整形外科密度が相対的に低い
14111,神奈川県,横浜市港南区,212571,13.642500623321148,54.36170212765957,0.23521552798829568,48.191489361702125,392.05724205089126,69.57446808510637,46.71380385847552,31.71589310829817,0.06153846153846154,0.005128205128205128,0.9333333333333333,1.0,手術活動が相対的に高く、一般病床が相対的に低い
14112,神奈川県,横浜市旭区,240292,9.571687779867828,30.0,0.33292827060409835,57.819148936170215,660.44645681088,84.62765957446808,67.91736720323605,51.75808720112518,0.08641975308641975,0.030864197530864196,0.8827160493827161,1.0,手術活動が相対的に高く、整形外科密度が相対的に低い
14113,神奈川県,横浜市緑区,184100,13.036393264530147,50.638297872340424,0.16295491580662683,42.4468085106383,124.55187398153178,48.829787234042556,32.42802824551874,18.9873417721519,0.05185185185185185,0.014814814814814815,0.9333333333333333,1.0,整形外科密度が相対的に高く、一般病床が相対的に低い
14114,神奈川県,横浜市瀬谷区,119294,12.573976897413113,48.03191489361702,0.08382651264942076,39.148936170212764,58.427079316646264,42.6063829787234,9.640048954683389,7.876230661040788,0.06329113924050633,0.0,0.9367088607594937,1.0,整形外科密度が相対的に高く、一般病床が相対的に低い
14115,神奈川県,横浜市栄区,122391,8.170535415185757,24.46808510638298,0.16341070830371515,42.5,592.5272283092711,81.64893617021278,35.133302285298754,21.448663853727147,0.03225806451612903,0.016129032258064516,0.9516129032258065,1.0,手術活動が相対的に高く、一般病床が相対的に低い
14116,神奈川県,横浜市泉区,149708,14.695273465679856,59.73404255319149,0.2671867902850883,51.38297872340426,339.1268335693483,65.85106382978724,37.60654073262618,23.277074542897328,0.04807692307692308,0.009615384615384616,0.9423076923076923,1.0,手術活動が相対的に高く、一般病床が相対的に低い
14117,神奈川県,横浜市青葉区,309958,11.937101155640441,45.0,0.2903619200020648,53.670212765957444,534.6530820304687,78.98936170212765,53.36206840926835,38.25597749648382,0.03436426116838488,0.01718213058419244,0.9484536082474226,1.0,手術活動が相対的に高く、一般病床が相対的に低い
14118,神奈川県,横浜市都筑区,217048,11.05746194390181,39.84042553191489,0.13821827429877262,41.06382978723404,416.774169768899,71.91489361702128,29.763001732335706,17.158931082981717,0.015873015873015872,0.0582010582010582,0.9259259259259259,1.0,手術活動が相対的に高く、一般病床が相対的に低い
14131,神奈川県,川崎市川崎区,225265,13.31764810334495,52.55319148936171,0.5327059241337979,76.06382978723404,969.7467427252348,93.29787234042554,105.12063569573613,79.46554149085794,0.07092198581560284,0.02127659574468085,0.9078014184397163,1.0,手術活動が相対的に高く、整形外科密度が相対的に低い
14132,神奈川県,川崎市幸区,170571,10.552790333644054,36.17021276595745,0.11725322592937838,39.787234042553195,431.55049803307713,73.35106382978724,21.046954054323418,12.517580872011253,0.034782608695652174,0.017391304347826087,0.9478260869565217,1.0,手術活動が相対的に高く、一般病床が相対的に低い
14133,神奈川県,川崎市中原区,264595,10.204274457189289,34.04255319148936,0.18896804550350535,44.148936170212764,635.8396795101947,83.82978723404256,52.192974168068176,37.130801687763714,0.0182648401826484,0.0182648401826484,0.9634703196347032,1.0,手術活動が相対的に高く、整形外科密度が相対的に低い
14134,神奈川県,川崎市高津区,231421,9.074370951642246,27.659574468085108,0.17284516098366182,42.765957446808514,406.61824121406437,70.63829787234043,42.69275476296447,27.21518987341772,0.032679738562091505,0.032679738562091505,0.934640522875817,1.0,手術活動が相対的に高く、一般病床が相対的に低い
14135,神奈川県,川崎市多摩区,224423,9.802916813339097,31.648936170212767,0.08911742557580996,39.25531914893617,169.9023718602817,52.60638297872341,16.754076008252273,10.196905766526019,0.0196078431372549,0.013071895424836602,0.9673202614379085,1.0,手術活動が相対的に高く、一般病床が相対的に低い
14136,神奈川県,川崎市宮前区,238066,8.401031646686214,25.319148936170212,0.21002579116715533,46.170212765957444,521.7880755756806,78.24468085106383,40.03091579645981,24.964838255977497,0.026845637583892617,0.006711409395973154,0.9664429530201343,1.0,手術活動が相対的に高く、一般病床が相対的に低い
14137,神奈川県,川崎市麻生区,180676,12.176492727312981,45.90425531914894,0.332086165290354,57.71276595744681,652.1618809360402,84.41489361702128,70.34691934733999,54.85232067510548,0.058394160583941604,0.0364963503649635,0.9051094890510949,1.0,手術活動が相対的に高く、整形外科密度が相対的に低い
14151,神奈川県,相模原市緑区,166758,9.594742081339426,30.106382978723406,0.29983569004185706,54.46808510638298,424.9271399273198,72.81914893617021,20.208925508821167,11.954992967651195,0.10679611650485436,0.019417475728155338,0.8737864077669902,1.0,手術活動が相対的に高く、一般病床が相対的に低い
14152,神奈川県,相模原市中央区,272076,8.453520339905026,25.585106382978722,0.18377218130228318,43.829787234042556,246.9898116702686,59.148936170212764,30.68995427748129,18.0028129395218,0.055944055944055944,0.013986013986013986,0.9300699300699301,1.0,手術活動が相対的に高く、一般病床が相対的に低い
14153,神奈川県,相模原市南区,280877,10.324804095742977,34.57446808510639,0.39163050018335427,63.72340425531915,850.7638574892212,90.58510638297872,70.10185953282041,54.43037974683544,0.08108108108108109,0.032432432432432434,0.8864864864864865,1.0,手術活動が相対的に高く、整形外科密度が相対的に低い
14201,神奈川県,横須賀市,370433,13.76767188668396,55.159574468085104,0.32394522086315203,56.702127659574465,485.7288632492245,76.11702127659574,61.81954631471818,46.69479606188467,0.041044776119402986,0.041044776119402986,0.917910447761194,1.0,手術活動が相対的に高く、一般病床が相対的に低い
14203,神奈川県,平塚市,255442,10.569914109660902,36.329787234042556,0.23488698021468668,48.08510638297872,403.14435370847394,70.42553191489361,42.123065118500485,26.79324894514768,0.0481283422459893,0.0213903743315508,0.93048128342246,1.0,手術活動が相対的に高く、一般病床が相対的に低い
14204,神奈川県,鎌倉市,170691,14.6463492509857,59.57446808510638,0.46868317603154236,71.70212765957447,925.0048332952528,92.12765957446808,78.91452976431094,61.81434599156118,0.06321839080459771,0.022988505747126436,0.9137931034482759,1.0,手術活動が相対的に高く、整形外科密度が相対的に低い
14205,神奈川県,藤沢市,443102,13.992263632301366,56.32978723404255,0.20311350433985856,45.47872340425532,424.0784288944758,72.7127659574468,44.57213011902451,29.676511954992968,0.03764705882352941,0.023529411764705882,0.9388235294117647,1.0,手術活動が相対的に高く、一般病床が相対的に低い
14206,神奈川県,小田原市,183233,14.189583754018107,57.180851063829785,0.43660257704671107,69.20212765957446,500.1828273291383,77.18085106382979,75.0956432520343,58.72011251758087,0.08666666666666667,0.03333333333333333,0.88,1.0,手術活動が相対的に高く、整形外科密度が相対的に低い
14207,神奈川県,茅ヶ崎市,242388,8.251233559417134,24.627659574468087,0.20628083898542834,45.851063829787236,291.76361866098983,62.87234042553192,46.536957275112634,31.29395218002813,0.04054054054054054,0.013513513513513514,0.9459459459459459,1.0,手術活動が相対的に高く、整形外科密度が相対的に低い
14208,神奈川県,逗子市,55671,17.962673564333315,74.30851063829788,0.0,19.44148936170213,2.8740277702933303,29.946808510638295,6.4665624831599935,7.524613220815753,0.030303030303030304,0.015151515151515152,0.9545454545454546,1.0,整形外科密度が相対的に高く、一般病床が相対的に低い
14210,神奈川県,三浦市,39131,12.777593212542486,49.04255319148936,0.25555186425084975,49.8936170212766,155.37553346451662,51.54255319148936,34.75505353811556,21.09704641350211,0.09523809523809523,0.047619047619047616,0.8571428571428571,1.0,手術活動が相対的に高く、一般病床が相対的に低い
14211,神奈川県,秦野市,158559,8.829520872356662,26.54255319148936,0.18920401869335707,44.20212765957447,206.3585163882214,55.638297872340424,49.19304486027283,34.24753867791843,0.08,0.02,0.9,1.0,手術活動が相対的に高く、整形外科密度が相対的に低い
14212,神奈川県,厚木市,221368,13.100357775288208,50.95744680851064,0.3162155325069567,55.95744680851064,506.48693578114273,77.55319148936171,77.4728054642044,60.75949367088608,0.08108108108108109,0.04054054054054054,0.8783783783783784,1.0,手術活動が相対的に高く、整形外科密度が相対的に低い
14213,神奈川県,大和市,243378,11.504737486543567,42.4468085106383,0.24653008899736212,49.30851063829787,399.4609208720591,70.15957446808511,49.75798962930092,34.73980309423347,0.05172413793103448,0.017241379310344827,0.9310344827586207,1.0,手術活動が相対的に高く、一般病床が相対的に低い
14214,神奈川県,伊勢原市,100509,8.954421992060412,27.180851063829785,0.6964550438269209,83.98936170212767,1757.0565819976318,98.03191489361703,114.8155886537524,83.61462728551336,0.04918032786885246,0.04918032786885246,0.9016393442622951,1.0,手術活動が相対的に高く、整形外科密度が相対的に低い
14215,神奈川県,海老名市,142114,8.443925299407518,25.53191489361702,0.35183022080864657,59.840425531914896,485.8775349367409,76.17021276595744,44.612071998536386,29.817158931082982,0.041237113402061855,0.041237113402061855,0.9175257731958762,1.0,手術活動が相対的に高く、整形外科密度が相対的に低い
14216,神奈川県,座間市,131506,9.885480510394963,32.07446808510638,0.15208431554453788,41.86170212765957,237.2515322494791,58.19148936170213,32.39395921098657,18.91701828410689,0.06557377049180328,0.04918032786885246,0.8852459016393442,1.0,手術活動が相対的に高く、一般病床が相対的に低い
14217,神奈川県,南足柄市,38951,7.701984544684346,21.808510638297875,0.0,19.44148936170213,2.5673281815614493,29.680851063829788,13.60683936227568,9.0014064697609,0.1,0.0,0.9,1.0,手術活動が相対的に高く、一般病床が相対的に低い
14218,神奈川県,綾瀬市,82796,6.038939079182569,17.5,0.12077878158365139,40.0,37.079085946180975,39.41489361702128,14.73501135320547,9.142053445850914,0.04,0.04,0.92,1.0,MRI密度が相対的に高く、一般病床が相対的に低い
14301,神奈川県,葉山町,30884,9.713767646677892,30.638297872340424,0.32379225488926305,56.59574468085107,269.0713638129776,61.01063829787235,28.817510685144413,16.455696202531644,0.07142857142857142,0.0,0.9285714285714286,1.0,手術活動が相対的に高く、一般病床が相対的に低い
14321,神奈川県,寒川町,47862,10.446700931845724,35.37234042553192,0.20893401863691446,46.06382978723404,124.94254314487485,48.93617021276596,20.68446784505453,12.236286919831224,0.10526315789473684,0.05263157894736842,0.8421052631578947,1.0,手術活動が相対的に高く、一般病床が相対的に低い
14341,神奈川県,大磯町,30912,6.469979296066253,18.45744680851064,0.32349896480331264,56.54255319148936,563.5351966873707,80.42553191489363,100.93167701863354,77.42616033755274,0.058823529411764705,0.0,0.9411764705882353,1.0,手術活動が相対的に高く、整形外科密度が相対的に低い
14342,神奈川県,二宮町,26350,11.385199240986717,41.808510638297875,0.0,19.44148936170213,0.0,14.01595744680851,,,0.0,0.0,1.0,0.75,整形外科密度が相対的に高く、手術活動が相対的に低い
14361,神奈川県,中井町,8816,11.343012704174228,41.48936170212766,0.0,19.44148936170213,0.0,14.01595744680851,,,0.2,0.0,0.8,0.75,整形外科密度が相対的に高く、手術活動が相対的に低い
14362,神奈川県,大井町,16901,5.916809656233359,17.4468085106383,0.5916809656233359,79.30851063829788,133.7198982308739,50.0,0.0,3.551336146272855,0.14285714285714285,0.0,0.8571428571428571,1.0,MRI密度が相対的に高く、一般病床が相対的に低い
14363,神奈川県,松田町,10326,19.36858415649816,78.56382978723404,0.968429207824908,92.12765957446808,1607.5924849893472,97.5531914893617,280.84447026922334,98.52320675105484,0.1111111111111111,0.0,0.8888888888888888,1.0,各指標が比較的均衡
14364,神奈川県,山北町,8889,22.49971875351558,85.47872340425532,0.0,19.44148936170213,0.0,14.01595744680851,,,0.0,0.25,0.75,0.75,整形外科密度が相対的に高く、手術活動が相対的に低い
14366,神奈川県,開成町,18989,10.53241350255411,36.06382978723404,0.0,19.44148936170213,0.0,14.01595744680851,0.0,3.551336146272855,0.0625,0.0625,0.875,1.0,整形外科密度が相対的に高く、一般病床が相対的に低い
14382,神奈川県,箱根町,10510,9.514747859181732,29.78723404255319,0.0,19.44148936170213,0.0,14.01595744680851,0.0,3.551336146272855,0.125,0.0,0.875,1.0,整形外科密度が相対的に高く、一般病床が相対的に低い
14383,神奈川県,真鶴町,6152,16.25487646293888,67.4468085106383,0.0,19.44148936170213,0.0,14.01595744680851,,,0.0,0.0,1.0,0.75,整形外科密度が相対的に高く、手術活動が相対的に低い
14384,神奈川県,湯河原町,21999,13.636983499249967,54.20212765957447,0.4545661166416656,70.63829787234043,398.19991817809904,70.0,94.54975226146642,73.62869198312237,0.13636363636363635,0.045454545454545456,0.8181818181818182,1.0,各指標が比較的均衡
14401,神奈川県,愛川町,38558,7.780486539758286,22.393617021276597,0.2593495513252762,50.26595744680851,56.53820218891021,42.18085106382979,25.934955132527623,14.486638537271448,0.058823529411764705,0.0,0.9411764705882353,1.0,MRI密度が相対的に高く、一般病床が相対的に低い
14402,神奈川県,清川村,2877,0.0,7.659574468085106,0.0,19.44148936170213,0.0,14.01595744680851,0.0,3.551336146272855,0.3333333333333333,0.0,0.6666666666666666,1.0,各指標が比較的均衡
15101,新潟県,新潟市北区,69446,10.079774213057627,33.03191489361702,0.28799354894450363,53.51063829787234,126.1411744376926,49.04255319148936,43.19903234167555,27.848101265822784,0.12903225806451613,0.0,0.8709677419354839,1.0,MRI密度が相対的に高く、一般病床が相対的に低い
15102,新潟県,新潟市東区,127978,9.376611605119631,28.98936170212766,0.3125537201706543,55.638297872340424,229.3362921752176,57.5531914893617,46.80491959555549,31.78621659634318,0.07042253521126761,0.04225352112676056,0.8873239436619719,1.0,手術活動が相対的に高く、整形外科密度が相対的に低い
15103,新潟県,新潟市中央区,178438,15.69172485681301,64.52127659574468,0.7845862428406505,87.65957446808511,1404.7456259316962,96.86170212765958,124.80525448615205,86.35724331926863,0.06,0.04,0.9,1.0,手術活動が相対的に高く、整形外科密度が相対的に低い
15104,新潟県,新潟市江南区,66708,7.495352881213648,21.329787234042552,0.2998141152485459,54.41489361702128,294.7172752893206,63.297872340425535,29.531690351981773,16.947960618846693,0.025,0.05,0.925,1.0,手術活動が相対的に高く、一般病床が相対的に低い
15105,新潟県,新潟市秋葉区,71519,6.991149205106335,19.627659574468083,0.2796459682042534,52.76595744680851,154.36457444874787,51.43617021276595,60.822998084425116,45.56962025316456,0.07142857142857142,0.023809523809523808,0.9047619047619048,1.0,MRI密度が相対的に高く、整形外科密度が相対的に低い
15106,新潟県,新潟市南区,41311,14.523976664810824,58.723404255319146,0.24206627774684708,48.723404255319146,122.24347026215777,48.56382978723404,68.74682288010457,53.51617440225035,0.13043478260869565,0.0,0.8695652173913043,1.0,各指標が比較的均衡
15107,新潟県,新潟市西区,158048,9.490787608827697,29.680851063829788,0.44290342174529257,69.84042553191489,574.8253695079976,80.95744680851064,98.9572788013768,76.30098452883263,0.08411214953271028,0.009345794392523364,0.9065420560747663,1.0,手術活動が相対的に高く、整形外科密度が相対的に低い
15108,新潟県,新潟市西蒲区,50364,7.942180922881423,23.45744680851064,0.0,19.44148936170213,13.303153045826383,34.62765957446808,17.671352553411168,10.68917018284107,0.125,0.03125,0.84375,1.0,手術活動が相対的に高く、一般病床が相対的に低い
15202,新潟県,長岡市,256456,6.238886982562311,17.925531914893618,0.31194434912811553,55.425531914893625,673.3318775930373,85.0,77.05025423464454,60.337552742616026,0.07801418439716312,0.014184397163120567,0.9078014184397163,1.0,手術活動が相対的に高く、整形外科密度が相対的に低い
15204,新潟県,三条市,89768,11.139827109883255,40.26595744680851,0.5569913554941627,77.92553191489363,613.5816772123696,82.65957446808511,92.01497192763568,72.0112517580872,0.109375,0.03125,0.859375,1.0,手術活動が相対的に高く、整形外科密度が相対的に低い
15205,新潟県,柏崎市,75111,10.650903329738654,36.96808510638298,0.3994088748651995,64.62765957446808,329.91173063865483,65.37234042553192,100.78417275765202,77.35583684950772,0.1111111111111111,0.0,0.8888888888888888,1.0,一般病床が相対的に高く、整形外科密度が相対的に低い
15206,新潟県,新発田市,89876,8.901152699274556,27.074468085106385,0.33379322622279584,57.97872340425532,522.1638702211936,78.29787234042553,68.42761137567315,52.95358649789029,0.08620689655172414,0.05172413793103448,0.8620689655172413,1.0,手術活動が相対的に高く、整形外科密度が相対的に低い
15208,新潟県,小千谷市,31863,6.2768728619401815,18.085106382978726,0.6276872861940181,80.74468085106383,228.1643285315256,57.49999999999999,100.1161221479459,77.0042194092827,0.11764705882352941,0.0,0.8823529411764706,1.0,MRI密度が相対的に高く、整形外科密度が相対的に低い
15209,新潟県,加茂市,22921,13.088434186990096,50.797872340425535,0.4362811395663366,69.14893617021278,6.980498233061385,32.07446808510638,68.0598577723485,52.18002812939522,0.06666666666666667,0.06666666666666667,0.8666666666666667,1.0,MRI密度が相対的に高く、手術活動が相対的に低い
15210,新潟県,十日町市,44799,11.160963414361929,40.47872340425532,0.22321926828723854,46.96808510638298,212.72796267773833,56.06382978723404,70.31406951048014,54.78199718706048,0.037037037037037035,0.07407407407407407,0.8888888888888888,1.0,各指標が比較的均衡
15211,新潟県,見附市,37527,5.32949609614411,16.80851063829787,0.2664748048072055,51.22340425531915,21.05150957976923,36.27659574468085,25.048631651877315,14.135021097046414,0.045454545454545456,0.0,0.9545454545454546,1.0,MRI密度が相対的に高く、一般病床が相対的に低い
15212,新潟県,村上市,51987,13.46490468771039,53.404255319148945,0.38471156250601113,62.97872340425532,276.799969223075,61.808510638297875,68.86336968857599,53.727144866385366,0.14285714285714285,0.0,0.8571428571428571,1.0,各指標が比較的均衡
15213,新潟県,燕市,73937,9.467519645103263,29.521276595744684,0.13525028064433234,40.691489361702125,35.165072967526406,38.98936170212766,14.877530870876557,9.212376933895921,0.018867924528301886,0.018867924528301886,0.9622641509433962,1.0,MRI密度が相対的に高く、一般病床が相対的に低い
15216,新潟県,糸魚川市,36875,5.423728813559322,16.96808510638298,0.5423728813559322,76.75531914893618,264.40677966101697,60.851063829787236,70.23728813559322,54.71167369901547,0.08695652173913043,0.0,0.9130434782608695,1.0,MRI密度が相対的に高く、整形外科密度が相対的に低い
15217,新潟県,妙高市,27826,10.781283691511536,38.138297872340424,0.3593761230503845,60.58510638297873,61.093940918565366,43.138297872340424,60.01581254941422,44.655414908579466,0.2222222222222222,0.0,0.7777777777777778,1.0,MRI密度が相対的に高く、整形外科密度が相対的に低い
15218,新潟県,五泉市,43471,6.901152492466242,19.46808510638298,0.6901152492466242,83.72340425531914,126.29109061213224,49.148936170212764,52.90883577557452,37.48241912798875,0.09523809523809523,0.0,0.9047619047619048,1.0,MRI密度が相対的に高く、整形外科密度が相対的に低い
15222,新潟県,上越市,176550,11.328235627301048,41.329787234042556,0.33984706881903143,58.61702127659575,469.951854998584,75.37234042553192,73.23704333050128,57.31364275668073,0.072,0.048,0.88,1.0,手術活動が相対的に高く、整形外科密度が相対的に低い
15223,新潟県,阿賀野市,38158,7.86204727711096,22.872340425531913,0.5241364851407306,75.31914893617021,74.42738088998375,44.41489361702128,62.89637821688768,47.67932489451477,0.11764705882352941,0.058823529411764705,0.8235294117647058,1.0,MRI密度が相対的に高く、整形外科密度が相対的に低い
15224,新潟県,佐渡市,45785,15.288850060063341,62.23404255319149,0.21841214371519058,46.64893617021277,418.0408430708747,72.02127659574468,84.96232390520913,66.73699015471168,0.08,0.04,0.88,1.0,手術活動が相対的に高く、MRI密度が相対的に低い
15225,新潟県,魚沼市,31261,12.795495985413135,49.30851063829787,0.31988739963532836,56.17021276595745,40.94558715332203,40.0,28.789865967179555,16.38537271448664,0.10526315789473684,0.0,0.8947368421052632,1.0,MRI密度が相対的に高く、一般病床が相対的に低い
15226,新潟県,南魚沼市,51615,15.499370338080016,63.45744680851064,0.3874842584520004,63.297872340425535,185.4112176692822,53.670212765957444,115.08282476024411,83.82559774964838,0.19047619047619047,0.09523809523809523,0.7142857142857143,1.0,一般病床が相対的に高く、手術活動が相対的に低い
15227,新潟県,胎内市,26359,7.587541257255586,21.595744680851066,0.3793770628627793,62.5531914893617,61.83846124663303,43.19148936170213,34.14393565765014,20.745428973277075,0.13333333333333333,0.06666666666666667,0.8,1.0,MRI密度が相対的に高く、一般病床が相対的に低い
15307,新潟県,聖籠町,13887,14.401958666378627,58.08510638297872,1.4401958666378627,97.02127659574468,1618.7801541009578,97.65957446808511,79.21077266508244,61.954992967651194,0.5,0.0,0.5,1.0,手術活動が相対的に高く、整形外科密度が相対的に低い
15342,新潟県,弥彦村,7296,0.0,7.659574468085106,0.0,19.44148936170213,0.0,14.01595744680851,,,0.0,0.0,1.0,0.75,各指標が比較的均衡
15361,新潟県,田上町,10374,0.0,7.659574468085106,0.0,19.44148936170213,0.0,14.01595744680851,,,0.0,0.0,1.0,0.75,各指標が比較的均衡
15385,新潟県,阿賀町,8620,34.80278422273781,95.63829787234043,0.0,19.44148936170213,24.361948955916475,36.96808510638298,48.72389791183295,33.61462728551336,0.2,0.0,0.8,1.0,整形外科密度が相対的に高く、MRI密度が相対的に低い
15405,新潟県,出雲崎町,3746,0.0,7.659574468085106,0.0,19.44148936170213,0.0,14.01595744680851,,,0.0,0.0,1.0,0.75,各指標が比較的均衡
15461,新潟県,湯沢町,7424,26.939655172413794,90.79787234042553,0.0,19.44148936170213,98.32974137931035,46.64893617021277,53.87931034482759,38.67791842475386,0.5,0.0,0.5,1.0,整形外科密度が相対的に高く、MRI密度が相対的に低い
15482,新潟県,津南町,8096,12.35177865612648,46.91489361702128,0.0,19.44148936170213,191.45256916996047,54.25531914893617,49.40711462450593,34.38818565400844,0.3333333333333333,0.0,0.6666666666666666,1.0,手術活動が相対的に高く、MRI密度が相対的に低い
15504,新潟県,刈羽村,4185,0.0,7.659574468085106,0.0,19.44148936170213,0.0,14.01595744680851,,,0.0,0.0,1.0,0.75,各指標が比較的均衡
15581,新潟県,関川村,4541,0.0,7.659574468085106,0.0,19.44148936170213,0.0,14.01595744680851,,,0.0,0.0,1.0,0.75,各指標が比較的均衡
15586,新潟県,粟島浦村,303,0.0,7.659574468085106,0.0,19.44148936170213,0.0,14.01595744680851,,,0.0,0.0,1.0,0.75,各指標が比較的均衡
16201,富山県,富山市,398075,13.565282924072099,53.56382978723404,0.5275387803805816,75.63829787234042,792.6646988632795,89.36170212765957,87.99849274634177,69.47960618846695,0.13694267515923567,0.041401273885350316,0.821656050955414,1.0,手術活動が相対的に高く、整形外科密度が相対的に低い
16202,富山県,高岡市,159568,14.413917577459138,58.13829787234043,0.43868444800962597,69.25531914893617,873.5460744008824,90.95744680851064,89.05294294595409,70.46413502109705,0.12903225806451613,0.056451612903225805,0.8145161290322581,1.0,手術活動が相対的に高く、整形外科密度が相対的に低い
16204,富山県,魚津市,38207,10.469285732980868,35.58510638297872,0.26173214332452166,50.58510638297873,373.23003638076796,68.03191489361701,64.64783940115686,49.36708860759494,0.21428571428571427,0.03571428571428571,0.75,1.0,手術活動が相対的に高く、整形外科密度が相対的に低い
16205,富山県,氷見市,39249,10.19134245458483,33.98936170212766,0.25478356136462077,49.787234042553195,388.290147519682,69.30851063829788,75.67071772529236,59.21237693389592,0.15384615384615385,0.07692307692307693,0.7692307692307693,1.0,手術活動が相対的に高く、整形外科密度が相対的に低い
16206,富山県,滑川市,31493,15.876543993903407,65.42553191489363,0.3175308798780681,56.06382978723404,356.5871781030705,66.86170212765957,63.18864509573556,48.10126582278481,0.125,0.0,0.875,1.0,各指標が比較的均衡
16207,富山県,黒部市,38087,18.37897445322551,76.11702127659574,0.5251135558064431,75.47872340425532,960.1701367920813,93.08510638297872,95.30811037886944,74.1209563994374,0.17391304347826086,0.0,0.8260869565217391,1.0,各指標が比較的均衡
16208,富山県,砺波市,46722,12.84191601386927,49.46808510638298,0.42806386712897565,68.29787234042554,684.902187406361,85.53191489361703,73.41295321261933,57.383966244725734,0.15789473684210525,0.02631578947368421,0.8157894736842105,1.0,手術活動が相対的に高く、整形外科密度が相対的に低い
16209,富山県,小矢部市,26578,18.81255173451727,77.6063829787234,0.37625103469034543,62.18085106382979,171.5704718187975,52.712765957446805,48.160132440364215,33.26300984528833,0.3333333333333333,0.0,0.6666666666666666,1.0,整形外科密度が相対的に高く、一般病床が相対的に低い
16210,富山県,南砺市,43424,11.51436993367723,42.5,0.46057479734708917,71.01063829787235,256.54016212232864,60.0531914893617,87.2789240972734,68.84669479606188,0.15384615384615385,0.038461538461538464,0.8076923076923077,1.0,MRI密度が相対的に高く、整形外科密度が相対的に低い
16211,富山県,射水市,88073,9.083374019279463,27.712765957446813,0.22708435048198655,47.28723404255319,392.62884198335473,69.62765957446808,33.38139952085202,20.042194092827003,0.13043478260869565,0.021739130434782608,0.8478260869565217,1.0,手術活動が相対的に高く、一般病床が相対的に低い
16321,富山県,舟橋村,3164,0.0,7.659574468085106,0.0,19.44148936170213,0.0,14.01595744680851,,,0.0,0.0,1.0,0.75,各指標が比較的均衡
16322,富山県,上市町,17994,11.114816049794376,40.159574468085104,0.5557408024897188,77.76595744680851,294.54262531955095,63.244680851063826,82.24963876847838,65.0492264416315,0.16666666666666666,0.0,0.8333333333333334,1.0,MRI密度が相対的に高く、整形外科密度が相対的に低い
16323,富山県,立山町,23495,8.512449457331348,25.744680851063826,0.4256224728665674,67.81914893617021,16.17365396892956,35.47872340425532,25.537348371994042,14.41631504922644,0.1,0.0,0.9,1.0,MRI密度が相対的に高く、一般病床が相対的に低い
16342,富山県,入善町,21632,9.245562130177515,28.404255319148934,0.46227810650887574,71.22340425531914,4.622781065088757,31.117021276595747,17.566568047337277,10.618846694796062,0.16666666666666666,0.16666666666666666,0.6666666666666666,1.0,MRI密度が相対的に高く、一般病床が相対的に低い
16343,富山県,朝日町,9851,20.302507359658918,81.54255319148936,2.030250735965892,99.14893617021276,1281.0882143944777,96.32978723404256,159.37468277332252,93.0379746835443,0.5,0.0,0.5,1.0,各指標が比較的均衡
17201,石川県,金沢市,450222,15.103659972191496,61.702127659574465,0.6441266752846373,81.38297872340425,780.7481642389755,88.93617021276596,103.43785954484676,78.69198312236287,0.11748633879781421,0.04918032786885246,0.8333333333333334,1.0,手術活動が相対的に高く、整形外科密度が相対的に低い
17202,石川県,七尾市,46220,15.144958892254436,61.91489361702127,0.4327131112072696,68.77659574468085,1111.6399826914756,95.31914893617022,201.21159671138037,95.9212376933896,0.15151515151515152,0.09090909090909091,0.7575757575757576,1.0,一般病床が相対的に高く、整形外科密度が相対的に低い
17203,石川県,小松市,103678,10.609772565057197,36.702127659574465,0.3858099114566253,63.08510638297873,483.709176488744,76.01063829787233,69.44578406219256,53.9381153305204,0.13636363636363635,0.12121212121212122,0.7424242424242424,1.0,手術活動が相対的に高く、整形外科密度が相対的に低い
17204,石川県,輪島市,21231,23.550468654326224,87.02127659574468,0.4710093730865244,71.96808510638299,109.27417455607366,47.5531914893617,80.54260279779568,63.36146272855133,0.058823529411764705,0.0,0.9411764705882353,1.0,整形外科密度が相対的に高く、手術活動が相対的に低い
17205,石川県,珠洲市,11273,17.741506253880956,73.72340425531915,0.8870753126940477,90.42553191489363,440.8764304089417,73.82978723404256,95.80413377095715,74.19127988748242,0.14285714285714285,0.0,0.8571428571428571,1.0,各指標が比較的均衡
17206,石川県,加賀市,58175,20.62741727546197,82.5,0.5156854318865493,74.7872340425532,345.3373442200257,66.22340425531915,97.98023205844434,75.52742616033755,0.13043478260869565,0.043478260869565216,0.8260869565217391,1.0,各指標が比較的均衡
17207,石川県,羽咋市,18499,21.622790421103844,84.25531914893617,0.5405697605275961,76.59574468085107,537.8669117249582,79.25531914893617,94.05913833180172,73.27707454289732,0.058823529411764705,0.0,0.9411764705882353,1.0,各指標が比較的均衡
17209,石川県,かほく市,34918,8.591557362964659,26.01063829787234,0.0,19.44148936170213,14.605647517039921,34.9468085106383,0.0,3.551336146272855,0.15,0.0,0.85,1.0,手術活動が相対的に高く、一般病床が相対的に低い
17210,石川県,白山市,109019,13.759069519991927,55.1063829787234,0.2751813903998385,52.28723404255319,398.82956181949936,70.0531914893617,46.689109237839276,31.575246132208157,0.0625,0.0625,0.875,1.0,手術活動が相対的に高く、一般病床が相対的に低い
17211,石川県,能美市,47926,12.519300588407129,47.819148936170215,0.41731001961357095,66.4627659574468,194.25781413011725,54.46808510638298,50.70316738304887,35.654008438818565,0.10714285714285714,0.03571428571428571,0.8571428571428571,1.0,MRI密度が相対的に高く、一般病床が相対的に低い
17212,石川県,野々市市,58681,13.63303283856785,54.09574468085106,0.5112387314462944,74.30851063829788,185.57965951500486,53.72340425531915,30.674323886777664,17.932489451476794,0.0784313725490196,0.09803921568627451,0.8235294117647058,1.0,MRI密度が相対的に高く、一般病床が相対的に低い
17324,石川県,川北町,6029,0.0,7.659574468085106,0.0,19.44148936170213,0.0,14.01595744680851,,,0.0,0.0,1.0,0.75,各指標が比較的均衡
17361,石川県,津幡町,36651,16.370631087828436,68.08510638297872,0.0,19.44148936170213,92.22122179476686,45.851063829787236,16.370631087828436,9.985935302390999,0.10526315789473684,0.0,0.8947368421052632,1.0,整形外科密度が相対的に高く、一般病床が相対的に低い
17365,石川県,内灘町,25934,3.8559420066322203,15.638297872340425,1.156782601989666,94.57446808510637,2791.316418601064,99.36170212765958,297.2931287113442,98.80450070323488,0.14285714285714285,0.0,0.8571428571428571,1.0,手術活動が相対的に高く、整形外科密度が相対的に低い
17384,石川県,志賀町,16685,11.986814504045551,45.0531914893617,0.5993407252022775,79.52127659574468,47.34791729097992,41.170212765957444,35.96044351213665,22.151898734177212,0.125,0.0,0.875,1.0,MRI密度が相対的に高く、一般病床が相対的に低い
17386,石川県,宝達志水町,11070,9.033423667570009,27.500000000000004,0.903342366757001,90.74468085106383,88.52755194218608,45.42553191489362,38.843721770551035,24.19127988748242,0.25,0.25,0.5,1.0,MRI密度が相対的に高く、一般病床が相対的に低い
17407,石川県,中能登町,15232,0.0,7.659574468085106,0.0,19.44148936170213,0.0,14.01595744680851,,,0.0,0.0,1.0,0.75,各指標が比較的均衡
17461,石川県,穴水町,7104,14.076576576576576,56.75531914893617,1.4076576576576576,96.70212765957447,637.6689189189188,83.88297872340425,140.76576576576576,89.45147679324894,0.14285714285714285,0.0,0.8571428571428571,1.0,MRI密度が相対的に高く、整形外科密度が相対的に低い
17463,石川県,能登町,13710,21.88183807439825,84.46808510638299,0.7293946024799416,85.15957446808511,211.52443471918306,56.01063829787234,65.64551422319475,50.28129395218003,0.2222222222222222,0.0,0.7777777777777778,1.0,MRI密度が相対的に高く、一般病床が相対的に低い
18201,福井県,福井市,252933,19.768080875172476,79.8936170212766,0.6721147497558643,83.03191489361701,914.5504936089794,91.91489361702128,105.60108803517137,79.74683544303798,0.11739130434782609,0.1,0.782608695652174,1.0,各指標が比較的均衡
18202,福井県,敦賀市,61377,13.034198478257327,50.58510638297873,0.48878244293464973,72.92553191489361,450.16862994281246,74.30851063829788,95.96428629616958,74.40225035161744,0.11904761904761904,0.09523809523809523,0.7857142857142857,1.0,一般病床が相対的に高く、整形外科密度が相対的に低い
18204,福井県,小浜市,27802,7.193727069994964,20.159574468085108,0.3596863534997482,60.63829787234043,680.8862671750234,85.31914893617021,106.46716063592547,80.09845288326301,0.125,0.0,0.875,1.0,手術活動が相対的に高く、整形外科密度が相対的に低い
18205,福井県,大野市,28540,10.51156271899089,35.851063829787236,0.35038542396636296,59.680851063829785,7.708479327259986,32.4468085106383,27.330063069376312,15.471167369901547,0.23529411764705882,0.0,0.7647058823529411,1.0,MRI密度が相対的に高く、一般病床が相対的に低い
18206,福井県,勝山市,20539,24.343931057987245,88.29787234042553,0.48687862115974484,72.87234042553192,414.3337066069429,71.80851063829788,96.88884561078923,74.82419127988749,0.18181818181818182,0.18181818181818182,0.6363636363636364,1.0,各指標が比較的均衡
18207,福井県,鯖江市,66571,12.017244746210812,45.21276595744681,0.7510777966381759,86.43617021276596,240.94575716152679,58.35106382978723,60.08622373105406,44.79606188466948,0.175,0.075,0.75,1.0,MRI密度が相対的に高く、一般病床が相対的に低い
18208,福井県,あわら市,26082,19.17030902538149,78.29787234042553,0.7668123610152595,86.91489361702128,111.95460470822789,47.76595744680851,132.27513227513228,88.0450070323488,0.1875,0.0,0.8125,1.0,一般病床が相対的に高く、手術活動が相対的に低い
18209,福井県,越前市,77392,19.381848253049412,78.72340425531915,0.2584246433739921,50.212765957446805,310.23878437047756,64.36170212765957,55.173661360347324,39.66244725738397,0.14285714285714285,0.14285714285714285,0.7142857142857143,1.0,整形外科密度が相対的に高く、一般病床が相対的に低い
18210,福井県,坂井市,85679,8.170029995681555,24.414893617021278,0.35014414267206667,59.57446808510638,195.49714632523722,54.680851063829785,35.481273124102756,21.729957805907173,0.09523809523809523,0.047619047619047616,0.8571428571428571,1.0,MRI密度が相対的に高く、一般病床が相対的に低い
18322,福井県,永平寺町,18122,16.554464187175807,68.88297872340425,1.6554464187175808,98.40425531914893,4617.591877276239,100.0,308.4648493543759,99.0857946554149,0.1111111111111111,0.0,0.8888888888888888,1.0,手術活動が相対的に高く、整形外科密度が相対的に低い
18382,福井県,池田町,2148,0.0,7.659574468085106,0.0,19.44148936170213,0.0,14.01595744680851,,,0.0,0.0,1.0,0.75,各指標が比較的均衡
18404,福井県,南越前町,8899,33.711652994718506,95.1063829787234,0.0,19.44148936170213,0.0,14.01595744680851,,,0.0,0.3333333333333333,0.6666666666666666,0.75,整形外科密度が相対的に高く、手術活動が相対的に低い
18423,福井県,越前町,18625,5.369127516778524,16.914893617021278,0.5369127516778524,76.38297872340426,231.94630872483222,57.819148936170215,29.530201342281877,16.877637130801688,0.3333333333333333,0.0,0.6666666666666666,1.0,MRI密度が相対的に高く、一般病床が相対的に低い
18442,福井県,美浜町,8638,23.153507756425096,86.32978723404256,0.0,19.44148936170213,0.0,14.01595744680851,,,0.0,0.0,1.0,0.75,整形外科密度が相対的に高く、手術活動が相対的に低い
18481,福井県,高浜町,9607,20.818153429790776,82.87234042553192,1.0409076714895389,93.19148936170212,43.718122202560636,40.58510638297872,41.63630685958155,26.511954992967652,0.16666666666666666,0.0,0.8333333333333334,1.0,MRI密度が相対的に高く、一般病床が相対的に低い
18483,福井県,おおい町,7447,26.856452262656102,90.69148936170212,0.0,19.44148936170213,0.0,14.01595744680851,,,0.0,0.25,0.75,0.75,整形外科密度が相対的に高く、手術活動が相対的に低い
18501,福井県,若狭町,12471,24.055809477988934,87.92553191489361,0.0,19.44148936170213,3.2074412637318575,30.26595744680851,33.67813326918451,20.393811533052038,0.2222222222222222,0.1111111111111111,0.6666666666666666,1.0,整形外科密度が相対的に高く、MRI密度が相対的に低い
19201,山梨県,甲府市,185993,20.43087643083342,82.02127659574468,0.6451855715000027,81.48936170212767,889.9259649556703,91.32978723404256,112.0472275838338,82.48945147679325,0.07253886010362694,0.04145077720207254,0.8860103626943006,1.0,各指標が比較的均衡
19202,山梨県,富士吉田市,44113,18.13524357899032,75.1063829787234,0.453381089474758,70.58510638297872,710.6748577516831,86.48936170212767,58.03277945276903,42.47538677918425,0.02127659574468085,0.0425531914893617,0.9361702127659575,1.0,手術活動が相対的に高く、一般病床が相対的に低い
19204,山梨県,都留市,29369,10.214852395382886,34.09574468085106,0.6809901596921925,83.40425531914893,271.7150737171848,61.329787234042556,55.50069801491368,40.15471167369902,0.2,0.06666666666666667,0.7333333333333333,1.0,MRI密度が相対的に高く、整形外科密度が相対的に低い
19205,山梨県,山梨市,31632,9.484066767830045,29.574468085106382,0.9484066767830046,91.86170212765957,1097.9387961557916,95.1063829787234,150.79666160849774,91.70182841068917,0.17391304347826086,0.043478260869565216,0.782608695652174,1.0,手術活動が相対的に高く、整形外科密度が相対的に低い
19206,山梨県,大月市,20058,19.94216771363047,80.37234042553192,0.4985541928407618,73.56382978723404,205.40432745039385,55.53191489361702,68.80047861202512,53.58649789029536,0.0625,0.0625,0.875,1.0,整形外科密度が相対的に高く、一般病床が相対的に低い
19207,山梨県,韮崎市,27503,29.08773588335818,92.87234042553192,0.3635966985419773,61.11702127659574,330.1458022761154,65.42553191489363,95.26233501799804,74.0506329113924,0.19230769230769232,0.038461538461538464,0.7692307692307693,1.0,整形外科密度が相対的に高く、MRI密度が相対的に低い
19208,山梨県,南アルプス市,67993,13.236656714661802,52.02127659574468,0.14707396349624227,41.648936170212764,127.95434824173077,49.52127659574468,42.50437545041401,27.074542897327706,0.15625,0.03125,0.8125,1.0,整形外科密度が相対的に高く、一般病床が相対的に低い
19209,山梨県,北杜市,42674,16.40343066035525,68.51063829787233,0.46866944743872146,71.64893617021276,103.81028260767681,47.180851063829785,32.8068613207105,19.479606188466946,0.09090909090909091,0.045454545454545456,0.8636363636363636,1.0,MRI密度が相対的に高く、一般病床が相対的に低い
19210,山梨県,甲斐市,75080,13.319126265316994,52.60638297872341,0.0,19.44148936170213,8.923814597762387,33.13829787234043,19.179541822056475,11.533052039381154,0.06349206349206349,0.06349206349206349,0.873015873015873,1.0,整形外科密度が相対的に高く、一般病床が相対的に低い
19211,山梨県,笛吹市,64679,15.460968784304026,63.138297872340424,0.15460968784304024,42.07446808510638,138.83949968305015,50.31914893617021,109.15443961718641,81.22362869198312,0.18181818181818182,0.022727272727272728,0.7954545454545454,1.0,一般病床が相対的に高く、MRI密度が相対的に低い
19212,山梨県,上野原市,20848,14.389869531849579,58.03191489361702,0.47966231772831924,72.44680851063829,197.62087490406753,55.00000000000001,64.7544128933231,49.43741209563994,0.125,0.0,0.875,1.0,MRI密度が相対的に高く、一般病床が相対的に低い
19213,山梨県,甲州市,27020,14.803849000740191,60.37234042553191,0.3700962250185048,61.648936170212764,98.81569207994079,46.702127659574465,52.18356772760918,37.0604781997187,0.09523809523809523,0.0,0.9047619047619048,1.0,MRI密度が相対的に高く、一般病床が相対的に低い
19214,山梨県,中央市,30750,6.504065040650406,18.617021276595743,1.3008130081300813,95.74468085106383,2462.439024390244,99.04255319148936,187.96747967479675,95.14767932489451,0.05,0.1,0.85,1.0,手術活動が相対的に高く、整形外科密度が相対的に低い
19346,山梨県,市川三郷町,13690,21.91380569758948,84.57446808510637,0.0,19.44148936170213,0.0,14.01595744680851,,,0.0,0.0,1.0,0.75,整形外科密度が相対的に高く、手術活動が相対的に低い
19364,山梨県,早川町,932,0.0,7.659574468085106,0.0,19.44148936170213,0.0,14.01595744680851,,,0.0,0.0,1.0,0.75,各指標が比較的均衡
19365,山梨県,身延町,8926,33.60967958772126,95.0531914893617,1.1203226529240422,94.20212765957446,284.5619538427067,62.18085106382979,123.23549182164464,85.86497890295358,0.3333333333333333,0.0,0.6666666666666666,1.0,整形外科密度が相対的に高く、手術活動が相対的に低い
19366,山梨県,南部町,6310,15.847860538827259,65.1595744680851,0.0,19.44148936170213,0.0,14.01595744680851,,,0.0,0.0,1.0,0.75,整形外科密度が相対的に高く、手術活動が相対的に低い
19368,山梨県,富士川町,13250,22.641509433962263,85.69148936170212,0.7547169811320755,86.64893617021276,766.0377358490566,88.24468085106383,128.30188679245282,87.34177215189874,0.2222222222222222,0.0,0.7777777777777778,1.0,各指標が比較的均衡
19384,山梨県,昭和町,21593,27.78678275367017,91.80851063829788,0.0,19.44148936170213,60.20469596628537,43.03191489361702,20.84008706525263,12.376933895921239,0.03125,0.0625,0.90625,1.0,整形外科密度が相対的に高く、一般病床が相対的に低い
19422,山梨県,道志村,1481,0.0,7.659574468085106,0.0,19.44148936170213,0.0,14.01595744680851,,,0.0,0.0,1.0,0.75,各指標が比較的均衡
19423,山梨県,西桂町,3735,0.0,7.659574468085106,0.0,19.44148936170213,0.0,14.01595744680851,,,0.0,0.0,1.0,0.75,各指標が比較的均衡
19424,山梨県,忍野村,9348,0.0,7.659574468085106,0.0,19.44148936170213,0.0,14.01595744680851,,,0.0,0.0,1.0,0.75,各指標が比較的均衡
19425,山梨県,山中湖村,5045,0.0,7.659574468085106,0.0,19.44148936170213,0.0,14.01595744680851,,,0.0,0.0,1.0,0.75,各指標が比較的均衡
19429,山梨県,鳴沢村,2739,0.0,7.659574468085106,0.0,19.44148936170213,0.0,14.01595744680851,,,0.0,0.0,1.0,0.75,各指標が比較的均衡
19430,山梨県,富士河口湖町,26424,15.137753557372086,61.861702127659576,0.3784438389343021,62.5,527.9291553133515,78.61702127659575,82.87920072661217,65.54149085794656,0.04,0.0,0.96,1.0,各指標が比較的均衡
19442,山梨県,小菅村,588,0.0,7.659574468085106,0.0,19.44148936170213,0.0,14.01595744680851,,,0.0,0.0,1.0,0.75,各指標が比較的均衡
19443,山梨県,丹波山村,465,0.0,7.659574468085106,0.0,19.44148936170213,0.0,14.01595744680851,,,0.0,0.0,1.0,0.75,各指標が比較的均衡
20201,長野県,長野市,363086,10.741256892306506,37.97872340425532,0.3580418964102169,60.53191489361702,539.5691378901968,79.30851063829788,79.2925092126934,62.09563994374121,0.08487084870848709,0.055350553505535055,0.8597785977859779,1.0,手術活動が相対的に高く、整形外科密度が相対的に低い
20202,長野県,松本市,236049,13.132866481111973,51.11702127659574,0.7625535376129533,86.80851063829788,956.2421361666433,92.87234042553192,108.36733051188526,81.0126582278481,0.07441860465116279,0.04186046511627907,0.8837209302325582,1.0,手術活動が相対的に高く、整形外科密度が相対的に低い
20203,長野県,上田市,149188,14.076199158109231,56.702127659574465,0.3351475990026007,58.03191489361702,417.59390835724054,71.96808510638299,74.46979649837789,58.368495077355846,0.12087912087912088,0.054945054945054944,0.8241758241758241,1.0,各指標が比較的均衡
20204,長野県,岡谷市,44932,8.902341315766046,27.127659574468083,0.4451170657883023,69.9468085106383,329.6091872162379,65.31914893617021,90.35876435502537,70.88607594936708,0.12,0.08,0.8,1.0,一般病床が相対的に高く、整形外科密度が相対的に低い
20205,長野県,飯田市,93909,11.713467292804737,43.670212765957444,0.6389163977893493,81.22340425531915,729.7490123417351,87.12765957446808,88.06397682863197,69.54992967651195,0.0759493670886076,0.012658227848101266,0.9113924050632911,1.0,手術活動が相対的に高く、整形外科密度が相対的に低い
20206,長野県,諏訪市,46897,12.793995351515022,49.255319148936174,0.4264665117171674,67.97872340425532,1089.8351706932212,94.8936170212766,90.62413373989808,71.09704641350211,0.07317073170731707,0.024390243902439025,0.9024390243902439,1.0,手術活動が相対的に高く、整形外科密度が相対的に低い
20207,長野県,須坂市,47834,10.452815988627336,35.42553191489362,0.2090563197725467,46.11702127659574,424.17527281849726,72.76595744680851,62.716895931764014,47.39803094233474,0.05405405405405406,0.02702702702702703,0.918918918918919,1.0,手術活動が相対的に高く、整形外科密度が相対的に低い
20208,長野県,小諸市,39100,12.78772378516624,49.202127659574465,0.7672634271099743,86.96808510638297,439.386189258312,73.77659574468085,78.26086956521739,61.32208157524614,0.07407407407407407,0.07407407407407407,0.8518518518518519,1.0,MRI密度が相対的に高く、整形外科密度が相対的に低い
20209,長野県,伊那市,62912,11.126653102746694,40.21276595744681,0.47685656154628686,72.3936170212766,858.6597151576806,90.69148936170212,73.59486266531027,57.45428973277075,0.08695652173913043,0.021739130434782608,0.8913043478260869,1.0,手術活動が相対的に高く、整形外科密度が相対的に低い
20210,長野県,駒ヶ根市,31056,9.659969088098919,30.372340425531913,0.32199896960329727,56.38297872340425,381.246780010304,68.72340425531915,96.59969088098919,74.68354430379746,0.07692307692307693,0.038461538461538464,0.8846153846153846,1.0,一般病床が相対的に高く、整形外科密度が相対的に低い
20211,長野県,中野市,40487,12.349643095314544,46.861702127659576,0.4939857238125818,73.24468085106382,871.1438239434881,90.90425531914894,88.17645170054585,69.83122362869199,0.07142857142857142,0.03571428571428571,0.8928571428571429,1.0,手術活動が相対的に高く、整形外科密度が相対的に低い
20212,長野県,大町市,23939,20.886419649943605,82.97872340425532,0.4177283929988721,66.59574468085107,383.4746647729646,68.82978723404256,61.406073770834205,45.9915611814346,0.05263157894736842,0.0,0.9473684210526315,1.0,整形外科密度が相対的に高く、一般病床が相対的に低い
20213,長野県,飯山市,17819,22.447948818676693,85.37234042553192,0.5611987204669173,78.19148936170212,336.15803355968353,65.58510638297872,129.075705707391,87.48241912798875,0.07692307692307693,0.0,0.9230769230769231,1.0,一般病床が相対的に高く、手術活動が相対的に低い
20214,長野県,茅野市,55025,7.269422989550204,20.372340425531917,0.1817355747387551,43.723404255319146,411.0858700590641,71.54255319148936,57.24670604270786,41.842475386779185,0.027777777777777776,0.0,0.9722222222222222,1.0,手術活動が相対的に高く、整形外科密度が相対的に低い
20215,長野県,塩尻市,66085,13.61882424150715,53.88297872340425,0.15132026935007944,41.755319148936174,89.12763864719679,45.53191489361702,32.382537640917,18.846694796061886,0.125,0.025,0.85,1.0,整形外科密度が相対的に高く、一般病床が相対的に低い
20217,長野県,佐久市,96517,18.649564325455618,76.96808510638297,0.8288695255758054,89.09574468085107,1188.4952909850078,96.06382978723404,107.33860356206678,80.37974683544303,0.0875,0.025,0.8875,1.0,各指標が比較的均衡
20218,長野県,千曲市,56606,14.132777444087198,57.02127659574469,0.35331943610218,60.0,154.57725329470375,51.48936170212765,62.71419990813694,47.257383966244724,0.11428571428571428,0.0,0.8857142857142857,1.0,各指標が比較的均衡
20219,長野県,東御市,29446,13.584188005161993,53.670212765957444,0.3396047001290498,58.56382978723404,2.0376282007742987,29.308510638297875,20.376282007742986,12.09563994374121,0.15384615384615385,0.15384615384615385,0.6923076923076923,1.0,MRI密度が相対的に高く、一般病床が相対的に低い
20220,長野県,安曇野市,92161,9.765519037336833,31.48936170212766,0.32551730124456113,56.75531914893617,456.37525634487474,74.7340425531915,62.716333373118786,47.32770745428973,0.07462686567164178,0.05970149253731343,0.8656716417910447,1.0,手術活動が相対的に高く、整形外科密度が相対的に低い
20303,長野県,小海町,3980,25.12562814070352,88.82978723404256,0.0,19.44148936170213,32.663316582914575,38.40425531914894,125.62814070351759,86.56821378340366,0.5,0.0,0.5,1.0,整形外科密度が相対的に高く、MRI密度が相対的に低い
20304,長野県,川上村,4199,23.815194093831863,87.55319148936171,0.0,19.44148936170213,0.0,14.01595744680851,,,0.0,0.0,1.0,0.75,整形外科密度が相対的に高く、手術活動が相対的に低い
20305,長野県,南牧村,3061,0.0,7.659574468085106,0.0,19.44148936170213,0.0,14.01595744680851,,,0.0,0.0,1.0,0.75,各指標が比較的均衡
20306,長野県,南相木村,880,0.0,7.659574468085106,0.0,19.44148936170213,0.0,14.01595744680851,,,0.0,0.0,1.0,0.75,各指標が比較的均衡
20307,長野県,北相木村,678,0.0,7.659574468085106,0.0,19.44148936170213,0.0,14.01595744680851,,,0.0,0.0,1.0,0.75,各指標が比較的均衡
20309,長野県,佐久穂町,9379,10.662117496534812,37.12765957446808,1.066211749653481,93.40425531914893,95.95905746881331,46.43617021276596,55.44301098198102,40.08438818565401,0.25,0.0,0.75,1.0,MRI密度が相対的に高く、整形外科密度が相対的に低い
20321,長野県,軽井沢町,19600,20.408163265306122,81.86170212765957,0.5102040816326531,74.20212765957447,216.32653061224488,56.38297872340425,29.591836734693878,17.088607594936708,0.05,0.0,0.95,1.0,整形外科密度が相対的に高く、一般病床が相対的に低い
20323,長野県,御代田町,16100,12.422360248447205,47.23404255319149,0.6211180124223603,80.31914893617021,224.8447204968944,57.180851063829785,72.04968944099379,56.32911392405063,0.16666666666666666,0.0,0.8333333333333334,1.0,MRI密度が相対的に高く、整形外科密度が相対的に低い
20324,長野県,立科町,6099,16.396130513198887,68.35106382978722,0.0,19.44148936170213,0.0,14.01595744680851,,,0.0,0.0,1.0,0.75,整形外科密度が相対的に高く、手術活動が相対的に低い
20349,長野県,青木村,3907,0.0,7.659574468085106,0.0,19.44148936170213,0.0,14.01595744680851,,,0.0,0.0,1.0,0.75,各指標が比較的均衡
20350,長野県,長和町,5067,19.73554371422933,79.84042553191489,1.9735543714229329,98.98936170212767,1486.0864416814684,97.12765957446808,258.5356226564042,98.10126582278481,0.3333333333333333,0.0,0.6666666666666666,1.0,各指標が比較的均衡
20361,長野県,下諏訪町,17837,16.818971800190614,69.62765957446808,0.0,19.44148936170213,102.59572798116275,46.96808510638298,121.09659696137243,85.58368495077356,0.2,0.0,0.8,1.0,一般病床が相対的に高く、MRI密度が相対的に低い
20362,長野県,富士見町,13477,7.420048972323217,21.06382978723404,0.7420048972323217,86.06382978723404,661.1263634339987,84.68085106382979,119.4627884544038,85.0914205344585,0.25,0.0,0.75,1.0,MRI密度が相対的に高く、整形外科密度が相対的に低い
20363,長野県,原村,7611,13.138877939823939,51.22340425531915,0.0,19.44148936170213,0.0,14.01595744680851,,,0.0,0.0,1.0,0.75,整形外科密度が相対的に高く、手術活動が相対的に低い
20382,長野県,辰野町,17262,11.586142973004288,42.819148936170215,0.5793071486502144,78.98936170212765,35.33773606766307,39.04255319148936,57.930714865021436,42.405063291139236,0.2,0.0,0.8,1.0,MRI密度が相対的に高く、手術活動が相対的に低い
20383,長野県,箕輪町,24315,8.225375282747276,24.574468085106382,0.0,19.44148936170213,10.281719103434094,33.72340425531915,23.031050791692373,13.502109704641349,0.09090909090909091,0.0,0.9090909090909091,1.0,手術活動が相対的に高く、一般病床が相対的に低い
20384,長野県,飯島町,8454,0.0,7.659574468085106,0.0,19.44148936170213,0.0,14.01595744680851,,,0.0,0.0,1.0,0.75,各指標が比較的均衡
20385,長野県,南箕輪村,16296,6.136475208640157,17.606382978723403,0.0,19.44148936170213,0.0,14.01595744680851,0.0,3.551336146272855,0.16666666666666666,0.0,0.8333333333333334,1.0,各指標が比較的均衡
20386,長野県,中川村,4387,0.0,7.659574468085106,0.0,19.44148936170213,0.0,14.01595744680851,,,0.0,0.0,1.0,0.75,各指標が比較的均衡
20388,長野県,宮田村,8241,0.0,7.659574468085106,0.0,19.44148936170213,0.0,14.01595744680851,,,0.0,0.0,1.0,0.75,各指標が比較的均衡
20402,長野県,松川町,11928,8.383635144198525,25.159574468085104,0.0,19.44148936170213,176.89470154258885,53.031914893617014,46.948356807511736,32.20815752461322,0.25,0.0,0.75,1.0,手術活動が相対的に高く、MRI密度が相対的に低い
20403,長野県,高森町,12346,16.199578810950914,67.18085106382978,0.8099789405475457,88.61702127659574,161.1858091689616,51.86170212765957,42.92888384901992,27.566807313642755,0.14285714285714285,0.0,0.8571428571428571,1.0,MRI密度が相対的に高く、一般病床が相対的に低い
20404,長野県,阿南町,3652,27.382256297918946,91.38297872340425,2.738225629791895,99.62765957446808,325.8488499452355,65.1063829787234,142.38773274917853,89.73277074542897,0.25,0.0,0.75,1.0,MRI密度が相対的に高く、手術活動が相対的に低い
20407,長野県,阿智村,5609,0.0,7.659574468085106,0.0,19.44148936170213,0.0,14.01595744680851,,,0.0,0.2,0.8,0.75,各指標が比較的均衡
20409,長野県,平谷村,326,0.0,7.659574468085106,0.0,19.44148936170213,0.0,14.01595744680851,,,0.0,0.0,1.0,0.75,各指標が比較的均衡
20410,長野県,根羽村,729,0.0,7.659574468085106,0.0,19.44148936170213,0.0,14.01595744680851,,,0.0,0.0,1.0,0.75,各指標が比較的均衡
20411,長野県,下條村,3296,0.0,7.659574468085106,0.0,19.44148936170213,0.0,14.01595744680851,,,0.0,0.0,1.0,0.75,各指標が比較的均衡
20412,長野県,売木村,490,0.0,7.659574468085106,0.0,19.44148936170213,0.0,14.01595744680851,,,0.0,0.0,1.0,0.75,各指標が比較的均衡
20413,長野県,天龍村,911,0.0,7.659574468085106,0.0,19.44148936170213,0.0,14.01595744680851,,,0.0,0.0,1.0,0.75,各指標が比較的均衡
20414,長野県,泰阜村,1347,0.0,7.659574468085106,0.0,19.44148936170213,0.0,14.01595744680851,,,0.0,0.0,1.0,0.75,各指標が比較的均衡
20415,長野県,喬木村,5634,0.0,7.659574468085106,0.0,19.44148936170213,0.0,14.01595744680851,,,0.0,0.0,1.0,0.75,各指標が比較的均衡
20416,長野県,豊丘村,6144,0.0,7.659574468085106,0.0,19.44148936170213,0.0,14.01595744680851,,,0.0,0.0,1.0,0.75,各指標が比較的均衡
20417,長野県,大鹿村,878,0.0,7.659574468085106,0.0,19.44148936170213,0.0,14.01595744680851,,,0.0,0.0,1.0,0.75,各指標が比較的均衡
20422,長野県,上松町,3581,0.0,7.659574468085106,0.0,19.44148936170213,0.0,14.01595744680851,,,0.0,0.0,1.0,0.75,各指標が比較的均衡
20423,長野県,南木曽町,3381,0.0,7.659574468085106,0.0,19.44148936170213,0.0,14.01595744680851,,,0.0,0.0,1.0,0.75,各指標が比較的均衡
20425,長野県,木祖村,2402,41.631973355537056,97.18085106382979,0.0,19.44148936170213,0.0,14.01595744680851,,,0.0,0.0,1.0,0.75,整形外科密度が相対的に高く、手術活動が相対的に低い
20429,長野県,王滝村,618,0.0,7.659574468085106,0.0,19.44148936170213,0.0,14.01595744680851,,,0.0,0.0,1.0,0.75,各指標が比較的均衡
20430,長野県,大桑村,3096,0.0,7.659574468085106,0.0,19.44148936170213,0.0,14.01595744680851,,,0.0,0.0,1.0,0.75,各指標が比較的均衡
20432,長野県,木曽町,9271,10.7863229425089,38.297872340425535,1.07863229425089,93.77659574468085,755.0426059756229,87.92553191489361,135.90766907561212,88.60759493670885,0.16666666666666666,0.0,0.8333333333333334,1.0,MRI密度が相対的に高く、整形外科密度が相対的に低い
20446,長野県,麻績村,2311,0.0,7.659574468085106,0.0,19.44148936170213,0.0,14.01595744680851,,,0.0,0.0,1.0,0.75,各指標が比較的均衡
20448,長野県,生坂村,1476,0.0,7.659574468085106,0.0,19.44148936170213,0.0,14.01595744680851,,,0.0,0.0,1.0,0.75,各指標が比較的均衡
20450,長野県,山形村,8136,12.291052114060964,46.54255319148936,0.0,19.44148936170213,0.0,14.01595744680851,,,0.0,0.0,1.0,0.75,整形外科密度が相対的に高く、手術活動が相対的に低い
20451,長野県,朝日村,4098,0.0,7.659574468085106,0.0,19.44148936170213,0.0,14.01595744680851,,,0.0,0.0,1.0,0.75,各指標が比較的均衡
20452,長野県,筑北村,3673,27.225701061802344,91.17021276595744,0.0,19.44148936170213,0.0,14.01595744680851,,,0.0,0.0,1.0,0.75,整形外科密度が相対的に高く、手術活動が相対的に低い
20481,長野県,池田町,8571,11.667250029168125,43.45744680851064,2.333450005833625,99.46808510638297,2452.45595613114,98.93617021276596,238.01190059502974,97.46835443037975,0.16666666666666666,0.0,0.8333333333333334,1.0,MRI密度が相対的に高く、整形外科密度が相対的に低い
20482,長野県,松川村,9225,10.840108401084011,38.72340425531915,0.0,19.44148936170213,0.0,14.01595744680851,,,0.0,0.0,1.0,0.75,整形外科密度が相対的に高く、手術活動が相対的に低い
20485,長野県,白馬村,8187,48.85794552339074,98.13829787234043,0.0,19.44148936170213,0.0,14.01595744680851,,,0.0,0.16666666666666666,0.8333333333333334,0.75,整形外科密度が相対的に高く、手術活動が相対的に低い
20486,長野県,小谷村,2330,42.918454935622314,97.3404255319149,0.0,19.44148936170213,0.0,14.01595744680851,,,0.0,0.0,1.0,0.75,整形外科密度が相対的に高く、手術活動が相対的に低い
20521,長野県,坂城町,12694,7.877737513786041,22.97872340425532,0.0,19.44148936170213,0.0,14.01595744680851,,,0.0,0.0,1.0,0.75,各指標が比較的均衡
20541,長野県,小布施町,10567,9.463423866754992,29.46808510638298,0.9463423866754992,91.80851063829788,35.96101069366897,39.20212765957447,94.63423866754992,73.69901547116737,0.14285714285714285,0.0,0.8571428571428571,1.0,MRI密度が相対的に高く、整形外科密度が相対的に低い
20543,長野県,高山村,6177,0.0,7.659574468085106,0.0,19.44148936170213,0.0,14.01595744680851,,,0.0,0.0,1.0,0.75,各指標が比較的均衡
20561,長野県,山ノ内町,10254,9.752291788570314,31.06382978723404,0.0,19.44148936170213,0.0,14.01595744680851,,,0.0,0.0,1.0,0.75,各指標が比較的均衡
20562,長野県,木島平村,3935,25.412960609911053,89.20212765957447,0.0,19.44148936170213,0.0,14.01595744680851,,,0.0,0.0,1.0,0.75,整形外科密度が相対的に高く、手術活動が相対的に低い
20563,長野県,野沢温泉村,2935,34.07155025553663,95.15957446808511,0.0,19.44148936170213,0.0,14.01595744680851,,,0.0,0.0,1.0,0.75,整形外科密度が相対的に高く、手術活動が相対的に低い
20583,長野県,信濃町,7023,28.477858465043433,92.4468085106383,1.4238929232521715,96.80851063829788,223.55118895059093,56.96808510638298,45.56457354406949,30.450070323488042,0.5,0.0,0.5,1.0,MRI密度が相対的に高く、一般病床が相対的に低い
20588,長野県,小川村,1936,51.65289256198347,98.24468085106382,0.0,19.44148936170213,0.0,14.01595744680851,,,0.0,0.0,1.0,0.75,整形外科密度が相対的に高く、手術活動が相対的に低い
20590,長野県,飯綱町,9470,10.559662090813093,36.27659574468085,1.0559662090813093,93.35106382978722,271.3833157338965,61.170212765957444,116.15628299894404,84.38818565400844,0.5,0.0,0.5,1.0,MRI密度が相対的に高く、整形外科密度が相対的に低い
20602,長野県,栄村,1433,0.0,7.659574468085106,0.0,19.44148936170213,0.0,14.01595744680851,,,0.0,0.0,1.0,0.75,各指標が比較的均衡
21201,岐阜県,岐阜市,392902,19.08872950506742,78.13829787234042,0.6617426228423373,82.3936170212766,839.2423556001243,90.37234042553192,110.3074048999496,81.78621659634318,0.07874015748031496,0.07874015748031496,0.84251968503937,1.0,各指標が比較的均衡
21202,岐阜県,大垣市,154850,14.853083629318695,60.63829787234043,0.38747174685179203,63.244680851063826,712.6251210849209,86.54255319148936,70.13238618017436,54.500703234880454,0.0625,0.08035714285714286,0.8571428571428571,1.0,手術活動が相対的に高く、一般病床が相対的に低い
21203,岐阜県,高山市,78262,16.61087117630523,68.93617021276596,0.12777593212542487,40.319148936170215,343.3339296210166,66.01063829787233,77.43221486800746,60.68917018284107,0.046153846153846156,0.06153846153846154,0.8923076923076924,1.0,整形外科密度が相対的に高く、MRI密度が相対的に低い
21204,岐阜県,多治見市,100822,13.885858245224256,55.74468085106383,0.39673880700640735,64.20212765957447,738.1325504354209,87.3936170212766,76.0746662434786,59.70464135021098,0.05194805194805195,0.07792207792207792,0.8701298701298701,1.0,手術活動が相対的に高く、整形外科密度が相対的に低い
21205,岐阜県,関市,81718,9.78976480090066,31.542553191489365,0.3671161800337747,61.38297872340426,413.25044665801903,71.70212765957447,72.07714334663109,56.399437412095644,0.0392156862745098,0.0196078431372549,0.9411764705882353,1.0,手術活動が相対的に高く、整形外科密度が相対的に低い
21206,岐阜県,中津川市,73087,6.841161902937595,19.25531914893617,0.4104697141762557,65.74468085106383,423.6047450298959,72.65957446808511,43.2361432265656,28.059071729957807,0.044444444444444446,0.022222222222222223,0.9333333333333333,1.0,手術活動が相対的に高く、整形外科密度が相対的に低い
21207,岐阜県,美濃市,17926,22.313957380341403,85.0531914893617,0.5578489345085351,78.03191489361701,258.28405667745176,60.15957446808511,68.05757001004127,52.109704641350206,0.09090909090909091,0.0,0.9090909090909091,1.0,整形外科密度が相対的に高く、一般病床が相対的に低い
21208,岐阜県,瑞浪市,35259,5.672310615729318,17.180851063829788,0.0,19.44148936170213,1.4180776539323292,28.936170212765955,0.0,3.551336146272855,0.06896551724137931,0.034482758620689655,0.896551724137931,1.0,手術活動が相対的に高く、一般病床が相対的に低い
21209,岐阜県,羽島市,64073,7.8035990198679634,22.4468085106383,0.3121439607947185,55.53191489361702,130.00795967100026,49.68085106382979,40.73478688371076,25.738396624472575,0.027777777777777776,0.1111111111111111,0.8611111111111112,1.0,MRI密度が相対的に高く、整形外科密度が相対的に低い
21210,岐阜県,恵那市,43758,15.997074820604231,66.17021276595744,0.22852964029434616,47.5,148.54426619132502,50.95744680851064,58.27505827505828,42.75668073136428,0.06451612903225806,0.03225806451612903,0.9032258064516129,1.0,整形外科密度が相対的に高く、一般病床が相対的に低い
21211,岐阜県,美濃加茂市,56972,7.020992768377449,19.680851063829788,0.8776240960471811,90.31914893617021,1329.2494558730605,96.54255319148936,124.79814645790914,86.28691983122363,0.10526315789473684,0.05263157894736842,0.8421052631578947,1.0,手術活動が相対的に高く、整形外科密度が相対的に低い
21212,岐阜県,土岐市,51792,7.723200494284832,21.99468085106383,0.0,19.44148936170213,3.4754402224281744,30.47872340425532,0.0,3.551336146272855,0.0967741935483871,0.0,0.9032258064516129,1.0,手術活動が相対的に高く、一般病床が相対的に低い
21213,岐阜県,各務原市,141808,11.282861333634209,41.11702127659574,0.1410357666704276,41.22340425531915,124.60509985332281,48.88297872340426,26.796795667381247,15.119549929676513,0.04040404040404041,0.09090909090909091,0.8686868686868687,1.0,手術活動が相対的に高く、一般病床が相対的に低い
21214,岐阜県,可児市,98689,9.119557397480976,27.872340425531917,0.3039852465826992,54.62765957446809,173.27159055213852,52.76595744680851,37.59284216072714,23.20675105485232,0.07272727272727272,0.03636363636363636,0.8909090909090909,1.0,MRI密度が相対的に高く、一般病床が相対的に低い
21215,岐阜県,山県市,23486,12.773567231542195,48.93617021276596,0.0,19.44148936170213,0.0,14.01595744680851,88.56339947202588,70.25316455696202,0.07142857142857142,0.0,0.9285714285714286,1.0,一般病床が相対的に高く、手術活動が相対的に低い
21216,岐阜県,瑞穂市,57151,10.498503963185247,35.691489361702125,0.0,19.44148936170213,0.0,14.01595744680851,,,0.0,0.06060606060606061,0.9393939393939394,0.75,整形外科密度が相対的に高く、手術活動が相対的に低い
21217,岐阜県,飛騨市,20378,19.62901167926195,79.46808510638299,0.49072529198154874,73.03191489361703,45.14672686230248,40.797872340425535,26.499165767003632,14.69760900140647,0.11764705882352941,0.0,0.8823529411764706,1.0,整形外科密度が相対的に高く、一般病床が相対的に低い
21218,岐阜県,本巣市,31719,12.610738043443993,48.08510638297872,0.0,19.44148936170213,0.0,14.01595744680851,,,0.0,0.0,1.0,0.75,整形外科密度が相対的に高く、手術活動が相対的に低い
21219,岐阜県,郡上市,35283,11.336904458237678,41.43617021276596,0.8502678343678259,89.57446808510639,210.29957770030893,55.90425531914893,72.55618853272114,56.68073136427567,0.16,0.04,0.8,1.0,MRI密度が相対的に高く、整形外科密度が相対的に低い
21220,岐阜県,下呂市,26993,14.818656688771162,60.42553191489362,0.7409328344385582,85.95744680851064,200.42233171563,55.319148936170215,80.76167895380284,63.85372714486639,0.13636363636363635,0.09090909090909091,0.7727272727272727,1.0,MRI密度が相対的に高く、手術活動が相対的に低い
21221,岐阜県,海津市,30362,13.17436269020486,51.59574468085106,0.32935906725512154,57.31382978723404,3.622949739806337,30.585106382978722,32.60654765825703,19.268635724331926,0.1,0.0,0.9,1.0,MRI密度が相対的に高く、一般病床が相対的に低い
21302,岐阜県,岐南町,26082,11.502185415228894,42.3936170212766,0.0,19.44148936170213,0.0,14.01595744680851,,,0.0,0.13043478260869565,0.8695652173913043,0.75,整形外科密度が相対的に高く、手術活動が相対的に低い
21303,岐阜県,笠松町,21692,23.04997234003319,86.11702127659574,0.9219988936013277,91.25,2251.521298174442,98.61702127659574,230.9607228471326,97.25738396624473,0.11764705882352941,0.11764705882352941,0.7647058823529411,1.0,各指標が比較的均衡
21341,岐阜県,養老町,24810,12.091898428053204,45.47872340425532,0.0,19.44148936170213,0.0,14.01595744680851,38.29101168883515,23.839662447257385,0.08333333333333333,0.0,0.9166666666666666,1.0,整形外科密度が相対的に高く、手術活動が相対的に低い
21361,岐阜県,垂井町,25126,3.9799410968717663,15.797872340425531,0.39799410968717663,64.52127659574468,190.24118443047044,54.09574468085106,56.913157685266256,41.27988748241913,0.15384615384615385,0.0,0.8461538461538461,1.0,MRI密度が相対的に高く、整形外科密度が相対的に低い
21362,岐阜県,関ケ原町,5958,33.56831151393085,95.0,0.0,19.44148936170213,0.0,14.01595744680851,,,0.0,0.6666666666666666,0.3333333333333333,0.75,整形外科密度が相対的に高く、手術活動が相対的に低い
21381,岐阜県,神戸町,17597,11.365573677331364,41.648936170212764,0.0,19.44148936170213,0.0,14.01595744680851,,,0.0,0.3333333333333333,0.6666666666666666,0.75,整形外科密度が相対的に高く、手術活動が相対的に低い
21382,岐阜県,輪之内町,9513,0.0,7.659574468085106,0.0,19.44148936170213,0.0,14.01595744680851,,,0.0,0.0,1.0,0.75,各指標が比較的均衡
21383,岐阜県,安八町,13752,14.543339150668993,58.88297872340426,0.0,19.44148936170213,0.0,14.01595744680851,,,0.0,0.125,0.875,0.75,整形外科密度が相対的に高く、手術活動が相対的に低い
21401,岐阜県,揖斐川町,17389,34.504571855770884,95.53191489361701,0.0,19.44148936170213,0.0,14.01595744680851,,,0.0,0.14285714285714285,0.8571428571428571,0.75,整形外科密度が相対的に高く、手術活動が相対的に低い
21403,岐阜県,大野町,20974,19.071231047964144,77.97872340425532,0.0,19.44148936170213,0.0,14.01595744680851,190.71231047964147,95.35864978902954,0.09090909090909091,0.09090909090909091,0.8181818181818182,1.0,一般病床が相対的に高く、手術活動が相対的に低い
21404,岐阜県,池田町,21597,13.890818169190165,55.87765957446808,0.0,19.44148936170213,12.964763624577486,34.41489361702128,23.61439088762328,13.572433192686356,0.14285714285714285,0.14285714285714285,0.7142857142857143,1.0,整形外科密度が相対的に高く、一般病床が相対的に低い
21421,岐阜県,北方町,17905,22.34012845573862,85.13297872340425,0.0,19.44148936170213,0.0,14.01595744680851,,,0.0,0.1,0.9,0.75,整形外科密度が相対的に高く、手術活動が相対的に低い
21501,岐阜県,坂祝町,7885,25.364616360177553,89.14893617021276,0.0,19.44148936170213,0.0,14.01595744680851,,,0.0,0.0,1.0,0.75,整形外科密度が相対的に高く、手術活動が相対的に低い
21502,岐阜県,富加町,5443,0.0,7.659574468085106,0.0,19.44148936170213,0.0,14.01595744680851,,,0.0,0.0,1.0,0.75,各指標が比較的均衡
21503,岐阜県,川辺町,9436,21.1954217888936,83.51063829787235,0.0,19.44148936170213,0.0,14.01595744680851,,,0.0,0.4,0.6,0.75,整形外科密度が相対的に高く、手術活動が相対的に低い
21504,岐阜県,七宗町,2994,66.8002672010688,98.93617021276596,0.0,19.44148936170213,0.0,14.01595744680851,,,0.0,0.0,1.0,0.75,整形外科密度が相対的に高く、手術活動が相対的に低い
21505,岐阜県,八百津町,9352,10.6928999144568,37.6063829787234,0.0,19.44148936170213,2.13857998289136,29.414893617021278,0.0,3.551336146272855,0.125,0.125,0.75,1.0,整形外科密度が相対的に高く、一般病床が相対的に低い
21506,岐阜県,白川町,6515,15.349194167306216,62.5531914893617,1.5349194167306215,97.5531914893617,138.14274750575595,50.26595744680851,90.56024558710668,71.0267229254571,0.3333333333333333,0.0,0.6666666666666666,1.0,MRI密度が相対的に高く、手術活動が相対的に低い
21507,岐阜県,東白川村,1784,56.053811659192824,98.48404255319149,0.0,19.44148936170213,0.0,14.01595744680851,,,0.0,0.0,1.0,0.75,整形外科密度が相対的に高く、手術活動が相対的に低い
21521,岐阜県,御嵩町,16833,17.822135091783995,73.93617021276596,0.0,19.44148936170213,14.851779243153329,35.1063829787234,16.039921582605597,9.845288326300984,0.14285714285714285,0.14285714285714285,0.7142857142857143,1.0,整形外科密度が相対的に高く、一般病床が相対的に低い
21604,岐阜県,白川村,1380,0.0,7.659574468085106,0.0,19.44148936170213,0.0,14.01595744680851,,,0.0,0.0,1.0,0.75,各指標が比較的均衡
22101,静岡県,静岡市葵区,242029,12.808382466563923,49.361702127659576,0.5371257163397775,76.43617021276596,1080.4490370988601,94.84042553191489,104.6155625978705,79.11392405063292,0.06493506493506493,0.03896103896103896,0.8961038961038961,1.0,手術活動が相対的に高く、整形外科密度が相対的に低い
22102,静岡県,静岡市駿河区,210865,8.06203020890143,23.98936170212766,0.14227112133355463,41.27659574468085,304.6973181893629,63.776595744680854,41.495743722286775,26.441631504922647,0.027777777777777776,0.041666666666666664,0.9305555555555556,1.0,手術活動が相対的に高く、整形外科密度が相対的に低い
22103,静岡県,静岡市清水区,220872,9.507769205693796,29.734042553191493,0.18110036582273897,43.61702127659575,179.69683798761272,53.297872340425535,36.038972798725055,22.292545710267227,0.05343511450381679,0.030534351145038167,0.916030534351145,1.0,手術活動が相対的に高く、一般病床が相対的に低い
22203,静岡県,沼津市,180836,12.165719215200513,45.797872340425535,0.38709106593819814,63.191489361702125,404.0677741157734,70.47872340425532,62.76405140569355,47.46835443037975,0.078125,0.109375,0.8125,1.0,手術活動が相対的に高く、整形外科密度が相対的に低い
22205,静岡県,熱海市,31835,15.705983979896342,64.57446808510639,0.9423590387937804,91.70212765957447,1068.635149992147,94.57446808510637,148.89272812941732,90.9985935302391,0.15625,0.03125,0.8125,1.0,手術活動が相対的に高く、整形外科密度が相対的に低い
22206,静岡県,三島市,103034,11.646640914649534,43.351063829787236,0.19411068191082556,44.52127659574468,247.19995341343636,59.25531914893617,39.695634450763826,24.68354430379747,0.06741573033707865,0.033707865168539325,0.898876404494382,1.0,手術活動が相対的に高く、一般病床が相対的に低い
22207,静岡県,富士宮市,122437,7.350719145356387,20.74468085106383,0.24502397151187957,49.148936170212764,319.1845602228085,64.62765957446808,42.470821728725795,27.004219409282697,0.0625,0.075,0.8625,1.0,手術活動が相対的に高く、整形外科密度が相対的に低い
22208,静岡県,伊東市,62084,17.71793054571226,73.67021276595744,0.16107209587011148,42.28723404255319,212.93731074028733,56.11702127659575,40.26802396752786,25.17580872011252,0.021739130434782608,0.10869565217391304,0.8695652173913043,1.0,整形外科密度が相対的に高く、一般病床が相対的に低い
22209,静岡県,島田市,92221,7.59046204226803,21.648936170212764,0.21687034406480088,46.54255319148936,510.18748441244406,77.7127659574468,47.16929983409419,32.419127988748244,0.018518518518518517,0.07407407407407407,0.9074074074074074,1.0,手術活動が相対的に高く、整形外科密度が相対的に低い
22210,静岡県,富士市,238566,10.898451581532992,39.09574468085106,0.2515027288046075,49.62765957446808,387.94295918110714,69.25531914893617,45.98308224977575,30.942334739803094,0.07407407407407407,0.08641975308641975,0.8395061728395061,1.0,手術活動が相対的に高く、一般病床が相対的に低い
22211,静岡県,磐田市,162834,10.44008008155545,35.26595744680851,0.3070611788692779,55.00000000000001,377.193952123021,68.40425531914893,33.65390520407286,20.323488045007032,0.07964601769911504,0.05309734513274336,0.8672566371681416,1.0,手術活動が相対的に高く、一般病床が相対的に低い
22212,静岡県,焼津市,132470,7.548878991469766,21.382978723404257,0.452932739488186,70.53191489361701,495.130973050502,76.64893617021276,61.5233637804786,46.27285513361463,0.0684931506849315,0.0684931506849315,0.863013698630137,1.0,手術活動が相対的に高く、整形外科密度が相対的に低い
22213,静岡県,掛川市,112454,8.892524943532466,27.02127659574468,0.17785049887064935,43.08510638297872,625.2334287797677,83.08510638297872,44.106923719921035,28.83263009845288,0.07692307692307693,0.06153846153846154,0.8615384615384616,1.0,手術活動が相対的に高く、整形外科密度が相対的に低い
22214,静岡県,藤枝市,136082,12.492467776781645,47.6063829787234,0.4409106274158228,69.62765957446808,557.3110330536,80.0531914893617,44.164547846151585,29.11392405063291,0.05,0.03,0.92,1.0,手術活動が相対的に高く、一般病床が相対的に低い
22215,静岡県,御殿場市,80991,8.642935634823623,26.22340425531915,0.3704115272067267,61.702127659574465,452.02553370127544,74.57446808510639,93.46717536516404,72.9957805907173,0.18604651162790697,0.046511627906976744,0.7674418604651163,1.0,手術活動が相対的に高く、整形外科密度が相対的に低い
22216,静岡県,袋井市,87913,7.96241738991958,23.56382978723404,0.11374881985599399,39.62765957446808,3.753711055247802,30.638297872340424,11.374881985599398,8.368495077355837,0.03571428571428571,0.05357142857142857,0.9107142857142857,1.0,MRI密度が相対的に高く、一般病床が相対的に低い
22219,静岡県,下田市,18369,16.331863465621428,67.92553191489363,0.5443954488540476,77.02127659574468,351.67945995971473,66.59574468085107,68.59382655561,53.09423347398031,0.1111111111111111,0.2222222222222222,0.6666666666666666,1.0,MRI密度が相対的に高く、一般病床が相対的に低い
22220,静岡県,裾野市,47611,8.401419839952952,25.372340425531913,0.21003549599882382,46.22340425531915,31.295288903824748,38.138297872340424,20.583478607884732,12.165963431786217,0.06451612903225806,0.16129032258064516,0.7741935483870968,1.0,MRI密度が相対的に高く、一般病床が相対的に低い
22221,静岡県,湖西市,55965,7.147324220494952,20.0,0.35736621102474764,60.39893617021277,121.32582864290183,48.51063829787234,50.92468507102654,35.935302390998594,0.07692307692307693,0.0,0.9230769230769231,1.0,MRI密度が相対的に高く、整形外科密度が相対的に低い
22222,静岡県,伊豆市,25584,19.543464665415886,79.20212765957447,0.7817385866166354,87.44680851063829,354.90931832395245,66.75531914893617,59.80300187617261,44.37412095639944,0.35714285714285715,0.0,0.6428571428571429,1.0,MRI密度が相対的に高く、一般病床が相対的に低い
22223,静岡県,御前崎市,28616,6.98909700866648,19.574468085106382,0.349454850433324,59.52127659574467,205.82890690522785,55.58510638297872,50.67095331283198,35.58368495077356,0.07142857142857142,0.0,0.9285714285714286,1.0,MRI密度が相対的に高く、整形外科密度が相対的に低い
22224,静岡県,菊川市,47208,10.591425182172514,36.54255319148936,0.21182850364345027,46.38297872340426,293.3824775461786,63.191489361702125,41.94204372140315,26.652601969057667,0.043478260869565216,0.08695652173913043,0.8695652173913043,1.0,手術活動が相対的に高く、一般病床が相対的に低い
22225,静岡県,伊豆の国市,44449,17.99815518909312,74.62765957446808,1.3498616391819838,96.27659574468085,2216.697788476681,98.45744680851064,173.90717451461225,94.23347398030943,0.21428571428571427,0.07142857142857142,0.7142857142857143,1.0,手術活動が相対的に高く、整形外科密度が相対的に低い
22226,静岡県,牧之原市,40982,9.760382606998194,31.27659574468085,0.24400956517495487,49.04255319148936,541.7012346883998,79.36170212765957,86.62339563710897,68.56540084388185,0.045454545454545456,0.0,0.9545454545454546,1.0,手術活動が相対的に高く、整形外科密度が相対的に低い
22301,静岡県,東伊豆町,10365,48.2392667631452,98.08510638297872,0.964785335262904,92.07446808510639,44.38012542209358,40.74468085106383,154.36565364206464,92.12376933895922,0.2857142857142857,0.0,0.7142857142857143,1.0,整形外科密度が相対的に高く、手術活動が相対的に低い
22302,静岡県,河津町,6336,31.565656565656568,93.93617021276596,1.5782828282828285,97.87234042553192,498.73737373737373,77.12765957446808,157.82828282828285,92.68635724331928,0.3333333333333333,0.0,0.6666666666666666,1.0,MRI密度が相対的に高く、手術活動が相対的に低い
22304,静岡県,南伊豆町,7199,13.890818169190165,55.87765957446808,0.0,19.44148936170213,0.0,14.01595744680851,0.0,3.551336146272855,0.16666666666666666,0.0,0.8333333333333334,1.0,整形外科密度が相対的に高く、一般病床が相対的に低い
22305,静岡県,松崎町,5405,18.501387604070306,76.54255319148936,0.0,19.44148936170213,0.0,14.01595744680851,,,0.0,0.0,1.0,0.75,整形外科密度が相対的に高く、手術活動が相対的に低い
22306,静岡県,西伊豆町,6206,16.113438607798905,66.96808510638299,0.0,19.44148936170213,270.7057686110216,61.06382978723405,125.68482114083145,86.63853727144867,0.25,0.0,0.75,1.0,一般病床が相対的に高く、MRI密度が相対的に低い
22325,静岡県,函南町,35525,11.259676284306826,41.01063829787234,0.28149190710767064,53.031914893617014,7.037297677691766,32.180851063829785,42.2237860661506,26.863572433192683,0.15,0.2,0.65,1.0,MRI密度が相対的に高く、一般病床が相対的に低い
22341,静岡県,清水町,30810,16.22849724115547,67.34042553191489,0.6491398896462187,81.64893617021278,1893.5410580980204,98.19148936170212,157.74099318403117,92.61603375527426,0.08333333333333333,0.041666666666666664,0.875,1.0,手術活動が相対的に高く、整形外科密度が相対的に低い
22342,静岡県,長泉町,42779,11.687977746090372,43.51063829787234,0.9350382196872298,91.48936170212765,1634.4468080132776,97.7127659574468,154.0475466934711,92.0534458509142,0.06666666666666667,0.06666666666666667,0.8666666666666667,1.0,手術活動が相対的に高く、整形外科密度が相対的に低い
22344,静岡県,小山町,17492,28.584495769494623,92.5531914893617,0.0,19.44148936170213,128.63023096272582,49.62765957446808,50.880402469700435,35.794655414908576,0.2857142857142857,0.0,0.7142857142857143,1.0,整形外科密度が相対的に高く、MRI密度が相対的に低い
22424,静岡県,吉田町,28460,3.5137034434293746,15.585106382978722,0.0,19.44148936170213,1.0541110330288124,28.670212765957448,0.0,3.551336146272855,0.07142857142857142,0.0,0.9285714285714286,1.0,手術活動が相対的に高く、一般病床が相対的に低い
22429,静岡県,川根本町,5344,0.0,7.659574468085106,0.0,19.44148936170213,0.0,14.01595744680851,,,0.0,0.0,1.0,0.75,各指標が比較的均衡
22461,静岡県,森町,16027,18.718412678604857,77.23404255319149,0.6239470892868285,80.47872340425532,260.1859362326075,60.42553191489362,81.73706869657453,64.62728551336147,0.14285714285714285,0.0,0.8571428571428571,1.0,MRI密度が相対的に高く、手術活動が相対的に低い
23101,愛知県,名古屋市千種区,166426,14.420823669378583,58.19148936170213,0.4806941223126194,72.5,955.6800019227766,92.81914893617021,87.0657229038732,68.70604781997187,0.05851063829787234,0.015957446808510637,0.925531914893617,1.0,手術活動が相対的に高く、整形外科密度が相対的に低い
23102,愛知県,名古屋市東区,87331,10.305618852412087,34.46808510638298,0.22901375227582418,47.6063829787234,322.6803769566362,65.0,23.7029233605478,13.642756680731363,0.031914893617021274,0.02127659574468085,0.9468085106382979,1.0,手術活動が相対的に高く、一般病床が相対的に低い
23103,愛知県,名古屋市北区,159250,12.558869701726843,47.92553191489362,0.43956043956043955,69.41489361702128,848.4772370486656,90.47872340425532,67.6923076923077,51.61744022503516,0.06870229007633588,0.022900763358778626,0.9083969465648855,1.0,手術活動が相対的に高く、整形外科密度が相対的に低い
23104,愛知県,名古屋市西区,151047,15.22704853456209,62.02127659574468,0.1986136765377664,44.9468085106383,255.88061993948904,59.94680851063829,39.52412163101551,24.542897327707454,0.03418803418803419,0.06837606837606838,0.8974358974358975,1.0,整形外科密度が相対的に高く、一般病床が相対的に低い
23105,愛知県,名古屋市中村区,138455,14.445126575421616,58.40425531914894,0.6500306958939728,81.70212765957446,1075.0063197428767,94.73404255319149,91.87100501968148,71.87060478199719,0.05181347150259067,0.0051813471502590676,0.9430051813471503,1.0,手術活動が相対的に高く、整形外科密度が相対的に低い
23106,愛知県,名古屋市中区,98180,21.389284986759016,83.77659574468085,0.8148299042574862,88.77659574468085,1534.2228559788143,97.2872340425532,132.91912813200244,88.11533052039381,0.029787234042553193,0.03404255319148936,0.9361702127659575,1.0,各指標が比較的均衡
23107,愛知県,名古屋市昭和区,107820,17.62196253014283,73.19148936170212,1.2057132257466148,95.0531914893617,2311.3522537562603,98.72340425531915,192.63587460582454,95.49929676511954,0.046875,0.046875,0.90625,1.0,手術活動が相対的に高く、整形外科密度が相対的に低い
23108,愛知県,名古屋市瑞穂区,108257,12.008461346610382,45.159574468085104,0.5542366775358637,77.6063829787234,1070.5081426605207,94.68085106382979,93.75837128315028,73.13642756680731,0.06060606060606061,0.04040404040404041,0.898989898989899,1.0,手術活動が相対的に高く、整形外科密度が相対的に低い
23109,愛知県,名古屋市熱田区,67112,16.39051138395518,68.24468085106383,0.29800929789009417,54.25531914893617,321.10501847657645,64.8936170212766,80.0154964834903,62.58790436005626,0.06451612903225806,0.016129032258064516,0.9193548387096774,1.0,各指標が比較的均衡
23110,愛知県,名古屋市中川区,213821,14.030427320048076,56.43617021276596,0.42091281960144233,66.91489361702128,639.3198048835242,83.98936170212767,61.59357593501106,46.34317862165964,0.08396946564885496,0.04580152671755725,0.8702290076335878,1.0,手術活動が相対的に高く、一般病床が相対的に低い
23111,愛知県,名古屋市港区,139351,7.893735961708205,23.085106382978722,0.2870449440621165,53.404255319148945,289.19778114258236,62.60638297872341,54.46677813578661,39.170182841068915,0.06944444444444445,0.05555555555555555,0.875,1.0,手術活動が相対的に高く、整形外科密度が相対的に低い
23112,愛知県,名古屋市南区,130243,16.891502806292852,70.0531914893617,0.6142364656833764,80.0531914893617,1021.7055811060862,93.82978723404256,108.25917707669511,80.94233473980309,0.125,0.010416666666666666,0.8645833333333334,1.0,手術活動が相対的に高く、整形外科密度が相対的に低い
23113,愛知県,名古屋市守山区,177687,10.69296009274736,37.659574468085104,0.16883621199074778,42.6063829787234,14.519914231204309,34.840425531914896,9.79250029546337,7.946554149085795,0.057692307692307696,0.028846153846153848,0.9134615384615384,1.0,MRI密度が相対的に高く、一般病床が相対的に低い
23114,愛知県,名古屋市緑区,246584,9.73299159718392,30.851063829787233,0.08110826330986601,39.09574468085106,139.222333971385,50.37234042553192,30.983356584368817,18.143459915611814,0.028735632183908046,0.040229885057471264,0.9310344827586207,1.0,手術活動が相対的に高く、一般病床が相対的に低い
23115,愛知県,名古屋市名東区,164364,13.384926139543937,52.87234042553192,0.24336229344625346,48.93617021276596,6.5099413496872796,31.755319148936167,36.62602516366115,22.573839662447256,0.037037037037037035,0.024691358024691357,0.9382716049382716,1.0,整形外科密度が相対的に高く、一般病床が相対的に低い
23116,愛知県,名古屋市天白区,159714,13.148502949021378,51.276595744680854,0.12522383760972738,40.21276595744681,197.72843958575953,55.053191489361694,32.808645453748575,19.549929676511955,0.028985507246376812,0.043478260869565216,0.927536231884058,1.0,手術活動が相対的に高く、一般病床が相対的に低い
23201,愛知県,豊橋市,357017,10.083553444233749,33.08510638297872,0.2800987067842708,52.92553191489362,574.3423982611472,80.90425531914893,56.29984006363843,40.646976090014064,0.08368200836820083,0.05439330543933055,0.8619246861924686,1.0,手術活動が相対的に高く、整形外科密度が相対的に低い
23202,愛知県,岡崎市,385347,9.342229211593706,28.77659574468085,0.23355573028984264,47.92553191489362,357.4181192535559,66.91489361702128,42.87045182653556,27.42616033755274,0.06278026905829596,0.04484304932735426,0.8923766816143498,1.0,手術活動が相対的に高く、一般病床が相対的に低い
23203,愛知県,一宮市,369245,11.10373871007055,40.1063829787234,0.3520697639778467,59.89361702127659,724.3429159501144,87.02127659574468,64.23919078118864,48.9451476793249,0.058577405857740586,0.06694560669456066,0.8744769874476988,1.0,手術活動が相対的に高く、整形外科密度が相対的に低い
23204,愛知県,瀬戸市,124437,8.839814524618884,26.702127659574472,0.3214478008952321,56.32978723404255,608.0185153933315,82.4468085106383,64.04847432837501,48.734177215189874,0.10606060606060606,0.06060606060606061,0.8333333333333334,1.0,手術活動が相対的に高く、整形外科密度が相対的に低い
23205,愛知県,半田市,114719,7.845256670647408,22.76595744680851,0.26150855568824694,50.53191489361703,495.82022158491617,76.70212765957447,39.74930046461353,24.824191279887483,0.05,0.05,0.9,1.0,手術活動が相対的に高く、整形外科密度が相対的に低い
23206,愛知県,春日井市,306575,10.437902633939492,35.15957446808511,0.29356601157954826,53.88297872340425,401.14164560058714,70.2127659574468,44.328467748511784,29.254571026722925,0.07142857142857142,0.06043956043956044,0.8681318681318682,1.0,手術活動が相対的に高く、一般病床が相対的に低い
23207,愛知県,豊川市,182642,9.307826239309689,28.617021276595743,0.38326343338334007,62.81914893617021,407.62803736270956,71.01063829787235,37.450312633457806,22.9957805907173,0.11650485436893204,0.02912621359223301,0.8543689320388349,1.0,手術活動が相対的に高く、一般病床が相対的に低い
23208,愛知県,津島市,58202,10.308924091955603,34.52127659574468,0.5154462045977801,74.68085106382979,407.3743170337789,70.90425531914893,60.47902133947287,45.42897327707454,0.07692307692307693,0.11538461538461539,0.8076923076923077,1.0,MRI密度が相対的に高く、整形外科密度が相対的に低い
23209,愛知県,碧南市,71654,11.16476400480085,40.53191489361702,0.4186786501800318,66.70212765957447,333.40776509336536,65.53191489361701,60.010606525804555,44.585091420534454,0.10256410256410256,0.02564102564102564,0.8717948717948718,1.0,MRI密度が相対的に高く、整形外科密度が相対的に低い
23210,愛知県,刈谷市,155197,7.732108223741439,22.127659574468083,0.5154738815827625,74.7340425531915,563.5418210403552,80.47872340425532,53.35154674381592,38.18565400843882,0.07692307692307693,0.054945054945054944,0.8681318681318682,1.0,手術活動が相対的に高く、整形外科密度が相対的に低い
23211,愛知県,豊田市,419477,8.105331162376007,24.20212765957447,0.30990972091437674,55.159574468085104,529.1112504380454,78.67021276595744,49.561716136999166,34.458509142053444,0.08372093023255814,0.04186046511627907,0.8744186046511628,1.0,手術活動が相対的に高く、整形外科密度が相対的に低い
23212,愛知県,安城市,182975,7.104795737122558,19.840425531914892,0.32791364940565654,57.234042553191486,714.4691897800245,86.59574468085106,59.407022817324766,44.0225035161744,0.02702702702702703,0.04504504504504504,0.9279279279279279,1.0,手術活動が相対的に高く、整形外科密度が相対的に低い
23213,愛知県,西尾市,168300,7.7243018419489005,22.074468085106382,0.29708853238265004,54.14893617021277,164.64646464646464,52.12765957446809,28.223410576351753,15.822784810126583,0.06756756756756757,0.05405405405405406,0.8783783783783784,1.0,MRI密度が相対的に高く、一般病床が相対的に低い
23214,愛知県,蒲郡市,77404,7.751537388248669,22.28723404255319,0.258384579608289,50.15957446808511,408.11844349129245,71.11702127659575,56.71541522401943,41.068917018284104,0.057692307692307696,0.057692307692307696,0.8846153846153846,1.0,手術活動が相対的に高く、整形外科密度が相対的に低い
23215,愛知県,犬山市,71265,11.225706868729391,40.74468085106383,0.42096400757735214,66.96808510638299,347.4356275871746,66.32978723404256,47.14796884866344,32.34880450070324,0.11904761904761904,0.16666666666666666,0.7142857142857143,1.0,MRI密度が相対的に高く、一般病床が相対的に低い
23216,愛知県,常滑市,57761,8.656359827565312,26.329787234042552,0.17312719655130626,42.819148936170215,223.16095635463373,56.91489361702128,45.70557988954484,30.73136427566807,0.02857142857142857,0.0,0.9714285714285714,1.0,手術活動が相対的に高く、整形外科密度が相対的に低い
23217,愛知県,江南市,96167,12.47829296952177,47.5531914893617,0.31195732423804423,55.47872340425531,755.8725966287811,88.03191489361703,75.07772936662265,58.64978902953587,0.046153846153846156,0.03076923076923077,0.9230769230769231,1.0,手術活動が相対的に高く、整形外科密度が相対的に低い
23219,愛知県,小牧市,148071,10.805627030276016,38.40425531914894,0.4052110136353506,65.26595744680851,451.9453505412944,74.52127659574468,43.22250812110406,27.918424753867793,0.034482758620689655,0.06896551724137931,0.896551724137931,1.0,手術活動が相対的に高く、一般病床が相対的に低い
23220,愛知県,稲沢市,129054,11.6230415175043,43.08510638297872,0.23246083035008602,47.76595744680851,241.21685495993924,58.40425531914894,40.37069753746494,25.246132208157523,0.04597701149425287,0.05747126436781609,0.896551724137931,1.0,手術活動が相対的に高く、一般病床が相対的に低い
23221,愛知県,新城市,40530,12.33654083395016,46.808510638297875,0.2467308166790032,49.361702127659576,178.87984209227733,53.138297872340424,49.099432519121635,34.036568213783404,0.1,0.06666666666666667,0.8333333333333334,1.0,各指標が比較的均衡
23222,愛知県,東海市,114369,7.869265272932351,22.925531914893618,0.2623088424310783,50.744680851063826,421.0931283826911,72.5531914893617,61.90488681373449,46.76511954992968,0.0410958904109589,0.0,0.958904109589041,1.0,手術活動が相対的に高く、整形外科密度が相対的に低い
23223,愛知県,大府市,95114,10.513699350253379,35.90425531914894,0.4205479740101352,66.86170212765957,536.4089408499275,79.14893617021276,61.294867211977206,45.85091420534459,0.04838709677419355,0.11290322580645161,0.8387096774193549,1.0,手術活動が相対的に高く、整形外科密度が相対的に低い
23224,愛知県,知多市,81132,7.395355716609969,20.904255319148938,0.0,19.44148936170213,53.12330523098161,41.702127659574465,12.818616575457279,8.649789029535865,0.04878048780487805,0.07317073170731707,0.8780487804878049,1.0,手術活動が相対的に高く、一般病床が相対的に低い
23225,愛知県,知立市,72595,8.265032026999105,24.73404255319149,0.27550106756663684,52.34042553191489,77.82905158757491,44.840425531914896,24.657345547213996,13.853727144866385,0.058823529411764705,0.08823529411764706,0.8529411764705882,1.0,MRI密度が相対的に高く、一般病床が相対的に低い
23226,愛知県,尾張旭市,82779,13.28839439954578,52.3936170212766,0.12080358545041618,40.0531914893617,203.9164522403025,55.425531914893625,30.20089636260404,17.580872011251756,0.015151515151515152,0.045454545454545456,0.9393939393939394,1.0,手術活動が相対的に高く、一般病床が相対的に低い
23227,愛知県,高浜市,46682,8.568613169958441,25.957446808510635,0.0,19.44148936170213,18.42251831541065,35.90425531914894,10.28233580395013,8.157524613220815,0.05263157894736842,0.05263157894736842,0.8947368421052632,1.0,手術活動が相対的に高く、一般病床が相対的に低い
23228,愛知県,岩倉市,47197,10.593893679683031,36.59574468085106,0.42375574718732123,67.4468085106383,35.80736063732864,39.148936170212764,25.425344831239276,14.275668073136426,0.03571428571428571,0.07142857142857142,0.8928571428571429,1.0,MRI密度が相対的に高く、一般病床が相対的に低い
23229,愛知県,豊明市,68351,8.778218314289477,26.489361702127663,0.7315181928574565,85.42553191489361,2456.291787976767,98.98936170212767,193.85232110722592,95.56962025316456,0.07894736842105263,0.05263157894736842,0.868421052631579,1.0,手術活動が相対的に高く、整形外科密度が相対的に低い
23230,愛知県,日進市,93550,16.034206306787812,66.43617021276596,0.10689470871191876,39.494680851063826,53.554249064671296,41.808510638297875,21.59273115980759,13.080168776371309,0.046511627906976744,0.046511627906976744,0.9069767441860465,1.0,整形外科密度が相対的に高く、一般病床が相対的に低い
23231,愛知県,田原市,56628,7.06364342727979,19.78723404255319,0.17659108568199475,42.92553191489362,256.7634385816204,60.1063829787234,46.090273363000634,31.08298171589311,0.034482758620689655,0.0,0.9655172413793104,1.0,手術活動が相対的に高く、整形外科密度が相対的に低い
23232,愛知県,愛西市,58015,8.618460742911317,26.117021276595743,0.0,19.44148936170213,0.0,14.01595744680851,,,0.0,0.12903225806451613,0.8709677419354839,0.75,各指標が比較的均衡
23233,愛知県,清須市,67723,8.859619331689382,26.914893617021278,0.14766032219482303,41.702127659574465,31.451648627497303,38.19148936170213,17.719238663378764,10.829817158931084,0.05405405405405406,0.05405405405405406,0.8918918918918919,1.0,MRI密度が相対的に高く、一般病床が相対的に低い
23234,愛知県,北名古屋市,87084,9.186532543291534,28.24468085106383,0.11483165679114418,39.680851063829785,156.63037986312068,51.648936170212764,21.588351476735106,13.009845288326302,0.0392156862745098,0.0784313725490196,0.8823529411764706,1.0,手術活動が相対的に高く、一般病床が相対的に低い
23235,愛知県,弥富市,42251,14.200847317223259,57.340425531914896,0.710042365861163,84.36170212765958,1557.5962699107713,97.44680851063829,126.38754112328702,86.77918424753868,0.07142857142857142,0.10714285714285714,0.8214285714285714,1.0,手術活動が相対的に高く、整形外科密度が相対的に低い
23236,愛知県,みよし市,61961,9.68351059537451,30.531914893617024,0.16139184325624184,42.340425531914896,60.03776569132196,42.92553191489362,18.237278287955327,11.11111111111111,0.05,0.05,0.9,1.0,手術活動が相対的に高く、一般病床が相対的に低い
23237,愛知県,あま市,84623,11.81711827753684,44.30851063829787,0.11817118277536841,39.84042553191489,123.96157073136145,48.723404255319146,21.27081289956631,12.728551336146273,0.058823529411764705,0.0,0.9411764705882353,1.0,手術活動が相対的に高く、一般病床が相対的に低い
23238,愛知県,長久手市,62845,12.729731880022278,48.77659574468085,1.1138515395019493,94.09574468085107,2234.38618824091,98.56382978723404,144.95982178375368,90.22503516174403,0.04,0.04,0.92,1.0,手術活動が相対的に高く、整形外科密度が相対的に低い
23302,愛知県,東郷町,44136,13.594344752582924,53.72340425531915,0.0,19.44148936170213,0.0,14.01595744680851,0.0,3.551336146272855,0.03125,0.09375,0.875,1.0,整形外科密度が相対的に高く、一般病床が相対的に低い
23342,愛知県,豊山町,15912,12.569130216189038,47.97872340425532,0.0,19.44148936170213,0.0,14.01595744680851,,,0.0,0.0,1.0,0.75,整形外科密度が相対的に高く、手術活動が相対的に低い
23361,愛知県,大口町,24607,20.319421302881295,81.59574468085107,0.4063884260576259,65.37234042553192,766.4485715446824,88.35106382978724,91.0310074369082,71.51898734177216,0.07692307692307693,0.23076923076923078,0.6923076923076923,1.0,手術活動が相対的に高く、MRI密度が相対的に低い
23362,愛知県,扶桑町,33767,11.845885035685729,44.46808510638298,0.0,19.44148936170213,0.0,14.01595744680851,,,0.0,0.09090909090909091,0.9090909090909091,0.75,整形外科密度が相対的に高く、手術活動が相対的に低い
23424,愛知県,大治町,32847,6.088836118975858,17.5531914893617,0.0,19.44148936170213,0.0,14.01595744680851,,,0.0,0.0,1.0,0.75,各指標が比較的均衡
23425,愛知県,蟹江町,36798,10.870155986738409,38.93617021276596,0.27175389966846025,51.808510638297875,0.5435077993369205,28.351063829787233,15.761726180770694,9.70464135021097,0.07692307692307693,0.0,0.9230769230769231,1.0,MRI密度が相対的に高く、一般病床が相対的に低い
23427,愛知県,飛島村,4595,0.0,7.659574468085106,0.0,19.44148936170213,0.0,14.01595744680851,,,0.0,0.0,1.0,0.75,各指標が比較的均衡
23441,愛知県,阿久比町,28679,10.460615781582343,35.53191489361702,0.0,19.44148936170213,0.0,14.01595744680851,,,0.0,0.15789473684210525,0.8421052631578947,0.75,整形外科密度が相対的に高く、手術活動が相対的に低い
23442,愛知県,東浦町,49008,4.0809663728370875,16.01063829787234,0.0,19.44148936170213,0.0,14.01595744680851,0.0,3.551336146272855,0.05,0.0,0.95,1.0,各指標が比較的均衡
23445,愛知県,南知多町,15001,0.0,7.659574468085106,0.0,19.44148936170213,0.0,14.01595744680851,0.0,3.551336146272855,0.1111111111111111,0.0,0.8888888888888888,1.0,各指標が比較的均衡
23446,愛知県,美浜町,21313,14.07591610754,56.64893617021277,0.9383944071693333,91.64893617021276,610.4255618636513,82.6063829787234,128.090836578614,87.20112517580873,0.25,0.125,0.625,1.0,MRI密度が相対的に高く、整形外科密度が相対的に低い
23447,愛知県,武豊町,43350,9.22722029988466,28.297872340425535,0.2306805074971165,47.65957446808511,21.914648212226066,36.54255319148936,16.608996539792386,10.056258790436006,0.1111111111111111,0.05555555555555555,0.8333333333333334,1.0,MRI密度が相対的に高く、一般病床が相対的に低い
23501,愛知県,幸田町,41137,4.861803242822763,16.48936170212766,0.0,19.44148936170213,0.0,14.01595744680851,0.0,3.551336146272855,0.05,0.0,0.95,1.0,各指標が比較的均衡
23561,愛知県,設楽町,3898,0.0,7.659574468085106,0.0,19.44148936170213,0.0,14.01595744680851,,,0.0,0.0,1.0,0.75,各指標が比較的均衡
23562,愛知県,東栄町,2583,38.71467286101432,96.86170212765958,0.0,19.44148936170213,0.0,14.01595744680851,,,0.0,0.0,1.0,0.75,整形外科密度が相対的に高く、手術活動が相対的に低い
23563,愛知県,豊根村,887,0.0,7.659574468085106,0.0,19.44148936170213,0.0,14.01595744680851,,,0.0,0.0,1.0,0.75,各指標が比較的均衡
24201,三重県,津市,266699,17.247908691071206,71.43617021276596,0.6374227124961099,81.11702127659575,718.412892436792,86.75531914893617,96.58828866999876,74.61322081575246,0.08835341365461848,0.020080321285140562,0.891566265060241,1.0,各指標が比較的均衡
24202,三重県,四日市市,300635,13.970429258070418,56.27659574468085,0.4324180484640843,68.67021276595744,509.05583182264206,77.6595744680851,58.576014103480965,42.96765119549929,0.056768558951965066,0.034934497816593885,0.9082969432314411,1.0,手術活動が相対的に高く、一般病床が相対的に低い
24203,三重県,伊勢市,117152,13.65747063643813,54.41489361702128,0.4267959573886916,68.03191489361701,1055.2103250478012,94.41489361702128,84.50559956296094,66.45569620253164,0.03508771929824561,0.07017543859649122,0.8947368421052632,1.0,手術活動が相対的に高く、整形外科密度が相対的に低い
24204,三重県,松阪市,151069,14.56288186193064,59.04255319148937,0.3309745877711509,57.49999999999999,661.419616201868,84.73404255319149,80.82399433371506,64.06469760900141,0.056910569105691054,0.07317073170731707,0.8699186991869918,1.0,手術活動が相対的に高く、MRI密度が相対的に低い
24205,三重県,桑名市,136146,10.28307845988865,34.361702127659576,0.36725280213888034,61.43617021276596,470.4508395399057,75.47872340425532,47.74286427805444,33.0520393811533,0.08695652173913043,0.08695652173913043,0.8260869565217391,1.0,手術活動が相対的に高く、一般病床が相対的に低い
24207,三重県,鈴鹿市,187922,10.642713466225349,36.91489361702128,0.37249497131788717,61.808510638297875,460.6166388182331,74.7872340425532,69.4437053671204,53.867791842475384,0.07352941176470588,0.058823529411764705,0.8676470588235294,1.0,手術活動が相対的に高く、整形外科密度が相対的に低い
24208,三重県,名張市,71965,12.506079344125617,47.65957446808511,0.2779128743139026,52.60638297872341,262.90557910095185,60.691489361702125,35.43389147502258,21.659634317862167,0.03636363636363636,0.03636363636363636,0.9272727272727272,1.0,手術活動が相対的に高く、一般病床が相対的に低い
24209,三重県,尾鷲市,14351,27.872622116925648,91.91489361702128,0.6968155529231412,84.04255319148936,525.3989269040485,78.51063829787233,99.6446240680092,76.51195499296765,0.06666666666666667,0.0,0.9333333333333333,1.0,各指標が比較的均衡
24210,三重県,亀山市,49370,10.1276078590237,33.51063829787234,0.20255215718047398,45.37234042553192,57.322260482074135,42.340425531914896,18.229694146242657,11.040787623066104,0.1,0.06666666666666667,0.8333333333333334,1.0,MRI密度が相対的に高く、一般病床が相対的に低い
24211,三重県,鳥羽市,15513,6.44620640752917,18.404255319148934,0.0,19.44148936170213,0.0,14.01595744680851,,,0.0,0.0,1.0,0.75,各指標が比較的均衡
24212,三重県,熊野市,14592,13.706140350877192,54.734042553191486,0.0,19.44148936170213,0.0,14.01595744680851,0.0,3.551336146272855,0.045454545454545456,0.045454545454545456,0.9090909090909091,1.0,整形外科密度が相対的に高く、一般病床が相対的に低い
24214,三重県,いなべ市,43953,9.10063021864264,27.819148936170212,0.22751575546606603,47.340425531914896,20.70393374741201,36.17021276595745,74.17013628193752,58.08720112517582,0.14285714285714285,0.047619047619047616,0.8095238095238095,1.0,一般病床が相対的に高く、整形外科密度が相対的に低い
24215,三重県,志摩市,41412,24.14759007051096,88.08510638297872,0.24147590070510966,48.67021276595745,195.1125277697286,54.57446808510639,68.33767989954603,52.601969057665265,0.07317073170731707,0.024390243902439025,0.9024390243902439,1.0,整形外科密度が相対的に高く、MRI密度が相対的に低い
24216,三重県,伊賀市,84149,16.63715552175308,69.04255319148936,0.3565104754661374,60.31914893617021,525.1399303616205,78.45744680851064,74.6295261975781,58.438818565400844,0.07692307692307693,0.057692307692307696,0.8653846153846154,1.0,手術活動が相対的に高く、一般病床が相対的に低い
24303,三重県,木曽岬町,5656,17.68033946251768,73.61702127659574,0.0,19.44148936170213,0.0,14.01595744680851,,,0.0,0.0,1.0,0.75,整形外科密度が相対的に高く、手術活動が相対的に低い
24324,三重県,東員町,25548,11.742602160638798,43.829787234042556,0.0,19.44148936170213,0.0,14.01595744680851,0.0,3.551336146272855,0.13333333333333333,0.0,0.8666666666666667,1.0,整形外科密度が相対的に高く、一般病床が相対的に低い
24341,三重県,菰野町,39615,15.145778114350623,61.96808510638297,0.2524296352391771,49.734042553191486,344.81888173671587,66.17021276595744,36.85472674491985,22.644163150492265,0.05,0.0,0.95,1.0,手術活動が相対的に高く、一般病床が相対的に低い
24343,三重県,朝日町,11195,17.865118356409113,73.98936170212767,0.0,19.44148936170213,0.0,14.01595744680851,,,0.0,0.0,1.0,0.75,整形外科密度が相対的に高く、手術活動が相対的に低い
24344,三重県,川越町,15394,6.496037417175523,18.56382978723404,0.0,19.44148936170213,0.0,14.01595744680851,,,0.0,0.0,1.0,0.75,各指標が比較的均衡
24441,三重県,多気町,13213,7.568303943086355,21.436170212765955,0.0,19.44148936170213,0.0,14.01595744680851,,,0.0,0.25,0.75,0.75,各指標が比較的均衡
24442,三重県,明和町,21911,13.691753000775867,54.57446808510639,0.9127835333850577,91.06382978723404,390.6713522888047,69.46808510638299,58.874537903336225,43.53023909985935,0.15384615384615385,0.0,0.8461538461538461,1.0,MRI密度が相対的に高く、一般病床が相対的に低い
24443,三重県,大台町,7794,38.49114703618167,96.80851063829788,1.2830382345393894,95.63829787234043,207.85219399538104,55.74468085106383,73.13317936874519,57.17299578059072,0.14285714285714285,0.0,0.8571428571428571,1.0,整形外科密度が相対的に高く、手術活動が相対的に低い
24461,三重県,玉城町,14733,20.36245163917736,81.70212765957446,0.6787483879725785,83.19148936170212,4.75123871580805,31.22340425531915,0.0,3.551336146272855,0.1111111111111111,0.1111111111111111,0.7777777777777778,1.0,MRI密度が相対的に高く、一般病床が相対的に低い
24470,三重県,度会町,7332,13.638843426077468,54.30851063829787,0.0,19.44148936170213,0.0,14.01595744680851,,,0.0,0.0,1.0,0.75,整形外科密度が相対的に高く、手術活動が相対的に低い
24471,三重県,大紀町,6855,14.587892049598832,59.25531914893617,0.0,19.44148936170213,0.0,14.01595744680851,,,0.0,0.0,1.0,0.75,整形外科密度が相対的に高く、手術活動が相対的に低い
24472,三重県,南伊勢町,9180,32.6797385620915,94.73404255319149,0.0,19.44148936170213,1.0893246187363834,28.723404255319153,54.46623093681917,39.09985935302391,0.16666666666666666,0.16666666666666666,0.6666666666666666,1.0,整形外科密度が相対的に高く、MRI密度が相対的に低い
24543,三重県,紀北町,12755,7.840062720501764,22.68617021276596,0.0,19.44148936170213,7.056056448451588,32.234042553191486,21.168169345354766,12.658227848101266,0.18181818181818182,0.0,0.8181818181818182,1.0,各指標が比較的均衡
24561,三重県,御浜町,7464,26.795284030010716,90.63829787234042,1.339764201500536,96.11702127659575,1075.8306538049303,94.7872340425532,267.9528403001072,98.24191279887482,0.14285714285714285,0.0,0.8571428571428571,1.0,各指標が比較的均衡
24562,三重県,紀宝町,9522,10.501995379122032,35.79787234042553,0.0,19.44148936170213,0.0,14.01595744680851,,,0.0,0.0,1.0,0.75,整形外科密度が相対的に高く、手術活動が相対的に低い
25201,滋賀県,大津市,346490,13.275996421253138,52.28723404255319,0.4617737885653265,71.11702127659575,650.2352160235504,84.36170212765958,62.224018009177755,46.90576652601969,0.05474452554744526,0.032846715328467155,0.9124087591240876,1.0,手術活動が相対的に高く、一般病床が相対的に低い
25202,滋賀県,彦根市,110479,10.861792738891555,38.82978723404255,0.3620597579630518,60.79787234042553,396.72697978801403,69.9468085106383,62.90788294608025,47.74964838255977,0.039473684210526314,0.02631578947368421,0.9342105263157895,1.0,手術活動が相対的に高く、整形外科密度が相対的に低い
25203,滋賀県,長浜市,108940,9.179364787956674,28.191489361702125,0.45896823939783365,70.90425531914893,909.8586377822655,91.80851063829788,85.18450523223792,67.0182841068917,0.04938271604938271,0.012345679012345678,0.9382716049382716,1.0,手術活動が相対的に高く、整形外科密度が相対的に低い
25204,滋賀県,近江八幡市,79767,15.04381511151228,61.329787234042556,0.376095377787807,62.12765957446808,627.4524552759914,83.13829787234043,58.79624406082716,43.38959212376934,0.057692307692307696,0.038461538461538464,0.9038461538461539,1.0,手術活動が相対的に高く、一般病床が相対的に低い
25206,滋賀県,草津市,148095,10.803875890475709,38.351063829787236,0.3376211215773659,58.24468085106383,487.3223268847699,76.27659574468085,58.61102670583072,43.037974683544306,0.05785123966942149,0.04132231404958678,0.9008264462809917,1.0,手術活動が相対的に高く、整形外科密度が相対的に低い
25207,滋賀県,守山市,85306,11.722504864839518,43.776595744680854,0.46890019459358073,71.75531914893617,764.4245422361851,88.19148936170212,92.13888823763862,72.15189873417721,0.030303030303030304,0.015151515151515152,0.9545454545454546,1.0,手術活動が相対的に高く、整形外科密度が相対的に低い
25208,滋賀県,栗東市,69843,11.454261701244219,42.12765957446808,0.2863565425311055,53.351063829787236,836.161104190828,90.31914893617021,55.40999097976891,39.87341772151899,0.018867924528301886,0.03773584905660377,0.9433962264150944,1.0,手術活動が相対的に高く、一般病床が相対的に低い
25209,滋賀県,甲賀市,85284,10.552975939214859,36.223404255319146,0.35176586464049525,59.787234042553195,427.0437596735613,72.92553191489361,85.47910510764036,67.51054852320675,0.10204081632653061,0.04081632653061224,0.8571428571428571,1.0,手術活動が相対的に高く、整形外科密度が相対的に低い
25210,滋賀県,野洲市,50079,17.971604864314383,74.46808510638297,0.19968449849238204,45.0,76.47916292258232,44.62765957446809,68.29209848439466,52.46132208157525,0.075,0.025,0.9,1.0,整形外科密度が相対的に高く、手術活動が相対的に低い
25211,滋賀県,湖南市,53460,7.482229704451926,21.27659574468085,0.18705574261129818,44.09574468085106,0.18705574261129818,28.085106382978726,18.51851851851852,11.322081575246132,0.07407407407407407,0.037037037037037035,0.8888888888888888,1.0,MRI密度が相対的に高く、一般病床が相対的に低い
25212,滋賀県,高島市,43409,20.73302771314704,82.7127659574468,0.6911009237715681,83.88297872340425,347.8541316316893,66.38297872340425,70.49229422469995,55.13361462728551,0.07317073170731707,0.0,0.926829268292683,1.0,MRI密度が相対的に高く、一般病床が相対的に低い
25213,滋賀県,東近江市,110027,13.633017350286748,54.04255319148936,0.36354712934097994,61.06382978723405,482.15438028847467,75.85106382978724,68.80129422778046,53.65682137834037,0.1076923076923077,0.046153846153846156,0.8461538461538461,1.0,手術活動が相対的に高く、一般病床が相対的に低い
25214,滋賀県,米原市,35628,2.8067811833389467,15.478723404255318,0.0,19.44148936170213,0.0,14.01595744680851,,,0.0,0.0,1.0,0.75,各指標が比較的均衡
25383,滋賀県,日野町,20200,14.85148514851485,60.58510638297873,0.4950495049504951,73.29787234042553,732.1782178217821,87.2340425531915,54.45544554455445,39.029535864978904,0.1111111111111111,0.0,0.8888888888888888,1.0,手術活動が相対的に高く、一般病床が相対的に低い
25384,滋賀県,竜王町,11323,8.83158173628897,26.622340425531917,0.0,19.44148936170213,0.0,14.01595744680851,,,0.0,0.0,1.0,0.75,各指標が比較的均衡
25425,滋賀県,愛荘町,20891,4.78675027523814,16.382978723404253,0.0,19.44148936170213,0.0,14.01595744680851,,,0.0,0.0,1.0,0.75,各指標が比較的均衡
25441,滋賀県,豊郷町,6958,28.74389192296637,92.7127659574468,1.4371945961483183,96.96808510638299,1049.1520551882725,94.30851063829788,245.76027594136247,97.60900140646976,0.25,0.0,0.75,1.0,各指標が比較的均衡
25442,滋賀県,甲良町,5796,0.0,7.659574468085106,0.0,19.44148936170213,0.0,14.01595744680851,,,0.0,0.0,1.0,0.75,各指標が比較的均衡
25443,滋賀県,多賀町,7005,0.0,7.659574468085106,0.0,19.44148936170213,0.0,14.01595744680851,,,0.0,0.0,1.0,0.75,各指標が比較的均衡
26101,京都府,京都市北区,114533,14.842883710371684,60.53191489361702,0.2619332419477356,50.638297872340424,209.11003815494226,55.85106382978723,37.89300900177241,23.488045007032348,0.06521739130434782,0.007246376811594203,0.927536231884058,1.0,整形外科密度が相対的に高く、一般病床が相対的に低い
26102,京都府,京都市上京区,83454,25.163563160543532,88.88297872340426,1.0784384211661515,93.72340425531915,2580.58331535936,99.25531914893617,271.64665564262947,98.38255977496485,0.0707070707070707,0.04040404040404041,0.8888888888888888,1.0,各指標が比較的均衡
26103,京都府,京都市左京区,164174,17.66418555922375,73.35106382978724,0.7309318162437414,85.31914893617021,803.6595319599937,89.57446808510639,83.87442591396933,66.1040787623066,0.06565656565656566,0.020202020202020204,0.9141414141414141,1.0,手術活動が相対的に高く、一般病床が相対的に低い
26104,京都府,京都市中京区,111506,25.110756371854432,88.77659574468085,0.4484063637831148,70.1063829787234,952.4151166753359,92.7127659574468,82.41708966333651,65.18987341772153,0.029661016949152543,0.01694915254237288,0.9533898305084746,1.0,手術活動が相対的に高く、一般病床が相対的に低い
26105,京都府,京都市東山区,35261,28.359944414508945,92.2872340425532,0.8507983324352685,89.62765957446808,2219.165650435325,98.51063829787235,218.3715719917189,96.55414908579466,0.075,0.0,0.925,1.0,各指標が比較的均衡
26106,京都府,京都市下京区,83686,19.119088019501472,78.19148936170212,0.7169658007313051,84.52127659574468,531.1521640417752,78.72340425531915,91.77162249360705,71.80028129395218,0.0374331550802139,0.03208556149732621,0.93048128342246,1.0,各指標が比較的均衡
26107,京都府,京都市南区,101899,14.720458493213867,59.89361702127659,0.2944091698642774,53.98936170212766,261.33720644952353,60.53191489361702,49.95142248697239,35.16174402250351,0.08450704225352113,0.014084507042253521,0.9014084507042254,1.0,手術活動が相対的に高く、一般病床が相対的に低い
26108,京都府,京都市右京区,199622,13.02461652523269,50.53191489361703,0.20037871577281063,45.0531914893617,196.12066806263837,54.734042553191486,43.18161324904069,27.77777777777778,0.07006369426751592,0.03821656050955414,0.89171974522293,1.0,手術活動が相対的に高く、一般病床が相対的に低い
26109,京都府,京都市伏見区,271668,15.46004682185609,63.08510638297873,0.44171562348160254,69.68085106382979,551.6660040932314,79.84042553191489,70.564070851186,55.20393811533052,0.07109004739336493,0.023696682464454975,0.9052132701421801,1.0,手術活動が相対的に高く、一般病床が相対的に低い
26110,京都府,京都市山科区,132385,11.330588812931978,41.38297872340426,0.3776862937643993,62.4468085106383,690.4105450013219,85.85106382978724,59.14567360350493,43.67088607594937,0.058823529411764705,0.0,0.9411764705882353,1.0,手術活動が相対的に高く、整形外科密度が相対的に低い
26111,京都府,京都市西京区,143826,13.21040701959312,51.86170212765957,0.41717074798715115,66.38297872340425,906.233921544088,91.64893617021276,101.02484947088843,77.49648382559775,0.059322033898305086,0.0,0.940677966101695,1.0,手術活動が相対的に高く、整形外科密度が相対的に低い
26201,京都府,福知山市,74977,16.004908171839364,66.32978723404256,0.40012270429598407,64.7872340425532,730.4906838097016,87.18085106382979,68.68773090414393,53.30520393811533,0.09523809523809523,0.031746031746031744,0.873015873015873,1.0,手術活動が相対的に高く、一般病床が相対的に低い
26202,京都府,舞鶴市,75871,14.498293155487604,58.670212765957444,0.3954079951496619,64.04255319148936,578.7455022340552,81.11702127659575,63.66068721909557,48.52320675105485,0.1346153846153846,0.09615384615384616,0.7692307692307693,1.0,手術活動が相対的に高く、一般病床が相対的に低い
26203,京都府,綾部市,29790,16.784155756965426,69.52127659574468,0.3356831151393085,58.08510638297872,546.156428331655,79.57446808510639,115.47499160792212,84.10689170182842,0.13636363636363635,0.045454545454545456,0.8181818181818182,1.0,一般病床が相対的に高く、MRI密度が相対的に低い
26204,京都府,宇治市,173161,17.32491727352002,71.75531914893617,0.4619977939605338,71.17021276595744,581.4242236993318,81.22340425531915,52.783247959990995,37.34177215189873,0.08661417322834646,0.023622047244094488,0.889763779527559,1.0,手術活動が相対的に高く、一般病床が相対的に低い
26205,京都府,宮津市,15124,26.44802962179318,90.31914893617021,0.0,19.44148936170213,37.688442211055275,39.46808510638298,42.316847394869086,26.933895921237692,0.05555555555555555,0.05555555555555555,0.8888888888888888,1.0,整形外科密度が相対的に高く、MRI密度が相対的に低い
26206,京都府,亀岡市,82670,16.934801016088063,70.2127659574468,0.36288859320188704,60.95744680851064,133.78492802709567,50.0531914893617,59.51372928510947,44.303797468354425,0.06557377049180328,0.04918032786885246,0.8852459016393442,1.0,整形外科密度が相対的に高く、一般病床が相対的に低い
26207,京都府,城陽市,71469,16.790496578936324,69.57446808510637,0.2798416096489387,52.87234042553192,232.12861520379465,57.87234042553191,88.29002784424016,69.971870604782,0.06666666666666667,0.0,0.9333333333333333,1.0,各指標が比較的均衡
26208,京都府,向日市,55615,17.980760586172796,74.52127659574468,0.17980760586172798,43.351063829787236,9.709610716533309,33.40425531914894,19.778836644790076,11.814345991561181,0.020833333333333332,0.041666666666666664,0.9375,1.0,整形外科密度が相対的に高く、一般病床が相対的に低い
26209,京都府,長岡京市,79488,17.612721417069242,73.08510638297872,0.25161030595813205,49.68085106382979,101.39895330112721,46.861702127659576,55.98329307568438,40.365682137834035,0.08333333333333333,0.041666666666666664,0.875,1.0,整形外科密度が相対的に高く、一般病床が相対的に低い
26210,京都府,八幡市,67642,10.348599982259543,34.62765957446808,0.2956742852074155,54.09574468085106,292.42186807013394,62.97872340425532,76.1361284409095,59.774964838255976,0.10526315789473684,0.02631578947368421,0.868421052631579,1.0,手術活動が相対的に高く、整形外科密度が相対的に低い
26211,京都府,京田辺市,75025,10.663112295901366,37.18085106382979,0.26657780739753417,51.276595744680854,320.82639120293237,64.84042553191489,49.18360546484505,34.177215189873415,0.07142857142857142,0.05357142857142857,0.875,1.0,手術活動が相対的に高く、一般病床が相対的に低い
26212,京都府,京丹後市,46813,14.953111315232947,60.851063829787236,0.854463503727597,89.7872340425532,798.7097601093714,89.46808510638297,97.19522354901417,75.0351617440225,0.13793103448275862,0.034482758620689655,0.8275862068965517,1.0,MRI密度が相対的に高く、整形外科密度が相対的に低い
26213,京都府,南丹市,30088,19.941504918904545,80.31914893617021,1.3294336612603033,96.01063829787235,1245.0146237702738,96.11702127659575,169.17043339537355,93.95218002812939,0.10714285714285714,0.03571428571428571,0.8571428571428571,1.0,各指標が比較的均衡
26214,京都府,木津川市,80459,12.428690388893724,47.340425531914896,0.12428690388893722,40.159574468085104,307.4858002212307,64.14893617021276,42.87898184168334,27.49648382559775,0.017543859649122806,0.017543859649122806,0.9649122807017544,1.0,手術活動が相対的に高く、一般病床が相対的に低い
26303,京都府,大山崎町,16183,6.179323981956374,17.71276595744681,0.0,19.44148936170213,0.0,14.01595744680851,,,0.0,0.16666666666666666,0.8333333333333334,0.75,各指標が比較的均衡
26322,京都府,久御山町,14457,27.668257591478177,91.64893617021276,1.383412879573909,96.59574468085106,3944.110119665214,99.84042553191489,331.3273846579512,99.36708860759494,0.375,0.0,0.625,1.0,各指標が比較的均衡
26343,京都府,井手町,6851,0.0,7.659574468085106,0.0,19.44148936170213,0.0,14.01595744680851,,,0.0,0.0,1.0,0.75,各指標が比較的均衡
26344,京都府,宇治田原町,8461,0.0,7.659574468085106,0.0,19.44148936170213,0.0,14.01595744680851,,,0.0,0.0,1.0,0.75,各指標が比較的均衡
26364,京都府,笠置町,970,0.0,7.659574468085106,0.0,19.44148936170213,0.0,14.01595744680851,,,0.0,0.0,1.0,0.75,各指標が比較的均衡
26365,京都府,和束町,3070,32.57328990228013,94.57446808510637,0.0,19.44148936170213,0.0,14.01595744680851,,,0.0,0.0,1.0,0.75,整形外科密度が相対的に高く、手術活動が相対的に低い
26366,京都府,精華町,34638,17.322016282695305,71.70212765957447,0.2887002713782551,53.61702127659574,200.357988336509,55.265957446808514,82.85697788555922,65.47116736990155,0.07142857142857142,0.0,0.9285714285714286,1.0,各指標が比較的均衡
26367,京都府,南山城村,2128,0.0,7.659574468085106,0.0,19.44148936170213,0.0,14.01595744680851,,,0.0,0.0,1.0,0.75,各指標が比較的均衡
26407,京都府,京丹波町,11400,17.543859649122805,72.68617021276596,0.0,19.44148936170213,15.789473684210526,35.37234042553192,41.228070175438596,26.160337552742618,0.2857142857142857,0.0,0.7142857142857143,1.0,整形外科密度が相対的に高く、MRI密度が相対的に低い
26463,京都府,伊根町,1748,0.0,7.659574468085106,0.0,19.44148936170213,0.0,14.01595744680851,,,0.0,0.0,1.0,0.75,各指標が比較的均衡
26465,京都府,与謝野町,18278,10.9421162052741,39.308510638297875,0.547105810263705,77.12765957446808,1300.4705109968268,96.48936170212767,,,0.07692307692307693,0.07692307692307693,0.8461538461538461,0.75,手術活動が相対的に高く、整形外科密度が相対的に低い
27102,大阪府,大阪市都島区,108941,20.194417161582873,81.17021276595744,0.4589640263996108,70.85106382978724,1260.407009298611,96.22340425531914,149.98944382739282,91.27988748241913,0.06666666666666667,0.022222222222222223,0.9111111111111111,1.0,手術活動が相対的に高く、MRI密度が相対的に低い
27103,大阪府,大阪市福島区,82063,17.060063609665743,70.69148936170212,0.7311455832713891,85.37234042553192,1653.2420213738226,97.81914893617021,150.49413255669424,91.49085794655414,0.061224489795918366,0.01020408163265306,0.9285714285714286,1.0,手術活動が相対的に高く、整形外科密度が相対的に低い
27104,大阪府,大阪市此花区,62518,11.196775328705334,40.638297872340424,0.15995393326721905,42.23404255319149,407.4026680316069,70.95744680851064,68.62023737163696,53.16455696202531,0.05555555555555555,0.018518518518518517,0.9259259259259259,1.0,手術活動が相対的に高く、整形外科密度が相対的に低い
27106,大阪府,大阪市西区,111774,18.787911321058562,77.4468085106383,0.6262637107019522,80.58510638297872,1169.1448816361587,95.90425531914893,105.48070213108595,79.67651195499298,0.05442176870748299,0.013605442176870748,0.9319727891156463,1.0,各指標が比較的均衡
27107,大阪府,大阪市港区,79551,17.5987731141029,72.97872340425532,0.12570552224359216,40.26595744680851,271.64963356840263,61.223404255319146,40.85429472916746,25.87904360056259,0.04285714285714286,0.04285714285714286,0.9142857142857143,1.0,整形外科密度が相対的に高く、一般病床が相対的に低い
27108,大阪府,大阪市大正区,57837,29.39294915019797,93.08510638297872,0.34579940176703494,59.25531914893617,452.82431661393224,74.68085106382979,84.72085343292355,66.59634317862167,0.05084745762711865,0.05084745762711865,0.8983050847457628,1.0,整形外科密度が相対的に高く、MRI密度が相対的に低い
27109,大阪府,大阪市天王寺区,87171,24.09058058299205,87.97872340425532,1.0324534535568022,92.97872340425532,1611.3156898509826,97.6063829787234,208.89974876965962,96.13220815752462,0.03571428571428571,0.015306122448979591,0.9489795918367347,1.0,各指標が比較的均衡
27111,大阪府,大阪市浪速区,79744,16.302166934189408,67.5531914893617,0.7524077046548956,86.48936170212767,604.057985553772,82.34042553191489,88.40790529695023,70.11251758087201,0.0449438202247191,0.0,0.9550561797752809,1.0,各指標が比較的均衡
27113,大阪府,大阪市西淀川区,94176,16.989466530750935,70.50531914893618,0.5309208290859667,75.95744680851064,518.8158341828067,78.19148936170212,70.82483860006795,55.34458509142054,0.07936507936507936,0.015873015873015872,0.9047619047619048,1.0,手術活動が相対的に高く、一般病床が相対的に低い
27114,大阪府,大阪市東淀川区,174234,18.36610535257183,76.06382978723404,0.1721822376803609,42.659574468085104,385.6308183247816,69.09574468085107,47.579691679006395,32.91139240506329,0.027210884353741496,0.006802721088435374,0.9659863945578231,1.0,整形外科密度が相対的に高く、一般病床が相対的に低い
27115,大阪府,大阪市東成区,84510,28.399006034788783,92.34042553191489,0.3549875754348598,60.15957446808511,243.75813513193705,58.670212765957444,71.11584427878357,55.69620253164557,0.07766990291262135,0.019417475728155338,0.9029126213592233,1.0,整形外科密度が相対的に高く、一般病床が相対的に低い
27116,大阪府,大阪市生野区,122350,34.3277482631794,95.26595744680851,0.40866366979975477,65.58510638297872,208.41847159787497,55.797872340425535,88.76174908050675,70.39381153305204,0.10256410256410256,0.038461538461538464,0.8589743589743589,1.0,整形外科密度が相対的に高く、手術活動が相対的に低い
27117,大阪府,大阪市旭区,88595,21.445905525142503,83.93617021276596,0.22574637394886846,47.07446808510639,42.44031830238726,40.26595744680851,37.9253908234099,23.558368495077357,0.06481481481481481,0.027777777777777776,0.9074074074074074,1.0,整形外科密度が相対的に高く、一般病床が相対的に低い
27118,大阪府,大阪市城東区,169574,15.922252232063876,65.63829787234042,0.41279913194239687,65.95744680851064,629.5186762121551,83.45744680851064,76.78063854128581,60.12658227848101,0.044444444444444446,0.027777777777777776,0.9277777777777778,1.0,手術活動が相対的に高く、一般病床が相対的に低い
27119,大阪府,大阪市阿倍野区,110903,23.4439104442621,86.80851063829788,0.54101331794451,76.70212765957447,1291.849634365166,96.38297872340425,129.57268964771015,87.55274261603375,0.031578947368421054,0.010526315789473684,0.9578947368421052,1.0,各指標が比較的均衡
27120,大阪府,大阪市住吉区,148832,20.156955493442272,81.06382978723404,0.470328961513653,71.86170212765958,883.6809288325092,91.22340425531915,85.39830144055043,67.36990154711674,0.041176470588235294,0.01764705882352941,0.9411764705882353,1.0,手術活動が相対的に高く、一般病床が相対的に低い
27121,大阪府,大阪市東住吉区,126972,23.627256402986486,87.12765957446808,0.23627256402986485,48.24468085106383,225.32526856314777,57.234042553191486,55.996597675077965,40.43600562587905,0.04929577464788732,0.014084507042253521,0.9366197183098591,1.0,整形外科密度が相対的に高く、一般病床が相対的に低い
27122,大阪府,大阪市西成区,99503,38.18980332251289,96.70212765957447,0.20099896485533097,45.159574468085104,196.3759886636584,54.840425531914896,83.71606886224536,66.03375527426161,0.08396946564885496,0.03816793893129771,0.8778625954198473,1.0,整形外科密度が相対的に高く、MRI密度が相対的に低い
27123,大阪府,大阪市淀川区,188100,17.543859649122805,72.68617021276596,0.2126528442317916,46.43617021276596,292.5571504518873,63.08510638297873,42.74322169059011,27.285513361462726,0.037037037037037035,0.015873015873015872,0.9470899470899471,1.0,整形外科密度が相対的に高く、一般病床が相対的に低い
27124,大阪府,大阪市鶴見区,112140,16.051364365971107,66.54255319148936,0.26752273943285176,51.43617021276595,69.19921526663099,43.829787234042556,49.67005528803281,34.66947960618847,0.07692307692307693,0.01098901098901099,0.9120879120879121,1.0,整形外科密度が相対的に高く、一般病床が相対的に低い
27125,大阪府,大阪市住之江区,115448,18.190007622479385,75.37234042553192,0.2598572517497055,50.31914893617021,367.43815397408355,67.81914893617021,57.081976301018635,41.63150492264416,0.037383177570093455,0.028037383177570093,0.9345794392523364,1.0,整形外科密度が相対的に高く、一般病床が相対的に低い
27126,大阪府,大阪市平野区,181793,26.40365690648155,90.2127659574468,0.22003047422067956,46.702127659574465,103.7443685950504,47.07446808510639,48.351696709994336,33.47398030942335,0.04830917874396135,0.00966183574879227,0.9420289855072463,1.0,整形外科密度が相対的に高く、一般病床が相対的に低い
27127,大阪府,大阪市北区,149087,32.19596611374566,94.30851063829788,1.3414985880727361,96.22340425531914,2378.5440715823647,98.82978723404256,222.353390973056,96.9760900140647,0.027848101265822784,0.015189873417721518,0.9569620253164557,1.0,各指標が比較的均衡
27128,大阪府,大阪市中央区,115685,29.390154298310065,93.03191489361701,0.7779746726023252,87.34042553191489,1649.9113973289536,97.76595744680851,149.88978692138133,91.20956399437412,0.019444444444444445,0.005555555555555556,0.975,1.0,各指標が比較的均衡
27141,大阪府,堺市堺区,146309,18.454093733126467,76.43617021276596,0.341742476539379,58.88297872340426,569.0695719333739,80.69148936170212,81.33470941637219,64.34599156118144,0.05714285714285714,0.011428571428571429,0.9314285714285714,1.0,手術活動が相対的に高く、MRI密度が相対的に低い
27142,大阪府,堺市中区,114947,14.789424691379505,60.21276595744681,0.7829695424847973,87.5,790.9732311413086,89.14893617021276,92.9993823240276,72.71448663853727,0.0875,0.0,0.9125,1.0,手術活動が相対的に高く、整形外科密度が相対的に低い
27143,大阪府,堺市東区,83556,17.952032170041647,74.20212765957447,0.11968021446694432,39.9468085106383,38.41734884388913,39.62765957446808,35.784384125616356,22.0112517580872,0.02702702702702703,0.02702702702702703,0.9459459459459459,1.0,整形外科密度が相対的に高く、一般病床が相対的に低い
27144,大阪府,堺市西区,130594,14.548907300488537,58.93617021276596,0.3062927852734429,54.9468085106383,746.0526517297885,87.7659574468085,65.39350965588005,49.789029535864984,0.048,0.024,0.928,1.0,手術活動が相対的に高く、一般病床が相対的に低い
27145,大阪府,堺市南区,127556,16.463357270532157,68.61702127659575,0.23519081815045942,48.138297872340424,39.198469691743234,39.680851063829785,104.11113550127003,78.90295358649789,0.042735042735042736,0.05982905982905983,0.8974358974358975,1.0,一般病床が相対的に高く、手術活動が相対的に低い
27146,大阪府,堺市北区,155931,15.391423129461106,62.76595744680851,0.3847855782365277,63.03191489361703,994.2859341631876,93.56382978723404,83.94738698526912,66.17440225035162,0.06918238993710692,0.018867924528301886,0.9119496855345912,1.0,手術活動が相対的に高く、整形外科密度が相対的に低い
27147,大阪府,堺市美原区,36078,8.315316813570597,24.840425531914896,0.27717722711901993,52.5,62.6420533288985,43.351063829787236,33.26126725428239,19.971870604781998,0.10526315789473684,0.05263157894736842,0.8421052631578947,1.0,MRI密度が相対的に高く、一般病床が相対的に低い
27202,大阪府,岸和田市,182321,17.551461433405915,72.81914893617021,0.43878653583514793,69.30851063829788,785.592444095853,89.04255319148936,66.42131186204551,50.70323488045007,0.1,0.0,0.9,1.0,手術活動が相対的に高く、一般病床が相対的に低い
27203,大阪府,豊中市,399848,19.50741281687041,79.04255319148936,0.2500950361137232,49.57446808510638,319.6464656569496,64.68085106382979,46.8928192713231,32.06751054852321,0.04176334106728538,0.02088167053364269,0.9373549883990719,1.0,整形外科密度が相対的に高く、一般病床が相対的に低い
27204,大阪府,池田市,104319,15.337570337138967,62.34042553191489,0.28757944382135564,53.45744680851063,465.9745588052033,75.1063829787234,50.99742137098706,36.075949367088604,0.0297029702970297,0.0,0.9702970297029703,1.0,手術活動が相対的に高く、一般病床が相対的に低い
27205,大阪府,吹田市,388259,12.878001540208984,49.787234042553195,0.5666320677691953,78.35106382978724,812.421605165624,89.73404255319149,100.68021604135384,77.28551336146273,0.036458333333333336,0.005208333333333333,0.9583333333333334,1.0,手術活動が相対的に高く、整形外科密度が相対的に低い
27206,大阪府,泉大津市,71948,13.898927002835382,56.01063829787234,0.5559570801134153,77.81914893617021,382.9154389281147,68.77659574468085,86.31233668760771,68.21378340365682,0.07042253521126761,0.014084507042253521,0.9154929577464789,1.0,MRI密度が相対的に高く、整形外科密度が相対的に低い
27207,大阪府,高槻市,347255,13.822695137579013,55.47872340425531,0.40316194151272117,65.1063829787234,918.2301190767591,92.02127659574468,80.74757742869073,63.78340365682138,0.05362776025236593,0.015772870662460567,0.9305993690851735,1.0,手術活動が相対的に高く、整形外科密度が相対的に低い
27208,大阪府,貝塚市,80773,13.618412093149937,53.829787234042556,0.24760749260272616,49.46808510638298,517.9948745249031,78.03191489361701,39.61719881643618,24.613220815752463,0.13559322033898305,0.06779661016949153,0.7966101694915254,1.0,手術活動が相対的に高く、一般病床が相対的に低い
27209,大阪府,守口市,139368,19.373170311692785,78.61702127659575,0.5022673784512944,73.77659574468085,1116.2533723666838,95.42553191489361,97.7986338327306,75.45710267229254,0.051094890510948905,0.021897810218978103,0.927007299270073,1.0,手術活動が相対的に高く、MRI密度が相対的に低い
27210,大阪府,枚方市,387517,14.192925729709922,57.234042553191486,0.4903010706627064,72.97872340425532,816.5577252094747,89.84042553191489,77.75142767930181,61.111111111111114,0.07868852459016394,0.01639344262295082,0.9049180327868852,1.0,手術活動が相対的に高く、整形外科密度が相対的に低い
27211,大阪府,茨木市,289075,15.566894404566288,63.829787234042556,0.24215169073769782,48.77659574468085,153.66254432240768,51.38297872340426,55.660295770993685,40.225035161744024,0.056910569105691054,0.012195121951219513,0.9308943089430894,1.0,整形外科密度が相対的に高く、一般病床が相対的に低い
27212,大阪府,八尾市,257241,18.659544940347764,77.02127659574468,0.3887405195905785,63.40425531914894,571.4874378501094,80.79787234042554,56.445123444551996,40.85794655414909,0.05092592592592592,0.037037037037037035,0.9120370370370371,1.0,手術活動が相対的に高く、一般病床が相対的に低い
27213,大阪府,泉佐野市,98343,24.404380586315245,88.35106382978724,0.30505475732894055,54.734042553191486,767.619454358724,88.56382978723404,61.519376061336345,46.20253164556962,0.1111111111111111,0.010101010101010102,0.8787878787878788,1.0,手術活動が相対的に高く、一般病床が相対的に低い
27214,大阪府,富田林市,102630,14.615609470914936,59.308510638297875,0.389749585891065,63.45744680851064,573.3216408457565,80.85106382978722,74.83192049108447,58.50914205344585,0.07954545454545454,0.03409090909090909,0.8863636363636364,1.0,手術活動が相対的に高く、一般病床が相対的に低い
27215,大阪府,寝屋川市,222226,16.19972460468172,67.23404255319149,0.3599938801040382,60.691489361702125,419.1228749111265,72.12765957446808,58.4090070468802,42.897327707454295,0.07865168539325842,0.011235955056179775,0.9101123595505618,1.0,手術活動が相対的に高く、一般病床が相対的に低い
27216,大阪府,河内長野市,94817,14.765284706329036,60.15957446808511,0.42186527732368667,67.12765957446808,482.93027621629034,75.95744680851064,80.15440269150047,62.869198312236286,0.09876543209876543,0.024691358024691357,0.8765432098765432,1.0,各指標が比較的均衡
27217,大阪府,松原市,112124,19.621133744782565,79.41489361702128,0.2675609147015804,51.48936170212765,409.9033213228211,71.38297872340425,57.079661803003816,41.561181434599156,0.04854368932038835,0.019417475728155338,0.9320388349514563,1.0,整形外科密度が相対的に高く、一般病床が相対的に低い
27218,大阪府,大東市,115286,14.745936193466681,60.0531914893617,0.43370400569019657,68.88297872340425,272.4528563745815,61.38297872340426,58.63678156931457,43.10829817158931,0.0625,0.05,0.8875,1.0,MRI密度が相対的に高く、一般病床が相対的に低い
27219,大阪府,和泉市,182004,10.439331003714203,35.212765957446805,0.38460693171578647,62.92553191489362,720.3138392562801,86.80851063829788,57.30643282565218,41.983122362869196,0.08759124087591241,0.021897810218978103,0.8905109489051095,1.0,手術活動が相対的に高く、整形外科密度が相対的に低い
27220,大阪府,箕面市,137622,15.985816221243697,66.06382978723404,0.14532560201130634,41.48936170212766,274.30207379634066,61.702127659574465,41.272470971211,26.230661040787624,0.07246376811594203,0.007246376811594203,0.9202898550724637,1.0,整形外科密度が相対的に高く、一般病床が相対的に低い
27221,大阪府,柏原市,65610,15.241579027587258,62.07446808510638,0.15241579027587257,41.91489361702128,241.2741960067063,58.45744680851064,33.53147386069197,20.182841068917018,0.045454545454545456,0.0,0.9545454545454546,1.0,整形外科密度が相対的に高く、一般病床が相対的に低い
27222,大阪府,羽曳野市,103494,17.392312597831758,71.96808510638299,0.7729916710147449,87.12765957446808,892.5155081453997,91.38297872340425,100.10242139640945,76.93389592123769,0.09333333333333334,0.0,0.9066666666666666,1.0,各指標が比較的均衡
27223,大阪府,門真市,113782,21.09296725316834,83.35106382978724,0.2636620906646042,50.95744680851064,254.08236803712362,59.787234042553195,57.03889894710938,41.49085794655415,0.04201680672268908,0.05042016806722689,0.907563025210084,1.0,整形外科密度が相対的に高く、一般病床が相対的に低い
27224,大阪府,摂津市,86835,14.970921863303966,60.95744680851064,0.11516093741003053,39.73404255319149,10.134162492082687,33.670212765957444,45.94921402660218,30.801687763713083,0.06666666666666667,0.016666666666666666,0.9166666666666666,1.0,整形外科密度が相対的に高く、一般病床が相対的に低い
27225,大阪府,高石市,53491,14.955786954814828,60.90425531914894,0.18694733693518534,44.04255319148936,127.12418911592604,49.41489361702128,40.19367744106485,25.035161744022506,0.07692307692307693,0.057692307692307696,0.8653846153846154,1.0,整形外科密度が相対的に高く、一般病床が相対的に低い
27226,大阪府,藤井寺市,61155,14.716703458425313,59.840425531914896,0.3270378546316736,57.12765957446808,130.1610661434061,49.734042553191486,29.106369062218953,16.666666666666664,0.041666666666666664,0.027777777777777776,0.9305555555555556,1.0,整形外科密度が相対的に高く、一般病床が相対的に低い
27227,大阪府,東大阪市,478156,17.77662520181698,73.82978723404256,0.29279147391227967,53.776595744680854,419.3192179958005,72.23404255319149,50.8829754306126,35.86497890295359,0.05084745762711865,0.012106537530266344,0.937046004842615,1.0,整形外科密度が相対的に高く、一般病床が相対的に低い
27228,大阪府,泉南市,56299,21.31476580401073,83.61702127659575,0.5328691451002682,76.11702127659574,144.58516137053945,50.58510638297873,43.51764684985523,28.340365682137836,0.16279069767441862,0.046511627906976744,0.7906976744186046,1.0,整形外科密度が相対的に高く、一般病床が相対的に低い
27229,大阪府,四條畷市,53219,13.153197166425525,51.38297872340426,0.37580563332644357,62.07446808510638,420.7144065089536,72.44680851063829,51.29746894905955,36.21659634317862,0.07894736842105263,0.02631578947368421,0.8947368421052632,1.0,手術活動が相対的に高く、一般病床が相対的に低い
27230,大阪府,交野市,72408,11.048502927853276,39.680851063829785,0.13810628659816596,41.01063829787234,272.62180974477957,61.48936170212767,32.17876477737266,18.565400843881857,0.037037037037037035,0.0,0.9629629629629629,1.0,手術活動が相対的に高く、一般病床が相対的に低い
27231,大阪府,大阪狭山市,57505,17.389792191983307,71.91489361702128,1.2172854534388313,95.26595744680851,2562.9075732544998,99.20212765957447,76.34118772280671,59.91561181434599,0.1016949152542373,0.01694915254237288,0.8813559322033898,1.0,手術活動が相対的に高く、一般病床が相対的に低い
27232,大阪府,阪南市,47173,19.078710279185128,78.03191489361701,0.42397133953744726,67.5,487.3550547982956,76.32978723404256,52.996417442180906,37.76371308016878,0.06666666666666667,0.08888888888888889,0.8444444444444444,1.0,整形外科密度が相対的に高く、一般病床が相対的に低い
27301,大阪府,島本町,30879,12.953787363580426,50.212765957446805,0.32384468408951067,56.64893617021277,94.56264775413712,46.329787234042556,37.88982803847275,23.417721518987342,0.043478260869565216,0.08695652173913043,0.8695652173913043,1.0,MRI密度が相対的に高く、一般病床が相対的に低い
27321,大阪府,豊能町,16730,0.0,7.659574468085106,0.0,19.44148936170213,0.0,14.01595744680851,,,0.0,0.0,1.0,0.75,各指標が比較的均衡
27322,大阪府,能勢町,8166,12.24589762429586,46.329787234042556,0.0,19.44148936170213,0.0,14.01595744680851,,,0.0,0.0,1.0,0.75,整形外科密度が相対的に高く、手術活動が相対的に低い
27341,大阪府,忠岡町,15884,18.886930244270964,77.6595744680851,0.0,19.44148936170213,1.2591286829513975,28.882978723404257,0.0,3.551336146272855,0.07142857142857142,0.14285714285714285,0.7857142857142857,1.0,整形外科密度が相対的に高く、一般病床が相対的に低い
27361,大阪府,熊取町,42647,16.413815743194128,68.56382978723404,0.2344830820456304,48.03191489361702,214.55202007175183,56.22340425531915,34.7034961427533,21.026722925457104,0.07142857142857142,0.0,0.9285714285714286,1.0,整形外科密度が相対的に高く、一般病床が相対的に低い
27362,大阪府,田尻町,8422,11.873664212776063,44.734042553191486,0.0,19.44148936170213,0.0,14.01595744680851,,,0.0,0.0,1.0,0.75,整形外科密度が相対的に高く、手術活動が相対的に低い
27366,大阪府,岬町,13436,29.770765108663294,93.19148936170212,0.0,19.44148936170213,43.16760940756177,40.42553191489361,0.0,3.551336146272855,0.1,0.0,0.9,1.0,整形外科密度が相対的に高く、一般病床が相対的に低い
27381,大阪府,太子町,12313,8.121497604158208,24.25531914893617,0.0,19.44148936170213,0.0,14.01595744680851,,,0.0,0.0,1.0,0.75,各指標が比較的均衡
27382,大阪府,河南町,14751,0.0,7.659574468085106,0.0,19.44148936170213,0.0,14.01595744680851,,,0.0,0.0,1.0,0.75,各指標が比較的均衡
27383,大阪府,千早赤阪村,4399,22.732439190725167,85.85106382978724,0.0,19.44148936170213,0.0,14.01595744680851,,,0.0,0.0,1.0,0.75,整形外科密度が相対的に高く、手術活動が相対的に低い
28101,兵庫県,神戸市東灘区,205845,15.545677572931089,63.72340425531915,0.24290121207704826,48.829787234042556,311.059292185868,64.41489361702128,49.01746459714834,33.755274261603375,0.028,0.02,0.952,1.0,手術活動が相対的に高く、一般病床が相対的に低い
28102,兵庫県,神戸市灘区,137364,16.015841122856063,66.38297872340425,0.21839783349349176,46.59574468085106,302.7721964998107,63.61702127659574,44.480358754841156,29.535864978902953,0.05,0.01875,0.93125,1.0,整形外科密度が相対的に高く、一般病床が相対的に低い
28105,兵庫県,神戸市兵庫区,108028,20.365090532084274,81.75531914893617,0.5554115599659347,77.7127659574468,625.2082793349872,83.03191489361701,100.5294923538342,77.21518987341773,0.0782608695652174,0.008695652173913044,0.9130434782608695,1.0,各指標が比較的均衡
28106,兵庫県,神戸市長田区,90839,29.722916368520128,93.13829787234043,0.4403395017558538,69.57446808510637,681.4253789671837,85.37234042553192,101.1680005284074,77.63713080168776,0.09174311926605505,0.009174311926605505,0.8990825688073395,1.0,整形外科密度が相対的に高く、MRI密度が相対的に低い
28107,兵庫県,神戸市須磨区,153030,15.029732732144025,61.27659574468085,0.3267333202640005,57.02127659574469,380.51362477945503,68.67021276595744,57.43971770241129,42.123769338959214,0.0703125,0.015625,0.9140625,1.0,手術活動が相対的に高く、一般病床が相対的に低い
28108,兵庫県,神戸市垂水区,204335,12.724202902097046,48.67021276595745,0.2936354515868549,53.93617021276596,218.6605329483446,56.54255319148936,44.73046712506423,29.887482419127988,0.03508771929824561,0.029239766081871343,0.935672514619883,1.0,手術活動が相対的に高く、一般病床が相対的に低い
28109,兵庫県,神戸市北区,201840,14.367816091954023,57.92553191489361,0.3963535473642489,64.14893617021276,429.05271502179943,73.24468085106382,70.00594530321047,54.360056258790436,0.12048192771084337,0.04216867469879518,0.8373493975903614,1.0,各指標が比較的均衡
28110,兵庫県,神戸市中央区,152185,22.341229424713344,85.2127659574468,1.5113184610835497,97.3936170212766,3113.3817393304203,99.62765957446808,268.2261720931761,98.31223628691983,0.07766990291262135,0.016181229773462782,0.9061488673139159,1.0,各指標が比較的均衡
28111,兵庫県,神戸市西区,226677,15.440472566691813,62.97872340425532,0.22057817952416875,46.75531914893617,428.7157497231744,73.13829787234043,61.45308081543341,46.06188466947961,0.09090909090909091,0.053475935828877004,0.8556149732620321,1.0,手術活動が相対的に高く、一般病床が相対的に低い
28201,兵庫県,姫路市,519967,12.885433114024543,49.840425531914896,0.5384957122278914,76.54255319148936,742.7779070594864,87.7127659574468,77.71647046831818,60.970464135021096,0.08354430379746836,0.03291139240506329,0.8835443037974684,1.0,手術活動が相対的に高く、整形外科密度が相対的に低い
28202,兵庫県,尼崎市,452808,21.421883005600606,83.88297872340425,0.35335064751506157,60.0531914893617,594.1149449656367,81.86170212765957,67.31329835161922,51.125175808720115,0.04897959183673469,0.02040816326530612,0.9306122448979591,1.0,整形外科密度が相対的に高く、一般病床が相対的に低い
28203,兵庫県,明石市,305438,15.060339577917613,61.38297872340426,0.5893176356576457,79.14893617021276,638.6893575782974,83.93617021276596,75.33443775823571,58.93108298171589,0.08433734939759036,0.03614457831325301,0.8795180722891566,1.0,手術活動が相対的に高く、一般病床が相対的に低い
28204,兵庫県,西宮市,484472,17.544873594346008,72.76595744680851,0.35089747188692016,59.73404255319149,628.3954490661998,83.29787234042553,73.62654601297908,57.52461322081576,0.041742286751361164,0.012704174228675136,0.9455535390199638,1.0,手術活動が相対的に高く、一般病床が相対的に低い
28205,兵庫県,洲本市,38270,15.67807682257643,64.36170212765957,0.7839038411288215,87.6063829787234,1393.258426966292,96.70212765957447,118.89208257120461,84.88045007032349,0.06818181818181818,0.045454545454545456,0.8863636363636364,1.0,手術活動が相対的に高く、整形外科密度が相対的に低い
28206,兵庫県,芦屋市,92900,19.3756727664155,78.67021276595744,0.32292787944025836,56.48936170212766,185.2529601722282,53.61702127659574,37.997847147470395,23.628691983122362,0.02,0.02666666666666667,0.9533333333333334,1.0,整形外科密度が相対的に高く、一般病床が相対的に低い
28207,兵庫県,伊丹市,195314,17.407866307586758,72.12765957446808,0.2559980339350994,50.0,290.66016772991185,62.712765957446805,32.56294991654464,19.198312236286917,0.04838709677419355,0.03225806451612903,0.9193548387096774,1.0,整形外科密度が相対的に高く、一般病床が相対的に低い
28208,兵庫県,相生市,25821,23.236900197513652,86.54255319148936,1.1618450098756825,94.62765957446808,377.9869098795554,68.45744680851064,133.6121761357035,88.32630098452883,0.19047619047619047,0.047619047619047616,0.7619047619047619,1.0,MRI密度が相対的に高く、手術活動が相対的に低い
28209,兵庫県,豊岡市,71692,9.76399040339229,31.43617021276596,0.27897115438263687,52.712765957446805,740.6684148859008,87.55319148936171,73.64838475701612,57.59493670886076,0.03571428571428571,0.03571428571428571,0.9285714285714286,1.0,手術活動が相対的に高く、整形外科密度が相対的に低い
28210,兵庫県,加古川市,253960,8.662781540400063,26.382978723404253,0.4725153567490944,72.07446808510637,645.5741061584501,84.09574468085106,68.00283509214049,51.89873417721519,0.07471264367816093,0.040229885057471264,0.8850574712643678,1.0,手術活動が相対的に高く、整形外科密度が相対的に低い
28212,兵庫県,赤穂市,42637,9.381523090273706,29.095744680851066,0.4690761545136853,71.80851063829788,793.2077772826418,89.41489361702128,145.64814597649928,90.43600562587905,0.1,0.05,0.85,1.0,一般病床が相対的に高く、整形外科密度が相対的に低い
28213,兵庫県,西脇市,35626,14.03469376298209,56.54255319148936,0.8420816257789254,89.41489361702128,1031.8306854544435,93.88297872340425,145.68012125975412,90.50632911392405,0.06896551724137931,0.1724137931034483,0.7586206896551724,1.0,手術活動が相対的に高く、整形外科密度が相対的に低い
28214,兵庫県,宝塚市,220748,17.214198996140397,71.22340425531914,0.27180314204432204,51.86170212765957,412.9595738126732,71.64893617021276,42.537191729936396,27.144866385372712,0.03153153153153153,0.02702702702702703,0.9414414414414415,1.0,手術活動が相対的に高く、一般病床が相対的に低い
28215,兵庫県,三木市,71547,20.965239632689002,83.13829787234043,0.41930479265378,66.80851063829788,337.1210532936392,65.74468085106383,65.83085244664346,50.35161744022504,0.10526315789473684,0.017543859649122806,0.8771929824561403,1.0,整形外科密度が相対的に高く、一般病床が相対的に低い
28216,兵庫県,高砂市,84290,18.98208565666153,77.81914893617021,0.2372760707082691,48.40425531914894,161.4663661169771,51.91489361702127,43.896073081029776,28.691983122362867,0.03636363636363636,0.05454545454545454,0.9090909090909091,1.0,整形外科密度が相対的に高く、一般病床が相対的に低い
28217,兵庫県,川西市,147445,14.242598935196174,57.446808510638306,0.3391094984570518,58.40425531914894,449.5235511546678,74.25531914893617,85.18430601241141,66.9479606188467,0.06666666666666667,0.008333333333333333,0.925,1.0,各指標が比較的均衡
28218,兵庫県,小野市,46001,10.869328927632008,38.88297872340426,0.6521597356579205,81.75531914893617,1424.5342492554512,96.96808510638299,177.38744809895437,94.65541490857946,0.1282051282051282,0.1282051282051282,0.7435897435897436,1.0,手術活動が相対的に高く、整形外科密度が相対的に低い
28219,兵庫県,三田市,102569,10.724487905702503,37.87234042553192,0.19499068919459095,44.787234042553195,450.72097807329703,74.36170212765958,142.73318449044058,89.943741209564,0.11235955056179775,0.011235955056179775,0.8764044943820225,1.0,一般病床が相対的に高く、整形外科密度が相対的に低い
28220,兵庫県,加西市,40210,12.434717731907487,47.3936170212766,0.24869435463814973,49.52127659574468,183.0390450136782,53.51063829787234,79.83088783884605,62.37693389592124,0.1111111111111111,0.0,0.8888888888888888,1.0,各指標が比較的均衡
28221,兵庫県,丹波篠山市,37554,26.628321883154925,90.47872340425532,0.7988496564946477,88.24468085106383,275.869414709485,61.755319148936174,62.842839644245615,47.53867791842475,0.11764705882352941,0.029411764705882353,0.8529411764705882,1.0,整形外科密度が相対的に高く、一般病床が相対的に低い
28222,兵庫県,養父市,19999,20.0010000500025,80.47872340425532,1.0000500025001249,92.5531914893617,668.5334266713336,84.94680851063829,164.0082004100205,93.60056258790436,0.125,0.0625,0.8125,1.0,各指標が比較的均衡
28223,兵庫県,丹波市,58014,8.618609301203158,26.170212765957444,0.5171165580721895,75.0,490.74361361050785,76.43617021276596,64.81194194504775,49.507735583684955,0.07692307692307693,0.05128205128205128,0.8717948717948718,1.0,手術活動が相対的に高く、整形外科密度が相対的に低い
28224,兵庫県,南あわじ市,41142,14.583637159107482,59.202127659574465,0.7291818579553742,85.1063829787234,56.87618492051918,42.28723404255319,9.479364153419864,7.805907172995781,0.13513513513513514,0.0,0.8648648648648649,1.0,MRI密度が相対的に高く、一般病床が相対的に低い
28225,兵庫県,朝来市,26646,11.258725512272012,40.95744680851064,0.0,19.44148936170213,70.17938902649554,44.04255319148936,39.03024844254297,24.331926863572434,0.08333333333333333,0.0,0.9166666666666666,1.0,手術活動が相対的に高く、MRI密度が相対的に低い
28226,兵庫県,淡路市,39878,17.55353829178996,72.87234042553192,0.5015296654797131,73.72340425531915,73.22333116003811,44.25531914893617,27.584131601384218,15.541490857946554,0.08108108108108109,0.05405405405405406,0.8648648648648649,1.0,MRI密度が相対的に高く、一般病床が相対的に低い
28227,兵庫県,宍粟市,31628,15.808777033008727,65.0,0.3161755406601745,55.90425531914893,312.69760971291265,64.52127659574468,59.12482610345264,43.60056258790436,0.04,0.04,0.92,1.0,整形外科密度が相対的に高く、一般病床が相対的に低い
28228,兵庫県,加東市,40048,14.982021574111066,61.06382978723405,0.49940071913703554,73.61702127659574,122.35317618857371,48.61702127659574,59.428685577307235,44.09282700421941,0.10714285714285714,0.0,0.8928571428571429,1.0,MRI密度が相対的に高く、一般病床が相対的に低い
28229,兵庫県,たつの市,70414,19.882409748061466,80.1063829787234,0.5680688499446133,78.51063829787233,93.16329139091658,46.01063829787234,59.36319481921208,43.9521800281294,0.17391304347826086,0.06521739130434782,0.7608695652173914,1.0,整形外科密度が相対的に高く、一般病床が相対的に低い
28301,兵庫県,猪名川町,28669,13.952352715476646,56.17021276595745,0.0,19.44148936170213,14.64997035125048,35.0531914893617,0.0,3.551336146272855,0.047619047619047616,0.0,0.9523809523809523,1.0,整形外科密度が相対的に高く、一般病床が相対的に低い
28365,兵庫県,多可町,17085,17.55926251097454,72.92553191489361,0.0,19.44148936170213,118.23236757389523,48.191489361702125,91.30816505706761,71.65963431786217,0.18181818181818182,0.0,0.8181818181818182,1.0,整形外科密度が相対的に高く、MRI密度が相対的に低い
28381,兵庫県,稲美町,29284,6.8296680781314025,19.20212765957447,0.0,19.44148936170213,42.685425488321265,40.37234042553192,17.074170195328506,10.40787623066104,0.1111111111111111,0.0,0.8888888888888888,1.0,手術活動が相対的に高く、一般病床が相対的に低い
28382,兵庫県,播磨町,33294,15.017720910674596,61.223404255319146,0.30035441821349196,54.52127659574468,162.79209467171262,52.02127659574468,26.73154322100078,14.978902953586498,0.05263157894736842,0.05263157894736842,0.8947368421052632,1.0,整形外科密度が相対的に高く、一般病床が相対的に低い
28442,兵庫県,市川町,10267,9.739943508327652,30.957446808510635,0.0,19.44148936170213,0.0,14.01595744680851,,,0.0,0.0,1.0,0.75,各指標が比較的均衡
28443,兵庫県,福崎町,18877,15.892355776871323,65.58510638297872,0.0,19.44148936170213,0.0,14.01595744680851,0.0,3.551336146272855,0.0625,0.125,0.8125,1.0,整形外科密度が相対的に高く、一般病床が相対的に低い
28446,兵庫県,神河町,9576,10.442773600668337,35.319148936170215,1.0442773600668338,93.24468085106383,497.07602339181284,76.88829787234043,146.19883040935673,90.78762306610409,0.14285714285714285,0.0,0.8571428571428571,1.0,MRI密度が相対的に高く、整形外科密度が相対的に低い
28464,兵庫県,太子町,32753,9.159466308429762,28.085106382978726,0.3053155436143254,54.78723404255319,75.41293927273837,44.52127659574468,12.51793728818734,8.438818565400844,0.05263157894736842,0.05263157894736842,0.8947368421052632,1.0,MRI密度が相対的に高く、一般病床が相対的に低い
28481,兵庫県,上郡町,12603,31.738474966277874,94.09574468085107,0.0,19.44148936170213,0.0,14.01595744680851,,,0.0,0.125,0.875,0.75,整形外科密度が相対的に高く、手術活動が相対的に低い
28501,兵庫県,佐用町,14015,14.270424545130217,57.6063829787234,1.4270424545130216,96.91489361702128,267.5704602211916,60.90425531914894,138.4231180877631,89.17018284106891,0.3,0.0,0.7,1.0,MRI密度が相対的に高く、整形外科密度が相対的に低い
28585,兵庫県,香美町,14027,14.258216297141228,57.49999999999999,0.0,19.44148936170213,43.48755970628075,40.47872340425532,65.58779496684964,50.210970464135016,0.2222222222222222,0.0,0.7777777777777778,1.0,整形外科密度が相対的に高く、MRI密度が相対的に低い
28586,兵庫県,新温泉町,11944,16.744809109176156,69.36170212765957,0.0,19.44148936170213,20.931011386470196,36.223404255319146,41.024782317481574,25.949367088607595,0.18181818181818182,0.0,0.8181818181818182,1.0,整形外科密度が相対的に高く、MRI密度が相対的に低い
29201,奈良県,奈良市,344243,18.301025728918237,75.79787234042553,0.37764021345386833,62.39361702127659,568.9585554390358,80.63829787234043,80.61166094880652,63.50210970464135,0.05675675675675676,0.016216216216216217,0.927027027027027,1.0,各指標が比較的均衡
29202,奈良県,大和高田市,58470,15.392508978963571,62.81914893617021,0.34205575508807934,58.98936170212766,827.432871558064,89.9468085106383,68.41115101761586,52.742616033755276,0.06,0.02,0.92,1.0,手術活動が相対的に高く、一般病床が相対的に低い
29203,奈良県,大和郡山市,79240,17.667844522968196,73.40425531914893,0.6309944472488642,80.79787234042554,375.8202927814235,68.35106382978722,76.35032811711257,59.985935302391,0.08823529411764706,0.014705882352941176,0.8970588235294118,1.0,MRI密度が相対的に高く、一般病床が相対的に低い
29204,奈良県,天理市,58652,15.3447452772284,62.5,1.0229830184818933,92.76595744680851,1962.933915297006,98.24468085106382,186.0124121939576,94.86638537271449,0.1111111111111111,0.0,0.8888888888888888,1.0,手術活動が相対的に高く、整形外科密度が相対的に低い
29205,奈良県,橿原市,117615,15.304170386430302,62.287234042553195,0.7652085193215151,86.86170212765958,1267.7804701781238,96.27659574468085,113.33588402839774,83.0520393811533,0.06666666666666667,0.03333333333333333,0.9,1.0,手術活動が相対的に高く、整形外科密度が相対的に低い
29206,奈良県,桜井市,52105,13.434411284905478,53.138297872340424,0.5757604836388063,78.61702127659575,482.2953651281067,75.90425531914894,78.68726609730352,61.67369901547117,0.06382978723404255,0.0851063829787234,0.851063829787234,1.0,MRI密度が相対的に高く、整形外科密度が相対的に低い
29207,奈良県,五條市,24647,20.286444597719804,81.43617021276596,0.0,19.44148936170213,3.245831135635169,30.372340425531913,18.25780013794782,11.181434599156118,0.043478260869565216,0.043478260869565216,0.9130434782608695,1.0,整形外科密度が相対的に高く、一般病床が相対的に低い
29208,奈良県,御所市,21672,27.685492801771872,91.70212765957447,0.4614248800295312,71.06382978723404,292.0819490586932,62.92553191489362,87.67072720561093,69.1279887482419,0.08333333333333333,0.041666666666666664,0.875,1.0,整形外科密度が相対的に高く、手術活動が相対的に低い
29209,奈良県,生駒市,114892,12.185356682797758,46.11702127659574,0.522229572119904,75.15957446808511,772.9868049994777,88.72340425531915,97.48285346238207,75.24613220815752,0.06451612903225806,0.021505376344086023,0.9139784946236559,1.0,手術活動が相対的に高く、整形外科密度が相対的に低い
29210,奈良県,香芝市,78128,16.639361048535736,69.09574468085107,0.25599016997747287,49.9468085106383,285.68502969485974,62.23404255319149,37.11857464673356,22.855133614627285,0.05263157894736842,0.03508771929824561,0.9122807017543859,1.0,整形外科密度が相対的に高く、一般病床が相対的に低い
29211,奈良県,葛城市,36624,16.382699868938403,68.19148936170212,0.27304499781564,51.96808510638298,352.22804718217566,66.64893617021276,15.56356487549148,9.634317862165963,0.10526315789473684,0.0,0.8947368421052632,1.0,整形外科密度が相対的に高く、一般病床が相対的に低い
29212,奈良県,宇陀市,24993,28.007842195814828,92.07446808510639,0.40011203136878326,64.73404255319149,319.68951306365784,64.73404255319149,80.82263033649421,63.9943741209564,0.11764705882352941,0.058823529411764705,0.8235294117647058,1.0,整形外科密度が相対的に高く、一般病床が相対的に低い
29322,奈良県,山添村,2871,0.0,7.659574468085106,0.0,19.44148936170213,0.0,14.01595744680851,,,0.0,0.0,1.0,0.75,各指標が比較的均衡
29342,奈良県,平群町,17037,5.869577977343429,17.393617021276594,0.0,19.44148936170213,0.0,14.01595744680851,,,0.0,0.0,1.0,0.75,各指標が比較的均衡
29343,奈良県,三郷町,22859,8.749289120258979,26.43617021276596,0.8749289120258978,90.1063829787234,1425.6966621462007,97.02127659574468,131.2393368038847,87.9043600562588,0.18181818181818182,0.0,0.8181818181818182,1.0,手術活動が相対的に高く、整形外科密度が相対的に低い
29344,奈良県,斑鳩町,27311,18.30764160960785,75.85106382978724,0.0,19.44148936170213,0.0,14.01595744680851,,,0.0,0.043478260869565216,0.9565217391304348,0.75,整形外科密度が相対的に高く、手術活動が相対的に低い
29345,奈良県,安堵町,6855,0.0,7.659574468085106,0.0,19.44148936170213,0.0,14.01595744680851,,,0.0,0.0,1.0,0.75,各指標が比較的均衡
29361,奈良県,川西町,7735,0.0,7.659574468085106,0.0,19.44148936170213,0.0,14.01595744680851,,,0.0,0.25,0.75,0.75,各指標が比較的均衡
29362,奈良県,三宅町,5948,0.0,7.659574468085106,0.0,19.44148936170213,0.0,14.01595744680851,,,0.0,0.0,1.0,0.75,各指標が比較的均衡
29363,奈良県,田原本町,30332,23.07793749175788,86.22340425531915,0.6593696426216537,82.18085106382979,196.4921535012528,54.8936170212766,98.57576157193724,76.09001406469761,0.08695652173913043,0.13043478260869565,0.782608695652174,1.0,整形外科密度が相対的に高く、手術活動が相対的に低い
29385,奈良県,曽爾村,1088,0.0,7.659574468085106,0.0,19.44148936170213,0.0,14.01595744680851,,,0.0,0.0,1.0,0.75,各指標が比較的均衡
29386,奈良県,御杖村,1229,81.36696501220504,99.41489361702128,0.0,19.44148936170213,0.0,14.01595744680851,,,0.0,0.0,1.0,0.75,整形外科密度が相対的に高く、手術活動が相対的に低い
29401,奈良県,高取町,6225,16.06425702811245,66.64893617021276,0.0,19.44148936170213,0.0,14.01595744680851,0.0,3.551336146272855,0.14285714285714285,0.0,0.8571428571428571,1.0,整形外科密度が相対的に高く、一般病床が相対的に低い
29402,奈良県,明日香村,4856,20.59308072487644,82.4468085106383,0.0,19.44148936170213,0.0,14.01595744680851,,,0.0,0.0,1.0,0.75,整形外科密度が相対的に高く、手術活動が相対的に低い
29424,奈良県,上牧町,20546,19.46850968558357,78.93617021276596,0.9734254842791784,92.23404255319149,220.4808721892339,56.64893617021277,151.85437554755185,91.91279887482419,0.23076923076923078,0.0,0.7692307692307693,1.0,MRI密度が相対的に高く、手術活動が相対的に低い
29425,奈良県,王寺町,23771,16.827226452399984,69.68085106382979,0.0,19.44148936170213,93.3911068108199,46.06382978723404,44.17146943754995,29.184247538677923,0.034482758620689655,0.034482758620689655,0.9310344827586207,1.0,整形外科密度が相対的に高く、MRI密度が相対的に低い
29426,奈良県,広陵町,33611,14.876082234982597,60.691489361702125,0.0,19.44148936170213,0.0,14.01595744680851,,,0.0,0.047619047619047616,0.9523809523809523,0.75,整形外科密度が相対的に高く、手術活動が相対的に低い
29427,奈良県,河合町,15982,6.257039169065198,18.03191489361702,0.0,19.44148936170213,0.0,14.01595744680851,,,0.0,0.07692307692307693,0.9230769230769231,0.75,各指標が比較的均衡
29441,奈良県,吉野町,5316,18.811136192626034,77.55319148936171,0.0,19.44148936170213,11.28668171557562,34.04255319148936,94.05568096313019,73.20675105485233,0.3333333333333333,0.0,0.6666666666666666,1.0,整形外科密度が相対的に高く、MRI密度が相対的に低い
29442,奈良県,大淀町,15157,32.98805832288711,94.84042553191489,1.3195223329154844,95.90425531914893,1496.3383255261595,97.23404255319149,178.13551494359044,94.72573839662446,0.16666666666666666,0.08333333333333333,0.75,1.0,各指標が比較的均衡
29443,奈良県,下市町,4313,0.0,7.659574468085106,0.0,19.44148936170213,0.0,14.01595744680851,,,0.0,0.5,0.5,0.75,各指標が比較的均衡
29444,奈良県,黒滝村,508,0.0,7.659574468085106,0.0,19.44148936170213,0.0,14.01595744680851,,,0.0,0.0,1.0,0.75,各指標が比較的均衡
29446,奈良県,天川村,1018,98.23182711198427,99.68085106382979,0.0,19.44148936170213,0.0,14.01595744680851,,,0.0,0.0,1.0,0.75,整形外科密度が相対的に高く、手術活動が相対的に低い
29447,奈良県,野迫川村,288,0.0,7.659574468085106,0.0,19.44148936170213,0.0,14.01595744680851,,,0.0,0.0,1.0,0.75,各指標が比較的均衡
29449,奈良県,十津川村,2706,73.90983000739098,99.14893617021276,0.0,19.44148936170213,0.0,14.01595744680851,,,0.0,0.0,1.0,0.75,整形外科密度が相対的に高く、手術活動が相対的に低い
29450,奈良県,下北山村,666,150.15015015015015,99.84042553191489,0.0,19.44148936170213,0.0,14.01595744680851,,,0.0,0.0,1.0,0.75,整形外科密度が相対的に高く、手術活動が相対的に低い
29451,奈良県,上北山村,375,266.6666666666667,99.94680851063829,0.0,19.44148936170213,0.0,14.01595744680851,,,0.0,0.0,1.0,0.75,整形外科密度が相対的に高く、手術活動が相対的に低い
29452,奈良県,川上村,973,102.77492291880782,99.7340425531915,0.0,19.44148936170213,0.0,14.01595744680851,,,0.0,0.0,1.0,0.75,整形外科密度が相対的に高く、手術活動が相対的に低い
29453,奈良県,東吉野村,1252,0.0,7.659574468085106,0.0,19.44148936170213,0.0,14.01595744680851,,,0.0,0.0,1.0,0.75,各指標が比較的均衡
30201,和歌山県,和歌山市,346249,20.21666488567476,81.38297872340425,0.5776189967335645,78.88297872340425,949.6922734794902,92.65957446808511,109.71872842954059,81.50492264416314,0.08955223880597014,0.06467661691542288,0.845771144278607,1.0,各指標が比較的均衡
30202,和歌山県,海南市,44535,17.963399573369262,74.36170212765958,0.4490849893342315,70.2127659574468,300.43785786460086,63.51063829787233,49.84843381609969,34.950773558368496,0.1111111111111111,0.022222222222222223,0.8666666666666667,1.0,整形外科密度が相対的に高く、一般病床が相対的に低い
30203,和歌山県,橋本市,57104,26.267862146259457,90.05319148936171,0.35023816195012614,59.62765957446808,640.7607172877557,84.04255319148936,111.3757355001401,82.13783403656821,0.05263157894736842,0.07017543859649122,0.8771929824561403,1.0,整形外科密度が相対的に高く、MRI密度が相対的に低い
30204,和歌山県,有田市,24520,12.234910277324632,46.27659574468085,0.4078303425774878,65.47872340425532,126.4274061990212,49.30851063829787,77.48776508972267,60.829817158931085,0.08,0.08,0.84,1.0,各指標が比較的均衡
30205,和歌山県,御坊市,21885,27.41603838245373,91.43617021276596,1.3708019191226866,96.38297872340425,1341.1012108750288,96.59574468085106,220.24217500571166,96.69479606188467,0.09090909090909091,0.06060606060606061,0.8484848484848485,1.0,各指標が比較的均衡
30206,和歌山県,田辺市,64651,18.561197815965723,76.70212765957447,0.7733832423319051,87.18085106382979,1069.1249941996257,94.62765957446808,130.08306136022645,87.62306610407876,0.0684931506849315,0.0547945205479452,0.8767123287671232,1.0,各指標が比較的均衡
30207,和歌山県,新宮市,25150,19.880715705765407,80.0531914893617,0.3976143141153082,64.36170212765957,988.4691848906562,93.45744680851064,145.1292246520875,90.36568213783404,0.09375,0.09375,0.8125,1.0,手術活動が相対的に高く、MRI密度が相対的に低い
30208,和歌山県,紀の川市,55450,23.44454463480613,86.86170212765958,0.3606853020739405,60.744680851063826,497.02434625789,76.80851063829788,75.38322813345357,59.001406469760894,0.07017543859649122,0.05263157894736842,0.8771929824561403,1.0,整形外科密度が相対的に高く、一般病床が相対的に低い
30209,和歌山県,岩出市,53445,11.226494527083918,40.797872340425535,0.0,19.44148936170213,43.596220413509215,40.53191489361702,19.08504069604266,11.462728551336147,0.08,0.04,0.88,1.0,整形外科密度が相対的に高く、一般病床が相対的に低い
30304,和歌山県,紀美野町,7270,13.75515818431912,55.02659574468085,1.3755158184319118,96.43617021276596,295.7359009628611,63.351063829787236,136.17606602475928,88.81856540084388,0.1,0.0,0.9,1.0,MRI密度が相対的に高く、整形外科密度が相対的に低い
30341,和歌山県,かつらぎ町,14670,27.266530334015,91.22340425531915,0.681663258350375,83.45744680851064,631.2201772324472,83.61702127659575,54.53306066803,39.24050632911392,0.07692307692307693,0.07692307692307693,0.8461538461538461,1.0,整形外科密度が相対的に高く、一般病床が相対的に低い
30343,和歌山県,九度山町,3373,59.29439667951378,98.67021276595744,0.0,19.44148936170213,0.0,14.01595744680851,0.0,3.551336146272855,0.25,0.0,0.75,1.0,整形外科密度が相対的に高く、一般病床が相対的に低い
30344,和歌山県,高野町,2654,37.67897513187641,96.43617021276596,0.0,19.44148936170213,0.0,14.01595744680851,,,0.0,0.3333333333333333,0.6666666666666666,0.75,整形外科密度が相対的に高く、手術活動が相対的に低い
30361,和歌山県,湯浅町,10010,19.98001998001998,80.42553191489363,0.999000999000999,92.5,863.1368631368631,90.79787234042553,148.85114885114885,90.92827004219409,0.1,0.0,0.9,1.0,各指標が比較的均衡
30362,和歌山県,広川町,6321,15.820281601012498,65.05319148936171,0.0,19.44148936170213,0.0,14.01595744680851,,,0.0,0.0,1.0,0.75,整形外科密度が相対的に高く、手術活動が相対的に低い
30366,和歌山県,有田川町,23976,12.512512512512512,47.712765957446805,0.4170837504170838,66.32978723404256,166.4164164164164,52.234042553191486,35.8692025358692,22.081575246132207,0.1,0.0,0.9,1.0,MRI密度が相対的に高く、一般病床が相対的に低い
30381,和歌山県,美浜町,6408,15.605493133583021,64.04255319148936,0.0,19.44148936170213,126.40449438202246,49.202127659574465,382.3345817727841,99.64838255977496,0.16666666666666666,0.16666666666666666,0.6666666666666666,1.0,一般病床が相対的に高く、MRI密度が相対的に低い
30382,和歌山県,日高町,7605,13.149243918474687,51.329787234042556,0.0,19.44148936170213,0.0,14.01595744680851,,,0.0,0.0,1.0,0.75,整形外科密度が相対的に高く、手術活動が相対的に低い
30383,和歌山県,由良町,4816,0.0,7.659574468085106,0.0,19.44148936170213,0.0,14.01595744680851,,,0.0,0.0,1.0,0.75,各指標が比較的均衡
30390,和歌山県,印南町,7195,27.79708130646282,91.86170212765957,0.0,19.44148936170213,0.0,14.01595744680851,,,0.0,0.0,1.0,0.75,整形外科密度が相対的に高く、手術活動が相対的に低い
30391,和歌山県,みなべ町,10963,18.243181610872934,75.53191489361703,0.0,19.44148936170213,0.0,14.01595744680851,,,0.0,0.16666666666666666,0.8333333333333334,0.75,整形外科密度が相対的に高く、手術活動が相対的に低い
30392,和歌山県,日高川町,8463,11.816140848398913,44.25531914893617,0.0,19.44148936170213,0.0,14.01595744680851,,,0.0,0.0,1.0,0.75,整形外科密度が相対的に高く、手術活動が相対的に低い
30401,和歌山県,白浜町,19048,10.499790004199916,35.74468085106383,0.5249895002099958,75.42553191489361,230.47039059218815,57.6063829787234,54.59890802183957,39.38115330520394,0.18181818181818182,0.0,0.8181818181818182,1.0,MRI密度が相対的に高く、整形外科密度が相対的に低い
30404,和歌山県,上富田町,15238,19.687623047644045,79.73404255319149,0.0,19.44148936170213,0.0,14.01595744680851,42.00026250164064,26.72292545710267,0.07692307692307693,0.07692307692307693,0.8461538461538461,1.0,整形外科密度が相対的に高く、手術活動が相対的に低い
30406,和歌山県,すさみ町,3248,0.0,7.659574468085106,0.0,19.44148936170213,6.157635467980295,31.595744680851062,76.9704433497537,60.26722925457103,0.2,0.0,0.8,1.0,一般病床が相対的に高く、整形外科密度が相対的に低い
30421,和歌山県,那智勝浦町,12724,7.859163784973278,22.819148936170215,0.7859163784973279,87.7127659574468,117.10154039610185,48.08510638297872,94.30996541967934,73.55836849507736,0.18181818181818182,0.09090909090909091,0.7272727272727273,1.0,MRI密度が相対的に高く、整形外科密度が相対的に低い
30422,和歌山県,太地町,2610,0.0,7.659574468085106,0.0,19.44148936170213,0.0,14.01595744680851,,,0.0,0.5,0.5,0.75,各指標が比較的均衡
30424,和歌山県,古座川町,2186,91.49130832570906,99.57446808510639,0.0,19.44148936170213,0.0,14.01595744680851,,,0.0,0.0,1.0,0.75,整形外科密度が相対的に高く、手術活動が相対的に低い
30427,和歌山県,北山村,346,0.0,7.659574468085106,0.0,19.44148936170213,0.0,14.01595744680851,,,0.0,1.0,0.0,0.75,各指標が比較的均衡
30428,和歌山県,串本町,13345,22.480329711502435,85.42553191489361,0.7493443237167479,86.32978723404256,259.2731360059948,60.265957446808514,67.4409891345073,51.33614627285513,0.13333333333333333,0.0,0.8666666666666667,1.0,MRI密度が相対的に高く、一般病床が相対的に低い
31201,鳥取県,鳥取市,180868,13.269345600106153,52.18085106382979,0.4423115200035385,69.7872340425532,694.3185085255546,85.95744680851064,101.62107172081298,77.91842475386778,0.09090909090909091,0.06818181818181818,0.8409090909090909,1.0,手術活動が相対的に高く、整形外科密度が相対的に低い
31202,鳥取県,米子市,143197,17.45846630865172,72.5,0.558670921876855,78.08510638297872,1045.4129625620649,94.25531914893617,109.778836148802,81.57524613220815,0.07407407407407407,0.06172839506172839,0.8641975308641975,1.0,手術活動が相対的に高く、整形外科密度が相対的に低い
31203,鳥取県,倉吉市,43384,20.744975106029873,82.76595744680851,0.9219988936013277,91.25,1049.6957403651115,94.36170212765957,186.70477595426885,94.9367088607595,0.18,0.1,0.72,1.0,各指標が比較的均衡
31204,鳥取県,境港市,31293,15.978014252388713,65.95744680851064,0.6391205700955486,81.27659574468085,309.97347649634105,64.30851063829788,61.03601444412489,45.78059071729958,0.08333333333333333,0.041666666666666664,0.875,1.0,MRI密度が相対的に高く、一般病床が相対的に低い
31302,鳥取県,岩美町,9995,10.005002501250626,32.6063829787234,1.0005002501250626,92.6063829787234,58.02901450725363,42.5,53.02651325662831,37.83403656821378,0.5,0.0,0.5,1.0,MRI密度が相対的に高く、整形外科密度が相対的に低い
31325,鳥取県,若桜町,2487,0.0,7.659574468085106,0.0,19.44148936170213,0.0,14.01595744680851,,,0.0,0.0,1.0,0.75,各指標が比較的均衡
31328,鳥取県,智頭町,5737,17.43071291615827,72.2872340425532,0.0,19.44148936170213,186.5086282028935,53.776595744680854,90.63970716402301,71.16736990154712,0.3333333333333333,0.0,0.6666666666666666,1.0,整形外科密度が相対的に高く、MRI密度が相対的に低い
31329,鳥取県,八頭町,14748,6.780580417683754,19.04255319148936,0.0,19.44148936170213,0.0,14.01595744680851,,,0.0,0.0,1.0,0.75,各指標が比較的均衡
31364,鳥取県,三朝町,5514,18.135654697134566,75.15957446808511,1.8135654697134567,98.77659574468085,790.7145447950671,89.09574468085107,150.5259339862169,91.56118143459916,0.3333333333333333,0.0,0.6666666666666666,1.0,MRI密度が相対的に高く、整形外科密度が相対的に低い
31370,鳥取県,湯梨浜町,15447,6.473748948015796,18.51063829787234,0.0,19.44148936170213,0.0,14.01595744680851,,,0.0,0.0,1.0,0.75,各指標が比較的均衡
31371,鳥取県,琴浦町,15040,26.595744680851066,90.42553191489363,0.0,19.44148936170213,0.0,14.01595744680851,,,0.0,0.1111111111111111,0.8888888888888888,0.75,整形外科密度が相対的に高く、手術活動が相対的に低い
31372,鳥取県,北栄町,13453,7.433286255853713,21.170212765957448,0.0,19.44148936170213,0.0,14.01595744680851,,,0.0,0.0,1.0,0.75,各指標が比較的均衡
31384,鳥取県,日吉津村,3530,0.0,7.659574468085106,0.0,19.44148936170213,0.0,14.01595744680851,,,0.0,0.25,0.75,0.75,各指標が比較的均衡
31386,鳥取県,大山町,13969,21.47612570692247,84.04255319148936,0.0,19.44148936170213,0.0,14.01595744680851,,,0.0,0.5,0.5,0.75,整形外科密度が相対的に高く、手術活動が相対的に低い
31389,鳥取県,南部町,9653,10.359473738734073,34.78723404255319,0.0,19.44148936170213,52.83331606754377,41.648936170212764,50.76142131979695,35.72433192686357,0.2,0.0,0.8,1.0,手術活動が相対的に高く、MRI密度が相対的に低い
31390,鳥取県,伯耆町,9923,20.15519500151164,81.01063829787233,0.0,19.44148936170213,2.015519500151164,29.25531914893617,0.0,3.551336146272855,0.3333333333333333,0.0,0.6666666666666666,1.0,整形外科密度が相対的に高く、一般病床が相対的に低い
31401,鳥取県,日南町,3654,27.367268746579093,91.32978723404256,0.0,19.44148936170213,65.68144499178982,43.670212765957444,161.46688560481664,93.45991561181435,1.0,0.0,0.0,1.0,一般病床が相対的に高く、MRI密度が相対的に低い
31402,鳥取県,日野町,2540,39.37007874015748,96.96808510638299,7.874015748031496,100.0,980.3149606299212,93.40425531914893,389.7637795275591,99.71870604781998,0.5,0.0,0.5,1.0,各指標が比較的均衡
31403,鳥取県,江府町,2333,42.86326618088298,97.2872340425532,0.0,19.44148936170213,0.0,14.01595744680851,,,0.0,0.0,1.0,0.75,整形外科密度が相対的に高く、手術活動が相対的に低い
32201,島根県,松江市,199082,13.562250730854624,53.51063829787234,0.4018444660993962,64.9468085106383,616.8312554625733,82.87234042553192,67.3591786299113,51.19549929676512,0.05670103092783505,0.05154639175257732,0.8917525773195877,1.0,手術活動が相対的に高く、一般病床が相対的に低い
32202,島根県,浜田市,50270,17.903322060871297,74.09574468085106,0.3978516013526955,64.46808510638297,548.8362840660434,79.62765957446808,68.23154963198726,52.390998593530234,0.08695652173913043,0.021739130434782608,0.8913043478260869,1.0,手術活動が相対的に高く、一般病床が相対的に低い
32203,島根県,出雲市,170063,14.112417163051338,56.96808510638298,0.47041390543504463,71.91489361702128,961.3496174946931,93.13829787234043,92.08352198891,72.08157524613222,0.07236842105263158,0.05921052631578947,0.868421052631579,1.0,手術活動が相対的に高く、整形外科密度が相対的に低い
32204,島根県,益田市,42163,14.230486445461661,57.3936170212766,0.4743495481820553,72.18085106382979,695.1592628608021,86.01063829787235,104.5940753741432,79.0436005625879,0.07894736842105263,0.0,0.9210526315789473,1.0,手術活動が相対的に高く、整形外科密度が相対的に低い
32205,島根県,大田市,30362,9.880772017653646,32.02127659574468,0.32935906725512154,57.31382978723404,305.9745734800079,63.93617021276595,59.28463210592188,43.88185654008439,0.07142857142857142,0.14285714285714285,0.7857142857142857,1.0,手術活動が相対的に高く、整形外科密度が相対的に低い
32206,島根県,安来市,33885,11.804633318577542,44.09574468085106,0.5902316659288771,79.20212765957447,47.21853327431017,41.06382978723404,70.82779991146525,55.41490857946554,0.08,0.08,0.84,1.0,MRI密度が相対的に高く、手術活動が相対的に低い
32207,島根県,江津市,21035,23.769907297361538,87.44680851063829,0.9507962918944617,91.96808510638299,96.50582362728785,46.48936170212766,79.86688851913478,62.447257383966246,0.09090909090909091,0.045454545454545456,0.8636363636363636,1.0,MRI密度が相対的に高く、手術活動が相対的に低い
32209,島根県,雲南市,32591,12.273326992114388,46.43617021276596,0.6136663496057193,80.0,427.7254456751864,73.08510638297872,77.6287932251235,60.900140646976084,0.13636363636363635,0.0,0.8636363636363636,1.0,MRI密度が相対的に高く、整形外科密度が相対的に低い
32343,島根県,奥出雲町,10593,9.440196356084208,29.308510638297875,0.0,19.44148936170213,193.52402529972622,54.36170212765957,48.14500141602946,33.19268635724332,0.125,0.0,0.875,1.0,手術活動が相対的に高く、MRI密度が相対的に低い
32386,島根県,飯南町,4166,24.00384061449832,87.7659574468085,0.0,19.44148936170213,112.8180508881421,47.819148936170215,115.21843494959194,84.0365682137834,0.25,0.0,0.75,1.0,整形外科密度が相対的に高く、MRI密度が相対的に低い
32441,島根県,川本町,2908,34.3878954607978,95.39893617021276,0.0,19.44148936170213,37.82668500687758,39.52127659574468,0.0,3.551336146272855,1.0,0.0,0.0,1.0,整形外科密度が相対的に高く、一般病床が相対的に低い
32448,島根県,美郷町,3854,0.0,7.659574468085106,0.0,19.44148936170213,0.0,14.01595744680851,,,0.0,0.0,1.0,0.75,各指標が比較的均衡
32449,島根県,邑南町,9259,32.400907225402314,94.46808510638299,1.0800302408467437,93.82978723404256,379.090614537207,68.61702127659575,105.84296360298089,79.81715893108297,0.09090909090909091,0.0,0.9090909090909091,1.0,整形外科密度が相対的に高く、手術活動が相対的に低い
32501,島根県,津和野町,6101,16.390755613833797,68.29787234042554,1.6390755613833796,98.24468085106382,31.142435666284218,38.03191489361702,80.31470250778561,63.0801687763713,0.2,0.0,0.8,1.0,MRI密度が相対的に高く、手術活動が相対的に低い
32505,島根県,吉賀町,5657,17.6772140710624,73.56382978723404,0.0,19.44148936170213,45.96075658476224,40.95744680851064,88.386070355312,70.042194092827,0.2,0.0,0.8,1.0,整形外科密度が相対的に高く、MRI密度が相対的に低い
32525,島根県,海士町,2107,47.460844803037496,98.00531914893617,0.0,19.44148936170213,0.0,14.01595744680851,,,0.0,0.0,1.0,0.75,整形外科密度が相対的に高く、手術活動が相対的に低い
32526,島根県,西ノ島町,2563,39.01677721420211,96.91489361702128,0.0,19.44148936170213,31.213421771361688,38.08510638297872,78.03355442840422,61.251758087201125,0.3333333333333333,0.0,0.6666666666666666,1.0,整形外科密度が相対的に高く、MRI密度が相対的に低い
32527,島根県,知夫村,584,0.0,7.659574468085106,0.0,19.44148936170213,0.0,14.01595744680851,,,0.0,0.0,1.0,0.75,各指標が比較的均衡
32528,島根県,隠岐の島町,12367,8.086035416835125,24.04255319148936,0.8086035416835126,88.56382978723404,364.68019729926414,67.5531914893617,75.20012937656666,58.79043600562588,0.1,0.0,0.9,1.0,MRI密度が相対的に高く、整形外科密度が相対的に低い
33101,岡山県,岡山市北区,315573,15.52731063810909,63.670212765957444,0.6971445592620408,84.09574468085106,1466.0316313499573,97.07446808510637,165.22326054510364,93.74120956399437,0.07714285714285714,0.07142857142857142,0.8514285714285714,1.0,手術活動が相対的に高く、整形外科密度が相対的に低い
33102,岡山県,岡山市中区,149426,10.707641240480239,37.765957446808514,0.4684593042710104,71.59574468085106,290.98015071005045,62.76595744680851,64.98199777816444,49.648382559774966,0.10784313725490197,0.0784313725490196,0.8137254901960784,1.0,MRI密度が相対的に高く、整形外科密度が相対的に低い
33103,岡山県,岡山市東区,90396,12.168680030089826,45.851063829787236,0.33187309172972257,57.6063829787234,182.5302004513474,53.404255319148945,56.97154741360237,41.35021097046413,0.0967741935483871,0.08064516129032258,0.8225806451612904,1.0,各指標が比較的均衡
33104,岡山県,岡山市南区,162860,12.894510622620656,49.9468085106383,0.1842072946088665,43.88297872340425,230.56613041876457,57.659574468085104,47.3412747144787,32.559774964838255,0.09278350515463918,0.1134020618556701,0.7938144329896907,1.0,手術活動が相対的に高く、一般病床が相対的に低い
33202,岡山県,倉敷市,468858,14.076756715252808,56.80851063829787,0.5545389009038985,77.6595744680851,911.4699973126192,91.86170212765957,112.55006846422584,82.77074542897329,0.1076923076923077,0.04923076923076923,0.8430769230769231,1.0,手術活動が相対的に高く、整形外科密度が相対的に低い
33203,岡山県,津山市,94363,9.537636573657048,29.946808510638295,0.5298686985365026,75.85106382978724,697.9430497122813,86.11702127659574,81.7057533143287,64.55696202531645,0.12162162162162163,0.12162162162162163,0.7567567567567568,1.0,手術活動が相対的に高く、整形外科密度が相対的に低い
33204,岡山県,玉野市,51334,17.532239841041026,72.6063829787234,0.19480266490045584,44.734042553191486,59.414812794639026,42.712765957446805,59.80441812443994,44.44444444444444,0.14634146341463414,0.04878048780487805,0.8048780487804879,1.0,整形外科密度が相対的に高く、手術活動が相対的に低い
33205,岡山県,笠岡市,42405,14.149274849663954,57.074468085106375,0.7074637424831977,84.30851063829788,283.4571394882679,62.07446808510638,63.200094328499,48.171589310829816,0.14705882352941177,0.058823529411764705,0.7941176470588235,1.0,MRI密度が相対的に高く、一般病床が相対的に低い
33207,岡山県,井原市,35757,16.77993120228207,69.46808510638299,0.2796655200380345,52.819148936170215,152.9770394608049,51.276595744680854,46.70414184635177,31.645569620253166,0.13636363636363635,0.18181818181818182,0.6818181818181818,1.0,整形外科密度が相対的に高く、一般病床が相対的に低い
33208,岡山県,総社市,68632,14.570462757897191,59.148936170212764,0.1457046275789719,41.59574468085106,30.015153281268216,37.87234042553192,10.053619302949063,8.016877637130802,0.07317073170731707,0.1951219512195122,0.7317073170731707,1.0,整形外科密度が相対的に高く、一般病床が相対的に低い
33209,岡山県,高梁市,24755,20.197939810139363,81.22340425531915,1.2118763886083619,95.1063829787234,292.46616845081803,63.03191489361703,90.08281155322157,70.74542897327707,0.19047619047619047,0.047619047619047616,0.7619047619047619,1.0,MRI密度が相対的に高く、手術活動が相対的に低い
33210,岡山県,新見市,25336,7.893905904641616,23.138297872340424,0.7893905904641616,87.87234042553192,246.28986422481844,59.04255319148937,80.12314493211241,62.65822784810127,0.15384615384615385,0.07692307692307693,0.7692307692307693,1.0,MRI密度が相対的に高く、整形外科密度が相対的に低い
33211,岡山県,備前市,28958,34.53277160024864,95.58510638297872,1.3813108640099454,96.54255319148936,303.5430623661855,63.670212765957444,62.50431659645003,47.18706047819972,0.16,0.04,0.8,1.0,MRI密度が相対的に高く、一般病床が相対的に低い
33212,岡山県,瀬戸内市,34644,20.20551899318785,81.27659574468085,0.28865027133125504,53.56382978723404,105.64599930723935,47.28723404255319,284.60916753261745,98.59353023909986,0.14285714285714285,0.0,0.8571428571428571,1.0,一般病床が相対的に高く、手術活動が相対的に低い
33213,岡山県,赤磐市,41584,19.238168526356294,78.45744680851064,0.24047710657945365,48.56382978723404,147.89342054636398,50.851063829787236,36.3120430934975,22.43319268635724,0.037037037037037035,0.0,0.9629629629629629,1.0,整形外科密度が相対的に高く、一般病床が相対的に低い
33214,岡山県,真庭市,38867,23.155890601281293,86.38297872340426,0.5145753466951398,74.57446808510639,241.85041294671572,58.51063829787234,79.75917873774668,62.30661040787623,0.20689655172413793,0.06896551724137931,0.7241379310344828,1.0,整形外科密度が相対的に高く、手術活動が相対的に低い
33215,岡山県,美作市,23831,25.177290084343923,88.93617021276596,0.0,19.44148936170213,69.65716923335151,43.93617021276596,33.56972011245856,20.253164556962027,0.16666666666666666,0.1111111111111111,0.7222222222222222,1.0,整形外科密度が相対的に高く、MRI密度が相対的に低い
33216,岡山県,浅口市,31040,16.108247422680414,66.91489361702128,0.32216494845360827,56.43617021276596,110.18041237113403,47.65957446808511,44.45876288659794,29.465541490857944,0.10526315789473684,0.05263157894736842,0.8421052631578947,1.0,整形外科密度が相対的に高く、一般病床が相対的に低い
33346,岡山県,和気町,12684,15.76789656259855,64.73404255319149,0.7883948281299274,87.81914893617021,126.93156732891833,49.361702127659576,85.93503626616209,67.86216596343179,0.25,0.125,0.625,1.0,MRI密度が相対的に高く、手術活動が相対的に低い
33423,岡山県,早島町,12274,16.294606485253382,67.5,0.8147303242626691,88.72340425531915,79.0288414534789,45.0531914893617,285.15561349193416,98.66385372714487,0.1111111111111111,0.1111111111111111,0.7777777777777778,1.0,一般病床が相対的に高く、手術活動が相対的に低い
33445,岡山県,里庄町,10745,27.91996277338297,91.96808510638299,0.0,19.44148936170213,5.583992554676594,31.43617021276596,28.8506281991624,16.52601969057665,0.2,0.2,0.6,1.0,整形外科密度が相対的に高く、一般病床が相対的に低い
33461,岡山県,矢掛町,12595,15.879317189360856,65.47872340425532,0.7939658594680429,88.03191489361703,188.16990869392615,53.93617021276596,45.25605398967844,30.309423347398027,0.2222222222222222,0.1111111111111111,0.6666666666666666,1.0,MRI密度が相対的に高く、一般病床が相対的に低い
33586,岡山県,新庄村,752,0.0,7.659574468085106,0.0,19.44148936170213,0.0,14.01595744680851,,,0.0,0.0,1.0,0.75,各指標が比較的均衡
33606,岡山県,鏡野町,11408,26.297335203366057,90.1063829787234,0.876577840112202,90.2127659574468,126.22720897615707,49.09574468085106,87.65778401122019,69.05766526019691,0.2,0.0,0.8,1.0,MRI密度が相対的に高く、手術活動が相対的に低い
33622,岡山県,勝央町,10580,9.45179584120983,29.414893617021278,0.945179584120983,91.75531914893617,153.11909262759926,51.329787234042556,86.01134215500944,68.00281293952179,0.16666666666666666,0.0,0.8333333333333334,1.0,MRI密度が相対的に高く、整形外科密度が相対的に低い
33623,岡山県,奈義町,5253,0.0,7.659574468085106,0.0,19.44148936170213,0.0,14.01595744680851,,,0.0,0.0,1.0,0.75,各指標が比較的均衡
33643,岡山県,西粟倉村,1305,0.0,7.659574468085106,0.0,19.44148936170213,0.0,14.01595744680851,,,0.0,1.0,0.0,0.75,各指標が比較的均衡
33663,岡山県,久米南町,4112,24.31906614785992,88.13829787234042,0.0,19.44148936170213,0.0,14.01595744680851,,,0.0,0.0,1.0,0.75,整形外科密度が相対的に高く、手術活動が相対的に低い
33666,岡山県,美咲町,11881,0.0,7.659574468085106,0.0,19.44148936170213,0.0,14.01595744680851,0.0,3.551336146272855,0.2,0.0,0.8,1.0,各指標が比較的均衡
33681,岡山県,吉備中央町,9993,10.007004903432403,32.71276595744681,1.0007004903432404,92.65957446808511,42.02942059441609,40.159574468085104,150.10507355148604,91.35021097046413,0.2222222222222222,0.0,0.7777777777777778,1.0,MRI密度が相対的に高く、整形外科密度が相対的に低い
34101,広島県,広島市中区,145297,25.46508186679698,89.30851063829788,1.0323681837890666,92.92553191489363,1973.13089740325,98.29787234042553,220.37619496617273,96.76511954992968,0.05921052631578947,0.023026315789473683,0.9177631578947368,1.0,各指標が比較的均衡
34102,広島県,広島市東区,115433,15.593461141961138,63.98936170212765,0.17326067935512376,42.87234042553191,268.9005743591521,60.95744680851064,38.89702251522528,24.261603375527425,0.057692307692307696,0.057692307692307696,0.8846153846153846,1.0,整形外科密度が相対的に高く、一般病床が相対的に低い
34103,広島県,広島市南区,143481,22.999560917473396,86.01063829787235,0.6272607522947289,80.69148936170212,1536.9979300395173,97.3936170212766,124.33702023264404,86.07594936708861,0.06451612903225806,0.053763440860215055,0.8817204301075269,1.0,各指標が比較的均衡
34104,広島県,広島市西区,182124,9.334299707891326,28.723404255319153,0.2745382267026861,52.18085106382979,106.35610902462058,47.340425531914896,26.8498385715227,15.18987341772152,0.08391608391608392,0.06293706293706294,0.8531468531468531,1.0,MRI密度が相対的に高く、一般病床が相対的に低い
34105,広島県,広島市安佐南区,248506,12.876952669150846,49.734042553191486,0.2816833396376747,53.08510638297872,176.5349729986399,52.92553191489362,30.1401173412312,17.51054852320675,0.08092485549132948,0.07514450867052024,0.8439306358381503,1.0,MRI密度が相対的に高く、一般病床が相対的に低い
34106,広島県,広島市安佐北区,132525,12.07319373703075,45.42553191489362,0.4527447651386531,70.42553191489361,654.442558007923,84.46808510638299,48.74551971326165,33.68495077355837,0.06382978723404255,0.07446808510638298,0.8617021276595744,1.0,手術活動が相対的に高く、一般病床が相対的に低い
34107,広島県,広島市安芸区,75723,9.244219061579706,28.351063829787233,0.1320602723082815,40.53191489361702,41.99516659403352,40.1063829787234,18.22431757854285,10.970464135021098,0.08695652173913043,0.06521739130434782,0.8478260869565217,1.0,MRI密度が相対的に高く、一般病床が相対的に低い
34108,広島県,広島市佐伯区,139942,12.862471595375226,49.62765957446808,0.14291635105972475,41.329787234042556,80.17607294450559,45.26595744680851,35.22888053622215,21.518987341772153,0.09183673469387756,0.05102040816326531,0.8571428571428571,1.0,整形外科密度が相対的に高く、一般病床が相対的に低い
34202,広島県,呉市,195194,22.02936565673125,84.68085106382979,0.563541912148939,78.24468085106383,821.1317970839267,89.8936170212766,111.32514319087676,82.0675105485232,0.12371134020618557,0.06701030927835051,0.8092783505154639,1.0,各指標が比較的均衡
34203,広島県,竹原市,21410,23.353573096683792,86.70212765957447,0.4670714619336758,71.48936170212767,197.1041569360112,54.9468085106383,88.27650630546474,69.90154711673699,0.21052631578947367,0.10526315789473684,0.6842105263157895,1.0,整形外科密度が相対的に高く、手術活動が相対的に低い
34204,広島県,三原市,82920,18.08972503617945,74.8936170212766,0.482392667631452,72.5531914893617,451.7607332368548,74.46808510638297,114.44766039556198,83.40365682137833,0.15517241379310345,0.017241379310344827,0.8275862068965517,1.0,各指標が比較的均衡
34205,広島県,尾道市,123948,16.942588827572855,70.26595744680851,0.6454319553361086,81.54255319148936,833.1719753444993,90.2127659574468,86.40720302062155,68.28410689170182,0.09433962264150944,0.10377358490566038,0.8018867924528302,1.0,手術活動が相対的に高く、一般病床が相対的に低い
34207,広島県,福山市,443916,16.89508825994107,70.1063829787234,0.5406428243181142,76.64893617021276,564.7915371376566,80.53191489361701,72.89667414555906,56.9620253164557,0.12048192771084337,0.08734939759036145,0.7921686746987951,1.0,手術活動が相対的に高く、一般病床が相対的に低い
34208,広島県,府中市,34031,17.630983515030415,73.24468085106382,0.5876994505010138,79.09574468085107,128.118480209221,49.57446808510638,60.239193676353906,45.0070323488045,0.12903225806451613,0.03225806451612903,0.8387096774193549,1.0,MRI密度が相対的に高く、一般病床が相対的に低い
34209,広島県,三次市,47143,12.727234159896485,48.723404255319146,0.42424113866321617,67.5531914893617,785.2703476656131,88.98936170212765,97.99970303120294,75.59774964838256,0.10416666666666667,0.125,0.7708333333333334,1.0,手術活動が相対的に高く、整形外科密度が相対的に低い
34210,広島県,庄原市,29909,13.373900832525326,52.659574468085104,0.6686950416262664,82.7127659574468,501.52128121969974,77.23404255319149,86.59600789060148,68.49507735583686,0.18518518518518517,0.037037037037037035,0.7777777777777778,1.0,MRI密度が相対的に高く、整形外科密度が相対的に低い
34211,広島県,大竹市,24892,20.086774867427287,80.79787234042554,0.40173549734854574,64.8936170212766,505.78499116181905,77.5,176.7636188333601,94.51476793248945,0.1111111111111111,0.037037037037037035,0.8518518518518519,1.0,一般病床が相対的に高く、MRI密度が相対的に低い
34212,広島県,東広島市,197609,13.663345292977546,54.46808510638298,0.5566548082324185,77.87234042553192,373.61658628908606,68.13829787234043,77.27380837917302,60.54852320675106,0.11363636363636363,0.03787878787878788,0.8484848484848485,1.0,MRI密度が相対的に高く、整形外科密度が相対的に低い
34213,広島県,廿日市市,112234,10.691947181780922,37.5531914893617,0.1781991196963487,43.19148936170213,23.9677815991589,36.91489361702128,61.478696295240304,46.132208157524616,0.09183673469387756,0.030612244897959183,0.8775510204081632,1.0,各指標が比較的均衡
34214,広島県,安芸高田市,24251,24.741247783596553,88.56382978723404,0.41235412972660923,65.90425531914894,596.2640715846769,82.02127659574468,78.75963877778236,61.74402250351617,0.043478260869565216,0.13043478260869565,0.8260869565217391,1.0,整形外科密度が相対的に高く、一般病床が相対的に低い
34215,広島県,江田島市,19673,10.166217658720074,33.829787234042556,0.5083108829360037,74.09574468085106,21.34905708331215,36.329787234042556,0.0,3.551336146272855,0.16666666666666666,0.16666666666666666,0.6666666666666666,1.0,MRI密度が相対的に高く、一般病床が相対的に低い
34302,広島県,府中町,51148,3.9102213185266286,15.691489361702127,0.3910221318526629,63.56382978723404,432.8614999608978,73.45744680851064,52.00594353640416,36.9901547116737,0.05263157894736842,0.02631578947368421,0.9210526315789473,1.0,手術活動が相対的に高く、整形外科密度が相対的に低い
34304,広島県,海田町,29450,10.186757215619695,33.88297872340426,0.3395585738539898,58.484042553191486,187.43633276740238,53.88297872340425,13.582342954159593,8.931082981715893,0.0625,0.03125,0.90625,1.0,MRI密度が相対的に高く、一般病床が相対的に低い
34307,広島県,熊野町,21644,4.620218074293107,16.27659574468085,0.0,19.44148936170213,0.0,14.01595744680851,,,0.0,0.0,1.0,0.75,各指標が比較的均衡
34309,広島県,坂町,12197,16.397474788882512,68.45744680851064,0.8198737394441256,88.93617021276596,828.892350578011,90.05319148936171,244.32237435434945,97.53867791842475,0.125,0.0,0.875,1.0,一般病床が相対的に高く、整形外科密度が相対的に低い
34368,広島県,安芸太田町,5061,39.517881841533296,97.02127659574468,1.9758940920766648,99.04255319148936,371.46808931041295,67.97872340425532,104.72238688006323,79.18424753867792,0.3333333333333333,0.0,0.6666666666666666,1.0,MRI密度が相対的に高く、手術活動が相対的に低い
34369,広島県,北広島町,16620,30.084235860409148,93.35106382978722,0.6016847172081828,79.62765957446808,90.85439229843561,45.744680851063826,84.8375451263538,66.66666666666666,0.36363636363636365,0.18181818181818182,0.45454545454545453,1.0,整形外科密度が相対的に高く、手術活動が相対的に低い
34431,広島県,大崎上島町,6400,15.625,64.14893617021276,0.0,19.44148936170213,0.0,14.01595744680851,,,0.0,0.16666666666666666,0.8333333333333334,0.75,整形外科密度が相対的に高く、手術活動が相対的に低い
34462,広島県,世羅町,13914,14.374011786689664,57.97872340425532,0.7187005893344832,84.68085106382979,444.15696420871063,73.93617021276596,111.39859134684491,82.27848101265823,0.14285714285714285,0.2857142857142857,0.5714285714285714,1.0,MRI密度が相対的に高く、整形外科密度が相対的に低い
34545,広島県,神石高原町,7302,13.694878115584771,54.62765957446809,0.0,19.44148936170213,26.020268419611067,37.3936170212766,82.16926869350863,64.9085794655415,0.25,0.0,0.75,1.0,一般病床が相対的に高く、MRI密度が相対的に低い
35201,山口県,下関市,237719,18.088583579772756,74.84042553191489,0.4627312078546519,71.27659574468085,559.9047615041288,80.15957446808511,88.08719538614919,69.62025316455697,0.09523809523809523,0.1038961038961039,0.8008658008658008,1.0,各指標が比較的均衡
35202,山口県,宇部市,155567,16.713056110871843,69.30851063829788,0.7713718205017774,87.07446808510639,1063.9788644121184,94.46808510638299,120.65540892348633,85.37271448663853,0.12582781456953643,0.033112582781456956,0.8410596026490066,1.0,手術活動が相対的に高く、整形外科密度が相対的に低い
35203,山口県,山口市,189460,16.362292832260106,68.03191489361701,0.47503430803335794,72.23404255319149,536.5776417185685,79.20212765957447,49.77303916393962,34.810126582278485,0.1038961038961039,0.05844155844155844,0.8376623376623377,1.0,手術活動が相対的に高く、一般病床が相対的に低い
35204,山口県,萩市,39641,25.226407002850582,88.98936170212765,0.7567922100855176,86.75531914893617,309.7802779950052,64.25531914893618,83.49940717943544,65.9634317862166,0.16666666666666666,0.07142857142857142,0.7619047619047619,1.0,整形外科密度が相対的に高く、手術活動が相対的に低い
35206,山口県,防府市,111483,15.24896172510607,62.12765957446808,0.44849887426782564,70.15957446808511,673.7350089251277,85.0531914893617,82.16499376586565,64.83825597749649,0.1388888888888889,0.08333333333333333,0.7777777777777778,1.0,手術活動が相対的に高く、整形外科密度が相対的に低い
35207,山口県,下松市,55435,10.823486966717777,38.56382978723404,0.1803914494452963,43.45744680851064,227.83440064940922,57.446808510638306,41.129250473527556,26.019690576652604,0.06666666666666667,0.06666666666666667,0.8666666666666667,1.0,手術活動が相対的に高く、一般病床が相対的に低い
35208,山口県,岩国市,121264,13.194352816994325,51.808510638297875,0.32985882042485815,57.3936170212766,497.17970708536745,76.96808510638297,75.62013458239873,59.14205344585092,0.1523809523809524,0.05714285714285714,0.7904761904761904,1.0,手術活動が相対的に高く、整形外科密度が相対的に低い
35210,山口県,光市,47522,10.521442700223055,35.95744680851064,0.6312865620133833,80.85106382978722,285.9728125920626,62.287234042553195,94.69298430200749,73.76933895921238,0.16216216216216217,0.05405405405405406,0.7837837837837838,1.0,MRI密度が相対的に高く、整形外科密度が相対的に低い
35211,山口県,長門市,29266,20.501605959133467,82.12765957446808,1.0250802979566733,92.81914893617021,739.4245882594136,87.5,112.07544590992961,82.55977496483825,0.23809523809523808,0.09523809523809523,0.6666666666666666,1.0,各指標が比較的均衡
35212,山口県,柳井市,28491,10.529640939243972,36.01063829787234,0.7019760626162648,84.20212765957447,1011.5475062300376,93.77659574468085,213.4007230353445,96.27285513361463,0.12121212121212122,0.09090909090909091,0.7878787878787878,1.0,一般病床が相対的に高く、整形外科密度が相対的に低い
35213,山口県,美祢市,20073,24.909081851242963,88.72340425531915,0.9963632740497185,92.4468085106383,157.42539729985552,51.70212765957447,67.254520998356,50.98452883263009,0.2,0.06666666666666667,0.7333333333333333,1.0,MRI密度が相対的に高く、一般病床が相対的に低い
35215,山口県,周南市,128307,13.249471969572978,52.07446808510638,0.3117522816370112,55.37234042553192,597.6291238981505,82.07446808510637,85.96569166140584,67.9324894514768,0.14285714285714285,0.030612244897959183,0.826530612244898,1.0,手術活動が相対的に高く、整形外科密度が相対的に低い
35216,山口県,山陽小野田市,56234,16.004552406017712,66.27659574468086,0.3556567201337269,60.21276595744681,722.1609702315325,86.91489361702128,97.27211295657432,75.10548523206751,0.125,0.020833333333333332,0.8541666666666666,1.0,手術活動が相対的に高く、MRI密度が相対的に低い
35305,山口県,周防大島町,12988,46.19648906683092,97.6063829787234,1.539882968894364,97.65957446808511,259.4702802587003,60.31914893617021,60.055435786880196,44.72573839662447,0.2727272727272727,0.09090909090909091,0.6363636363636364,1.0,MRI密度が相対的に高く、一般病床が相対的に低い
35321,山口県,和木町,5781,0.0,7.659574468085106,0.0,19.44148936170213,0.0,14.01595744680851,,,0.0,0.0,1.0,0.75,各指標が比較的均衡
35341,山口県,上関町,2026,0.0,7.659574468085106,0.0,19.44148936170213,0.0,14.01595744680851,,,0.0,0.0,1.0,0.75,各指標が比較的均衡
35343,山口県,田布施町,13266,0.0,7.659574468085106,0.0,19.44148936170213,0.0,14.01595744680851,,,0.0,0.0,1.0,0.75,各指標が比較的均衡
35344,山口県,平生町,10979,27.324892977502508,91.27659574468086,0.0,19.44148936170213,4.554148829583751,31.06382978723404,0.0,3.551336146272855,0.16666666666666666,0.0,0.8333333333333334,1.0,整形外科密度が相対的に高く、一般病床が相対的に低い
35502,山口県,阿武町,2745,0.0,7.659574468085106,0.0,19.44148936170213,0.0,14.01595744680851,,,0.0,0.0,1.0,0.75,各指標が比較的均衡
36201,徳島県,徳島市,244731,22.882266651956638,85.90425531914893,0.8989461898982966,90.63829787234042,916.3121958395136,91.96808510638299,105.9122056461993,79.88748241912799,0.16,0.12363636363636364,0.7163636363636363,1.0,各指標が比較的均衡
36202,徳島県,鳴門市,51328,13.637780548628427,54.25531914893617,0.5844763092269326,79.04255319148936,469.72412718204487,75.31914893617021,76.95604738154614,60.19690576652602,0.16279069767441862,0.18604651162790697,0.6511627906976745,1.0,MRI密度が相対的に高く、整形外科密度が相対的に低い
36203,徳島県,小松島市,33277,33.05586441085434,94.8936170212766,0.9015235748414822,90.69148936170212,2292.574450821889,98.67021276595744,220.87327583616312,96.83544303797468,0.22580645161290322,0.12903225806451613,0.6451612903225806,1.0,各指標が比較的均衡
36204,徳島県,阿南市,64779,13.893391376835085,55.95744680851064,0.1543710152981676,42.02127659574468,320.474227758996,64.7872340425532,53.72111332376233,38.53727144866385,0.12244897959183673,0.04081632653061224,0.8367346938775511,1.0,手術活動が相対的に高く、一般病床が相対的に低い
36205,徳島県,吉野川市,35584,28.10251798561151,92.12765957446808,0.8430755395683454,89.46808510638297,999.3255395683453,93.61702127659575,158.2171762589928,92.9676511954993,0.09302325581395349,0.09302325581395349,0.813953488372093,1.0,各指標が比較的均衡
36206,徳島県,阿波市,31492,19.052457767051948,77.92553191489363,2.8578686650577922,99.68085106382979,6.668360218468183,31.861702127659576,0.0,3.551336146272855,0.045454545454545456,0.09090909090909091,0.8636363636363636,1.0,MRI密度が相対的に高く、一般病床が相対的に低い
36207,徳島県,美馬市,25253,31.67940442719677,94.04255319148936,0.3959925553399596,64.09574468085107,26.135508652437334,37.4468085106383,55.438957747594344,40.014064697609,0.24,0.12,0.64,1.0,整形外科密度が相対的に高く、手術活動が相対的に低い
36208,徳島県,三好市,20352,44.22169811320755,97.5,1.474056603773585,97.23404255319149,888.8561320754718,91.27659574468086,176.88679245283018,94.58509142053447,0.21739130434782608,0.17391304347826086,0.6086956521739131,1.0,各指標が比較的均衡
36301,徳島県,勝浦町,4343,23.025558369790467,86.06382978723404,0.0,19.44148936170213,34.5383375546857,38.82978723404255,115.12779184895234,83.8959212376934,1.0,0.0,0.0,1.0,整形外科密度が相対的に高く、MRI密度が相対的に低い
36302,徳島県,上勝町,1220,0.0,7.659574468085106,0.0,19.44148936170213,0.0,14.01595744680851,,,0.0,0.0,1.0,0.75,各指標が比較的均衡
36321,徳島県,佐那河内村,1829,0.0,7.659574468085106,0.0,19.44148936170213,0.0,14.01595744680851,,,0.0,0.0,1.0,0.75,各指標が比較的均衡
36341,徳島県,石井町,23991,20.84114876411988,82.92553191489361,0.41682297528239753,66.22340425531915,2.917760826976783,30.0531914893617,16.672919011295903,10.126582278481013,0.047619047619047616,0.23809523809523808,0.7142857142857143,1.0,整形外科密度が相対的に高く、一般病床が相対的に低い
36342,徳島県,神山町,4025,74.53416149068323,99.20212765957447,0.0,19.44148936170213,0.0,14.01595744680851,,,0.0,0.6666666666666666,0.3333333333333333,0.75,整形外科密度が相対的に高く、手術活動が相対的に低い
36368,徳島県,那賀町,6304,63.451776649746186,98.72340425531915,1.5862944162436547,97.92553191489361,12.690355329949238,34.308510638297875,63.45177664974619,48.452883263009845,0.1111111111111111,0.0,0.8888888888888888,1.0,整形外科密度が相対的に高く、手術活動が相対的に低い
36383,徳島県,牟岐町,3249,30.77870113881194,93.77659574468085,3.077870113881194,99.7340425531915,923.3610341643583,92.07446808510639,313.9427516158818,99.15611814345992,0.16666666666666666,0.0,0.8333333333333334,1.0,各指標が比較的均衡
36387,徳島県,美波町,5489,54.65476407360175,98.29787234042553,0.0,19.44148936170213,12.752778283840408,34.361702127659576,91.09127345600291,71.58931082981715,0.2857142857142857,0.0,0.7142857142857143,1.0,整形外科密度が相対的に高く、MRI密度が相対的に低い
36388,徳島県,海陽町,7453,13.41741580571582,52.97872340425533,0.0,19.44148936170213,4.025224741714746,30.744680851063833,60.37837112572118,45.218002812939524,0.16666666666666666,0.0,0.8333333333333334,1.0,整形外科密度が相対的に高く、MRI密度が相対的に低い
36401,徳島県,松茂町,14192,14.092446448703495,56.91489361702128,0.0,19.44148936170213,33.11724915445321,38.51063829787234,16.206313416009017,9.915611814345992,0.3,0.1,0.6,1.0,整形外科密度が相対的に高く、一般病床が相対的に低い
36402,徳島県,北島町,22821,17.52771570045134,72.5531914893617,0.8763857850225669,90.1595744680851,221.28741071819815,56.75531914893617,63.97616230664738,48.66385372714487,0.09523809523809523,0.0,0.9047619047619048,1.0,MRI密度が相対的に高く、一般病床が相対的に低い
36403,徳島県,藍住町,35228,11.354604292040422,41.54255319148936,0.28386510730101056,53.191489361702125,12.490064721244465,34.202127659574465,7.380492789826274,7.59493670886076,0.07407407407407407,0.14814814814814814,0.7777777777777778,1.0,MRI密度が相対的に高く、一般病床が相対的に低い
36404,徳島県,板野町,12289,32.54943445357637,94.52127659574468,2.441207584018228,99.57446808510639,119.61917161689315,48.351063829787236,233.54219220441047,97.32770745428974,0.2222222222222222,0.0,0.7777777777777778,1.0,MRI密度が相対的に高く、手術活動が相対的に低い
36405,徳島県,上板町,10664,0.0,7.659574468085106,0.0,19.44148936170213,0.0,14.01595744680851,0.0,3.551336146272855,0.2,0.0,0.8,1.0,各指標が比較的均衡
36468,徳島県,つるぎ町,6713,29.792939073439594,93.24468085106383,1.4896469536719799,97.2872340425532,880.38134962014,91.17021276595744,147.475048413526,90.85794655414908,0.2,0.0,0.8,1.0,各指標が比較的均衡
36489,徳島県,東みよし町,12418,16.105653084232568,66.86170212765957,0.8052826542116283,88.51063829787233,55.564503140602355,41.91489361702128,0.0,3.551336146272855,0.375,0.0,0.625,1.0,MRI密度が相対的に高く、一般病床が相対的に低い
37201,香川県,高松市,404897,18.77020575603178,77.3936170212766,0.6174409788168349,80.15957446808511,592.9903160556883,81.75531914893617,87.25675912639511,68.77637130801688,0.0862533692722372,0.11590296495956873,0.7978436657681941,1.0,各指標が比較的均衡
37202,香川県,丸亀市,107778,18.556662769767485,76.64893617021276,0.3711332553953497,61.755319148936174,531.8339549815361,78.82978723404256,71.99985154669784,56.258790436005626,0.13793103448275862,0.05747126436781609,0.8045977011494253,1.0,手術活動が相対的に高く、一般病床が相対的に低い
37203,香川県,坂出市,48036,27.063036056291114,90.95744680851064,1.0408860021650428,93.13829787234043,934.5074527437755,92.2872340425532,156.96560912648846,92.54571026722925,0.15,0.125,0.725,1.0,各指標が比較的均衡
37204,香川県,善通寺市,29419,20.39498283422278,81.80851063829788,0.6798327611407594,83.35106382978724,1093.1710799143411,95.0,256.2969509500663,98.0309423347398,0.125,0.125,0.75,1.0,各指標が比較的均衡
37205,香川県,観音寺市,54530,20.17238217494957,81.11702127659575,0.9169264624977077,91.11702127659575,894.5534568127636,91.48936170212765,121.76783421969559,85.72433192686357,0.11363636363636363,0.11363636363636363,0.7727272727272727,1.0,各指標が比較的均衡
37206,香川県,さぬき市,43765,20.56437792756769,82.3936170212766,0.22849308808408547,47.4468085106383,194.67611104764083,54.52127659574468,39.98629041471496,24.894514767932492,0.0625,0.03125,0.90625,1.0,整形外科密度が相対的に高く、一般病床が相対的に低い
37207,香川県,東かがわ市,25293,23.721978412999643,87.2340425531915,1.1860989206499821,94.8936170212766,319.06060965484517,64.57446808510639,98.05084410706519,75.66807313642757,0.15789473684210525,0.05263157894736842,0.7894736842105263,1.0,MRI密度が相対的に高く、手術活動が相対的に低い
37208,香川県,三豊市,58100,15.49053356282272,63.297872340425535,0.5163511187607573,74.84042553191489,244.0619621342513,58.723404255319146,37.177280550774526,22.925457102672294,0.16666666666666666,0.05555555555555555,0.7777777777777778,1.0,MRI密度が相対的に高く、一般病床が相対的に低い
37322,香川県,土庄町,11591,17.25476662928134,71.48936170212767,0.0,19.44148936170213,0.0,14.01595744680851,,,0.0,0.0,1.0,0.75,整形外科密度が相対的に高く、手術活動が相対的に低い
37324,香川県,小豆島町,12569,23.868247275041767,87.65957446808511,1.5912164850027846,97.97872340425532,525.1014400509189,78.40425531914894,103.429071525181,78.62165963431787,0.375,0.0,0.625,1.0,各指標が比較的均衡
37341,香川県,三木町,26026,19.211557673096134,78.40425531914894,2.3053869207715363,99.41489361702128,3007.761469299931,99.57446808510639,255.8979482056405,97.96061884669479,0.17647058823529413,0.11764705882352941,0.7058823529411765,1.0,手術活動が相対的に高く、整形外科密度が相対的に低い
37364,香川県,直島町,2943,0.0,7.659574468085106,0.0,19.44148936170213,0.0,14.01595744680851,,,0.0,1.0,0.0,0.75,各指標が比較的均衡
37386,香川県,宇多津町,18659,5.359344016292406,16.861702127659576,0.5359344016292406,76.27659574468085,6.431212819550887,31.70212765957447,26.79672008146203,15.049226441631506,0.1111111111111111,0.1111111111111111,0.7777777777777778,1.0,MRI密度が相対的に高く、一般病床が相対的に低い
37387,香川県,綾川町,21538,18.571826539140122,76.80851063829788,0.9285913269570062,91.38297872340425,420.1875754480453,72.3936170212766,104.9308199461417,79.39521800281294,0.1111111111111111,0.05555555555555555,0.8333333333333334,1.0,各指標が比較的均衡
37403,香川県,琴平町,7747,25.816445075513098,89.62765957446808,1.2908222537756548,95.69148936170212,78.74015748031496,44.9468085106383,68.41357945010972,52.81293952180028,0.1111111111111111,0.2222222222222222,0.6666666666666666,1.0,MRI密度が相対的に高く、手術活動が相対的に低い
37404,香川県,多度津町,21658,23.08615753993905,86.27659574468085,0.0,19.44148936170213,68.33502631821959,43.723404255319146,13.38997137316465,8.860759493670885,0.25,0.0625,0.6875,1.0,整形外科密度が相対的に高く、一般病床が相対的に低い
37406,香川県,まんのう町,15955,18.80288310874334,77.5,0.6267627702914447,80.63829787234043,10.028204324663115,33.51063829787234,25.070510811657787,14.20534458509142,0.08333333333333333,0.08333333333333333,0.8333333333333334,1.0,MRI密度が相対的に高く、一般病床が相対的に低い
38201,愛媛県,松山市,498626,14.439680241303101,58.35106382978723,0.521432897602612,75.1063829787234,628.0057598280074,83.24468085106383,82.20590181819641,64.9789029535865,0.09276018099547512,0.12217194570135746,0.7850678733031674,1.0,手術活動が相対的に高く、整形外科密度が相対的に低い
38202,愛媛県,今治市,143106,19.56591617402485,79.30851063829788,0.8385392646010649,89.36170212765957,434.4332173354017,73.61702127659574,79.66123013710117,62.236286919831215,0.23008849557522124,0.1415929203539823,0.6283185840707964,1.0,MRI密度が相対的に高く、一般病床が相対的に低い
38203,愛媛県,宇和島市,63905,17.213050622017057,71.17021276595744,1.0953759486738126,93.93617021276596,934.8251310539081,92.34042553191489,144.74610750332525,90.15471167369901,0.1076923076923077,0.12307692307692308,0.7692307692307693,1.0,MRI密度が相対的に高く、整形外科密度が相対的に低い
38204,愛媛県,八幡浜市,28924,13.829345871940257,55.53191489361702,0.34573364679850643,59.202127659574465,445.6506707232748,74.04255319148936,98.53408933757433,75.9493670886076,0.13513513513513514,0.02702702702702703,0.8378378378378378,1.0,一般病床が相対的に高く、整形外科密度が相対的に低い
38205,愛媛県,新居浜市,109337,15.54825905228788,63.776595744680854,0.5487620841983958,77.2872340425532,767.4437747514564,88.45744680851064,104.81355808189359,79.25457102672293,0.15492957746478872,0.11267605633802817,0.7323943661971831,1.0,手術活動が相対的に高く、整形外科密度が相対的に低い
38206,愛媛県,西条市,100467,13.934923905361961,56.06382978723404,0.4976758537629271,73.51063829787235,301.8901728925916,63.56382978723404,80.32488279733643,63.150492264416314,0.14925373134328357,0.029850746268656716,0.8208955223880597,1.0,各指標が比較的均衡
38207,愛媛県,大洲市,36736,27.221254355400696,91.11702127659575,1.088850174216028,93.88297872340425,606.4895470383275,82.3936170212766,124.67334494773519,86.14627285513362,0.1276595744680851,0.06382978723404255,0.8085106382978723,1.0,各指標が比較的均衡
38210,愛媛県,伊予市,33426,8.975049362771495,27.340425531914892,0.0,19.44148936170213,10.770059235325794,33.88297872340426,21.54011847065159,12.90436005625879,0.047619047619047616,0.14285714285714285,0.8095238095238095,1.0,手術活動が相対的に高く、一般病床が相対的に低い
38213,愛媛県,四国中央市,76530,15.680125441003527,64.41489361702128,0.6533385600418137,81.80851063829788,388.344440088854,69.36170212765957,59.453808963805045,44.163150492264414,0.17307692307692307,0.019230769230769232,0.8076923076923077,1.0,MRI密度が相対的に高く、一般病床が相対的に低い
38214,愛媛県,西予市,32081,15.585549078894049,63.88297872340426,0.623421963155762,80.42553191489363,146.50416134160406,50.797872340425535,33.97649699198903,20.60478199718706,0.0625,0.03125,0.90625,1.0,MRI密度が相対的に高く、一般病床が相対的に低い
38215,愛媛県,東温市,33033,21.190930281839375,83.45744680851064,1.513637877274241,97.44680851063829,2510.5197832470562,99.09574468085106,333.00033300033306,99.43741209563994,0.14285714285714285,0.10714285714285714,0.75,1.0,各指標が比較的均衡
38356,愛媛県,上島町,5864,34.106412005457024,95.2127659574468,0.0,19.44148936170213,0.0,14.01595744680851,,,0.0,0.0,1.0,0.75,整形外科密度が相対的に高く、手術活動が相対的に低い
38386,愛媛県,久万高原町,6378,47.03668861712136,97.81914893617021,0.0,19.44148936170213,36.06146127312637,39.308510638297875,94.0733772342427,73.34739803094233,0.1111111111111111,0.1111111111111111,0.7777777777777778,1.0,整形外科密度が相対的に高く、MRI密度が相対的に低い
38401,愛媛県,松前町,28695,13.939710751001918,56.11702127659575,0.0,19.44148936170213,6.969855375500958,32.02127659574468,0.0,3.551336146272855,0.09523809523809523,0.09523809523809523,0.8095238095238095,1.0,整形外科密度が相対的に高く、一般病床が相対的に低い
38402,愛媛県,砥部町,19500,20.51282051282051,82.2872340425532,0.5128205128205128,74.41489361702128,0.5128205128205128,28.297872340425535,0.0,3.551336146272855,0.07142857142857142,0.14285714285714285,0.7857142857142857,1.0,整形外科密度が相対的に高く、一般病床が相対的に低い
38422,愛媛県,内子町,13870,28.839221341023794,92.76595744680851,0.7209805335255949,84.7872340425532,47.58471521268926,41.27659574468085,37.49098774333093,23.066104078762308,0.1111111111111111,0.1111111111111111,0.7777777777777778,1.0,整形外科密度が相対的に高く、一般病床が相対的に低い
38442,愛媛県,伊方町,7349,13.607293509320996,53.776595744680854,0.0,19.44148936170213,0.0,14.01595744680851,,,0.0,0.16666666666666666,0.8333333333333334,0.75,整形外科密度が相対的に高く、手術活動が相対的に低い
38484,愛媛県,松野町,3335,0.0,7.659574468085106,0.0,19.44148936170213,0.0,14.01595744680851,,,0.0,1.0,0.0,0.75,各指標が比較的均衡
38488,愛媛県,鬼北町,8724,34.3878954607978,95.39893617021276,0.0,19.44148936170213,107.74873911049977,47.3936170212766,214.35121503897292,96.34317862165963,0.18181818181818182,0.0,0.8181818181818182,1.0,一般病床が相対的に高く、MRI密度が相対的に低い
38506,愛媛県,愛南町,17431,17.210716539498595,71.11702127659575,1.1473811026332397,94.46808510638299,270.7819402214446,61.11702127659574,135.96466066203888,88.67791842475387,0.2,0.0,0.8,1.0,MRI密度が相対的に高く、手術活動が相対的に低い
39201,高知県,高知市,311164,19.603810209407257,79.36170212765957,0.7391600570760114,85.85106382978724,928.7706804129011,92.18085106382978,149.43888110449797,91.06891701828411,0.2222222222222222,0.0842911877394636,0.6934865900383141,1.0,各指標が比較的均衡
39202,高知県,室戸市,9983,20.034057898427324,80.74468085106383,0.0,19.44148936170213,0.0,14.01595744680851,0.0,3.551336146272855,0.25,0.125,0.625,1.0,整形外科密度が相対的に高く、一般病床が相対的に低い
39203,高知県,安芸市,14725,27.164685908319186,91.01063829787233,0.6791171477079796,83.29787234042553,699.490662139219,86.27659574468085,146.01018675721562,90.71729957805907,0.16666666666666666,0.16666666666666666,0.6666666666666666,1.0,各指標が比較的均衡
39204,高知県,南国市,44842,13.380313099326525,52.76595744680851,1.3380313099326524,96.06382978723404,1535.1679229293966,97.3404255319149,228.80335399848357,97.18706047819971,0.3,0.0,0.7,1.0,手術活動が相対的に高く、整形外科密度が相対的に低い
39205,高知県,土佐市,24210,20.652622883106154,82.5531914893617,0.4130524576621231,66.01063829787233,279.6365138372573,61.96808510638297,102.02395704254441,78.05907172995781,0.21428571428571427,0.07142857142857142,0.7142857142857143,1.0,整形外科密度が相対的に高く、手術活動が相対的に低い
39206,高知県,須崎市,18739,26.682320294572815,90.53191489361701,1.0672928117829126,93.45744680851064,373.5524841240194,68.08510638297872,83.24883931906719,65.75246132208157,0.3333333333333333,0.08333333333333333,0.5833333333333334,1.0,MRI密度が相対的に高く、一般病床が相対的に低い
39208,高知県,宿毛市,17349,23.056083924145483,86.17021276595744,1.1528041962072741,94.52127659574468,1294.599112340769,96.43617021276596,225.94962245662575,97.1167369901547,0.3333333333333333,0.0,0.6666666666666666,1.0,各指標が比較的均衡
39209,高知県,土佐清水市,10962,18.244845831052725,75.58510638297872,0.9122422915526364,91.01063829787233,55.646779784710816,41.96808510638298,45.61211457763182,30.520393811533054,0.6,0.0,0.4,1.0,MRI密度が相対的に高く、一般病床が相対的に低い
39210,高知県,四万十市,30604,26.140373807345448,89.84042553191489,0.6535093451836361,81.91489361702128,56.52855835838452,42.12765957446808,67.31146255391452,51.0548523206751,0.2,0.16666666666666666,0.6333333333333333,1.0,整形外科密度が相対的に高く、手術活動が相対的に低い
39211,高知県,香南市,31197,9.616309260505817,30.21276595744681,0.3205436420168606,56.27659574468085,23.720229509247684,36.861702127659576,29.169471423534315,16.80731364275668,0.05555555555555555,0.16666666666666666,0.7777777777777778,1.0,MRI密度が相対的に高く、一般病床が相対的に低い
39212,高知県,香美市,24986,20.01120627551429,80.58510638297872,0.40022412551028574,64.84042553191489,9.205154886736572,33.191489361702125,0.0,3.551336146272855,0.17647058823529413,0.29411764705882354,0.5294117647058824,1.0,整形外科密度が相対的に高く、一般病床が相対的に低い
39301,高知県,東洋町,1909,0.0,7.659574468085106,0.0,19.44148936170213,0.0,14.01595744680851,,,0.0,0.0,1.0,0.75,各指標が比較的均衡
39302,高知県,奈半利町,2821,35.44842254519674,95.85106382978724,0.0,19.44148936170213,0.0,14.01595744680851,,,0.0,0.3333333333333333,0.6666666666666666,0.75,整形外科密度が相対的に高く、手術活動が相対的に低い
39303,高知県,田野町,2270,44.05286343612335,97.44680851063829,4.405286343612335,99.94680851063829,480.17621145374454,75.79787234042553,453.74449339207047,99.85935302390999,1.0,0.0,0.0,1.0,MRI密度が相対的に高く、手術活動が相対的に低い
39304,高知県,安田町,2092,0.0,7.659574468085106,0.0,19.44148936170213,0.0,14.01595744680851,,,0.0,0.0,1.0,0.75,各指標が比較的均衡
39305,高知県,北川村,1027,0.0,7.659574468085106,0.0,19.44148936170213,0.0,14.01595744680851,,,,,,0.75,各指標が比較的均衡
39306,高知県,馬路村,656,0.0,7.659574468085106,0.0,19.44148936170213,0.0,14.01595744680851,,,0.0,0.0,1.0,0.75,各指標が比較的均衡
39307,高知県,芸西村,3487,28.677946659019213,92.65957446808511,0.0,19.44148936170213,2.867794665901921,29.893617021276597,0.0,3.551336146272855,0.3333333333333333,0.3333333333333333,0.3333333333333333,1.0,整形外科密度が相対的に高く、一般病床が相対的に低い
39341,高知県,本山町,2912,68.68131868131869,99.04255319148936,0.0,19.44148936170213,0.0,14.01595744680851,182.0054945054945,94.79606188466948,0.5,0.0,0.5,1.0,整形外科密度が相対的に高く、手術活動が相対的に低い
39344,高知県,大豊町,2753,0.0,7.659574468085106,3.632401017072285,99.84042553191489,0.0,14.01595744680851,0.0,3.551336146272855,0.3333333333333333,0.0,0.6666666666666666,1.0,MRI密度が相対的に高く、一般病床が相対的に低い
39363,高知県,土佐町,3415,29.282576866764273,92.97872340425532,0.0,19.44148936170213,14.641288433382138,35.0,0.0,3.551336146272855,0.5,0.5,0.0,1.0,整形外科密度が相対的に高く、一般病床が相対的に低い
39364,高知県,大川村,312,0.0,7.659574468085106,0.0,19.44148936170213,0.0,14.01595744680851,,,0.0,0.0,1.0,0.75,各指標が比較的均衡
39386,高知県,いの町,19592,20.41649652919559,81.91489361702128,0.5104124132298897,74.25531914893617,26.541445487954267,37.5531914893617,30.624744793793386,17.862165963431785,0.2222222222222222,0.05555555555555555,0.7222222222222222,1.0,整形外科密度が相対的に高く、一般病床が相対的に低い
39387,高知県,仁淀川町,4147,24.113817217265495,88.03191489361703,0.0,19.44148936170213,0.0,14.01595744680851,0.0,3.551336146272855,0.25,0.0,0.75,1.0,整形外科密度が相対的に高く、一般病床が相対的に低い
39401,高知県,中土佐町,5289,0.0,7.659574468085106,0.0,19.44148936170213,0.0,14.01595744680851,0.0,3.551336146272855,0.2,0.0,0.8,1.0,各指標が比較的均衡
39402,高知県,佐川町,11489,17.407955435634086,72.18085106382979,0.8703977717817043,90.0,74.85420837322656,44.46808510638298,74.85420837322656,58.57946554149086,0.25,0.0,0.75,1.0,MRI密度が相対的に高く、手術活動が相対的に低い
39403,高知県,越知町,4622,64.90696668109044,98.77659574468085,4.327131112072696,99.8936170212766,287.75421895283426,62.4468085106383,155.77672003461706,92.33473980309424,0.8,0.2,0.0,1.0,MRI密度が相対的に高く、手術活動が相対的に低い
39405,高知県,檮原町,2909,34.376074252320386,95.31914893617022,0.0,19.44148936170213,55.00171880371262,41.86170212765957,103.12822275696116,78.48101265822784,0.3333333333333333,0.0,0.6666666666666666,1.0,整形外科密度が相対的に高く、MRI密度が相対的に低い
39410,高知県,日高村,4462,22.411474675033617,85.31914893617021,0.0,19.44148936170213,0.0,14.01595744680851,,,0.0,0.0,1.0,0.75,整形外科密度が相対的に高く、手術活動が相対的に低い
39411,高知県,津野町,4773,20.951183741881415,83.08510638297872,0.0,19.44148936170213,0.0,14.01595744680851,,,0.0,0.0,1.0,0.75,整形外科密度が相対的に高く、手術活動が相対的に低い
39412,高知県,四万十町,13797,14.49590490686381,58.56382978723404,0.7247952453431905,84.8936170212766,393.56381822135245,69.73404255319149,100.02174385736029,76.79324894514767,0.25,0.125,0.625,1.0,MRI密度が相対的に高く、整形外科密度が相対的に低い
39424,高知県,大月町,3887,0.0,7.659574468085106,0.0,19.44148936170213,25.726781579624387,37.340425531914896,64.31695394906097,49.0154711673699,1.0,0.0,0.0,1.0,一般病床が相対的に高く、整形外科密度が相対的に低い
39427,高知県,三原村,1291,77.45933384972889,99.25531914893617,0.0,19.44148936170213,0.0,14.01595744680851,,,0.0,1.0,0.0,0.75,整形外科密度が相対的に高く、手術活動が相対的に低い
39428,高知県,黒潮町,9275,10.78167115902965,38.19148936170213,0.0,19.44148936170213,0.0,14.01595744680851,,,0.0,0.0,1.0,0.75,整形外科密度が相対的に高く、手術活動が相対的に低い
40101,福岡県,北九州市門司区,87119,20.661394184965392,82.6063829787234,0.6887131394988464,83.67021276595744,687.106142173349,85.69148936170212,103.42175644807676,78.55133614627286,0.1134020618556701,0.12371134020618557,0.7628865979381443,1.0,各指標が比較的均衡
40103,福岡県,北九州市若松区,77332,11.638131691925723,43.24468085106383,0.12931257435473026,40.47872340425532,242.3317643407645,58.61702127659575,38.664459732064344,24.050632911392405,0.07246376811594203,0.057971014492753624,0.8695652173913043,1.0,手術活動が相対的に高く、一般病床が相対的に低い
40105,福岡県,北九州市戸畑区,54284,18.421634367401076,76.32978723404256,0.5526490310220322,77.4468085106383,665.7578660378749,84.8404255319149,118.81954166973694,84.81012658227847,0.08928571428571429,0.08928571428571429,0.8214285714285714,1.0,各指標が比較的均衡
40106,福岡県,北九州市小倉北区,181230,23.726756055840642,87.2872340425532,0.7173205319207636,84.57446808510637,1369.0890029244606,96.64893617021276,164.59747282458756,93.67088607594937,0.09375,0.04017857142857143,0.8660714285714286,1.0,各指標が比較的均衡
40107,福岡県,北九州市小倉南区,203681,12.274095276437174,46.48936170212766,0.2454819055287435,49.255319148936174,402.00116849387035,70.31914893617022,68.0475842125677,52.03938115330521,0.11038961038961038,0.09090909090909091,0.7987012987012987,1.0,手術活動が相対的に高く、整形外科密度が相対的に低い
40108,福岡県,北九州市八幡東区,61218,17.9685713352282,74.41489361702128,0.6534025940082981,81.86170212765957,873.9259694860989,91.01063829787233,167.10771341762225,93.88185654008439,0.08955223880597014,0.029850746268656716,0.8805970149253731,1.0,各指標が比較的均衡
40109,福岡県,北九州市八幡西区,242914,16.466733082490098,68.67021276595744,0.4116683270622525,65.79787234042553,760.3102332512741,88.13829787234042,102.46424660579464,78.12939521800281,0.09777777777777778,0.08,0.8222222222222222,1.0,手術活動が相対的に高く、MRI密度が相対的に低い
40131,福岡県,福岡市東区,330259,13.020084236917086,50.47872340425532,0.4844682506759846,72.7127659574468,767.6096639304304,88.51063829787233,89.59634710938991,70.53445850914206,0.08444444444444445,0.08,0.8355555555555556,1.0,手術活動が相対的に高く、整形外科密度が相対的に低い
40132,福岡県,福岡市博多区,257240,16.32716529311149,67.81914893617021,0.23324521847302132,47.819148936170215,649.1991914165759,84.30851063829788,59.477530710620435,44.23347398030943,0.06367041198501873,0.04868913857677903,0.8876404494382022,1.0,手術活動が相対的に高く、一般病床が相対的に低い
40133,福岡県,福岡市中央区,211979,19.341538548629817,78.51063829787233,0.6604427797093109,82.34042553191489,1160.728185339114,95.79787234042553,111.37895734954878,82.20815752461323,0.04050632911392405,0.053164556962025315,0.9063291139240506,1.0,各指標が比較的均衡
40134,福岡県,福岡市南区,267714,15.68838387234138,64.46808510638297,0.48559283414389987,72.76595744680851,723.6080294642791,86.96808510638297,92.18793189747268,72.29254571026723,0.07627118644067797,0.059322033898305086,0.864406779661017,1.0,手術活動が相対的に高く、整形外科密度が相対的に低い
40135,福岡県,福岡市西区,217224,14.731337237137703,59.94680851063829,0.46035428866055317,70.95744680851064,356.0840422789379,66.80851063829788,64.90995470113799,49.57805907172996,0.11560693641618497,0.08092485549132948,0.8034682080924855,1.0,MRI密度が相対的に高く、一般病床が相対的に低い
40136,福岡県,福岡市城南区,132671,13.567396039827846,53.61702127659574,0.6029953795479042,79.68085106382978,753.2166034777758,87.87234042553192,94.21802805436002,73.48804500703235,0.07894736842105263,0.043859649122807015,0.8771929824561403,1.0,手術活動が相対的に高く、整形外科密度が相対的に低い
40137,福岡県,福岡市早良区,221319,15.362440639981203,62.712765957446805,0.4066528404700907,65.42553191489363,494.4446703626892,76.59574468085107,45.68066907947352,30.590717299578056,0.059907834101382486,0.08294930875576037,0.8571428571428571,1.0,手術活動が相対的に高く、一般病床が相対的に低い
40202,福岡県,大牟田市,104141,21.12520525057374,83.40425531914893,0.5761419613792839,78.72340425531915,593.714291201352,81.80851063829788,208.17929537838123,95.9915611814346,0.18584070796460178,0.12389380530973451,0.6902654867256637,1.0,各指標が比較的均衡
40203,福岡県,久留米市,299292,17.374336768106065,71.86170212765958,0.6014193496652099,79.57446808510639,1008.4131884580945,93.72340425531915,121.18599895753978,85.65400843881856,0.1054421768707483,0.1326530612244898,0.7619047619047619,1.0,手術活動が相対的に高く、整形外科密度が相対的に低い
40204,福岡県,直方市,54692,14.62736780516346,59.41489361702128,0.5485262926936297,77.18085106382979,384.15124698310535,68.98936170212767,68.0172602940101,51.9690576652602,0.10526315789473684,0.05263157894736842,0.8421052631578947,1.0,MRI密度が相対的に高く、一般病床が相対的に低い
40205,福岡県,飯塚市,122880,19.53125,79.14893617021276,0.732421875,85.47872340425532,969.4010416666666,93.24468085106383,150.71614583333334,91.63150492264415,0.10344827586206896,0.11206896551724138,0.7844827586206896,1.0,各指標が比較的均衡
40206,福岡県,田川市,44186,18.105282216086543,75.0,0.6789480831032454,83.24468085106383,941.9273072919024,92.4468085106383,175.1686054406373,94.30379746835443,0.14583333333333334,0.10416666666666667,0.75,1.0,各指標が比較的均衡
40207,福岡県,柳川市,60359,21.537798836958864,84.20212765957447,0.49702612700674303,73.35106382978724,240.22929471992578,58.29787234042553,80.51823257509236,63.29113924050633,0.12,0.1,0.78,1.0,整形外科密度が相対的に高く、手術活動が相対的に低い
40210,福岡県,八女市,57013,15.785873397295354,64.7872340425532,0.5261957799098451,75.53191489361703,518.4782418045007,78.13829787234042,98.57400943644433,76.0196905766526,0.16326530612244897,0.10204081632653061,0.7346938775510204,1.0,各指標が比較的均衡
40211,福岡県,筑後市,48508,12.369093757730683,47.02127659574468,0.20615156262884474,45.797872340425535,362.20829553888024,67.34042553191489,40.61185783788241,25.668073136427566,0.045454545454545456,0.09090909090909091,0.8636363636363636,1.0,手術活動が相対的に高く、一般病床が相対的に低い
40212,福岡県,大川市,30660,16.307893020221787,67.65957446808511,0.32615786040443573,56.861702127659576,854.5335942596216,90.63829787234042,156.22961513372474,92.47538677918425,0.08,0.08,0.84,1.0,一般病床が相対的に高く、MRI密度が相対的に低い
40213,福岡県,行橋市,70614,18.409947035998528,76.27659574468085,0.424844931599966,67.7127659574468,358.2858923159713,67.07446808510639,61.319285127595094,45.92123769338959,0.10344827586206896,0.1206896551724138,0.7758620689655172,1.0,整形外科密度が相対的に高く、一般病床が相対的に低い
40214,福岡県,豊前市,22344,13.42642320085929,53.031914893617014,0.0,19.44148936170213,0.0,14.01595744680851,0.0,3.551336146272855,0.08333333333333333,0.125,0.7916666666666666,1.0,整形外科密度が相対的に高く、一般病床が相対的に低い
40215,福岡県,中間市,37969,15.802365087308067,64.8936170212766,0.0,19.44148936170213,0.0,14.01595744680851,27.127393399878848,15.330520393811534,0.038461538461538464,0.19230769230769232,0.7692307692307693,1.0,整形外科密度が相対的に高く、手術活動が相対的に低い
40216,福岡県,小郡市,58798,17.007381203442293,70.58510638297872,0.3401476240688459,58.670212765957444,289.46562808258784,62.65957446808511,58.845538963910336,43.459915611814345,0.1509433962264151,0.1509433962264151,0.6981132075471698,1.0,整形外科密度が相対的に高く、一般病床が相対的に低い
40217,福岡県,筑紫野市,104865,11.443284222571878,42.02127659574468,0.47680350927382825,72.3404255319149,666.4759452629572,84.8936170212766,80.19835025985792,63.009845288326304,0.11688311688311688,0.06493506493506493,0.8181818181818182,1.0,手術活動が相対的に高く、整形外科密度が相対的に低い
40218,福岡県,春日市,110361,11.779523563577714,43.98936170212766,0.2718351591594857,51.91489361702127,674.9667001930029,85.1063829787234,80.64443055064741,63.57243319268636,0.05813953488372093,0.046511627906976744,0.8953488372093024,1.0,手術活動が相対的に高く、整形外科密度が相対的に低い
40219,福岡県,大野城市,103504,11.59375483073118,42.87234042553191,0.09661462358942649,39.308510638297875,1.93229247178853,29.20212765957447,19.226310094295872,11.60337552742616,0.09722222222222222,0.013888888888888888,0.8888888888888888,1.0,整形外科密度が相対的に高く、一般病床が相対的に低い
40220,福岡県,宗像市,96578,13.460622502019094,53.351063829787236,0.20708650003106296,45.90425531914894,155.41841827331277,51.59574468085106,44.42005425666301,29.39521800281294,0.13114754098360656,0.09836065573770492,0.7704918032786885,1.0,整形外科密度が相対的に高く、一般病床が相対的に低い
40221,福岡県,太宰府市,72592,8.265373594886489,24.78723404255319,0.0,19.44148936170213,8.816398501212255,32.92553191489362,15.428697377121445,9.563994374120956,0.0975609756097561,0.14634146341463414,0.7560975609756098,1.0,手術活動が相対的に高く、一般病床が相対的に低い
40223,福岡県,古賀市,57957,13.803336956709286,55.265957446808514,0.3450834239177321,59.095744680851055,749.5211967493142,87.81914893617021,134.06491019203892,88.39662447257383,0.10256410256410256,0.1282051282051282,0.7692307692307693,1.0,一般病床が相対的に高く、整形外科密度が相対的に低い
40224,福岡県,福津市,69394,8.646280658270166,26.276595744680854,0.1441046776378361,41.38297872340426,408.5367611032654,71.22340425531914,51.877683949621,36.849507735583686,0.1111111111111111,0.1111111111111111,0.7777777777777778,1.0,手術活動が相対的に高く、整形外科密度が相対的に低い
40225,福岡県,うきは市,26210,30.522701259061424,93.67021276595744,0.3815337657382678,62.712765957446805,33.1934376192293,38.56382978723404,21.365890881343,12.79887482419128,0.10344827586206896,0.10344827586206896,0.7931034482758621,1.0,整形外科密度が相対的に高く、一般病床が相対的に低い
40226,福岡県,宮若市,24838,8.052178114179885,23.829787234042556,0.40260890570899427,65.05319148936171,262.90361542797325,60.63829787234043,58.37829132780417,42.82700421940928,0.25,0.0625,0.6875,1.0,MRI密度が相対的に高く、整形外科密度が相対的に低い
40227,福岡県,嘉麻市,32024,21.8586060454659,84.41489361702128,0.6245316012990257,80.53191489361701,92.43067699225581,45.90425531914894,115.85061204096928,84.24753867791843,0.2857142857142857,0.2857142857142857,0.42857142857142855,1.0,整形外科密度が相対的に高く、手術活動が相対的に低い
40228,福岡県,朝倉市,47408,16.874789065136685,69.9468085106383,0.6328045899426258,80.90425531914893,429.2524468444144,73.29787234042553,99.98312521093487,76.65260196905767,0.10204081632653061,0.10204081632653061,0.7959183673469388,1.0,各指標が比較的均衡
40229,福岡県,みやま市,33410,8.979347500748279,27.393617021276594,0.29931158335827596,54.30851063829787,180.7841963483987,53.351063829787236,38.611194253217604,23.90998593530239,0.08,0.12,0.8,1.0,MRI密度が相対的に高く、一般病床が相対的に低い
40230,福岡県,糸島市,100207,15.966948416777273,65.90425531914894,0.29938028281457385,54.36170212765957,120.84984082948297,48.45744680851064,28.141746584569937,15.752461322081576,0.09523809523809523,0.10714285714285714,0.7976190476190477,1.0,整形外科密度が相対的に高く、一般病床が相対的に低い
40231,福岡県,那珂川市,49180,8.13338755591704,24.361702127659573,0.20333468889792597,45.53191489361702,168.36112240748272,52.4468085106383,32.33021553477023,18.635724331926866,0.05405405405405406,0.13513513513513514,0.8108108108108109,1.0,手術活動が相対的に高く、一般病床が相対的に低い
40341,福岡県,宇美町,36936,8.122157244964262,24.30851063829787,0.2707385748321421,51.70212765957447,52.7940220922677,41.59574468085106,0.0,3.551336146272855,0.15,0.05,0.8,1.0,MRI密度が相対的に高く、一般病床が相対的に低い
40342,福岡県,篠栗町,30620,9.797517962116263,31.595744680851062,0.32658393207054215,56.96808510638298,60.09144350097975,42.97872340425532,133.57282821685172,88.25597749648382,0.17647058823529413,0.058823529411764705,0.7647058823529411,1.0,一般病床が相対的に高く、整形外科密度が相対的に低い
40343,福岡県,志免町,47347,12.672397406382665,48.45744680851064,0.4224132468794221,67.34042553191489,260.41776670116377,60.47872340425532,74.3447314507783,58.29817158931083,0.14285714285714285,0.08571428571428572,0.7714285714285715,1.0,各指標が比較的均衡
40344,福岡県,須恵町,29282,3.415067276825353,15.53191489361702,0.0,19.44148936170213,7.171641281333242,32.340425531914896,51.90902260774537,36.91983122362869,0.13333333333333333,0.06666666666666667,0.8,1.0,一般病床が相対的に高く、整形外科密度が相対的に低い
40345,福岡県,新宮町,33743,11.854310523664168,44.57446808510638,0.0,19.44148936170213,131.28648904958064,49.840425531914896,17.781465785496252,10.90014064697609,0.06451612903225806,0.0967741935483871,0.8387096774193549,1.0,手術活動が相対的に高く、一般病床が相対的に低い
40348,福岡県,久山町,9284,10.771219302024988,38.08510638297872,0.0,19.44148936170213,2.1542438604049976,29.521276595744684,101.24946143903489,77.84810126582279,0.14285714285714285,0.0,0.8571428571428571,1.0,一般病床が相対的に高く、MRI密度が相対的に低い
40349,福岡県,粕屋町,49274,12.176807241141374,45.95744680851064,0.8117871494094248,88.67021276595744,594.228193367699,81.91489361702128,59.26046190688801,43.81153305203938,0.13793103448275862,0.06896551724137931,0.7931034482758621,1.0,MRI密度が相対的に高く、一般病床が相対的に低い
40381,福岡県,芦屋町,12599,7.937137868084769,23.24468085106383,0.7937137868084769,87.97872340425532,286.5306770378602,62.39361702127659,83.33994761489006,65.89310829817158,0.125,0.125,0.75,1.0,MRI密度が相対的に高く、整形外科密度が相対的に低い
40382,福岡県,水巻町,26925,18.570102135561743,76.75531914893618,0.7428040854224699,86.11702127659574,847.9108635097493,90.42553191489363,130.36211699164346,87.76371308016878,0.14285714285714285,0.047619047619047616,0.8095238095238095,1.0,各指標が比較的均衡
40383,福岡県,岡垣町,30316,9.895764612745745,32.12765957446809,0.0,19.44148936170213,14.513788098693759,34.78723404255319,32.98588204248581,19.62025316455696,0.08695652173913043,0.043478260869565216,0.8695652173913043,1.0,各指標が比較的均衡
40384,福岡県,遠賀町,18150,16.528925619834713,68.77659574468085,1.6528925619834711,98.35106382978724,581.8181818181819,81.27659574468085,131.12947658402203,87.83403656821378,0.2857142857142857,0.0,0.7142857142857143,1.0,MRI密度が相対的に高く、整形外科密度が相対的に低い
40401,福岡県,小竹町,6538,30.59039461609055,93.72340425531915,0.0,19.44148936170213,6.11807892321811,31.542553191489365,85.65310492505354,67.65119549929676,0.16666666666666666,0.0,0.8333333333333334,1.0,整形外科密度が相対的に高く、MRI密度が相対的に低い
40402,福岡県,鞍手町,14051,21.35079353782649,83.67021276595744,0.7116931179275496,84.46808510638299,442.6731193509359,73.88297872340426,157.995872179916,92.82700421940928,0.14285714285714285,0.14285714285714285,0.7142857142857143,1.0,各指標が比較的均衡
40421,福岡県,桂川町,12101,8.263779852904719,24.680851063829788,0.0,19.44148936170213,4.131889926452359,30.904255319148938,24.791339558714157,13.9943741209564,0.16666666666666666,0.0,0.8333333333333334,1.0,各指標が比較的均衡
40447,福岡県,筑前町,29564,10.14747666080368,33.56382978723404,0.0,19.44148936170213,8.456230550669734,32.76595744680851,20.29495332160736,12.025316455696203,0.2,0.0,0.8,1.0,整形外科密度が相対的に高く、一般病床が相対的に低い
40448,福岡県,東峰村,1676,0.0,7.659574468085106,0.0,19.44148936170213,0.0,14.01595744680851,,,0.0,0.0,1.0,0.75,各指標が比較的均衡
40503,福岡県,大刀洗町,15738,6.354047528275512,18.19148936170213,0.0,19.44148936170213,0.0,14.01595744680851,76.24857033930614,59.84528832630098,0.2,0.0,0.8,1.0,一般病床が相対的に高く、手術活動が相対的に低い
40522,福岡県,大木町,13090,7.639419404125286,21.75531914893617,0.0,19.44148936170213,3.819709702062643,30.69148936170213,0.0,3.551336146272855,0.1,0.0,0.9,1.0,手術活動が相対的に高く、一般病床が相対的に低い
40544,福岡県,広川町,19503,20.50966517971594,82.23404255319149,1.0254832589857972,92.87234042553192,407.1168538173614,70.85106382978724,126.64718248474594,86.84950773558369,0.23529411764705882,0.058823529411764705,0.7058823529411765,1.0,MRI密度が相対的に高く、手術活動が相対的に低い
40601,福岡県,香春町,9436,0.0,7.659574468085106,0.0,19.44148936170213,0.0,14.01595744680851,,,0.0,0.25,0.75,0.75,各指標が比較的均衡
40602,福岡県,添田町,7940,0.0,7.659574468085106,0.0,19.44148936170213,0.0,14.01595744680851,0.0,3.551336146272855,0.125,0.375,0.5,1.0,各指標が比較的均衡
40604,福岡県,糸田町,7896,37.993920972644375,96.64893617021276,0.0,19.44148936170213,8.865248226950355,33.08510638297872,68.38905775075987,52.67229254571026,0.14285714285714285,0.0,0.8571428571428571,1.0,整形外科密度が相対的に高く、MRI密度が相対的に低い
40605,福岡県,川崎町,13762,14.532771399505885,58.77659574468085,0.7266385699752943,84.94680851063829,283.3890422903648,62.02127659574468,71.93721842755413,56.0478199718706,0.2,0.3,0.5,1.0,MRI密度が相対的に高く、一般病床が相対的に低い
40608,福岡県,大任町,4763,20.995171110644552,83.19148936170212,0.0,19.44148936170213,0.0,14.01595744680851,,,0.0,0.0,1.0,0.75,整形外科密度が相対的に高く、手術活動が相対的に低い
40609,福岡県,赤村,2576,0.0,7.659574468085106,0.0,19.44148936170213,0.0,14.01595744680851,,,0.0,0.0,1.0,0.75,各指標が比較的均衡
40610,福岡県,福智町,19626,10.19056353816366,33.93617021276596,0.0,19.44148936170213,3.566697238357281,30.531914893617024,25.476408845409154,14.345991561181433,0.375,0.125,0.5,1.0,各指標が比較的均衡
40621,福岡県,苅田町,37734,10.600519425451848,36.648936170212764,0.2650129856362962,51.01063829787233,492.65914029787456,76.54255319148936,59.89293475380294,44.51476793248945,0.13636363636363635,0.0,0.8636363636363636,1.0,手術活動が相対的に高く、整形外科密度が相対的に低い
40625,福岡県,みやこ町,16993,17.65432825280998,73.29787234042553,0.0,19.44148936170213,8.82716412640499,32.97872340425532,34.13170128876596,20.675105485232066,0.1,0.0,0.9,1.0,整形外科密度が相対的に高く、MRI密度が相対的に低い
40642,福岡県,吉富町,6251,15.997440409534473,66.22340425531915,0.0,19.44148936170213,100.78387458006719,46.808510638297875,115.18157094864821,83.96624472573839,0.14285714285714285,0.0,0.8571428571428571,1.0,一般病床が相対的に高く、MRI密度が相対的に低い
40646,福岡県,上毛町,6913,0.0,7.659574468085106,0.0,19.44148936170213,0.0,14.01595744680851,,,0.0,0.0,1.0,0.75,各指標が比較的均衡
40647,福岡県,築上町,15717,19.08761213972132,78.08510638297872,0.0,19.44148936170213,0.0,14.01595744680851,0.0,3.551336146272855,0.14285714285714285,0.14285714285714285,0.7142857142857143,1.0,整形外科密度が相対的に高く、一般病床が相対的に低い
41201,佐賀県,佐賀市,228262,17.961815808150284,74.25531914893617,0.6571396027372055,82.07446808510637,941.4181948813207,92.3936170212766,113.59753265983825,83.19268635724332,0.11842105263157894,0.16228070175438597,0.7192982456140351,1.0,各指標が比較的均衡
41202,佐賀県,唐津市,110274,15.416145238224786,62.87234042553192,0.6347824509857264,80.95744680851064,536.2098046683715,79.09574468085107,72.63724903422384,56.82137834036568,0.15625,0.125,0.71875,1.0,MRI密度が相対的に高く、一般病床が相対的に低い
41203,佐賀県,鳥栖市,75219,14.623964689772532,59.361702127659576,0.39883540063015993,64.57446808510639,337.4147489331153,65.79787234042553,53.31099855089804,38.045007032348806,0.11594202898550725,0.15942028985507245,0.7246376811594203,1.0,手術活動が相対的に高く、一般病床が相対的に低い
41204,佐賀県,多久市,16934,23.62111727884729,87.07446808510639,0.5905279319711823,79.25531914893617,4.724223455769458,31.170212765957444,82.08338254399433,64.76793248945147,0.3,0.0,0.7,1.0,整形外科密度が相対的に高く、手術活動が相対的に低い
41205,佐賀県,伊万里市,49048,18.349372043712282,75.95744680851064,0.8155276463872125,88.82978723404256,198.78486380688304,55.159574468085104,28.13570380035883,15.682137834036569,0.19047619047619047,0.2619047619047619,0.5476190476190477,1.0,MRI密度が相対的に高く、一般病床が相対的に低い
41206,佐賀県,武雄市,46267,10.80683856744548,38.51063829787234,0.4322735426978192,68.61702127659575,550.0680830829749,79.73404255319149,58.78920180690341,43.319268635724335,0.11904761904761904,0.16666666666666666,0.7142857142857143,1.0,手術活動が相対的に高く、整形外科密度が相対的に低い
41207,佐賀県,鹿島市,25894,11.585695527921526,42.765957446808514,0.3861898509307175,63.138297872340424,566.9267011662934,80.58510638297872,85.34795705568858,67.29957805907173,0.21052631578947367,0.21052631578947367,0.5789473684210527,1.0,手術活動が相対的に高く、整形外科密度が相対的に低い
41208,佐賀県,小城市,42690,16.39728273600375,68.40425531914893,0.23424689622862496,47.97872340425532,191.14546732255798,54.20212765957447,29.983602717263995,17.29957805907173,0.07142857142857142,0.10714285714285714,0.8214285714285714,1.0,整形外科密度が相対的に高く、一般病床が相対的に低い
41209,佐賀県,嬉野市,24225,24.76780185758514,88.61702127659574,1.238390092879257,95.42553191489361,1573.5810113519092,97.5,222.91021671826627,97.0464135021097,0.21052631578947367,0.3157894736842105,0.47368421052631576,1.0,各指標が比較的均衡
41210,佐賀県,神埼市,29979,20.014009806864806,80.63829787234043,0.3335668301144134,57.92553191489361,16.67834150572067,35.638297872340424,13.342673204576538,8.790436005625878,0.15,0.15,0.7,1.0,整形外科密度が相対的に高く、一般病床が相対的に低い
41327,佐賀県,吉野ヶ里町,16133,6.198475175106924,17.76595744680851,0.6198475175106924,80.26595744680851,0.0,14.01595744680851,61.98475175106924,46.835443037974684,0.09090909090909091,0.18181818181818182,0.7272727272727273,1.0,MRI密度が相対的に高く、手術活動が相対的に低い
41341,佐賀県,基山町,16866,11.858176212498517,44.62765957446809,0.0,19.44148936170213,0.0,14.01595744680851,0.0,3.551336146272855,0.1,0.0,0.9,1.0,整形外科密度が相対的に高く、一般病床が相対的に低い
41345,佐賀県,上峰町,9254,10.80613788631943,38.45744680851064,0.0,19.44148936170213,34.57964123622217,38.88297872340426,43.22455154527772,27.9887482419128,0.16666666666666666,0.0,0.8333333333333334,1.0,各指標が比較的均衡
41346,佐賀県,みやき町,25652,15.593326056447841,63.93617021276595,0.779666302822392,87.3936170212766,142.67893341649776,50.53191489361703,126.69577420863871,86.91983122362869,0.16666666666666666,0.0,0.8333333333333334,1.0,MRI密度が相対的に高く、手術活動が相対的に低い
41387,佐賀県,玄海町,5208,19.201228878648234,78.35106382978724,0.0,19.44148936170213,0.0,14.01595744680851,,,0.0,0.5,0.5,0.75,整形外科密度が相対的に高く、手術活動が相対的に低い
41401,佐賀県,有田町,17905,22.34012845573862,85.13297872340425,1.117006422786931,94.14893617021278,695.8950013962581,86.06382978723404,112.81764870148004,82.84106891701828,0.08333333333333333,0.08333333333333333,0.8333333333333334,1.0,各指標が比較的均衡
41423,佐賀県,大町町,5810,34.42340791738383,95.47872340425532,0.0,19.44148936170213,13.769363166953529,34.73404255319149,0.0,3.551336146272855,0.3333333333333333,0.6666666666666666,0.0,1.0,整形外科密度が相対的に高く、一般病床が相対的に低い
41424,佐賀県,江北町,9451,31.74267273304412,94.14893617021278,0.0,19.44148936170213,9.522801819913237,33.297872340425535,0.0,3.551336146272855,0.3333333333333333,0.5,0.16666666666666666,1.0,整形外科密度が相対的に高く、一般病床が相対的に低い
41425,佐賀県,白石町,20356,9.825112988799372,31.70212765957447,0.4912556494399686,73.08510638297872,327.17626252701905,65.2127659574468,53.0556101395166,37.90436005625879,0.21052631578947367,0.2631578947368421,0.5263157894736842,1.0,MRI密度が相対的に高く、整形外科密度が相対的に低い
41441,佐賀県,太良町,7337,13.62954886193267,53.98936170212766,1.362954886193267,96.32978723404256,250.78369905956112,59.57446808510638,81.77729317159603,64.69760900140648,0.5,0.5,0.0,1.0,MRI密度が相対的に高く、整形外科密度が相対的に低い
42201,長崎県,長崎市,381884,22.519927517256548,85.53191489361703,0.5760911690460978,78.67021276595744,876.4441558169495,91.06382978723404,106.28882068900505,80.028129395218,0.09276018099547512,0.09728506787330317,0.8099547511312217,1.0,各指標が比較的均衡
42202,長崎県,佐世保市,226237,18.122588259214893,75.05319148936171,0.4420143477857291,69.73404255319149,766.27607332134,88.29787234042553,85.08776194875286,66.80731364275668,0.12105263157894737,0.17894736842105263,0.7,1.0,手術活動が相対的に高く、一般病床が相対的に低い
42203,長崎県,島原市,40805,17.154760446023772,71.01063829787235,1.2253400318588408,95.31914893617022,501.89927704938117,77.2872340425532,79.40203406445289,62.16596343178622,0.2222222222222222,0.25,0.5277777777777778,1.0,MRI密度が相対的に高く、一般病床が相対的に低い
42204,長崎県,諫早市,128614,16.327926975290406,67.87234042553192,0.5442642325096801,76.91489361702128,523.659943707528,78.35106382978724,98.20081795138942,75.80872011251758,0.16666666666666666,0.225,0.6083333333333333,1.0,各指標が比較的均衡
42205,長崎県,大村市,95852,10.432750490339274,35.0531914893617,0.41731001961357095,66.4627659574468,777.1355840253724,88.77659574468085,106.62271001126737,80.16877637130801,0.09411764705882353,0.08235294117647059,0.8235294117647058,1.0,手術活動が相対的に高く、整形外科密度が相対的に低い
42207,長崎県,平戸市,26755,18.688095683049898,77.10106382978724,1.121285740982994,94.25531914893617,145.7671463277892,50.691489361702125,92.69295458792749,72.50351617440225,0.4375,0.125,0.4375,1.0,MRI密度が相対的に高く、手術活動が相対的に低い
42208,長崎県,松浦市,19091,26.19035147451679,89.9468085106383,0.5238070294903358,75.2659574468085,148.76119637525537,51.01063829787233,44.523597506678534,29.60618846694796,0.23076923076923078,0.23076923076923078,0.5384615384615384,1.0,整形外科密度が相対的に高く、一般病床が相対的に低い
42209,長崎県,対馬市,25313,27.653774740252043,91.59574468085107,0.3950539248607435,63.93617021276595,348.4375617271757,66.43617021276596,111.40520681072967,82.34880450070324,0.07407407407407407,0.037037037037037035,0.8888888888888888,1.0,整形外科密度が相対的に高く、MRI密度が相対的に低い
42210,長崎県,壱岐市,22451,26.7248674891987,90.58510638297872,0.8908289163066233,90.47872340425532,483.72010155449647,76.06382978723404,96.65493741926862,74.75386779184248,0.2857142857142857,0.0,0.7142857142857143,1.0,各指標が比較的均衡
42211,長崎県,五島市,31415,25.465541938564378,89.36170212765957,0.31831927423205475,56.11702127659575,502.62613401241447,77.3936170212766,108.22855323889863,80.8720112517581,0.16666666666666666,0.25,0.5833333333333334,1.0,整形外科密度が相対的に高く、MRI密度が相対的に低い
42212,長崎県,西海市,23248,25.808671713695805,89.57446808510639,0.0,19.44148936170213,2.5808671713695803,29.734042553191493,0.0,3.551336146272855,0.11764705882352941,0.058823529411764705,0.8235294117647058,1.0,整形外科密度が相対的に高く、一般病床が相対的に低い
42213,長崎県,雲仙市,38135,18.355841090861414,76.01063829787233,0.7866789038940606,87.7659574468085,516.8480398583978,77.97872340425532,69.48996984397535,54.008438818565395,0.1,0.16666666666666666,0.7333333333333333,1.0,MRI密度が相対的に高く、一般病床が相対的に低い
42214,長崎県,南島原市,37903,18.468195129673113,76.48936170212765,0.5276627179906603,75.69148936170212,158.82647811518876,51.755319148936174,43.00451151623882,27.637130801687764,0.19047619047619047,0.23809523809523808,0.5714285714285714,1.0,整形外科密度が相対的に高く、一般病床が相対的に低い
42307,長崎県,長与町,39161,17.874926585122953,74.04255319148936,0.25535609407318505,49.840425531914896,105.20671075815224,47.23404255319149,39.06948239319731,24.40225035161744,0.08108108108108109,0.10810810810810811,0.8108108108108109,1.0,整形外科密度が相対的に高く、一般病床が相対的に低い
42308,長崎県,時津町,28580,24.4926522043387,88.45744680851064,1.0496850944716585,93.29787234042554,263.4709587123863,60.744680851063826,67.17984604618614,50.91420534458509,0.0967741935483871,0.0967741935483871,0.8064516129032258,1.0,MRI密度が相対的に高く、一般病床が相対的に低い
42321,長崎県,東彼杵町,7108,0.0,7.659574468085106,0.0,19.44148936170213,0.0,14.01595744680851,0.0,3.551336146272855,0.16666666666666666,0.16666666666666666,0.6666666666666666,1.0,各指標が比較的均衡
42322,長崎県,川棚町,12490,24.019215372297836,87.81914893617021,0.800640512409928,88.29787234042553,291.4331465172138,62.81914893617021,192.1537229783827,95.42897327707455,0.1111111111111111,0.1111111111111111,0.7777777777777778,1.0,一般病床が相対的に高く、手術活動が相対的に低い
42323,長崎県,波佐見町,13696,21.904205607476634,84.52127659574468,0.0,19.44148936170213,10.952102803738317,33.93617021276596,35.046728971962615,21.308016877637133,0.18181818181818182,0.09090909090909091,0.7272727272727273,1.0,整形外科密度が相対的に高く、MRI密度が相対的に低い
42383,長崎県,小値賀町,1993,50.175614651279474,98.19148936170212,0.0,19.44148936170213,0.0,14.01595744680851,,,0.0,1.0,0.0,0.75,整形外科密度が相対的に高く、手術活動が相対的に低い
42391,長崎県,佐々町,13925,7.1813285457809695,20.106382978723406,0.0,19.44148936170213,0.0,14.01595744680851,0.0,3.551336146272855,0.07692307692307693,0.23076923076923078,0.6923076923076923,1.0,各指標が比較的均衡
42411,長崎県,新上五島町,15504,25.799793601651185,89.52127659574468,0.6449948400412796,81.43617021276596,359.90712074303406,67.23404255319149,85.13931888544892,66.87763713080169,0.07142857142857142,0.0,0.9285714285714286,1.0,整形外科密度が相対的に高く、一般病床が相対的に低い
43101,熊本県,熊本市中央区,187189,18.69767988503598,77.18085106382979,1.1752827356308329,94.7872340425532,2000.5983257563212,98.35106382978724,200.81308196528644,95.85091420534458,0.14782608695652175,0.1391304347826087,0.7130434782608696,1.0,手術活動が相対的に高く、整形外科密度が相対的に低い
43102,熊本県,熊本市東区,187831,11.71265659023271,43.61702127659575,0.3726754369619499,61.861702127659576,835.5915690168289,90.26595744680851,96.15026273618305,74.54289732770746,0.10526315789473684,0.11842105263157894,0.7763157894736842,1.0,手術活動が相対的に高く、整形外科密度が相対的に低い
43103,熊本県,熊本市西区,89445,19.006093129856335,77.87234042553192,0.11180054782268432,39.57446808510638,49.75124378109452,41.38297872340426,32.53395941640114,19.12798874824191,0.10294117647058823,0.16176470588235295,0.7352941176470589,1.0,整形外科密度が相対的に高く、一般病床が相対的に低い
43104,熊本県,熊本市南区,132524,15.846186351151488,65.1063829787234,0.7545803024357852,86.59574468085106,1043.2072681174732,94.14893617021278,128.2786514140835,87.27144866385372,0.18181818181818182,0.11363636363636363,0.7045454545454546,1.0,手術活動が相対的に高く、整形外科密度が相対的に低い
43105,熊本県,熊本市北区,135395,14.033014513091326,56.48936170212766,0.3692898556076665,61.54255319148936,221.13076553787067,56.702127659574465,81.24376823368662,64.27566807313643,0.15789473684210525,0.17894736842105263,0.6631578947368421,1.0,各指標が比較的均衡
43202,熊本県,八代市,117245,16.205381892618025,67.2872340425532,0.42645741822679006,67.92553191489363,699.0489999573543,86.22340425531915,80.77103501215403,63.92405063291139,0.09900990099009901,0.1782178217821782,0.7227722772277227,1.0,手術活動が相対的に高く、一般病床が相対的に低い
43203,熊本県,人吉市,28976,17.25565985643291,71.54255319148936,1.0353395913859746,93.03191489361701,992.2004417448924,93.51063829787233,130.10767531750415,87.69338959212376,0.21951219512195122,0.24390243902439024,0.5365853658536586,1.0,手術活動が相対的に高く、整形外科密度が相対的に低い
43204,熊本県,荒尾市,47435,12.648887951934228,48.24468085106383,0.21081479919890375,46.329787234042556,404.3427848634974,70.58510638297872,67.4607357436492,51.406469760900144,0.11904761904761904,0.35714285714285715,0.5238095238095238,1.0,手術活動が相対的に高く、MRI密度が相対的に低い
43205,熊本県,水俣市,21298,14.085829655366702,56.861702127659576,1.4085829655366702,96.75531914893617,1090.2432153253826,94.9468085106383,248.38012958963284,97.67932489451476,0.2916666666666667,0.20833333333333334,0.5,1.0,一般病床が相対的に高く、整形外科密度が相対的に低い
43206,熊本県,玉名市,61365,11.407153915098183,41.91489361702128,0.32591868328851953,56.80851063829787,404.3021266194084,70.53191489361701,65.50965534099242,49.85935302390999,0.08333333333333333,0.16666666666666666,0.75,1.0,手術活動が相対的に高く、整形外科密度が相対的に低い
43208,熊本県,山鹿市,45199,24.33682161109759,88.24468085106383,0.8849753313126396,90.37234042553192,366.601030996261,67.65957446808511,82.96643731055997,65.61181434599156,0.16666666666666666,0.19444444444444445,0.6388888888888888,1.0,MRI密度が相対的に高く、一般病床が相対的に低い
43210,熊本県,菊池市,44156,15.85288522511097,65.26595744680851,0.2264697889301567,47.180851063829785,22.873448681945828,36.80851063829787,54.579219132167765,39.31082981715893,0.14705882352941177,0.11764705882352941,0.7352941176470589,1.0,整形外科密度が相対的に高く、手術活動が相対的に低い
43211,熊本県,宇土市,34948,5.722788142382969,17.23404255319149,0.0,19.44148936170213,0.0,14.01595744680851,0.0,3.551336146272855,0.05263157894736842,0.2631578947368421,0.6842105263157895,1.0,各指標が比較的均衡
43212,熊本県,上天草市,22087,22.637750713089147,85.63829787234043,0.452755014261783,70.47872340425532,255.3538280436456,59.89361702127659,56.59437678272287,40.998593530239106,0.058823529411764705,0.23529411764705882,0.7058823529411765,1.0,整形外科密度が相対的に高く、一般病床が相対的に低い
43213,熊本県,宇城市,54396,18.383704684167952,76.17021276595744,0.5515111405250386,77.3936170212766,131.0758143981175,49.787234042553195,115.63350246341643,84.17721518987342,0.1590909090909091,0.11363636363636363,0.7272727272727273,1.0,一般病床が相対的に高く、手術活動が相対的に低い
43214,熊本県,阿蘇市,23124,25.94706798131811,89.7872340425532,0.4324511330219685,68.72340425531915,102.92336965922851,47.02127659574468,86.49022660439371,68.42475386779185,0.23529411764705882,0.23529411764705882,0.5294117647058824,1.0,整形外科密度が相対的に高く、手術活動が相対的に低い
43215,熊本県,天草市,68549,20.42334680301682,81.96808510638299,0.7294052429648865,85.2127659574468,485.92977286320735,76.22340425531915,86.21569971844957,68.14345991561181,0.2153846153846154,0.18461538461538463,0.6,1.0,各指標が比較的均衡
43216,熊本県,合志市,63212,11.073846737961146,40.0,0.3163956210846042,56.01063829787234,161.83636018477506,51.96808510638298,145.067392267291,90.29535864978902,0.13513513513513514,0.10810810810810811,0.7567567567567568,1.0,一般病床が相対的に高く、整形外科密度が相対的に低い
43348,熊本県,美里町,8364,35.86800573888092,96.06382978723404,0.0,19.44148936170213,21.52080344332855,36.43617021276596,102.82161645145864,78.27004219409282,0.5,0.0,0.5,1.0,整形外科密度が相対的に高く、MRI密度が相対的に低い
43364,熊本県,玉東町,4793,0.0,7.659574468085106,0.0,19.44148936170213,0.0,14.01595744680851,,,0.0,0.0,1.0,0.75,各指標が比較的均衡
43367,熊本県,南関町,8299,12.049644535486204,45.31914893617021,0.0,19.44148936170213,0.0,14.01595744680851,,,0.0,0.0,1.0,0.75,整形外科密度が相対的に高く、手術活動が相対的に低い
43368,熊本県,長洲町,14572,6.862475981334065,19.414893617021274,0.0,19.44148936170213,5.489980785067252,31.329787234042556,0.0,3.551336146272855,0.16666666666666666,0.0,0.8333333333333334,1.0,手術活動が相対的に高く、一般病床が相対的に低い
43369,熊本県,和水町,8535,11.716461628588167,43.723404255319146,0.0,19.44148936170213,26.947861745752782,37.6063829787234,57.41066198008201,42.05344585091421,0.3333333333333333,0.0,0.6666666666666666,1.0,整形外科密度が相対的に高く、MRI密度が相対的に低い
43403,熊本県,大津町,36213,11.045757048573718,39.62765957446808,0.0,19.44148936170213,0.0,14.01595744680851,5.522878524286859,7.313642756680731,0.045454545454545456,0.18181818181818182,0.7727272727272727,1.0,整形外科密度が相対的に高く、一般病床が相対的に低い
43404,熊本県,菊陽町,45200,19.911504424778762,80.26595744680851,0.6637168141592921,82.4468085106383,648.6725663716813,84.20212765957447,126.76991150442478,86.9901547116737,0.125,0.075,0.8,1.0,各指標が比較的均衡
43423,熊本県,南小国町,3503,0.0,7.659574468085106,0.0,19.44148936170213,0.0,14.01595744680851,,,0.0,0.0,1.0,0.75,各指標が比較的均衡
43424,熊本県,小国町,6007,33.2944897619444,94.9468085106383,1.66472448809722,98.45744680851064,19.97669385716664,36.06382978723404,108.20709172631929,80.80168776371308,0.3333333333333333,0.0,0.6666666666666666,1.0,MRI密度が相対的に高く、手術活動が相対的に低い
43425,熊本県,産山村,1237,0.0,7.659574468085106,0.0,19.44148936170213,0.0,14.01595744680851,,,0.0,0.0,1.0,0.75,各指標が比較的均衡
43428,熊本県,高森町,5333,0.0,7.659574468085106,0.0,19.44148936170213,0.0,14.01595744680851,,,0.0,0.0,1.0,0.75,各指標が比較的均衡
43432,熊本県,西原村,6415,0.0,7.659574468085106,0.0,19.44148936170213,0.0,14.01595744680851,,,0.0,0.0,1.0,0.75,各指標が比較的均衡
43433,熊本県,南阿蘇村,9315,21.470746108427267,83.98936170212767,1.0735373054213633,93.56382978723404,21.470746108427267,36.38297872340426,60.118089103596354,44.936708860759495,0.16666666666666666,0.0,0.8333333333333334,1.0,MRI密度が相対的に高く、手術活動が相対的に低い
43441,熊本県,御船町,16424,12.177301509985387,46.01063829787234,0.0,19.44148936170213,0.0,14.01595744680851,0.0,3.551336146272855,0.09090909090909091,0.2727272727272727,0.6363636363636364,1.0,整形外科密度が相対的に高く、一般病床が相対的に低い
43442,熊本県,嘉島町,9636,20.755500207555002,82.81914893617022,1.03777501037775,93.08510638297872,594.6450809464508,81.96808510638299,114.15525114155251,83.26300984528832,0.125,0.0625,0.8125,1.0,各指標が比較的均衡
43443,熊本県,益城町,32802,12.19437839156149,46.22340425531915,0.0,19.44148936170213,8.231205414304005,32.659574468085104,0.0,3.551336146272855,0.2,0.05,0.75,1.0,整形外科密度が相対的に高く、一般病床が相対的に低い
43444,熊本県,甲佐町,9612,10.403662089055349,34.9468085106383,0.0,19.44148936170213,64.50270495214316,43.56382978723404,40.574282147315856,25.59774964838256,0.4,0.0,0.6,1.0,手術活動が相対的に高く、MRI密度が相対的に低い
43447,熊本県,山都町,11830,25.359256128486898,89.09574468085107,1.6906170752324599,98.51063829787235,134.40405748098055,50.15957446808511,98.90109890109889,76.23066104078762,0.3333333333333333,0.1111111111111111,0.5555555555555556,1.0,MRI密度が相対的に高く、手術活動が相対的に低い
43468,熊本県,氷川町,10244,19.52362358453729,79.09574468085107,0.0,19.44148936170213,123.9750097618118,48.77659574468085,57.594689574385,42.264416315049225,0.2,0.0,0.8,1.0,整形外科密度が相対的に高く、MRI密度が相対的に低い
43482,熊本県,芦北町,13551,7.379529186037931,20.851063829787233,0.0,19.44148936170213,6.641576267434138,31.80851063829787,151.28034831377758,91.84247538677918,0.21428571428571427,0.35714285714285715,0.42857142857142855,1.0,一般病床が相対的に高く、MRI密度が相対的に低い
43484,熊本県,津奈木町,3879,0.0,7.659574468085106,0.0,19.44148936170213,0.0,14.01595744680851,,,0.0,0.0,1.0,0.75,各指標が比較的均衡
43501,熊本県,錦町,9744,10.262725779967159,34.25531914893617,0.0,19.44148936170213,0.0,14.01595744680851,,,0.0,0.0,1.0,0.75,整形外科密度が相対的に高く、手術活動が相対的に低い
43505,熊本県,多良木町,8238,36.41660597232338,96.32978723404256,1.2138868657441126,95.15957446808511,979.6067006554988,93.35106382978722,216.07186210245203,96.41350210970464,0.125,0.0,0.875,1.0,各指標が比較的均衡
43506,熊本県,湯前町,3278,30.50640634533252,93.61702127659575,0.0,19.44148936170213,0.0,14.01595744680851,,,0.0,0.0,1.0,0.75,整形外科密度が相対的に高く、手術活動が相対的に低い
43507,熊本県,水上村,1831,0.0,7.659574468085106,0.0,19.44148936170213,0.0,14.01595744680851,,,0.0,0.0,1.0,0.75,各指標が比較的均衡
43510,熊本県,相良村,3630,0.0,7.659574468085106,0.0,19.44148936170213,0.0,14.01595744680851,,,0.0,0.0,1.0,0.75,各指標が比較的均衡
43511,熊本県,五木村,817,0.0,7.659574468085106,0.0,19.44148936170213,0.0,14.01595744680851,,,0.0,0.0,1.0,0.75,各指標が比較的均衡
43512,熊本県,山江村,2935,0.0,7.659574468085106,0.0,19.44148936170213,0.0,14.01595744680851,,,,,,0.75,各指標が比較的均衡
43513,熊本県,球磨村,1441,0.0,7.659574468085106,0.0,19.44148936170213,0.0,14.01595744680851,,,0.0,0.0,1.0,0.75,各指標が比較的均衡
43514,熊本県,あさぎり町,13566,7.371369600471768,20.79787234042553,0.0,19.44148936170213,2.2114108801415306,29.627659574468083,0.0,3.551336146272855,0.14285714285714285,0.0,0.8571428571428571,1.0,手術活動が相対的に高く、一般病床が相対的に低い
43531,熊本県,苓北町,6431,46.64904369460426,97.7127659574468,1.5549681231534753,97.76595744680851,419.8413932514383,72.2872340425532,298.5538796454673,98.94514767932489,0.6,0.0,0.4,1.0,一般病床が相対的に高く、手術活動が相対的に低い
44201,大分県,大分市,471405,12.515777304016716,47.76595744680851,0.5303295467803694,75.90425531914894,630.4981915762454,83.56382978723404,91.91671704797362,71.94092827004219,0.13533834586466165,0.19799498746867167,0.6666666666666666,1.0,手術活動が相対的に高く、整形外科密度が相対的に低い
44202,大分県,別府市,110673,18.071254958300578,74.68085106382979,0.9035627479150289,90.79787234042553,907.8094928302297,91.70212765957447,199.59701101442988,95.78059071729957,0.21428571428571427,0.23214285714285715,0.5535714285714286,1.0,一般病床が相対的に高く、整形外科密度が相対的に低い
44203,大分県,中津市,81159,12.321492379156963,46.702127659574465,0.7392895427494178,85.90425531914893,628.6425411845884,83.35106382978724,117.3006074495743,84.59915611814345,0.1746031746031746,0.15873015873015872,0.6666666666666666,1.0,MRI密度が相対的に高く、整形外科密度が相対的に低い
44204,大分県,日田市,58000,15.517241379310345,63.56382978723404,1.3793103448275863,96.48936170212767,575.1724137931035,81.01063829787233,103.10344827586206,78.41068917018285,0.2982456140350877,0.17543859649122806,0.5263157894736842,1.0,MRI密度が相対的に高く、整形外科密度が相対的に低い
44205,大分県,佐伯市,60638,19.789570896137736,79.9468085106383,0.824565454005739,89.04255319148936,716.0526402585838,86.64893617021276,107.68824829314951,80.59071729957806,0.14,0.14,0.72,1.0,各指標が比較的均衡
44206,大分県,臼杵市,32750,18.3206106870229,75.90425531914894,0.30534351145038163,54.840425531914896,148.0916030534351,50.90425531914894,60.458015267175576,45.358649789029535,0.13333333333333333,0.2,0.6666666666666666,1.0,整形外科密度が相対的に高く、一般病床が相対的に低い
44207,大分県,津久見市,14064,35.551763367463025,95.95744680851064,0.7110352673492605,84.41489361702128,214.02161547212742,56.17021276595745,85.32423208191126,67.22925457102671,0.06666666666666667,0.13333333333333333,0.8,1.0,整形外科密度が相対的に高く、手術活動が相対的に低い
44208,大分県,竹田市,17960,16.703786191536746,69.25531914893617,1.1135857461024499,94.04255319148936,336.85968819599105,65.69148936170212,94.09799554565703,73.41772151898735,0.14285714285714285,0.2857142857142857,0.5714285714285714,1.0,MRI密度が相対的に高く、手術活動が相対的に低い
44209,大分県,豊後高田市,21038,14.259910637893336,57.5531914893617,0.950660709192889,91.91489361702128,177.29822226447382,53.08510638297872,87.4607852457458,68.9873417721519,0.25,0.0,0.75,1.0,MRI密度が相対的に高く、手術活動が相対的に低い
44210,大分県,杵築市,25198,11.905706802127153,44.787234042553195,0.39685689340423846,64.30851063829788,146.04333677275974,50.744680851063826,78.5776648940392,61.60337552742617,0.16666666666666666,0.16666666666666666,0.6666666666666666,1.0,各指標が比較的均衡
44211,大分県,宇佐市,49743,20.10333112196691,80.85106382978722,0.40206662243933816,65.0,358.44239390467,67.12765957446808,61.71722654443841,46.554149085794656,0.16666666666666666,0.35714285714285715,0.47619047619047616,1.0,整形外科密度が相対的に高く、一般病床が相対的に低い
44212,大分県,豊後大野市,30363,13.173928794914863,51.54255319148936,0.6586964397457431,82.12765957446808,366.5645687185061,67.6063829787234,107.36751967855615,80.45007032348805,0.12,0.2,0.68,1.0,MRI密度が相対的に高く、整形外科密度が相対的に低い
44213,大分県,由布市,31568,25.342118601115054,89.04255319148936,1.2671059300557526,95.53191489361701,2516.472377090725,99.14893617021276,251.83730359858086,97.8902953586498,0.15,0.35,0.5,1.0,各指標が比較的均衡
44214,大分県,国東市,23895,20.924879681941828,83.03191489361701,0.41849759363883654,66.64893617021276,385.8547813350073,69.14893617021278,83.28102113412847,65.82278481012658,0.17647058823529413,0.23529411764705882,0.5882352941176471,1.0,各指標が比較的均衡
44322,大分県,姫島村,1484,0.0,7.659574468085106,0.0,19.44148936170213,0.0,14.01595744680851,,,0.0,1.0,0.0,0.75,各指標が比較的均衡
44341,大分県,日出町,27098,14.761236991659901,60.1063829787234,0.738061849582995,85.79787234042553,198.90766846261718,55.212765957446805,71.96103033434203,56.118143459915615,0.17647058823529413,0.11764705882352941,0.7058823529411765,1.0,MRI密度が相対的に高く、手術活動が相対的に低い
44461,大分県,九重町,7690,13.003901170351105,50.37234042553192,0.0,19.44148936170213,0.0,14.01595744680851,,,0.0,0.2,0.8,0.75,整形外科密度が相対的に高く、手術活動が相対的に低い
44462,大分県,玖珠町,12814,15.607928827844546,64.09574468085107,0.0,19.44148936170213,3.121585765568909,30.159574468085104,99.11034805681287,76.37130801687763,0.23076923076923078,0.15384615384615385,0.6153846153846154,1.0,一般病床が相対的に高く、MRI密度が相対的に低い
45201,宮崎県,宮崎市,396765,16.886570135974694,70.0,0.5040767204768566,73.88297872340426,791.4760626567363,89.30851063829788,85.23937343263646,67.15893108298172,0.09809264305177112,0.10626702997275204,0.7956403269754768,1.0,手術活動が相対的に高く、一般病床が相対的に低い
45202,宮崎県,都城市,154967,14.196570882833118,57.287234042553195,0.7743584117908974,87.2340425531915,892.9643085302032,91.43617021276596,112.28196970968011,82.70042194092827,0.2,0.2230769230769231,0.5769230769230769,1.0,手術活動が相対的に高く、整形外科密度が相対的に低い
45203,宮崎県,延岡市,110251,18.140425030158454,75.2127659574468,0.5442127509047537,76.86170212765957,451.6965832509456,74.41489361702128,80.54348713390355,63.43178621659634,0.17777777777777778,0.12222222222222222,0.7,1.0,各指標が比較的均衡
45204,宮崎県,日南市,46510,12.900451515803052,50.0531914893617,0.4300150505267684,68.45744680851064,470.2214577510213,75.42553191489361,128.3594925822404,87.41209563994374,0.16666666666666666,0.07142857142857142,0.7619047619047619,1.0,一般病床が相対的に高く、整形外科密度が相対的に低い
45205,宮崎県,小林市,41151,19.44059682632257,78.82978723404256,1.4580447619741925,97.12765957446808,533.1583679618964,78.93617021276596,105.46523778279993,79.60618846694796,0.36666666666666664,0.13333333333333333,0.5,1.0,各指標が比較的均衡
45206,宮崎県,日向市,55965,19.65514160636112,79.62765957446808,0.35736621102474764,60.39893617021277,190.11882426516573,54.04255319148936,41.45448047887072,26.371308016877638,0.15384615384615385,0.1794871794871795,0.6666666666666666,1.0,整形外科密度が相対的に高く、一般病床が相対的に低い
45207,宮崎県,串間市,14835,26.96326255476913,90.90425531914894,0.6740815638692282,83.13829787234043,188.74283788338388,53.98936170212766,81.5638692281766,64.41631504922644,0.18181818181818182,0.0,0.8181818181818182,1.0,整形外科密度が相対的に高く、手術活動が相対的に低い
45208,宮崎県,西都市,26518,30.16818764612716,93.40425531914893,0.754204691153179,86.54255319148936,170.07315785504184,52.659574468085104,70.14103627724565,54.57102672292545,0.17391304347826086,0.17391304347826086,0.6521739130434783,1.0,整形外科密度が相対的に高く、手術活動が相対的に低い
45209,宮崎県,えびの市,15645,12.783636944710771,49.148936170212764,0.0,19.44148936170213,9.587727708533077,33.351063829787236,53.69127516778523,38.466947960618846,0.07142857142857142,0.2857142857142857,0.6428571428571429,1.0,整形外科密度が相対的に高く、MRI密度が相対的に低い
45341,宮崎県,三股町,25393,3.9380931752845276,15.74468085106383,0.0,19.44148936170213,0.0,14.01595744680851,0.0,3.551336146272855,0.07142857142857142,0.07142857142857142,0.8571428571428571,1.0,各指標が比較的均衡
45361,宮崎県,高原町,7956,0.0,7.659574468085106,0.0,19.44148936170213,56.56108597285068,42.23404255319149,70.38712921065863,54.9929676511955,0.3333333333333333,0.3333333333333333,0.3333333333333333,1.0,一般病床が相対的に高く、整形外科密度が相対的に低い
45382,宮崎県,国富町,17235,17.40644038294169,72.07446808510637,0.0,19.44148936170213,35.39309544531477,39.09574468085106,26.109660574412533,14.556962025316455,0.18181818181818182,0.2727272727272727,0.5454545454545454,1.0,整形外科密度が相対的に高く、一般病床が相対的に低い
45383,宮崎県,綾町,6638,0.0,7.659574468085106,0.0,19.44148936170213,0.0,14.01595744680851,,,0.0,0.0,1.0,0.75,各指標が比較的均衡
45401,宮崎県,高鍋町,18976,10.539629005059021,36.11702127659574,0.5269814502529511,75.58510638297872,84.84401349072513,45.37234042553192,61.65682967959528,46.48382559774965,0.1111111111111111,0.1111111111111111,0.7777777777777778,1.0,MRI密度が相対的に高く、整形外科密度が相対的に低い
45402,宮崎県,新富町,15746,6.350819255683984,18.138297872340424,0.0,19.44148936170213,0.0,14.01595744680851,,,0.0,0.0,1.0,0.75,各指標が比較的均衡
45403,宮崎県,西米良村,886,112.8668171557562,99.7872340425532,0.0,19.44148936170213,0.0,14.01595744680851,,,0.0,0.5,0.5,0.75,整形外科密度が相対的に高く、手術活動が相対的に低い
45404,宮崎県,木城町,4596,0.0,7.659574468085106,0.0,19.44148936170213,0.0,14.01595744680851,,,0.0,0.0,1.0,0.75,各指標が比較的均衡
45405,宮崎県,川南町,14213,35.17906142264125,95.74468085106383,1.4071624569056496,96.64893617021276,615.6335748962217,82.76595744680851,218.81376204882855,96.62447257383965,0.2857142857142857,0.14285714285714285,0.5714285714285714,1.0,各指標が比較的均衡
45406,宮崎県,都農町,9238,10.824853864472828,38.61702127659574,0.0,19.44148936170213,32.474561593418485,38.297872340425535,66.03160857328426,50.56258790436006,0.25,0.0,0.75,1.0,一般病床が相対的に高く、MRI密度が相対的に低い
45421,宮崎県,門川町,16305,12.266176019625881,46.38297872340426,0.613308800981294,79.9468085106383,581.4167433302669,81.17021276595744,63.170806501073294,48.0309423347398,0.42857142857142855,0.0,0.5714285714285714,1.0,手術活動が相対的に高く、整形外科密度が相対的に低い
45429,宮崎県,諸塚村,1312,0.0,7.659574468085106,0.0,19.44148936170213,0.0,14.01595744680851,,,0.0,1.0,0.0,0.75,各指標が比較的均衡
45430,宮崎県,椎葉村,2155,46.403712296983755,97.65957446808511,0.0,19.44148936170213,32.48259860788863,38.351063829787236,139.21113689095128,89.31082981715893,1.0,0.0,0.0,1.0,整形外科密度が相対的に高く、MRI密度が相対的に低い
45431,宮崎県,美郷町,4233,47.24781478856603,97.87234042553192,0.0,19.44148936170213,94.49562957713205,46.27659574468085,68.50933144342073,53.023909985935305,0.3333333333333333,0.3333333333333333,0.3333333333333333,1.0,整形外科密度が相対的に高く、MRI密度が相対的に低い
45441,宮崎県,高千穂町,10302,9.706853038245,30.585106382978722,0.9706853038245001,92.18085106382978,145.60279557367502,50.638297872340424,0.0,3.551336146272855,0.4,0.0,0.6,1.0,MRI密度が相対的に高く、一般病床が相対的に低い
45442,宮崎県,日之影町,3235,0.0,7.659574468085106,0.0,19.44148936170213,24.72952086553323,37.07446808510638,,,1.0,0.0,0.0,0.75,手術活動が相対的に高く、整形外科密度が相対的に低い
45443,宮崎県,五ヶ瀬町,3090,32.362459546925564,94.36170212765957,0.0,19.44148936170213,19.41747572815534,36.01063829787234,103.55987055016182,78.76230661040788,1.0,0.0,0.0,1.0,整形外科密度が相対的に高く、MRI密度が相対的に低い
46201,鹿児島県,鹿児島市,583222,13.888364979373206,55.797872340425535,0.7372835729790714,85.74468085106382,908.6591383726951,91.75531914893617,105.22579738075724,79.53586497890295,0.15514018691588785,0.15700934579439252,0.6878504672897197,1.0,手術活動が相対的に高く、整形外科密度が相対的に低い
46203,鹿児島県,鹿屋市,96269,14.542583801639157,58.829787234042556,0.7271291900819579,85.0,675.606893184722,85.15957446808511,127.45535946150889,87.0604781997187,0.19402985074626866,0.26865671641791045,0.5373134328358209,1.0,一般病床が相対的に高く、整形外科密度が相対的に低い
46204,鹿児島県,枕崎市,18370,27.218290691344585,91.06382978723404,1.6330974414806751,98.13829787234043,387.5884594447469,69.20212765957446,149.7005988023952,91.13924050632912,0.5333333333333333,0.0,0.4666666666666667,1.0,MRI密度が相対的に高く、手術活動が相対的に低い
46206,鹿児島県,阿久根市,17187,17.455053237912377,72.3936170212766,1.1636702158608252,94.68085106382979,933.8453482283121,92.23404255319149,116.3670215860825,84.52883263009845,0.23076923076923078,0.15384615384615385,0.6153846153846154,1.0,MRI密度が相対的に高く、整形外科密度が相対的に低い
46208,鹿児島県,出水市,49555,10.089799212995661,33.13829787234043,0.4035919685198264,65.1595744680851,254.8683281202704,59.840425531914896,51.8615679547977,36.77918424753868,0.13157894736842105,0.23684210526315788,0.631578947368421,1.0,MRI密度が相対的に高く、整形外科密度が相対的に低い
46210,鹿児島県,指宿市,36313,22.03067771872332,84.73404255319149,1.101533885936166,93.98936170212767,364.0569493019029,67.4468085106383,80.68735714482416,63.71308016877637,0.24242424242424243,0.2727272727272727,0.48484848484848486,1.0,MRI密度が相対的に高く、一般病床が相対的に低い
46213,鹿児島県,西之表市,13571,14.737307493920861,60.0,0.7368653746960431,85.69148936170212,532.016800530543,78.88297872340425,137.056959693464,88.88888888888889,0.4,0.2,0.4,1.0,一般病床が相対的に高く、整形外科密度が相対的に低い
46214,鹿児島県,垂水市,12426,16.095284081764042,66.72872340425532,0.8047642040882022,88.45744680851064,251.08643167551907,59.62765957446808,73.2335425720264,57.24331926863573,0.125,0.375,0.5,1.0,MRI密度が相対的に高く、一般病床が相対的に低い
46215,鹿児島県,薩摩川内市,88422,20.35692474723485,81.64893617021278,0.4523761054941078,70.37234042553192,409.8527515776617,71.32978723404256,69.21354414059849,53.79746835443038,0.13253012048192772,0.1927710843373494,0.6746987951807228,1.0,整形外科密度が相対的に高く、一般病床が相対的に低い
46216,鹿児島県,日置市,45054,24.415146268921735,88.40425531914894,0.6658676255160474,82.5,249.47840369334577,59.41489361702128,63.2574244240245,48.24191279887483,0.23076923076923078,0.15384615384615385,0.6153846153846154,1.0,整形外科密度が相対的に高く、一般病床が相対的に低い
46217,鹿児島県,曽於市,29818,23.475752900932324,86.96808510638297,0.6707357971694949,82.87234042553192,248.8429807498826,59.361702127659576,86.8602857334496,68.63572433192687,0.35714285714285715,0.14285714285714285,0.5,1.0,整形外科密度が相対的に高く、手術活動が相対的に低い
46218,鹿児島県,霧島市,120392,13.289919595986445,52.4468085106383,0.41530998737457636,66.17021276595744,299.3554388995947,63.45744680851064,57.14665426274171,41.77215189873418,0.16483516483516483,0.2087912087912088,0.6263736263736264,1.0,MRI密度が相対的に高く、一般病床が相対的に低い
46219,鹿児島県,いちき串木野市,25375,11.822660098522167,44.361702127659576,0.39408866995073893,63.829787234042556,249.85221674876848,59.468085106382986,72.51231527093596,56.540084388185655,0.23076923076923078,0.34615384615384615,0.4230769230769231,1.0,各指標が比較的均衡
46220,鹿児島県,南さつま市,30324,26.38174383326738,90.1595744680851,0.6595435958316844,82.23404255319149,272.72127687640153,61.54255319148936,110.80332409972299,81.92686357243319,0.22580645161290322,0.2903225806451613,0.4838709677419355,1.0,整形外科密度が相対的に高く、手術活動が相対的に低い
46221,鹿児島県,志布志市,26797,22.390566108146437,85.26595744680851,0.37317610180244054,61.91489361702127,0.0,14.01595744680851,22.390566108146434,13.291139240506327,0.15,0.15,0.7,1.0,整形外科密度が相対的に高く、一般病床が相対的に低い
46222,鹿児島県,奄美市,38904,28.27472753444376,92.23404255319149,0.5140859551717046,74.46808510638297,720.74850915073,86.86170212765958,99.73267530331071,76.58227848101265,0.23333333333333334,0.1,0.6666666666666666,1.0,各指標が比較的均衡
46223,鹿児島県,南九州市,29450,16.977928692699493,70.37234042553192,0.3395585738539898,58.484042553191486,69.26994906621393,43.88297872340425,39.38879456706282,24.47257383966245,0.21739130434782608,0.13043478260869565,0.6521739130434783,1.0,整形外科密度が相対的に高く、一般病床が相対的に低い
46224,鹿児島県,伊佐市,22048,18.1422351233672,75.2659574468085,1.8142235123367199,98.82978723404256,226.3243831640058,57.3936170212766,103.8642960812772,78.83263009845288,0.3157894736842105,0.42105263157894735,0.2631578947368421,1.0,MRI密度が相対的に高く、手術活動が相対的に低い
46225,鹿児島県,姶良市,75531,18.535435781334815,76.59574468085107,0.7943758192000635,88.13829787234042,223.61679310481787,57.02127659574469,119.4211648197429,85.0210970464135,0.16417910447761194,0.208955223880597,0.6268656716417911,1.0,MRI密度が相対的に高く、手術活動が相対的に低い
46303,鹿児島県,三島村,338,0.0,7.659574468085106,0.0,19.44148936170213,0.0,14.01595744680851,,,0.0,0.0,1.0,0.75,各指標が比較的均衡
46304,鹿児島県,十島村,695,0.0,7.659574468085106,0.0,19.44148936170213,0.0,14.01595744680851,,,0.0,0.0,1.0,0.75,各指標が比較的均衡
46392,鹿児島県,さつま町,17573,28.45273999886189,92.3936170212766,1.1381095999544757,94.41489361702128,92.75593239628977,45.95744680851064,114.94906959540204,83.68495077355837,0.1875,0.125,0.6875,1.0,MRI密度が相対的に高く、手術活動が相対的に低い
46404,鹿児島県,長島町,8980,0.0,7.659574468085106,0.0,19.44148936170213,0.0,14.01595744680851,,,0.0,0.3333333333333333,0.6666666666666666,0.75,各指標が比較的均衡
46452,鹿児島県,湧水町,8236,12.141816415735793,45.744680851063826,1.2141816415735793,95.2127659574468,0.0,14.01595744680851,0.0,3.551336146272855,0.16666666666666666,0.3333333333333333,0.5,1.0,MRI密度が相対的に高く、一般病床が相対的に低い
46468,鹿児島県,大崎町,11467,0.0,7.659574468085106,0.0,19.44148936170213,0.0,14.01595744680851,,,0.0,0.3333333333333333,0.6666666666666666,0.75,各指標が比較的均衡
46482,鹿児島県,東串良町,5885,0.0,7.659574468085106,0.0,19.44148936170213,0.0,14.01595744680851,,,0.0,0.0,1.0,0.75,各指標が比較的均衡
46490,鹿児島県,錦江町,6071,32.943501894251355,94.7872340425532,1.6471750947125678,98.29787234042553,242.1347389227475,58.56382978723404,187.77796079723277,95.0773558368495,0.16666666666666666,0.0,0.8333333333333334,1.0,MRI密度が相対的に高く、手術活動が相対的に低い
46491,鹿児島県,南大隅町,5554,36.010082823190494,96.22340425531914,0.0,19.44148936170213,0.0,14.01595744680851,,,0.0,0.0,1.0,0.75,整形外科密度が相対的に高く、手術活動が相対的に低い
46492,鹿児島県,肝付町,12486,24.02691013935608,87.87234042553192,0.8008970046452026,88.35106382978724,610.2835175396444,82.5531914893617,112.12558065032836,82.63009845288326,0.2222222222222222,0.2222222222222222,0.5555555555555556,1.0,各指標が比較的均衡
46501,鹿児島県,中種子町,6968,14.351320321469576,57.819148936170215,0.0,19.44148936170213,0.0,14.01595744680851,,,0.0,0.0,1.0,0.75,整形外科密度が相対的に高く、手術活動が相対的に低い
46502,鹿児島県,南種子町,5042,19.833399444664817,80.0,0.0,19.44148936170213,7.933359777865927,32.5531914893617,119.0003966679889,84.9507735583685,0.5,0.0,0.5,1.0,一般病床が相対的に高く、MRI密度が相対的に低い
46505,鹿児島県,屋久島町,11129,8.985533291400843,27.4468085106383,0.8985533291400843,90.58510638297872,402.5518914547578,70.37234042553192,124.89891275047174,86.42756680731364,0.1,0.0,0.9,1.0,MRI密度が相対的に高く、整形外科密度が相対的に低い
46523,鹿児島県,大和村,1223,0.0,7.659574468085106,0.0,19.44148936170213,0.0,14.01595744680851,,,0.0,0.5,0.5,0.75,各指標が比較的均衡
46524,鹿児島県,宇検村,1512,0.0,7.659574468085106,0.0,19.44148936170213,0.0,14.01595744680851,,,0.0,0.0,1.0,0.75,各指標が比較的均衡
46525,鹿児島県,瀬戸内町,7918,12.62945188178833,48.138297872340424,1.2629451881788332,95.47872340425532,119.97979287698914,48.40425531914894,75.77671129072998,59.42334739803095,0.2857142857142857,0.14285714285714285,0.5714285714285714,1.0,MRI密度が相対的に高く、整形外科密度が相対的に低い
46527,鹿児島県,龍郷町,5670,0.0,7.659574468085106,0.0,19.44148936170213,0.0,14.01595744680851,,,0.0,0.0,1.0,0.75,各指標が比較的均衡
46529,鹿児島県,喜界町,6105,16.380016380016382,68.13829787234043,1.638001638001638,98.19148936170212,250.6142506142506,59.52127659574467,65.52006552006553,49.929676511954995,0.5,0.5,0.0,1.0,MRI密度が相対的に高く、一般病床が相対的に低い
46530,鹿児島県,徳之島町,9340,21.41327623126338,83.82978723404256,2.141327623126338,99.25531914893617,850.1070663811563,90.53191489361701,171.30620985010708,94.02250351617441,0.5,0.0,0.5,1.0,各指標が比較的均衡
46531,鹿児島県,天城町,5077,0.0,7.659574468085106,0.0,19.44148936170213,0.0,14.01595744680851,,,0.0,0.0,1.0,0.75,各指標が比較的均衡
46532,鹿児島県,伊仙町,5750,0.0,7.659574468085106,0.0,19.44148936170213,0.0,14.01595744680851,,,0.0,0.0,1.0,0.75,各指標が比較的均衡
46533,鹿児島県,和泊町,5807,17.220595832615807,71.32978723404256,0.0,19.44148936170213,0.0,14.01595744680851,,,0.0,0.3333333333333333,0.6666666666666666,0.75,整形外科密度が相対的に高く、手術活動が相対的に低い
46534,鹿児島県,知名町,5294,37.778617302606726,96.59574468085106,1.8889308651303363,98.88297872340426,498.67774839440875,77.07446808510639,113.33585190782017,82.9817158931083,0.3333333333333333,0.6666666666666666,0.0,1.0,MRI密度が相対的に高く、手術活動が相対的に低い
46535,鹿児島県,与論町,4824,20.729684908789388,82.65957446808511,2.0729684908789388,99.20212765957447,217.66169154228857,56.48936170212766,,,0.3333333333333333,0.3333333333333333,0.3333333333333333,0.75,MRI密度が相対的に高く、手術活動が相対的に低い
47201,沖縄県,那覇市,306282,16.324824834629524,67.76595744680851,0.3264964966925905,56.91489361702128,470.77529858104623,75.53191489361703,45.21976479192378,30.239099859353026,0.06772908366533864,0.06772908366533864,0.8645418326693227,1.0,手術活動が相対的に高く、一般病床が相対的に低い
47205,沖縄県,宜野湾市,101378,11.83688768766399,44.41489361702128,0.6904851151137328,83.82978723404256,648.7600860147172,84.25531914893617,36.00386671664464,22.22222222222222,0.07547169811320754,0.03773584905660377,0.8867924528301887,1.0,手術活動が相対的に高く、一般病床が相対的に低い
47207,沖縄県,石垣市,47732,16.760244699572613,69.41489361702128,0.4190061174893154,66.75531914893617,419.00611748931533,72.07446808510637,64.3174390346099,49.08579465541491,0.10344827586206896,0.10344827586206896,0.7931034482758621,1.0,手術活動が相対的に高く、一般病床が相対的に低い
47208,沖縄県,浦添市,116145,15.497869043006585,63.40425531914894,0.5165956347668862,74.94680851063829,634.2933402212751,83.72340425531914,51.83176202161092,36.708860759493675,0.08235294117647059,0.07058823529411765,0.8470588235294118,1.0,手術活動が相対的に高く、一般病床が相対的に低い
47209,沖縄県,名護市,64323,20.21050013214558,81.32978723404256,0.3109307712637781,55.319148936170215,560.1417844316964,80.2127659574468,85.50596209753898,67.58087201125176,0.12,0.04,0.84,1.0,整形外科密度が相対的に高く、MRI密度が相対的に低い
47210,沖縄県,糸満市,61465,9.761652973236801,31.382978723404253,0.16269421622061336,42.3936170212766,2.1150248108679737,29.361702127659573,0.0,3.551336146272855,0.17857142857142858,0.07142857142857142,0.75,1.0,MRI密度が相対的に高く、一般病床が相対的に低い
47211,沖縄県,沖縄市,141402,12.022460785561732,45.26595744680851,0.35360178781063917,60.1063829787234,383.5164990594193,68.93617021276596,49.22136886324097,34.31786216596343,0.11627906976744186,0.09302325581395349,0.7906976744186046,1.0,手術活動が相対的に高く、一般病床が相対的に低い
47212,沖縄県,豊見城市,65312,13.78000979911808,55.212765957446805,0.6124448799608035,79.8936170212766,1138.8412542871142,95.53191489361701,100.44096031357178,77.14486638537271,0.08163265306122448,0.02040816326530612,0.8979591836734694,1.0,手術活動が相対的に高く、整形外科密度が相対的に低い
47213,沖縄県,うるま市,126901,7.880158548790002,23.03191489361702,0.23640475646370004,48.29787234042553,399.1300304962136,70.1063829787234,46.65053860883681,31.434599156118143,0.1016949152542373,0.0,0.8983050847457628,1.0,手術活動が相対的に高く、整形外科密度が相対的に低い
47214,沖縄県,宮古島市,52340,13.374092472296523,52.712765957446805,0.38211692777990064,62.76595744680851,414.2147497134123,71.75531914893617,81.19984715322887,64.20534458509141,0.11764705882352941,0.14705882352941177,0.7352941176470589,1.0,各指標が比較的均衡
47215,沖縄県,南城市,45359,6.61390242289292,18.77659574468085,0.0,19.44148936170213,9.92085363433938,33.45744680851064,,,0.0625,0.0,0.9375,0.75,各指標が比較的均衡
47301,沖縄県,国頭村,4219,0.0,7.659574468085106,0.0,19.44148936170213,0.0,14.01595744680851,,,0.0,0.0,1.0,0.75,各指標が比較的均衡
47302,沖縄県,大宜味村,2941,0.0,7.659574468085106,0.0,19.44148936170213,0.0,14.01595744680851,,,0.0,0.0,1.0,0.75,各指標が比較的均衡
47303,沖縄県,東村,1517,0.0,7.659574468085106,0.0,19.44148936170213,0.0,14.01595744680851,,,0.0,0.0,1.0,0.75,各指標が比較的均衡
47306,沖縄県,今帰仁村,8527,23.454907939486336,86.91489361702128,0.0,19.44148936170213,0.0,14.01595744680851,0.0,3.551336146272855,0.5,0.0,0.5,1.0,整形外科密度が相対的に高く、一般病床が相対的に低い
47308,沖縄県,本部町,11954,8.365400702693659,25.053191489361705,0.0,19.44148936170213,0.8365400702693659,28.617021276595743,0.0,3.551336146272855,0.5,0.0,0.5,1.0,手術活動が相対的に高く、一般病床が相対的に低い
47311,沖縄県,恩納村,11074,0.0,7.659574468085106,0.0,19.44148936170213,0.0,14.01595744680851,,,0.0,0.0,1.0,0.75,各指標が比較的均衡
47313,沖縄県,宜野座村,5990,16.69449081803005,69.20212765957446,0.0,19.44148936170213,5.0083472454090145,31.27659574468085,,,1.0,0.0,0.0,0.75,整形外科密度が相対的に高く、MRI密度が相対的に低い
47314,沖縄県,金武町,10762,18.58390633711206,76.86170212765957,0.9291953168556031,91.43617021276596,0.0,14.01595744680851,0.0,3.551336146272855,0.16666666666666666,0.0,0.8333333333333334,1.0,MRI密度が相対的に高く、一般病床が相対的に低い
47315,沖縄県,伊江村,3863,25.88661661920787,89.73404255319149,0.0,19.44148936170213,0.0,14.01595744680851,,,0.0,0.0,1.0,0.75,整形外科密度が相対的に高く、手術活動が相対的に低い
47324,沖縄県,読谷村,41473,2.4112072914908493,15.372340425531917,0.0,19.44148936170213,0.0,14.01595744680851,,,0.0,0.047619047619047616,0.9523809523809523,0.75,各指標が比較的均衡
47325,沖縄県,嘉手納町,13020,15.360983102918587,62.65957446808511,0.7680491551459293,87.02127659574468,114.43932411674348,47.97872340425532,30.721966205837173,18.07313642756681,0.25,0.0,0.75,1.0,MRI密度が相対的に高く、一般病床が相対的に低い
47326,沖縄県,北谷町,28125,10.666666666666666,37.287234042553195,0.0,19.44148936170213,0.711111111111111,28.45744680851064,0.0,3.551336146272855,0.13333333333333333,0.06666666666666667,0.8,1.0,整形外科密度が相対的に高く、一般病床が相対的に低い
47327,沖縄県,北中城村,18549,10.782252412528978,38.244680851063826,1.0782252412528976,93.67021276595744,2883.713407730875,99.41489361702128,249.0700307294194,97.74964838255977,0.3333333333333333,0.0,0.6666666666666666,1.0,手術活動が相対的に高く、整形外科密度が相対的に低い
47328,沖縄県,中城村,22990,4.349717268377556,16.117021276595743,0.8699434536755112,89.9468085106383,2076.9899956502827,98.40425531914893,160.93953892996956,93.31926863572433,0.18181818181818182,0.0,0.8181818181818182,1.0,手術活動が相対的に高く、整形外科密度が相対的に低い
47329,沖縄県,西原町,34834,8.612275363150944,26.063829787234045,0.0,19.44148936170213,0.0,14.01595744680851,171.67135557214215,94.09282700421942,0.045454545454545456,0.045454545454545456,0.9090909090909091,1.0,一般病床が相対的に高く、手術活動が相対的に低い
47348,沖縄県,与那原町,20510,19.502681618722573,78.98936170212765,0.9751340809361287,92.2872340425532,345.6850316918576,66.27659574468086,46.80643588493418,31.856540084388186,0.1,0.0,0.9,1.0,MRI密度が相対的に高く、一般病床が相対的に低い
47350,沖縄県,南風原町,41514,16.861781567663922,69.84042553191489,0.7226477814713109,84.8404255319149,1111.9140530905238,95.37234042553192,104.30216312569254,78.9732770745429,0.17142857142857143,0.05714285714285714,0.7714285714285715,1.0,手術活動が相対的に高く、整形外科密度が相対的に低い
47353,沖縄県,渡嘉敷村,649,0.0,7.659574468085106,0.0,19.44148936170213,0.0,14.01595744680851,,,0.0,0.0,1.0,0.75,各指標が比較的均衡
47354,沖縄県,座間味村,828,0.0,7.659574468085106,0.0,19.44148936170213,0.0,14.01595744680851,,,0.0,0.0,1.0,0.75,各指標が比較的均衡
47355,沖縄県,粟国村,623,0.0,7.659574468085106,0.0,19.44148936170213,0.0,14.01595744680851,,,0.0,0.0,1.0,0.75,各指標が比較的均衡
47356,沖縄県,渡名喜村,315,0.0,7.659574468085106,0.0,19.44148936170213,0.0,14.01595744680851,,,0.0,0.0,1.0,0.75,各指標が比較的均衡
47357,沖縄県,南大東村,1207,0.0,7.659574468085106,0.0,19.44148936170213,0.0,14.01595744680851,,,0.0,0.0,1.0,0.75,各指標が比較的均衡
47358,沖縄県,北大東村,563,0.0,7.659574468085106,0.0,19.44148936170213,0.0,14.01595744680851,,,0.0,0.0,1.0,0.75,各指標が比較的均衡
47359,沖縄県,伊平屋村,1013,0.0,7.659574468085106,0.0,19.44148936170213,0.0,14.01595744680851,,,0.0,0.0,1.0,0.75,各指標が比較的均衡
47360,沖縄県,伊是名村,1236,0.0,7.659574468085106,0.0,19.44148936170213,0.0,14.01595744680851,,,0.0,0.0,1.0,0.75,各指標が比較的均衡
47361,沖縄県,久米島町,6618,15.11030522816561,61.755319148936174,0.0,19.44148936170213,0.0,14.01595744680851,60.44122091266244,45.28832630098453,0.5,0.0,0.5,1.0,整形外科密度が相対的に高く、手術活動が相対的に低い
47362,沖縄県,八重瀬町,32232,9.307520476545049,28.56382978723404,0.3102506825515016,55.265957446808514,1102.0104244229337,95.15957446808511,110.75949367088607,81.85654008438819,0.08333333333333333,0.08333333333333333,0.8333333333333334,1.0,手術活動が相対的に高く、整形外科密度が相対的に低い
47375,沖縄県,多良間村,977,0.0,7.659574468085106,0.0,19.44148936170213,0.0,14.01595744680851,,,0.0,0.0,1.0,0.75,各指標が比較的均衡
47381,沖縄県,竹富町,3754,0.0,7.659574468085106,0.0,19.44148936170213,0.0,14.01595744680851,,,0.0,0.0,1.0,0.75,各指標が比較的均衡
47382,沖縄県,与那国町,1552,0.0,7.659574468085106,0.0,19.44148936170213,0.0,14.01595744680851,,,0.0,1.0,0.0,0.75,各指標が比較的均衡
22138,静岡県,浜松市中央区,595838,10.573343761223688,36.38297872340426,0.0,19.44148936170213,0.0,14.01595744680851,68.7099513626187,53.37552742616034,0.04449152542372881,0.036016949152542374,0.9194915254237288,1.0,一般病床が相対的に高く、手術活動が相対的に低い
22139,静岡県,浜松市浜名区,152222,9.854028983983918,31.80851063829787,0.0,19.44148936170213,0.0,14.01595744680851,43.68619516232871,28.48101265822785,0.07954545454545454,0.07954545454545454,0.8409090909090909,1.0,各指標が比較的均衡
22140,静岡県,浜松市天竜区,24194,28.932793254525915,92.81914893617021,0.0,19.44148936170213,0.0,14.01595744680851,14.879722245184755,9.282700421940929,0.09090909090909091,0.09090909090909091,0.8181818181818182,1.0,整形外科密度が相対的に高く、一般病床が相対的に低い
