region_code,prefecture,area_name,pop2025,internal_general_facility_count,internal_general_per_100k,cardiology_facility_count,cardiology_per_100k,gastroenterology_facility_count,gastroenterology_per_100k,respiratory_facility_count,respiratory_per_100k,nephrology_facility_count,nephrology_per_100k,diabetes_metabolic_facility_count,diabetes_metabolic_per_100k,neurology_facility_count,neurology_per_100k,hematology_facility_count,hematology_per_100k
01101,北海道,札幌市中央区,257249,205,79.68932823839937,42,16.32659407811109,63,24.489891117166636,23,8.940753899917977,13,5.053469595605814,24,9.329482330349194,11,4.276012734743381,6,2.3323705825872985
01102,北海道,札幌市北区,290125,102,35.157259801809566,26,8.96165445928479,38,13.097802671262386,17,5.859543300301594,3,1.034037052994399,7,2.4127531236535975,10,3.4467901766479963,3,1.034037052994399
01103,北海道,札幌市東区,265235,84,31.670028465323202,28,10.556676155107736,30,11.310724451901145,17,6.409410522743981,11,4.1472656323637525,10,3.770241483967048,9,3.3932173355703434,2,0.7540482967934096
01104,北海道,札幌市白石区,212421,75,35.307243634103976,28,13.18137095673215,31,14.593660702096308,16,7.532211975275514,6,2.8245794907283175,3,1.4122897453641587,3,1.4122897453641587,3,1.4122897453641587
01105,北海道,札幌市豊平区,226015,81,35.83832931442603,21,9.29141871114749,26,11.503661261420701,11,4.866933610601066,6,2.6546910603278544,6,2.6546910603278544,11,4.866933610601066,1,0.44244851005464236
01106,北海道,札幌市南区,129828,43,33.12074436947346,9,6.9322488215177,14,10.783498166805312,5,3.8512493452876115,6,4.621499214345134,3,2.310749607172567,4,3.080999476230089,1,0.7702498690575222
01107,北海道,札幌市西区,217110,89,40.993045000230296,24,11.054304269725023,31,14.278476348394824,14,6.448344157339597,8,3.6847680899083417,8,3.6847680899083417,11,5.06655612362397,1,0.4605960112385427
01108,北海道,札幌市厚別区,121699,44,36.154775306288464,16,13.147191020468533,18,14.790589898027099,3,2.46509831633785,5,4.108497193896417,2,1.6433988775585666,2,1.6433988775585666,2,1.6433988775585666
01109,北海道,札幌市手稲区,140492,46,32.74207784073115,13,9.253195911510977,16,11.388548814167356,6,4.270705805312758,5,3.5589215044272984,5,3.5589215044272984,4,2.847137203541839,1,0.7117843008854597
01110,北海道,札幌市清田区,109970,39,35.46421751386742,14,12.73074474856779,14,12.73074474856779,6,5.45603346367191,4,3.63735564244794,3,2.728016731835955,2,1.81867782122397,2,1.81867782122397
01202,北海道,函館市,232771,120,51.55281370961159,48,20.621125483844637,57,24.487586512065505,37,15.895450893796907,6,2.5776406854805796,11,4.7256745900477295,12,5.155281370961159,3,1.2888203427402898
01203,北海道,小樽市,101222,57,56.311868961292994,20,19.758550512734384,25,24.69818814091798,9,8.891347730730473,6,5.927565153820315,3,2.9637825769101576,6,5.927565153820315,1,0.9879275256367194
01204,北海道,旭川市,313406,127,40.52251711837042,48,15.31559702111638,50,15.953746896996229,34,10.848547889957436,9,2.871674441459321,16,5.105199007038793,10,3.1907493793992456,6,1.9144496276395475
01205,北海道,室蘭市,74850,29,38.74415497661991,10,13.360053440213761,10,13.360053440213761,5,6.680026720106881,4,5.344021376085504,3,4.008016032064128,4,5.344021376085504,1,1.336005344021376
01206,北海道,釧路市,152475,51,33.448106246925725,13,8.52598786686342,16,10.493523528447286,6,3.935071323167733,0,0.0,2,1.3116904410559107,4,2.6233808821118214,1,0.6558452205279554
01207,北海道,帯広市,161312,62,38.43483435826225,20,12.398333663955565,24,14.878000396746678,11,6.819083515175561,5,3.0995834159888913,3,1.8597500495933348,9,5.579250148780004,1,0.6199166831977783
01208,北海道,北見市,109738,40,36.45045471942262,14,12.75765915179792,13,11.846397783812353,6,5.467568207913394,2,1.8225227359711311,1,0.9112613679855656,1,0.9112613679855656,0,0.0
01209,北海道,夕張市,6065,3,49.464138499587804,1,16.488046166529266,1,16.488046166529266,0,0.0,0,0.0,0,0.0,0,0.0,0,0.0
01210,北海道,岩見沢市,73202,35,47.812901286850085,8,10.92866315128002,11,15.026911833010027,9,12.294746045190022,2,2.732165787820005,0,0.0,1,1.3660828939100025,0,0.0
01211,北海道,網走市,32092,12,37.39249657235448,5,15.580206905147701,6,18.69624828617724,3,9.34812414308862,1,3.1160413810295404,0,0.0,0,0.0,0,0.0
01212,北海道,留萌市,17642,8,45.34633261534974,3,17.00487473075615,3,17.00487473075615,2,11.336583153837434,1,5.668291576918717,0,0.0,0,0.0,0,0.0
01213,北海道,苫小牧市,164613,44,26.729359163614053,16,9.719766968586928,20,12.149708710733659,7,4.252398048756781,0,0.0,5,3.0374271776834147,4,2.429941742146732,1,0.607485435536683
01214,北海道,稚内市,30288,10,33.01637612255679,2,6.603275224511358,3,9.904912836767037,0,0.0,0,0.0,0,0.0,1,3.301637612255679,1,3.301637612255679
01215,北海道,美唄市,18068,8,44.27717511622758,3,16.603940668585345,2,11.069293779056895,0,0.0,0,0.0,0,0.0,0,0.0,0,0.0
01216,北海道,芦別市,10671,4,37.484771811451594,1,9.371192952862899,0,0.0,1,9.371192952862899,0,0.0,0,0.0,0,0.0,0,0.0
01217,北海道,江別市,118449,36,30.39282729275891,14,11.81943283607291,15,12.663678038649545,12,10.130942430919637,2,1.6884904051532728,3,2.5327356077299092,2,1.6884904051532728,0,0.0
01218,北海道,赤平市,8332,3,36.00576092174748,0,0.0,0,0.0,0,0.0,0,0.0,0,0.0,1,12.00192030724916,0,0.0
01219,北海道,紋別市,19510,8,41.00461301896463,3,15.376729882111736,2,10.251153254741158,2,10.251153254741158,0,0.0,0,0.0,1,5.125576627370579,0,0.0
01220,北海道,士別市,15695,7,44.600191143676334,1,6.371455877668048,1,6.371455877668048,1,6.371455877668048,0,0.0,0,0.0,0,0.0,0,0.0
01221,北海道,名寄市,25202,8,31.743512419649235,2,7.935878104912309,4,15.871756209824618,1,3.9679390524561544,0,0.0,1,3.9679390524561544,1,3.9679390524561544,0,0.0
01222,北海道,三笠市,7012,3,42.783799201369085,1,14.261266400456359,0,0.0,0,0.0,0,0.0,0,0.0,0,0.0,0,0.0
01223,北海道,根室市,22317,7,31.366223058654835,2,8.961778016758524,2,8.961778016758524,1,4.480889008379262,0,0.0,0,0.0,0,0.0,0,0.0
01224,北海道,千歳市,97797,33,33.74336636093132,10,10.22526253361555,9,9.202736280253996,4,4.0901050134462205,2,2.0450525067231102,0,0.0,1,1.0225262533615551,0,0.0
01225,北海道,滝川市,36802,14,38.04141079289169,4,10.86897451225477,5,13.58621814031846,2,5.434487256127385,1,2.7172436280636925,1,2.7172436280636925,0,0.0,0,0.0
01226,北海道,砂川市,14916,5,33.521051220166264,2,13.408420488066506,3,20.112630732099756,1,6.704210244033253,0,0.0,0,0.0,1,6.704210244033253,0,0.0
01227,北海道,歌志内市,2443,1,40.93327875562832,0,0.0,0,0.0,0,0.0,0,0.0,0,0.0,0,0.0,0,0.0
01228,北海道,深川市,17824,11,61.7145421903052,3,16.831238779174146,8,44.88330341113106,3,16.831238779174146,0,0.0,1,5.6104129263913824,0,0.0,0,0.0
01229,北海道,富良野市,18707,6,32.07355535361095,1,5.345592558935158,2,10.691185117870315,0,0.0,0,0.0,0,0.0,1,5.345592558935158,0,0.0
01230,北海道,登別市,42195,16,37.91918473752815,5,11.849745230477545,5,11.849745230477545,1,2.3699490460955093,1,2.3699490460955093,1,2.3699490460955093,2,4.7398980921910185,0,0.0
01231,北海道,恵庭市,69367,22,31.715368979485923,9,12.974469127971513,9,12.974469127971513,3,4.324823042657171,2,2.8832153617714473,3,4.324823042657171,2,2.8832153617714473,1,1.4416076808857237
01233,北海道,伊達市,29843,15,50.263043259725904,3,10.05260865194518,5,16.754347753241966,1,3.3508695506483934,0,0.0,0,0.0,2,6.701739101296787,0,0.0
01234,北海道,北広島市,56153,23,40.959521307855326,8,14.246790020123592,9,16.02763877263904,7,12.465941267608143,1,1.780848752515449,1,1.780848752515449,2,3.561697505030898,0,0.0
01235,北海道,石狩市,55417,14,25.263005936806398,4,7.218001696230399,6,10.827002544345598,4,7.218001696230399,1,1.8045004240575997,0,0.0,1,1.8045004240575997,0,0.0
01236,北海道,北斗市,41022,16,39.00346155721321,4,9.750865389303302,4,9.750865389303302,2,4.875432694651651,0,0.0,0,0.0,0,0.0,0,0.0
01303,北海道,当別町,14480,6,41.43646408839779,1,6.906077348066299,1,6.906077348066299,0,0.0,1,6.906077348066299,0,0.0,0,0.0,0,0.0
01304,北海道,新篠津村,2790,2,71.68458781362007,0,0.0,0,0.0,0,0.0,0,0.0,0,0.0,0,0.0,0,0.0
01331,北海道,松前町,5309,3,56.5078169146732,0,0.0,0,0.0,0,0.0,0,0.0,0,0.0,0,0.0,0,0.0
01332,北海道,福島町,3246,2,61.61429451632779,1,30.807147258163894,2,61.61429451632779,1,30.807147258163894,0,0.0,0,0.0,0,0.0,0,0.0
01333,北海道,知内町,3711,2,53.89382915656157,0,0.0,0,0.0,0,0.0,0,0.0,0,0.0,0,0.0,0,0.0
01334,北海道,木古内町,3312,2,60.386473429951685,1,30.193236714975843,2,60.386473429951685,1,30.193236714975843,0,0.0,0,0.0,0,0.0,0,0.0
01337,北海道,七飯町,26754,9,33.63982955819691,3,11.213276519398969,4,14.951035359198626,2,7.475517679599313,0,0.0,0,0.0,1,3.7377588397996564,0,0.0
01343,北海道,鹿部町,3380,2,59.171597633136095,0,0.0,0,0.0,0,0.0,0,0.0,0,0.0,0,0.0,0,0.0
01345,北海道,森町,12559,8,63.69933911935664,2,15.92483477983916,3,23.88725216975874,0,0.0,0,0.0,1,7.96241738991958,0,0.0,0,0.0
01346,北海道,八雲町,14554,4,27.48385323622372,3,20.61288992716779,1,6.87096330905593,0,0.0,0,0.0,0,0.0,0,0.0,0,0.0
01347,北海道,長万部町,4652,1,21.496130696474633,0,0.0,0,0.0,0,0.0,0,0.0,0,0.0,0,0.0,0,0.0
01361,北海道,江差町,6701,3,44.76943739740337,3,44.76943739740337,3,44.76943739740337,3,44.76943739740337,1,14.923145799134458,0,0.0,1,14.923145799134458,0,0.0
01362,北海道,上ノ国町,3726,2,53.676865271068166,0,0.0,0,0.0,0,0.0,0,0.0,0,0.0,0,0.0,0,0.0
01363,北海道,厚沢部町,3212,1,31.133250311332503,0,0.0,0,0.0,0,0.0,0,0.0,0,0.0,0,0.0,0,0.0
01364,北海道,乙部町,2951,1,33.88681802778719,0,0.0,0,0.0,0,0.0,0,0.0,0,0.0,0,0.0,0,0.0
01367,北海道,奥尻町,2107,2,94.92168960607499,0,0.0,0,0.0,0,0.0,0,0.0,0,0.0,0,0.0,0,0.0
01370,北海道,今金町,4522,2,44.22821760283061,0,0.0,0,0.0,0,0.0,0,0.0,0,0.0,0,0.0,0,0.0
01371,北海道,せたな町,6491,4,61.62378678169774,2,30.81189339084887,1,15.405946695424435,0,0.0,1,15.405946695424435,0,0.0,0,0.0,0,0.0
01391,北海道,島牧村,1186,1,84.31703204047217,0,0.0,0,0.0,0,0.0,0,0.0,0,0.0,0,0.0,0,0.0
01392,北海道,寿都町,2553,1,39.16960438699569,0,0.0,0,0.0,0,0.0,0,0.0,0,0.0,0,0.0,0,0.0
01393,北海道,黒松内町,2546,2,78.55459544383346,0,0.0,0,0.0,0,0.0,0,0.0,0,0.0,0,0.0,0,0.0
01394,北海道,蘭越町,4196,2,47.66444232602478,0,0.0,0,0.0,0,0.0,0,0.0,0,0.0,0,0.0,0,0.0
01395,北海道,ニセコ町,5087,1,19.657951641438963,0,0.0,1,19.657951641438963,0,0.0,0,0.0,0,0.0,0,0.0,0,0.0
01396,北海道,真狩村,1900,1,52.63157894736842,1,52.63157894736842,1,52.63157894736842,1,52.63157894736842,0,0.0,0,0.0,0,0.0,0,0.0
01397,北海道,留寿都村,1791,1,55.83472920156337,0,0.0,0,0.0,0,0.0,0,0.0,0,0.0,0,0.0,0,0.0
01398,北海道,喜茂別町,1973,1,50.68423720223011,1,50.68423720223011,1,50.68423720223011,0,0.0,0,0.0,0,0.0,0,0.0,0,0.0
01399,北海道,京極町,2710,1,36.90036900369004,0,0.0,0,0.0,0,0.0,0,0.0,0,0.0,0,0.0,0,0.0
01400,北海道,倶知安町,14601,6,41.093075816724884,1,6.848845969454146,4,27.395383877816585,0,0.0,0,0.0,0,0.0,1,6.848845969454146,0,0.0
01401,北海道,共和町,5310,3,56.49717514124294,0,0.0,0,0.0,0,0.0,0,0.0,0,0.0,0,0.0,0,0.0
01402,北海道,岩内町,10187,7,68.7150289584765,2,19.63286541670757,2,19.63286541670757,0,0.0,0,0.0,0,0.0,0,0.0,0,0.0
01403,北海道,泊村,1381,1,72.4112961622013,0,0.0,0,0.0,1,72.4112961622013,0,0.0,0,0.0,0,0.0,0,0.0
01404,北海道,神恵内村,742,1,134.77088948787062,0,0.0,1,134.77088948787062,0,0.0,0,0.0,0,0.0,0,0.0,0,0.0
01405,北海道,積丹町,1582,1,63.21112515802782,1,63.21112515802782,0,0.0,1,63.21112515802782,0,0.0,0,0.0,0,0.0,0,0.0
01406,北海道,古平町,2381,1,41.999160016799664,0,0.0,0,0.0,0,0.0,0,0.0,0,0.0,0,0.0,0,0.0
01407,北海道,仁木町,2931,1,34.1180484476288,0,0.0,1,34.1180484476288,0,0.0,0,0.0,0,0.0,0,0.0,0,0.0
01408,北海道,余市町,16437,9,54.754517247672936,2,12.167670499482874,4,24.335340998965748,2,12.167670499482874,0,0.0,0,0.0,0,0.0,0,0.0
01409,北海道,赤井川村,1091,1,91.65902841429882,0,0.0,0,0.0,0,0.0,0,0.0,0,0.0,0,0.0,0,0.0
01423,北海道,南幌町,7698,2,25.98077422707197,1,12.990387113535984,1,12.990387113535984,1,12.990387113535984,0,0.0,0,0.0,0,0.0,0,0.0
01424,北海道,奈井江町,4606,2,43.421623968736434,0,0.0,1,21.710811984368217,0,0.0,0,0.0,0,0.0,0,0.0,0,0.0
01425,北海道,上砂川町,2352,2,85.03401360544217,0,0.0,0,0.0,0,0.0,0,0.0,0,0.0,0,0.0,0,0.0
01427,北海道,由仁町,4301,2,46.500813764240874,1,23.250406882120437,1,23.250406882120437,1,23.250406882120437,0,0.0,0,0.0,0,0.0,0,0.0
01428,北海道,長沼町,9490,5,52.68703898840885,2,21.074815595363543,4,42.149631190727085,0,0.0,0,0.0,0,0.0,0,0.0,0,0.0
01429,北海道,栗山町,10304,6,58.22981366459627,1,9.704968944099377,2,19.409937888198755,0,0.0,0,0.0,0,0.0,0,0.0,0,0.0
01430,北海道,月形町,3312,1,30.193236714975843,0,0.0,0,0.0,0,0.0,0,0.0,0,0.0,0,0.0,0,0.0
01431,北海道,浦臼町,1517,1,65.91957811470006,0,0.0,1,65.91957811470006,0,0.0,0,0.0,0,0.0,0,0.0,0,0.0
01432,北海道,新十津川町,5997,2,33.35000833750208,0,0.0,1,16.67500416875104,0,0.0,0,0.0,1,16.67500416875104,0,0.0,0,0.0
01433,北海道,妹背牛町,2317,1,43.15925766076823,0,0.0,0,0.0,0,0.0,0,0.0,0,0.0,0,0.0,0,0.0
01434,北海道,秩父別町,2114,1,47.30368968779565,1,47.30368968779565,0,0.0,0,0.0,0,0.0,0,0.0,0,0.0,0,0.0
01436,北海道,雨竜町,2089,1,47.86979415988511,0,0.0,0,0.0,0,0.0,0,0.0,0,0.0,0,0.0,0,0.0
01437,北海道,北竜町,1532,1,65.27415143603133,0,0.0,1,65.27415143603133,0,0.0,0,0.0,0,0.0,0,0.0,0,0.0
01438,北海道,沼田町,2610,1,38.31417624521073,0,0.0,0,0.0,0,0.0,0,0.0,0,0.0,0,0.0,0,0.0
01452,北海道,鷹栖町,6106,1,16.377333770062233,0,0.0,1,16.377333770062233,0,0.0,0,0.0,0,0.0,0,0.0,0,0.0
01453,北海道,東神楽町,9996,3,30.012004801920767,0,0.0,2,20.008003201280513,0,0.0,0,0.0,1,10.004001600640256,0,0.0,0,0.0
01454,北海道,当麻町,5805,2,34.45305770887166,1,17.22652885443583,1,17.22652885443583,0,0.0,0,0.0,0,0.0,0,0.0,0,0.0
01455,北海道,比布町,3248,1,30.788177339901477,0,0.0,0,0.0,0,0.0,0,0.0,0,0.0,0,0.0,0,0.0
01456,北海道,愛別町,2253,1,44.38526409232135,0,0.0,1,44.38526409232135,0,0.0,0,0.0,0,0.0,0,0.0,0,0.0
01457,北海道,上川町,3030,1,33.00330033003301,0,0.0,0,0.0,0,0.0,0,0.0,0,0.0,0,0.0,0,0.0
01458,北海道,東川町,8213,1,12.1758188238159,0,0.0,0,0.0,0,0.0,0,0.0,0,0.0,0,0.0,0,0.0
01459,北海道,美瑛町,8893,2,22.48959856066569,1,11.244799280332845,1,11.244799280332845,1,11.244799280332845,0,0.0,0,0.0,0,0.0,0,0.0
01460,北海道,上富良野町,9421,2,21.229168878038426,1,10.614584439019213,1,10.614584439019213,1,10.614584439019213,0,0.0,0,0.0,0,0.0,1,10.614584439019213
01461,北海道,中富良野町,4340,1,23.04147465437788,0,0.0,0,0.0,0,0.0,0,0.0,0,0.0,0,0.0,0,0.0
01462,北海道,南富良野町,2218,4,180.34265103697024,0,0.0,0,0.0,0,0.0,0,0.0,0,0.0,0,0.0,0,0.0
01463,北海道,占冠村,1361,2,146.9507714915503,0,0.0,0,0.0,0,0.0,0,0.0,0,0.0,0,0.0,0,0.0
01464,北海道,和寒町,2813,1,35.549235691432635,0,0.0,0,0.0,0,0.0,0,0.0,0,0.0,0,0.0,0,0.0
01465,北海道,剣淵町,2614,1,38.255547054322875,0,0.0,0,0.0,0,0.0,0,0.0,0,0.0,0,0.0,0,0.0
01468,北海道,下川町,2836,1,35.26093088857546,0,0.0,0,0.0,0,0.0,0,0.0,0,0.0,0,0.0,0,0.0
01469,北海道,美深町,3708,2,53.937432578209275,0,0.0,0,0.0,0,0.0,0,0.0,0,0.0,0,0.0,0,0.0
01470,北海道,音威子府村,597,1,167.50418760469012,0,0.0,1,167.50418760469012,0,0.0,0,0.0,0,0.0,0,0.0,0,0.0
01471,北海道,中川町,1359,1,73.58351729212656,0,0.0,0,0.0,0,0.0,0,0.0,0,0.0,0,0.0,0,0.0
01472,北海道,幌加内町,1178,3,254.6689303904924,0,0.0,0,0.0,0,0.0,0,0.0,0,0.0,0,0.0,0,0.0
01481,北海道,増毛町,3434,2,58.24111822947001,0,0.0,0,0.0,0,0.0,0,0.0,0,0.0,0,0.0,0,0.0
01482,北海道,小平町,2665,2,75.046904315197,0,0.0,0,0.0,0,0.0,0,0.0,0,0.0,0,0.0,0,0.0
01483,北海道,苫前町,2576,2,77.63975155279502,0,0.0,0,0.0,0,0.0,0,0.0,0,0.0,0,0.0,0,0.0
01484,北海道,羽幌町,5835,3,51.41388174807197,0,0.0,0,0.0,0,0.0,0,0.0,0,0.0,0,0.0,0,0.0
01485,北海道,初山別村,944,4,423.728813559322,0,0.0,0,0.0,0,0.0,0,0.0,0,0.0,0,0.0,0,0.0
01486,北海道,遠別町,2219,1,45.06534474988734,0,0.0,0,0.0,0,0.0,0,0.0,0,0.0,0,0.0,0,0.0
01487,北海道,天塩町,2653,1,37.69317753486619,0,0.0,0,0.0,0,0.0,0,0.0,0,0.0,0,0.0,0,0.0
01511,北海道,猿払村,2505,1,39.92015968063872,0,0.0,0,0.0,0,0.0,0,0.0,0,0.0,0,0.0,0,0.0
01512,北海道,浜頓別町,3089,1,32.37293622531564,0,0.0,0,0.0,0,0.0,0,0.0,0,0.0,0,0.0,0,0.0
01513,北海道,中頓別町,1470,1,68.02721088435374,0,0.0,0,0.0,0,0.0,0,0.0,0,0.0,0,0.0,0,0.0
01514,北海道,枝幸町,6834,1,14.63271875914545,1,14.63271875914545,0,0.0,0,0.0,0,0.0,0,0.0,0,0.0,0,0.0
01516,北海道,豊富町,3679,2,54.36259853220984,0,0.0,0,0.0,0,0.0,0,0.0,0,0.0,0,0.0,0,0.0
01517,北海道,礼文町,2265,2,88.30022075055187,0,0.0,0,0.0,0,0.0,0,0.0,0,0.0,0,0.0,0,0.0
01518,北海道,利尻町,1784,1,56.053811659192824,0,0.0,0,0.0,0,0.0,0,0.0,0,0.0,0,0.0,0,0.0
01519,北海道,利尻富士町,2217,2,90.21199819576003,0,0.0,0,0.0,0,0.0,0,0.0,0,0.0,0,0.0,0,0.0
01520,北海道,幌延町,2203,2,90.78529278256923,0,0.0,0,0.0,0,0.0,0,0.0,0,0.0,0,0.0,0,0.0
01543,北海道,美幌町,16778,5,29.800929789009416,3,17.88055787340565,1,5.960185957801883,2,11.920371915603766,0,0.0,0,0.0,0,0.0,0,0.0
01544,北海道,津別町,3867,1,25.859839668994052,0,0.0,1,25.859839668994052,0,0.0,0,0.0,0,0.0,0,0.0,0,0.0
01545,北海道,斜里町,10249,3,29.27114840472241,0,0.0,0,0.0,0,0.0,0,0.0,0,0.0,0,0.0,0,0.0
01546,北海道,清里町,3497,1,28.595939376608523,0,0.0,1,28.595939376608523,1,28.595939376608523,0,0.0,0,0.0,0,0.0,1,28.595939376608523
01547,北海道,小清水町,4217,1,23.713540431586438,1,23.713540431586438,1,23.713540431586438,0,0.0,0,0.0,1,23.713540431586438,0,0.0,0,0.0
01549,北海道,訓子府町,4213,1,23.736055067647758,0,0.0,0,0.0,0,0.0,0,0.0,0,0.0,0,0.0,0,0.0
01550,北海道,置戸町,2467,1,40.53506282934738,0,0.0,1,40.53506282934738,0,0.0,0,0.0,0,0.0,0,0.0,0,0.0
01552,北海道,佐呂間町,4369,1,22.888532845044633,0,0.0,0,0.0,0,0.0,0,0.0,0,0.0,0,0.0,0,0.0
01555,北海道,遠軽町,17688,10,56.53550429669833,1,5.653550429669832,2,11.307100859339664,0,0.0,0,0.0,1,5.653550429669832,0,0.0,0,0.0
01559,北海道,湧別町,7445,2,26.86366689053056,0,0.0,0,0.0,0,0.0,0,0.0,0,0.0,0,0.0,0,0.0
01560,北海道,滝上町,2138,1,46.77268475210477,0,0.0,0,0.0,0,0.0,0,0.0,0,0.0,0,0.0,0,0.0
01561,北海道,興部町,3339,1,29.94908655286014,0,0.0,1,29.94908655286014,0,0.0,0,0.0,0,0.0,0,0.0,0,0.0
01562,北海道,西興部村,979,1,102.14504596527068,0,0.0,0,0.0,0,0.0,0,0.0,0,0.0,0,0.0,0,0.0
01563,北海道,雄武町,3812,2,52.46589716684156,0,0.0,1,26.23294858342078,0,0.0,0,0.0,0,0.0,0,0.0,0,0.0
01564,北海道,大空町,6181,2,32.35722375020223,0,0.0,1,16.178611875101115,0,0.0,0,0.0,0,0.0,0,0.0,0,0.0
01571,北海道,豊浦町,3553,3,84.43568815085844,0,0.0,0,0.0,0,0.0,0,0.0,0,0.0,0,0.0,0,0.0
01575,北海道,壮瞥町,2495,2,80.16032064128257,0,0.0,0,0.0,0,0.0,0,0.0,0,0.0,0,0.0,0,0.0
01578,北海道,白老町,14686,2,13.618412093149937,1,6.809206046574968,0,0.0,1,6.809206046574968,0,0.0,0,0.0,0,0.0,0,0.0
01581,北海道,厚真町,4159,1,24.044241404183698,0,0.0,1,24.044241404183698,0,0.0,0,0.0,0,0.0,0,0.0,0,0.0
01584,北海道,洞爺湖町,7646,7,91.55113784985613,1,13.078733978550876,1,13.078733978550876,0,0.0,0,0.0,1,13.078733978550876,0,0.0,0,0.0
01585,北海道,安平町,6748,2,29.638411381149968,2,29.638411381149968,1,14.819205690574984,1,14.819205690574984,0,0.0,0,0.0,0,0.0,0,0.0
01586,北海道,むかわ町,6873,2,29.099374363451187,1,14.549687181725593,1,14.549687181725593,0,0.0,0,0.0,0,0.0,0,0.0,0,0.0
01601,北海道,日高町,10245,4,39.043435822352365,1,9.760858955588091,1,9.760858955588091,0,0.0,0,0.0,0,0.0,0,0.0,0,0.0
01602,北海道,平取町,4313,2,46.37143519591931,1,23.185717597959655,0,0.0,0,0.0,0,0.0,0,0.0,0,0.0,0,0.0
01604,北海道,新冠町,4993,1,20.02803925495694,0,0.0,0,0.0,0,0.0,0,0.0,0,0.0,0,0.0,0,0.0
01607,北海道,浦河町,11049,5,45.25296406914653,0,0.0,1,9.050592813829306,0,0.0,1,9.050592813829306,0,0.0,0,0.0,0,0.0
01608,北海道,様似町,3562,1,28.074115665356544,0,0.0,1,28.074115665356544,1,28.074115665356544,0,0.0,0,0.0,0,0.0,0,0.0
01609,北海道,えりも町,3918,2,51.04645227156713,0,0.0,0,0.0,0,0.0,0,0.0,0,0.0,0,0.0,0,0.0
01610,北海道,新ひだか町,19789,8,40.426499570468444,3,15.159937338925667,3,15.159937338925667,0,0.0,1,5.0533124463085555,0,0.0,1,5.0533124463085555,0,0.0
01631,北海道,音更町,41130,10,24.313153415998055,3,7.293946024799416,4,9.725261366399222,0,0.0,1,2.4313153415998054,1,2.4313153415998054,0,0.0,0,0.0
01632,北海道,士幌町,5471,1,18.278194114421495,0,0.0,0,0.0,0,0.0,0,0.0,0,0.0,0,0.0,0,0.0
01633,北海道,上士幌町,4519,2,44.25757911042266,1,22.12878955521133,0,0.0,1,22.12878955521133,0,0.0,0,0.0,0,0.0,0,0.0
01634,北海道,鹿追町,4975,1,20.100502512562816,1,20.100502512562816,0,0.0,0,0.0,0,0.0,0,0.0,1,20.100502512562816,0,0.0
01635,北海道,新得町,5353,1,18.681113394358302,0,0.0,1,18.681113394358302,0,0.0,0,0.0,0,0.0,0,0.0,0,0.0
01636,北海道,清水町,8480,4,47.16981132075472,2,23.58490566037736,2,23.58490566037736,0,0.0,0,0.0,0,0.0,0,0.0,0,0.0
01637,北海道,芽室町,17357,5,28.80682145532062,2,11.522728582128249,3,17.28409287319237,0,0.0,0,0.0,0,0.0,0,0.0,0,0.0
01638,北海道,中札内村,3795,1,26.350461133069828,0,0.0,0,0.0,0,0.0,0,0.0,0,0.0,0,0.0,0,0.0
01639,北海道,更別村,2931,1,34.1180484476288,0,0.0,0,0.0,0,0.0,0,0.0,0,0.0,0,0.0,0,0.0
01641,北海道,大樹町,4999,3,60.0120024004801,2,40.008001600320064,0,0.0,0,0.0,0,0.0,0,0.0,0,0.0,0,0.0
01642,北海道,広尾町,5771,2,34.65603881476348,1,17.32801940738174,2,34.65603881476348,0,0.0,0,0.0,0,0.0,0,0.0,0,0.0
01643,北海道,幕別町,24738,7,28.29654782116582,1,4.04236397445226,2,8.08472794890452,2,8.08472794890452,1,4.04236397445226,0,0.0,1,4.04236397445226,0,0.0
01644,北海道,池田町,5658,4,70.69635913750442,0,0.0,2,35.34817956875221,0,0.0,0,0.0,2,35.34817956875221,0,0.0,0,0.0
01645,北海道,豊頃町,2767,2,72.28044813877847,0,0.0,0,0.0,0,0.0,0,0.0,0,0.0,0,0.0,0,0.0
01646,北海道,本別町,5886,2,33.97893306150187,2,33.97893306150187,0,0.0,1,16.989466530750935,0,0.0,0,0.0,0,0.0,0,0.0
01647,北海道,足寄町,5939,2,33.67570298029971,1,16.837851490149855,0,0.0,0,0.0,0,0.0,0,0.0,0,0.0,0,0.0
01648,北海道,陸別町,2058,1,48.59086491739553,0,0.0,0,0.0,0,0.0,0,0.0,0,0.0,0,0.0,0,0.0
01649,北海道,浦幌町,3903,1,25.621316935690494,0,0.0,0,0.0,0,0.0,0,0.0,0,0.0,0,0.0,0,0.0
01661,北海道,釧路町,17778,5,28.124648441894475,2,11.24985937675779,1,5.624929688378895,0,0.0,1,5.624929688378895,1,5.624929688378895,0,0.0,0,0.0
01662,北海道,厚岸町,8014,2,24.95632642874969,0,0.0,0,0.0,0,0.0,0,0.0,0,0.0,0,0.0,0,0.0
01663,北海道,浜中町,5069,1,19.727756954034326,0,0.0,0,0.0,0,0.0,0,0.0,0,0.0,0,0.0,0,0.0
01664,北海道,標茶町,6656,1,15.024038461538462,0,0.0,0,0.0,0,0.0,0,0.0,0,0.0,0,0.0,0,0.0
01665,北海道,弟子屈町,6272,3,47.83163265306122,1,15.943877551020407,0,0.0,0,0.0,0,0.0,0,0.0,0,0.0,0,0.0
01667,北海道,鶴居村,2424,2,82.50825082508251,0,0.0,0,0.0,0,0.0,0,0.0,0,0.0,0,0.0,0,0.0
01668,北海道,白糠町,6402,3,46.860356138706656,0,0.0,2,31.240237425804434,0,0.0,0,0.0,0,0.0,0,0.0,0,0.0
01691,北海道,別海町,13496,3,22.228808535862477,0,0.0,0,0.0,0,0.0,0,0.0,0,0.0,0,0.0,0,0.0
01692,北海道,中標津町,21838,4,18.316695668101474,2,9.158347834050737,2,9.158347834050737,1,4.5791739170253685,0,0.0,0,0.0,0,0.0,0,0.0
01693,北海道,標津町,4724,1,21.168501270110074,0,0.0,0,0.0,0,0.0,0,0.0,0,0.0,0,0.0,0,0.0
01694,北海道,羅臼町,4191,1,23.860653781913623,0,0.0,0,0.0,0,0.0,0,0.0,0,0.0,0,0.0,0,0.0
02201,青森県,青森市,260035,112,43.07112504085988,47,18.0744899725037,51,19.612744438248697,41,15.767108273886208,7,2.6919453150537427,11,4.230199780798738,15,5.768454246543734,2,0.769127232872498
02202,青森県,弘前市,157226,92,58.51449505806927,38,24.169030567463395,37,23.53300344726699,34,21.624922086677774,3,1.9080813605892155,12,7.632325442356862,8,5.088216961571241,4,2.5441084807856207
02203,青森県,八戸市,213173,100,46.910255989266936,32,15.01128191656542,31,14.542179356672749,20,9.382051197853386,4,1.8764102395706774,9,4.221923039034023,13,6.098333278604701,1,0.46910255989266936
02204,青森県,黒石市,29604,12,40.53506282934738,3,10.133765707336845,4,13.511687609782461,4,13.511687609782461,0,0.0,2,6.755843804891231,2,6.755843804891231,0,0.0
02205,青森県,五所川原市,47437,23,48.48535952948121,7,14.756413769842107,9,18.972531989796995,7,14.756413769842107,1,2.108059109977444,1,2.108059109977444,1,2.108059109977444,0,0.0
02206,青森県,十和田市,57201,25,43.70552962360798,9,15.733990664498874,10,17.482211849443193,4,6.992884739777277,0,0.0,4,6.992884739777277,2,3.4964423698886384,0,0.0
02207,青森県,三沢市,37512,13,34.6555768820644,4,10.663254425250587,5,13.329068031563233,2,5.3316272126252935,0,0.0,1,2.6658136063126467,0,0.0,0,0.0
02208,青森県,むつ市,49438,17,34.386504308426716,4,8.090942190218051,5,10.113677737772562,1,2.022735547554513,0,0.0,1,2.022735547554513,0,0.0,0,0.0
02209,青森県,つがる市,28046,5,17.827854239463736,1,3.5655708478927477,1,3.5655708478927477,0,0.0,0,0.0,1,3.5655708478927477,0,0.0,0,0.0
02210,青森県,平川市,28640,9,31.424581005586592,0,0.0,2,6.983240223463687,0,0.0,0,0.0,0,0.0,0,0.0,0,0.0
02301,青森県,平内町,9068,3,33.08337009263344,2,22.055580061755624,2,22.055580061755624,1,11.027790030877812,0,0.0,0,0.0,2,22.055580061755624,0,0.0
02303,青森県,今別町,1991,2,100.45203415369163,0,0.0,0,0.0,0,0.0,0,0.0,0,0.0,0,0.0,0,0.0
02304,青森県,蓬田村,2290,1,43.66812227074236,0,0.0,0,0.0,0,0.0,0,0.0,0,0.0,0,0.0,0,0.0
02307,青森県,外ヶ浜町,4584,4,87.26003490401396,0,0.0,0,0.0,1,21.81500872600349,0,0.0,0,0.0,0,0.0,0,0.0
02321,青森県,鰺ヶ沢町,7975,3,37.61755485893417,0,0.0,0,0.0,0,0.0,0,0.0,1,12.539184952978056,0,0.0,0,0.0
02323,青森県,深浦町,6325,1,15.810276679841898,0,0.0,0,0.0,0,0.0,0,0.0,0,0.0,0,0.0,0,0.0
02343,青森県,西目屋村,1147,0,0.0,0,0.0,0,0.0,0,0.0,0,0.0,0,0.0,0,0.0,0,0.0
02361,青森県,藤崎町,13763,4,29.063430938022236,0,0.0,1,7.265857734505559,0,0.0,0,0.0,1,7.265857734505559,1,7.265857734505559,0,0.0
02362,青森県,大鰐町,7666,4,52.178450300026086,1,13.044612575006521,1,13.044612575006521,1,13.044612575006521,0,0.0,0,0.0,0,0.0,0,0.0
02367,青森県,田舎館村,6829,1,14.64343242055938,0,0.0,0,0.0,0,0.0,0,0.0,0,0.0,0,0.0,0,0.0
02381,青森県,板柳町,11323,5,44.157908681444844,2,17.66316347257794,4,35.32632694515588,1,8.83158173628897,0,0.0,0,0.0,0,0.0,0,0.0
02384,青森県,鶴田町,10650,3,28.169014084507044,1,9.389671361502348,0,0.0,0,0.0,0,0.0,0,0.0,0,0.0,0,0.0
02387,青森県,中泊町,8413,3,35.65909901343159,0,0.0,1,11.886366337810532,0,0.0,0,0.0,0,0.0,0,0.0,0,0.0
02401,青森県,野辺地町,10974,4,36.449790413705124,2,18.224895206852562,1,9.112447603426281,2,18.224895206852562,0,0.0,1,9.112447603426281,1,9.112447603426281,0,0.0
02402,青森県,七戸町,13228,3,22.679165406713032,1,7.559721802237678,1,7.559721802237678,0,0.0,0,0.0,0,0.0,0,0.0,0,0.0
02405,青森県,六戸町,10057,2,19.886646117132344,0,0.0,0,0.0,0,0.0,0,0.0,0,0.0,0,0.0,0,0.0
02406,青森県,横浜町,3908,1,25.588536335721596,0,0.0,0,0.0,0,0.0,0,0.0,0,0.0,0,0.0,0,0.0
02408,青森県,東北町,15136,5,33.0338266384778,1,6.606765327695561,0,0.0,1,6.606765327695561,0,0.0,0,0.0,0,0.0,0,0.0
02411,青森県,六ヶ所村,9856,4,40.58441558441559,0,0.0,0,0.0,0,0.0,0,0.0,0,0.0,0,0.0,0,0.0
02412,青森県,おいらせ町,23877,4,16.752523348829417,1,4.188130837207354,2,8.376261674414708,1,4.188130837207354,0,0.0,0,0.0,1,4.188130837207354,0,0.0
02423,青森県,大間町,4186,1,23.889154323936932,0,0.0,0,0.0,0,0.0,0,0.0,0,0.0,0,0.0,0,0.0
02424,青森県,東通村,5351,2,37.376191366099796,0,0.0,0,0.0,0,0.0,0,0.0,0,0.0,0,0.0,0,0.0
02425,青森県,風間浦村,1444,1,69.25207756232687,0,0.0,0,0.0,0,0.0,0,0.0,0,0.0,0,0.0,0,0.0
02426,青森県,佐井村,1516,2,131.92612137203164,0,0.0,0,0.0,0,0.0,0,0.0,0,0.0,0,0.0,0,0.0
02441,青森県,三戸町,8122,2,24.624476729869492,1,12.312238364934746,0,0.0,0,0.0,0,0.0,0,0.0,0,0.0,0,0.0
02442,青森県,五戸町,14540,3,20.63273727647868,1,6.87757909215956,1,6.87757909215956,1,6.87757909215956,0,0.0,0,0.0,1,6.87757909215956,0,0.0
02443,青森県,田子町,4423,2,45.21817770743839,0,0.0,1,22.609088853719197,0,0.0,0,0.0,0,0.0,0,0.0,0,0.0
02445,青森県,南部町,15273,7,45.83251489556734,2,13.095004255876384,2,13.095004255876384,0,0.0,0,0.0,1,6.547502127938192,0,0.0,0,0.0
02446,青森県,階上町,12769,1,7.8314668337379585,0,0.0,0,0.0,0,0.0,0,0.0,0,0.0,0,0.0,0,0.0
02450,青森県,新郷村,1914,1,52.24660397074191,0,0.0,0,0.0,0,0.0,0,0.0,0,0.0,0,0.0,0,0.0
03201,岩手県,盛岡市,282066,158,56.01525884012962,42,14.890132096743317,62,21.98067119043061,40,14.181078187374586,5,1.7726347734218233,25,8.863173867109115,27,9.572227776477845,4,1.4181078187374587
03202,岩手県,宮古市,46113,24,52.04606076377594,3,6.505757595471993,6,13.011515190943985,1,2.168585865157331,0,0.0,1,2.168585865157331,5,10.842929325786654,0,0.0
03203,岩手県,大船渡市,32025,16,49.96096799375488,5,15.6128024980484,5,15.6128024980484,5,15.6128024980484,1,3.12256049960968,0,0.0,3,9.36768149882904,1,3.12256049960968
03205,岩手県,花巻市,87861,35,39.83564949181093,11,12.519775554569149,12,13.65793696862089,9,10.243452726465668,1,1.1381614140517409,0,0.0,5,5.690807070258704,0,0.0
03206,岩手県,北上市,91700,40,43.62050163576881,15,16.357688113413303,11,11.995637949836423,9,9.814612868047982,3,3.271537622682661,4,4.362050163576881,8,8.724100327153762,1,1.0905125408942202
03207,岩手県,久慈市,29642,13,43.85668983199514,5,16.86795762769044,4,13.494366102152352,4,13.494366102152352,1,3.373591525538088,2,6.747183051076176,2,6.747183051076176,0,0.0
03208,岩手県,遠野市,22577,10,44.29286441954201,1,4.4292864419542015,4,17.717145767816806,2,8.858572883908403,1,4.4292864419542015,0,0.0,1,4.4292864419542015,0,0.0
03209,岩手県,一関市,101167,51,50.4116955133591,17,16.803898504453034,25,24.711615447725045,13,12.850040032817025,1,0.988464617909002,4,3.953858471636008,7,6.919252325363013,0,0.0
03210,岩手県,陸前高田市,16479,8,48.546635111353844,1,6.0683293889192305,2,12.136658777838461,0,0.0,1,6.0683293889192305,0,0.0,1,6.0683293889192305,0,0.0
03211,岩手県,釜石市,28967,13,44.878655021231054,3,10.356612697207167,3,10.356612697207167,3,10.356612697207167,1,3.452204232402389,1,3.452204232402389,3,10.356612697207167,0,0.0
03213,岩手県,二戸市,23203,8,34.478300219799166,2,8.619575054949792,4,17.239150109899583,2,8.619575054949792,1,4.309787527474896,0,0.0,1,4.309787527474896,0,0.0
03214,岩手県,八幡平市,21719,7,32.22984483631843,1,4.60426354804549,3,13.812790644136468,2,9.20852709609098,1,4.60426354804549,1,4.60426354804549,1,4.60426354804549,0,0.0
03215,岩手県,奥州市,105442,43,40.78071356764857,14,13.277441626676277,20,18.96777375239468,8,7.587109500957873,3,2.845166062859202,4,3.7935547504789366,4,3.7935547504789366,1,0.9483886876197342
03216,岩手県,滝沢市,54966,12,21.831677764436197,4,7.277225921478732,6,10.915838882218099,4,7.277225921478732,0,0.0,2,3.638612960739366,2,3.638612960739366,0,0.0
03301,岩手県,雫石町,14210,5,35.186488388458834,1,7.037297677691766,3,21.1118930330753,0,0.0,0,0.0,0,0.0,1,7.037297677691766,0,0.0
03302,岩手県,葛巻町,4982,1,20.07226013649137,0,0.0,0,0.0,0,0.0,0,0.0,0,0.0,0,0.0,0,0.0
03303,岩手県,岩手町,10591,8,75.53583231045226,1,9.441979038806533,1,9.441979038806533,0,0.0,1,9.441979038806533,0,0.0,1,9.441979038806533,0,0.0
03321,岩手県,紫波町,31463,9,28.605028128277656,2,6.356672917395035,1,3.1783364586975176,1,3.1783364586975176,0,0.0,0,0.0,2,6.356672917395035,0,0.0
03322,岩手県,矢巾町,27541,13,47.20235285574235,6,21.785701318034928,5,18.154751098362443,4,14.523800878689952,1,3.630950219672488,2,7.261900439344976,4,14.523800878689952,1,3.630950219672488
03366,岩手県,西和賀町,4408,4,90.74410163339383,1,22.686025408348456,0,0.0,0,0.0,0,0.0,0,0.0,1,22.686025408348456,0,0.0
03381,岩手県,金ケ崎町,14904,4,26.838432635534083,3,20.128824476650564,1,6.709608158883521,3,20.128824476650564,0,0.0,0,0.0,1,6.709608158883521,0,0.0
03402,岩手県,平泉町,6617,1,15.11258878645912,1,15.11258878645912,1,15.11258878645912,1,15.11258878645912,0,0.0,0,0.0,0,0.0,0,0.0
03441,岩手県,住田町,4495,1,22.24694104560623,0,0.0,0,0.0,0,0.0,0,0.0,0,0.0,0,0.0,0,0.0
03461,岩手県,大槌町,9937,7,70.44379591425984,1,10.063399416322834,1,10.063399416322834,0,0.0,0,0.0,1,10.063399416322834,0,0.0,0,0.0
03482,岩手県,山田町,12884,2,15.52312946289972,1,7.76156473144986,0,0.0,0,0.0,0,0.0,0,0.0,0,0.0,0,0.0
03483,岩手県,岩泉町,7774,7,90.04373552868536,0,0.0,0,0.0,0,0.0,0,0.0,0,0.0,0,0.0,0,0.0
03484,岩手県,田野畑村,2736,1,36.54970760233918,0,0.0,0,0.0,0,0.0,0,0.0,0,0.0,0,0.0,0,0.0
03485,岩手県,普代村,2210,1,45.248868778280546,0,0.0,0,0.0,0,0.0,0,0.0,1,45.248868778280546,0,0.0,0,0.0
03501,岩手県,軽米町,7582,3,39.567396465312584,1,13.189132155104195,0,0.0,0,0.0,0,0.0,0,0.0,0,0.0,0,0.0
03503,岩手県,野田村,3615,1,27.662517289073303,1,27.662517289073303,1,27.662517289073303,1,27.662517289073303,0,0.0,0,0.0,0,0.0,0,0.0
03506,岩手県,九戸村,4834,1,20.68680182043856,0,0.0,0,0.0,0,0.0,0,0.0,0,0.0,0,0.0,0,0.0
03507,岩手県,洋野町,13512,4,29.603315571343988,1,7.400828892835997,1,7.400828892835997,0,0.0,0,0.0,0,0.0,0,0.0,0,0.0
03524,岩手県,一戸町,9938,6,60.374320788891126,2,20.12477359629704,2,20.12477359629704,1,10.06238679814852,0,0.0,1,10.06238679814852,2,20.12477359629704,0,0.0
04101,宮城県,仙台市青葉区,316178,193,61.04156519428929,55,17.395264692673116,59,18.66037485214025,45,14.232489294005275,8,2.530220318934271,26,8.223216036536382,19,6.009273257468894,0,0.0
04102,宮城県,仙台市宮城野区,193585,88,45.458067515561645,26,13.430792675052302,27,13.947361624092776,18,9.298241082728516,6,3.0994136942428394,6,3.0994136942428394,12,6.198827388485679,2,1.0331378980809465
04103,宮城県,仙台市若林区,143747,61,42.43566822264117,14,9.739333690442235,23,16.000333920012245,13,9.04366699826779,4,2.7826667686977813,7,4.869666845221118,4,2.7826667686977813,1,0.6956666921744453
04104,宮城県,仙台市太白区,238726,95,39.79457620870789,27,11.310037448790665,40,16.755611035245426,22,9.215586069384985,7,2.93223193116795,9,3.770012482930221,10,4.1889027588113565,2,0.8377805517622713
04105,宮城県,仙台市泉区,204768,90,43.95218002812939,35,17.092514455383654,32,15.62744178777934,28,13.674011564306923,6,2.9301453352086266,12,5.860290670417253,9,4.39521800281294,0,0.0
04202,宮城県,石巻市,131404,53,40.333627591245325,17,12.937201302852273,19,14.459224985540773,7,5.327082889409759,2,1.5220236826885025,2,1.5220236826885025,6,4.566071048065508,0,0.0
04203,宮城県,塩竈市,49586,28,56.467551324970756,6,12.100189569636592,9,18.150284354454886,8,16.133586092848788,2,4.033396523212197,2,4.033396523212197,4,8.066793046424394,0,0.0
04205,宮城県,気仙沼市,55910,19,33.98318726524772,5,8.942944017170452,9,16.097299230906813,2,3.5771776068681813,1,1.7885888034340907,1,1.7885888034340907,1,1.7885888034340907,0,0.0
04206,宮城県,白石市,29815,17,57.01827938956901,7,23.47811504276371,6,20.12409860808318,4,13.416065738722118,0,0.0,1,3.3540164346805295,4,13.416065738722118,0,0.0
04207,宮城県,名取市,78057,33,42.27679772473961,6,7.686690495407203,12,15.373380990814406,6,7.686690495407203,2,2.562230165135734,4,5.124460330271468,2,2.562230165135734,1,1.281115082567867
04208,宮城県,角田市,26044,8,30.71724773460298,2,7.679311933650745,4,15.35862386730149,2,7.679311933650745,0,0.0,0,0.0,1,3.8396559668253727,0,0.0
04209,宮城県,多賀城市,62254,20,32.12644970604298,7,11.244257397115046,11,17.66954733832364,7,11.244257397115046,1,1.6063224853021492,4,6.425289941208597,1,1.6063224853021492,0,0.0
04211,宮城県,岩沼市,43186,17,39.36460890103274,6,13.893391376835085,7,16.2089566063076,6,13.893391376835085,2,4.631130458945028,3,6.946695688417543,3,6.946695688417543,0,0.0
04212,宮城県,登米市,68708,29,42.207603190312625,4,5.821738371077604,5,7.277172963847004,3,4.366303778308203,1,1.455434592769401,1,1.455434592769401,1,1.455434592769401,0,0.0
04213,宮城県,栗原市,58876,30,50.95454854269991,6,10.190909708539982,10,16.984849514233304,5,8.492424757116652,1,1.6984849514233304,3,5.095454854269991,1,1.6984849514233304,0,0.0
04214,宮城県,東松島市,37264,15,40.25332760841563,4,10.734220695577502,7,18.784886217260627,0,0.0,1,2.6835551738943755,2,5.367110347788751,0,0.0,1,2.6835551738943755
04215,宮城県,大崎市,119096,56,47.02089071001545,18,15.113857728219253,23,19.31215154161349,15,12.594881440182709,4,3.3586350507153893,1,0.8396587626788473,6,5.037952576073083,1,0.8396587626788473
04216,宮城県,富谷市,51898,17,32.75656094647192,5,9.634282631315273,6,11.561139157578326,4,7.707426105052218,2,3.853713052526109,3,5.780569578789163,2,3.853713052526109,0,0.0
04301,宮城県,蔵王町,10664,3,28.132033008252062,2,18.754688672168044,2,18.754688672168044,1,9.377344336084022,0,0.0,0,0.0,0,0.0,0,0.0
04302,宮城県,七ヶ宿町,1097,2,182.31540565177758,0,0.0,0,0.0,0,0.0,0,0.0,0,0.0,0,0.0,0,0.0
04321,宮城県,大河原町,23191,11,47.432193523349575,2,8.624035186063558,4,17.248070372127117,1,4.312017593031779,0,0.0,1,4.312017593031779,1,4.312017593031779,1,4.312017593031779
04322,宮城県,村田町,9738,5,51.34524543027316,1,10.26904908605463,0,0.0,1,10.26904908605463,1,10.26904908605463,0,0.0,0,0.0,0,0.0
04323,宮城県,柴田町,37242,12,32.22168519413565,3,8.055421298533913,8,21.481123462757104,2,5.370280865689276,0,0.0,0,0.0,0,0.0,0,0.0
04324,宮城県,川崎町,7686,2,26.021337496747332,0,0.0,0,0.0,0,0.0,0,0.0,0,0.0,0,0.0,0,0.0
04341,宮城県,丸森町,10406,3,28.829521429944265,0,0.0,0,0.0,0,0.0,0,0.0,0,0.0,0,0.0,0,0.0
04361,宮城県,亘理町,32235,13,40.32883511710873,2,6.204436171862882,4,12.408872343725765,1,3.102218085931441,1,3.102218085931441,1,3.102218085931441,1,3.102218085931441,0,0.0
04362,宮城県,山元町,11563,5,43.24137334601747,2,17.296549338406987,3,25.944824007610485,1,8.648274669203493,0,0.0,2,17.296549338406987,1,8.648274669203493,0,0.0
04401,宮城県,松島町,12354,4,32.37817710862878,1,8.094544277157196,3,24.283632831471586,0,0.0,1,8.094544277157196,0,0.0,1,8.094544277157196,0,0.0
04404,宮城県,七ヶ浜町,17142,3,17.50087504375219,0,0.0,1,5.8336250145840625,0,0.0,0,0.0,0,0.0,0,0.0,0,0.0
04406,宮城県,利府町,35141,9,25.611109530178425,1,2.8456788366864916,2,5.691357673372983,1,2.8456788366864916,1,2.8456788366864916,1,2.8456788366864916,1,2.8456788366864916,0,0.0
04421,宮城県,大和町,28949,8,27.634806038205117,2,6.908701509551279,3,10.36305226432692,2,6.908701509551279,2,6.908701509551279,1,3.4543507547756396,1,3.4543507547756396,0,0.0
04422,宮城県,大郷町,7228,1,13.83508577753182,0,0.0,1,13.83508577753182,0,0.0,0,0.0,0,0.0,0,0.0,0,0.0
04424,宮城県,大衡村,5890,1,16.977928692699493,0,0.0,1,16.977928692699493,1,16.977928692699493,0,0.0,0,0.0,0,0.0,0,0.0
04444,宮城県,色麻町,6232,1,16.046213093709884,1,16.046213093709884,0,0.0,0,0.0,1,16.046213093709884,0,0.0,0,0.0,0,0.0
04445,宮城県,加美町,20095,9,44.78726051256531,5,24.88181139586962,3,14.929086837521771,3,14.929086837521771,0,0.0,0,0.0,0,0.0,0,0.0
04501,宮城県,涌谷町,13646,4,29.312619082515024,3,21.984464311886267,3,21.984464311886267,3,21.984464311886267,0,0.0,0,0.0,1,7.328154770628756,0,0.0
04505,宮城県,美里町,22587,8,35.41860362155222,2,8.854650905388056,2,8.854650905388056,0,0.0,1,4.427325452694028,2,8.854650905388056,0,0.0,0,0.0
04581,宮城県,女川町,5743,1,17.41250217656277,0,0.0,0,0.0,0,0.0,0,0.0,0,0.0,0,0.0,0,0.0
04606,宮城県,南三陸町,10792,3,27.798369162342475,0,0.0,0,0.0,0,0.0,1,9.266123054114159,0,0.0,0,0.0,0,0.0
05201,秋田県,秋田市,295501,149,50.4228412086592,41,13.874741540637764,60,20.30449981556746,28,9.475433247264816,12,4.060899963113492,25,8.46020825648644,14,4.737716623632408,4,1.3536333210378306
05202,秋田県,能代市,44748,29,64.80736569232145,9,20.112630732099756,16,35.75578796817735,9,20.112630732099756,2,4.469473496022169,3,6.704210244033253,3,6.704210244033253,3,6.704210244033253
05203,秋田県,横手市,78878,44,55.782347422601994,11,13.945586855650498,11,13.945586855650498,8,10.142244985927636,4,5.071122492963818,5,6.338903116204771,4,5.071122492963818,1,1.2677806232409545
05204,秋田県,大館市,63908,27,42.24823183326031,7,10.953245290104524,9,14.082743944420105,4,6.258997308631157,0,0.0,2,3.1294986543155785,2,3.1294986543155785,1,1.5647493271577892
05206,秋田県,男鹿市,21867,14,64.02341427722138,5,22.865505099007635,3,13.719303059404583,2,9.146202039603056,0,0.0,0,0.0,1,4.573101019801528,0,0.0
05207,秋田県,湯沢市,37552,21,55.92245419684704,5,13.314870046868341,7,18.64081806561568,4,10.651896037494673,1,2.6629740093736682,2,5.3259480187473365,2,5.3259480187473365,0,0.0
05209,秋田県,鹿角市,25808,12,46.49721016738996,2,7.749535027898326,5,19.373837569745817,2,7.749535027898326,0,0.0,1,3.874767513949163,2,7.749535027898326,0,0.0
05210,秋田県,由利本荘市,69070,37,53.56884320254814,5,7.239032865209207,14,20.269292022585784,5,7.239032865209207,1,1.4478065730418417,4,5.791226292167367,2,2.8956131460836834,0,0.0
05211,秋田県,潟上市,30054,9,29.946097025354362,4,13.30937645571305,5,16.636720569641312,3,9.982032341784787,0,0.0,1,3.3273441139282625,0,0.0,0,0.0
05212,秋田県,大仙市,71758,43,59.923632208255526,15,20.90359263078681,18,25.08431115694417,9,12.542155578472086,1,1.393572842052454,3,4.180718526157362,6,8.361437052314724,0,0.0
05213,秋田県,北秋田市,27068,13,48.02719077877937,5,18.471996453376683,5,18.471996453376683,4,14.777597162701344,0,0.0,0,0.0,2,7.388798581350672,0,0.0
05214,秋田県,にかほ市,21444,9,41.96978175713486,2,9.326618168252192,4,18.653236336504385,0,0.0,0,0.0,0,0.0,0,0.0,0,0.0
05215,秋田県,仙北市,21621,12,55.50159567087554,3,13.875398917718885,5,23.125664862864806,5,23.125664862864806,0,0.0,2,9.250265945145923,1,4.6251329725729615,0,0.0
05303,秋田県,小坂町,4212,2,47.48338081671415,0,0.0,2,47.48338081671415,0,0.0,0,0.0,0,0.0,0,0.0,0,0.0
05327,秋田県,上小阿仁村,1762,1,56.75368898978434,0,0.0,0,0.0,0,0.0,0,0.0,0,0.0,0,0.0,0,0.0
05346,秋田県,藤里町,2489,1,40.17677782241864,0,0.0,0,0.0,0,0.0,0,0.0,0,0.0,0,0.0,0,0.0
05348,秋田県,三種町,13386,4,29.881966233378154,3,22.411474675033617,0,0.0,1,7.470491558344539,0,0.0,0,0.0,0,0.0,0,0.0
05349,秋田県,八峰町,5824,2,34.34065934065934,0,0.0,1,17.17032967032967,0,0.0,0,0.0,0,0.0,0,0.0,0,0.0
05361,秋田県,五城目町,7580,3,39.577836411609496,2,26.385224274406333,1,13.192612137203167,0,0.0,0,0.0,0,0.0,0,0.0,0,0.0
05363,秋田県,八郎潟町,5025,3,59.701492537313435,1,19.90049751243781,2,39.80099502487562,1,19.90049751243781,0,0.0,0,0.0,0,0.0,0,0.0
05366,秋田県,井川町,4108,1,24.342745861733203,0,0.0,0,0.0,0,0.0,0,0.0,0,0.0,0,0.0,0,0.0
05368,秋田県,大潟村,2794,1,35.79098067287043,0,0.0,0,0.0,0,0.0,0,0.0,0,0.0,0,0.0,0,0.0
05434,秋田県,美郷町,16598,7,42.17375587420171,1,6.024822267743102,0,0.0,1,6.024822267743102,0,0.0,0,0.0,0,0.0,0,0.0
05463,秋田県,羽後町,12484,4,32.04101249599487,3,24.030759371996155,3,24.030759371996155,1,8.010253123998718,0,0.0,0,0.0,0,0.0,0,0.0
05464,秋田県,東成瀬村,2524,2,79.2393026941363,0,0.0,0,0.0,0,0.0,0,0.0,0,0.0,0,0.0,0,0.0
06201,山形県,山形市,241236,126,52.2310102969706,45,18.65393224891807,51,21.14112321544048,25,10.363295693843373,6,2.4871909665224097,11,4.559850105291084,16,6.632509244059759,3,1.2435954832612048
06202,山形県,米沢市,76691,34,44.3337549386499,8,10.431471750270566,16,20.86294350054113,5,6.519669843919104,3,3.9118019063514624,4,5.215735875135283,4,5.215735875135283,1,1.3039339687838207
06203,山形県,鶴岡市,114566,53,46.261543564408285,14,12.220030375504077,20,17.45718625072011,6,5.2371558752160325,1,0.8728593125360056,4,3.4914372501440223,5,4.364296562680027,0,0.0
06204,山形県,酒田市,93675,52,55.511075527088344,16,17.080330931411797,20,21.350413664264742,9,9.607686148919136,2,2.1350413664264747,1,1.0675206832132373,3,3.2025620496397114,0,0.0
06205,山形県,新庄市,31065,20,64.38113632705617,5,16.095284081764042,6,19.31434089811685,2,6.438113632705617,2,6.438113632705617,2,6.438113632705617,2,6.438113632705617,1,3.2190568163528086
06206,山形県,寒河江市,38422,19,49.4508354588517,4,10.410702201863517,7,18.218728853261155,4,10.410702201863517,1,2.602675550465879,0,0.0,1,2.602675550465879,0,0.0
06207,山形県,上山市,26708,13,48.674554440617044,2,7.488392990864161,3,11.232589486296241,0,0.0,1,3.7441964954320803,0,0.0,1,3.7441964954320803,0,0.0
06208,山形県,村山市,20094,11,54.7427092664477,2,9.953219866626855,3,14.929829799940281,2,9.953219866626855,0,0.0,1,4.976609933313427,1,4.976609933313427,1,4.976609933313427
06209,山形県,長井市,24765,13,52.493438320209975,2,8.075913587724612,4,16.151827175449224,1,4.037956793862306,0,0.0,0,0.0,1,4.037956793862306,0,0.0
06210,山形県,天童市,60430,29,47.98940923382426,3,4.964421644878372,10,16.54807214959457,2,3.3096144299189145,0,0.0,3,4.964421644878372,2,3.3096144299189145,1,1.6548072149594573
06211,山形県,東根市,47098,19,40.341415771370336,7,14.86262686313644,7,14.86262686313644,3,6.369697227058475,1,2.1232324090194914,3,6.369697227058475,2,4.246464818038983,0,0.0
06212,山形県,尾花沢市,12987,7,53.9000539000539,1,7.7000077000077,3,23.100023100023098,0,0.0,0,0.0,0,0.0,2,15.4000154000154,0,0.0
06213,山形県,南陽市,28221,14,49.608447609935865,2,7.086921087133694,5,17.717302717834237,0,0.0,1,3.543460543566847,1,3.543460543566847,0,0.0,0,0.0
06301,山形県,山辺町,12940,6,46.36785162287481,0,0.0,3,23.183925811437405,0,0.0,0,0.0,0,0.0,1,7.727975270479135,0,0.0
06302,山形県,中山町,9995,4,40.020010005002504,1,10.005002501250626,2,20.010005002501252,1,10.005002501250626,0,0.0,0,0.0,0,0.0,0,0.0
06321,山形県,河北町,16421,13,79.16692040679618,2,12.17952621643018,3,18.26928932464527,2,12.17952621643018,1,6.08976310821509,0,0.0,2,12.17952621643018,0,0.0
06322,山形県,西川町,4296,4,93.10986964618249,0,0.0,0,0.0,0,0.0,0,0.0,0,0.0,0,0.0,0,0.0
06323,山形県,朝日町,5633,3,53.25758920646192,0,0.0,0,0.0,0,0.0,0,0.0,0,0.0,1,17.752529735487304,0,0.0
06324,山形県,大江町,6930,2,28.86002886002886,1,14.43001443001443,2,28.86002886002886,0,0.0,0,0.0,0,0.0,0,0.0,0,0.0
06341,山形県,大石田町,5871,2,34.065746891500595,0,0.0,0,0.0,0,0.0,0,0.0,0,0.0,0,0.0,0,0.0
06361,山形県,金山町,4509,1,22.177866489243733,0,0.0,0,0.0,0,0.0,0,0.0,0,0.0,0,0.0,0,0.0
06362,山形県,最上町,7245,2,27.605244996549345,1,13.802622498274673,0,0.0,0,0.0,0,0.0,0,0.0,0,0.0,0,0.0
06363,山形県,舟形町,4484,1,22.301516503122212,0,0.0,0,0.0,0,0.0,0,0.0,0,0.0,0,0.0,0,0.0
06364,山形県,真室川町,6363,3,47.14757190004715,0,0.0,0,0.0,0,0.0,0,0.0,0,0.0,0,0.0,0,0.0
06365,山形県,大蔵村,2668,1,37.48125937031484,0,0.0,0,0.0,0,0.0,0,0.0,0,0.0,0,0.0,0,0.0
06366,山形県,鮭川村,3502,1,28.555111364934323,0,0.0,0,0.0,0,0.0,0,0.0,0,0.0,0,0.0,0,0.0
06367,山形県,戸沢村,3718,1,26.896180742334586,0,0.0,0,0.0,0,0.0,0,0.0,0,0.0,0,0.0,0,0.0
06381,山形県,高畠町,20643,8,38.75405706534903,1,4.844257133168629,4,19.377028532674515,1,4.844257133168629,1,4.844257133168629,2,9.688514266337258,2,9.688514266337258,0,0.0
06382,山形県,川西町,12991,9,69.27873142945116,2,15.395273650989147,2,15.395273650989147,1,7.697636825494573,0,0.0,0,0.0,1,7.697636825494573,0,0.0
06401,山形県,小国町,6321,3,47.460844803037496,0,0.0,0,0.0,1,15.820281601012498,0,0.0,0,0.0,0,0.0,0,0.0
06402,山形県,白鷹町,11617,6,51.64844624257553,1,8.608074373762589,3,25.824223121287766,0,0.0,0,0.0,0,0.0,0,0.0,0,0.0
06403,山形県,飯豊町,6001,3,49.99166805532411,0,0.0,0,0.0,0,0.0,0,0.0,0,0.0,0,0.0,0,0.0
06426,山形県,三川町,7351,2,27.207182696231804,0,0.0,0,0.0,0,0.0,0,0.0,0,0.0,0,0.0,0,0.0
06428,山形県,庄内町,18226,6,32.92000438933392,2,10.97333479644464,3,16.46000219466696,1,5.48666739822232,1,5.48666739822232,0,0.0,1,5.48666739822232,0,0.0
06461,山形県,遊佐町,11669,4,34.27885851401148,0,0.0,1,8.56971462850287,0,0.0,0,0.0,0,0.0,0,0.0,0,0.0
07201,福島県,福島市,273384,153,55.96523571240453,46,16.826149299154302,74,27.06815322037866,24,8.778860503906593,13,4.755216106282738,15,5.4867878149416205,12,4.389430251953296,5,1.8289292716472068
07202,福島県,会津若松市,109725,58,52.85942128047391,16,14.581909318751423,21,19.138755980861244,7,6.379585326953749,2,1.8227386648439279,4,3.6454773296878558,5,4.5568466621098205,1,0.9113693324219639
07203,福島県,郡山市,319847,158,49.3986187145729,50,15.632474276763578,65,20.32221655979265,29,9.066835080522875,13,4.06444331195853,11,3.439144340887987,20,6.252989710705432,4,1.2505979421410862
07205,福島県,白河市,56170,32,56.96991276482108,11,19.583407512907247,11,19.583407512907247,8,14.24247819120527,4,7.121239095602635,1,1.7803097739006588,2,3.5606195478013176,0,0.0
07207,福島県,須賀川市,72248,35,48.44424759162883,9,12.457092237847414,15,20.761820396412357,9,12.457092237847414,1,1.384121359760824,1,1.384121359760824,6,8.304728158564943,1,1.384121359760824
07208,福島県,喜多方市,41008,18,43.893874365977375,7,17.06984003121342,10,24.385485758876317,2,4.8770971517752635,1,2.4385485758876317,2,4.8770971517752635,1,2.4385485758876317,0,0.0
07210,福島県,二本松市,50053,25,49.94705612051225,7,13.985175713743432,11,21.976704693025393,7,13.985175713743432,1,1.9978822448204903,0,0.0,3,5.993646734461471,0,0.0
07211,福島県,田村市,31276,15,47.960097199130324,4,12.78935925310142,4,12.78935925310142,0,0.0,1,3.197339813275355,0,0.0,0,0.0,0,0.0
07213,福島県,伊達市,54084,24,44.37541601952518,6,11.093854004881296,10,18.48975667480216,3,5.546927002440648,1,1.848975667480216,2,3.697951334960432,3,5.546927002440648,1,1.848975667480216
07214,福島県,本宮市,29301,9,30.7156752329272,2,6.825705607317156,3,10.238558410975735,2,6.825705607317156,0,0.0,0,0.0,0,0.0,0,0.0
07301,福島県,桑折町,10624,3,28.237951807228914,1,9.41265060240964,2,18.82530120481928,1,9.41265060240964,0,0.0,0,0.0,1,9.41265060240964,1,9.41265060240964
07303,福島県,国見町,7828,2,25.54931016862545,2,25.54931016862545,2,25.54931016862545,0,0.0,1,12.774655084312725,0,0.0,1,12.774655084312725,0,0.0
07308,福島県,川俣町,10716,6,55.99104143337066,3,27.99552071668533,2,18.66368047779022,2,18.66368047779022,0,0.0,0,0.0,0,0.0,0,0.0
07322,福島県,大玉村,8917,0,0.0,0,0.0,0,0.0,0,0.0,0,0.0,0,0.0,0,0.0,0,0.0
07342,福島県,鏡石町,11938,6,50.259674987435076,4,33.50644999162339,2,16.753224995811696,1,8.376612497905848,1,8.376612497905848,0,0.0,0,0.0,0,0.0
07344,福島県,天栄村,4760,3,63.02521008403362,1,21.008403361344538,0,0.0,0,0.0,0,0.0,0,0.0,0,0.0,0,0.0
07362,福島県,下郷町,4648,2,43.029259896729776,1,21.514629948364888,2,43.029259896729776,0,0.0,0,0.0,0,0.0,0,0.0,0,0.0
07364,福島県,檜枝岐村,447,1,223.71364653243847,0,0.0,0,0.0,0,0.0,0,0.0,0,0.0,0,0.0,0,0.0
07367,福島県,只見町,3606,1,27.731558513588467,0,0.0,0,0.0,0,0.0,0,0.0,0,0.0,0,0.0,0,0.0
07368,福島県,南会津町,12592,7,55.590851334180435,0,0.0,1,7.941550190597205,0,0.0,1,7.941550190597205,0,0.0,1,7.941550190597205,0,0.0
07402,福島県,北塩原村,2315,2,86.39308855291577,0,0.0,0,0.0,0,0.0,0,0.0,0,0.0,0,0.0,0,0.0
07405,福島県,西会津町,5112,3,58.68544600938967,0,0.0,0,0.0,0,0.0,0,0.0,0,0.0,0,0.0,0,0.0
07407,福島県,磐梯町,3069,1,32.583903551645484,0,0.0,0,0.0,0,0.0,0,0.0,0,0.0,1,32.583903551645484,0,0.0
07408,福島県,猪苗代町,12033,6,49.86287708800798,2,16.620959029335992,1,8.310479514667996,0,0.0,0,0.0,0,0.0,0,0.0,0,0.0
07421,福島県,会津坂下町,13898,5,35.97639948193985,1,7.195279896387969,1,7.195279896387969,2,14.390559792775939,0,0.0,0,0.0,0,0.0,0,0.0
07422,福島県,湯川村,2890,0,0.0,0,0.0,0,0.0,0,0.0,0,0.0,0,0.0,0,0.0,0,0.0
07423,福島県,柳津町,2769,2,72.22824124232575,0,0.0,0,0.0,0,0.0,0,0.0,0,0.0,0,0.0,0,0.0
07444,福島県,三島町,1237,1,80.84074373484236,0,0.0,0,0.0,0,0.0,0,0.0,0,0.0,0,0.0,0,0.0
07445,福島県,金山町,1573,3,190.71837253655434,0,0.0,0,0.0,0,0.0,0,0.0,0,0.0,0,0.0,0,0.0
07446,福島県,昭和村,1079,1,92.67840593141798,0,0.0,0,0.0,0,0.0,0,0.0,0,0.0,0,0.0,0,0.0
07447,福島県,会津美里町,16993,4,23.539104337079973,1,5.884776084269993,1,5.884776084269993,1,5.884776084269993,0,0.0,0,0.0,0,0.0,0,0.0
07461,福島県,西郷村,20695,8,38.656680357574295,1,4.832085044696787,2,9.664170089393574,1,4.832085044696787,0,0.0,1,4.832085044696787,1,4.832085044696787,0,0.0
07464,福島県,泉崎村,5913,1,16.91188905800778,0,0.0,1,16.91188905800778,0,0.0,0,0.0,0,0.0,0,0.0,0,0.0
07465,福島県,中島村,4688,1,21.331058020477816,0,0.0,1,21.331058020477816,0,0.0,0,0.0,0,0.0,0,0.0,0,0.0
07466,福島県,矢吹町,16751,8,47.75834278550534,1,5.969792848188168,3,17.909378544564504,1,5.969792848188168,0,0.0,0,0.0,1,5.969792848188168,0,0.0
07481,福島県,棚倉町,12196,6,49.19645785503444,3,24.59822892751722,4,32.797638570022954,2,16.398819285011477,0,0.0,1,8.199409642505739,0,0.0,0,0.0
07482,福島県,矢祭町,4949,2,40.4122044857547,0,0.0,0,0.0,0,0.0,0,0.0,0,0.0,0,0.0,0,0.0
07483,福島県,塙町,7569,4,52.847139648566525,3,39.635354736424894,2,26.423569824283263,0,0.0,0,0.0,0,0.0,1,13.211784912141631,0,0.0
07484,福島県,鮫川村,2675,1,37.38317757009346,0,0.0,0,0.0,0,0.0,0,0.0,0,0.0,0,0.0,0,0.0
07501,福島県,石川町,13210,8,60.56018168054504,4,30.28009084027252,3,22.71006813020439,3,22.71006813020439,0,0.0,0,0.0,2,15.14004542013626,0,0.0
07502,福島県,玉川村,5943,2,33.65303718660609,1,16.826518593303046,2,33.65303718660609,0,0.0,0,0.0,1,16.826518593303046,0,0.0,0,0.0
07503,福島県,平田村,5269,2,37.957866767887644,1,18.978933383943822,1,18.978933383943822,0,0.0,0,0.0,0,0.0,1,18.978933383943822,0,0.0
07504,福島県,浅川町,5525,1,18.099547511312217,0,0.0,1,18.099547511312217,0,0.0,0,0.0,0,0.0,0,0.0,0,0.0
07505,福島県,古殿町,4289,1,23.315458148752622,1,23.315458148752622,1,23.315458148752622,1,23.315458148752622,0,0.0,0,0.0,0,0.0,0,0.0
07521,福島県,三春町,16105,8,49.674014281279106,1,6.209251785159888,3,18.627755355479664,0,0.0,0,0.0,0,0.0,0,0.0,0,0.0
07522,福島県,小野町,8586,6,69.88120195667365,1,11.646866992778943,1,11.646866992778943,0,0.0,0,0.0,0,0.0,0,0.0,0,0.0
07999,福島県,浜通り地域,421046,215,51.06330424704189,72,17.100269329241936,95,22.562855364972,53,12.587698256247537,10,2.3750374068391578,9,2.137533666155242,15,3.5625561102587366,2,0.47500748136783155
08201,茨城県,水戸市,266163,151,56.73215285370243,38,14.276965618812532,56,21.0397388066711,31,11.646998267978645,11,4.13280583702468,15,5.635644323215473,15,5.635644323215473,5,1.878548107738491
08202,茨城県,日立市,160753,64,39.8126318015838,11,6.842796090897214,16,9.95315795039595,8,4.976578975197975,3,1.8662171156992402,2,1.2441447437994937,3,1.8662171156992402,0,0.0
08203,茨城県,土浦市,139587,72,51.58073459562853,17,12.178784557301181,18,12.895183648907132,14,10.029587282483325,6,4.298394549635711,6,4.298394549635711,8,5.731192732847615,3,2.1491972748178556
08204,茨城県,古河市,135568,48,35.40658562492624,10,7.376372005192965,15,11.064558007789449,5,3.6881860025964825,5,3.6881860025964825,6,4.42582320311578,7,5.163460403635076,2,1.4752744010385932
08205,茨城県,石岡市,69003,28,40.57794588641074,6,8.695274118516586,9,13.042911177774878,3,4.347637059258293,2,2.8984247061721953,1,1.4492123530860976,5,7.246061765430488,0,0.0
08207,茨城県,結城市,49231,23,46.718531006885904,9,18.28116430704231,7,14.218683349921799,4,8.124961914241027,1,2.0312404785602567,2,4.062480957120513,2,4.062480957120513,0,0.0
08208,茨城県,龍ケ崎市,74345,29,39.00733068800861,4,5.380321474208084,7,9.415562579864147,3,4.0352411056560635,1,1.345080368552021,1,1.345080368552021,1,1.345080368552021,0,0.0
08210,茨城県,下妻市,40855,15,36.715212336311346,3,7.343042467262269,3,7.343042467262269,1,2.447680822420756,1,2.447680822420756,0,0.0,1,2.447680822420756,0,0.0
08211,茨城県,常総市,58374,18,30.83564600678384,4,6.852365779285297,6,10.278548668927948,3,5.139274334463974,1,1.7130914448213244,1,1.7130914448213244,0,0.0,1,1.7130914448213244
08212,茨城県,常陸太田市,44239,17,38.427631727661115,5,11.30224462578268,7,15.823142476095752,5,11.30224462578268,3,6.781346775469609,1,2.260448925156536,5,11.30224462578268,1,2.260448925156536
08214,茨城県,高萩市,25222,13,51.54230433748315,2,7.929585282689715,6,23.788755848069144,3,11.894377924034572,0,0.0,0,0.0,1,3.9647926413448573,0,0.0
08215,茨城県,北茨城市,38946,12,30.81189339084887,0,0.0,0,0.0,1,2.567657782570739,2,5.135315565141478,0,0.0,1,2.567657782570739,0,0.0
08216,茨城県,笠間市,69809,35,50.13680184503431,8,11.459840421722127,8,11.459840421722127,5,7.16240026357633,2,2.864960105430532,1,1.432480052715266,4,5.729920210861064,0,0.0
08217,茨城県,取手市,101460,46,45.338064261778044,10,9.856100926473488,12,11.827321111768185,8,7.88488074117879,4,3.942440370589395,4,3.942440370589395,4,3.942440370589395,3,2.9568302779420463
08219,茨城県,牛久市,82316,35,42.51907284124593,6,7.288983915642159,15,18.222459789105397,9,10.93347587346324,3,3.6444919578210797,2,2.429661305214053,3,3.6444919578210797,1,1.2148306526070265
08220,茨城県,つくば市,255190,133,52.11802970335828,29,11.36408166464203,43,16.85019005446922,21,8.22916258474078,5,1.959324424938281,8,3.13491907990125,13,5.094243504839532,5,1.959324424938281
08221,茨城県,ひたちなか市,154405,55,35.62060814092808,15,9.714711311162203,15,9.714711311162203,12,7.771769048929763,3,1.9429422622324408,5,3.2382371037207345,2,1.2952948414882939,1,0.6476474207441469
08222,茨城県,鹿嶋市,64249,21,32.68533362386963,3,4.669333374838518,3,4.669333374838518,3,4.669333374838518,1,1.5564444582795063,1,1.5564444582795063,2,3.1128889165590126,0,0.0
08223,茨城県,潮来市,25753,11,42.713470275307735,3,11.649128256902108,2,7.7660855046014055,1,3.8830427523007027,0,0.0,0,0.0,1,3.8830427523007027,0,0.0
08224,茨城県,守谷市,70289,31,44.10362930188223,5,7.1134885970777795,6,8.536186316493335,4,5.690790877662223,2,2.8453954388311113,2,2.8453954388311113,7,9.95888403590889,0,0.0
08225,茨城県,常陸大宮市,36311,18,49.57175511552973,4,11.015945581228829,6,16.523918371843244,5,13.769931976536034,2,5.5079727906144145,1,2.7539863953072072,1,2.7539863953072072,0,0.0
08226,茨城県,那珂市,52231,24,45.94972334437403,5,9.572859030077923,8,15.316574448124678,5,9.572859030077923,1,1.9145718060155847,1,1.9145718060155847,2,3.8291436120311695,0,0.0
08227,茨城県,筑西市,95963,48,50.019278263497384,9,9.37861467440576,17,17.715161051655326,5,5.210341485780978,1,1.0420682971561956,2,2.0841365943123913,2,2.0841365943123913,0,0.0
08228,茨城県,坂東市,49904,16,32.06155819172812,5,10.019236934915037,5,10.019236934915037,2,4.007694773966015,0,0.0,0,0.0,2,4.007694773966015,0,0.0
08229,茨城県,稲敷市,35097,12,34.190956492007864,1,2.8492463743339886,4,11.396985497335955,0,0.0,1,2.8492463743339886,1,2.8492463743339886,2,5.698492748667977,0,0.0
08230,茨城県,かすみがうら市,38225,10,26.160889470241987,2,5.232177894048397,2,5.232177894048397,1,2.6160889470241986,0,0.0,0,0.0,0,0.0,0,0.0
08231,茨城県,桜川市,35356,15,42.42561375721235,8,22.626994003846587,5,14.141871252404119,3,8.48512275144247,0,0.0,0,0.0,2,5.656748500961647,0,0.0
08232,茨城県,神栖市,93290,31,33.229713795690856,11,11.791188766212885,11,11.791188766212885,3,3.2157787544216956,3,3.2157787544216956,0,0.0,1,1.0719262514738988,0,0.0
08233,茨城県,行方市,29644,9,30.360275266495748,3,10.120091755498583,2,6.746727836999056,1,3.373363918499528,2,6.746727836999056,2,6.746727836999056,1,3.373363918499528,0,0.0
08234,茨城県,鉾田市,43854,14,31.924111825603138,3,6.840881105486386,5,11.401468509143978,3,6.840881105486386,0,0.0,1,2.2802937018287954,1,2.2802937018287954,0,0.0
08235,茨城県,つくばみらい市,51712,12,23.205445544554454,1,1.9337871287128714,4,7.735148514851486,1,1.9337871287128714,0,0.0,1,1.9337871287128714,1,1.9337871287128714,0,0.0
08236,茨城県,小美玉市,46906,12,25.583081055728478,4,8.527693685242827,6,12.791540527864239,3,6.3957702639321194,1,2.131923421310707,0,0.0,0,0.0,0,0.0
08302,茨城県,茨城町,29985,12,40.020010005002504,3,10.005002501250626,5,16.67500416875104,2,6.670001667500418,1,3.335000833750209,0,0.0,3,10.005002501250626,1,3.335000833750209
08309,茨城県,大洗町,14610,5,34.223134839151264,2,13.689253935660506,1,6.844626967830253,2,13.689253935660506,0,0.0,0,0.0,0,0.0,0,0.0
08310,茨城県,城里町,16523,7,42.36518791986927,0,0.0,2,12.104339405676935,0,0.0,0,0.0,0,0.0,0,0.0,0,0.0
08341,茨城県,東海村,37526,7,18.65373341150136,2,5.329638117571816,2,5.329638117571816,1,2.664819058785908,0,0.0,0,0.0,0,0.0,0,0.0
08364,茨城県,大子町,13664,6,43.91100702576112,1,7.318501170960188,4,29.27400468384075,0,0.0,0,0.0,0,0.0,0,0.0,0,0.0
08442,茨城県,美浦村,13594,3,22.068559658672942,1,7.356186552890981,1,7.356186552890981,1,7.356186552890981,0,0.0,0,0.0,1,7.356186552890981,0,0.0
08443,茨城県,阿見町,50257,14,27.856815965935095,3,5.969317706986091,2,3.9795451379907276,4,7.959090275981455,1,1.9897725689953638,3,5.969317706986091,2,3.9795451379907276,0,0.0
08447,茨城県,河内町,7404,0,0.0,0,0.0,0,0.0,0,0.0,0,0.0,0,0.0,0,0.0,0,0.0
08521,茨城県,八千代町,19946,3,15.040609646044318,1,5.01353654868144,1,5.01353654868144,1,5.01353654868144,0,0.0,0,0.0,0,0.0,0,0.0
08542,茨城県,五霞町,7549,2,26.493575307987815,1,13.246787653993907,1,13.246787653993907,0,0.0,0,0.0,0,0.0,0,0.0,0,0.0
08546,茨城県,境町,23551,8,33.96883359517643,2,8.492208398794107,3,12.73831259819116,1,4.246104199397053,1,4.246104199397053,0,0.0,1,4.246104199397053,0,0.0
08564,茨城県,利根町,14233,5,35.129628328532284,2,14.051851331412914,4,28.103702662825828,1,7.025925665706457,0,0.0,1,7.025925665706457,0,0.0,0,0.0
09201,栃木県,宇都宮市,505490,280,55.391798057330504,95,18.793645769451423,99,19.58495717027043,55,10.88053176126135,22,4.352212704504541,30,5.934835506142555,36,7.121802607371066,4,0.7913114008190072
09202,栃木県,足利市,138002,65,47.10076665555572,19,13.767916407008595,30,21.738815379487253,10,7.2462717931624185,5,3.6231358965812093,4,2.898508717264967,9,6.521644613846177,0,0.0
09203,栃木県,栃木市,149436,85,56.88053748762012,31,20.744666613132043,29,19.406301025188043,18,12.045290291496025,6,4.015096763832008,6,4.015096763832008,9,6.022645145748013,0,0.0
09204,栃木県,佐野市,112263,59,52.55516064954616,13,11.579950651594915,21,18.706074129499477,7,6.235358043166493,1,0.8907654347380703,1,0.8907654347380703,4,3.5630617389522814,0,0.0
09205,栃木県,鹿沼市,89631,41,45.743102274882574,13,14.503910477401794,17,18.96665216275619,10,11.156854213385994,2,2.2313708426771988,7,7.809797949370196,3,3.347056264015798,0,0.0
09206,栃木県,日光市,71148,38,53.40979366953393,5,7.027604430201833,9,12.649687974363298,5,7.027604430201833,4,5.622083544161467,2,2.8110417720807335,3,4.2165626581210995,0,0.0
09208,栃木県,小山市,166168,71,42.7278417023735,21,12.637812334504838,31,18.65581820807857,12,7.221607048288479,3,1.8054017620721197,5,3.0090029367868665,5,3.0090029367868665,3,1.8054017620721197
09209,栃木県,真岡市,75587,38,50.27319512614603,16,21.167661105745697,15,19.84468228663659,12,15.875745829309272,6,7.937872914654636,2,2.645957638218212,6,7.937872914654636,1,1.322978819109106
09210,栃木県,大田原市,69328,37,53.36948996076622,11,15.866605123471036,15,21.63627971382414,5,7.21209323794138,4,5.769674590353104,3,4.327255942764828,3,4.327255942764828,1,1.442418647588276
09211,栃木県,矢板市,29280,13,44.39890710382514,5,17.07650273224044,6,20.491803278688526,2,6.830601092896175,2,6.830601092896175,2,6.830601092896175,2,6.830601092896175,0,0.0
09213,栃木県,那須塩原市,113063,45,39.800819012409015,13,11.498014381362603,22,19.458178183844403,10,8.844626447202002,3,2.653387934160601,6,5.306775868321202,4,3.5378505788808012,1,0.8844626447202003
09214,栃木県,さくら市,43748,17,38.85891926488068,6,13.714912681722591,8,18.28655024229679,4,9.143275121148395,0,0.0,0,0.0,0,0.0,0,0.0
09215,栃木県,那須烏山市,22419,16,71.3680360408582,2,8.921004505107275,4,17.84200901021455,1,4.4605022525536375,0,0.0,0,0.0,2,8.921004505107275,0,0.0
09216,栃木県,下野市,58521,38,64.93395533227388,11,18.79667128039507,14,23.923036175048274,7,11.961518087524137,3,5.126364894653202,2,3.4175765964354676,7,11.961518087524137,1,1.7087882982177338
09301,栃木県,上三川町,30018,12,39.97601439136518,5,16.656672663068825,5,16.656672663068825,4,13.32533813045506,0,0.0,0,0.0,1,3.331334532613765,0,0.0
09342,栃木県,益子町,20319,10,49.21502042423347,4,19.68600816969339,3,14.764506127270044,1,4.921502042423348,1,4.921502042423348,0,0.0,2,9.843004084846696,0,0.0
09343,栃木県,茂木町,10574,4,37.82863627766219,2,18.914318138831096,2,18.914318138831096,0,0.0,0,0.0,0,0.0,1,9.457159069415548,0,0.0
09344,栃木県,市貝町,10662,4,37.51641343087601,2,18.758206715438003,3,28.137310073157007,1,9.379103357719002,0,0.0,2,18.758206715438003,1,9.379103357719002,0,0.0
09345,栃木県,芳賀町,14584,4,27.427317608337905,3,20.57048820625343,1,6.856829402084476,3,20.57048820625343,2,13.713658804168952,1,6.856829402084476,0,0.0,0,0.0
09361,栃木県,壬生町,38627,24,62.13270510264841,9,23.29976441349315,9,23.29976441349315,4,10.3554508504414,2,5.1777254252207,3,7.766588137831051,1,2.58886271261035,1,2.58886271261035
09364,栃木県,野木町,24141,9,37.28097427612775,1,4.142330475125306,3,12.426991425375917,2,8.284660950250611,2,8.284660950250611,1,4.142330475125306,2,8.284660950250611,0,0.0
09384,栃木県,塩谷町,9132,4,43.802014892685065,1,10.950503723171266,1,10.950503723171266,0,0.0,0,0.0,1,10.950503723171266,0,0.0,0,0.0
09386,栃木県,高根沢町,28405,12,42.246083436014786,4,14.08202781200493,4,14.08202781200493,4,14.08202781200493,1,3.5205069530012323,1,3.5205069530012323,1,3.5205069530012323,0,0.0
09407,栃木県,那須町,22816,7,30.680224403927067,2,8.76577840112202,3,13.148667601683028,2,8.76577840112202,0,0.0,0,0.0,0,0.0,0,0.0
09411,栃木県,那珂川町,13371,6,44.87323311644604,2,14.95774437214868,2,14.95774437214868,0,0.0,0,0.0,0,0.0,0,0.0,0,0.0
10201,群馬県,前橋市,324621,190,58.52979320499906,60,18.483092591052337,85,26.184381170657474,60,18.483092591052337,10,3.0805154318420556,23,7.085185493236728,14,4.312721604578877,3,0.9241546295526167
10202,群馬県,高崎市,369221,198,53.62641886566582,61,16.521270458614218,77,20.85471844775893,31,8.396055478967881,6,1.6250429959292672,17,4.604288488466257,15,4.062607489823168,1,0.2708404993215445
10203,群馬県,桐生市,97073,68,70.05037446045759,21,21.633203877494257,23,23.693509008684188,7,7.211067959164752,0,0.0,1,1.0301525655949646,5,5.150762827974822,0,0.0
10204,群馬県,伊勢崎市,210617,83,39.408024993234164,33,15.668250900924425,33,15.668250900924425,19,9.0211141550777,4,1.899181927384779,9,4.273159336615753,6,2.8487728910771684,0,0.0
10205,群馬県,太田市,221868,95,42.81825229415689,22,9.91580579443633,34,15.32442713685615,16,7.211495123226423,5,2.253592226008257,8,3.6057475616132115,10,4.507184452016514,0,0.0
10206,群馬県,沼田市,41555,23,55.34833353387078,8,19.251594272650703,9,21.658043556732043,6,14.438695704488028,2,4.812898568162676,2,4.812898568162676,5,12.03224642040669,0,0.0
10207,群馬県,館林市,72820,39,53.55671518813513,12,16.47898928865696,12,16.47898928865696,9,12.359241966492721,1,1.3732491073880801,3,4.11974732216424,4,5.492996429552321,1,1.3732491073880801
10208,群馬県,渋川市,69602,41,58.906353265710756,13,18.67762420620097,16,22.987845176862734,10,14.367403235539209,2,2.873480647107842,8,11.493922588431367,3,4.310220970661763,0,0.0
10209,群馬県,藤岡市,59603,31,52.01080482526047,8,13.422143180712379,18,30.199822156602853,6,10.066607385534285,4,6.711071590356189,3,5.033303692767142,3,5.033303692767142,2,3.3555357951780946
10210,群馬県,富岡市,44056,28,63.55547485019067,5,11.349191937534048,9,20.428545487561287,2,4.539676775013619,3,6.809515162520428,1,2.2698383875068093,3,6.809515162520428,0,0.0
10211,群馬県,安中市,51556,29,56.24951509038715,8,15.517107611141283,8,15.517107611141283,3,5.818915354177981,2,3.8792769027853207,4,7.758553805570641,1,1.9396384513926603,0,0.0
10212,群馬県,みどり市,47266,24,50.776456649600135,5,10.578428468666694,8,16.92548554986671,3,6.347057081200017,1,2.115685693733339,4,8.462742774933355,2,4.231371387466678,1,2.115685693733339
10344,群馬県,榛東村,14075,2,14.209591474245116,2,14.209591474245116,1,7.104795737122558,1,7.104795737122558,0,0.0,0,0.0,0,0.0,0,0.0
10345,群馬県,吉岡町,22326,10,44.79082683866344,2,8.958165367732688,0,0.0,2,8.958165367732688,0,0.0,1,4.479082683866344,0,0.0,0,0.0
10366,群馬県,上野村,990,1,101.01010101010101,0,0.0,0,0.0,0,0.0,0,0.0,0,0.0,0,0.0,0,0.0
10367,群馬県,神流町,1361,2,146.9507714915503,0,0.0,1,73.47538574577516,0,0.0,0,0.0,0,0.0,0,0.0,0,0.0
10382,群馬県,下仁田町,5633,4,71.01011894194922,1,17.752529735487304,2,35.50505947097461,1,17.752529735487304,0,0.0,1,17.752529735487304,0,0.0,0,0.0
10383,群馬県,南牧村,1299,1,76.98229407236335,0,0.0,0,0.0,0,0.0,0,0.0,0,0.0,0,0.0,0,0.0
10384,群馬県,甘楽町,11583,6,51.800051800051804,3,25.900025900025902,3,25.900025900025902,2,17.2666839333506,0,0.0,0,0.0,1,8.6333419666753,0,0.0
10421,群馬県,中之条町,14060,14,99.5732574679943,1,7.112375533428166,1,7.112375533428166,0,0.0,1,7.112375533428166,1,7.112375533428166,1,7.112375533428166,0,0.0
10424,群馬県,長野原町,4641,3,64.64124111182934,1,21.54708037060978,1,21.54708037060978,0,0.0,0,0.0,0,0.0,0,0.0,0,0.0
10425,群馬県,嬬恋村,8146,2,24.551927326295115,0,0.0,1,12.275963663147557,0,0.0,0,0.0,0,0.0,0,0.0,0,0.0
10426,群馬県,草津町,5572,4,71.78750897343862,0,0.0,1,17.946877243359655,0,0.0,0,0.0,0,0.0,0,0.0,0,0.0
10428,群馬県,高山村,3309,1,30.22061045633122,0,0.0,1,30.22061045633122,0,0.0,0,0.0,0,0.0,0,0.0,0,0.0
10429,群馬県,東吾妻町,11465,7,61.05538595726123,3,26.166593981683384,4,34.888791975577846,2,17.444395987788923,2,17.444395987788923,1,8.722197993894461,2,17.444395987788923,0,0.0
10443,群馬県,片品村,3558,2,56.21135469364812,0,0.0,0,0.0,0,0.0,0,0.0,0,0.0,0,0.0,0,0.0
10444,群馬県,川場村,3174,2,63.0119722747322,1,31.5059861373661,1,31.5059861373661,1,31.5059861373661,0,0.0,1,31.5059861373661,0,0.0,0,0.0
10448,群馬県,昭和村,6630,1,15.08295625942685,0,0.0,0,0.0,0,0.0,0,0.0,0,0.0,0,0.0,0,0.0
10449,群馬県,みなかみ町,15425,6,38.897893030794165,4,25.931928687196113,3,19.448946515397083,2,12.965964343598056,0,0.0,1,6.482982171799028,2,12.965964343598056,0,0.0
10464,群馬県,玉村町,34934,9,25.762867120856473,3,8.587622373618824,3,8.587622373618824,0,0.0,1,2.862540791206275,2,5.72508158241255,1,2.862540791206275,1,2.862540791206275
10521,群馬県,板倉町,13023,4,30.714889042463337,0,0.0,1,7.678722260615834,0,0.0,0,0.0,0,0.0,0,0.0,0,0.0
10522,群馬県,明和町,10257,3,29.248318221702252,1,9.749439407234084,1,9.749439407234084,1,9.749439407234084,0,0.0,1,9.749439407234084,0,0.0,0,0.0
10523,群馬県,千代田町,10441,2,19.155253328225267,0,0.0,1,9.577626664112634,0,0.0,0,0.0,0,0.0,0,0.0,0,0.0
10524,群馬県,大泉町,41603,12,28.84407374468187,3,7.211018436170468,4,9.614691248227292,0,0.0,0,0.0,0,0.0,2,4.807345624113646,0,0.0
10525,群馬県,邑楽町,24510,7,28.559771521827827,3,12.239902080783354,3,12.239902080783354,1,4.079967360261118,1,4.079967360261118,2,8.159934720522235,0,0.0,0,0.0
11101,埼玉県,さいたま市西区,97959,33,33.68756316418093,7,7.145846731795955,11,11.229187721393645,2,2.0416704947988444,2,2.0416704947988444,2,2.0416704947988444,4,4.083340989597689,1,1.0208352473994222
11102,埼玉県,さいたま市北区,151850,67,44.12248929864998,15,9.878169245966415,16,10.536713862364175,9,5.926901547579848,4,2.634178465591044,6,3.951267698386566,6,3.951267698386566,2,1.317089232795522
11103,埼玉県,さいたま市大宮区,122264,89,72.79329974481449,13,10.63272917620886,19,15.540142642151409,6,4.907413465942551,3,2.4537067329712756,5,4.0895112216187925,3,2.4537067329712756,1,0.8179022443237584
11104,埼玉県,さいたま市見沼区,165778,59,35.5897646249804,7,4.222514447031573,13,7.8418125444872055,5,3.0160817478796944,4,2.412865398303756,4,2.412865398303756,3,1.8096490487278167,2,1.206432699151878
11105,埼玉県,さいたま市中央区,105127,66,62.78120749189076,7,6.658612915806596,13,12.365995415069392,8,7.609843332350395,2,1.9024608330875987,0,0.0,7,6.658612915806596,0,0.0
11106,埼玉県,さいたま市桜区,98243,27,27.482874097900105,5,5.08942112924076,8,8.143073806785218,2,2.0357684516963044,1,1.0178842258481522,4,4.071536903392609,2,2.0357684516963044,0,0.0
11107,埼玉県,さいたま市浦和区,169225,97,57.320135913724336,18,10.63672625203132,24,14.182301669375091,12,7.091150834687546,4,2.363716944895849,6,3.545575417343773,5,2.954646181119811,0,0.0
11108,埼玉県,さいたま市南区,195804,71,36.260750546464834,11,5.617862760719904,22,11.235725521439807,7,3.575003575003575,2,1.0214295928581643,2,1.0214295928581643,7,3.575003575003575,1,0.5107147964290821
11109,埼玉県,さいたま市緑区,136678,44,32.19245233322115,7,5.12152650755791,10,7.316466439368443,4,2.926586575747377,0,0.0,6,4.389879863621066,6,4.389879863621066,0,0.0
11110,埼玉県,さいたま市岩槻区,110948,39,35.15160255254714,9,8.111908281357033,9,8.111908281357033,4,3.6052925694920144,3,2.7039694271190107,5,4.5066157118650185,3,2.7039694271190107,0,0.0
11201,埼玉県,川越市,355370,140,39.39555955764414,39,10.974477305343726,43,12.100064721276416,24,6.75352449559614,4,1.1255874159326897,17,4.783746517713932,14,3.9395559557644146,1,0.28139685398317243
11202,埼玉県,熊谷市,188920,94,49.75651069235656,21,11.115816218505186,29,15.350412873173829,10,5.293245818335803,6,3.1759474910014824,2,1.0586491636671607,8,4.234596654668643,0,0.0
11203,埼玉県,川口市,602313,213,35.36367304042915,45,7.471198529668129,65,10.791731209520632,29,4.814772385786128,13,2.1583462419041264,21,3.486559313845127,23,3.818612581830377,3,0.4980799019778753
11206,埼玉県,行田市,74480,22,29.538131041890438,6,8.055853920515574,8,10.741138560687434,5,6.713211600429645,3,4.027926960257787,1,1.3426423200859292,3,4.027926960257787,0,0.0
11207,埼玉県,秩父市,55148,38,68.90549067962574,4,7.253209545223761,4,7.253209545223761,3,5.439907158917821,1,1.8133023863059403,0,0.0,2,3.6266047726118806,0,0.0
11208,埼玉県,所沢市,339782,149,43.851646055412,33,9.712109529050979,43,12.65517302270279,23,6.7690460353991675,11,3.237369843016993,15,4.414595240477718,12,3.5316761923821742,1,0.2943063493651812
11209,埼玉県,飯能市,78885,34,43.100716232490335,8,10.141344995880079,9,11.409013120365088,1,1.2676681244850099,1,1.2676681244850099,3,3.8030043734550296,7,8.87367687139507,0,0.0
11210,埼玉県,加須市,109475,36,32.88422014158484,12,10.961406713861612,13,11.874857273350079,6,5.480703356930806,1,0.9134505594884677,5,4.567252797442339,5,4.567252797442339,1,0.9134505594884677
11211,埼玉県,本庄市,76871,36,46.83170506432855,5,6.504403481156743,8,10.407045569850789,5,6.504403481156743,0,0.0,0,0.0,5,6.504403481156743,0,0.0
11212,埼玉県,東松山市,90946,44,48.38035757482462,5,5.497767906230071,12,13.194642974952169,7,7.696875068722099,4,4.398214324984057,2,2.1991071624920284,7,7.696875068722099,1,1.0995535812460142
11214,埼玉県,春日部市,223590,92,41.14674180419518,18,8.050449483429492,28,12.522921418668098,11,4.919719128762467,6,2.683483161143164,7,3.1307303546670244,10,4.472471935238606,3,1.341741580571582
11215,埼玉県,狭山市,143489,54,37.633546822404504,12,8.363010404978779,15,10.453763006223474,11,7.666092871230548,4,2.7876701349929265,3,2.0907526012446946,5,3.484587668741158,2,1.3938350674964632
11216,埼玉県,羽生市,51044,21,41.14097641250686,5,9.795470574406394,4,7.836376459525116,3,5.877282344643837,0,0.0,1,1.959094114881279,2,3.918188229762558,2,3.918188229762558
11217,埼玉県,鴻巣市,113935,42,36.863123710887784,12,10.532321060253652,17,14.920788168692676,7,6.143853951814631,3,2.633080265063413,1,0.8776934216878045,2,1.755386843375609,0,0.0
11218,埼玉県,深谷市,137365,62,45.135223674152805,10,7.279874786153678,19,13.831762093691989,6,4.367924871692207,3,2.1839624358461034,3,2.1839624358461034,3,2.1839624358461034,1,0.7279874786153678
11219,埼玉県,上尾市,225590,80,35.46256483000133,21,9.308923267875349,21,9.308923267875349,13,5.762666784875216,6,2.6596923622501,4,1.7731282415000664,9,3.9895385433751493,1,0.4432820603750166
11221,埼玉県,草加市,247233,77,31.14470964636598,20,8.089534973082072,24,9.707441967698486,7,2.8313372405787254,5,2.022383743270518,9,3.6402907378869327,1,0.4044767486541036,2,0.8089534973082072
11222,埼玉県,越谷市,344085,130,37.781362163418926,31,9.009401746661435,36,10.462531060639087,21,6.103143118706134,5,1.4531293139776509,9,2.6156327651597717,14,4.068762079137422,2,0.5812517255910604
11223,埼玉県,蕨市,74649,28,37.50887486771423,6,8.037616043081622,4,5.3584106953877475,2,2.6792053476938738,3,4.018808021540811,3,4.018808021540811,1,1.3396026738469369,0,0.0
11224,埼玉県,戸田市,145357,60,41.27768184538756,18,12.383304553616268,19,13.071265917706063,11,7.56757500498772,4,2.7518454563591708,4,2.7518454563591708,7,4.815729548628549,0,0.0
11225,埼玉県,入間市,142042,43,30.272736232945185,12,8.448205460356796,13,9.152222582053197,10,7.040171216963997,3,2.112051365089199,5,3.5200856084819985,4,2.816068486785599,1,0.7040171216963997
11227,埼玉県,朝霞市,143941,41,28.483892706039278,6,4.168374542347212,17,11.810394536650433,6,4.168374542347212,2,1.3894581807824038,3,2.084187271173606,6,4.168374542347212,1,0.6947290903912019
11228,埼玉県,志木市,76666,21,27.391542535152478,5,6.52179584170297,3,3.9130775050217825,2,2.608718336681189,0,0.0,1,1.3043591683405944,1,1.3043591683405944,0,0.0
11229,埼玉県,和光市,85639,25,29.192307243195273,2,2.335384579455622,5,5.8384614486390545,2,2.335384579455622,1,1.167692289727811,1,1.167692289727811,5,5.8384614486390545,0,0.0
11230,埼玉県,新座市,167343,48,28.68360194331403,10,5.97575040485709,17,10.158775688257052,3,1.792725121457127,2,1.1951500809714182,5,2.987875202428545,6,3.585450242914254,0,0.0
11231,埼玉県,桶川市,73780,26,35.23990241257793,6,8.13228517213337,7,9.487666034155598,1,1.3553808620222283,0,0.0,1,1.3553808620222283,2,2.7107617240444566,0,0.0
11232,埼玉県,久喜市,146973,58,39.46303062467256,17,11.566750355507475,17,11.566750355507475,9,6.123573717621604,6,4.082382478414402,6,4.082382478414402,9,6.123573717621604,0,0.0
11233,埼玉県,北本市,62926,30,47.675046880462766,9,14.302514064138828,14,22.24835521088262,6,9.535009376092553,2,3.1783364586975176,2,3.1783364586975176,5,7.945841146743795,1,1.5891682293487588
11234,埼玉県,八潮市,93550,32,34.20630678781401,9,9.620523784072688,8,8.551576696953502,4,4.275788348476751,2,2.1378941742383755,3,3.206841261357563,2,2.1378941742383755,0,0.0
11235,埼玉県,富士見市,112710,41,36.376541566852985,13,11.534025374855824,10,8.872327211427557,7,6.21062904799929,5,4.436163605713778,8,7.097861769142046,2,1.7744654422855115,0,0.0
11237,埼玉県,三郷市,142488,43,30.177979900061757,12,8.421761832575376,17,11.930829262815115,6,4.210880916287688,6,4.210880916287688,3,2.105440458143844,3,2.105440458143844,2,1.4036269720958958
11238,埼玉県,蓮田市,60028,30,49.976677550476445,5,8.329446258412741,10,16.658892516825482,3,4.997667755047644,2,3.3317785033650966,0,0.0,2,3.3317785033650966,0,0.0
11239,埼玉県,坂戸市,98595,44,44.62700948323952,4,4.057000862112683,9,9.128251939753536,4,4.057000862112683,0,0.0,3,3.0427506465845124,6,6.085501293169025,0,0.0
11240,埼玉県,幸手市,47901,18,37.57750360117743,4,8.350556355817206,4,8.350556355817206,3,6.262917266862904,2,4.175278177908603,2,4.175278177908603,3,6.262917266862904,0,0.0
11241,埼玉県,鶴ヶ島市,69050,24,34.75742215785663,4,5.792903692976104,10,14.48225923244026,2,2.896451846488052,1,1.448225923244026,3,4.344677769732079,2,2.896451846488052,0,0.0
11242,埼玉県,日高市,53462,13,24.316336837379822,5,9.352437245146085,5,9.352437245146085,5,9.352437245146085,1,1.870487449029217,4,7.481949796116868,3,5.611462347087651,0,0.0
11243,埼玉県,吉川市,74158,21,28.317915801397017,4,5.393888724075622,7,9.439305267132339,3,4.045416543056717,0,0.0,2,2.696944362037811,1,1.3484721810189055,0,0.0
11245,埼玉県,ふじみ野市,112062,45,40.156342024950476,10,8.923631561100105,11,9.815994717210117,2,1.784726312220021,2,1.784726312220021,3,2.6770894683300317,3,2.6770894683300317,0,0.0
11246,埼玉県,白岡市,52451,23,43.850450897027706,4,7.626165373396121,4,7.626165373396121,2,3.8130826866980607,1,1.9065413433490304,0,0.0,4,7.626165373396121,0,0.0
11301,埼玉県,伊奈町,45588,16,35.096955339124335,2,4.387119417390542,8,17.548477669562168,3,6.580679126085812,0,0.0,2,4.387119417390542,1,2.193559708695271,1,2.193559708695271
11324,埼玉県,三芳町,37170,10,26.90341673392521,6,16.142050040355127,5,13.451708366962604,4,10.761366693570084,2,5.380683346785042,1,2.690341673392521,3,8.071025020177563,0,0.0
11326,埼玉県,毛呂山町,33936,13,38.30740216878831,2,5.893446487505893,1,2.9467232437529467,3,8.84016973125884,1,2.9467232437529467,1,2.9467232437529467,2,5.893446487505893,0,0.0
11327,埼玉県,越生町,10279,3,29.185718455102634,1,9.728572818367546,0,0.0,0,0.0,0,0.0,0,0.0,0,0.0,0,0.0
11341,埼玉県,滑川町,19998,5,25.002500250025,0,0.0,0,0.0,0,0.0,0,0.0,0,0.0,0,0.0,0,0.0
11342,埼玉県,嵐山町,17184,6,34.91620111731844,0,0.0,1,5.8193668528864055,0,0.0,0,0.0,0,0.0,0,0.0,0,0.0
11343,埼玉県,小川町,26221,18,68.64726745738149,4,15.254948323862553,4,15.254948323862553,3,11.441211242896914,2,7.627474161931277,3,11.441211242896914,1,3.8137370809656383,1,3.8137370809656383
11346,埼玉県,川島町,18154,8,44.067423157430866,2,11.016855789357717,2,11.016855789357717,0,0.0,0,0.0,0,0.0,0,0.0,0,0.0
11347,埼玉県,吉見町,16857,3,17.79676098949991,1,5.9322536631666365,0,0.0,1,5.9322536631666365,0,0.0,0,0.0,0,0.0,0,0.0
11348,埼玉県,鳩山町,12597,5,39.69199015638644,0,0.0,0,0.0,0,0.0,0,0.0,1,7.938398031277289,0,0.0,0,0.0
11349,埼玉県,ときがわ町,9729,5,51.39274334463973,1,10.278548668927948,1,10.278548668927948,1,10.278548668927948,0,0.0,0,0.0,0,0.0,0,0.0
11361,埼玉県,横瀬町,7422,3,40.42037186742118,0,0.0,1,13.473457289140393,0,0.0,0,0.0,0,0.0,0,0.0,0,0.0
11362,埼玉県,皆野町,8550,5,58.47953216374269,1,11.695906432748538,1,11.695906432748538,1,11.695906432748538,1,11.695906432748538,1,11.695906432748538,0,0.0,0,0.0
11363,埼玉県,長瀞町,6269,3,47.85452225235285,1,15.95150741745095,2,31.9030148349019,0,0.0,1,15.95150741745095,1,15.95150741745095,1,15.95150741745095,1,15.95150741745095
11365,埼玉県,小鹿野町,9714,8,82.35536339304096,2,20.58884084826024,1,10.29442042413012,1,10.29442042413012,0,0.0,0,0.0,0,0.0,0,0.0
11369,埼玉県,東秩父村,2379,0,0.0,0,0.0,0,0.0,0,0.0,0,0.0,0,0.0,0,0.0,0,0.0
11381,埼玉県,美里町,10682,4,37.44617112900206,1,9.361542782250515,3,28.084628346751543,1,9.361542782250515,0,0.0,0,0.0,0,0.0,0,0.0
11383,埼玉県,神川町,12755,4,31.360250882007055,2,15.680125441003527,3,23.520188161505292,2,15.680125441003527,0,0.0,1,7.840062720501764,0,0.0,0,0.0
11385,埼玉県,上里町,29543,13,44.00365568831872,3,10.154689774227398,5,16.924482957045665,3,10.154689774227398,0,0.0,1,3.3848965914091322,0,0.0,0,0.0
11408,埼玉県,寄居町,30579,15,49.05327185323261,5,16.351090617744205,2,6.540436247097682,2,6.540436247097682,1,3.270218123548841,0,0.0,1,3.270218123548841,0,0.0
11442,埼玉県,宮代町,33576,7,20.848224922563734,2,5.9566356921610675,1,2.9783178460805337,1,2.9783178460805337,0,0.0,0,0.0,0,0.0,0,0.0
11464,埼玉県,杉戸町,42121,11,26.115239429263312,2,4.748225350775147,1,2.3741126753875736,1,2.3741126753875736,0,0.0,0,0.0,1,2.3741126753875736,1,2.3741126753875736
11465,埼玉県,松伏町,26940,10,37.11952487008166,2,7.423904974016333,2,7.423904974016333,0,0.0,1,3.7119524870081664,1,3.7119524870081664,1,3.7119524870081664,0,0.0
12101,千葉県,千葉市中央区,215052,119,55.33545375072075,32,14.880122017000538,47,21.85517921246954,20,9.300076260625337,8,3.7200305042501345,15,6.975057195469003,12,5.580045756375203,4,1.8600152521250672
12102,千葉県,千葉市花見川区,173660,59,33.9744327997236,10,5.758378440631118,22,12.668432569388461,6,3.455027064378671,3,1.7275135321893356,2,1.1516756881262238,4,2.3033513762524476,0,0.0
12103,千葉県,千葉市稲毛区,161337,60,37.189237434686405,11,6.818026863025841,16,9.91712998258304,12,7.4378474869372795,4,2.47928249564576,5,3.0991031195572,5,3.0991031195572,1,0.61982062391144
12104,千葉県,千葉市若葉区,143951,50,34.73404144465825,11,7.641489117824816,19,13.198935748970136,9,6.252127460038485,2,1.3893616577863301,5,3.473404144465825,2,1.3893616577863301,0,0.0
12105,千葉県,千葉市緑区,128669,46,35.75064700899207,9,6.994691806107143,21,16.320947547583334,10,7.771879784563493,4,3.1087519138253965,2,1.5543759569126983,7,5.440315849194445,0,0.0
12106,千葉県,千葉市美浜区,148312,56,37.758239387237715,12,8.091051297265226,15,10.11381412158153,11,7.416797022493122,4,2.697017099088408,12,8.091051297265226,3,2.0227628243163065,0,0.0
12202,千葉県,銚子市,53079,21,39.56366924772509,7,13.187889749241696,6,11.303905499350027,5,9.419921249458355,0,0.0,0,0.0,3,5.651952749675013,0,0.0
12203,千葉県,市川市,498861,190,38.086761643022804,40,8.018265609057432,54,10.824658572227534,31,6.214155847019511,12,2.40547968271723,12,2.40547968271723,18,3.6082195240758446,4,0.8018265609057433
12204,千葉県,船橋市,654810,207,31.61222339304531,54,8.246666972098776,67,10.231975687604038,41,6.261358256593516,13,1.985308715505261,22,3.359753210855057,18,2.748888990699592,4,0.6108642201554649
12205,千葉県,館山市,42440,31,73.04429783223374,6,14.137606032045241,6,14.137606032045241,3,7.0688030160226205,2,4.71253534401508,2,4.71253534401508,2,4.71253534401508,0,0.0
12206,千葉県,木更津市,137970,57,41.31332898456186,14,10.147133434804667,22,15.945495397550193,6,4.348771472059143,3,2.1743857360295715,2,1.449590490686381,3,2.1743857360295715,1,0.7247952453431905
12207,千葉県,松戸市,498909,174,34.87609964943507,43,8.618806235205218,56,11.224491841197493,22,4.409621794756158,8,1.6034988344567849,22,4.409621794756158,16,3.2069976689135697,3,0.6013120629212942
12208,千葉県,野田市,150572,46,30.5501686900619,8,5.313072815662939,12,7.969609223494408,5,3.3206705097893368,2,1.3282682039157347,1,0.6641341019578674,3,1.992402305873602,0,0.0
12210,千葉県,茂原市,83718,43,51.362908812919564,4,4.777945005852983,11,13.139348766095702,2,2.3889725029264914,3,3.5834587543897367,3,3.5834587543897367,5,5.972431257316228,0,0.0
12211,千葉県,成田市,134387,48,35.71774055526204,10,7.441195949012926,16,11.90591351842068,5,3.720597974506463,3,2.2323587847038775,5,3.720597974506463,6,4.464717569407755,2,1.488239189802585
12212,千葉県,佐倉市,165235,65,39.33791266983388,18,10.893575816261688,24,14.524767755015583,13,7.867582533966774,4,2.420794625835931,6,3.631191938753896,6,3.631191938753896,1,0.6051986564589827
12213,千葉県,東金市,56505,26,46.0136271126449,6,10.618529333687285,9,15.927794000530925,5,8.848774444739403,1,1.7697548889478807,3,5.309264666843642,2,3.5395097778957614,0,0.0
12215,千葉県,旭市,61028,25,40.96480304122698,3,4.915776364947238,4,6.554368486596317,1,1.6385921216490793,1,1.6385921216490793,2,3.2771842432981586,2,3.2771842432981586,2,3.2771842432981586
12216,千葉県,習志野市,178762,65,36.361195332341325,17,9.509851086920039,18,10.069254092032983,8,4.475224040903547,2,1.1188060102258868,4,2.2376120204517735,3,1.6782090153388305,1,0.5594030051129434
12217,千葉県,柏市,435045,168,38.61669482467331,39,8.964589870013446,49,11.263202657196382,26,5.976393246675631,12,2.758335344619522,15,3.4479191807744023,12,2.758335344619522,3,0.6895838361548805
12218,千葉県,勝浦市,15238,7,45.93778711116945,1,6.56254101588135,3,19.687623047644045,1,6.56254101588135,0,0.0,0,0.0,1,6.56254101588135,0,0.0
12219,千葉県,市原市,260022,99,38.07370145603064,24,9.229988231765004,34,13.07581666166709,18,6.922491173823754,4,1.538331371960834,3,1.1537485289706255,9,3.461245586911877,2,0.769165685980417
12220,千葉県,流山市,217368,76,34.9637481137978,12,5.5205918074417575,19,8.74093702844945,9,4.140443855581318,6,2.7602959037208787,12,5.5205918074417575,6,2.7602959037208787,1,0.46004931728681314
12221,千葉県,八千代市,201996,78,38.61462603219866,23,11.386364086417553,26,12.871542010732886,15,7.4258896215766645,5,2.475296540525555,7,3.465415156735777,6,2.970355848630666,4,1.980237232420444
12222,千葉県,我孫子市,128176,51,39.78904006990388,13,10.142304331544127,12,9.3621270752715,5,3.9008862813631255,7,5.4612407939083765,4,3.1207090250905005,6,4.68106353763575,1,0.7801772562726251
12223,千葉県,鴨川市,29748,13,43.70041683474519,4,13.44628210299852,6,20.169423154497782,3,10.084711577248891,0,0.0,0,0.0,4,13.44628210299852,0,0.0
12224,千葉県,鎌ケ谷市,108882,43,39.492294410462705,7,6.4289781598427655,12,11.021105416873313,2,1.8368509028122189,3,2.7552763542183283,2,1.8368509028122189,7,6.4289781598427655,0,0.0
12225,千葉県,君津市,77472,30,38.723667905824044,3,3.872366790582404,7,9.035522511358943,3,3.872366790582404,2,2.5815778603882693,2,2.5815778603882693,1,1.2907889301941347,1,1.2907889301941347
12226,千葉県,富津市,38765,14,36.115052237843415,5,12.898232942086933,2,5.159293176834773,0,0.0,1,2.5796465884173867,2,5.159293176834773,2,5.159293176834773,0,0.0
12227,千葉県,浦安市,172942,65,37.58485503810526,19,10.986342241907693,27,15.612170554289877,12,6.938742468573279,5,2.891142695238866,8,4.625828312382186,6,3.4693712342866396,2,1.1564570780955465
12228,千葉県,四街道市,95373,37,38.79504681618487,7,7.339603451710651,15,15.727721682237112,7,7.339603451710651,2,2.097029557631615,3,3.145544336447422,6,6.291088672894844,0,0.0
12229,千葉県,袖ケ浦市,65953,21,31.840856367413156,3,4.548693766773308,4,6.064925022364411,2,3.0324625111822057,0,0.0,0,0.0,1,1.5162312555911028,0,0.0
12230,千葉県,八街市,64061,16,24.97619456455566,4,6.244048641138915,1,1.5610121602847287,0,0.0,0,0.0,1,1.5610121602847287,1,1.5610121602847287,0,0.0
12231,千葉県,印西市,109538,36,32.86530701674305,12,10.95510233891435,11,10.04217714400482,7,6.3904763643667035,4,3.6517007796381167,4,3.6517007796381167,6,5.477551169457175,2,1.8258503898190583
12232,千葉県,白井市,62102,20,32.205081961933594,3,4.8307622942900394,8,12.882032784773436,3,4.8307622942900394,2,3.220508196193359,3,4.8307622942900394,1,1.6102540980966795,0,0.0
12233,千葉県,富里市,48872,17,34.78474382059257,4,8.18464560484531,3,6.1384842036339835,3,6.1384842036339835,1,2.0461614012113274,2,4.092322802422655,2,4.092322802422655,1,2.0461614012113274
12234,千葉県,南房総市,32286,17,52.65440128848417,0,0.0,4,12.389270891408042,2,6.194635445704021,0,0.0,2,6.194635445704021,1,3.0973177228520106,0,0.0
12235,千葉県,匝瑳市,32544,18,55.309734513274336,3,9.218289085545722,2,6.145526057030482,2,6.145526057030482,1,3.072763028515241,0,0.0,1,3.072763028515241,0,0.0
12236,千葉県,香取市,66487,40,60.162136959104785,11,16.544587663753816,12,18.048641087731436,4,6.016213695910479,4,6.016213695910479,2,3.0081068479552395,1,1.5040534239776198,0,0.0
12237,千葉県,山武市,45111,18,39.901576112256436,5,11.083771142293454,5,11.083771142293454,3,6.650262685376072,0,0.0,2,4.433508456917382,0,0.0,0,0.0
12238,千葉県,いすみ市,32240,14,43.424317617866,0,0.0,0,0.0,0,0.0,0,0.0,1,3.101736972704715,2,6.20347394540943,0,0.0
12239,千葉県,大網白里市,46941,21,44.73701028951237,6,12.782002939860677,8,17.042670586480902,1,2.130333823310113,0,0.0,1,2.130333823310113,5,10.651669116550563,0,0.0
12322,千葉県,酒々井町,20112,5,24.860779634049326,1,4.972155926809865,1,4.972155926809865,1,4.972155926809865,0,0.0,1,4.972155926809865,0,0.0,0,0.0
12329,千葉県,栄町,18927,6,31.700744967506736,2,10.566914989168911,3,15.850372483753368,0,0.0,0,0.0,0,0.0,0,0.0,0,0.0
12342,千葉県,神崎町,5480,1,18.248175182481752,1,18.248175182481752,1,18.248175182481752,0,0.0,0,0.0,0,0.0,0,0.0,0,0.0
12347,千葉県,多古町,12763,5,39.175742380318106,0,0.0,2,15.670296952127241,1,7.835148476063621,0,0.0,0,0.0,0,0.0,0,0.0
12349,千葉県,東庄町,11994,3,25.01250625312656,0,0.0,1,8.33750208437552,0,0.0,0,0.0,0,0.0,0,0.0,0,0.0
12403,千葉県,九十九里町,13319,6,45.048427059088525,2,15.016142353029506,1,7.508071176514753,1,7.508071176514753,0,0.0,0,0.0,1,7.508071176514753,0,0.0
12409,千葉県,芝山町,6517,3,46.03345097437471,0,0.0,1,15.344483658124904,0,0.0,0,0.0,0,0.0,1,15.344483658124904,0,0.0
12410,千葉県,横芝光町,20591,7,33.99543489874217,1,4.856490699820309,4,19.425962799281237,0,0.0,0,0.0,0,0.0,0,0.0,0,0.0
12421,千葉県,一宮町,11847,4,33.763822064657724,2,16.881911032328862,2,16.881911032328862,0,0.0,0,0.0,0,0.0,0,0.0,0,0.0
12422,千葉県,睦沢町,6326,1,15.807777426493836,1,15.807777426493836,1,15.807777426493836,0,0.0,0,0.0,0,0.0,0,0.0,0,0.0
12423,千葉県,長生村,12948,6,46.33920296570899,2,15.446400988569664,2,15.446400988569664,1,7.723200494284832,0,0.0,1,7.723200494284832,0,0.0,0,0.0
12424,千葉県,白子町,9562,4,41.83225266680611,1,10.458063166701528,1,10.458063166701528,1,10.458063166701528,0,0.0,0,0.0,0,0.0,0,0.0
12426,千葉県,長柄町,6137,3,48.88381945576015,2,32.589212970506765,3,48.88381945576015,1,16.294606485253382,0,0.0,0,0.0,1,16.294606485253382,0,0.0
12427,千葉県,長南町,6460,2,30.959752321981426,0,0.0,1,15.479876160990713,0,0.0,0,0.0,0,0.0,0,0.0,0,0.0
12441,千葉県,大多喜町,8048,4,49.70178926441351,2,24.850894632206757,2,24.850894632206757,2,24.850894632206757,0,0.0,0,0.0,0,0.0,0,0.0
12443,千葉県,御宿町,6455,4,61.967467079783106,1,15.491866769945776,0,0.0,0,0.0,0,0.0,0,0.0,0,0.0,0,0.0
12463,千葉県,鋸南町,6199,4,64.52653653815132,1,16.13163413453783,0,0.0,0,0.0,0,0.0,0,0.0,1,16.13163413453783,0,0.0
13101,東京都,千代田区,69781,277,396.95619151344926,56,80.25107120849515,64,91.71550995256588,36,51.589974348318314,8,11.464438744070735,39,55.88913887734484,18,25.794987174159157,3,4.299164529026526
13102,東京都,中央区,180892,321,177.4539504234571,53,29.29925038144307,82,45.33091568449683,30,16.584481347986642,13,7.186608584127546,43,23.77108993211419,19,10.503504853724875,6,3.316896269597329
13103,東京都,港区,269627,449,166.52634936412156,73,27.07443987434493,110,40.79710118051975,40,14.835309520189002,19,7.046772022089776,49,18.173254162231526,33,12.239130354155925,7,2.596179166033075
13104,東京都,新宿区,357875,367,102.54977296542089,79,22.074746769123298,101,28.222144603562697,44,12.294795668878798,21,5.8679706601467,49,13.6919315403423,32,8.9416695773664,7,1.9559902200488997
13105,東京都,文京区,250756,175,69.78895819043213,53,21.136084480530876,59,23.528848761345692,31,12.362615450876548,9,3.589146421222224,17,6.779498795641978,13,5.184322608432102,4,1.595176187209877
13106,東京都,台東区,221041,168,76.0039992580562,40,18.09619029953719,51,23.072642631909915,31,14.024547482141323,5,2.262023787442149,18,8.143285634791736,10,4.524047574884298,4,1.809619029953719
13107,東京都,墨田区,280430,158,56.3420461434226,34,12.124237777698534,39,13.90721392147773,15,5.348928431337589,8,2.852761830046714,10,3.565952287558393,16,5.705523660093428,4,1.426380915023357
13108,東京都,江東区,547596,267,48.75857383910766,64,11.68744841087225,81,14.79192689501019,41,7.487271638215035,13,2.3740129584584255,32,5.843724205436125,14,2.556629339878304,5,0.9130819070993944
13109,東京都,品川区,427526,307,71.80849819660091,52,12.163002951867256,85,19.88183174824455,36,8.420540505138868,11,2.5729429321257657,28,6.549309281774676,20,4.678078058410482,5,1.1695195146026205
13110,東京都,目黒区,286311,212,74.04535627342295,51,17.812797971436655,59,20.60696235911299,29,10.128845905326726,9,3.1434349361358804,20,6.985410969190846,26,9.0810342599481,6,2.0956232907572536
13111,東京都,大田区,749353,386,51.51110357868721,95,12.677603212371205,109,14.545881580510121,57,7.606561927422724,21,2.802417552208372,37,4.9375928300814165,35,4.670695920347287,2,0.26689690973413066
13112,東京都,世田谷区,946010,587,62.050084037166634,145,15.327533535586303,154,16.278897686070973,88,9.302227249183414,29,3.065506707117261,59,6.236720542066151,47,4.968235008086595,7,0.7399498948214078
13113,東京都,渋谷区,247231,342,138.33216708260696,57,23.055361180434495,78,31.54944161533141,38,15.370240786956328,13,5.258240269221902,34,13.75232070411882,20,8.08960041418754,5,2.022400103546885
13114,東京都,中野区,352892,202,57.241308955714494,56,15.868877730297088,56,15.868877730297088,30,8.501184498373439,9,2.5503553495120324,19,5.384083515636512,17,4.817337882411616,2,0.566745633224896
13115,東京都,杉並区,589517,346,58.69211574899452,82,13.909692171727023,89,15.097104918093967,42,7.124476478201647,11,1.8659343157194788,28,4.749650985467764,27,4.580020593129629,7,1.187412746366941
13116,東京都,豊島区,308478,272,88.17484553193421,34,11.021855691491776,57,18.47781689455974,29,9.400994560390044,7,2.2692055835424245,18,5.8351000719662345,13,4.214238940864503,0,0.0
13117,東京都,北区,355639,179,50.33193772336555,45,12.653280433248321,63,17.71459260654765,25,7.029600240693512,15,4.217760144416108,19,5.342496182927069,19,5.342496182927069,5,1.4059200481387024
13118,東京都,荒川区,217571,120,55.15440936521871,24,11.030881873043743,41,18.84442319978306,14,6.43468109260885,10,4.596200780434893,9,4.136580702391403,7,3.217340546304425,1,0.4596200780434892
13119,東京都,板橋区,591743,288,48.66977725127294,79,13.350390287675562,75,12.674421159185659,36,6.0837221564091175,24,4.055814770939412,27,4.5627916173068375,24,4.055814770939412,6,1.013953692734853
13120,東京都,練馬区,764570,371,48.52400695815949,94,12.29449232902154,107,13.994794459630905,55,7.193585937193456,10,1.3079247158533556,32,4.185359090730738,24,3.1390193180480535,6,0.7847548295120134
13121,東京都,足立区,700264,338,48.267510538882476,95,13.566312133709573,99,14.137525276181556,56,7.9969839946077474,27,3.855688711685879,32,4.569705139775856,39,5.569328139101825,5,0.7140164280899775
13122,東京都,葛飾区,457090,228,49.88076746373799,48,10.501214202892209,72,15.751821304338314,31,6.782034172701219,10,2.187752958935877,22,4.81305650965893,22,4.81305650965893,3,0.656325887680763
13123,東京都,江戸川区,692618,310,44.75771637468272,64,9.240302735418368,88,12.705416261200256,46,6.641467591081954,23,3.320733795540977,33,4.764531097950097,23,3.320733795540977,6,0.8662783814454721
13201,東京都,八王子市,577448,249,43.12076585250966,59,10.217370222080602,59,10.217370222080602,33,5.7148002937061,15,2.597636497139136,18,3.1171637965669636,21,3.6366910959947907,6,1.0390545988556545
13202,東京都,立川市,185427,119,64.1761987197118,22,11.864507326333273,29,15.639577839257498,18,9.70732417609086,12,6.47154945072724,15,8.08943681340905,12,6.47154945072724,4,2.1571831502424135
13203,東京都,武蔵野市,154175,124,80.42808496838009,19,12.323658180638885,33,21.40424841900438,8,5.188908707637426,11,7.13474947300146,10,6.486135884546782,12,7.783363061456137,1,0.6486135884546782
13204,東京都,三鷹市,197885,95,48.00768122899664,14,7.0748161811152945,25,12.633600323420168,16,8.085504206988908,6,3.0320640776208405,11,5.558784142304874,13,6.569472168178487,4,2.021376051747227
13205,東京都,青梅市,129258,64,49.513376348079035,12,9.283758065264818,10,7.736465054387349,8,6.189172043509879,5,3.8682325271936744,6,4.641879032632409,5,3.8682325271936744,1,0.7736465054387349
13206,東京都,府中市,265595,117,44.05203411208795,26,9.789340913797323,39,14.684011370695984,14,5.271183568967789,4,1.5060524482765112,10,3.765131120691278,13,4.894670456898662,2,0.7530262241382556
13207,東京都,昭島市,115091,42,36.492862169935094,12,10.426532048552884,13,11.295409719265624,5,4.344388353563702,4,3.4755106828509614,4,3.4755106828509614,5,4.344388353563702,0,0.0
13208,東京都,調布市,248007,119,47.98251662251469,31,12.499647187377775,28,11.290003911179927,12,4.838573104791397,6,2.4192865523956986,5,2.0160721269964155,8,3.225715403194265,2,0.8064288507985663
13209,東京都,町田市,431122,197,45.694722143615955,54,12.525456831244986,57,13.221315544091928,28,6.494681319904807,11,2.5514819471054597,13,3.0153877556700888,20,4.63905808564629,0,0.0
13210,東京都,小金井市,128382,63,49.07229985511987,15,11.683880917885684,22,17.13635867956567,11,8.568179339782835,2,1.5578507890514248,9,7.010328550731411,6,4.673552367154274,1,0.7789253945257124
13211,東京都,小平市,200960,93,46.277866242038215,25,12.440286624203821,26,12.937898089171973,21,10.44984076433121,7,3.48328025477707,13,6.468949044585987,8,3.9808917197452227,3,1.4928343949044587
13212,東京都,日野市,192017,81,42.183764979142474,18,9.374169995364994,25,13.019680549118046,9,4.687084997682497,6,3.124723331788331,3,1.5623616658941655,8,4.166297775717775,0,0.0
13213,東京都,東村山市,152572,60,39.325695409380494,16,10.486852109168131,19,12.453136879637155,10,6.554282568230081,4,2.621713027292033,5,3.2771412841150407,7,4.587997797761057,1,0.6554282568230082
13214,東京都,国分寺市,132238,64,48.39758617038975,19,14.368033394334459,14,10.586971974772757,4,3.0248491356493594,1,0.7562122839123399,9,6.805910555211058,5,3.7810614195616994,1,0.7562122839123399
13215,東京都,国立市,77602,46,59.276822762299936,11,14.17489239968042,10,12.886265817891292,4,5.154506327156517,5,6.443132908945646,4,5.154506327156517,3,3.865879745367388,0,0.0
13218,東京都,福生市,54836,29,52.88496608067693,9,16.41257568021008,10,18.23619520023342,5,9.11809760011671,2,3.647239040046685,4,7.29447808009337,0,0.0,0,0.0
13219,東京都,狛江市,86492,43,49.71558063173473,5,5.780881468806363,9,10.405586643851453,5,5.780881468806363,4,4.624705175045091,2,2.3123525875225455,4,4.624705175045091,2,2.3123525875225455
13220,東京都,東大和市,83796,35,41.76810348942671,10,11.933743854121916,9,10.740369468709723,5,5.966871927060958,4,4.773497541648766,4,4.773497541648766,4,4.773497541648766,0,0.0
13221,東京都,清瀬市,75964,37,48.70728239692486,10,13.16413037754726,13,17.113369490811436,12,15.796956453056712,4,5.265652151018903,4,5.265652151018903,7,9.214891264283082,2,2.6328260755094517
13222,東京都,東久留米市,113646,43,37.83679144008588,9,7.919328440948208,11,9.679179205603365,5,4.399626911637893,4,3.519701529310314,3,2.639776146982736,4,3.519701529310314,0,0.0
13223,東京都,武蔵村山市,70665,22,31.13280973607868,5,7.075638576381519,10,14.151277152763038,3,4.245383145828911,0,0.0,1,1.4151277152763038,2,2.8302554305526075,0,0.0
13224,東京都,多摩市,146282,68,46.48555529730247,18,12.304999931638887,24,16.406666575518518,13,8.88694439507253,6,4.101666643879629,8,5.468888858506173,6,4.101666643879629,3,2.0508333219398147
13225,東京都,稲城市,96490,33,34.20043527826718,3,3.109130479842471,11,11.400145092755727,3,3.109130479842471,2,2.0727536532283137,4,4.1455073064566275,3,3.109130479842471,0,0.0
13227,東京都,羽村市,52756,24,45.49245583440746,5,9.477594965501554,4,7.582075972401244,4,7.582075972401244,2,3.791037986200622,4,7.582075972401244,1,1.895518993100311,0,0.0
13228,東京都,あきる野市,77773,29,37.2880048345827,10,12.857932701580241,9,11.572139431422215,5,6.4289663507901205,1,1.285793270158024,1,1.285793270158024,4,5.143173080632096,0,0.0
13229,東京都,西東京市,210968,101,47.874559174851164,28,13.272155018770619,23,10.902127336847295,15,7.110083045769974,5,2.370027681923325,14,6.636077509385309,9,4.266049827461985,0,0.0
13303,東京都,瑞穂町,30572,8,26.167735182519955,0,0.0,4,13.083867591259978,0,0.0,0,0.0,0,0.0,0,0.0,0,0.0
13305,東京都,日の出町,16933,3,17.716884190633674,0,0.0,0,0.0,1,5.905628063544558,0,0.0,0,0.0,0,0.0,0,0.0
13307,東京都,檜原村,1800,1,55.55555555555556,0,0.0,0,0.0,0,0.0,0,0.0,0,0.0,0,0.0,0,0.0
13308,東京都,奥多摩町,4406,6,136.17793917385384,0,0.0,0,0.0,0,0.0,0,0.0,0,0.0,0,0.0,0,0.0
13361,東京都,大島町,6622,2,30.202355783751134,0,0.0,0,0.0,0,0.0,0,0.0,0,0.0,0,0.0,0,0.0
13362,東京都,利島村,298,1,335.5704697986577,0,0.0,0,0.0,0,0.0,0,0.0,0,0.0,0,0.0,0,0.0
13363,東京都,新島村,2222,3,135.01350135013502,0,0.0,0,0.0,0,0.0,0,0.0,0,0.0,0,0.0,0,0.0
13364,東京都,神津島村,1764,1,56.68934240362812,0,0.0,0,0.0,0,0.0,0,0.0,0,0.0,0,0.0,0,0.0
13381,東京都,三宅村,2116,1,47.25897920604915,1,47.25897920604915,1,47.25897920604915,1,47.25897920604915,0,0.0,0,0.0,0,0.0,0,0.0
13382,東京都,御蔵島村,317,1,315.45741324921136,0,0.0,0,0.0,0,0.0,0,0.0,0,0.0,0,0.0,0,0.0
13401,東京都,八丈町,6622,2,30.202355783751134,1,15.101177891875567,1,15.101177891875567,1,15.101177891875567,1,15.101177891875567,2,30.202355783751134,1,15.101177891875567,0,0.0
13402,東京都,青ヶ島村,156,1,641.025641025641,0,0.0,0,0.0,0,0.0,0,0.0,0,0.0,0,0.0,0,0.0
13421,東京都,小笠原村,2828,2,70.72135785007072,0,0.0,0,0.0,0,0.0,0,0.0,0,0.0,0,0.0,0,0.0
14101,神奈川県,横浜市鶴見区,301604,107,35.47698306388509,24,7.957454145170489,29,9.615257092081007,18,5.9680906088778665,4,1.3262423575284148,5,1.6578029469105184,12,3.9787270725852446,0,0.0
14102,神奈川県,横浜市神奈川区,251840,124,49.23761118170267,36,14.294790343074968,42,16.67725540025413,19,7.544472681067345,5,1.9853875476493013,9,3.573697585768742,16,6.353240152477763,4,1.5883100381194408
14103,神奈川県,横浜市西区,109198,82,75.09295042033737,16,14.652283008846316,23,21.06265682521658,14,12.820747632740526,4,3.663070752211579,11,10.073444568581843,9,8.241909192476053,2,1.8315353761057895
14104,神奈川県,横浜市中区,153114,129,84.25095027234609,32,20.899460532675,37,24.165001240905468,16,10.4497302663375,5,3.2655407082304686,13,8.49040584139922,13,8.49040584139922,2,1.3062162832921875
14105,神奈川県,横浜市南区,196817,74,37.59837818887596,18,9.145551451348206,27,13.718327177022312,8,4.064689533932536,4,2.032344766966268,10,5.08086191741567,8,4.064689533932536,0,0.0
14106,神奈川県,横浜市保土ケ谷区,205793,75,36.444388293090626,15,7.2888776586181265,24,11.662204253789001,7,3.401476240688459,3,1.4577755317236252,6,2.9155510634472503,7,3.401476240688459,2,0.9718503544824169
14107,神奈川県,横浜市磯子区,165884,73,44.00665525306841,18,10.85095608979769,26,15.673603240818885,11,6.631139832654144,3,1.8084926816329485,7,4.219816257143546,7,4.219816257143546,1,0.6028308938776494
14108,神奈川県,横浜市金沢区,192659,93,48.271817044622885,29,15.05250208918348,29,15.05250208918348,19,9.861984127396074,2,1.0381035923574813,7,3.6333625732511847,12,6.228621554144889,2,1.0381035923574813
14109,神奈川県,横浜市港北区,368749,180,48.813691698146975,38,10.30511269183103,44,11.932235748435927,31,8.406802459125313,12,3.254246113209798,20,5.423743522016331,11,2.9830589371089817,2,0.5423743522016331
14110,神奈川県,横浜市戸塚区,285682,111,38.85439054613171,31,10.851226188559307,34,11.901344851968272,21,7.350830643862757,7,2.4502768812875853,8,2.8003164357572405,13,4.550514208105516,0,0.0
14111,神奈川県,横浜市港南区,212571,107,50.33612298949527,36,16.93551801515729,34,15.994655903204107,17,7.9973279516020535,5,2.3521552798829566,9,4.233879503789322,7,3.2930173918361394,2,0.9408621119531827
14112,神奈川県,横浜市旭区,240292,108,44.945316531553274,29,12.068649809398565,34,14.14945150067418,18,7.490886088592212,4,1.6646413530204918,11,4.577763720806352,14,5.826244735571722,2,0.8323206765102459
14113,神奈川県,横浜市緑区,184100,82,44.541010320478,24,13.036393264530147,25,13.579576317218901,15,8.147745790331342,3,1.6295491580662684,2,1.0863661053775122,15,8.147745790331342,1,0.5431830526887561
14114,神奈川県,横浜市瀬谷区,119294,44,36.88366556574513,16,13.412242023907321,15,12.573976897413113,9,7.5443861384478685,2,1.6765302529884152,3,2.514795379482623,4,3.3530605059768304,0,0.0
14115,神奈川県,横浜市栄区,122391,38,31.048034577705877,12,9.804642498222908,12,9.804642498222908,4,3.2682141660743027,2,1.6341070830371514,4,3.2682141660743027,4,3.2682141660743027,0,0.0
14116,神奈川県,横浜市泉区,149708,61,40.74598551847596,20,13.359339514254414,20,13.359339514254414,11,7.347636732839928,2,1.3359339514254416,6,4.007801854276324,7,4.675768829989045,1,0.6679669757127208
14117,神奈川県,横浜市青葉区,309958,151,48.71627768923531,39,12.582349866756141,50,16.13121777789249,25,8.065608888946246,6,1.9357461333470984,19,6.129862755599146,15,4.839365333367747,2,0.6452487111156996
14118,神奈川県,横浜市都筑区,217048,97,44.69057535660315,27,12.439644686889535,33,15.204010172864988,19,8.753824038922266,4,1.842910323983635,7,3.2250930669713616,13,5.989458552946814,1,0.46072758099590877
14131,神奈川県,川崎市川崎区,225265,90,39.95294431003485,28,12.429804896455286,25,11.098040086120792,19,8.434510465451801,5,2.219608017224158,6,2.6635296206689896,7,3.1074512241138215,4,1.7756864137793265
14132,神奈川県,川崎市幸区,170571,70,41.03862907528243,23,13.484120981878513,26,15.24291937081919,9,5.276395166822027,3,1.7587983889406757,8,4.690129037175136,4,2.345064518587568,0,0.0
14133,神奈川県,川崎市中原区,264595,120,45.35233092084128,35,13.227763185245374,38,14.361571458266408,24,9.070466184168257,7,2.645552637049075,9,3.4014248190630965,13,4.9131691830911395,3,1.1338082730210322
14134,神奈川県,川崎市高津区,231421,84,36.297483806568984,17,7.345919341805628,28,12.099161268856326,12,5.185354829509855,5,2.160564512295773,10,4.321129024591546,8,3.456903219673236,1,0.4321129024591545
14135,神奈川県,川崎市多摩区,224423,83,36.98373161396114,24,10.694091069097196,23,10.248503941218146,17,7.574981173943847,3,1.3367613836371495,7,3.119109895153349,5,2.227935639395249,3,1.3367613836371495
14136,神奈川県,川崎市宮前区,238066,86,36.12443608075072,22,9.241134811354835,25,10.501289558357767,12,5.040618988011728,1,0.4200515823343106,6,2.520309494005864,7,2.940361076340175,2,0.8401031646686212
14137,神奈川県,川崎市麻生区,180676,76,42.06424760344484,16,8.855631074409441,20,11.069538843011799,10,5.534769421505899,2,1.1069538843011801,6,3.3208616529035404,7,3.87433859505413,1,0.5534769421505901
14151,神奈川県,相模原市緑区,166758,69,41.377325225776275,18,10.794084841506855,19,11.393756221590568,8,4.797371040669713,2,1.1993427601674282,2,1.1993427601674282,6,3.5980282805022847,1,0.5996713800837141
14152,神奈川県,相模原市中央区,272076,87,31.976359546597273,25,9.188609065114159,24,8.821064702509593,11,4.04298798865023,2,0.7350887252091327,7,2.572810538231965,3,1.1026330878136992,2,0.7350887252091327
14153,神奈川県,相模原市南区,280877,116,41.299216382971906,28,9.968776368303564,36,12.816998187818868,17,6.05247136647002,7,2.492194092075891,5,1.7801386371970649,16,5.6964436390306075,4,1.4241109097576519
14201,神奈川県,横須賀市,370433,160,43.19269611508694,31,8.368584872298094,46,12.417900133087494,24,6.47890441726304,7,1.8896804550350537,8,2.159634805754347,14,3.7793609100701073,3,0.80986305215788
14203,神奈川県,平塚市,255442,123,48.15183094401077,22,8.612522607871846,32,12.527305611449957,18,7.046609406440601,5,1.957391501789056,8,3.1318264028624894,6,2.348869802146867,2,0.7829566007156223
14204,神奈川県,鎌倉市,170691,102,59.757104944021656,37,21.676596891458836,33,19.333181011301125,23,13.474641310906842,8,4.686831760315424,9,5.272685730354851,8,4.686831760315424,3,1.757561910118284
14205,神奈川県,藤沢市,443102,225,50.778376084964634,54,12.186810260391512,73,16.474762018677414,38,8.575903516571804,8,1.8054533719098536,16,3.610906743819707,28,6.319086801684488,2,0.4513633429774634
14206,神奈川県,小田原市,183233,96,52.392309245605325,18,9.823557983550998,19,10.369311204859388,10,5.457532213083887,3,1.6372596639251664,4,2.183012885233555,13,7.094791877009054,1,0.5457532213083888
14207,神奈川県,茅ヶ崎市,242388,86,35.480304305493675,29,11.964288661154843,30,12.3768503391257,19,7.838671881446277,3,1.23768503391257,10,4.125616779708567,10,4.125616779708567,4,1.6502467118834268
14208,神奈川県,逗子市,55671,44,79.03576368306659,7,12.57387149503332,9,16.166406207899986,5,8.981336782166657,0,0.0,3,5.388802069299995,4,7.185069425733326,0,0.0
14210,神奈川県,三浦市,39131,15,38.33277963762746,2,5.1110372850169945,3,7.666555927525492,1,2.5555186425084973,0,0.0,1,2.5555186425084973,1,2.5555186425084973,0,0.0
14211,神奈川県,秦野市,158559,64,40.36352398791617,15,9.460200934667853,11,6.937480685423092,9,5.676120560800712,4,2.5227202492447605,5,3.153400311555951,10,6.306800623111902,0,0.0
14212,神奈川県,厚木市,221368,98,44.27017455097394,25,11.293411875248454,22,9.93820245021864,13,5.872574175129197,3,1.3552094250298146,4,1.8069459000397528,13,5.872574175129197,1,0.4517364750099382
14213,神奈川県,大和市,243378,97,39.85569772124021,34,13.970038376517188,19,7.806786151583134,15,6.163252224934053,8,3.2870678532981614,6,2.465300889973621,14,5.752368743271783,0,0.0
14214,神奈川県,伊勢原市,100509,36,35.81768796824165,12,11.939229322747217,9,8.954421992060412,8,7.959486215164811,4,3.9797431075824057,2,1.9898715537912028,5,4.974678884478006,3,2.984807330686804
14215,神奈川県,海老名市,142114,55,38.70132428895113,12,8.443925299407518,17,11.962227507493983,10,7.036604416172931,3,2.1109813248518794,5,3.5183022080864657,8,5.629283532938345,2,1.4073208832345863
14216,神奈川県,座間市,131506,38,28.8960199534622,8,6.083372621781516,12,9.125058932672275,3,2.2812647331680687,1,0.7604215777226895,4,3.041686310890758,5,3.8021078886134476,0,0.0
14217,神奈川県,南足柄市,38951,14,35.94259454186029,4,10.269312726245797,3,7.701984544684346,1,2.5673281815614493,2,5.1346563631228985,2,5.1346563631228985,2,5.1346563631228985,0,0.0
14218,神奈川県,綾瀬市,82796,18,21.740180685057247,2,2.4155756316730277,4,4.831151263346055,1,1.2077878158365138,0,0.0,2,2.4155756316730277,2,2.4155756316730277,0,0.0
14301,神奈川県,葉山町,30884,9,29.141302940033672,1,3.2379225488926306,2,6.475845097785261,1,3.2379225488926306,1,3.2379225488926306,0,0.0,0,0.0,0,0.0
14321,神奈川県,寒川町,47862,12,25.072082236429733,3,6.268020559107433,5,10.446700931845724,3,6.268020559107433,1,2.089340186369145,3,6.268020559107433,1,2.089340186369145,0,0.0
14341,神奈川県,大磯町,30912,11,35.58488612836439,6,19.409937888198755,4,12.939958592132506,4,12.939958592132506,0,0.0,0,0.0,1,3.2349896480331264,0,0.0
14342,神奈川県,二宮町,26350,14,53.13092979127135,4,15.180265654648958,4,15.180265654648958,2,7.590132827324479,0,0.0,0,0.0,0,0.0,0,0.0
14361,神奈川県,中井町,8816,5,56.71506352087115,0,0.0,0,0.0,0,0.0,0,0.0,0,0.0,0,0.0,0,0.0
14362,神奈川県,大井町,16901,5,29.584048281166794,0,0.0,0,0.0,0,0.0,0,0.0,0,0.0,0,0.0,0,0.0
14363,神奈川県,松田町,10326,5,48.421460391245404,1,9.68429207824908,1,9.68429207824908,1,9.68429207824908,0,0.0,1,9.68429207824908,1,9.68429207824908,0,0.0
14364,神奈川県,山北町,8889,4,44.99943750703116,0,0.0,1,11.24985937675779,0,0.0,0,0.0,0,0.0,0,0.0,0,0.0
14366,神奈川県,開成町,18989,11,57.92827426404761,3,15.798620253831166,2,10.53241350255411,1,5.266206751277055,0,0.0,1,5.266206751277055,0,0.0,0,0.0
14382,神奈川県,箱根町,10510,6,57.0884871550904,0,0.0,0,0.0,0,0.0,0,0.0,0,0.0,1,9.514747859181732,0,0.0
14383,神奈川県,真鶴町,6152,2,32.50975292587776,0,0.0,0,0.0,0,0.0,0,0.0,0,0.0,0,0.0,0,0.0
14384,神奈川県,湯河原町,21999,15,68.18491749624982,3,13.636983499249967,5,22.728305832083276,2,9.091322332833311,0,0.0,1,4.5456611664166555,0,0.0,0,0.0
14401,神奈川県,愛川町,38558,10,25.93495513252762,6,15.560973079516572,4,10.373982053011048,4,10.373982053011048,0,0.0,3,7.780486539758286,1,2.593495513252762,0,0.0
14402,神奈川県,清川村,2877,3,104.27528675703859,0,0.0,0,0.0,0,0.0,0,0.0,0,0.0,1,34.758428919012864,0,0.0
15101,新潟県,新潟市北区,69446,16,23.039483915560293,6,8.63980646833511,7,10.079774213057627,7,10.079774213057627,0,0.0,0,0.0,3,4.319903234167555,0,0.0
15102,新潟県,新潟市東区,127978,35,27.348450514932253,11,8.595227304692994,15,11.720764506399538,6,4.688305802559816,2,1.5627686008532717,1,0.7813843004266359,6,4.688305802559816,0,0.0
15103,新潟県,新潟市中央区,178438,112,62.76689942725204,22,12.329212387495936,28,15.69172485681301,16,8.966699918178863,3,1.681256234658537,7,3.9229312142032526,17,9.52711866306504,3,1.681256234658537
15104,新潟県,新潟市江南区,66708,26,38.97583498231097,4,5.996282304970919,8,11.992564609941837,5,7.495352881213648,1,1.4990705762427297,1,1.4990705762427297,4,5.996282304970919,1,1.4990705762427297
15105,新潟県,新潟市秋葉区,71519,25,34.95574602553168,8,11.185838728170136,10,13.98229841021267,7,9.78760888714887,1,1.398229841021267,4,5.592919364085068,2,2.796459682042534,0,0.0
15106,新潟県,新潟市南区,41311,14,33.88927888455859,5,12.103313887342354,6,14.523976664810824,4,9.682651109873884,0,0.0,1,2.420662777468471,3,7.261988332405412,0,0.0
15107,新潟県,新潟市西区,158048,63,39.86130795707633,13,8.225349260984004,24,15.185260174124316,14,8.858068434905851,3,1.8981575217655395,5,3.1635958696092326,8,5.061753391374772,3,1.8981575217655395
15108,新潟県,新潟市西蒲区,50364,25,49.63863076800889,3,5.9566356921610675,5,9.92772615360178,3,5.9566356921610675,1,1.9855452307203558,0,0.0,2,3.9710904614407116,0,0.0
15202,新潟県,長岡市,256456,95,37.04339145896372,13,5.069095673331877,24,9.358330473843466,10,3.8993043641014444,5,1.9496521820507222,3,1.1697913092304333,12,4.679165236921733,1,0.3899304364101444
15204,新潟県,三条市,89768,40,44.55930843953302,5,5.569913554941627,12,13.367792531859905,4,4.455930843953302,2,2.227965421976651,3,3.3419481329649763,8,8.911861687906605,1,1.1139827109883256
15205,新潟県,柏崎市,75111,30,39.94088748651995,3,3.994088748651995,9,11.982266245955985,2,2.6627258324346634,1,1.3313629162173317,2,2.6627258324346634,4,5.325451664869327,1,1.3313629162173317
15206,新潟県,新発田市,89876,37,41.16783123414482,7,7.788508611865236,12,13.351729048911835,5,5.563220437046597,2,2.225288174818639,1,1.1126440874093195,4,4.450576349637278,0,0.0
15208,新潟県,小千谷市,31863,11,34.522800740670995,2,6.2768728619401815,5,15.692182154850455,0,0.0,0,0.0,0,0.0,3,9.415309292910273,0,0.0
15209,新潟県,加茂市,22921,11,47.99092535229702,2,8.725622791326732,2,8.725622791326732,1,4.362811395663366,2,8.725622791326732,2,8.725622791326732,1,4.362811395663366,1,4.362811395663366
15210,新潟県,十日町市,44799,22,49.10823902319248,1,2.2321926828723853,2,4.4643853657447705,1,2.2321926828723853,0,0.0,0,0.0,1,2.2321926828723853,0,0.0
15211,新潟県,見附市,37527,13,34.64172462493671,1,2.664748048072055,4,10.65899219228822,0,0.0,0,0.0,1,2.664748048072055,1,2.664748048072055,0,0.0
15212,新潟県,村上市,51987,27,51.9360609383115,5,9.617789062650278,11,21.159135937830612,1,1.9235578125300556,2,3.8471156250601113,2,3.8471156250601113,3,5.770673437590167,0,0.0
15213,新潟県,燕市,73937,37,50.04260383840297,4,5.410011225773293,10,13.525028064433233,5,6.762514032216616,2,2.7050056128866466,3,4.05750841932997,2,2.7050056128866466,0,0.0
15216,新潟県,糸魚川市,36875,19,51.52542372881356,2,5.423728813559322,7,18.983050847457626,0,0.0,0,0.0,0,0.0,0,0.0,0,0.0
15217,新潟県,妙高市,27826,6,21.562567383023072,1,3.593761230503845,2,7.18752246100769,1,3.593761230503845,1,3.593761230503845,0,0.0,1,3.593761230503845,0,0.0
15218,新潟県,五泉市,43471,15,34.505762462331205,3,6.901152492466242,7,16.102689149087897,1,2.300384164155414,2,4.600768328310828,1,2.300384164155414,1,2.300384164155414,0,0.0
15222,新潟県,上越市,176550,84,47.5785896346644,12,6.796941376380628,26,14.726706315491361,8,4.531294250920419,0,0.0,2,1.1328235627301046,11,6.230529595015576,1,0.5664117813650523
15223,新潟県,阿賀野市,38158,10,26.206824257036534,3,7.86204727711096,4,10.482729702814613,2,5.241364851407306,0,0.0,1,2.620682425703653,3,7.86204727711096,0,0.0
15224,新潟県,佐渡市,45785,19,41.49830730588621,3,6.552364311455718,4,8.736485748607622,1,2.1841214371519055,0,0.0,0,0.0,2,4.368242874303811,0,0.0
15225,新潟県,魚沼市,31261,14,44.78423594894597,1,3.1988739963532837,2,6.3977479927065675,0,0.0,0,0.0,1,3.1988739963532837,1,3.1988739963532837,0,0.0
15226,新潟県,南魚沼市,51615,15,29.06131938390003,3,5.812263876780006,4,7.749685169040008,2,3.874842584520004,2,3.874842584520004,1,1.937421292260002,5,9.68710646130001,2,3.874842584520004
15227,新潟県,胎内市,26359,11,41.73147691490572,0,0.0,4,15.175082514511171,1,3.793770628627793,0,0.0,0,0.0,0,0.0,0,0.0
15307,新潟県,聖籠町,13887,3,21.602937999567942,0,0.0,0,0.0,0,0.0,1,7.200979333189314,0,0.0,0,0.0,0,0.0
15342,新潟県,弥彦村,7296,2,27.412280701754383,1,13.706140350877192,0,0.0,0,0.0,0,0.0,0,0.0,0,0.0,0,0.0
15361,新潟県,田上町,10374,3,28.918449971081547,0,0.0,0,0.0,1,9.63948332369385,0,0.0,0,0.0,0,0.0,0,0.0
15385,新潟県,阿賀町,8620,5,58.0046403712297,1,11.600928074245939,1,11.600928074245939,1,11.600928074245939,0,0.0,0,0.0,2,23.201856148491878,0,0.0
15405,新潟県,出雲崎町,3746,1,26.695141484249866,1,26.695141484249866,0,0.0,0,0.0,0,0.0,0,0.0,0,0.0,0,0.0
15461,新潟県,湯沢町,7424,1,13.469827586206897,0,0.0,0,0.0,0,0.0,0,0.0,0,0.0,0,0.0,0,0.0
15482,新潟県,津南町,8096,3,37.055335968379445,0,0.0,0,0.0,0,0.0,0,0.0,0,0.0,0,0.0,0,0.0
15504,新潟県,刈羽村,4185,1,23.894862604540023,0,0.0,1,23.894862604540023,0,0.0,0,0.0,0,0.0,0,0.0,0,0.0
15581,新潟県,関川村,4541,2,44.04316229905307,0,0.0,0,0.0,0,0.0,0,0.0,0,0.0,0,0.0,0,0.0
15586,新潟県,粟島浦村,303,1,330.03300330033005,0,0.0,0,0.0,0,0.0,0,0.0,0,0.0,0,0.0,0,0.0
16201,富山県,富山市,398075,203,50.99541543678955,59,14.821327639263957,66,16.579790240532564,33,8.289895120266282,7,1.758462601268605,12,3.0145073164604663,17,4.270552031652327,4,1.0048357721534886
16202,富山県,高岡市,159568,87,54.52220996691066,32,20.05414619472576,37,23.18760653765166,25,15.667301714629499,4,2.50676827434072,4,2.50676827434072,14,8.77368896019252,2,1.25338413717036
16204,富山県,魚津市,38207,19,49.729107231659114,3,7.85196429973565,8,20.938571465961736,6,15.7039285994713,0,0.0,1,2.617321433245217,1,2.617321433245217,0,0.0
16205,富山県,氷見市,39249,18,45.86104104563174,4,10.19134245458483,9,22.93052052281587,7,17.834849295523455,2,5.095671227292415,2,5.095671227292415,1,2.5478356136462077,0,0.0
16206,富山県,滑川市,31493,10,31.753087987806815,3,9.525926396342046,4,12.701235195122724,3,9.525926396342046,0,0.0,0,0.0,1,3.175308798780681,0,0.0
16207,富山県,黒部市,38087,17,44.63465224354767,4,10.502271116128863,7,18.37897445322551,2,5.251135558064432,1,2.625567779032216,2,5.251135558064432,1,2.625567779032216,1,2.625567779032216
16208,富山県,砺波市,46722,27,57.788622062411704,4,8.561277342579514,10,21.40319335644878,4,8.561277342579514,2,4.280638671289757,2,4.280638671289757,3,6.420958006934635,2,4.280638671289757
16209,富山県,小矢部市,26578,14,52.67514485664835,4,15.050041387613817,6,22.575062081420725,4,15.050041387613817,1,3.762510346903454,0,0.0,0,0.0,0,0.0
16210,富山県,南砺市,43424,20,46.05747973470892,5,11.51436993367723,5,11.51436993367723,3,6.908621960206338,1,2.3028739867354457,1,2.3028739867354457,2,4.6057479734708915,1,2.3028739867354457
16211,富山県,射水市,88073,33,37.468917829527776,7,7.947952266869529,11,12.48963927650926,5,5.677108762049664,0,0.0,2,2.2708435048198656,6,6.812530514459596,0,0.0
16321,富山県,舟橋村,3164,2,63.21112515802782,0,0.0,0,0.0,0,0.0,0,0.0,0,0.0,0,0.0,0,0.0
16322,富山県,上市町,17994,5,27.787040124485937,0,0.0,2,11.114816049794376,0,0.0,0,0.0,0,0.0,0,0.0,0,0.0
16323,富山県,立山町,23495,7,29.793573100659714,0,0.0,2,8.512449457331348,1,4.256224728665674,0,0.0,0,0.0,0,0.0,0,0.0
16342,富山県,入善町,21632,10,46.22781065088757,3,13.868343195266272,4,18.49112426035503,1,4.622781065088757,0,0.0,0,0.0,1,4.622781065088757,0,0.0
16343,富山県,朝日町,9851,3,30.453761039488374,2,20.302507359658918,2,20.302507359658918,1,10.151253679829459,0,0.0,0,0.0,0,0.0,0,0.0
17201,石川県,金沢市,450222,224,49.75323284957199,68,15.103659972191496,95,21.10070143173812,51,11.327744979143622,14,3.109577053098249,20,4.442252932997499,28,6.219154106196498,7,1.5547885265491246
17202,石川県,七尾市,46220,23,49.762007788836,6,12.981393336218087,10,21.635655560363478,4,8.654262224145391,1,2.163565556036348,2,4.327131112072696,3,6.490696668109043,1,2.163565556036348
17203,石川県,小松市,103678,42,40.51004070294566,12,11.57429734369876,14,13.503346900981887,10,9.645247786415633,3,2.89357433592469,4,3.858099114566253,6,5.78714867184938,1,0.9645247786415633
17204,石川県,輪島市,21231,15,70.65140596297867,2,9.420187461730487,3,14.130281192595731,0,0.0,0,0.0,0,0.0,0,0.0,0,0.0
17205,石川県,珠洲市,11273,5,44.353765634702384,2,17.741506253880956,1,8.870753126940478,0,0.0,0,0.0,0,0.0,1,8.870753126940478,0,0.0
17206,石川県,加賀市,58175,31,53.287494628276754,14,24.065320154705628,11,18.90846583584014,11,18.90846583584014,1,1.7189514396218306,1,1.7189514396218306,5,8.594757198109154,0,0.0
17207,石川県,羽咋市,18499,11,59.46267365803558,4,21.622790421103844,4,21.622790421103844,1,5.405697605275961,0,0.0,0,0.0,0,0.0,0,0.0
17209,石川県,かほく市,34918,13,37.230081906180196,4,11.455409817286213,7,20.046967180250874,3,8.591557362964659,2,5.727704908643107,1,2.8638524543215533,1,2.8638524543215533,0,0.0
17210,石川県,白山市,109019,40,36.69085205331181,9,8.255441711995157,15,13.759069519991927,8,7.338170410662361,3,2.7518139039983853,2,1.8345426026655902,1,0.9172713013327951,1,0.9172713013327951
17211,石川県,能美市,47926,19,39.644451863289234,4,8.346200392271419,7,14.605850686474982,2,4.173100196135709,1,2.0865500980678546,2,4.173100196135709,0,0.0,1,2.0865500980678546
17212,石川県,野々市市,58681,29,49.41974403980846,8,13.63303283856785,18,30.674323886777664,5,8.520645524104907,4,6.816516419283925,4,6.816516419283925,5,8.520645524104907,0,0.0
17324,石川県,川北町,6029,1,16.58649859014762,1,16.58649859014762,1,16.58649859014762,1,16.58649859014762,0,0.0,0,0.0,0,0.0,0,0.0
17361,石川県,津幡町,36651,11,30.012823661018796,5,13.642192573190364,2,5.4568770292761455,2,5.4568770292761455,2,5.4568770292761455,3,8.185315543914218,4,10.913754058552291,0,0.0
17365,石川県,内灘町,25934,9,34.70347805968998,3,11.56782601989666,2,7.711884013264441,1,3.8559420066322203,1,3.8559420066322203,1,3.8559420066322203,1,3.8559420066322203,0,0.0
17384,石川県,志賀町,16685,7,41.95385076415943,2,11.986814504045551,1,5.9934072520227755,0,0.0,0,0.0,0,0.0,0,0.0,0,0.0
17386,石川県,宝達志水町,11070,4,36.133694670280036,2,18.066847335140018,1,9.033423667570009,2,18.066847335140018,0,0.0,0,0.0,0,0.0,0,0.0
17407,石川県,中能登町,15232,3,19.695378151260506,1,6.565126050420168,1,6.565126050420168,0,0.0,0,0.0,0,0.0,0,0.0,0,0.0
17461,石川県,穴水町,7104,7,98.53603603603602,2,28.153153153153152,2,28.153153153153152,0,0.0,0,0.0,0,0.0,0,0.0,0,0.0
17463,石川県,能登町,13710,9,65.64551422319475,3,21.88183807439825,3,21.88183807439825,0,0.0,0,0.0,0,0.0,0,0.0,0,0.0
18201,福井県,福井市,252933,147,58.11815777300708,53,20.954165727682824,60,23.72169705020697,45,17.791272787655227,9,3.558254557531046,20,7.90723235006899,18,7.116509115062092,3,1.1860848525103487
18202,福井県,敦賀市,61377,26,42.36114505433631,5,8.146374048910829,9,14.663473288039494,1,1.6292748097821659,1,1.6292748097821659,4,6.5170992391286635,4,6.5170992391286635,1,1.6292748097821659
18204,福井県,小浜市,27802,12,43.16236241996979,2,7.193727069994964,2,7.193727069994964,0,0.0,1,3.596863534997482,0,0.0,1,3.596863534997482,1,3.596863534997482
18205,福井県,大野市,28540,14,49.05395935529082,5,17.519271198318147,7,24.52697967764541,5,17.519271198318147,0,0.0,0,0.0,1,3.50385423966363,0,0.0
18206,福井県,勝山市,20539,8,38.95028969277959,1,4.868786211597449,5,24.343931057987245,1,4.868786211597449,1,4.868786211597449,0,0.0,2,9.737572423194898,0,0.0
18207,福井県,鯖江市,66571,28,42.060356611737845,10,15.021555932763516,13,19.52802271259257,7,10.515089152934461,3,4.506466779829055,2,3.004311186552703,3,4.506466779829055,0,0.0
18208,福井県,あわら市,26082,12,46.008741660915575,7,26.838432635534083,6,23.004370830457788,3,11.502185415228894,1,3.8340618050762973,2,7.668123610152595,3,11.502185415228894,1,3.8340618050762973
18209,福井県,越前市,77392,36,46.51643580731859,11,14.213355385569567,19,24.550341120529254,8,10.336985734959685,1,1.2921232168699606,2,2.584246433739921,3,3.8763696506098824,1,1.2921232168699606
18210,福井県,坂井市,85679,29,33.84726712496644,8,9.337177137921778,12,14.005765706882666,4,4.668588568960889,1,1.1671471422402222,3,3.5014414267206666,3,3.5014414267206666,0,0.0
18322,福井県,永平寺町,18122,8,44.14523783246882,1,5.518154729058603,5,27.590773645293016,1,5.518154729058603,0,0.0,1,5.518154729058603,1,5.518154729058603,0,0.0
18382,福井県,池田町,2148,2,93.10986964618249,1,46.554934823091244,0,0.0,0,0.0,0,0.0,0,0.0,0,0.0,0,0.0
18404,福井県,南越前町,8899,6,67.42330598943701,2,22.47443532981234,2,22.47443532981234,2,22.47443532981234,0,0.0,0,0.0,2,22.47443532981234,0,0.0
18423,福井県,越前町,18625,5,26.845637583892614,1,5.369127516778524,5,26.845637583892614,0,0.0,0,0.0,0,0.0,0,0.0,0,0.0
18442,福井県,美浜町,8638,4,46.30701551285019,1,11.576753878212548,3,34.73026163463764,0,0.0,0,0.0,0,0.0,0,0.0,0,0.0
18481,福井県,高浜町,9607,5,52.04538357447694,1,10.409076714895388,1,10.409076714895388,0,0.0,0,0.0,0,0.0,0,0.0,0,0.0
18483,福井県,おおい町,7447,4,53.712904525312204,0,0.0,2,26.856452262656102,1,13.428226131328051,0,0.0,0,0.0,0,0.0,0,0.0
18501,福井県,若狭町,12471,8,64.14882527463715,0,0.0,2,16.037206318659287,0,0.0,0,0.0,0,0.0,0,0.0,0,0.0
19201,山梨県,甲府市,185993,103,55.3784282204169,22,11.828402144166716,36,19.35556714500008,20,10.753092858333378,7,3.7635825004166823,12,6.451855715000027,14,7.527165000833365,4,2.1506185716666755
19202,山梨県,富士吉田市,44113,32,72.54097431596128,10,22.6690544737379,12,27.20286536848548,3,6.80071634212137,3,6.80071634212137,1,2.26690544737379,1,2.26690544737379,0,0.0
19204,山梨県,都留市,29369,12,40.859409581531544,0,0.0,4,13.619803193843849,0,0.0,0,0.0,0,0.0,0,0.0,0,0.0
19205,山梨県,山梨市,31632,15,47.42033383915023,6,18.96813353566009,4,12.645422357106728,2,6.322711178553364,3,9.484066767830045,3,9.484066767830045,2,6.322711178553364,0,0.0
19206,山梨県,大月市,20058,15,74.78312892611427,0,0.0,0,0.0,0,0.0,0,0.0,0,0.0,0,0.0,0,0.0
19207,山梨県,韮崎市,27503,13,47.26757081045704,1,3.6359669854197727,6,21.815801912518634,2,7.271933970839545,1,3.6359669854197727,2,7.271933970839545,1,3.6359669854197727,0,0.0
19208,山梨県,南アルプス市,67993,19,27.944053064286027,7,10.295177444736957,10,14.707396349624227,4,5.882958539849691,3,4.4122189048872675,1,1.4707396349624227,4,5.882958539849691,0,0.0
19209,山梨県,北杜市,42674,19,44.52359750667854,2,4.686694474387214,5,11.716736185968037,1,2.343347237193607,2,4.686694474387214,1,2.343347237193607,2,4.686694474387214,0,0.0
19210,山梨県,甲斐市,75080,35,46.616941928609485,5,6.659563132658497,12,15.982951518380393,4,5.327650506126798,0,0.0,2,2.663825253063399,6,7.991475759190196,0,0.0
19211,山梨県,笛吹市,64679,33,51.02119698820328,7,10.822678149012818,7,10.822678149012818,4,6.184387513721609,1,1.5460968784304023,3,4.638290635291207,7,10.822678149012818,0,0.0
19212,山梨県,上野原市,20848,11,52.76285495011512,4,19.18649270913277,2,9.593246354566386,0,0.0,0,0.0,0,0.0,1,4.796623177283193,0,0.0
19213,山梨県,甲州市,27020,17,62.916358253145816,5,18.50481125092524,3,11.102886750555143,2,7.401924500370096,2,7.401924500370096,2,7.401924500370096,1,3.700962250185048,0,0.0
19214,山梨県,中央市,30750,10,32.520325203252035,5,16.260162601626018,3,9.75609756097561,1,3.252032520325203,1,3.252032520325203,1,3.252032520325203,1,3.252032520325203,1,3.252032520325203
19346,山梨県,市川三郷町,13690,8,58.436815193571945,1,7.304601899196493,3,21.91380569758948,1,7.304601899196493,0,0.0,0,0.0,0,0.0,0,0.0
19364,山梨県,早川町,932,6,643.7768240343347,0,0.0,0,0.0,0,0.0,0,0.0,0,0.0,0,0.0,0,0.0
19365,山梨県,身延町,8926,9,100.8290387631638,0,0.0,1,11.203226529240421,0,0.0,1,11.203226529240421,0,0.0,1,11.203226529240421,0,0.0
19366,山梨県,南部町,6310,5,79.2393026941363,0,0.0,0,0.0,0,0.0,0,0.0,0,0.0,0,0.0,0,0.0
19368,山梨県,富士川町,13250,4,30.18867924528302,1,7.547169811320755,3,22.641509433962263,1,7.547169811320755,0,0.0,0,0.0,1,7.547169811320755,0,0.0
19384,山梨県,昭和町,21593,15,69.46695688417543,2,9.262260917890057,6,27.78678275367017,0,0.0,1,4.631130458945028,2,9.262260917890057,1,4.631130458945028,0,0.0
19422,山梨県,道志村,1481,1,67.5219446320054,0,0.0,0,0.0,0,0.0,0,0.0,0,0.0,0,0.0,0,0.0
19423,山梨県,西桂町,3735,1,26.773761713520752,0,0.0,1,26.773761713520752,0,0.0,0,0.0,0,0.0,0,0.0,0,0.0
19424,山梨県,忍野村,9348,3,32.09242618741977,0,0.0,0,0.0,0,0.0,0,0.0,0,0.0,0,0.0,0,0.0
19425,山梨県,山中湖村,5045,2,39.64321110009911,0,0.0,0,0.0,0,0.0,0,0.0,0,0.0,0,0.0,0,0.0
19429,山梨県,鳴沢村,2739,1,36.50967506389193,0,0.0,0,0.0,1,36.50967506389193,0,0.0,0,0.0,0,0.0,0,0.0
19430,山梨県,富士河口湖町,26424,18,68.11989100817438,5,18.922191946715106,6,22.70663033605813,1,3.7844383893430216,1,3.7844383893430216,0,0.0,0,0.0,0,0.0
19442,山梨県,小菅村,588,1,170.06802721088434,0,0.0,0,0.0,0,0.0,0,0.0,0,0.0,0,0.0,0,0.0
19443,山梨県,丹波山村,465,2,430.10752688172045,0,0.0,0,0.0,0,0.0,0,0.0,0,0.0,0,0.0,0,0.0
20201,長野県,長野市,363086,151,41.58794335226365,22,6.05917055463444,32,8.813338988559185,20,5.50833686784949,6,1.6525010603548471,10,2.754168433924745,13,3.5804189641021686,2,0.550833686784949
20202,長野県,松本市,236049,122,51.68418421598905,17,7.201894521900114,26,11.01466220996488,16,6.778253667670695,5,2.1182042711470923,7,2.965485979605929,12,5.083690250753022,1,0.42364085422941844
20203,長野県,上田市,149188,68,45.5800734643537,8,5.3623615840416115,16,10.724723168083223,14,9.384132772072821,3,2.0108855940156043,5,3.351475990026007,9,6.032656782046813,2,1.3405903960104029
20204,長野県,岡谷市,44932,19,42.28612124988872,4,8.902341315766046,8,17.804682631532092,2,4.451170657883023,1,2.2255853289415115,1,2.2255853289415115,4,8.902341315766046,0,0.0
20205,長野県,飯田市,93909,55,58.56733646402368,12,12.778327955786985,18,19.167491933680477,6,6.389163977893492,3,3.194581988946746,3,3.194581988946746,6,6.389163977893492,0,0.0
20206,長野県,諏訪市,46897,26,55.44064652323176,3,6.396997675757511,8,17.058660468686696,3,6.396997675757511,2,4.264665117171674,1,2.132332558585837,3,6.396997675757511,1,2.132332558585837
20207,長野県,須坂市,47834,23,48.08295354768575,6,12.543379186352803,9,18.815068779529206,4,8.362252790901868,0,0.0,1,2.090563197725467,2,4.181126395450934,1,2.090563197725467
20208,長野県,小諸市,39100,21,53.708439897698206,4,10.230179028132993,7,17.902813299232736,4,10.230179028132993,1,2.557544757033248,2,5.115089514066496,1,2.557544757033248,0,0.0
20209,長野県,伊那市,62912,31,49.27517802644964,10,15.895218718209563,11,17.48474059003052,5,7.947609359104781,1,1.5895218718209563,1,1.5895218718209563,3,4.768565615462869,0,0.0
20210,長野県,駒ヶ根市,31056,18,57.959814528593505,3,9.659969088098919,5,16.099948480164862,1,3.219989696032973,0,0.0,0,0.0,2,6.439979392065946,0,0.0
20211,長野県,中野市,40487,18,44.45871514313236,3,7.409785857188727,6,14.819571714377455,1,2.4699286190629093,1,2.4699286190629093,1,2.4699286190629093,1,2.4699286190629093,0,0.0
20212,長野県,大町市,23939,12,50.12740715986465,2,8.354567859977442,3,12.531851789966163,1,4.177283929988721,1,4.177283929988721,1,4.177283929988721,3,12.531851789966163,1,4.177283929988721
20213,長野県,飯山市,17819,9,50.50788484202256,3,16.83596161400752,2,11.223974409338346,1,5.611987204669173,0,0.0,0,0.0,1,5.611987204669173,0,0.0
20214,長野県,茅野市,55025,20,36.347114947751024,4,7.269422989550204,8,14.538845979100408,4,7.269422989550204,1,1.817355747387551,0,0.0,1,1.817355747387551,0,0.0
20215,長野県,塩尻市,66085,28,42.36967541802225,4,6.052810774003177,6,9.079216161004767,1,1.5132026935007943,0,0.0,1,1.5132026935007943,3,4.539608080502384,1,1.5132026935007943
20217,長野県,佐久市,96517,55,56.984779883336614,11,11.396955976667323,18,18.649564325455618,11,11.396955976667323,3,3.1082607209092696,7,7.252608348788296,3,3.1082607209092696,0,0.0
20218,長野県,千曲市,56606,23,40.6317351517507,4,7.066388722043599,6,10.599583083065399,2,3.5331943610217995,0,0.0,2,3.5331943610217995,1,1.7665971805108998,0,0.0
20219,長野県,東御市,29446,10,33.960470012904985,1,3.396047001290498,2,6.792094002580996,1,3.396047001290498,0,0.0,1,3.396047001290498,0,0.0,0,0.0
20220,長野県,安曇野市,92161,42,45.57242217423856,7,7.595403695706427,7,7.595403695706427,4,4.340230683260815,1,1.0850576708152038,2,2.1701153416304075,4,4.340230683260815,0,0.0
20303,長野県,小海町,3980,2,50.25125628140704,0,0.0,0,0.0,0,0.0,0,0.0,0,0.0,0,0.0,0,0.0
20304,長野県,川上村,4199,2,47.630388187663726,0,0.0,0,0.0,0,0.0,0,0.0,0,0.0,0,0.0,0,0.0
20305,長野県,南牧村,3061,3,98.00718719372753,0,0.0,0,0.0,1,32.66906239790918,0,0.0,0,0.0,0,0.0,0,0.0
20306,長野県,南相木村,880,1,113.63636363636363,0,0.0,0,0.0,0,0.0,0,0.0,0,0.0,0,0.0,0,0.0
20307,長野県,北相木村,678,1,147.49262536873155,0,0.0,0,0.0,0,0.0,0,0.0,0,0.0,0,0.0,0,0.0
20309,長野県,佐久穂町,9379,4,42.64846998613925,1,10.662117496534812,2,21.324234993069624,1,10.662117496534812,0,0.0,0,0.0,1,10.662117496534812,0,0.0
20321,長野県,軽井沢町,19600,12,61.224489795918366,1,5.1020408163265305,1,5.1020408163265305,0,0.0,0,0.0,0,0.0,0,0.0,0,0.0
20323,長野県,御代田町,16100,5,31.055900621118013,2,12.422360248447205,1,6.211180124223603,0,0.0,1,6.211180124223603,1,6.211180124223603,0,0.0,0,0.0
20324,長野県,立科町,6099,2,32.792261026397775,1,16.396130513198887,1,16.396130513198887,0,0.0,0,0.0,0,0.0,0,0.0,0,0.0
20349,長野県,青木村,3907,1,25.59508574353724,0,0.0,0,0.0,0,0.0,0,0.0,0,0.0,0,0.0,0,0.0
20350,長野県,長和町,5067,3,59.206631142687975,1,19.73554371422933,1,19.73554371422933,1,19.73554371422933,0,0.0,0,0.0,0,0.0,0,0.0
20361,長野県,下諏訪町,17837,9,50.45691540057184,3,16.818971800190614,4,22.425295733587486,3,16.818971800190614,0,0.0,1,5.6063239333968715,1,5.6063239333968715,0,0.0
20362,長野県,富士見町,13477,4,29.680195889292868,2,14.840097944646434,1,7.420048972323217,1,7.420048972323217,0,0.0,0,0.0,1,7.420048972323217,0,0.0
20363,長野県,原村,7611,3,39.41663381947181,0,0.0,0,0.0,0,0.0,0,0.0,0,0.0,1,13.138877939823939,0,0.0
20382,長野県,辰野町,17262,5,28.965357432510718,2,11.586142973004288,1,5.793071486502144,0,0.0,0,0.0,0,0.0,1,5.793071486502144,0,0.0
20383,長野県,箕輪町,24315,7,28.788813489615467,1,4.112687641373638,1,4.112687641373638,1,4.112687641373638,0,0.0,0,0.0,0,0.0,0,0.0
20384,長野県,飯島町,8454,3,35.486160397445,1,11.828720132481665,1,11.828720132481665,0,0.0,0,0.0,0,0.0,0,0.0,0,0.0
20385,長野県,南箕輪村,16296,4,24.545900834560626,2,12.272950417280313,0,0.0,0,0.0,0,0.0,0,0.0,0,0.0,0,0.0
20386,長野県,中川村,4387,2,45.589240939138364,0,0.0,0,0.0,0,0.0,0,0.0,0,0.0,0,0.0,0,0.0
20388,長野県,宮田村,8241,2,24.268899405411965,1,12.134449702705982,0,0.0,0,0.0,0,0.0,0,0.0,0,0.0,0,0.0
20402,長野県,松川町,11928,4,33.5345405767941,1,8.383635144198525,0,0.0,0,0.0,0,0.0,0,0.0,0,0.0,0,0.0
20403,長野県,高森町,12346,4,32.39915762190183,2,16.199578810950914,0,0.0,1,8.099789405475457,0,0.0,0,0.0,1,8.099789405475457,0,0.0
20404,長野県,阿南町,3652,4,109.52902519167579,0,0.0,0,0.0,0,0.0,0,0.0,0,0.0,0,0.0,0,0.0
20407,長野県,阿智村,5609,5,89.14244963451596,0,0.0,0,0.0,0,0.0,0,0.0,0,0.0,0,0.0,0,0.0
20409,長野県,平谷村,326,1,306.7484662576687,0,0.0,0,0.0,0,0.0,0,0.0,0,0.0,0,0.0,0,0.0
20410,長野県,根羽村,729,1,137.1742112482853,0,0.0,0,0.0,0,0.0,0,0.0,0,0.0,0,0.0,0,0.0
20411,長野県,下條村,3296,2,60.679611650485434,0,0.0,0,0.0,0,0.0,0,0.0,0,0.0,0,0.0,0,0.0
20412,長野県,売木村,490,1,204.08163265306123,0,0.0,0,0.0,0,0.0,0,0.0,0,0.0,0,0.0,0,0.0
20413,長野県,天龍村,911,1,109.76948408342481,0,0.0,0,0.0,0,0.0,0,0.0,0,0.0,0,0.0,0,0.0
20414,長野県,泰阜村,1347,1,74.23904974016332,0,0.0,0,0.0,0,0.0,0,0.0,0,0.0,0,0.0,0,0.0
20415,長野県,喬木村,5634,1,17.74937877174299,0,0.0,0,0.0,0,0.0,0,0.0,0,0.0,0,0.0,0,0.0
20416,長野県,豊丘村,6144,1,16.276041666666664,0,0.0,0,0.0,0,0.0,0,0.0,0,0.0,0,0.0,0,0.0
20417,長野県,大鹿村,878,1,113.89521640091115,0,0.0,0,0.0,0,0.0,0,0.0,0,0.0,0,0.0,0,0.0
20422,長野県,上松町,3581,2,55.85032113934655,0,0.0,0,0.0,0,0.0,0,0.0,0,0.0,0,0.0,0,0.0
20423,長野県,南木曽町,3381,1,29.57704821058858,0,0.0,0,0.0,0,0.0,0,0.0,0,0.0,0,0.0,0,0.0
20425,長野県,木祖村,2402,1,41.631973355537056,0,0.0,0,0.0,0,0.0,0,0.0,0,0.0,0,0.0,0,0.0
20429,長野県,王滝村,618,1,161.81229773462783,0,0.0,0,0.0,0,0.0,0,0.0,0,0.0,0,0.0,0,0.0
20430,長野県,大桑村,3096,1,32.299741602067186,0,0.0,0,0.0,0,0.0,0,0.0,0,0.0,0,0.0,0,0.0
20432,長野県,木曽町,9271,6,64.71793765505339,1,10.7863229425089,2,21.5726458850178,1,10.7863229425089,0,0.0,0,0.0,1,10.7863229425089,0,0.0
20446,長野県,麻績村,2311,1,43.271311120726956,0,0.0,1,43.271311120726956,0,0.0,0,0.0,0,0.0,0,0.0,0,0.0
20448,長野県,生坂村,1476,1,67.75067750677506,0,0.0,0,0.0,0,0.0,0,0.0,0,0.0,0,0.0,0,0.0
20450,長野県,山形村,8136,3,36.87315634218289,0,0.0,1,12.291052114060964,0,0.0,0,0.0,0,0.0,0,0.0,0,0.0
20451,長野県,朝日村,4098,1,24.40214738897023,1,24.40214738897023,0,0.0,0,0.0,0,0.0,0,0.0,0,0.0,0,0.0
20452,長野県,筑北村,3673,2,54.45140212360469,0,0.0,0,0.0,0,0.0,0,0.0,0,0.0,0,0.0,0,0.0
20481,長野県,池田町,8571,5,58.33625014584063,2,23.33450005833625,2,23.33450005833625,2,23.33450005833625,2,23.33450005833625,0,0.0,1,11.667250029168125,1,11.667250029168125
20482,長野県,松川村,9225,6,65.04065040650407,0,0.0,2,21.680216802168022,1,10.840108401084011,0,0.0,0,0.0,1,10.840108401084011,0,0.0
20485,長野県,白馬村,8187,6,73.28691828508612,1,12.214486380847685,1,12.214486380847685,0,0.0,1,12.214486380847685,0,0.0,0,0.0,0,0.0
20486,長野県,小谷村,2330,1,42.918454935622314,0,0.0,0,0.0,0,0.0,0,0.0,0,0.0,0,0.0,0,0.0
20521,長野県,坂城町,12694,6,47.266425082716246,3,23.633212541358123,2,15.755475027572082,0,0.0,0,0.0,1,7.877737513786041,0,0.0,0,0.0
20541,長野県,小布施町,10567,6,56.78054320052995,1,9.463423866754992,2,18.926847733509984,1,9.463423866754992,0,0.0,0,0.0,1,9.463423866754992,0,0.0
20543,長野県,高山村,6177,2,32.37817710862878,1,16.18908855431439,0,0.0,0,0.0,0,0.0,0,0.0,0,0.0,0,0.0
20561,長野県,山ノ内町,10254,4,39.00916715428126,0,0.0,1,9.752291788570314,0,0.0,0,0.0,1,9.752291788570314,0,0.0,0,0.0
20562,長野県,木島平村,3935,2,50.825921219822106,0,0.0,1,25.412960609911053,0,0.0,0,0.0,0,0.0,0,0.0,0,0.0
20563,長野県,野沢温泉村,2935,3,102.21465076660989,0,0.0,0,0.0,0,0.0,0,0.0,0,0.0,0,0.0,0,0.0
20583,長野県,信濃町,7023,2,28.477858465043433,0,0.0,0,0.0,0,0.0,0,0.0,0,0.0,0,0.0,0,0.0
20588,長野県,小川村,1936,1,51.65289256198347,0,0.0,0,0.0,0,0.0,0,0.0,0,0.0,0,0.0,0,0.0
20590,長野県,飯綱町,9470,2,21.119324181626187,1,10.559662090813093,1,10.559662090813093,0,0.0,0,0.0,0,0.0,0,0.0,0,0.0
20602,長野県,栄村,1433,2,139.56734124214933,0,0.0,0,0.0,0,0.0,0,0.0,0,0.0,0,0.0,0,0.0
21201,岐阜県,岐阜市,392902,232,59.047803269008554,88,22.397442619279108,90,22.906475406080904,55,13.998401637049444,20,5.0903278680179795,46,11.707754096441352,26,6.617426228423373,7,1.7816147538062928
21202,岐阜県,大垣市,154850,74,47.78818211172102,22,14.20729738456571,28,18.08201485308363,5,3.228931223764934,8,5.166289958023894,11,7.103648692282855,6,3.8747174685179204,0,0.0
21203,岐阜県,高山市,78262,50,63.88796606271243,11,14.055352533796736,14,17.888630497559483,7,8.944315248779741,0,0.0,2,2.5555186425084973,3,3.833277963762746,1,1.2777593212542486
21204,岐阜県,多治見市,100822,47,46.61680982325286,13,12.894011227708237,18,17.85324631528833,6,5.95108210509611,6,5.95108210509611,5,4.959235087580091,4,3.967388070064074,2,1.983694035032037
21205,岐阜県,関市,81718,38,46.50138280427813,13,15.90836780146357,18,22.02697080202648,7,8.566044200788077,2,2.447441200225165,3,3.6711618003377473,1,1.2237206001125824,1,1.2237206001125824
21206,岐阜県,中津川市,73087,36,49.256365701150685,6,8.209394283525114,10,13.68232380587519,5,6.841161902937595,2,2.736464761175038,3,4.104697141762557,4,5.472929522350076,1,1.368232380587519
21207,岐阜県,美濃市,17926,9,50.20640410576816,2,11.156978690170702,3,16.73546803525605,0,0.0,0,0.0,1,5.578489345085351,0,0.0,0,0.0
21208,岐阜県,瑞浪市,35259,20,56.723106157293174,1,2.836155307864659,5,14.180776539323293,3,8.508465923593976,1,2.836155307864659,3,8.508465923593976,0,0.0,0,0.0
21209,岐阜県,羽島市,64073,26,40.57871490331341,10,15.607198039735927,14,21.850077255630296,9,14.046478235762335,2,3.121439607947185,7,10.925038627815148,5,7.8035990198679634,1,1.5607198039735926
21210,岐阜県,恵那市,43758,29,66.27359568536039,3,6.855889208830385,7,15.997074820604231,4,9.141185611773846,1,2.2852964029434615,0,0.0,1,2.2852964029434615,0,0.0
21211,岐阜県,美濃加茂市,56972,27,47.39170118654778,11,19.307730113037984,9,15.797233728849259,7,12.286737344660535,2,3.5104963841887247,5,8.77624096047181,1,1.7552481920943623,1,1.7552481920943623
21212,岐阜県,土岐市,51792,18,34.75440222428174,4,7.723200494284832,10,19.30800123571208,3,5.792400370713624,2,3.861600247142416,3,5.792400370713624,3,5.792400370713624,1,1.930800123571208
21213,岐阜県,各務原市,141808,66,46.541803001241114,24,16.924292000451313,28,19.745007333859867,11,7.756967166873519,4,2.820715333408552,10,7.051788333521381,4,2.820715333408552,2,1.410357666704276
21214,岐阜県,可児市,98689,34,34.45166127937257,13,13.17269401858363,13,13.17269401858363,6,6.079704931653984,2,2.026568310551328,5,5.06642077637832,3,3.039852465826992,1,1.013284155275664
21215,岐阜県,山県市,23486,10,42.578557438473986,5,21.289278719236993,5,21.289278719236993,3,12.773567231542195,2,8.515711487694798,0,0.0,1,4.257855743847399,1,4.257855743847399
21216,岐阜県,瑞穂市,57151,18,31.495511889555736,8,13.998005284246995,6,10.498503963185247,1,1.7497506605308744,1,1.7497506605308744,2,3.4995013210617487,1,1.7497506605308744,0,0.0
21217,岐阜県,飛騨市,20378,15,73.60879379723231,2,9.814505839630975,2,9.814505839630975,1,4.9072529198154875,1,4.9072529198154875,1,4.9072529198154875,0,0.0,0,0.0
21218,岐阜県,本巣市,31719,11,34.67952961947098,3,9.458053532582994,6,18.91610706516599,0,0.0,0,0.0,1,3.152684510860998,0,0.0,0,0.0
21219,岐阜県,郡上市,35283,21,59.51874840574781,4,11.336904458237678,7,19.839582801915938,0,0.0,0,0.0,2,5.668452229118839,1,2.8342261145594194,1,2.8342261145594194
21220,岐阜県,下呂市,26993,18,66.68395509947024,3,11.113992516578373,4,14.818656688771162,2,7.409328344385581,1,3.7046641721927904,2,7.409328344385581,1,3.7046641721927904,0,0.0
21221,岐阜県,海津市,30362,14,46.11026941571701,2,6.58718134510243,2,6.58718134510243,1,3.293590672551215,0,0.0,2,6.58718134510243,0,0.0,0,0.0
21302,岐阜県,岐南町,26082,14,53.676865271068166,6,23.004370830457788,6,23.004370830457788,4,15.33624722030519,0,0.0,3,11.502185415228894,1,3.8340618050762973,1,3.8340618050762973
21303,岐阜県,笠松町,21692,13,59.9299280840863,6,27.65996680803983,7,32.269961276046466,5,23.04997234003319,2,9.219988936013277,1,4.609994468006638,1,4.609994468006638,2,9.219988936013277
21341,岐阜県,養老町,24810,11,44.336960902861755,5,20.153164046755343,5,20.153164046755343,1,4.030632809351069,1,4.030632809351069,0,0.0,0,0.0,0,0.0
21361,岐阜県,垂井町,25126,10,39.799410968717666,4,15.919764387487065,3,11.9398232906153,2,7.959882193743533,0,0.0,1,3.9799410968717663,2,7.959882193743533,0,0.0
21362,岐阜県,関ケ原町,5958,3,50.35246727089628,0,0.0,1,16.784155756965426,0,0.0,1,16.784155756965426,0,0.0,0,0.0,0,0.0
21381,岐阜県,神戸町,17597,6,34.096721031994086,2,11.365573677331364,4,22.731147354662728,2,11.365573677331364,1,5.682786838665682,0,0.0,0,0.0,0,0.0
21382,岐阜県,輪之内町,9513,3,31.5357931251971,1,10.511931041732366,1,10.511931041732366,1,10.511931041732366,0,0.0,0,0.0,0,0.0,0,0.0
21383,岐阜県,安八町,13752,6,43.63001745200698,1,7.271669575334497,1,7.271669575334497,0,0.0,0,0.0,0,0.0,0,0.0,0,0.0
21401,岐阜県,揖斐川町,17389,13,74.7599056875036,0,0.0,2,11.50152395192363,0,0.0,0,0.0,0,0.0,1,5.750761975961815,0,0.0
21403,岐阜県,大野町,20974,8,38.14246209592829,3,14.303423285973109,5,23.83903880995518,3,14.303423285973109,0,0.0,2,9.535615523982072,2,9.535615523982072,1,4.767807761991036
21404,岐阜県,池田町,21597,4,18.521090892253554,1,4.630272723063388,2,9.260545446126777,0,0.0,0,0.0,0,0.0,1,4.630272723063388,1,4.630272723063388
21421,岐阜県,北方町,17905,12,67.02038536721587,3,16.755096341803966,3,16.755096341803966,3,16.755096341803966,0,0.0,0,0.0,0,0.0,0,0.0
21501,岐阜県,坂祝町,7885,2,25.364616360177553,0,0.0,0,0.0,0,0.0,0,0.0,0,0.0,0,0.0,0,0.0
21502,岐阜県,富加町,5443,2,36.74444240308654,1,18.37222120154327,1,18.37222120154327,0,0.0,0,0.0,0,0.0,0,0.0,0,0.0
21503,岐阜県,川辺町,9436,4,42.3908435777872,1,10.5977108944468,2,21.1954217888936,1,10.5977108944468,0,0.0,0,0.0,0,0.0,0,0.0
21504,岐阜県,七宗町,2994,3,100.2004008016032,0,0.0,1,33.4001336005344,0,0.0,0,0.0,0,0.0,0,0.0,0,0.0
21505,岐阜県,八百津町,9352,8,85.5431993156544,0,0.0,3,32.0786997433704,1,10.6928999144568,0,0.0,0,0.0,0,0.0,0,0.0
21506,岐阜県,白川町,6515,3,46.04758250191865,1,15.349194167306216,1,15.349194167306216,1,15.349194167306216,0,0.0,0,0.0,0,0.0,0,0.0
21507,岐阜県,東白川村,1784,1,56.053811659192824,0,0.0,0,0.0,0,0.0,0,0.0,0,0.0,0,0.0,0,0.0
21521,岐阜県,御嵩町,16833,5,29.703558486306658,3,17.822135091783995,2,11.881423394522663,3,17.822135091783995,0,0.0,1,5.940711697261332,0,0.0,0,0.0
21604,岐阜県,白川村,1380,2,144.92753623188406,0,0.0,0,0.0,0,0.0,0,0.0,0,0.0,0,0.0,0,0.0
22101,静岡県,静岡市葵区,242029,135,55.77843977374612,43,17.766466002008023,35,14.461076978378623,18,7.43712530316615,6,2.47904176772205,5,2.0658681397683747,19,7.850298931119824,5,2.0658681397683747
22102,静岡県,静岡市駿河区,210865,74,35.09354326227681,15,7.113556066677732,26,12.33016384890807,10,4.742370711118488,5,2.371185355559244,5,2.371185355559244,8,3.7938965688947905,1,0.4742370711118488
22103,静岡県,静岡市清水区,220872,86,38.93657865188888,21,9.507769205693796,27,12.224274693034879,9,4.074758231011627,5,2.263754572784237,5,2.263754572784237,4,1.8110036582273896,2,0.9055018291136948
22203,静岡県,沼津市,180836,81,44.79196620142007,21,11.612731978145945,32,17.6955915857462,15,8.29480855581853,4,2.211948948218275,7,3.8709106593819813,6,3.3179234223274126,1,0.5529872370545688
22205,静岡県,熱海市,31835,26,81.67111669546097,8,25.129574367834145,10,31.411967959792683,5,15.705983979896342,3,9.423590387937804,2,6.282393591958536,3,9.423590387937804,1,3.141196795979268
22206,静岡県,三島市,103034,64,62.11541821146418,18,17.4699613719743,21,20.38162160063668,11,10.676087505095404,4,3.8822136382165113,6,5.823320457324767,3,2.9116602286623836,0,0.0
22207,静岡県,富士宮市,122437,55,44.921061443844586,7,5.717226001943857,18,14.701438290712774,3,2.4502397151187956,3,2.4502397151187956,3,2.4502397151187956,4,3.2669862868250608,0,0.0
22208,静岡県,伊東市,62084,34,54.76451259583789,3,4.832162876103344,14,22.550093421815603,6,9.664325752206688,2,3.2214419174022297,2,3.2214419174022297,0,0.0,0,0.0
22209,静岡県,島田市,92221,34,36.86795849101615,10,10.843517203240042,13,14.096572364212056,5,5.421758601620021,2,2.1687034406480086,1,1.0843517203240043,3,3.253055160972013,1,1.0843517203240043
22210,静岡県,富士市,238566,105,44.01297754080632,24,10.060109152184301,38,15.928506157625142,14,5.868397005440842,7,2.934198502720421,4,1.6766848586973835,6,2.5150272880460753,1,0.41917121467434587
22211,静岡県,磐田市,162834,70,42.988565041698905,14,8.597713008339781,19,11.668324797032561,7,4.2988565041698905,3,1.8423670732156674,6,3.684734146431335,7,4.2988565041698905,1,0.6141223577385558
22212,静岡県,焼津市,132470,43,32.46017966332,7,5.284215294028837,15,11.32331848720465,8,6.039103193175813,3,2.26466369744093,4,3.0195515965879065,3,2.26466369744093,2,1.5097757982939533
22213,静岡県,掛川市,112454,41,36.459352268483116,9,8.003272449179219,9,8.003272449179219,4,3.557009977412987,2,1.7785049887064934,2,1.7785049887064934,5,4.446262471766233,1,0.8892524943532467
22214,静岡県,藤枝市,136082,58,42.6213606501962,13,9.553063594009494,14,10.287914639702532,8,5.878808365544304,6,4.409106274158228,1,0.734851045693038,6,4.409106274158228,2,1.469702091386076
22215,静岡県,御殿場市,80991,33,40.74526799273993,5,6.1735254534454445,11,13.581755997579977,7,8.642935634823623,3,3.7041152720672668,3,3.7041152720672668,3,3.7041152720672668,0,0.0
22216,静岡県,袋井市,87913,33,37.53711055247802,7,7.96241738991958,11,12.51237018415934,4,4.5499527942397595,3,3.4124645956798196,4,4.5499527942397595,1,1.1374881985599399,0,0.0
22219,静岡県,下田市,18369,15,81.65931732810714,3,16.331863465621428,3,16.331863465621428,2,10.887908977080953,2,10.887908977080953,4,21.775817954161905,1,5.443954488540476,0,0.0
22220,静岡県,裾野市,47611,22,46.207809119741235,3,6.301064879964714,9,18.903194639894142,2,4.200709919976476,0,0.0,1,2.100354959988238,0,0.0,0,0.0
22221,静岡県,湖西市,55965,19,33.94979004735102,7,12.507817385866167,6,10.720986330742429,2,3.573662110247476,2,3.573662110247476,1,1.786831055123738,1,1.786831055123738,0,0.0
22222,静岡県,伊豆市,25584,13,50.81300813008131,5,19.543464665415886,1,3.908692933083177,1,3.908692933083177,0,0.0,0,0.0,2,7.817385866166354,1,3.908692933083177
22223,静岡県,御前崎市,28616,12,41.93458205199888,2,6.98909700866648,5,17.472742521666202,2,6.98909700866648,0,0.0,0,0.0,0,0.0,0,0.0
22224,静岡県,菊川市,47208,16,33.89256058295204,4,8.47314014573801,2,4.236570072869005,2,4.236570072869005,1,2.1182850364345027,1,2.1182850364345027,1,2.1182850364345027,0,0.0
22225,静岡県,伊豆の国市,44449,20,44.99538797273279,6,13.498616391819837,6,13.498616391819837,4,8.99907759454656,1,2.24976939863664,1,2.24976939863664,3,6.749308195909919,1,2.24976939863664
22226,静岡県,牧之原市,40982,15,36.60143477624323,4,9.760382606998194,9,21.96086086574594,3,7.320286955248646,2,4.880191303499097,0,0.0,1,2.4400956517495485,0,0.0
22301,静岡県,東伊豆町,10365,4,38.59141341051616,2,19.29570670525808,1,9.64785335262904,0,0.0,2,19.29570670525808,1,9.64785335262904,2,19.29570670525808,0,0.0
22302,静岡県,河津町,6336,5,78.91414141414141,1,15.782828282828284,1,15.782828282828284,0,0.0,0,0.0,0,0.0,0,0.0,0,0.0
22304,静岡県,南伊豆町,7199,5,69.45409084595083,0,0.0,2,27.78163633838033,0,0.0,0,0.0,0,0.0,0,0.0,0,0.0
22305,静岡県,松崎町,5405,3,55.504162812210915,0,0.0,2,37.00277520814061,0,0.0,0,0.0,0,0.0,0,0.0,0,0.0
22306,静岡県,西伊豆町,6206,4,64.45375443119562,1,16.113438607798905,1,16.113438607798905,0,0.0,0,0.0,0,0.0,0,0.0,0,0.0
22325,静岡県,函南町,35525,15,42.2237860661506,2,5.629838142153413,5,14.074595355383533,2,5.629838142153413,0,0.0,2,5.629838142153413,1,2.8149190710767065,0,0.0
22341,静岡県,清水町,30810,12,38.948393378773126,6,19.474196689386563,4,12.982797792924375,3,9.737098344693282,0,0.0,1,3.2456994482310937,2,6.491398896462187,0,0.0
22342,静岡県,長泉町,42779,17,39.73912433670726,6,14.025573295308444,4,9.350382196872298,3,7.012786647654222,3,7.012786647654222,4,9.350382196872298,4,9.350382196872298,1,2.3375955492180744
22344,静岡県,小山町,17492,7,40.018294077292474,1,5.716899153898925,2,11.43379830779785,0,0.0,0,0.0,1,5.716899153898925,0,0.0,0,0.0
22424,静岡県,吉田町,28460,8,28.109627547434997,2,7.027406886858749,1,3.5137034434293746,1,3.5137034434293746,0,0.0,1,3.5137034434293746,1,3.5137034434293746,0,0.0
22429,静岡県,川根本町,5344,5,93.562874251497,0,0.0,1,18.7125748502994,0,0.0,0,0.0,0,0.0,1,18.7125748502994,0,0.0
22461,静岡県,森町,16027,6,37.43682535720971,1,6.239470892868285,0,0.0,0,0.0,0,0.0,0,0.0,0,0.0,0,0.0
23101,愛知県,名古屋市千種区,166426,107,64.29283885931285,27,16.223426628050905,34,20.429500198286327,13,7.811279487580065,4,2.403470611563097,9,5.4078088760169685,12,7.210411834689292,2,1.2017353057815485
23102,愛知県,名古屋市東区,87331,63,72.13933196688461,14,16.03096265930769,13,14.885893897928572,7,8.015481329653845,2,2.2901375227582417,1,1.1450687613791208,4,4.580275045516483,0,0.0
23103,愛知県,名古屋市北区,159250,83,52.119309262166404,18,11.30298273155416,31,19.46624803767661,13,8.16326530612245,4,2.511773940345369,4,2.511773940345369,5,3.139717425431711,0,0.0
23104,愛知県,名古屋市西区,151047,77,50.97751031136004,9,5.958410296132992,15,9.93068382688832,10,6.620455884592213,5,3.3102279422961063,3,1.986136765377664,5,3.3102279422961063,3,1.986136765377664
23105,愛知県,名古屋市中村区,138455,99,71.503376548337,21,15.167382904192698,21,15.167382904192698,13,9.389332274024051,5,3.611281643855404,10,7.222563287710808,8,5.7780506301686465,2,1.4445126575421616
23106,愛知県,名古屋市中区,98180,125,127.31717254023222,25,25.463434508046447,33,33.61173355062131,19,19.352210226115297,9,9.16683642289672,6,6.111224281931147,7,7.129761662253005,2,2.0370747606437156
23107,愛知県,名古屋市昭和区,107820,79,73.27026525690967,18,16.69449081803005,18,16.69449081803005,11,10.202188833240585,5,4.637358560563903,4,3.7098868484511227,9,8.347245409015025,2,1.8549434242255614
23108,愛知県,名古屋市瑞穂区,108257,63,58.19485114126569,12,11.084733550717274,17,15.703372530182806,10,9.237277958931061,5,4.618638979465531,2,1.8474555917862125,9,8.313550163037956,1,0.9237277958931063
23109,愛知県,名古屋市熱田区,67112,43,64.07199904637025,9,13.410418405054237,6,8.940278936702825,6,8.940278936702825,3,4.470139468351412,3,4.470139468351412,6,8.940278936702825,0,0.0
23110,愛知県,名古屋市中川区,213821,88,41.155920138807694,15,7.015213660024038,27,12.627384588043268,11,5.144490017350962,5,2.3384045533413462,4,1.8707236426730771,5,2.3384045533413462,1,0.4676809106682693
23111,愛知県,名古屋市港区,139351,50,35.88061800776457,3,2.152837080465874,11,7.893735961708205,3,2.152837080465874,1,0.7176123601552913,2,1.4352247203105826,3,2.152837080465874,1,0.7176123601552913
23112,愛知県,名古屋市南区,130243,63,48.3711216725659,18,13.820320477875969,15,11.51693373156331,15,11.51693373156331,5,3.8389779105211033,1,0.7677955821042206,10,7.6779558210422065,1,0.7677955821042206
23113,愛知県,名古屋市守山区,177687,70,39.39511613117448,9,5.065086359722433,17,9.567385346142375,12,6.7534484796299115,2,1.1255747466049852,2,1.1255747466049852,4,2.2511494932099705,0,0.0
23114,愛知県,名古屋市緑区,246584,101,40.959672971482334,22,8.921908964085262,27,10.949615546831911,14,5.677578431690621,7,2.8387892158453103,9,3.6498718489439708,7,2.8387892158453103,0,0.0
23115,愛知県,名古屋市名東区,164364,96,58.40695042710083,23,13.993331873159574,23,13.993331873159574,22,13.384926139543937,3,1.825217200846901,9,5.475651602540703,6,3.650434401693802,1,0.6084057336156337
23116,愛知県,名古屋市天白区,159714,78,48.83729666779369,13,8.13954944463228,17,10.644026196826827,15,9.391787820729554,3,1.8783575641459107,2,1.252238376097274,5,3.1305959402431847,1,0.626119188048637
23201,愛知県,豊橋市,357017,137,38.37352282944509,30,8.402961203528124,44,12.324343098507915,23,6.442270256038228,10,2.8009870678427076,7,1.9606909474898955,13,3.6412831881955205,0,0.0
23202,愛知県,岡崎市,385347,124,32.178789506600545,31,8.044697376650136,32,8.30420374363885,18,4.671114605796853,6,1.5570382019322844,8,2.0760509359097123,11,2.8545700368758546,3,0.7785191009661422
23203,愛知県,一宮市,369245,151,40.89425720050373,49,13.270321873011143,47,12.728676082275996,23,6.22892659345421,7,1.8957602675730205,6,1.6249373722054463,14,3.791520535146041,5,1.354114476837872
23204,愛知県,瀬戸市,124437,43,34.55563859623745,8,6.4289560179046426,13,10.447053529095044,7,5.625336515666563,2,1.6072390044761606,3,2.410858506714241,6,4.821717013428482,1,0.8036195022380803
23205,愛知県,半田市,114719,52,45.32814965262947,9,7.845256670647408,12,10.460342227529877,8,6.973561485019918,2,1.7433903712549794,1,0.8716951856274897,2,1.7433903712549794,1,0.8716951856274897
23206,愛知県,春日井市,306575,104,33.92318356030335,25,8.154611432765229,27,8.806980347386446,17,5.5451357742803555,1,0.32618445731060913,7,2.283291201174264,13,4.240397945037919,0,0.0
23207,愛知県,豊川市,182642,70,38.326343338334006,10,5.4751919054762865,16,8.760307048762058,14,7.665268667666801,4,2.1900767621905146,4,2.1900767621905146,6,3.2851151432857724,1,0.5475191905476287
23208,愛知県,津島市,58202,34,58.417236521081755,6,10.308924091955603,8,13.745232122607469,4,6.872616061303734,2,3.436308030651867,1,1.7181540153259336,2,3.436308030651867,0,0.0
23209,愛知県,碧南市,71654,25,34.88988751500265,5,6.97797750300053,8,11.16476400480085,6,8.373573003600637,2,2.7911910012002124,2,2.7911910012002124,2,2.7911910012002124,0,0.0
23210,愛知県,刈谷市,155197,49,31.572775246944207,11,7.087765871762985,15,9.665135279676798,8,5.154738815827625,5,3.221711759892266,4,2.5773694079138125,4,2.5773694079138125,0,0.0
23211,愛知県,豊田市,419477,122,29.083835347349197,26,6.198194418287534,26,6.198194418287534,15,3.575881395165885,4,0.953568372044236,7,1.6687446510774129,7,1.6687446510774129,4,0.953568372044236
23212,愛知県,安城市,182975,57,31.15179669353737,10,5.465227490094275,12,6.5582729881131305,7,3.825659243065992,4,2.18609099603771,2,1.093045498018855,6,3.2791364940565653,1,0.5465227490094275
23213,愛知県,西尾市,168300,48,28.520499108734402,10,5.941770647653001,15,8.9126559714795,4,2.3767082590612003,0,0.0,3,1.7825311942959001,7,4.159239453357101,0,0.0
23214,愛知県,蒲郡市,77404,36,46.509224329492014,5,6.459614490207225,15,19.378843470621675,2,2.58384579608289,2,2.58384579608289,3,3.8757686941243343,2,2.58384579608289,1,1.291922898041445
23215,愛知県,犬山市,71265,27,37.88676068196169,8,11.225706868729391,12,16.838560303094088,2,2.806426717182348,1,1.403213358591174,3,4.209640075773522,4,5.612853434364696,1,1.403213358591174
23216,愛知県,常滑市,57761,25,43.28179913782656,6,10.387631793078373,6,10.387631793078373,3,5.193815896539187,2,3.4625439310261252,3,5.193815896539187,2,3.4625439310261252,1,1.7312719655130626
23217,愛知県,江南市,96167,40,41.594309898405896,6,6.239146484760885,13,13.518150716981916,5,5.199288737300737,1,1.0398577474601474,1,1.0398577474601474,3,3.1195732423804423,0,0.0
23219,愛知県,小牧市,148071,51,34.4429361590048,11,7.428868583314761,20,13.50703378784502,16,10.805627030276016,2,1.350703378784502,4,2.701406757569004,6,4.052110136353506,1,0.675351689392251
23220,愛知県,稲沢市,129054,54,41.84294946301548,12,9.29843321400344,13,10.073302648503727,9,6.9738249105025805,1,0.7748694345002867,3,2.32460830350086,6,4.64921660700172,0,0.0
23221,愛知県,新城市,40530,24,59.215396002960766,8,19.738465334320257,6,14.803849000740191,3,7.401924500370096,2,4.934616333580064,1,2.467308166790032,1,2.467308166790032,0,0.0
23222,愛知県,東海市,114369,42,36.72323794035097,6,5.246176848621567,9,7.869265272932351,8,6.9949024648287565,2,1.7487256162071891,2,1.7487256162071891,5,4.371814040517973,1,0.8743628081035946
23223,愛知県,大府市,95114,37,38.900687595937505,10,10.513699350253379,11,11.565069285278717,7,7.359589545177366,1,1.051369935025338,4,4.205479740101352,2,2.102739870050676,1,1.051369935025338
23224,愛知県,知多市,81132,27,33.27910072474486,4,4.930237144406646,5,6.162796430508307,2,2.465118572203323,0,0.0,0,0.0,3,3.6976778583049845,1,1.2325592861016614
23225,愛知県,知立市,72595,23,31.68262277016323,3,4.132516013499552,8,11.020042702665473,4,5.510021351332736,3,4.132516013499552,4,5.510021351332736,1,1.377505337833184,1,1.377505337833184
23226,愛知県,尾張旭市,82779,39,47.1133983256623,6,7.24821512702497,14,16.912501963058265,4,4.832143418016647,2,2.4160717090083237,2,2.4160717090083237,3,3.624107563512485,0,0.0
23227,愛知県,高浜市,46682,10,21.421532924896105,3,6.426459877468831,3,6.426459877468831,1,2.1421532924896103,0,0.0,0,0.0,0,0.0,0,0.0
23228,愛知県,岩倉市,47197,15,31.781681039049094,8,16.95022988749285,8,16.95022988749285,5,10.593893679683031,0,0.0,1,2.118778735936606,2,4.237557471873212,0,0.0
23229,愛知県,豊明市,68351,22,32.18680048572808,7,10.241254700004388,7,10.241254700004388,0,0.0,0,0.0,1,1.463036385714913,3,4.3891091571447385,0,0.0
23230,愛知県,日進市,93550,45,48.10261892036344,11,11.758417958311064,12,12.827365045430252,8,8.551576696953502,5,5.344735435595938,3,3.206841261357563,1,1.0689470871191877,0,0.0
23231,愛知県,田原市,56628,21,37.08412799321891,4,7.06364342727979,5,8.829554284099737,1,1.7659108568199475,1,1.7659108568199475,0,0.0,1,1.7659108568199475,0,0.0
23232,愛知県,愛西市,58015,17,29.302766525898473,3,5.171076445746789,5,8.618460742911317,1,1.7236921485822634,1,1.7236921485822634,1,1.7236921485822634,1,1.7236921485822634,0,0.0
23233,愛知県,清須市,67723,24,35.43847732675753,2,2.9532064438964607,2,2.9532064438964607,4,5.906412887792921,1,1.4766032219482303,1,1.4766032219482303,1,1.4766032219482303,0,0.0
23234,愛知県,北名古屋市,87084,27,31.00454733360893,5,5.74158283955721,13,14.928115382848743,5,5.74158283955721,3,3.4449497037343257,2,2.2966331358228835,5,5.74158283955721,0,0.0
23235,愛知県,弥富市,42251,19,44.96934983787366,7,16.567655203427137,7,16.567655203427137,3,7.100423658611629,1,2.3668078862038766,1,2.3668078862038766,1,2.3668078862038766,1,2.3668078862038766
23236,愛知県,みよし市,61961,22,35.50620551637321,7,11.297429027936928,6,9.68351059537451,3,4.841755297687255,2,3.2278368651248366,3,4.841755297687255,3,4.841755297687255,0,0.0
23237,愛知県,あま市,84623,31,36.6330666603642,10,11.81711827753684,7,8.271982794275788,3,3.545135483261052,0,0.0,2,2.363423655507368,1,1.181711827753684,0,0.0
23238,愛知県,長久手市,62845,23,36.597979155064046,4,6.364865940011139,10,15.912164850027846,6,9.547298910016709,0,0.0,4,6.364865940011139,2,3.1824329700055696,0,0.0
23302,愛知県,東郷町,44136,16,36.251586006887806,1,2.265724125430488,2,4.531448250860976,2,4.531448250860976,0,0.0,0,0.0,1,2.265724125430488,1,2.265724125430488
23342,愛知県,豊山町,15912,5,31.4228255404726,0,0.0,0,0.0,1,6.284565108094519,0,0.0,0,0.0,0,0.0,0,0.0
23361,愛知県,大口町,24607,7,28.447189824033813,1,4.063884260576259,2,8.127768521152518,1,4.063884260576259,0,0.0,0,0.0,1,4.063884260576259,0,0.0
23362,愛知県,扶桑町,33767,16,47.383540142742916,4,11.845885035685729,6,17.768827553528592,1,2.9614712589214323,1,2.9614712589214323,1,2.9614712589214323,1,2.9614712589214323,0,0.0
23424,愛知県,大治町,32847,8,24.355344475903433,2,6.088836118975858,1,3.044418059487929,1,3.044418059487929,0,0.0,0,0.0,0,0.0,0,0.0
23425,愛知県,蟹江町,36798,17,46.19816294363824,3,8.152616990053808,2,5.435077993369204,2,5.435077993369204,0,0.0,1,2.717538996684602,1,2.717538996684602,0,0.0
23427,愛知県,飛島村,4595,2,43.525571273122964,1,21.762785636561482,1,21.762785636561482,0,0.0,0,0.0,0,0.0,0,0.0,0,0.0
23441,愛知県,阿久比町,28679,10,34.868719271941146,4,13.947487708776455,3,10.460615781582343,2,6.9737438543882275,0,0.0,0,0.0,1,3.4868719271941138,0,0.0
23442,愛知県,東浦町,49008,14,28.566764609859614,4,8.161932745674175,3,6.121449559255632,2,4.0809663728370875,0,0.0,0,0.0,0,0.0,0,0.0
23445,愛知県,南知多町,15001,9,59.996000266648885,1,6.666222251849876,2,13.332444503699753,0,0.0,0,0.0,0,0.0,0,0.0,0,0.0
23446,愛知県,美浜町,21313,7,32.84380425092667,3,14.07591610754,3,14.07591610754,4,18.767888143386667,0,0.0,1,4.691972035846667,2,9.383944071693334,1,4.691972035846667
23447,愛知県,武豊町,43350,13,29.988465974625143,4,9.22722029988466,4,9.22722029988466,3,6.920415224913495,0,0.0,2,4.61361014994233,1,2.306805074971165,0,0.0
23501,愛知県,幸田町,41137,12,29.170819456936577,0,0.0,3,7.292704864234144,0,0.0,0,0.0,1,2.4309016214113814,0,0.0,1,2.4309016214113814
23561,愛知県,設楽町,3898,3,76.96254489481785,0,0.0,0,0.0,0,0.0,0,0.0,0,0.0,0,0.0,0,0.0
23562,愛知県,東栄町,2583,1,38.71467286101432,1,38.71467286101432,1,38.71467286101432,0,0.0,0,0.0,0,0.0,0,0.0,0,0.0
23563,愛知県,豊根村,887,1,112.73957158962796,0,0.0,0,0.0,0,0.0,0,0.0,0,0.0,0,0.0,0,0.0
24201,三重県,津市,266699,153,57.36804412464989,39,14.623226933734284,58,21.74736313222022,39,14.623226933734284,8,2.99963629409934,9,3.374590830861758,13,4.874408977911428,5,1.8747726838120877
24202,三重県,四日市市,300635,137,45.5702097227535,44,14.63568779416901,66,21.953531691253513,32,10.644136577577461,7,2.3284048763450693,6,1.995775608295774,10,3.3262926804929562,1,0.33262926804929566
24203,三重県,伊勢市,117152,71,60.60502594919421,19,16.21824638077028,18,15.3646544659929,12,10.243102977328599,4,3.4143676591095327,4,3.4143676591095327,9,7.68232723299645,1,0.8535919147773832
24204,三重県,松阪市,151069,81,53.61788321892646,23,15.224831037472942,29,19.196526090726756,20,13.238983510846037,4,2.6477967021692077,4,2.6477967021692077,9,5.957542579880717,3,1.9858475266269058
24205,三重県,桑名市,136146,58,42.60132504811012,14,10.28307845988865,18,13.22110087699969,11,8.079561647055368,2,1.4690112085555214,8,5.8760448342220855,6,4.407033625666563,1,0.7345056042777607
24207,三重県,鈴鹿市,187922,92,48.95648194463661,24,12.771256159470418,37,19.689019912516894,20,10.642713466225349,6,3.1928140398676046,6,3.1928140398676046,8,4.2570853864901395,2,1.0642713466225349
24208,三重県,名張市,71965,33,45.85562426179393,9,12.506079344125617,11,15.285208087264643,7,9.72695060098659,2,2.779128743139026,1,1.389564371569513,1,1.389564371569513,0,0.0
24209,三重県,尾鷲市,14351,10,69.68155529231413,3,20.904466587694237,4,27.872622116925648,1,6.968155529231412,0,0.0,0,0.0,2,13.936311058462824,0,0.0
24210,三重県,亀山市,49370,17,34.43386672068058,4,8.102086287218958,4,8.102086287218958,5,10.1276078590237,1,2.0255215718047395,1,2.0255215718047395,0,0.0,0,0.0
24211,三重県,鳥羽市,15513,12,77.35447689035003,0,0.0,1,6.44620640752917,1,6.44620640752917,1,6.44620640752917,0,0.0,0,0.0,0,0.0
24212,三重県,熊野市,14592,18,123.35526315789473,1,6.853070175438596,4,27.412280701754383,1,6.853070175438596,0,0.0,0,0.0,0,0.0,0,0.0
24214,三重県,いなべ市,43953,16,36.40252087457056,6,13.650945327963962,5,11.375787773303301,4,9.10063021864264,0,0.0,2,4.55031510932132,2,4.55031510932132,1,2.27515755466066
24215,三重県,志摩市,41412,30,72.44277021153289,6,14.488554042306578,7,16.903313049357674,2,4.8295180141021925,2,4.8295180141021925,0,0.0,2,4.8295180141021925,0,0.0
24216,三重県,伊賀市,84149,38,45.15799355904407,10,11.883682515537915,13,15.44878727019929,5,5.941841257768957,1,1.1883682515537914,1,1.1883682515537914,3,3.565104754661374,0,0.0
24303,三重県,木曽岬町,5656,2,35.36067892503536,0,0.0,0,0.0,0,0.0,0,0.0,0,0.0,0,0.0,0,0.0
24324,三重県,東員町,25548,9,35.22780648191639,2,7.828401440425865,3,11.742602160638798,1,3.9142007202129325,0,0.0,0,0.0,1,3.9142007202129325,0,0.0
24341,三重県,菰野町,39615,12,30.291556228701246,4,10.097185409567084,6,15.145778114350623,3,7.572889057175312,0,0.0,0,0.0,0,0.0,0,0.0
24343,三重県,朝日町,11195,4,35.730236712818225,1,8.932559178204556,0,0.0,1,8.932559178204556,1,8.932559178204556,0,0.0,0,0.0,0,0.0
24344,三重県,川越町,15394,3,19.48811225152657,1,6.496037417175523,1,6.496037417175523,2,12.992074834351046,0,0.0,0,0.0,0,0.0,0,0.0
24441,三重県,多気町,13213,2,15.13660788617271,0,0.0,0,0.0,0,0.0,0,0.0,0,0.0,0,0.0,0,0.0
24442,三重県,明和町,21911,8,36.51134133540231,1,4.563917666925288,3,13.691753000775867,1,4.563917666925288,0,0.0,0,0.0,1,4.563917666925288,1,4.563917666925288
24443,三重県,大台町,7794,6,76.98229407236335,2,25.660764690787786,0,0.0,1,12.830382345393893,0,0.0,0,0.0,1,12.830382345393893,0,0.0
24461,三重県,玉城町,14733,7,47.5123871580805,0,0.0,2,13.574967759451571,0,0.0,1,6.7874838797257855,0,0.0,0,0.0,0,0.0
24470,三重県,度会町,7332,2,27.277686852154936,0,0.0,0,0.0,0,0.0,0,0.0,0,0.0,0,0.0,0,0.0
24471,三重県,大紀町,6855,5,72.93946024799416,1,14.587892049598832,1,14.587892049598832,0,0.0,0,0.0,0,0.0,0,0.0,0,0.0
24472,三重県,南伊勢町,9180,6,65.359477124183,2,21.78649237472767,2,21.78649237472767,1,10.893246187363834,0,0.0,0,0.0,2,21.78649237472767,0,0.0
24543,三重県,紀北町,12755,10,78.40062720501764,2,15.680125441003527,3,23.520188161505292,0,0.0,0,0.0,0,0.0,1,7.840062720501764,0,0.0
24561,三重県,御浜町,7464,7,93.78349410503752,0,0.0,2,26.795284030010716,1,13.397642015005358,0,0.0,0,0.0,2,26.795284030010716,0,0.0
24562,三重県,紀宝町,9522,5,52.50997689561017,0,0.0,1,10.501995379122032,0,0.0,0,0.0,0,0.0,0,0.0,0,0.0
25201,滋賀県,大津市,346490,170,49.06346503506595,47,13.564605039106468,59,17.027908453346416,15,4.329129267799937,8,2.3088689428266327,17,4.906346503506595,13,3.751912032093278,3,0.8658258535599873
25202,滋賀県,彦根市,110479,51,46.16261914028911,13,11.766942133799184,15,13.577240923614442,7,6.336045764353406,0,0.0,2,1.810298789815259,2,1.810298789815259,1,0.9051493949076295
25203,滋賀県,長浜市,108940,63,57.82999816412704,10,9.179364787956674,12,11.015237745548008,10,9.179364787956674,0,0.0,2,1.8358729575913348,4,3.6717459151826697,2,1.8358729575913348
25204,滋賀県,近江八幡市,79767,34,42.62414281595146,9,11.282861333634209,13,16.29746637080497,3,3.76095377787807,1,1.2536512592926898,4,5.014605037170759,4,5.014605037170759,2,2.5073025185853797
25206,滋賀県,草津市,148095,65,43.89074580505756,22,14.8553293494041,26,17.556298322023025,9,6.077180188392585,4,2.700968972618927,7,4.726695702083123,7,4.726695702083123,2,1.3504844863094636
25207,滋賀県,守山市,85306,44,51.57902140529388,11,12.89475535132347,16,18.75600778374323,8,9.378003891871614,3,3.516751459451856,7,8.205753405387663,7,8.205753405387663,1,1.1722504864839518
25208,滋賀県,栗東市,69843,32,45.817046804976876,8,11.454261701244219,12,17.18139255186633,3,4.295348137966583,2,2.8635654253110547,2,2.8635654253110547,2,2.8635654253110547,1,1.4317827126555274
25209,滋賀県,甲賀市,85284,33,38.69424511045448,9,10.552975939214859,11,12.898081703484827,7,8.20787017494489,3,3.5176586464049526,5,5.862764410674921,3,3.5176586464049526,2,2.3451057642699684
25210,滋賀県,野洲市,50079,26,51.917969608019334,7,13.977914894466743,8,15.974759879390565,2,3.993689969847641,2,3.993689969847641,3,5.990534954771461,1,1.9968449849238206,0,0.0
25211,滋賀県,湖南市,53460,19,35.54059109614665,7,13.093901982790872,5,9.352787130564908,2,3.741114852225963,3,5.611672278338945,4,7.482229704451926,0,0.0,0,0.0
25212,滋賀県,高島市,43409,30,69.1100923771568,8,18.429357967241817,5,11.518348729526135,3,6.911009237715681,1,2.303669745905227,2,4.607339491810454,2,4.607339491810454,0,0.0
25213,滋賀県,東近江市,110027,45,40.89905205086024,16,14.541885173639196,12,10.906413880229398,9,8.179810410172047,4,3.635471293409799,4,3.635471293409799,7,6.362074763467149,1,0.9088678233524498
25214,滋賀県,米原市,35628,17,47.715280116762095,4,11.227124733355787,6,16.84068710003368,1,2.8067811833389467,0,0.0,0,0.0,1,2.8067811833389467,0,0.0
25383,滋賀県,日野町,20200,8,39.603960396039604,2,9.900990099009901,1,4.9504950495049505,2,9.900990099009901,0,0.0,0,0.0,0,0.0,0,0.0
25384,滋賀県,竜王町,11323,4,35.32632694515588,0,0.0,1,8.83158173628897,0,0.0,0,0.0,0,0.0,0,0.0,0,0.0
25425,滋賀県,愛荘町,20891,8,38.29400220190512,2,9.57350055047628,1,4.78675027523814,1,4.78675027523814,0,0.0,0,0.0,1,4.78675027523814,0,0.0
25441,滋賀県,豊郷町,6958,3,43.115837884449554,1,14.371945961483185,3,43.115837884449554,1,14.371945961483185,0,0.0,0,0.0,1,14.371945961483185,0,0.0
25442,滋賀県,甲良町,5796,2,34.50655624568668,0,0.0,1,17.25327812284334,0,0.0,0,0.0,0,0.0,0,0.0,0,0.0
25443,滋賀県,多賀町,7005,2,28.551034975017846,0,0.0,0,0.0,0,0.0,0,0.0,0,0.0,0,0.0,0,0.0
26101,京都府,京都市北区,114533,88,76.83375097133577,25,21.8277701623113,31,27.06643500126601,8,6.984886451939616,6,5.238664838954712,9,7.857997258432068,10,8.73110806492452,1,0.873110806492452
26102,京都府,京都市上京区,83454,69,82.6802789560716,23,27.560092985357205,30,35.94794737220505,11,13.180914036475185,4,4.79305964962734,8,9.58611929925468,10,11.982649124068349,3,3.5947947372205045
26103,京都府,京都市左京区,164174,134,81.62071948055113,34,20.70973479357267,36,21.927954487312242,12,7.309318162437414,4,2.436439387479138,8,4.872878774958276,15,9.136647703046767,1,0.6091098468697845
26104,京都府,京都市中京区,111506,130,116.58565458360987,26,23.31713091672197,42,37.666134557781646,13,11.658565458360984,4,3.587250910264918,17,15.245816368625903,18,16.14262909619213,3,2.690438182698689
26105,京都府,京都市東山区,35261,32,90.75182212642864,6,17.01596664870537,6,17.01596664870537,4,11.34397776580358,2,5.67198888290179,4,11.34397776580358,3,8.507983324352685,1,2.835994441450895
26106,京都府,京都市下京区,83686,101,120.68924312310303,21,25.09380302559568,28,33.45840403412757,7,8.364601008531892,5,5.974715006094209,11,13.144373013407261,14,16.729202017063784,1,1.194943001218842
26107,京都府,京都市南区,101899,44,43.18001158009402,11,10.795002895023504,18,17.664550191856645,6,5.888183397285547,2,1.9627277990951826,5,4.906819497737956,5,4.906819497737956,0,0.0
26108,京都府,京都市右京区,199622,99,49.59373215377063,24,12.022722946368637,32,16.03029726182485,17,8.51609542034445,4,2.003787157728106,8,4.007574315456212,16,8.015148630912424,1,0.5009467894320265
26109,京都府,京都市伏見区,271668,137,50.42920034748296,37,13.619565057349412,46,16.93243223346143,15,5.521445293520031,7,2.5766744703093485,13,4.785252587717361,13,4.785252587717361,4,1.4723854116053419
26110,京都府,京都市山科区,132385,77,58.16368923971749,21,15.862824338104769,36,27.193413151036747,8,6.042980700230388,5,3.776862937643993,9,6.798353287759187,9,6.798353287759187,3,2.2661177625863957
26111,京都府,京都市西京区,143826,73,50.75577433843672,19,13.21040701959312,31,21.553821979336142,11,7.648130379764438,7,4.866992059850096,5,3.4764228998929263,11,7.648130379764438,1,0.6952845799785852
26201,京都府,福知山市,74977,40,53.349693906131215,5,6.668711738266402,17,22.673619910105767,4,5.3349693906131215,2,2.6674846953065607,2,2.6674846953065607,3,4.001227042959841,1,1.3337423476532804
26202,京都府,舞鶴市,75871,38,50.085012718957174,13,17.13434645648535,18,23.724479708979718,4,5.2721066019954925,1,1.3180266504988731,1,1.3180266504988731,6,7.908159902993239,1,1.3180266504988731
26203,京都府,綾部市,29790,15,50.35246727089628,2,6.71366230278617,3,10.070493454179255,3,10.070493454179255,2,6.71366230278617,2,6.71366230278617,3,10.070493454179255,1,3.356831151393085
26204,京都府,宇治市,173161,80,46.19977939605339,19,10.972447606562678,27,15.592425546168018,6,3.4649834547040035,7,4.042480697154671,7,4.042480697154671,10,5.774972424506673,1,0.5774972424506672
26205,京都府,宮津市,15124,15,99.1801110817244,3,19.836022216344883,4,26.44802962179318,1,6.612007405448295,0,0.0,0,0.0,1,6.612007405448295,0,0.0
26206,京都府,亀岡市,82670,38,45.96588847223902,8,9.677029152050322,12,14.515543728075482,6,7.257771864037741,3,3.6288859320188704,4,4.838514576025161,2,2.4192572880125804,0,0.0
26207,京都府,城陽市,71469,36,50.37148973680896,7,9.794456337712854,12,16.790496578936324,4,5.596832192978774,1,1.3992080482446936,2,2.798416096489387,7,9.794456337712854,0,0.0
26208,京都府,向日市,55615,27,48.54805358266655,6,10.788456351703678,14,25.173064820641912,5,8.990380293086398,0,0.0,3,5.394228175851839,1,1.7980760586172797,0,0.0
26209,京都府,長岡京市,79488,41,51.58011272141707,15,18.870772946859905,13,16.354669887278583,6,7.548309178743961,3,3.7741545893719803,3,3.7741545893719803,7,8.806360708534621,2,2.5161030595813205
26210,京都府,八幡市,67642,23,34.00254279885279,8,11.82697140829662,11,16.262085686407854,4,5.91348570414831,3,4.435114278111233,1,1.4783714260370775,3,4.435114278111233,1,1.4783714260370775
26211,京都府,京田辺市,75025,30,39.98667110963012,4,5.331556147950683,9,11.996001332889037,2,2.6657780739753414,2,2.6657780739753414,1,1.3328890369876707,2,2.6657780739753414,1,1.3328890369876707
26212,京都府,京丹後市,46813,25,53.40396898297482,3,6.408476277956978,10,21.361587593189928,3,6.408476277956978,1,2.1361587593189926,2,4.272317518637985,3,6.408476277956978,2,4.272317518637985
26213,京都府,南丹市,30088,22,73.11885136931667,4,13.294336612603033,4,13.294336612603033,5,16.617920765753787,1,3.323584153150758,2,6.647168306301516,2,6.647168306301516,1,3.323584153150758
26214,京都府,木津川市,80459,37,45.98615443890677,5,6.214345194446862,10,12.428690388893724,2,2.4857380777787443,1,1.2428690388893722,1,1.2428690388893722,1,1.2428690388893722,0,0.0
26303,京都府,大山崎町,16183,5,30.89661990978187,2,12.358647963912748,4,24.717295927825496,0,0.0,0,0.0,0,0.0,0,0.0,0,0.0
26322,京都府,久御山町,14457,6,41.50238638721727,3,20.751193193608636,3,20.751193193608636,2,13.834128795739089,1,6.917064397869544,1,6.917064397869544,1,6.917064397869544,1,6.917064397869544
26343,京都府,井手町,6851,2,29.192818566632607,0,0.0,0,0.0,0,0.0,0,0.0,0,0.0,0,0.0,0,0.0
26344,京都府,宇治田原町,8461,3,35.456801796477954,2,23.63786786431864,0,0.0,0,0.0,0,0.0,0,0.0,0,0.0,0,0.0
26364,京都府,笠置町,970,1,103.09278350515464,0,0.0,0,0.0,0,0.0,0,0.0,0,0.0,0,0.0,0,0.0
26365,京都府,和束町,3070,2,65.14657980456026,0,0.0,0,0.0,0,0.0,0,0.0,0,0.0,0,0.0,0,0.0
26366,京都府,精華町,34638,18,51.96604884808592,5,14.435013568912753,5,14.435013568912753,2,5.774005427565101,1,2.8870027137825507,3,8.661008141347653,2,5.774005427565101,0,0.0
26367,京都府,南山城村,2128,1,46.992481203007515,0,0.0,0,0.0,0,0.0,0,0.0,0,0.0,0,0.0,0,0.0
26407,京都府,京丹波町,11400,7,61.40350877192983,1,8.771929824561402,0,0.0,1,8.771929824561402,0,0.0,0,0.0,0,0.0,0,0.0
26463,京都府,伊根町,1748,1,57.20823798627002,0,0.0,0,0.0,0,0.0,0,0.0,0,0.0,1,57.20823798627002,0,0.0
26465,京都府,与謝野町,18278,12,65.65269723164461,4,21.8842324105482,4,21.8842324105482,2,10.9421162052741,1,5.47105810263705,0,0.0,3,16.413174307911152,0,0.0
27102,大阪府,大阪市都島区,108941,84,77.10595643513462,21,19.276489108783654,18,16.52270495038599,12,11.015136633590659,3,2.7537841583976648,1,0.9179280527992216,7,6.425496369594551,0,0.0
27103,大阪府,大阪市福島区,82063,56,68.24025443866297,7,8.530031804832872,9,10.967183749070836,4,4.874303888475927,3,3.6557279163569456,3,3.6557279163569456,5,6.092879860594909,0,0.0
27104,大阪府,大阪市此花区,62518,38,60.78249464154323,6,9.597235996033142,10,15.995393326721905,2,3.199078665344381,0,0.0,2,3.199078665344381,2,3.199078665344381,1,1.5995393326721905
27106,大阪府,大阪市西区,111774,78,69.78367062107466,15,13.419936657898976,24,21.47189865263836,12,10.73594932631918,2,1.7893248877198635,2,1.7893248877198635,4,3.578649775439727,0,0.0
27107,大阪府,大阪市港区,79551,53,66.62392678910385,9,11.313497001923293,13,16.34171789166698,5,6.285276112179608,2,2.514110444871843,1,1.2570552224359215,2,2.514110444871843,1,1.2570552224359215
27108,大阪府,大阪市大正区,57837,35,60.514895309231115,10,17.289970088351748,11,19.018967097186923,2,3.4579940176703494,1,1.7289970088351747,0,0.0,1,1.7289970088351747,0,0.0
27109,大阪府,大阪市天王寺区,87171,113,129.63026694657626,20,22.94341007904005,34,39.00379713436808,4,4.5886820158080095,6,6.883023023712014,3,3.441511511856007,9,10.324534535568022,2,2.2943410079040047
27111,大阪府,大阪市浪速区,79744,61,76.49478330658106,8,10.032102728731942,14,17.5561797752809,5,6.270064205457463,2,2.5080256821829856,2,2.5080256821829856,5,6.270064205457463,1,1.2540128410914928
27113,大阪府,大阪市西淀川区,94176,44,46.72103295956507,9,9.556574923547402,13,13.803941556235133,6,6.371049949031601,1,1.0618416581719334,2,2.123683316343867,3,3.1855249745158005,0,0.0
27114,大阪府,大阪市東淀川区,174234,94,53.95043447317975,16,9.183052676285914,28,16.07034218350035,5,2.869703961339348,5,2.869703961339348,1,0.5739407922678696,13,7.461230299482305,0,0.0
27115,大阪府,大阪市東成区,84510,69,81.64714235001775,17,20.115962607975387,19,22.482546444207788,6,7.099751508697196,3,3.549875754348598,3,3.549875754348598,6,7.099751508697196,0,0.0
27116,大阪府,大阪市生野区,122350,120,98.07928075194114,27,22.06783816918676,36,29.423784225582345,13,10.625255414793624,2,1.634654679199019,0,0.0,10,8.173273395995096,0,0.0
27117,大阪府,大阪市旭区,88595,77,86.91235397031434,18,20.31717365539816,26,29.347028613352897,8,9.029854957954738,4,4.514927478977369,3,3.3861956092330265,5,5.6436593487217115,0,0.0
27118,大阪府,大阪市城東区,169574,115,67.81700024767947,23,13.563400049535897,32,18.870817460223858,10,5.897130456319955,5,2.9485652281599775,3,1.7691391368959863,9,5.307417410687959,2,1.1794260912639911
27119,大阪府,大阪市阿倍野区,110903,113,101.89084154621605,21,18.935466128057854,28,25.2472881707438,6,5.410133179445101,3,2.7050665897225503,3,2.7050665897225503,3,2.7050665897225503,1,0.9016888632408501
27120,大阪府,大阪市住吉区,148832,103,69.2055471941518,21,14.10986884540959,28,18.81315846054612,12,8.062782197376908,2,1.3437970328961513,0,0.0,4,2.6875940657923025,0,0.0
27121,大阪府,大阪市東住吉区,126972,102,80.33267177015405,22,17.32665469552342,28,22.052105976120718,11,8.66332734776171,1,0.7875752134328827,1,0.7875752134328827,6,4.725451280597297,0,0.0
27122,大阪府,大阪市西成区,99503,99,99.49448760338885,15,15.074922364149824,23,23.114880958363063,11,11.054943067043205,1,1.0049948242766549,1,1.0049948242766549,3,3.014984472829965,1,1.0049948242766549
27123,大阪府,大阪市淀川区,188100,114,60.60606060606061,28,14.885699096225412,40,21.26528442317916,15,7.974481658692185,6,3.1897926634768745,8,4.253056884635832,13,6.911217437533227,0,0.0
27124,大阪府,大阪市鶴見区,112140,54,48.154093097913325,16,14.267879436418763,17,15.159621901194935,9,8.025682182985554,4,3.5669698591046908,2,1.7834849295523454,4,3.5669698591046908,0,0.0
27125,大阪府,大阪市住之江区,115448,68,58.90097706326658,12,10.39429006998822,20,17.3238167833137,6,5.19714503499411,3,2.598572517497055,1,0.866190839165685,3,2.598572517497055,0,0.0
27126,大阪府,大阪市平野区,181793,136,74.81036123503105,24,13.201828453240775,50,27.503809277584946,13,7.150990412172086,4,2.2003047422067956,2,1.1001523711033978,4,2.2003047422067956,1,0.5500761855516989
27127,大阪府,大阪市北区,149087,219,146.8940953939646,39,26.159222467418356,52,34.87896328989113,15,10.06123941054552,9,6.036743646327312,10,6.7074929403636805,20,13.414985880727361,3,2.012247882109104
27128,大阪府,大阪市中央区,115685,210,181.52742360720924,30,25.93248908674418,48,41.49198253879068,20,17.28832605782945,0,0.0,7,6.050914120240307,8,6.915330423131779,0,0.0
27141,大阪府,堺市堺区,146309,108,73.81637493250587,17,11.619244202338885,27,18.454093733126467,11,7.5183344838663375,4,2.733939812315032,4,2.733939812315032,6,4.100909718472548,0,0.0
27142,大阪府,堺市中区,114947,61,53.067935657302925,13,11.309560058113739,21,18.26928932464527,3,2.6098984749493246,3,2.6098984749493246,3,2.6098984749493246,6,5.219796949898649,1,0.8699661583164414
27143,大阪府,堺市東区,83556,44,52.6592943654555,6,7.180812868016659,17,20.345636459380533,4,4.787208578677773,1,1.1968021446694432,1,1.1968021446694432,2,2.3936042893388865,0,0.0
27144,大阪府,堺市西区,130594,78,59.727093128321364,19,14.548907300488537,30,22.971958895508216,10,7.657319631836073,4,3.062927852734429,4,3.062927852734429,9,6.891587668652464,2,1.5314639263672145
27145,大阪府,堺市南区,127556,59,46.254194236257014,13,10.191602119853242,16,12.543510301357834,5,3.9198469691743236,6,4.703816363009189,1,0.7839693938348646,6,4.703816363009189,1,0.7839693938348646
27146,大阪府,堺市北区,155931,99,63.48962040902706,26,16.674041723582867,30,19.239278911826386,8,5.130474376487036,5,3.2065464853043975,2,1.282618594121759,6,3.8478557823652766,1,0.6413092970608795
27147,大阪府,堺市美原区,36078,13,36.03303952547259,1,2.771772271190199,1,2.771772271190199,0,0.0,0,0.0,0,0.0,0,0.0,0,0.0
27202,大阪府,岸和田市,182321,111,60.88163184712677,22,12.066629735466567,27,14.809045584436243,7,3.8393821885575443,4,2.1939326791757394,3,1.6454495093818047,7,3.8393821885575443,0,0.0
27203,大阪府,豊中市,399848,270,67.52565975070527,62,15.505892239050839,77,19.257317780756686,29,7.252756047297973,13,3.251235469478402,7,1.7506652527960624,23,5.752185830615634,0,0.0
27204,大阪府,池田市,104319,56,53.68149617998639,15,14.378972191067781,17,16.296168483210153,6,5.751588876427113,0,0.0,3,2.8757944382135565,8,7.6687851685694834,0,0.0
27205,大阪府,吹田市,388259,220,56.66320677691953,64,16.4838419714675,62,15.96872190985914,23,5.9238807084961325,12,3.090720369650156,13,3.348280400454336,23,5.9238807084961325,4,1.0302401232167187
27206,大阪府,泉大津市,71948,50,69.49463501417691,9,12.509034302551843,19,26.40796130538722,6,8.339356201701229,0,0.0,1,1.3898927002835382,6,8.339356201701229,0,0.0
27207,大阪府,高槻市,347255,189,54.42686210421736,41,11.806885430015406,56,16.126477660508847,15,4.319592230493441,2,0.5759456307324589,5,1.439864076831147,19,5.471483491958359,0,0.0
27208,大阪府,貝塚市,80773,39,48.2834610575316,9,11.142337167122678,11,13.618412093149937,2,2.4760749260272616,0,0.0,0,0.0,4,4.952149852054523,0,0.0
27209,大阪府,守口市,139368,97,69.59990815682222,24,17.220595832615807,25,17.938120658974803,15,10.76287239538488,6,4.305148958153952,4,2.8700993054359683,5,3.5876241317949598,1,0.7175248263589921
27210,大阪府,枚方市,387517,187,48.255947481013735,58,14.967085314966829,58,14.967085314966829,22,5.677170291883969,11,2.8385851459419844,5,1.2902659754281747,19,4.903010706627064,2,0.5161063901712699
27211,大阪府,茨木市,289075,144,49.814062094612126,30,10.377929603044192,56,19.372135259015828,11,3.8052408544495373,4,1.383723947072559,3,1.0377929603044191,5,1.7296549338406986,1,0.34593098676813977
27212,大阪府,八尾市,257241,147,57.144856379815046,39,15.160880264032562,42,16.327101822804295,15,5.831107793858678,9,3.4986646763152063,4,1.554962078362314,15,5.831107793858678,0,0.0
27213,大阪府,泉佐野市,98343,75,76.26368933223513,9,9.151642719868216,16,16.269587057543497,8,8.134793528771748,3,3.0505475732894056,3,3.0505475732894056,4,4.067396764385874,0,0.0
27214,大阪府,富田林市,102630,59,57.48806391893209,11,10.718113612004286,12,11.69248757673195,5,4.8718698236383124,3,2.9231218941829873,0,0.0,5,4.8718698236383124,0,0.0
27215,大阪府,寝屋川市,222226,122,54.899066715865835,32,14.39975520416153,36,16.19972460468172,14,6.2998929018206695,2,0.8999847002600956,2,0.8999847002600956,11,4.949915851430526,0,0.0
27216,大阪府,河内長野市,94817,51,53.78782285877005,12,12.6559583197106,18,18.9839374795659,2,2.1093263866184335,2,2.1093263866184335,3,3.16398957992765,3,3.16398957992765,3,3.16398957992765
27217,大阪府,松原市,112124,66,58.863401234347684,11,9.810566872391282,20,17.837394313438693,7,6.243088009703542,2,1.7837394313438695,1,0.8918697156719347,2,1.7837394313438695,0,0.0
27218,大阪府,大東市,115286,52,45.10521659178044,14,12.143712159325503,20,17.348160227607863,6,5.204448068282359,0,0.0,1,0.867408011380393,4,3.469632045521572,0,0.0
27219,大阪府,和泉市,182004,92,50.54833959693193,23,12.637084899232983,19,10.439331003714203,7,3.846069317157865,2,1.0988769477593898,2,1.0988769477593898,5,2.7471923693984746,1,0.5494384738796949
27220,大阪府,箕面市,137622,86,62.49000886486173,23,16.71244423130023,25,18.16570025141329,6,4.3597680603391895,5,3.6331400502826585,3,2.1798840301695948,7,5.086396070395722,2,1.4532560201130633
27221,大阪府,柏原市,65610,30,45.72473708276177,6,9.144947416552355,5,7.620789513793629,3,4.572473708276178,2,3.0483158055174515,1,1.5241579027587258,1,1.5241579027587258,0,0.0
27222,大阪府,羽曳野市,103494,57,55.07565655980057,11,10.628635476452741,12,11.594875065221173,6,5.797437532610586,4,3.8649583550737243,4,3.8649583550737243,6,5.797437532610586,1,0.9662395887684311
27223,大阪府,門真市,113782,75,65.91552266615106,17,14.940851804327576,26,22.8507145242657,6,5.273241813292085,5,4.394368177743404,1,0.8788736355486808,6,5.273241813292085,0,0.0
27224,大阪府,摂津市,86835,36,41.45793746761098,7,8.061265618702137,12,13.819312489203663,2,2.3032187482006106,1,1.1516093741003053,1,1.1516093741003053,3,3.4548281223009156,0,0.0
27225,大阪府,高石市,53491,31,57.95367444990747,4,7.477893477407414,12,22.433680432222243,4,7.477893477407414,1,1.8694733693518535,0,0.0,2,3.738946738703707,0,0.0
27226,大阪府,藤井寺市,61155,48,78.48908511160167,8,13.081514185266945,9,14.716703458425313,7,11.446324912108578,2,3.2703785463167363,0,0.0,2,3.2703785463167363,0,0.0
27227,大阪府,東大阪市,478156,281,58.767431549536134,61,12.757342791892187,79,16.52180459933578,24,5.019282409924794,11,2.3005044378821977,5,1.045683835400999,14,2.9279147391227967,0,0.0
27228,大阪府,泉南市,56299,34,60.39183644469706,10,17.762304836675607,9,15.986074353008048,4,7.104921934670243,2,3.5524609673351213,1,1.7762304836675606,2,3.5524609673351213,0,0.0
27229,大阪府,四條畷市,53219,24,45.09667599917323,4,7.516112666528871,7,13.153197166425525,4,7.516112666528871,1,1.8790281666322177,2,3.7580563332644354,0,0.0,0,0.0
27230,大阪府,交野市,72408,32,44.194011711413104,8,11.048502927853276,9,12.429565793834936,5,6.905314329908297,0,0.0,0,0.0,1,1.3810628659816595,1,1.3810628659816595
27231,大阪府,大阪狭山市,57505,39,67.82018954873489,14,24.345709068776628,11,19.128771411181635,3,5.2169376575949915,1,1.7389792191983307,1,1.7389792191983307,6,10.433875315189983,0,0.0
27232,大阪府,阪南市,47173,31,65.71555762830432,11,23.3184236745596,11,23.3184236745596,5,10.599283488436182,1,2.1198566976872364,2,4.239713395374473,1,2.1198566976872364,0,0.0
27301,大阪府,島本町,30879,14,45.3382557725315,5,16.192234204475533,4,12.953787363580426,2,6.476893681790213,0,0.0,2,6.476893681790213,2,6.476893681790213,0,0.0
27321,大阪府,豊能町,16730,9,53.795576808129105,0,0.0,0,0.0,2,11.95457262402869,0,0.0,0,0.0,0,0.0,0,0.0
27322,大阪府,能勢町,8166,5,61.22948812147931,0,0.0,2,24.49179524859172,0,0.0,0,0.0,0,0.0,0,0.0,0,0.0
27341,大阪府,忠岡町,15884,10,62.95643414756989,2,12.591286829513976,1,6.295643414756988,0,0.0,0,0.0,0,0.0,0,0.0,0,0.0
27361,大阪府,熊取町,42647,19,44.55178558866977,3,7.034492461368912,4,9.379323281825217,2,4.689661640912608,0,0.0,0,0.0,2,4.689661640912608,0,0.0
27362,大阪府,田尻町,8422,6,71.24198527665638,1,11.873664212776063,1,11.873664212776063,1,11.873664212776063,0,0.0,0,0.0,0,0.0,0,0.0
27366,大阪府,岬町,13436,9,66.9842214944924,1,7.442691277165824,4,29.770765108663294,1,7.442691277165824,0,0.0,1,7.442691277165824,1,7.442691277165824,0,0.0
27381,大阪府,太子町,12313,4,32.48599041663283,0,0.0,3,24.36449281247462,0,0.0,0,0.0,0,0.0,0,0.0,0,0.0
27382,大阪府,河南町,14751,5,33.89600705036946,0,0.0,0,0.0,1,6.7792014100738935,0,0.0,0,0.0,0,0.0,0,0.0
27383,大阪府,千早赤阪村,4399,4,90.92975676290067,0,0.0,0,0.0,0,0.0,0,0.0,0,0.0,1,22.732439190725167,0,0.0
28101,兵庫県,神戸市東灘区,205845,140,68.01233938157351,39,18.946294542009763,48,23.318516359396636,19,9.230246058927834,6,2.9148145449245795,10,4.858024241540965,18,8.744443634773738,1,0.4858024241540965
28102,兵庫県,神戸市灘区,137364,92,66.9753356046708,30,21.839783349349176,42,30.575696689088844,15,10.919891674674588,2,1.4559855566232784,8,5.823942226493114,8,5.823942226493114,1,0.7279927783116392
28105,兵庫県,神戸市兵庫区,108028,72,66.64938719591217,22,20.365090532084274,23,21.290776465360832,11,10.182545266042137,4,3.7027437331062316,6,5.554115599659347,5,4.6284296663827895,1,0.9256859332765579
28106,兵庫県,神戸市長田区,90839,66,72.65601778971588,16,17.61358007023415,23,25.31952135096159,8,8.806790035117075,7,7.705941280727441,6,6.605092526337806,8,8.806790035117075,1,1.1008487543896344
28107,兵庫県,神戸市須磨区,153030,75,49.00999803960007,30,19.60399921584003,26,16.990132653728026,11,7.188133045808011,4,2.6138665621120043,6,3.9207998431680067,6,3.9207998431680067,1,0.6534666405280011
28108,兵庫県,神戸市垂水区,204335,90,44.04531773802824,27,13.213595321408473,26,12.724202902097046,11,5.3833166124256735,10,4.893924193114248,10,4.893924193114248,3,1.4681772579342744,0,0.0
28109,兵庫県,神戸市北区,201840,105,52.02140309155767,34,16.84502576298058,38,18.826793499801823,16,7.927070947284978,12,5.945303210463734,7,3.468093539437178,8,3.963535473642489,0,0.0
28110,兵庫県,神戸市中央区,152185,174,114.33452705588591,42,27.59798928935178,52,34.168939120149815,22,14.456089627755693,11,7.228044813877847,19,12.484804678516278,17,11.170614712356672,5,3.285474915399021
28111,兵庫県,神戸市西区,226677,110,48.52719949531713,21,9.264283540015088,48,21.1755052343202,12,5.29387630858005,8,3.5292508723867,10,4.411563590483375,3,1.3234690771450126,2,0.882312718096675
28201,兵庫県,姫路市,519967,229,44.04125646435254,68,13.07775301124879,100,19.231989722424693,29,5.5772770195031605,15,2.884798458363704,22,4.231037738933432,25,4.807997430606173,3,0.5769596916727407
28202,兵庫県,尼崎市,452808,304,67.1366230278617,79,17.446688221056164,103,22.74694793378209,32,7.0670129503012316,8,1.7667532375753079,26,5.74194802211975,24,5.300259712725924,5,1.1042207734845675
28203,兵庫県,明石市,305438,128,41.90703186898814,39,12.768548772582324,51,16.697333010299964,19,6.220575043052928,11,3.6013855512411683,16,5.238378983623518,13,4.256182924194108,1,0.32739868647646986
28204,兵庫県,西宮市,484472,289,59.65257022077643,80,16.512822206443303,88,18.164104427087633,34,7.0179494377384035,9,1.8576924982248717,22,4.541026106771908,23,4.74743638435245,4,0.8256411103221653
28205,兵庫県,洲本市,38270,27,70.55134570159393,7,18.29108962633917,13,33.9691664489156,5,13.065064018813692,0,0.0,1,2.6130128037627385,1,2.6130128037627385,1,2.6130128037627385
28206,兵庫県,芦屋市,92900,77,82.88482238966631,22,23.681377825618945,21,22.604951560818083,6,6.458557588805167,6,6.458557588805167,7,7.534983853606028,6,6.458557588805167,2,2.1528525296017222
28207,兵庫県,伊丹市,195314,112,57.34355960146226,35,17.919862375456958,37,18.943854511197355,11,5.631956746572186,7,3.5839724750913913,10,5.119960678701988,9,4.607964610831789,2,1.0239921357403976
28208,兵庫県,相生市,25821,13,50.34661709461292,3,11.618450098756826,6,23.236900197513652,3,11.618450098756826,1,3.872816699585609,0,0.0,4,15.491266798342435,0,0.0
28209,兵庫県,豊岡市,71692,41,57.18908664844055,12,16.73826926295821,15,20.922836578697762,7,9.76399040339229,0,0.0,1,1.3948557719131842,3,4.184567315739552,0,0.0
28210,兵庫県,加古川市,253960,92,36.226177350763905,25,9.844069932272799,38,14.962986297054654,9,3.5438651756182074,6,2.362576783745472,11,4.331390770200032,12,4.725153567490944,1,0.3937627972909119
28212,兵庫県,赤穂市,42637,31,72.70680394962122,7,16.417665407978983,8,18.763046180547413,4,9.381523090273706,1,2.3453807725684266,2,4.690761545136853,2,4.690761545136853,1,2.3453807725684266
28213,兵庫県,西脇市,35626,15,42.104081288946276,7,19.64857126817493,8,22.455510020771346,5,14.03469376298209,2,5.6138775051928365,2,5.6138775051928365,1,2.8069387525964182,1,2.8069387525964182
28214,兵庫県,宝塚市,220748,130,58.89068077626977,40,18.12020946962147,48,21.744251363545764,15,6.795078551108051,5,2.265026183702684,14,6.342073314367513,12,5.436062840886441,0,0.0
28215,兵庫県,三木市,71547,37,51.71425776063287,15,20.965239632689002,15,20.965239632689002,5,6.988413210896334,1,1.3976826421792667,2,2.7953652843585335,5,6.988413210896334,0,0.0
28216,兵庫県,高砂市,84290,31,36.777790959781704,8,9.491042828330764,15,17.795705303120183,5,5.9319017677067265,3,3.559141060624036,3,3.559141060624036,3,3.559141060624036,1,1.1863803535413455
28217,兵庫県,川西市,147445,72,48.831767777815465,17,11.52972294753976,28,18.9901319135949,5,3.3910949845705183,4,2.7128759876564144,6,4.069313981484622,8,5.425751975312829,1,0.6782189969141036
28218,兵庫県,小野市,46001,26,56.52051042368644,6,13.04319471315841,12,26.08638942631682,7,15.21706049868481,2,4.347731571052803,3,6.521597356579205,4,8.695463142105606,1,2.1738657855264014
28219,兵庫県,三田市,102569,53,51.67253263656661,11,10.724487905702503,15,14.624301689594322,7,6.824674121810684,4,3.899813783891819,1,0.9749534459729547,4,3.899813783891819,0,0.0
28220,兵庫県,加西市,40210,17,42.27804028848546,5,12.434717731907487,5,12.434717731907487,2,4.973887092762994,0,0.0,0,0.0,3,7.460830639144492,0,0.0
28221,兵庫県,丹波篠山市,37554,22,58.58230814294083,9,23.96548969483943,8,21.30265750652394,6,15.976993129892954,1,2.6628321883154924,1,2.6628321883154924,1,2.6628321883154924,0,0.0
28222,兵庫県,養父市,19999,12,60.0030001500075,3,15.000750037501875,6,30.00150007500375,3,15.000750037501875,0,0.0,1,5.000250012500625,1,5.000250012500625,0,0.0
28223,兵庫県,丹波市,58014,31,53.43537766745958,11,18.960940462646946,12,20.68466232288758,3,5.171165580721895,2,3.4474437204812634,2,3.4474437204812634,3,5.171165580721895,1,1.7237218602406317
28224,兵庫県,南あわじ市,41142,28,68.05697340916824,7,17.01424335229206,6,14.583637159107482,3,7.291818579553741,0,0.0,0,0.0,2,4.86121238636916,0,0.0
28225,兵庫県,朝来市,26646,19,71.30526157772273,1,3.7529085040906702,7,26.270359528634696,1,3.7529085040906702,0,0.0,0,0.0,1,3.7529085040906702,0,0.0
28226,兵庫県,淡路市,39878,28,70.21415316715984,5,12.538241636992828,8,20.061186619188526,1,2.5076483273985657,0,0.0,2,5.015296654797131,3,7.522944982195696,0,0.0
28227,兵庫県,宍粟市,31628,20,63.23510813203491,3,9.485266219805235,6,18.97053243961047,1,3.161755406601745,1,3.161755406601745,1,3.161755406601745,1,3.161755406601745,0,0.0
28228,兵庫県,加東市,40048,20,49.94007191370355,6,14.982021574111066,6,14.982021574111066,4,9.988014382740712,0,0.0,2,4.994007191370356,2,4.994007191370356,0,0.0
28229,兵庫県,たつの市,70414,34,48.285852245292126,12,17.0420654983384,11,15.621893373476867,6,8.5210327491692,1,1.4201721248615333,2,2.8403442497230666,4,5.680688499446133,0,0.0
28301,兵庫県,猪名川町,28669,13,45.345146325299105,2,6.976176357738323,3,10.464264536607486,1,3.4880881788691616,1,3.4880881788691616,0,0.0,0,0.0,0,0.0
28365,兵庫県,多可町,17085,9,52.67778753292362,3,17.55926251097454,3,17.55926251097454,0,0.0,0,0.0,0,0.0,1,5.8530875036581795,0,0.0
28381,兵庫県,稲美町,29284,11,37.563174429722714,3,10.244502117197104,7,23.90383827345991,0,0.0,2,6.8296680781314025,1,3.4148340390657013,0,0.0,0,0.0
28382,兵庫県,播磨町,33294,14,42.04961854988887,3,9.010632546404757,2,6.007088364269839,1,3.0035441821349194,3,9.010632546404757,1,3.0035441821349194,1,3.0035441821349194,0,0.0
28442,兵庫県,市川町,10267,3,29.219830524982957,1,9.739943508327652,0,0.0,0,0.0,0,0.0,0,0.0,0,0.0,0,0.0
28443,兵庫県,福崎町,18877,8,42.3796154049902,4,21.1898077024951,3,15.892355776871323,2,10.59490385124755,0,0.0,1,5.297451925623775,0,0.0,0,0.0
28446,兵庫県,神河町,9576,7,73.09941520467837,1,10.442773600668337,1,10.442773600668337,2,20.885547201336674,0,0.0,0,0.0,0,0.0,0,0.0
28464,兵庫県,太子町,32753,11,33.5847097975758,5,15.26577718071627,6,18.318932616859524,4,12.212621744573017,0,0.0,1,3.0531554361432542,1,3.0531554361432542,0,0.0
28481,兵庫県,上郡町,12603,6,47.60771244941681,0,0.0,4,31.738474966277874,0,0.0,0,0.0,0,0.0,0,0.0,0,0.0
28501,兵庫県,佐用町,14015,9,64.21691045308599,1,7.135212272565108,2,14.270424545130217,0,0.0,0,0.0,0,0.0,0,0.0,0,0.0
28585,兵庫県,香美町,14027,8,57.03286518856491,1,7.129108148570614,0,0.0,0,0.0,0,0.0,0,0.0,0,0.0,0,0.0
28586,兵庫県,新温泉町,11944,11,92.09645010046886,1,8.372404554588078,3,25.117213663764232,1,8.372404554588078,0,0.0,0,0.0,0,0.0,0,0.0
29201,奈良県,奈良市,344243,229,66.52277606225834,54,15.686593481929915,57,16.55807089759269,27,7.843296740964957,14,4.066894606426274,19,5.51935696586423,25,7.262311797189775,4,1.1619698875503641
29202,奈良県,大和高田市,58470,31,53.0186420386523,8,13.682230203523174,7,11.971951428082777,4,6.841115101761587,1,1.7102787754403967,4,6.841115101761587,3,5.13083632632119,0,0.0
29203,奈良県,大和郡山市,79240,43,54.26552246340233,12,15.143866733972741,13,16.40585562847047,8,10.095911155981828,1,1.2619888944977284,2,2.523977788995457,2,2.523977788995457,0,0.0
29204,奈良県,天理市,58652,28,47.73920752915502,8,13.639773579758577,6,10.229830184818931,3,5.114915092409466,3,5.114915092409466,1,1.7049716974698221,6,10.229830184818931,1,1.7049716974698221
29205,奈良県,橿原市,117615,80,68.01853505080133,18,15.304170386430302,25,21.255792203375417,8,6.801853505080134,2,1.7004633762700334,8,6.801853505080134,5,4.251158440675083,1,0.8502316881350167
29206,奈良県,桜井市,52105,33,63.333653200268685,9,17.27281450916419,12,23.03041934555225,5,9.59600806064677,1,1.9192016121293543,4,7.676806448517417,2,3.8384032242587085,1,1.9192016121293543
29207,奈良県,五條市,24647,19,77.08848947133525,3,12.171866758631882,5,20.286444597719804,1,4.057288919543961,0,0.0,0,0.0,1,4.057288919543961,0,0.0
29208,奈良県,御所市,21672,22,101.51347360649686,5,23.071244001476558,8,36.913990402362494,3,13.842746400885936,0,0.0,1,4.614248800295312,0,0.0,0,0.0
29209,奈良県,生駒市,114892,51,44.38951363019183,10,8.703826201998398,20,17.407652403996796,4,3.4815304807993597,4,3.4815304807993597,5,4.351913100999199,4,3.4815304807993597,1,0.8703826201998399
29210,奈良県,香芝市,78128,41,52.47798484538194,10,12.799508498873642,14,17.9193118984231,5,6.399754249436821,1,1.2799508498873642,2,2.5599016997747284,3,3.8398525496620928,0,0.0
29211,奈良県,葛城市,36624,12,32.765399737876805,2,5.4608999563128,1,2.7304499781564,1,2.7304499781564,1,2.7304499781564,1,2.7304499781564,0,0.0,0,0.0
29212,奈良県,宇陀市,24993,15,60.01680470531749,4,16.00448125475133,7,28.007842195814828,4,16.00448125475133,1,4.001120313687832,1,4.001120313687832,1,4.001120313687832,0,0.0
29322,奈良県,山添村,2871,4,139.32427725531176,0,0.0,0,0.0,0,0.0,0,0.0,0,0.0,0,0.0,0,0.0
29342,奈良県,平群町,17037,6,35.21746786406057,1,5.869577977343429,2,11.739155954686858,0,0.0,2,11.739155954686858,0,0.0,1,5.869577977343429,0,0.0
29343,奈良県,三郷町,22859,11,48.121090161424384,2,8.749289120258979,5,21.873222800647447,1,4.374644560129489,1,4.374644560129489,2,8.749289120258979,2,8.749289120258979,0,0.0
29344,奈良県,斑鳩町,27311,16,58.58445315074512,1,3.66152832192157,2,7.32305664384314,0,0.0,1,3.66152832192157,0,0.0,0,0.0,0,0.0
29345,奈良県,安堵町,6855,1,14.587892049598832,0,0.0,0,0.0,0,0.0,0,0.0,0,0.0,0,0.0,0,0.0
29361,奈良県,川西町,7735,4,51.71299288946348,1,12.92824822236587,1,12.92824822236587,0,0.0,1,12.92824822236587,0,0.0,0,0.0,0,0.0
29362,奈良県,三宅町,5948,1,16.812373907195695,0,0.0,0,0.0,0,0.0,0,0.0,0,0.0,0,0.0,0,0.0
29363,奈良県,田原本町,30332,15,49.45272319662403,2,6.593696426216537,5,16.484241065541344,2,6.593696426216537,0,0.0,0,0.0,2,6.593696426216537,0,0.0
29385,奈良県,曽爾村,1088,1,91.91176470588235,0,0.0,0,0.0,0,0.0,0,0.0,0,0.0,0,0.0,0,0.0
29386,奈良県,御杖村,1229,1,81.36696501220504,0,0.0,0,0.0,0,0.0,0,0.0,0,0.0,0,0.0,0,0.0
29401,奈良県,高取町,6225,6,96.38554216867469,1,16.06425702811245,0,0.0,0,0.0,0,0.0,0,0.0,0,0.0,0,0.0
29402,奈良県,明日香村,4856,2,41.18616144975288,0,0.0,1,20.59308072487644,0,0.0,0,0.0,0,0.0,0,0.0,0,0.0
29424,奈良県,上牧町,20546,9,43.80414679256303,3,14.601382264187675,2,9.734254842791785,2,9.734254842791785,0,0.0,2,9.734254842791785,2,9.734254842791785,0,0.0
29425,奈良県,王寺町,23771,13,54.68848597029994,3,12.620419839299988,6,25.240839678599976,2,8.413613226199992,0,0.0,0,0.0,0,0.0,0,0.0
29426,奈良県,広陵町,33611,15,44.628246704947784,2,5.950432893993038,6,17.851298681979113,0,0.0,0,0.0,2,5.950432893993038,0,0.0,0,0.0
29427,奈良県,河合町,15982,9,56.31335252158678,3,18.771117507195594,5,31.28519584532599,0,0.0,1,6.257039169065198,0,0.0,1,6.257039169065198,0,0.0
29441,奈良県,吉野町,5316,3,56.4334085778781,0,0.0,0,0.0,0,0.0,0,0.0,0,0.0,0,0.0,0,0.0
29442,奈良県,大淀町,15157,10,65.97611664577423,3,19.792834993732267,4,26.39044665830969,2,13.195223329154844,2,13.195223329154844,1,6.597611664577422,1,6.597611664577422,1,6.597611664577422
29443,奈良県,下市町,4313,1,23.185717597959655,0,0.0,1,23.185717597959655,0,0.0,0,0.0,0,0.0,0,0.0,0,0.0
29444,奈良県,黒滝村,508,1,196.8503937007874,0,0.0,0,0.0,0,0.0,0,0.0,0,0.0,0,0.0,0,0.0
29446,奈良県,天川村,1018,1,98.23182711198427,0,0.0,1,98.23182711198427,0,0.0,0,0.0,0,0.0,0,0.0,0,0.0
29447,奈良県,野迫川村,288,1,347.22222222222223,0,0.0,0,0.0,0,0.0,0,0.0,0,0.0,0,0.0,0,0.0
29449,奈良県,十津川村,2706,3,110.86474501108647,0,0.0,3,110.86474501108647,0,0.0,0,0.0,1,36.95491500369549,0,0.0,0,0.0
29450,奈良県,下北山村,666,1,150.15015015015015,0,0.0,0,0.0,0,0.0,0,0.0,0,0.0,0,0.0,0,0.0
29451,奈良県,上北山村,375,1,266.6666666666667,0,0.0,0,0.0,0,0.0,0,0.0,0,0.0,0,0.0,0,0.0
29452,奈良県,川上村,973,1,102.77492291880782,0,0.0,0,0.0,0,0.0,0,0.0,0,0.0,0,0.0,0,0.0
29453,奈良県,東吉野村,1252,3,239.61661341853033,0,0.0,0,0.0,0,0.0,0,0.0,0,0.0,0,0.0,0,0.0
30201,和歌山県,和歌山市,346249,280,80.86665954269904,98,28.303330839944664,118,34.07952080728031,82,23.682378866076146,12,3.4657139804013877,35,10.10833244283738,28,8.086665954269904,5,1.4440474918339115
30202,和歌山県,海南市,44535,32,71.85359829347705,12,26.945099360053888,12,26.945099360053888,11,24.699674413382734,3,6.736274840013472,1,2.2454249466711578,2,4.4908498933423155,0,0.0
30203,和歌山県,橋本市,57104,41,71.79882319977585,12,21.014289717007564,18,31.521434575511346,10,17.511908097506307,2,3.502381619501261,2,3.502381619501261,3,5.253572429251891,0,0.0
30204,和歌山県,有田市,24520,17,69.33115823817292,6,24.469820554649264,10,40.78303425774878,4,16.31321370309951,1,4.078303425774878,4,16.31321370309951,2,8.156606851549755,0,0.0
30205,和歌山県,御坊市,21885,24,109.66415352981493,7,31.985378112862694,7,31.985378112862694,8,36.554717843271646,0,0.0,3,13.708019191226866,2,9.138679460817912,0,0.0
30206,和歌山県,田辺市,64651,50,77.33832423319052,8,12.374131877310482,14,21.654730785293346,8,12.374131877310482,3,4.640299453991431,1,1.5467664846638103,3,4.640299453991431,1,1.5467664846638103
30207,和歌山県,新宮市,25150,18,71.57057654075547,4,15.904572564612327,8,31.809145129224653,2,7.952286282306163,3,11.928429423459246,1,3.9761431411530817,2,7.952286282306163,0,0.0
30208,和歌山県,紀の川市,55450,43,77.5473399458972,18,32.46167718665465,20,36.06853020739405,12,21.641118124436428,2,3.606853020739405,0,0.0,1,1.8034265103697025,0,0.0
30209,和歌山県,岩出市,53445,32,59.8746374777809,4,7.484329684722613,14,26.195153896529142,8,14.968659369445225,1,1.8710824211806532,6,11.226494527083918,3,5.613247263541959,0,0.0
30304,和歌山県,紀美野町,7270,10,137.5515818431912,4,55.02063273727648,4,55.02063273727648,3,41.26547455295736,0,0.0,0,0.0,1,13.75515818431912,0,0.0
30341,和歌山県,かつらぎ町,14670,9,61.34969325153374,3,20.449897750511248,3,20.449897750511248,1,6.81663258350375,0,0.0,0,0.0,2,13.6332651670075,0,0.0
30343,和歌山県,九度山町,3373,3,88.94159501927068,1,29.64719833975689,1,29.64719833975689,1,29.64719833975689,0,0.0,0,0.0,2,59.29439667951378,0,0.0
30344,和歌山県,高野町,2654,3,113.03692539562924,0,0.0,0,0.0,0,0.0,0,0.0,0,0.0,0,0.0,0,0.0
30361,和歌山県,湯浅町,10010,8,79.92007992007991,2,19.98001998001998,4,39.96003996003996,1,9.99000999000999,0,0.0,1,9.99000999000999,0,0.0,0,0.0
30362,和歌山県,広川町,6321,1,15.820281601012498,1,15.820281601012498,1,15.820281601012498,1,15.820281601012498,0,0.0,0,0.0,0,0.0,0,0.0
30366,和歌山県,有田川町,23976,26,108.44177510844177,4,16.683350016683352,5,20.854187520854186,2,8.341675008341676,0,0.0,0,0.0,0,0.0,0,0.0
30381,和歌山県,美浜町,6408,6,93.63295880149813,3,46.81647940074907,0,0.0,2,31.210986267166042,0,0.0,1,15.605493133583021,2,31.210986267166042,0,0.0
30382,和歌山県,日高町,7605,2,26.298487836949374,2,26.298487836949374,1,13.149243918474687,1,13.149243918474687,0,0.0,0,0.0,0,0.0,0,0.0
30383,和歌山県,由良町,4816,3,62.29235880398671,0,0.0,1,20.764119601328904,0,0.0,0,0.0,0,0.0,0,0.0,0,0.0
30390,和歌山県,印南町,7195,4,55.59416261292564,1,13.89854065323141,2,27.79708130646282,0,0.0,0,0.0,0,0.0,0,0.0,0,0.0
30391,和歌山県,みなべ町,10963,6,54.72954483261881,1,9.121590805436467,0,0.0,0,0.0,0,0.0,0,0.0,0,0.0,0,0.0
30392,和歌山県,日高川町,8463,9,106.34526763559022,1,11.816140848398913,4,47.26456339359565,0,0.0,0,0.0,1,11.816140848398913,0,0.0,0,0.0
30401,和歌山県,白浜町,19048,11,57.74884502309954,2,10.499790004199916,2,10.499790004199916,2,10.499790004199916,0,0.0,0,0.0,1,5.249895002099958,0,0.0
30404,和歌山県,上富田町,15238,12,78.75049219057618,2,13.1250820317627,0,0.0,0,0.0,1,6.56254101588135,0,0.0,0,0.0,0,0.0
30406,和歌山県,すさみ町,3248,5,153.9408866995074,0,0.0,0,0.0,0,0.0,0,0.0,0,0.0,0,0.0,0,0.0
30421,和歌山県,那智勝浦町,12724,9,70.7324740647595,0,0.0,3,23.577491354919836,2,15.718327569946556,0,0.0,0,0.0,1,7.859163784973278,0,0.0
30422,和歌山県,太地町,2610,2,76.62835249042146,1,38.31417624521073,1,38.31417624521073,0,0.0,0,0.0,0,0.0,0,0.0,0,0.0
30424,和歌山県,古座川町,2186,5,228.72827081427266,0,0.0,0,0.0,1,45.74565416285453,0,0.0,0,0.0,1,45.74565416285453,0,0.0
30427,和歌山県,北山村,346,1,289.01734104046244,0,0.0,0,0.0,0,0.0,0,0.0,0,0.0,0,0.0,0,0.0
30428,和歌山県,串本町,13345,13,97.41476208317722,2,14.986886474334957,1,7.493443237167479,0,0.0,0,0.0,0,0.0,1,7.493443237167479,0,0.0
31201,鳥取県,鳥取市,180868,96,53.07738240042461,28,15.480903200123846,42,23.221354800185768,18,9.952009200079617,8,4.423115200035385,7,3.8702258000309615,16,8.84623040007077,2,1.1057788000088462
31202,鳥取県,米子市,143197,99,69.1355265822608,27,18.855143613343856,44,30.72690070322702,22,15.36345035161351,9,6.285047871114618,11,7.681725175806755,19,13.268434394575305,3,2.095015957038206
31203,鳥取県,倉吉市,43384,35,80.67490319011617,14,32.269961276046466,21,48.4049419140697,12,27.65996680803983,3,6.914991702009957,0,0.0,8,18.439977872026553,1,2.304997234003319
31204,鳥取県,境港市,31293,15,47.93404275716614,5,15.978014252388713,6,19.173617102866455,4,12.78241140191097,0,0.0,2,6.391205700955485,2,6.391205700955485,0,0.0
31302,鳥取県,岩美町,9995,2,20.010005002501252,1,10.005002501250626,0,0.0,0,0.0,0,0.0,0,0.0,1,10.005002501250626,0,0.0
31325,鳥取県,若桜町,2487,2,80.41817450743868,0,0.0,0,0.0,0,0.0,0,0.0,0,0.0,0,0.0,0,0.0
31328,鳥取県,智頭町,5737,3,52.29213874847481,1,17.43071291615827,0,0.0,0,0.0,0,0.0,0,0.0,1,17.43071291615827,0,0.0
31329,鳥取県,八頭町,14748,6,40.68348250610252,0,0.0,1,6.780580417683754,0,0.0,0,0.0,0,0.0,1,6.780580417683754,0,0.0
31364,鳥取県,三朝町,5514,3,54.4069640914037,2,36.27130939426913,2,36.27130939426913,1,18.135654697134566,0,0.0,0,0.0,1,18.135654697134566,0,0.0
31370,鳥取県,湯梨浜町,15447,3,19.42124684404739,0,0.0,0,0.0,0,0.0,0,0.0,0,0.0,0,0.0,0,0.0
31371,鳥取県,琴浦町,15040,7,46.54255319148936,4,26.595744680851066,5,33.244680851063826,1,6.6489361702127665,0,0.0,0,0.0,0,0.0,0,0.0
31372,鳥取県,北栄町,13453,2,14.866572511707426,1,7.433286255853713,1,7.433286255853713,2,14.866572511707426,0,0.0,0,0.0,0,0.0,0,0.0
31384,鳥取県,日吉津村,3530,3,84.98583569405099,0,0.0,1,28.328611898016995,0,0.0,0,0.0,1,28.328611898016995,1,28.328611898016995,0,0.0
31386,鳥取県,大山町,13969,6,42.95225141384494,1,7.158708568974157,1,7.158708568974157,0,0.0,0,0.0,0,0.0,1,7.158708568974157,0,0.0
31389,鳥取県,南部町,9653,4,41.43789495493629,1,10.359473738734073,1,10.359473738734073,2,20.718947477468145,0,0.0,0,0.0,0,0.0,0,0.0
31390,鳥取県,伯耆町,9923,6,60.465585004534915,1,10.07759750075582,1,10.07759750075582,0,0.0,0,0.0,0,0.0,2,20.15519500151164,0,0.0
31401,鳥取県,日南町,3654,1,27.367268746579093,0,0.0,0,0.0,0,0.0,0,0.0,0,0.0,0,0.0,0,0.0
31402,鳥取県,日野町,2540,2,78.74015748031496,1,39.37007874015748,1,39.37007874015748,1,39.37007874015748,1,39.37007874015748,1,39.37007874015748,1,39.37007874015748,1,39.37007874015748
31403,鳥取県,江府町,2333,2,85.72653236176596,0,0.0,0,0.0,0,0.0,0,0.0,0,0.0,0,0.0,0,0.0
32201,島根県,松江市,199082,123,61.78358666278216,33,16.576084226600095,45,22.603751218091038,24,12.055333982981887,2,1.0046111652484906,7,3.516139078369717,18,9.041500487236416,1,0.5023055826242453
32202,島根県,浜田市,50270,31,61.666998209667796,4,7.957032027053909,5,9.946290033817386,5,9.946290033817386,2,3.9785160135269546,1,1.9892580067634773,3,5.967774020290432,1,1.9892580067634773
32203,島根県,出雲市,170063,107,62.917859851937216,25,14.700434544845145,31,18.22853883560798,16,9.408278108700893,4,2.352069527175223,9,5.292156436144253,20,11.760347635876117,3,1.7640521453814173
32204,島根県,益田市,42163,26,61.66544126366719,4,9.486990963641107,8,18.973981927282214,3,7.115243222730831,1,2.3717477409102767,2,4.7434954818205535,3,7.115243222730831,1,2.3717477409102767
32205,島根県,大田市,30362,20,65.87181345102431,9,29.64231605296094,13,42.816678743165795,3,9.880772017653646,0,0.0,0,0.0,2,6.58718134510243,0,0.0
32206,島根県,安来市,33885,20,59.02316659288771,7,20.658108307510698,8,23.609266637155084,5,14.755791648221928,2,5.902316659288771,3,8.853474988933156,2,5.902316659288771,0,0.0
32207,島根県,江津市,21035,19,90.32564772997385,5,23.769907297361538,4,19.015925837889235,1,4.753981459472309,2,9.507962918944617,1,4.753981459472309,3,14.261944378416924,0,0.0
32209,島根県,雲南市,32591,20,61.366634960571936,5,15.341658740142984,5,15.341658740142984,2,6.136663496057194,0,0.0,0,0.0,2,6.136663496057194,0,0.0
32343,島根県,奥出雲町,10593,8,75.52157084867366,1,9.440196356084208,1,9.440196356084208,0,0.0,0,0.0,0,0.0,0,0.0,0,0.0
32386,島根県,飯南町,4166,4,96.01536245799328,0,0.0,0,0.0,0,0.0,0,0.0,0,0.0,0,0.0,0,0.0
32441,島根県,川本町,2908,1,34.3878954607978,1,34.3878954607978,1,34.3878954607978,0,0.0,0,0.0,1,34.3878954607978,1,34.3878954607978,0,0.0
32448,島根県,美郷町,3854,5,129.73533990659055,1,25.94706798131811,0,0.0,0,0.0,0,0.0,0,0.0,0,0.0,0,0.0
32449,島根県,邑南町,9259,10,108.00302408467437,0,0.0,1,10.800302408467438,0,0.0,0,0.0,0,0.0,0,0.0,0,0.0
32501,島根県,津和野町,6101,5,81.95377806916899,1,16.390755613833797,1,16.390755613833797,0,0.0,0,0.0,0,0.0,1,16.390755613833797,0,0.0
32505,島根県,吉賀町,5657,5,88.386070355312,1,17.6772140710624,1,17.6772140710624,0,0.0,0,0.0,0,0.0,1,17.6772140710624,0,0.0
32525,島根県,海士町,2107,1,47.460844803037496,0,0.0,0,0.0,0,0.0,0,0.0,0,0.0,0,0.0,0,0.0
32526,島根県,西ノ島町,2563,3,117.05033164260631,0,0.0,0,0.0,0,0.0,0,0.0,0,0.0,0,0.0,0,0.0
32527,島根県,知夫村,584,1,171.23287671232876,0,0.0,0,0.0,0,0.0,0,0.0,0,0.0,0,0.0,0,0.0
32528,島根県,隠岐の島町,12367,10,80.86035416835126,1,8.086035416835125,1,8.086035416835125,0,0.0,1,8.086035416835125,0,0.0,1,8.086035416835125,0,0.0
33101,岡山県,岡山市北区,315573,207,65.59496534874657,58,18.379265653271986,73,23.132524011876807,46,14.576658966388125,17,5.387026139752134,28,8.872748936062337,22,6.971445592620407,3,0.9506516717209648
33102,岡山県,岡山市中区,149426,67,44.838247694511,17,11.376868818010253,24,16.061461860720357,16,10.707641240480239,5,3.346137887650074,3,2.0076827325900446,8,5.3538206202401195,0,0.0
33103,岡山県,岡山市東区,90396,43,47.568476481260234,11,12.168680030089826,19,21.01862914288243,8,8.8499491127926,2,2.21248727819815,4,4.4249745563963,2,2.21248727819815,0,0.0
33104,岡山県,岡山市南区,162860,64,39.297556183224856,15,9.210364730443326,26,15.964632199435096,13,7.982316099717548,2,1.2280486307257767,2,1.2280486307257767,7,4.298170207540219,0,0.0
33202,岡山県,倉敷市,468858,203,43.296691109035145,58,12.37048317401004,72,15.356461871184878,42,8.957936091524513,12,2.5594103118641467,21,4.478968045762256,22,4.692252238417602,3,0.6398525779660367
33203,岡山県,津山市,94363,52,55.10634464779628,14,14.836323559022075,19,20.1350105443871,9,9.537636573657048,3,3.179212191219016,6,6.358424382438032,3,3.179212191219016,0,0.0
33204,岡山県,玉野市,51334,29,56.4927728211322,4,7.792106596018233,9,17.532239841041026,4,7.792106596018233,1,1.9480266490045584,1,1.9480266490045584,2,3.8960532980091167,0,0.0
33205,岡山県,笠岡市,42405,28,66.02994929843179,6,14.149274849663954,7,16.507487324607947,9,21.223912274495934,1,2.358212474943992,1,2.358212474943992,3,7.074637424831977,1,2.358212474943992
33207,岡山県,井原市,35757,18,50.339793606846214,7,19.576586402662414,5,13.983276001901725,3,8.389965601141036,1,2.796655200380345,1,2.796655200380345,0,0.0,0,0.0
33208,岡山県,総社市,68632,28,40.79729572211214,4,5.828185103158876,9,13.113416482107471,4,5.828185103158876,2,2.914092551579438,4,5.828185103158876,3,4.371138827369157,1,1.457046275789719
33209,岡山県,高梁市,24755,18,72.7125833165017,2,8.079175924055747,2,8.079175924055747,1,4.039587962027873,1,4.039587962027873,2,8.079175924055747,1,4.039587962027873,0,0.0
33210,岡山県,新見市,25336,22,86.83296495105779,4,15.787811809283232,3,11.840858856962425,2,7.893905904641616,1,3.946952952320808,2,7.893905904641616,1,3.946952952320808,1,3.946952952320808
33211,岡山県,備前市,28958,20,69.06554320049727,6,20.71966296014918,5,17.26638580012432,4,13.813108640099454,1,3.4532771600248635,0,0.0,2,6.906554320049727,0,0.0
33212,岡山県,瀬戸内市,34644,25,72.16256783281376,5,14.432513566562752,8,23.092021706500404,2,5.773005426625101,1,2.8865027133125505,2,5.773005426625101,1,2.8865027133125505,0,0.0
33213,岡山県,赤磐市,41584,17,40.881108118507115,5,12.023855328972681,6,14.42862639476722,2,4.809542131589073,1,2.4047710657945367,1,2.4047710657945367,4,9.619084263178147,0,0.0
33214,岡山県,真庭市,38867,26,66.89479507036818,7,18.010137134329895,9,23.155890601281293,6,15.437260400854194,1,2.5728767334756992,4,10.291506933902797,2,5.1457534669513985,1,2.5728767334756992
33215,岡山県,美作市,23831,15,62.94322521085981,4,16.78486005622928,2,8.39243002811464,0,0.0,0,0.0,0,0.0,1,4.19621501405732,0,0.0
33216,岡山県,浅口市,31040,13,41.88144329896907,4,12.88659793814433,7,22.551546391752577,2,6.443298969072165,1,3.2216494845360826,2,6.443298969072165,1,3.2216494845360826,0,0.0
33346,岡山県,和気町,12684,7,55.18763796909492,3,23.651844843897823,1,7.883948281299275,1,7.883948281299275,0,0.0,0,0.0,0,0.0,0,0.0
33423,岡山県,早島町,12274,6,48.88381945576015,1,8.147303242626691,2,16.294606485253382,3,24.441909727880073,1,8.147303242626691,0,0.0,2,16.294606485253382,0,0.0
33445,岡山県,里庄町,10745,3,27.91996277338297,1,9.306654257794323,1,9.306654257794323,1,9.306654257794323,0,0.0,1,9.306654257794323,0,0.0,0,0.0
33461,岡山県,矢掛町,12595,9,71.45692735212386,0,0.0,3,23.818975784041285,0,0.0,0,0.0,0,0.0,0,0.0,0,0.0
33586,岡山県,新庄村,752,1,132.9787234042553,0,0.0,0,0.0,0,0.0,0,0.0,0,0.0,0,0.0,0,0.0
33606,岡山県,鏡野町,11408,9,78.89200561009818,1,8.76577840112202,2,17.53155680224404,0,0.0,0,0.0,0,0.0,1,8.76577840112202,0,0.0
33622,岡山県,勝央町,10580,5,47.25897920604915,3,28.35538752362949,4,37.80718336483932,3,28.35538752362949,1,9.45179584120983,1,9.45179584120983,0,0.0,1,9.45179584120983
33623,岡山県,奈義町,5253,2,38.07348181991243,0,0.0,0,0.0,0,0.0,0,0.0,0,0.0,0,0.0,0,0.0
33643,岡山県,西粟倉村,1305,1,76.62835249042146,0,0.0,0,0.0,0,0.0,0,0.0,0,0.0,1,76.62835249042146,0,0.0
33663,岡山県,久米南町,4112,2,48.63813229571984,1,24.31906614785992,0,0.0,0,0.0,0,0.0,0,0.0,0,0.0,0,0.0
33666,岡山県,美咲町,11881,5,42.083999663328,1,8.416799932665601,0,0.0,0,0.0,0,0.0,0,0.0,0,0.0,0,0.0
33681,岡山県,吉備中央町,9993,8,80.05603922745922,1,10.007004903432403,2,20.014009806864806,0,0.0,0,0.0,0,0.0,2,20.014009806864806,0,0.0
34101,広島県,広島市中区,145297,198,136.2726002601568,48,33.03578188125013,61,41.982972807422044,36,24.776836410937598,3,2.064736367578133,14,9.635436382031287,28,19.270872764062574,4,2.7529818234375107
34102,広島県,広島市東区,115433,62,53.710810600088365,23,19.924978125839232,25,21.65758491939047,14,12.128247554858662,2,1.7326067935512375,3,2.5989101903268566,7,6.064123777429331,0,0.0
34103,広島県,広島市南区,143481,112,78.05911584112182,31,21.60564813459622,37,25.787386483227746,32,22.302604526034806,6,4.1817383486315265,11,7.666520305824465,8,5.575651131508701,3,2.0908691743157632
34104,広島県,広島市西区,182124,87,47.76965144626738,29,15.923217148755791,41,22.512134589620256,19,10.432452614702072,5,2.745382267026861,8,4.392611627242977,8,4.392611627242977,2,1.0981529068107443
34105,広島県,広島市安佐南区,248506,99,39.83807232018543,33,13.279357440061808,48,19.31542900372627,34,13.681762210972773,1,0.40240477091096394,12,4.828857250931567,10,4.024047709109639,2,0.8048095418219279
34106,広島県,広島市安佐北区,132525,64,48.292774948123,23,17.355215996981702,28,21.12808903980381,11,8.30032069420864,3,2.2637238256932655,4,3.0182984342576873,7,5.282022259950953,1,0.7545746085644218
34107,広島県,広島市安芸区,75723,30,39.61808169248445,11,14.526629953910964,17,22.450246292407854,11,14.526629953910964,2,2.64120544616563,2,2.64120544616563,2,2.64120544616563,0,0.0
34108,広島県,広島市佐伯区,139942,62,44.30406882851467,18,12.862471595375226,26,18.579125637764218,16,11.43330808477798,3,2.143745265895871,4,2.858327021194495,4,2.858327021194495,1,0.7145817552986238
34202,広島県,呉市,195194,144,73.77275940858837,48,24.590919802862793,54,27.66478477822064,27,13.83239238911032,7,3.5861758045841574,5,2.5615541461315408,12,6.147729950715698,3,1.5369324876789245
34203,広島県,竹原市,21410,16,74.73143390938813,4,18.682858477347033,5,23.353573096683792,3,14.012143858010276,0,0.0,0,0.0,2,9.341429238673516,0,0.0
34204,広島県,三原市,82920,40,48.2392667631452,12,14.47178002894356,16,19.29570670525808,10,12.0598166907863,4,4.82392667631452,4,4.82392667631452,6,7.23589001447178,1,1.20598166907863
34205,広島県,尾道市,123948,72,58.08887598024978,27,21.783328492593668,30,24.203698325104074,18,14.522218995062445,6,4.840739665020815,4,3.2271597766805433,5,4.033949720850679,0,0.0
34207,広島県,福山市,443916,235,52.93794321448202,71,15.994016886077546,105,23.653123563917497,45,10.137052955964641,11,2.47794627812469,18,4.054821182385857,17,3.829553338919976,1,0.22526784346588094
34208,広島県,府中市,34031,22,64.64693955511152,3,8.815491757515208,8,23.50797802004055,4,11.753989010020275,0,0.0,1,2.9384972525050688,0,0.0,0,0.0
34209,広島県,三次市,47143,36,76.36340495937891,11,23.33326262647689,12,25.45446831979297,7,14.848439853212568,1,2.1212056933160808,1,2.1212056933160808,4,8.484822773264323,1,2.1212056933160808
34210,広島県,庄原市,29909,24,80.24340499515196,4,13.373900832525326,7,23.40432645691932,2,6.686950416262663,2,6.686950416262663,1,3.3434752081313315,1,3.3434752081313315,1,3.3434752081313315
34211,広島県,大竹市,24892,17,68.29503454925278,2,8.034709946970914,7,28.121484814398205,3,12.052064920456372,2,8.034709946970914,1,4.017354973485457,1,4.017354973485457,1,4.017354973485457
34212,広島県,東広島市,197609,91,46.050534135590986,21,10.627046338982536,33,16.699644246972557,19,9.614946687650866,5,2.5302491283291753,10,5.0604982566583505,15,7.590747384987526,1,0.5060498256658351
34213,広島県,廿日市市,112234,66,58.80570949979507,22,19.60190316659836,28,24.947876757488817,14,12.473938378744409,3,2.6729867954452304,5,4.454977992408717,9,8.018960386335692,0,0.0
34214,広島県,安芸高田市,24251,18,74.22374335078966,3,12.370623891798276,7,28.864789080862646,3,12.370623891798276,1,4.123541297266092,1,4.123541297266092,0,0.0,0,0.0
34215,広島県,江田島市,19673,17,86.41285009912062,4,20.332435317440147,4,20.332435317440147,1,5.083108829360037,2,10.166217658720074,0,0.0,0,0.0,0,0.0
34302,広島県,府中町,51148,21,41.0573238445296,10,19.551106592633143,9,17.595995933369828,8,15.640885274106514,1,1.9551106592633143,2,3.9102213185266286,4,7.820442637053257,0,0.0
34304,広島県,海田町,29450,13,44.14261460101868,3,10.186757215619695,5,16.977928692699493,3,10.186757215619695,1,3.395585738539898,0,0.0,0,0.0,1,3.395585738539898
34307,広島県,熊野町,21644,6,27.721308445758638,1,4.620218074293107,2,9.240436148586214,0,0.0,0,0.0,0,0.0,0,0.0,0,0.0
34309,広島県,坂町,12197,5,40.993686972206284,1,8.198737394441256,1,8.198737394441256,2,16.397474788882512,0,0.0,1,8.198737394441256,2,16.397474788882512,0,0.0
34368,広島県,安芸太田町,5061,3,59.276822762299936,0,0.0,0,0.0,0,0.0,0,0.0,0,0.0,0,0.0,0,0.0
34369,広島県,北広島町,16620,10,60.168471720818296,5,30.084235860409148,2,12.033694344163658,2,12.033694344163658,1,6.016847172081829,0,0.0,1,6.016847172081829,0,0.0
34431,広島県,大崎上島町,6400,5,78.125,0,0.0,2,31.25,0,0.0,0,0.0,0,0.0,0,0.0,0,0.0
34462,広島県,世羅町,13914,6,43.122035360069,1,7.187005893344832,4,28.748023573379328,1,7.187005893344832,1,7.187005893344832,0,0.0,1,7.187005893344832,1,7.187005893344832
34545,広島県,神石高原町,7302,3,41.084634346754314,0,0.0,1,13.694878115584771,0,0.0,0,0.0,0,0.0,0,0.0,0,0.0
35201,山口県,下関市,237719,146,61.41705122434471,56,23.557225127145916,61,25.660548799212513,26,10.937283094746318,10,4.206647344133199,8,3.36531787530656,14,5.889306281786479,3,1.2619942032399598
35202,山口県,宇部市,155567,89,57.21007668721516,28,17.99867581170814,33,21.212725063798878,26,16.713056110871843,5,3.2140492520907396,6,3.8568591025088867,14,8.99933790585407,2,1.2856197008362957
35203,山口県,山口市,189460,96,50.670326190224856,37,19.52918821914916,32,16.89010873007495,23,12.13976564974137,5,2.639079489074211,7,3.6947112847038954,12,6.333790773778107,3,1.5834476934445267
35204,山口県,萩市,39641,32,80.72450240912187,9,22.703766302565526,10,25.226407002850582,6,15.135844201710352,0,0.0,0,0.0,5,12.613203501425291,0,0.0
35206,山口県,防府市,111483,46,41.26189643263996,19,17.04295722217737,15,13.454966228034767,13,11.660970730963466,4,3.5879909941426047,6,5.381986491213907,9,8.07297973682086,3,2.6909932456069536
35207,山口県,下松市,55435,30,54.11743483358888,10,18.039144944529628,11,19.843059438982593,8,14.431315955623704,2,3.607828988905926,0,0.0,6,10.823486966717777,0,0.0
35208,山口県,岩国市,121264,73,60.19923472753661,20,16.492941021242906,33,27.213352685050797,15,12.369705765932181,6,4.947882306372873,6,4.947882306372873,7,5.772529357435018,3,2.4739411531864364
35210,山口県,光市,47522,25,52.60721350111527,7,14.730019780312276,9,18.938596860401496,3,6.312865620133833,0,0.0,2,4.2085770800892215,2,4.2085770800892215,0,0.0
35211,山口県,長門市,29266,18,61.50481787740039,10,34.169343265222444,4,13.667737306088977,4,13.667737306088977,0,0.0,2,6.8338686530444885,3,10.250802979566734,1,3.4169343265222443
35212,山口県,柳井市,28491,22,77.21736688778913,5,17.54940156540662,6,21.059281878487944,4,14.039521252325295,0,0.0,2,7.019760626162648,3,10.529640939243972,1,3.509880313081324
35213,山口県,美祢市,20073,15,74.72724555372889,3,14.945449110745777,1,4.981816370248592,2,9.963632740497184,0,0.0,0,0.0,2,9.963632740497184,0,0.0
35215,山口県,周南市,128307,65,50.65974576601432,23,17.925756194128144,25,19.4845176023132,15,11.69071056138792,5,3.8969035204626405,6,4.676284224555169,9,7.014426336832752,2,1.558761408185056
35216,山口県,山陽小野田市,56234,29,51.57022441939041,11,19.561119607354982,15,26.67425401002952,5,8.891418003343173,0,0.0,0,0.0,5,8.891418003343173,0,0.0
35305,山口県,周防大島町,12988,9,69.29473360024637,2,15.398829688943641,2,15.398829688943641,1,7.6994148444718205,0,0.0,0,0.0,0,0.0,0,0.0
35321,山口県,和木町,5781,2,34.596090641757485,1,17.298045320878742,1,17.298045320878742,1,17.298045320878742,0,0.0,1,17.298045320878742,0,0.0,0,0.0
35341,山口県,上関町,2026,4,197.43336623889437,0,0.0,0,0.0,0,0.0,0,0.0,0,0.0,0,0.0,0,0.0
35343,山口県,田布施町,13266,5,37.690336197798885,0,0.0,2,15.076134479119553,0,0.0,0,0.0,0,0.0,0,0.0,0,0.0
35344,山口県,平生町,10979,5,45.54148829583751,2,18.216595318335003,1,9.108297659167501,1,9.108297659167501,0,0.0,1,9.108297659167501,0,0.0,0,0.0
35502,山口県,阿武町,2745,2,72.85974499089254,0,0.0,0,0.0,0,0.0,0,0.0,0,0.0,0,0.0,0,0.0
36201,徳島県,徳島市,244731,200,81.72238089984513,85,34.732011882434186,96,39.22674283192566,66,26.968385696948896,10,4.086119044992257,23,9.39807380348219,23,9.39807380348219,4,1.6344476179969025
36202,徳島県,鳴門市,51328,33,64.2923940149626,13,25.32730673316708,15,29.223815461346636,11,21.43079800498753,2,3.896508728179551,3,5.844763092269327,4,7.793017456359102,0,0.0
36203,徳島県,小松島市,33277,25,75.1269645701235,10,30.050785828049403,14,42.071100159269164,8,24.040628662439524,3,9.015235748414822,6,18.030471496829644,3,9.015235748414822,1,3.0050785828049404
36204,徳島県,阿南市,64779,42,64.8358264252304,12,18.524521835780114,16,24.699362447706818,8,12.349681223853409,1,1.5437101529816761,4,6.1748406119267045,2,3.0874203059633523,0,0.0
36205,徳島県,吉野川市,35584,33,92.73830935251799,19,53.39478417266187,17,47.77428057553957,13,36.53327338129496,1,2.810251798561151,0,0.0,4,11.241007194244604,0,0.0
36206,徳島県,阿波市,31492,18,57.15737330115585,7,22.22786739489394,9,28.578686650577925,8,25.403277022735935,0,0.0,1,3.175409627841992,1,3.175409627841992,0,0.0
36207,徳島県,美馬市,25253,22,87.11836217479112,4,15.839702213598384,7,27.719478873797172,5,19.799627766997983,1,3.959925553399596,2,7.919851106799192,2,7.919851106799192,0,0.0
36208,徳島県,三好市,20352,23,113.01100628930817,6,29.481132075471695,8,39.308176100628934,7,34.39465408805031,1,4.913522012578617,1,4.913522012578617,3,14.740566037735848,0,0.0
36301,徳島県,勝浦町,4343,1,23.025558369790467,0,0.0,0,0.0,0,0.0,0,0.0,0,0.0,0,0.0,0,0.0
36302,徳島県,上勝町,1220,2,163.9344262295082,0,0.0,0,0.0,0,0.0,0,0.0,0,0.0,0,0.0,0,0.0
36321,徳島県,佐那河内村,1829,1,54.67468562055768,0,0.0,0,0.0,0,0.0,0,0.0,0,0.0,0,0.0,0,0.0
36341,徳島県,石井町,23991,16,66.69167604518361,9,37.51406777541578,8,33.345838022591806,8,33.345838022591806,0,0.0,0,0.0,2,8.336459505647952,0,0.0
36342,徳島県,神山町,4025,3,74.53416149068323,1,24.84472049689441,0,0.0,1,24.84472049689441,0,0.0,0,0.0,0,0.0,0,0.0
36368,徳島県,那賀町,6304,9,142.76649746192894,2,31.725888324873093,2,31.725888324873093,0,0.0,0,0.0,0,0.0,0,0.0,0,0.0
36383,徳島県,牟岐町,3249,5,153.8935056940597,3,92.33610341643582,3,92.33610341643582,0,0.0,0,0.0,0,0.0,0,0.0,0,0.0
36387,徳島県,美波町,5489,7,127.52778283840408,1,18.218254691200585,0,0.0,0,0.0,0,0.0,0,0.0,1,18.218254691200585,0,0.0
36388,徳島県,海陽町,7453,6,80.50449483429492,2,26.83483161143164,1,13.41741580571582,0,0.0,0,0.0,0,0.0,0,0.0,0,0.0
36401,徳島県,松茂町,14192,8,56.36978579481398,4,28.18489289740699,4,28.18489289740699,3,21.13866967305524,0,0.0,1,7.046223224351747,1,7.046223224351747,0,0.0
36402,徳島県,北島町,22821,12,52.583147101354015,5,21.909644625564173,5,21.909644625564173,6,26.291573550677008,0,0.0,1,4.381928925112835,1,4.381928925112835,2,8.76385785022567
36403,徳島県,藍住町,35228,17,48.257068241171794,9,25.54785965709095,7,19.87055751107074,6,17.031906438060634,3,8.515953219030317,3,8.515953219030317,1,2.8386510730101056,0,0.0
36404,徳島県,板野町,12289,9,73.23622752054683,5,40.68679306697046,7,56.96151029375865,4,32.54943445357637,0,0.0,0,0.0,1,8.137358613394092,0,0.0
36405,徳島県,上板町,10664,4,37.50937734433609,1,9.377344336084022,3,28.132033008252062,2,18.754688672168044,0,0.0,0,0.0,0,0.0,0,0.0
36468,徳島県,つるぎ町,6713,5,74.48234768359899,0,0.0,2,29.792939073439594,0,0.0,0,0.0,0,0.0,0,0.0,0,0.0
36489,徳島県,東みよし町,12418,7,56.36978579481398,1,8.052826542116284,1,8.052826542116284,3,24.158479626348846,1,8.052826542116284,1,8.052826542116284,1,8.052826542116284,0,0.0
37201,香川県,高松市,404897,225,55.56968809351514,77,19.017182147558515,89,21.98089884587932,38,9.38510287801589,16,3.9516222644277432,33,8.15022092038222,20,4.939527830534679,4,0.9879055661069358
37202,香川県,丸亀市,107778,58,53.814322032325705,17,15.77316335430236,20,18.556662769767485,5,4.639165692441871,2,1.8556662769767482,6,5.566998830930245,6,5.566998830930245,1,0.9278331384883741
37203,香川県,坂出市,48036,31,64.53493213423266,11,22.899492047630943,13,27.063036056291114,5,10.40886002165043,2,4.163544008660171,3,6.245316012990258,5,10.40886002165043,2,4.163544008660171
37204,香川県,善通寺市,29419,18,61.18494850266835,8,27.193310445630377,7,23.794146639926577,5,16.995819028518984,2,6.798327611407594,3,10.19749141711139,2,6.798327611407594,0,0.0
37205,香川県,観音寺市,54530,32,58.68329359985329,10,18.338529249954153,12,22.006235099944984,4,7.335411699981662,2,3.667705849990831,2,3.667705849990831,6,11.003117549972492,0,0.0
37206,香川県,さぬき市,43765,21,47.98354849765795,7,15.994516165885981,7,15.994516165885981,2,4.569861761681709,2,4.569861761681709,2,4.569861761681709,1,2.2849308808408546,1,2.2849308808408546
37207,香川県,東かがわ市,25293,13,51.397619894832566,8,31.62930455066619,5,19.76831534416637,3,11.860989206499822,0,0.0,0,0.0,1,3.953663068833274,0,0.0
37208,香川県,三豊市,58100,31,53.35628227194492,9,15.49053356282272,8,13.769363166953529,0,0.0,0,0.0,1,1.721170395869191,0,0.0,0,0.0
37322,香川県,土庄町,11591,6,51.76429988784402,0,0.0,1,8.62738331464067,0,0.0,0,0.0,0,0.0,0,0.0,0,0.0
37324,香川県,小豆島町,12569,7,55.69257697509747,1,7.956082425013923,0,0.0,0,0.0,2,15.912164850027846,0,0.0,1,7.956082425013923,0,0.0
37341,香川県,三木町,26026,12,46.107738415430724,6,23.053869207715362,5,19.211557673096134,1,3.8423115346192267,1,3.8423115346192267,1,3.8423115346192267,1,3.8423115346192267,1,3.8423115346192267
37364,香川県,直島町,2943,1,33.97893306150187,0,0.0,0,0.0,0,0.0,0,0.0,0,0.0,0,0.0,0,0.0
37386,香川県,宇多津町,18659,6,32.15606409775444,1,5.359344016292406,1,5.359344016292406,0,0.0,1,5.359344016292406,1,5.359344016292406,1,5.359344016292406,0,0.0
37387,香川県,綾川町,21538,11,51.07252298263534,4,18.571826539140122,7,32.500696443495215,4,18.571826539140122,2,9.285913269570061,1,4.642956634785031,1,4.642956634785031,0,0.0
37403,香川県,琴平町,7747,6,77.4493352265393,4,51.632890151026196,5,64.54111268878275,4,51.632890151026196,0,0.0,1,12.908222537756549,1,12.908222537756549,0,0.0
37404,香川県,多度津町,21658,11,50.78954658786592,5,23.08615753993905,5,23.08615753993905,1,4.61723150798781,1,4.61723150798781,1,4.61723150798781,1,4.61723150798781,0,0.0
37406,香川県,まんのう町,15955,10,62.676277029144465,4,25.070510811657787,5,31.338138514572233,4,25.070510811657787,1,6.267627702914447,1,6.267627702914447,0,0.0,0,0.0
38201,愛媛県,松山市,498626,237,47.53061412762271,80,16.044089157003448,106,21.258418133029565,40,8.022044578501724,4,0.8022044578501724,21,4.2115734037134045,16,3.2088178314006894,5,1.0027555723127155
38202,愛媛県,今治市,143106,72,50.3123558760639,22,15.373219851019524,36,25.15617793803195,12,8.385392646010649,1,0.6987827205008875,6,4.1926963230053245,5,3.493913602504437,2,1.397565441001775
38203,愛媛県,宇和島市,63905,41,64.15773413660902,14,21.907518973476254,14,21.907518973476254,2,3.1296455676394648,1,1.5648227838197324,4,6.2592911352789296,5,7.824113919098662,1,1.5648227838197324
38204,愛媛県,八幡浜市,28924,24,82.97607523164154,3,10.372009403955193,10,34.57336467985064,4,13.829345871940257,0,0.0,0,0.0,1,3.457336467985064,0,0.0
38205,愛媛県,新居浜市,109337,49,44.81557020953566,16,14.633655578623886,21,19.206672946943854,10,9.14603473663993,2,1.8292069473279857,3,2.743810420991979,3,2.743810420991979,1,0.9146034736639929
38206,愛媛県,西条市,100467,43,42.80012342361173,18,17.916330735465376,19,18.91168244299123,6,5.972110245155125,4,3.981406830103417,3,2.9860551225775627,5,4.976758537629271,1,0.9953517075258542
38207,愛媛県,大洲市,36736,30,81.6637630662021,9,24.499128919860627,12,32.66550522648084,6,16.33275261324042,0,0.0,1,2.7221254355400695,2,5.444250871080139,1,2.7221254355400695
38210,愛媛県,伊予市,33426,14,41.88356369293364,2,5.983366241847663,5,14.958415604619159,0,0.0,1,2.9916831209238315,1,2.9916831209238315,0,0.0,0,0.0
38213,愛媛県,四国中央市,76530,33,43.1203449627597,14,18.293479681170783,18,23.520188161505292,7,9.146739840585392,2,2.6133542401672547,1,1.3066771200836274,2,2.6133542401672547,0,0.0
38214,愛媛県,西予市,32081,22,68.57641594713382,2,6.23421963155762,9,28.05398834200929,1,3.11710981577881,0,0.0,1,3.11710981577881,1,3.11710981577881,0,0.0
38215,愛媛県,東温市,33033,12,36.32730905458178,7,21.190930281839375,4,12.109103018193927,3,9.081827263645446,1,3.027275754548482,2,6.054551509096964,5,15.13637877274241,1,3.027275754548482
38356,愛媛県,上島町,5864,4,68.21282401091405,0,0.0,0,0.0,0,0.0,0,0.0,0,0.0,0,0.0,0,0.0
38386,愛媛県,久万高原町,6378,9,141.11006585136408,1,15.678896205707117,2,31.357792411414234,0,0.0,0,0.0,0,0.0,0,0.0,0,0.0
38401,愛媛県,松前町,28695,12,41.81913225300575,2,6.969855375500959,2,6.969855375500959,0,0.0,0,0.0,0,0.0,0,0.0,0,0.0
38402,愛媛県,砥部町,19500,11,56.41025641025641,2,10.256410256410255,2,10.256410256410255,1,5.128205128205128,0,0.0,0,0.0,0,0.0,0,0.0
38422,愛媛県,内子町,13870,7,50.46863734679164,1,7.209805335255949,4,28.839221341023794,2,14.419610670511897,0,0.0,0,0.0,0,0.0,0,0.0
38442,愛媛県,伊方町,7349,6,81.64376105592598,1,13.607293509320996,1,13.607293509320996,0,0.0,0,0.0,0,0.0,0,0.0,0,0.0
38484,愛媛県,松野町,3335,1,29.98500749625187,0,0.0,0,0.0,0,0.0,0,0.0,0,0.0,0,0.0,0,0.0
38488,愛媛県,鬼北町,8724,10,114.62631820265932,0,0.0,1,11.462631820265933,0,0.0,0,0.0,0,0.0,0,0.0,0,0.0
38506,愛媛県,愛南町,17431,12,68.84286615799438,2,11.473811026332397,4,22.947622052664794,1,5.736905513166199,0,0.0,2,11.473811026332397,0,0.0,0,0.0
39201,高知県,高知市,311164,183,58.81143062822177,78,25.067167153012562,82,26.3526629044491,49,15.747322955097633,13,4.177861192168759,20,6.4274787571827074,25,8.034348446478385,5,1.6068696892956769
39202,高知県,室戸市,9983,8,80.1362315937093,0,0.0,1,10.017028949213662,0,0.0,1,10.017028949213662,0,0.0,0,0.0,0,0.0
39203,高知県,安芸市,14725,9,61.120543293718164,2,13.582342954159593,4,27.164685908319186,1,6.791171477079796,1,6.791171477079796,0,0.0,2,13.582342954159593,1,6.791171477079796
39204,高知県,南国市,44842,22,49.06114803086392,10,22.300521832210872,10,22.300521832210872,7,15.610365282547612,5,11.150260916105436,4,8.92020873288435,2,4.460104366442175,0,0.0
39205,高知県,土佐市,24210,10,41.30524576621231,6,24.783147459727388,7,28.913672036348615,3,12.391573729863694,1,4.130524576621231,2,8.261049153242462,2,8.261049153242462,1,4.130524576621231
39206,高知県,須崎市,18739,8,42.69171247131651,4,21.345856235658253,5,26.682320294572815,3,16.009392176743688,2,10.672928117829127,1,5.336464058914563,1,5.336464058914563,1,5.336464058914563
39208,高知県,宿毛市,17349,12,69.16825177243646,5,28.820104905181857,5,28.820104905181857,3,17.292062943109116,0,0.0,0,0.0,2,11.528041962072741,0,0.0
39209,高知県,土佐清水市,10962,5,45.61211457763182,3,27.367268746579093,4,36.48969166210545,1,9.122422915526363,1,9.122422915526363,1,9.122422915526363,0,0.0,0,0.0
39210,高知県,四万十市,30604,20,65.35093451836362,7,22.872827081427264,8,26.140373807345448,4,13.070186903672724,2,6.535093451836362,3,9.802640177754542,0,0.0,0,0.0
39211,高知県,香南市,31197,15,48.08154630252909,8,25.643491361348847,8,25.643491361348847,4,12.821745680674423,2,6.410872840337212,2,6.410872840337212,1,3.205436420168606,0,0.0
39212,高知県,香美市,24986,14,56.031377571440004,3,12.006723765308573,6,24.013447530617146,1,4.002241255102858,0,0.0,0,0.0,0,0.0,0,0.0
39301,高知県,東洋町,1909,2,104.76689366160294,0,0.0,1,52.38344683080147,0,0.0,0,0.0,0,0.0,0,0.0,0,0.0
39302,高知県,奈半利町,2821,3,106.34526763559022,0,0.0,1,35.44842254519674,0,0.0,0,0.0,0,0.0,0,0.0,0,0.0
39303,高知県,田野町,2270,1,44.05286343612335,1,44.05286343612335,0,0.0,0,0.0,0,0.0,0,0.0,0,0.0,0,0.0
39304,高知県,安田町,2092,1,47.80114722753346,0,0.0,1,47.80114722753346,0,0.0,0,0.0,0,0.0,0,0.0,0,0.0
39305,高知県,北川村,1027,0,0.0,0,0.0,0,0.0,0,0.0,0,0.0,0,0.0,0,0.0,0,0.0
39306,高知県,馬路村,656,2,304.8780487804878,0,0.0,0,0.0,0,0.0,0,0.0,0,0.0,0,0.0,0,0.0
39307,高知県,芸西村,3487,3,86.03383997705764,0,0.0,0,0.0,0,0.0,0,0.0,0,0.0,0,0.0,0,0.0
39341,高知県,本山町,2912,2,68.68131868131869,0,0.0,0,0.0,0,0.0,0,0.0,0,0.0,0,0.0,0,0.0
39344,高知県,大豊町,2753,3,108.97203051216854,1,36.32401017072285,1,36.32401017072285,1,36.32401017072285,0,0.0,0,0.0,1,36.32401017072285,0,0.0
39363,高知県,土佐町,3415,2,58.56515373352855,1,29.282576866764273,0,0.0,0,0.0,0,0.0,0,0.0,0,0.0,0,0.0
39364,高知県,大川村,312,1,320.5128205128205,0,0.0,0,0.0,0,0.0,0,0.0,0,0.0,0,0.0,0,0.0
39386,高知県,いの町,19592,15,76.56186198448347,4,20.41649652919559,3,15.312372396896693,3,15.312372396896693,1,5.104124132298898,0,0.0,0,0.0,0,0.0
39387,高知県,仁淀川町,4147,4,96.45526886906198,0,0.0,0,0.0,0,0.0,0,0.0,0,0.0,0,0.0,0,0.0
39401,高知県,中土佐町,5289,5,94.53582907922103,0,0.0,3,56.72149744753262,0,0.0,1,18.907165815844206,0,0.0,0,0.0,0,0.0
39402,高知県,佐川町,11489,5,43.51988858908521,2,17.407955435634086,3,26.111933153451126,2,17.407955435634086,0,0.0,1,8.703977717817043,0,0.0,0,0.0
39403,高知県,越知町,4622,5,108.17827780181739,4,86.54262224145391,3,64.90696668109044,2,43.271311120726956,1,21.635655560363478,1,21.635655560363478,1,21.635655560363478,0,0.0
39405,高知県,檮原町,2909,3,103.12822275696115,0,0.0,0,0.0,0,0.0,0,0.0,0,0.0,0,0.0,0,0.0
39410,高知県,日高村,4462,1,22.411474675033617,0,0.0,0,0.0,0,0.0,0,0.0,0,0.0,0,0.0,0,0.0
39411,高知県,津野町,4773,3,62.85355122564425,0,0.0,0,0.0,0,0.0,0,0.0,0,0.0,0,0.0,0,0.0
39412,高知県,四万十町,13797,8,57.98361962745524,3,21.743857360295713,3,21.743857360295713,2,14.49590490686381,0,0.0,0,0.0,1,7.247952453431905,0,0.0
39424,高知県,大月町,3887,1,25.72678157962439,0,0.0,0,0.0,0,0.0,0,0.0,0,0.0,0,0.0,0,0.0
39427,高知県,三原村,1291,1,77.45933384972889,0,0.0,1,77.45933384972889,0,0.0,0,0.0,0,0.0,0,0.0,0,0.0
39428,高知県,黒潮町,9275,6,64.6900269541779,0,0.0,1,10.78167115902965,0,0.0,0,0.0,0,0.0,0,0.0,0,0.0
40101,福岡県,北九州市門司区,87119,64,73.46273487987695,15,17.21782848747116,28,32.139946509946164,8,9.182841859984618,2,2.2957104649961546,6,6.887131394988464,8,9.182841859984618,1,1.1478552324980773
40103,福岡県,北九州市若松区,77332,48,62.07003569027053,13,16.810634666114932,18,23.276263383851447,8,10.34500594837842,2,2.586251487094605,1,1.2931257435473025,3,3.879377230641908,0,0.0
40105,福岡県,北九州市戸畑区,54284,32,58.949229975683444,17,31.31677842458183,16,29.474614987841722,9,16.579470930660968,2,3.6843268734802153,2,3.6843268734802153,3,5.526490310220323,1,1.8421634367401076
40106,福岡県,北九州市小倉北区,181230,140,77.2499034376207,33,18.208905810296308,69,38.07316669425592,34,18.76069083485074,6,3.3107101473266014,9,4.966065220989902,13,7.173205319207637,3,1.6553550736633007
40107,福岡県,北九州市小倉南区,203681,95,46.64156205046126,21,10.310240032207226,44,21.602407686529425,15,7.364457165862304,6,2.9457828663449215,5,2.4548190552874347,11,5.400601921632356,0,0.0
40108,福岡県,北九州市八幡東区,61218,45,73.50779182593355,12,19.602077820248947,17,27.769610245352673,11,17.9685713352282,3,4.900519455062237,2,3.267012970041491,5,8.167532425103728,1,1.6335064850207455
40109,福岡県,北九州市八幡西区,242914,141,58.0452341157776,41,16.878401409552353,59,24.288431296672897,30,12.350049811867574,5,2.0583416353112622,8,3.29334661649802,14,5.763356578871535,5,2.0583416353112622
40131,福岡県,福岡市東区,330259,136,41.179801307458696,40,12.111706266899615,50,15.13963283362452,27,8.17540173015724,4,1.2111706266899616,10,3.027926566724904,16,4.844682506759846,1,0.3027926566724904
40132,福岡県,福岡市博多区,257240,165,64.14243508008086,45,17.4933913854766,56,21.769553724148654,15,5.831130461825532,8,3.109936246306951,19,7.386098584979008,14,5.4423884310371635,1,0.3887420307883689
40133,福岡県,福岡市中央区,211979,205,96.70769274314908,52,24.530731817774402,72,33.96562867076455,34,16.039324650083262,1,0.4717448426495077,17,8.019662325041631,16,7.547917482392124,1,0.4717448426495077
40134,福岡県,福岡市南区,267714,137,51.17401405978022,39,14.567785024316995,64,23.90610875785353,22,8.217724885512151,7,2.61473064539023,14,5.22946129078046,14,5.22946129078046,3,1.1205988480243843
40135,福岡県,福岡市西区,217224,90,41.43188597944979,28,12.88992008249549,35,16.112400103119363,13,5.984605752587191,5,2.3017714433027656,8,3.682834309284426,9,4.143188597944978,1,0.4603542886605532
40136,福岡県,福岡市城南区,132671,71,53.515839934876496,26,19.597349835306886,34,25.627303630785928,12,9.044930693218562,3,2.2612326733046406,5,3.7687211221744015,7,5.276209571044162,2,1.5074884488697606
40137,福岡県,福岡市早良区,221319,123,55.57588819757906,36,16.26611361880363,55,24.851006917616655,24,10.844075745869084,7,3.162855425878483,14,6.325710851756966,14,6.325710851756966,1,0.4518364894112119
40202,福岡県,大牟田市,104141,80,76.81892818390452,35,33.60828108045823,51,48.97206671723912,29,27.846861466665388,3,2.880709806896419,8,7.681892818390452,15,14.403549034482097,1,0.9602366022988065
40203,福岡県,久留米市,299292,191,63.81727543669727,65,21.717920960132577,94,31.407454926960963,47,15.703727463480481,12,4.0094623311014,14,4.677706052951632,17,5.680071635726982,2,0.6682437218502332
40204,福岡県,直方市,54692,39,71.30841805017187,12,21.941051707745192,16,29.25473561032692,11,20.112630732099756,2,3.656841951290865,2,3.656841951290865,6,10.970525853872596,1,1.8284209756454326
40205,福岡県,飯塚市,122880,75,61.03515625,16,13.020833333333334,29,23.600260416666668,7,5.696614583333333,5,4.069010416666666,4,3.2552083333333335,4,3.2552083333333335,1,0.8138020833333334
40206,福岡県,田川市,44186,35,79.21060969537862,9,20.368442493097362,12,27.157923324129815,7,15.842121939075724,2,4.526320554021636,3,6.789480831032454,5,11.315801385054089,0,0.0
40207,福岡県,柳川市,60359,33,54.672873970741726,9,14.91078381020229,16,26.50806010702629,5,8.283768783445716,2,3.313507513378286,4,6.627015026756572,3,4.9702612700674305,1,1.656753756689143
40210,福岡県,八女市,57013,36,63.14349358918142,11,19.29384526336099,13,22.801817129426624,5,8.769929665164085,2,3.5079718660656343,2,3.5079718660656343,4,7.0159437321312685,1,1.7539859330328171
40211,福岡県,筑後市,48508,27,55.66092190978808,10,20.615156262884472,15,30.922734394326707,10,20.615156262884472,1,2.0615156262884473,3,6.1845468788653415,2,4.123031252576895,0,0.0
40212,福岡県,大川市,30660,18,58.708414872798436,5,16.307893020221787,9,29.354207436399218,2,6.5231572080887155,2,6.5231572080887155,2,6.5231572080887155,1,3.2615786040443577,0,0.0
40213,福岡県,行橋市,70614,37,52.39754156399581,13,18.409947035998528,14,19.826096807998415,6,8.49689863199932,3,4.24844931599966,2,2.8322995439997736,2,2.8322995439997736,0,0.0
40214,福岡県,豊前市,22344,14,62.65664160401002,4,17.901897601145723,6,26.85284640171858,3,13.42642320085929,0,0.0,0,0.0,0,0.0,0,0.0
40215,福岡県,中間市,37969,16,42.13964023282151,5,13.168637572756722,8,21.069820116410757,5,13.168637572756722,2,5.267455029102689,1,2.6337275145513446,1,2.6337275145513446,0,0.0
40216,福岡県,小郡市,58798,29,49.32140548998265,11,18.708119323786523,15,25.51107180516344,10,17.007381203442293,2,3.401476240688459,2,3.401476240688459,2,3.401476240688459,0,0.0
40217,福岡県,筑紫野市,104865,41,39.097887760453915,13,12.396891241119533,19,18.118533352405475,8,7.628856148381253,5,4.768035092738283,8,7.628856148381253,6,5.721642111285939,1,0.9536070185476566
40218,福岡県,春日市,110361,48,43.49362546551771,14,12.685640760776,24,21.746812732758855,12,10.873406366379427,3,2.718351591594857,10,9.061171971982857,6,5.436703183189714,1,0.9061171971982857
40219,福岡県,大野城市,103504,43,41.54428814345339,13,12.559901066625445,24,23.18750966146236,6,5.79687741536559,1,0.966146235894265,3,2.898438707682795,4,3.86458494357706,0,0.0
40220,福岡県,宗像市,96578,38,39.34643500590197,15,15.531487502329725,17,17.60235250264035,8,8.283460001242519,2,2.0708650003106297,3,3.1062975004659448,5,5.177162500776575,0,0.0
40221,福岡県,太宰府市,72592,24,33.061494379545955,6,8.265373594886489,12,16.530747189772978,3,4.132686797443244,0,0.0,2,2.7551245316288298,1,1.3775622658144149,0,0.0
40223,福岡県,古賀市,57957,23,39.68459375053919,7,12.077919837120623,10,17.254171195886606,5,8.627085597943303,2,3.4508342391773215,2,3.4508342391773215,3,5.176251358765982,1,1.7254171195886607
40224,福岡県,福津市,69394,29,41.79035651497248,10,14.410467763783613,10,14.410467763783613,9,12.96942098740525,3,4.323140329135083,4,5.764187105513445,1,1.4410467763783612,0,0.0
40225,福岡県,うきは市,26210,16,61.04540251812285,7,26.707363601678747,7,26.707363601678747,0,0.0,0,0.0,1,3.815337657382678,0,0.0,0,0.0
40226,福岡県,宮若市,24838,13,52.33915774216926,7,28.182623399629602,6,24.156534342539658,3,12.078267171269829,1,4.026089057089942,3,12.078267171269829,2,8.052178114179885,0,0.0
40227,福岡県,嘉麻市,32024,20,62.45316012990258,3,9.367974019485386,10,31.22658006495129,1,3.122658006495129,0,0.0,1,3.122658006495129,2,6.245316012990258,0,0.0
40228,福岡県,朝倉市,47408,36,75.93655079311509,14,29.5308808639892,21,44.2963212959838,12,25.31218359770503,3,6.328045899426257,4,8.437394532568343,2,4.218697266284171,0,0.0
40229,福岡県,みやま市,33410,16,47.889853337324155,4,11.972463334331039,8,23.944926668662077,3,8.979347500748279,0,0.0,1,2.9931158335827597,2,5.986231667165519,0,0.0
40230,福岡県,糸島市,100207,52,51.892582354526134,12,11.975211312582953,19,18.96075124492301,9,8.981408484437214,4,3.991737104194318,3,2.9938028281457383,6,5.987605656291477,1,0.9979342760485795
40231,福岡県,那珂川市,49180,24,48.80032533550224,8,16.26677511183408,14,28.466856445709638,6,12.20008133387556,1,2.03334688897926,2,4.06669377795852,0,0.0,1,2.03334688897926
40341,福岡県,宇美町,36936,11,29.78124323153563,4,10.829542993285683,5,13.536928741607104,2,5.4147714966428415,2,5.4147714966428415,3,8.122157244964262,0,0.0,2,5.4147714966428415
40342,福岡県,篠栗町,30620,9,29.39255388634879,5,16.32919660352711,4,13.063357282821686,4,13.063357282821686,1,3.2658393207054215,1,3.2658393207054215,2,6.531678641410843,0,0.0
40343,福岡県,志免町,47347,20,42.24132468794221,6,12.672397406382665,10,21.120662343971105,6,12.672397406382665,4,8.448264937588442,4,8.448264937588442,1,2.1120662343971106,0,0.0
40344,福岡県,須恵町,29282,10,34.150672768253536,3,10.245201830476061,5,17.075336384126768,3,10.245201830476061,0,0.0,2,6.830134553650706,2,6.830134553650706,0,0.0
40345,福岡県,新宮町,33743,13,38.52650920190854,3,8.890732892748126,4,11.854310523664168,2,5.927155261832084,1,2.963577630916042,3,8.890732892748126,0,0.0,0,0.0
40348,福岡県,久山町,9284,5,53.85609651012494,2,21.542438604049977,3,32.313657906074965,1,10.771219302024988,0,0.0,0,0.0,1,10.771219302024988,0,0.0
40349,福岡県,粕屋町,49274,19,38.55988959694768,7,14.206275114664933,9,18.26521086171206,7,14.206275114664933,0,0.0,1,2.029467873523562,1,2.029467873523562,0,0.0
40381,福岡県,芦屋町,12599,6,47.62282720850861,2,15.874275736169539,2,15.874275736169539,1,7.937137868084769,1,7.937137868084769,0,0.0,1,7.937137868084769,0,0.0
40382,福岡県,水巻町,26925,12,44.56824512534819,5,18.570102135561743,6,22.284122562674096,2,7.428040854224699,2,7.428040854224699,0,0.0,0,0.0,0,0.0
40383,福岡県,岡垣町,30316,15,49.478823063728726,4,13.194352816994325,5,16.492941021242906,0,0.0,1,3.2985882042485812,0,0.0,0,0.0,0,0.0
40384,福岡県,遠賀町,18150,8,44.0771349862259,6,33.057851239669425,6,33.057851239669425,6,33.057851239669425,1,5.5096418732782375,1,5.5096418732782375,2,11.019283746556475,0,0.0
40401,福岡県,小竹町,6538,4,61.1807892321811,0,0.0,3,45.88559192413582,1,15.295197308045275,0,0.0,0,0.0,0,0.0,0,0.0
40402,福岡県,鞍手町,14051,7,49.81851825492848,2,14.233862358550994,5,35.584655896377484,3,21.35079353782649,1,7.116931179275497,1,7.116931179275497,1,7.116931179275497,1,7.116931179275497
40421,福岡県,桂川町,12101,6,49.582679117428306,0,0.0,3,24.791339558714153,0,0.0,1,8.263779852904719,0,0.0,0,0.0,0,0.0
40447,福岡県,筑前町,29564,12,40.58990664321472,4,13.529968881071573,7,23.677445541875255,3,10.14747666080368,0,0.0,1,3.3824922202678933,0,0.0,0,0.0
40448,福岡県,東峰村,1676,1,59.66587112171838,0,0.0,0,0.0,0,0.0,0,0.0,0,0.0,0,0.0,0,0.0
40503,福岡県,大刀洗町,15738,4,25.416190113102047,1,6.354047528275512,3,19.062142584826535,0,0.0,0,0.0,0,0.0,0,0.0,0,0.0
40522,福岡県,大木町,13090,7,53.475935828877006,0,0.0,1,7.639419404125286,0,0.0,0,0.0,0,0.0,1,7.639419404125286,0,0.0
40544,福岡県,広川町,19503,13,66.6564118340768,4,20.50966517971594,2,10.25483258985797,2,10.25483258985797,2,10.25483258985797,1,5.127416294928985,2,10.25483258985797,0,0.0
40601,福岡県,香春町,9436,3,31.793132683340403,0,0.0,0,0.0,0,0.0,0,0.0,0,0.0,0,0.0,0,0.0
40602,福岡県,添田町,7940,6,75.56675062972292,1,12.594458438287154,1,12.594458438287154,0,0.0,0,0.0,0,0.0,0,0.0,0,0.0
40604,福岡県,糸田町,7896,5,63.32320162107396,1,12.664640324214794,1,12.664640324214794,1,12.664640324214794,0,0.0,0,0.0,0,0.0,0,0.0
40605,福岡県,川崎町,13762,9,65.39747129777648,0,0.0,2,14.532771399505885,1,7.266385699752942,0,0.0,0,0.0,0,0.0,0,0.0
40608,福岡県,大任町,4763,3,62.98551333193366,1,20.995171110644552,1,20.995171110644552,0,0.0,0,0.0,0,0.0,0,0.0,0,0.0
40609,福岡県,赤村,2576,1,38.81987577639751,1,38.81987577639751,0,0.0,0,0.0,0,0.0,0,0.0,0,0.0,0,0.0
40610,福岡県,福智町,19626,7,35.66697238357281,0,0.0,3,15.28584530724549,0,0.0,0,0.0,0,0.0,0,0.0,0,0.0
40621,福岡県,苅田町,37734,13,34.4516881327185,1,2.650129856362962,5,13.250649281814809,2,5.300259712725924,1,2.650129856362962,0,0.0,1,2.650129856362962,0,0.0
40625,福岡県,みやこ町,16993,9,52.96298475842994,2,11.769552168539986,3,17.65432825280998,2,11.769552168539986,0,0.0,0,0.0,2,11.769552168539986,0,0.0
40642,福岡県,吉富町,6251,5,79.98720204767237,2,31.994880819068946,3,47.99232122860342,0,0.0,0,0.0,0,0.0,1,15.997440409534473,0,0.0
40646,福岡県,上毛町,6913,4,57.86199913207002,1,14.465499783017504,2,28.93099956603501,0,0.0,0,0.0,0,0.0,0,0.0,0,0.0
40647,福岡県,築上町,15717,7,44.53776165934975,1,6.362537379907107,2,12.725074759814214,2,12.725074759814214,2,12.725074759814214,0,0.0,0,0.0,0,0.0
41201,佐賀県,佐賀市,228262,140,61.33302958880584,39,17.085629671167343,64,28.037956383454098,31,13.58088512323558,9,3.942837616423233,10,4.380930684914703,15,6.571396027372055,4,1.7523722739658811
41202,佐賀県,唐津市,110274,71,64.38507717140939,24,21.763969748082047,27,24.484465966592303,17,15.416145238224786,8,7.254656582694017,11,9.975152801204272,6,5.440992437020512,1,0.9068320728367522
41203,佐賀県,鳥栖市,75219,47,62.48421276539172,18,23.930124037809595,21,27.918478044111193,17,22.600672702375732,4,5.317805341735466,9,11.965062018904797,7,9.306159348037065,0,0.0
41204,佐賀県,多久市,16934,8,47.24223455769458,2,11.810558639423645,2,11.810558639423645,1,5.9052793197118225,2,11.810558639423645,1,5.9052793197118225,3,17.715837959135467,0,0.0
41205,佐賀県,伊万里市,49048,26,53.00929701516882,8,16.31055292774425,11,22.427010275648342,6,12.232914695808187,2,4.077638231936063,1,2.0388191159680313,0,0.0,1,2.0388191159680313
41206,佐賀県,武雄市,46267,26,56.19556055071649,7,15.129573994423671,12,25.93641256186915,3,6.484103140467288,0,0.0,3,6.484103140467288,2,4.322735426978192,1,2.161367713489096
41207,佐賀県,鹿島市,25894,11,42.48088360237893,3,11.585695527921526,6,23.171391055843053,3,11.585695527921526,0,0.0,0,0.0,0,0.0,0,0.0
41208,佐賀県,小城市,42690,15,35.137034434293746,4,9.369875849144998,7,16.39728273600375,3,7.027406886858749,2,4.684937924572499,1,2.3424689622862496,3,7.027406886858749,0,0.0
41209,佐賀県,嬉野市,24225,16,66.04747162022704,2,8.25593395252838,8,33.02373581011352,5,20.639834881320947,2,8.25593395252838,1,4.12796697626419,2,8.25593395252838,0,0.0
41210,佐賀県,神埼市,29979,15,50.03502451716201,4,13.342673204576537,10,33.35668301144135,7,23.349678108008938,0,0.0,2,6.671336602288268,0,0.0,0,0.0
41327,佐賀県,吉野ヶ里町,16133,6,37.19085105064154,1,6.198475175106924,3,18.59542552532077,1,6.198475175106924,0,0.0,0,0.0,2,12.396950350213848,0,0.0
41341,佐賀県,基山町,16866,6,35.574528637495554,3,17.787264318747777,3,17.787264318747777,0,0.0,1,5.929088106249258,0,0.0,0,0.0,0,0.0
41345,佐賀県,上峰町,9254,4,43.22455154527772,3,32.418413658958286,3,32.418413658958286,1,10.80613788631943,1,10.80613788631943,0,0.0,0,0.0,0,0.0
41346,佐賀県,みやき町,25652,15,58.474972711679406,4,15.593326056447841,6,23.38998908467176,1,3.8983315141119603,0,0.0,3,11.69499454233588,1,3.8983315141119603,0,0.0
41387,佐賀県,玄海町,5208,2,38.40245775729647,2,38.40245775729647,2,38.40245775729647,1,19.201228878648234,0,0.0,0,0.0,0,0.0,0,0.0
41401,佐賀県,有田町,17905,9,50.265289025411896,3,16.755096341803966,3,16.755096341803966,2,11.17006422786931,0,0.0,2,11.17006422786931,1,5.585032113934655,0,0.0
41423,佐賀県,大町町,5810,2,34.42340791738383,1,17.211703958691913,2,34.42340791738383,2,34.42340791738383,0,0.0,0,0.0,1,17.211703958691913,0,0.0
41424,佐賀県,江北町,9451,4,42.32356364405883,1,10.580890911014707,3,31.74267273304412,2,21.161781822029415,0,0.0,0,0.0,0,0.0,0,0.0
41425,佐賀県,白石町,20356,14,68.7757909215956,5,24.562782471998432,8,39.30045195519749,2,9.825112988799372,1,4.912556494399686,1,4.912556494399686,3,14.737669483199056,1,4.912556494399686
41441,佐賀県,太良町,7337,2,27.25909772386534,1,13.62954886193267,0,0.0,0,0.0,0,0.0,0,0.0,0,0.0,0,0.0
42201,長崎県,長崎市,381884,255,66.7742036848886,91,23.829225628724952,114,29.851996941479612,61,15.97343695991453,17,4.451613578992574,20,5.2371924458736165,18,4.713473201286254,4,1.0474384891747233
42202,長崎県,佐世保市,226237,114,50.38963564757312,36,15.91251652028625,57,25.19481782378656,30,13.260430433571875,11,4.8621578256430205,13,5.7461865212144785,8,3.5361147822858325,2,0.8840286955714581
42203,長崎県,島原市,40805,20,49.01360127435363,10,24.506800637176816,10,24.506800637176816,10,24.506800637176816,2,4.901360127435363,4,9.802720254870726,1,2.4506800637176815,1,2.4506800637176815
42204,長崎県,諫早市,128614,78,60.6465859082215,21,16.327926975290406,33,25.658170961170633,15,11.66280498235029,3,2.3325609964700575,5,3.8876016607834294,4,3.1100813286267437,1,0.7775203321566859
42205,長崎県,大村市,95852,53,55.29357759879815,13,13.562575637441054,26,27.125151274882107,7,7.302925343237491,4,4.173100196135709,7,7.302925343237491,4,4.173100196135709,1,1.0432750490339273
42207,長崎県,平戸市,26755,13,48.58904877592973,3,11.212857409829939,6,22.425714819659877,2,7.475238273219959,0,0.0,0,0.0,0,0.0,0,0.0
42208,長崎県,松浦市,19091,11,57.618773243936936,4,20.95228117961343,2,10.476140589806715,3,15.714210884710072,1,5.238070294903357,1,5.238070294903357,2,10.476140589806715,0,0.0
42209,長崎県,対馬市,25313,22,86.91186346936357,2,7.90107849721487,4,15.80215699442974,1,3.950539248607435,1,3.950539248607435,0,0.0,2,7.90107849721487,1,3.950539248607435
42210,長崎県,壱岐市,22451,12,53.4497349783974,6,26.7248674891987,6,26.7248674891987,3,13.36243374459935,2,8.908289163066232,2,8.908289163066232,1,4.454144581533116,1,4.454144581533116
42211,長崎県,五島市,31415,19,60.4806621040904,2,6.3663854846410945,5,15.915963711602739,2,6.3663854846410945,0,0.0,0,0.0,1,3.1831927423205473,0,0.0
42212,長崎県,西海市,23248,17,73.12456985547144,5,21.507226428079836,5,21.507226428079836,1,4.301445285615967,0,0.0,0,0.0,0,0.0,0,0.0
42213,長崎県,雲仙市,38135,24,62.93431231152484,5,13.111315064901008,17,44.57847122066343,5,13.111315064901008,3,7.866789038940605,1,2.622263012980202,1,2.622263012980202,1,2.622263012980202
42214,長崎県,南島原市,37903,16,42.21301743925283,3,7.914940769859905,9,23.744822309579718,2,5.276627179906604,1,2.638313589953302,0,0.0,2,5.276627179906604,0,0.0
42307,長崎県,長与町,39161,23,58.73190163683256,10,25.535609407318503,14,35.749853170245906,7,17.874926585122953,2,5.1071218814637005,2,5.1071218814637005,1,2.5535609407318502,1,2.5535609407318502
42308,長崎県,時津町,28580,18,62.981105668299506,7,24.4926522043387,9,31.490552834149753,7,24.4926522043387,1,3.4989503149055285,1,3.4989503149055285,3,10.496850944716584,0,0.0
42321,長崎県,東彼杵町,7108,5,70.34327518289251,0,0.0,2,28.137310073157007,0,0.0,0,0.0,0,0.0,0,0.0,0,0.0
42322,長崎県,川棚町,12490,5,40.03202562049639,2,16.01281024819856,3,24.019215372297836,1,8.00640512409928,0,0.0,1,8.00640512409928,2,16.01281024819856,0,0.0
42323,長崎県,波佐見町,13696,8,58.41121495327102,2,14.602803738317755,4,29.20560747663551,2,14.602803738317755,1,7.301401869158878,0,0.0,1,7.301401869158878,1,7.301401869158878
42383,長崎県,小値賀町,1993,1,50.175614651279474,1,50.175614651279474,0,0.0,0,0.0,0,0.0,0,0.0,0,0.0,0,0.0
42391,長崎県,佐々町,13925,7,50.26929982046679,0,0.0,2,14.362657091561939,0,0.0,0,0.0,0,0.0,0,0.0,0,0.0
42411,長崎県,新上五島町,15504,14,90.29927760577915,1,6.449948400412796,1,6.449948400412796,1,6.449948400412796,1,6.449948400412796,0,0.0,1,6.449948400412796,0,0.0
43101,熊本県,熊本市中央区,187189,160,85.47510804587877,48,25.64253241376363,79,42.20333459765264,47,25.10831298847689,11,5.876413678154165,20,10.684388505734846,18,9.615949655161362,2,1.0684388505734845
43102,熊本県,熊本市東区,187831,102,54.30413510016984,31,16.504197922600635,48,25.554887105962273,26,13.842230515729565,7,3.7267543696194987,11,5.856328295116355,15,7.9859022206132115,3,1.597180444122642
43103,熊本県,熊本市西区,89445,43,48.074235563754264,15,16.770082173402653,19,21.24210408631002,14,15.652076695175808,0,0.0,5,5.590027391134217,9,10.06204930404159,0,0.0
43104,熊本県,熊本市南区,132524,60,45.27481814614711,24,18.109927258458843,32,24.146569677945127,19,14.337025746279918,4,3.018321209743141,8,6.036642419486282,11,8.300383326793638,0,0.0
43105,熊本県,熊本市北区,135395,64,47.26910151778131,25,18.46449278038332,32,23.634550758890654,19,14.033014513091326,4,2.954318844861332,6,4.431478267291998,9,6.647217400937997,1,0.738579711215333
43202,熊本県,八代市,117245,76,64.8215275704721,19,16.205381892618025,32,27.293274766514564,18,15.352467056164443,5,4.264574182267901,5,4.264574182267901,5,4.264574182267901,1,0.8529148364535801
43203,熊本県,人吉市,28976,29,100.08282716731088,9,31.060187741579238,13,44.86471562672556,7,24.157923799006074,2,6.902263942573165,1,3.4511319712865824,3,10.353395913859746,2,6.902263942573165
43204,熊本県,荒尾市,47435,28,59.02814377569305,10,21.081479919890377,15,31.622219879835566,7,14.757035943923263,2,4.216295983978075,4,8.43259196795615,5,10.540739959945189,1,2.1081479919890374
43205,熊本県,水俣市,21298,17,79.8197013804113,5,23.476382758944503,6,28.171659310733403,4,18.781106207155602,1,4.695276551788901,1,4.695276551788901,6,28.171659310733403,0,0.0
43206,熊本県,玉名市,61365,31,50.51739590972052,10,16.295934164425976,15,24.443901246638962,6,9.777560498655586,1,1.6295934164425976,2,3.259186832885195,2,3.259186832885195,2,3.259186832885195
43208,熊本県,山鹿市,45199,30,66.37314984844797,11,24.33682161109759,16,35.39901325250558,9,19.91194495453439,1,2.212438328281599,2,4.424876656563198,3,6.637314984844798,1,2.212438328281599
43210,熊本県,菊池市,44156,21,47.55865567533291,9,20.382281003714105,11,24.91167678231724,3,6.7940936679047015,3,6.7940936679047015,2,4.529395778603134,0,0.0,0,0.0
43211,熊本県,宇土市,34948,10,28.613940711914843,4,11.445576284765938,4,11.445576284765938,2,5.722788142382969,0,0.0,1,2.8613940711914845,0,0.0,0,0.0
43212,熊本県,上天草市,22087,16,72.44080228188528,6,27.165300855706978,6,27.165300855706978,4,18.11020057047132,1,4.52755014261783,1,4.52755014261783,2,9.05510028523566,0,0.0
43213,熊本県,宇城市,54396,33,60.666225457754244,11,20.22207515258475,18,33.090668431502316,10,18.383704684167952,4,7.353481873667182,7,12.868593278917567,5,9.191852342083976,1,1.8383704684167954
43214,熊本県,阿蘇市,23124,14,60.54315862307559,8,34.596090641757485,10,43.245113302196856,5,21.622556651098428,1,4.324511330219686,2,8.649022660439371,3,12.973533990659055,1,4.324511330219686
43215,熊本県,天草市,68549,50,72.94052429648865,15,21.882157288946594,11,16.046915345227504,7,10.21167340150841,2,2.9176209718595456,4,5.835241943719091,5,7.294052429648865,0,0.0
43216,熊本県,合志市,63212,23,36.38549642472948,8,12.655824843384167,8,12.655824843384167,4,6.3279124216920835,0,0.0,4,6.3279124216920835,3,4.745934316269063,2,3.1639562108460417
43348,熊本県,美里町,8364,4,47.82400765184123,2,23.912003825920614,2,23.912003825920614,3,35.86800573888092,1,11.956001912960307,1,11.956001912960307,0,0.0,0,0.0
43364,熊本県,玉東町,4793,1,20.863759649488838,0,0.0,1,20.863759649488838,0,0.0,0,0.0,0,0.0,0,0.0,0,0.0
43367,熊本県,南関町,8299,3,36.14893360645861,1,12.049644535486204,1,12.049644535486204,2,24.099289070972407,0,0.0,0,0.0,0,0.0,0,0.0
43368,熊本県,長洲町,14572,6,41.174855888004394,2,13.72495196266813,5,34.31237990667032,2,13.72495196266813,0,0.0,0,0.0,1,6.862475981334065,0,0.0
43369,熊本県,和水町,8535,3,35.149384885764505,0,0.0,0,0.0,0,0.0,0,0.0,0,0.0,0,0.0,0,0.0
43403,熊本県,大津町,36213,16,44.18302819429487,2,5.522878524286859,7,19.330074835004005,5,13.807196310717146,2,5.522878524286859,3,8.284317786430288,2,5.522878524286859,0,0.0
43404,熊本県,菊陽町,45200,22,48.67256637168142,8,17.699115044247787,11,24.33628318584071,8,17.699115044247787,5,11.061946902654867,4,8.849557522123893,5,11.061946902654867,1,2.2123893805309733
43423,熊本県,南小国町,3503,1,28.546959748786755,0,0.0,0,0.0,0,0.0,0,0.0,0,0.0,0,0.0,0,0.0
43424,熊本県,小国町,6007,3,49.9417346429166,1,16.6472448809722,1,16.6472448809722,0,0.0,0,0.0,0,0.0,0,0.0,0,0.0
43425,熊本県,産山村,1237,1,80.84074373484236,0,0.0,0,0.0,0,0.0,0,0.0,0,0.0,0,0.0,0,0.0
43428,熊本県,高森町,5333,2,37.50234389649353,1,18.751171948246764,1,18.751171948246764,1,18.751171948246764,0,0.0,0,0.0,1,18.751171948246764,0,0.0
43432,熊本県,西原村,6415,2,31.17692907248636,0,0.0,2,31.17692907248636,0,0.0,0,0.0,0,0.0,0,0.0,0,0.0
43433,熊本県,南阿蘇村,9315,5,53.676865271068166,3,32.2061191626409,4,42.941492216854535,1,10.735373054213634,1,10.735373054213634,1,10.735373054213634,1,10.735373054213634,0,0.0
43441,熊本県,御船町,16424,7,42.62055528494886,1,6.088650754992694,2,12.177301509985387,1,6.088650754992694,0,0.0,0,0.0,1,6.088650754992694,0,0.0
43442,熊本県,嘉島町,9636,10,103.77750103777502,4,41.511000415110004,3,31.133250311332503,1,10.377750103777501,1,10.377750103777501,0,0.0,2,20.755500207555002,0,0.0
43443,熊本県,益城町,32802,11,33.5345405767941,6,18.291567587342236,7,21.340162185232607,4,12.19437839156149,2,6.097189195780745,2,6.097189195780745,1,3.0485945978903723,0,0.0
43444,熊本県,甲佐町,9612,4,41.614648356221394,0,0.0,0,0.0,1,10.403662089055349,0,0.0,0,0.0,0,0.0,0,0.0
43447,熊本県,山都町,11830,8,67.6246830092984,2,16.9061707523246,1,8.4530853761623,1,8.4530853761623,0,0.0,0,0.0,1,8.4530853761623,0,0.0
43468,熊本県,氷川町,10244,5,48.809058961343226,3,29.285435376805932,2,19.52362358453729,2,19.52362358453729,0,0.0,0,0.0,1,9.761811792268645,0,0.0
43482,熊本県,芦北町,13551,13,95.9338794184931,2,14.759058372075861,7,51.65670430226551,1,7.379529186037931,0,0.0,0,0.0,1,7.379529186037931,0,0.0
43484,熊本県,津奈木町,3879,1,25.77984016499098,0,0.0,0,0.0,0,0.0,0,0.0,0,0.0,0,0.0,0,0.0
43501,熊本県,錦町,9744,4,41.050903119868636,1,10.262725779967159,1,10.262725779967159,1,10.262725779967159,0,0.0,0,0.0,1,10.262725779967159,0,0.0
43505,熊本県,多良木町,8238,7,84.97208060208789,1,12.138868657441126,4,48.555474629764504,1,12.138868657441126,0,0.0,0,0.0,0,0.0,0,0.0
43506,熊本県,湯前町,3278,1,30.50640634533252,0,0.0,0,0.0,0,0.0,0,0.0,0,0.0,0,0.0,0,0.0
43507,熊本県,水上村,1831,2,109.22992900054614,0,0.0,1,54.61496450027307,1,54.61496450027307,0,0.0,0,0.0,0,0.0,0,0.0
43510,熊本県,相良村,3630,2,55.09641873278236,0,0.0,1,27.54820936639118,0,0.0,0,0.0,0,0.0,0,0.0,0,0.0
43511,熊本県,五木村,817,1,122.39902080783352,0,0.0,0,0.0,0,0.0,0,0.0,0,0.0,0,0.0,0,0.0
43512,熊本県,山江村,2935,0,0.0,0,0.0,0,0.0,0,0.0,0,0.0,0,0.0,0,0.0,0,0.0
43513,熊本県,球磨村,1441,1,69.39625260235947,0,0.0,1,69.39625260235947,0,0.0,0,0.0,0,0.0,0,0.0,0,0.0
43514,熊本県,あさぎり町,13566,7,51.59958720330237,0,0.0,3,22.114108801415306,1,7.371369600471768,0,0.0,0,0.0,0,0.0,0,0.0
43531,熊本県,苓北町,6431,5,77.74840615767377,2,31.099362463069507,1,15.549681231534754,1,15.549681231534754,0,0.0,1,15.549681231534754,1,15.549681231534754,0,0.0
44201,大分県,大分市,471405,253,53.66935013417337,100,21.213181871214772,106,22.48597278348766,76,16.122018222123227,22,4.66690001166725,32,6.788218198788727,29,6.151822742652284,9,1.9091863684093298
44202,大分県,別府市,110673,82,74.09214532903238,33,29.817570681195956,36,32.52825892494104,27,24.39619419370578,7,6.3249392354052025,13,11.746315722895377,10,9.035627479150289,4,3.614250991660116
44203,大分県,中津市,81159,39,48.05382027871216,15,18.482238568735447,18,22.178686282482534,9,11.089343141241267,4,4.928596951662786,2,2.464298475831393,2,2.464298475831393,1,1.2321492379156964
44204,大分県,日田市,58000,35,60.3448275862069,18,31.03448275862069,16,27.586206896551726,12,20.689655172413794,1,1.7241379310344829,5,8.620689655172413,5,8.620689655172413,1,1.7241379310344829
44205,大分県,佐伯市,60638,36,59.368712688413204,10,16.49130908011478,16,26.386094528183644,12,19.789570896137736,2,3.2982618160229555,3,4.947392724034434,3,4.947392724034434,2,3.2982618160229555
44206,大分県,臼杵市,32750,22,67.17557251908397,13,39.69465648854962,10,30.53435114503817,6,18.3206106870229,4,12.213740458015266,2,6.106870229007633,2,6.106870229007633,1,3.0534351145038165
44207,大分県,津久見市,14064,13,92.43458475540388,6,42.66211604095563,6,42.66211604095563,5,35.551763367463025,0,0.0,1,7.110352673492605,0,0.0,0,0.0
44208,大分県,竹田市,17960,17,94.65478841870825,10,55.67928730512249,7,38.97550111358575,7,38.97550111358575,2,11.1358574610245,4,22.271714922049,1,5.56792873051225,1,5.56792873051225
44209,大分県,豊後高田市,21038,10,47.53303545964445,4,19.01321418385778,3,14.259910637893336,3,14.259910637893336,2,9.50660709192889,1,4.753303545964445,1,4.753303545964445,1,4.753303545964445
44210,大分県,杵築市,25198,13,51.591396142551,6,23.811413604254305,6,23.811413604254305,5,19.842844670211925,1,3.9685689340423846,1,3.9685689340423846,1,3.9685689340423846,0,0.0
44211,大分県,宇佐市,49743,32,64.3306595902941,14,28.14466357075367,17,34.17566290734375,8,16.082664897573526,2,4.0206662243933815,2,4.0206662243933815,4,8.041332448786763,1,2.0103331121966908
44212,大分県,豊後大野市,30363,20,65.86964397457432,6,19.760893192372293,10,32.93482198728716,7,23.05437539110101,3,9.880446596186147,5,16.46741099364358,2,6.5869643974574315,1,3.2934821987287157
44213,大分県,由布市,31568,15,47.51647237709072,7,22.17435377597567,11,34.8454130765332,7,22.17435377597567,2,6.3355296502787635,2,6.3355296502787635,3,9.503294475418146,2,6.3355296502787635
44214,大分県,国東市,23895,15,62.77463904582549,10,41.849759363883656,13,54.40468717304876,6,25.109855618330194,2,8.369951872776731,1,4.184975936388366,2,8.369951872776731,1,4.184975936388366
44322,大分県,姫島村,1484,1,67.38544474393531,0,0.0,0,0.0,0,0.0,0,0.0,0,0.0,0,0.0,0,0.0
44341,大分県,日出町,27098,12,44.283710974979705,7,25.83216473540483,7,25.83216473540483,7,25.83216473540483,1,3.6903092479149753,1,3.6903092479149753,0,0.0,0,0.0
44461,大分県,九重町,7690,5,65.01950585175553,0,0.0,2,26.00780234070221,0,0.0,0,0.0,0,0.0,0,0.0,0,0.0
44462,大分県,玖珠町,12814,11,85.84360855314499,1,7.803964413922273,4,31.215857655689092,0,0.0,0,0.0,0,0.0,0,0.0,0,0.0
45201,宮崎県,宮崎市,396765,221,55.70047761269266,69,17.39064685645155,85,21.423260620266404,41,10.333572769775559,19,4.788728844530137,20,5.040767204768565,23,5.796882285483851,4,1.0081534409537132
45202,宮崎県,都城市,154967,84,54.205088825362814,24,15.487168235817949,40,25.811947059696582,16,10.324778823878631,8,5.162389411939316,7,4.517090735446901,6,3.871792058954487,2,1.290597352984829
45203,宮崎県,延岡市,110251,61,55.3282963419833,16,14.512340024126766,23,20.861488784682223,8,7.256170012063383,4,3.6280850060316916,1,0.9070212515079229,3,2.7210637545237684,1,0.9070212515079229
45204,宮崎県,日南市,46510,30,64.50225757901526,8,17.200602021070736,12,25.800903031606104,4,8.600301010535368,3,6.450225757901526,0,0.0,4,8.600301010535368,0,0.0
45205,宮崎県,小林市,41151,24,58.3217904789677,9,21.870671429612887,13,31.59096984277417,5,12.150373016451605,1,2.430074603290321,3,7.290223809870962,1,2.430074603290321,1,2.430074603290321
45206,宮崎県,日向市,55965,25,44.67077637809345,7,12.507817385866167,9,16.08147949611364,3,5.3604931653712145,3,5.3604931653712145,2,3.573662110247476,1,1.786831055123738,0,0.0
45207,宮崎県,串間市,14835,8,53.92652510953826,2,13.481631277384565,2,13.481631277384565,2,13.481631277384565,1,6.740815638692283,0,0.0,1,6.740815638692283,0,0.0
45208,宮崎県,西都市,26518,18,67.8784222037861,7,26.397164190361263,6,22.626140734595367,2,7.54204691153179,1,3.771023455765895,2,7.54204691153179,3,11.313070367297684,0,0.0
45209,宮崎県,えびの市,15645,10,63.91818472355385,5,31.959092361776925,5,31.959092361776925,1,6.391818472355386,1,6.391818472355386,0,0.0,0,0.0,0,0.0
45341,宮崎県,三股町,25393,8,31.50474540227622,3,11.814279525853582,3,11.814279525853582,2,7.876186350569055,1,3.9380931752845276,2,7.876186350569055,0,0.0,0,0.0
45361,宮崎県,高原町,7956,3,37.70739064856712,0,0.0,1,12.569130216189038,0,0.0,0,0.0,0,0.0,0,0.0,0,0.0
45382,宮崎県,国富町,17235,8,46.41717435451117,5,29.010733971569483,5,29.010733971569483,3,17.40644038294169,0,0.0,1,5.802146794313896,0,0.0,0,0.0
45383,宮崎県,綾町,6638,3,45.194335643266044,0,0.0,0,0.0,0,0.0,0,0.0,0,0.0,0,0.0,0,0.0
45401,宮崎県,高鍋町,18976,9,47.4283305227656,1,5.269814502529511,3,15.809443507588533,2,10.539629005059021,1,5.269814502529511,0,0.0,2,10.539629005059021,0,0.0
45402,宮崎県,新富町,15746,6,38.104915534103895,1,6.350819255683984,2,12.701638511367968,2,12.701638511367968,0,0.0,0,0.0,1,6.350819255683984,0,0.0
45403,宮崎県,西米良村,886,2,225.7336343115124,0,0.0,0,0.0,0,0.0,0,0.0,0,0.0,0,0.0,0,0.0
45404,宮崎県,木城町,4596,2,43.51610095735422,0,0.0,0,0.0,0,0.0,0,0.0,0,0.0,0,0.0,0,0.0
45405,宮崎県,川南町,14213,6,42.214873707169495,1,7.035812284528248,2,14.071624569056496,0,0.0,1,7.035812284528248,0,0.0,1,7.035812284528248,0,0.0
45406,宮崎県,都農町,9238,4,43.299415457891314,1,10.824853864472828,3,32.474561593418485,1,10.824853864472828,0,0.0,0,0.0,0,0.0,0,0.0
45421,宮崎県,門川町,16305,5,30.665440049064706,0,0.0,1,6.1330880098129406,1,6.1330880098129406,0,0.0,3,18.39926402943882,1,6.1330880098129406,0,0.0
45429,宮崎県,諸塚村,1312,1,76.21951219512195,0,0.0,0,0.0,0,0.0,0,0.0,0,0.0,0,0.0,0,0.0
45430,宮崎県,椎葉村,2155,1,46.403712296983755,0,0.0,0,0.0,0,0.0,0,0.0,0,0.0,0,0.0,0,0.0
45431,宮崎県,美郷町,4233,3,70.87172218284904,0,0.0,0,0.0,0,0.0,0,0.0,0,0.0,0,0.0,0,0.0
45441,宮崎県,高千穂町,10302,4,38.82741215298,2,19.41370607649,2,19.41370607649,0,0.0,0,0.0,0,0.0,0,0.0,0,0.0
45442,宮崎県,日之影町,3235,1,30.91190108191654,0,0.0,0,0.0,0,0.0,0,0.0,0,0.0,0,0.0,0,0.0
45443,宮崎県,五ヶ瀬町,3090,1,32.362459546925564,0,0.0,1,32.362459546925564,0,0.0,0,0.0,0,0.0,0,0.0,0,0.0
46201,鹿児島県,鹿児島市,583222,341,58.468301950200775,105,18.003436084372677,141,24.176042741871875,68,11.659368130831828,21,3.6006872168745345,39,6.686990545624136,55,9.430371282290448,6,1.028767776249867
46203,鹿児島県,鹿屋市,96269,44,45.70526337658021,13,13.503827815807787,14,14.542583801639157,5,5.193779929156842,3,3.116267957494105,4,4.155023943325473,8,8.310047886650946,3,3.116267957494105
46204,鹿児島県,枕崎市,18370,10,54.43658138268917,4,21.774632553075666,3,16.33097441480675,1,5.443658138268916,2,10.887316276537833,2,10.887316276537833,2,10.887316276537833,1,5.443658138268916
46206,鹿児島県,阿久根市,17187,10,58.18351079304125,2,11.636702158608252,6,34.910106475824755,1,5.818351079304126,0,0.0,1,5.818351079304126,2,11.636702158608252,1,5.818351079304126
46208,鹿児島県,出水市,49555,28,56.5028755927757,8,16.143678740793057,10,20.179598425991323,5,10.089799212995661,1,2.017959842599132,3,6.053879527797397,3,6.053879527797397,1,2.017959842599132
46210,鹿児島県,指宿市,36313,24,66.09203315616998,7,19.276843003882906,9,24.78451243356374,6,16.523008289042494,2,5.50766942968083,3,8.261504144521247,6,16.523008289042494,0,0.0
46213,鹿児島県,西之表市,13571,4,29.474614987841722,1,7.3686537469604305,1,7.3686537469604305,1,7.3686537469604305,1,7.3686537469604305,1,7.3686537469604305,1,7.3686537469604305,1,7.3686537469604305
46214,鹿児島県,垂水市,12426,5,40.23821020441011,4,32.190568163528084,3,24.142926122646063,3,24.142926122646063,0,0.0,1,8.047642040882021,1,8.047642040882021,1,8.047642040882021
46215,鹿児島県,薩摩川内市,88422,64,72.38017687905725,15,16.964103956029042,26,29.40444685711701,11,12.440342901087964,2,2.261880527470539,4,4.523761054941078,4,4.523761054941078,0,0.0
46216,鹿児島県,日置市,45054,30,66.58676255160474,6,13.317352510320948,14,31.07382252408221,6,13.317352510320948,0,0.0,1,2.219558751720158,5,11.09779375860079,0,0.0
46217,鹿児島県,曽於市,29818,13,43.59782681601717,3,10.061036957542425,6,20.12207391508485,0,0.0,1,3.3536789858474747,1,3.3536789858474747,1,3.3536789858474747,0,0.0
46218,鹿児島県,霧島市,120392,67,55.65153830819323,18,14.95115954548475,29,24.08797926772543,15,12.45929962123729,3,2.4918599242474584,8,6.644959797993223,8,6.644959797993223,1,0.8306199747491528
46219,鹿児島県,いちき串木野市,25375,18,70.935960591133,6,23.645320197044335,7,27.586206896551726,4,15.763546798029557,1,3.9408866995073892,2,7.8817733990147785,1,3.9408866995073892,0,0.0
46220,鹿児島県,南さつま市,30324,24,79.14523149980214,6,19.786307874950534,10,32.97717979158423,2,6.595435958316845,2,6.595435958316845,3,9.893153937475267,3,9.893153937475267,1,3.2977179791584224
46221,鹿児島県,志布志市,26797,15,55.97641527036608,5,18.65880509012203,6,22.390566108146437,2,7.463522036048811,0,0.0,0,0.0,3,11.195283054073219,0,0.0
46222,鹿児島県,奄美市,38904,20,51.40859551717047,6,15.422578655151142,10,25.704297758585234,3,7.711289327575571,2,5.140859551717047,1,2.5704297758585235,5,12.852148879292617,0,0.0
46223,鹿児島県,南九州市,29450,19,64.51612903225806,8,27.164685908319186,8,27.164685908319186,4,13.582342954159593,1,3.395585738539898,3,10.186757215619695,3,10.186757215619695,0,0.0
46224,鹿児島県,伊佐市,22048,15,68.03338171262699,6,27.213352685050797,9,40.8200290275762,2,9.0711175616836,2,9.0711175616836,0,0.0,2,9.0711175616836,0,0.0
46225,鹿児島県,姶良市,75531,45,59.578186440004764,19,25.155234274668675,22,29.127113370668997,8,10.59167758933418,3,3.971879096000318,8,10.59167758933418,5,6.619798493333863,0,0.0
46303,鹿児島県,三島村,338,4,1183.4319526627219,0,0.0,0,0.0,0,0.0,0,0.0,0,0.0,0,0.0,0,0.0
46304,鹿児島県,十島村,695,7,1007.1942446043165,0,0.0,0,0.0,0,0.0,0,0.0,0,0.0,0,0.0,0,0.0
46392,鹿児島県,さつま町,17573,11,62.59602799749616,4,22.762191999089513,4,22.762191999089513,1,5.690547999772378,1,5.690547999772378,1,5.690547999772378,2,11.381095999544756,0,0.0
46404,鹿児島県,長島町,8980,6,66.81514476614699,0,0.0,0,0.0,0,0.0,0,0.0,0,0.0,1,11.1358574610245,0,0.0
46452,鹿児島県,湧水町,8236,6,72.85089849441476,3,36.42544924720738,3,36.42544924720738,0,0.0,0,0.0,0,0.0,0,0.0,0,0.0
46468,鹿児島県,大崎町,11467,3,26.162030173541467,0,0.0,1,8.720676724513822,0,0.0,0,0.0,0,0.0,0,0.0,0,0.0
46482,鹿児島県,東串良町,5885,3,50.97706032285472,0,0.0,1,16.99235344095157,0,0.0,0,0.0,0,0.0,0,0.0,0,0.0
46490,鹿児島県,錦江町,6071,6,98.83050568275408,1,16.471750947125678,2,32.943501894251355,1,16.471750947125678,1,16.471750947125678,1,16.471750947125678,1,16.471750947125678,1,16.471750947125678
46491,鹿児島県,南大隅町,5554,5,90.02520705797623,0,0.0,1,18.005041411595247,0,0.0,0,0.0,0,0.0,0,0.0,0,0.0
46492,鹿児島県,肝付町,12486,9,72.08073041806823,2,16.017940092904052,5,40.04485023226013,3,24.02691013935608,0,0.0,0,0.0,1,8.008970046452026,0,0.0
46501,鹿児島県,中種子町,6968,3,43.053960964408724,0,0.0,1,14.351320321469576,1,14.351320321469576,0,0.0,0,0.0,0,0.0,0,0.0
46502,鹿児島県,南種子町,5042,2,39.666798889329634,1,19.833399444664817,0,0.0,0,0.0,0,0.0,1,19.833399444664817,0,0.0,0,0.0
46505,鹿児島県,屋久島町,11129,10,89.85533291400846,1,8.985533291400843,1,8.985533291400843,0,0.0,0,0.0,0,0.0,1,8.985533291400843,0,0.0
46523,鹿児島県,大和村,1223,2,163.5322976287817,0,0.0,0,0.0,0,0.0,0,0.0,0,0.0,0,0.0,0,0.0
46524,鹿児島県,宇検村,1512,1,66.13756613756614,0,0.0,0,0.0,0,0.0,0,0.0,0,0.0,0,0.0,0,0.0
46525,鹿児島県,瀬戸内町,7918,7,88.40616317251832,1,12.62945188178833,1,12.62945188178833,0,0.0,0,0.0,0,0.0,0,0.0,0,0.0
46527,鹿児島県,龍郷町,5670,4,70.54673721340389,2,35.27336860670194,0,0.0,0,0.0,0,0.0,0,0.0,0,0.0,0,0.0
46529,鹿児島県,喜界町,6105,2,32.760032760032765,1,16.380016380016382,1,16.380016380016382,0,0.0,0,0.0,0,0.0,1,16.380016380016382,0,0.0
46530,鹿児島県,徳之島町,9340,4,42.82655246252676,1,10.70663811563169,3,32.11991434689507,2,21.41327623126338,1,10.70663811563169,1,10.70663811563169,1,10.70663811563169,1,10.70663811563169
46531,鹿児島県,天城町,5077,1,19.696671262556627,0,0.0,0,0.0,0,0.0,0,0.0,0,0.0,0,0.0,0,0.0
46532,鹿児島県,伊仙町,5750,1,17.39130434782609,0,0.0,0,0.0,0,0.0,0,0.0,0,0.0,0,0.0,0,0.0
46533,鹿児島県,和泊町,5807,3,51.66178749784743,0,0.0,2,34.441191665231614,0,0.0,0,0.0,0,0.0,0,0.0,0,0.0
46534,鹿児島県,知名町,5294,3,56.667925953910085,2,37.778617302606726,1,18.889308651303363,1,18.889308651303363,1,18.889308651303363,1,18.889308651303363,1,18.889308651303363,0,0.0
46535,鹿児島県,与論町,4824,3,62.189054726368155,1,20.729684908789388,0,0.0,1,20.729684908789388,1,20.729684908789388,0,0.0,0,0.0,0,0.0
47201,沖縄県,那覇市,306282,141,46.036006033655255,27,8.815405410699944,34,11.100880887548076,23,7.5094194239295815,9,2.9384684702333144,12,3.917957960311086,17,5.550440443774038,2,0.6529929933851809
47205,沖縄県,宜野湾市,101378,31,30.578626526465307,6,5.918443843831995,10,9.864073073053326,7,6.904851151137327,5,4.932036536526663,4,3.94562922922133,5,4.932036536526663,2,1.972814614610665
47207,沖縄県,石垣市,47732,19,39.80558116148496,5,10.475152937232883,4,8.380122349786307,5,10.475152937232883,1,2.0950305874465767,0,0.0,2,4.190061174893153,0,0.0
47208,沖縄県,浦添市,116145,55,47.354599853631235,15,12.914890869172154,17,14.636876318395108,13,11.192905419949202,6,5.165956347668862,4,3.443970898445908,4,3.443970898445908,0,0.0
47209,沖縄県,名護市,64323,36,55.967538827480055,5,7.773269281594453,3,4.663961568956672,3,4.663961568956672,5,7.773269281594453,2,3.109307712637781,2,3.109307712637781,1,1.5546538563188905
47210,沖縄県,糸満市,61465,17,27.65801675750427,1,1.6269421622061337,3,4.880826486618401,0,0.0,0,0.0,0,0.0,0,0.0,0,0.0
47211,沖縄県,沖縄市,141402,49,34.65297520544264,11,7.779239331834061,15,10.608053634319175,9,6.364832180591506,5,3.5360178781063913,3,2.121610726863835,6,4.24322145372767,1,0.7072035756212783
47212,沖縄県,豊見城市,65312,28,42.87114159725625,9,13.78000979911808,10,15.311121999020088,6,9.186673199412052,2,3.0622243998040175,3,4.593336599706026,4,6.124448799608035,0,0.0
47213,沖縄県,うるま市,126901,32,25.216507356128005,5,3.940079274395001,6,4.728095129274001,7,5.516110984153001,3,2.3640475646370005,3,2.3640475646370005,1,0.7880158548790002,0,0.0
47214,沖縄県,宮古島市,52340,23,43.943446694688575,3,5.73175391669851,7,13.374092472296523,2,3.8211692777990063,2,3.8211692777990063,1,1.9105846388995031,3,5.73175391669851,0,0.0
47215,沖縄県,南城市,45359,10,22.04634140964307,1,2.204634140964307,2,4.409268281928614,1,2.204634140964307,0,0.0,0,0.0,0,0.0,0,0.0
47301,沖縄県,国頭村,4219,2,47.40459824602986,0,0.0,0,0.0,0,0.0,0,0.0,0,0.0,0,0.0,0,0.0
47302,沖縄県,大宜味村,2941,1,34.002040122407344,0,0.0,0,0.0,0,0.0,0,0.0,0,0.0,0,0.0,0,0.0
47303,沖縄県,東村,1517,1,65.91957811470006,0,0.0,0,0.0,0,0.0,0,0.0,0,0.0,0,0.0,0,0.0
47306,沖縄県,今帰仁村,8527,2,23.454907939486336,0,0.0,0,0.0,0,0.0,0,0.0,0,0.0,0,0.0,0,0.0
47308,沖縄県,本部町,11954,4,33.461602810774636,0,0.0,0,0.0,0,0.0,0,0.0,0,0.0,0,0.0,0,0.0
47311,沖縄県,恩納村,11074,3,27.090482210583346,1,9.030160736861117,1,9.030160736861117,1,9.030160736861117,0,0.0,0,0.0,0,0.0,0,0.0
47313,沖縄県,宜野座村,5990,1,16.69449081803005,1,16.69449081803005,1,16.69449081803005,0,0.0,0,0.0,0,0.0,0,0.0,0,0.0
47314,沖縄県,金武町,10762,5,46.45976584278015,0,0.0,1,9.29195316855603,0,0.0,0,0.0,0,0.0,0,0.0,0,0.0
47315,沖縄県,伊江村,3863,1,25.88661661920787,0,0.0,0,0.0,0,0.0,0,0.0,0,0.0,0,0.0,0,0.0
47324,沖縄県,読谷村,41473,13,31.345694789381042,2,4.822414582981699,3,7.233621874472548,1,2.4112072914908493,0,0.0,1,2.4112072914908493,1,2.4112072914908493,0,0.0
47325,沖縄県,嘉手納町,13020,2,15.360983102918587,0,0.0,1,7.680491551459293,1,7.680491551459293,0,0.0,0,0.0,0,0.0,0,0.0
47326,沖縄県,北谷町,28125,11,39.111111111111114,1,3.5555555555555554,2,7.111111111111111,1,3.5555555555555554,0,0.0,0,0.0,0,0.0,0,0.0
47327,沖縄県,北中城村,18549,8,43.12900965011591,1,5.391126206264489,1,5.391126206264489,1,5.391126206264489,1,5.391126206264489,0,0.0,2,10.782252412528978,1,5.391126206264489
47328,沖縄県,中城村,22990,5,21.748586341887776,2,8.699434536755112,2,8.699434536755112,3,13.049151805132666,1,4.349717268377556,0,0.0,1,4.349717268377556,1,4.349717268377556
47329,沖縄県,西原町,34834,13,37.319859906987425,3,8.612275363150944,2,5.741516908767297,1,2.8707584543836484,0,0.0,0,0.0,0,0.0,0,0.0
47348,沖縄県,与那原町,20510,5,24.378352023403217,3,14.627011214041932,2,9.751340809361286,2,9.751340809361286,0,0.0,0,0.0,0,0.0,0,0.0
47350,沖縄県,南風原町,41514,17,40.95004095004095,4,9.635303752950813,6,14.452955629426219,5,12.044129691188514,2,4.817651876475407,2,4.817651876475407,2,4.817651876475407,0,0.0
47353,沖縄県,渡嘉敷村,649,1,154.08320493066256,0,0.0,0,0.0,0,0.0,0,0.0,0,0.0,0,0.0,0,0.0
47354,沖縄県,座間味村,828,2,241.54589371980674,0,0.0,0,0.0,0,0.0,0,0.0,0,0.0,0,0.0,0,0.0
47355,沖縄県,粟国村,623,1,160.51364365971108,0,0.0,0,0.0,0,0.0,0,0.0,0,0.0,0,0.0,0,0.0
47356,沖縄県,渡名喜村,315,1,317.46031746031747,0,0.0,0,0.0,0,0.0,0,0.0,0,0.0,0,0.0,0,0.0
47357,沖縄県,南大東村,1207,1,82.8500414250207,0,0.0,0,0.0,0,0.0,0,0.0,0,0.0,0,0.0,0,0.0
47358,沖縄県,北大東村,563,1,177.61989342806396,0,0.0,0,0.0,0,0.0,0,0.0,0,0.0,0,0.0,0,0.0
47359,沖縄県,伊平屋村,1013,1,98.71668311944718,0,0.0,0,0.0,0,0.0,0,0.0,0,0.0,0,0.0,0,0.0
47360,沖縄県,伊是名村,1236,1,80.90614886731392,0,0.0,0,0.0,0,0.0,0,0.0,0,0.0,0,0.0,0,0.0
47361,沖縄県,久米島町,6618,2,30.22061045633122,0,0.0,0,0.0,0,0.0,0,0.0,0,0.0,1,15.11030522816561,0,0.0
47362,沖縄県,八重瀬町,32232,6,18.615040953090098,1,3.1025068255150163,3,9.307520476545049,1,3.1025068255150163,0,0.0,0,0.0,0,0.0,0,0.0
47375,沖縄県,多良間村,977,1,102.35414534288638,0,0.0,0,0.0,0,0.0,0,0.0,0,0.0,0,0.0,0,0.0
47381,沖縄県,竹富町,3754,6,159.82951518380392,0,0.0,0,0.0,0,0.0,0,0.0,0,0.0,0,0.0,0,0.0
47382,沖縄県,与那国町,1552,1,64.43298969072166,0,0.0,0,0.0,0,0.0,0,0.0,0,0.0,0,0.0,0,0.0
22138,静岡県,浜松市中央区,595838,278,46.65697723206644,66,11.07683632128196,105,17.622239602039482,34,5.7062490139937365,16,2.6852936536441114,22,3.6922787737606533,20,3.356617067055139,8,1.3426468268220557
22139,静岡県,浜松市浜名区,152222,59,38.75918067033675,14,9.197093718384991,20,13.138705311978557,10,6.569352655989278,3,1.9708057967967836,5,3.284676327994639,8,5.255482124791423,0,0.0
22140,静岡県,浜松市天竜区,24194,20,82.66512358435976,2,8.266512358435975,4,16.53302471687195,0,0.0,0,0.0,0,0.0,2,8.266512358435975,0,0.0
