region_code,prefecture,area_name,pop2025,acute_beds_per_100k,acute_bed_supply_deviation,acute_hospital_count,community_care_hospital_count,recovery_hospital_count,chronic_hospital_count,psychiatric_hospital_count,community_care_hospital_count_per100k,recovery_hospital_count_per100k,chronic_hospital_count_per100k,community_care_hospital_count_per100k_deviation,recovery_hospital_count_per100k_deviation,chronic_hospital_count_per100k_deviation,bed_function_supply_beta,bed_function_data_coverage,demand_high_acute_2040_beta,demand_elderly_acute_2040_beta,demand_recovery_2040_beta,demand_chronic_2040_beta,current_supply_v3_beta,current_supply_v3_coverage,supply_demand_gap_v3_2040_beta,hospital_general_beds,hospital_longterm_beds,hospital_psychiatric_beds,hospital_reported_total_beds,hospital_general_beds_per100k,hospital_longterm_beds_per100k,hospital_psychiatric_beds_per100k,hospital_bed_type_data_coverage
01101,北海道,札幌市中央区,257249,1551.8,2.703579952267303,22,2,5,17,4,0.7774568608624329,1.9436421521560825,6.608383317330679,-0.129550353058749,0.8614912998974569,2.0,1.7551036005065204,1.0,0.2780043511423027,0.3417726300761077,0.3413108497599445,0.3394637284952917,1.5936976121730797,1.0,-1.3156932610307768,5370.0,632.0,1298.0,7311.0,2087.471671415632,245.6763680325288,504.56950269971895,1.0
01102,北海道,札幌市北区,290125,440.8,-0.0696496411988181,10,2,0,8,5,0.6893580353295993,0.0,2.757432141318397,-0.3688697315213001,-0.8,0.1073465616422886,-0.2124967826573258,1.0,0.1207979530550645,0.1610901495129739,0.1610421785630019,0.1608502947631136,-0.1677215485863602,1.0,0.2885195016414248,1400.0,533.0,1141.0,3074.0,482.5506247307195,183.71391641533822,393.27875915553636,1.0
01103,北海道,札幌市東区,265235,933.9,1.1038522189682365,19,3,6,6,1,1.1310724451901144,2.262144890380229,2.262144890380229,0.089719469633255,0.9409439674372532,-0.0307836544560949,0.7063940503579429,1.0,0.1345366281256014,0.1800208200017974,0.1790162949819188,0.1749981949024044,0.7099513093895288,1.0,-0.5754146812639274,2917.0,240.0,455.0,3612.0,1099.779440873188,90.48579561520916,171.5459875205007,1.0
01104,北海道,札幌市白石区,212421,750.4,0.7362332253586303,11,0,2,10,2,0.0,0.9415264969094392,4.707632484547196,-0.8,-0.2069940666311893,1.1899730509162634,0.3555634603220762,1.0,0.1731179329300571,0.227777104654644,0.225377964045478,0.2157814016088139,0.3017064003940412,1.0,-0.128588467463984,1933.0,605.0,677.0,3065.0,909.985359262973,284.8117653151054,318.7067192038452,1.0
01105,北海道,札幌市豊平区,226015,530.9,0.2079635949943117,9,2,2,7,0,0.8848970201092847,0.8848970201092847,3.097139570382496,-0.0348406175514934,-0.2240731373050319,0.4177672765045235,0.1260677948667808,1.0,0.1562860543059946,0.2050670207563665,0.2038892865660217,0.1991783498046426,0.1723352361741006,1.0,-0.016049181868106,1679.0,420.0,106.0,2251.0,742.8710483817446,185.8283742229498,46.89954206579209,1.0
01106,北海道,札幌市南区,129828,475.2,-0.1225997045790251,7,1,3,5,1,0.7702498690575222,2.310749607172567,3.851249345287612,-0.4224645463925621,0.8124851494475007,0.0954187000634423,-0.0096071841413835,1.0,0.0012149418812291,0.031482468826855,0.0411158969338417,0.0796496093617884,-0.0385963611770046,1.0,0.0398113030582338,1417.0,555.0,355.0,2154.0,1091.444064454509,427.48867732692486,273.4387035154204,1.0
01107,北海道,札幌市西区,217110,579.9,0.2239341494301392,13,3,6,11,1,1.381788033715628,2.763576067431256,5.06655612362397,0.4219911338645898,1.3508451926518568,1.170766793724928,0.5746070994445053,1.0,0.130341685447445,0.1718653156529117,0.1731215469751532,0.1781464722641192,0.3921394781467485,1.0,-0.2617977926993035,1535.0,368.0,202.0,2105.0,707.014877251163,169.4993321357837,93.04039427018563,1.0
01108,北海道,札幌市厚別区,121699,937.6,0.8636453985291195,10,4,3,7,2,3.286797755117133,2.46509831633785,5.751896071454984,1.825493956692505,1.0690296560001298,0.822859399374215,1.0807048489092126,1.0,0.0823650303929723,0.1248659530490163,0.1334814103469773,0.1679432395388211,0.7453484162315515,1.0,-0.6629833858385791,1674.0,558.0,365.0,2321.0,1375.5248605165202,458.5082868388401,299.9202951544384,1.0
01109,北海道,札幌市手稲区,140492,627.8,0.2496019108280254,4,1,2,9,2,0.7117843008854597,1.4235686017709197,6.406058707969137,-0.3936436903636272,0.1267765255387087,1.1350406019696757,0.2353447864675449,1.0,0.1194636173179791,0.1542518823198455,0.1659077642457469,0.2125312919493525,0.3869984668400202,1.0,-0.267534849522041,1074.0,1281.0,416.0,2771.0,764.4563391509837,911.7956894342739,296.10226916835126,1.0
01110,北海道,札幌市清田区,109970,454.7,0.0,7,0,2,7,2,0.0,1.81867782122397,6.365372374283895,-0.8,0.521086142654501,1.0915339598176037,0.0818930153708156,1.0,0.1461519886808919,0.1929576707791167,0.2086263999850285,0.2713013168086755,0.0746461458855692,1.0,0.0715058427953226,508.0,473.0,756.0,1737.0,461.94416659088847,430.1173047194689,687.4602164226608,1.0
01202,北海道,函館市,232771,1220.1,1.1640652713728272,19,5,7,13,4,2.148033904567149,3.0072474663940096,5.584888151874589,0.6392176282129776,1.3472846585105422,0.7490599489255272,1.0243278524444197,1.0,-0.1111771686469798,-0.0862870306072246,-0.0854240622904958,-0.0819721890235805,0.6996054945848958,1.0,-0.8107826632318756,3713.0,800.0,1243.0,5772.0,1595.1299775315654,343.68542473074393,534.0012286753933,1.0
01203,北海道,小樽市,101222,865.4,0.8211279461279462,6,2,3,6,1,1.9758550512734387,2.9637825769101576,5.927565153820315,0.195297307028452,1.002902231831205,0.5315519924168717,0.679791568106875,1.0,-0.2005001858157447,-0.1769138696562852,-0.1780812960770485,-0.1827510017601018,0.6010215807212169,1.0,-0.8015217665369616,1362.0,552.0,858.0,2778.0,1345.5572899172116,545.3359941514691,847.6418169963051,1.0
01204,北海道,旭川市,313406,932.7,0.6320209973753281,21,9,5,17,5,2.871674441459321,1.5953746896996228,5.424273944978718,1.417867823317387,0.2707603643995109,0.9517325847027528,0.782958005716481,1.0,-0.0273591715203689,0.0005350604276666,0.0017294171782477,0.0065068441805724,0.4184512239228118,1.0,-0.4458103954431807,3884.0,1143.0,686.0,5742.0,1239.2870589586669,364.7026540653338,218.88540742678828,1.0
01205,北海道,室蘭市,74850,1259.9,1.5370519532823197,4,1,3,4,1,1.336005344021376,4.008016032064128,5.344021376085504,-0.2581645176695062,1.5218035760008388,0.4692753671561016,1.0155549145807996,1.0,-0.2228000037918617,-0.2120026047482448,-0.2166046663580771,-0.2350129127974064,0.7734157442641311,1.0,-0.9962157480559928,861.0,301.0,250.0,1412.0,1150.3006012024048,402.13760855043427,334.00133600534406,1.0
01206,北海道,釧路市,152475,994.3,0.9015108051252628,7,5,1,8,2,3.279226102639777,0.6558452205279554,5.246761764223643,1.8203559042046,-0.4685973303373409,0.6372952557609279,0.8401312722170895,1.0,-0.0791172440186751,-0.0517632358385782,-0.0464766135999012,-0.0253301246451931,0.639878386134599,1.0,-0.7189956301532742,2172.0,744.0,354.0,3284.0,1424.495818986719,487.94884407279886,232.1692080668962,1.0
01207,北海道,帯広市,161312,906.3,1.0081985375581652,9,4,4,8,2,2.479666732791113,2.479666732791113,4.959333465582226,1.3652447582732266,0.9764040047603476,0.916783101860472,1.061126286426851,1.0,0.0666682229018768,0.1022074613918634,0.108061659238968,0.1314784506273867,0.7646594286383392,1.0,-0.6979912057364623,2229.0,639.0,299.0,3173.0,1381.7942868478476,396.1267605633803,185.3550882761357,1.0
01208,北海道,北見市,109738,760.9,0.4899158018406109,5,3,1,5,1,2.733784103956697,0.9112613679855656,4.556306839927828,1.0497987808492897,-0.282392925630354,0.3948143680576954,0.4717808734542646,1.0,-0.0206730975920079,0.012827157542917,0.0177614038832232,0.0374983892444482,0.335256421016356,1.0,-0.3559295186083639,1072.0,325.0,290.0,1689.0,976.8721864805264,296.15994459530884,264.265796715814,1.0
01209,北海道,夕張市,6065,0.0,,0,0,0,0,0,0.0,0.0,0.0,0.0,0.0,0.0,0.0,0.5,-0.430446843314736,-0.423311217966365,-0.4236004306837716,-0.4247572815533981,-0.5550818490618635,1.0,0.1246350057471274,,,,,,,,0.0
01210,北海道,岩見沢市,73202,442.6,-0.1202544225800039,1,0,1,3,2,0.0,1.3660828939100025,4.098248681730008,-0.8,-0.226573994659685,0.0316290318138923,-0.2493689557168709,1.0,-0.0943181939987802,-0.0673709049843437,-0.0617007381551255,-0.0390200708382526,-0.0124126918373199,1.0,-0.0819055021614602,410.0,279.0,516.0,1209.0,560.0939865031011,381.1371274008907,704.8987732575613,1.0
01211,北海道,網走市,32092,722.9,1.480782429649966,2,1,0,2,0,3.1160413810295404,0.0,6.232082762059081,1.7518384644148075,0.0,0.9080105175800915,1.2269604853449585,1.0,-0.069662365587112,-0.0437813154990899,-0.0368132441674236,-0.0089409588407584,0.8729932168316764,1.0,-0.9426555824187884,427.0,89.0,95.0,613.0,1330.5496696996136,277.32768291162904,296.0239311978063,1.0
01212,北海道,留萌市,17642,816.2,2.0557843504305504,1,0,0,1,0,0.0,0.0,5.668291576918717,0.0,0.0,0.1453294026371325,1.049691585610845,1.0,-0.1906095108875907,-0.166835813885635,-0.1612967054071505,-0.1391402714932126,0.8394921168433715,1.0,-1.0301016277309625,144.0,117.0,0.0,265.0,816.2339870762952,663.1901144994899,0.0,1.0
01213,北海道,苫小牧市,164613,676.7,0.447796320068464,7,1,2,6,2,0.607485435536683,1.214970871073366,3.644912613220098,-0.4368685205529075,-0.0268475872755606,0.4518599465320305,0.200276309812121,1.0,0.0574900918615273,0.0921800180274856,0.0983350182131016,0.1229550189555654,0.1212138448268931,1.0,-0.0637237529653658,1171.0,370.0,693.0,2238.0,711.3654450134558,224.76961114857272,420.9874068269213,1.0
01214,北海道,稚内市,30288,726.4,1.4548834065562692,2,0,0,1,1,0.0,0.0,3.301637612255679,-0.8,0.0,-0.0111305494155152,0.5657721208658073,1.0,-0.1266650866590636,-0.0989431206343871,-0.0946906363009965,-0.0776806989674344,0.4918057959578664,1.0,-0.6184708826169301,298.0,60.0,70.0,432.0,983.8880084521924,198.09825673534073,231.11463285789753,1.0
01215,北海道,美唄市,18068,1416.9,3.022998296422488,3,0,0,2,0,0.0,0.0,11.069293779056895,0.0,0.0,0.9185793571420624,1.6492860517825532,1.0,-0.2273316818974912,-0.2019763422482547,-0.199396199849024,-0.1890756302521008,0.7923219619564356,1.0,-1.0196536438539268,256.0,32.0,0.0,288.0,1416.8696037192826,177.10870046491033,0.0,1.0
01216,北海道,芦別市,10671,562.3,,1,0,0,1,0,0.0,0.0,9.3711929528629,0.0,0.0,,0.0,0.35,-0.3204110607404253,-0.3042629316563099,-0.3027705348985077,-0.2968009478672986,0.3660893625905877,1.0,-0.686500423331013,58.0,31.0,202.0,291.0,543.5291912660482,290.5069815387499,1892.9809764783056,1.0
01217,北海道,江別市,118449,385.8,-0.1600261267145656,3,3,1,3,2,2.532735607729909,0.8442452025766364,2.532735607729909,1.1962924525426364,-0.2416823482191238,-0.1556958262281382,0.0996387009841551,1.0,0.0982036557701077,0.1358073607547247,0.1473171916784503,0.1933565153733527,-0.1754717550257042,1.0,0.273675410795812,199.0,73.0,313.0,585.0,168.00479531275064,61.629899788094455,264.24874840648715,1.0
01218,北海道,赤平市,8332,588.1,,1,0,0,2,1,0.0,0.0,24.00384061449832,0.0,0.0,,0.0,0.35,-0.2895109142781451,-0.2734095669206663,-0.2691808257419711,-0.2522658610271903,1.0156316696148724,1.0,-1.3051425838930175,91.0,50.0,324.0,465.0,1092.1747479596736,600.0960153624579,3888.6221795487277,1.0
01219,北海道,紋別市,19510,768.8,2.491371480472298,1,0,0,1,0,0.0,0.0,5.125576627370579,0.0,0.0,0.1533924367917865,1.2686946057549169,1.0,-0.149174565069933,-0.1264487584835191,-0.1225217232248634,-0.1068135821902406,0.8033704375343875,1.0,-0.9525450026043204,148.0,90.0,0.0,240.0,758.5853408508457,461.30189646335214,0.0,1.0
01220,北海道,士別市,15695,318.6,0.0,1,0,0,1,0,0.0,0.0,6.371455877668048,0.0,0.0,0.0808186491670321,0.0121227973750548,1.0,-0.208135364108196,-0.1844434069039379,-0.1814878874768778,-0.1696658097686375,0.1205169036417368,1.0,-0.3286522677499329,50.0,79.0,0.0,129.0,318.57279388340237,503.3450143357757,0.0,1.0
01221,北海道,名寄市,25202,785.7,3.898379052369077,1,2,0,3,1,7.935878104912309,0.0,11.903817157368463,,0.0,2.0,2.811486907730673,0.8,-0.1582336326607777,-0.1477795521393052,-0.1494592518419124,-0.1561780506523408,1.3919300674056752,1.0,-1.550163700066453,398.0,211.0,55.0,668.0,1579.2397428775494,837.2351400682486,218.2366478850885,1.0
01222,北海道,三笠市,7012,641.8,,1,0,0,2,1,0.0,0.0,28.52253280091272,0.0,0.0,,0.0,0.35,-0.3408066385992868,-0.3423320636358803,-0.3434145230891554,-0.3477443609022557,1.291514310771045,1.0,-1.6323209493703317,0.0,93.0,0.0,93.0,0.0,1326.2977752424415,0.0,1.0
01223,北海道,根室市,22317,587.0,1.6657584014532243,1,0,0,0,0,0.0,0.0,0.0,0.0,0.0,-0.8,0.7128792007266121,1.0,-0.1432888288233461,-0.1146823090861466,-0.1098108980250805,-0.0903252537808162,0.5850438485479257,1.0,-0.7283326773712718,131.0,0.0,114.0,249.0,586.9964600976833,0.0,510.8213469552359,1.0
01224,北海道,千歳市,97797,355.8,-0.0307818033233451,3,1,2,4,0,1.0225262533615551,2.0450525067231102,4.0901050134462205,0.0634018660188213,0.929006356469004,0.8537162816390107,0.2646978672582939,1.0,0.1410628223039962,0.1911921083920751,0.1893956231555965,0.1822096822096821,0.0116013425175535,1.0,0.1294614797864426,348.0,258.0,402.0,1008.0,355.83913616982113,263.8117733672812,411.0555538513451,1.0
01225,北海道,滝川市,36802,595.1,0.6915861284820921,2,1,1,3,2,2.7172436280636925,2.7172436280636925,8.151730884191076,0.2142810919152724,0.2982342702688205,1.4294191693781246,0.6477972985711423,1.0,-0.082770744212332,-0.057959141185144,-0.0568483069203135,-0.0524049698609915,0.524327424313887,1.0,-0.607098168526219,298.0,264.0,341.0,903.0,809.7386011629803,717.3523178088147,926.580077169719,1.0
01226,北海道,砂川市,14916,2152.1,7.242435848333971,1,0,0,0,1,0.0,0.0,0.0,0.0,0.0,-0.8,3.501217924166985,1.0,-0.1724185017687478,-0.1558515065839476,-0.1538435630748106,-0.1458117890382626,1.5727618510846697,1.0,-1.7451803528534175,408.0,0.0,204.0,622.0,2735.3177795655674,0.0,1367.6588897827837,1.0
01227,北海道,歌志内市,2443,0.0,,0,0,0,1,0,0.0,0.0,40.93327875562832,0.0,0.0,,0.0,0.35,-0.3577481906074127,-0.3447090202127317,-0.3366367813875767,-0.3043478260869565,-0.0703405530548502,0.55,-0.2874076375525625,0.0,60.0,0.0,60.0,0.0,2455.9967253376994,0.0,1.0
01228,北海道,深川市,17824,836.0,1.3689430433550585,1,1,0,2,0,5.6104129263913824,0.0,11.220825852782763,,0.0,0.9119025823954614,1.0265711362960606,0.8,-0.216467517610294,-0.2002805604029437,-0.1987475973749043,-0.1926157452627466,1.113941037838705,1.0,-1.3304085554489988,191.0,407.0,429.0,1031.0,1071.5888689407539,2283.4380610412927,2406.867145421903,1.0
01229,北海道,富良野市,18707,534.6,1.7887323943661977,2,1,0,2,0,5.345592558935158,0.0,10.691185117870315,,0.0,1.5037624780971592,1.3999132111220909,0.8,-0.1079761197762221,-0.0787094623692218,-0.0764950475844333,-0.0676373884452794,1.21053684482792,1.0,-1.318512964604142,253.0,41.0,170.0,468.0,1352.434917410595,219.16929491634147,908.7507350189768,1.0
01230,北海道,登別市,42195,130.3,-0.6939159032182287,1,0,1,4,2,0.0,2.3699490460955093,9.479796184382035,-0.8,0.1323051929004179,1.262524390133967,-0.2977335141539566,1.0,-0.1591489925073686,-0.1414929755738075,-0.1427740481032298,-0.1478983382209189,-0.165954230150091,1.0,0.0068052376427224,0.0,304.0,694.0,998.0,0.0,720.4645100130348,1644.7446379902833,1.0
01231,北海道,恵庭市,69367,670.3,1.119190641795763,4,1,0,3,0,1.4416076808857237,0.0,4.324823042657171,0.0226477499430874,-0.8,0.7735214865112578,0.5601530938631878,1.0,0.1185561962403833,0.1632725653072161,0.1660246698306083,0.177033087924177,0.5634801203449433,1.0,-0.4449239241045599,556.0,186.0,356.0,1098.0,801.5338705724624,268.1390286447446,513.2123343953176,1.0
01233,北海道,伊達市,29843,452.4,0.0975254730713246,1,2,0,3,0,6.701739101296787,0.0,10.05260865194518,1.0884423023161345,0.0,1.451304308091804,0.4841468432126598,1.0,-0.0917439775734215,-0.0632041616014259,-0.0636114292014171,-0.0652404996013819,0.2968594812261033,1.0,-0.3886034587995248,0.0,348.0,163.0,631.0,0.0,1166.102603625641,546.1917367556881,1.0
01234,北海道,北広島市,56153,89.0,-0.8063112078346029,1,0,0,4,0,0.0,0.0,7.123395010061796,-0.8,-0.8,0.9734748232502392,-0.5371343804297656,1.0,0.0117272279067645,0.0425360326421616,0.0455082399308961,0.0573970690858338,-0.4141890395350999,1.0,0.4259162674418644,139.0,370.0,0.0,509.0,247.53797659964738,658.9140384307161,0.0,1.0
01235,北海道,石狩市,55417,207.5,-0.5446565723063419,2,0,1,3,0,0.0,1.8045004240576,5.413501272172799,-0.8,0.0452634532278688,0.5397514251812012,-0.3445760543918105,1.0,-0.0244691228636385,0.0021539412164624,0.0042129240186997,0.0124488552276487,-0.3820956673440734,1.0,0.3576265444804348,95.0,236.0,119.0,450.0,171.42754028547196,425.86210007759354,214.73555046285435,1.0
01236,北海道,北斗市,41022,0.0,-1.0,0,0,0,0,0,0.0,0.0,0.0,-0.8,-0.8,-0.8,-0.9,1.0,0.0206284332805449,0.0716582958210251,0.0735442667902231,0.0810881506670153,-0.8271157464382672,1.0,0.8477441797188122,,,,,,,,0.0
01303,北海道,当別町,14480,0.0,,0,0,0,0,0,0.0,0.0,0.0,0.0,0.0,-0.8,-0.24,0.5,0.1098795766508267,0.163844078748383,0.1854522598038182,0.271884984025559,-0.5854440818688501,1.0,0.6953236585196768,,,,,,,,0.0
01304,北海道,新篠津村,2790,0.0,,0,0,0,0,0,0.0,0.0,0.0,0.0,0.0,0.0,0.0,0.5,-0.0564536032845921,-0.0234332689930984,-0.0142585366531042,0.0224403927068723,0.118537851587495,0.55,-0.1749914548720871,,,,,,,,0.0
01331,北海道,松前町,5309,1130.2,,1,0,0,0,0,0.0,0.0,0.0,0.0,0.0,0.0,0.0,0.5,-0.3538670941582057,-0.3384365265046429,-0.3349467520679119,-0.3209876543209876,0.6207080918754292,0.7,-0.9745751860336348,60.0,0.0,0.0,60.0,1130.156338293464,0.0,0.0,1.0
01332,北海道,福島町,3246,0.0,,0,0,0,0,0,0.0,0.0,0.0,0.0,0.0,0.0,0.0,0.5,-0.2713432366132552,-0.2525829530035771,-0.2425622301714567,-0.2024793388429752,0.1149772677184472,0.55,-0.3863205043317024,,,,,,,,0.0
01333,北海道,知内町,3711,0.0,,0,0,0,0,0,0.0,0.0,0.0,0.0,0.0,0.0,0.0,0.5,-0.1711669442996436,-0.1524484563768002,-0.1417805913820637,-0.099109131403118,-0.1313805594095573,0.55,-0.0397863848900863,,,,,,,,0.0
01334,北海道,木古内町,3312,1811.6,,1,0,0,0,0,0.0,0.0,0.0,0.0,0.0,0.0,0.0,0.5,-0.288742299727193,-0.2689652619695371,-0.2612551588843854,-0.2304147465437788,0.6366347995792329,0.55,-0.925377099306426,99.0,0.0,0.0,99.0,2989.130434782609,0.0,0.0,1.0
01337,北海道,七飯町,26754,183.2,-0.3537918871252204,0,1,1,2,1,3.737758839799656,3.737758839799656,7.475517679599313,,,0.981030857317124,-0.0457558691769871,0.65,0.0260487551107374,0.0609467233010586,0.0667721507539797,0.0900738605656639,-0.258624067486813,1.0,0.2846728225975504,49.0,186.0,360.0,595.0,183.15018315018315,695.2231442027361,1345.593182327876,1.0
01343,北海道,鹿部町,3380,0.0,,0,0,0,0,0,0.0,0.0,0.0,0.0,0.0,0.0,0.0,0.5,-0.1862907484122923,-0.1599721813244944,-0.1578709834937592,-0.1494661921708184,0.0779913954495894,0.55,-0.2642821438618817,,,,,,,,0.0
01345,北海道,森町,12559,0.0,-1.0,1,0,0,1,0,0.0,0.0,7.96241738991958,0.0,0.0,,-0.5882352941176471,0.85,-0.1766139062221231,-0.1480476365574733,-0.1431770126402345,-0.1236945169712794,0.5520924707980376,1.0,-0.7287063770201607,101.0,42.0,0.0,143.0,804.2041563818776,334.42153037662234,0.0,1.0
01346,北海道,八雲町,14554,625.3,,2,1,1,1,1,6.87096330905593,6.87096330905593,6.87096330905593,,,1.836745911776831,1.8367459117768312,0.15,-0.090343760112596,-0.05966977733387,-0.0504569103024701,-0.0136054421768707,1.2168373970536492,1.0,-1.3071811571662453,186.0,40.0,100.0,330.0,1277.999175484403,274.8385323622372,687.096330905593,1.0
01347,北海道,長万部町,4652,0.0,,1,0,0,0,0,0.0,0.0,0.0,0.0,0.0,0.0,0.0,0.5,-0.2140677432268917,-0.198007376555846,-0.1922332770075364,-0.1691368788142981,0.3085223786532556,0.55,-0.5225901218801474,30.0,24.0,0.0,54.0,644.883920894239,515.9071367153913,0.0,1.0
01361,北海道,江差町,6701,1522.2,,1,0,0,1,1,0.0,0.0,14.923145799134458,0.0,0.0,,0.0,0.35,-0.2073377886396389,-0.1815430322242796,-0.1813273382273093,-0.1804645622394282,0.9957022233074542,0.55,-1.2030400119470932,146.0,60.0,48.0,258.0,2178.779286673631,895.3887479480675,716.310998358454,1.0
01362,北海道,上ノ国町,3726,0.0,,0,0,0,0,0,0.0,0.0,0.0,0.0,0.0,0.0,0.0,0.5,-0.2430249734739448,-0.218504710457305,-0.2124371340302475,-0.1881668283220174,0.0364003392397523,0.55,-0.2794253127136972,,,,,,,,0.0
01363,北海道,厚沢部町,3212,1401.0,,1,0,0,1,0,0.0,0.0,31.133250311332503,0.0,0.0,,0.0,0.35,-0.1819071437850152,-0.1626279325055379,-0.1528511611703071,-0.1137440758293838,-0.0535779994579525,0.55,-0.1283291443270627,45.0,24.0,0.0,69.0,1400.9962640099627,747.1980074719801,0.0,1.0
01364,北海道,乙部町,2951,0.0,,0,0,0,0,0,0.0,0.0,0.0,0.0,0.0,0.0,0.0,0.5,-0.2885980086813335,-0.2705087046172317,-0.2678098817633702,-0.2570145903479237,-0.0503996623998854,0.55,-0.2381983462814481,58.0,4.0,0.0,62.0,1965.435445611657,135.54727211114877,0.0,1.0
01367,北海道,奥尻町,2107,806.8,,1,0,0,1,0,0.0,0.0,47.460844803037496,0.0,0.0,,0.0,0.35,-0.2571945379095642,-0.2495352039938027,-0.2363849199517989,-0.1837837837837838,0.1390589699212697,0.55,-0.3962535078308339,17.0,23.0,0.0,40.0,806.8343616516374,1091.5994304698625,0.0,1.0
01370,北海道,今金町,4522,0.0,,1,0,0,0,0,0.0,0.0,0.0,0.0,0.0,0.0,0.0,0.5,-0.1739775060319093,-0.1539669423368913,-0.1478049502268418,-0.1231569817866435,0.6064381599071135,0.55,-0.7804156659390228,33.0,0.0,0.0,33.0,729.765590446705,0.0,0.0,1.0
01371,北海道,せたな町,6491,0.0,,1,0,0,1,0,0.0,0.0,15.405946695424436,0.0,0.0,,0.0,0.35,-0.2699279285945835,-0.2549902273942079,-0.2508289166092439,-0.2341836734693877,1.2459930781308814,1.0,-1.515921006725465,114.0,120.0,0.0,234.0,1756.2779232783855,1848.713603450932,0.0,1.0
01391,北海道,島牧村,1186,0.0,,0,0,0,0,0,0.0,0.0,0.0,0.0,0.0,0.0,0.0,0.5,-0.2799100896031257,-0.2658169000402448,-0.2708474999653062,-0.2909698996655518,0.0312325873518743,0.55,-0.3111426769550001,,,,,,,,0.0
01392,北海道,寿都町,2553,0.0,,0,0,0,0,0,0.0,0.0,0.0,0.0,0.0,0.0,0.0,0.5,-0.2537759016472106,-0.257630519623966,-0.2530497533197516,-0.2347266881028938,-0.0241077622957918,0.55,-0.2296681393514188,,,,,,,,0.0
01393,北海道,黒松内町,2546,0.0,,0,0,0,0,0,0.0,0.0,0.0,0.0,0.0,0.0,0.0,0.5,-0.0983936063287982,-0.0699152110848267,-0.0629658080115923,-0.0351681957186544,0.1375234951569923,0.55,-0.2359171014857905,,,,,,,,0.0
01394,北海道,蘭越町,4196,0.0,,0,0,0,1,0,0.0,0.0,23.83222116301239,0.0,0.0,,0.0,0.35,-0.1268778335455322,-0.1113508083777278,-0.1022461839722694,-0.0658276863504356,0.3643014205561737,0.55,-0.4911792541017059,0.0,39.0,0.0,39.0,0.0,929.4566253574834,0.0,1.0
01395,北海道,ニセコ町,5087,0.0,,0,0,0,0,0,0.0,0.0,0.0,0.0,0.0,0.0,0.0,0.5,0.1370482079874063,0.1818737524950099,0.1763323353293412,0.1541666666666665,0.0566584548907737,0.55,0.0803897530966325,,,,,,,,0.0
01396,北海道,真狩村,1900,0.0,,0,0,0,0,0,0.0,0.0,0.0,0.0,0.0,0.0,0.0,0.5,-0.104641819254153,-0.0931908328880931,-0.084332617410719,-0.0488997555012225,0.1952624232831793,0.55,-0.2999042425373324,,,,,,,,0.0
01397,北海道,留寿都村,1791,0.0,,0,0,0,0,0,0.0,0.0,0.0,0.0,0.0,0.0,0.0,0.5,-0.0124771230517352,0.0044231131187653,0.018558253340862,0.075098814229249,0.006334120513054,0.55,-0.0188112435647892,,,,,,,,0.0
01398,北海道,喜茂別町,1973,0.0,,0,0,0,0,0,0.0,0.0,0.0,0.0,0.0,0.0,0.0,0.5,-0.175953234455678,-0.1703737910911358,-0.1731298679906816,-0.184154175588865,0.0092507149341815,0.55,-0.1852039493898595,,,,,,,,0.0
01399,北海道,京極町,2710,0.0,,0,0,0,0,0,0.0,0.0,0.0,0.0,0.0,0.0,0.0,0.5,-0.1806617928332299,-0.1632373469555333,-0.1679956090878053,-0.1870286576168929,0.1274044503596183,0.55,-0.3080662431928482,0.0,0.0,60.0,60.0,0.0,0.0,2214.022140221402,1.0
01400,北海道,倶知安町,14601,0.0,,0,0,0,0,0,0.0,0.0,0.0,0.0,0.0,-0.8,-0.24,0.5,-0.0428346773410843,-0.0183770610599878,-0.0229637571100985,-0.0413105413105413,-0.3306233754862859,1.0,0.2877886981452015,157.0,0.0,40.0,199.0,1075.268817204301,0.0,273.9538387781659,1.0
01401,北海道,共和町,5310,0.0,,0,0,0,0,0,0.0,0.0,0.0,0.0,0.0,0.0,0.0,0.5,-0.0794516386773891,-0.0430226620768789,-0.0422181296615031,-0.039,0.0069542540684475,0.55,-0.0864058927458367,,,,,,,,0.0
01402,北海道,岩内町,10187,461.4,,1,0,0,1,0,0.0,0.0,9.816432708353783,0.0,0.0,,0.0,0.35,-0.1765273937704338,-0.1457273912830557,-0.1447520906390014,-0.140850888062784,0.779760731211555,1.0,-0.9562881249819888,47.0,44.0,0.0,91.0,461.37233729262783,431.9230391675665,0.0,1.0
01403,北海道,泊村,1381,0.0,,0,0,0,0,0,0.0,0.0,0.0,0.0,0.0,0.0,0.0,0.5,-0.1529140562031377,-0.130857472315553,-0.1253563689138949,-0.1033519553072626,0.0175756531137498,0.55,-0.1704897093168875,,,,,,,,0.0
01404,北海道,神恵内村,742,0.0,,0,0,0,0,0,0.0,0.0,0.0,0.0,0.0,0.0,0.0,0.5,-0.2178217167726642,-0.1956614380270196,-0.1855254329494968,-0.1449814126394052,0.1203104688850453,0.55,-0.3381321856577096,,,,,,,,0.0
01405,北海道,積丹町,1582,0.0,,0,0,0,0,0,0.0,0.0,0.0,0.0,0.0,0.0,0.0,0.5,-0.2968123230226985,-0.2772239350408818,-0.2786793603469305,-0.2845010615711253,-0.0118956702973629,0.55,-0.2849166527253355,,,,,,,,0.0
01406,北海道,古平町,2381,0.0,,0,0,0,0,0,0.0,0.0,0.0,0.0,0.0,0.0,0.0,0.5,-0.2128907117530581,-0.1855198552339186,-0.1836360099732984,-0.1761006289308175,-0.0247413604783987,0.55,-0.1881493512746593,,,,,,,,0.0
01407,北海道,仁木町,2931,0.0,,0,0,0,0,0,0.0,0.0,0.0,0.0,0.0,0.0,0.0,0.5,-0.138650107599279,-0.1291844330291247,-0.1236818082617399,-0.1016713091922005,-0.0428768881238174,0.55,-0.0957732194754615,,,,,,,,0.0
01408,北海道,余市町,16437,352.9,0.3212280044926991,1,0,1,1,0,0.0,6.083835249741437,6.083835249741437,0.0,,0.2016471279067486,0.2245424369792492,0.85,-0.1716416102000299,-0.1518681761099081,-0.1493535675002496,-0.1392951330616159,0.2744324727071569,1.0,-0.4460740829071868,118.0,52.0,178.0,348.0,717.8925594694896,316.35943298655474,1082.9226744539758,1.0
01409,北海道,赤井川村,1091,0.0,,0,0,0,0,0,0.0,0.0,0.0,0.0,0.0,0.0,0.0,0.5,-0.0842740262136903,-0.0565924620429625,-0.064978403131907,-0.0985221674876847,0.0497002251791836,0.55,-0.1339742513928739,,,,,,,,0.0
01423,北海道,南幌町,7698,0.0,,0,1,0,0,0,12.990387113535984,0.0,0.0,,0.0,0.0,0.0,0.3,0.09980735351503,0.1606688317162283,0.1846561107650047,0.28060522696011,0.5801120308201785,0.55,-0.4803046773051485,60.0,0.0,0.0,60.0,779.423226812159,0.0,0.0,1.0
01424,北海道,奈井江町,4606,0.0,,0,0,0,1,0,0.0,0.0,21.710811984368217,0.0,0.0,,0.0,0.35,-0.1696947569796022,-0.1424126942296809,-0.1376909736370885,-0.118804091266719,0.2542052787857277,0.55,-0.4239000357653299,0.0,50.0,0.0,50.0,0.0,1085.5405992184108,0.0,1.0
01425,北海道,上砂川町,2352,0.0,,0,0,0,0,0,0.0,0.0,0.0,0.0,0.0,0.0,0.0,0.5,-0.3913431252686035,-0.3781695774310171,-0.3803273808908614,-0.3889585947302384,0.0952325735489,0.55,-0.4865756988175035,,,,,,,,0.0
01427,北海道,由仁町,4301,0.0,,0,0,0,0,0,0.0,0.0,0.0,0.0,0.0,0.0,0.0,0.5,-0.170484950701858,-0.1453781340901275,-0.1363194708005159,-0.1000848176420695,0.005753695188594,0.55,-0.176238645890452,,,,,,,,0.0
01428,北海道,長沼町,9490,885.1,,1,0,0,0,0,0.0,0.0,0.0,0.0,0.0,0.0,0.0,0.5,-0.0909347933163601,-0.0614263393801554,-0.0539471423304312,-0.0240303541315345,0.2800022037529199,1.0,-0.37093699706928,84.0,0.0,0.0,84.0,885.1422550052687,0.0,0.0,1.0
01429,北海道,栗山町,10304,543.5,,1,0,0,1,0,0.0,0.0,9.704968944099376,0.0,0.0,,0.0,0.35,-0.1854570251383098,-0.1649073106749721,-0.1640712512484595,-0.1607270135424091,0.5346370788376976,1.0,-0.7200941039760075,96.0,7.0,0.0,103.0,931.6770186335403,67.93478260869566,0.0,1.0
01430,北海道,月形町,3312,1207.7,,0,0,0,1,0,0.0,0.0,30.193236714975843,0.0,0.0,,0.0,0.35,-0.1112394857498172,-0.1016811696697619,-0.1008993911813541,-0.0977722772277227,-0.0396396396396396,0.55,-0.0715998461101775,40.0,0.0,0.0,40.0,1207.729468599034,0.0,0.0,1.0
01431,北海道,浦臼町,1517,0.0,,0,0,0,0,0,0.0,0.0,0.0,0.0,0.0,0.0,0.0,0.5,-0.2561509426910355,-0.2487204801585321,-0.241030173857877,-0.2102689486552567,-0.0024762439339542,0.55,-0.2536746987570812,,,,,,,,0.0
01432,北海道,新十津川町,5997,0.0,,0,0,0,1,0,0.0,0.0,16.67500416875104,0.0,0.0,,0.0,0.35,-0.1702229528013109,-0.1557221186596704,-0.1533767145355795,-0.1439950980392157,0.1877998520123606,1.0,-0.3580228048136715,0.0,200.0,0.0,200.0,0.0,3335.000833750208,0.0,1.0
01433,北海道,妹背牛町,2317,0.0,,0,0,0,0,0,0.0,0.0,0.0,0.0,0.0,0.0,0.0,0.5,-0.3205945682641135,-0.3076152646249052,-0.3043446388843901,-0.2912621359223301,-0.0369723038971155,0.55,-0.2836222643669979,,,,,,,,0.0
01434,北海道,秩父別町,2114,0.0,,0,0,0,0,0,0.0,0.0,0.0,0.0,0.0,0.0,0.0,0.5,-0.2210649956178287,-0.2160676914194991,-0.2111091866926463,-0.1912751677852349,-0.022297265268373,0.55,-0.1987677303494556,,,,,,,,0.0
01436,北海道,雨竜町,2089,0.0,,0,0,0,1,0,0.0,0.0,47.86979415988511,0.0,0.0,,0.0,0.35,-0.2327472228241136,-0.2072298974036075,-0.2042075632430831,-0.1921182266009852,-0.0232409498693241,0.55,-0.2095062729547893,0.0,108.0,0.0,108.0,0.0,5169.937769267593,0.0,1.0
01437,北海道,北竜町,1532,0.0,,0,0,0,0,0,0.0,0.0,0.0,0.0,0.0,0.0,0.0,0.5,-0.2870796904827447,-0.2810234161416854,-0.2780102222750504,-0.2659574468085106,-0.0042322028557971,0.55,-0.2828474876269475,,,,,,,,0.0
01438,北海道,沼田町,2610,0.0,,0,0,0,0,0,0.0,0.0,0.0,0.0,0.0,0.0,0.0,0.5,-0.1940535262180463,-0.1745958191741324,-0.1701987436927196,-0.1526104417670682,-0.034482791557871,0.55,-0.1595707346601753,,,,,,,,0.0
01452,北海道,鷹栖町,6106,0.0,,0,0,0,0,0,0.0,0.0,0.0,0.0,0.0,0.0,0.0,0.5,-0.0732605254407048,-0.0418234398782343,-0.0396992389649923,-0.0312024353120243,-0.4116547066813216,0.55,0.3383941812406167,,,,,,,,0.0
01453,北海道,東神楽町,9996,0.0,,0,0,0,0,0,0.0,0.0,0.0,0.0,0.0,0.0,0.0,0.5,0.1501674519438079,0.2054071801738872,0.208695866770102,0.2218506131549609,-0.1440602779318826,1.0,0.2942277298756905,0.0,0.0,120.0,120.0,0.0,0.0,1200.4801920768307,1.0
01454,北海道,当麻町,5805,0.0,,0,0,0,0,0,0.0,0.0,0.0,0.0,0.0,0.0,0.0,0.5,-0.1765773179839669,-0.1601639694560223,-0.1591699740629405,-0.1551939924906132,-0.6391842868116301,1.0,0.4626069688276631,,,,,,,,0.0
01455,北海道,比布町,3248,0.0,,0,0,0,0,0,0.0,0.0,0.0,0.0,0.0,0.0,0.0,0.5,-0.1904274776526777,-0.1768976175315716,-0.1753143903215536,-0.1689814814814815,-0.0534038834928712,0.55,-0.1370235941598064,,,,,,,,0.0
01456,北海道,愛別町,2253,0.0,,0,0,0,0,0,0.0,0.0,0.0,0.0,0.0,0.0,0.0,0.5,-0.3248833292833688,-0.3153707676009062,-0.3139228622975581,-0.3081312410841654,-0.0363421087747234,0.55,-0.2885412205086454,,,,,,,,0.0
01457,北海道,上川町,3030,0.0,,0,0,0,0,0,0.0,0.0,0.0,0.0,0.0,0.0,0.0,0.5,-0.3601125562875544,-0.3589837265904254,-0.3560017108465635,-0.3440736478711163,-0.0455895606078612,0.55,-0.3145229956796931,,,,,,,,0.0
01458,北海道,東川町,8213,0.0,,0,0,0,0,0,0.0,0.0,0.0,0.0,0.0,0.0,0.0,0.5,-0.0102392288941834,0.0146547484629377,0.0074488132128689,-0.0213749277874061,-0.1242364562965048,0.55,0.1139972274023213,,,,,,,,0.0
01459,北海道,美瑛町,8893,629.7,,1,0,0,1,0,0.0,0.0,11.244799280332844,0.0,0.0,,0.0,0.35,-0.1537011013214828,-0.131528411571594,-0.1340830233749222,-0.1443014705882352,0.0253651300889194,0.7,-0.1790662314104022,56.0,42.0,0.0,98.0,629.7087596986394,472.2815697739796,0.0,1.0
01460,北海道,上富良野町,9421,0.0,,1,0,0,0,0,0.0,0.0,0.0,0.0,0.0,0.0,0.0,0.5,-0.1414386421683681,-0.1182902613086237,-0.1180528561963597,-0.1171032357473035,0.0912213681525668,0.55,-0.2326600103209349,30.0,0.0,0.0,30.0,318.4375331705764,0.0,0.0,1.0
01461,北海道,中富良野町,4340,0.0,,0,0,0,0,0,0.0,0.0,0.0,0.0,0.0,0.0,0.0,0.5,-0.1163987217274191,-0.0953631192463286,-0.0879137418900489,-0.0581162324649298,-0.263359589955974,0.55,0.1469608682285549,,,,,,,,0.0
01462,北海道,南富良野町,2218,0.0,,0,0,0,0,0,0.0,0.0,0.0,0.0,0.0,0.0,0.0,0.5,-0.0898853269277156,-0.0644433798011194,-0.0630084483342876,-0.0572687224669603,0.3636363636363636,0.55,-0.4535216905640793,,,,,,,,0.0
01463,北海道,占冠村,1361,0.0,,0,0,0,0,0,0.0,0.0,0.0,0.0,0.0,0.0,0.0,0.5,-0.0959807464215987,-0.0482422982422982,-0.0467019467019467,-0.0405405405405405,0.2729625959670793,0.55,-0.3689433423886781,,,,,,,,0.0
01464,北海道,和寒町,2813,0.0,,0,0,0,0,0,0.0,0.0,0.0,0.0,0.0,0.0,0.0,0.5,-0.2934807126331934,-0.2867247927911304,-0.2868370469468407,-0.2872860635696821,-0.0426753935716153,0.55,-0.250805319061578,,,,,,,,0.0
01465,北海道,剣淵町,2614,0.0,,0,0,0,0,0,0.0,0.0,0.0,0.0,0.0,0.0,0.0,0.5,-0.1882603565211192,-0.1794021322555919,-0.1643091073792766,-0.1039370078740157,-0.2336736806218344,0.55,0.0454133241007151,,,,,,,,0.0
01468,北海道,下川町,2836,0.0,,1,0,0,0,0,0.0,0.0,0.0,0.0,0.0,0.0,0.0,0.5,-0.229939604036478,-0.2226449912126537,-0.224115992970123,-0.2299999999999999,-0.0365757749983452,0.55,-0.1933638290381327,41.0,0.0,0.0,41.0,1445.6981664315938,0.0,0.0,1.0
01469,北海道,美深町,3708,0.0,,1,0,0,1,0,0.0,0.0,26.96871628910464,0.0,0.0,,0.0,0.35,-0.2312221382826502,-0.2223314573587221,-0.219054125547275,-0.2059447983014861,0.0743354387179005,0.55,-0.3055575770005508,12.0,52.0,0.0,64.0,323.62459546925567,1402.3732470334412,0.0,1.0
01470,北海道,音威子府村,597,0.0,,0,0,0,0,0,0.0,0.0,0.0,0.0,0.0,0.0,0.0,0.5,-0.3135924896349359,-0.3424940898345153,-0.3184397163120567,-0.2222222222222222,0.1986827927455434,0.55,-0.5122752823804794,,,,,,,,0.0
01471,北海道,中川町,1359,0.0,,0,0,0,0,0,0.0,0.0,0.0,0.0,0.0,0.0,0.0,0.5,-0.2585667139528559,-0.2553829078801332,-0.2513651498335184,-0.2352941176470588,0.021138537694829,0.55,-0.279705251647685,,,,,,,,0.0
01472,北海道,幌加内町,1178,0.0,,0,0,0,0,0,0.0,0.0,0.0,0.0,0.0,0.0,0.0,0.5,-0.3270654815047251,-0.312884594623772,-0.3229191406671705,-0.3630573248407643,0.3636363636363636,0.55,-0.6907018451410887,,,,,,,,0.0
01481,北海道,増毛町,3434,0.0,,0,0,0,0,0,0.0,0.0,0.0,0.0,0.0,0.0,0.0,0.5,-0.2449435279960845,-0.2292216827296332,-0.2264314288984468,-0.2152704135737009,-0.140049582342586,0.55,-0.1048939456534984,,,,,,,,0.0
01482,北海道,小平町,2665,0.0,,0,0,0,0,0,0.0,0.0,0.0,0.0,0.0,0.0,0.0,0.5,-0.2282347287974656,-0.2103197468022589,-0.2065088094899999,-0.1912650602409639,0.1261460564139492,0.55,-0.3543807852114148,,,,,,,,0.0
01483,北海道,苫前町,2576,0.0,,0,0,0,0,0,0.0,0.0,0.0,0.0,0.0,0.0,0.0,0.5,-0.2487420282580744,-0.2327423352745825,-0.2327128555614381,-0.2325949367088607,0.1251895318574478,0.55,-0.3739315601155223,,,,,,,,0.0
01484,北海道,羽幌町,5835,1028.3,,1,0,0,0,0,0.0,0.0,0.0,0.0,0.0,0.0,0.0,0.5,-0.2656562468582839,-0.254785355172003,-0.2550194875584942,-0.2559560171044593,0.8573991670439962,1.0,-1.12305541390228,91.0,0.0,0.0,91.0,1559.55441302485,0.0,0.0,1.0
01485,北海道,初山別村,944,0.0,,0,0,0,0,0,0.0,0.0,0.0,0.0,0.0,0.0,0.0,0.5,-0.2616358465364775,-0.2454370471014493,-0.2450452898550725,-0.2434782608695652,0.3636363636363636,0.55,-0.6252722101728412,,,,,,,,0.0
01486,北海道,遠別町,2219,0.0,,0,0,0,0,0,0.0,0.0,0.0,0.0,0.0,0.0,0.0,0.5,-0.2199702640637434,-0.2101633738601823,-0.2013449848024316,-0.1660714285714285,-0.0203821408779866,0.55,-0.1995881231857568,,,,,,,,0.0
01487,北海道,天塩町,2653,0.0,,1,0,0,0,0,0.0,0.0,0.0,0.0,0.0,0.0,0.0,0.5,-0.1334551885412611,-0.1237224055896095,-0.1067107891465558,-0.038664323374341,-0.0246038429713636,0.55,-0.1088513455698974,38.0,0.0,0.0,38.0,1432.3407463249152,0.0,0.0,1.0
01511,北海道,猿払村,2505,0.0,,0,0,0,0,0,0.0,0.0,0.0,0.0,0.0,0.0,0.0,0.5,0.0777271616402846,0.1005888200269812,0.122914785925122,0.212218649517685,-0.015042643963021,0.55,0.0927698056033057,,,,,,,,0.0
01512,北海道,浜頓別町,3089,0.0,,1,0,0,0,0,0.0,0.0,0.0,0.0,0.0,0.0,0.0,0.5,-0.1831407641009126,-0.1659268729784072,-0.1560477314450563,-0.116531165311653,-0.0464111784808673,0.55,-0.1367295856200453,,,,,,,,0.0
01513,北海道,中頓別町,1470,0.0,,1,0,0,0,0,0.0,0.0,0.0,0.0,0.0,0.0,0.0,0.5,-0.260165745227857,-0.2520903010033445,-0.2516722408026756,-0.25,0.0107110188035043,0.55,-0.2708767640313614,20.0,0.0,0.0,20.0,1360.5442176870747,0.0,0.0,1.0
01514,北海道,枝幸町,6834,0.0,,1,0,0,1,0,0.0,0.0,14.63271875914545,0.0,0.0,,0.0,0.35,-0.1610385370270978,-0.1428832055675351,-0.1361472237946874,-0.1092032967032966,0.2808932321682011,0.55,-0.441931769195299,60.0,23.0,0.0,83.0,877.963125548727,336.55253146034534,0.0,1.0
01516,北海道,豊富町,3679,0.0,,0,0,0,0,0,0.0,0.0,0.0,0.0,0.0,0.0,0.0,0.5,-0.0005057866387036,0.019988601920108,0.0457316728048449,0.1487039563437926,0.0960139553349218,0.55,-0.0965197419736254,,,,,,,,0.0
01517,北海道,礼文町,2265,0.0,,0,0,0,0,0,0.0,0.0,0.0,0.0,0.0,0.0,0.0,0.5,-0.1750772492146763,-0.1744413237269507,-0.1606056905605079,-0.1052631578947368,0.1596537206285102,0.55,-0.3347309698431865,,,,,,,,0.0
01518,北海道,利尻町,1784,2354.3,,1,0,0,0,0,0.0,0.0,0.0,0.0,0.0,0.0,0.0,0.5,-0.3040654743520524,-0.3078287485903846,-0.3073352599445688,-0.3053613053613053,-0.0028573630726914,0.55,-0.301208111279361,42.0,0.0,0.0,42.0,2354.2600896860986,0.0,0.0,1.0
01519,北海道,利尻富士町,2217,0.0,,0,0,0,0,0,0.0,0.0,0.0,0.0,0.0,0.0,0.0,0.5,-0.1777627357794563,-0.166553817855402,-0.1610960523500856,-0.1392649903288201,0.1630361042537087,0.55,-0.3407988400331651,,,,,,,,0.0
01520,北海道,幌延町,2203,0.0,,0,0,0,0,0,0.0,0.0,0.0,0.0,0.0,0.0,0.0,0.5,0.0501781562993118,0.075500028330217,0.0975069409031673,0.1855345911949686,0.1669203153702217,0.55,-0.1167421590709099,,,,,,,,0.0
01543,北海道,美幌町,16778,590.1,1.7743300423131174,1,0,0,1,1,0.0,0.0,5.960185957801883,0.0,0.0,0.3072832233698355,0.933257504662034,1.0,-0.1010252387881698,-0.0723298535045099,-0.0638044768630139,-0.0297029702970297,0.8549277183008632,1.0,-0.955952957089033,159.0,30.0,60.0,249.0,947.6695672904995,178.80557873405652,357.61115746811305,1.0
01544,北海道,津別町,3867,1551.6,,1,0,0,0,0,0.0,0.0,0.0,0.0,0.0,0.0,0.0,0.5,-0.2873433174773017,-0.2795938272269793,-0.2738542732511174,-0.2508960573476703,0.4266437870738275,0.55,-0.7139871045511292,60.0,0.0,0.0,60.0,1551.590380139643,0.0,0.0,1.0
01545,北海道,斜里町,10249,536.6,,1,0,0,1,0,0.0,0.0,9.757049468240805,0.0,0.0,,0.0,0.35,-0.122769099401908,-0.1138092753952553,-0.1049806568909503,-0.06966618287373,0.1950137895733268,0.55,-0.3177828889752349,55.0,40.0,0.0,95.0,536.6377207532443,390.28197872963216,0.0,1.0
01546,北海道,清里町,3497,0.0,,0,0,0,0,0,0.0,0.0,0.0,0.0,0.0,0.0,0.0,0.5,-0.18604407136832,-0.1682085825992745,-0.1646672005275802,-0.1505016722408027,-0.0533577191666426,0.55,-0.1326863522016774,,,,,,,,0.0
01547,北海道,小清水町,4217,1162.0,,1,0,0,1,0,0.0,0.0,23.71354043158644,0.0,0.0,,0.0,0.35,-0.1636071045699735,-0.1500258377532638,-0.142485878950126,-0.1123260437375746,0.450606241984166,0.55,-0.6142133465541396,49.0,38.0,0.0,87.0,1161.9634811477354,901.1145364002845,0.0,1.0
01549,北海道,訓子府町,4213,0.0,,0,0,0,0,0,0.0,0.0,0.0,0.0,0.0,0.0,0.0,0.5,-0.1653725763639375,-0.1425404329325352,-0.1356798559245722,-0.1082375478927203,-0.047941865827311,0.55,-0.1174307105366264,,,,,,,,0.0
01550,北海道,置戸町,2467,0.0,,0,0,0,1,0,0.0,0.0,40.53506282934738,0.0,0.0,,0.0,0.35,-0.242832702766244,-0.2371991681926813,-0.2327938173127657,-0.2151724137931034,-0.0271233625271576,0.55,-0.2157093402390864,47.0,48.0,0.0,95.0,1905.147952979327,1945.6830158086746,0.0,1.0
01552,北海道,佐呂間町,4369,0.0,,0,0,0,0,0,0.0,0.0,0.0,0.0,0.0,0.0,0.0,0.5,-0.2258698000317759,-0.215505133264221,-0.2135805771996121,-0.2058823529411765,0.3287639921880391,0.55,-0.554633792219815,,,,,,,,0.0
01555,北海道,遠軽町,17688,565.4,1.252589641434263,1,0,0,0,0,0.0,0.0,0.0,0.0,0.0,-0.8,0.5062948207171315,1.0,-0.1696807078173636,-0.1524683817188847,-0.151056338028169,-0.1454081632653061,0.7605569702907844,1.0,-0.930237678108148,160.0,0.0,135.0,295.0,904.5680687471732,0.0,763.2293080054274,1.0
01559,北海道,湧別町,7445,631.3,,1,0,0,0,0,0.0,0.0,0.0,0.0,0.0,0.0,0.0,0.5,-0.1581293955843337,-0.1370601676136145,-0.1305783666490311,-0.1046511627906976,0.3826006869295683,1.0,-0.5407300825139021,47.0,0.0,0.0,47.0,631.2961719274681,0.0,0.0,1.0
01560,北海道,滝上町,2138,0.0,,0,0,0,0,0,0.0,0.0,0.0,0.0,0.0,0.0,0.0,0.5,-0.2561328450330412,-0.2505515650433526,-0.2445032141689334,-0.2203098106712564,-0.0251590524593462,0.55,-0.2309737925736949,,,,,,,,0.0
01561,北海道,興部町,3339,0.0,,2,0,0,2,0,0.0,0.0,59.89817310572028,0.0,0.0,,0.0,0.35,-0.1739867137651454,-0.169685564180977,-0.1617423351368305,-0.1299694189602446,-0.0436353639477041,0.55,-0.1303513498174413,32.0,18.0,0.0,50.0,958.3707696915245,539.0835579514825,0.0,1.0
01562,北海道,西興部村,979,0.0,,0,0,0,0,0,0.0,0.0,0.0,0.0,0.0,0.0,0.0,0.5,0.0896497517969532,0.1280739297285018,0.1436608605209988,0.206008583690987,0.0690849952494752,0.55,0.020564756547478,,,,,,,,0.0
01563,北海道,雄武町,3812,655.8,,1,0,0,0,0,0.0,0.0,0.0,0.0,0.0,0.0,0.0,0.5,-0.1312380502577564,-0.1130795089981979,-0.1039588838517297,-0.0674763832658569,0.0988266393298839,0.55,-0.2300646895876404,25.0,0.0,0.0,25.0,655.8237145855194,0.0,0.0,1.0
01564,北海道,大空町,6181,679.5,,1,0,0,1,0,0.0,0.0,16.178611875101115,0.0,0.0,,0.0,0.35,-0.0810997855641976,-0.0524298267039052,-0.0416585546584166,0.0014265335235377,0.4936470440958627,0.55,-0.5747468296600603,36.0,40.0,0.0,76.0,582.4300275036402,647.1444750040446,0.0,1.0
01571,北海道,豊浦町,3553,0.0,,0,0,0,1,0,0.0,0.0,28.14522938361948,0.0,0.0,,0.0,0.35,-0.0890361808645626,-0.0612380759766744,-0.0583341760204942,-0.0467185761957731,0.205319414109554,0.55,-0.2943555949741167,0.0,60.0,0.0,60.0,0.0,1688.7137630171685,0.0,1.0
01575,北海道,壮瞥町,2495,0.0,,0,0,0,0,0,0.0,0.0,0.0,0.0,0.0,0.0,0.0,0.5,-0.156948059037699,-0.1463197717463928,-0.1406007909420878,-0.1177248677248676,0.1240993485954107,0.55,-0.2810474076331097,0.0,0.0,165.0,165.0,0.0,0.0,6613.226452905811,1.0
01578,北海道,白老町,14686,272.4,-0.149812734082397,1,0,0,0,0,0.0,0.0,0.0,0.0,0.0,-0.8,-0.1949063670411985,1.0,-0.2294425075477669,-0.2110239148335106,-0.21069127798553,-0.2093607305936072,-0.5489536472050639,1.0,0.3195111396572969,40.0,0.0,0.0,40.0,272.3682418629988,0.0,0.0,1.0
01581,北海道,厚真町,4159,0.0,,0,0,0,0,0,0.0,0.0,0.0,0.0,0.0,0.0,0.0,0.5,-0.1768623877986461,-0.1766682470072301,-0.1740618703330568,-0.1636363636363637,-0.0532033635666277,0.55,-0.1236590242320184,,,,,,,,0.0
01584,北海道,洞爺湖町,7646,784.7,,0,0,1,1,0,0.0,13.078733978550876,13.078733978550876,0.0,,,0.0,0.2,-0.2106067602776645,-0.1932555699930901,-0.1900635242893613,-0.1772953414744459,0.9132038228607796,1.0,-1.1238105831384444,160.0,127.0,0.0,287.0,2092.59743656814,1660.9992152759614,0.0,1.0
01585,北海道,安平町,6748,0.0,,0,0,0,0,0,0.0,0.0,0.0,0.0,0.0,0.0,0.0,0.5,-0.1700809442958369,-0.1504595396086751,-0.1522771794256336,-0.1595477386934674,-0.3654960811416089,0.55,0.195415136845772,,,,,,,,0.0
01586,北海道,むかわ町,6873,0.0,,1,0,0,0,0,0.0,0.0,0.0,0.0,0.0,0.0,0.0,0.5,-0.2021817199712122,-0.1848549556793822,-0.1766472549743955,-0.1438164521544488,0.2351928792642203,1.0,-0.4373745992354325,40.0,0.0,0.0,40.0,581.9874872690237,0.0,0.0,1.0
01601,北海道,日高町,10245,331.9,,1,0,0,0,0,0.0,0.0,0.0,0.0,0.0,0.0,0.0,0.5,-0.1576097041980823,-0.1370496973056897,-0.1316863103258869,-0.1102327624066754,-0.0891513490026409,0.55,-0.0684583551954413,34.0,0.0,0.0,34.0,331.8692044899951,0.0,0.0,1.0
01602,北海道,平取町,4313,0.0,,1,0,0,0,0,0.0,0.0,0.0,0.0,0.0,0.0,0.0,0.5,-0.1549260095611611,-0.1244173728813559,-0.123050847457627,-0.1175847457627118,0.0673381773951162,0.55,-0.2222641869562774,42.0,0.0,0.0,42.0,973.8001391143055,0.0,0.0,1.0
01604,北海道,新冠町,4993,0.0,,0,0,0,0,0,0.0,0.0,0.0,0.0,0.0,0.0,0.0,0.5,-0.0067758033673505,0.0241391243094398,0.0277736317488934,0.0423116615067078,-0.1867815331934743,0.55,0.1800057298261237,,,,,,,,0.0
01607,北海道,浦河町,11049,823.6,,1,0,0,1,0,0.0,0.0,9.050592813829306,0.0,0.0,,0.0,0.35,-0.1199801569881519,-0.0945178179813819,-0.0878926806713139,-0.0613921314310419,0.4049948149541872,0.55,-0.5249749719423391,91.0,51.0,0.0,146.0,823.6039460584668,461.5802335052946,0.0,1.0
01608,北海道,様似町,3562,0.0,,0,0,0,0,0,0.0,0.0,0.0,0.0,0.0,0.0,0.0,0.5,-0.1889888004647727,-0.1643169133705411,-0.154530453773356,-0.1153846153846154,-0.2671613613828906,0.55,0.0781725609181178,,,,,,,,0.0
01609,北海道,えりも町,3918,0.0,,0,0,0,0,0,0.0,0.0,0.0,0.0,0.0,0.0,0.0,0.5,-0.0795149697518511,-0.0541901839370193,-0.0366010922972948,0.0337552742616034,0.0925509873412058,0.55,-0.1720659570930569,,,,,,,,0.0
01610,北海道,新ひだか町,19789,596.3,1.8476599808978031,2,0,1,2,0,0.0,5.053312446308556,10.106624892617113,0.0,,1.270437403854168,1.3110536482670905,0.85,-0.1340284722354515,-0.1088585489715505,-0.1060452676834076,-0.094792142530836,0.9618876046020792,1.0,-1.095916076837531,188.0,111.0,158.0,457.0,950.0227399060084,560.9176815402496,798.4233665167517,1.0
01631,北海道,音更町,41130,145.9,-0.505926176769387,1,0,0,3,1,0.0,0.0,7.293946024799416,-0.8,0.0,1.5814369217932027,-0.1757475501157131,1.0,0.108510467435537,0.1582806857616883,0.1593983089399291,0.1638688016528926,-0.1059615801772563,1.0,0.2144720476127934,212.0,228.0,168.0,608.0,515.4388524191588,554.3398978847556,408.4609773887673,1.0
01632,北海道,士幌町,5471,0.0,,1,0,0,0,0,0.0,0.0,0.0,0.0,0.0,0.0,0.0,0.5,-0.0200650137452956,-0.0014667506309246,0.0173312723924565,0.0925233644859813,-0.2011303681761867,0.55,0.1810653544308911,50.0,0.0,0.0,50.0,913.9097057210747,0.0,0.0,1.0
01633,北海道,上士幌町,4519,0.0,,0,0,0,0,0,0.0,0.0,0.0,0.0,0.0,0.0,0.0,0.5,-0.1476718519546258,-0.1545948526954114,-0.1507528052332522,-0.1353846153846154,0.0643520429867753,0.55,-0.2120238949414011,,,,,,,,0.0
01634,北海道,鹿追町,4975,0.0,,1,0,0,1,0,0.0,0.0,20.100502512562816,0.0,0.0,,0.0,0.35,-0.0245329583484529,-0.0037657529636139,0.0036184136718896,0.0331550802139037,-0.1896208437329798,0.55,0.1650878853845269,30.0,20.0,0.0,50.0,603.0150753768844,402.0100502512563,0.0,1.0
01635,北海道,新得町,5353,0.0,,0,0,0,0,0,0.0,0.0,0.0,0.0,0.0,0.0,0.0,0.5,-0.1576437931835125,-0.1435647666746886,-0.1407748298362159,-0.1296150824823252,0.4906013021072695,0.55,-0.648245095290782,,,,,,,,0.0
01636,北海道,清水町,8480,471.7,,1,0,0,1,0,0.0,0.0,11.79245283018868,0.0,0.0,,0.0,0.35,-0.1315433556453223,-0.1181778970687873,-0.1142355388326647,-0.0984661058881741,0.6133964249549521,0.55,-0.7449397806002744,91.0,0.0,0.0,91.0,1073.1132075471698,0.0,0.0,1.0
01637,北海道,芽室町,17357,0.0,,1,0,0,1,0,0.0,0.0,5.761364291064124,0.0,0.0,0.3914797157863392,0.1174439147359017,0.5,0.0625792167930743,0.1065888734769224,0.1082099487967494,0.1146942500760572,0.2496214094246011,1.0,-0.1870421926315267,99.0,0.0,0.0,99.0,570.3750648153483,0.0,0.0,1.0
01638,北海道,中札内村,3795,0.0,,0,0,0,0,0,0.0,0.0,0.0,0.0,0.0,0.0,0.0,0.5,0.0540696894914647,0.0936700143974085,0.0938313603551361,0.0944767441860465,0.1591500446473281,0.55,-0.1050803551558634,,,,,,,,0.0
01639,北海道,更別村,2931,0.0,,0,0,0,0,0,0.0,0.0,0.0,0.0,0.0,0.0,0.0,0.5,0.0039443583157701,0.0292950592930186,0.037643697707639,0.0710382513661203,-0.0218822109426427,0.55,0.0258265692584128,,,,,,,,0.0
01641,北海道,大樹町,4999,0.0,,1,0,0,0,0,0.0,0.0,0.0,0.0,0.0,0.0,0.0,0.5,-0.1820377208070305,-0.1818552410678394,-0.1762803433354614,-0.1539807524059492,0.6572061652590258,0.55,-0.8392438860660563,50.0,0.0,0.0,50.0,1000.2000400080017,0.0,0.0,1.0
01642,北海道,広尾町,5771,0.0,,1,0,0,0,0,0.0,0.0,0.0,0.0,0.0,0.0,0.0,0.5,-0.1746046212265669,-0.1549469587229123,-0.1482382687327158,-0.1214035087719298,0.2555504002549574,0.55,-0.4301550214815243,48.0,0.0,0.0,48.0,831.7449315543233,0.0,0.0,1.0
01643,北海道,幕別町,24738,0.0,-1.0,0,0,0,1,0,0.0,0.0,4.04236397445226,0.0,0.0,0.0712365501791241,-0.4893145174731313,1.0,0.0229332556380364,0.0589253249154424,0.0639365274284659,0.0839813374805598,-0.6802541329135672,1.0,0.7031873885516037,52.0,58.0,0.0,110.0,210.20292667151753,234.45711051823105,0.0,1.0
01644,北海道,池田町,5658,0.0,,1,0,0,0,0,0.0,0.0,0.0,0.0,0.0,0.0,0.0,0.5,-0.2106523441816552,-0.1942166222369343,-0.1912772168793072,-0.179519595448799,0.5298156035042726,0.55,-0.7404679476859278,60.0,0.0,0.0,60.0,1060.4453870625664,0.0,0.0,1.0
01645,北海道,豊頃町,2767,0.0,,0,0,0,0,0,0.0,0.0,0.0,0.0,0.0,0.0,0.0,0.5,-0.1920051489213834,-0.1906924325451945,-0.182583100555106,-0.1501457725947521,0.1125344974866117,0.55,-0.3045396464079951,,,,,,,,0.0
01646,北海道,本別町,5886,0.0,,1,0,0,0,0,0.0,0.0,0.0,0.0,0.0,0.0,0.0,0.5,-0.2300097717619078,-0.2201334009187988,-0.2149810662847773,-0.194371727748691,0.8220569283060712,1.0,-1.052066700067979,60.0,0.0,0.0,60.0,1019.367991845056,0.0,0.0,1.0
01647,北海道,足寄町,5939,0.0,,1,0,0,0,0,0.0,0.0,0.0,0.0,0.0,0.0,0.0,0.5,-0.2396158912494513,-0.2419264780908112,-0.2396428773879031,-0.2305084745762712,0.4858027712224244,0.55,-0.7254186624718757,60.0,0.0,0.0,60.0,1010.2710894089914,0.0,0.0,1.0
01648,北海道,陸別町,2058,0.0,,0,0,0,0,0,0.0,0.0,0.0,0.0,0.0,0.0,0.0,0.5,-0.2251824231515825,-0.2211349818006952,-0.2207213728644912,-0.2190669371196755,-0.0025317012927418,0.55,-0.2226507218588407,,,,,,,,0.0
01649,北海道,浦幌町,3903,0.0,,0,0,0,0,0,0.0,0.0,0.0,0.0,0.0,0.0,0.0,0.5,-0.2178170104176896,-0.2097007664134795,-0.19647251086923,-0.143559488692232,0.1222389313562837,0.55,-0.3400559417739734,,,,,,,,0.0
01661,北海道,釧路町,17778,0.0,-1.0,0,0,0,0,0,0.0,0.0,0.0,0.0,0.0,-0.8,-0.62,1.0,0.0620642212089182,0.1074399934733539,0.1299128903952079,0.2198044780826238,-0.7332871312104496,1.0,0.7953513524193679,0.0,0.0,0.0,0.0,0.0,0.0,0.0,1.0
01662,北海道,厚岸町,8014,686.3,,1,0,0,0,0,0.0,0.0,0.0,0.0,0.0,0.0,0.0,0.5,-0.1493833240169935,-0.1251913564776004,-0.1165977869771006,-0.0822235089751013,0.3224540056419809,0.55,-0.4718373296589744,55.0,0.0,0.0,55.0,686.2989767906164,0.0,0.0,1.0
01663,北海道,浜中町,5069,0.0,,0,0,0,0,0,0.0,0.0,0.0,0.0,0.0,0.0,0.0,0.5,-0.0436263834995464,-0.0215816512972635,-0.0024505062229959,0.0740740740740741,-0.1881053785144373,0.55,0.1444789950148909,,,,,,,,0.0
01664,北海道,標茶町,6656,901.4,,1,0,0,0,0,0.0,0.0,0.0,0.0,0.0,0.0,0.0,0.5,-0.1039223548809043,-0.0883866265499306,-0.0742439109601212,-0.0176730486008837,0.2834298982120751,0.55,-0.3873522530929794,60.0,0.0,0.0,60.0,901.4423076923076,0.0,0.0,1.0
01665,北海道,弟子屈町,6272,0.0,,0,0,0,2,0,0.0,0.0,31.887755102040813,0.0,0.0,,0.0,0.35,-0.1614500749025294,-0.1393599717166166,-0.1306804876131997,-0.0959625511995319,1.4140358757733684,1.0,-1.5754859506758978,55.0,144.0,0.0,199.0,876.9132653061224,2295.918367346939,0.0,1.0
01667,北海道,鶴居村,2424,0.0,,0,0,0,0,0,0.0,0.0,0.0,0.0,0.0,0.0,0.0,0.5,-0.0041920207727979,0.0186141775133338,0.0293162932777236,0.0721247563352827,0.1491413617282408,0.55,-0.1533333825010387,,,,,,,,0.0
01668,北海道,白糠町,6402,0.0,,0,0,0,0,0,0.0,0.0,0.0,0.0,0.0,0.0,0.0,0.5,-0.2497666814254614,-0.2260040841293383,-0.2213967391135596,-0.202967359050445,-0.6891604623226077,1.0,0.4393937808971463,,,,,,,,0.0
01691,北海道,別海町,13496,251.9,,1,0,0,0,0,0.0,0.0,0.0,0.0,0.0,0.0,0.0,0.5,0.0228897548651546,0.0481260770327235,0.0693406964127782,0.1541991739329968,0.5794403360885169,1.0,-0.5565505812233622,84.0,0.0,0.0,84.0,622.4066390041494,0.0,0.0,1.0
01692,北海道,中標津町,21838,549.5,1.758534136546185,1,0,0,1,0,0.0,0.0,4.5791739170253685,0.0,0.0,0.3067948901258523,0.9252863017919704,1.0,0.112249282557206,0.1618532167420968,0.1710417594068617,0.2077959300659215,0.7737558894704941,1.0,-0.6615066069132881,173.0,120.0,0.0,293.0,792.1970876453887,549.5008700430442,0.0,1.0
01693,北海道,標津町,4724,740.9,,1,0,0,0,0,0.0,0.0,0.0,0.0,0.0,0.0,0.0,0.5,-0.0683864218635041,-0.0429052763583686,-0.038144445805796,-0.0191011235955056,-0.1796875096982254,0.55,0.1113010878347213,35.0,0.0,0.0,35.0,740.8975444538527,0.0,0.0,1.0
01694,北海道,羅臼町,4191,0.0,,0,0,0,0,0,0.0,0.0,0.0,0.0,0.0,0.0,0.0,0.5,-0.0464329631706615,0.0093069781757535,0.0211406729798793,0.0684754521963824,-0.0535697441223478,0.55,0.0071367809516862,,,,,,,,0.0
02201,青森県,青森市,260035,571.5,0.0100742311770944,12,3,5,7,2,1.1536908493087468,1.9228180821812448,2.6919453150537427,-0.0286252709127503,0.5358081817502369,-0.0224993908499105,0.0763083800410461,1.0,-0.0101236439329153,0.0281331755496196,0.0348892276451762,0.0619134360274027,0.0187899698349706,1.0,-0.028913613767886,2183.0,481.0,810.0,3498.0,839.5023746803315,184.97509950583577,311.4965293133617,1.0
02202,青森県,弘前市,157226,1053.9,1.048794712286159,10,1,2,6,2,0.6360271201964052,1.2720542403928103,3.816162721178431,-0.4480204593244563,-0.0136472209830907,0.2966693185985136,0.4772465789205016,1.0,-0.0209273141730978,0.0108745245069606,0.0178471353328762,0.0457375786365386,0.5476806854270442,1.0,-0.568607999600142,1979.0,419.0,671.0,3073.0,1258.697670868686,266.4953633622938,426.7741976517879,1.0
02203,青森県,八戸市,213173,575.6,0.0880907372400756,8,2,2,10,3,0.9382051197853388,0.9382051197853388,4.691025598926693,-0.1930802371902701,-0.2550598354995136,0.7350967611686665,0.0774348600323567,1.0,0.0048683338476873,0.0430669711756727,0.0477130800833097,0.0662975157138581,0.12857814434285,1.0,-0.1237098104951626,1878.0,424.0,994.0,3302.0,880.974607478433,198.8994853944918,466.2879445333133,1.0
02204,青森県,黒石市,29604,587.8,0.665627656559932,1,1,0,1,0,3.3779219024456157,0.0,3.3779219024456157,0.2897744993733073,0.0,-0.0888928404949974,0.3774348020803778,1.0,-0.0418576909364905,-0.0057664047044603,0.006516119056275,0.0556462140992166,0.207324060260291,1.0,-0.2491817511967815,297.0,173.0,157.0,627.0,1003.2428050263478,584.3804891230915,530.3337386839615,1.0
02205,青森県,五所川原市,47437,788.4,0.7157780195865071,2,0,0,3,1,0.0,0.0,6.324177329932331,-0.8,-0.8,0.4499193904919027,0.1453769183670389,1.0,-0.0519931098322761,-0.0153214878349616,-0.0048476555178257,0.0370476737507179,0.3149580493375595,1.0,-0.3669511591698357,440.0,123.0,164.0,731.0,927.5460083900751,259.29127052722555,345.7216940363008,1.0
02206,青森県,十和田市,57201,662.6,0.4420021762785637,3,0,0,0,1,0.0,0.0,0.0,-0.8,-0.8,-0.8,-0.1789989118607181,1.0,-0.0093697634121689,0.0226891467212403,0.0326499281372853,0.0724930538014649,0.1060855407540696,1.0,-0.1154553041662386,379.0,0.0,499.0,882.0,662.575829093897,0.0,872.3623712872152,1.0
02207,青森県,三沢市,37512,319.9,0.1821877309682185,1,0,0,1,0,0.0,0.0,2.6658136063126467,0.0,0.0,0.04178273610856,0.0973612759003932,1.0,0.0731354696570421,0.1173035013437311,0.1259521093585032,0.1605465414175917,0.5792665685394437,1.0,-0.5061310988824015,198.0,84.0,140.0,422.0,527.831094049904,223.92834293026232,373.2139048837705,1.0
02208,青森県,むつ市,49438,641.2,0.3215169002473208,1,1,0,1,1,2.022735547554513,0.0,2.022735547554513,0.0045789862542897,-0.8,-0.5172376681818504,-0.0359114028527591,1.0,-0.0536135988424094,-0.0206617434691304,-0.0115264402746149,0.0250147725034468,-0.0946862498150125,1.0,0.041072650972603,376.0,80.0,54.0,514.0,760.5485658804968,161.818843804361,109.22771956794368,1.0
02209,青森県,つがる市,28046,0.0,-1.0,0,0,0,1,0,0.0,0.0,3.565570847892748,-0.8,0.0,-0.1917841776794886,-0.6887676266519234,1.0,-0.1100308677592259,-0.0819012428242486,-0.0688485405556951,-0.0166377314814815,-0.8573264442189248,1.0,0.7472955764596988,0.0,43.0,0.0,43.0,0.0,153.31954645938814,0.0,1.0
02210,青森県,平川市,28640,0.0,-1.0,0,0,0,0,0,0.0,0.0,0.0,-0.8,0.0,-0.8,-0.78,1.0,-0.0705982160445252,-0.0447120102221638,-0.0345336348487345,0.0061798666449828,-0.8606702883005859,1.0,0.7900720722560607,,,,,,,,0.0
02301,青森県,平内町,9068,0.0,,1,0,0,1,0,0.0,0.0,11.027790030877812,0.0,0.0,,0.0,0.35,-0.1500658119357488,-0.1298236644411693,-0.1119149735844591,-0.0402802101576181,-0.0816904777798173,1.0,-0.0683753341559314,48.0,48.0,0.0,96.0,529.333921482135,529.333921482135,0.0,1.0
02303,青森県,今別町,1991,0.0,,0,0,0,0,0,0.0,0.0,0.0,0.0,0.0,0.0,0.0,0.5,-0.3479745232282814,-0.335548172757475,-0.3255813953488372,-0.2857142857142857,0.0640959373798073,0.55,-0.4120704606080887,,,,,,,,0.0
02304,青森県,蓬田村,2290,0.0,,0,0,0,0,0,0.0,0.0,0.0,0.0,0.0,0.0,0.0,0.5,-0.1426578102526264,-0.1154932323638925,-0.1022630069437456,-0.0493421052631578,-0.0212416283796287,0.55,-0.1214161818729977,,,,,,,,0.0
02307,青森県,外ヶ浜町,4584,0.0,,1,0,0,0,0,0.0,0.0,0.0,0.0,0.0,0.0,0.0,0.5,-0.303115810247264,-0.2815254978521606,-0.2762184665367188,-0.2549903412749517,0.4370888780486081,0.55,-0.7402046882958722,44.0,0.0,0.0,44.0,959.8603839441536,0.0,0.0,1.0
02321,青森県,鰺ヶ沢町,7975,0.0,,1,0,0,0,0,0.0,0.0,0.0,0.0,0.0,0.0,0.0,0.5,-0.1637569588262111,-0.1363655865438245,-0.1228670667305873,-0.0688729874776385,0.5455973344924314,1.0,-0.7093542933186425,60.0,0.0,0.0,60.0,752.3510971786834,0.0,0.0,1.0
02323,青森県,深浦町,6325,0.0,,0,0,0,0,0,0.0,0.0,0.0,0.0,0.0,0.0,0.0,0.5,-0.2862736466243435,-0.2672744284386334,-0.2595071884385524,-0.2284382284382284,-0.7155437015869269,1.0,0.4292700549625833,,,,,,,,0.0
02343,青森県,西目屋村,1147,0.0,,0,0,0,0,0,0.0,0.0,0.0,0.0,0.0,0.0,0.0,0.5,-0.2440032121622777,-0.2356100795755968,-0.2250397877984085,-0.1827586206896552,-0.1454545454545454,0.55,-0.0985486667077323,,,,,,,,0.0
02361,青森県,藤崎町,13763,457.7,,1,1,1,1,0,7.265857734505559,7.265857734505559,7.265857734505559,,,,,0.0,-0.0171625887555361,0.0128475819347188,0.023857846762411,0.0678989060731798,0.8889845763790643,0.85,-0.9061471651346004,107.0,42.0,0.0,149.0,777.4467775920947,305.16602484923345,0.0,1.0
02362,青森県,大鰐町,7666,0.0,,0,0,0,0,0,0.0,0.0,0.0,0.0,0.0,0.0,0.0,0.5,-0.1940571077517032,-0.1692767420707799,-0.1601587384512753,-0.1236867239732569,-0.6816172369039701,1.0,0.4875601291522669,,,,,,,,0.0
02367,青森県,田舎館村,6829,0.0,,0,0,0,0,0,0.0,0.0,0.0,0.0,0.0,0.0,0.0,0.5,-0.0743880914066686,-0.0535086674372009,-0.0406030772004494,0.0110192837465563,-0.0913705292332282,0.55,0.0169824378265595,,,,,,,,0.0
02381,青森県,板柳町,11323,0.0,,1,0,0,1,0,0.0,0.0,8.83158173628897,0.0,0.0,,0.0,0.35,-0.095066223267258,-0.0584127949093531,-0.0483720269722586,-0.0082089552238805,0.1715730569390398,1.0,-0.2666392802062979,45.0,32.0,0.0,77.0,397.42117813300365,282.610615561247,0.0,1.0
02384,青森県,鶴田町,10650,0.0,,0,0,0,0,0,0.0,0.0,0.0,0.0,0.0,0.0,0.0,0.5,-0.1236133226155943,-0.0903371770544446,-0.0834272368997226,-0.0557874762808349,-0.7357326401596707,1.0,0.6121193175440763,,,,,,,,0.0
02387,青森県,中泊町,8413,0.0,,0,0,0,0,0,0.0,0.0,0.0,0.0,0.0,0.0,0.0,0.5,-0.2205053665983914,-0.1965666267484582,-0.183222947267232,-0.1298482293423272,-0.7325144095480208,1.0,0.5120090429496293,,,,,,,,0.0
02401,青森県,野辺地町,10974,546.7,,1,1,0,1,0,9.11244760342628,0.0,9.11244760342628,,0.0,1.7834882449425913,0.8917441224712956,0.3,-0.1023867963436956,-0.0750334121758805,-0.0629374919007963,-0.0145538108004595,0.7802938719146767,1.0,-0.8826806682583723,120.0,31.0,0.0,151.0,1093.4937124111536,282.4858757062147,0.0,1.0
02402,青森県,七戸町,13228,529.2,,1,0,0,0,0,0.0,0.0,0.0,0.0,0.0,-0.8,-0.24,0.5,-0.1303396260148834,-0.1059072153752997,-0.094384691708631,-0.0482945970419559,0.2975694680476199,1.0,-0.4279090940625034,70.0,0.0,0.0,70.0,529.1805261566375,0.0,0.0,1.0
02405,青森県,六戸町,10057,0.0,,0,0,0,0,0,0.0,0.0,0.0,0.0,0.0,0.0,0.0,0.5,0.0080172710490679,0.024516369047619,0.0351339285714285,0.0776041666666667,-0.2572657335071484,0.55,0.2652830045562163,,,,,,,,0.0
02406,青森県,横浜町,3908,0.0,,0,0,0,0,0,0.0,0.0,0.0,0.0,0.0,0.0,0.0,0.5,-0.1359712304158072,-0.1129592544166947,-0.109586622752575,-0.0960960960960961,-0.2661445784640702,0.55,0.1301733480482629,,,,,,,,0.0
02408,青森県,東北町,15136,350.2,0.4959419051687312,1,0,0,1,0,0.0,0.0,6.606765327695561,0.0,0.0,0.2017659059237297,0.2782358384729251,1.0,-0.0935775712676032,-0.0692635197883986,-0.0582363005952618,-0.0141274238227147,0.2512440626736485,1.0,-0.3448216339412517,53.0,57.0,0.0,110.0,350.1585623678647,376.5856236786469,0.0,1.0
02411,青森県,六ヶ所村,9856,0.0,,0,0,0,0,0,0.0,0.0,0.0,0.0,0.0,0.0,0.0,0.5,0.0856547278298337,0.1280169980943805,0.144679393682476,0.2113289760348584,-0.6591547455518108,1.0,0.7448094733816445,,,,,,,,0.0
02412,青森県,おいらせ町,23877,326.7,0.5890077821011672,1,0,0,1,0,0.0,0.0,4.188130837207354,0.0,0.0,0.2012394399548855,0.3246898070438164,1.0,0.1514923655107213,0.2003902050135257,0.2117655734104403,0.2572670469980984,-0.3057107671271443,1.0,0.4572031326378656,78.0,20.0,0.0,98.0,326.6742053021736,83.7626167441471,0.0,1.0
02423,青森県,大間町,4186,1146.7,,1,0,0,0,0,0.0,0.0,0.0,0.0,0.0,0.0,0.0,0.5,-0.069374101064866,-0.0312560667831488,-0.0113634892901054,0.0682068206820682,0.4429918992317253,0.55,-0.5123660002965913,48.0,0.0,0.0,48.0,1146.679407548973,0.0,0.0,1.0
02424,青森県,東通村,5351,0.0,,0,0,0,0,0,0.0,0.0,0.0,0.0,0.0,0.0,0.0,0.5,-0.0896267802652429,-0.063934894346088,-0.0452655625356939,0.0294117647058822,0.5971682028963525,0.55,-0.6867949831615955,,,,,,,,0.0
02425,青森県,風間浦村,1444,0.0,,0,0,0,0,0,0.0,0.0,0.0,0.0,0.0,0.0,0.0,0.5,-0.1882533498679379,-0.1730058139534883,-0.1608046511627907,-0.1119999999999999,0.0023881273202006,0.55,-0.1906414771881385,,,,,,,,0.0
02426,青森県,佐井村,1516,0.0,,0,0,0,0,0,0.0,0.0,0.0,0.0,0.0,0.0,0.0,0.5,-0.2286123010852255,-0.2034150849956235,-0.1902715713825033,-0.1376975169300225,0.3501423984442233,0.55,-0.5787546995294489,,,,,,,,0.0
02441,青森県,三戸町,8122,554.1,,1,0,0,1,0,0.0,0.0,12.312238364934746,0.0,0.0,,0.0,0.35,-0.1750095397804328,-0.1493422150884515,-0.1418639468463871,-0.1119508738781294,0.3486527793421877,1.0,-0.5236623191226206,45.0,39.0,0.0,84.0,554.0507264220635,480.1772962324551,0.0,1.0
02442,青森県,五戸町,14540,619.0,1.272393538913363,1,0,0,0,0,0.0,0.0,0.0,0.0,0.0,-0.8,0.5161967694566815,1.0,-0.1089635448994583,-0.0830423513749635,-0.0685431293422639,-0.0105462412114656,-0.0957035793964795,1.0,-0.0132599655029788,165.0,0.0,0.0,165.0,1134.8005502063274,0.0,0.0,1.0
02443,青森県,田子町,4423,0.0,,0,0,0,0,0,0.0,0.0,0.0,0.0,0.0,0.0,0.0,0.5,-0.1630236950618511,-0.1408871136525684,-0.1266747782038502,-0.0698254364089775,-0.3383751885452025,0.55,0.1753514934833513,,,,,,,,0.0
02445,青森県,南部町,15273,563.1,1.689111747851003,2,1,0,1,0,6.547502127938192,0.0,6.547502127938192,,0.0,0.1235299026253653,1.0788566991491328,0.8,-0.0855865851397879,-0.052164464557837,-0.0409418901511393,0.0039484074756515,0.5546068886570754,1.0,-0.6401934737968634,86.0,40.0,0.0,126.0,563.0851830026845,261.9000851175277,0.0,1.0
02446,青森県,階上町,12769,0.0,,0,0,0,0,0,0.0,0.0,0.0,0.0,0.0,0.0,0.0,0.5,0.1062562537377969,0.1555540175460369,0.1799232480215364,0.2774001699235344,-0.77,1.0,0.8762562537377969,,,,,,,,0.0
02450,青森県,新郷村,1914,0.0,,0,0,0,0,0,0.0,0.0,0.0,0.0,0.0,0.0,0.0,0.5,-0.2383976146658522,-0.2266159541476562,-0.2100530938966373,-0.1438016528925619,-0.0379504252659364,0.55,-0.2004471893999157,,,,,,,,0.0
03201,岩手県,盛岡市,282066,565.8,0.0657374270107364,13,5,4,9,3,1.7726347734218233,1.4181078187374587,3.190742592159282,0.6136647116874547,0.1371273809758604,0.1835319415600529,0.2037005542232461,1.0,0.0815616731321924,0.1216645784215433,0.128162426840226,0.154153820514957,0.1426014074897096,1.0,-0.0610397343575171,2806.0,630.0,1100.0,4383.0,994.8026348443273,223.3519814511497,389.9796501528011,1.0
03202,岩手県,宮古市,46113,496.6,0.1169590643274853,1,0,1,1,0,0.0,2.168585865157331,2.168585865157331,-0.8,0.0582415996432641,-0.5206071594075109,-0.1708753018008943,1.0,-0.1606461064103419,-0.1389294160328301,-0.135050079960195,-0.1195327356696549,0.1469340960527957,1.0,-0.3075802024631376,229.0,148.0,482.0,873.0,496.60616312102877,320.950708043285,1045.2583870058336,1.0
03203,岩手県,大船渡市,32025,780.6,1.0,1,0,0,0,1,0.0,0.0,0.0,-0.8,0.0,-0.8,0.2199999999999999,1.0,-0.1187311873500451,-0.090594942380058,-0.0870952968252761,-0.0730967146061485,0.4736903731008825,1.0,-0.5924215604509278,280.0,0.0,105.0,399.0,874.3169398907104,0.0,327.8688524590164,1.0
03205,岩手県,花巻市,87861,100.2,-0.8029110936270653,3,1,1,2,1,1.1381614140517409,1.1381614140517409,2.2763228281034817,-0.2714329040604301,-0.1674980389663382,-0.3214680353858887,-0.5290870387784526,1.0,-0.0756054679985848,-0.0516780113325434,-0.0484318227036044,-0.0354470681878482,-0.4678055651369209,1.0,0.392200097138336,438.0,45.0,288.0,771.0,498.51469935466247,51.21726363232833,327.79048724690136,1.0
03206,岩手県,北上市,91700,626.0,0.8256051326917471,3,0,2,1,0,0.0,2.1810250817884405,1.0905125408942202,-0.8,1.033784126458202,-0.5628825451030968,0.3234378035491392,1.0,0.0626963648378,0.1046230393093839,0.1051607764074194,0.1073117247995614,0.3438326751197226,1.0,-0.2811363102819225,694.0,140.0,124.0,982.0,756.8157033805888,152.67175572519085,135.22355507088332,1.0
03207,岩手県,久慈市,29642,617.4,0.7495041088126948,2,1,0,1,0,3.373591525538088,0.0,3.373591525538088,0.1566812430613369,0.0,-0.0938247246723675,0.3920145943177596,1.0,-0.0329735788768268,0.0045452374180668,0.0167783267135269,0.0657106838953671,0.3697545614164017,1.0,-0.4027281402932285,326.0,65.0,210.0,605.0,1099.7908373254165,219.28344915997573,708.4542203629984,1.0
03208,岩手県,遠野市,22577,478.4,0.2642706131078225,1,0,0,0,0,0.0,0.0,0.0,-0.8,0.0,-0.8,-0.1478646934460887,1.0,-0.1513501581179543,-0.1381910843212112,-0.1256774833668358,-0.0756230795493342,-0.2338812211822312,1.0,0.0825310630642769,108.0,0.0,116.0,226.0,478.3629357310537,0.0,513.7972272666874,1.0
03209,岩手県,一関市,101167,414.2,-0.2259390768080733,5,1,0,1,1,0.988464617909002,0.0,0.988464617909002,-0.3941560799497905,-0.8,-0.728233363568075,-0.421035758929206,1.0,-0.0900919388602772,-0.0660629797979901,-0.0539168886506699,-0.005332524061389,-0.1384511995684485,1.0,0.0483592607081712,948.0,60.0,359.0,1381.0,937.0644577777339,59.307877074540116,354.8587978293317,1.0
03210,岩手県,陸前高田市,16479,0.0,-1.0,1,0,0,1,1,0.0,0.0,6.068329388919231,0.0,0.0,0.0818614877471415,-0.4877207768379287,1.0,-0.1391289740845339,-0.1132392241929983,-0.1091158564860925,-0.0926223856584693,-0.4211010047575645,1.0,0.2819720306730305,60.0,0.0,0.0,60.0,364.09976333515385,0.0,0.0,1.0
03211,岩手県,釜石市,28967,621.4,0.7608387645225276,3,0,0,2,0,0.0,0.0,6.904408464804778,-0.8,0.0,0.7013768109848557,0.3256259039089921,1.0,-0.1867729372852489,-0.1666809627848826,-0.1644665020243637,-0.1556086589822884,0.6792884277023001,1.0,-0.866061364987549,336.0,102.0,155.0,593.0,1159.9406220872027,352.1248317050437,535.0916560223703,1.0
03213,岩手県,二戸市,23203,754.2,1.064039408866995,1,1,0,0,0,4.309787527474896,0.0,0.0,0.2812676855524136,0.0,-0.8,0.4682732415439803,1.0,-0.0991754322248802,-0.0721987311932326,-0.0627252073391031,-0.0248311119225853,0.4398992712906473,1.0,-0.5390747035155276,225.0,0.0,0.0,230.0,969.7021936818516,0.0,0.0,1.0
03214,岩手県,八幡平市,21719,230.2,-0.3781739600216099,2,0,1,0,0,0.0,4.60426354804549,0.0,-0.8,,-0.8,-0.5518670353068295,0.85,-0.1267213800787654,-0.10416827622051,-0.087091846409934,-0.01878612716763,-0.3283189094191683,1.0,0.2015975293404029,110.0,100.0,0.0,210.0,506.46899028500394,460.426354804549,0.0,1.0
03215,岩手県,奥州市,105442,363.2,-0.3239017125837677,7,1,1,4,0,0.9483886876197342,0.9483886876197342,3.7935547504789366,-0.320492573722455,-0.2906605606121731,0.1100930761446092,-0.2531344937065095,1.0,-0.0808575459961495,-0.058600522612451,-0.0505279928869559,-0.0182378739849754,-0.0532740269078848,1.0,-0.0275835190882646,957.0,290.0,274.0,1549.0,907.6079740520855,275.03271940972286,259.8585004078071,1.0
03216,岩手県,滝沢市,54966,80.0,-0.7133643855249014,2,0,1,1,0,0.0,1.819306480369683,1.819306480369683,-0.8,0.2265057606089433,-0.3177555885755216,-0.5303696669574375,1.0,0.1501510301831618,0.1945931893347862,0.2095441431801994,0.2693479585618525,-0.5910756259582679,1.0,0.7412266561414297,184.0,46.0,0.0,230.0,334.7523923880217,83.68809809700542,0.0,1.0
03301,岩手県,雫石町,14210,0.0,-1.0,0,0,1,1,0,0.0,7.037297677691766,7.037297677691766,0.0,,0.2075772134269671,-0.551604021159947,0.85,-0.093087605765783,-0.0644212605269444,-0.0527558128324667,-0.006094022054556,-0.194488051700533,1.0,0.10140044593475,100.0,88.0,0.0,188.0,703.7297677691766,619.2821956368755,0.0,1.0
03302,岩手県,葛巻町,4982,0.0,,1,0,0,0,0,0.0,0.0,0.0,0.0,0.0,0.0,0.0,0.5,-0.1992845469022757,-0.1849708158482331,-0.1693577947768601,-0.1069057104913678,0.1878880311064938,0.55,-0.3871725780087696,60.0,0.0,0.0,60.0,1204.3356081894822,0.0,0.0,1.0
03303,岩手県,岩手町,10591,0.0,,0,0,0,0,0,0.0,0.0,0.0,0.0,0.0,-0.8,-0.24,0.5,-0.1034501988301025,-0.0740586870986906,-0.0572667516591505,0.0099009900990099,-0.6036407570551503,1.0,0.5001905582250477,,,,,,,,0.0
03321,岩手県,紫波町,31463,0.0,-1.0,0,0,0,0,0,0.0,0.0,0.0,0.0,0.0,-0.8,-0.62,1.0,0.0294781856751384,0.0625801484849883,0.0710823506421358,0.1050911592707257,-0.7007349323834379,1.0,0.7302131180585764,0.0,0.0,286.0,286.0,0.0,0.0,909.0042271874901,1.0
03322,岩手県,矢巾町,27541,3347.7,13.536257056013891,2,0,1,4,1,0.0,3.630950219672488,14.523800878689952,0.0,,2.0,8.315445327066996,0.85,0.1437008550098494,0.1873949860426601,0.2007434120019768,0.2541371158392436,2.523372371322404,1.0,-2.3796715163125546,1114.0,78.0,58.0,1250.0,4044.8785447151517,283.21411713445406,210.5951127410043,1.0
03366,岩手県,西和賀町,4408,0.0,,1,0,0,0,0,0.0,0.0,0.0,0.0,0.0,0.0,0.0,0.5,-0.2764655575243574,-0.2692141389203524,-0.2555352455625114,-0.2008196721311475,0.5678624932736043,0.55,-0.8443280507979617,40.0,0.0,0.0,40.0,907.4410163339384,0.0,0.0,1.0
03381,岩手県,金ケ崎町,14904,0.0,,0,0,0,0,0,0.0,0.0,0.0,0.0,0.0,-0.8,-0.24,0.5,0.0175780202230881,0.0441419361249777,0.0521310451292431,0.0840874811463046,-0.6805799658686763,1.0,0.6981579860917645,,,,,,,,0.0
03402,岩手県,平泉町,6617,0.0,,0,0,0,0,0,0.0,0.0,0.0,0.0,0.0,0.0,0.0,0.5,-0.113297839175904,-0.0951136587431981,-0.078973132508343,-0.0144110275689223,-0.7556650031289445,1.0,0.6423671639530404,,,,,,,,0.0
03441,岩手県,住田町,4495,0.0,,0,0,0,0,0,0.0,0.0,0.0,0.0,0.0,0.0,0.0,0.5,-0.2117665746767992,-0.2052917239936158,-0.1944044522897605,-0.1508553654743391,-0.2432015292977869,0.55,0.0314349546209876,,,,,,,,0.0
03461,岩手県,大槌町,9937,0.0,,1,0,0,0,0,0.0,0.0,0.0,0.0,0.0,0.0,0.0,0.5,-0.174096893333074,-0.1549426544640199,-0.1466774540135402,-0.1136166522116218,0.2890864945185704,1.0,-0.4631833878516445,50.0,0.0,0.0,50.0,503.1699708161417,0.0,0.0,1.0
03482,岩手県,山田町,12884,0.0,,1,0,0,0,0,0.0,0.0,0.0,0.0,0.0,-0.8,-0.24,0.5,-0.2208842266556589,-0.1996991733682291,-0.1989333441607235,-0.1958700273307014,-0.2540872606278159,1.0,0.0332030339721569,50.0,0.0,0.0,50.0,388.078236572493,0.0,0.0,1.0
03483,岩手県,岩泉町,7774,0.0,,1,0,0,0,0,0.0,0.0,0.0,0.0,0.0,0.0,0.0,0.5,-0.1947229004594769,-0.1797580003486945,-0.1697792085302449,-0.1298640412564463,0.0006565850084768,1.0,-0.1953794854679537,60.0,0.0,0.0,60.0,771.8034473887317,0.0,0.0,1.0
03484,岩手県,田野畑村,2736,0.0,,0,0,0,0,0,0.0,0.0,0.0,0.0,0.0,0.0,0.0,0.5,-0.1397347844312764,-0.1164746427521575,-0.100968309472936,-0.03894297635605,-0.0404742748295565,0.55,-0.0992605096017199,,,,,,,,0.0
03485,岩手県,普代村,2210,0.0,,0,0,0,0,0,0.0,0.0,0.0,0.0,0.0,0.0,0.0,0.5,-0.140476618793534,-0.1127011744236624,-0.0967725097868638,-0.0330578512396694,-0.0319232327045331,0.55,-0.1085533860890009,,,,,,,,0.0
03501,岩手県,軽米町,7582,699.0,,1,0,0,1,0,0.0,0.0,13.189132155104195,0.0,0.0,,0.0,0.35,-0.1256372285931618,-0.1018039777274843,-0.086673307705,-0.0261506276150628,0.5511594828702064,1.0,-0.6767967114633683,53.0,45.0,0.0,98.0,699.0240042205223,593.5109469796887,0.0,1.0
03503,岩手県,野田村,3615,0.0,,0,0,0,0,0,0.0,0.0,0.0,0.0,0.0,0.0,0.0,0.5,-0.1083007182541619,-0.0821894838698009,-0.0722904822480391,-0.0326944757609921,-0.0541854214116742,0.55,-0.0541152968424876,,,,,,,,0.0
03506,岩手県,九戸村,4834,0.0,,0,0,0,0,0,0.0,0.0,0.0,0.0,0.0,0.0,0.0,0.5,-0.1780663258052294,-0.16073140016028,-0.1495589028997596,-0.1048689138576779,-0.4185434735181227,0.55,0.2404771477128933,,,,,,,,0.0
03507,岩手県,洋野町,13512,0.0,-1.0,1,0,0,0,0,0.0,0.0,0.0,0.0,0.0,-0.8,-0.62,1.0,-0.1184431271049516,-0.0865512027645549,-0.0728611237265423,-0.0181008075744918,-0.5252934974627351,1.0,0.4068503703577835,41.0,0.0,0.0,41.0,303.4339846062759,0.0,0.0,1.0
03524,岩手県,一戸町,9938,483.0,,1,0,0,0,1,0.0,0.0,0.0,0.0,0.0,-0.8,-0.24,0.5,-0.1535509332015836,-0.1316141394268927,-0.1154946103524079,-0.0510164940544687,0.0269566550072802,1.0,-0.1805075882088638,48.0,0.0,147.0,199.0,482.994566311129,0.0,1479.1708593278327,1.0
04101,宮城県,仙台市青葉区,316178,858.4,1.1671295127493058,11,6,3,7,3,1.8976652392007036,0.9488326196003516,2.2139427790674877,1.0545766122542464,-0.0543737246210213,0.0634683363709522,0.7958442705879918,1.0,0.1872245242365772,0.2403856528984493,0.2391007806251469,0.2339612915319369,0.6655939802666861,1.0,-0.4783694560301089,3434.0,511.0,1064.0,5011.0,1086.0970719025358,161.61782287192656,336.51930241825806,1.0
04102,宮城県,仙台市宮城野区,193585,906.1,1.1309971777986831,9,0,1,3,4,0.0,0.5165689490404732,1.5497068471214197,-0.8,-0.4276592712198208,-0.210463003329791,0.3097802477168997,1.0,0.2026449062342011,0.2666479158068253,0.2591658523627382,0.2292375985863897,0.5630992951431116,1.0,-0.3604543889089105,2031.0,108.0,477.0,2616.0,1049.1515355012011,55.789446496371106,246.40338869230573,1.0
04103,宮城県,仙台市若林区,143747,150.3,-0.6097117631783953,3,0,3,3,0,0.0,2.0870000765233363,2.0870000765233363,-0.8,1.2798114257766366,0.0248369346505075,-0.269158627525126,1.0,0.1776288316773186,0.2347767534499858,0.2293773258763977,0.2077796155820452,-0.4639106318318208,1.0,0.6415394635091394,433.0,77.0,0.0,510.0,301.22367771153483,53.566335297432296,0.0,1.0
04104,宮城県,仙台市太白区,238726,483.0,0.1211699164345403,6,2,2,3,2,0.8377805517622713,0.8377805517622713,1.256670827643407,-0.0862306668561481,-0.2336853671498479,-0.4408322304557024,-0.057838814794792,1.0,0.1403024048694889,0.1905932542169438,0.1871272712067912,0.1732633391661806,-0.031029705812837,1.0,0.171332110682326,1707.0,246.0,788.0,2749.0,715.0457009290986,103.04700786675939,330.08553739433495,1.0
04105,宮城県,仙台市泉区,204768,490.3,0.0040958427196395,8,2,3,2,0,0.9767151117362088,1.465072667604313,0.9767151117362088,-0.0151083194381925,0.3241031161594088,-0.5679520464492482,-0.0375510820712946,1.0,0.1356154518756189,0.1841895952610625,0.1899941976195019,0.2132126070532598,-0.0948490448563059,1.0,0.2304644967319248,1144.0,108.0,200.0,1452.0,558.6810439131115,52.74261603375527,97.67151117362089,1.0
04202,宮城県,石巻市,131404,514.4,0.0665560854240099,4,1,3,4,0,0.7610118413442513,2.283035524032754,3.044047365377005,-0.3562756971034069,0.9162189895707876,-0.0500799286089179,0.091943762435604,1.0,-0.0838679086886598,-0.0596636401956704,-0.0544442092217819,-0.0335664853262277,0.0202898722976987,1.0,-0.1041577809863586,826.0,411.0,443.0,1684.0,628.5957809503516,312.7758667924873,337.12824571550334,1.0
04203,宮城県,塩竈市,49586,873.2,0.88840830449827,3,1,1,2,1,2.0166982616060984,2.0166982616060984,4.033396523212197,0.0429069000431887,0.0374248248692281,-0.0039029429748407,0.4578138145419309,1.0,-0.0536349292766065,-0.0283205118020148,-0.0237244743022779,-0.0053403243033304,0.4008107156361972,1.0,-0.4544456449128038,569.0,28.0,288.0,885.0,1147.5013108538699,56.467551324970756,580.8090993425564,1.0
04205,宮城県,気仙沼市,55910,425.7,-0.0735582154515778,1,1,1,0,0,1.7885888034340909,1.7885888034340909,0.0,-0.1923634926586163,-0.0798647737165718,-0.8,-0.2072315223149979,1.0,-0.1501829535150463,-0.1249999837834286,-0.1210280584813546,-0.1051403572730587,-0.0909302308092973,1.0,-0.0592527227057489,336.0,0.0,409.0,749.0,600.9658379538544,0.0,731.532820604543,1.0
04206,宮城県,白石市,29815,496.4,0.4066307735902521,2,1,1,1,1,3.354016434680529,3.354016434680529,3.354016434680529,0.1695129558244783,,-0.140302764994325,0.254320662601027,0.85,-0.02887197319693,0.0003905330688149,0.0163511946276328,0.0801938408629046,0.1821315469123031,1.0,-0.2110035201092331,247.0,144.0,212.0,603.0,828.4420593660909,482.97836659399627,711.0514841522723,1.0
04207,宮城県,名取市,78057,490.7,0.4479197403363824,1,0,0,1,1,0.0,0.0,1.281115082567867,-0.8,-0.8,-0.4429755066603255,-0.1224864558308576,1.0,0.2231746870346941,0.2674478272637197,0.2743710564896415,0.3020639733933288,-0.0675524216232341,1.0,0.2907271086579281,383.0,0.0,370.0,753.0,490.6670766234931,0.0,474.0125805501108,1.0
04208,宮城県,角田市,26044,0.0,-1.0,2,1,0,2,0,3.8396559668253727,0.0,7.679311933650745,0.3178069867856297,0.0,0.9007443278152272,-0.3013269534705899,1.0,-0.0178240557000818,0.0105175762575357,0.0275984581691491,0.0959219858156028,-0.3910816397490684,1.0,0.3732575840489866,119.0,86.0,0.0,205.0,456.9190600522193,330.21041314698203,0.0,1.0
04209,宮城県,多賀城市,62254,86.7,-0.7177734375,1,1,0,1,0,1.6063224853021492,0.0,1.6063224853021492,0.1867953866722538,-0.8,-0.2956234072104441,-0.4858711524971159,1.0,0.0819246027769123,0.1224199545277836,0.1243158767486174,0.1318995656319526,-0.6949551421645421,1.0,0.7768797449414545,96.0,52.0,0.0,148.0,154.20695858900632,83.52876923571176,0.0,1.0
04211,宮城県,岩沼市,43186,648.4,1.6584665846658466,2,1,1,0,1,2.315565229472514,2.315565229472514,0.0,,,-0.8,1.0911281420506511,0.65,0.0784515342516017,0.1136524899558065,0.1193916372073348,0.1423482262134481,0.8113549942455455,1.0,-0.7329034599939438,345.0,0.0,388.0,733.0,798.8700041680174,0.0,898.4393090353356,1.0
04212,宮城県,登米市,68708,244.5,-0.5076520338300443,1,3,1,2,0,4.366303778308203,1.455434592769401,2.910869185538802,1.3043071385774063,-0.2051743631110061,-0.2636083145925486,-0.063281990855074,1.0,-0.0400963843122206,-0.0232756608959622,-0.0005470570398208,0.0903673583847448,-0.359625410659603,1.0,0.3195290263473824,298.0,80.0,120.0,498.0,433.7195086452815,116.43476742155207,174.6521511323281,1.0
04213,宮城県,栗原市,58876,270.1,-0.3924876293297346,1,2,0,3,1,3.396969902846661,0.0,5.095454854269991,0.53390030319508,-0.8,0.1061340453939536,-0.1935436472167582,1.0,-0.1293579506208061,-0.118216439500899,-0.0999575534880353,-0.0269220094365806,-0.1554468979760373,1.0,0.0260889473552311,314.0,154.0,46.0,543.0,533.3242747469258,261.56668251919285,78.13030776547319,1.0
04214,宮城県,東松島市,37264,322.0,0.0602568324003951,1,1,0,1,0,2.6835551738943755,0.0,2.6835551738943755,,0.0,-0.0542214152227309,0.0274940048959849,0.8,-0.0153532717169114,0.0097569333083212,0.017383859899669,0.0478915662650603,0.2290280064201246,1.0,-0.2443812781370361,168.0,91.0,0.0,259.0,450.83726921425506,244.20352082438814,0.0,1.0
04215,宮城県,大崎市,119096,609.6,0.3152103559870551,6,3,0,7,0,2.5189762880365416,0.0,5.877611338751931,1.0189754665857853,-0.8,1.0075355169388485,0.3925305988515118,1.0,0.0257740191778912,0.0533103536325536,0.067464839820436,0.124082784571966,0.3672300977428009,1.0,-0.3414560785649097,921.0,482.0,473.0,1882.0,773.3257204272184,404.7155236112044,397.15859474709475,1.0
04216,宮城県,富谷市,51898,104.1,-0.561314791403287,1,0,1,1,0,0.0,1.9268565262630544,1.9268565262630544,-0.8,0.5415319224443729,-0.1696613452244831,-0.38487680911866,1.0,0.2520927443531108,0.3252673315110138,0.3267458098691561,0.3326597233017254,-0.4480648732517199,1.0,0.7001576176048308,54.0,192.0,120.0,366.0,104.05025241820493,369.95645304250644,231.22278315156655,1.0
04301,宮城県,蔵王町,10664,0.0,,0,0,0,1,0,0.0,0.0,9.377344336084022,0.0,0.0,,0.0,0.35,-0.0149793315185121,0.009354452040117,0.0284519489870356,0.1048419367747099,-0.478609175476217,1.0,0.4636298439577049,0.0,26.0,0.0,26.0,0.0,243.81095273818457,0.0,1.0
04302,宮城県,七ヶ宿町,1097,0.0,,0,0,0,0,0,0.0,0.0,0.0,0.0,0.0,0.0,0.0,0.5,-0.2394542015561009,-0.235923781057351,-0.2264748739024845,-0.1886792452830188,0.2564582887662746,0.55,-0.4959124903223756,,,,,,,,0.0
04321,宮城県,大河原町,23191,1336.7,5.710341365461848,1,0,0,1,0,0.0,0.0,4.312017593031779,0.0,0.0,0.2350685818739137,2.890430970012011,1.0,0.0968548948923925,0.1314822964181832,0.1374931246904528,0.1615364377795316,1.361745657446656,1.0,-1.2648907625542634,306.0,0.0,0.0,310.0,1319.4773834677246,0.0,0.0,1.0
04322,宮城県,村田町,9738,0.0,,0,0,0,0,0,0.0,0.0,0.0,0.0,0.0,0.0,0.0,0.5,-0.0070885000664051,0.0198102853793544,0.0399214107782067,0.1203659123736158,-0.6866908914830595,1.0,0.6796023914166544,,,,,,,,0.0
04323,宮城県,柴田町,37242,0.0,-1.0,1,0,0,0,0,0.0,0.0,0.0,0.0,0.0,-0.8,-0.62,1.0,0.0124533549009747,0.0398959346392946,0.0470369132374583,0.075600827630113,-0.6555110470175995,1.0,0.6679644019185743,29.0,0.0,185.0,214.0,77.8690725524945,0.0,496.750980076258,1.0
04324,宮城県,川崎町,7686,0.0,,1,0,1,1,1,0.0,13.010668748373666,13.010668748373666,0.0,,,0.0,0.2,-0.0544948866633253,-0.0321913923185105,-0.0112324105082401,0.0726035167328418,0.5428774250615274,1.0,-0.5973723117248527,84.0,28.0,204.0,316.0,1092.896174863388,364.29872495446267,2654.1764246682283,1.0
04341,宮城県,丸森町,10406,0.0,,1,0,0,1,0,0.0,0.0,9.609840476648086,0.0,0.0,0.4732778959334034,0.141983368780021,0.5,-0.1650075385209709,-0.1469521096344025,-0.1274173723256142,-0.0492784230904611,-0.1613969479053603,1.0,-0.0036105906156105,55.0,35.0,0.0,90.0,528.5412262156448,336.34441668268306,0.0,1.0
04361,宮城県,亘理町,32235,0.0,-1.0,0,0,0,0,0,0.0,0.0,0.0,0.0,0.0,-0.8,-0.62,1.0,0.0237907995698204,0.0522290095041395,0.0630003675634047,0.1060857998004656,-0.73631820676846,1.0,0.7601090063382805,,,,,,,,0.0
04362,宮城県,山元町,11563,0.0,,0,1,0,1,0,8.648274669203493,0.0,8.648274669203493,,0.0,1.8502983654760872,0.9251491827380436,0.3,-0.0986245759123477,-0.0901296410104264,-0.0791515851487666,-0.0352393617021277,0.4599359514020421,1.0,-0.5585605273143899,290.0,0.0,0.0,290.0,2507.999654069013,0.0,0.0,1.0
04401,宮城県,松島町,12354,437.1,,0,1,0,0,0,8.094544277157196,0.0,0.0,,0.0,-0.8,-0.4,0.3,-0.0921188339142579,-0.0681991110261434,-0.0592150265258328,-0.0232786885245901,-0.408007073192193,1.0,0.3158882392779349,54.0,0.0,0.0,54.0,437.1053909664886,0.0,0.0,1.0
04404,宮城県,七ヶ浜町,17142,0.0,-1.0,0,0,0,0,0,0.0,0.0,0.0,0.0,0.0,-0.8,-0.62,1.0,0.0380386322867498,0.0801866282432658,0.0945963172867039,0.1522350734604562,-0.8278159950753654,1.0,0.8658546273621153,,,,,,,,0.0
04406,宮城県,利府町,35141,424.0,0.5862326973438083,2,0,0,1,0,0.0,0.0,2.845678836686492,0.0,0.0,0.0823539739590779,0.3054694447657659,1.0,0.2472693975791107,0.29293841168498,0.3177178693074161,0.4168356997971603,0.0306809666786957,1.0,0.216588430900415,208.0,0.0,0.0,208.0,591.9011980307903,0.0,0.0,1.0
04421,宮城県,大和町,28949,380.0,1.2248243559718968,1,1,1,0,0,3.45435075477564,3.45435075477564,0.0,,,-0.8,0.7575571969014591,0.65,0.1519889141383836,0.1841276203764014,0.193415633419025,0.2305676855895195,0.0300561498825452,1.0,0.1219327642558383,110.0,60.0,0.0,170.0,379.9785830253204,207.2610452865384,0.0,1.0
04422,宮城県,大郷町,7228,0.0,,0,0,0,0,0,0.0,0.0,0.0,0.0,0.0,0.0,0.0,0.5,-0.0393769514409853,-0.0220096478006421,0.0057783962540051,0.1169305724725944,-0.7084471687752316,1.0,0.6690702173342462,,,,,,,,0.0
04424,宮城県,大衡村,5890,0.0,,0,0,0,0,0,0.0,0.0,0.0,0.0,0.0,0.0,0.0,0.5,0.1286728856009876,0.1312037850479593,0.1558644066173706,0.2545068928950158,-0.4146392510091504,0.55,0.543312136610138,,,,,,,,0.0
04444,宮城県,色麻町,6232,0.0,,1,0,0,1,0,0.0,0.0,16.046213093709884,0.0,0.0,,0.0,0.35,-0.0065502573926622,0.0128238744178023,0.0394355701224772,0.1458823529411765,0.4195287663100351,0.55,-0.4260790237026973,40.0,50.0,0.0,90.0,641.8485237483955,802.3106546854942,0.0,1.0
04445,宮城県,加美町,20095,0.0,-1.0,0,0,0,0,0,0.0,0.0,0.0,0.0,0.0,-0.8,-0.62,1.0,-0.0902532479240726,-0.0725590336050254,-0.0536180031397281,0.0221461187214611,-0.7835351207849717,1.0,0.693281872860899,,,,,,,,0.0
04501,宮城県,涌谷町,13646,0.0,-1.0,1,0,0,2,0,0.0,0.0,14.656309541257512,0.0,0.0,1.4862155501504573,-0.2770676674774314,1.0,-0.0867204425587205,-0.0717713794660146,-0.0493965710094495,0.040102662816811,0.2641704372883029,1.0,-0.3508908798470235,60.0,74.0,173.0,307.0,439.68928623772536,542.2834530265279,1267.770775318775,1.0
04505,宮城県,美里町,22587,0.0,-1.0,1,0,0,1,0,0.0,0.0,4.427325452694028,0.0,0.0,0.003551642661755,-0.4994672536007367,1.0,-0.0323852435006451,-0.0154077928887369,0.0002440050230374,0.0628511966701352,-0.5553691795466814,1.0,0.5229839360460363,50.0,109.0,0.0,159.0,221.36627263470137,482.578474343649,0.0,1.0
04581,宮城県,女川町,5743,0.0,,0,0,0,0,0,0.0,0.0,0.0,0.0,0.0,0.0,0.0,0.5,-0.2873120025045143,-0.2833165816081867,-0.2823002361167662,-0.2782348541510845,0.0496163501861371,0.55,-0.3369283526906514,,,,,,,,0.0
04606,宮城県,南三陸町,10792,370.6,,0,1,0,1,0,9.26612305411416,0.0,9.26612305411416,,0.0,1.8304299481097108,0.9152149740548554,0.3,-0.1515927387008282,-0.1218083304972206,-0.1077928036142086,-0.0517306960821605,0.1098155053349562,1.0,-0.2614082440357844,40.0,50.0,0.0,90.0,370.6449221645663,463.3061527057079,0.0,1.0
05201,秋田県,秋田市,295501,764.5,0.3511841640155533,8,2,2,8,3,0.6768166605189153,0.6768166605189153,2.7072666420756613,-0.4135356044643337,-0.4572861481985898,-0.0169359024635894,0.021751653515583,1.0,0.0208024541614469,0.0531941954406232,0.0606560844008706,0.0905036402418602,0.1067682589120537,1.0,-0.0859658047506067,2657.0,537.0,1685.0,4897.0,899.150933499379,181.72527334932877,570.2180364871862,1.0
05202,秋田県,能代市,44748,1231.3,1.89241249706366,3,2,0,2,1,4.469473496022169,0.0,4.469473496022169,0.751582693140274,-0.8,-0.0845120853784437,0.963845974353118,1.0,-0.165811549537544,-0.1433090671842548,-0.1383904095463088,-0.1187157789945246,0.7602779847256674,1.0,-0.9260895342632114,653.0,87.0,255.0,999.0,1459.2830964512382,194.42209707696432,569.8578707428264,1.0
05203,秋田県,横手市,78878,612.3,0.3771929824561402,3,3,0,1,1,3.803341869722864,0.0,1.2677806232409543,1.0856484273853302,-0.8,-0.7010258149483892,0.1805723044628777,1.0,-0.1029509891757858,-0.0860034647994766,-0.0715449730406229,-0.013711006005208,0.1892343705510104,1.0,-0.2921853597267962,677.0,50.0,246.0,983.0,858.287481934126,63.389031162047715,311.8740333172748,1.0
05204,秋田県,大館市,63908,688.5,0.4983677910772579,3,1,1,2,1,1.5647493271577892,1.5647493271577892,3.1294986543155785,-0.2228770119165116,-0.161657579083025,-0.3201557349743826,0.1323364960467155,1.0,-0.1323849526577138,-0.1139204664911536,-0.1080481847179149,-0.0845590576249601,0.051525240912257,1.0,-0.1839101935699709,589.0,118.0,282.0,997.0,921.6373536959379,184.64042060461915,441.2593102584966,1.0
05206,秋田県,男鹿市,21867,503.0,0.762438682550806,1,1,0,0,0,4.573101019801528,0.0,0.0,2.0,0.0,-0.8,0.661219341275403,1.0,-0.2229493480509656,-0.2028911767940169,-0.1895256627073407,-0.136063606360636,0.082156765328362,1.0,-0.3051061133793277,110.0,0.0,0.0,110.0,503.041112178168,0.0,0.0,1.0
05207,秋田県,湯沢市,37552,311.6,-0.2680291284942446,1,1,0,0,0,2.662974009373668,0.0,0.0,-0.1213405796158839,0.0,-0.8,-0.2782826801702991,1.0,-0.1139606869864838,-0.0860108036545642,-0.070510951679902,-0.0085115437812532,-0.2745548164985967,1.0,0.1605941295121128,173.0,0.0,170.0,347.0,460.6945036216447,0.0,452.7055815935236,1.0
05209,秋田県,鹿角市,25808,383.6,-0.0474298485224732,1,1,1,2,0,3.874767513949163,3.874767513949163,7.749535027898326,0.1273246660708176,,0.5747834457837278,0.1034912068476306,0.85,-0.1683267027377143,-0.1491265324524169,-0.1400072479138766,-0.1035301097597152,0.1403851634685086,1.0,-0.308711866206223,159.0,153.0,0.0,314.0,616.0880347179169,592.839429634222,0.0,1.0
05210,秋田県,由利本荘市,69070,690.6,0.4532828282828283,4,3,0,2,0,4.343419719125524,0.0,2.895613146083684,1.314605170887304,-0.8,-0.2880370763269161,0.3263568868698375,1.0,-0.0915229146235846,-0.0707932799608373,-0.058031360683799,-0.0069836835756459,0.2319410500802856,1.0,-0.3234639647038703,1074.0,0.0,200.0,1278.0,1554.9442594469378,0.0,289.5613146083683,1.0
05211,秋田県,潟上市,30054,306.1,-0.2157314885985138,1,0,0,2,1,0.0,0.0,6.654688227856525,-0.8,0.0,0.7875056572344232,-0.1497398957140935,1.0,-0.0269101216950286,0.005219995309595,0.015845463179095,0.0583473346570948,-0.3068438108850239,1.0,0.2799336891899952,140.0,144.0,120.0,404.0,465.82817594995674,479.1375524056698,399.2812936713915,1.0
05212,秋田県,大仙市,71758,535.1,0.1260521885521885,2,1,1,5,2,1.393572842052454,1.393572842052454,6.96786421026227,-0.2846651268894429,-0.2204703798817284,0.6822149811045208,0.0753547590816245,1.0,-0.0961390382414994,-0.0781273203996488,-0.0645279572672192,-0.0101305047375007,0.06005298917726,1.0,-0.1561920274187594,543.0,203.0,440.0,1190.0,756.7100532344825,282.8952869366482,613.1720505030797,1.0
05213,秋田県,北秋田市,27068,402.7,0.0642177589852008,1,1,0,0,0,3.694399290675336,0.0,0.0,0.0929513283886132,0.0,-0.8,-0.0693008548296769,1.0,-0.1983047031011494,-0.1825883227686788,-0.1721949108793569,-0.1306212633220691,0.0459566788071816,1.0,-0.2442613819083311,169.0,0.0,144.0,321.0,624.3534801241318,0.0,531.9934978572485,1.0
05214,秋田県,にかほ市,21444,0.0,-1.0,0,0,0,0,0,0.0,0.0,0.0,-0.8,0.0,-0.8,-0.78,1.0,-0.121022952654821,-0.0952085173568265,-0.0863899685678949,-0.0511157734121685,-0.748565876928144,1.0,0.627542924273323,0.0,0.0,136.0,136.0,0.0,0.0,634.210035441149,1.0
05215,秋田県,仙北市,21621,494.9,0.3368449486763911,1,1,0,1,1,4.6251329725729615,0.0,4.6251329725729615,0.2839959654428718,0.0,-0.1905225486437168,0.1966432851302124,1.0,-0.164404744650096,-0.144368894902232,-0.1317550048293769,-0.0812994445379565,0.1330790722776404,1.0,-0.2974838169277365,212.0,0.0,28.0,240.0,980.5281901854679,0.0,129.50372323204292,1.0
05303,秋田県,小坂町,4212,0.0,,0,0,0,0,0,0.0,0.0,0.0,0.0,0.0,0.0,0.0,0.5,-0.2332125885102676,-0.2094853683148335,-0.2075882946518668,-0.1999999999999999,0.0777887953262977,0.55,-0.3110013838365654,,,,,,,,0.0
05327,秋田県,上小阿仁村,1762,0.0,,0,0,0,0,0,0.0,0.0,0.0,0.0,0.0,0.0,0.0,0.5,-0.2711437933283863,-0.2538431544572793,-0.2468840473753472,-0.219047619047619,-0.0321973818580339,0.55,-0.2389464114703523,,,,,,,,0.0
05346,秋田県,藤里町,2489,0.0,,0,0,0,0,0,0.0,0.0,0.0,0.0,0.0,0.0,0.0,0.5,-0.2620244830216328,-0.2431692193191264,-0.2344831561341523,-0.1997389033942559,-0.0509175436857236,0.55,-0.2111069393359091,,,,,,,,0.0
05348,秋田県,三種町,13386,0.0,,0,0,1,1,0,0.0,7.470491558344539,7.470491558344539,0.0,,0.3074639157159864,0.1317702495925656,0.35,-0.1661453198248703,-0.14302429579443,-0.1265894140054208,-0.0608498868493839,-0.4776966429144513,1.0,0.3115513230895809,0.0,110.0,0.0,110.0,0.0,821.7540714178992,0.0,1.0
05349,秋田県,八峰町,5824,0.0,,0,0,0,0,0,0.0,0.0,0.0,0.0,0.0,0.0,0.0,0.5,-0.1890168537250657,-0.1677757917048941,-0.1570843747034072,-0.1143187066974595,-0.7314234819848187,1.0,0.5424066282597528,,,,,,,,0.0
05361,秋田県,五城目町,7580,0.0,,0,0,0,0,0,0.0,0.0,0.0,0.0,0.0,0.0,0.0,0.5,-0.2347951235391708,-0.218785587777991,-0.2093701830472756,-0.1717085641244141,-0.6605142866509155,1.0,0.4257191631117446,,,,,,,,0.0
05363,秋田県,八郎潟町,5025,1114.4,,1,1,0,0,0,19.90049751243781,0.0,0.0,,0.0,0.0,0.0,0.3,-0.1591159590245721,-0.1381038295891049,-0.1245675707135374,-0.0704225352112676,0.8027063411602577,0.7,-0.96182230018483,100.0,0.0,0.0,100.0,1990.049751243781,0.0,0.0,1.0
05366,秋田県,井川町,4108,0.0,,0,0,0,0,0,0.0,0.0,0.0,0.0,0.0,0.0,0.0,0.5,-0.1346375088676587,-0.10588023731801,-0.0962225144617378,-0.0575916230366492,-0.4110498222119,0.55,0.2764123133442412,,,,,,,,0.0
05368,秋田県,大潟村,2794,0.0,,0,0,0,0,0,0.0,0.0,0.0,0.0,0.0,0.0,0.0,0.5,-0.1242064776382114,-0.0756680265170831,-0.0916664966853646,-0.1556603773584906,-0.017716549948551,0.55,-0.1064899276896603,,,,,,,,0.0
05434,秋田県,美郷町,16598,0.0,-1.0,0,0,0,0,0,0.0,0.0,0.0,0.0,0.0,-0.8,-0.62,1.0,-0.1001216558925963,-0.0805055788852062,-0.0617463287247044,0.0132906719173024,-0.7429769211076257,1.0,0.6428552652150293,,,,,,,,0.0
05463,秋田県,羽後町,12484,464.6,,1,1,0,0,0,8.010253123998718,0.0,0.0,,0.0,-0.8,-0.4,0.3,-0.0644381118868032,-0.0420519805811938,-0.0151746855102512,0.0923344947735191,0.19858470169606,1.0,-0.2630228135828633,54.0,49.0,0.0,103.0,432.55366869593075,392.50240307593714,0.0,1.0
05464,秋田県,東成瀬村,2524,0.0,,0,0,0,0,0,0.0,0.0,0.0,0.0,0.0,0.0,0.0,0.5,-0.0049641514014605,0.0333002452831546,0.0565294951195126,0.1494464944649447,0.1275335185881956,0.55,-0.1324976699896562,,,,,,,,0.0
06201,山形県,山形市,241236,946.4,0.8099062918340028,12,3,3,6,3,1.2435954832612048,1.2435954832612048,2.4871909665224097,0.1310403845859784,0.0163510534774879,-0.0572569650938026,0.4250253360917498,1.0,0.0372517100543247,0.0664247375118453,0.0702509622210059,0.0855558610576483,0.4672794694151504,1.0,-0.4300277593608257,3443.0,349.0,1082.0,4876.0,1427.2330829561092,144.6716078860535,448.52343762954115,1.0
06202,山形県,米沢市,76691,342.9,-0.1459526774595267,2,2,1,3,1,2.607867937567641,1.3039339687838207,3.9118019063514624,0.8150990700095324,0.0245304543772799,0.3632197086619799,0.148205999728032,1.0,-0.0296551351408778,0.0032884403158758,0.0079951596166943,0.0268220368199683,0.1167336933476327,1.0,-0.1463888284885105,712.0,144.0,114.0,970.0,928.4009857740805,187.7664915048702,148.64847244135558,1.0
06203,山形県,鶴岡市,114566,438.2,-0.1716446124763705,2,2,2,2,1,1.7457186250720111,1.7457186250720111,1.7457186250720111,0.3233681850250192,0.3747318598393281,-0.4767616596319677,-0.0364531392020773,1.0,-0.0654601715401553,-0.0425167302149503,-0.0339481552592447,0.0003261445635778,-0.1535023612873858,1.0,0.0880421897472305,722.0,276.0,214.0,1212.0,630.204423650996,240.9091702599375,186.79189288270516,1.0
06204,山形県,酒田市,93675,683.2,0.3462068965517242,2,1,1,2,0,1.0675206832132371,1.0675206832132371,2.1350413664264747,-0.3322846401107044,-0.2558810107146096,-0.4114687887164395,0.0065440503390638,1.0,-0.0745243839216757,-0.0494392551345302,-0.0419056963843971,-0.0117714613838645,0.0766251101321059,1.0,-0.1511494940537817,694.0,164.0,340.0,1202.0,740.8593541499866,175.07339204697092,362.9570322925006,1.0
06205,山形県,新庄市,31065,1065.5,2.028709494030699,2,1,1,1,0,3.2190568163528086,3.2190568163528086,3.2190568163528086,0.3119184543939912,,-0.0522088989887652,1.2575377682892153,0.85,-0.0290178176013037,0.0050809096074989,0.0170265310673391,0.0648090169067001,0.9906236319212084,1.0,-1.019641449522512,499.0,92.0,180.0,775.0,1606.3093513600513,296.15322710445844,579.4302269435055,1.0
06206,山形県,寒河江市,38422,145.7,-0.5910749368509683,1,0,0,1,0,0.0,0.0,2.602675550465879,-0.8,-0.8,-0.2031664992689045,-0.6060124433158198,1.0,-0.0070449241392438,0.0109354515484019,0.0239485791629928,0.0760010896213565,-0.5109918580307264,1.0,0.5039469338914826,56.0,42.0,130.0,228.0,145.74983082608924,109.31237311956693,338.3478215605643,1.0
06207,山形県,上山市,26708,179.7,-0.525105708245243,1,1,1,2,0,3.74419649543208,3.74419649543208,7.488392990864161,0.1413254343082461,,0.6760099722248423,-0.156336789914407,0.85,-0.1235564476123858,-0.1028684480293349,-0.0921082711107195,-0.049067563436258,-0.076899736255882,1.0,-0.0466567113565038,153.0,90.0,332.0,575.0,572.8620638011082,336.9776845888872,1243.0732364834507,1.0
06208,山形県,村山市,20094,0.0,-1.0,0,0,0,0,0,0.0,0.0,0.0,0.0,0.0,-0.8,-0.62,1.0,-0.1175063777101564,-0.096792656383097,-0.0835056972817892,-0.0303578608765581,-0.6813887998146712,1.0,0.5638824221045148,,,,,,,,0.0
06209,山形県,長井市,24765,0.0,-1.0,1,0,0,1,1,0.0,0.0,4.037956793862306,-0.8,0.0,0.0200686053055076,-0.6569897092041739,1.0,-0.065025583241808,-0.0468360484780246,-0.0359514442598438,0.0075869726128794,-0.5569220505157847,1.0,0.4918964672739766,50.0,30.0,125.0,225.0,201.89783969311526,121.13870381586916,504.74459923278823,1.0
06210,山形県,天童市,60430,228.4,-0.3377790663960568,2,1,1,1,0,1.6548072149594573,1.6548072149594573,1.6548072149594573,0.0472604577077984,0.1336554753206098,-0.4449161619412368,-0.2061265446495627,1.0,0.0349919126682205,0.0594783579412714,0.0680095435482173,0.1021342859760008,-0.2372586647400059,1.0,0.2722505774082264,192.0,78.0,226.0,496.0,317.7229852722158,129.07496276683767,373.98643058083735,1.0
06211,山形県,東根市,47098,471.4,0.5521896608495225,1,0,1,1,0,0.0,2.1232324090194914,2.1232324090194914,-0.8,0.4068656639000143,-0.2033844601894976,0.1466170109813387,1.0,0.0740369974303658,0.0984135048042151,0.1052530968370027,0.1326114649681529,0.2779828837534919,1.0,-0.2039458863231261,300.0,322.0,0.0,622.0,636.9697227058474,683.6808357042762,0.0,1.0
06212,山形県,尾花沢市,12987,0.0,-1.0,0,0,0,1,1,0.0,0.0,7.7000077000077,0.0,0.0,0.1650109817988205,-0.4752483527301769,1.0,-0.1729457729063466,-0.1557481064096147,-0.1359965260894015,-0.0569902048085485,-0.4793720055973097,1.0,0.3064262326909631,0.0,26.0,126.0,152.0,0.0,200.2002002002002,970.2009702009701,1.0
06213,山形県,南陽市,28221,0.0,-1.0,1,0,0,0,1,0.0,0.0,0.0,-0.8,0.0,-0.8,-0.78,1.0,-0.0594697459233818,-0.0407491433288548,-0.0295628083512449,0.0151825315591949,-0.6284295968553628,1.0,0.5689598509319809,50.0,0.0,114.0,164.0,177.17302717834238,0.0,403.95450196662057,1.0
06301,山形県,山辺町,12940,0.0,,0,0,0,0,0,0.0,0.0,0.0,0.0,0.0,0.0,0.0,0.5,-0.0064804295403741,0.0163680282385318,0.0332383074829118,0.1007194244604317,-0.650623372063354,1.0,0.6441429425229798,,,,,,,,0.0
06302,山形県,中山町,9995,0.0,,0,0,0,0,0,0.0,0.0,0.0,0.0,0.0,0.0,0.0,0.5,-0.0292957281388037,-0.0079919255525791,0.0123274975560831,0.0936051899907322,-0.691100926490004,1.0,0.6618051983512002,,,,,,,,0.0
06321,山形県,河北町,16421,365.4,0.4841592201462226,1,1,0,1,0,6.08976310821509,0.0,6.08976310821509,,0.0,0.2286657878323363,0.3454743478099522,0.8,-0.0831744215015604,-0.0673584698149427,-0.0536767469729833,0.0010501443948542,0.7755585078464831,1.0,-0.8587329293480436,130.0,0.0,176.0,312.0,791.6692040679617,0.0,1071.798307045856,1.0
06322,山形県,西川町,4296,0.0,,1,0,0,0,0,0.0,0.0,0.0,0.0,0.0,0.0,0.0,0.5,-0.1946272893546067,-0.1761468549252015,-0.1596983735612485,-0.0939044481054365,0.2444745457453653,0.55,-0.439101835099972,28.0,0.0,0.0,28.0,651.7690875232774,0.0,0.0,1.0
06323,山形県,朝日町,5633,0.0,,1,0,0,0,0,0.0,0.0,0.0,0.0,0.0,0.0,0.0,0.5,-0.1622604222299002,-0.1445902975060002,-0.1277664455159396,-0.060471037555697,0.3978454948782755,1.0,-0.5601059171081757,40.0,0.0,0.0,40.0,710.1011894194922,0.0,0.0,1.0
06324,山形県,大江町,6930,0.0,,0,0,0,0,0,0.0,0.0,0.0,0.0,0.0,0.0,0.0,0.5,-0.0834111411587767,-0.0609565863180528,-0.0446645074844364,0.0205038078500292,-0.6614212753761446,1.0,0.5780101342173678,,,,,,,,0.0
06341,山形県,大石田町,5871,0.0,,0,0,0,0,0,0.0,0.0,0.0,0.0,0.0,0.0,0.0,0.5,-0.1224000472461793,-0.1039035591274397,-0.0831228473019517,0.0,-0.4933978454173124,0.7,0.370997798171133,,,,,,,,0.0
06361,山形県,金山町,4509,0.0,,0,0,0,0,0,0.0,0.0,0.0,0.0,0.0,0.0,0.0,0.5,-0.0643354335657596,-0.0384259484206037,-0.0109427789385031,0.0989898989898989,-0.3909434811184976,0.55,0.326608047552738,,,,,,,,0.0
06362,山形県,最上町,7245,0.0,,1,0,0,0,0,0.0,0.0,0.0,0.0,0.0,0.0,0.0,0.5,-0.0763192587239134,-0.0584865740885348,-0.0286929020440359,0.0904817861339599,0.3184906965995332,1.0,-0.3948099553234467,60.0,0.0,0.0,60.0,828.1573498964804,0.0,0.0,1.0
06363,山形県,舟形町,4484,0.0,,0,0,0,0,0,0.0,0.0,0.0,0.0,0.0,0.0,0.0,0.5,-0.0728171632981486,-0.0538626822141311,-0.0266762296250069,0.0820695807314897,-0.4186610851940502,0.55,0.3458439218959016,,,,,,,,0.0
06364,山形県,真室川町,6363,0.0,,1,0,0,0,0,0.0,0.0,0.0,0.0,0.0,0.0,0.0,0.5,-0.1409968481112845,-0.1203390635967405,-0.1007239410443683,-0.0222634508348794,0.6594936575403346,1.0,-0.8004905056516192,55.0,0.0,0.0,55.0,864.3721515008643,0.0,0.0,1.0
06365,山形県,大蔵村,2668,0.0,,0,0,0,0,0,0.0,0.0,0.0,0.0,0.0,0.0,0.0,0.5,-0.0971207212957223,-0.0771428262841837,-0.0490560331792457,0.0632911392405062,-0.236745707121447,0.55,0.1396249858257247,,,,,,,,0.0
06366,山形県,鮭川村,3502,0.0,,0,0,0,0,0,0.0,0.0,0.0,0.0,0.0,0.0,0.0,0.5,-0.104976857256247,-0.0843017882229818,-0.0598726232389359,0.0378440366972476,-0.0641975462553444,0.55,-0.0407793110009026,,,,,,,,0.0
06367,山形県,戸沢村,3718,0.0,,0,0,0,0,0,0.0,0.0,0.0,0.0,0.0,0.0,0.0,0.5,-0.0781672610653575,-0.0534593445745381,-0.0254917281513249,0.0863787375415281,-0.2726376319337844,0.55,0.1944703708684268,,,,,,,,0.0
06381,山形県,高畠町,20643,0.0,-1.0,0,1,0,1,0,4.844257133168629,0.0,4.844257133168629,,0.0,0.1088484239985048,-0.6045909205002803,0.8,-0.0211042050003209,0.0025997465722892,0.0190805217205215,0.0850036223134509,-0.3207146685915167,1.0,0.2996104635911957,89.0,41.0,0.0,130.0,431.1388848520079,198.6145424599138,0.0,1.0
06382,山形県,川西町,12991,3233.0,,1,0,0,1,1,0.0,0.0,7.697636825494573,0.0,0.0,0.2363397161571987,0.0709019148471596,0.5,-0.1267294031584064,-0.1118466470050841,-0.0915511996520258,-0.0103694102397926,1.2372474027826597,1.0,-1.363976805941066,420.0,109.0,46.0,579.0,3233.0074667077206,839.0424139789085,354.09129397275035,1.0
06401,山形県,小国町,6321,0.0,,0,1,0,0,0,15.820281601012498,0.0,0.0,,0.0,0.0,0.0,0.3,-0.1821344877061529,-0.1631451642802927,-0.15224176767501,-0.1086281812538796,-0.0832397893467648,1.0,-0.098894698359388,0.0,26.0,0.0,26.0,0.0,411.32732162632493,0.0,1.0
06402,山形県,白鷹町,11617,0.0,,1,0,0,0,0,0.0,0.0,0.0,0.0,0.0,-0.8,-0.24,0.5,-0.1024599154125552,-0.0833514467062598,-0.0652953076202959,0.0069292487235594,0.0950186605182193,1.0,-0.1974785759307746,57.0,0.0,0.0,57.0,490.6602393044676,0.0,0.0,1.0
06403,山形県,飯豊町,6001,0.0,,0,0,0,0,0,0.0,0.0,0.0,0.0,0.0,0.0,0.0,0.5,-0.1049784234181637,-0.095904816259272,-0.0715348240971136,0.0259451445515197,-0.6674689481040939,1.0,0.5624905246859301,,,,,,,,0.0
06426,山形県,三川町,7351,0.0,,0,0,0,1,1,0.0,0.0,13.603591348115902,0.0,0.0,,0.0,0.35,-0.0260171520936631,-0.0172311754529728,-0.006391696257853,0.0369662205226257,0.5201651015268584,0.55,-0.5461822536205214,0.0,50.0,96.0,146.0,0.0,680.1795674057951,1305.9447694191267,1.0
06428,山形県,庄内町,18226,877.9,2.126424501424501,1,1,1,1,0,5.48666739822232,5.48666739822232,5.48666739822232,,,0.0988947958639898,1.658533030910537,0.65,-0.1118252421568635,-0.0915849528022966,-0.0792698526010055,-0.0300094517958412,0.7625724882881587,1.0,-0.8743977304450222,202.0,122.0,0.0,324.0,1108.3068144409085,669.373422583123,0.0,1.0
06461,山形県,遊佐町,11669,0.0,,0,0,0,1,0,0.0,0.0,8.56971462850287,0.0,0.0,0.2835809476653541,0.0850742842996062,0.5,-0.1362492358201006,-0.1163691432420146,-0.1000321055174366,-0.0346839546191247,-0.5497824531590982,1.0,0.4135332173389975,0.0,74.0,0.0,74.0,0.0,634.1588825092124,0.0,1.0
07201,福島県,福島市,273384,761.2,0.4104131925143597,13,4,5,4,2,1.4631434173177655,1.8289292716472068,1.4631434173177655,0.2925888929517715,0.4608165823216532,-0.4687025870458643,0.2625414741389025,1.0,0.0423587016463104,0.0802333552550642,0.0847865800832713,0.1029994793960995,0.1467895275952764,1.0,-0.1044308259489659,2809.0,215.0,887.0,3933.0,1027.4924648114009,78.6439586808299,324.4520527902145,1.0
07202,福島県,会津若松市,109725,1227.6,1.648543689320388,5,1,2,4,2,0.911369332421964,1.822738664843928,3.645477329687856,-0.3091228093616937,0.4492790070466528,0.115983698314261,0.8472366885919923,1.0,-0.0281967805992968,-0.0025667030814784,0.0078485481851821,0.0495095532518246,0.6898716721856476,1.0,-0.7180684527849444,1670.0,193.0,524.0,2409.0,1521.9867851446797,175.89428115743905,477.5575301891092,1.0
07203,福島県,郡山市,319847,748.8,0.4690994702766333,11,4,4,12,3,1.2505979421410862,1.2505979421410862,3.7517938264232575,0.1676857384669146,0.081124605659332,0.506930587721766,0.3562951618388643,1.0,0.1171623103390779,0.1610836220400227,0.1708493002177606,0.2099120129287124,0.1735679366076979,1.0,-0.05640562626862,3296.0,490.0,1471.0,5260.0,1030.492704324255,153.19824791228308,459.9073932223844,1.0
07205,福島県,白河市,56170,886.6,1.5038124823496188,2,1,0,1,0,1.7803097739006588,0.0,1.7803097739006588,0.0911769959002943,-0.8,-0.4504417696132378,0.5825753749128826,1.0,0.0413341188980761,0.0739339353173289,0.0890352730614173,0.1494406240377708,0.4616840988565286,1.0,-0.4203499799584525,605.0,0.0,0.0,609.0,1077.0874132098986,0.0,0.0,1.0
07207,福島県,須賀川市,72248,546.7,0.5439141485456087,3,2,2,1,0,2.768242719521648,2.768242719521648,1.384121359760824,0.9206205673009976,1.2219811766530353,-0.4975216248777021,0.5647501204993038,1.0,0.0789741691447043,0.1135866120295109,0.1299524814742029,0.1954159592529711,0.4523114561362185,1.0,-0.3733372869915142,723.0,86.0,204.0,1019.0,1000.7197431070756,119.03443693943085,282.3607573912081,1.0
07208,福島県,喜多方市,41008,146.3,-0.6533175355450236,1,0,0,3,0,0.0,0.0,7.315645727662894,-0.8,-0.8,0.6772294705122022,-0.5050743471956815,1.0,-0.0792254865654613,-0.056715578196034,-0.0416659490638176,0.0185325674650482,-0.3527212231305946,1.0,0.2734957365651332,195.0,203.0,410.0,808.0,475.5169722980882,495.02536090518925,999.8049161139289,1.0
07210,福島県,二本松市,50053,615.3,0.2986492190797805,3,1,0,1,0,1.9978822448204905,0.0,1.9978822448204905,-0.0467954499025494,-0.8,-0.5274645154252507,-0.0591541577544072,1.0,-0.0078058543919256,0.0201519246964222,0.0394706896187431,0.1167457493080268,-0.1096898713358333,1.0,0.1018840169439077,431.0,54.0,0.0,485.0,861.0872475176313,107.88564122030647,0.0,1.0
07211,福島県,田村市,31276,0.0,-1.0,1,0,0,0,0,0.0,0.0,0.0,-0.8,0.0,-0.8,-0.78,1.0,-0.0475953249478684,-0.021603835583534,0.0002708883677051,0.0877697841726619,-0.7157802627174301,1.0,0.6681849377695617,32.0,0.0,0.0,32.0,102.31487402481136,0.0,0.0,1.0
07213,福島県,伊達市,54084,197.8,-0.6016915022150624,1,0,1,1,0,0.0,1.848975667480216,1.848975667480216,-0.8,-0.0696517251250545,-0.565561806304899,-0.5561277808220243,1.0,-0.0749042846600287,-0.0465608897393376,-0.0382916049790226,-0.0052144659377628,-0.4305589961377146,1.0,0.3556547114776858,175.0,50.0,176.0,401.0,323.57074180903777,92.4487833740108,325.41971747651803,1.0
07214,福島県,本宮市,29301,303.7,0.0,1,0,0,1,0,0.0,0.0,3.412852803658578,0.0,0.0,0.0580626027041613,0.0087093904056241,1.0,0.0931994210862002,0.1278714884506989,0.1432575247897867,0.2048016701461377,-0.1946611394792576,1.0,0.2878605605654579,89.0,40.0,212.0,341.0,303.7438995256134,136.51411214634314,723.5247943756185,1.0
07301,福島県,桑折町,10624,0.0,,0,0,0,0,0,0.0,0.0,0.0,0.0,0.0,0.0,0.0,0.5,-0.0765068939166617,-0.0492462376170669,-0.0429826474641715,-0.0179282868525896,-0.6762947824462121,1.0,0.5997878885295503,,,,,,,,0.0
07303,福島県,国見町,7828,3155.3,,1,1,0,0,0,12.774655084312723,0.0,0.0,,0.0,0.0,0.0,0.3,-0.1699483243599169,-0.1502062988117724,-0.141353917285276,-0.1059443911792905,0.9441624116482454,1.0,-1.1141107360081624,299.0,0.0,0.0,311.0,3819.621870209505,0.0,0.0,1.0
07308,福島県,川俣町,10716,0.0,,0,1,0,1,0,9.33184023889511,0.0,9.33184023889511,,0.0,0.3792268879739726,0.1896134439869863,0.3,-0.1723375093099975,-0.1488223342845896,-0.1348380717249594,-0.0789010214864388,0.0075314537189898,1.0,-0.1798689630289874,90.0,0.0,0.0,90.0,839.8656215005599,0.0,0.0,1.0
07322,福島県,大玉村,8917,0.0,,0,0,0,0,0,0.0,0.0,0.0,0.0,0.0,0.0,0.0,0.5,0.1519561673410177,0.1699092977279727,0.1954030936130897,0.297378277153558,-0.4654545454545454,0.55,0.6174107127955631,,,,,,,,0.0
07342,福島県,鏡石町,11938,0.0,,0,0,0,0,0,0.0,0.0,0.0,0.0,0.0,0.0,0.0,0.5,0.0460797792091264,0.0730939029390932,0.0848902166908972,0.1320754716981131,-0.6465977749000634,1.0,0.69267755410919,,,,,,,,0.0
07344,福島県,天栄村,4760,0.0,,0,0,0,0,0,0.0,0.0,0.0,0.0,0.0,0.0,0.0,0.5,0.0285104863148224,0.0477020964936372,0.0872525862858188,0.2454545454545453,-0.2003864876807282,0.55,0.2288969739955507,,,,,,,,0.0
07362,福島県,下郷町,4648,0.0,,0,0,0,0,0,0.0,0.0,0.0,0.0,0.0,0.0,0.0,0.5,-0.1535738945511885,-0.1330496885273925,-0.115855088711056,-0.0470766894457099,-0.3386133562653698,0.55,0.1850394617141812,,,,,,,,0.0
07364,福島県,檜枝岐村,447,0.0,,0,0,0,0,0,0.0,0.0,0.0,0.0,0.0,0.0,0.0,0.5,-0.189617659331101,-0.1730848541086709,-0.1705433549850499,-0.160377358490566,0.2838574484921309,0.55,-0.473475107823232,,,,,,,,0.0
07367,福島県,只見町,3606,0.0,,0,0,0,0,0,0.0,0.0,0.0,0.0,0.0,0.0,0.0,0.5,-0.265070027179096,-0.2636319201481786,-0.262055978596419,-0.2557522123893805,-0.0731230908551439,0.55,-0.191946936323952,,,,,,,,0.0
07368,福島県,南会津町,12592,563.9,1.692932187201528,1,0,0,0,0,0.0,0.0,0.0,0.0,0.0,-0.8,0.726466093600764,1.0,-0.1650201901949329,-0.1405843360127482,-0.1290805135601254,-0.0830652237496344,0.4197125522083323,1.0,-0.5847327424032652,85.0,0.0,0.0,85.0,675.0317662007624,0.0,0.0,1.0
07402,福島県,北塩原村,2315,0.0,,0,0,0,0,0,0.0,0.0,0.0,0.0,0.0,0.0,0.0,0.5,-0.0715502018643204,-0.0511572838847385,-0.0246758271077907,0.08125,0.1493421180230099,0.55,-0.2208923198873303,,,,,,,,0.0
07405,福島県,西会津町,5112,0.0,,0,0,0,0,0,0.0,0.0,0.0,0.0,0.0,0.0,0.0,0.5,-0.2134422881277919,-0.2065122984155737,-0.1904254989846156,-0.126078301260783,-0.4369825419064175,0.55,0.2235402537786256,,,,,,,,0.0
07407,福島県,磐梯町,3069,0.0,,0,0,0,0,0,0.0,0.0,0.0,0.0,0.0,0.0,0.0,0.5,-0.1245874298151231,-0.1243291213318241,-0.1058559911293862,-0.0319634703196347,-0.0340823070306381,0.55,-0.0905051227844849,,,,,,,,0.0
07408,福島県,猪苗代町,12033,0.0,,1,0,0,0,0,0.0,0.0,0.0,0.0,0.0,-0.8,-0.24,0.5,-0.1178982043832642,-0.0968877163058061,-0.0810470432481818,-0.0176843510176843,-0.2523847990323872,1.0,0.134486594649123,65.0,0.0,0.0,65.0,540.1811684534198,0.0,0.0,1.0
07421,福島県,会津坂下町,13898,1144.0,,1,0,0,0,0,0.0,0.0,0.0,0.0,0.0,-0.8,-0.24,0.5,-0.0535651485917624,-0.0334446371209715,-0.0141467224399026,0.0630449362843728,0.492984213535079,1.0,-0.5465493621268415,159.0,0.0,0.0,159.0,1144.0495035256872,0.0,0.0,1.0
07422,福島県,湯川村,2890,0.0,,0,0,0,0,0,0.0,0.0,0.0,0.0,0.0,0.0,0.0,0.5,-0.0433619184669512,-0.0305187592842443,-0.0143791651334886,0.050179211469534,-0.1454545454545454,0.55,0.1020926269875942,,,,,,,,0.0
07423,福島県,柳津町,2769,0.0,,0,0,0,0,0,0.0,0.0,0.0,0.0,0.0,0.0,0.0,0.5,-0.176142071667045,-0.1726555771406943,-0.1579465709882861,-0.0991105463786531,0.0982945309325531,0.55,-0.2744366025995982,,,,,,,,0.0
07444,福島県,三島町,1237,1778.5,,1,0,0,0,0,0.0,0.0,0.0,0.0,0.0,0.0,0.0,0.5,-0.3427760746014102,-0.3400162647503029,-0.332687169103613,-0.3033707865168539,0.0214224715529699,0.55,-0.3641985461543801,32.0,0.0,0.0,32.0,2586.9037995149556,0.0,0.0,1.0
07445,福島県,金山町,1573,0.0,,0,0,0,0,0,0.0,0.0,0.0,0.0,0.0,0.0,0.0,0.5,-0.3866136244790664,-0.3971134778993155,-0.3911475724429092,-0.3672839506172839,0.2887042239130684,0.55,-0.6753178483921349,,,,,,,,0.0
07446,福島県,昭和村,1079,0.0,,0,0,0,0,0,0.0,0.0,0.0,0.0,0.0,0.0,0.0,0.5,-0.3017856983383887,-0.3191467381747845,-0.3122322841568489,-0.2845744680851063,0.0363952556723641,0.55,-0.3381809540107529,,,,,,,,0.0
07447,福島県,会津美里町,16993,0.0,-1.0,0,0,0,0,0,0.0,0.0,0.0,0.0,0.0,-0.8,-0.62,1.0,-0.0962381889616545,-0.0781488933945004,-0.0544090139537424,0.0405505038092897,-0.8470826065972459,1.0,0.7508444176355913,0.0,53.0,0.0,53.0,0.0,311.8931324663096,0.0,1.0
07461,福島県,西郷村,20695,0.0,-1.0,0,0,0,0,0,0.0,0.0,0.0,0.0,0.0,-0.8,-0.62,1.0,0.2505008064966277,0.2911145762132604,0.3190160628844839,0.430622009569378,-0.7079732917390462,1.0,0.958474098235674,,,,,,,,0.0
07464,福島県,泉崎村,5913,0.0,,0,0,0,0,0,0.0,0.0,0.0,0.0,0.0,0.0,0.0,0.5,0.0897305444463372,0.1158603744810641,0.1472337541303058,0.2727272727272727,-0.4129004968484309,0.55,0.5026310412947681,,,,,,,,0.0
07465,福島県,中島村,4688,0.0,,0,0,0,0,0,0.0,0.0,0.0,0.0,0.0,0.0,0.0,0.5,0.1157123105536889,0.1420273769885313,0.1724454310025897,0.2941176470588236,-0.1787775704692559,0.55,0.2944898810229449,,,,,,,,0.0
07466,福島県,矢吹町,16751,310.4,,1,0,1,1,0,0.0,5.969792848188168,5.969792848188168,0.0,,0.4573524326355647,0.196008185415242,0.35,-0.0163150009403151,-0.0018896537621689,0.0118784968786796,0.0669510994420741,1.0205236523248031,1.0,-1.036838653265118,102.0,91.0,298.0,491.0,608.9188705151931,543.2511491851233,1778.9982687600739,1.0
07481,福島県,棚倉町,12196,0.0,,0,0,0,0,0,0.0,0.0,0.0,0.0,0.0,0.0,0.0,0.5,-0.0028123835265187,0.0269999855405249,0.0458476988554465,0.1212385521151329,-0.6774056955272225,1.0,0.6745933120007038,,,,,,,,0.0
07482,福島県,矢祭町,4949,0.0,,0,0,0,0,0,0.0,0.0,0.0,0.0,0.0,0.0,0.0,0.5,-0.0614843241038918,-0.0478952123709194,-0.0217200649009692,0.0829805249788315,-0.333985030427959,0.55,0.2725007063240672,,,,,,,,0.0
07483,福島県,塙町,7569,1559.0,,1,0,0,1,1,0.0,0.0,13.211784912141631,0.0,0.0,,0.0,0.35,-0.0694360774041213,-0.045204772079772,-0.0249957264957264,0.0558404558404559,1.0511426234516923,1.0,-1.1205787008558137,122.0,34.0,56.0,212.0,1611.8377592812787,449.2006870128154,739.8599550799313,1.0
07484,福島県,鮫川村,2675,0.0,,0,0,0,0,0,0.0,0.0,0.0,0.0,0.0,0.0,0.0,0.5,-0.0707705008922099,-0.0503642785809556,-0.0146003659541954,0.1284552845528455,-0.0372511053617785,0.55,-0.0335193955304313,,,,,,,,0.0
07501,福島県,石川町,13210,0.0,,0,0,0,0,0,0.0,0.0,0.0,0.0,0.0,-0.8,-0.24,0.5,-0.1074530799721682,-0.0855063752880378,-0.0671130227057787,0.0064603876232574,-0.6232593006580772,1.0,0.515806220685909,,,,,,,,0.0
07502,福島県,玉川村,5943,0.0,,0,0,0,0,0,0.0,0.0,0.0,0.0,0.0,0.0,0.0,0.5,0.0591941410812138,0.0896979335196352,0.1193682894543315,0.2380497131931167,-0.3251092753355314,0.55,0.3843034164167452,,,,,,,,0.0
07503,福島県,平田村,5269,683.2,,1,0,0,1,0,0.0,0.0,18.978933383943826,0.0,0.0,,0.0,0.35,0.0575342382798645,0.095337088670264,0.1333866246986772,0.2855847688123301,0.5282821822558865,0.55,-0.4707479439760219,36.0,106.0,0.0,142.0,683.2416018219776,2011.7669386980451,0.0,1.0
07504,福島県,浅川町,5525,0.0,,0,0,0,0,0,0.0,0.0,0.0,0.0,0.0,0.0,0.0,0.5,-0.0144700170923734,0.0168069282918701,0.0368913685660005,0.1172291296625223,-0.4040641822013546,0.55,0.3895941651089811,,,,,,,,0.0
07505,福島県,古殿町,4289,0.0,,0,0,0,0,0,0.0,0.0,0.0,0.0,0.0,0.0,0.0,0.5,-0.0492547660773943,-0.0201043769869822,0.0087901081171886,0.1243680485338725,-0.4070312606871649,0.55,0.3577764946097706,,,,,,,,0.0
07521,福島県,三春町,16105,0.0,-1.0,0,0,0,0,0,0.0,0.0,0.0,0.0,0.0,-0.8,-0.62,1.0,0.0052348555262661,0.0312188446839419,0.0528694968629303,0.1394721055788841,-0.4550744664029034,1.0,0.4603093219291696,46.0,40.0,0.0,86.0,285.6255821173549,248.3700714063955,0.0,1.0
07522,福島県,小野町,8586,698.8,,1,0,0,1,0,0.0,0.0,11.646866992778945,0.0,0.0,,0.0,0.35,-0.0280709478354582,0.0008805206305229,0.0278004742501151,0.1354802887284842,1.1532338128676891,1.0,-1.1813047607031475,60.0,59.0,0.0,119.0,698.8120195667366,687.1651525739576,0.0,1.0
07999,福島県,浜通り地域,421046,486.4,-0.137282724370344,17,9,3,15,1,2.137533666155242,0.7125112220517473,3.5625561102587366,0.8997568211221487,-0.4318345116841843,0.3853840072283636,0.1043424263708846,1.0,0.0071647392515667,0.0364497884047033,0.0457068641541411,0.0827351671518923,-0.3843253353428426,1.0,0.3914900745944094,,,,,,,,0.0
08201,茨城県,水戸市,266163,596.6,0.3112087912087913,18,6,3,10,0,2.254257729286189,1.1271288646430946,3.757096215476982,1.1718401395248508,-0.0354011752117571,0.5757666234738954,0.4710272407486865,1.0,0.0944515465598237,0.1334927138138435,0.1296193356115206,0.1141258228022292,0.4195564786989875,1.0,-0.3251049321391637,2338.0,506.0,178.0,3031.0,878.4090951785186,190.10906850313532,66.87631263549028,1.0
08202,茨城県,日立市,160753,502.0,-0.0241057542768273,9,0,1,4,2,0.0,0.6220723718997468,2.4882894875989874,-0.8,-0.5424335114036409,-0.2048320207168174,-0.2841427069564824,1.0,-0.0855936488615034,-0.0434139665245142,-0.0508458374498535,-0.0805733211512106,0.0334009149508707,1.0,-0.1189945638123741,1167.0,337.0,967.0,2475.0,725.9584580070045,209.6383893302147,601.5439836270552,1.0
08203,茨城県,土浦市,139587,694.9,0.6793136781053648,5,0,4,2,0,0.0,2.8655963664238078,1.4327981832119037,-0.8,1.4013255181499495,-0.4510877118814117,0.322192509992963,1.0,0.033335120053252,0.0684725543740776,0.0638664423789907,0.045441994398643,0.3764599312544692,1.0,-0.3431248112012172,1257.0,100.0,486.0,1849.0,900.5136581486814,71.63990916059518,348.1699585204926,1.0
08204,茨城県,古河市,135568,364.4,-0.0982430091561495,5,2,1,5,1,1.4752744010385932,0.7376372005192966,3.6881860025964825,0.2987368930890606,-0.3506315534554697,0.409217587462882,0.0194137791408491,1.0,0.0302697623826339,0.0627221797867972,0.0662046739684603,0.0801346506951123,-0.0827989509698275,1.0,0.1130687133524614,761.0,168.0,649.0,1580.0,561.3419095951847,123.92304968724183,478.72654313702355,1.0
08205,茨城県,石岡市,69003,291.3,-0.4260098522167487,3,1,1,5,1,1.4492123530860976,1.4492123530860976,7.246061765430488,-0.1665703738024504,-0.0785818236390841,1.1713431834800327,-0.0824047968927221,1.0,-0.0069608487413677,0.0268828568063087,0.0324606192185925,0.0547716688677277,-0.0218692271574757,1.0,0.0149083784161079,279.0,325.0,661.0,1265.0,404.3302465110213,470.99401475298174,957.9293653899106,1.0
08207,茨城県,結城市,49231,402.2,0.257267896217568,2,0,2,2,0,0.0,4.062480957120513,4.062480957120513,-0.8,1.4695959231522573,0.4488350285740285,0.2563985908677268,1.0,0.0016544070042703,0.0277580591150979,0.0300859115777926,0.0393973214285714,0.0339372205696875,1.0,-0.0322828135654171,263.0,192.0,0.0,455.0,534.2162458613475,389.9981718835693,0.0,1.0
08208,茨城県,龍ケ崎市,74345,274.4,-0.2250776616774923,2,0,0,1,0,0.0,0.0,1.345080368552021,-0.8,-0.8,-0.5312543651131172,-0.4722269856057137,1.0,0.0723850258211455,0.1167262271893683,0.1209666691337921,0.1379284369114877,-0.2202088207799206,1.0,0.2925938466010662,255.0,60.0,172.0,487.0,342.99549398076533,80.70482211312127,231.35382339094758,1.0
08210,茨城県,下妻市,40855,205.6,-0.2944406314344543,2,0,1,3,0,0.0,2.447680822420756,7.343042467262269,0.0,,1.826328224077835,0.1490928445817035,0.85,0.0583793536632449,0.0970905379927874,0.1051576374948216,0.1374260355029586,-0.1374694642184917,1.0,0.1958488178817367,52.0,58.0,0.0,110.0,127.27940276587933,141.96548770040386,0.0,1.0
08211,茨城県,常総市,58374,301.5,-0.1127133608004709,3,0,0,2,0,0.0,0.0,3.4261828896426487,-0.8,-0.8,0.1492690695820417,-0.3139663199629292,1.0,0.003402058901035,0.0348156492507956,0.038103565425741,0.0512552301255229,-0.3347393973778975,1.0,0.3381414562789326,236.0,96.0,219.0,551.0,404.28958097783266,164.45677870284717,375.1670264158701,1.0
08212,茨城県,常陸太田市,44239,158.2,-0.6453709930508855,2,0,0,2,0,0.0,0.0,4.520897850313072,-0.8,-0.8,-0.0739787697849094,-0.6137823119931792,1.0,-0.0314861679416337,-0.0005516494353724,0.0194263553099251,0.0993383742911153,-0.4432453105278916,1.0,0.4117591425862579,110.0,128.0,0.0,238.0,248.64938176721898,289.3374624200366,0.0,1.0
08214,茨城県,高萩市,25222,352.9,0.1747669773635154,2,1,1,2,0,3.964792641344857,3.964792641344857,7.929585282689715,0.2439963061246415,,0.870465509877518,0.3138265604568397,0.85,-0.0830613594898142,-0.053870120085511,-0.0433794323531617,-0.0014166814237648,0.2796859777872054,1.0,-0.3627473372770197,303.0,86.0,150.0,539.0,1201.332170327492,340.97216715565776,594.7188962017286,1.0
08215,茨城県,北茨城市,38946,351.8,-0.1663507109004739,2,0,0,3,1,0.0,0.0,7.702973347712217,-0.8,-0.8,1.078705273556916,-0.2013695644166996,1.0,-0.0154366602797152,0.0142706784072492,0.0334453088120976,0.1101438304314912,-0.2996955442504048,1.0,0.2842588839706895,175.0,144.0,121.0,440.0,449.3401119498793,369.74272069018645,310.68659169105945,1.0
08216,茨城県,笠間市,69809,680.4,0.4963712337805146,2,1,1,1,1,1.432480052715266,1.432480052715266,1.432480052715266,-0.1377466377784152,-0.0083829984833602,-0.5504975934213,0.1368042005488752,1.0,0.0093212040287023,0.043477577509612,0.0514880484423696,0.0835299321734002,0.302328955266438,1.0,-0.2930077512377356,665.0,0.0,525.0,1215.0,952.5992350556519,0.0,752.0520276755146,1.0
08217,茨城県,取手市,101460,537.2,0.0443234836702957,5,1,1,3,0,0.9856100926473488,0.9856100926473488,2.9568302779420463,-0.2728471792499307,-0.2356409120182112,-0.1137592592755177,-0.0848177197088976,1.0,-0.1008119175893291,-0.079365510769814,-0.0881713197630042,-0.1233945557357647,-0.0188479060109999,1.0,-0.0819640115783292,837.0,69.0,127.0,1041.0,824.9556475458309,68.00709639266707,125.1724817662133,1.0
08219,茨城県,牛久市,82316,573.4,0.6326879271070616,2,2,1,2,0,2.429661305214053,1.2148306526070265,2.429661305214053,0.7725170247333646,-0.0007596563198908,-0.0854661996106425,0.4579134901106237,1.0,0.0327521473152855,0.0624141596348761,0.0530609183063552,0.0156479529922717,0.2377912830163547,1.0,-0.2050391357010691,747.0,55.0,0.0,802.0,907.4784974974489,66.81568589338646,0.0,1.0
08220,茨城県,つくば市,255190,787.6,0.8779208392942299,7,1,2,5,1,0.3918648849876562,0.7837297699753125,1.959324424938281,-0.4420002687290105,-0.1322742300531684,0.0736564606941478,0.3417677004974597,1.0,0.2458472414209874,0.3080590241675673,0.3032512011195034,0.2840199089272477,0.5025262246971748,1.0,-0.2566789832761874,2361.0,515.0,286.0,3201.0,925.1929934558565,201.81041576864297,112.07335710646969,1.0
08221,茨城県,ひたちなか市,154405,254.5,-0.369268897149938,5,0,1,2,0,0.0,0.6476474207441469,1.295294841488294,-0.8,-0.4625602335893783,-0.4589258343867695,-0.4828573587713912,1.0,0.0832369041068485,0.1370016907310178,0.1260344120338234,0.0821652972450459,-0.4462010184523781,1.0,0.5294379225592267,443.0,55.0,0.0,500.0,286.9078073896571,35.62060814092808,0.0,1.0
08222,茨城県,鹿嶋市,64249,302.0,-0.2478206724782067,1,1,1,3,1,1.5564444582795065,1.5564444582795065,4.669333374838518,0.0090801686451178,0.1127642649380948,0.6538065390661458,-0.0071086819094436,1.0,-0.001992230018967,0.0189108935330917,0.0157045621446701,0.0028792365909837,0.0713036427990535,1.0,-0.0732958728180206,301.0,206.0,178.0,691.0,468.4897819421314,320.6275584055783,277.0471135737521,1.0
08223,茨城県,潮来市,25753,0.0,-1.0,0,0,0,0,0,0.0,0.0,0.0,0.0,0.0,-0.8,-0.62,1.0,-0.0530062921302886,-0.0229634512159208,-0.0156155241355976,0.0137761841856953,-0.778862714537607,1.0,0.7258564224073184,,,,,,,,0.0
08224,茨城県,守谷市,70289,367.1,0.115127582017011,2,2,1,2,0,2.845395438831112,1.4226977194155557,2.845395438831112,1.6839339675283354,0.1532592395032299,0.3353719110443096,0.4676452570963035,1.0,0.1896660534440436,0.2227941274817704,0.2198869313241277,0.2082581466935569,0.1946748332627833,1.0,-0.0050087798187397,483.0,72.0,0.0,555.0,687.1629984777135,102.43423579792002,0.0,1.0
08225,茨城県,常陸大宮市,36311,594.9,0.5242121445042274,1,2,1,1,0,5.507972790614415,2.7539863953072072,2.7539863953072072,1.0779754681914198,0.4002471440790356,-0.3961659325439872,0.4783133476206549,1.0,-0.0349744073179273,-0.0046657278973015,0.0110644390609721,0.0739851068940666,0.0181664166478219,1.0,-0.0531408239657492,274.0,48.0,0.0,326.0,754.5922723141748,132.19134697474595,0.0,1.0
08226,茨城県,那珂市,52231,195.3,-0.485781990521327,2,0,1,2,0,0.0,1.9145718060155847,3.8291436120311695,-0.8,0.0746779336654774,0.1090227027537058,-0.375335899797786,1.0,0.0307496999303535,0.060845991715653,0.0656678404725613,0.0849552355001945,-0.4007111008711302,1.0,0.4314608008014838,149.0,178.0,203.0,530.0,285.2711990963221,340.7937814707741,388.6580766211637,1.0
08227,茨城県,筑西市,95963,351.2,-0.2212860310421286,4,0,0,2,1,0.0,0.0,2.0841365943123917,-0.8,-0.8,-0.3233669105947494,-0.4391480521102767,1.0,-0.0169416360923176,0.0161858033846112,0.0218529790201683,0.0445216815623965,-0.2324032381481688,1.0,0.2154616020558512,526.0,128.0,342.0,997.0,548.1279243041589,133.38474203599304,356.3873576274189,1.0
08228,茨城県,坂東市,49904,0.0,-1.0,1,0,0,0,1,0.0,0.0,0.0,-0.8,-0.8,-0.8,-0.9,1.0,0.0025479259449446,0.0332664628402598,0.0411986535883413,0.0729274165806672,-0.563446573759832,1.0,0.5659944997047767,138.0,50.0,350.0,538.0,276.530939403655,100.19236934915037,701.3465854440526,1.0
08229,茨城県,稲敷市,35097,0.0,-1.0,0,1,0,1,1,2.8492463743339886,0.0,2.8492463743339886,0.0274792174311826,0.0,-0.38103702183581,-0.5516597097891349,1.0,-0.0661892849535571,-0.0321688252669847,-0.0164758009543285,0.0462962962962962,-0.4815328587260551,1.0,0.4153435737724979,0.0,143.0,731.0,874.0,0.0,407.44223152976036,2082.799099638146,1.0
08230,茨城県,かすみがうら市,38225,0.0,-1.0,0,0,0,0,0,0.0,0.0,0.0,-0.8,-0.8,-0.8,-0.9,1.0,-0.0153958906021696,0.0184551946403486,0.0213101908373454,0.0327301756253326,-0.8309407403149855,1.0,0.8155448497128158,,,,,,,,0.0
08231,茨城県,桜川市,35356,226.3,-0.4292559899117276,1,0,0,2,1,0.0,0.0,5.656748500961647,-0.8,-0.8,0.4586345728734888,-0.4258328090248405,1.0,-0.0271668759547048,0.0081997239783718,0.026164436642757,0.0980232873002979,-0.2938977391548711,1.0,0.2667308632001662,80.0,249.0,35.0,364.0,226.2699400384659,704.265188369725,98.99309876682882,1.0
08232,茨城県,神栖市,93290,409.5,0.1509274873524451,3,1,0,3,0,1.0719262514738988,0.0,3.215778754421696,0.054975723700549,-0.8,0.3982096969647863,0.0261903429610503,1.0,0.1551435059233414,0.2030173225935519,0.2050362833373246,0.2131121263124149,-0.09110970873258,1.0,0.2462532146559214,416.0,304.0,0.0,720.0,445.92132061314186,325.8655804480652,0.0,1.0
08233,茨城県,行方市,29644,0.0,-1.0,0,1,0,0,0,3.373363918499528,0.0,0.0,0.1108631673949667,0.0,-0.8,-0.5978273665210067,1.0,-0.0602986737983351,-0.0374486150342262,-0.0183821088548363,0.0578839158627233,-0.6766747898470851,1.0,0.61637611604875,199.0,0.0,0.0,199.0,671.2994197814061,0.0,0.0,1.0
08234,茨城県,鉾田市,43854,266.8,-0.4193688792165396,2,0,0,0,0,0.0,0.0,0.0,-0.8,-0.8,-0.8,-0.6096844396082699,1.0,-0.0287936047208455,-0.0099526875035164,0.0014683318971176,0.047152409499654,-0.648863986316366,1.0,0.6200703815955205,117.0,0.0,0.0,117.0,266.7943631139691,0.0,0.0,1.0
08235,茨城県,つくばみらい市,51712,0.0,-1.0,0,0,0,0,0,0.0,0.0,0.0,-0.8,-0.8,-0.8,-0.9,1.0,0.0698946026644378,0.0803573656141578,0.0726113418763783,0.0416272469252601,-0.8370406027783698,1.0,0.9069352054428076,,,,,,,,0.0
08236,茨城県,小美玉市,46906,134.3,-0.5552980132450331,3,0,0,2,0,0.0,0.0,4.263846842621414,-0.8,-0.8,0.3161934848771772,-0.51021998389094,1.0,0.0212627116659963,0.0541065460849864,0.0621654603576876,0.0944011174484926,-0.0456207385331663,1.0,0.0668834501991626,193.0,151.0,281.0,625.0,411.46122031296636,321.92043661791666,599.0704813883085,1.0
08302,茨城県,茨城町,29985,1557.4,3.426947129050597,1,0,0,2,1,0.0,0.0,6.670001667500418,-0.8,0.0,0.8287195354718291,1.677781494846073,1.0,-0.0118176160785035,0.011096044293088,0.022937860914181,0.0703051273985531,0.9661785390037764,1.0,-0.97799615508228,500.0,47.0,244.0,791.0,1667.500416875104,156.7450391862598,813.7402034350508,1.0
08309,茨城県,大洗町,14610,663.9,,1,0,0,0,0,0.0,0.0,0.0,0.0,0.0,-0.8,-0.24,0.5,-0.0505571369785034,-0.0207863776594894,-0.0109224891702233,0.0285330647868411,0.5729385659380453,1.0,-0.6234957029165487,142.0,0.0,0.0,142.0,971.937029431896,0.0,0.0,1.0
08310,茨城県,城里町,16523,0.0,-1.0,0,0,0,0,0,0.0,0.0,0.0,0.0,0.0,-0.8,-0.62,1.0,-0.0003240641955958,0.0383246852946345,0.0611204528427536,0.1523035230352303,-0.8161513696656464,1.0,0.8158273054700506,,,,,,,,0.0
08341,茨城県,東海村,37526,612.9,1.5828065739570163,2,1,0,1,0,2.664819058785908,0.0,2.664819058785908,,0.0,-0.0132299217066791,0.9867734984031328,0.8,0.0484006321258831,0.1020762718853344,0.0818948184434712,0.0011690046760186,0.4902326119464671,1.0,-0.441831979820584,360.0,40.0,0.0,400.0,959.3348611629269,106.59276235143633,0.0,1.0
08364,茨城県,大子町,13664,351.3,,2,0,0,0,0,0.0,0.0,0.0,0.0,0.0,-0.8,-0.24,0.5,-0.1687843794414835,-0.1507581571543447,-0.1289125916686054,-0.041530329725648,0.3498371280214619,1.0,-0.5186215074629454,101.0,0.0,120.0,217.0,739.1686182669789,0.0,878.2201405152224,1.0
08442,茨城県,美浦村,13594,441.4,,1,0,0,1,0,0.0,0.0,7.356186552890981,0.0,0.0,,0.0,0.35,-0.0162967427828666,0.0262866447369125,0.0354516851787868,0.072111846946284,0.6886855704881287,1.0,-0.7049823132709954,60.0,126.0,0.0,186.0,441.3711931734589,926.8795056642637,0.0,1.0
08443,茨城県,阿見町,50257,758.1,1.8361391694725029,1,1,1,1,0,1.989772568995364,1.989772568995364,1.989772568995364,0.3502357630743051,0.3703275408691315,-0.2534572558251579,1.0056472801077083,1.0,0.056097830680552,0.0921875684031624,0.0890925204759545,0.0767123287671232,0.9395015562601288,1.0,-0.8834037255795766,621.0,0.0,121.0,686.0,1235.648765346121,0.0,240.76248084843903,1.0
08447,茨城県,河内町,7404,0.0,,0,0,0,0,0,0.0,0.0,0.0,0.0,0.0,0.0,0.0,0.5,-0.1030132061223663,-0.0659352476844893,-0.0569349936387347,-0.0209339774557165,-0.77,1.0,0.6669867938776337,,,,,,,,0.0
08521,茨城県,八千代町,19946,0.0,-1.0,0,0,0,1,0,0.0,0.0,5.01353654868144,0.0,0.0,0.2409251296906591,-0.4638612305464011,1.0,0.007590324467977,0.0317411007671003,0.0492037607048223,0.1190544004557105,-0.603145084314986,1.0,0.6107354087829631,0.0,55.0,0.0,55.0,0.0,275.7445101774792,0.0,1.0
08542,茨城県,五霞町,7549,0.0,,0,0,0,0,0,0.0,0.0,0.0,0.0,0.0,0.0,0.0,0.5,0.0443756732171553,0.0878941137518293,0.1092190343169715,0.1945187165775401,-0.3784243574656146,0.55,0.42280003068277,,,,,,,,0.0
08546,茨城県,境町,23551,1511.6,7.855301698886937,1,0,0,0,0,0.0,0.0,0.0,0.0,0.0,-0.8,3.807650849443468,1.0,0.0296705386407007,0.0597619140121925,0.0681780571061684,0.1018426294820717,1.4174872123396718,1.0,-1.387816673698971,356.0,0.0,0.0,358.0,1511.613094985351,0.0,0.0,1.0
08564,茨城県,利根町,14233,0.0,-1.0,0,0,0,0,0,0.0,0.0,0.0,0.0,0.0,-0.8,-0.62,1.0,-0.2275928263764609,-0.2117450876688026,-0.213706334881907,-0.2215513237343241,-0.7746276572685997,1.0,0.5470348308921388,,,,,,,,0.0
09201,栃木県,宇都宮市,505490,447.7,-0.0831456072086832,18,3,5,12,3,0.5934835506142555,0.9891392510237592,2.373934202457022,-0.4736583652772062,-0.1419828412686202,0.0445352897460542,-0.1509216093881677,1.0,0.0849768491543301,0.1227008224307415,0.1200173202736462,0.1092833116452649,-0.0523122912817661,1.0,0.1372891404360962,2208.0,668.0,657.0,4252.0,436.803893252092,132.14900393677422,129.97289758452195,1.0
09202,栃木県,足利市,138002,529.0,0.0582116423284657,8,0,1,7,1,0.0,0.7246271793162418,5.072390255213692,-0.8,-0.4264464006826558,0.7407001245166469,-0.0837561202606684,1.0,-0.0600869372556376,-0.0275464283189844,-0.0326358310410559,-0.052993441929342,0.0169567246301175,1.0,-0.0770436618857551,840.0,84.0,284.0,1208.0,608.6868306256431,60.868683062564315,205.79411892581268,1.0
09203,栃木県,栃木市,149436,286.4,-0.4392010965341688,3,2,1,3,1,1.3383655879440028,0.6691827939720014,2.007548381916004,0.1401296963707978,-0.4824421798161046,-0.3110664711212838,-0.3106009066335331,1.0,-0.0239103846685858,0.0003079708514676,0.0047949098148852,0.0227426656685558,-0.3449174992260291,1.0,0.3210071145574433,93.0,55.0,144.0,242.0,62.233999839396134,36.805053668460076,96.3623223319682,1.0
09204,栃木県,佐野市,112263,525.6,0.1755759337955713,3,1,1,2,1,0.8907654347380703,0.8907654347380703,1.7815308694761407,-0.286045856104265,-0.1923415021814986,-0.3383542530924202,-0.0490255676141551,1.0,0.0050696970749628,0.0327199145779077,0.0365711459410356,0.051976071393547,-0.1159535477379179,1.0,0.1210232448128807,488.0,66.0,220.0,811.0,434.69353215217836,58.790518692712645,195.96839564237553,1.0
09205,栃木県,鹿沼市,89631,398.3,-0.0143528829497648,2,1,0,1,1,1.1156854213385994,0.0,1.1156854213385994,-0.1522931874069831,-0.8,-0.583768876747737,-0.2452004104684396,1.0,0.02759088349458,0.0661304111120041,0.0732097762401257,0.1015272367526123,-0.279122773868698,1.0,0.3067136573632781,,,,,,,,0.0
09206,栃木県,日光市,71148,535.5,0.0783326621022955,3,0,1,2,0,0.0,1.4055208860403667,2.811041772080733,-0.8,-0.2229975155007793,-0.3088311809453546,-0.2006079734157723,1.0,-0.094942163123636,-0.066617427672917,-0.0603907962379125,-0.0354842704978944,-0.1007545976867891,1.0,0.005812434563153,132.0,163.0,120.0,419.0,185.5287569573284,229.09990442457973,168.66250632484397,1.0
09208,栃木県,小山市,166168,294.9,-0.29618138424821,5,1,1,3,1,0.6018005873573733,0.6018005873573733,1.80540176207212,-0.3332255309029959,-0.454670036040418,-0.2047471579735453,-0.3136483774067987,1.0,0.1246582490807459,0.1654275397850804,0.1669525096255045,0.1730523889872011,-0.2979920478747892,1.0,0.4226502969555351,518.0,248.0,0.0,987.0,311.73270425111934,149.24654566462857,0.0,1.0
09209,栃木県,真岡市,75587,627.1,0.8503983475951611,3,0,1,2,0,0.0,1.322978819109106,2.645957638218212,-0.8,0.0724256642735197,0.0127968188421305,0.2779825462649281,1.0,0.0820452009227023,0.1165524210719528,0.129439191560155,0.1809862735129639,0.3256097948344839,1.0,-0.2435645939117816,548.0,108.0,0.0,660.0,724.9923928717901,142.88171246378346,0.0,1.0
09210,栃木県,大田原市,69328,754.4,1.1873006668599593,3,1,0,3,1,1.442418647588276,0.0,4.327255942764828,-0.0142691491587695,-0.8,0.6168288493522642,0.5633208310010653,1.0,0.0547060066066046,0.0829044462820443,0.0993477082331958,0.1651207560378018,0.5104357355786332,1.0,-0.4557297289720285,595.0,73.0,0.0,674.0,858.2390953150242,105.29656127394415,0.0,1.0
09211,栃木県,矢板市,29280,372.3,0.1096870342771982,1,0,1,2,0,0.0,3.4153005464480874,6.830601092896175,-0.8,,1.0234281293390215,0.0568914547522968,0.85,-0.0102058079748284,0.0231859584065879,0.0350529684059426,0.0825210084033614,0.1940355863233632,1.0,-0.2042413942981917,155.0,172.0,0.0,327.0,529.3715846994535,587.431693989071,0.0,1.0
09213,栃木県,那須塩原市,113063,362.6,-0.0817928589516332,4,1,2,2,0,0.8844626447202003,1.7689252894404006,1.7689252894404006,-0.2126692997569349,0.6940706384361399,-0.287068196892385,-0.0223799231956403,1.0,0.0972724938945806,0.1348992526792076,0.1409368477604241,0.1650872280852897,-0.2605833471319757,1.0,0.3578558410265564,620.0,150.0,0.0,770.0,548.3668397265242,132.66939670803004,0.0,1.0
09214,栃木県,さくら市,43748,329.2,0.3497334973349733,1,1,0,1,0,2.285818780287099,0.0,2.285818780287099,,-0.8,-0.14238368167699,0.0418864955199226,0.8,0.0637724084682049,0.0946971041178564,0.0972267785465993,0.1073454762615706,-0.1324812121123139,1.0,0.1962536205805188,0.0,0.0,0.0,171.0,0.0,0.0,0.0,1.0
09215,栃木県,那須烏山市,22419,446.1,0.2640974780391047,1,0,0,1,0,0.0,0.0,4.4605022525536375,-0.8,0.0,-0.1189850643916665,-0.0457990206391976,1.0,-0.0577950311233721,-0.0244549941505524,-0.0108995988013349,0.0433219825955353,0.0808708663316647,1.0,-0.1386658974550368,96.0,34.0,122.0,252.0,428.2082162451492,151.65707658682368,544.1812748115437,1.0
09216,栃木県,下野市,58521,2590.5,8.281619491221784,3,1,1,3,1,1.7087882982177338,1.7087882982177338,5.126364894653202,0.182288763869522,0.2308235818880055,1.214101837388092,4.394006311276211,1.0,0.1530445641152158,0.2001635463220196,0.2105308370576157,0.252,1.719023258349298,1.0,-1.565978694234082,1296.0,99.0,56.0,1452.0,2214.589634490183,169.17004152355565,95.6921447001931,1.0
09301,栃木県,上三川町,30018,126.6,-0.316414686825054,1,0,1,0,0,0.0,3.331334532613765,0.0,0.0,,-0.8,-0.3273027569559141,0.85,0.1918225032299176,0.2486501664868208,0.2633727777159019,0.3222632226322264,0.2558195277627435,1.0,-0.0639970245328259,38.0,171.0,0.0,209.0,126.59071223932307,569.6582050769538,0.0,1.0
09342,栃木県,益子町,20319,0.0,-1.0,0,0,0,0,0,0.0,0.0,0.0,0.0,0.0,-0.8,-0.62,1.0,0.073814181417422,0.1111912680701452,0.1368418439590558,0.239444147514698,-0.5870915944410215,1.0,0.6609057758584436,,,,,,,,0.0
09343,栃木県,茂木町,10574,0.0,,0,0,0,0,0,0.0,0.0,0.0,0.0,0.0,-0.8,-0.24,0.5,-0.129990579926208,-0.1051778887285599,-0.08630136100084,-0.0107952500899604,-0.7420359307213538,1.0,0.6120453507951458,,,,,,,,0.0
09344,栃木県,市貝町,10662,318.9,,1,0,0,1,0,0.0,0.0,9.379103357719002,0.0,0.0,,0.0,0.35,0.1376730956721309,0.1791230005515719,0.2054054054054053,0.310535024820739,0.6036209223099942,0.55,-0.4659478266378632,34.0,40.0,0.0,74.0,318.88951416244606,375.1641343087601,0.0,1.0
09345,栃木県,芳賀町,14584,0.0,,0,0,0,0,0,0.0,0.0,0.0,0.0,0.0,0.0,0.0,0.5,0.0067334030949549,0.0221546234211069,0.0390167688104434,0.1064653503677894,-0.7328796750630081,1.0,0.7396130781579631,,,,,,,,0.0
09361,栃木県,壬生町,38627,2697.6,8.257378174330817,1,0,0,0,1,0.0,0.0,0.0,0.0,0.0,-0.8,4.008689087165409,1.0,0.0122015378987016,0.0377829314838445,0.0409453766354737,0.0535951572419901,1.4343556886766864,1.0,-1.422154150777985,1153.0,0.0,42.0,1195.0,2984.958707639734,0.0,108.7322339296347,1.0
09364,栃木県,野木町,24141,215.4,0.0,0,1,1,0,0,4.142330475125306,4.142330475125306,0.0,,,-0.8,-0.1846153846153846,0.65,-0.0018500943039456,0.0111445484086499,0.0286875018447906,0.0988593155893535,-0.3465797577049392,1.0,0.3447296634009936,52.0,0.0,0.0,52.0,215.4011847065159,0.0,0.0,1.0
09384,栃木県,塩谷町,9132,0.0,,0,0,0,0,0,0.0,0.0,0.0,0.0,0.0,0.0,0.0,0.5,-0.1108883220550013,-0.0835049834175177,-0.0643173082260213,0.0124333925399644,-0.5948773076808195,1.0,0.4839889856258181,,,,,,,,0.0
09386,栃木県,高根沢町,28405,0.0,-1.0,1,0,0,1,0,0.0,0.0,3.5205069530012323,0.0,0.0,0.2555465110320014,-0.4616680233451998,1.0,0.1101562662155155,0.1526434931944978,0.1627655844636388,0.2032539495402028,-0.399951348928082,1.0,0.5101076151435976,0.0,53.0,0.0,53.0,0.0,186.58686850906528,0.0,1.0
09407,栃木県,那須町,22816,0.0,-1.0,0,0,0,0,0,0.0,0.0,0.0,-0.8,0.0,-0.8,-0.78,1.0,-0.0234265901940946,-0.000402198761692,0.0127745268558109,0.065481429325823,-0.7065828489265339,1.0,0.6831562587324392,,,,,,,,0.0
09411,栃木県,那珂川町,13371,0.0,-1.0,0,0,0,1,0,0.0,0.0,7.47887218607434,0.0,0.0,0.1636249141804222,-0.4754562628729367,1.0,-0.083609353376899,-0.055830899787482,-0.035273626221988,0.0469554680399879,-0.4417317500688704,1.0,0.3581223966919714,0.0,47.0,0.0,47.0,0.0,351.50699274549396,0.0,1.0
10201,群馬県,前橋市,324621,802.8,0.4822747415066468,18,4,4,5,3,1.2322061727368223,1.2322061727368223,1.5402577159210278,0.1286448951976631,-0.004778839871831,-0.4244849600718744,0.2024767798013002,1.0,0.0415684075748037,0.0755982161004714,0.0750386812223811,0.0728005417100199,0.3052773123330479,1.0,-0.2637089047582442,3024.0,382.0,922.0,4345.0,931.5478665890377,117.67568949636654,284.02352281583757,1.0
10202,群馬県,高崎市,369221,412.8,-0.1758834098622479,18,4,5,12,2,1.083361997286178,1.3542024966077226,3.2500859918585343,0.0432754127840901,0.1746869586700785,0.3533717735469204,-7.781254175608966e-05,1.0,0.0575905804310948,0.0941398733080849,0.0874666807410362,0.0607739104728415,-0.0178547149432809,1.0,0.0754452953743757,2336.0,789.0,878.0,4009.0,632.683406415128,213.69315396469864,237.79795840431612,1.0
10203,群馬県,桐生市,97073,417.2,-0.1889580093312597,5,1,1,4,1,1.0301525655949646,1.0301525655949646,4.120610262379858,-0.342335800483417,-0.2654173791967131,0.2131147302159453,-0.1707915621094284,1.0,-0.1340822265650387,-0.1014507088251465,-0.1060952984960256,-0.124673657179542,-0.048075613821996,1.0,-0.0860066127430427,704.0,139.0,286.0,1133.0,725.2274061788552,143.1912066177001,294.62363376015986,1.0
10204,群馬県,伊勢崎市,210617,473.8,0.1307875894988066,7,3,2,6,2,1.4243864455385842,0.9495909636923896,2.8487728910771684,0.6536889651278137,-0.1499052896396762,0.3489642589117192,0.2259904331657725,1.0,0.0975119816721067,0.1429205580095519,0.1349928110128511,0.1032818230260477,0.0633743246294068,1.0,0.0341376570426998,1437.0,326.0,750.0,2517.0,682.2811074129819,154.78332708185948,356.09661138464605,1.0
10205,群馬県,太田市,221868,562.9,0.2807736063708759,7,2,2,5,1,0.9014368904033028,0.9014368904033028,2.253592226008257,-0.0723358180739864,-0.2331897047243636,0.0116817813469505,0.0926934510640286,1.0,0.0347245691109677,0.0703997733405272,0.0588897997089053,0.0128499051824177,-0.029292255034832,1.0,0.0640168241457998,1427.0,457.0,405.0,2281.0,643.1752213027565,205.97832945715473,182.54097030666884,1.0
10206,群馬県,沼田市,41555,753.2,0.628892733564014,3,2,2,1,0,4.812898568162676,4.812898568162676,2.406449284081338,1.1571964635519687,1.264073307723574,-0.4256574621483412,0.6716480363286856,1.0,-0.0390604045779645,-0.0056385799413152,0.0016744711796513,0.0309266756635178,0.7674585084433968,1.0,-0.8065189130213614,492.0,50.0,0.0,546.0,1183.9730477680184,120.3224642040669,0.0,1.0
10207,群馬県,館林市,72820,609.7,0.7677587706581621,4,1,2,1,0,1.37324910738808,2.7464982147761603,1.37324910738808,-0.0498665098817866,1.1878289913723463,-0.4831037880194291,0.4796148638556613,1.0,0.0001944799736409,0.0408862668322452,0.0338125463035615,0.0055176641888268,0.4779419567942115,1.0,-0.4777474768205705,540.0,70.0,172.0,788.0,741.5545179895634,96.12743751716562,236.1988464707498,1.0
10208,群馬県,渋川市,69602,991.4,0.9705823891870402,5,2,1,4,0,2.873480647107842,1.436740323553921,5.746961294215684,0.6682557441449546,-0.1351822510369441,0.584168880692725,0.6862903378708781,1.0,-0.0641350888243518,-0.0363003412831797,-0.0284280009647841,0.0030613603087981,0.6570398495817302,1.0,-0.721174938406082,958.0,100.0,570.0,1678.0,1376.3972299646562,143.6740323553921,818.941984425735,1.0
10209,群馬県,藤岡市,59603,763.4,0.6509515570934257,3,3,2,2,0,5.033303692767142,3.355535795178094,3.355535795178094,1.922183521902684,0.9525358410797382,-0.1317863396144264,0.8330249081470464,1.0,-0.0222891446467594,0.0134143777983002,0.0145967072731509,0.0193260251725537,0.4996925435896636,1.0,-0.521981688236423,707.0,155.0,0.0,866.0,1186.1819035954566,260.05402412630235,0.0,1.0
10210,群馬県,富岡市,44056,544.8,0.1782006920415224,1,1,1,3,1,2.2698383875068093,2.2698383875068093,6.809515162520428,0.0529367570634757,0.0640301575811415,0.5845196546447231,0.196970169267336,1.0,-0.0142738199754692,0.0207186912768063,0.026881903026578,0.0515347500256646,0.3838941956292016,1.0,-0.3981680156046708,407.0,107.0,360.0,878.0,923.8242237152715,242.87270746322864,817.1418195024513,1.0
10211,群馬県,安中市,51556,93.1,-0.8124496373892023,2,0,1,3,0,0.0,1.9396384513926603,5.818915354177981,-0.8,-0.0165699414039447,0.3887891318425991,-0.5103919401288031,1.0,-0.0369295740523405,-0.0009791951927689,0.0017294243674034,0.0125639026080928,-0.3923125102912317,1.0,0.3553829362388911,285.0,156.0,0.0,451.0,552.7969586469083,302.583598417255,0.0,1.0
10212,群馬県,みどり市,47266,704.5,1.3327814569536425,2,2,2,4,0,4.231371387466678,4.231371387466678,8.462742774933355,1.6123374773261483,1.5484842893488395,1.970062845187708,1.516640294122533,1.0,-0.0057163385677983,0.0321586003185153,0.0289767109927947,0.016249153689912,0.7463676642514666,1.0,-0.7520840028192649,529.0,374.0,0.0,937.0,1119.1977319849364,791.2664494562688,0.0,1.0
10344,群馬県,榛東村,14075,0.0,,0,0,0,0,0,0.0,0.0,0.0,0.0,0.0,0.0,0.0,0.5,0.1029165027894267,0.1387682815612766,0.1433451146967087,0.1616524472384373,-0.6735294991765582,1.0,0.776446001965985,,,,,,,,0.0
10345,群馬県,吉岡町,22326,0.0,-1.0,0,0,0,1,1,0.0,0.0,4.479082683866344,0.0,0.0,0.5693449011596043,-0.4145982648260593,1.0,0.1763992747151371,0.215866819816101,0.2152100121442715,0.2125827814569536,-0.2399379513446537,1.0,0.4163372260597908,98.0,0.0,396.0,494.0,438.95010301890176,0.0,1773.7167428110722,1.0
10366,群馬県,上野村,990,0.0,,0,0,0,0,0,0.0,0.0,0.0,0.0,0.0,0.0,0.0,0.5,-0.3193450847109383,-0.3314499168157704,-0.3292714317104561,-0.3205574912891986,0.0565587235288873,0.55,-0.3759038082398258,,,,,,,,0.0
10367,群馬県,神流町,1361,0.0,,0,0,0,0,0,0.0,0.0,0.0,0.0,0.0,0.0,0.0,0.5,-0.3746581859077159,-0.3730109393208265,-0.3610899108769511,-0.3134057971014492,0.1660972551540683,0.55,-0.5407554410617843,,,,,,,,0.0
10382,群馬県,下仁田町,5633,0.0,,0,1,0,0,0,17.752529735487304,0.0,0.0,,0.0,0.0,0.0,0.3,-0.2551061679495165,-0.2360836329269369,-0.2231466119146305,-0.1713985278654048,0.502953650279054,0.7,-0.7580598182285705,48.0,0.0,0.0,48.0,852.1214273033908,0.0,0.0,1.0
10383,群馬県,南牧村,1299,0.0,,0,0,0,0,0,0.0,0.0,0.0,0.0,0.0,0.0,0.0,0.5,-0.4466273355571412,-0.4421257373283415,-0.4369770403746186,-0.4163822525597269,-0.0026014555504245,0.55,-0.4440258800067166,,,,,,,,0.0
10384,群馬県,甘楽町,11583,0.0,,0,0,0,0,0,0.0,0.0,0.0,0.0,0.0,0.0,0.0,0.5,0.0294867540385747,0.0607943177270907,0.0788035214085633,0.1508403361344537,-0.5039325804904013,1.0,0.533419334528976,,,,,,,,0.0
10421,群馬県,中之条町,14060,0.0,-1.0,1,0,1,3,0,0.0,7.112375533428166,21.337126600284492,0.0,,2.0,-0.2352941176470588,0.85,-0.1236799387184972,-0.0977143501855463,-0.0924262226958625,-0.0712737127371273,0.3376906525392304,1.0,-0.4613705912577276,70.0,253.0,223.0,546.0,497.86628733997156,1799.4310099573258,1586.0597439544808,1.0
10424,群馬県,長野原町,4641,797.2,,1,1,0,0,0,21.54708037060978,0.0,0.0,,0.0,0.0,0.0,0.3,-0.0961664181155853,-0.064951256465641,-0.0569696407510966,-0.0250431778929188,0.9145618824634912,0.55,-1.0107283005790766,74.0,0.0,0.0,74.0,1594.4839474251237,0.0,0.0,1.0
10425,群馬県,嬬恋村,8146,0.0,,0,0,0,0,0,0.0,0.0,0.0,0.0,0.0,0.0,0.0,0.5,-0.0405653232217995,-0.0090101505552148,0.005680768444717,0.0644444444444445,-0.7341666248734977,1.0,0.6936013016516982,,,,,,,,0.0
10426,群馬県,草津町,5572,0.0,,1,0,0,1,0,0.0,0.0,17.946877243359655,0.0,0.0,,0.0,0.35,-0.1877379313765723,-0.1665022622847725,-0.169997464953412,-0.1839782756279701,0.3528547926156858,1.0,-0.5405927239922582,395.0,109.0,0.0,504.0,7089.0165111270635,1956.2096195262022,0.0,1.0
10428,群馬県,高山村,3309,0.0,,0,0,0,0,0,0.0,0.0,0.0,0.0,0.0,0.0,0.0,0.5,0.015884456836851,0.044153979806969,0.0602546906948903,0.1246575342465754,-0.040910550812205,0.55,0.056795007649056,,,,,,,,0.0
10429,群馬県,東吾妻町,11465,750.1,,1,1,0,1,0,8.722197993894461,0.0,8.722197993894461,,0.0,0.2614842461986959,0.1307421230993479,0.3,-0.1203710416768478,-0.0962694154561648,-0.079773202133977,-0.0137883488452258,0.723197919765306,1.0,-0.8435689614421539,163.0,19.0,0.0,186.0,1421.718273004797,165.72176188399476,0.0,1.0
10443,群馬県,片品村,3558,0.0,,0,0,0,0,0,0.0,0.0,0.0,0.0,0.0,0.0,0.0,0.5,-0.0846306224136253,-0.054141515077358,-0.0321649400440492,0.0557413600891862,0.0502069571741011,0.55,-0.1348375795877264,,,,,,,,0.0
10444,群馬県,川場村,3174,1732.8,,1,0,0,1,0,0.0,0.0,31.5059861373661,0.0,0.0,,0.0,0.35,-0.0859465815929147,-0.0725647775116777,-0.0613921142849162,-0.0167014613778705,0.1886492076078241,0.55,-0.2745957892007389,55.0,127.0,0.0,182.0,1732.8292375551357,4001.260239445495,0.0,1.0
10448,群馬県,昭和村,6630,0.0,,0,0,0,0,0,0.0,0.0,0.0,0.0,0.0,0.0,0.0,0.5,0.0312018977526384,0.0446280131310535,0.0687851172717601,0.1654135338345865,-0.4258539594856061,0.55,0.4570558572382446,,,,,,,,0.0
10449,群馬県,みなかみ町,15425,466.8,0.3757736516357206,2,0,1,1,0,0.0,6.482982171799028,6.482982171799028,0.0,,0.0728816644217928,0.2339047946836815,0.85,-0.1452780896372361,-0.1220828175235211,-0.1089102122991527,-0.0562197914016789,0.0194853473440251,1.0,-0.1647634369812612,72.0,76.0,0.0,148.0,466.77471636953004,492.70664505672613,0.0,1.0
10464,群馬県,玉村町,34934,85.9,-0.7203776041666666,1,0,1,1,0,0.0,2.862540791206275,2.862540791206275,0.0,,0.059985514342336,-0.4131658528611563,0.85,0.1867846056202244,0.2467322527798248,0.2644015090301425,0.3350785340314135,-0.3220204052114476,1.0,0.508805010831672,77.0,48.0,0.0,125.0,220.41564092288314,137.4019579779012,0.0,1.0
10521,群馬県,板倉町,13023,0.0,,0,0,0,0,0,0.0,0.0,0.0,0.0,0.0,0.0,0.0,0.5,-0.0123944178480605,0.0197146828696307,0.0316314489262802,0.0792985131528782,-0.685403682870171,1.0,0.6730092650221104,,,,,,,,0.0
10522,群馬県,明和町,10257,0.0,,1,0,0,0,0,0.0,0.0,0.0,0.0,0.0,0.0,0.0,0.5,0.0350838063107052,0.0578477723826561,0.0686480960899566,0.1118493909191584,0.1834019475942474,0.55,-0.1483181412835421,39.0,0.0,0.0,39.0,380.22813688212926,0.0,0.0,1.0
10523,群馬県,千代田町,10441,0.0,,0,0,0,0,0,0.0,0.0,0.0,0.0,0.0,0.0,0.0,0.5,0.0020610850172722,0.0320006396134107,0.0361213987459116,0.0526044352759154,-0.4239718903474763,0.55,0.4260329753647485,,,,,,,,0.0
10524,群馬県,大泉町,41603,62.5,-0.643468339988591,1,0,0,1,0,0.0,0.0,2.403672812056823,0.0,-0.8,-0.0983282455992625,-0.4564834068341848,1.0,0.1078452652549904,0.157429047716563,0.1537002308687787,0.1387849634776412,-0.5935328836750926,1.0,0.701378148930083,26.0,48.0,0.0,74.0,62.495493113477394,115.37629497872749,0.0,1.0
10525,群馬県,邑楽町,24510,159.1,-0.1315502183406113,1,0,0,1,0,0.0,0.0,4.079967360261118,0.0,0.0,0.0628740009232389,-0.0563440090318198,1.0,-0.0345313138105097,-0.0046573276242519,-0.0039735912488648,-0.0012386457473162,-0.2857917781311352,1.0,0.2512604643206255,39.0,41.0,0.0,80.0,159.1187270501836,167.27866177070584,0.0,1.0
11101,埼玉県,さいたま市西区,97959,477.8,0.3209842410837711,2,0,2,1,0,0.0,2.0416704947988444,1.0208352473994222,-0.8,0.8253306784247394,-0.5561442963217778,0.0408700778573297,1.0,0.0410047272094547,0.0680856582211824,0.0532396479287124,-0.0061443932411674,0.118677626273043,1.0,-0.0776728990635882,515.0,291.0,120.0,926.0,525.7301524107024,297.06305699323184,122.50022968793067,1.0
11102,埼玉県,さいたま市北区,151850,375.4,-0.025188262788886,3,1,1,2,0,0.658544616397761,0.658544616397761,1.317089232795522,-0.033905507299634,-0.2916797923337877,-0.3389869123108309,-0.1139752385510626,1.0,0.2133071473344215,0.282618548253394,0.2715575609692953,0.2273136118329002,-0.0736921473860797,1.0,0.2869992947205013,712.0,43.0,0.0,755.0,468.88376687520577,28.317418505103724,0.0,1.0
11103,埼玉県,さいたま市大宮区,122264,645.3,0.6000495908752788,5,0,1,1,1,0.0,0.8179022443237584,0.8179022443237584,-0.8,-0.1687018882323849,-0.5949277434641886,0.0254803506831533,1.0,0.0772610482405581,0.1113448394417218,0.0936313051428395,0.0227771679473105,0.527167147737947,1.0,-0.4499060994973889,957.0,34.0,102.0,1093.0,782.7324478178368,27.808676307007786,83.42602892102336,1.0
11104,埼玉県,さいたま市見沼区,165778,0.0,-1.0,0,0,1,2,1,0.0,0.603216349575939,1.206432699151878,-0.8,-0.491937671548287,-0.4769228229174709,-0.8053290741698638,1.0,0.100023529509204,0.1442340160340244,0.1328069226133415,0.0870985489306099,-0.7207617486769216,1.0,0.8207852781861256,255.0,275.0,271.0,801.0,153.82016914186443,165.8844961333832,163.47163073507943,1.0
11105,埼玉県,さいたま市中央区,105127,920.8,1.452850293020778,3,0,0,1,2,0.0,0.0,0.9512304165437994,-0.8,-0.8,-0.5535782612678308,0.3633884073202144,1.0,0.1807874305035969,0.2401706120738932,0.2273014867127386,0.1758249852681201,0.8290798687959451,1.0,-0.6482924382923481,1064.0,0.0,247.0,1311.0,1012.1091632026025,0.0,234.95391288631842,1.0
11106,埼玉県,さいたま市桜区,98243,292.1,-0.213092672413793,2,1,1,2,0,1.0178842258481522,1.0178842258481522,2.0357684516963044,0.0040611301150002,-0.0305332296207626,-0.1063824791171021,-0.1262714664945762,1.0,0.0815361006092123,0.1324566753784287,0.1177238008203276,0.0587923025879231,-0.2271721079321151,1.0,0.3087082085413276,338.0,234.0,0.0,572.0,344.0448683366754,238.1849088484676,0.0,1.0
11107,埼玉県,さいたま市浦和区,169225,233.4,-0.4215613382899628,3,1,0,1,0,0.5909292362239622,0.0,0.5909292362239622,-0.2172897259527215,-0.8,-0.6999673384925232,-0.4792337151094041,1.0,0.1977084049741748,0.2489328876179928,0.2396368055144671,0.2024524771003644,-0.3140689993332914,1.0,0.5117774043074662,515.0,0.0,0.0,515.0,304.3285566553405,0.0,0.0,1.0
11108,埼玉県,さいたま市南区,195804,30.1,-0.9284185493460166,2,0,0,0,1,0.0,0.0,0.0,-0.8,-0.8,-0.8,-0.8642092746730083,1.0,0.2046086098802328,0.2654386486694757,0.2536187926794382,0.206339368719288,-0.7112260714169422,1.0,0.9158346812971748,88.0,0.0,377.0,465.0,44.94290208575923,0.0,192.53947825376397,1.0
11109,埼玉県,さいたま市緑区,136678,515.8,0.3446298227320123,3,0,0,2,1,0.0,0.0,1.4632932878736884,-0.8,-0.8,-0.2814389302096582,-0.1499009281654426,1.0,0.2079410992721154,0.2650665651406066,0.249771924994306,0.1885933644091033,0.0082259701370414,1.0,0.199715129135074,705.0,37.0,30.0,802.0,515.8108839754751,27.070925825663238,21.94939931810533,1.0
11110,埼玉県,さいたま市岩槻区,110948,188.4,-0.5497131931166348,4,1,2,3,0,0.9013231423730036,1.8026462847460072,2.7039694271190107,-0.1929741554228894,0.7100860185153455,0.0340296262816322,-0.2018340809233486,1.0,-0.0210533190648488,0.0053088618699794,-0.00876286298317,-0.0650497623957679,-0.3049608624412329,1.0,0.2839075433763841,458.0,252.0,0.0,710.0,412.8059992068356,227.13343187799688,0.0,1.0
11201,埼玉県,川越市,355370,536.9,0.0957142857142856,10,4,2,10,1,1.1255874159326895,0.5627937079663449,2.8139685398317247,0.0606658635998256,-0.5328410942003206,0.1717676403015813,0.005829297492297,1.0,0.0414131131004177,0.0747896138230186,0.0632658215813172,0.0171706526145114,-0.1092658502780855,1.0,0.1506789633785032,2330.0,885.0,899.0,4114.0,655.6546697807918,249.03621577510765,252.97577173087203,1.0
11202,埼玉県,熊谷市,188920,509.7,0.0605493133583021,7,2,2,3,1,1.0586491636671609,1.0586491636671609,1.5879737455007412,0.0675116432631812,-0.1473634789503168,-0.3085507087051556,-0.0246101428165335,1.0,0.028231256880965,0.0626140658799327,0.0644032337241123,0.0715599051008304,0.0404320708824479,1.0,-0.0122008140014828,1280.0,205.0,790.0,2326.0,677.5354647469828,108.51153927588398,418.16641964852846,1.0
11203,埼玉県,川口市,602313,366.3,-0.1665529010238907,16,5,6,12,1,0.8301331699631255,0.9961598039557504,1.992319607911501,-0.1813798737618894,-0.0544901117944108,-0.052580299569499,-0.1356129869689097,1.0,0.0884165195492708,0.1328303148893511,0.1137752368447467,0.0375549246663289,-0.2328185789501742,1.0,0.321235098499445,2713.0,686.0,438.0,3881.0,450.4302580219919,113.89427091894082,72.7196656887698,1.0
11206,埼玉県,行田市,74480,550.5,0.1905276816608996,2,1,1,2,0,1.3426423200859292,1.3426423200859292,2.6852846401718584,-0.1570868572466209,-0.0293434628540564,-0.1123558932156212,0.0425915659706739,1.0,-0.0397751454394409,-0.0034333349219002,-0.001149245291705,0.0079871132290758,-0.1012321771036483,1.0,0.0614570316642073,550.0,114.0,0.0,664.0,738.453276047261,153.0612244897959,0.0,1.0
11207,埼玉県,秩父市,55148,275.6,-0.4039792387543252,2,1,1,2,0,1.8133023863059403,1.8133023863059403,3.6266047726118806,-0.0692137552646087,-0.0540377906927274,-0.0825415260576056,-0.2363192679426343,1.0,-0.0712018930968656,-0.0398986772316303,-0.0356841309004848,-0.0188259455759027,-0.2507411052597776,1.0,0.179539212162912,317.0,75.0,0.0,392.0,574.8168564589831,135.99767897294555,0.0,1.0
11208,埼玉県,所沢市,339782,500.9,-0.030766253869969,13,5,4,9,3,1.4715317468259062,1.1772253974607247,2.648757144286631,0.4029929040658822,-0.0156857687758184,0.0546829190747228,0.0710650264230276,1.0,0.0778462844217138,0.1172147599841562,0.1115699458145695,0.0889906891362231,-0.0056327213306132,1.0,0.083479005752327,2310.0,1396.0,816.0,4531.0,679.8476670335685,410.85166371379296,240.15398108198787,1.0
11209,埼玉県,飯能市,78885,301.7,-0.2485678704856787,4,0,1,1,1,0.0,1.26766812448501,1.26766812448501,-0.8,-0.0017371669973399,-0.593584888947041,-0.3735822436344965,1.0,0.0292065915203479,0.0612446031224733,0.0642076196430995,0.0760596857256041,-0.2422644466585781,1.0,0.271471038178926,348.0,124.0,838.0,1310.0,441.14850732078344,157.1908474361412,1062.3058883184383,1.0
11210,埼玉県,加須市,109475,435.7,-0.0111211983658647,4,0,1,1,0,0.0,0.9134505594884677,0.9134505594884677,-0.8,-0.179520735000749,-0.6640746424922432,-0.2920999058068813,1.0,0.0820189383383307,0.1150316932898228,0.1277683690264391,0.1787150719729042,-0.0960582142313128,1.0,0.1780771525696435,558.0,89.0,177.0,828.0,509.705412194565,81.29709979447362,161.68074902945878,1.0
11211,埼玉県,本庄市,76871,513.8,0.4897071614960857,7,1,0,7,1,1.3008806962313486,0.0,9.10616487361944,-0.0866621665302339,-0.8,2.0,0.4075211474419961,1.0,0.0626715369005721,0.1015243092055248,0.1002963243313013,0.0953843848344073,0.5338405781281438,1.0,-0.4711690412275716,443.0,429.0,514.0,1388.0,576.2901484304875,558.0778186832486,668.6526778629132,1.0
11212,埼玉県,東松山市,90946,533.3,0.5180757187588954,6,2,1,3,0,2.1991071624920284,1.0995535812460142,3.298660743738042,0.8724897412616761,0.0256603350339339,0.2894002785844196,0.4807948996745359,1.0,0.0421029623450308,0.0677089507246423,0.0705810883376051,0.0820696387894566,0.233413431745921,1.0,-0.1913104694008902,418.0,0.0,364.0,788.0,459.61339696083394,0.0,400.2375035735492,1.0
11214,埼玉県,春日部市,223590,541.6,0.0,9,1,1,8,1,0.4472471935238606,0.4472471935238606,3.577977548190885,-0.6321298021424828,-0.6435242152870195,0.3271677649192337,-0.1738794279836644,1.0,-0.0376657723067461,-0.0003265230249304,-0.0092754214709701,-0.0450710152551289,-0.1729139773305283,1.0,0.1352482050237821,1525.0,475.0,244.0,2246.0,682.0519701238875,212.4424169238338,109.12831521982199,1.0
11215,埼玉県,狭山市,143489,463.5,-0.0906415538552088,4,2,2,3,1,1.3938350674964632,1.3938350674964632,2.090752601244694,0.1735692988229202,0.0985924246306038,-0.3031843921789042,-0.0412957122952654,1.0,-0.0444692423561912,-0.0131537855591137,-0.0195647877096214,-0.045208796311652,0.0489594323661706,1.0,-0.0934286747223619,842.0,424.0,506.0,1772.0,586.804563416011,295.4930343092502,352.64027207660513,1.0
11216,埼玉県,羽生市,51044,542.7,0.6734505087881593,2,1,1,1,0,1.959094114881279,1.959094114881279,1.959094114881279,0.0903202836271843,0.1342555015400921,-0.4325937937120052,0.3100385672937295,1.0,0.0235172423953003,0.0557495393228549,0.062360904667833,0.0888063660477453,0.4295762659248777,1.0,-0.4060590235295774,436.0,0.0,135.0,571.0,854.1650340882376,0.0,264.4777055089727,1.0
11217,埼玉県,鴻巣市,113935,237.9,-0.4539820977736974,3,1,0,1,1,0.8776934216878045,0.0,0.8776934216878045,-0.2354184021838993,-0.8,-0.6740319634656355,-0.4951795238434739,1.0,0.0314563475831351,0.0623238293905186,0.0661214908694102,0.0813121367849767,-0.5011477400209318,1.0,0.532604087604067,300.0,176.0,379.0,855.0,263.3080265063413,154.47404221705358,332.6458068196779,1.0
11218,埼玉県,深谷市,137365,467.4,0.1265365148228487,5,1,0,3,1,0.7279874786153678,0.0,2.1839624358461034,-0.3591265492581889,-0.8,-0.1846003070118976,-0.156247098491998,1.0,0.026647808243597,0.0619693831503563,0.0622834131159426,0.0635395329782875,-0.064352926722513,1.0,0.0910007349661101,828.0,204.0,282.0,1320.0,602.7736322935245,148.50944563753504,205.2924689695337,1.0
11219,埼玉県,上尾市,225590,373.2,-0.2391437308868501,3,0,3,4,0,0.0,1.32984618112505,1.7731282415000664,-0.8,0.1035514047515231,-0.2593239368632399,-0.3029377452601826,1.0,0.0279412195109644,0.0673823969933622,0.0540804942463096,0.000872883258099,-0.35645251688702,1.0,0.3843937363979844,912.0,26.0,115.0,1066.0,404.2732390620152,11.525333569750432,50.97743694312692,1.0
11221,埼玉県,草加市,247233,225.7,-0.43729743206183,4,0,2,1,0,0.0,0.8089534973082072,0.4044767486541036,-0.8,-0.1896589342150102,-0.8,-0.5270975561631666,1.0,0.0446258292374182,0.0978451430375094,0.0728490423591233,-0.0271353603544209,-0.4913021316180024,1.0,0.5359279608554206,666.0,0.0,0.0,666.0,269.38151460363304,0.0,0.0,1.0
11222,埼玉県,越谷市,344085,490.0,0.1149032992036405,10,1,3,3,1,0.2906258627955302,0.8718775883865906,0.8718775883865906,-0.7189349966290715,-0.1972784599893842,-0.6085970382948074,-0.2072166744666227,1.0,0.0431296143783817,0.0819840434107204,0.0631057711867156,-0.0124073177093035,-0.1257601540361748,1.0,0.1688897684145566,2207.0,419.0,694.0,3325.0,641.4112791897351,121.77223651132715,201.69434878009795,1.0
11223,埼玉県,蕨市,74649,174.1,-0.5106801573917932,1,0,0,0,0,0.0,0.0,0.0,-0.8,-0.8,-0.8,-0.6553400786958966,1.0,0.0620906078545877,0.0932043503651709,0.0815191642998438,0.0347784200385357,-0.5616476055808319,1.0,0.6237382134354197,130.0,46.0,0.0,176.0,174.14834760010183,61.62172299695911,0.0,1.0
11224,埼玉県,戸田市,145357,419.0,-0.0009537434430137,2,1,1,2,0,0.6879613640897927,0.6879613640897927,1.3759227281795854,-0.1370520888682176,-0.2073817093789647,-0.2460317915076959,-0.0958993146281495,1.0,0.2539632218191518,0.3344044799107382,0.3126890237913791,0.2258271993139426,-0.1259688192390909,1.0,0.3799320410582427,689.0,245.0,550.0,1484.0,474.0053798578672,168.5505342019992,378.37875024938603,1.0
11225,埼玉県,入間市,142042,361.9,-0.1693826027082855,7,1,1,2,0,0.7040171216963997,0.7040171216963997,1.4080342433927997,-0.3477704083889082,-0.426371998837053,-0.4690019750556727,-0.2885514791158333,1.0,0.0382816016848511,0.0799815859070894,0.077531604395901,0.0677316783511474,-0.3370776274862462,1.0,0.3753592291710973,499.0,140.0,205.0,844.0,351.3045437265034,98.56239703749596,144.32350994776192,1.0
11227,埼玉県,朝霞市,143941,357.1,-0.1477326968973746,3,0,1,2,0,0.0,0.6947290903912019,1.3894581807824038,-0.8,-0.2410870819268216,-0.3112369724832421,-0.3167149566101969,1.0,0.185107118457047,0.249069280419715,0.2294395620178035,0.1509206884101577,-0.2962147690350418,1.0,0.4813218874920889,639.0,0.0,101.0,740.0,443.93188875997805,0.0,70.1676381295114,1.0
11228,埼玉県,志木市,76666,78.3,-0.7683431952662723,0,1,1,1,0,1.3043591683405944,1.3043591683405944,1.3043591683405944,0.2303435332715884,0.1412690947828812,-0.4088386925252056,-0.3782383306401671,1.0,0.0765997540938582,0.1140389543430824,0.097604920591828,0.0318687855868105,-0.6337889529188284,1.0,0.7103887070126866,100.0,98.0,0.0,198.0,130.4359168340594,127.82719849737823,0.0,1.0
11229,埼玉県,和光市,85639,648.1,0.640759493670886,2,1,1,2,1,1.167692289727811,1.167692289727811,2.335384579455622,0.3123117497107541,0.1014317930125245,0.1168663107021272,0.4155868123347916,1.0,0.1428195654705712,0.2009155491123752,0.1819540876168707,0.1061082416348528,0.4739913142427049,1.0,-0.3311717487721337,597.0,180.0,500.0,1281.0,697.1122969675031,210.18461215100595,583.8461448639055,1.0
11230,埼玉県,新座市,167343,286.2,-0.316945107398568,3,2,2,3,0,1.1951500809714182,1.1951500809714182,1.792725121457127,0.5170815638754842,0.1114379877091362,-0.1793501858052796,-0.0652430706386087,1.0,0.0488262438302423,0.0868020374358825,0.0687562239915074,-0.0034270297859929,-0.3364667152903484,1.0,0.3852929591205908,795.0,244.0,0.0,1039.0,475.07215718613867,145.808309878513,0.0,1.0
11231,埼玉県,桶川市,73780,147.7,-0.5653325485579753,2,0,0,2,0,0.0,0.0,2.7107617240444566,-0.8,-0.8,0.0203410722804331,-0.5596151134369227,1.0,2.65351795273195e-05,0.0306620959106028,0.020740141675283,-0.0189476752659961,-0.5397674721002778,1.0,0.5397940072798051,124.0,136.0,0.0,260.0,168.0672268907563,184.33179723502303,0.0,1.0
11232,埼玉県,久喜市,146973,402.8,-0.1451612903225806,5,1,2,1,1,0.6803970797357338,1.3607941594714676,0.6803970797357338,-0.4095137524426049,0.1403244987242453,-0.7518983612245953,-0.2462194750248637,1.0,0.00492611871758,0.0336359818704637,0.0352535681993864,0.041723913515077,-0.1560805503601723,1.0,0.1610066690777523,742.0,210.0,442.0,1394.0,504.8546331639144,142.8833867445041,300.7355092431943,1.0
11233,埼玉県,北本市,62926,530.8,0.3197414221780208,1,0,1,1,0,0.0,1.5891682293487588,1.5891682293487588,-0.8,-0.0402301253371636,-0.5397342530311096,-0.0871239456662305,1.0,-0.0236140847161674,0.0180644233690414,0.012811945557234,-0.0081979656899954,0.1492642378752639,1.0,-0.1728783225914313,334.0,196.0,0.0,530.0,530.7821886024855,311.47697295235673,0.0,1.0
11234,埼玉県,八潮市,93550,198.8,-0.502004008016032,2,1,1,2,0,1.0689470871191875,1.0689470871191875,2.1378941742383755,0.1335180215948537,-0.0647083226015566,-0.0615535424468356,-0.2432376794463041,1.0,0.0588622031367718,0.0894633069406186,0.0628692418632173,-0.0435070184463879,-0.2841890735707836,1.0,0.3430512767075555,310.0,311.0,454.0,1075.0,331.37359700694816,332.44254409406733,485.30197755211117,1.0
11235,埼玉県,富士見市,112710,494.2,0.336036766693701,4,1,1,1,0,0.8872327211427558,0.8872327211427558,0.8872327211427558,-0.0109175078838773,-0.1286355257137402,-0.5758955845340468,0.0601552152329069,1.0,0.0505055713807143,0.0969338276944284,0.075927293888813,-0.0080988413336485,-0.034509981207997,1.0,0.0850155525887113,656.0,0.0,0.0,656.0,582.0246650696478,0.0,0.0,1.0
11237,埼玉県,三郷市,142488,461.8,0.1568136272545091,4,2,4,3,0,1.4036269720958958,2.807253944191792,2.105440458143844,0.372764312238256,1.3059503383248336,-0.033468889178909,0.3438318934467944,1.0,0.01466147168479,0.0338498022733184,0.0215310896544725,-0.0277437608209112,-0.0778901555925,1.0,0.09255162727729,1024.0,55.0,0.0,1079.0,718.6570097130987,38.599741732637135,0.0,1.0
11238,埼玉県,蓮田市,60028,401.5,0.1641055378370544,2,1,1,3,0,1.6658892516825483,1.6658892516825483,4.997667755047644,0.0380040258749632,0.1527611726573621,0.5862922616034756,0.2005115892326454,1.0,-0.0736519746806284,-0.0524344741825289,-0.0632686089720552,-0.1066051481301603,0.0381153011364155,1.0,-0.1117672758170439,733.0,72.0,120.0,1005.0,1221.0968214833078,119.94402612114347,199.90671020190578,1.0
11239,埼玉県,坂戸市,98595,144.0,-0.5933352160406665,3,1,1,3,0,1.0142502155281707,1.0142502155281707,3.0427506465845124,-0.1778341834226631,-0.109836963434617,0.1828860967444614,-0.3212770747083892,1.0,-0.0221857123178318,0.0097054109463693,-0.0016290816727539,-0.0469670521492472,-0.4192038209012045,1.0,0.3970181085833726,236.0,204.0,0.0,440.0,239.3630508646483,206.90704396774686,0.0,1.0
11240,埼玉県,幸手市,47901,359.1,-0.2420852680455888,3,1,0,1,0,2.087639088954301,0.0,2.087639088954301,-0.0025757789099783,-0.8,-0.5094850782278899,-0.3179805515389736,1.0,-0.0810840064047093,-0.055026560300647,-0.0559355847223281,-0.0595716824090526,-0.0286350680387998,1.0,-0.0524489383659094,262.0,47.0,188.0,497.0,546.961441306027,98.11903718085217,392.4761487234087,1.0
11241,埼玉県,鶴ヶ島市,69050,278.1,-0.1889763779527558,1,1,0,1,0,1.448225923244026,0.0,1.448225923244026,0.0047863486340511,-0.8,-0.4521727814594922,-0.2813568364684915,1.0,0.0115680097928433,0.0488733970061191,0.039923427789288,0.0041235509219637,-0.2603220017526167,1.0,0.2718900115454601,229.0,90.0,0.0,319.0,331.64373642288194,130.34033309196235,0.0,1.0
11242,埼玉県,日高市,53462,1595.5,2.9669318746892093,2,1,2,1,0,1.870487449029217,3.740974898058434,1.870487449029217,0.0859483025698357,1.099865442867141,-0.4817976705418303,1.5933657637073684,1.0,-0.0322659336080255,-0.0046358648219731,-0.0127823475286133,-0.0453682783551739,0.9725064321757592,1.0,-1.0047723657837846,937.0,60.0,0.0,997.0,1752.6467397403762,112.22924694175302,0.0,1.0
11243,埼玉県,吉川市,74158,175.3,-0.4827382708763647,1,0,1,1,0,0.0,1.3484721810189055,1.3484721810189055,-0.8,0.1726222626450275,-0.3642973516785829,-0.4301203987932157,1.0,0.098875068876405,0.1381736026609934,0.1194734615680471,0.0446728971962617,-0.3976224618760535,1.0,0.4964975307524586,242.0,30.0,180.0,452.0,326.33026780657514,40.454165430567166,242.72499258340298,1.0
11245,埼玉県,ふじみ野市,112062,213.3,-0.4253771551724137,2,1,1,2,0,0.8923631561100105,0.8923631561100105,1.784726312220021,-0.1126143812012967,-0.1769768217016518,-0.1624104847727732,-0.2861195497976299,1.0,0.0777305777066165,0.1216139906452621,0.1019552158884968,0.0233201168614356,-0.4459558536038662,1.0,0.5236864313104828,422.0,188.0,0.0,610.0,376.5772518784244,167.76427334868197,0.0,1.0
11246,埼玉県,白岡市,52451,396.6,0.3775616533518584,3,1,1,2,1,1.9065413433490304,1.9065413433490304,3.8130826866980607,0.3029064922903437,0.2743399614317365,0.4568483343207892,0.3590403694968768,1.0,0.0787758874223375,0.1107405921862024,0.1061936861325948,0.0880060619181641,0.1905641003808747,1.0,-0.1117882129585371,346.0,40.0,120.0,506.0,659.6633047987646,76.26165373396123,228.78496120188365,1.0
11301,埼玉県,伊奈町,45588,1327.1,5.6355,2,1,1,3,1,2.193559708695271,2.193559708695271,6.580679126085812,,0.5319521080997485,1.4690213730997224,3.8973700277249006,0.8,0.0969964153881621,0.1587657692355822,0.1301622216876784,0.0157480314960629,1.742275702670411,1.0,-1.6452792872822488,644.0,163.0,183.0,990.0,1412.6524523997543,357.5502325173291,401.4214266912345,1.0
11324,埼玉県,三芳町,37170,957.8,2.1178385416666665,3,0,1,2,1,0.0,2.690341673392521,5.380683346785042,0.0,,1.0117077613694851,1.424324041222066,0.85,-0.0025848160096249,0.0390114374271484,0.0168128440881264,-0.0719815292679614,1.4217173279032302,1.0,-1.4243021439128551,450.0,215.0,440.0,1105.0,1210.6537530266344,578.4234597793919,1183.750336292709,1.0
11326,埼玉県,毛呂山町,33936,2151.1,6.122847682119205,2,1,1,2,3,2.9467232437529467,2.9467232437529467,5.893446487505893,1.7267208863743515,,0.8187866174223739,4.152454130526857,0.85,-0.0731720253753851,-0.0386739818183893,-0.0440433139597136,-0.0655206425250105,1.7192392442495927,1.0,-1.792411269624978,1220.0,0.0,675.0,1901.0,3595.0023573785948,0.0,1989.0381895332391,1.0
11327,埼玉県,越生町,10279,0.0,,0,0,0,0,0,0.0,0.0,0.0,0.0,0.0,0.0,0.0,0.5,-0.0440662249535586,-0.0027689418678207,0.0036142507063435,0.0291470210030004,-0.6763683480546026,1.0,0.632302123101044,,,,,,,,0.0
11341,埼玉県,滑川町,19998,0.0,-1.0,0,0,0,0,0,0.0,0.0,0.0,0.0,0.0,-0.8,-0.62,1.0,0.193075392395371,0.2276776257003593,0.2214692033640257,0.1966355140186915,-0.5540806137436965,1.0,0.7471560061390676,0.0,0.0,274.0,274.0,0.0,0.0,1370.13701370137,1.0
11342,埼玉県,嵐山町,17184,0.0,-1.0,0,0,0,1,0,0.0,0.0,5.8193668528864055,0.0,0.0,0.4110639629730606,-0.4383404055540409,1.0,-0.033269245724846,-0.0017905561051975,-0.0026799640222356,-0.0062375956903883,-0.6429032694850514,1.0,0.6096340237602053,,,,,,,,0.0
11343,埼玉県,小川町,26221,640.7,0.5524594136176402,3,1,0,1,1,3.8137370809656383,0.0,3.8137370809656383,0.094766303620573,0.0,-0.2250102748028974,0.2614314263125,1.0,-0.0534003338608914,-0.0240303881391954,-0.002533477580794,0.0834541646528113,0.4559176989159843,1.0,-0.5093180327768757,327.0,42.0,40.0,367.0,1247.0920254757636,160.1769574005568,152.54948323862553,1.0
11346,埼玉県,川島町,18154,0.0,-1.0,0,0,1,1,0,0.0,5.508427894678858,5.508427894678858,0.0,,0.2533201677532959,-0.5435317351023595,0.85,-0.0400490382822801,-0.0056365668024208,0.0063613810883142,0.0543531726512542,-0.4982255552393814,1.0,0.4581765169571012,0.0,238.0,0.0,238.0,0.0,1311.0058389335684,0.0,1.0
11347,埼玉県,吉見町,16857,0.0,-1.0,0,0,0,0,0,0.0,0.0,0.0,0.0,0.0,-0.8,-0.62,1.0,0.0246477955378906,0.0719716900986353,0.0897747668850187,0.1609870740305523,-0.8327252853461603,1.0,0.857373080884051,,,,,,,,0.0
11348,埼玉県,鳩山町,12597,0.0,-1.0,0,0,0,1,0,0.0,0.0,7.938398031277289,0.0,0.0,0.3282570038527794,-0.450761449422083,1.0,-0.1617654234962624,-0.1410170715591819,-0.1382104826441709,-0.1269841269841269,-0.2884940322426167,1.0,0.1267286087463542,0.0,305.0,0.0,305.0,0.0,2421.211399539573,0.0,1.0
11349,埼玉県,ときがわ町,9729,0.0,,0,0,0,0,0,0.0,0.0,0.0,0.0,0.0,0.0,0.0,0.5,-0.0045753782518434,0.0306516674094584,0.0531532695480664,0.1431596781024988,-0.5933591308565697,1.0,0.5887837526047262,,,,,,,,0.0
11361,埼玉県,横瀬町,7422,0.0,,0,0,0,0,0,0.0,0.0,0.0,0.0,0.0,0.0,0.0,0.5,0.0351801487228889,0.0828474821365816,0.093948513379793,0.1383526383526383,-0.3144831831392681,0.55,0.349663331862157,,,,,,,,0.0
11362,埼玉県,皆野町,8550,701.8,,1,0,0,2,0,0.0,0.0,23.39181286549708,0.0,0.0,,0.0,0.35,-0.1059692413269581,-0.0801229041022234,-0.0730815414456484,-0.0449160908193484,1.0967961457617457,1.0,-1.2027653870887038,60.0,150.0,0.0,210.0,701.7543859649123,1754.3859649122805,0.0,1.0
11363,埼玉県,長瀞町,6269,0.0,,0,0,0,0,0,0.0,0.0,0.0,0.0,0.0,0.0,0.0,0.5,-0.0805283755094774,-0.0424194145979992,-0.0379355316783994,-0.02,-0.5337416522879819,1.0,0.4532132767785043,,,,,,,,0.0
11365,埼玉県,小鹿野町,9714,463.2,,1,1,0,0,0,10.29442042413012,0.0,0.0,,0.0,0.0,0.0,0.3,-0.0964600720857697,-0.0633553634814254,-0.0462322359906198,0.0222602739726027,0.2345472203462585,1.0,-0.3310072924320282,95.0,0.0,0.0,95.0,977.9699402923616,0.0,0.0,1.0
11369,埼玉県,東秩父村,2379,0.0,,0,0,0,0,0,0.0,0.0,0.0,0.0,0.0,0.0,0.0,0.5,-0.1353309691187171,-0.1078236130867709,-0.0893883357041251,-0.0156472261735419,-0.1454545454545454,0.55,0.0101235763358283,,,,,,,,0.0
11381,埼玉県,美里町,10682,0.0,,0,0,0,0,0,0.0,0.0,0.0,0.0,0.0,0.0,0.0,0.5,0.1033370069362673,0.1395724554422696,0.1531387850496229,0.2074041034790366,-0.1800128859222502,0.55,0.2833498928585176,,,,,,,,0.0
11383,埼玉県,神川町,12755,0.0,,0,0,0,0,0,0.0,0.0,0.0,0.0,0.0,0.0,0.0,0.5,0.1104870411152058,0.1598218036689539,0.1732628483405685,0.2270270270270269,-0.6430856281271501,1.0,0.7535726692423559,,,,,,,,0.0
11385,埼玉県,上里町,29543,0.0,-1.0,0,0,0,0,0,0.0,0.0,0.0,0.0,0.0,-0.8,-0.62,1.0,0.1288261416039541,0.1781191259860354,0.1858560528452325,0.2168037602820212,-0.7704408153167754,1.0,0.8992669569207296,,,,,,,,0.0
11408,埼玉県,寄居町,30579,153.7,-0.5439169139465876,1,0,1,2,0,0.0,3.270218123548841,6.540436247097682,-0.8,,0.94354398261355,-0.3416786583308957,0.85,-0.0068152132817901,0.0268322812953212,0.0370220889827026,0.0777813197322283,-0.3777521121870817,1.0,0.3709368989052916,139.0,96.0,0.0,235.0,454.56031917328886,313.94093986068873,0.0,1.0
11442,埼玉県,宮代町,33576,0.0,-1.0,0,0,0,0,0,0.0,0.0,0.0,0.0,0.0,-0.8,-0.62,1.0,-0.0742882041563586,-0.0581590037522283,-0.0660069717879098,-0.0973988439306358,-0.8345493873543979,1.0,0.7602611831980393,,,,,,,,0.0
11464,埼玉県,杉戸町,42121,0.0,-1.0,0,0,0,2,0,0.0,0.0,4.748225350775147,-0.8,-0.8,0.4781633900033823,-0.7082754914994926,1.0,-0.0555316738723832,-0.0195531360976972,-0.0255969507915974,-0.0497722095671981,-0.774128118832464,1.0,0.7185964449600808,0.0,37.0,0.0,37.0,0.0,87.84216898934024,0.0,1.0
11465,埼玉県,松伏町,26940,319.2,0.095401509951956,2,0,0,3,0,0.0,0.0,11.1358574610245,0.0,0.0,2.0,0.347700754975978,1.0,0.0055430316138804,0.0654206687381516,0.053742235888608,0.0070285044904334,-0.1402709674528988,1.0,0.1458139990667792,216.0,108.0,0.0,324.0,801.7817371937639,400.89086859688194,0.0,1.0
12101,千葉県,千葉市中央区,215052,1222.0,2.07035175879397,12,2,3,7,4,0.9300076260625336,1.3950114390938009,3.255026691218868,0.3907724226216316,0.397404251417474,0.624350876098615,1.2665936330487246,1.0,0.0658266452680884,0.1092440382173082,0.0858321777966941,-0.007815263885762,1.288004079626935,1.0,-1.2221774343588463,3236.0,367.0,467.0,4081.0,1504.7523389691794,170.65639938247494,217.1567806856016,1.0
12102,千葉県,千葉市花見川区,173660,175.6,-0.5937066173068024,4,1,3,1,0,0.5758378440631119,1.7275135321893356,0.5758378440631119,-0.4187349648040237,0.5162526652320132,-0.7463519247306001,-0.415115190538994,1.0,-0.011026698095804,0.0315396265976037,0.0117237010230947,-0.067540001274941,-0.532867776835601,1.0,0.521841078739797,494.0,143.0,0.0,637.0,284.4638949671772,82.344811701025,0.0,1.0
12103,千葉県,千葉市稲毛区,161337,362.6,-0.1472248353715898,4,0,2,3,0,0.0,1.23964124782288,1.85946187173432,-0.8,0.0880431967215265,-0.2232604126005426,-0.2538950000676473,1.0,0.0721530626454147,0.1129589921542479,0.0999092065146944,0.0477100639564802,-0.3131221152109375,1.0,0.3852751778563522,574.0,239.0,0.0,813.0,355.77703812516654,148.13712911483418,0.0,1.0
12104,千葉県,千葉市若葉区,143951,289.7,-0.3520465220308656,3,0,2,3,0,0.0,1.38936165778633,2.084042486679495,-0.8,0.1320417161560156,-0.2140656738146092,-0.3483268546642218,1.0,-0.0300359831913356,0.0058198223485826,-0.0115675192738903,-0.0811168857637827,-0.2698788747871291,1.0,0.2398428915957934,741.0,193.0,128.0,1062.0,514.7584942098352,134.07339997638087,88.91914609832513,1.0
12105,千葉県,千葉市緑区,128669,255.7,-0.3544559454683161,5,2,3,3,1,1.5543759569126985,2.331563935369048,2.331563935369048,0.7546763251317687,1.1260590760499172,0.0984228237850592,0.1573795772674421,1.0,0.2454317671715737,0.3103602718794617,0.3051458332208294,0.2842880785863007,-0.0863145353657828,1.0,0.3317463025373566,732.0,120.0,397.0,1249.0,568.9016002300476,93.2625574147619,308.54362744717065,1.0
12106,千葉県,千葉市美浜区,148312,298.7,-0.2517535070140281,3,0,0,2,1,0.0,0.0,1.348508549544204,-0.8,-0.8,-0.3842803806784615,-0.4635188106087833,1.0,0.0091137769986773,0.0639208319882621,0.0404790427004993,-0.0532881144505515,-0.2534851673037479,1.0,0.2625989443024252,523.0,206.0,50.0,779.0,352.63498570580936,138.89638060305302,33.7127137386051,1.0
12202,千葉県,銚子市,53079,293.9,-0.3603917301414582,2,0,1,3,0,0.0,1.8839842498916708,5.651952749675013,-0.8,-0.0307888147571269,0.2573346599256831,-0.3062139882954457,1.0,-0.135928639296229,-0.1065630746748427,-0.0989997651300464,-0.0687465269508613,-0.2896207670547033,1.0,0.1536921277584742,286.0,293.0,0.0,579.0,538.819495469018,552.0073852182595,0.0,1.0
12203,千葉県,市川市,498861,185.6,-0.5336683417085427,7,1,3,3,1,0.2004566402264358,0.6013699206793075,0.6013699206793075,-0.796200896201636,-0.3989292851425301,-0.7140269523848344,-0.5930177857237032,1.0,0.1124115609404503,0.1706229810012696,0.1479561919800683,0.0572890358952633,-0.5332279595026962,1.0,0.6456395204431465,1684.0,296.0,478.0,2503.0,337.5689821413179,59.335165507024996,95.81827402823632,1.0
12204,千葉県,船橋市,654810,328.8,-0.2540834845735027,15,3,7,8,2,0.4581481651165986,1.0690123852720637,1.22172844031093,-0.5588042433871414,-0.0319152129717248,-0.4201656642624886,-0.3066147225493116,1.0,0.0707612268632078,0.1124222963390557,0.0919466833668583,0.0100442314780686,-0.3167815321844655,1.0,0.3875427590476732,2337.0,552.0,1236.0,4129.0,356.89742062583036,84.29926238145417,188.75704402803868,1.0
12205,千葉県,館山市,42440,485.4,0.1402396053558843,2,1,1,3,0,2.35626767200754,2.35626767200754,7.0688030160226205,-0.0895764515494795,0.212176260638701,0.5211485221017707,0.1622032297791169,1.0,-0.1018886115465304,-0.0841494867260779,-0.0851982449897667,-0.089393278044522,0.2632706755953524,1.0,-0.3651592871418828,297.0,192.0,267.0,756.0,699.8114985862394,452.4033930254477,629.1234684260132,1.0
12206,千葉県,木更津市,137970,674.8,0.6954773869346733,8,0,1,5,1,0.0,0.7247952453431905,3.623976226715953,-0.8,-0.389537169775545,0.6756066000704755,0.2306491080115762,1.0,0.0400064473177796,0.0653553601712741,0.0545024668043792,0.0110908933367992,0.2646161461744102,1.0,-0.2246096988566305,1049.0,233.0,321.0,1627.0,760.3102123650069,168.8772921649634,232.65927375516415,1.0
12207,千葉県,松戸市,498909,469.0,0.0475765021219567,11,0,4,5,1,0.0,0.8017494172283924,1.0021867715354904,-0.8,-0.2739453494450777,-0.5550658856065303,-0.2605634341967628,1.0,0.0684776025068412,0.1133374833251128,0.0953959745820087,0.0236299396095922,-0.1747807560215671,1.0,0.2432583585284084,2492.0,426.0,308.0,3234.0,499.48988693328846,85.38631293482378,61.734705126586206,1.0
12208,千葉県,野田市,150572,332.7,-0.2732634338138926,4,1,1,3,1,0.6641341019578674,0.6641341019578674,1.992402305873602,-0.366511764394159,-0.4672063060764476,-0.2176704170622896,-0.3126655782565887,1.0,-0.0177133198716694,0.0053551583904212,-0.0013924409444286,-0.0283828382838283,-0.288679583169084,1.0,0.2709662632974146,707.0,259.0,663.0,1629.0,469.5428100842122,172.01073240708766,440.320909598066,1.0
12210,千葉県,茂原市,83718,335.7,-0.3318073248407643,5,0,1,5,1,0.0,1.1944862514632455,5.972431257316228,-0.8,-0.0982932321698873,0.7900966250568566,-0.2221331534873368,1.0,0.003933539402115,0.040063892092083,0.0392236058589463,0.0358624609263995,-0.2127762251909383,1.0,0.2167097645930533,464.0,238.0,382.0,1084.0,554.241620678946,284.2877278482525,456.2937480589598,1.0
12211,千葉県,成田市,134387,904.1,1.2825044180762433,3,0,2,2,4,0.0,1.488239189802585,1.488239189802585,-0.8,0.4830223411821714,-0.2948366197965975,0.5094800672459577,1.0,0.139872468873096,0.1804969403887818,0.1791284122724237,0.1736542998069912,0.8005610359831159,1.0,-0.6606885671100198,1360.0,360.0,924.0,2653.0,1012.0026490657577,267.8830541644653,687.5665056887942,1.0
12212,千葉県,佐倉市,165235,564.7,0.0486536675951718,4,1,1,3,0,0.6051986564589827,0.6051986564589827,1.815595969376948,-0.4904400244536507,-0.5445640646441846,-0.3881681261447022,-0.2136709997114772,1.0,-0.0228948614542104,0.0031009406881041,-0.0006012990314805,-0.0154102579098193,-0.1266609312733398,1.0,0.1037660698191293,1029.0,136.0,0.0,1165.0,622.7494174962932,82.30701727842164,0.0,1.0
12213,千葉県,東金市,56505,536.2,0.665217391304348,1,1,0,1,1,1.769754888947881,0.0,1.769754888947881,0.0926001522281012,-0.8,-0.4486390083601249,0.1638328748437755,1.0,0.0817322898001778,0.1205125718413192,0.1313688277061817,0.1747938511656317,0.2465222038145026,1.0,-0.1647899140143247,365.0,36.0,300.0,701.0,645.9605344659765,63.7111760021237,530.9264666843642,1.0
12215,千葉県,旭市,61028,1250.2,2.113823163138232,1,0,0,3,1,0.0,0.0,4.915776364947238,-0.8,-0.8,0.5362876686250546,0.857354731862874,1.0,0.001992872024967,0.0278949857886985,0.0371255166887695,0.0740476402890535,0.9358344633414344,1.0,-0.9338415913164672,763.0,45.0,595.0,1409.0,1250.2457888182473,73.73664547420856,974.9623123812021,1.0
12216,千葉県,習志野市,178762,470.5,0.1878313557182529,4,1,3,1,0,0.5594030051129434,1.6782090153388305,0.5594030051129434,-0.1527984941043451,0.8813523125806657,-0.7149981176081375,0.0883091082841366,1.0,0.1021467388501252,0.1483930507491273,0.13202002124573,0.0665279032321408,0.0405305389673817,1.0,0.0616161998827434,1287.0,32.0,108.0,1427.0,719.9516675803583,17.90089616361419,60.415524552197894,1.0
12217,千葉県,柏市,435045,594.2,0.2541156606162937,13,4,6,9,3,0.919445114873174,1.379167672309761,2.0687515084646417,-0.1672062562736282,0.2692312067415925,-0.083157632127068,0.1215276152455999,1.0,0.0780007942275084,0.1075959258940326,0.0968724371980376,0.0539784824140574,0.1144346047860707,1.0,-0.0364338105585623,3486.0,599.0,1320.0,5405.0,801.2964176119712,137.6869059522578,303.41688790814743,1.0
12218,千葉県,勝浦市,15238,1686.6,3.970822281167108,1,0,0,1,0,0.0,0.0,6.56254101588135,0.0,0.0,0.0545306992092942,1.993590745464948,1.0,-0.1672320857355945,-0.1460267301587363,-0.1431889739644805,-0.131837949187457,0.9175311933011396,1.0,-1.084763279036734,247.0,33.0,0.0,280.0,1620.9476309226932,216.56385352408452,0.0,1.0
12219,千葉県,市原市,260022,563.8,0.0501024399329483,9,2,3,4,2,0.769165685980417,1.1537485289706255,1.538331371960834,-0.3335147974202762,-0.0819222988534039,-0.4365911827752534,-0.1194287617618796,1.0,-0.0079299791191331,0.0214216213589731,0.0199931141798976,0.0142790854635956,-0.1833639848482127,1.0,0.1754340057290795,1576.0,409.0,369.0,2354.0,606.1025605525687,157.29438278299529,141.91106906338695,1.0
12220,千葉県,流山市,217368,217.1,-0.4565707133917397,3,1,3,4,0,0.4600493172868131,1.3801479518604394,1.8401972691472528,-0.3507250797341009,0.435783092084433,-0.0670055091803559,-0.2431137352070785,1.0,0.0985704118312207,0.1218444033136835,0.1052669580197017,0.0389571768437748,-0.3788200030626167,1.0,0.4773904148938374,874.0,232.0,0.0,1106.0,402.08310330867465,106.73144161054064,0.0,1.0
12221,千葉県,八千代市,201996,346.5,-0.1730310262529832,3,1,1,3,0,0.495059308105111,0.495059308105111,1.485177924315333,-0.4252443798089652,-0.5404307625782254,-0.279664050746902,-0.2945786110870538,1.0,0.0718125392036166,0.120887808648235,0.098681243332123,0.0098549820676749,-0.1666640441644673,1.0,0.2384765833680839,824.0,703.0,1064.0,2591.0,407.92886987861147,348.02669359789303,526.743103823838,1.0
12222,千葉県,我孫子市,128176,404.1,-0.0961753522701855,7,1,2,2,0,0.7801772562726251,1.5603545125452505,1.5603545125452505,-0.3431130433201146,0.307552993938011,-0.4501705645513792,-0.1381029203911209,1.0,-0.0001662572230688,0.039119920535366,0.0238229996339732,-0.0373646839715982,-0.1987425021530757,1.0,0.1985762449300069,636.0,88.0,0.0,724.0,496.1927349893896,68.655598551991,0.0,1.0
12223,千葉県,鴨川市,29748,3082.6,7.76236498010233,1,2,1,3,2,6.72314105149926,3.36157052574963,10.084711577248893,1.1218134654716003,,1.5167421567047197,5.0977135372366975,0.85,-0.1337294838440787,-0.123739383604707,-0.1271744158292395,-0.1409145447273696,1.8903437739131703,1.0,-2.024073257757249,977.0,45.0,170.0,1192.0,3284.2544036573886,151.27067365873336,571.4669893774371,1.0
12224,千葉県,鎌ケ谷市,108882,55.1,-0.8602941176470589,2,2,0,2,1,1.8368509028122189,0.0,1.8368509028122189,0.6001286594143647,-0.8,-0.285914080022286,-0.4730084389439994,1.0,0.0131525668465459,0.0451401853663365,0.0280181160889505,-0.0404701610205934,-0.2858602876700377,1.0,0.2990128545165836,561.0,440.0,282.0,1283.0,515.2366782388274,404.10719861868813,258.9959772965228,1.0
12225,千葉県,君津市,77472,170.4,-0.660828025477707,2,0,0,3,0,0.0,0.0,3.872366790582404,-0.8,-0.8,0.2291144139758034,-0.5760468506424831,1.0,-0.0276947426288815,0.0021695768878304,0.0073762029015139,0.028202706956248,-0.4860104300347375,1.0,0.458315687405856,188.0,304.0,0.0,492.0,242.6683188764973,392.39983477901694,0.0,1.0
12226,千葉県,富津市,38765,291.5,-0.2975903614457831,3,0,0,0,0,0.0,0.0,0.0,-0.8,-0.8,-0.8,-0.5487951807228916,1.0,-0.1188912275272831,-0.0951236185224305,-0.0917815516445127,-0.0784132841328413,-0.492224577289536,1.0,0.3733333497622528,113.0,0.0,0.0,113.0,291.5000644911647,0.0,0.0,1.0
12227,千葉県,浦安市,172942,708.3,0.6068511796733211,4,1,1,3,0,0.5782285390477733,0.5782285390477733,1.7346856171433198,-0.2569581964251203,-0.3474196323354466,-0.123498221650767,0.1813962724537044,1.0,0.2353397707756152,0.3180052204328817,0.3035354188334652,0.2456562124357992,0.0882922499674604,1.0,0.1470475208081548,1334.0,118.0,0.0,1456.0,771.3568710897295,68.23096760763724,0.0,1.0
12228,千葉県,四街道市,95373,393.2,0.0843905129619413,3,2,1,2,0,2.097029557631615,1.0485147788158076,2.097029557631615,0.8875756161346962,-0.0333638426215093,-0.1634480553187468,0.1901885950168714,1.0,-0.0409876628903979,-0.0182938178277268,-0.0384245397584503,-0.1189474274813443,-0.1026638437964004,1.0,0.0616761809060024,672.0,95.0,0.0,767.0,704.6019313642225,99.6089039875017,0.0,1.0
12229,千葉県,袖ケ浦市,65953,141.0,-0.5533734558124802,0,1,1,0,1,1.5162312555911028,1.5162312555911028,0.0,0.1371884875608753,0.1679118365889842,-0.8,-0.3440622549057174,1.0,0.091549935172413,0.119323200338417,0.119235478004186,0.118884588667262,-0.5292082208740045,1.0,0.6207581560464176,191.0,0.0,193.0,384.0,289.6001698179006,0.0,292.63263232908287,1.0
12230,千葉県,八街市,64061,151.4,-0.6705114254624591,2,0,2,2,0,0.0,3.1220243205694573,3.1220243205694573,-0.8,0.9013071519217516,-0.1286802755683309,-0.3793616812782165,1.0,0.0611700611207019,0.1135013799908895,0.1233577007254423,0.1627829836636536,-0.569565478941951,1.0,0.6307355400626529,97.0,239.0,180.0,516.0,151.41817954761868,373.0819063080502,280.9821888512511,1.0
12231,千葉県,印西市,109538,524.0,0.3606855362243573,1,1,1,1,0,0.9129251949095292,0.9129251949095292,0.9129251949095292,0.0177243302452865,-0.1126922551501545,-0.5690849781620241,0.0816210491644091,1.0,0.3253930610306391,0.3611855271090296,0.3813691428807165,0.4621036059674639,0.0957726630834335,1.0,0.2296203979472055,694.0,60.0,335.0,1089.0,633.5700852672132,54.77551169457175,305.8299402946922,1.0
12232,千葉県,白井市,62102,339.8,0.105040650406504,3,1,1,2,0,1.6102540980966795,1.6102540980966795,3.220508196193359,0.0816359122117029,0.2493649362656087,0.2801926022334084,0.1482811384204451,1.0,0.0985775844625963,0.1447842289140998,0.1398303305384825,0.1200147370360136,-0.0176841937325882,1.0,0.1162617781951845,409.0,42.0,0.0,451.0,658.5939261215419,67.63067212006054,0.0,1.0
12233,千葉県,富里市,48872,464.5,0.5380794701986755,2,0,1,1,0,0.0,2.0461614012113274,2.0461614012113274,-0.8,0.3008158298668033,-0.2349895902551179,0.1189136710410905,1.0,0.0281733730822231,0.0548830676740249,0.0580933488694425,0.070934473651113,0.3298265900502553,1.0,-0.3016532169680321,414.0,59.0,0.0,473.0,847.1108201014896,120.72352267146833,0.0,1.0
12234,千葉県,南房総市,32286,0.0,-1.0,0,1,0,1,1,3.0973177228520106,0.0,3.0973177228520106,-0.0988665371382127,0.0,-0.3796550656811904,-0.5767215672798212,1.0,-0.1810362672302545,-0.1650104450494968,-0.1620901433924799,-0.1504089367644125,-0.4703586097844409,1.0,0.2893223425541864,67.0,109.0,267.0,447.0,207.52028743108468,337.6076317908691,826.9838320014867,1.0
12235,千葉県,匝瑳市,32544,507.0,0.2258220502901353,2,0,1,1,0,0.0,3.072763028515241,3.072763028515241,-0.8,,-0.1857101223472478,-0.0881711684788465,0.85,-0.0497325000330557,-0.0162796373892332,-0.0086238749051993,0.0219991750309362,-0.2477663171654349,1.0,0.1980338171323791,155.0,79.0,60.0,294.0,476.27826941986234,242.74827925270404,184.36578171091446,1.0
12236,千葉県,香取市,66487,379.0,-0.1803633217993079,3,2,1,2,1,3.0081068479552395,1.5040534239776198,3.0081068479552395,0.5331411688870098,-0.1786231916108563,-0.3219539220374859,-0.0586399941695033,1.0,-0.0844054899535248,-0.0557960525426769,-0.0477688907548994,-0.0156602436037893,-0.1225505124300066,1.0,0.0381450224764818,444.0,283.0,180.0,921.0,667.7997202460631,425.6471189856664,270.72961631597155,1.0
12237,千葉県,山武市,45111,254.9,-0.4218643683374914,1,1,1,1,0,2.216754228458691,2.216754228458691,2.216754228458691,-0.0485905583463404,0.08174713228148,-0.5068603635905852,-0.2844172805343795,1.0,-0.0293636333161942,0.0091305923579446,0.0199675282712644,0.0633152719245433,-0.3868330721463629,1.0,0.3574694388301686,199.0,0.0,0.0,199.0,441.13409146327945,0.0,0.0,1.0
12238,千葉県,いすみ市,32240,285.4,-0.2912838341196921,1,0,0,2,0,0.0,0.0,6.20347394540943,-0.8,0.0,0.3456564243189908,-0.2537934534119975,1.0,-0.1198814151110698,-0.0935693728125492,-0.0917714683336293,-0.0845798504179498,-0.39277055157643,1.0,0.2728891364653601,92.0,246.0,0.0,342.0,285.3598014888338,763.0272952853597,0.0,1.0
12239,千葉県,大網白里市,46941,210.9,-0.5439013840830449,1,0,1,0,0,0.0,2.130333823310113,0.0,-0.8,0.0635831649640841,-0.8,-0.5424132172969098,1.0,0.0608415434183068,0.09200305469292,0.1018364748869178,0.1411701556629092,-0.4538201352576053,1.0,0.5146616786759122,99.0,0.0,0.0,99.0,210.90304850770116,0.0,0.0,1.0
12322,千葉県,酒々井町,20112,0.0,-1.0,0,1,1,1,0,4.972155926809865,4.972155926809865,4.972155926809865,,,0.2189239747521976,-0.718709851980262,0.65,-0.1194154351384654,-0.0977908774489466,-0.1081760768175944,-0.1497168742921857,-0.330674460500891,1.0,0.2112590253624256,0.0,311.0,0.0,311.0,0.0,1546.340493237868,0.0,1.0
12329,千葉県,栄町,18927,338.1,-0.0400340715502554,1,0,0,0,0,0.0,0.0,0.0,0.0,0.0,-0.8,-0.1400170357751277,1.0,-0.0497276903330631,-0.0288106898919913,-0.0043142590189163,0.0936714644733835,-0.5832471002943409,1.0,0.5335194099612778,64.0,0.0,0.0,64.0,338.14127965340515,0.0,0.0,1.0
12342,千葉県,神崎町,5480,0.0,,0,0,0,0,0,0.0,0.0,0.0,0.0,0.0,0.0,0.0,0.5,0.0246820612055266,0.0693219278447585,0.0762106803511206,0.1037656903765691,-0.4037362105803642,0.55,0.4284182717858908,,,,,,,,0.0
12347,千葉県,多古町,12763,673.8,,1,0,0,0,0,0.0,0.0,0.0,0.0,0.0,0.0,0.0,0.5,-0.0915789887330562,-0.0706698872124957,-0.0597989961058226,-0.0163154316791298,0.3127483489847469,1.0,-0.4043273377178031,86.0,0.0,0.0,86.0,673.8227689414715,0.0,0.0,1.0
12349,千葉県,東庄町,11994,0.0,,1,0,0,0,0,0.0,0.0,0.0,0.0,0.0,-0.8,-0.24,0.5,-0.1130726847028798,-0.0892620238342646,-0.0786156013923607,-0.0360299116247451,-0.2012097520565355,1.0,0.0881370673536557,32.0,0.0,0.0,32.0,266.80006670001666,0.0,0.0,1.0
12403,千葉県,九十九里町,13319,367.9,,1,1,1,1,0,7.508071176514753,7.508071176514753,7.508071176514753,,,0.2064673620054975,0.2064673620054975,0.15,-0.1295359611971828,-0.0969139008269715,-0.0914669807198862,-0.0696793002915452,0.3163426113205859,1.0,-0.4458785725177688,99.0,100.0,0.0,199.0,743.2990464749605,750.8071176514753,0.0,1.0
12409,千葉県,芝山町,6517,843.9,,1,0,1,1,0,0.0,15.344483658124904,15.344483658124904,0.0,,,0.0,0.2,-0.0349324908819759,3.713606654781598e-05,0.008868092691622,0.0441919191919191,0.4853073711539025,0.55,-0.5202398620358785,103.0,35.0,0.0,152.0,1580.4818167868652,537.0569280343716,0.0,1.0
12410,千葉県,横芝光町,20591,267.1,-0.0954961056552657,1,0,0,1,0,0.0,0.0,4.856490699820309,0.0,0.0,0.0237970427576501,-0.0441784964139853,1.0,-0.0859517024010208,-0.0599419838349843,-0.0551349901398015,-0.0359070153590701,-0.3316668037557521,1.0,0.2457151013547312,55.0,40.0,0.0,95.0,267.10698849011703,194.2596279928124,0.0,1.0
12421,千葉県,一宮町,11847,0.0,,0,0,0,0,0,0.0,0.0,0.0,0.0,0.0,0.0,0.0,0.5,0.0355611263739865,0.059836855690893,0.0529307090425103,0.0253061224489796,-0.5724231060592071,1.0,0.6079842324331937,,,,,,,,0.0
12422,千葉県,睦沢町,6326,0.0,,0,0,0,0,0,0.0,0.0,0.0,0.0,0.0,0.0,0.0,0.5,-0.1265700614567081,-0.1160709782395392,-0.1067554869496997,-0.0694935217903416,-0.721667355995548,1.0,0.5950972945388399,,,,,,,,0.0
12423,千葉県,長生村,12948,0.0,,0,0,0,0,0,0.0,0.0,0.0,0.0,0.0,0.0,0.0,0.5,0.0185995476466367,0.0595609132984928,0.0587477513134406,0.0554951033732318,-0.6673311794467593,1.0,0.6859307270933961,,,,,,,,0.0
12424,千葉県,白子町,9562,0.0,,0,0,0,0,0,0.0,0.0,0.0,0.0,0.0,0.0,0.0,0.5,-0.1115283387094183,-0.0850047468284295,-0.0796064685812745,-0.0580133555926544,-0.606632025204357,1.0,0.4951036864949386,,,,,,,,0.0
12426,千葉県,長柄町,6137,1873.9,,1,0,0,1,0,0.0,0.0,16.294606485253382,0.0,0.0,,0.0,0.35,-0.077334615237655,-0.0476919803698829,-0.0328726854195018,0.0264044943820225,1.2293878592975294,1.0,-1.3067224745351844,115.0,239.0,0.0,354.0,1873.8797458041388,3894.410949975558,0.0,1.0
12427,千葉県,長南町,6460,0.0,,0,0,0,0,0,0.0,0.0,0.0,0.0,0.0,0.0,0.0,0.5,-0.1121137889328607,-0.0867438542493247,-0.0668309808353572,0.0128205128205127,-0.7104051862100855,1.0,0.5982913972772248,,,,,,,,0.0
12441,千葉県,大多喜町,8048,0.0,,0,0,0,2,1,0.0,0.0,24.85089463220676,0.0,0.0,,0.0,0.35,-0.1346279764759975,-0.1140140936354744,-0.1013671769128339,-0.0507795100222717,0.3461976972395157,1.0,-0.4808256737155132,0.0,84.0,305.0,389.0,0.0,1043.7375745526838,3789.761431411531,1.0
12443,千葉県,御宿町,6455,0.0,,0,0,0,0,0,0.0,0.0,0.0,0.0,0.0,0.0,0.0,0.5,-0.1292989465596831,-0.1059774618661277,-0.1105254226664485,-0.1287172658677319,-0.6939117269560043,1.0,0.5646127803963212,,,,,,,,0.0
12463,千葉県,鋸南町,6199,0.0,,0,1,0,1,0,16.13163413453783,0.0,16.13163413453783,,0.0,,0.0,0.15,-0.2450700427635021,-0.2305418633309307,-0.2254904012338502,-0.2052845528455285,0.3723800895199231,1.0,-0.6174501322834253,32.0,34.0,0.0,66.0,516.2122923052106,548.4755605742862,0.0,1.0
13101,東京都,千代田区,69781,2669.8,5.758987341772152,13,4,1,3,0,5.732219372035368,1.433054843008842,4.299164529026526,2.0,0.4565258786368165,1.056017697845104,3.506375207358364,1.0,0.2346168233389821,0.2927633790262812,0.2697247219126137,0.1775700934579438,2.2259562811037545,1.0,-1.9913394577647725,2055.0,50.0,0.0,2145.0,2944.9277023831705,71.6527421504421,0.0,1.0
13102,東京都,中央区,180892,607.0,0.3770417422867513,2,2,0,1,0,1.1056320898657763,0.0,0.5528160449328882,0.4418130450530046,-0.8,-0.6930798270807192,0.0529215060918687,1.0,0.3848868175765008,0.4859179943579984,0.4560714778549068,0.3366854118425404,0.5992494553520267,1.0,-0.2143626377755258,1186.0,0.0,0.0,1186.0,655.6398292904054,0.0,0.0,1.0
13103,東京都,港区,269627,1203.9,1.8732696897374703,12,2,1,0,1,0.7417654760094501,0.370882738004725,0.0,-0.0326916616446865,-0.5847554191049305,-0.8,0.7223831996740583,1.0,0.266944776015883,0.3326190652838859,0.3084666419382856,0.2118569485558845,1.1281171124591718,1.0,-0.8611723364432888,3743.0,0.0,49.0,3794.0,1388.2140883516859,0.0,18.173254162231526,1.0
13104,東京都,新宿区,357875,1230.9,1.9377088305489265,11,3,2,1,4,0.8382815228780999,0.5588543485854,0.2794271742927,0.0013351184357923,-0.3942613186970031,-0.8,0.7899822411570712,1.0,0.0754798345228323,0.1103546879021307,0.0917230389562099,0.0171964431725266,1.1847841288744652,1.0,-1.1093042943516327,5215.0,0.0,172.0,5398.0,1457.2127139364304,0.0,48.061473978344395,1.0
13105,東京都,文京区,250756,1844.8,3.338664158043274,6,1,1,4,4,0.3987940468024692,0.3987940468024692,1.595176187209877,-0.4525600691692697,-0.5584653223995998,-0.1463130539962378,1.4731033087284076,1.0,0.183834044388762,0.2335921242701945,0.2157269017588723,0.1442660117135838,1.146383878932406,1.0,-0.962549834543644,4757.0,27.0,123.0,4947.0,1897.0632806393467,10.767439263666672,49.05166775670373,1.0
13106,東京都,台東区,221041,259.7,-0.3807820696232713,4,0,4,4,0,0.0,1.809619029953719,1.809619029953719,-0.8,0.9064438999593608,-0.0764066394922208,-0.2258854457415647,1.0,0.0970068691670251,0.1310953946972871,0.1065439750788541,0.0083382966051221,-0.1874715370998619,1.0,0.2844784062668871,636.0,265.0,68.0,969.0,287.7294257626413,119.88726073443388,30.763523509213222,1.0
13107,東京都,墨田区,280430,614.8,0.4673031026252983,10,4,2,5,1,1.426380915023357,0.7131904575116785,1.7829761437791964,0.765990743028415,-0.2103735718976858,-0.092240818630232,0.3414575413391444,1.0,0.0605650457052231,0.0889108670860898,0.0680979590575407,-0.0151536730566553,0.2599415673346462,1.0,-0.1993765216294231,2201.0,134.0,36.0,2381.0,784.8660984916022,47.783760653282464,12.837428235210211,1.0
13108,東京都,江東区,547596,342.8,-0.1386934673366834,11,7,4,7,0,1.278314669939152,0.7304655256795156,1.278314669939152,0.3438090296826823,-0.2698979104193304,-0.3921153529582371,-0.0998869172384403,1.0,0.121842430517622,0.1646442874433521,0.1412339356516368,0.0475925284847755,-0.1540387311351648,1.0,0.2758811616527868,2685.0,623.0,129.0,3437.0,490.3249841123748,113.77000562458454,23.557513203164376,1.0
13109,東京都,品川区,427526,519.3,0.286988847583643,10,0,3,6,1,0.0,0.7017117087615724,1.4034234175231448,-0.8,-0.2607427394633593,-0.3023278812574661,-0.1009661693163023,1.0,0.1285489332316235,0.1674456626091816,0.1468296339855674,0.0643655194911108,0.1767300077349647,1.0,-0.0481810745033411,2411.0,489.0,50.0,2950.0,563.9423099413837,114.3790085281363,11.695195146026206,1.0
13110,東京都,目黒区,286311,549.1,0.3608426270136307,9,3,0,3,0,1.0478116453786268,0.0,1.0478116453786268,0.4920413615583452,-0.8,-0.4565676629516441,0.0903444363757377,1.0,0.0703347876113436,0.1018450568301764,0.0825378535543948,0.0053090404512683,0.2071673214910372,1.0,-0.1368325338796936,1938.0,159.0,0.0,2097.0,676.8863229145928,55.53401720506722,0.0,1.0
13111,東京都,大田区,749353,432.8,-0.0152445961319681,16,8,6,9,2,1.0675876389365226,0.8006907292023919,1.2010360938035878,0.0527813601223565,-0.2506739133756038,-0.4288640980698719,-0.0989967277583341,1.0,0.0910593522879781,0.1285268287269831,0.1108318666268948,0.0400520182265413,-0.1516045652732464,1.0,0.2426639175612246,3830.0,773.0,122.0,4657.0,511.10758214086025,103.15565561224149,16.28071149378197,1.0
13112,東京都,世田谷区,946010,272.8,-0.3792946530147895,16,5,8,6,1,0.5285356391581484,0.8456570226530375,0.6342427669897781,-0.4888518531258341,-0.2085922263115596,-0.7064736593579573,-0.4246775799829891,1.0,0.1906121526052296,0.2503868279623589,0.2319481729687926,0.1581935529945277,-0.3244526227051502,1.0,0.5150647753103799,3275.0,772.0,1154.0,5231.0,346.19084364858725,81.60590268601813,121.98602551770065,1.0
13113,東京都,渋谷区,247231,655.7,0.515018484288355,8,2,4,5,1,0.8089600414187542,1.6179200828375084,2.022400103546885,0.1984531485431497,0.7926001186082812,0.1188871212071467,0.4339229578251216,1.0,0.1663951486313177,0.2152140599129041,0.1953749992538749,0.1160187566177581,0.585691242912186,1.0,-0.4192960942808683,1830.0,794.0,30.0,2656.0,740.19843789816,321.15713644324535,12.134400621281312,1.0
13114,東京都,中野区,352892,296.4,-0.2654275092936803,6,1,3,3,0,0.283372816612448,0.850118449837344,0.850118449837344,-0.6759829412117155,-0.1005746554581277,-0.5742041372555127,-0.3691271617962293,1.0,0.1013316415104748,0.1410559576553348,0.1230677641819474,0.0511149902883976,-0.1573017983707917,1.0,0.2586334398812666,1363.0,310.0,0.0,1673.0,386.23714904276665,87.84557314985888,0.0,1.0
13115,東京都,杉並区,589517,249.0,-0.4057279236276849,10,4,4,8,0,0.6785215693525377,0.6785215693525377,1.3570431387050754,-0.3101645942698469,-0.3218160225302811,-0.3481437629069319,-0.3653908484833938,1.0,0.1510268487336997,0.2000188213122399,0.1811119846953523,0.1054846382278018,-0.3439245216774084,1.0,0.4949513704111081,1741.0,871.0,0.0,2612.0,295.3265130606921,147.7480717265151,0.0,1.0
13116,東京都,豊島区,308478,254.5,-0.3926014319809069,8,3,1,5,0,0.9725166786610392,0.3241722262203463,1.6208611311017318,0.3350110603873595,-0.630946138847148,-0.172744895908298,-0.2498521591262984,1.0,0.0485134126550341,0.0678843802582762,0.0490371698457009,-0.0263516718046004,-0.2410983600232121,1.0,0.2896117726782462,1080.0,246.0,0.0,1326.0,350.10600431797405,79.7463676502052,0.0,1.0
13117,東京都,北区,355639,330.1,-0.1596232179226069,10,4,6,9,0,1.124736038510962,1.687104057766443,2.5306560866496643,0.1829287551167906,0.677191110052352,0.2156017056275985,0.0906930644140472,1.0,-0.0078032349324686,0.0066777421859777,-0.009745167311494,-0.0754368053013812,-0.082510074813658,1.0,0.0747068398811893,1928.0,521.0,200.0,2649.0,542.1227705622837,146.4968690160528,56.23680192554809,1.0
13118,東京都,荒川区,217571,215.1,-0.4615769712140175,7,3,1,6,0,1.378860234130468,0.4596200780434892,2.757720468260936,1.020737757124874,-0.5218521782771157,0.4074853725910166,-0.0437959550349488,1.0,0.0410140272303505,0.0618764700985614,0.0427500356835121,-0.0337557019766852,-0.2807589193523396,1.0,0.3217729465826902,804.0,454.0,0.0,1211.0,369.53454274696537,208.66751543174414,0.0,1.0
13119,東京都,板橋区,591743,734.1,0.778343023255814,20,7,8,23,8,1.182945974857328,1.3519382569798035,3.886822488816936,0.2026707084658197,0.3439946490011338,0.8483240256023474,0.6085534545115932,1.0,0.0732417027306381,0.1039357550520496,0.0888732371980555,0.0286231657820792,0.4036628624400512,1.0,-0.3304211597094131,5191.0,1649.0,1823.0,8683.0,877.23893649777,278.66827321996203,308.0729303092728,1.0
13120,東京都,練馬区,764570,198.8,-0.5476678043230945,9,4,4,9,3,0.5231698863413422,0.5231698863413422,1.17713224426802,-0.4940410861797562,-0.5103916789914582,-0.4402312391029634,-0.5152355571116617,1.0,0.0332738550220576,0.0571848557949222,0.0446365360571816,-0.0055567428937807,-0.4372614579579531,1.0,0.4705353129800108,1718.0,886.0,976.0,3580.0,224.70146618360644,115.8821298246073,127.6534522672875,1.0
13121,東京都,足立区,700264,363.3,-0.2015384615384615,28,11,12,17,3,1.5708361417979504,1.713639427415946,2.427655855505924,0.512712028256165,0.5518513003111927,0.1521694788559666,0.1073762917570761,1.0,0.0642525534833005,0.1015551203955689,0.0810106318162386,-0.0011673225010826,-0.0455330799287455,1.0,0.1097856334120461,4977.0,1350.0,969.0,7266.0,710.7319525207636,192.78443558429393,138.37638376383762,1.0
13122,東京都,葛飾区,457090,346.5,-0.2116040955631399,15,3,3,9,0,0.656325887680763,0.656325887680763,1.9689776630422893,-0.3679594972813539,-0.405639152595158,-0.1085107732713039,-0.25651643611781,1.0,0.0599103599726192,0.0943944050093235,0.0789270694108969,0.0170577270171907,-0.1726919297781534,1.0,0.2326022897507727,2214.0,361.0,209.0,2799.0,484.36850510840316,78.97788181758516,45.724036841759826,1.0
13123,東京都,江戸川区,692618,267.4,-0.3618138424821002,18,4,4,7,0,0.577518920963648,0.577518920963648,1.0106581116863842,-0.4304906380199705,-0.4518451274297684,-0.5322693570925936,-0.4146222215233985,1.0,0.0967110900857501,0.1494687512900577,0.1273319366652549,0.0387846781660436,-0.3488819024168826,1.0,0.4455929925026328,2250.0,742.0,0.0,3061.0,324.85439304205204,107.12975983875673,0.0,1.0
13201,東京都,八王子市,577448,303.8,-0.3778414908867499,13,6,6,13,10,1.0390545988556543,1.0390545988556543,2.2512849641872514,-0.0765286680864814,-0.0881567152896573,-0.0022613016224192,-0.2177891815974827,1.0,0.0765433646598341,0.1194121877490245,0.108776337669109,0.0662329373494472,-0.1388727377689716,1.0,0.2154161024288058,2585.0,1499.0,3751.0,7692.0,447.65935634031115,259.59047394743766,649.58230005126,1.0
13202,東京都,立川市,185427,710.3,0.7932340318101487,6,0,0,3,1,0.0,0.0,1.61788736268181,-0.8,-0.8,-0.1811631975334422,0.089442536275058,1.0,0.0684540866614739,0.1165179520002285,0.0943053103619559,0.0054547438088656,0.3417993388646411,1.0,-0.2733452522031671,1317.0,61.0,38.0,1422.0,710.2525522173146,32.8970430411968,20.493239927302927,1.0
13203,東京都,武蔵野市,154175,456.0,0.1544303797468353,4,0,1,2,0,0.0,0.6486135884546782,1.2972271769093564,-0.8,-0.3023614494300999,-0.3612587200982585,-0.1823278355558361,1.0,0.1701319424933881,0.2173809115027084,0.206420189006675,0.1625772990225413,0.2208499533752123,1.0,-0.0507180108818242,774.0,101.0,0.0,895.0,502.0269174639208,65.50997243392248,0.0,1.0
13204,東京都,三鷹市,197885,640.8,0.5239001189060641,4,1,1,1,1,0.5053440129368068,0.5053440129368068,0.5053440129368068,-0.3241849079458806,-0.4400961165277257,-0.7420825226773126,0.0197862819831002,1.0,0.12434100318199,0.1663405624430856,0.1521200690020875,0.0952380952380953,0.1612906478242126,1.0,-0.0369496446422225,1354.0,98.0,1223.0,2675.0,684.2357935164363,49.52371326780706,618.0357278217147,1.0
13205,東京都,青梅市,129258,471.2,0.0,3,1,2,5,2,0.7736465054387349,1.5472930108774698,3.8682325271936735,-0.3662461390081108,0.2537037871050758,0.2892222628469314,0.0081896796911789,1.0,0.0699558969695703,0.1211640814365245,0.1200223173664854,0.115455261086329,0.1702006721094054,1.0,-0.100244775139835,669.0,1237.0,1880.0,3792.0,517.5695121385137,957.0007272277151,1454.4554302248216,1.0
13206,東京都,府中市,265595,530.1,0.349541751527495,7,3,2,4,2,1.1295393362073836,0.7530262241382556,1.5060524482765112,0.4869967466817708,-0.1662684190864589,-0.2332298206471537,0.2122454891400597,1.0,0.1516830241309284,0.2077195842546692,0.1937013475030694,0.1376284004966701,0.2158698487732962,1.0,-0.0641868246423678,2354.0,246.0,664.0,3328.0,886.3118658107268,92.62222556900544,250.0047064139009,1.0
13207,東京都,昭島市,115091,586.5,0.5648345784418356,4,2,3,3,0,1.7377553414254807,2.606633012138221,2.606633012138221,0.8423733275089409,1.5654139402044698,0.2303716970594105,0.720259800312288,1.0,0.0867246161779906,0.1246589124329405,0.1177055250080808,0.089891975308642,0.2055933164849374,1.0,-0.1188687003069467,972.0,433.0,0.0,1405.0,844.5490959327835,376.22403141861656,0.0,1.0
13208,東京都,調布市,248007,202.4,-0.4933667083854818,4,2,1,3,2,0.8064288507985663,0.4032144253992831,1.2096432761978493,0.1934685339049888,-0.5752113185404877,-0.3867013436702863,-0.3522765467433592,1.0,0.1718440418586716,0.2298739891216472,0.2124109278095459,0.1425586825611404,-0.4286299883412215,1.0,0.6004740301998932,481.0,279.0,771.0,1531.0,193.94613861705517,112.49682468639998,310.87832198284724,1.0
13209,東京都,町田市,431122,242.9,-0.4989686468646864,8,4,5,9,0,0.927811617129258,1.1597645214115726,2.0875761385408307,-0.177153464878387,0.0394866056036149,-0.0931891797643114,-0.2929704025321251,1.0,0.0699005180540301,0.1142822159621181,0.0992516425663586,0.0391293489833204,-0.3168816000004868,1.0,0.386782118054517,1618.0,856.0,1182.0,3656.0,375.29979912878485,198.55168606566124,274.1683328616957,1.0
13210,東京都,小金井市,128382,88.0,-0.7778338803332492,2,1,2,3,1,0.7789253945257124,1.5578507890514248,2.336776183577137,0.1426948381903272,0.5833657730391444,0.1474913527223949,-0.2507494036643282,1.0,0.1497525151451891,0.1906058707913912,0.1838731284771834,0.1569421592203519,-0.4229492097889449,1.0,0.5727017249341341,248.0,144.0,503.0,895.0,193.17349784237666,112.16525681170258,391.79947344643335,1.0
13211,東京都,小平市,200960,396.1,-0.0047738693467336,5,1,1,5,2,0.4976114649681528,0.4976114649681528,2.4880573248407645,-0.3035996252546199,-0.5234208047299753,0.2676031673003116,-0.1014795053387403,1.0,0.1408129475303844,0.1882791731598702,0.1778417917164985,0.1360922659430121,0.0672671897464783,1.0,0.073545757783906,1141.0,492.0,359.0,1998.0,567.7746815286624,244.82484076433119,178.6425159235669,1.0
13212,東京都,日野市,192017,192.7,-0.5224287484510532,2,1,1,3,1,0.5207872219647218,0.5207872219647218,1.5623616658941657,-0.3346581940036321,-0.501224604688834,-0.2210474806593053,-0.436486825828474,1.0,0.0926650482567936,0.1401147891655927,0.1224628489423679,0.051855088049469,-0.4144081415839964,1.0,0.5070731898407901,98.0,476.0,268.0,842.0,51.037147752542744,247.8947176552076,139.57097548654545,1.0
13213,東京都,東村山市,152572,401.1,0.0,5,1,3,3,1,0.6554282568230082,1.9662847704690245,1.9662847704690245,-0.3367659827627265,0.6561142939609117,-0.1786380540841945,0.0042682394289622,1.0,0.1036464996725033,0.1462716467649013,0.1356536277041403,0.093181551461096,0.0278028398073769,1.0,0.0758436598651264,7246.0,318.0,662.0,8234.0,4749.2331489395165,208.4261856697166,433.89350601683145,1.0
13214,東京都,国分寺市,132238,0.0,-1.0,0,1,1,1,0,0.7562122839123399,0.7562122839123399,0.7562122839123399,-0.0046408228383361,-0.2366669962993143,-0.6422033938957538,-0.6327587230969275,1.0,0.1222509852713607,0.1643781717092717,0.1537563629547658,0.1112691279367426,-0.6380520934904053,1.0,0.760303078761766,42.0,209.0,0.0,251.0,31.760915924318276,158.04836733767903,0.0,1.0
13215,東京都,国立市,77602,85.0,-0.7485207100591715,2,0,0,0,0,0.0,0.0,0.0,-0.8,-0.8,-0.8,-0.7742603550295858,1.0,0.1726737186890578,0.2255141421858644,0.2197120642520779,0.1965037525169322,-0.5076212484458287,1.0,0.6802949671348865,66.0,0.0,0.0,66.0,85.04935439808253,0.0,0.0,1.0
13218,東京都,福生市,54836,915.5,2.1799235845779785,3,1,0,0,0,1.8236195200233425,0.0,0.0,0.2374862999639899,-0.8,-0.8,0.8974590522817872,1.0,0.0722441094021016,0.1175276512512367,0.1178519082350319,0.1191489361702127,0.7308871693837763,1.0,-0.6586430599816746,592.0,96.0,0.0,688.0,1079.5827558538188,175.06747392224085,0.0,1.0
13219,東京都,狛江市,86492,0.0,-1.0,0,0,0,0,0,0.0,0.0,0.0,-0.8,-0.8,-0.8,-0.9,1.0,0.1148361951418366,0.1568881449684828,0.1404722526607147,0.0748086834296424,-0.7241801144135632,1.0,0.8390163095553999,534.0,136.0,0.0,670.0,617.3981408685196,157.2399759515331,0.0,1.0
13220,東京都,東大和市,83796,338.9,0.0,1,0,0,1,0,0.0,0.0,1.1933743854121914,-0.8,-0.8,-0.4995589480527272,-0.3549338422079091,1.0,0.0593627942056906,0.1004767002519265,0.0848760539658473,0.0224734688215302,-0.1941275228533831,1.0,0.2534903170590737,412.0,0.0,0.0,412.0,491.6702467898229,0.0,0.0,1.0
13221,東京都,清瀬市,75964,796.4,1.3437316068275456,6,0,3,7,0,0.0,3.949239113264178,9.214891264283082,-0.8,2.0,2.0,1.1118658034137727,1.0,0.0647033579312415,0.1052076413502102,0.0912711881337779,0.0355253752680486,0.7960375795442857,1.0,-0.7313342216130442,914.0,593.0,255.0,1970.0,1203.2015165078194,780.6329313885525,335.6853246274551,1.0
13222,東京都,東久留米市,113646,34.3,-0.9054054054054054,2,0,1,0,0,0.0,0.8799253823275786,0.0,-0.8,-0.1522650852469631,-0.8,-0.7555424654897471,1.0,0.0229101943923328,0.0549099406912652,0.0431542771049659,-0.0038683772402311,-0.6329160062808998,1.0,0.6558262006732327,321.0,0.0,183.0,504.0,282.45604772715274,0.0,161.0263449659469,1.0
13223,東京都,武蔵村山市,70665,406.1,0.2863477985429206,2,2,2,4,0,2.8302554305526075,2.8302554305526075,5.660510861105215,1.1831622239372992,1.313264151874995,1.461170926292506,0.7959716057840452,1.0,0.026621587457756,0.0667143616094231,0.0476089796975632,-0.0288125479498764,0.3407040431952546,1.0,-0.3140824557374986,623.0,216.0,0.0,839.0,881.6245666171371,305.6675864996816,0.0,1.0
13224,東京都,多摩市,146282,480.6,0.1982049364248317,3,1,1,4,1,0.6836111073132716,0.6836111073132716,2.7344444292530863,-0.398192658282298,-0.4589112548844551,0.1543209438599755,-0.0262246100977156,1.0,0.0403482228195019,0.0767224455861149,0.0658593763246878,0.0224070992789795,0.0604469983548947,1.0,-0.0200987755353928,1066.0,48.0,725.0,1541.0,728.7294403959476,32.813333151037035,495.6180528021219,1.0
13225,東京都,稲城市,96490,300.5,-0.2440251572327043,1,0,2,2,1,0.0,2.0727536532283137,2.0727536532283137,-0.8,0.8135876551067334,-0.0901475167986474,-0.1734965578701393,1.0,0.213378278122728,0.2778102030498549,0.2599735864288334,0.1886271199447471,-0.1714993727695263,1.0,0.3848776508922543,290.0,319.0,302.0,911.0,300.5492797181055,330.60420768991605,312.9858016374754,1.0
13227,東京都,羽村市,52756,0.0,-1.0,0,0,1,2,0,0.0,1.895518993100311,3.791037986200622,-0.8,0.2337904612215329,0.4274101092376579,-0.5608199144311214,1.0,0.0429422578219018,0.0953335175742027,0.0850508902168697,0.0439203807875379,-0.6019709585227183,1.0,0.6449132163446202,60.0,186.0,0.0,246.0,113.73113958601864,352.5665327166578,0.0,1.0
13228,東京都,あきる野市,77773,316.3,-0.2122042341220423,1,2,1,3,0,2.571586540316048,1.285793270158024,3.857379810474072,0.8442426653712907,0.0471184182874584,0.4297059551059998,0.1342700720222557,1.0,0.0230239113538137,0.0635239988631093,0.053428941283431,0.0130487109647177,-0.1415028557281492,1.0,0.1645267670819629,365.0,100.0,113.0,578.0,469.3145436076788,128.5793270158024,145.2946395278567,1.0
13229,東京都,西東京市,210968,419.0,0.0540880503144654,5,1,1,3,1,0.4740055363846649,0.4740055363846649,1.4220166091539947,-0.2911522339178759,-0.5292878553135947,-0.2910198423161704,-0.1542325762708072,1.0,0.1370527825611032,0.1805844590830536,0.1700109014832465,0.127716671084018,-0.1395066462367909,1.0,0.2765594287978941,880.0,50.0,306.0,1236.0,417.1248720185052,23.70027681923325,145.04569413370749,1.0
13303,東京都,瑞穂町,30572,0.0,-1.0,0,1,1,1,0,3.2709668978149944,3.2709668978149944,3.2709668978149944,,,-9.382670805768711e-05,-0.7692524215480133,0.65,0.0239702778384526,0.0742768083196718,0.0681335029068093,0.0435602812553592,-0.7341576151419135,1.0,0.7581278929803661,0.0,113.0,0.0,113.0,0.0,369.61925945309434,0.0,1.0
13305,東京都,日の出町,16933,0.0,-1.0,0,1,1,2,1,5.905628063544558,5.905628063544558,11.811256127089116,,,1.5906334284177763,-0.4021615165189747,0.65,-0.0781139029017923,-0.059943458099101,-0.0627122915628928,-0.0737876254180601,-0.3240820443539924,1.0,0.2459681414522,56.0,154.0,60.0,328.0,330.71517155849523,909.4667217858619,354.33768381267345,1.0
13307,東京都,檜原村,1800,0.0,,0,0,0,0,0,0.0,0.0,0.0,0.0,0.0,0.0,0.0,0.5,-0.0951635406383678,-0.0730503455083909,-0.0584402764067127,0.0,-0.0361112686658613,0.55,-0.0590522719725064,,,,,,,,0.0
13308,東京都,奥多摩町,4406,0.0,,1,0,0,0,0,0.0,0.0,0.0,0.0,0.0,0.0,0.0,0.5,-0.0965901024089731,-0.0772149577387011,-0.0655056314056466,-0.0186683260734287,0.7144144661888222,0.55,-0.8110045685977954,41.0,0.0,0.0,41.0,930.5492510213346,0.0,0.0,1.0
13361,東京都,大島町,6622,0.0,,0,0,0,0,0,0.0,0.0,0.0,0.0,0.0,0.0,0.0,0.5,-0.1305943928406298,-0.1203955130434083,-0.1230516289437241,-0.1336760925449871,-0.0035775115262688,0.55,-0.1270168813143609,,,,,,,,0.0
13362,東京都,利島村,298,0.0,,0,0,0,0,0,0.0,0.0,0.0,0.0,0.0,0.0,0.0,0.5,-0.0157911443764499,-0.0186699857752489,0.001280227596017,0.0810810810810811,0.3636363636363636,0.55,-0.3794275080128135,,,,,,,,0.0
13363,東京都,新島村,2222,0.0,,0,0,0,0,0,0.0,0.0,0.0,0.0,0.0,0.0,0.0,0.5,-0.1790652655340456,-0.1769783681025806,-0.1719766907297193,-0.1519699812382738,0.3271542753722946,0.55,-0.5062195409063404,,,,,,,,0.0
13364,東京都,神津島村,1764,0.0,,0,0,0,0,0,0.0,0.0,0.0,0.0,0.0,0.0,0.0,0.5,0.0161858931449777,0.0137157788856817,0.0413780285139508,0.1520270270270269,0.0126317869981387,0.55,0.0035541061468389,,,,,,,,0.0
13381,東京都,三宅村,2116,0.0,,0,0,0,0,0,0.0,0.0,0.0,0.0,0.0,0.0,0.0,0.5,-0.1656143461949958,-0.1742737812072743,-0.1642687243646171,-0.1242484969939879,-0.01252395930103,0.55,-0.1530903868939658,,,,,,,,0.0
13382,東京都,御蔵島村,317,0.0,,0,0,0,0,0,0.0,0.0,0.0,0.0,0.0,0.0,0.0,0.5,-0.0372819632584895,-0.0330882352941176,-0.0514705882352941,-0.125,0.3636363636363636,0.55,-0.4009183268948532,,,,,,,,0.0
13401,東京都,八丈町,6622,785.3,,1,0,0,0,0,0.0,0.0,0.0,0.0,0.0,0.0,0.0,0.5,-0.1455838923596272,-0.1471233082424493,-0.1454102453400409,-0.1385579937304075,0.0735039274853712,0.55,-0.2190878198449984,52.0,0.0,0.0,54.0,785.2612503775294,0.0,0.0,1.0
13402,東京都,青ヶ島村,156,0.0,,0,0,0,0,0,0.0,0.0,0.0,0.0,0.0,0.0,0.0,0.5,0.1457653457653457,0.1161616161616161,0.1818181818181818,0.4444444444444444,0.3636363636363636,0.55,-0.2178710178710179,,,,,,,,0.0
13421,東京都,小笠原村,2828,0.0,,0,0,0,0,0,0.0,0.0,0.0,0.0,0.0,0.0,0.0,0.5,0.0736650746845126,0.1281159575608187,0.1127253241881898,0.0511627906976743,0.4170666378277377,0.55,-0.343401563143225,,,,,,,,0.0
14101,神奈川県,横浜市鶴見区,301604,279.5,-0.2943701085584449,8,3,3,7,1,0.9946817681463112,0.9946817681463112,2.320924125674725,0.2080612723888397,0.0781292551059171,0.1738542102279987,-0.0677752800013671,1.0,0.148610318376417,0.1986946551572583,0.1842604442196086,0.1265236004690098,-0.1630841578662839,1.0,0.311694476242701,1221.0,578.0,50.0,1849.0,404.83547963554867,191.64202066285594,16.578029469105182,1.0
14102,神奈川県,横浜市神奈川区,251840,383.6,-0.0315576874526635,4,3,2,5,0,1.1912325285895806,0.7941550190597204,1.9853875476493013,0.6962668927459155,-0.1633531883518959,0.0133020965692505,0.1009668710554545,1.0,0.1433472995222285,0.196553992975636,0.1804995847755514,0.1162819519752129,-0.014922565764621,1.0,0.1582698652868495,1198.0,215.0,234.0,1673.0,475.69885641677257,85.37166454891994,92.9161372299873,1.0
14103,神奈川県,横浜市西区,109198,511.0,0.2195704057279235,3,1,0,0,0,0.9157676880528948,0.0,0.0,0.1106888095583533,-0.8,-0.8,-0.1080770352243675,1.0,0.1996206824633307,0.2626843670654297,0.2417086465557332,0.157805764516947,0.2436254185808948,1.0,-0.044004736117564,617.0,0.0,0.0,617.0,565.0286635286361,0.0,0.0,1.0
14104,神奈川県,横浜市中区,153114,605.4,0.528401918707397,5,1,1,3,1,0.6531081416460938,0.6531081416460938,1.959324424938281,-0.1121839458341253,-0.30928865577895,-0.0523183354326334,0.1875231215051358,1.0,0.1601748049897983,0.2205246352682586,0.2041425793337044,0.1386143555954877,0.5106165610273775,1.0,-0.3504417560375791,1117.0,42.0,40.0,1199.0,729.5217942186868,27.430541949135936,26.12432566584375,1.0
14105,神奈川県,横浜市南区,196817,488.3,0.1110352673492605,3,1,0,2,3,0.508086191741567,0.0,1.016172383483134,-0.4771310488536032,-0.8,-0.5755216442608573,-0.246236822735219,1.0,0.013161860799563,0.0464306417163484,0.0345150361966949,-0.0131473858819193,-0.1711070411030131,1.0,0.1842689019025761,1059.0,120.0,82.0,1261.0,538.0632770543195,60.970343008988046,41.6630677228085,1.0
14106,神奈川県,横浜市保土ケ谷区,205793,248.3,-0.4160395108184384,4,2,2,2,0,0.9718503544824167,0.9718503544824167,0.9718503544824167,0.0221329188577366,-0.1814536287816585,-0.5853223570733384,-0.3186095695159214,1.0,0.0748432985729045,0.1167692384101958,0.107466654935997,0.0702563210392019,-0.3739954560130482,1.0,0.4488387545859528,744.0,99.0,390.0,1233.0,361.52833186745903,48.10659254687963,189.51081912407128,1.0
14107,神奈川県,横浜市磯子区,165884,229.1,-0.4487487969201155,3,3,3,2,0,1.8084926816329483,1.8084926816329483,1.2056617877552989,0.8496473817868242,0.5232130287321517,-0.4591195712288979,-0.0448309034772048,1.0,0.0442882187954747,0.0801367220592232,0.0701115652328312,0.0300109379272628,-0.3695837727583714,1.0,0.4138719915538461,784.0,120.0,0.0,904.0,472.61942080007714,72.33970726531794,0.0,1.0
14108,神奈川県,横浜市金沢区,192659,777.5,0.5117635621232746,5,2,3,3,1,1.0381035923574813,1.5571553885362222,1.5571553885362222,-0.0373677709540979,0.2472311554285666,-0.3469122566757601,0.2334560616837386,1.0,-0.0025595079827798,0.0344836487666544,0.0297115878785449,0.010623344326107,0.2503360197371909,1.0,-0.2528955277199707,1903.0,180.0,23.0,2182.0,987.7555681281435,93.42932331217332,11.938191312111035,1.0
14109,神奈川県,横浜市港北区,368749,269.3,-0.3325898389095415,4,1,0,2,1,0.2711871761008165,0.0,0.5423743522016331,-0.696375717322637,-0.8,-0.7303739849802797,-0.5351261606663401,1.0,0.2083923846244575,0.2711477969248009,0.255881857934608,0.1948181019738362,-0.3198818485625495,1.0,0.528274233187007,1102.0,118.0,114.0,1334.0,298.84826806309985,32.00008677989635,30.915338075493082,1.0
14110,神奈川県,横浜市戸塚区,285682,376.3,-0.1522865510250055,7,4,4,3,1,1.4001582178786205,1.4001582178786205,1.0501186634089652,0.3761774394183788,0.2287370364470937,-0.5482708739464275,-0.048837863253727,1.0,0.0913129262814899,0.13602687368518,0.1226018624609689,0.0689018175641242,-0.0861366831460862,1.0,0.1774496094275762,1632.0,367.0,924.0,2923.0,571.2645528944771,128.46451649036342,323.4365483299613,1.0
14111,神奈川県,横浜市港南区,212571,351.9,-0.2822761574546196,6,1,2,4,1,0.4704310559765913,0.9408621119531828,1.8817242239063652,-0.551276558836141,-0.2049695388693549,-0.1821661668183994,-0.3094637463477012,1.0,-0.0032024125635777,0.0364347772118026,0.0248286707231265,-0.0215957552315778,-0.1747517823045931,1.0,0.1715493697410153,993.0,249.0,580.0,1822.0,467.1380385847552,117.13733293817126,272.850012466423,1.0
14112,神奈川県,横浜市旭区,240292,645.9,0.2406838263542066,5,1,2,4,2,0.4161603382551229,0.8323206765102459,1.6646413530204918,-0.621160962023843,-0.3197707712929954,-0.3646059081466514,-0.1065467811436123,1.0,0.0124567230025754,0.0484923754544561,0.0378885558415398,-0.0045267226101253,0.084610177032914,1.0,-0.0721534540303385,1632.0,377.0,1430.0,3439.0,679.1736720323606,156.89244752218136,595.1092837048258,1.0
14113,神奈川県,横浜市緑区,184100,137.4,-0.6723891273247495,2,2,2,4,1,1.0863661053775122,1.0863661053775122,2.1727322107550244,0.4299218562683771,-0.0155742590848905,0.0263888736567079,-0.2485880002229267,1.0,0.1520210961420437,0.2089551920671163,0.1976035522632345,0.1521969930477071,-0.3485514760518801,1.0,0.5005725721939238,597.0,751.0,50.0,1398.0,324.28028245518743,407.93047256925587,27.159152634437802,1.0
14114,神奈川県,横浜市瀬谷区,119294,128.3,-0.6899468342194297,4,0,0,4,1,0.0,0.0,3.3530605059768304,-0.8,-0.8,0.344120772255714,-0.5733553012713578,1.0,0.0198299941669058,0.0713350452409298,0.0563059994764293,-0.0038101835815725,-0.5794453121913204,1.0,0.5992753063582263,115.0,78.0,294.0,487.0,96.40048954683388,65.38467986654818,246.44994718929703,1.0
14115,神奈川県,横浜市栄区,122391,351.3,-0.2026781661370857,1,0,0,0,0,0.0,0.0,0.0,-0.8,-0.8,-0.8,-0.5013390830685429,1.0,-0.0592401126280567,-0.0234520669304975,-0.0408765432866681,-0.1105744487113503,-0.302910016286648,1.0,0.2436699036585912,430.0,0.0,106.0,536.0,351.33302285298754,0.0,86.60767540096901,1.0
14116,神奈川県,横浜市泉区,149708,306.6,-0.2963047968785861,3,2,1,3,0,1.3359339514254416,0.6679669757127208,2.003900927138162,0.3079985313183269,-0.4641314286380346,-0.2131554094497494,-0.1881457178887952,1.0,0.0541626876675456,0.103206934208439,0.0912280465080578,0.0433124957065329,-0.2158235989663306,1.0,0.2699862866338763,563.0,300.0,0.0,871.0,376.0654073262618,200.39009271381622,0.0,1.0
14117,神奈川県,横浜市青葉区,309958,443.9,0.0584167858845969,7,1,5,4,1,0.3226243555578498,1.6131217777892488,1.2904974222313992,-0.6526848812228137,0.6076706333157758,-0.3830437034181481,-0.0676345438176201,1.0,0.2621108733166992,0.3404148094115635,0.3364779123965676,0.3207303243365842,-0.047867873595612,1.0,0.3099787469123112,1654.0,478.0,52.0,2184.0,533.6206840926835,154.2144419566522,16.77646648900819,1.0
14118,神奈川県,横浜市都筑区,217048,286.1,-0.3490329920364049,2,0,0,3,1,0.0,0.0,1.3821827429877265,-0.8,-0.8,-0.2831509350344079,-0.4969891362733636,1.0,0.3750493662542852,0.4799923360682713,0.4674836449013551,0.4174488802336904,-0.3024469569452511,1.0,0.6774963231995363,646.0,205.0,92.0,943.0,297.63001732335704,94.44915410416128,42.38693745162361,1.0
14131,神奈川県,川崎市川崎区,225265,913.6,1.3064882605402677,9,3,3,4,1,1.3317648103344948,1.3317648103344948,1.7756864137793265,0.991576971764103,0.3544297548054096,-0.1138819876101243,0.8876416897022471,1.0,0.1118947669065187,0.1478773359802133,0.1312884482059507,0.0649328971089002,0.4819497123672008,1.0,-0.3700549454606821,2368.0,239.0,38.0,2657.0,1051.2063569573613,106.09726322331477,16.869020930903602,1.0
14132,神奈川県,川崎市幸区,170571,210.5,-0.4783147459727385,2,0,0,1,0,0.0,0.0,0.586266129646892,-0.8,-0.8,-0.7013120254900649,-0.624354176809879,1.0,0.1124870623865032,0.1485472517043855,0.1279877668092582,0.045749827228749,-0.3468980830327556,1.0,0.4593851454192588,359.0,98.0,200.0,657.0,210.4695405432342,57.454080705395405,117.25322592937839,1.0
14133,神奈川県,川崎市中原区,264595,504.9,0.2050119331742244,4,1,0,2,0,0.3779360910070107,0.0,0.7558721820140215,-0.4954049370843223,-0.8,-0.5815285976819654,-0.203804310482047,1.0,0.2801262116174031,0.3535303840255102,0.3337110276277055,0.254433602036487,-0.0651470829853221,1.0,0.3452732946027253,1381.0,84.0,0.0,1505.0,521.9297416806818,31.7466316445889,0.0,1.0
14134,神奈川県,川崎市高津区,231421,361.7,-0.1493414863593603,3,2,2,1,1,0.864225804918309,0.864225804918309,0.4321129024591545,0.2923995273965072,-0.0632711354142018,-0.7687470844995491,-0.1409935706874413,1.0,0.2256426817975934,0.2896170037459616,0.2716950768904279,0.2000073694682929,-0.2260534322453539,1.0,0.4516961140429473,988.0,0.0,320.0,1308.0,426.9275476296447,0.0,138.27612878692946,1.0
14135,神奈川県,川崎市多摩区,224423,159.1,-0.6258231420507996,1,0,0,1,1,0.0,0.0,0.4455871278790498,-0.8,-0.8,-0.7689026884459973,-0.7082469742922994,1.0,0.20173009923641,0.2649362877792703,0.2540667995855608,0.2105888468107224,-0.5794304237518861,1.0,0.7811605229882963,376.0,0.0,440.0,816.0,167.54076008252272,0.0,196.0583362667819,1.0
14136,神奈川県,川崎市宮前区,238066,370.5,-0.0725907384230287,2,0,0,1,1,0.0,0.0,0.4200515823343106,-0.8,-0.8,-0.7870305435462389,-0.4343499507434502,1.0,0.2268010456637889,0.298976633128137,0.2838744380358899,0.2234656576669018,-0.2542282742995193,1.0,0.4810293199633083,953.0,40.0,628.0,1621.0,400.30915796459806,16.802063293372427,263.79239370594706,1.0
14137,神奈川県,川崎市麻生区,180676,403.5,-0.0379113018597996,2,1,2,6,1,0.5534769421505901,1.10695388430118,3.3208616529035404,-0.2476196765616145,0.0294193317164979,0.5735038052988997,0.0219588843100869,1.0,0.1883216255822323,0.2396745648119264,0.2272813564507036,0.1777085230058126,0.1120798232999754,1.0,0.0762418022822568,1271.0,566.0,106.0,1943.0,703.4691934733999,313.26794925723397,58.668555867962546,1.0
14151,神奈川県,相模原市緑区,166758,339.4,-0.2296867907399002,4,2,1,7,1,1.1993427601674282,0.5996713800837141,4.197699660585999,0.1440001752436785,-0.5238575370085328,0.9035740935789158,-0.0290858768356569,1.0,0.0399524392032228,0.0833743203764123,0.0763852759095035,0.0484290980418682,0.0230064900242252,1.0,0.0169459491789976,337.0,818.0,461.0,1616.0,202.08925508821167,490.53118890847816,276.44850621859223,1.0
14152,神奈川県,相模原市中央区,272076,265.4,-0.3859324386857936,4,4,2,4,0,1.4701774504182654,0.7350887252091327,1.4701774504182654,0.4756598423065723,-0.3645259748262979,-0.3484374661144033,-0.2047787670226875,1.0,0.1091111269628835,0.1681517372908422,0.1523351173737564,0.0890686377054132,-0.4513059981909897,1.0,0.5604171251538733,835.0,118.0,0.0,953.0,306.8995427748129,43.37023478733883,0.0,1.0
14153,神奈川県,相模原市南区,280877,644.4,0.4958217270194984,7,1,3,7,2,0.3560277274394129,1.0680831823182388,2.492194092075891,-0.6426446209057675,-0.073503860621286,0.1045063282025613,0.124032309465787,1.0,0.1050244190786606,0.1588644182638557,0.1425998426332393,0.0775415401107735,0.1746711935301638,1.0,-0.0696467744515032,1969.0,657.0,415.0,3041.0,701.0185953282041,233.9102169276943,147.75150688735638,1.0
14201,神奈川県,横須賀市,370433,429.8,-0.2388879050823447,8,3,3,4,2,0.80986305215788,0.80986305215788,1.0798174028771734,-0.2802252044623489,-0.3506012453486792,-0.5894799451969766,-0.3165011720154905,1.0,-0.0817906290423731,-0.0483284875788843,-0.0589090103093277,-0.1012311012311012,-0.23727658379091,1.0,0.1554859547485368,2290.0,395.0,302.0,2993.0,618.1954631471818,106.63196853412087,81.52621391722658,1.0
14203,神奈川県,平塚市,255442,333.5,-0.3593930080676143,3,1,2,5,1,0.3914783003578111,0.7829566007156223,1.957391501789056,-0.6415885618997996,-0.3647041413397055,-0.2558478271934118,-0.4010970116937347,1.0,0.051873924325872,0.0953369178085069,0.0866756037355546,0.0520303474437451,-0.2241583992692475,1.0,0.2760323235951195,1076.0,350.0,298.0,1730.0,421.23065118500483,137.0174051252339,116.66053350662773,1.0
14204,神奈川県,鎌倉市,170691,635.7,0.4085973853312652,5,2,2,5,1,1.171707940078856,1.171707940078856,2.92926985019714,0.117640538887729,-0.0725750764481767,0.3261423207078204,0.265861887082125,1.0,0.0101761018760473,0.0491886893414776,0.0308708855171135,-0.0424003297803426,0.5097565779338822,1.0,-0.4995804760578348,1347.0,451.0,10.0,1808.0,789.1452976431094,264.22014048778203,5.85853970039428,1.0
14205,神奈川県,藤沢市,443102,343.0,-0.2218693284936479,7,7,4,7,0,1.579771700421122,0.9027266859549268,1.579771700421122,0.5140133727169238,-0.1908941157908714,-0.2967043748865015,-0.0812717633050451,1.0,0.1328089586409252,0.1889332830423888,0.1711268699040874,0.0999012173508817,-0.103014591151352,1.0,0.2358235497922772,1975.0,761.0,529.0,3251.0,445.72130119024513,171.74375200292485,119.38560421753908,1.0
14206,神奈川県,小田原市,183233,581.2,0.1853966959004691,8,0,1,4,1,0.0,0.5457532213083888,2.183012885233555,-0.8,-0.5657252423461927,-0.1168470816407086,-0.1696875006478006,1.0,0.0185345364461062,0.0585836767468158,0.0529709783985376,0.0305201850054246,0.0170871115810657,1.0,0.0014474248650404,1376.0,117.0,535.0,2028.0,750.9564325203429,63.853126893081495,291.977973399988,1.0
14207,神奈川県,茅ヶ崎市,242388,305.3,-0.3316549912434325,4,0,2,3,1,0.0,0.8251233559417134,1.23768503391257,-0.8,-0.2974484692647778,-0.4697136462812976,-0.4409018129536276,1.0,0.0724656999652118,0.1172650320344319,0.102632735119396,0.0441035474592521,-0.3612187183067314,1.0,0.4336844182719434,1128.0,518.0,200.0,1846.0,465.3695727511263,213.70694918890374,82.51233559417133,1.0
14208,神奈川県,逗子市,55671,0.0,-1.0,0,0,0,2,0,0.0,0.0,3.592534712866663,-0.8,-0.8,0.1265179570103742,-0.7610223064484439,1.0,-0.0310503420055381,0.0036360658526528,-0.0137435811351279,-0.083262169086251,-0.4362933394858287,1.0,0.4052429974802906,36.0,97.0,0.0,133.0,64.66562483159994,174.23793357403318,0.0,1.0
14210,神奈川県,三浦市,39131,227.4,-0.4574087329992842,1,1,0,0,1,2.5555186425084973,0.0,0.0,-0.0784432267465125,-0.8,-0.8,-0.4843930118489445,1.0,-0.1146081241149908,-0.0818876609716895,-0.0815363705767893,-0.0801312089971884,-0.3650720050338274,1.0,0.2504638809188365,136.0,0.0,357.0,493.0,347.5505353811556,0.0,912.3201553755334,1.0
14211,神奈川県,秦野市,158559,229.6,-0.5001088613106902,2,3,2,3,1,1.8920401869335703,1.2613601246223802,1.8920401869335703,0.9078793980027644,0.0277470032125239,-0.257078248714378,-0.1028782378800703,1.0,0.0192677519127789,0.0585845781811105,0.0545355224358254,0.0383392994546853,-0.2447914462808322,1.0,0.2640591981936112,780.0,359.0,891.0,2066.0,491.9304486027283,226.41414236971727,561.9359355192704,1.0
14212,神奈川県,厚木市,221368,398.0,-0.0791300323924109,6,1,3,6,0,0.4517364750099382,1.3552094250298146,2.710418850059629,-0.5248911320279124,0.1655427165091156,0.2060269320970691,-0.0888077953108602,1.0,0.0626592885259725,0.1132680281613411,0.1016305191085498,0.0550804828973843,0.0154880925392006,1.0,0.0471711959867718,1715.0,169.0,856.0,2746.0,774.728054642044,76.34346427667955,386.6864226085071,1.0
14213,神奈川県,大和市,243378,392.8,-0.0167709637046307,7,1,3,2,0,0.4108834816622702,1.2326504449868103,0.8217669633245404,-0.5102923620952504,0.2347647654094888,-0.6099880418687393,-0.166727445740253,1.0,0.1072433112808649,0.1601018795974238,0.1431876244502244,0.0755306038614267,-0.1684406498089846,1.0,0.2756839610898495,1211.0,0.0,250.0,1461.0,497.57989629300926,0.0,102.72087041556756,1.0
14214,神奈川県,伊勢原市,100509,1148.2,2.152663371773751,2,0,1,2,0,0.0,0.9949357768956014,1.9898715537912028,-0.8,-0.0471663801574721,-0.1540245603653121,0.8861530448084578,1.0,0.0792855051131638,0.1298008209848768,0.1197677519097074,0.0796354756090296,0.8402400592278518,1.0,-0.760954554114688,1154.0,202.0,0.0,1356.0,1148.1558865375239,200.97702693291146,0.0,1.0
14215,神奈川県,海老名市,142114,419.4,0.0498122653316646,3,0,2,2,0,0.0,1.4073208832345865,1.4073208832345865,-0.8,0.4241978582594163,-0.3331776519175123,-0.1214408363828821,1.0,0.0901020081386093,0.1366780216139096,0.1231822963067548,0.0691993950781357,0.0205018530297805,1.0,0.0696001551088288,634.0,298.0,0.0,932.0,446.1207199853639,209.69081160195336,0.0,1.0
14216,神奈川県,座間市,131506,217.5,-0.4535175879396985,2,2,2,3,1,1.520843155445379,1.520843155445379,2.2812647331680687,0.6124023895208699,0.3867955087284576,0.0856780534326402,-0.0334072817415106,1.0,0.0955954576276911,0.1479839450755936,0.1353028119402108,0.0845782793986793,-0.3482098878683914,1.0,0.4438053454960826,426.0,324.0,155.0,905.0,323.9395921098657,246.37659118215137,117.86534454701686,1.0
14217,神奈川県,南足柄市,38951,136.1,-0.6440899581589958,1,0,0,1,1,0.0,0.0,2.5673281815614493,-0.8,-0.8,-0.2218432381280913,-0.6353214647987117,1.0,-0.0530378520602002,-0.0121558607263591,-0.0201425884271865,-0.0520894992304959,-0.5290602206237047,1.0,0.4760223685635045,53.0,55.0,290.0,398.0,136.06839362275682,141.20304998587972,744.5251726528202,1.0
14218,神奈川県,綾瀬市,82796,101.5,-0.6960167714884695,1,0,1,1,0,0.0,1.2077878158365138,1.2077878158365138,-0.8,0.0502840928695824,-0.4994861234061504,-0.57538869032472,1.0,-0.0348880038443126,-0.0009358161345272,-0.0203377401423809,-0.0979454361737959,-0.7160650681387074,1.0,0.6811770642943947,122.0,60.0,0.0,182.0,147.3501135320547,72.46726895019084,0.0,1.0
14301,神奈川県,葉山町,30884,291.4,0.0554147048170949,1,0,0,0,0,0.0,0.0,0.0,0.0,0.0,-0.8,-0.0922926475914525,1.0,-0.0122030437580282,0.0312256630134649,0.0121420758929745,-0.0641922725889869,0.2177547304822168,1.0,-0.229957774240245,89.0,0.0,0.0,89.0,288.1751068514441,0.0,0.0,1.0
14321,神奈川県,寒川町,47862,206.8,-0.2447041636230825,1,0,0,0,0,0.0,0.0,0.0,-0.8,-0.8,-0.8,-0.5223520818115412,1.0,0.0513515948874168,0.0899939270170877,0.0826594772780058,0.0533216783216783,-0.3806220894602854,1.0,0.4319736843477023,99.0,0.0,184.0,283.0,206.8446784505453,0.0,384.43859429192264,1.0
14341,神奈川県,大磯町,30912,1009.3,2.486355785837651,1,0,0,0,0,0.0,0.0,0.0,-0.8,0.0,-0.8,0.9631778929188256,1.0,-0.0259986445602484,0.0049268993212741,-0.005325117698064,-0.0463331857754168,0.6477605914643727,1.0,-0.6737592360246212,312.0,0.0,0.0,312.0,1009.3167701863354,0.0,0.0,1.0
14342,神奈川県,二宮町,26350,0.0,-1.0,0,0,0,0,0,0.0,0.0,0.0,-0.8,0.0,-0.8,-0.78,1.0,-0.0880903575985,-0.0531281705867257,-0.0618203560422208,-0.0965890978642014,-0.6737166279449791,1.0,0.5856262703464791,,,,,,,,0.0
14361,神奈川県,中井町,8816,0.0,,0,0,0,1,0,0.0,0.0,11.343012704174228,0.0,0.0,,0.0,0.35,-0.0558440352914395,-0.0203611517813567,-0.0216222547584187,-0.0266666666666666,0.2460328305542961,0.55,-0.3018768658457356,,,,,,,,0.0
14362,神奈川県,大井町,16901,331.3,,1,1,1,0,0,5.916809656233359,5.916809656233359,0.0,,,-0.8,-0.8,0.15,0.0327650018887205,0.0882151612595116,0.0751639657423032,0.0229591836734694,0.3682302627980638,1.0,-0.3354652609093433,0.0,30.0,0.0,30.0,0.0,177.50428968700075,0.0,1.0
14363,神奈川県,松田町,10326,1917.5,,1,1,0,0,0,9.68429207824908,0.0,0.0,,0.0,0.0,0.0,0.3,-0.0513100182603525,-0.0191288063580482,-0.0209889656640558,-0.0284296028880866,0.7970753067148894,0.55,-0.8483853249752419,290.0,0.0,0.0,296.0,2808.444702692233,0.0,0.0,1.0
14364,神奈川県,山北町,8889,0.0,,0,0,0,0,0,0.0,0.0,0.0,0.0,0.0,0.0,0.0,0.5,-0.1255417348718403,-0.0984653403283177,-0.0872980271472012,-0.0426287744227353,-0.5829039953197533,1.0,0.457362260447913,,,,,,,,0.0
14366,神奈川県,開成町,18989,0.0,-1.0,0,0,0,0,0,0.0,0.0,0.0,0.0,0.0,-0.8,-0.62,1.0,0.1004614683442992,0.1448455195978841,0.127682191622452,0.0590288797207236,-0.1568252015687768,1.0,0.257286669913076,0.0,310.0,0.0,310.0,0.0,1632.524092895887,0.0,1.0
14382,神奈川県,箱根町,10510,0.0,,0,0,1,1,0,0.0,9.514747859181732,9.514747859181732,0.0,,,0.0,0.2,-0.1776509401481068,-0.1645144881206277,-0.1618002697417852,-0.150943396226415,0.0133096079132782,1.0,-0.1909605480613851,0.0,109.0,0.0,109.0,0.0,1037.1075166508087,0.0,1.0
14383,神奈川県,真鶴町,6152,0.0,,0,0,0,0,0,0.0,0.0,0.0,0.0,0.0,0.0,0.0,0.5,-0.1165874937856814,-0.0795647225896817,-0.0759334682125905,-0.0614084507042254,-0.6660627740904006,1.0,0.5494752803047191,,,,,,,,0.0
14384,神奈川県,湯河原町,21999,718.2,0.9400324149108592,2,0,1,2,0,0.0,4.545661166416656,9.091322332833313,-0.8,,0.6118967463237737,0.4727067287105831,0.85,-0.0600188258024679,-0.0207195409662562,-0.0240063632515944,-0.0371536523929471,0.3351603226110317,1.0,-0.3951791484134996,208.0,388.0,0.0,446.0,945.4975226146643,1763.7165325696621,0.0,1.0
14401,神奈川県,愛川町,38558,129.7,-0.5705298013245034,1,1,0,1,0,2.593495513252762,0.0,2.593495513252762,,0.0,-0.0977645198843113,-0.3749119733061229,0.8,0.0232377027180086,0.0685183157798609,0.0664190358776116,0.0580219162686148,-0.499346396521578,1.0,0.5225840992395867,100.0,50.0,0.0,150.0,259.34955132527625,129.67477566263813,0.0,1.0
14402,神奈川県,清川村,2877,0.0,,0,0,0,0,0,0.0,0.0,0.0,0.0,0.0,0.0,0.0,0.5,-0.1327485646199177,-0.114988671409644,-0.1133410156206509,-0.1067503924646782,0.2581213589003567,0.55,-0.3908699235202745,0.0,0.0,319.0,319.0,0.0,0.0,11087.938825165103,1.0
15101,新潟県,新潟市北区,69446,155.5,-0.6580162744666813,2,2,1,1,1,2.8799354894450366,1.4399677447225183,1.4399677447225183,0.8963408513244355,0.0623639258316106,-0.4861701594164084,-0.2133109020061732,1.0,-0.0226025550401142,0.006799943880228,0.0136564919970263,0.0410826844642195,-0.3838857352013222,1.0,0.361283180161208,300.0,57.0,635.0,992.0,431.99032341675553,82.07816144918354,914.3795178987991,1.0
15102,新潟県,新潟市東区,127978,264.1,-0.3938489786550377,3,2,2,2,1,1.5627686008532715,1.5627686008532715,1.5627686008532715,0.4776680358263776,0.5088138643336559,-0.3946276707703544,-0.0842629531277481,1.0,-0.0151083730255297,0.0188697949719677,0.0128916248192912,-0.0110210557914147,-0.2829795618648787,1.0,0.2678711888393489,599.0,136.0,536.0,1271.0,468.04919595555486,106.26826485802248,418.8219850286768,1.0
15103,新潟県,新潟市中央区,178438,1273.3,2.155638166047088,8,4,3,5,2,2.241674979544716,1.681256234658537,2.8020937244308946,1.3576569987389475,0.4301662195738707,0.2593968218939431,1.4527849389915055,1.0,0.0703629852157653,0.1101364059847294,0.1040469763063437,0.0796892575928009,1.035076360176714,1.0,-0.9647133749609486,2227.0,361.0,80.0,2676.0,1248.0525448615206,202.3111669039106,44.83349959089431,1.0
15104,新潟県,新潟市江南区,66708,233.9,-0.3218324151928095,1,1,0,0,0,1.4990705762427297,0.0,0.0,0.0347558313762892,-0.8,-0.8,-0.3939650413211469,1.0,0.0289728747134506,0.0544417947120163,0.0562310843484244,0.0633882428940568,-0.3650683831158154,1.0,0.394041257829266,197.0,0.0,0.0,197.0,295.3169035198177,0.0,0.0,1.0
15105,新潟県,新潟市秋葉区,71519,278.2,-0.3614872618774386,2,2,1,1,0,2.796459682042534,1.398229841021267,1.398229841021267,0.8413748341150846,0.0171551002142136,-0.504768353731359,-0.0856106521432742,1.0,-0.0013392784922477,0.0215015645976106,0.02542219859344,0.0411047345767574,-0.2851619184896443,1.0,0.2838226399973965,435.0,0.0,160.0,595.0,608.2299808442511,0.0,223.7167745634027,1.0
15106,新潟県,新潟市南区,41311,295.3,-0.3302336130641868,2,2,0,1,0,4.841325554936942,0.0,2.420662777468471,1.3998690495687556,-0.8,-0.2980784837814898,-0.0498547691855657,1.0,0.0588117827746721,0.0950326408870562,0.1119980693699381,0.1798597833014659,-0.2407723716048918,1.0,0.2995841543795639,284.0,144.0,275.0,703.0,687.4682288010457,348.5754399554598,665.6822638038294,1.0
15107,新潟県,新潟市西区,158048,682.7,0.5847260909935006,5,2,2,3,0,1.265438347843693,1.265438347843693,1.8981575217655395,0.1798874964720249,0.0501036031159143,-0.1373695257997945,0.3152506563885732,1.0,0.0388729252368081,0.0722363039353743,0.0710831441125649,0.0664705048213272,0.2090167973344101,1.0,-0.170143872097602,1564.0,158.0,670.0,2422.0,989.572788013768,99.96962947965174,423.9218465276372,1.0
15108,新潟県,新潟市西蒲区,50364,176.7,-0.6387241872827643,2,1,1,3,0,1.985545230720356,1.985545230720356,5.956635692161068,-0.0665841815702832,-0.0087034916492122,0.2940042676095173,-0.289883813561393,1.0,-0.0220683938091805,0.0100354602928148,0.0234102255307739,0.0769092864826102,-0.4464601931589493,1.0,0.4243917993497688,89.0,437.0,0.0,526.0,176.71352553411168,867.6832658247955,0.0,1.0
15202,新潟県,長岡市,256456,588.0,0.0919220055710305,7,1,2,6,3,0.3899304364101444,0.7798608728202888,2.3395826184608666,-0.6621236872110909,-0.3746588657657902,-0.13631656106388,-0.1631100486811534,1.0,-0.0125938483850952,0.0142653269002498,0.0171753351594742,0.0288153681963714,-0.1029808625301491,1.0,0.0903870141450538,1976.0,492.0,1138.0,3612.0,770.5025423464455,191.84577471379106,443.7408366347444,1.0
15204,新潟県,三条市,89768,790.9,0.5720532697276881,4,2,1,2,0,2.227965421976651,1.1139827109883256,2.227965421976651,0.5499436009633414,-0.1421200631629577,-0.3266333515982055,0.3257023428423378,1.0,-0.0450755042306875,-0.0164191843188277,-0.012774277374642,0.0018053504021007,0.2424148717746032,1.0,-0.2874903760052908,826.0,180.0,240.0,1250.0,920.1497192763568,200.51688797789856,267.3558506371981,1.0
15205,新潟県,柏崎市,75111,416.7,-0.1840610926179753,4,1,1,1,1,1.3313629162173315,1.3313629162173315,1.3313629162173315,-0.2270510557443175,-0.0832876139270628,-0.6144015870676145,-0.2420941376070527,1.0,-0.0535249809362161,-0.0278946022444551,-0.020779288478875,0.0076819665834453,-0.167206700182466,1.0,0.1136817192462499,757.0,0.0,340.0,1097.0,1007.8417275765202,0.0,452.66339151389275,1.0
15206,新潟県,新発田市,89876,510.7,0.0778809624314056,4,1,1,1,1,1.1126440874093195,1.1126440874093195,1.1126440874093195,-0.2095895737241242,-0.1388357344021573,-0.6572917005524388,-0.1223965487723114,1.0,-0.028871725770435,-0.0057270156279713,0.0028325751406434,0.0370709382151028,0.0139651123306956,1.0,-0.0428368381011306,615.0,180.0,256.0,1055.0,684.2761137567315,200.2759357336775,284.8368863767858,1.0
15208,新潟県,小千谷市,31863,156.9,-0.5785656728444802,1,1,0,2,0,3.1384364309700907,0.0,6.2768728619401815,0.2129536554456139,0.0,0.6860212479215189,-0.1437889181448895,1.0,-0.1026840680833226,-0.078885652528631,-0.0757596325092697,-0.0632555524318245,-0.0969534197639379,1.0,-0.0057306483193847,319.0,50.0,0.0,369.0,1001.161221479459,156.92182154850454,0.0,1.0
15209,新潟県,加茂市,22921,218.1,-0.3522423522423522,1,0,0,1,0,0.0,0.0,4.362811395663366,-0.8,0.0,-0.1005206050554307,-0.3511992668794907,1.0,-0.1044017454234165,-0.0740713037363891,-0.0652305779607559,-0.029867674858223,-0.4901929882356834,1.0,0.3857912428122669,156.0,12.0,0.0,168.0,680.5985777234849,52.35373674796038,0.0,1.0
15210,新潟県,十日町市,44799,446.4,0.0578199052132701,1,1,0,0,0,2.2321926828723853,0.0,0.0,-0.0855542935448249,-0.8,-0.8,-0.2282009061023298,1.0,-0.1777710539102267,-0.1612148300150703,-0.1560083501438263,-0.1351824306588502,-0.2788989109183505,1.0,0.1011278570081237,315.0,0.0,0.0,315.0,703.1406951048015,0.0,0.0,1.0
15211,新潟県,見附市,37527,125.2,-0.6725941422594142,1,1,0,0,0,2.664748048072055,0.0,0.0,0.3404865222999229,-0.8,-0.8,-0.5081997666697224,1.0,-0.044131125761197,-0.0203639497579352,-0.014809293174345,0.0074093331600155,-0.5637723418078996,1.0,0.5196412160467025,94.0,0.0,0.0,94.0,250.48631651877315,0.0,0.0,1.0
15212,新潟県,村上市,51987,388.6,-0.0871505755226684,3,2,0,1,0,3.8471156250601113,0.0,1.923557812530056,0.6968066369811448,-0.8,-0.5599167700750998,-0.1082014758763702,1.0,-0.1443397282955196,-0.1216660837428759,-0.116656094677657,-0.0966161384167815,-0.0895826895768597,1.0,-0.0547570387186599,358.0,60.0,220.0,638.0,688.63369688576,115.41346875180334,423.1827187566122,1.0
15213,新潟県,燕市,73937,0.0,-1.0,1,0,0,0,0,0.0,0.0,0.0,-0.8,-0.8,-0.8,-0.9,1.0,-0.0302916334657135,0.0027105560098595,0.001615017817679,-0.0027671349510429,-0.7379869401562891,1.0,0.7076953066905756,110.0,0.0,0.0,110.0,148.77530870876558,0.0,0.0,1.0
15216,新潟県,糸魚川市,36875,412.2,-0.0033849129593811,2,1,0,0,0,2.711864406779661,0.0,0.0,0.0313240012755151,-0.8,-0.8,-0.2354276562245875,1.0,-0.1791604795751455,-0.1618282499075591,-0.1612481634549625,-0.1589278176445757,-0.1062656733250928,1.0,-0.0728948062500527,259.0,0.0,0.0,259.0,702.3728813559322,0.0,0.0,1.0
15217,新潟県,妙高市,27826,168.9,-0.448219536099314,2,0,0,1,0,0.0,0.0,3.593761230503845,-0.8,0.0,-0.0788516832568748,-0.3959375205381882,1.0,-0.1055503703431816,-0.075941210066031,-0.0686146994691601,-0.0393086570816763,-0.4172591113815321,1.0,0.3117087410383505,167.0,0.0,0.0,167.0,600.1581254941422,0.0,0.0,1.0
15218,新潟県,五泉市,43471,82.8,-0.819804134929271,1,1,1,2,0,2.300384164155414,2.300384164155414,4.600768328310828,0.0026517238161505,0.0990687496131472,0.0881653796517183,-0.3812866033116755,1.0,-0.0964457778472938,-0.0688258151885447,-0.0628552324816994,-0.0389729016543184,-0.4056992992970611,1.0,0.3092535214497672,230.0,89.0,0.0,319.0,529.0883577557452,204.73419060983187,0.0,1.0
15222,新潟県,上越市,176550,505.2,-0.0618384401114205,4,2,1,2,1,1.1328235627301046,0.5664117813650523,1.1328235627301046,-0.1014062686513298,-0.5807539992214708,-0.6236162856316791,-0.2318560165139487,1.0,-0.0487740071201376,-0.0238549786595986,-0.0203510068169398,-0.0063351194463049,-0.113718316800568,1.0,0.0649443096804304,1293.0,103.0,800.0,2202.0,732.3704333050127,58.3404134806004,453.1294250920419,1.0
15223,新潟県,阿賀野市,38158,136.3,-0.6747792889525173,1,1,0,1,0,2.620682425703653,0.0,2.620682425703653,0.1553142611026992,-0.8,-0.2236755644026605,-0.4598781269161178,1.0,-0.0176518670305039,0.0087007350749138,0.0256680273506929,0.0935371964538096,-0.4606039874578898,1.0,0.4429521204273858,240.0,93.0,0.0,333.0,628.9637821688768,243.72346559043976,0.0,1.0
15224,新潟県,佐渡市,45785,415.0,-0.0697153104685048,2,1,0,0,1,2.184121437151905,0.0,0.0,-0.1440447487971937,-0.8,-0.8,-0.3036666049936912,1.0,-0.1866375246734913,-0.1712719238999037,-0.1648473533761541,-0.1391490712811557,-0.1729812568927488,1.0,-0.0136562677807424,389.0,0.0,60.0,453.0,849.6232390520913,0.0,131.04728622911435,1.0
15225,新潟県,魚沼市,31261,140.8,-0.6392518575454778,1,1,0,1,0,3.198873996353284,0.0,3.198873996353284,0.0154846324762598,0.0,-0.2292636192724197,-0.3509185451683498,1.0,-0.0823786227065569,-0.0600694061035256,-0.0434984186452813,0.0227855311876958,-0.42425517284541,1.0,0.341876550138853,90.0,44.0,100.0,234.0,287.89865967179554,140.7504558395445,319.8873996353284,1.0
15226,新潟県,南魚沼市,51615,267.4,-0.4356268467707894,3,0,1,1,1,0.0,1.937421292260002,1.937421292260002,-0.8,0.0295718631976829,-0.5198053361099735,-0.4513484443222383,1.0,-0.022788749106037,-0.0007536281828622,0.0139877750878661,0.0729533881707795,-0.0180828670034206,1.0,-0.0047058821026164,594.0,56.0,233.0,887.0,1150.828247602441,108.49559236656012,451.41916109658047,1.0
15227,新潟県,胎内市,26359,163.1,-0.4246913580246914,1,1,0,0,0,3.793770628627793,0.0,0.0,1.6771121817974883,0.0,-0.8,0.003076757347152,1.0,-0.0736965191814597,-0.0531868732726704,-0.0423444405183414,0.0010252904989747,-0.341534845272251,1.0,0.2678383260907913,90.0,0.0,263.0,353.0,341.4393565765014,0.0,997.7616753291096,1.0
15307,新潟県,聖籠町,13887,360.0,3.8780487804878048,1,0,1,1,0,0.0,7.200979333189314,7.200979333189314,0.0,,,2.770034843205575,0.7,0.1164949799389953,0.1451089334084981,0.1551948828445014,0.1955386805885144,1.6013968905319909,1.0,-1.4849019105929957,110.0,180.0,0.0,290.0,792.1077266508245,1296.1762799740766,0.0,1.0
15342,新潟県,弥彦村,7296,0.0,,0,0,0,0,0,0.0,0.0,0.0,0.0,0.0,0.0,0.0,0.5,0.0171741909351668,0.058559024069851,0.0653443290824704,0.0924855491329479,-0.3714751990647422,0.55,0.388649389999909,,,,,,,,0.0
15361,新潟県,田上町,10374,0.0,,0,0,0,0,0,0.0,0.0,0.0,0.0,0.0,0.0,0.0,0.5,-0.0627910820814108,-0.0244552162648267,-0.0158409840195506,0.0186159449615539,-0.7338434885059325,1.0,0.6710524064245217,,,,,,,,0.0
15385,新潟県,阿賀町,8620,487.2,,1,0,0,0,0,0.0,0.0,0.0,0.0,0.0,0.0,0.0,0.5,-0.2770937734432347,-0.2580355273962677,-0.2535732687136716,-0.2357242339832869,0.0780380654897484,1.0,-0.3551318389329831,42.0,0.0,0.0,42.0,487.23897911832944,0.0,0.0,1.0
15405,新潟県,出雲崎町,3746,0.0,,0,0,0,0,0,0.0,0.0,0.0,0.0,0.0,0.0,0.0,0.5,-0.131801601446772,-0.110702614379085,-0.1012459150326798,-0.0634191176470588,-0.0718589010544187,0.55,-0.0599427003923532,,,,,,,,0.0
15461,新潟県,湯沢町,7424,0.0,,0,1,0,0,0,13.469827586206897,0.0,0.0,,0.0,0.0,0.0,0.3,0.0050333138936247,0.0370534659460098,0.0445291363931715,0.0744318181818182,0.6016538562188304,1.0,-0.5966205423252057,40.0,0.0,0.0,40.0,538.7931034482759,0.0,0.0,1.0
15482,新潟県,津南町,8096,0.0,,0,1,0,0,0,12.35177865612648,0.0,0.0,,0.0,0.0,0.0,0.3,-0.1403894196793371,-0.1280692208284345,-0.1124459515920596,-0.0499528746465598,0.4736024011007549,1.0,-0.6139918207800921,40.0,19.0,0.0,59.0,494.0711462450593,234.68379446640316,0.0,1.0
15504,新潟県,刈羽村,4185,0.0,,0,0,0,0,0,0.0,0.0,0.0,0.0,0.0,0.0,0.0,0.5,-0.0371263015291761,-0.0396337866923997,-0.0259849585092331,0.0286103542234332,-0.0527642157768507,0.55,0.0156379142476746,,,,,,,,0.0
15581,新潟県,関川村,4541,0.0,,0,0,0,0,0,0.0,0.0,0.0,0.0,0.0,0.0,0.0,0.5,-0.1749036526379466,-0.154302890002472,-0.1421218611163093,-0.0933977455716585,-0.3314528124753798,0.55,0.1565491598374331,,,,,,,,0.0
15586,新潟県,粟島浦村,303,0.0,,0,0,0,0,0,0.0,0.0,0.0,0.0,0.0,0.0,0.0,0.5,-0.2564815504106801,-0.281578947368421,-0.2566917293233083,-0.1571428571428571,0.3636363636363636,0.55,-0.6201179140470438,,,,,,,,0.0
16201,富山県,富山市,398075,610.9,0.1506875117724617,12,6,4,24,4,1.5072536582302332,1.0048357721534886,6.029014632920933,0.4073256813091526,-0.1846700007390419,1.4215900405252468,0.3423468981159921,1.0,-0.0090783896424122,0.0209186796143384,0.012464386662293,-0.0213527851458885,0.29581729667342,1.0,-0.3048956863158322,3503.0,1835.0,1221.0,6584.0,879.9849274634176,460.9684104754129,306.7261194498524,1.0
16202,富山県,高岡市,159568,703.1,0.3446165614840315,8,4,2,8,1,2.50676827434072,1.25338413717036,5.01353654868144,1.1106272575804923,-0.0722716153934455,0.6021462721060546,0.4739149307650057,1.0,-0.0755466161696067,-0.0478911803522845,-0.0551677179775549,-0.0842738684786363,0.2495765675479519,1.0,-0.3251231837175587,1421.0,444.0,518.0,2415.0,890.5294294595408,278.2512784518199,324.6264915271233,1.0
16204,富山県,魚津市,38207,510.4,0.1200351108185209,1,1,0,3,1,2.617321433245217,0.0,7.85196429973565,0.2554873456641877,-0.8,1.34485839298541,0.1928437834899095,1.0,-0.1049970312668464,-0.0743544869913413,-0.0825868021699698,-0.1155160628844839,0.2861160863779763,1.0,-0.3911131176448227,247.0,272.0,290.0,809.0,646.4783940115685,711.911429842699,759.0232156411129,1.0
16205,富山県,氷見市,39249,499.4,0.2033734939759035,1,1,1,1,0,2.547835613646208,2.547835613646208,2.547835613646208,-0.0519396430638575,0.310727929412379,-0.4645273806720874,0.068228900686224,1.0,-0.1626959957920689,-0.1369131420962515,-0.1345714775324229,-0.1252048192771084,0.0164768589712837,1.0,-0.1791728547633526,297.0,60.0,45.0,407.0,756.7071772529237,152.87013681877247,114.65260261407934,1.0
16206,富山県,滑川市,31493,355.6,0.1575520833333334,1,1,0,1,0,3.175308798780681,0.0,3.175308798780681,,0.0,0.0208485771929802,0.1023791603070172,0.8,-0.0316649932196168,-0.000338713329994,-0.0102168434650778,-0.0497293640054127,0.069240190863926,1.0,-0.1009051840835428,199.0,50.0,0.0,249.0,631.8864509573556,158.76543993903405,0.0,1.0
16207,富山県,黒部市,38087,1087.0,2.5993377483443707,1,0,1,2,0,0.0,2.625567779032216,5.251135558064432,0.0,,0.6557069551462007,1.644735196993077,0.85,-0.0543931315989148,-0.0280883533934918,-0.0328309246290716,-0.051801209571391,0.9558267080933904,1.0,-1.0102198396923054,363.0,241.0,0.0,613.0,953.0811037886943,632.761834746764,0.0,1.0
16208,富山県,砺波市,46722,631.4,0.9962061334176412,1,1,0,5,1,2.1403193356448784,0.0,10.70159667822439,0.3213769017090209,-0.8,2.0,0.7423784470506248,1.0,0.018639017941495,0.0563185361923795,0.051400092587188,0.031726318166422,0.8139686099236872,1.0,-0.7953295919821922,343.0,245.0,97.0,694.0,734.1295321261932,524.3782372329952,207.6109755575532,1.0
16209,富山県,小矢部市,26578,214.5,-0.2859520639147802,1,1,0,4,0,3.762510346903454,0.0,15.050041387613817,0.1944113588622302,0.0,2.0,0.1959062398150559,1.0,-0.1115333419072834,-0.0922461892580207,-0.0869921365351686,-0.0659759256437604,0.2129817899602212,1.0,-0.3245151318675047,128.0,145.0,249.0,522.0,481.60132440364214,545.5640003010009,936.86507637896,1.0
16210,富山県,南砺市,43424,340.8,-0.1994362226920366,2,2,1,2,1,4.605747973470892,2.3028739867354457,4.605747973470892,0.9244715263098842,0.1820882420934819,-0.0320207794767299,0.1076863133084713,1.0,-0.162876376357799,-0.144448499518393,-0.1407113599755528,-0.125762801804192,-0.0401662438269542,1.0,-0.1227101325308448,379.0,100.0,172.0,651.0,872.789240972734,230.2873986735446,396.0943257184967,1.0
16211,富山県,射水市,88073,154.4,-0.5733628074053605,2,2,0,1,0,2.2708435048198656,0.0,1.1354217524099328,0.7569058224175045,-0.8,-0.5726229133057216,-0.3411936762150375,1.0,-0.0472911595978294,-0.0201956302527133,-0.0279496809227467,-0.0589658836028804,-0.192508508780142,1.0,0.1452173491823126,294.0,139.0,288.0,725.0,333.81399520852017,157.82362358498065,327.0014646940606,1.0
16321,富山県,舟橋村,3164,0.0,,0,0,0,0,0,0.0,0.0,0.0,0.0,0.0,0.0,0.0,0.5,0.3193792230904522,0.4306070991966468,0.4051213761788333,0.3031784841075795,0.3966436504858865,0.55,-0.0772644273954343,,,,,,,,0.0
16322,富山県,上市町,17994,283.4,0.1510966693744921,1,1,1,0,1,5.557408024897188,5.557408024897188,0.0,,,-0.8,-0.0683871774042367,0.65,-0.1203262606726902,-0.0841536991234264,-0.0899857211820482,-0.1133138094165352,0.3016609931713834,1.0,-0.4219872538440736,148.0,0.0,51.0,199.0,822.4963876847837,0.0,283.42780926975655,1.0
16323,富山県,立山町,23495,0.0,-1.0,1,0,0,0,0,0.0,0.0,0.0,0.0,0.0,-0.8,-0.62,1.0,-0.0709284190292737,-0.0395832788778182,-0.0431949364775336,-0.0576415668763953,-0.5117241320646524,1.0,0.4407957130353787,60.0,0.0,0.0,60.0,255.37348371994042,0.0,0.0,1.0
16342,富山県,入善町,21632,0.0,-1.0,1,0,0,0,0,0.0,0.0,0.0,-0.8,0.0,-0.8,-0.78,1.0,-0.1029828013374925,-0.0732467215028133,-0.0714505627978185,-0.0642659279778393,-0.452760025263577,1.0,0.3497772239260845,38.0,0.0,0.0,38.0,175.6656804733728,0.0,0.0,1.0
16343,富山県,朝日町,9851,741.0,,2,2,0,0,0,20.30250735965892,0.0,0.0,,0.0,-0.8,-0.4,0.3,-0.2095463897770999,-0.1860872789726375,-0.1831763925211756,-0.1715328467153284,0.8175971981448916,1.0,-1.0271435879219917,157.0,0.0,0.0,157.0,1593.746827733225,0.0,0.0,1.0
17201,石川県,金沢市,450222,792.5,0.6346947194719472,21,11,8,22,5,2.4432391131486244,1.7769011731989994,4.886478226297249,1.1714559374333744,0.5926206871491544,1.1500591485056493,0.813040522570869,1.0,0.0663674289571726,0.1047678164832979,0.0979335345107632,0.0705964066206246,0.4752151713328278,1.0,-0.4088477423756552,4657.0,1384.0,2038.0,8557.0,1034.3785954484676,307.4039029634269,452.6655738724451,1.0
17202,石川県,七尾市,46220,1129.4,1.5927456382001837,2,2,1,3,1,4.327131112072696,2.163565556036348,6.490696668109043,0.8571627573534502,0.08864033098954,0.4849809740873507,1.0538485663323154,1.0,-0.1394551235354467,-0.1166434450122759,-0.1123381180333584,-0.0951168101176883,0.8547610124991158,1.0,-0.9942161360345624,930.0,24.0,257.0,1215.0,2012.1159671138037,51.92557334487235,556.0363479013414,1.0
17203,石川県,小松市,103678,327.0,-0.0981798124655267,5,1,1,5,2,0.9645247786415632,0.9645247786415632,4.822623893207816,-0.1597773457514861,-0.0850005614390683,1.0223653228733998,0.0595593388320891,1.0,-0.0208356966282151,0.0095236351003851,0.0006469543487283,-0.0348597686578988,0.2230975523949243,1.0,-0.2439332490231394,720.0,111.0,289.0,1134.0,694.4578406219256,107.06225042921352,278.74766102741177,1.0
17204,石川県,輪島市,21231,235.5,-0.3501655629139072,1,1,0,0,0,4.710093730865244,0.0,0.0,,0.0,-0.8,-0.3688534768211919,0.8,-0.2481279662836232,-0.2383568131890279,-0.2310732208718786,-0.2019388516032811,-0.2420006368630939,1.0,-0.0061273294205292,171.0,0.0,0.0,175.0,805.4260279779568,0.0,0.0,1.0
17205,石川県,珠洲市,11273,496.8,,1,1,0,0,0,8.870753126940478,0.0,0.0,,0.0,0.0,0.0,0.3,-0.2952795777637954,-0.28409631275664,-0.2790038345491339,-0.2586339217191097,0.4681562530661622,1.0,-0.7634358308299577,108.0,0.0,0.0,115.0,958.0413377095715,0.0,0.0,1.0
17206,石川県,加賀市,58175,462.4,-0.0545900633817215,2,2,1,2,0,3.437902879243661,1.7189514396218306,3.437902879243661,0.7430758951775924,-0.1132705951018597,-0.1868734470332643,0.076298541024389,1.0,-0.1173640482844734,-0.0875979063519659,-0.0889326196708958,-0.0942714729466156,0.1488129977267545,1.0,-0.266177046011228,570.0,111.0,276.0,957.0,979.8023205844435,190.80360979802322,474.4305973356253,1.0
17207,石川県,羽咋市,18499,583.8,0.6670474014848657,1,1,0,0,0,5.405697605275961,0.0,0.0,,0.0,-0.8,0.2669046259280411,0.8,-0.1548009730844707,-0.1293231701651253,-0.1304034307836399,-0.1347244732576985,0.4493401099312322,1.0,-0.604141083015703,174.0,0.0,0.0,174.0,940.5913833180173,0.0,0.0,1.0
17209,石川県,かほく市,34918,0.0,-1.0,0,0,0,2,1,0.0,0.0,5.727704908643107,0.0,0.0,1.0504819606944609,-0.3424277058958309,1.0,-0.0257417382539684,0.0006630677388783,-0.0112669516149504,-0.0589870290302656,-0.2979303486231955,1.0,0.272188610369227,0.0,35.0,0.0,191.0,0.0,100.23483590125437,0.0,1.0
17210,石川県,白山市,109019,333.9,-0.0836992316136113,2,2,1,0,1,1.8345426026655904,0.9172713013327952,0.0,0.6330726013186996,-0.1215443702771753,-0.8,-0.053466751084642,1.0,0.0430450115453518,0.0728697878449584,0.0722861372226549,0.0699515347334409,-0.0777978098008858,1.0,0.1208428213462377,509.0,0.0,30.0,539.0,466.8910923783928,0.0,27.518139039983854,1.0
17211,石川県,能美市,47926,338.0,0.3995859213250516,2,1,1,3,0,2.086550098067854,2.086550098067854,6.259650294203564,0.5006964817694488,0.4195958529260331,1.298816064219579,0.5576940445882574,1.0,0.0505461195561092,0.0975451513569297,0.0834841862586599,0.0272403258655804,0.275134426478854,1.0,-0.2245883069227447,243.0,95.0,0.0,338.0,507.03167383048867,198.2222593164462,0.0,1.0
17212,石川県,野々市市,58681,161.9,-0.5466255950714085,2,1,2,2,0,1.7041291048209812,3.4082582096419625,3.4082582096419625,0.7519972274145381,1.9821078857082992,0.5216761281660822,0.2526542500283606,1.0,0.167331007778246,0.2274103001108217,0.2158975414801363,0.1698465069573949,0.1790403798189417,1.0,-0.0117093720406956,180.0,160.0,268.0,649.0,306.74323886777665,272.660656771357,456.706600092023,1.0
17324,石川県,川北町,6029,0.0,,0,0,0,0,0,0.0,0.0,0.0,0.0,0.0,0.0,0.0,0.5,0.1040057892446267,0.1628597558699466,0.1475911754824741,0.0865168539325842,-0.201938540546319,0.55,0.3059443297909458,,,,,,,,0.0
17361,石川県,津幡町,36651,163.7,-0.3213101160862355,1,0,0,1,0,0.0,0.0,2.7284385146380727,0.0,0.0,0.037761616296853,-0.1549908155985898,1.0,0.2110685362227882,0.2796695192618572,0.2793240684072652,0.2779422649888972,-0.2640309470001376,1.0,0.4750994832229258,60.0,79.0,0.0,139.0,163.70631087828437,215.54664265640776,0.0,1.0
17365,石川県,内灘町,25934,3011.5,12.076422058184976,1,0,0,1,1,0.0,0.0,3.85594200663222,0.0,0.0,0.1954304126565371,6.067525590990969,1.0,0.0530896868897737,0.0998530860225311,0.0964735839585508,0.0829555757026292,2.114680277897546,1.0,-2.0615905910077728,771.0,80.0,36.0,887.0,2972.931287113442,308.47536053057763,138.8139122387599,1.0
17384,石川県,志賀町,16685,0.0,-1.0,1,0,0,0,0,0.0,0.0,0.0,0.0,0.0,-0.8,-0.62,1.0,-0.2094915383001514,-0.1916486106500363,-0.1867724141610547,-0.1672676282051282,-0.47037075092588,1.0,0.2608792126257285,60.0,0.0,0.0,60.0,359.6044351213665,0.0,0.0,1.0
17386,石川県,宝達志水町,11070,0.0,,1,0,0,1,0,0.0,0.0,9.033423667570007,0.0,0.0,,0.0,0.35,-0.1470517763130719,-0.1158982463731284,-0.1158140814142559,-0.1154774215787659,0.2839290503591972,1.0,-0.4309808266722691,43.0,27.0,0.0,70.0,388.43721770551036,243.90243902439025,0.0,1.0
17407,石川県,中能登町,15232,0.0,-1.0,0,0,0,0,0,0.0,0.0,0.0,0.0,0.0,-0.8,-0.62,1.0,-0.1389486592405543,-0.1201737387370263,-0.1206908649711528,-0.1227593699076589,-0.7916785783799061,1.0,0.6527299191393517,,,,,,,,0.0
17461,石川県,穴水町,7104,1407.7,,1,0,0,0,0,0.0,0.0,0.0,0.0,0.0,0.0,0.0,0.5,-0.226037857322428,-0.2163898468323516,-0.2090962320943037,-0.1799217731421121,0.8546454179084721,1.0,-1.0806832752309,100.0,0.0,0.0,100.0,1407.6576576576576,0.0,0.0,1.0
17463,石川県,能登町,13710,437.6,,1,0,0,1,0,0.0,0.0,7.293946024799416,0.0,0.0,0.6843572650758294,0.2053071795227488,0.5,-0.2663122453137661,-0.2535871148643468,-0.2453301788628572,-0.2123024348568988,0.5296535379366819,1.0,-0.7959657832504481,90.0,0.0,0.0,90.0,656.4551422319474,0.0,0.0,1.0
18201,福井県,福井市,252933,868.2,0.6676911256242797,15,7,4,13,4,2.767531322524147,1.581446470013798,5.139701027544843,1.519338839904509,0.283195508121937,0.953988092687618,0.8232908709144748,1.0,0.0305237968921491,0.061881781576691,0.0606471454939821,0.0557086011631466,0.5363221365974873,1.0,-0.5057983397053382,2671.0,706.0,1073.0,4473.0,1056.0108803517137,279.12530195743534,424.2230155812013,1.0
18202,福井県,敦賀市,61377,558.8,0.7354037267080744,3,1,1,2,0,1.629274809782166,1.629274809782166,3.258549619564332,0.0944124577638396,0.185230878215298,0.2461461163883289,0.4512909040973492,1.0,0.0270599456607867,0.0614374593313861,0.0650997551704808,0.0797489385268599,0.3350928104079305,1.0,-0.3080328647471438,589.0,77.0,221.0,889.0,959.6428629616959,125.45416035322678,360.0697329618587,1.0
18204,福井県,小浜市,27802,884.8,3.1077065923862577,1,1,0,2,1,3.596863534997482,0.0,7.193727069994964,,0.0,1.1716184981329905,2.1619950886413464,0.8,-0.0427867639405723,-0.0228685455958183,-0.0193049374867557,-0.005050505050505,0.9541711983182608,1.0,-0.996957962258833,296.0,110.0,100.0,516.0,1064.6716063592546,395.6549888497231,359.68635349974824,1.0
18205,福井県,大野市,28540,129.6,-0.6327571550014168,2,0,0,2,0,0.0,0.0,7.00770847932726,-0.8,0.0,0.7268318880097517,-0.3673537942992457,1.0,-0.1027414804879919,-0.0802472181057745,-0.0687418701497915,-0.0227204783258594,-0.4004400409711686,1.0,0.2976985604831767,78.0,93.0,0.0,171.0,273.30063069376314,325.8584442887176,0.0,1.0
18206,福井県,勝山市,20539,968.9,2.2253661784287617,1,1,0,0,0,4.868786211597449,0.0,0.0,,0.0,-0.8,1.240853861517976,0.8,-0.0973228986750332,-0.0798784395469478,-0.0676001592023691,-0.0184870378240543,0.784631012146281,1.0,-0.8819539108213141,199.0,0.0,135.0,334.0,968.8884561078922,0.0,657.2861385656555,1.0
18207,福井県,鯖江市,66571,237.3,-0.2743119266055045,4,2,1,4,0,3.004311186552703,1.5021555932763515,6.008622373105406,1.1029783115606504,0.2033994631409199,1.569995198039793,0.3494488981864848,1.0,0.0456676309658363,0.0804895255470783,0.0743475913245347,0.0497798544343606,0.3360265990639636,1.0,-0.2903589680981273,400.0,296.0,198.0,898.0,600.8622373105405,444.63805560980006,297.4268074687176,1.0
18208,福井県,あわら市,26082,191.7,-0.2814842578710645,2,0,0,2,0,0.0,0.0,7.668123610152595,0.0,0.0,0.9127516250897392,-0.0038293851720714,1.0,-0.0392955392136361,-0.0126879097850767,-0.0050798047071901,0.0253526156043564,0.1640050563714631,1.0,-0.2033005955850993,345.0,0.0,0.0,345.0,1322.7513227513227,0.0,0.0,1.0
18209,福井県,越前市,77392,279.1,-0.2055223455735838,2,3,1,4,0,3.8763696506098815,1.2921232168699606,5.168492867479842,1.749819353562467,0.0522733712201584,0.915659176598079,0.3923925800984371,1.0,-0.015188217693467,0.0142191199064508,0.0149607541067191,0.0179272909077923,0.0373366873793964,1.0,-0.0525249050728634,427.0,124.0,160.0,711.0,551.7366136034732,160.22327889187514,206.7397146991937,1.0
18210,福井県,坂井市,85679,119.0,-0.6612581838884144,3,1,0,0,0,1.1671471422402222,0.0,0.0,-0.0970017945017048,-0.8,-0.8,-0.5900294508445482,1.0,0.0435124120367286,0.0832816523777419,0.0845574491965287,0.0896606364716756,-0.4041298400675298,1.0,0.4476422521042584,304.0,30.0,0.0,334.0,354.81273124102756,35.01441426720667,0.0,1.0
18322,福井県,永平寺町,18122,3084.6,18.387806411062225,1,0,0,0,1,0.0,0.0,0.0,0.0,0.0,-0.8,9.073903205531114,1.0,-0.0175594772722319,0.0145676297594598,0.0173041645609092,0.0282503037667072,2.476436754980982,1.0,-2.4939962322532137,559.0,0.0,41.0,600.0,3084.648493543759,0.0,226.24434389140274,1.0
18382,福井県,池田町,2148,0.0,,0,0,0,0,0,0.0,0.0,0.0,0.0,0.0,0.0,0.0,0.5,-0.2035667481051948,-0.1901794072548039,-0.1801501155896751,-0.1400329489291598,0.1306658955962598,0.55,-0.3342326437014546,,,,,,,,0.0
18404,福井県,南越前町,8899,0.0,,0,0,0,0,0,0.0,0.0,0.0,0.0,0.0,0.0,0.0,0.5,-0.1231437668981891,-0.1036362217992323,-0.0938429182138733,-0.0546697038724373,-0.4396538455047515,1.0,0.3165100786065623,,,,,,,,0.0
18423,福井県,越前町,18625,295.3,0.381843706130089,1,0,0,1,0,0.0,0.0,5.369127516778524,0.0,0.0,0.286709894883058,0.2339283372975032,1.0,-0.0508167770285845,-0.020000322609603,-0.0105322777921159,0.0273399014778326,0.1909479269534134,1.0,-0.241764703981998,55.0,23.0,0.0,78.0,295.3020134228188,123.48993288590604,0.0,1.0
18442,福井県,美浜町,8638,0.0,,0,0,0,0,0,0.0,0.0,0.0,0.0,0.0,0.0,0.0,0.5,-0.1116694590193369,-0.1017593861779669,-0.0918963073130456,-0.0524439918533604,-0.2834013724306667,0.55,0.1717319134113298,,,,,,,,0.0
18481,福井県,高浜町,9607,0.0,,0,1,0,1,0,10.409076714895388,0.0,10.409076714895388,,0.0,,0.0,0.15,-0.0327101019817614,0.0063814578779008,0.0035823236627268,-0.0076142131979695,0.5462620331149314,0.55,-0.5789721350966929,40.0,50.0,0.0,90.0,416.36306859581555,520.4538357447694,0.0,1.0
18483,福井県,おおい町,7447,0.0,,0,0,0,0,0,0.0,0.0,0.0,0.0,0.0,0.0,0.0,0.5,-0.043900399674834,-0.0234853641933288,-0.0127978216473791,0.0299523485364192,0.2153902357494017,0.55,-0.2592906354242357,,,,,,,,0.0
18501,福井県,若狭町,12471,0.0,,1,0,0,1,0,0.0,0.0,8.018603159329643,0.0,0.0,,0.0,0.35,-0.1033542921061145,-0.0763191224205276,-0.0711479858869885,-0.0504634397528321,0.1921744993284438,1.0,-0.2955287914345583,42.0,58.0,170.0,270.0,336.7813326918451,465.0789832411194,1363.1625370860395,1.0
19201,山梨県,甲府市,185993,766.7,0.6747487986020098,8,3,3,6,2,1.6129639287500068,1.6129639287500068,3.2259278575000137,0.6496691073337466,0.3872234980251405,0.4628947265927803,0.5948259544604424,1.0,0.0112803951018581,0.0453099559958013,0.0383247834880092,0.0103840934568411,0.5974448518075003,1.0,-0.5861644567056422,2084.0,468.0,691.0,3273.0,1120.472275838338,251.62237288500106,371.51935825541824,1.0
19202,山梨県,富士吉田市,44113,462.4,0.5311258278145694,1,1,1,0,0,2.26690544737379,2.26690544737379,0.0,0.2417287812226249,0.2487573128057929,-0.8,0.2312222670726786,1.0,0.0426551867246258,0.0873017202242757,0.0935841227945076,0.1187137330754353,0.4046268510198211,1.0,-0.3619716642951952,256.0,50.0,0.0,310.0,580.3277945276902,113.34527236868949,0.0,1.0
19204,山梨県,都留市,29369,476.7,0.5696410931840632,2,0,0,0,0,0.0,0.0,0.0,0.0,0.0,-0.8,0.1648205465920316,1.0,0.0147980507266612,0.0590192595691106,0.0662968190489412,0.0954070569682634,0.5109672780654095,1.0,-0.4961692273387483,163.0,0.0,220.0,383.0,555.0069801491369,0.0,749.0891756614117,1.0
19205,山梨県,山梨市,31632,1163.4,2.4676602086438155,3,2,0,1,2,6.322711178553364,0.0,3.161355589276682,1.576804930813691,0.0,-0.0635120190464314,1.5396642876276814,1.0,-0.0366800719604209,-0.003915858518889,-0.0005069968255543,0.0131284499477846,1.2064581780589283,1.0,-1.2431382500193495,477.0,0.0,482.0,963.0,1507.9666160849772,0.0,1523.7733940313606,1.0
19206,山梨県,大月市,20058,209.4,-0.4414510536142971,0,1,0,1,0,4.985541928407618,0.0,4.985541928407618,,0.0,-0.1221740751338371,-0.2988145475965302,0.8,-0.1270444232379912,-0.0912001033481334,-0.0791263025176488,-0.0308310991957104,-0.1758002880180011,1.0,0.0487558647800099,138.0,42.0,0.0,184.0,688.0047861202512,209.39276099311994,0.0,1.0
19207,山梨県,韮崎市,27503,356.3,0.7346640701071081,1,1,0,3,2,3.6359669854197727,0.0,10.907900956259317,,0.0,2.0,0.8341650438169426,0.8,0.0198368808853891,0.0648364853748149,0.068611180832766,0.0837099626645705,0.9280661579684908,1.0,-0.9082292770831016,262.0,119.0,287.0,668.0,952.6233501799803,432.6800712649529,1043.5225248154745,1.0
19208,山梨県,南アルプス市,67993,232.4,-0.3039832285115303,3,0,2,3,1,0.0,2.9414792699248453,4.412218904887268,-0.8,1.343148664593918,0.8093607423532778,0.0108847967863141,1.0,0.0987179448147021,0.1453920640123905,0.1467541915118459,0.1522027015096672,-0.1284859994603792,1.0,0.2272039442750813,289.0,144.0,210.0,643.0,425.0437545041401,211.78650743458883,308.85532334210876,1.0
19209,山梨県,北杜市,42674,328.1,-0.229269438571764,2,0,0,2,0,0.0,0.0,4.686694474387214,-0.8,-0.8,0.0173993228759807,-0.3920248208544849,1.0,0.0116712228284875,0.0412957194388328,0.0483551687034125,0.0765929657617314,-0.3946507921558863,1.0,0.4063220149843738,140.0,86.0,0.0,230.0,328.06861320710505,201.52786239865023,0.0,1.0
19210,山梨県,甲斐市,75080,0.0,-1.0,1,0,0,3,0,0.0,0.0,3.995737879595098,-0.8,-0.8,0.6756110171406631,-0.6786583474289005,1.0,0.1084929974485291,0.1536105771051563,0.1526647665722775,0.1488815244407622,-0.5048324253407585,1.0,0.6133254227892876,144.0,262.0,0.0,406.0,191.79541822056476,348.96110815130527,0.0,1.0
19211,山梨県,笛吹市,64679,227.3,-0.4244112433527475,3,2,5,3,0,3.0921937568608047,7.730484392152013,4.638290635291207,1.0770807656324677,2.0,0.5558550534435158,0.3865887894666471,1.0,0.0445975652274663,0.0901440006784365,0.085898215577288,0.0689150751726941,0.1256149660126548,1.0,-0.0810174007851884,706.0,509.0,0.0,1215.0,1091.544396171864,786.9633111210748,0.0,1.0
19212,山梨県,上野原市,20848,407.7,0.3571904127829561,1,1,0,0,1,4.796623177283193,0.0,0.0,,0.0,-0.8,0.0732440079893476,0.8,-0.0448503569259782,-0.0073604610552747,0.0077354940709483,0.0681193145758409,0.2667280825013344,1.0,-0.3115784394273126,135.0,0.0,258.0,393.0,647.544128933231,0.0,1237.5287797390636,1.0
19213,山梨県,甲州市,27020,144.3,-0.5714285714285714,1,1,1,1,0,3.700962250185048,3.700962250185048,3.700962250185048,0.1748728754937214,,-0.0763872973396002,-0.308468006137037,0.85,-0.0663233882311947,-0.0315790943166089,-0.0261181116096905,-0.0042741807820168,-0.3172992768903871,1.0,0.2509758886591923,141.0,59.0,0.0,200.0,521.8356772760918,218.3567727609178,0.0,1.0
19214,山梨県,中央市,30750,1726.8,6.150310559006211,1,0,0,0,1,0.0,0.0,0.0,0.0,0.0,-0.8,2.955155279503105,1.0,0.205858479127866,0.2622926755913175,0.2748373394493816,0.3250159948816378,1.4800714226584752,1.0,-1.274212943530609,578.0,0.0,32.0,610.0,1879.6747967479675,0.0,104.0650406504065,1.0
19346,山梨県,市川三郷町,13690,0.0,-1.0,0,0,0,0,0,0.0,0.0,0.0,0.0,0.0,-0.8,-0.62,1.0,-0.0780355053722876,-0.051370317064856,-0.0466002919408468,-0.0275201914448101,-0.7476986682635804,1.0,0.6696631628912928,,,,,,,,0.0
19364,山梨県,早川町,932,0.0,,0,0,0,0,0,0.0,0.0,0.0,0.0,0.0,0.0,0.0,0.5,-0.2815535467314023,-0.2722234240916443,-0.2752686178158255,-0.2874493927125506,0.3636363636363636,0.55,-0.645189910367766,,,,,,,,0.0
19365,山梨県,身延町,8926,1232.4,,2,0,0,2,0,0.0,0.0,22.40645305848084,0.0,0.0,,0.0,0.35,-0.2310833958616946,-0.2081784336904717,-0.1965147357478956,-0.149859943977591,1.2316006636241152,1.0,-1.46268405948581,110.0,98.0,0.0,208.0,1232.3549182164463,1097.9161998655613,0.0,1.0
19366,山梨県,南部町,6310,0.0,,0,0,0,0,0,0.0,0.0,0.0,0.0,0.0,0.0,0.0,0.5,-0.1557034495541874,-0.1305751448554541,-0.113577591045088,-0.0455873758036236,-0.6373430618636889,1.0,0.4816396123095015,,,,,,,,0.0
19368,山梨県,富士川町,13250,950.9,,1,1,0,0,0,7.547169811320755,0.0,0.0,,0.0,0.0,0.0,0.3,-0.0419313257956125,-0.0032632865429378,4.2431990139490255e-05,0.013265306122449,0.8336637588855068,1.0,-0.8755950846811194,170.0,14.0,0.0,188.0,1283.0188679245282,105.66037735849056,0.0,1.0
19384,山梨県,昭和町,21593,208.4,0.2546658639373871,1,0,0,0,0,0.0,0.0,0.0,0.0,0.0,-0.8,0.0073329319686935,1.0,0.2982262210911168,0.373346582533691,0.3650967139049915,0.3320972393901937,-0.2477780069395078,1.0,0.5460042280306246,45.0,0.0,0.0,45.0,208.4008706525263,0.0,0.0,1.0
19422,山梨県,道志村,1481,0.0,,0,0,0,0,0,0.0,0.0,0.0,0.0,0.0,0.0,0.0,0.5,-0.0264316270412563,0.0012826644636723,0.023656100989898,0.1131498470948011,0.0041121936315127,0.55,-0.030543820672769,,,,,,,,0.0
19423,山梨県,西桂町,3735,0.0,,0,0,0,0,0,0.0,0.0,0.0,0.0,0.0,0.0,0.0,0.5,0.0453036571428293,0.1028361647958189,0.1145455888971738,0.1613832853025936,0.1019259182427552,0.55,-0.0566222610999259,,,,,,,,0.0
19424,山梨県,忍野村,9348,0.0,,0,0,0,0,0,0.0,0.0,0.0,0.0,0.0,0.0,0.0,0.5,0.2564879988787855,0.2925303180914513,0.3153363817097416,0.4065606361829026,-0.723748803564282,1.0,0.9802368024430674,,,,,,,,0.0
19425,山梨県,山中湖村,5045,0.0,,0,0,0,0,0,0.0,0.0,0.0,0.0,0.0,0.0,0.0,0.5,0.1033905712856863,0.1394980703537315,0.1538075292612889,0.2110453648915187,0.1234046289026467,0.55,-0.0200140576169604,,,,,,,,0.0
19429,山梨県,鳴沢村,2739,0.0,,0,0,0,0,0,0.0,0.0,0.0,0.0,0.0,0.0,0.0,0.5,0.1262833319401458,0.1740178038851816,0.1819704268537283,0.2137809187279151,-0.0254755256423417,0.55,0.1517588575824875,,,,,,,,0.0
19430,山梨県,富士河口湖町,26424,643.4,2.111218568665377,1,1,0,1,0,3.7844383893430216,0.0,3.7844383893430216,,0.0,0.3259610302486122,1.3806292985874753,0.8,0.1702609717299026,0.2175924252797212,0.2223549941760981,0.241405269761606,0.9303408106120736,1.0,-0.7600798388821711,219.0,45.0,0.0,264.0,828.7920072661216,170.29972752043597,0.0,1.0
19442,山梨県,小菅村,588,0.0,,0,0,0,0,0,0.0,0.0,0.0,0.0,0.0,0.0,0.0,0.5,-0.3483556497908399,-0.354823200314699,-0.3557148476769089,-0.3592814371257484,0.1803434559037547,0.55,-0.5286991056945946,,,,,,,,0.0
19443,山梨県,丹波山村,465,0.0,,0,0,0,0,0,0.0,0.0,0.0,0.0,0.0,0.0,0.0,0.5,-0.1916216452487106,-0.2092140921409214,-0.1895934959349594,-0.1111111111111111,0.3636363636363636,0.55,-0.5552580088850743,,,,,,,,0.0
20201,長野県,長野市,363086,475.6,-0.1141739616315886,11,3,3,8,2,0.8262505301774236,0.8262505301774236,2.203334747139796,-0.2122333525457105,-0.3295751775285898,-0.1319024893295759,-0.1687553013536613,1.0,0.0432863663450143,0.0819161282248482,0.0781566721858604,0.0631188480299091,-0.0608374326910358,1.0,0.1041237990360502,2879.0,530.0,1206.0,4619.0,792.925092126934,145.9709269980115,332.1527131313243,1.0
20202,長野県,松本市,236049,763.0,0.5797101449275361,10,6,5,5,4,2.541845125376511,2.1182042711470923,2.1182042711470923,1.5996882535433363,0.8217535347052938,-0.0983362073253469,0.7183053222794273,1.0,0.0389632227222674,0.0782280906277989,0.0688296170426003,0.0312357227018058,0.5543042694139835,1.0,-0.5153410466917161,2558.0,128.0,825.0,3538.0,1083.6733051188526,54.22602934136556,349.50370473927023,1.0
20203,長野県,上田市,149188,457.8,0.0037272527954395,6,3,0,4,2,2.0108855940156043,0.0,2.6811807920208057,0.9688364090269062,-0.8,0.0527828865779813,0.0835483411897982,1.0,0.0044469718392403,0.0377067186423747,0.0336951552599157,0.0176489017300798,-0.0276517590444174,1.0,0.0320987308836577,1111.0,434.0,447.0,1996.0,744.6979649837789,290.9081159342574,299.6219535083251,1.0
20204,長野県,岡谷市,44932,485.2,0.055930359085963,2,2,2,2,1,4.451170657883023,4.451170657883023,4.451170657883023,1.2396935857890383,1.322083322303813,0.2331582363345796,0.5091901304965482,1.0,-0.1285505563480293,-0.1010950766615339,-0.1115355291271446,-0.1532973389895873,0.0703395614163123,1.0,-0.1988901177643416,406.0,74.0,105.0,589.0,903.5876435502537,164.69331434167185,233.6864595388587,1.0
20205,長野県,飯田市,93909,778.4,0.7865503787009409,5,2,2,3,1,2.1297213259644976,2.1297213259644976,3.194581988946746,0.5914912020203074,0.7343926725973124,0.1132764982802063,0.6387238053861597,1.0,-0.0390201399502222,-0.0142945667062074,-0.0150892887321562,-0.0182681768359517,0.5538342977282646,1.0,-0.5928544376784869,827.0,251.0,225.0,1307.0,880.6397682863197,267.2800264085444,239.59364917100598,1.0
20206,長野県,諏訪市,46897,906.2,2.005638474295191,1,0,0,1,1,0.0,0.0,2.132332558585837,-0.8,-0.8,-0.2516419470294356,0.6850729450931801,1.0,-0.0462111819780716,-0.0134495867467889,-0.0232491386476417,-0.062447346251053,0.8561445147193332,1.0,-0.9023556966974048,425.0,48.0,107.0,580.0,906.2413373989808,102.35196281212018,228.15958376868457,1.0
20207,長野県,須坂市,47834,455.7,0.4152173913043477,1,0,0,1,0,0.0,0.0,2.090563197725467,-0.8,-0.8,-0.4208275925598389,-0.1355154432318019,1.0,-0.047478686048991,-0.0185213276037897,-0.0237045888988454,-0.0444376340790683,0.1008983592362306,1.0,-0.1483770452852216,300.0,60.0,0.0,388.0,627.1689593176402,125.43379186352804,0.0,1.0
20208,長野県,小諸市,39100,549.9,0.2472215921977774,1,1,1,1,1,2.557544757033248,2.557544757033248,2.557544757033248,0.2462127184338802,0.2990662713671841,-0.2589965013981036,0.1788638052810268,1.0,-0.0273724723113481,0.0024038735626905,0.0049906553423664,0.01533778246107,0.2409574679926882,1.0,-0.2683299403040364,306.0,0.0,185.0,491.0,782.608695652174,0.0,473.1457800511509,1.0
20209,長野県,伊那市,62912,678.7,0.6874689209348583,2,0,1,2,0,0.0,1.5895218718209565,3.179043743641913,-0.8,0.1067368209363495,0.0229312016186256,0.2031846638506754,1.0,-0.0011188106328103,0.0309832727849544,0.0289810738326241,0.0209722780233025,0.4065475666579329,1.0,-0.4076663772907433,463.0,162.0,112.0,741.0,735.9486266531028,257.5025432349949,178.0264496439471,1.0
20210,長野県,駒ヶ根市,31056,660.1,1.2353538774128006,1,1,1,0,1,3.219989696032973,3.219989696032973,0.0,,,-0.8,0.7656568287790774,0.65,0.0048466747325692,0.0380181492310741,0.0342753947384955,0.019304376768181,0.9093431266351532,1.0,-0.904496451902584,300.0,0.0,129.0,429.0,965.9969088098918,0.0,415.37867078825354,1.0
20211,長野県,中野市,40487,832.4,0.941231343283582,2,1,0,1,2,2.4699286190629093,0.0,2.4699286190629093,0.2304790575797486,-0.8,-0.266911447581,0.3566747660205907,1.0,-0.0055647826031739,0.0265126064405559,0.0310465538601786,0.0491823435386695,0.5637540852417461,1.0,-0.56931886784492,357.0,38.0,140.0,539.0,881.7645170054585,93.85728752439054,345.7900066688073,1.0
20212,長野県,大町市,23939,413.6,0.3507511430437624,1,1,0,1,0,4.177283929988721,0.0,4.177283929988721,0.3183446879746263,0.0,-0.0837713387485233,0.226478808304528,1.0,-0.1388547289903154,-0.1100101300718806,-0.1111053033985259,-0.115485996705107,0.4063482027300065,1.0,-0.545202931720322,147.0,48.0,0.0,199.0,614.060737708342,200.5096286394586,0.0,1.0
20213,長野県,飯山市,17819,336.7,0.1990740740740739,1,1,1,1,0,5.611987204669173,5.611987204669173,5.611987204669173,,,0.1489323560622351,0.1875029083790342,0.65,-0.1211006802166475,-0.0945131671732684,-0.0878904004687432,-0.0613993336506425,0.5143584103064415,1.0,-0.635459090523089,230.0,44.0,0.0,274.0,1290.75705707391,246.92743700544364,0.0,1.0
20214,長野県,茅野市,55025,436.2,0.379070502687322,1,1,1,1,0,1.817355747387551,1.817355747387551,1.817355747387551,0.1219876710885754,0.1397434108991284,-0.4390061644557123,0.1690433725278885,1.0,0.0129335268743592,0.046837062412724,0.0399947149134692,0.01262532491645,0.1032298291809745,1.0,-0.0902963023066153,315.0,45.0,0.0,360.0,572.4670604270785,81.78100863243981,0.0,1.0
20215,長野県,塩尻市,66085,107.4,-0.6604489408789125,3,1,0,1,0,1.5132026935007945,0.0,1.5132026935007945,0.0469655859939213,-0.8,-0.4207893383837473,-0.503949753998234,1.0,0.048621914335618,0.0851532598514792,0.0799220677056263,0.0589972991222147,-0.336678527798002,1.0,0.38530044213362,214.0,157.0,0.0,371.0,323.82537640917,237.57282287962474,0.0,1.0
20217,長野県,佐久市,96517,876.5,1.2006025608837558,6,4,1,2,1,4.144347627879027,1.0360869069697567,2.0721738139395134,2.0,-0.1592621221750113,-0.2346161772060413,0.94121953553472,1.0,0.0652811273340809,0.0931423190327924,0.0963426340242765,0.1091438939902127,0.8899058223190977,1.0,-0.8246246949850167,1036.0,151.0,36.0,1227.0,1073.3860356206678,156.44912295243327,37.299128650911236,1.0
20218,長野県,千曲市,56606,288.0,-0.3680052666227781,1,1,2,3,0,1.7665971805108998,3.5331943610217995,5.2997915415327,-0.0036071811498217,1.052587656901951,0.4216658792962824,0.0364139608883816,1.0,-0.027409948988527,0.0044400622300665,0.0021817344464273,-0.0068515766881294,-0.266122351929925,1.0,0.2387124029413979,355.0,160.0,96.0,611.0,627.1419990813695,282.655548881744,169.59332932904638,1.0
20219,長野県,東御市,29446,0.0,-1.0,0,1,0,0,0,3.396047001290498,0.0,0.0,,0.0,-0.8,-0.7749999999999999,0.8,0.0636484903622168,0.0982974916752348,0.1010353540440001,0.1119868035190616,-0.4042289026673297,1.0,0.4678773930295465,60.0,0.0,101.0,161.0,203.76282007742986,0.0,343.00074713034024,1.0
20220,長野県,安曇野市,92161,502.4,0.2280615986311414,3,2,1,1,0,2.1701153416304075,1.0850576708152038,1.0850576708152038,0.6488711997379517,-0.1195245520986706,-0.5973254712926708,0.1362775357544598,1.0,0.0264511275624917,0.0627150894562407,0.0561489072293282,0.0298841783216783,0.0972612087306295,1.0,-0.0708100811681377,578.0,48.0,140.0,766.0,627.1633337311879,52.08276819912978,151.90807391412855,1.0
20303,長野県,小海町,3980,1256.3,,1,0,0,1,0,0.0,0.0,25.12562814070352,0.0,0.0,,0.0,0.35,-0.1363085717887955,-0.1150601638504864,-0.1092703533026114,-0.0861111111111111,0.5659203717319717,0.55,-0.7022289435207673,50.0,49.0,0.0,99.0,1256.281407035176,1231.1557788944722,0.0,1.0
20304,長野県,川上村,4199,0.0,,0,0,0,0,0,0.0,0.0,0.0,0.0,0.0,0.0,0.0,0.5,-0.0499884445148956,-0.0347870999679241,-0.0212230733677327,0.033033033033033,0.2384827361911754,0.55,-0.2884711807060711,,,,,,,,0.0
20305,長野県,南牧村,3061,0.0,,0,0,0,0,0,0.0,0.0,0.0,0.0,0.0,0.0,0.0,0.5,0.1755897146175616,0.2102299961984098,0.2375638419199681,0.3468992248062015,0.3636363636363636,0.55,-0.188046649018802,,,,,,,,0.0
20306,長野県,南相木村,880,0.0,,0,0,0,0,0,0.0,0.0,0.0,0.0,0.0,0.0,0.0,0.5,-0.1666224747474747,-0.1635542929292929,-0.1672878787878787,-0.1822222222222221,0.0846070775077789,0.55,-0.2512295522552537,,,,,,,,0.0
20307,長野県,北相木村,678,0.0,,0,0,0,0,0,0.0,0.0,0.0,0.0,0.0,0.0,0.0,0.5,-0.1045568466621097,-0.1035543403964456,-0.0919343814080655,-0.0454545454545454,0.149772002632453,0.55,-0.2543288492945628,,,,,,,,0.0
20309,長野県,佐久穂町,9379,0.0,,0,1,0,1,0,10.662117496534812,0.0,10.662117496534812,,0.0,,0.0,0.15,-0.0534619956232682,-0.0230418876482422,-0.0097496566586209,0.0434192672998643,0.6326260809586473,1.0,-0.6860880765819155,52.0,27.0,0.0,79.0,554.4301098198102,287.8771724064399,0.0,1.0
20321,長野県,軽井沢町,19600,295.9,0.4406037000973708,1,0,0,1,0,0.0,0.0,5.1020408163265305,0.0,0.0,0.250765254092663,0.2579166381625848,1.0,0.1516044416017199,0.2017365043441723,0.2005843955317789,0.1959759602822053,0.589350133149198,1.0,-0.437745691547478,58.0,45.0,0.0,103.0,295.9183673469388,229.59183673469389,0.0,1.0
20323,長野県,御代田町,16100,720.5,8.762872628726287,1,0,0,0,0,0.0,0.0,0.0,0.0,0.0,-0.8,4.261436314363143,1.0,0.2200881775112291,0.2756883369425906,0.2773500685022317,0.2839969947407963,1.1423813422988118,1.0,-0.9222931647875828,116.0,42.0,0.0,158.0,720.4968944099378,260.8695652173913,0.0,1.0
20324,長野県,立科町,6099,0.0,,0,0,0,0,0,0.0,0.0,0.0,0.0,0.0,0.0,0.0,0.5,-0.044960023579676,-0.0059206005722666,0.000388074702329,0.0256227758007117,-0.345893866000983,0.55,0.3009338424213069,,,,,,,,0.0
20349,長野県,青木村,3907,0.0,,0,0,0,0,0,0.0,0.0,0.0,0.0,0.0,0.0,0.0,0.5,-0.0574783622397833,-0.0361565738780383,-0.0343027151520687,-0.0268872802481903,-0.0594041502428658,0.55,0.0019257880030824,,,,,,,,0.0
20350,長野県,長和町,5067,848.6,,1,1,0,0,0,19.73554371422933,0.0,0.0,,0.0,0.0,0.0,0.3,-0.1213873582088238,-0.1009506192512157,-0.0864363729215103,-0.0283793876026885,0.590370157826447,0.55,-0.7117575160352708,131.0,0.0,0.0,131.0,2585.356226564042,0.0,0.0,1.0
20361,長野県,下諏訪町,17837,0.0,-1.0,2,0,1,1,0,0.0,5.606323933396872,5.606323933396872,0.0,,0.2615734956443212,-0.5420752654745316,0.85,-0.1645499869316506,-0.1423717645330189,-0.1499901973255001,-0.1804639284954245,-0.0891902837665681,1.0,-0.0753597031650825,216.0,54.0,0.0,270.0,1210.9659696137244,302.7414924034311,0.0,1.0
20362,長野県,富士見町,13477,1194.6,,1,1,0,0,0,7.420048972323217,0.0,0.0,,0.0,0.0,0.0,0.3,-0.0218982594154045,0.0045367726134368,0.0058251520932588,0.0109786700125471,0.663487421634906,1.0,-0.6853856810503106,161.0,0.0,0.0,161.0,1194.6278845440381,0.0,0.0,1.0
20363,長野県,原村,7611,0.0,,0,0,0,0,0,0.0,0.0,0.0,0.0,0.0,0.0,0.0,0.5,0.1150079886536682,0.1436510827573646,0.1532770305894533,0.1917808219178083,-0.2091553433143809,0.55,0.3241633319680491,,,,,,,,0.0
20382,長野県,辰野町,17262,0.0,-1.0,1,1,0,0,0,5.793071486502144,0.0,0.0,,0.0,-0.8,-0.7749999999999999,0.8,-0.1414447508415167,-0.1197128966112073,-0.1237930768906728,-0.1401137980085348,-0.0260217095425277,1.0,-0.1154230412989889,100.0,0.0,0.0,100.0,579.3071486502143,0.0,0.0,1.0
20383,長野県,箕輪町,24315,230.3,0.156124497991968,0,1,1,1,0,4.112687641373638,4.112687641373638,4.112687641373638,,,0.1736700312798011,0.1601734672122372,0.65,0.0151557027163174,0.0546539387253447,0.0488049769923343,0.0254091300602927,-0.469349791864739,1.0,0.4845054945810564,56.0,108.0,0.0,164.0,230.31050791692374,444.17026526835286,0.0,1.0
20384,長野県,飯島町,8454,0.0,,0,0,0,0,0,0.0,0.0,0.0,0.0,0.0,0.0,0.0,0.5,-0.0692394857856806,-0.0454362700873934,-0.0390790464035851,-0.0136501516683518,-0.3782686212196037,0.7,0.3090291354339231,,,,,,,,0.0
20385,長野県,南箕輪村,16296,0.0,-1.0,0,0,0,0,0,0.0,0.0,0.0,0.0,0.0,-0.8,-0.62,1.0,0.1614624280862538,0.2046156475967204,0.2013055379688773,0.1880650994575046,-0.6599078980156411,1.0,0.821370326101895,0.0,0.0,85.0,85.0,0.0,0.0,521.6003927344133,1.0
20386,長野県,中川村,4387,0.0,,0,0,0,0,0,0.0,0.0,0.0,0.0,0.0,0.0,0.0,0.5,-0.0853181756436018,-0.0745070832850905,-0.0664379647647184,-0.0341614906832298,-0.1420915941717368,0.55,0.056773418528135,,,,,,,,0.0
20388,長野県,宮田村,8241,0.0,,0,0,0,0,0,0.0,0.0,0.0,0.0,0.0,0.0,0.0,0.5,-0.0082649967957462,0.0330320606340959,0.021202718570971,-0.0261146496815286,-0.2677019942091053,0.55,0.259436997413359,,,,,,,,0.0
20402,長野県,松川町,11928,469.5,,1,0,0,1,0,0.0,0.0,8.383635144198525,0.0,0.0,,0.0,0.35,-0.0276572903899989,-0.001000359183382,0.0041513567538745,0.0247582205029013,0.7633228031108521,1.0,-0.7909800935008511,56.0,6.0,0.0,62.0,469.4835680751174,50.30181086519115,0.0,1.0
20403,長野県,高森町,12346,429.3,,0,1,0,1,0,8.099789405475457,0.0,8.099789405475457,,0.0,,0.0,0.15,-0.0171255887772276,0.0084035832537732,0.0058737735887383,-0.004245465071401,0.8324609653953668,1.0,-0.8495865541725945,53.0,20.0,0.0,73.0,429.2888384901992,161.99578810950916,0.0,1.0
20404,長野県,阿南町,3652,1423.9,,1,0,0,0,0,0.0,0.0,0.0,0.0,0.0,0.0,0.0,0.5,-0.0927637962341137,-0.0625780407514615,-0.048871956410693,0.0059523809523809,0.2702877571383036,0.55,-0.3630515533724174,52.0,0.0,0.0,52.0,1423.8773274917853,0.0,0.0,1.0
20407,長野県,阿智村,5609,0.0,,0,0,0,0,0,0.0,0.0,0.0,0.0,0.0,0.0,0.0,0.5,-0.0753989440250016,-0.053168161265755,-0.0413187235414794,0.006079027355623,0.3684216378452177,0.55,-0.4438205818702194,,,,,,,,0.0
20409,長野県,平谷村,326,0.0,,0,0,0,0,0,0.0,0.0,0.0,0.0,0.0,0.0,0.0,0.5,-0.2056661842936633,-0.1850498338870432,-0.1708970099667774,-0.1142857142857143,0.3636363636363636,0.55,-0.5693025479300269,,,,,,,,0.0
20410,長野県,根羽村,729,0.0,,0,0,0,0,0,0.0,0.0,0.0,0.0,0.0,0.0,0.0,0.5,-0.2412260638920478,-0.2438041221451359,-0.226063705879374,-0.1551020408163265,0.1192460866105524,0.55,-0.3604721505026003,,,,,,,,0.0
20411,長野県,下條村,3296,0.0,,0,0,0,0,0,0.0,0.0,0.0,0.0,0.0,0.0,0.0,0.5,-0.0556522564827489,-0.0279266444700558,-0.0231307892602552,-0.0039473684210525,0.1060227733654668,0.55,-0.1616750298482157,,,,,,,,0.0
20412,長野県,売木村,490,0.0,,0,0,0,0,0,0.0,0.0,0.0,0.0,0.0,0.0,0.0,0.5,-0.2404456774526505,-0.2398029588267385,-0.2443246365649369,-0.2624113475177305,0.242992036036328,0.55,-0.4834377134889785,,,,,,,,0.0
20413,長野県,天龍村,911,0.0,,0,0,0,0,0,0.0,0.0,0.0,0.0,0.0,0.0,0.0,0.5,-0.3774334896716894,-0.3759090909090909,-0.3707272727272727,-0.35,0.07372795146592,0.55,-0.4511614411376095,,,,,,,,0.0
20414,長野県,泰阜村,1347,0.0,,0,0,0,0,0,0.0,0.0,0.0,0.0,0.0,0.0,0.0,0.5,-0.0764040863755204,-0.0597826086956521,-0.0478260869565217,0.0,0.0226086081157436,0.55,-0.0990126944912641,,,,,,,,0.0
20415,長野県,喬木村,5634,0.0,,0,0,0,0,0,0.0,0.0,0.0,0.0,0.0,0.0,0.0,0.5,-0.091316893667362,-0.0736765443486335,-0.0727898667188424,-0.0692431561996779,-0.2358073778344779,0.55,0.1444904841671158,,,,,,,,0.0
20416,長野県,豊丘村,6144,0.0,,0,0,0,0,0,0.0,0.0,0.0,0.0,0.0,0.0,0.0,0.5,-0.0190387479783166,-0.0017657639155193,0.0048268492385794,0.0311973018549747,-0.2575304392368287,0.55,0.238491691258512,,,,,,,,0.0
20417,長野県,大鹿村,878,0.0,,0,0,0,0,0,0.0,0.0,0.0,0.0,0.0,0.0,0.0,0.5,-0.2774867753480499,-0.2658924144522655,-0.2712119552772274,-0.2924901185770751,0.0806535792342695,0.55,-0.3581403545823195,,,,,,,,0.0
20422,長野県,上松町,3581,0.0,,0,0,0,0,0,0.0,0.0,0.0,0.0,0.0,0.0,0.0,0.5,-0.0731103307869448,-0.0413014192402076,-0.0267490005607054,0.0314606741573033,0.0666999707938449,0.55,-0.1398103015807898,,,,,,,,0.0
20423,長野県,南木曽町,3381,0.0,,0,0,0,0,0,0.0,0.0,0.0,0.0,0.0,0.0,0.0,0.5,-0.1299860822746191,-0.1100342210420985,-0.1004105544037723,-0.0619158878504673,-0.053214277689418,0.55,-0.076771804585201,,,,,,,,0.0
20425,長野県,木祖村,2402,0.0,,0,0,0,0,0,0.0,0.0,0.0,0.0,0.0,0.0,0.0,0.5,-0.0533640592459267,-0.0288635221371022,-0.0174215263710991,0.0283464566929134,-0.023238535761314,0.55,-0.0301255234846126,,,,,,,,0.0
20429,長野県,王滝村,618,0.0,,0,0,0,0,0,0.0,0.0,0.0,0.0,0.0,0.0,0.0,0.5,-0.1991807412742414,-0.1632595547269613,-0.1612824904073359,-0.1533742331288343,0.1656307241832098,0.55,-0.3648114654574512,,,,,,,,0.0
20430,長野県,大桑村,3096,0.0,,0,0,0,0,0,0.0,0.0,0.0,0.0,0.0,0.0,0.0,0.5,-0.2143826232171599,-0.1997827122018785,-0.1979438168203263,-0.1905882352941176,-0.2505895229951554,0.55,0.0362068997779954,,,,,,,,0.0
20432,長野県,木曽町,9271,604.0,,1,1,0,1,0,10.7863229425089,0.0,10.7863229425089,,0.0,,0.0,0.15,-0.1134724907087318,-0.0849185690690916,-0.0787249996902775,-0.0539507221750212,1.0078937731375617,1.0,-1.1213662638462936,126.0,19.0,0.0,149.0,1359.0766907561213,204.9401359076691,0.0,1.0
20446,長野県,麻績村,2311,0.0,,0,0,0,0,0,0.0,0.0,0.0,0.0,0.0,0.0,0.0,0.5,-0.0514565471799724,-0.0350377730638978,-0.0248855643630679,0.0157232704402516,-0.0226246918882073,0.55,-0.0288318552917651,,,,,,,,0.0
20448,長野県,生坂村,1476,0.0,,0,0,0,0,0,0.0,0.0,0.0,0.0,0.0,0.0,0.0,0.5,-0.212867512858802,-0.2015589569160997,-0.2015532879818594,-0.201530612244898,0.004742039076803,0.55,-0.217609551935605,,,,,,,,0.0
20450,長野県,山形村,8136,0.0,,0,0,0,0,0,0.0,0.0,0.0,0.0,0.0,0.0,0.0,0.5,0.179947885182937,0.2337711051824622,0.2335113490906192,0.2324723247232472,0.1351911514961643,0.55,0.0447567336867726,,,,,,,,0.0
20451,長野県,朝日村,4098,0.0,,0,0,0,0,0,0.0,0.0,0.0,0.0,0.0,0.0,0.0,0.5,0.031807010628707,0.0680566663749411,0.0778731999310256,0.1171393341553637,-0.0506592744528229,0.55,0.0824662850815299,,,,,,,,0.0
20452,長野県,筑北村,3673,0.0,,0,0,0,0,0,0.0,0.0,0.0,0.0,0.0,0.0,0.0,0.5,-0.2427286523106174,-0.2215404216661657,-0.2197892550211988,-0.2127845884413309,0.0014171337919301,0.55,-0.2441457861025476,,,,,,,,0.0
20481,長野県,池田町,8571,1773.4,,1,1,0,0,1,11.667250029168123,0.0,0.0,,0.0,0.0,0.0,0.3,-0.0065288396258961,0.0290460675347624,0.0312253044609187,0.0399422521655437,1.3749643895236856,1.0,-1.3814932291495816,204.0,0.0,120.0,324.0,2380.1190059502974,0.0,1400.0700035001748,1.0
20482,長野県,松川村,9225,0.0,,0,0,0,0,0,0.0,0.0,0.0,0.0,0.0,0.0,0.0,0.5,-0.0222518398407223,0.0099649227166718,0.0052587598787638,-0.0135658914728682,0.0131241350400444,0.55,-0.0353759748807667,,,,,,,,0.0
20485,長野県,白馬村,8187,0.0,,0,0,0,0,0,0.0,0.0,0.0,0.0,0.0,0.0,0.0,0.5,0.0060968136138896,0.0374158726070907,0.0407205768735514,0.0539393939393939,0.6491409089268596,0.55,-0.6430440953129699,,,,,,,,0.0
20486,長野県,小谷村,2330,0.0,,0,0,0,0,0,0.0,0.0,0.0,0.0,0.0,0.0,0.0,0.5,-0.2368014073996802,-0.2141669631792694,-0.2174030403788817,-0.2303473491773309,-0.0167772510974045,0.55,-0.2200241563022757,,,,,,,,0.0
20521,長野県,坂城町,12694,0.0,,0,0,0,0,0,0.0,0.0,0.0,0.0,0.0,0.0,0.0,0.5,-0.054458105507297,-0.0206677931588908,-0.0194077977455034,-0.014367816091954,-0.5585998657050746,1.0,0.5041417601977775,,,,,,,,0.0
20541,長野県,小布施町,10567,0.0,,0,1,1,1,0,9.463423866754992,9.463423866754992,9.463423866754992,,,,,0.0,-0.0550897928060501,-0.0282108242376142,-0.0317360269258357,-0.0458368376787216,1.2665841515257443,0.4,-1.3216739443317944,100.0,55.0,0.0,155.0,946.3423866754993,520.4883126715246,0.0,1.0
20543,長野県,高山村,6177,0.0,,0,0,0,0,0,0.0,0.0,0.0,0.0,0.0,0.0,0.0,0.5,-0.0185154080795016,0.0175220664829588,0.0279872244173491,0.06984785615491,-0.2285224141298834,0.55,0.2100070060503817,,,,,,,,0.0
20561,長野県,山ノ内町,10254,0.0,,0,0,0,0,0,0.0,0.0,0.0,0.0,0.0,-0.8,-0.24,0.5,-0.1680749056838499,-0.1412257561249007,-0.1381768932653738,-0.1259814418272662,-0.7397127387110211,1.0,0.5716378330271712,,,,,,,,0.0
20562,長野県,木島平村,3935,0.0,,0,0,0,0,0,0.0,0.0,0.0,0.0,0.0,0.0,0.0,0.5,0.039669404442791,0.0702894036727013,0.0911351631951203,0.1745182012847965,-0.1484719019990044,0.55,0.1881413064417954,,,,,,,,0.0
20563,長野県,野沢温泉村,2935,0.0,,0,0,0,0,0,0.0,0.0,0.0,0.0,0.0,0.0,0.0,0.5,-0.0162547346049013,0.0087247604891884,0.0282159415133793,0.1061806656101427,0.2626211366070485,0.55,-0.2788758712119498,,,,,,,,0.0
20583,長野県,信濃町,7023,669.2,,1,0,0,1,0,0.0,0.0,14.238929232521716,0.0,0.0,,0.0,0.35,-0.1568103697206621,-0.1331068722236739,-0.1260203814998693,-0.0976744186046512,0.4678598849088646,1.0,-0.6246702546295269,32.0,20.0,0.0,52.0,455.6457354406949,284.7785846504343,0.0,1.0
20588,長野県,小川村,1936,0.0,,0,0,0,0,0,0.0,0.0,0.0,0.0,0.0,0.0,0.0,0.5,-0.2478694461948336,-0.229613331998205,-0.2290193853217473,-0.2266435986159169,-0.0210145733570761,0.55,-0.2268548728377575,,,,,,,,0.0
20590,長野県,飯綱町,9470,549.1,,1,0,0,1,0,0.0,0.0,10.559662090813092,0.0,0.0,,0.0,0.35,-0.0951002341385229,-0.0713103701434126,-0.0590983166149351,-0.0102501025010249,0.4859508261558625,1.0,-0.5810510602943854,110.0,30.0,0.0,140.0,1161.5628299894404,316.78986272439283,0.0,1.0
20602,長野県,栄村,1433,0.0,,0,0,0,0,0,0.0,0.0,0.0,0.0,0.0,0.0,0.0,0.5,-0.2564644684353352,-0.2449345816307477,-0.2328763673155671,-0.1846435100548445,0.1679817000969957,0.55,-0.4244461685323309,,,,,,,,0.0
21201,岐阜県,岐阜市,392902,810.9,0.5103371205066121,23,5,9,13,4,1.2725819670044949,2.2906475406080906,3.3087131142116863,0.225310592508374,0.9603401128178002,0.3289645509532419,0.4936263783206371,1.0,0.003836698608299,0.0405175052302623,0.0320877173559666,-0.0016314341412158,0.418553186304989,1.0,-0.4147164876966899,4334.0,795.0,1012.0,6167.0,1103.074048999496,202.34053275371465,257.5705901217097,1.0
21202,岐阜県,大垣市,154850,614.8,0.5327848416853651,5,0,1,3,1,0.0,0.6457862447529867,1.93735873425896,-0.8,-0.4824452473859908,-0.1362294278112519,0.0135912195630961,1.0,0.0178839843523818,0.0532556395223953,0.0465422159055532,0.019688521438185,0.3033347244321589,1.0,-0.285450740079777,1086.0,227.0,503.0,1862.0,701.3238618017436,146.593477558928,324.8304811107523,1.0
21203,岐阜県,高山市,78262,348.8,-0.3066984694891671,1,1,1,0,0,1.2777593212542486,1.2777593212542486,0.0,-0.1979007334520788,-0.0653899108331174,-0.8,-0.3227378680599669,1.0,-0.0849053080187774,-0.0544281501606793,-0.0569930540203492,-0.0672526694590289,-0.215186257848169,1.0,0.1302809498293915,606.0,57.0,261.0,936.0,774.3221486800746,72.83228131149217,333.4951828473589,1.0
21204,岐阜県,多治見市,100822,646.7,0.4222564328128437,2,1,2,2,1,0.9918470175160184,1.983694035032037,1.983694035032037,-0.2873124830054201,0.615471638044683,-0.3224566919199917,0.1976179617240415,1.0,-0.0056758522891514,0.0341403889926421,0.0343136386930074,0.0350066374944688,0.243193121001797,1.0,-0.2488689732909485,767.0,70.0,33.0,889.0,760.7466624347861,69.42929122612128,32.73095157802861,1.0
21205,岐阜県,関市,81718,605.7,0.508592777085928,1,2,1,2,0,2.447441200225165,1.2237206001125824,2.447441200225165,0.8366563102807225,0.0001885220651909,-0.1115040102343235,0.4049303273737386,1.0,0.0142821945531606,0.0510970198750495,0.0561103016290785,0.0761634286451946,0.1191096890762921,1.0,-0.1048274945231314,589.0,50.0,0.0,645.0,720.7714334663109,61.186030005629114,0.0,1.0
21206,岐阜県,中津川市,73087,324.3,-0.2556805141152168,1,1,1,1,0,1.368232380587519,1.368232380587519,1.368232380587519,-0.1410213735374051,0.0233580413470415,-0.5477189303617571,-0.2346986651172967,1.0,-0.0411572321767027,-0.0159877559064263,-0.0153646756780996,-0.012872354764793,-0.2027919873513157,1.0,0.1616347551746129,316.0,80.0,0.0,396.0,432.36143226565605,109.45859044700153,0.0,1.0
21207,岐阜県,美濃市,17926,251.0,0.1800658204043255,1,1,0,0,0,5.578489345085351,0.0,0.0,,0.0,-0.8,-0.0374588622472965,0.8,-0.0792893337169033,-0.0587692174483523,-0.0465045182754124,0.0025542784163474,0.2539965509841995,1.0,-0.3332858847011029,122.0,0.0,0.0,122.0,680.5757001004129,0.0,0.0,1.0
21208,岐阜県,瑞浪市,35259,0.0,-1.0,0,0,0,1,0,0.0,0.0,2.836155307864659,0.0,0.0,-0.1247292514131754,-0.5187093877119763,1.0,-0.0308388592005642,0.0037928598894128,0.0043279489723323,0.0064683053040104,-0.5183239755957925,1.0,0.4874851163952282,0.0,48.0,308.0,356.0,0.0,136.1354547775036,873.5358348223149,1.0
21209,岐阜県,羽島市,64073,149.8,-0.5317286652078774,1,1,0,0,0,1.5607198039735926,0.0,0.0,0.0665763804897667,-0.8,-0.8,-0.4925490565059853,1.0,0.0262563330662609,0.0702498064460375,0.062019028268349,0.0290959155575951,-0.2957215233344419,1.0,0.3219778564007028,261.0,0.0,0.0,271.0,407.3478688371076,0.0,0.0,1.0
21210,岐阜県,恵那市,43758,338.2,-0.3085258638315273,2,0,1,0,0,0.0,2.285296402943461,0.0,-0.8,0.0806835147808611,-0.8,-0.4221604046986345,1.0,-0.0927594713615633,-0.0678674603131307,-0.0634516617193584,-0.0457884673442688,-0.3129374278946755,1.0,0.2201779565331121,255.0,0.0,0.0,255.0,582.7505827505828,0.0,0.0,1.0
21211,岐阜県,美濃加茂市,56972,853.1,1.9631816602987155,2,1,2,2,1,1.7552481920943623,3.5104963841887247,3.5104963841887247,0.4760931965334467,1.8338174364017976,0.5321476137468193,1.4317042269783395,1.0,0.1390639692954353,0.1838295722423919,0.1785470079452758,0.1574167507568113,1.331403348285204,1.0,-1.1923393789897685,711.0,30.0,310.0,1041.0,1247.9814645790914,52.65744576283087,544.1269395492523,1.0
21212,岐阜県,土岐市,51792,0.0,-1.0,0,0,0,1,1,0.0,0.0,1.930800123571208,-0.8,-0.8,-0.4508263520153265,-0.847623952802299,1.0,-0.0662944240018228,-0.0361411620739447,-0.0388184549955428,-0.0495276266819353,-0.56438383966392,1.0,0.4980894156620972,0.0,60.0,196.0,259.0,0.0,115.84800741427246,378.43682421995675,1.0
21213,岐阜県,各務原市,141808,178.4,-0.5585251175451621,1,1,1,3,1,0.705178833352138,0.705178833352138,2.115536500056414,-0.3586453556546337,-0.4348460351864541,-0.1636069073081937,-0.440759571277705,1.0,-0.0199101201731027,0.0127976159690666,0.0012224031335391,-0.0450784482085707,-0.438752460568831,1.0,0.4188423403957282,380.0,92.0,127.0,637.0,267.96795667381247,64.87645266839671,89.55771183572153,1.0
21214,岐阜県,可児市,98689,262.4,-0.2799121844127332,3,1,0,1,0,1.013284155275664,0.0,1.013284155275664,-0.1372115838199578,-0.8,-0.575079711123087,-0.3736603656388212,1.0,0.0386965268585996,0.07370945345166,0.0699245507552666,0.0547849399696933,-0.3695247525668925,1.0,0.4082212794254921,371.0,112.0,0.0,483.0,375.92842160727133,113.48782539087436,0.0,1.0
21215,岐阜県,山県市,23486,0.0,-1.0,0,0,0,0,0,0.0,0.0,0.0,-0.8,0.0,-0.8,-0.78,1.0,-0.0980965668108699,-0.0695153988618915,-0.0616717916909719,-0.0302973630072938,-0.599746864491046,1.0,0.501650297680176,208.0,54.0,0.0,262.0,885.6339947202589,229.9242101677595,0.0,1.0
21216,岐阜県,瑞穂市,57151,0.0,-1.0,0,0,0,0,0,0.0,0.0,0.0,-0.8,-0.8,-0.8,-0.9,1.0,0.1338336695862104,0.1865465035629243,0.1755383439580489,0.1315057055385471,-0.7085572244515033,1.0,0.8423908940377137,,,,,,,,0.0
21217,岐阜県,飛騨市,20378,0.0,-1.0,1,0,0,2,0,0.0,0.0,9.814505839630977,0.0,0.0,0.7401176034143044,-0.3889823594878543,1.0,-0.2019517030564994,-0.1780542278095296,-0.179166238872601,-0.1836142831248867,-0.3040671311817312,1.0,0.1021154281252317,54.0,47.0,0.0,101.0,264.9916576700363,230.64088723132792,0.0,1.0
21218,岐阜県,本巣市,31719,0.0,-1.0,0,0,0,0,0,0.0,0.0,0.0,0.0,0.0,-0.8,-0.62,1.0,-0.021256327977385,0.0128621830939806,0.0094065276331825,-0.0044160942100097,-0.7210764855439944,1.0,0.6998201575666093,,,,,,,,0.0
21219,岐阜県,郡上市,35283,677.4,0.735588009223674,3,1,0,2,0,2.8342261145594194,0.0,5.668452229118839,0.0546274678850053,-0.8,0.4319643460244817,0.3235141500925103,1.0,-0.081546658095335,-0.0537576433721325,-0.0441333481789387,-0.0056361674061637,0.2894620285719427,1.0,-0.3710086866672778,256.0,98.0,395.0,749.0,725.5618853272114,277.7541592268231,1119.5193152509707,1.0
21220,岐阜県,下呂市,26993,140.8,-0.6595744680851063,2,1,1,1,0,3.7046641721927904,3.7046641721927904,3.7046641721927904,0.0778348083560795,,-0.1980709828288187,-0.4046246115243059,0.85,-0.1710443871360879,-0.1462405310516832,-0.1434110796465764,-0.1320932740261491,0.0522533465518396,1.0,-0.2232977336879275,218.0,28.0,143.0,389.0,807.6167895380285,103.73059682139812,529.7669766235691,1.0
21221,岐阜県,海津市,30362,0.0,-1.0,1,0,0,0,0,0.0,0.0,0.0,-0.8,0.0,-0.8,-0.78,1.0,-0.0478768035654233,-0.0098532765452629,0.000821140032052,0.0435188063413118,-0.537438950882192,1.0,0.4895621473167686,99.0,0.0,176.0,275.0,326.06547658257034,0.0,579.671958369014,1.0
21302,岐阜県,岐南町,26082,0.0,-1.0,0,0,0,0,0,0.0,0.0,0.0,0.0,0.0,-0.8,-0.62,1.0,0.0793987227214857,0.1234900673625555,0.1091960383947483,0.0520199225235196,-0.5083812916373984,1.0,0.5877800143588842,,,,,,,,0.0
21303,岐阜県,笠松町,21692,1484.4,8.067806963958462,1,1,2,2,0,4.609994468006638,9.219988936013277,9.219988936013277,,,1.7007650316705083,6.598489594968934,0.65,-0.0271741219849356,0.0106345353716523,-0.0051689187645605,-0.0683827353094124,2.378710226153009,1.0,-2.405884348137945,501.0,117.0,0.0,618.0,2309.607228471326,539.3693527567767,0.0,1.0
21341,岐阜県,養老町,24810,0.0,-1.0,0,0,0,0,0,0.0,0.0,0.0,0.0,0.0,-0.8,-0.62,1.0,-0.0491684632828468,-0.0107858643783577,9.71772231825388e-05,0.0436293436293435,-0.6827816144823913,1.0,0.6336131511995444,95.0,35.0,0.0,130.0,382.91011688835147,141.07214832728738,0.0,1.0
21361,岐阜県,垂井町,25126,382.1,1.3821695760598502,1,1,1,1,0,3.9799410968717663,3.9799410968717663,3.9799410968717663,,,0.1399536528790073,1.0955043630181172,0.65,-0.0375708367129687,-0.0060975471371277,-0.0059399123268147,-0.0053093730855625,0.6710841200374079,1.0,-0.7086549567503766,143.0,138.0,307.0,588.0,569.1315768526625,549.2318713683037,1221.841916739632,1.0
21362,岐阜県,関ケ原町,5958,0.0,,0,0,0,0,0,0.0,0.0,0.0,0.0,0.0,0.0,0.0,0.5,-0.1690241418762852,-0.1401859795987473,-0.1357991692831109,-0.1182519280205655,-0.4646366536258436,1.0,0.2956125117495584,,,,,,,,0.0
21381,岐阜県,神戸町,17597,0.0,-1.0,0,0,0,0,0,0.0,0.0,0.0,0.0,0.0,-0.8,-0.62,1.0,-0.1023278019336243,-0.072187935029915,-0.0773495794266221,-0.0979961570134504,-0.7088233407633584,1.0,0.6064955388297341,,,,,,,,0.0
21382,岐阜県,輪之内町,9513,0.0,,0,0,0,0,0,0.0,0.0,0.0,0.0,0.0,0.0,0.0,0.5,0.0423893594272779,0.0853203602646643,0.0853758534291228,0.0855978260869565,-0.5155798898467945,0.7,0.5579692492740724,,,,,,,,0.0
21383,岐阜県,安八町,13752,0.0,,0,0,0,0,0,0.0,0.0,0.0,0.0,0.0,-0.8,-0.24,0.5,-0.0025205092358918,0.0422703159947239,0.0368672363365258,0.0152549177037335,-0.6166082358983899,1.0,0.614087726662498,,,,,,,,0.0
21401,岐阜県,揖斐川町,17389,0.0,-1.0,0,0,0,0,0,0.0,0.0,0.0,0.0,0.0,-0.8,-0.62,1.0,-0.1678136048692792,-0.1387819348864664,-0.1335077686019926,-0.1124111034640972,-0.534404571531069,1.0,0.3665909666617898,,,,,,,,0.0
21403,岐阜県,大野町,20974,0.0,-1.0,0,0,0,0,0,0.0,0.0,0.0,0.0,0.0,-0.8,-0.62,1.0,0.0188676493570022,0.0684366202358748,0.0679416426136747,0.0659617321248742,-0.4309592306281649,1.0,0.4498268799851672,400.0,0.0,0.0,400.0,1907.1231047964147,0.0,0.0,1.0
21404,岐阜県,池田町,21597,0.0,-1.0,1,0,0,1,0,0.0,0.0,4.630272723063388,0.0,0.0,0.1933338854879209,-0.4709999171768118,1.0,0.0292056860228674,0.0771598008103308,0.0764939225196097,0.0738304093567252,-0.4304424848666169,1.0,0.4596481708894843,51.0,45.0,0.0,96.0,236.1439088762328,208.36227253785248,0.0,1.0
21421,岐阜県,北方町,17905,0.0,-1.0,0,0,0,0,0,0.0,0.0,0.0,0.0,0.0,-0.8,-0.62,1.0,0.0943167649591811,0.147116755432675,0.13913246455172,0.1071953010279,-0.4393150811929697,1.0,0.5336318461521508,,,,,,,,0.0
21501,岐阜県,坂祝町,7885,0.0,,0,0,0,0,0,0.0,0.0,0.0,0.0,0.0,0.0,0.0,0.5,0.070256391618009,0.0996350216132453,0.1108555582742028,0.1557377049180328,-0.0360576320664716,0.55,0.1063140236844807,,,,,,,,0.0
21502,岐阜県,富加町,5443,0.0,,0,0,0,0,0,0.0,0.0,0.0,0.0,0.0,0.0,0.0,0.5,-0.0213455679400328,-0.0092769726736195,-0.0011542970329048,0.0313364055299538,0.0817538215766006,0.55,-0.1030993895166334,,,,,,,,0.0
21503,岐阜県,川辺町,9436,0.0,,0,0,0,0,0,0.0,0.0,0.0,0.0,0.0,0.0,0.0,0.5,-0.0164088866831864,0.0127564847077041,0.0156252419667053,0.0271002710027099,-0.0096571393664967,0.55,-0.0067517473166897,,,,,,,,0.0
21504,岐阜県,七宗町,2994,0.0,,0,0,0,0,0,0.0,0.0,0.0,0.0,0.0,0.0,0.0,0.5,-0.1981162768901647,-0.1798305205949656,-0.1667477116704805,-0.11441647597254,0.2045867913444651,0.55,-0.4027030682346298,,,,,,,,0.0
21505,岐阜県,八百津町,9352,0.0,,0,0,0,1,0,0.0,0.0,10.6928999144568,0.0,0.0,,0.0,0.35,-0.1330869527211217,-0.1122728307962146,-0.1043866856896033,-0.0728421052631579,-0.3558564896030077,1.0,0.222769536881886,0.0,48.0,0.0,48.0,0.0,513.2591958939264,0.0,1.0
21506,岐阜県,白川町,6515,0.0,,1,0,0,1,0,0.0,0.0,15.349194167306216,0.0,0.0,,0.0,0.35,-0.1840997336783666,-0.1594030428113694,-0.148136904021147,-0.1030723488602577,0.9133352636535184,1.0,-1.097434997331885,59.0,65.0,0.0,124.0,905.6024558710667,997.697620874904,0.0,1.0
21507,岐阜県,東白川村,1784,0.0,,0,0,0,0,0,0.0,0.0,0.0,0.0,0.0,0.0,0.0,0.5,-0.2015613881626924,-0.1806529169804762,-0.1737906262673078,-0.1463414634146341,-0.0137510940757474,0.55,-0.187810294086945,,,,,,,,0.0
21521,岐阜県,御嵩町,16833,160.4,0.0081709616593337,1,0,0,1,0,0.0,0.0,5.940711697261332,0.0,0.0,0.3907992742567912,0.0627053719681855,1.0,0.0008187231794465,0.0225321762293245,0.0347910884437276,0.0838267373013399,-0.4186017937046951,1.0,0.4194205168841416,27.0,48.0,0.0,75.0,160.39921582605598,285.1541614685439,0.0,1.0
21604,岐阜県,白川村,1380,0.0,,0,0,0,0,0,0.0,0.0,0.0,0.0,0.0,0.0,0.0,0.5,-0.196640753601852,-0.1905888847994111,-0.1853382407066618,-0.1643356643356643,0.2077722721324492,0.55,-0.4044130257343012,,,,,,,,0.0
22101,静岡県,静岡市葵区,242029,882.5,0.6351676857513433,7,1,4,5,3,0.413173627953675,1.6526945118147,2.0658681397683747,-0.6419833669825001,0.3252336366399773,-0.2373613629778471,0.2023680105284911,1.0,-0.0211523510332777,0.0044684533135865,0.0013362724680662,-0.0111924509140148,0.415930181337931,1.0,-0.4370825323712088,2532.0,704.0,552.0,3844.0,1046.155625978705,290.8742340793872,228.0718426304286,1.0
22102,静岡県,静岡市駿河区,210865,251.3,-0.418556223970384,2,1,1,4,0,0.4742370711118488,0.4742370711118488,1.8969482844473955,-0.5119650090921661,-0.6124914683491918,-0.165339366239485,-0.4283457389919268,1.0,0.0500961406293003,0.0896407368678094,0.0812336873816116,0.0476054894368203,-0.3543535549348039,1.0,0.4044496955641042,875.0,323.0,0.0,1198.0,414.9574372228677,153.17857396912717,0.0,1.0
22103,静岡県,静岡市清水区,220872,229.5,-0.577736890524379,3,2,3,2,1,0.9055018291136948,1.3582527436705425,0.9055018291136948,-0.2286191943439343,0.0848741729366047,-0.6641251035007929,-0.4214799237156046,1.0,-0.0755419609468657,-0.047410456927643,-0.053307945265858,-0.0768978986187182,-0.4658323788367521,1.0,0.3902904178898864,796.0,100.0,349.0,1245.0,360.3897279872505,45.27509145568474,158.01006918033974,1.0
22203,静岡県,沼津市,180836,376.0,-0.2892249527410208,3,2,2,4,1,1.1059744741091375,1.1059744741091375,2.211948948218275,-0.068801095363744,-0.1282934348369755,-0.1718430297187207,-0.2033931651266136,1.0,-0.0249406687975773,0.0131784731026661,0.0097815572658101,-0.0038061060816138,-0.2131995398612433,1.0,0.1882588710636659,1135.0,243.0,563.0,1648.0,627.6405140569356,134.37589860426021,311.3318144617222,1.0
22205,静岡県,熱海市,31835,1036.6,1.7022940563086544,2,1,2,3,0,3.141196795979268,6.282393591958536,9.423590387937804,-0.0679556782197423,,0.8668514011250399,1.1383336502107466,0.85,-0.1579788155734039,-0.131608203270625,-0.1390986343333873,-0.1690603585844363,1.0909496809266226,1.0,-1.2489284965000265,474.0,246.0,0.0,724.0,1488.927281294173,772.7344118108999,0.0,1.0
22206,静岡県,三島市,103034,213.5,-0.4699602780536246,3,3,0,4,0,2.911660228662384,0.0,3.8822136382165113,1.4722064957279613,-0.8,0.4734072934704165,0.0104722541393424,1.0,-0.0052151425421554,0.0295654265722725,0.0242455095949012,0.0029658416854161,-0.1306696770594061,1.0,0.1254545345172506,409.0,234.0,203.0,846.0,396.9563445076383,227.1094978356659,197.0223421394879,1.0
22207,静岡県,富士宮市,122437,351.2,-0.2029051293690422,3,1,1,2,0,0.8167465717062652,0.8167465717062652,1.6334931434125304,-0.2865949378847362,-0.2594545281197806,-0.4431867140779233,-0.2641677385911239,1.0,0.0032434809057254,0.0354030013472899,0.0347725730526387,0.032250859874034,-0.3131274625738185,1.0,0.316370943479544,520.0,130.0,290.0,940.0,424.7082172872579,106.17705432181448,236.85650579481694,1.0
22208,静岡県,伊東市,62084,335.0,-0.2465137201979307,1,0,1,0,0,0.0,1.6107209587011149,0.0,-0.8,-0.1370274557702138,-0.8,-0.4238109784644974,1.0,-0.0871428376006494,-0.0529328634463064,-0.0627091152058311,-0.1018141222439297,-0.3355661058146203,1.0,0.2484232682139708,250.0,0.0,0.0,250.0,402.68023967527864,0.0,0.0,1.0
22209,静岡県,島田市,92221,428.3,0.0469322903935467,1,0,1,0,0,0.0,1.0843517203240045,0.0,-0.8,-0.1169306259369286,-0.8,-0.2740734486937659,1.0,-0.0278379187123435,-0.0043403145325981,-0.0025405746074449,0.0046583850931676,-0.1664186519406772,1.0,0.1385807332283336,435.0,0.0,0.0,445.0,471.69299834094187,0.0,0.0,1.0
22210,静岡県,富士市,238566,346.7,-0.3340376488666923,5,4,3,5,1,1.6766848586973837,1.2575136440230377,2.095856073371729,0.5993157551644857,0.0277259237975875,-0.1581867846301028,-0.0667248025253263,1.0,0.0340607768898081,0.075432011589025,0.0718075750729082,0.0573098290084412,-0.2317310338247119,1.0,0.26579181071452,1097.0,659.0,493.0,2265.0,459.8308224977574,276.2338304703939,206.6514088344525,1.0
22211,静岡県,磐田市,162834,329.2,-0.2536839718884607,2,1,3,4,1,0.6141223577385558,1.8423670732156676,2.456489430954224,-0.437750503143131,0.4637951729293061,0.1163681719738636,-0.1273675848373811,1.0,0.0305272413249381,0.0582517017741992,0.0611797556729243,0.0728919712678248,-0.1365030972971017,1.0,0.1670303386220399,548.0,490.0,429.0,1469.0,336.5390520407286,300.91995529189234,263.45849146984045,1.0
22212,静岡県,焼津市,132470,539.7,0.2600980621060005,2,2,3,2,0,1.5097757982939533,2.26466369744093,1.5097757982939533,0.4707951659319409,0.8977532182871426,-0.4363132340539459,0.2934240618743679,1.0,-0.0164166179519762,0.0162362478533051,0.0117479713937282,-0.0062051344445795,-0.0192176830919705,1.0,0.0028010651399943,815.0,304.0,180.0,1299.0,615.233637804786,229.4859213406809,135.8798218464558,1.0
22213,静岡県,掛川市,112454,441.1,0.1768943436499466,1,1,1,2,0,0.8892524943532467,0.8892524943532467,1.7785049887064934,-0.2037819605870733,-0.1432791886280289,-0.259329986347481,-0.0127005965387678,1.0,0.0761970089160688,0.1045998794014237,0.114414724316513,0.1536741039768698,0.0858358540877248,1.0,-0.0096388451716559,496.0,100.0,390.0,990.0,441.06923719921036,88.92524943532467,346.80847279776617,1.0
22214,静岡県,藤枝市,136082,459.3,0.0101165603694743,2,0,1,3,0,0.0,0.734851045693038,2.204553137079114,-0.8,-0.4142912309932591,-0.2434600401116985,-0.2536044104810064,1.0,0.0134614134149068,0.0422050843854743,0.0420579247732703,0.0414692863244543,-0.108262608015061,1.0,0.1217240214299678,601.0,376.0,170.0,1149.0,441.6454784615159,276.3039931805823,124.92467776781646,1.0
22215,静岡県,御殿場市,80991,364.2,0.1175207118748082,5,1,1,4,0,1.2347050906890888,1.2347050906890888,4.938820362756355,-0.0004802757623393,0.062494743967731,1.0466741700418254,0.2250396378863697,1.0,0.098035855979227,0.1433507383828357,0.140868071045998,0.1309374016986473,0.2694831443777049,1.0,-0.1714472883984778,757.0,216.0,77.0,1050.0,934.6717536516403,266.6962995888432,95.07229198305986,1.0
22216,静岡県,袋井市,87913,0.0,-1.0,1,0,1,2,0,0.0,1.13748819855994,2.27497639711988,-0.8,0.0893537280806322,-0.0269697099097888,-0.6506423972743736,1.0,0.1393660415968371,0.176189240445446,0.1817313907381029,0.2038999919087305,-0.636926009149899,1.0,0.7762920507467361,100.0,209.0,0.0,309.0,113.74881985599399,237.73503349902745,0.0,1.0
22219,静岡県,下田市,18369,528.1,0.5564397288535219,1,1,0,1,0,5.443954488540476,0.0,5.443954488540476,,0.0,-0.0209080434668945,0.3438545723834084,0.8,-0.2018948522105431,-0.1814118434776139,-0.1838138913835007,-0.1934220830070477,0.541381296758516,1.0,-0.7432761489690591,126.0,40.0,0.0,170.0,685.9382655561,217.75817954161903,0.0,1.0
22220,静岡県,裾野市,47611,102.9,-0.6587064676616915,1,1,0,1,0,2.100354959988238,0.0,2.100354959988238,0.3816356068893536,-0.8,-0.2147279253732985,-0.4052353012589698,1.0,0.0166087708796678,0.0479215838972847,0.049372604997555,0.055176689398636,-0.3327920695822598,1.0,0.3494008404619276,98.0,94.0,0.0,198.0,205.83478607884734,197.43336623889437,0.0,1.0
22221,静岡県,湖西市,55965,184.0,-0.4248202563301031,2,2,0,1,0,3.573662110247476,0.0,1.786831055123738,1.4725710980222746,-0.8,-0.3160522367031169,-0.0853037440660641,1.0,0.0268199951910345,0.0714278120959182,0.0678365501948692,0.0534715025906735,-0.3029288964944098,1.0,0.3297488916854443,285.0,44.0,0.0,329.0,509.24685071026533,78.62056642544448,0.0,1.0
22222,静岡県,伊豆市,25584,383.1,-0.001303441084463,2,1,2,3,0,3.908692933083177,7.817385866166354,11.726078799249532,0.1220242044729145,,1.3485525972581005,0.2659247175777253,0.85,-0.1597090685865583,-0.1355795724158631,-0.1296095359152594,-0.1057293899128446,0.2620455766656196,1.0,-0.421754645252178,153.0,374.0,0.0,527.0,598.0300187617261,1461.8511569731083,0.0,1.0
22223,静岡県,御前崎市,28616,276.1,0.1146548243843359,1,0,1,1,0,0.0,3.49454850433324,3.49454850433324,0.0,,0.0641433856812689,0.0787634353463039,0.85,0.0143010474724202,0.0517454956139734,0.0609165709731853,0.0976008724100327,0.036250508414976,1.0,-0.0219494609425557,145.0,54.0,0.0,199.0,506.70953312831983,188.70561923399498,0.0,1.0
22224,静岡県,菊川市,47208,241.5,-0.1179693206720233,1,1,1,0,1,2.1182850364345027,2.1182850364345027,0.0,0.3405767975614782,0.4346262031781758,-0.8,-0.0456753703469896,1.0,0.0545343509097694,0.0751270914839645,0.0829388574966826,0.1141859215475551,-0.1462929894448857,1.0,0.2008273403546552,198.0,0.0,58.0,256.0,419.4204372140315,0.0,122.86053211320116,1.0
22225,静岡県,伊豆の国市,44449,1545.6,2.342560553633218,2,0,0,4,0,0.0,0.0,8.99907759454656,-0.8,-0.8,1.5115351466542395,1.118010548814745,1.0,-0.0472895675357011,-0.0166982324806228,-0.0214902007806839,-0.0406580739809284,1.158952809759532,1.0,-1.206242377295233,773.0,255.0,0.0,1028.0,1739.0717451461226,573.6911966523431,0.0,1.0
22226,静岡県,牧之原市,40982,507.5,0.1650596877869605,1,1,1,1,0,2.4400956517495485,2.4400956517495485,2.4400956517495485,0.2239828537660162,0.255944071277316,-0.2757660382170698,0.1243531196057204,1.0,-0.0118506586325571,0.017370383214843,0.0292692137256034,0.0768645357686452,-0.0905960298788731,1.0,0.078745371246316,355.0,42.0,0.0,397.0,866.2339563710897,102.48401737348104,0.0,1.0
22301,静岡県,東伊豆町,10365,385.9,,1,0,2,2,0,0.0,19.29570670525808,19.29570670525808,0.0,,,0.0,0.2,-0.2104031144748943,-0.1832602257351375,-0.1879138185703058,-0.2065281899109792,0.7297722899246699,1.0,-0.9401754043995644,160.0,199.0,0.0,359.0,1543.6565364206465,1919.922817173179,0.0,1.0
22302,静岡県,河津町,6336,852.3,,1,1,0,0,0,15.782828282828284,0.0,0.0,,0.0,0.0,0.0,0.3,-0.1336690600907061,-0.1135765766697343,-0.1152543249196025,-0.1219653179190751,1.257297189523071,1.0,-1.3909662496137771,100.0,0.0,190.0,290.0,1578.2828282828284,0.0,2998.7373737373737,1.0
22304,静岡県,南伊豆町,7199,0.0,,0,0,0,0,0,0.0,0.0,0.0,0.0,0.0,0.0,0.0,0.5,-0.1929101191483583,-0.1784525312547008,-0.1790937494443047,-0.1816586222027204,-0.0805896656416252,1.0,-0.112320453506733,0.0,0.0,248.0,248.0,0.0,0.0,3444.9229059591607,1.0
22305,静岡県,松崎町,5405,0.0,,0,0,0,0,0,0.0,0.0,0.0,0.0,0.0,0.0,0.0,0.5,-0.2051390847662424,-0.1872476802991006,-0.1819780750351282,-0.1608996539792387,-0.6052380961051478,1.0,0.4000990113389053,,,,,,,,0.0
22306,静岡県,西伊豆町,6206,580.1,,1,1,0,0,0,16.113438607798905,0.0,0.0,,0.0,0.0,0.0,0.3,-0.2973257706753763,-0.2846119395557914,-0.2830912136944946,-0.2770083102493075,0.8567852555508207,1.0,-1.154111026226197,78.0,0.0,0.0,78.0,1256.8482114083145,0.0,0.0,1.0
22325,静岡県,函南町,35525,0.0,-1.0,1,0,1,1,1,0.0,2.8149190710767065,2.8149190710767065,-0.8,,-0.1428141555339847,-0.8016730862707033,0.85,-0.0392049170187698,-0.0062810116043254,-0.0131001059687693,-0.0403764834265447,-0.3566784573974634,1.0,0.3174735403786936,150.0,109.0,293.0,552.0,422.237860661506,306.82617874736104,824.771287825475,1.0
22341,静岡県,清水町,30810,1347.0,5.548371414681576,2,0,0,1,0,0.0,0.0,3.2456994482310937,0.0,0.0,0.2134887616050593,2.8062090215815467,1.0,0.0614863288831684,0.1208438793038757,0.1092318655358942,0.0627838104639684,1.4676955555453508,1.0,-1.4062092266621824,486.0,0.0,0.0,486.0,1577.4099318403116,0.0,0.0,1.0
22342,静岡県,長泉町,42779,1437.6,6.754045307443365,2,0,0,2,0,0.0,0.0,4.675191098436149,0.0,-0.8,0.8974108572610235,3.391634282310836,1.0,0.0949889943824573,0.1403835951328536,0.1259783574633537,0.0683574067853542,1.4568458585976,1.0,-1.3618568642151423,659.0,44.0,0.0,703.0,1540.475466934711,102.85420416559526,0.0,1.0
22344,静岡県,小山町,17492,508.8,3.587917042380523,2,0,0,1,0,0.0,0.0,5.716899153898925,0.0,0.0,0.3807405343530465,1.8510696013432184,1.0,-0.0235295011691826,0.0038467061017976,0.0124788064358098,0.0470072077718584,1.084425805076419,1.0,-1.1079553062456018,89.0,57.0,0.0,146.0,508.80402469700437,325.86325177223875,0.0,1.0
22424,静岡県,吉田町,28460,0.0,-1.0,0,0,0,1,0,0.0,0.0,3.5137034434293746,0.0,0.0,0.2700412490149104,-0.4594938126477634,1.0,0.1024572562744491,0.1422895462256149,0.146192748091603,0.1618055555555555,-0.6038034765342287,1.0,0.7062607328086778,0.0,120.0,0.0,120.0,0.0,421.6444132115249,0.0,1.0
22429,静岡県,川根本町,5344,0.0,,0,0,0,0,0,0.0,0.0,0.0,0.0,0.0,0.0,0.0,0.5,-0.2783980972595886,-0.2653840699175607,-0.257560240584418,-0.2262649232518476,-0.395482543625934,0.7,0.1170844463663454,,,,,,,,0.0
22461,静岡県,森町,16027,280.8,0.3201692524682653,1,1,1,0,0,6.239470892868285,6.239470892868285,0.0,,,-0.8,0.0616686557448194,0.65,-0.0435834853888865,-0.0250754010387785,-0.0071934367515683,0.0643344203972724,0.5619048057358972,1.0,-0.6054882911247838,131.0,0.0,0.0,131.0,817.3706869657453,0.0,0.0,1.0
23101,愛知県,名古屋市千種区,166426,761.3,0.9128140703517588,8,2,1,2,2,1.2017353057815483,0.6008676528907743,1.2017353057815483,0.7306221345551542,-0.3745657000219567,-0.4267132493141258,0.4823396196864978,1.0,0.0757494168032391,0.1146117043126381,0.10327440388691,0.0579252021839977,0.6911087943998702,1.0,-0.6153593775966311,1449.0,132.0,481.0,2072.0,870.6572290387319,79.31453018158221,289.01734104046244,1.0
23102,愛知県,名古屋市東区,87331,128.2,-0.6534198432008651,1,1,0,2,0,1.1450687613791208,0.0,2.2901375227582417,0.3000359530533172,-0.8,0.0947042554686785,-0.3724970926694673,1.0,0.1534944377115886,0.2101373905139149,0.1920202955420742,0.1195519156547115,-0.1962552297260796,1.0,0.3497496674376682,207.0,105.0,0.0,312.0,237.029233605478,120.23221994480768,0.0,1.0
23103,愛知県,名古屋市北区,159250,520.6,0.2547601831766692,6,2,2,2,0,1.2558869701726845,1.2558869701726845,1.2558869701726845,0.2677235291947657,0.0232875170007824,-0.4400633255743479,0.1184084261412529,1.0,-0.010893123441416,0.0180366158615432,0.0077584697465911,-0.0333541147132169,0.2217125374617213,1.0,-0.2326056609031373,1078.0,187.0,217.0,1482.0,676.9230769230769,117.42543171114599,136.26373626373626,1.0
23104,愛知県,名古屋市西区,151047,282.7,-0.2888050314465409,2,1,1,1,0,0.6620455884592213,0.6620455884592213,0.6620455884592213,-0.1300002089794235,-0.2901283315482978,-0.6797832674850262,-0.3158892973741538,1.0,0.031486829634602,0.0697412464103423,0.0522607689336851,-0.0176611409729436,-0.2164997506751127,1.0,0.2479865803097147,597.0,199.0,0.0,796.0,395.2412163101551,131.74707210338502,0.0,1.0
23105,愛知県,名古屋市中村区,138455,918.7,1.2996245306633294,5,2,1,4,0,1.4445126575421616,0.7222563287710808,2.8890253150843237,0.6215760758124889,-0.3414035962195495,0.3846760237270081,0.7806183446202812,1.0,-0.0415340465133356,-0.0222185450942694,-0.0367140958593716,-0.0946962989197803,0.9520355172994844,1.0,-0.99356956381282,1272.0,537.0,222.0,2031.0,918.7100501968148,387.8516485500704,160.34090498717995,1.0
23106,愛知県,名古屋市中区,98180,950.3,1.356310438879246,6,2,1,2,1,2.037074760643716,1.0185373803218578,2.037074760643716,1.361265912224669,0.012050137551743,-0.0403139382521912,0.9461688317794896,1.0,0.1190055857186423,0.1754270292727803,0.158735522027466,0.0919694930462091,1.4103328342113917,1.0,-1.2913272484927494,1305.0,216.0,38.0,1559.0,1329.1912813200245,220.00407414952127,38.70442045223059,1.0
23107,愛知県,名古屋市昭和区,107820,1834.5,3.8867874267448057,5,1,0,1,1,0.9274717121127808,0.0,0.9274717121127808,0.0411580206669364,-0.8,-0.5630589058504921,1.7471664816282164,1.0,0.0561179427935676,0.0877845403363896,0.0804231350381781,0.0509775138453325,1.3463597046525737,1.0,-1.290241761859006,2077.0,0.0,217.0,2296.0,1926.3587460582453,0.0,201.26136152847337,1.0
23108,愛知県,名古屋市瑞穂区,108257,804.6,1.146744930629669,5,0,1,2,1,0.0,0.9237277958931064,1.8474555917862123,-0.8,-0.1097844776609127,-0.1890439777187754,0.3685481970078814,1.0,0.045202513010436,0.0737566155409727,0.0675284040449541,0.0426155580608793,0.710553123495128,1.0,-0.6653506104846919,1015.0,61.0,28.0,1104.0,937.5837128315028,56.34739554947948,25.864378285006975,1.0
23109,愛知県,名古屋市熱田区,67112,529.0,0.6536417630509535,3,2,1,1,0,2.9800929789009416,1.4900464894504708,1.4900464894504708,1.2877686000636943,0.1532661749742474,-0.311489277693995,0.5606411361302535,1.0,0.0609424161076531,0.0941047028312617,0.0868410774987951,0.0577865761689291,0.4605057665849771,1.0,-0.399563350477324,537.0,160.0,0.0,697.0,800.1549648349029,238.40743831207533,0.0,1.0
23110,愛知県,名古屋市中川区,213821,516.8,0.2334128878281622,7,1,0,7,2,0.4676809106682693,0.0,3.273766374677885,-0.4570302437267234,-0.8,0.5229438914516278,-0.0162580211135193,1.0,0.0344029661987187,0.075716261753898,0.0612597546380958,0.0034337261748871,0.1843723248517063,1.0,-0.1499693586529875,1317.0,456.0,619.0,2392.0,615.9357593501106,213.2624952647308,289.49448370365866,1.0
23111,愛知県,名古屋市港区,139351,440.6,0.0619426367799471,4,0,1,3,0,0.0,0.7176123601552913,2.152837080465874,-0.8,-0.4152946979843179,-0.1733936787519981,-0.2173319381204738,1.0,0.0199069106377195,0.0656786767181691,0.0593546207788073,0.0340583970213599,-0.2345123786886631,1.0,0.2544192893263827,759.0,270.0,0.0,1029.0,544.6677813578661,193.75533724192866,0.0,1.0
23112,愛知県,名古屋市南区,130243,914.4,1.2097631706138228,4,3,3,1,1,2.3033867463126616,2.3033867463126616,0.7677955821042206,1.15379657463549,1.2191215371733677,-0.7051961398508165,0.912729709832392,1.0,-0.0437020510871846,-0.0184995198056807,-0.0259405329373436,-0.0557045854639952,0.8760229258608578,1.0,-0.9197249769480426,1410.0,257.0,398.0,2075.0,1082.591770766951,197.3234646007847,305.5826416774798,1.0
23113,愛知県,名古屋市守山区,177687,0.0,-1.0,1,1,1,3,3,0.5627873733024926,0.5627873733024926,1.688362119907478,-0.4080945714360359,-0.5060369491593055,-0.2411681773958316,-0.6936996832704777,1.0,0.0906519023871969,0.1369382376066884,0.1226352715989228,0.0654234075678603,-0.5472899626006644,1.0,0.6379418649878614,174.0,147.0,1843.0,2164.0,97.9250029546337,82.72974387546641,1037.2171289964938,1.0
23114,愛知県,名古屋市緑区,246584,194.3,-0.5118090452261306,5,4,1,2,0,1.6221652661973205,0.40554131654933,0.8110826330986601,1.04833625842382,-0.593763073197733,-0.6092709159640654,-0.226692369302571,1.0,0.1484703137880863,0.1988397258892876,0.1853516158747457,0.1313991758165777,-0.4361685022432014,1.0,0.5846388160312878,764.0,106.0,0.0,870.0,309.8335658436882,42.98737955422899,0.0,1.0
23115,愛知県,名古屋市名東区,164364,49.9,-0.8744654088050314,2,1,4,4,0,0.6084057336156337,2.433622934462534,2.433622934462534,-0.1185914058514697,1.6908368337395698,0.2490740637808937,-0.1699643509447401,1.0,0.1390776678815271,0.1911973598658908,0.1842846023160715,0.1566335721167944,-0.3442051908539016,1.0,0.4832828587354287,602.0,134.0,0.0,776.0,366.26025163661143,81.52636830449491,0.0,1.0
23116,愛知県,名古屋市天白区,159714,290.5,-0.2757417102966841,3,1,0,2,1,0.626119188048637,0.0,1.252238376097274,-0.1893099334636221,-0.8,-0.4174633839880241,-0.3583523494392701,1.0,0.1652808330121566,0.2243436291810966,0.2155805166855098,0.1805280667031625,-0.2188509040583489,1.0,0.3841317370705055,524.0,308.0,425.0,1257.0,328.08645453748574,192.8447099189802,266.1006549206707,1.0
23201,愛知県,豊橋市,357017,456.8,-0.0427493713327744,8,3,3,10,2,0.8402961203528123,0.8402961203528123,2.800987067842708,-0.2388960030486516,-0.2710950567052127,0.2167055052829745,-0.0773123189894532,1.0,0.057347210620861,0.0999478204458877,0.093620593127649,0.068311683854694,-0.0452711998781446,1.0,0.1026184104990056,2010.0,1541.0,1318.0,4889.0,562.9984006363843,431.6321071545613,369.1700955416689,1.0
23202,愛知県,岡崎市,385347,351.1,-0.1742709313264345,8,0,5,8,1,0.0,1.2975318349435705,2.0760509359097123,-0.8,0.2315586066903618,-0.0680199883683629,-0.2226046729149174,1.0,0.1262821110302887,0.1716034704640202,0.1673930487217194,0.1505513617525162,-0.2498316207642192,1.0,0.3761137317945079,1652.0,716.0,245.0,2613.0,428.7045182653556,185.80655876391927,63.57905991223495,1.0
23203,愛知県,一宮市,369245,490.5,0.0010204081632652,9,5,5,6,1,1.354114476837872,1.354114476837872,1.6249373722054463,0.2760119566530017,0.1706132166526301,-0.3105201767842579,0.0347265513924887,1.0,0.0249226613432961,0.0696253959414547,0.0534180123023625,-0.0114115222540063,0.0380081265462451,1.0,-0.013085465202949,2372.0,592.0,601.0,3589.0,642.3919078118864,160.32715405760405,162.76456011591222,1.0
23204,愛知県,瀬戸市,124437,547.3,0.3191130392865751,3,1,2,4,0,0.8036195022380803,1.6072390044761606,3.2144780089523213,-0.2774015320691919,0.499227799287931,0.2342354495016789,0.2140957005478906,1.0,-0.0327187227064919,0.0010681828378729,-0.0108716491386682,-0.058630977044833,0.1995229723554535,1.0,-0.2322416950619455,797.0,327.0,0.0,1155.0,640.48474328375,262.7835772318523,0.0,1.0
23205,愛知県,半田市,114719,397.5,0.0746147607461475,2,1,1,0,0,0.8716951856274897,0.8716951856274897,0.0,-0.0282386728753897,-0.1697685307371281,-0.8,-0.1138056338125733,1.0,0.0938929925438308,0.143202679403689,0.1347215705100122,0.1007971349353049,0.0985914603818751,1.0,-0.0046984678380442,456.0,80.0,298.0,834.0,397.4930046461354,69.73561485019918,259.76516531699195,1.0
23206,愛知県,春日井市,306575,341.2,-0.2259528130671506,5,2,4,7,1,0.6523689146212183,1.3047378292424363,2.283291201174264,-0.3986629810248293,0.1449989530988455,-0.0177975358670722,-0.1736287901537752,1.0,0.0072127958346523,0.0475000641699251,0.0288168615105194,-0.0459159491271032,-0.1719851888574285,1.0,0.1791979846920808,1359.0,779.0,527.0,2671.0,443.28467748511787,254.09769224496452,171.89920900269104,1.0
23207,愛知県,豊川市,182642,319.8,-0.2074349442379182,3,1,3,8,1,0.5475191905476287,1.6425575716428862,4.380153524381029,-0.4365507475948557,0.3972470728984698,0.9686534322235754,0.0138574541303765,1.0,0.0455366073010477,0.0845619605404502,0.0756004103660918,0.0397542096686582,-0.0534129572727707,1.0,0.0989495645738185,684.0,569.0,65.0,1326.0,374.50312633457804,311.53841942160074,35.588747385595866,1.0
23208,愛知県,津島市,58202,522.3,0.6105457909343199,1,1,1,3,0,1.7181540153259336,1.7181540153259336,5.154462045977802,0.0718827653099341,0.152919603944214,0.8392887070462236,0.4684806951777124,1.0,-0.0068733618226609,0.050751204095473,0.0360008403723314,-0.0230006145202352,0.3737502633463075,1.0,-0.3806236251689685,352.0,271.0,0.0,623.0,604.7902133947288,465.61973815332806,0.0,1.0
23209,愛知県,碧南市,71654,403.3,0.1931952662721894,2,2,1,2,0,2.7911910012002124,1.3955955006001062,2.7911910012002124,1.5366875247801453,0.1437680315982055,0.3099332382755115,0.4719903285731813,1.0,0.100520711130005,0.1464046865006035,0.1408408088398725,0.1185852981969486,0.2385435019181523,1.0,-0.1380227907881473,430.0,114.0,0.0,544.0,600.1060652580455,159.0978870684121,0.0,1.0
23210,愛知県,刈谷市,155197,447.8,0.1097893432465924,3,1,2,4,1,0.6443423519784531,1.2886847039569065,2.5773694079138125,-0.1465418395610052,0.4176367803330969,0.2894469509289767,0.1316488634004062,1.0,0.1566037588538867,0.2166704009084616,0.2042575101632426,0.1546059471823664,0.1690483743927022,1.0,-0.0124446155388155,828.0,443.0,207.0,1484.0,533.5154674381592,285.44366192645475,133.3788668595398,1.0
23211,愛知県,豊田市,419477,379.8,-0.0935560859188543,11,3,4,6,1,0.715176279033177,0.953568372044236,1.430352558066354,-0.282156779891264,-0.09491597505978,-0.3380355692665416,-0.1681521305866282,1.0,0.0919709787893643,0.1376864174768499,0.1315318058878401,0.1069133595318008,-0.1239480176900157,1.0,0.21591899647938,2079.0,428.0,704.0,3217.0,495.6171613699917,102.03181580873326,167.82803347978555,1.0
23212,愛知県,安城市,182975,568.9,0.4240300375469337,2,1,1,2,0,0.5465227490094275,0.5465227490094275,1.093045498018855,-0.1827069516884079,-0.4076274612069681,-0.4467934534919472,0.0473104912309479,1.0,0.1677294592770206,0.2261560640484439,0.2138788303050452,0.1647698953314504,0.0612873393009663,1.0,0.1064421199760542,1087.0,104.0,186.0,1377.0,594.0702281732476,56.83836589698046,101.65323131575352,1.0
23213,愛知県,西尾市,168300,201.4,-0.519790176442537,3,2,3,2,0,1.1883541295306002,1.7825311942959,1.1883541295306002,0.4618732390799385,0.630474394311813,-0.4560110839501402,-0.1413509438510299,1.0,0.071489760013567,0.1053934711252202,0.1006694643396212,0.0817734371972251,-0.4007961191613223,1.0,0.4722858791748894,475.0,371.0,0.0,846.0,282.2341057635175,220.43969102792633,0.0,1.0
23214,愛知県,蒲郡市,77404,344.9,0.0,1,1,1,2,0,1.291922898041445,1.291922898041445,2.58384579608289,-0.092951364313803,0.0472512878590583,-0.0779952687414576,-0.0232018699951205,1.0,-0.0210131499193516,0.009890488253527,0.0023721101519005,-0.0277014022546054,0.0171879782048769,1.0,-0.0382011281242285,439.0,259.0,0.0,698.0,567.1541522401943,334.6080305927342,0.0,1.0
23215,愛知県,犬山市,71265,319.9,0.0,2,1,1,2,1,1.403213358591174,1.403213358591174,2.806426717182348,-0.0264435926025224,0.1349449674734497,0.115589994862824,0.0322915258299365,1.0,-0.0463819280688289,-0.0107663309953978,-0.0261483283449448,-0.0876763177431328,0.1904762290429695,1.0,-0.2368581571117984,336.0,206.0,332.0,874.0,471.47968848663436,289.0619518697818,465.8668350522697,1.0
23216,愛知県,常滑市,57761,157.5,-0.4653767820773931,1,1,1,0,0,1.7312719655130626,1.7312719655130626,0.0,0.3869480386550474,0.3518093532598696,-0.8,-0.2225273803187065,1.0,0.0328197264213685,0.0502021933954981,0.0375763230617223,-0.0129271582733813,-0.2156564654345151,1.0,0.2484761918558836,264.0,0.0,0.0,266.0,457.05579889544845,0.0,0.0,1.0
23217,愛知県,江南市,96167,694.6,0.8532550693703309,2,0,1,1,0,0.0,1.0398577474601474,1.0398577474601474,-0.8,-0.041344845553477,-0.5735756030141095,0.1743894674000274,1.0,0.0117793366785956,0.0562243875743534,0.0423884451666691,-0.0129553244640678,0.3258084319800888,1.0,-0.3140290953014931,722.0,87.0,221.0,1030.0,750.7772936662265,90.46762402903283,229.80856218869258,1.0
23219,愛知県,小牧市,148071,432.2,0.0775367738718524,3,1,1,3,0,0.675351689392251,0.675351689392251,2.026055068176753,-0.2410055585936527,-0.3189470386536718,-0.052015530659877,-0.0650771101798366,1.0,0.0297906742977046,0.0750342793244135,0.0629631399038601,0.0146785822216466,-0.1149508237657065,1.0,0.1447414980634112,640.0,170.0,0.0,810.0,432.2250812110406,114.80978719668266,0.0,1.0
23220,愛知県,稲沢市,129054,241.8,-0.3971578160059835,3,3,0,1,2,2.32460830350086,0.0,0.7748694345002867,1.3116418060769974,-0.8,-0.6640371927162758,-0.1558561256950336,1.0,0.0059530968607718,0.043826101345435,0.0345642730862801,-0.0024830399503391,-0.2426789716879793,1.0,0.2486320685487511,521.0,60.0,321.0,902.0,403.7069753746494,46.4921660700172,248.73308847459205,1.0
23221,愛知県,新城市,40530,281.3,-0.3287998091147698,1,1,0,2,0,2.467308166790032,0.0,4.934616333580064,0.0589447649256904,-0.8,0.1671265042891647,-0.2475419759288721,1.0,-0.0791867968685529,-0.0531777128170436,-0.0445274961060302,-0.0099266292619767,-0.2848061383664551,1.0,0.2056193414979021,199.0,100.0,0.0,299.0,490.9943251912164,246.7308166790032,0.0,1.0
23222,愛知県,東海市,114369,369.9,0.0076273494960499,2,1,0,3,0,0.8743628081035946,0.0,2.6230884243107835,0.0092559692218379,-0.8,0.2538574788754184,-0.0762565095762946,1.0,0.0412881431185632,0.0792280757221315,0.0632158259561581,-0.0008331731077356,-0.0623085152743401,1.0,0.1035966583929033,708.0,0.0,0.0,708.0,619.0488681373449,0.0,0.0,1.0
23223,愛知県,大府市,95114,420.5,0.0919241755388209,2,1,1,1,1,1.051369935025338,1.051369935025338,1.051369935025338,0.1815827946830042,-0.0469968080647942,-0.5065818057520791,-0.0007581453665196,1.0,0.0853179437778437,0.1327067106781314,0.1101834022370396,0.0200901684726726,0.0618836988004401,1.0,0.0234342449774036,583.0,80.0,186.0,849.0,612.948672119772,84.10959480202703,195.55480791471285,1.0
23224,愛知県,知多市,81132,0.0,-1.0,0,1,1,1,0,1.2325592861016614,1.2325592861016614,1.2325592861016614,-0.0643372766645885,0.0409723876775915,-0.5207543577540419,-0.5848347508443853,1.0,0.0012322674275878,0.0349196327663766,0.02529700056766,-0.0131935282272064,-0.6677370164824521,1.0,0.66896928391004,104.0,182.0,0.0,286.0,128.18616575457278,224.3257900705024,0.0,1.0
23225,愛知県,知立市,72595,173.6,-0.530683968640173,2,0,2,1,0,0.0,2.755010675666368,1.377505337833184,-0.8,1.598678072093108,-0.3535232711936532,-0.2385687641851683,1.0,0.1661653132382571,0.2326608308133058,0.2179733248448194,0.1592233009708739,-0.3869119155261203,1.0,0.5530772287643775,179.0,101.0,0.0,280.0,246.57345547213998,139.1280391211516,0.0,1.0
23226,愛知県,尾張旭市,82779,302.0,-0.1088816760106226,1,1,0,0,0,1.2080358545041618,0.0,0.0,0.0159096098394946,-0.8,-0.8,-0.2912589160374124,1.0,0.07108899735395,0.1217217539968732,0.1052039421445543,0.0391326947352788,-0.2946393585756004,1.0,0.3657283559295504,250.0,0.0,0.0,250.0,302.00896362604044,0.0,0.0,1.0
23227,愛知県,高浜市,46682,0.0,-1.0,0,0,0,1,0,0.0,0.0,2.1421532924896103,0.0,-0.8,-0.063735249803855,-0.6295602874705782,1.0,0.2070063347482552,0.2720104116006471,0.2603630462616497,0.2137735849056603,-0.6821742039747716,1.0,0.8891805387230268,48.0,94.0,0.0,142.0,102.8233580395013,201.36240949402338,0.0,1.0
23228,愛知県,岩倉市,47197,127.1,-0.4643910661609777,1,0,1,1,0,0.0,2.118778735936606,2.118778735936606,-0.8,0.4283983227245624,-0.2128404389647634,-0.359861850516519,1.0,0.0155473226047983,0.0560985424663016,0.0429417879681987,-0.009685230024213,-0.4072084267353079,1.0,0.4227557493401062,120.0,21.0,0.0,141.0,254.25344831239275,44.494353454668726,0.0,1.0
23229,愛知県,豊明市,68351,1836.1,4.739606126914661,1,0,1,1,2,0.0,1.463036385714913,1.463036385714913,-0.8,0.172060476960896,-0.3599469179629825,2.1816200973070177,1.0,0.0105098332070226,0.049456242436379,0.0348792897673332,-0.0234285209088498,1.1850381548538484,1.0,-1.174528321646826,1325.0,0.0,544.0,1869.0,1938.5232110722593,0.0,795.8917938289125,1.0
23230,愛知県,日進市,93550,175.3,-0.5447935601142561,1,2,0,3,0,2.1378941742383755,0.0,3.206841261357563,1.3833134727185077,-0.8,0.5107746265483677,-0.0391178915311713,1.0,0.1761745741804841,0.2405723080549103,0.2225701688753786,0.1505616121572515,-0.261749453346151,1.0,0.4379240275266352,202.0,361.0,0.0,563.0,215.9273115980759,385.88989845002675,0.0,1.0
23231,愛知県,田原市,56628,363.8,0.1501738855516914,1,1,0,1,0,1.7659108568199475,0.0,1.7659108568199475,0.1330239334538885,-0.8,-0.4076478714789318,-0.0794554512552163,1.0,0.0349640122362838,0.0734247803078244,0.082021646125072,0.1164091093940626,-0.2269007160215659,1.0,0.2618647282578498,261.0,55.0,0.0,316.0,460.9027336300063,97.12509712509713,0.0,1.0
23232,愛知県,愛西市,58015,0.0,-1.0,0,0,0,0,0,0.0,0.0,0.0,-0.8,-0.8,-0.8,-0.9,1.0,-0.0728860981147964,-0.0335964976765105,-0.0466139299262339,-0.0986836589251278,-0.7940674821521788,1.0,0.7211813840373824,,,,,,,,0.0
23233,愛知県,清須市,67723,118.1,-0.6505917159763314,2,0,1,2,0,0.0,1.4766032219482303,2.9532064438964607,-0.8,0.1585844618169538,0.360132268364322,-0.4074883484609743,1.0,0.0401223703889771,0.0709229284528475,0.059058665247776,0.01160161242749,-0.411801592286199,1.0,0.4519239626751762,120.0,160.0,0.0,280.0,177.19238663378763,236.25651551171683,0.0,1.0
23234,愛知県,北名古屋市,87084,124.0,-0.665948275862069,1,1,1,2,0,1.1483165679114418,1.1483165679114418,2.2966331358228835,0.1306955923330146,0.040879445107312,0.0047827809707869,-0.2999856855527167,1.0,-0.012861094846968,0.0244531790496277,-0.0025412183039571,-0.1105188077182971,-0.3775127312277376,1.0,0.3646516363807695,188.0,143.0,0.0,331.0,215.88351476735104,164.2092692113362,0.0,1.0
23235,愛知県,弥富市,42251,1263.9,4.233540372670808,1,0,1,1,0,0.0,2.3668078862038766,2.3668078862038766,0.0,,-0.1235820700566813,2.4685092656787075,0.85,0.0148692588478887,0.0564307034971788,0.0437739174522262,-0.0068532267275842,1.351826057429888,1.0,-1.3369567985819992,534.0,120.0,0.0,660.0,1263.8754112328702,284.0169463444652,0.0,1.0
23236,愛知県,みよし市,61961,0.0,-1.0,1,0,0,2,0,0.0,0.0,3.2278368651248366,-0.8,-0.8,0.4851597482235414,-0.7072260377664688,1.0,0.2381162708273254,0.3359087491429363,0.3138582440222237,0.2256562235393733,-0.4798513952291809,1.0,0.7179676660565063,113.0,174.0,0.0,287.0,182.37278287955326,280.8218072658608,0.0,1.0
23237,愛知県,あま市,84623,106.4,-0.689705453484981,1,1,1,0,0,1.181711827753684,1.181711827753684,0.0,-0.0062278388510981,0.0339569197573279,-0.8,-0.4610047565491109,1.0,-0.0446262056520718,-0.0045330447338426,-0.0284098102146894,-0.1239168721380767,-0.39623534459528,1.0,0.3516091389432081,180.0,0.0,480.0,660.0,212.70812899566312,0.0,567.2216773217683,1.0
23238,愛知県,長久手市,62845,1357.3,2.615610015982952,2,0,0,0,1,0.0,0.0,0.0,-0.8,-0.8,-0.8,0.9078050079914758,1.0,0.289847014235906,0.3713162909714332,0.3556513655959178,0.2929916640938561,1.146911127373438,1.0,-0.8570641131375321,911.0,0.0,47.0,958.0,1449.5982178375368,0.0,74.78717479513088,1.0
23302,愛知県,東郷町,44136,0.0,-1.0,0,0,0,0,0,0.0,0.0,0.0,0.0,-0.8,-0.8,-0.74,1.0,0.0696216465097787,0.1230080137960606,0.1010340159900348,0.0131380247659318,-0.4924615118981459,1.0,0.5620831584079247,0.0,0.0,511.0,511.0,0.0,0.0,1157.7850280949792,1.0
23342,愛知県,豊山町,15912,0.0,-1.0,0,0,0,0,0,0.0,0.0,0.0,0.0,0.0,-0.8,-0.62,1.0,0.0264667356719251,0.0640152600686278,0.0403130254935943,-0.0544959128065395,-0.7747570738455578,1.0,0.801223809517483,,,,,,,,0.0
23361,愛知県,大口町,24607,910.3,4.85025706940874,1,1,1,1,0,4.063884260576259,4.063884260576259,4.063884260576259,,,0.4805008147043861,3.841851779861581,0.65,0.0644663324689545,0.1066662117839876,0.0888718713267477,0.0176945094977882,1.3944899078962378,1.0,-1.3300235754272831,224.0,166.0,0.0,390.0,910.310074369082,674.604787255659,0.0,1.0
23362,愛知県,扶桑町,33767,0.0,-1.0,0,0,0,0,0,0.0,0.0,0.0,0.0,0.0,-0.8,-0.62,1.0,0.0010155893080847,0.0402873892905504,0.0192012988717061,-0.0651430628036709,-0.679067877032854,1.0,0.6800834663409387,,,,,,,,0.0
23424,愛知県,大治町,32847,0.0,-1.0,0,0,0,0,0,0.0,0.0,0.0,0.0,0.0,-0.8,-0.62,1.0,0.1301202931421692,0.2032283331894123,0.1740600201204176,0.057386767844439,-0.7293577267153628,1.0,0.859478019857532,,,,,,,,0.0
23425,愛知県,蟹江町,36798,0.0,-1.0,0,1,1,1,0,2.717538996684602,2.717538996684602,2.717538996684602,,,0.0336159845343757,-0.761473234338221,0.65,0.0317574945398378,0.0738484104243416,0.06174539500614,0.0133333333333334,-0.3988610817848256,1.0,0.4306185763246635,58.0,126.0,0.0,184.0,157.61726180770694,342.4099135822599,0.0,1.0
23427,愛知県,飛島村,4595,0.0,,0,0,0,0,0,0.0,0.0,0.0,0.0,0.0,0.0,0.0,0.5,0.0492986683446095,0.0597629287255696,0.0652991322181238,0.0874439461883407,0.1817495774656046,0.55,-0.1324509091209951,,,,,,,,0.0
23441,愛知県,阿久比町,28679,0.0,-1.0,0,0,0,0,0,0.0,0.0,0.0,0.0,0.0,-0.8,-0.62,1.0,0.0015529819812949,0.0217867760620957,0.0109941964635631,-0.0321761219305672,-0.6510935874056349,1.0,0.6526465693869299,,,,,,,,0.0
23442,愛知県,東浦町,49008,0.0,-1.0,0,0,0,0,0,0.0,0.0,0.0,-0.8,-0.8,-0.8,-0.9,1.0,0.0644244050320323,0.1072747670929666,0.0955961393843507,0.0488816285498869,-0.7578229217252593,1.0,0.8222473267572916,0.0,0.0,152.0,152.0,0.0,0.0,310.1534443356187,1.0
23445,愛知県,南知多町,15001,0.0,-1.0,0,0,0,0,1,0.0,0.0,0.0,0.0,0.0,-0.8,-0.62,1.0,-0.1330015185134315,-0.102526591960277,-0.0927508873021271,-0.0536480686695278,-0.5511783932632524,1.0,0.4181768747498208,0.0,0.0,218.0,218.0,0.0,0.0,1453.2364509032732,1.0
23446,愛知県,美浜町,21313,769.5,3.836580766813325,2,1,1,1,0,4.691972035846667,4.691972035846667,4.691972035846667,,,0.1911169535578687,2.9953198868312967,0.65,0.0090561787232537,0.0611254217712874,0.0622046431741658,0.0665215287856797,1.3428619114530034,1.0,-1.3338057327297497,273.0,31.0,0.0,310.0,1280.90836578614,145.45113311124666,0.0,1.0
23447,愛知県,武豊町,43350,166.1,-0.1925133689839572,0,1,0,2,0,2.306805074971165,0.0,4.61361014994233,,-0.8,0.7140285952562888,-0.1364404940044191,0.8,0.0357868357052297,0.0770130460523533,0.0622574956654121,0.003235294117647,-0.3594328242953678,1.0,0.3952196600005976,72.0,120.0,0.0,192.0,166.0899653979239,276.8166089965398,0.0,1.0
23501,愛知県,幸田町,41137,0.0,-1.0,0,0,0,0,1,0.0,0.0,0.0,0.0,-0.8,-0.8,-0.74,1.0,0.1507973989486826,0.1977680954142374,0.1870109592037109,0.1439824143616046,-0.5950453803690964,1.0,0.745842779317779,0.0,0.0,445.0,445.0,0.0,0.0,1081.7512215280647,1.0
23561,愛知県,設楽町,3898,0.0,,0,0,0,0,0,0.0,0.0,0.0,0.0,0.0,0.0,0.0,0.5,-0.271305746247358,-0.2626345331795988,-0.2569778555513126,-0.2343511450381679,-0.2656132178390403,0.55,-0.0056925284083176,,,,,,,,0.0
23562,愛知県,東栄町,2583,0.0,,0,0,0,0,0,0.0,0.0,0.0,0.0,0.0,0.0,0.0,0.5,-0.2755689229589335,-0.271529126002281,-0.2638275162584993,-0.2330210772833724,-0.0564180838545412,0.55,-0.2191508391043923,,,,,,,,0.0
23563,愛知県,豊根村,887,0.0,,0,0,0,0,0,0.0,0.0,0.0,0.0,0.0,0.0,0.0,0.5,-0.2477312817061871,-0.2482303547887889,-0.2376253797214421,-0.1952054794520548,0.0734850442632731,0.55,-0.3212163259694603,,,,,,,,0.0
24201,三重県,津市,266699,731.2,0.3983553260661696,16,2,6,11,4,0.749909073524835,2.2497272205745054,4.124499904386593,-0.3124877834971534,0.8386305365726552,0.5411133491626057,0.3436416891939433,1.0,0.0006623750566866,0.0315363572223306,0.0282153204631848,0.0149311734266019,0.2843397010683695,1.0,-0.2836773260116829,2576.0,561.0,828.0,3893.0,965.8828866999876,210.34949512371625,310.46235643928173,1.0
24202,三重県,四日市市,300635,455.0,0.0322141560798547,10,3,4,7,2,0.997887804147887,1.3305170721971826,2.3284048763450693,-0.0801724852779302,0.1541413170578944,0.0245023049257211,0.0268691242818836,1.0,0.0339775145555826,0.0763158183271344,0.0645223320537302,0.0173483869601136,-0.0005815383172517,1.0,0.0345590528728343,1761.0,605.0,654.0,3026.0,585.7601410348096,201.24070716982388,217.53954130423938,1.0
24203,三重県,伊勢市,117152,680.3,0.4961513085550912,3,1,2,3,1,0.8535919147773832,1.7071838295547663,2.5607757443321497,-0.3486029661691426,0.5160520240012567,-0.1686218610190685,0.2304695854910453,1.0,-0.0416446080952173,-0.0099497822391944,-0.0109249223687869,-0.0148254828871569,0.4376998331773726,1.0,-0.4793444412725899,990.0,193.0,9.0,1196.0,845.0559956296095,164.74323955203496,7.68232723299645,1.0
24204,三重県,松阪市,151069,709.6,0.5500218435998252,4,1,1,6,2,0.6619491755423019,0.6619491755423019,3.971695053253812,-0.3685958693600759,-0.4689591373381889,0.535060712624611,0.2112069842208607,1.0,0.0059136461384476,0.0405927714335073,0.0397078850460839,0.0361683394963903,0.2815399434094425,1.0,-0.2756262972709948,1221.0,322.0,795.0,2340.0,808.2399433371506,213.1476345246212,526.24959455613,1.0
24205,三重県,桑名市,136146,458.3,0.1529559748427673,4,2,1,4,1,1.4690112085555214,0.7345056042777607,2.9380224171110427,0.5574500068774075,-0.3813585659066878,0.3549265563511881,0.1840031873635402,1.0,0.0402875196372093,0.0806963254123849,0.0729796030176899,0.0421127134389101,0.1082099452835586,1.0,-0.0679224256463493,650.0,357.0,222.0,1229.0,477.4286427805444,262.2185007271606,163.06024414966285,1.0
24207,三重県,鈴鹿市,187922,415.6,-0.0352831940575673,5,1,2,5,1,0.5321356733112674,1.0642713466225349,2.660678366556337,-0.4538180189101609,-0.0946740318205697,0.1769456922643482,-0.096064451744249,1.0,0.0952189708213622,0.1523480383609853,0.1429659595346296,0.1054376442292066,0.0077158998547245,1.0,0.0875030709666377,1305.0,239.0,539.0,1859.0,694.437053671204,127.18042592139292,286.8211279147732,1.0
24208,三重県,名張市,71965,287.6,-0.4036906489736678,2,1,0,1,0,1.389564371569513,0.0,1.389564371569513,-0.1483163779654063,-0.8,-0.5524608959467194,-0.434377734471923,1.0,-0.0152671340310597,0.0148703798390913,0.0231741829566987,0.0563893954271286,-0.3605259157562373,1.0,0.3452587817251776,255.0,40.0,0.0,295.0,354.3389147502258,55.58257486278052,0.0,1.0
24209,三重県,尾鷲市,14351,836.2,2.3785858585858586,1,1,0,0,0,6.968155529231412,0.0,0.0,,0.0,-0.8,1.3366161616161614,0.8,-0.2574087889602226,-0.2406650861312948,-0.2391074113707892,-0.2328767123287671,0.9485454932640612,1.0,-1.205954282224284,143.0,56.0,0.0,199.0,996.4462406800919,390.2167096369591,0.0,1.0
24210,三重県,亀山市,49370,93.2,-0.655580192165558,1,0,0,2,0,0.0,0.0,4.051043143609479,-0.8,-0.8,0.56136174380831,-0.5235858345115325,1.0,0.0685104177335112,0.1030485461568301,0.1021401796284381,0.09850671351487,-0.3620527603541349,1.0,0.4305631780876461,90.0,155.0,0.0,245.0,182.29694146242656,313.95584362973466,0.0,1.0
24211,三重県,鳥羽市,15513,0.0,-1.0,0,0,0,0,0,0.0,0.0,0.0,0.0,0.0,-0.8,-0.62,1.0,-0.1328132411117084,-0.1089497050288976,-0.0940475191251589,-0.0344387755102041,-0.6728896781340512,1.0,0.5400764370223428,,,,,,,,0.0
24212,三重県,熊野市,14592,0.0,-1.0,0,0,0,0,1,0.0,0.0,0.0,0.0,0.0,-0.8,-0.62,1.0,-0.2085868056349558,-0.1948937659897863,-0.1925354053241412,-0.1831019626615605,-0.2423035512255792,1.0,0.0337167455906234,0.0,0.0,295.0,295.0,0.0,0.0,2021.6557017543857,1.0
24214,三重県,いなべ市,43953,0.0,-1.0,1,0,0,1,1,0.0,0.0,2.27515755466066,-0.8,-0.8,-0.1493734501614934,-0.802406017524224,1.0,0.039270045926098,0.0743747100321955,0.0735611825040112,0.0703070723912742,-0.4147292066704075,1.0,0.4539992525965056,326.0,48.0,174.0,548.0,741.7013628193753,109.2075626237117,395.87741451095485,1.0
24215,三重県,志摩市,41412,352.6,-0.209594261376373,1,1,0,2,1,2.4147590070510963,0.0,4.8295180141021925,-0.1292031755485797,-0.8,-0.0446767463781151,-0.2573392777546197,1.0,-0.135169918232626,-0.0994939977114804,-0.0976988732854022,-0.0905183755810893,-0.1312642762526917,1.0,-0.0039056419799343,283.0,90.0,100.0,473.0,683.3767989954603,217.32831063459867,241.47590070510964,1.0
24216,三重県,伊賀市,84149,686.9,0.4242172921418203,3,1,1,0,1,1.1883682515537914,1.1883682515537914,0.0,-0.1797110839172243,-0.0779681128478432,-0.8,0.0444712123602888,1.0,-0.0659713710752019,-0.0436509006135641,-0.0411515387200481,-0.0311540911459841,-0.0244638423657168,1.0,-0.0415075287094851,628.0,40.0,410.0,1078.0,746.295261975781,47.53473006215166,487.2309831370545,1.0
24303,三重県,木曽岬町,5656,0.0,,0,0,0,0,0,0.0,0.0,0.0,0.0,0.0,0.0,0.0,0.5,-0.0822012010923393,-0.0514965258811933,-0.0469205911342074,-0.0286168521462638,0.0575648356243233,0.55,-0.1397660367166626,,,,,,,,0.0
24324,三重県,東員町,25548,0.0,-1.0,0,0,0,0,1,0.0,0.0,0.0,0.0,0.0,-0.8,-0.62,1.0,-0.0294006066282672,-0.0212729844035684,-0.0115634546440991,0.027274664393778,-0.5111689177921312,1.0,0.481768311163864,0.0,0.0,489.0,489.0,0.0,0.0,1914.0441521841242,1.0
24341,三重県,菰野町,39615,368.5,0.5108651086510865,1,1,1,1,0,2.524296352391771,2.524296352391771,2.524296352391771,,,-0.052909284513567,0.3807633256130895,0.65,0.0778196689158359,0.1224650648461936,0.1101682921337178,0.0609812012838146,-0.1641562589886758,1.0,0.2419759279045117,146.0,84.0,0.0,230.0,368.5472674491985,212.04089360090873,0.0,1.0
24343,三重県,朝日町,11195,0.0,-1.0,0,0,0,0,0,0.0,0.0,0.0,0.0,0.0,0.0,-0.5,1.0,0.0742737655813968,0.147834536269142,0.1065383057070429,-0.0586466165413533,-0.6818782867766876,1.0,0.7561520523580844,,,,,,,,0.0
24344,三重県,川越町,15394,0.0,-1.0,0,0,0,0,0,0.0,0.0,0.0,0.0,0.0,-0.8,-0.62,1.0,0.1942051670179646,0.2769495648530934,0.2492572860428902,0.1384881708020773,-0.7979484341395144,1.0,0.9921536011574792,,,,,,,,0.0
24441,三重県,多気町,13213,0.0,,0,0,0,0,0,0.0,0.0,0.0,0.0,0.0,0.0,0.0,0.5,-0.0413831705852878,-0.0119351018277631,-0.008062932947359,0.0074257425742574,-0.7314427329901078,1.0,0.6900595624048199,,,,,,,,0.0
24442,三重県,明和町,21911,205.4,0.3925423728813559,2,0,1,1,0,0.0,4.563917666925288,4.563917666925288,0.0,,0.158608718505721,0.2588970520194543,0.85,0.0085095259808421,0.0344752461255829,0.0357961593417809,0.0410798122065727,0.6282533457909361,1.0,-0.619743819810094,129.0,180.0,0.0,309.0,588.7453790333623,821.5051800465519,0.0,1.0
24443,三重県,大台町,7794,731.3,,1,0,0,1,0,0.0,0.0,12.830382345393891,0.0,0.0,,0.0,0.35,-0.1966508319197647,-0.1800479710797716,-0.1746414371698478,-0.1530153015301529,0.5515518310183446,1.0,-0.7482026629381093,57.0,53.0,0.0,110.0,731.3317936874519,680.0102643058763,0.0,1.0
24461,三重県,玉城町,14733,0.0,,0,0,0,1,0,0.0,0.0,6.7874838797257855,0.0,0.0,0.7324107034446732,0.2197232110334019,0.5,0.069060021994577,0.1107745225236098,0.1082243611018918,0.0980237154150198,-0.0147983880080854,1.0,0.0838584100026625,0.0,50.0,0.0,50.0,0.0,339.3741939862893,0.0,1.0
24470,三重県,度会町,7332,0.0,,0,0,0,0,0,0.0,0.0,0.0,0.0,0.0,0.0,0.0,0.5,-0.0396943069997646,-0.0056780677528139,0.0044783173111019,0.0451038575667654,-0.3779636522898933,0.55,0.3382693452901287,,,,,,,,0.0
24471,三重県,大紀町,6855,0.0,,0,0,0,0,0,0.0,0.0,0.0,0.0,0.0,0.0,0.0,0.5,-0.260761698774936,-0.2390274191480789,-0.2360653591180456,-0.2242171189979123,-0.6237057149184521,1.0,0.362944016143516,,,,,,,,0.0
24472,三重県,南伊勢町,9180,0.0,,1,0,0,0,0,0.0,0.0,0.0,0.0,0.0,0.0,0.0,0.5,-0.3416819599610641,-0.3209889672877281,-0.3198884680155596,-0.3154864709268854,-0.062461676503701,1.0,-0.279220283457363,50.0,0.0,0.0,50.0,544.6623093681917,0.0,0.0,1.0
24543,三重県,紀北町,12755,211.7,-0.1010615711252654,1,0,0,2,0,0.0,0.0,15.680125441003527,0.0,0.0,1.3803662849828453,0.156524157184794,1.0,-0.2082058494631108,-0.1795088241902139,-0.1785019694559949,-0.1744745505191187,0.0497366142708949,1.0,-0.2579424637340058,27.0,237.0,0.0,264.0,211.68169345354764,1858.094864758918,0.0,1.0
24561,三重県,御浜町,7464,1313.0,,1,1,1,0,0,13.397642015005358,13.397642015005358,0.0,,,0.0,0.0,0.15,-0.084578775318854,-0.0533632627615756,-0.0498870120083609,-0.0359820089955023,1.0802723460611772,1.0,-1.1648511213800312,200.0,40.0,0.0,244.0,2679.528403001072,535.9056806002144,0.0,1.0
24562,三重県,紀宝町,9522,0.0,,0,0,0,0,0,0.0,0.0,0.0,0.0,0.0,0.0,0.0,0.5,-0.1056503543532969,-0.0781449807308326,-0.0723190480419965,-0.049015317286652,-0.5732304106533458,1.0,0.4675800563000488,,,,,,,,0.0
25201,滋賀県,大津市,346490,539.1,0.1040344050788451,8,4,0,9,3,1.1544344714133163,0.0,2.597477560679962,0.0456369714549895,-0.8,0.0816184008213098,-0.046612643046383,1.0,0.1357154446157581,0.18186217086112,0.1781861788832229,0.1634822109716347,0.033372737815589,1.0,0.102342706800169,2156.0,684.0,772.0,3657.0,622.2401800917776,197.40829461167712,222.80585298277006,1.0
25202,滋賀県,彦根市,110479,399.2,0.0754310344827586,3,2,1,3,0,1.810298789815259,0.9051493949076296,2.715448184722889,0.967291710725869,-0.1331533205699487,0.281734166549884,0.2534609862835434,1.0,0.1114365853227764,0.1577358919354415,0.1536735780637238,0.137424322576853,-0.018345704207905,1.0,0.1297822895306814,695.0,209.0,0.0,918.0,629.0788294608025,189.17622353569456,0.0,1.0
25203,滋賀県,長浜市,108940,629.7,0.5966024340770792,3,0,1,2,1,0.0,0.9179364787956674,1.8358729575913348,-0.8,-0.1437515620525412,-0.2862942616209523,0.0737943434875155,1.0,-0.0105203341696772,0.0242616637459935,0.0230211852878012,0.0180592714550318,0.4188546432717494,1.0,-0.4293749774414266,928.0,161.0,246.0,1339.0,851.8450523223793,147.78777308610242,225.81237378373416,1.0
25204,滋賀県,近江八幡市,79767,486.4,0.4314302530900529,1,1,1,1,0,1.2536512592926898,1.2536512592926898,1.2536512592926898,-0.0375924487101516,0.0587858607827591,-0.5201381953325303,0.1389937866205304,1.0,0.0168788908941959,0.041972701751029,0.0406030788430328,0.0351245872110477,0.3967796832918963,1.0,-0.3799007923977003,469.0,102.0,350.0,925.0,587.9624406082715,127.87242844785438,438.7779407524415,1.0
25206,滋賀県,草津市,148095,333.6,-0.1577884372633173,3,2,2,4,0,1.3504844863094636,1.3504844863094636,2.700968972618927,0.78877269490058,0.4525598235472412,0.3299292593112661,0.1962336827772334,1.0,0.1546749807285518,0.2104594427077347,0.1958255815831411,0.1372901370847665,0.0295910473014841,1.0,0.1250839334270677,868.0,238.0,123.0,1229.0,586.1102670583072,160.70765387082616,83.054795908032,1.0
25207,滋賀県,守山市,85306,696.3,0.8548215237080448,2,0,1,2,0,0.0,1.1722504864839518,2.344500972967904,-0.8,0.0193810722953831,0.0625740932375817,0.2797040366839671,1.0,0.1763725262271001,0.231842354988067,0.2193836718314235,0.1695489392048492,0.3786004872933379,1.0,-0.2022279610662377,786.0,48.0,0.0,834.0,921.3888823763863,56.268023351229694,0.0,1.0
25208,滋賀県,栗東市,69843,554.1,0.4979724249797244,1,0,0,0,0,0.0,0.0,0.0,-0.8,-0.8,-0.8,-0.1510137875101378,1.0,0.1807466280617521,0.2519819983271011,0.231406475746301,0.1491043854231006,0.3548648764893963,1.0,-0.1741182484276441,387.0,0.0,0.0,393.0,554.0999097976891,0.0,0.0,1.0
25209,滋賀県,甲賀市,85284,477.2,0.3916593759113445,2,2,1,3,0,2.3451057642699684,1.1725528821349842,3.5176586464049526,0.8673433612149775,0.0386441236699244,0.3983136517500201,0.4348420265116594,1.0,0.0293218567105594,0.0647542557678021,0.0684745745683081,0.0833558497703323,0.2486221443060542,1.0,-0.2193002875954948,729.0,99.0,407.0,1239.0,854.7910510764036,116.08273533136345,477.22902302893857,1.0
25210,滋賀県,野洲市,50079,205.7,-0.1566215662156622,1,1,1,2,1,1.9968449849238208,1.9968449849238208,3.993689969847641,0.3854209823115724,0.3945692346902161,0.5053416983358303,0.1337600533083903,1.0,0.0371810593248315,0.0718851209384326,0.0636829262609755,0.0308741475511469,-0.1027230930846907,1.0,0.1399041524095223,342.0,0.0,116.0,458.0,682.9209848439466,0.0,231.63401825116318,1.0
25211,滋賀県,湖南市,53460,185.2,-0.3155949741315595,1,0,1,1,0,0.0,1.8705574261129816,1.8705574261129816,-0.8,0.3366810812893324,-0.2641681512324674,-0.30692054755725,1.0,0.1072997560493376,0.1498099788796683,0.1567379957459597,0.1844500632111252,-0.4765979366987932,1.0,0.5838976927481309,99.0,150.0,0.0,249.0,185.1851851851852,280.58361391694723,0.0,1.0
25212,滋賀県,高島市,43409,516.0,0.1229597388465724,2,1,1,2,0,2.303669745905227,2.303669745905227,4.607339491810454,0.0048032570495282,0.124160770447369,0.0897195793231784,0.0945225732987739,1.0,-0.0585030134113473,-0.0278392109259829,-0.0218261597961338,0.0022260447232622,0.1555367450999937,1.0,-0.2140397585113411,306.0,100.0,0.0,410.0,704.9229422469995,230.3669745905227,0.0,1.0
25213,滋賀県,東近江市,110027,394.4,0.0829214717188357,4,2,2,4,1,1.8177356467048995,1.8177356467048995,3.635471293409799,0.746117724726908,0.7705360538730939,0.5958204096103412,0.3956377503273147,1.0,0.0709929280866536,0.1107802480897509,0.1128459611722981,0.1211088135024869,0.1663315904435796,1.0,-0.0953386623569259,757.0,599.0,56.0,1428.0,688.0129422778045,544.4118261881174,50.89659810773719,1.0
25214,滋賀県,米原市,35628,0.0,-1.0,0,0,0,0,0,0.0,0.0,0.0,0.0,0.0,-0.8,-0.62,1.0,-0.0084534626105469,0.0227957992521121,0.0259417812187684,0.0385257090853936,-0.7242942910568331,1.0,0.715840828446286,,,,,,,,0.0
25383,滋賀県,日野町,20200,544.6,2.423004399748586,1,0,0,1,0,0.0,0.0,4.950495049504951,0.0,0.0,0.2567463183751908,1.2500141476305715,1.0,-0.0046229840631224,0.0205557630947039,0.0264287626152242,0.0499207606973057,0.8383342791945442,1.0,-0.8429572632576666,110.0,40.0,0.0,150.0,544.5544554455445,198.01980198019803,0.0,1.0
25384,滋賀県,竜王町,11323,0.0,,0,0,0,0,0,0.0,0.0,0.0,0.0,0.0,0.0,0.0,0.5,0.0572860171450505,0.0919541388485452,0.1112504561485315,0.1884357253484769,-0.5935832025976298,1.0,0.6508692197426803,,,,,,,,0.0
25425,滋賀県,愛荘町,20891,0.0,-1.0,0,0,0,0,0,0.0,0.0,0.0,0.0,0.0,-0.8,-0.62,1.0,0.1041721139195453,0.1462955144473986,0.1402954167037165,0.116295025728988,-0.7910288961699248,1.0,0.8952010100894701,,,,,,,,0.0
25441,滋賀県,豊郷町,6958,1509.1,,1,1,1,0,1,14.371945961483185,14.371945961483185,0.0,,,0.0,0.0,0.15,0.0440670325896358,0.0741123979494968,0.0776305297133093,0.091703056768559,0.6462824367286312,0.55,-0.6022154041389953,171.0,32.0,110.0,313.0,2457.602759413625,459.9022707674619,1580.9140557631504,1.0
25442,滋賀県,甲良町,5796,0.0,,0,0,0,0,0,0.0,0.0,0.0,0.0,0.0,0.0,0.0,0.5,-0.1045684538791032,-0.0680499800250559,-0.0636580910159295,-0.0460905349794238,-0.3154514296156385,0.55,0.2108829757365352,,,,,,,,0.0
25443,滋賀県,多賀町,7005,0.0,,0,0,0,0,0,0.0,0.0,0.0,0.0,0.0,0.0,0.0,0.5,-0.065874039293976,-0.0540676470975471,-0.0480223295985675,-0.023841059602649,-0.3660605226934001,0.55,0.3001864833994241,,,,,,,,0.0
26101,京都府,京都市北区,114533,231.4,-0.4190308812452925,3,2,2,7,1,1.746221612984904,1.746221612984904,6.111775645447163,0.5635302210566606,0.6723277011298514,1.4632353085280827,0.2235250550373759,1.0,0.0190194801978773,0.0594530128617715,0.0516569417541053,0.0204726573234406,-0.0717292385066994,1.0,0.0907487187045768,434.0,203.0,186.0,698.0,378.9300900177242,177.24149371796776,162.39861000759606,1.0
26102,京都府,京都市上京区,83454,1949.6,4.768047337278106,7,3,0,2,1,3.5947947372205045,0.0,2.39652982481367,2.0,-0.8,0.0160682138744383,2.666433900720219,1.0,0.0196617828498718,0.0583686426167168,0.0431288346411232,-0.017830397261251,1.5112475193636965,1.0,-1.4915857365138248,2267.0,60.0,118.0,2499.0,2716.4665564262946,71.8958947444101,141.39525966400652,1.0
26103,京都府,京都市左京区,164174,846.1,1.0392865750783322,7,3,3,3,1,1.8273295406093533,1.8273295406093533,1.8273295406093533,0.875563918471221,0.5544239641375754,-0.248420035699435,0.7406566604991314,1.0,0.0048778058851931,0.0337342221413771,0.0252138909971334,-0.0088674335798411,0.4212731319649931,1.0,-0.4163953260797999,1377.0,60.0,1371.0,2547.0,838.7442591396933,36.54659081218707,835.0896000584746,1.0
26104,京都府,京都市中京区,111506,734.5,0.9072968060244092,6,0,1,3,0,0.0,0.8968127275662295,2.690438182698689,-0.8,-0.1286291776908961,0.2804080327041842,0.3164152312641977,1.0,0.0722394292845305,0.1145853938967731,0.0974541422719098,0.0289291357724565,0.5334802481377228,1.0,-0.4612408188531922,919.0,0.0,0.0,391.0,824.170896633365,0.0,0.0,1.0
26105,京都府,京都市東山区,35261,1701.6,4.60289759631215,1,1,1,2,0,2.835994441450895,2.835994441450895,5.67198888290179,,,0.9298433369922956,3.7552696903152607,0.65,-0.1401145968905894,-0.1299805128214069,-0.1432242243123621,-0.1961990702761826,1.491973214483173,1.0,-1.6320878113737625,770.0,115.0,0.0,887.0,2183.715719917189,326.13936076685286,0.0,1.0
26106,京都府,京都市下京区,83686,666.8,0.6774842767295597,5,1,2,4,0,1.194943001218842,2.389886002437684,4.779772004875368,0.2671248586406156,1.078228658395191,1.2517978525057925,0.7416710867280505,1.0,0.0292107423734417,0.0653095843115766,0.0433911258848979,-0.0442827078218168,0.790489663302659,1.0,-0.7612789209292172,768.0,141.0,0.0,909.0,917.7162249360705,168.4869631718567,0.0,1.0
26107,京都府,京都市南区,101899,217.9,-0.3990623276337562,3,3,1,0,0,2.9440916986427736,0.9813638995475912,0.0,1.904110274072011,-0.0948917712002129,-0.8,0.0470571253174921,1.0,0.0463829448815292,0.0830074382832329,0.071092461076238,0.0234325522482583,-0.1796939446497526,1.0,0.2260768895312818,509.0,0.0,0.0,509.0,499.51422486972393,0.0,0.0,1.0
26108,京都府,京都市右京区,199622,246.0,-0.4881398252184769,7,1,2,6,1,0.5009467894320265,1.001893578864053,3.005680736592159,-0.4844781719560951,-0.1030828385049728,0.3063271264182756,-0.310478903813462,1.0,0.0177434946706841,0.0541123619969472,0.0422758788032493,-0.0050700539715422,-0.332133673583493,1.0,0.3498771682541772,862.0,160.0,494.0,1516.0,431.8161324904069,80.15148630912425,247.46771397942112,1.0
26109,京都府,京都市伏見区,271668,484.8,-0.0970385546656732,9,2,3,10,0,0.7361927058026709,1.1042890587040064,3.680963529013354,-0.3298291288383856,-0.1039729850705477,0.3865743435421953,-0.0720948993297666,1.0,0.0158708892726686,0.0600834430122203,0.0491304184010487,0.0053183199563624,-0.1150093122385954,1.0,0.130880201511264,1917.0,76.0,301.0,2013.0,705.64070851186,27.975322820501493,110.79700222330197,1.0
26110,京都府,京都市山科区,132385,451.0,-0.0006647462884998,3,3,1,6,2,2.266117762586396,0.7553725875287985,4.532235525172792,0.9304651732469678,-0.3998423205328634,0.5449155483274082,0.2075216456743253,1.0,-0.0122212364970693,0.0277567830594214,0.0140258182679289,-0.0408980408980409,0.0980970673340514,1.0,-0.1103183038311207,783.0,236.0,60.0,1079.0,591.4567360350493,178.26793065679647,45.32235525172791,1.0
26111,京都府,京都市西京区,143826,769.7,0.8551458182694627,6,2,1,3,0,1.3905691599571703,0.6952845799785852,2.0858537399357555,0.3264026060885052,-0.4334872099537823,-0.2041167941747048,0.3972128297331593,1.0,0.0142688157267498,0.0576545008217498,0.048356138234765,0.0111626878868258,0.1143096639994617,1.0,-0.1000408482727119,1453.0,46.0,0.0,1317.0,1010.2484947088843,31.98309067901492,0.0,1.0
26201,京都府,福知山市,74977,494.8,0.3679845175559857,2,1,2,2,0,1.3337423476532804,2.6674846953065607,2.6674846953065607,-0.0746429255214101,1.1411058864829011,-0.0481500431020686,0.3330070501808357,1.0,-0.0206011447630584,0.0037659441261112,-0.000164586371169,-0.0158867083602903,0.3276250203662244,1.0,-0.3482261651292828,515.0,148.0,380.0,620.0,686.8773090414394,197.3938674526855,506.8220921082466,1.0
26202,京都府,舞鶴市,75871,554.9,0.379661859771258,3,2,1,4,1,2.6360533009977463,1.3180266504988731,5.2721066019954925,0.8343582697073717,0.0282813427851436,0.7746810546757492,0.4771469434462372,1.0,-0.1105281032801619,-0.0847488576719446,-0.0920361381826361,-0.1211852602254021,0.2414199742870486,1.0,-0.3519480775672106,483.0,140.0,255.0,703.0,636.6068721909558,184.52373106984223,336.0967958772126,1.0
26203,京都府,綾部市,29790,644.5,0.7745044052863437,2,2,1,1,0,6.71366230278617,3.356831151393085,3.356831151393085,1.210837712941013,,-0.1395813003795165,0.7158618237346435,0.85,-0.1439808215758684,-0.1270500000544043,-0.1315794754974575,-0.1496973772696704,0.2181179099198727,1.0,-0.3620987314957411,344.0,47.0,0.0,391.0,1154.7499160792213,157.77106411547499,0.0,1.0
26204,京都府,宇治市,173161,378.8,-0.1600886917960088,4,1,1,6,1,0.5774972424506672,0.5774972424506672,3.4649834547040035,-0.4742927673473431,-0.5404654242630843,0.4844293415813223,-0.1833083117697373,1.0,-0.0397270824074935,0.00126028133398,-0.0101589561249318,-0.0558359059605794,-0.0230924959767622,1.0,-0.0166345864307312,914.0,293.0,651.0,1153.0,527.8324795999099,169.2066920380455,375.9507048353844,1.0
26205,京都府,宮津市,15124,0.0,-1.0,0,0,0,1,0,0.0,0.0,6.612007405448295,0.0,0.0,0.0624794230726808,-0.4906280865390979,1.0,-0.1834716258380043,-0.164911089715727,-0.1603575729533264,-0.1421435059037239,-0.2729315160904004,1.0,0.089459890252396,64.0,0.0,0.0,64.0,423.16847394869086,0.0,0.0,1.0
26206,京都府,亀岡市,82670,169.3,-0.5810442959663449,2,0,0,3,0,0.0,0.0,3.6288859320188704,-0.8,-0.8,0.3467117663068646,-0.5185153830371427,1.0,-0.011805325928703,0.0222847346572649,0.026521223034926,0.0434671765455705,-0.4200615194614853,1.0,0.4082561935327823,492.0,45.0,0.0,385.0,595.1372928510947,54.43328898028305,0.0,1.0
26207,京都府,城陽市,71469,209.9,-0.5383769518363757,2,1,1,2,0,1.3992080482446936,1.3992080482446936,2.798416096489387,-0.1412920369194513,0.0068806676742885,-0.07495931000433,-0.3076586796515843,1.0,-0.1397607862284547,-0.1139786987651564,-0.1257853384736154,-0.1730118973074514,-0.3254998352834082,1.0,0.1857390490549535,631.0,0.0,0.0,672.0,882.9002784424016,0.0,0.0,1.0
26208,京都府,向日市,55615,100.7,-0.6502257728377909,1,0,0,1,0,0.0,0.0,1.7980760586172797,-0.8,-0.8,-0.26475659854939,-0.644826376201304,1.0,0.0062175438789897,0.0439108257093627,0.0262988189732132,-0.0441492079713847,-0.5221646730148393,1.0,0.528382216893829,110.0,48.0,0.0,158.0,197.78836644790076,86.30765081362942,0.0,1.0
26209,京都府,長岡京市,79488,200.0,-0.3664871713652201,1,1,0,1,0,1.2580515297906605,0.0,1.2580515297906605,0.0078440225034495,-0.8,-0.4957267686437446,-0.3760337964784818,1.0,-0.0242559957653061,0.0065559269744238,-0.0088797942673617,-0.0706226792345043,-0.0448404556182851,1.0,0.0205844598529789,445.0,0.0,675.0,1023.0,559.8329307568438,0.0,849.1847826086956,1.0
26210,京都府,八幡市,67642,147.8,-0.6318804483188045,1,1,1,4,0,1.4783714260370775,1.4783714260370775,5.91348570414831,-0.0184347211214661,0.119551960834463,1.19178461599714,-0.122926681858955,1.0,-0.0512477550928268,-0.0135206514562394,-0.0218061770963245,-0.0549482796566649,-0.2077901481413491,1.0,0.1565423930485222,515.0,60.0,0.0,306.0,761.361284409095,88.70228556222466,0.0,1.0
26211,京都府,京田辺市,75025,149.3,-0.558284023668639,1,1,1,2,1,1.3328890369876707,1.3328890369876707,2.6657780739753414,0.2904329525226516,0.1590712662876368,0.2666749371795471,-0.1571934908097116,1.0,0.078525181893022,0.1291273326999327,0.1100154268402061,0.0335678034013,-0.0446692077810818,1.0,0.1231943896741038,369.0,109.0,182.0,660.0,491.83605464845056,145.2849050316561,242.58580473175607,1.0
26212,京都府,京丹後市,46813,967.7,1.1765632028789923,4,0,1,2,0,0.0,2.136158759318993,4.272317518637985,-0.8,0.066491302556535,-0.0495792989953598,0.4308184019736725,1.0,-0.1127370055797369,-0.08244772373015,-0.0811843398286827,-0.0761308042228134,0.2047433557251091,1.0,-0.317480361304846,455.0,50.0,0.0,505.0,971.9522354901417,106.80793796594963,0.0,1.0
26213,京都府,南丹市,30088,1379.3,3.111177347242921,3,1,1,1,0,3.323584153150758,3.323584153150758,3.323584153150758,0.3410005512428959,,-0.0191700986888319,1.906956787137312,0.85,-0.0535678131137791,-0.0297592692674578,-0.0257719934761779,-0.0098228903110582,0.9615655502454284,1.0,-1.0151333633592077,509.0,0.0,0.0,523.0,1691.7043339537356,0.0,0.0,1.0
26214,京都府,木津川市,80459,315.7,-0.0684567719091177,1,1,1,0,0,1.2428690388893722,1.2428690388893722,0.0,0.0582747238269452,0.0807904864990858,-0.8,-0.1304548682143069,1.0,0.142057267582808,0.1827197334868838,0.1757525584430503,0.1478838582677164,-0.3092167854771867,1.0,0.4512740530599947,345.0,0.0,0.0,355.0,428.78981841683344,0.0,0.0,1.0
26303,京都府,大山崎町,16183,0.0,,0,0,0,0,0,0.0,0.0,0.0,0.0,0.0,-0.8,-0.24,0.5,-0.0623486309687191,-0.0502426477533927,-0.064549419062313,-0.1217765042979942,-0.6317286941677623,1.0,0.5693800631990432,,,,,,,,0.0
26322,京都府,久御山町,14457,3050.4,,2,0,2,1,0,0.0,13.834128795739089,6.917064397869544,0.0,,,0.0,0.2,-0.1211728485923012,-0.0904374899147048,-0.1018666964403594,-0.1475835225429775,1.4569842650319873,1.0,-1.5781571136242885,479.0,0.0,0.0,60.0,3313.273846579512,0.0,0.0,1.0
26343,京都府,井手町,6851,0.0,,0,0,0,0,0,0.0,0.0,0.0,0.0,0.0,0.0,0.0,0.5,-0.1056598414000263,-0.0679225537961062,-0.0690910898617727,-0.0737652341244387,-0.1651116786007162,0.55,0.0594518372006899,,,,,,,,0.0
26344,京都府,宇治田原町,8461,0.0,,0,0,0,0,0,0.0,0.0,0.0,0.0,0.0,0.0,0.0,0.5,0.028651646865395,0.0747617757002442,0.0813300391168964,0.1076030927835052,-0.2310769741446925,0.55,0.2597286210100876,,,,,,,,0.0
26364,京都府,笠置町,970,0.0,,0,0,0,0,0,0.0,0.0,0.0,0.0,0.0,0.0,0.0,0.5,-0.290523863547403,-0.2671013320054773,-0.2602327897423129,-0.2327586206896551,0.0541048648216002,0.55,-0.3446287283690032,,,,,,,,0.0
26365,京都府,和束町,3070,0.0,,0,0,0,0,0,0.0,0.0,0.0,0.0,0.0,0.0,0.0,0.5,-0.2173239637052113,-0.1933944273653132,-0.1814100153020524,-0.1334723670490093,0.0418306993319994,0.55,-0.2591546630372107,,,,,,,,0.0
26366,京都府,精華町,34638,314.7,0.2902829028290281,1,1,1,2,0,2.8870027137825507,2.8870027137825507,5.774005427565101,,,1.1663490209593532,0.4924520070129493,0.65,0.1540574418112794,0.2250441714957509,0.2180627539671188,0.1901370838525904,0.2119848608779232,1.0,-0.0579274190666438,287.0,50.0,0.0,50.0,828.5697788555922,144.35013568912754,0.0,1.0
26367,京都府,南山城村,2128,0.0,,0,0,0,0,0,0.0,0.0,0.0,0.0,0.0,0.0,0.0,0.5,-0.2393328327521216,-0.2190321648625585,-0.2101129499351596,-0.1744360902255639,-0.0394788127144227,0.55,-0.1998540200376988,,,,,,,,0.0
26407,京都府,京丹波町,11400,412.3,,1,0,0,1,0,0.0,0.0,8.771929824561402,0.0,0.0,0.2964732746955343,0.0889419824086602,0.5,-0.1797924146339934,-0.1551982146654421,-0.1501303031811169,-0.1298586572438163,-0.1578710346236477,1.0,-0.0219213800103457,47.0,0.0,0.0,47.0,412.280701754386,0.0,0.0,1.0
26463,京都府,伊根町,1748,0.0,,0,0,0,0,0,0.0,0.0,0.0,0.0,0.0,0.0,0.0,0.5,-0.225767387099487,-0.2259832366215344,-0.2144422952933591,-0.1682785299806576,-0.0197476957695703,0.55,-0.2060196913299166,,,,,,,,0.0
26465,京都府,与謝野町,18278,1373.2,3.8903133903133904,1,0,0,0,0,0.0,0.0,0.0,0.0,0.0,-0.8,1.825156695156695,1.0,-0.1127010028445571,-0.0799288276833488,-0.0773791854946966,-0.0671806167400881,0.6965866143147768,1.0,-0.809287617159334,,,,,,,,0.0
27102,大阪府,大阪市都島区,108941,958.3,1.488444559854583,5,0,1,8,1,0.0,0.9179280527992216,7.343424422393773,-0.8,-0.1078297816674863,2.0,0.8680478126771685,1.0,0.0811677870723377,0.1192144916391799,0.1091523767744038,0.0689039173152992,1.0109670960443575,1.0,-0.9297993089720198,1634.0,164.0,55.0,1886.0,1499.8944382739282,150.54020065907235,50.486042903957184,1.0
27103,大阪府,大阪市福島区,82063,1252.7,2.171392405063292,4,2,2,1,0,2.4371519442379634,2.4371519442379634,1.2185759721189815,1.7916048069286714,1.421629297121239,-0.4172324069177372,1.5946766974479052,1.0,0.0974892222346908,0.1398244494110254,0.1138045258234385,0.0097248314730908,1.3085463091600906,1.0,-1.2110570869253998,1235.0,86.0,0.0,1321.0,1504.9413255669424,104.79753360223243,0.0,1.0
27104,大阪府,大阪市此花区,62518,398.3,0.2450765864332604,1,1,1,2,0,1.5995393326721905,1.5995393326721905,3.199078665344381,0.1092404510180329,0.2580689233596529,0.2245157098086971,0.2167740783954893,1.0,-0.0355019482484545,-0.0087694907622137,-0.0267788637718944,-0.0988163558106169,0.2069693372768319,1.0,-0.2424712855252864,429.0,150.0,0.0,579.0,686.2023737163696,239.93089990082856,0.0,1.0
27106,大阪府,大阪市西区,111774,918.8,1.084392014519056,6,1,0,3,0,0.8946624438599318,0.0,2.683987331579795,0.251515210832623,-0.8,0.3470239594932676,0.5245526433500427,1.0,0.1410753770615748,0.1875946804482889,0.1652710000372705,0.0759762783931967,0.8990168329168404,1.0,-0.7579414558552655,1179.0,112.0,0.0,1291.0,1054.8070213108595,100.20219371231235,0.0,1.0
27107,大阪府,大阪市港区,79551,287.9,-0.1166001841055538,1,0,1,1,0,0.0,1.2570552224359215,1.2570552224359215,-0.8,0.0678962456140854,-0.4961261252021216,-0.2825345739909823,1.0,-0.0371362988511778,-0.0048739910859132,-0.0215908773351076,-0.0884584223318848,-0.16337108253464,1.0,0.1262347836834621,325.0,216.0,0.0,541.0,408.5429472916745,271.523928046159,0.0,1.0
27108,大阪府,大阪市大正区,57837,639.7,0.8065518215193448,1,2,1,2,1,3.4579940176703494,1.7289970088351747,3.4579940176703494,1.0884374754234707,0.0592838303050005,0.01979872017111,0.6328257884157831,1.0,-0.1175621852624169,-0.0835645094294521,-0.0939825408544124,-0.1356546665542534,0.3879103133998028,1.0,-0.5054724986622197,490.0,95.0,50.0,635.0,847.2085343292356,164.2547158393416,86.44985044175874,1.0
27109,大阪府,大阪市天王寺区,87171,1707.0,3.321518987341772,4,0,2,4,1,0.0,2.2943410079040047,4.5886820158080095,-0.8,1.1641490248316435,1.2330285129762064,1.8603361243420635,1.0,0.2298411287578762,0.294023122270219,0.2831049196778319,0.2394321093082836,1.7785612232779764,1.0,-1.5487200945201,1821.0,96.0,42.0,1959.0,2088.997487696596,110.12836837939223,48.1811611659841,1.0
27111,大阪府,大阪市浪速区,79744,786.3,1.0945657964837507,3,3,1,1,0,3.762038523274478,1.2540128410914928,1.2540128410914928,2.0,0.2513277837565588,-0.4002852002519345,0.924939285767569,1.0,0.0406305338365196,0.0774428714695558,0.0569016121432719,-0.0252634251618636,0.8193437354605327,1.0,-0.778713201624013,705.0,140.0,0.0,845.0,884.0790529695023,175.56179775280899,0.0,1.0
27113,大阪府,大阪市西淀川区,94176,519.2,0.4354437379043407,3,2,2,2,0,2.123683316343867,2.123683316343867,2.123683316343867,1.081623612486457,1.0226665800706636,-0.0766296959604362,0.5759521240659959,1.0,0.0097887564602368,0.0532888553932662,0.0366672207091245,-0.0298193180274419,0.5200836300919698,1.0,-0.5102948736317329,667.0,215.0,0.0,882.0,708.2483860006796,228.29595650696567,0.0,1.0
27114,大阪府,大阪市東淀川区,174234,328.9,-0.1800049862877089,2,0,1,3,0,0.0,0.5739407922678696,1.721822376803609,-0.8,-0.4503176470639245,-0.1671927959607896,-0.3426290595975615,1.0,0.0151056913848786,0.0591412384982059,0.0420871238819761,-0.0261293345829428,-0.1653720156653841,1.0,0.1804777070502627,829.0,52.0,0.0,881.0,475.79691679006396,29.84492119792922,0.0,1.0
27115,大阪府,大阪市東成区,84510,294.6,-0.1911037891268533,6,1,3,4,0,1.1832919181161992,3.549875754348598,4.733167672464797,0.1054291692882876,2.0,1.0067437396918084,0.3765455002480021,1.0,0.0286573604352306,0.0643629299856323,0.0486012989350194,-0.0144452252674318,0.3922290284283702,1.0,-0.3635716679931396,601.0,259.0,0.0,860.0,711.1584427878357,306.4726067920956,0.0,1.0
27116,大阪府,大阪市生野区,122350,286.1,-0.3506581933726735,7,1,3,11,0,0.8173273395995095,2.4519820187985286,8.990600735594606,-0.2860876535332525,1.2447765170897491,2.0,0.254169850170475,1.0,-0.0780667414813309,-0.0498984872569668,-0.0608850167831534,-0.1048311348878997,0.346099402282387,1.0,-0.424166143763718,1086.0,642.0,0.0,1728.0,887.6174908050675,524.7241520228852,0.0,1.0
27117,大阪府,大阪市旭区,88595,213.3,-0.3928266438941076,3,1,0,1,0,1.1287318697443425,0.0,1.1287318697443425,-0.0900649670767215,-0.8,-0.5513148542022736,-0.4171235434927391,1.0,-0.0391127379975395,-0.0089260927721516,-0.0232581348916052,-0.0805863033694197,-0.0139632464589046,1.0,-0.0251494915386348,336.0,153.0,0.0,489.0,379.253908234099,172.69597607088437,0.0,1.0
27118,大阪府,大阪市城東区,169574,481.8,0.1940520446096654,6,1,2,4,0,0.5897130456319956,1.1794260912639911,2.3588521825279822,-0.2189006208165714,0.1295759383096959,0.1252883197854308,0.0914755368557874,1.0,0.0407329999155762,0.0818029030725336,0.0633410005355083,-0.0105066096125926,0.3203224884380121,1.0,-0.2795894885224358,1302.0,36.0,0.0,1338.0,767.806385412858,21.229669642751837,0.0,1.0
27119,大阪府,大阪市阿倍野区,110903,1120.8,2.053119041133206,3,1,2,4,1,0.90168886324085,1.8033777264817,3.6067554529634,-0.0279884592026098,0.7527734282275929,0.7164931287667333,1.2413518122752298,1.0,0.0032632264046157,0.0302784839628806,0.0171924703510109,-0.0351515840964677,1.06802298547041,1.0,-1.0647597590657942,1437.0,183.0,38.0,1658.0,1295.7268964771015,165.00906197307557,34.26417680315231,1.0
27120,大阪府,大阪市住吉区,148832,637.0,0.5393910101498307,5,2,2,5,1,1.3437970328961513,1.3437970328961513,3.3594925822403785,0.2461013936233769,0.0636360972504854,0.328200383524597,0.3776912559158531,1.0,-0.0069943798747072,0.0341171393981735,0.0200881320728697,-0.0360278972283453,0.6012956915497738,1.0,-0.6082900714244811,1271.0,523.0,34.0,1828.0,853.9830144055043,351.40292410234355,22.844549559234572,1.0
27121,大阪府,大阪市東住吉区,126972,342.6,-0.1458489154824233,2,1,2,6,0,0.7875752134328827,1.5751504268657657,4.725451280597297,-0.2168178242933853,0.5180049428513775,0.973850715129332,0.1074903260972177,1.0,-0.0534369638331014,-0.0220628265617299,-0.0362069622803117,-0.0927835051546391,0.0836171551444645,1.0,-0.1370541189775659,711.0,159.0,0.0,870.0,559.9659767507796,125.22445893582838,0.0,1.0
27122,大阪府,大阪市西成区,99503,435.2,-0.1898734177215191,7,3,1,8,0,3.014984472829965,1.0049948242766549,8.039958594213239,0.9267710510675752,-0.2833568962821478,1.3334632436405212,0.2479334534565115,1.0,-0.227263035498482,-0.2142894969947368,-0.2286468084891804,-0.2860760544669545,0.2043553782978869,1.0,-0.4316184137963689,833.0,620.0,0.0,1453.0,837.1606886224537,623.0967910515261,0.0,1.0
27123,大阪府,大阪市淀川区,188100,303.0,-0.2775393419170242,5,1,1,4,0,0.531632110579479,0.531632110579479,2.126528442317916,-0.2200879919375301,-0.4375332116142647,0.0853375863902181,-0.2356166131296251,1.0,0.0349420880799986,0.0784130508811357,0.058759732812313,-0.019853539462978,-0.1776179700515257,1.0,0.2125600581315244,804.0,216.0,0.0,1059.0,427.4322169059011,114.83253588516747,0.0,1.0
27124,大阪府,大阪市鶴見区,112140,121.3,-0.6732219827586207,4,0,2,5,0,0.0,1.7834849295523454,4.458712323880864,-0.8,0.6986503285601462,1.1437386025961027,-0.220252651705873,1.0,0.0690454172185493,0.1265959813503313,0.1037921148262293,0.0125766487298211,-0.1576167347921042,1.0,0.2266621520106535,557.0,102.0,0.0,659.0,496.70055288032813,90.95773140716962,0.0,1.0
27125,大阪府,大阪市住之江区,115448,418.4,-0.0722838137472284,3,2,3,1,0,1.73238167833137,2.598572517497055,0.866190839165685,0.5091227972277981,1.3561300137013657,-0.6947762727892106,0.1648857137087686,1.0,-0.0355316685875763,0.0030555639307584,-0.0040685704920212,-0.0325651081831401,-0.0082079507094253,1.0,-0.0273237178781509,659.0,171.0,0.0,830.0,570.8197630101864,148.11863349733213,0.0,1.0
27126,大阪府,大阪市平野区,181793,212.9,-0.5364685390812105,7,2,2,5,0,1.1001523711033978,1.1001523711033978,2.7503809277584947,0.0072261811091891,-0.1036038951864228,0.2499291427282135,-0.2448402461874988,1.0,-0.038514912677678,0.0150723892579132,-0.0071935143176049,-0.0962571286196777,-0.1504353417714828,1.0,0.1119204290938048,879.0,389.0,0.0,1268.0,483.5169670999433,213.9796361796109,0.0,1.0
27127,大阪府,大阪市北区,149087,1917.0,3.570815450643777,8,0,4,3,0,0.0,2.6829971761454723,2.012247882109104,-0.8,2.0,0.1132704334911727,1.9423982903455643,1.0,0.1641591478498235,0.2246496488664882,0.2010266711088039,0.106534760078067,1.822849974684352,1.0,-1.6586908268345282,3315.0,165.0,0.0,3368.0,2223.53390973056,110.67363351600072,0.0,1.0
27128,大阪府,大阪市中央区,115685,1381.3,2.133620689655172,7,1,0,1,0,0.8644163028914724,0.0,0.8644163028914724,0.1560156415363216,-0.8,-0.5661717709054748,0.8930877074990292,1.0,0.1959940809299062,0.2664010675289016,0.2473466460802386,0.1711289602855867,1.387305025475564,1.0,-1.1913109445456576,1734.0,0.0,0.0,1734.0,1498.8978692138132,0.0,0.0,1.0
27141,大阪府,堺市堺区,146309,576.9,0.4382946896035899,6,3,4,6,2,2.050454859236274,2.733939812315032,4.100909718472548,1.124330028641797,1.3026760263843804,0.8724468388304758,0.7702817803123828,1.0,-0.0185850080228047,0.0130879594304753,-0.0006846925858686,-0.0557753006512445,0.5992633733912066,1.0,-0.6178483814140114,1190.0,336.0,888.0,2414.0,813.347094163722,229.65094423446266,606.9346383339371,1.0
27142,大阪府,堺市中区,114947,600.3,0.6482701812191103,5,2,1,6,1,1.7399323166328828,0.8699661583164414,5.219796949898649,0.6416768770927834,-0.1511211450828444,1.2191482716967692,0.6126745350202005,1.0,-0.0231438203729905,0.0177284672087939,0.0002649403954491,-0.0695891668579298,0.8917203640847758,1.0,-0.9148641844577664,1069.0,1032.0,652.0,2753.0,929.9938232402759,897.8050753825677,567.2179352223199,1.0
27143,大阪府,堺市東区,83556,0.0,-1.0,2,0,1,1,0,0.0,1.1968021446694432,1.1968021446694432,-0.8,-0.0184318305102652,-0.5472800344652441,-0.7448567797463265,1.0,-0.0801157111879256,-0.0582148724359674,-0.0728157013292912,-0.1312190169025862,-0.5120507449422687,1.0,0.431935033754343,299.0,0.0,0.0,299.0,357.8438412561635,0.0,0.0,1.0
27144,大阪府,堺市西区,130594,584.3,0.4814908722109532,4,1,3,2,0,0.7657319631836073,2.2971958895508218,1.5314639263672143,-0.2256765048916967,1.1999866983954697,-0.2937354283466742,0.3315478256344565,1.0,0.005321903047753,0.0464341005593044,0.0304011791683126,-0.0337305063956544,0.5228260580146555,1.0,-0.5175041549669025,854.0,342.0,0.0,1203.0,653.9350965588005,261.88033140879367,0.0,1.0
27145,大阪府,堺市南区,127556,136.4,-0.7421550094517959,2,2,0,3,0,1.5679387876697293,0.0,2.3519081815045944,0.1965327433809873,-0.8,-0.3310419627841735,-0.5014272504673265,1.0,-0.1482144527080327,-0.1124802444779548,-0.1238526509341138,-0.16934227675875,-0.4157419501941872,1.0,0.2675274974861545,1328.0,1134.0,0.0,2462.0,1041.1113550127002,889.0212926087366,0.0,1.0
27146,大阪府,堺市北区,155931,708.6,0.7561338289962827,6,0,2,8,0,0.0,1.282618594121759,5.130474376487036,-0.8,0.3752747805712044,1.3721614571750171,0.4801823501600745,1.0,-0.0013059180208743,0.0409125515993919,0.0168220168778242,-0.0795401220084467,0.6342125831256122,1.0,-0.6355185011464866,1309.0,585.0,385.0,2294.0,839.4738698526912,375.1659387806145,246.9040793684386,1.0
27147,大阪府,堺市美原区,36078,110.9,-0.6321724709784411,1,1,0,1,0,2.771772271190199,0.0,2.771772271190199,,0.0,-0.0569293488319012,-0.4057820472675071,0.8,-0.0949007151530792,-0.0618579819577301,-0.0749312726843779,-0.1272244355909694,-0.2204011792843994,1.0,0.1255004641313202,120.0,60.0,450.0,630.0,332.6126725428239,166.30633627141194,1247.2975220355895,1.0
27202,大阪府,岸和田市,182321,622.5,0.3582806022256164,6,1,6,10,2,0.5484831697939349,3.2908990187636094,5.484831697939349,-0.5011588385028181,1.6814004489176997,1.5043359838092163,0.5567689983212819,1.0,-0.0108764858034718,0.0353655157669542,0.0250764501722488,-0.0160798122065727,0.5252027938112904,1.0,-0.5360792796147622,1211.0,930.0,980.0,3121.0,664.2131186204551,510.08934790835946,537.5135063980562,1.0
27203,大阪府,豊中市,399848,301.6,-0.3263345990618717,8,0,6,8,1,0.0,1.5005702166823394,2.000760288909785,-0.8,0.3588983800858287,-0.1149677342121973,-0.2865777026498911,1.0,0.0275257661033105,0.0625448686034084,0.0486029957612484,-0.0071644956073917,-0.0875360922825615,1.0,0.115061858385872,1875.0,313.0,871.0,3073.0,468.928192713231,78.27974630359536,217.8327764550529,1.0
27204,大阪府,池田市,104319,478.3,0.3190843905129619,2,1,0,0,0,0.9585981460711854,0.0,0.0,-0.0565603076714289,-0.8,-0.8,-0.0917698662778048,1.0,0.0341499006463232,0.0693435246171987,0.0586111150838496,0.0156814769504531,0.0491571674559054,1.0,-0.0150072668095821,532.0,0.0,0.0,532.0,509.97421370987064,0.0,0.0,1.0
27205,大阪府,吹田市,388259,860.3,1.1901731160896127,11,4,2,7,1,1.0302401232167189,0.5151200616083593,1.8029202156292576,0.0474186017061359,-0.5110713060999892,-0.1836961997824655,0.5003551525036654,1.0,0.0896828932341873,0.1365049967750914,0.121604004421771,0.0620000350084894,0.4598459966579336,1.0,-0.3701631034237462,3909.0,260.0,400.0,4569.0,1006.8021604135384,66.96560800908671,103.02401232167188,1.0
27206,大阪府,泉大津市,71948,633.8,1.0631510416666663,4,0,0,4,0,0.0,0.0,5.559570801134153,-0.8,-0.8,1.4322159454223709,0.4664079126466888,1.0,0.0311921763240964,0.0941813999943573,0.0777679348352267,0.0121140741987044,0.6433919378318302,1.0,-0.6121997615077338,621.0,108.0,0.0,729.0,863.1233668760771,150.1084116306221,0.0,1.0
27207,大阪府,高槻市,347255,715.6,0.374567806377257,10,5,4,5,3,1.439864076831147,1.1518912614649175,1.439864076831147,0.372800204257141,-0.0438481210981432,-0.4327042577513614,0.190361087212631,1.0,-0.0338777413099815,-0.0024633474891002,-0.0182663950268913,-0.0814785851780558,0.2743122664983919,1.0,-0.3081900078083735,2804.0,382.0,747.0,3933.0,807.4757742869074,110.00561546989964,215.11569307857337,1.0
27208,大阪府,貝塚市,80773,342.9,0.0091230135373747,2,1,1,4,0,1.2380374630136308,1.2380374630136308,4.952149852054523,-0.0450202508602549,0.0517402378869933,0.9255027024723148,0.1421438976505326,1.0,0.0028003979800453,0.0564768169867682,0.0453537312435671,0.000861388270763,0.5035212918031443,1.0,-0.5007208938230989,320.0,115.0,1826.0,2261.0,396.17198816436184,142.37430824656755,2260.65640746289,1.0
27209,大阪府,守口市,139368,810.1,1.0196958364497632,5,1,1,2,1,0.7175248263589921,0.7175248263589921,1.435049652717984,-0.3474167713870637,-0.4299130761992933,-0.4326424445188771,0.3109812358397433,1.0,-0.06448798020505,-0.029855498405897,-0.049765663894036,-0.1294063258465924,0.6550286245480932,1.0,-0.7195166047531432,1363.0,90.0,270.0,1723.0,977.986338327306,64.57723437230928,193.73170311692786,1.0
27210,大阪府,枚方市,387517,605.4,0.1229827490261545,16,5,5,14,3,1.290265975428175,1.290265975428175,3.6127447311988896,0.2301698633332565,0.0710127578534109,0.4385237873511685,0.1839558289604155,1.0,0.0209826459028954,0.0676600262271394,0.057807564749533,0.0183977188391077,0.1643950648143736,1.0,-0.1434124189114782,3013.0,777.0,907.0,4705.0,777.5142767930181,200.50733258153838,234.05424794267088,1.0
27211,大阪府,茨木市,289075,243.2,-0.4280338664158043,6,3,4,6,1,1.0377929603044191,1.383723947072559,2.0755859206088383,0.1236044696174401,0.3591960400394089,-0.0344451811149006,-0.1405834104457379,1.0,0.0653613465979481,0.1116337344599555,0.0950861735729626,0.0288959300249911,-0.1551471250735976,1.0,0.2205084716715457,1609.0,654.0,1384.0,3647.0,556.6029577099368,226.2388653463634,478.76848568710545,1.0
27212,大阪府,八尾市,257241,514.3,0.0485219164118246,7,4,2,2,0,1.554962078362314,0.777481039181157,0.777481039181157,0.4518711262645816,-0.3313303865034736,-0.7044208048855968,-0.0407274952495318,1.0,-0.0498155175543479,-0.0117281898650102,-0.0293343122169912,-0.0997588016249153,0.0133511917866315,1.0,-0.0631667093409795,1452.0,407.0,389.0,2248.0,564.45123444552,158.21739147336544,151.22006212073504,1.0
27213,大阪府,泉佐野市,98343,536.9,0.4806949806949805,5,2,3,5,0,2.033698382192937,3.0505475732894056,5.084245955482343,0.8998773496141708,1.8135085386800127,1.1615200233428626,0.8665772445737557,1.0,0.0520775105731135,0.1067691392149624,0.0934103913227694,0.0399753997539975,0.8404592329011266,1.0,-0.788381722328013,605.0,559.0,342.0,1516.0,615.1937606133635,568.4186978229259,347.7624233549922,1.0
27214,大阪府,富田林市,102630,482.3,0.1527246653919696,2,3,0,5,2,2.9231218941829877,0.0,4.871869823638312,1.3706169351608954,-0.8,0.716723611957089,0.3379942615217272,1.0,-0.0184611532720381,0.0290991480849962,0.0280134556492581,0.0236706859063056,0.3244827388279602,1.0,-0.3429438920999983,768.0,157.0,395.0,1320.0,748.3192049108447,152.976712462243,384.87771606742666,1.0
27215,大阪府,寝屋川市,222226,396.0,-0.2136616362192216,11,5,1,6,1,2.2499617506502387,0.4499923501300478,2.6999541007802867,1.0978515007516063,-0.6237830849842453,0.0922850523097749,0.0330147771395399,1.0,-0.0608053419455257,-0.0186258046364985,-0.0383175484930498,-0.1170845239192552,-0.0365650938147677,1.0,-0.024240248130758,1298.0,246.0,253.0,1827.0,584.090070468802,110.69811813199176,113.8480645829021,1.0
27216,大阪府,河内長野市,94817,555.8,0.037908496732026,3,1,0,6,0,1.0546631933092168,0.0,6.3279791598553,-0.3535820384559779,-0.8,0.8365899031710777,-0.0462736738495209,1.0,-0.0705572965993337,-0.0320243552408096,-0.0302743374060832,-0.0232742660671779,0.055540940035195,1.0,-0.1260982366345287,760.0,506.0,0.0,1270.0,801.5440269150047,533.6595758144637,0.0,1.0
27217,大阪府,松原市,112124,413.8,-0.0502639430801009,4,2,0,3,0,1.7837394313438697,0.0,2.675609147015804,0.6009655882052549,-0.8,0.0231843225062835,-0.0214612055230569,1.0,-0.0829485893014766,-0.0379344013319169,-0.0556812010794007,-0.1266684000693361,0.0464540878586018,1.0,-0.1294026771600784,640.0,36.0,222.0,898.0,570.7966180300382,32.107309764189644,197.99507687916952,1.0
27218,大阪府,大東市,115286,287.1,-0.2550596782563569,4,0,1,3,0,0.0,0.867408011380393,2.6022240341411798,-0.8,-0.1551152334216864,0.2276900688536831,-0.276643613813379,1.0,-0.0365679982739232,0.0142198016417933,-0.0053493870772891,-0.083626141953619,-0.0579128733998659,1.0,0.0213448751259427,676.0,392.0,0.0,1167.0,586.3678156931458,340.0239404611141,0.0,1.0
27219,大阪府,和泉市,182004,430.8,0.0676579925650557,5,2,3,6,1,1.0988769477593898,1.648315421639085,3.29663084327817,0.1557317408984975,0.4467398400265456,0.4816657882581356,0.2042361887049295,1.0,0.0801980245756725,0.1371093206919158,0.125274445756758,0.0779349460161269,0.234892278702167,1.0,-0.1546942541264945,1043.0,525.0,1199.0,2767.0,573.0643282565218,288.45519878683984,658.7767301817543,1.0
27220,大阪府,箕面市,137622,216.5,-0.4576653306613226,2,0,3,5,2,0.0,2.1798840301695948,3.6331400502826585,-0.8,0.9068431787072038,0.7214687908799948,-0.1445858698925815,1.0,0.0463743002309275,0.0845791526689041,0.0695405849072147,0.0093863138604568,0.0228921052250708,1.0,0.0234821950058566,568.0,485.0,564.0,1617.0,412.72470971211,352.41458487741784,409.81819767188387,1.0
27221,大阪府,柏原市,65610,228.6,-0.3333333333333332,1,1,0,1,1,1.5241579027587258,0.0,1.5241579027587258,0.0545453551350143,-0.8,-0.4350834667151404,-0.3410201156469348,1.0,-0.0610424247851809,-0.0159417470738479,-0.025023336309385,-0.0613496932515337,-0.280939636332896,1.0,0.219897211547715,220.0,0.0,201.0,421.0,335.3147386069197,0.0,306.35573845450386,1.0
27222,大阪府,羽曳野市,103494,814.5,0.90170441279477,6,1,1,3,0,0.9662395887684312,0.9662395887684312,2.898718766305293,-0.2017608344410129,-0.1918669531194295,0.0577282856954624,0.3903792393955873,1.0,-0.0392291331835535,0.0079291139393006,-0.0031021775763995,-0.0472273436392001,0.6352773560417165,1.0,-0.67450648922527,1036.0,210.0,310.0,1607.0,1001.0242139640945,202.9103136413705,299.53427251821364,1.0
27223,大阪府,門真市,113782,456.1,0.154975943276779,4,0,1,0,0,0.0,0.8788736355486808,0.0,-0.8,-0.1801892669315344,-0.8,-0.2295404184013407,1.0,-0.104706613250555,-0.0571241299528003,-0.0786773603885725,-0.1648902821316614,-0.0546282086683696,1.0,-0.0500784045821854,649.0,100.0,0.0,749.0,570.3889894710939,87.88736355486807,0.0,1.0
27224,大阪府,摂津市,86835,185.4,-0.4593175853018372,2,0,1,2,0,0.0,1.1516093741003053,2.3032187482006106,-0.8,0.0862614996464512,-0.0148901722496603,-0.3789530935414,1.0,-0.0064657234020433,0.0297769343023684,0.0116690841989151,-0.0607623162148979,-0.4395356456444404,1.0,0.433069922242397,399.0,0.0,0.0,399.0,459.49214026602175,0.0,0.0,1.0
27225,大阪府,高石市,53491,241.2,-0.135793622357578,2,2,1,2,1,3.738946738703707,1.8694733693518533,3.738946738703707,1.5551494055867647,0.2387235056058563,0.4639164807973057,0.3485290678990382,1.0,-0.0390792446632702,0.0011107493634477,-0.0093081987146053,-0.0509839910268176,0.1709557627042602,1.0,-0.2100350073675305,215.0,136.0,642.0,993.0,401.9367744106485,254.24837823185212,1200.20190312389,1.0
27226,大阪府,藤井寺市,61155,81.8,-0.7337239583333333,2,1,1,1,0,1.6351892731583682,1.6351892731583682,1.6351892731583682,0.0983853065190285,0.2473026948861778,-0.374096368687596,-0.3662039689330736,1.0,-0.0300616235014181,0.0117554399154862,-0.0023095053490787,-0.0585692864073388,-0.0202360784461402,1.0,-0.0098255450552779,178.0,60.0,0.0,238.0,291.06369062218954,98.11135638950208,0.0,1.0
27227,大阪府,東大阪市,478156,368.1,-0.2495412844036696,14,4,3,9,0,0.8365470683207991,0.6274103012405993,1.882230903721798,-0.2580930827706856,-0.4494034571673074,-0.190321483851065,-0.2723479999087278,1.0,-0.0349374006807194,0.0120027876767961,-0.0075328695467856,-0.0856754984411132,-0.1658607219482829,1.0,0.1309233212675635,2433.0,750.0,849.0,4032.0,508.829754306126,156.85257531014983,177.55711525108958,1.0
27228,大阪府,泉南市,56299,234.5,-0.3098881695114773,3,1,1,5,1,1.7762304836675606,1.7762304836675606,8.881152418337804,0.1067568813872765,0.1139519562465505,1.818935560712548,0.1563404190655814,1.0,-0.048176745267433,-0.0024957002601221,-0.0142276713192088,-0.0611555555555555,0.1808374320359925,1.0,-0.2290141773034256,245.0,345.0,560.0,1150.0,435.1764684985523,612.7995168653084,994.6890708538341,1.0
27229,大阪府,四條畷市,53219,513.0,0.8736303871439006,2,0,1,1,1,0.0,1.8790281666322175,1.8790281666322175,-0.8,0.2667678016804369,-0.289211194494033,0.2734486846499108,1.0,-0.0404022295921988,0.0152393110118464,-0.0099355883823322,-0.1106351859590472,0.5133437676272391,1.0,-0.553745997219438,273.0,90.0,213.0,576.0,512.9746894905956,169.1125349968996,400.23299949266243,1.0
27230,大阪府,交野市,72408,190.6,-0.4041888090028134,1,0,1,1,0,0.0,1.3810628659816595,1.3810628659816595,-0.8,0.1195094283151383,-0.4775788664205327,-0.4158048202172159,1.0,-0.0241482295800382,0.0244380505584383,0.0088163885970565,-0.0536702592484706,-0.2653490956439364,1.0,0.2412008660638981,233.0,35.0,0.0,268.0,321.78764777372663,48.33720030935808,0.0,1.0
27231,大阪府,大阪狭山市,57505,1850.3,4.783994998437012,2,3,2,4,1,5.216937657594992,3.4779584383966613,6.955916876793323,2.0,1.659902665782255,1.774870658902188,3.3072134979211727,1.0,0.0003706067398877,0.0355994358319311,0.0261706086789024,-0.0115446999332124,1.862165546143059,1.0,-1.8617949394031716,439.0,411.0,636.0,1486.0,763.4118772280672,714.7204590905139,1105.9907834101382,1.0
27232,大阪府,阪南市,47173,440.9,-0.098548354119812,3,0,2,2,0,0.0,4.239713395374473,4.239713395374473,-0.8,1.012950634690112,0.0784589515467681,-0.045562739124374,1.0,-0.0543229396261305,-0.0073667408330532,-0.0104313544622343,-0.0226898089789585,0.0379158645639573,1.0,-0.0922388041900879,250.0,136.0,0.0,386.0,529.964174421809,288.3005108854642,0.0,1.0
27301,大阪府,島本町,30879,184.6,-0.2431324313243132,1,0,1,0,0,0.0,3.2384468408951066,0.0,0.0,,-0.8,-0.2841955478378313,0.85,0.0506196296843589,0.0823501226110553,0.0758723220390775,0.0499611197511664,-0.1919152333196368,1.0,0.2425348630039958,117.0,0.0,0.0,117.0,378.8982803847275,0.0,0.0,1.0
27321,大阪府,豊能町,16730,0.0,,0,0,0,0,0,0.0,0.0,0.0,0.0,0.0,-0.8,-0.24,0.5,-0.1951310771110027,-0.1665821685730634,-0.1579753052069663,-0.1235478517425778,-0.6625310487576578,1.0,0.467399971646655,,,,,,,,0.0
27322,大阪府,能勢町,8166,0.0,,0,0,0,0,0,0.0,0.0,0.0,0.0,0.0,0.0,0.0,0.5,-0.0852727028934678,-0.0424027712171311,-0.0278948197134309,0.0301369863013698,-0.499589148885784,1.0,0.4143164459923162,,,,,,,,0.0
27341,大阪府,忠岡町,15884,0.0,-1.0,0,0,0,1,0,0.0,0.0,6.295643414756988,0.0,0.0,0.565335679230693,-0.415199648115396,1.0,-0.0343987523059565,0.0173648550934227,6.137560016195726e-05,-0.0691525423728813,-0.2338137646974901,1.0,0.1994150123915336,0.0,47.0,0.0,47.0,0.0,295.89524049357846,0.0,1.0
27361,大阪府,熊取町,42647,243.9,-0.1910447761194029,1,1,1,1,1,2.344830820456304,2.344830820456304,2.344830820456304,,,-0.0836552630453653,-0.166262580794625,0.65,-0.0183771017644246,0.0154887359327862,0.0099791630200879,-0.0120591286307053,0.193923091747648,1.0,-0.2123001935120726,148.0,82.0,613.0,843.0,347.034961427533,192.27612727741695,1437.3812929397145,1.0
27362,大阪府,田尻町,8422,0.0,,0,0,0,0,0,0.0,0.0,0.0,0.0,0.0,0.0,0.0,0.5,0.0354669255262623,0.082106072040747,0.0625744377259102,-0.015552099533437,-0.413494574761026,1.0,0.4489615002872884,,,,,,,,0.0
27366,大阪府,岬町,13436,0.0,,0,1,1,1,0,7.442691277165824,7.442691277165824,7.442691277165824,,,0.2249161360911431,0.2249161360911431,0.15,-0.1587040139858778,-0.1224444070149011,-0.1255120379908229,-0.1377825618945102,0.0861162562300788,1.0,-0.2448202702159567,0.0,301.0,0.0,301.0,0.0,2240.2500744269128,0.0,1.0
27381,大阪府,太子町,12313,0.0,,0,0,0,0,0,0.0,0.0,0.0,0.0,0.0,0.0,0.0,0.5,0.0147752522164805,0.0736725008417922,0.0692726046547976,0.0516730199068191,-0.6313504324107926,1.0,0.6461256846272732,,,,,,,,0.0
27382,大阪府,河南町,14751,0.0,,0,0,0,0,0,0.0,0.0,0.0,0.0,0.0,0.0,0.0,0.5,-0.0313723324760134,0.0139602891022212,0.0105086006749168,-0.0032981530343008,-0.6157341644886788,1.0,0.5843618320126653,,,,,,,,0.0
27383,大阪府,千早赤阪村,4399,0.0,,0,0,0,0,0,0.0,0.0,0.0,0.0,0.0,0.0,0.0,0.5,-0.2696581391946369,-0.2502041232904674,-0.2497285160236783,-0.2478260869565217,-0.1829807031714984,0.55,-0.0866774360231384,,,,,,,,0.0
28101,兵庫県,神戸市東灘区,205845,287.6,-0.3142584644730566,5,2,3,5,0,0.971604848308193,1.4574072724622895,2.4290121207704827,0.0597318264912882,0.2275093884146044,0.0765049428541961,-0.0995807172479505,1.0,0.1384304079730696,0.1944798005900496,0.1851128093454214,0.1476448443669085,-0.0962443207789289,1.0,0.2346747287519985,1009.0,157.0,0.0,1166.0,490.1746459714834,76.27098059219315,0.0,1.0
28102,兵庫県,神戸市灘区,137364,255.5,-0.360450563204005,6,4,0,4,0,2.911971113246557,0.0,2.911971113246557,2.0,-0.8,0.3797616722779573,0.1567389692396911,1.0,0.0746077676346222,0.1191533210701578,0.1048826239222684,0.0477998353307107,0.0025477074971473,1.0,0.0720600601374748,611.0,274.0,0.0,885.0,444.80358754841154,199.4700212573891,0.0,1.0
28105,兵庫県,神戸市兵庫区,108028,655.4,0.7995606809445359,6,3,2,3,1,2.7770577998296737,1.851371866553116,2.7770577998296737,1.6676430402098648,0.7874530744778447,0.2190126555721459,0.8842788080217395,1.0,-0.0389511958682081,-0.0138359636921006,-0.0315821276372499,-0.1025667834178472,0.646656853584956,1.0,-0.6856080494531641,1086.0,56.0,241.0,1383.0,1005.294923538342,51.83841226348724,223.09030991965045,1.0
28106,兵庫県,神戸市長田区,90839,794.8,0.5562952809868806,6,3,3,4,0,3.302546263168903,3.302546263168903,4.4033950175585375,1.2561583287348523,1.519142536986235,0.3563007572143688,0.8106958003705014,1.0,-0.0814065174171896,-0.0550123902510269,-0.0652532583941115,-0.1062167309664501,0.4598454882292067,1.0,-0.5412520056463963,919.0,211.0,0.0,1224.0,1011.6800052840741,232.27908717621287,0.0,1.0
28107,兵庫県,神戸市須磨区,153030,538.5,0.0544350890934013,6,2,1,4,0,1.306933281056002,0.6534666405280011,2.6138665621120043,0.1675312016095422,-0.4945973311311469,-0.1647020964927826,-0.0381711292749803,1.0,-0.054069088363606,-0.0240875335019598,-0.0292937047810469,-0.0501183898973954,-0.1307058185059317,1.0,0.0766367301423256,879.0,221.0,0.0,1100.0,574.3971770241129,144.41612755668822,0.0,1.0
28108,兵庫県,神戸市垂水区,204335,401.3,-0.2198678071539657,6,2,2,3,0,0.9787848386228496,0.9787848386228496,1.4681772579342744,-0.1256157790769656,-0.2211469726754588,-0.4535109622678712,-0.2362557496338754,1.0,-0.0381681363655204,-0.0077573226606496,-0.0151658044359575,-0.0447997315371893,-0.2777906867488997,1.0,0.2396225503833792,914.0,191.0,0.0,1105.0,447.30467125064234,93.47395208848215,0.0,1.0
28109,兵庫県,神戸市北区,201840,406.8,-0.2515179392824287,10,7,3,9,2,3.468093539437178,1.4863258026159334,4.4589774078478,1.9544068300338533,0.1846673707487409,0.6863176106783913,0.3957701435796262,1.0,-0.0184177848526071,0.0209838484237958,0.0172355841187155,0.0022425268983945,0.1481460068263479,1.0,-0.1665637916789551,1413.0,713.0,1309.0,2973.0,700.0594530321047,353.25009908838683,648.5334918747523,1.0
28110,兵庫県,神戸市中央区,152185,2252.5,4.686695278969957,17,3,4,7,2,1.9712849492394129,2.6283799323192167,4.599664881558629,1.7711813852220892,1.871207657531856,1.3004825095237544,3.1733374415877376,1.0,0.1348064867032804,0.1849777649484054,0.1670972396141101,0.0955751382769287,2.116161128088287,1.0,-1.9813546413850067,4082.0,349.0,54.0,4501.0,2682.261720931761,229.32614909485167,35.483129086309425,1.0
28111,兵庫県,神戸市西区,226677,324.7,-0.3862003780718337,6,2,2,5,2,0.882312718096675,0.882312718096675,2.205781795241688,-0.2205360007615966,-0.2952723380997227,-0.1818164156534091,-0.3087707022512059,1.0,0.126905201974474,0.1804395734506748,0.189788953913205,0.2271864757633259,-0.1019667520620106,1.0,0.2288719540364847,1393.0,366.0,1753.0,3557.0,614.5308081543341,161.46322741169152,773.3470974117356,1.0
28201,兵庫県,姫路市,519967,591.4,0.2111406921974195,19,9,10,17,2,1.7308790750182224,1.9231989722424687,3.269438252812197,0.5383380301176734,0.6877419819251924,0.4462293962843464,0.3833336588536752,1.0,0.0224668189573649,0.0633738161221061,0.0530331022205579,0.0116702466143649,0.1992041948975598,1.0,-0.1767373759401948,4041.0,1010.0,968.0,6025.0,777.1647046831819,194.2430961964894,186.16566051307103,1.0
28202,兵庫県,尼崎市,452808,477.2,-0.0721368850865252,14,11,5,13,1,2.429285701666048,1.1042207734845677,2.870974011059875,1.3063106379296858,-0.0421567340525672,0.2350057437590009,0.2541210364986396,1.0,-0.0009666294974265,0.0350839452268005,0.0208162414192785,-0.0362545738108092,0.1433193854073582,1.0,-0.1442860149047847,3048.0,905.0,8.0,3969.0,673.1329835161922,199.8639600007067,1.7667532375753079,1.0
28203,兵庫県,明石市,305438,580.5,0.2758241758241757,14,1,6,11,1,0.3273986864764698,1.964392118858819,3.6013855512411683,-0.6833719062955954,0.7238918571671431,0.5281097694438062,0.1890379506446111,1.0,0.0215954622060347,0.0554802702167054,0.0446022804633898,0.0010903214501274,0.1935145612154213,1.0,-0.1719190990093865,2301.0,685.0,672.0,3238.0,753.3443775823571,224.26810023638185,220.01191731218773,1.0
28204,兵庫県,西宮市,484472,529.0,0.1815948179584543,15,6,8,10,1,1.238461665483248,1.6512822206443305,2.064102775805413,0.1926360796399626,0.5196549104644403,-0.0733837519448584,0.196265298685157,1.0,0.1090533416504709,0.1656841062799255,0.1511500202356722,0.0930136760586588,0.1685131874201449,1.0,-0.0594598457696739,3567.0,898.0,699.0,5192.0,736.2654601297908,185.3564292673261,144.28078402879837,1.0
28205,兵庫県,洲本市,38270,1087.0,1.637069383794275,2,0,1,1,1,0.0,2.6130128037627385,2.6130128037627385,-0.8,0.283710901979241,-0.406041530022183,0.6401850976906961,1.0,-0.0965468372300696,-0.066233002526079,-0.0636319535440128,-0.0532277576157483,0.9983603642961052,1.0,-1.0949072015261747,455.0,100.0,261.0,835.0,1188.920825712046,261.30128037627384,681.9963417820748,1.0
28206,兵庫県,芦屋市,92900,354.1,-0.0821669258683255,3,1,0,1,0,1.0764262648008611,0.0,1.0764262648008611,-0.1700666210429966,-0.8,-0.5984153734313931,-0.284859093157471,1.0,0.0964392289079755,0.147507327301664,0.1389116308591587,0.1045288450891375,-0.01659382423916,1.0,0.1130330531471355,353.0,0.0,0.0,353.0,379.978471474704,0.0,0.0,1.0
28207,兵庫県,伊丹市,195314,255.5,-0.3902147971360382,3,3,2,4,1,1.535988203610596,1.0239921357403976,2.047984271480795,0.7832567494819866,-0.0720952983274538,-0.0769655654275855,-0.0608151782348777,1.0,0.0640408700104504,0.1117406359509538,0.0971665144293088,0.038870028342729,-0.1296812815256226,1.0,0.193722151536073,636.0,215.0,232.0,1083.0,325.6294991654464,110.07915459209272,118.78308774588612,1.0
28208,兵庫県,相生市,25821,588.7,0.9935658652218085,4,0,1,2,1,0.0,3.872816699585609,7.745633399171218,-0.8,,0.9330014504383256,0.5608625296195918,0.85,-0.1771306453061987,-0.1618299223190635,-0.1681814212188321,-0.1935874168179068,0.766498535690267,1.0,-0.9436291809964658,345.0,78.0,311.0,734.0,1336.121761357035,302.0797025676775,1204.4459935711243,1.0
28209,兵庫県,豊岡市,71692,651.4,0.2812745869394177,2,0,0,0,1,0.0,0.0,0.0,-0.8,-0.8,-0.8,-0.2593627065302911,1.0,-0.0670574696311934,-0.0393727170480791,-0.0362275550817622,-0.0236469072164948,0.1385182426331835,1.0,-0.205575712264377,528.0,0.0,51.0,583.0,736.4838475701612,0.0,71.13764436757239,1.0
28210,兵庫県,加古川市,253960,503.6,-0.0255417956656345,7,1,5,8,0,0.3937627972909119,1.9688139864545595,3.1501023783272952,-0.6244070301951383,0.6763472636620824,0.2378410998759188,-0.0005240493411447,1.0,0.0039326672644086,0.0423457981295656,0.0358417386874551,0.0098255009190133,0.0331169744295477,1.0,-0.0291843071651391,1727.0,563.0,425.0,2723.0,680.0283509214049,221.68845487478342,167.3491888486376,1.0
28212,兵庫県,赤穂市,42637,1048.4,1.212747994934572,2,0,1,2,0,0.0,2.3453807725684266,4.690761545136853,-0.8,0.2065048517945811,0.3790315065154848,0.5342044512137958,1.0,-0.0703893467793925,-0.0365048058011558,-0.038522449037731,-0.0465930219840314,0.5221157016482342,1.0,-0.5925050484276267,621.0,147.0,224.0,996.0,1456.481459764993,344.7709735675587,525.3652930553275,1.0
28213,兵庫県,西脇市,35626,906.6,1.5770324047754407,2,2,2,0,0,5.6138775051928365,5.6138775051928365,0.0,1.489456588816858,1.7394989549402031,-0.8,1.2273323633921225,1.0,-0.0892929473713637,-0.0579200857937668,-0.0605412546553066,-0.0710259301014656,0.9599819318238012,1.0,-1.049274879195165,519.0,0.0,0.0,519.0,1456.801212597541,0.0,0.0,1.0
28214,兵庫県,宝塚市,220748,363.8,-0.254966209297563,5,3,1,2,0,1.3590157102216105,0.4530052367405366,0.9060104734810732,0.3948884282126872,-0.6240809106645042,-0.6215387838552973,-0.2353483731842142,1.0,0.0879862933328377,0.1421402329651083,0.1282096902801095,0.072487519540114,-0.1539889541922479,1.0,0.2419752475250856,939.0,395.0,0.0,1334.0,425.371917299364,178.937068512512,0.0,1.0
28215,兵庫県,三木市,71547,198.5,-0.6113177990992755,2,3,3,5,0,4.1930479265378,4.1930479265378,6.988413210896334,1.3820189958913938,1.686823193165068,1.028269818545526,0.3780088513852301,1.0,-0.0941472297585886,-0.0693188425693305,-0.0695272044026908,-0.0703606517361322,0.0235334405742107,1.0,-0.1176806703327994,471.0,575.0,445.0,1491.0,658.3085244664346,803.6675192530785,621.9687757697736,1.0
28216,兵庫県,高砂市,84290,242.0,-0.3109339407744874,2,2,1,2,0,2.372760707082691,1.1863803535413455,2.372760707082691,0.8357571063919431,0.0011310283558008,-0.0917751436016118,-0.0019121663957267,1.0,-0.0445303815231854,-0.010906161854231,-0.0155904844599351,-0.0343277748827514,-0.3096313756226345,1.0,0.265100994099449,370.0,48.0,0.0,418.0,438.9607308102977,56.946256969984574,0.0,1.0
28217,兵庫県,川西市,147445,522.9,0.0880149812734081,4,3,3,5,1,2.034656990742311,2.034656990742311,3.3910949845705183,0.8445512280109122,0.6217115677840952,0.2594244715840763,0.3450881421441122,1.0,-0.0540385299010984,-0.0187802815544976,-0.0340637035099735,-0.0951973913318769,0.1164254696515051,1.0,-0.1704639995526036,1256.0,228.0,24.0,1536.0,851.8430601241141,154.63393129641562,16.277255925938487,1.0
28218,兵庫県,小野市,46001,836.9,1.7242838541666663,2,0,2,4,0,0.0,4.347731571052803,8.695463142105606,-0.8,1.7090413541106615,2.0,1.2584981301999325,1.0,0.0181209100278775,0.056354799551279,0.0538956850725869,0.0440592271578186,1.4311091951149582,1.0,-1.4129882850870803,816.0,324.0,0.0,1140.0,1773.8744809895436,704.3325145105541,0.0,1.0
28219,兵庫県,三田市,102569,394.9,-0.0196127110228402,3,0,1,6,2,0.0,0.9749534459729547,5.8497206758377285,-0.8,-0.1242776322690775,1.2018572174687383,-0.008169417731471,1.0,0.230502776404361,0.2815472816309344,0.3146647027751033,0.4471343873517786,0.372178037782099,1.0,-0.141675261377738,1464.0,883.0,1176.0,2852.0,1427.331844904406,860.8838927941191,1146.5452524641948,1.0
28220,兵庫県,加西市,40210,233.8,-0.4869431643625191,1,1,0,2,0,2.486943546381497,0.0,4.973887092762994,0.186539352052417,-0.8,0.4310082662256644,-0.2615124718369265,1.0,-0.0405751591290977,-0.0094821173815455,-0.0031679267983936,0.0220888355342137,-0.2557395514634446,1.0,0.2151643923343468,321.0,0.0,0.0,327.0,798.3088783884606,0.0,0.0,1.0
28221,兵庫県,丹波篠山市,37554,261.0,-0.3772369362920544,1,3,1,1,0,7.988496564946477,2.6628321883154924,2.6628321883154924,2.0,0.299427354858333,-0.2243436415678594,0.2226440888475438,1.0,-0.030579403365397,-0.004095380662272,0.0038307903535625,0.0355354744169007,0.0823761837729843,1.0,-0.1129555871383813,236.0,121.0,0.0,357.0,628.4283964424562,322.2026947861746,0.0,1.0
28222,兵庫県,養父市,19999,610.0,0.7285349957495042,1,1,1,1,0,5.000250012500625,5.000250012500625,5.000250012500625,,,-0.1002498139688456,0.5372769627375773,0.65,-0.1328636817313379,-0.113133125197653,-0.103117688139937,-0.0630559399090729,0.9914812785087924,1.0,-1.1243449602401303,328.0,45.0,255.0,635.0,1640.0820041002048,225.01125056252812,1275.0637531876594,1.0
28223,兵庫県,丹波市,58014,570.6,0.1760098928277,2,1,1,2,0,1.7237218602406317,1.7237218602406317,3.447443720481264,-0.0547581810407828,-0.0639141535056183,-0.1523549636622211,0.0446129426305175,1.0,-0.0674199039481693,-0.0452678952405155,-0.0399719488838168,-0.018788163457022,0.1100286035753619,1.0,-0.1774485075235313,376.0,325.0,266.0,971.0,648.1194194504774,560.2096045782052,458.510014824008,1.0
28224,兵庫県,南あわじ市,41142,99.7,-0.7637440758293839,1,0,3,5,1,0.0,7.291818579553741,12.153030965922902,-0.8,2.0,1.8744128396067188,0.0392898880263158,1.0,-0.0772365043173603,-0.0505729880083578,-0.0452432802283021,-0.0239244491080797,0.0186166796201008,1.0,-0.0958531839374611,39.0,466.0,85.0,590.0,94.79364153419863,1132.6624860240142,206.60152642068934,1.0
28225,兵庫県,朝来市,26646,390.3,0.2992676431424768,1,1,0,0,0,3.7529085040906702,0.0,0.0,0.312038594035823,0.0,-0.8,0.092041540378403,1.0,-0.0762296479672387,-0.049379859809432,-0.0436527189308515,-0.0207441554165295,-0.1913282791379501,1.0,0.1150986311707113,104.0,45.0,250.0,399.0,390.3024844254297,168.88088268408015,938.2271260226677,1.0
28226,兵庫県,淡路市,39878,278.3,-0.3359580052493438,2,1,1,2,0,2.5076483273985657,2.5076483273985657,5.015296654797131,0.0607614859068372,0.2519599113942292,0.140719621745238,-0.0969247754723843,1.0,-0.0869165381009835,-0.067412778776192,-0.0634263269170574,-0.0474805194805194,-0.0398034642249035,1.0,-0.0471130738760799,110.0,261.0,0.0,371.0,275.8413160138422,654.4962134510256,0.0,1.0
28227,兵庫県,宍粟市,31628,300.4,-0.1461057418988062,1,1,0,0,0,3.161755406601745,0.0,0.0,0.1024734026149873,0.0,-0.8,-0.1725581904264056,1.0,-0.0851770689439636,-0.0550729634608049,-0.0436369632675904,0.0021070375052676,-0.034785054685952,1.0,-0.0503920142580115,187.0,0.0,0.0,199.0,591.2482610345264,0.0,0.0,1.0
28228,兵庫県,加東市,40048,369.6,0.382716049382716,2,2,0,0,0,4.994007191370356,0.0,0.0,,0.0,-0.8,0.0891975308641974,0.8,0.0645589657684951,0.1013942747603205,0.1002593149275109,0.0957194755962722,0.3453743514346672,1.0,-0.280815385666172,238.0,0.0,402.0,640.0,594.2868557730723,0.0,1003.7954454654415,1.0
28229,兵庫県,たつの市,70414,313.9,-0.2497609942638623,5,2,2,2,0,2.840344249723066,2.840344249723066,2.840344249723066,0.8858476608033004,1.1244118830894774,0.013532169999378,0.2229806429920572,1.0,-0.0235161385549591,0.0111493201989593,0.0114998191593861,0.0129018150010933,0.0512991915175621,1.0,-0.0748153300725212,418.0,60.0,320.0,798.0,593.6319481921208,85.210327491692,454.4550799556906,1.0
28301,兵庫県,猪名川町,28669,0.0,-1.0,0,0,0,1,0,0.0,0.0,3.4880881788691616,0.0,0.0,0.0365138554595512,-0.4945229216810673,1.0,0.1054635203954022,0.1556575423555019,0.1626929046208017,0.1908343536820009,-0.5539691882970954,1.0,0.6594327086924976,0.0,198.0,0.0,198.0,0.0,690.6414594160941,0.0,1.0
28365,兵庫県,多可町,17085,234.1,-0.2652228499686128,1,1,0,1,0,5.85308750365818,0.0,5.85308750365818,,0.0,0.182669085239935,-0.1315138277478951,0.8,-0.1089591549851177,-0.0692443956107714,-0.0646283443209097,-0.046164139161463,-0.1098754238765258,1.0,0.000916268891408,156.0,0.0,0.0,156.0,913.0816505706761,0.0,0.0,1.0
28381,兵庫県,稲美町,29284,170.7,-0.2698887938408897,1,0,1,1,0,0.0,3.4148340390657013,3.4148340390657013,0.0,,0.0454834300331288,-0.1507316263711477,0.85,-0.0573724441636138,-0.030244050314253,-0.0321140557563101,-0.0395940775245383,-0.1427922963860342,1.0,0.0854198522224203,50.0,54.0,358.0,468.0,170.7417019532851,184.4010381095479,1222.5105859855212,1.0
28382,兵庫県,播磨町,33294,267.3,0.0,1,1,0,0,0,3.00354418213492,0.0,0.0,,0.0,-0.8,-0.15,0.8,-0.0334233936518191,-0.0049400610263274,-0.0143357165436948,-0.0519183386131644,-0.0560211464146547,1.0,0.0225977527628355,89.0,0.0,0.0,89.0,267.3154322100078,0.0,0.0,1.0
28442,兵庫県,市川町,10267,0.0,,0,0,0,0,0,0.0,0.0,0.0,0.0,0.0,0.0,0.0,0.5,-0.0895693774690898,-0.0601787297125193,-0.0467108017986591,0.0071609098567817,-0.7140863404417517,1.0,0.6245169629726618,,,,,,,,0.0
28443,兵庫県,福崎町,18877,0.0,-1.0,0,0,0,0,0,0.0,0.0,0.0,0.0,0.0,-0.8,-0.62,1.0,0.005772631931374,0.0379059591840675,0.0365990428178247,0.0313713773528532,-0.3265677136806017,1.0,0.3323403456119758,0.0,0.0,322.0,322.0,0.0,0.0,1705.7795200508556,1.0
28446,兵庫県,神河町,9576,939.8,,1,1,0,0,0,10.442773600668335,0.0,0.0,,0.0,0.0,0.0,0.3,-0.0844308769151049,-0.0549886524507344,-0.045010896461225,-0.0050998725031874,0.8966347787430008,1.0,-0.9810656556581056,140.0,0.0,0.0,140.0,1461.9883040935672,0.0,0.0,1.0
28464,兵庫県,太子町,32753,125.2,-0.5316124205013094,1,0,0,1,0,0.0,0.0,3.0531554361432542,0.0,0.0,0.141501198212435,-0.2445810305187894,1.0,0.011462157027752,0.0554793387085021,0.0434477142635445,-0.0046787835162858,-0.274659140279107,1.0,0.286121297306859,41.0,91.0,0.0,132.0,125.1793728818734,277.8371446890361,0.0,1.0
28481,兵庫県,上郡町,12603,0.0,,0,0,0,0,0,0.0,0.0,0.0,0.0,0.0,-0.8,-0.24,0.5,-0.1394601003033038,-0.1105556035469659,-0.101950495788544,-0.0675300647548565,-0.5089686424212856,1.0,0.3695085421179817,,,,,,,,0.0
28501,兵庫県,佐用町,14015,1384.2,3.320224719101124,2,0,0,2,0,0.0,0.0,14.270424545130217,0.0,0.0,1.3877350663622492,1.8682726195048995,1.0,-0.1498410398496634,-0.1276973374484248,-0.1144600649561875,-0.0615109749872383,1.2430490494875277,1.0,-1.392890089337191,194.0,129.0,0.0,323.0,1384.231180877631,920.442383160899,0.0,1.0
28585,兵庫県,香美町,14027,0.0,-1.0,2,0,0,0,0,0.0,0.0,0.0,0.0,0.0,-0.8,-0.62,1.0,-0.1639763959608811,-0.1359613343054116,-0.1265504265633193,-0.0889067955949503,-0.2009790319912379,1.0,0.0370026360303568,92.0,0.0,0.0,92.0,655.8779496684965,0.0,0.0,1.0
28586,兵庫県,新温泉町,11944,0.0,-1.0,1,0,0,1,0,0.0,0.0,8.372404554588078,0.0,0.0,0.2709968170192647,-0.4593504774471103,1.0,-0.1294493197345306,-0.1046666993752657,-0.0896827265888202,-0.029746835443038,0.0549312868791594,1.0,-0.1843806066136901,49.0,80.0,0.0,129.0,410.2478231748158,669.7923643670462,0.0,1.0
29201,奈良県,奈良市,344243,477.6,-0.1430109456307194,14,5,5,11,2,1.452462359437955,1.452462359437955,3.195417190763501,0.30174508349462,0.1646749964499532,0.1852658754648626,0.0413346746707866,1.0,0.0157658503641758,0.0556347943886716,0.05123143050654,0.0336179749780136,0.0377366806489023,1.0,-0.0219708302847265,2775.0,536.0,627.0,3912.0,806.1166094880651,155.7039649317488,182.13877987351958,1.0
29202,奈良県,大和高田市,58470,696.1,0.6705063594912408,3,3,0,0,0,5.13083632632119,0.0,0.0,1.9017678248910528,-0.8,-0.8,0.4756067447238311,1.0,0.0002748928599364,0.0530145385859701,0.0540281340814917,0.058082516063578,0.4198221841366718,1.0,-0.4195472912767353,400.0,0.0,0.0,400.0,684.1115101761587,0.0,0.0,1.0
29203,奈良県,大和郡山市,79240,393.7,-0.2163614649681529,3,3,1,4,1,3.785966683493185,1.2619888944977284,5.047955577990914,1.613319989883247,-0.0473361031145713,0.5500423979789772,0.2898892097222338,1.0,-0.0631404765835811,-0.0250706391524279,-0.0302141702898869,-0.050788294839723,0.0945899883477719,1.0,-0.157730464931353,605.0,173.0,183.0,961.0,763.5032811711258,218.32407874810704,230.9439676930843,1.0
29204,奈良県,天理市,58652,1592.4,4.183593750000001,2,2,3,4,1,3.4099433949396443,5.114915092409466,6.8198867898792885,1.3303126381750268,2.0,1.6104573806799474,2.8994280097369978,1.0,0.014690152446278,0.0622524039929659,0.059807890968393,0.0500298388701014,1.556812342216254,1.0,-1.5421221897699755,1091.0,280.0,37.0,1408.0,1860.1241219395758,477.39207529155016,63.08395280638341,1.0
29205,奈良県,橿原市,117615,1133.4,1.813803376365442,5,1,2,1,1,0.8502316881350167,1.7004633762700334,0.8502316881350167,-0.2387203723662692,0.6417547143620508,-0.659172844863595,0.8565448941342355,1.0,0.0094058975769554,0.0516417868879852,0.045159583356542,0.0192307692307691,1.0376619150197284,1.0,-1.0282560174427728,1333.0,471.0,348.0,2131.0,1133.3588402839773,400.4591251115929,295.88062747098587,1.0
29206,奈良県,桜井市,52105,621.8,0.5459970164097463,3,1,1,0,0,1.9192016121293545,1.9192016121293545,0.0,0.0854132023246643,0.0772767134302188,-0.8,0.1816726556843388,1.0,-0.0409849858070294,-0.006062092483769,-0.0049802466413708,-0.0006528632717776,0.2431435051520757,1.0,-0.2841284909591051,410.0,52.0,0.0,466.0,786.8726609730353,99.79848383072643,0.0,1.0
29207,奈良県,五條市,24647,0.0,-1.0,1,0,0,1,0,0.0,0.0,4.057288919543961,-0.8,0.0,-0.2899049792764151,-0.7034857468914623,1.0,-0.122191729158859,-0.0868029259848111,-0.0737430880808182,-0.0215037364648467,-0.6094013294068178,1.0,0.4872096002479587,45.0,45.0,0.0,90.0,182.57800137947822,182.57800137947822,0.0,1.0
29208,奈良県,御所市,21672,378.4,0.0221501890869799,1,2,1,1,1,9.228497600590623,4.614248800295312,4.614248800295312,1.5619487605057525,,-0.1685030365584712,0.3508110484245527,0.85,-0.1851140230579678,-0.1559093697157533,-0.152240895155419,-0.1375669969140815,0.3595758038817471,1.0,-0.544689826939715,190.0,81.0,400.0,671.0,876.7072720561092,373.75415282392026,1845.6995201181248,1.0
29209,奈良県,生駒市,114892,775.5,0.919079435783222,5,2,2,1,0,1.7407652403996798,1.7407652403996798,0.8703826201998399,0.566895425596337,0.6671022229006831,-0.6375234754583419,0.5773556151272295,1.0,0.0135786821239595,0.0527386757246807,0.0431077214502138,0.0045839043523463,0.4332091171801782,1.0,-0.4196304350562186,1120.0,138.0,0.0,1258.0,974.8285346238207,120.1128015875779,0.0,1.0
29210,奈良県,香芝市,78128,371.2,0.0953083505458838,2,0,0,2,0,0.0,0.0,2.5599016997747284,-0.8,-0.8,0.1162108988316454,-0.2149141899023113,1.0,0.1280471618291211,0.1912902025774021,0.1759534718510525,0.114606548945654,0.0175716855870288,1.0,0.1104754762420922,290.0,356.0,0.0,646.0,371.18574646733566,455.66250255990167,0.0,1.0
29211,奈良県,葛城市,36624,155.6,-0.4249815225424982,1,0,0,0,0,0.0,0.0,0.0,0.0,0.0,-0.8,-0.3324907612712491,1.0,0.0185902925242415,0.045866467775788,0.0405639355769964,0.0193538067818297,-0.0548939680990459,1.0,0.0734842606232875,57.0,0.0,214.0,271.0,155.6356487549148,0.0,584.3162953254696,1.0
29212,奈良県,宇陀市,24993,460.1,0.215909090909091,2,1,0,1,0,4.001120313687832,0.0,4.001120313687832,0.1640857432863465,0.0,-0.2997354468941625,0.0958113770776904,1.0,-0.165488730033089,-0.1408361784374029,-0.1281256172229903,-0.0772833723653395,-0.0193834787681197,1.0,-0.1461052512649693,202.0,40.0,0.0,242.0,808.226303364942,160.04481254751332,0.0,1.0
29322,奈良県,山添村,2871,0.0,,0,0,0,0,0,0.0,0.0,0.0,0.0,0.0,0.0,0.0,0.5,-0.219098230765256,-0.2073681736188826,-0.1907007404454937,-0.1240310077519379,0.2679441690978907,0.55,-0.4870423998631467,,,,,,,,0.0
29342,奈良県,平群町,17037,0.0,-1.0,0,0,0,0,0,0.0,0.0,0.0,0.0,0.0,-0.8,-0.62,1.0,-0.1602172668780357,-0.1364582094603865,-0.1435457697198108,-0.1718960107575078,-0.7036572312437456,1.0,0.5434399643657097,,,,,,,,0.0
29343,奈良県,三郷町,22859,1312.4,7.897627118644069,1,0,0,1,1,0.0,0.0,4.374644560129489,0.0,0.0,0.1451378945566481,3.9705842435055314,1.0,-0.0244326677298158,0.0050594087133147,-0.0054147489776599,-0.0473113797415589,1.7915730957242435,1.0,-1.8160057634540596,300.0,47.0,653.0,1000.0,1312.3933680388468,205.608294326086,2856.6428977645564,1.0
29344,奈良県,斑鳩町,27311,0.0,-1.0,0,0,0,0,0,0.0,0.0,0.0,0.0,0.0,-0.8,-0.62,1.0,-0.0710563753024014,-0.0496860161374729,-0.0596468684130933,-0.0994902775155748,-0.576217857341663,1.0,0.5051614820392615,,,,,,,,0.0
29345,奈良県,安堵町,6855,0.0,,0,0,0,0,0,0.0,0.0,0.0,0.0,0.0,0.0,0.0,0.5,-0.0145927884310595,0.0173924053546968,0.0281271222533006,0.0710659898477157,-0.4349327026870733,0.55,0.4203399142560137,,,,,,,,0.0
29361,奈良県,川西町,7735,0.0,,0,0,0,0,0,0.0,0.0,0.0,0.0,0.0,0.0,0.0,0.5,-0.129636072422599,-0.1090339351555744,-0.1116755679217165,-0.122242098986285,0.1825528554675991,0.55,-0.3121889278901982,,,,,,,,0.0
29362,奈良県,三宅町,5948,0.0,,0,0,0,0,0,0.0,0.0,0.0,0.0,0.0,0.0,0.0,0.5,-0.1798131389415048,-0.1547311618658988,-0.1585737627067491,-0.1739441660701502,-0.2769233122888551,0.55,0.0971101733473502,,,,,,,,0.0
29363,奈良県,田原本町,30332,560.5,0.9234728894989706,1,1,1,1,0,3.2968482131082686,3.2968482131082686,3.2968482131082686,,,0.0032090651603251,0.7111043146515909,0.65,-0.0394090768910985,-0.0083694351117964,-0.0096310319604049,-0.0146774193548386,0.3710401675890786,1.0,-0.4104492444801771,299.0,0.0,0.0,299.0,985.7576157193723,0.0,0.0,1.0
29385,奈良県,曽爾村,1088,0.0,,0,0,0,0,0,0.0,0.0,0.0,0.0,0.0,0.0,0.0,0.5,-0.2930935514901301,-0.2796595613892354,-0.2611578167091537,-0.1871508379888268,0.0357888538983772,0.55,-0.3288824053885074,,,,,,,,0.0
29386,奈良県,御杖村,1229,0.0,,0,0,0,0,0,0.0,0.0,0.0,0.0,0.0,0.0,0.0,0.5,-0.352113131832474,-0.3419533935021565,-0.331488350809553,-0.2896281800391389,0.0108233599715791,0.55,-0.3629364918040532,,,,,,,,0.0
29401,奈良県,高取町,6225,0.0,,0,0,0,0,0,0.0,0.0,0.0,0.0,0.0,0.0,0.0,0.5,-0.1195797090097574,-0.0912073103241057,-0.086447677098675,-0.0674091441969519,0.0727831572092829,1.0,-0.1923628662190404,0.0,0.0,367.0,367.0,0.0,0.0,5895.582329317269,1.0
29402,奈良県,明日香村,4856,0.0,,0,0,0,0,0,0.0,0.0,0.0,0.0,0.0,0.0,0.0,0.5,-0.0885737220877919,-0.0708374667898151,-0.057889485626974,-0.0060975609756097,0.0354084246743208,0.55,-0.1239821467621127,,,,,,,,0.0
29424,奈良県,上牧町,20546,822.5,1.7853030816119202,2,0,1,3,0,0.0,4.867127421395892,14.601382264187675,0.0,,2.0,1.4031194597717178,0.85,0.0160015906942175,0.0716086846478577,0.0698638707952092,0.0628846153846154,0.6898778084334238,1.0,-0.6738762177392064,312.0,241.0,0.0,553.0,1518.5437554755183,1172.9777085564099,0.0,1.0
29425,奈良県,王寺町,23771,441.7,1.135880077369439,1,1,0,0,0,4.206806613099996,0.0,0.0,,0.0,-0.8,0.5599250483558994,0.8,-0.0089362968917027,0.0053453598790386,0.0031041267310697,-0.0058608058608058,0.3471068839144424,1.0,-0.3560431808061451,105.0,0.0,0.0,105.0,441.71469437549956,0.0,0.0,1.0
29426,奈良県,広陵町,33611,0.0,-1.0,0,0,0,0,0,0.0,0.0,0.0,0.0,0.0,-0.8,-0.62,1.0,0.1388160360868958,0.1876326469562189,0.1921171630801151,0.2100552275756999,-0.7058493352736235,1.0,0.8446653713605192,,,,,,,,0.0
29427,奈良県,河合町,15982,0.0,-1.0,0,0,0,0,0,0.0,0.0,0.0,0.0,0.0,-0.8,-0.62,1.0,-0.1492494620380975,-0.1206391293118775,-0.1251230018286423,-0.1430584918957012,-0.6272174162044557,1.0,0.4779679541663581,,,,,,,,0.0
29441,奈良県,吉野町,5316,0.0,,1,0,0,1,0,0.0,0.0,18.811136192626037,0.0,0.0,,0.0,0.35,-0.2724878816619804,-0.2531113704511381,-0.2389115101540139,-0.1821120689655172,0.4297515450733647,0.55,-0.7022394267353451,50.0,46.0,0.0,96.0,940.5568096313018,865.3122648607975,0.0,1.0
29442,奈良県,大淀町,15157,1543.8,5.594617684750107,2,0,1,1,0,0.0,6.597611664577422,6.597611664577422,0.0,,0.3145096970807868,3.34645329051432,0.85,-0.0047319548560216,0.0403738590822921,0.0531811754746546,0.1044104410441044,1.5916374957353543,1.0,-1.596369450591376,270.0,78.0,0.0,352.0,1781.3551494359044,514.613709837039,0.0,1.0
29443,奈良県,下市町,4313,0.0,,0,0,0,0,0,0.0,0.0,0.0,0.0,0.0,0.0,0.0,0.5,-0.2495409901538699,-0.2239449761457085,-0.2145711168460304,-0.1770756796473181,-0.0543232961596149,0.55,-0.1952176939942549,,,,,,,,0.0
29444,奈良県,黒滝村,508,0.0,,0,0,0,0,0,0.0,0.0,0.0,0.0,0.0,0.0,0.0,0.5,-0.343337722716401,-0.3345392491467577,-0.3236313993174061,-0.28,0.2373767846788628,0.55,-0.5807145073952639,,,,,,,,0.0
29446,奈良県,天川村,1018,0.0,,0,0,0,0,0,0.0,0.0,0.0,0.0,0.0,0.0,0.0,0.5,-0.2158777200885967,-0.2189512531183801,-0.1952278921268111,-0.1003344481605351,0.0494709135180647,0.55,-0.2653486336066615,,,,,,,,0.0
29447,奈良県,野迫川村,288,0.0,,0,0,0,0,0,0.0,0.0,0.0,0.0,0.0,0.0,0.0,0.5,-0.4454298342434453,-0.4376437783199721,-0.4364308121296619,-0.431578947368421,0.3636363636363636,0.55,-0.8090661978798089,,,,,,,,0.0
29449,奈良県,十津川村,2706,0.0,,0,0,0,0,0,0.0,0.0,0.0,0.0,0.0,0.0,0.0,0.5,-0.25522509819371,-0.2531722290770111,-0.2452534834030516,-0.2135785007072136,0.268871346773167,0.55,-0.524096444966877,,,,,,,,0.0
29450,奈良県,下北山村,666,0.0,,0,0,0,0,0,0.0,0.0,0.0,0.0,0.0,0.0,0.0,0.5,-0.1765329355149714,-0.1472977122677721,-0.1414279134039613,-0.1179487179487179,0.1557466005504825,0.55,-0.3322795360654539,,,,,,,,0.0
29451,奈良県,上北山村,375,0.0,,0,0,0,0,0,0.0,0.0,0.0,0.0,0.0,0.0,0.0,0.5,-0.3798655122655122,-0.3683261183261183,-0.3692640692640693,-0.373015873015873,0.3636363636363636,0.55,-0.7435018759018759,,,,,,,,0.0
29452,奈良県,川上村,973,0.0,,0,0,0,0,0,0.0,0.0,0.0,0.0,0.0,0.0,0.0,0.5,-0.407633471972552,-0.4130738401748846,-0.4109059995142093,-0.4022346368715084,0.0509197025952309,0.55,-0.458553174567783,,,,,,,,0.0
29453,奈良県,東吉野村,1252,0.0,,0,0,0,0,0,0.0,0.0,0.0,0.0,0.0,0.0,0.0,0.5,-0.3998329895349051,-0.3940348125498397,-0.3880648721726686,-0.3641851106639839,0.3636363636363636,0.55,-0.7634693531712687,,,,,,,,0.0
30201,和歌山県,和歌山市,346249,773.1,0.4340567612687813,24,5,9,16,1,1.4440474918339117,2.5992854853010403,4.620951973868516,0.3767887703049353,1.157592286456118,0.7969662132010156,0.5855699096439477,1.0,-0.0352245211829756,-0.007037780003308,-0.0139876796546912,-0.0417872782602241,0.558662271735438,1.0,-0.5938867929184136,3799.0,803.0,657.0,5213.0,1097.187284295406,231.91402718852615,189.74784042697596,1.0
30202,和歌山県,海南市,44535,507.5,0.1650596877869605,2,1,0,3,0,2.2454249466711578,0.0,6.736274840013472,-0.0206016709270693,-0.8,0.582765595675705,0.0458243490594221,1.0,-0.1376881248253567,-0.1132037022880219,-0.1137362976395346,-0.1158666790455853,0.0489572099121718,1.0,-0.1866453347375286,222.0,115.0,0.0,337.0,498.4843381609969,258.2238688671831,0.0,1.0
30203,和歌山県,橋本市,57104,544.6,0.1852013057671382,2,2,2,1,0,3.502381619501261,3.502381619501261,1.7511908097506306,0.9206100758300652,0.9126814184424556,-0.5569837496412233,0.330077318369767,1.0,-0.0150494593222731,0.0199505793714072,0.0296943690765249,0.0686695278969957,0.2796536030841514,1.0,-0.2947030624064245,636.0,47.0,0.0,683.0,1113.757355001401,82.30596805827963,0.0,1.0
30204,和歌山県,有田市,24520,220.2,-0.2543176430748392,1,1,0,1,0,4.078303425774878,0.0,4.078303425774878,,0.0,0.0302609710599877,-0.1532745948480267,0.8,-0.0998879570472664,-0.0639118241802942,-0.0623929972503725,-0.0563176895306859,-0.0241979637943975,1.0,-0.0756899932528688,190.0,50.0,0.0,244.0,774.8776508972268,203.91517128874386,0.0,1.0
30205,和歌山県,御坊市,21885,1475.9,9.006101694915255,3,2,2,1,1,9.138679460817912,9.138679460817912,4.569339730408956,,,0.1840979924298909,6.970254686649401,0.65,-0.0307820792466713,0.0127250097348086,0.0099443254875876,-0.0011784115012962,2.531816603596833,1.0,-2.5625986828435043,482.0,51.0,100.0,637.0,2202.4217500571167,233.03632625085677,456.9339730408956,1.0
30206,和歌山県,田辺市,64651,1028.6,1.0576115223044606,4,2,1,2,0,3.093532969327621,1.5467664846638105,3.093532969327621,0.749561643505178,-0.065838438182957,-0.1472574095220875,0.6467537126975093,1.0,-0.059097790117928,-0.0222155270110944,-0.0210202848567388,-0.0162393162393162,0.7116875354379794,1.0,-0.7707853255559074,841.0,32.0,198.0,1075.0,1300.8306136022645,49.49652750924193,306.25976396343447,1.0
30207,和歌山県,新宮市,25150,815.1,1.309719467271182,1,1,0,1,0,3.9761431411530817,0.0,3.9761431411530817,0.3257800148290755,0.0,-0.1278887506282663,0.7008324240071662,1.0,-0.1227476340366191,-0.0974686619090933,-0.0939232749671455,-0.0797417271993543,0.9386671738721986,1.0,-1.0614148079088177,365.0,0.0,157.0,526.0,1451.2922465208746,0.0,624.2544731610338,1.0
30208,和歌山県,紀の川市,55450,555.5,0.2013408304498269,2,2,2,1,0,3.606853020739405,3.606853020739405,1.8034265103697025,1.0073691093765915,0.993946718382346,-0.5162319280826848,0.3738014556451809,1.0,-0.0263902352049633,0.0103284844916424,0.0161948485283515,0.0396603046751882,0.2143303159153639,1.0,-0.2407205511203272,418.0,178.0,0.0,600.0,753.8322813345357,321.009918845807,0.0,1.0
30209,和歌山県,岩出市,53445,0.0,-1.0,2,0,0,2,0,0.0,0.0,3.7421648423613054,-0.8,-0.8,0.5712364184070848,-0.6943145372389373,1.0,0.1956790022135378,0.2701387500897799,0.2639157521379396,0.2390237603305784,-0.1754155449509433,1.0,0.3710945471644811,102.0,54.0,199.0,355.0,190.8504069604266,101.03845074375528,372.3454018149499,1.0
30304,和歌山県,紀美野町,7270,0.0,,0,1,0,0,1,13.75515818431912,0.0,0.0,,0.0,0.0,0.0,0.3,-0.2501572172231153,-0.2320712924504145,-0.2265026999222767,-0.2042283298097251,1.1716836388985463,1.0,-1.4218408561216616,99.0,0.0,100.0,199.0,1361.7606602475928,0.0,1375.5158184319118,1.0
30341,和歌山県,かつらぎ町,14670,545.3,1.0884718498659516,1,0,0,0,0,0.0,0.0,0.0,0.0,0.0,-0.8,0.4242359249329758,1.0,-0.173437794175244,-0.1552890323643085,-0.1514076660877785,-0.1358822009816584,0.6989110300177287,1.0,-0.8723488241929727,80.0,0.0,0.0,84.0,545.3306066803,0.0,0.0,1.0
30343,和歌山県,九度山町,3373,0.0,,0,0,0,0,1,0.0,0.0,0.0,0.0,0.0,0.0,0.0,0.5,-0.2632463197576378,-0.2418086220835563,-0.2377865203083544,-0.2216981132075471,0.565537631705613,0.55,-0.8287839514632509,0.0,0.0,112.0,112.0,0.0,0.0,3320.486214052772,1.0
30344,和歌山県,高野町,2654,0.0,,0,0,0,0,0,0.0,0.0,0.0,0.0,0.0,0.0,0.0,0.5,-0.2846623668148405,-0.2827419239565466,-0.28017081189251,-0.2698863636363636,0.2820427987142009,0.55,-0.5667051655290414,,,,,,,,0.0
30361,和歌山県,湯浅町,10010,689.3,,1,1,1,0,0,9.99000999000999,9.99000999000999,0.0,,,0.0,0.0,0.15,-0.1351766669544447,-0.0960082304526749,-0.093679012345679,-0.0843621399176954,0.8583020382655693,1.0,-0.993478705220014,149.0,0.0,0.0,149.0,1488.5114885114886,0.0,0.0,1.0
30362,和歌山県,広川町,6321,0.0,,0,0,0,0,0,0.0,0.0,0.0,0.0,0.0,0.0,0.0,0.5,-0.0632246694081982,-0.03083180076149,-0.0236704157335701,0.0049751243781095,-0.3465893506398105,0.55,0.2833646812316123,,,,,,,,0.0
30366,和歌山県,有田川町,23976,133.5,-0.3035993740219092,2,0,1,2,1,0.0,4.170837504170838,8.341675008341676,0.0,,1.1176406098747798,0.0186428287885439,0.85,-0.0335154671157265,-0.0104158780229327,-0.003883594338598,0.0222455403987407,0.4121898509835602,1.0,-0.4457053180992868,86.0,105.0,300.0,491.0,358.69202535869204,437.93793793793793,1251.2512512512512,1.0
30381,和歌山県,美浜町,6408,858.3,,1,0,0,1,0,0.0,0.0,15.60549313358302,0.0,0.0,,0.0,0.35,-0.0433939484482843,-0.0120591167927698,-0.0016734372250655,0.0398692810457517,0.7565509810889453,0.55,-0.7999449295372296,245.0,0.0,0.0,260.0,3823.3458177278403,0.0,0.0,1.0
30382,和歌山県,日高町,7605,0.0,,0,0,0,0,0,0.0,0.0,0.0,0.0,0.0,0.0,0.0,0.5,0.0317415621517788,0.0524224510316226,0.0512990306618509,0.0468053491827638,-0.1817517775801499,0.55,0.2134933397319288,,,,,,,,0.0
30383,和歌山県,由良町,4816,0.0,,0,0,0,0,0,0.0,0.0,0.0,0.0,0.0,0.0,0.0,0.5,-0.1256422283454878,-0.0955368708756366,-0.085904087570449,-0.0473729543496985,-0.2242174409440754,0.55,0.0985752125985876,,,,,,,,0.0
30390,和歌山県,印南町,7195,0.0,,0,0,0,0,0,0.0,0.0,0.0,0.0,0.0,0.0,0.0,0.5,-0.1012099730278865,-0.0818815760727851,-0.0764188108275721,-0.0545677498467197,-0.138048140352703,0.55,0.0368381673248165,,,,,,,,0.0
30391,和歌山県,みなべ町,10963,0.0,,0,0,0,0,0,0.0,0.0,0.0,0.0,0.0,0.0,0.0,0.5,-0.0410507104992913,-0.0054922883787661,0.0014885222381634,0.0294117647058822,-0.188029807772103,0.55,0.1469790972728117,,,,,,,,0.0
30392,和歌山県,日高川町,8463,0.0,,0,0,0,0,0,0.0,0.0,0.0,0.0,0.0,0.0,0.0,0.5,-0.0616688196873268,-0.0332218345233142,-0.0240735552555841,0.0125195618153364,-0.0408013004679292,0.55,-0.0208675192193976,,,,,,,,0.0
30401,和歌山県,白浜町,19048,430.5,0.4059438275636839,2,1,1,2,0,5.249895002099958,5.249895002099958,10.499790004199916,,,1.0479839057410087,0.5541069225276819,0.65,-0.0857386331456758,-0.0579152790462396,-0.0581679720292622,-0.0591787439613527,0.543527541392242,1.0,-0.6292661745379179,104.0,148.0,0.0,252.0,545.9890802183957,776.9844603107938,0.0,1.0
30404,和歌山県,上富田町,15238,0.0,-1.0,0,0,0,1,0,0.0,0.0,6.56254101588135,0.0,0.0,0.6749971711412506,-0.3987504243288124,1.0,0.1130872342388027,0.1623391745832937,0.1636151820311669,0.1687192118226601,-0.2923867049231894,1.0,0.4054739391619922,64.0,0.0,0.0,64.0,420.0026250164064,0.0,0.0,1.0
30406,和歌山県,すさみ町,3248,0.0,,1,0,0,0,0,0.0,0.0,0.0,0.0,0.0,0.0,0.0,0.5,-0.2460974246634673,-0.2280855169051462,-0.2261357103105064,-0.218336483931947,0.3636363636363636,0.55,-0.6097337882998309,25.0,0.0,0.0,25.0,769.7044334975369,0.0,0.0,1.0
30421,和歌山県,那智勝浦町,12724,235.8,0.1138403401039207,1,0,0,2,0,0.0,0.0,15.718327569946556,0.0,0.0,1.3871154880701648,0.264987493262485,1.0,-0.2160840181311782,-0.1957707788672938,-0.1961372622416379,-0.1976031957390146,0.8009861881063992,1.0,-1.0170702062375776,120.0,82.0,0.0,202.0,943.0996541967935,644.4514303678089,0.0,1.0
30422,和歌山県,太地町,2610,0.0,,0,0,0,0,0,0.0,0.0,0.0,0.0,0.0,0.0,0.0,0.5,-0.0956075818509213,-0.0696397117694155,-0.0637117694155324,-0.04,0.109439069829671,0.55,-0.2050466516805923,,,,,,,,0.0
30424,和歌山県,古座川町,2186,0.0,,0,0,0,0,0,0.0,0.0,0.0,0.0,0.0,0.0,0.0,0.5,-0.2770214066304238,-0.2685596070252343,-0.2656830078158915,-0.2541766109785203,0.3636363636363636,0.55,-0.6406577702667875,,,,,,,,0.0
30427,和歌山県,北山村,346,0.0,,0,0,0,0,0,0.0,0.0,0.0,0.0,0.0,0.0,0.0,0.5,-0.3215619640475132,-0.306043956043956,-0.3134065934065934,-0.3428571428571428,0.3636363636363636,0.55,-0.6851983276838769,,,,,,,,0.0
30428,和歌山県,串本町,13345,674.4,1.860050890585241,1,0,0,1,0,0.0,0.0,7.493443237167479,0.0,0.0,0.1431607287578007,0.9514995546062908,1.0,-0.2375094971668533,-0.2266592571253476,-0.2234483174941334,-0.2106045589692765,0.9011741573885714,1.0,-1.1386836545554249,90.0,20.0,151.0,261.0,674.409891345073,149.86886474334958,1131.5099288122892,1.0
31201,鳥取県,鳥取市,180868,622.6,0.3320496362858367,5,4,4,7,3,2.2115576000176924,2.2115576000176924,3.8702258000309615,1.2300716505438245,0.7627091736288409,0.7006257095365946,0.6315393807264985,1.0,0.0267019665656047,0.052665565622173,0.0618950527090366,0.0988130010564911,0.2821867591698395,1.0,-0.2554847926042347,1838.0,261.0,417.0,2530.0,1016.2107172081297,144.30413340115442,230.55487980184444,1.0
31202,鳥取県,米子市,143197,979.1,1.359845745962883,5,3,5,7,2,2.095015957038206,3.491693261730344,4.888370566422481,0.9409064921392772,1.7983600718688004,0.8727596839712621,1.2687721347853065,1.0,0.0255188313355068,0.0514671959644434,0.0508502950680158,0.0483826914823051,0.8907077696410922,1.0,-0.8651889383055853,1572.0,492.0,480.0,2552.0,1097.78836148802,343.5826169542658,335.202553126113,1.0
31203,鳥取県,倉吉市,43384,1177.9,1.547361591695502,6,2,2,4,1,4.609994468006638,4.609994468006638,9.219988936013277,1.1614467711446177,1.179999503954496,1.2489248761279923,1.3703088070890477,1.0,-0.0401497501024502,-0.0224362804198768,-0.0132383338648324,0.0235534523553453,1.2927838298553491,1.0,-1.3329335799577993,810.0,220.0,250.0,1284.0,1867.0477595426887,507.0993914807302,576.2493085008298,1.0
31204,鳥取県,境港市,31293,335.5,0.1361327463596342,1,2,0,1,0,6.391205700955485,0.0,3.1956028504777425,,0.0,-0.0268901311905157,0.0800410668765496,0.8,-0.0560665279220692,-0.0308304770411537,-0.0303724629110368,-0.0285404063905692,0.1570145839175582,1.0,-0.2130811118396274,191.0,80.0,0.0,273.0,610.3601444412488,255.6482280382194,0.0,1.0
31302,鳥取県,岩美町,9995,530.3,,1,0,0,1,0,0.0,0.0,10.005002501250626,0.0,0.0,,0.0,0.35,-0.0686175824195347,-0.0505589983329709,-0.0322461404653185,0.0410052910052909,0.5462031308357346,1.0,-0.6148207132552693,53.0,46.0,0.0,99.0,530.2651325662831,460.2301150575288,0.0,1.0
31325,鳥取県,若桜町,2487,0.0,,0,0,0,0,0,0.0,0.0,0.0,0.0,0.0,0.0,0.0,0.5,-0.2568497809884104,-0.2414842933459929,-0.2308402464127357,-0.1882640586797066,0.0786630831919377,0.55,-0.3355128641803482,,,,,,,,0.0
31328,鳥取県,智頭町,5737,906.4,,1,0,0,1,0,0.0,0.0,17.43071291615827,0.0,0.0,,0.0,0.35,-0.1747573357815527,-0.1648614084496292,-0.145990032322446,-0.0705045278137128,0.9509001538736368,1.0,-1.1256574896551894,52.0,47.0,0.0,99.0,906.3970716402301,819.2435070594388,0.0,1.0
31329,鳥取県,八頭町,14748,0.0,-1.0,0,0,0,0,0,0.0,0.0,0.0,0.0,0.0,-0.8,-0.62,1.0,-0.0546618138042066,-0.0329238528416447,-0.014474140651353,0.0593247081098138,-0.7284195000939229,1.0,0.6737576862897162,,,,,,,,0.0
31364,鳥取県,三朝町,5514,834.2,,1,1,1,0,0,18.13565469713457,18.13565469713457,0.0,,,0.0,0.0,0.15,-0.119347463041602,-0.1081484978709284,-0.0935705612374779,-0.0352588147036758,1.0595542612984346,1.0,-1.1789017243400366,83.0,95.0,0.0,178.0,1505.259339862169,1722.8871962277838,0.0,1.0
31370,鳥取県,湯梨浜町,15447,0.0,,0,0,0,0,0,0.0,0.0,0.0,0.0,0.0,-0.8,-0.24,0.5,0.0356407407258932,0.0586954017700216,0.0709701622464671,0.120069204152249,-0.6315507656822148,1.0,0.6671915064081081,,,,,,,,0.0
31371,鳥取県,琴浦町,15040,0.0,-1.0,0,0,0,0,0,0.0,0.0,0.0,0.0,0.0,-0.8,-0.62,1.0,-0.1155898679071139,-0.1012376667825342,-0.0936299544551101,-0.0631991051454138,-0.6482587412574876,1.0,0.5326688733503737,,,,,,,,0.0
31372,鳥取県,北栄町,13453,0.0,,0,0,0,0,0,0.0,0.0,0.0,0.0,0.0,0.0,0.0,0.5,-0.0345680907539481,-0.0170255669316507,0.0003379532223917,0.0697920338385618,-0.7156101076155738,1.0,0.6810420168616256,,,,,,,,0.0
31384,鳥取県,日吉津村,3530,0.0,,0,0,0,0,0,0.0,0.0,0.0,0.0,0.0,0.0,0.0,0.5,0.0499794500175297,0.0634909930162156,0.0639241075442856,0.0656565656565657,0.2472727272727272,0.55,-0.1972932772551974,,,,,,,,0.0
31386,鳥取県,大山町,13969,0.0,-1.0,0,0,0,0,0,0.0,0.0,0.0,0.0,0.0,-0.8,-0.62,1.0,-0.133615312486829,-0.1191709774614728,-0.1106315539380325,-0.0764738598442714,-0.7097289892205995,1.0,0.5761136767337705,,,,,,,,0.0
31389,鳥取県,南部町,9653,507.6,,1,0,0,1,1,0.0,0.0,10.359473738734073,0.0,0.0,,0.0,0.35,-0.1212277491229877,-0.1076089622024588,-0.100462169761967,-0.071875,1.0699389610064525,1.0,-1.1911667101294403,49.0,30.0,99.0,178.0,507.6142131979695,310.7842121620222,1025.587900134673,1.0
31390,鳥取県,伯耆町,9923,0.0,,0,0,1,2,0,0.0,10.07759750075582,20.15519500151164,0.0,,,0.0,0.2,-0.0797933856973757,-0.0725322530187094,-0.0568716391833104,0.0057708161582852,-0.0838000513556731,1.0,0.0040066656582973,0.0,60.0,0.0,60.0,0.0,604.6558500453492,0.0,1.0
31401,鳥取県,日南町,3654,1614.7,,1,0,0,1,0,0.0,0.0,27.367268746579093,0.0,0.0,,0.0,0.35,-0.2700184050448023,-0.2670646499990474,-0.2545752868782188,-0.2046178343949044,0.4792857168715961,0.55,-0.7493041219163985,59.0,40.0,0.0,99.0,1614.6688560481664,1094.6907498631635,0.0,1.0
31402,鳥取県,日野町,2540,3897.6,,1,1,0,0,0,39.37007874015748,0.0,0.0,,0.0,0.0,0.0,0.3,-0.2478571127214999,-0.2406005216322707,-0.229205563504647,-0.183625730994152,0.0623834222766043,0.55,-0.3102405349981043,99.0,0.0,0.0,99.0,3897.6377952755906,0.0,0.0,1.0
31403,鳥取県,江府町,2333,0.0,,0,0,0,0,0,0.0,0.0,0.0,0.0,0.0,0.0,0.0,0.5,-0.213358069652887,-0.2013099051204464,-0.1883821595496724,-0.1366711772665764,0.095857302999721,0.55,-0.309215372652608,,,,,,,,0.0
32201,島根県,松江市,199082,543.5,0.1085049969406486,5,2,3,6,2,1.0046111652484906,1.506916747872736,3.013833495745472,0.027472452826224,0.3490250068712415,0.3356897758420472,0.1624542064425624,1.0,0.0084078136419805,0.0324154959398231,0.0321189897027915,0.0309329647546647,0.2063227055327507,1.0,-0.1979148918907702,1341.0,252.0,646.0,2249.0,673.5917862991129,126.58100682130981,324.48940637526243,1.0
32202,島根県,浜田市,50270,459.5,-0.0301815111861545,1,1,1,3,1,1.9892580067634773,1.9892580067634773,5.967774020290432,-0.0509101383324509,0.0085880266755167,0.4556498432355804,0.0443628972270971,1.0,-0.1315757249953858,-0.1250294944717722,-0.121940684959961,-0.1095854469127164,0.2471859471416079,1.0,-0.3787616721369937,343.0,121.0,402.0,870.0,682.3154963198728,240.70021881838076,799.6817187189179,1.0
32203,島根県,出雲市,170063,732.7,0.6235320186128961,4,2,3,7,3,1.1760347635876116,1.7640521453814173,4.116121672556641,0.0705678497188302,0.403717445932038,0.8665800832458137,0.5164242086268919,1.0,0.0065312201035945,0.022957140375315,0.0235721521859959,0.0260321994287198,0.4430438642154316,1.0,-0.4365126441118371,1566.0,611.0,448.0,2631.0,920.8352198890999,359.2786202760153,263.43178704362504,1.0
32204,島根県,益田市,42163,796.9,0.8883886255924169,2,1,1,1,0,2.3717477409102767,2.3717477409102767,2.3717477409102767,-0.0057704974400845,0.1573819435132661,-0.4851350863979127,0.3938772418754946,1.0,-0.1237153103364459,-0.114177918575984,-0.1071087291203048,-0.0788319712975882,0.6068918540671837,1.0,-0.7306071644036296,441.0,88.0,215.0,752.0,1045.940753741432,208.71380120010434,509.9257642957095,1.0
32205,島根県,大田市,30362,444.6,0.0749516441005802,1,1,1,0,0,3.293590672551215,3.293590672551215,0.0,0.0455525029919094,,-0.8,-0.0863690321780329,0.85,-0.1534348432006275,-0.1460129504945502,-0.1378643616968763,-0.1052700065061809,0.1273538990119399,1.0,-0.2807887422125675,180.0,45.0,168.0,397.0,592.8463210592188,148.2115802648047,553.3232329886042,1.0
32206,島根県,安来市,33885,419.1,0.056998738965952,1,2,1,2,1,5.902316659288771,2.951158329644385,5.902316659288771,1.1955522027490275,1.7825291426885053,0.4910431760596663,0.6086456578450072,1.0,-0.1352446157916006,-0.1169589243569922,-0.115590805266806,-0.1101183289060613,-0.0850883589360699,1.0,-0.0501562568555307,240.0,92.0,146.0,478.0,708.2779991146525,271.50656632728345,430.8691161280803,1.0
32207,島根県,江津市,21035,175.9,-0.3793225123500352,1,1,0,2,0,4.753981459472309,0.0,9.507962918944616,,0.0,0.921169605070054,-0.0643572692681369,0.8,-0.1278473297995012,-0.1136047060752702,-0.106489354922328,-0.0780279503105589,0.3038044592071519,1.0,-0.4316517890066531,168.0,116.0,0.0,284.0,798.6688851913477,551.4618492987878,0.0,1.0
32209,島根県,雲南市,32591,469.5,0.1376302398836928,2,1,1,2,0,3.068331748028597,3.068331748028597,6.136663496057194,-0.0509953249838091,,0.3743964527643644,0.1350300268938108,0.85,-0.1484037310174546,-0.1346143949161231,-0.1261228420892926,-0.0921566307819709,0.1679966167350602,1.0,-0.3164003477525148,253.0,133.0,100.0,490.0,776.287932251235,408.08812248780333,306.83317480285973,1.0
32343,島根県,奥出雲町,10593,481.5,,0,1,0,1,0,9.440196356084208,0.0,9.440196356084208,,0.0,0.3184486302898262,0.1592243151449131,0.3,-0.1994237431563224,-0.1883039934282149,-0.1776490655840592,-0.1350293542074364,0.6465337748880365,1.0,-0.8459575180443589,51.0,47.0,0.0,98.0,481.4500141602946,443.68922873595767,0.0,1.0
32386,島根県,飯南町,4166,1152.2,,1,0,0,0,0,0.0,0.0,0.0,0.0,0.0,0.0,0.0,0.5,-0.1976438798566237,-0.1984945798143856,-0.1885189840096112,-0.1486166007905138,0.4575242675069657,0.55,-0.6551681473635894,48.0,0.0,0.0,48.0,1152.1843494959194,0.0,0.0,1.0
32441,島根県,川本町,2908,0.0,,0,1,0,1,0,34.3878954607978,0.0,34.3878954607978,,0.0,,0.0,0.15,-0.2567000956991797,-0.2671598309361734,-0.2643273851326317,-0.2529976019184652,-0.043313514320494,0.55,-0.2133865813786856,0.0,81.0,0.0,81.0,0.0,2785.4195323246217,0.0,1.0
32448,島根県,美郷町,3854,0.0,,0,0,0,0,0,0.0,0.0,0.0,0.0,0.0,0.0,0.0,0.5,-0.2736689002405236,-0.2784927867369262,-0.2736331555640375,-0.2541946308724832,-0.0606461809952544,0.55,-0.2130227192452692,,,,,,,,0.0
32449,島根県,邑南町,9259,615.6,,1,1,0,0,0,10.800302408467438,0.0,0.0,,0.0,0.0,0.0,0.3,-0.1860926633216441,-0.18138712657838,-0.1775704342469972,-0.1623036649214659,0.7511068805754282,1.0,-0.9371995438970724,98.0,0.0,0.0,98.0,1058.4296360298088,0.0,0.0,1.0
32501,島根県,津和野町,6101,0.0,,1,0,0,0,0,0.0,0.0,0.0,0.0,0.0,0.0,0.0,0.5,-0.2842069897353184,-0.2861293137210992,-0.2787218215010101,-0.2490918526206539,0.7577362724127539,1.0,-1.0419432621480722,49.0,0.0,0.0,49.0,803.1470250778561,0.0,0.0,1.0
32505,島根県,吉賀町,5657,0.0,,1,0,0,0,0,0.0,0.0,0.0,0.0,0.0,0.0,0.0,0.5,-0.1727664551570538,-0.1767249173367606,-0.1687973145303631,-0.1370869033047735,0.9266849657176244,1.0,-1.0994514208746782,50.0,0.0,0.0,50.0,883.86070355312,0.0,0.0,1.0
32525,島根県,海士町,2107,0.0,,0,0,0,0,0,0.0,0.0,0.0,0.0,0.0,0.0,0.0,0.5,-0.2045550213130242,-0.2277942017928667,-0.217745565515926,-0.1775510204081632,-0.0183030224813668,0.55,-0.1862519988316573,,,,,,,,0.0
32526,島根県,西ノ島町,2563,0.0,,0,0,0,1,0,0.0,0.0,39.01677721420211,0.0,0.0,,0.0,0.35,-0.2004329913147044,-0.2155228993299897,-0.2015555188982209,-0.1456859971711457,0.2648834793495396,0.55,-0.4653164706642441,20.0,24.0,0.0,44.0,780.3355442840422,936.4026531408505,0.0,1.0
32527,島根県,知夫村,584,0.0,,0,0,0,0,0,0.0,0.0,0.0,0.0,0.0,0.0,0.0,0.5,-0.2828757624032131,-0.3021753647010479,-0.3118039860283542,-0.3503184713375796,0.1906624708117646,0.55,-0.4735382332149778,,,,,,,,0.0
32528,島根県,隠岐の島町,12367,752.0,,1,0,0,0,1,0.0,0.0,0.0,0.0,0.0,-0.8,-0.24,0.5,-0.1661815980478179,-0.1584582075321786,-0.1485645955823931,-0.1089901477832512,0.5029895393692955,1.0,-0.6691711374171134,93.0,0.0,22.0,115.0,752.0012937656667,0.0,177.89277917037276,1.0
33101,岡山県,岡山市北区,315573,1238.7,1.9563245823389024,15,7,3,11,2,2.218187234015584,0.9506516717209648,3.4857227963102035,1.3329540207708377,-0.0573305811860963,0.6664416296190532,1.3361197525885622,1.0,0.0718952481158539,0.1110291046824513,0.101822895697843,0.0649980597594102,1.2739460355030527,1.0,-1.2020507873871988,5214.0,170.0,1429.0,6874.0,1652.2326054510365,53.870261397521325,452.82707962975286,1.0
33102,岡山県,岡山市中区,149426,347.3,-0.1341311393667414,5,5,4,4,2,3.346137887650074,2.67691031012006,2.67691031012006,2.0,1.658311130330774,0.2288721277303425,0.6160119190257968,1.0,0.0752612677177637,0.1123730529462129,0.1046556914586666,0.0737862455084816,0.1184791196723736,1.0,-0.0432178519546098,971.0,319.0,482.0,1772.0,649.8199777816444,213.48359723207471,322.5676923694672,1.0
33103,岡山県,岡山市東区,90396,290.9,-0.2696459954807935,4,1,1,3,0,1.106243639099075,1.106243639099075,3.3187309172972257,-0.1733298636525674,-0.0825770487543628,0.2381259726610773,-0.146156631884903,1.0,-0.0156012679649631,0.0134973843234574,0.0092850313254993,-0.0075643806663329,-0.0758559638414861,1.0,0.060254695876523,515.0,198.0,0.0,713.0,569.7154741360238,219.03624054161688,0.0,1.0
33104,岡山県,岡山市南区,162860,243.2,-0.39727385377943,2,3,1,3,1,1.842072946088665,0.6140243153628884,1.842072946088665,0.8594342259388408,-0.490461825293921,-0.2423560784779507,-0.1366727672677276,1.0,0.038389020255745,0.0716566095061113,0.0652108247800791,0.0394276858759505,-0.2109498077161005,1.0,0.2493388279718455,771.0,98.0,750.0,1619.0,473.412747144787,60.174382905563064,460.5182365221663,1.0
33202,岡山県,倉敷市,468858,806.9,0.6450560652395514,21,12,10,16,2,2.5594103118641467,2.132841926553456,3.412547082485529,1.3797956667723257,0.8717183776659387,0.509533297547323,0.8056749172562301,1.0,0.0014134499189729,0.0297592050496706,0.0212910424357598,-0.0125816080198831,0.3202754070581688,1.0,-0.3188619571391959,5277.0,916.0,854.0,7057.0,1125.5006846422584,195.36832047229652,182.1447005276651,1.0
33203,岡山県,津山市,94363,704.7,0.7438752783964366,4,3,1,5,1,3.179212191219016,1.0597373970730053,5.298686985365027,1.451198379823838,-0.1308467304994088,0.9767923766849074,0.7890691620908107,1.0,-0.0287969374598137,-0.0002237216592378,0.0008246069020004,0.0050179211469534,0.6447170778927465,1.0,-0.6735140153525602,771.0,233.0,525.0,1547.0,817.0575331432871,246.91881351801027,556.3621334633278,1.0
33204,岡山県,玉野市,51334,175.3,-0.6125110521662245,4,1,1,3,1,1.9480266490045584,1.9480266490045584,5.844079947013675,-0.1298825356808576,-0.0095953786895532,0.300075318778886,-0.2886600422058838,1.0,-0.1842262810986909,-0.1691897607873922,-0.1708479633375969,-0.1774807735384156,-0.2988711188875007,1.0,0.1146448377888098,307.0,129.0,135.0,571.0,598.0441812443994,251.29543772158806,262.9835976156154,1.0
33205,岡山県,笠岡市,42405,363.2,-0.1218568665377176,2,2,0,1,0,4.716424949887984,0.0,2.358212474943992,0.9321425871234708,-0.8,-0.4877079673475162,-0.067656110946292,1.0,-0.1264300775812403,-0.0984244550479231,-0.0959180578491671,-0.0858924690541433,0.0982279409244267,1.0,-0.2246580185056671,268.0,39.0,449.0,756.0,632.00094328499,91.9702865228157,1058.8374012498525,1.0
33207,岡山県,井原市,35757,159.4,-0.5979823455233291,1,3,0,1,0,8.389965601141036,0.0,2.796655200380345,2.0,-0.8,-0.3325277802828625,-0.0688703398040938,1.0,-0.1182729024601987,-0.0963603240761599,-0.0955336128553171,-0.0922267679719461,-0.2222474147671747,1.0,0.1039745123069759,167.0,37.0,0.0,204.0,467.04141846351763,103.47624241407276,0.0,1.0
33208,岡山県,総社市,68632,45.2,-0.8617737003058104,2,0,0,3,0,0.0,0.0,4.371138827369157,-0.8,-0.8,0.6995930810714712,-0.6059478879921845,1.0,0.0095849305379104,0.0287789671154385,0.0257615189254462,0.0136917261654767,-0.4606123997683198,1.0,0.4701973303062303,69.0,145.0,0.0,214.0,100.53619302949062,211.27170998950928,0.0,1.0
33209,岡山県,高梁市,24755,339.3,-0.1143304620203602,2,1,0,2,0,4.039587962027873,0.0,8.079175924055747,0.1752775189640745,0.0,0.6181342395004712,0.0706104087077054,1.0,-0.1937634487904772,-0.1840312629584129,-0.1754858799319477,-0.1413043478260869,0.3744217929086966,1.0,-0.568185241699174,223.0,86.0,180.0,489.0,900.8281155322157,347.40456473439707,727.1258331650172,1.0
33210,岡山県,新見市,25336,686.8,0.7904066736183522,2,2,0,2,0,7.893905904641616,0.0,7.893905904641616,1.2966525877767334,0.0,0.5810275141630155,0.7416879814889751,1.0,-0.1840385642491323,-0.1735715341423377,-0.164695403442614,-0.1291908806437193,0.4591520147754686,1.0,-0.643190579024601,203.0,116.0,0.0,319.0,801.231449321124,457.8465424692138,0.0,1.0
33211,岡山県,備前市,28958,635.4,0.6585747846515269,4,0,0,3,0,0.0,0.0,10.35983148007459,-0.8,0.0,1.3482858919263476,0.3715302761147155,1.0,-0.1736157499792319,-0.1481490977770601,-0.1488702673728925,-0.151754945756222,0.3891855563210353,1.0,-0.5628013063002673,181.0,132.0,0.0,313.0,625.0431659645003,455.83258512328194,0.0,1.0
33212,岡山県,瀬戸内市,34644,144.3,-0.5733293908929626,2,1,1,1,1,2.8865027133125505,2.8865027133125505,2.8865027133125505,0.2843885273881386,,-0.1422521728966091,-0.2954409598862882,0.85,-0.0565174373795527,-0.0328723701097636,-0.0362301171514188,-0.0496611053180395,0.0719636279190437,1.0,-0.1284810652985964,986.0,114.0,120.0,1128.0,2846.091675326175,329.0613093176308,346.38032559750604,1.0
33213,岡山県,赤磐市,41584,247.7,-0.456440640772438,1,1,1,1,0,2.4047710657945367,2.4047710657945367,2.4047710657945367,0.1999210878649546,0.2370562563958627,-0.2711142739593902,-0.1933448054477572,1.0,-0.0566145156398894,-0.0441501351912211,-0.0446721302118004,-0.0467601102941176,-0.4131241013712133,1.0,0.3565095857313239,151.0,94.0,0.0,245.0,363.120430934975,226.0484801846864,0.0,1.0
33214,岡山県,真庭市,38867,283.0,-0.3142718681851223,2,4,0,3,0,10.291506933902795,0.0,7.718630200427097,2.0,-0.8,0.6609860107031451,0.2220119675129106,1.0,-0.1377567681892442,-0.1262868481222634,-0.1164656519516545,-0.077180867269219,0.2455910938457605,1.0,-0.3833478620350047,310.0,143.0,170.0,623.0,797.5917873774667,367.921372887025,437.3890446908689,1.0
33215,岡山県,美作市,23831,167.8,-0.5619942573740537,1,1,0,2,0,4.19621501405732,0.0,8.39243002811464,0.2045599113438396,0.0,0.5355814362727234,-0.1597479309773504,1.0,-0.1614482982669565,-0.1503777768694059,-0.14455142277348,-0.1212460063897763,-0.217809080220111,1.0,0.0563607819531545,80.0,120.0,0.0,200.0,335.69720112458566,503.54580168687846,0.0,1.0
33216,岡山県,浅口市,31040,283.5,-0.2385173247381145,1,2,0,2,0,6.443298969072165,0.0,6.443298969072165,1.4381359289622138,0.0,0.7307247107771702,0.277977230039961,1.0,-0.1396237643425793,-0.121717588624918,-0.1276528490778722,-0.1513938908896892,-0.2742060684203454,1.0,0.134582304077766,138.0,69.0,0.0,207.0,444.58762886597935,222.29381443298968,0.0,1.0
33346,岡山県,和気町,12684,599.2,1.5595899188381035,2,1,0,1,0,7.883948281299275,0.0,7.883948281299275,,0.0,1.781772311573636,1.3088260076938714,0.8,-0.1529314253541846,-0.1345684612578704,-0.1373821721626808,-0.1486370157819225,0.9020052816309244,1.0,-1.0549367069851092,109.0,29.0,0.0,187.0,859.3503626616209,228.63450015767899,0.0,1.0
33423,岡山県,早島町,12274,733.3,,1,0,0,1,0,0.0,0.0,8.147303242626691,0.0,0.0,,0.0,0.35,-0.0711780212470422,-0.0589141823114942,-0.0726952556236315,-0.1278195488721805,1.248696309162932,1.0,-1.3198743304099745,350.0,0.0,0.0,375.0,2851.5561349193417,0.0,0.0,1.0
33445,岡山県,里庄町,10745,288.5,,0,1,0,1,0,9.306654257794325,0.0,9.306654257794325,,0.0,,0.0,0.15,-0.0504349728377419,-0.0362307425306384,-0.0401473847221851,-0.0558139534883721,0.5469760191011364,0.7,-0.5974109919388784,31.0,8.0,0.0,39.0,288.506281991624,74.45323406235458,0.0,1.0
33461,岡山県,矢掛町,12595,452.6,,1,0,0,2,0,0.0,0.0,15.879317189360856,0.0,0.0,,0.0,0.35,-0.1466917081512696,-0.1376785291041073,-0.1378478982912654,-0.1385253750398978,0.8709209587492919,1.0,-1.0176126669005616,57.0,108.0,0.0,165.0,452.5605398967844,857.4831282254863,0.0,1.0
33586,岡山県,新庄村,752,0.0,,0,0,0,0,0,0.0,0.0,0.0,0.0,0.0,0.0,0.0,0.5,-0.154798066875993,-0.1636291358326708,-0.1481621919148676,-0.0862944162436548,0.1172630560928432,0.55,-0.2720611229688363,,,,,,,,0.0
33606,岡山県,鏡野町,11408,420.8,,2,0,0,2,0,0.0,0.0,17.53155680224404,0.0,0.0,,0.0,0.35,-0.1185609391548916,-0.1210243889727445,-0.1105252839901137,-0.0685288640595903,1.282484713216624,1.0,-1.4010456523715156,100.0,98.0,0.0,198.0,876.5778401122019,859.0462833099579,0.0,1.0
33622,岡山県,勝央町,10580,434.8,,1,0,1,1,0,0.0,9.45179584120983,9.45179584120983,0.0,,,0.0,0.2,-0.0086522363534401,0.0008956302797256,0.0104871921599719,0.0488534396809572,0.8180785696177657,0.55,-0.8267308059712059,91.0,88.0,0.0,179.0,860.1134215500945,831.758034026465,0.0,1.0
33623,岡山県,奈義町,5253,0.0,,0,0,0,0,0,0.0,0.0,0.0,0.0,0.0,0.0,0.0,0.5,-0.1221025080754327,-0.1146347089302476,-0.108174319459807,-0.0823327615780445,-0.1026675372587604,0.55,-0.0194349708166722,,,,,,,,0.0
33643,岡山県,西粟倉村,1305,0.0,,0,0,0,0,0,0.0,0.0,0.0,0.0,0.0,0.0,0.0,0.5,-0.0726236849208222,-0.0820184169215581,-0.062513958343448,0.0155038759689922,0.0266582317989624,0.55,-0.0992819167197847,,,,,,,,0.0
33663,岡山県,久米南町,4112,0.0,,0,0,0,0,0,0.0,0.0,0.0,0.0,0.0,0.0,0.0,0.5,-0.2010785027114801,-0.1964862204724409,-0.1916889763779528,-0.1725,-0.1995691202509981,0.55,-0.001509382460482,,,,,,,,0.0
33666,岡山県,美咲町,11881,0.0,,0,0,0,1,0,0.0,0.0,8.416799932665601,0.0,0.0,,0.0,0.35,-0.1850218328674022,-0.1718105176276382,-0.1698089847895295,-0.1618028534370946,-0.4332039474378688,1.0,0.2481821145704665,0.0,48.0,0.0,48.0,0.0,404.00639676794884,0.0,1.0
33681,岡山県,吉備中央町,9993,0.0,,0,0,0,2,0,0.0,0.0,20.01400980686481,0.0,0.0,,0.0,0.35,-0.1434422522351388,-0.1304738938412767,-0.1220437857317039,-0.0883233532934131,0.4191974044978639,1.0,-0.5626396567330028,150.0,58.0,0.0,204.0,1501.0507355148604,580.4062843990794,0.0,1.0
34101,広島県,広島市中区,145297,1616.7,3.0468085106382983,11,5,6,6,1,3.4412272792968888,4.129472735156266,4.129472735156266,2.0,2.0,0.9566431070578468,2.366900721377826,1.0,0.1051275704440381,0.1495349721990262,0.1377256046162536,0.0904881342851631,1.9300111576374863,1.0,-1.8248835871934483,3202.0,205.0,28.0,3492.0,2203.761949661727,141.09031845117244,19.270872764062574,1.0
34102,広島県,広島市東区,115433,311.9,-0.144072447859495,3,2,1,5,0,1.7326067935512377,0.8663033967756187,4.331516983878094,0.794736657456991,-0.1561911654401474,1.0435444121678912,0.2200140945708122,1.0,0.0419454480388853,0.0832729102937118,0.075486015907578,0.0443384383630429,-0.0710023821080797,1.0,0.1129478301469651,449.0,552.0,200.0,1201.0,388.9702251522528,478.1994750201415,173.26067935512376,1.0
34103,広島県,広島市南区,143481,1068.4,1.6743429286608262,7,2,2,4,2,1.3939127828771751,1.3939127828771751,2.7878255657543507,0.7796517611233746,0.4106289643135934,0.3209385378606875,1.1028369418812305,1.0,0.0701210452461483,0.1115071699120726,0.0990895640690643,0.0494191406970312,1.1968862680611303,1.0,-1.1267652228149825,1784.0,271.0,342.0,2399.0,1243.3702023264404,188.87518207985727,238.35908587199697,1.0
34104,広島県,広島市西区,182124,124.1,-0.6924411400247832,6,2,3,4,1,1.0981529068107443,1.6472293602161163,2.1963058136214886,0.197758108893387,0.4926597722085364,-0.0076164343581095,-0.2339124475561501,1.0,0.1029144915398646,0.1508795107178928,0.1438171512771706,0.1155677135142816,-0.2478483179210386,1.0,0.3507628094609034,489.0,356.0,650.0,1495.0,268.498385715227,195.47121741231248,356.8996947134919,1.0
34105,広島県,広島市安佐南区,248506,191.9,-0.5196495619524406,8,3,4,7,0,1.2072143127328918,1.6096190836438558,2.816833396376748,0.7866080739791466,0.7029770370994151,0.4376554288427645,0.0685917037109359,1.0,0.1096691277263379,0.1686299354323989,0.1492863206589542,0.0719118615651757,-0.1529931920681751,1.0,0.2626623197945131,749.0,321.0,376.0,1446.0,301.401173412312,129.17193146241942,151.30419386252242,1.0
34106,広島県,広島市安佐北区,132525,404.5,-0.2136469673405909,3,2,1,3,1,1.5091492171288436,0.7545746085644218,2.263723825693265,0.2239019860683528,-0.3736559148477181,-0.3070101228209829,-0.16414299210693,1.0,-0.0659489814903611,-0.0378647836033669,-0.0391978484166561,-0.0445301076698125,-0.0262259968347676,1.0,-0.0397229846555934,646.0,144.0,399.0,1189.0,487.4551971326165,108.65874363327674,301.0752688172043,1.0
34107,広島県,広島市安芸区,75723,76.6,-0.7605501719287278,2,0,0,2,1,0.0,0.0,2.64120544616563,-0.8,-0.8,0.0269576600689109,-0.6562314369540273,1.0,0.0127889878400029,0.0531876847923445,0.0409958234263656,-0.0077716220375499,-0.3536048903875476,1.0,0.3663938782275506,138.0,159.0,312.0,609.0,182.24317578542846,209.97583297016757,412.0280496018383,1.0
34108,広島県,広島市佐伯区,139942,224.4,-0.4378757515030059,2,2,2,5,1,1.4291635105972476,1.4291635105972476,3.572908776493118,0.3009959856707311,0.1354971973568606,0.4125760635172628,-0.0765276894862382,1.0,0.0934874429387903,0.1283758900340375,0.1314462813191812,0.1437278464597562,-0.2464070299464355,1.0,0.3398944728852259,493.0,374.0,428.0,1295.0,352.28880536222147,267.2535764816853,305.840991267811,1.0
34202,広島県,呉市,195194,790.5,0.471518987341772,11,3,3,11,2,1.5369324876789243,1.5369324876789243,5.63541912148939,0.2582655266158993,0.2113788980538902,0.8063790797379717,0.4400762956628452,1.0,-0.1759687673490965,-0.1553924633024707,-0.1638799495389819,-0.197829894485027,0.4392912722102909,1.0,-0.6152600395593875,2173.0,541.0,1018.0,3804.0,1113.2514319087677,277.16015861143273,521.5324241523817,1.0
34203,広島県,竹原市,21410,247.5,-0.3272628431639032,3,1,0,2,0,4.670714619336758,0.0,9.341429238673516,0.2966500125567646,0.0,0.7092219153580228,0.0020818682331047,1.0,-0.2078643422836937,-0.1842809031660073,-0.1863365901751857,-0.1945593382118994,0.3541278349475046,1.0,-0.5619921772311984,189.0,88.0,192.0,469.0,882.7650630546474,411.02288650163473,896.7772069126577,1.0
34204,広島県,三原市,82920,621.1,0.2216758457907159,6,4,3,4,0,4.82392667631452,3.61794500723589,4.82392667631452,1.9566527669908125,1.426176811944187,0.3741216248876373,0.7722132418182942,1.0,-0.1034743787461049,-0.0812599015091869,-0.0800929774753422,-0.0754252813399634,0.2537137512652898,1.0,-0.3571881300113947,949.0,194.0,729.0,1872.0,1144.4766039556198,233.96044380125423,879.1606367583213,1.0
34205,広島県,尾道市,123948,646.2,0.2562208398133749,5,3,2,6,0,2.420369832510408,1.6135798883402717,4.840739665020815,0.8617806823671532,0.2757301691350611,0.4353327511254998,0.4071259944192023,1.0,-0.1375575027319158,-0.1265248936010484,-0.1265698426035761,-0.1267496386136868,0.4605579823758707,1.0,-0.5981154851077866,1071.0,384.0,120.0,1575.0,864.0720302062156,309.8073385613322,96.8147933004163,1.0
34207,広島県,福山市,443916,557.3,0.0497268788849123,27,10,8,12,0,2.2526784346588093,1.8021427477270475,2.703214121590571,1.1227486052962168,0.5632474380454866,0.1259662274198385,0.3527952103214983,1.0,-0.0044565774963603,0.0190911230793985,0.0146694981543998,-0.003017001545595,0.1653165946926111,1.0,-0.1697731721889714,3236.0,997.0,1176.0,5361.0,728.9667414555906,224.59203993548329,264.91498391587595,1.0
34208,広島県,府中市,34031,146.9,-0.5955396475770924,2,2,0,1,0,5.8769945050101375,0.0,2.9384972525050688,1.068099921832967,0.0,-0.3277127655929657,-0.1333067542608976,1.0,-0.1359423852775081,-0.1103795723235797,-0.1091863524000948,-0.1044134727061556,0.0076889839281599,1.0,-0.1436313692056681,205.0,50.0,308.0,563.0,602.3919367635391,146.92486262525344,905.0571537715612,1.0
34209,広島県,三次市,47143,630.0,0.2686266612968182,1,2,1,3,0,4.2424113866321616,2.1212056933160808,6.363617079948242,0.9943811076679148,0.0009271176577489,0.5187920259906464,0.4111474237292514,1.0,-0.0716712055085981,-0.0533268865692432,-0.0485118368368286,-0.0292516379071698,0.5896976130714812,1.0,-0.6613688185800793,462.0,390.0,235.0,1087.0,979.9970303120294,827.2702203932716,498.483337929279,1.0
34210,広島県,庄原市,29909,682.1,0.6938167370250807,2,1,0,4,0,3.3434752081313315,0.0,13.373900832525326,-0.0272494907233388,0.0,1.894977426259881,0.6257050843068548,1.0,-0.2142868831624177,-0.2114930855661192,-0.2048686257562662,-0.1783707865168539,0.5404338834152278,1.0,-0.7547207665776455,259.0,264.0,0.0,525.0,865.9600789060149,882.6774549466716,0.0,1.0
34211,広島県,大竹市,24892,602.6,1.1263232180663376,1,0,0,3,1,0.0,0.0,12.052064920456372,0.0,0.0,2.0,0.8631616090331689,1.0,-0.1280655500514413,-0.1114419688194078,-0.1126149111944005,-0.1173066806943713,0.983720008435494,1.0,-1.1117855584869356,440.0,98.0,296.0,834.0,1767.636188333601,393.7007874015748,1189.1370721516953,1.0
34212,広島県,東広島市,197609,385.1,-0.0324120603015074,9,4,2,10,1,2.0241993026633405,1.0120996513316702,5.060498256658351,1.8328389761363424,-0.0008324319229624,1.582777100233289,0.5876534653230637,1.0,0.095498048129095,0.1368192245000019,0.1310679970020926,0.1080630870104555,0.3248580277627192,1.0,-0.2293599796336241,1527.0,483.0,728.0,2758.0,772.7380837917301,244.42206579659833,368.4042730847279,1.0
34213,広島県,廿日市市,112234,67.7,-0.8498891352549889,0,1,2,5,0,0.8909955984817435,1.781991196963487,4.454977992408717,-0.2858613784043435,0.6157343753336497,0.6633013588768508,-0.290261483176788,1.0,0.0335334605237967,0.0582246701853462,0.0635810176519079,0.0850064075181546,-0.2987496793295239,1.0,0.3322831398533207,690.0,490.0,120.0,1300.0,614.7869629524031,436.5878432560543,106.91947181780921,1.0
34214,広島県,安芸高田市,24251,870.1,1.299418604651163,1,1,0,1,0,4.123541297266092,0.0,4.123541297266092,0.1836982906781181,0.0,-0.2606801501546614,0.647346937938006,1.0,-0.1502373109129587,-0.1326800133538849,-0.1285031391579388,-0.1117956423741547,0.3667540531545631,1.0,-0.5169913640675219,191.0,46.0,0.0,237.0,787.5963877778236,189.68289967424022,0.0,1.0
34215,広島県,江田島市,19673,0.0,-1.0,0,1,1,3,0,5.083108829360037,5.083108829360037,15.24932648808011,,,1.6850148529912308,-0.3803811877712544,0.65,-0.2677291647650766,-0.2580418294644909,-0.2570186164100207,-0.2529257641921397,0.0423365971819704,1.0,-0.310065761947047,0.0,209.0,105.0,314.0,0.0,1062.3697453362477,533.7264270828039,1.0
34302,広島県,府中町,51148,414.5,1.0043520309477754,1,1,0,0,0,1.9551106592633145,0.0,0.0,0.4826899154302062,-0.8,-0.8,0.3587139985599289,1.0,0.0434538120862448,0.083133294768999,0.0752286684280167,0.0436101630640879,0.7378971945978134,1.0,-0.6944433825115686,266.0,0.0,317.0,583.0,520.0594353640416,0.0,619.7700789864706,1.0
34304,広島県,海田町,29450,135.8,-0.2199885123492244,2,0,0,1,0,0.0,0.0,3.395585738539898,0.0,0.0,0.4665699335120374,-0.0400087661478066,1.0,-0.0017965412613469,0.0311857841878264,0.0198362013147581,-0.0255621301775147,0.1254799584141706,1.0,-0.1272764996755176,40.0,72.0,0.0,112.0,135.82342954159594,244.48217317487266,0.0,1.0
34307,広島県,熊野町,21644,0.0,-1.0,0,0,0,0,0,0.0,0.0,0.0,0.0,0.0,-0.8,-0.62,1.0,-0.1940842548689152,-0.1736008685886604,-0.1884791652342171,-0.2479923518164436,-0.7688773014381634,1.0,0.5747930465692481,,,,,,,,0.0
34309,広島県,坂町,12197,893.7,,1,1,1,0,0,8.198737394441256,8.198737394441256,0.0,,,0.0,0.0,0.15,-0.0584997040728369,-0.0275411261586167,-0.040592335306036,-0.0927971718957136,0.9817151504775165,1.0,-1.0402148545503531,298.0,0.0,0.0,298.0,2443.2237435434945,0.0,0.0,1.0
34368,広島県,安芸太田町,5061,0.0,,0,1,0,1,0,19.758940920766648,0.0,19.758940920766648,,0.0,,0.0,0.15,-0.2914014061263321,-0.2876648081201624,-0.2841645594120916,-0.2701635645798083,0.6930041975260056,0.55,-0.9844056036523378,53.0,42.0,0.0,95.0,1047.2238688006323,829.8755186721992,0.0,1.0
34369,広島県,北広島町,16620,0.0,-1.0,2,1,0,1,0,6.016847172081829,0.0,6.016847172081829,,0.0,0.2318186313280967,-0.5815340066259819,0.8,-0.1170883566738915,-0.1025577433534362,-0.1003074865720156,-0.0913064594463332,0.395666494446216,1.0,-0.5127548511201075,141.0,70.0,158.0,369.0,848.375451263538,421.17930204572804,950.661853188929,1.0
34431,広島県,大崎上島町,6400,0.0,,0,0,0,0,0,0.0,0.0,0.0,0.0,0.0,0.0,0.0,0.5,-0.3099062258951628,-0.3156397423786793,-0.3185341743708987,-0.3301119023397761,-0.5305710645678212,1.0,0.2206648386726584,,,,,,,,0.0
34462,広島県,世羅町,13914,352.2,0.1502286087524493,1,1,0,0,0,7.187005893344832,0.0,0.0,,0.0,-0.8,-0.0561071195297191,0.8,-0.1597523624762533,-0.1526709705109752,-0.1435710182717069,-0.1071712093146335,0.5138921243737472,1.0,-0.6736444868500004,155.0,0.0,0.0,155.0,1113.985913468449,0.0,0.0,1.0
34545,広島県,神石高原町,7302,821.7,,1,0,0,0,0,0.0,0.0,0.0,0.0,0.0,0.0,0.0,0.5,-0.2459883944391141,-0.2414908515001251,-0.2317831410196102,-0.1929522990975505,0.4258551608986557,1.0,-0.6718435553377698,60.0,0.0,0.0,60.0,821.6926869350863,0.0,0.0,1.0
35201,山口県,下関市,237719,569.2,0.05096011816839,7,7,5,13,3,2.9446531408932395,2.1033236720665998,5.468641547373159,1.2471374065660226,0.6577968990469911,0.765744056456322,0.4884386837228965,1.0,-0.1282934091498609,-0.1116718919875525,-0.1123540273515099,-0.1150825688073394,0.2630310543697233,1.0,-0.3913244635195842,2094.0,1329.0,922.0,4381.0,880.871953861492,559.0634320353022,387.85288512908096,1.0
35202,山口県,宇部市,155567,1003.4,0.9506220839813376,9,3,4,11,2,1.9284295512544436,2.5712394016725915,7.070908354599625,0.6735979082116328,0.9886420749130752,1.3685501721804676,0.9636094606970268,1.0,-0.0832442987374207,-0.0632821928231888,-0.065002153412159,-0.0718819957680395,0.7126532656117264,1.0,-0.7958975643491472,1877.0,1153.0,1052.0,4112.0,1206.5540892348633,741.1597575321244,676.2359626398916,1.0
35203,山口県,山口市,189460,451.3,-0.0691006600660065,5,5,1,9,1,2.639079489074211,0.5278158978148422,4.75034308033358,1.5838942801462583,-0.5460539426647842,1.127555382425235,0.369453741960316,1.0,0.0217651356107272,0.0513800010353661,0.0509031647421116,0.048995819569094,0.1662762737714968,1.0,-0.1445111381607696,943.0,753.0,876.0,2572.0,497.7303916393962,397.4453710545761,462.36672648580173,1.0
35204,山口県,萩市,39641,504.5,0.2224376060092077,3,1,0,4,0,2.5226407002850584,0.0,10.090562801140234,-0.1912687891739813,0.0,1.1207098545446623,0.2410715233515069,1.0,-0.205909561935907,-0.1892402485568685,-0.18383984973411,-0.1622382544430758,0.4693015380919158,1.0,-0.6752111000278228,331.0,428.0,186.0,945.0,834.9940717943543,1079.690219722005,469.2111702530209,1.0
35206,山口県,防府市,111483,636.0,0.5200764818355641,5,3,1,4,0,2.6909932456069536,0.8969977485356512,3.5879909941426047,1.4152561235155945,-0.1490602890923255,0.3720898430157606,0.5765438987094162,1.0,-0.0293121966107227,-0.0100196686535342,-0.0132613596589039,-0.0262281236803828,0.3678551080531221,1.0,-0.3971673046638448,916.0,434.0,257.0,1621.0,821.6499376586564,389.2970228644726,230.52842137366233,1.0
35207,山口県,下松市,55435,270.6,-0.1541106595811189,1,2,1,2,0,3.607828988905926,1.803914494452963,3.607828988905926,1.4962107242864002,0.2265653795068272,0.4125797145184213,0.3180585791705079,1.0,-0.061944225088593,-0.0470654798878539,-0.057579022157532,-0.0996331912362447,-0.0463615352381397,1.0,-0.0155826898504533,228.0,210.0,0.0,438.0,411.29250473527554,378.8220438351222,0.0,1.0
35208,山口県,岩国市,121264,569.8,0.1076982892690512,7,2,2,6,1,1.6492941021242906,1.6492941021242906,4.947882306372873,0.2830554929935003,0.303966577087615,0.4830120324895428,0.2285070346697993,1.0,-0.1156876351164227,-0.0945492044562254,-0.095707121079577,-0.1003387875729835,0.1698805006010303,1.0,-0.285568135717453,917.0,635.0,525.0,2077.0,756.2013458239874,523.6508774244624,432.9397018076263,1.0
35210,山口県,光市,47522,435.6,-0.0806247361756015,4,1,1,3,0,2.1042885400446107,2.1042885400446107,6.312865620133833,0.0253549364665779,-0.004912477593937,0.5066792744681841,0.0400236387366518,1.0,-0.1338684913771441,-0.1149719308252296,-0.1231058807827944,-0.1556416806130538,0.0182115120193633,1.0,-0.1520800033965074,450.0,369.0,204.0,819.0,946.9298430200749,776.4824712764614,429.2748621691006,1.0
35211,山口県,長門市,29266,994.3,1.5954058992430171,3,1,0,3,0,3.4169343265222443,0.0,10.250802979566734,-0.0191393683033197,0.0,1.1543871560173486,0.967033149363447,1.0,-0.1980204822848831,-0.1871168419360755,-0.1784630538430132,-0.1438479014707641,0.8724649964230851,1.0,-1.070485478707968,328.0,128.0,318.0,782.0,1120.7544590992961,437.36759379484727,1086.5851158340738,1.0
35212,山口県,柳井市,28491,800.3,0.934961315280464,1,1,0,2,0,3.509880313081324,0.0,7.019760626162648,0.1012626735837882,0.0,0.7256913395376228,0.596586893287633,1.0,-0.1366581206018434,-0.1203248167286646,-0.1202752232196271,-0.1200768491834773,1.068432784471426,1.0,-1.2050909050732694,608.0,100.0,298.0,1006.0,2134.007230353445,350.9880313081324,1045.9443332982346,1.0
35213,山口県,美祢市,20073,448.4,0.1960522806081621,2,1,0,2,0,4.981816370248592,0.0,9.963632740497184,0.4738208816232243,0.0,0.6671203584450216,0.2928583703954792,1.0,-0.1820115857103654,-0.1635039517331176,-0.1568137062019598,-0.1300527240773286,0.2390286660383303,1.0,-0.4210402517486957,135.0,80.0,247.0,462.0,672.54520998356,398.5453096198874,1230.5086434514023,1.0
35215,山口県,周南市,128307,620.4,0.2280285035629454,5,3,3,7,0,2.3381421122775845,2.3381421122775845,5.455664928647696,1.0099826336570952,0.9408040843790166,0.7289794480772098,0.5664783083813257,1.0,-0.0879832011547782,-0.0624001825855834,-0.065592186209387,-0.0783602007046012,0.2466335455103553,1.0,-0.3346167466651335,1103.0,376.0,405.0,1896.0,859.6569166140584,293.04714473879056,315.6491851574739,1.0
35216,山口県,山陽小野田市,56234,702.4,0.4476504534212695,2,3,0,3,0,5.334850802005905,0.0,5.334850802005905,1.9387789241278568,-0.8,0.4310705047381544,0.5562415872469293,1.0,-0.1058170248415967,-0.0904135455993104,-0.0890702713587629,-0.0836971743965729,0.3951191336901431,1.0,-0.5009361585317399,547.0,102.0,124.0,804.0,972.7211295657432,181.38492726820073,220.5071664829107,1.0
35305,山口県,周防大島町,12988,0.0,,2,0,0,2,0,0.0,0.0,15.39882968894364,0.0,0.0,2.0,0.6,0.5,-0.3061245736660309,-0.2972676542708617,-0.2974690808060055,-0.2982747869465807,1.1245018815761905,1.0,-1.4306264552422214,78.0,120.0,132.0,330.0,600.554357868802,923.9297813366184,1016.3227594702803,1.0
35321,山口県,和木町,5781,0.0,,0,0,0,0,0,0.0,0.0,0.0,0.0,0.0,0.0,0.0,0.5,-0.0317263246255787,-0.0145928937941717,-0.0089054119469455,0.0138445154419595,-0.3217567185834873,0.55,0.2900303939579086,,,,,,,,0.0
35341,山口県,上関町,2026,0.0,,0,0,0,0,0,0.0,0.0,0.0,0.0,0.0,0.0,0.0,0.5,-0.3437912113618078,-0.3424388270796974,-0.3399196480511925,-0.3298429319371727,0.3636363636363636,0.55,-0.7074275749981715,,,,,,,,0.0
35343,山口県,田布施町,13266,0.0,,0,0,0,0,0,0.0,0.0,0.0,0.0,0.0,0.0,0.0,0.5,-0.1001864481985141,-0.0714358228866383,-0.0742504859855509,-0.085509138381201,-0.6327444703321514,1.0,0.5325580221336372,,,,,,,,0.0
35344,山口県,平生町,10979,0.0,,0,0,0,1,0,0.0,0.0,9.1082976591675,0.0,0.0,0.3827111742852807,0.1148133522855842,0.5,-0.1647423574872269,-0.1461024451429062,-0.1462900165677255,-0.1470403022670025,-0.1059906998342509,1.0,-0.058751657652976,0.0,212.0,0.0,212.0,0.0,1930.9591037435105,0.0,1.0
35502,山口県,阿武町,2745,0.0,,0,0,0,0,0,0.0,0.0,0.0,0.0,0.0,0.0,0.0,0.5,-0.2306887444411322,-0.2241996286958142,-0.2165851364826629,-0.1861271676300577,0.0555673834362359,0.55,-0.2862561278773681,,,,,,,,0.0
36201,徳島県,徳島市,244731,774.7,0.4354270891235872,18,4,10,29,5,1.6344476179969023,4.086119044992257,11.849745230477543,0.4162555241892929,2.0,2.0,0.9009646493996522,1.0,0.0229995553723107,0.0562583139720117,0.0584851729987531,0.0673926091057188,0.8931001810628869,1.0,-0.8701006256905761,2592.0,1477.0,1634.0,5721.0,1059.122056461993,603.5197829453563,667.6718519517348,1.0
36202,徳島県,鳴門市,51328,633.2,0.2946227765283173,3,1,1,3,0,1.948254364089776,1.948254364089776,5.844763092269327,-0.0342406648736083,-0.0122015254641087,0.3949581608727603,0.1978767506007347,1.0,-0.0763302960478557,-0.0459295534508495,-0.0443379024986241,-0.0379712986897228,0.3694125441475054,1.0,-0.4457428401953612,395.0,237.0,492.0,1124.0,769.5604738154614,461.73628428927685,958.5411471321695,1.0
36203,徳島県,小松島市,33277,1217.1,2.2691377921031424,4,1,2,1,0,3.0050785828049404,6.010157165609881,3.0050785828049404,0.1474136574645368,,-0.1913923135930594,1.3356973888300232,0.85,-0.0950972648874883,-0.066298568015952,-0.0627158449750373,-0.0483849528113784,1.42902937153592,1.0,-1.5241266364234085,735.0,151.0,0.0,886.0,2208.732758361631,453.766866003546,0.0,1.0
36204,徳島県,阿南市,64779,379.8,-0.2529504327301337,1,0,2,4,0,0.0,3.0874203059633523,6.1748406119267045,-0.8,0.9032719698772768,0.7233243139541257,-0.0424857737903565,1.0,-0.0825016139558163,-0.058708251328476,-0.0551812225104632,-0.041073107238412,-0.0393370318450641,1.0,-0.0431645821107522,348.0,203.0,114.0,665.0,537.2111332376234,313.37316105528026,175.98295743991108,1.0
36205,徳島県,吉野川市,35584,919.0,1.3648996397323725,2,0,2,2,0,0.0,5.620503597122302,5.620503597122302,-0.8,,0.362800607032214,0.6786704834364921,0.85,-0.0894752639112864,-0.0678228258205643,-0.0588401887876295,-0.0229096406558901,1.0101203492933148,1.0,-1.0995956132046012,563.0,238.0,0.0,801.0,1582.171762589928,668.839928057554,0.0,1.0
36206,徳島県,阿波市,31492,0.0,-1.0,0,1,0,1,0,3.175409627841992,0.0,3.175409627841992,0.0080358534180222,0.0,-0.3041453149048688,-0.5440146265521258,1.0,-0.0970701318570899,-0.0743621650141046,-0.063746197528525,-0.0212823275862068,-0.3671185387961928,1.0,0.2700484069391028,0.0,35.0,0.0,35.0,0.0,111.13933697446971,0.0,1.0
36207,徳島県,美馬市,25253,170.3,-0.5822909001716948,3,0,1,2,1,0.0,3.959925553399596,7.919851106799192,-0.8,,0.6705685398290293,-0.4124237283664624,0.85,-0.1103080485202198,-0.091243568336281,-0.07760044016633,-0.0230279274865262,0.0490955391195215,1.0,-0.1594035876397413,140.0,76.0,330.0,546.0,554.3895774759435,300.95434205836926,1306.7754326218667,1.0
36208,徳島県,三好市,20352,864.8,1.545026486168334,2,1,0,3,0,4.913522012578617,0.0,14.740566037735848,,0.0,1.24874409275838,1.1997810712474049,0.8,-0.2253014992954477,-0.2099535885992596,-0.1945426100970606,-0.1328986960882647,1.4124668057906336,1.0,-1.6377683050860812,360.0,36.0,60.0,470.0,1768.8679245283017,176.8867924528302,294.81132075471703,1.0
36301,徳島県,勝浦町,4343,0.0,,1,0,0,0,0,0.0,0.0,0.0,0.0,0.0,0.0,0.0,0.5,-0.2214685370440859,-0.2145002711279124,-0.2034890149399424,-0.1594439901880621,0.5846249665359518,0.55,-0.8060935035800376,50.0,0.0,0.0,50.0,1151.2779184895232,0.0,0.0,1.0
36302,徳島県,上勝町,1220,0.0,,0,0,0,0,0,0.0,0.0,0.0,0.0,0.0,0.0,0.0,0.5,-0.3681997405592566,-0.3752929334480136,-0.3791599665931216,-0.3946280991735537,0.2285355828119583,0.55,-0.5967353233712149,,,,,,,,0.0
36321,徳島県,佐那河内村,1829,0.0,,0,0,0,0,0,0.0,0.0,0.0,0.0,0.0,0.0,0.0,0.5,-0.228523156260626,-0.2151144232646868,-0.2040774788577952,-0.1599297012302284,-0.0188544218623799,0.55,-0.209668734398246,,,,,,,,0.0
36341,徳島県,石井町,23991,0.0,-1.0,1,0,0,1,0,0.0,0.0,4.168229752823976,0.0,0.0,0.0742541755192627,-0.4888618736721106,1.0,-0.0179040132592927,0.0038768131517911,0.0093229353824864,0.0311074243052675,-0.3564233983621548,1.0,0.3385193851028621,40.0,53.0,0.0,93.0,166.72919011295903,220.91617689967072,0.0,1.0
36342,徳島県,神山町,4025,0.0,,0,0,0,0,0,0.0,0.0,0.0,0.0,0.0,0.0,0.0,0.5,-0.2998844859031306,-0.3012844261749759,-0.2873463400822252,-0.2315939957112223,0.5066404026625511,0.55,-0.8065248885656817,,,,,,,,0.0
36368,徳島県,那賀町,6304,0.0,,1,0,0,0,0,0.0,0.0,0.0,0.0,0.0,0.0,0.0,0.5,-0.3038508268096526,-0.2924382362166536,-0.2828333979108514,-0.2444140446876425,0.8714125535643003,1.0,-1.175263380373953,40.0,0.0,0.0,40.0,634.5177664974619,0.0,0.0,1.0
36383,徳島県,牟岐町,3249,1538.9,,1,1,0,0,0,30.77870113881194,0.0,0.0,,0.0,0.0,0.0,0.3,-0.3052825879598284,-0.2922670637097406,-0.2875279366820782,-0.2685714285714285,1.1636363636363638,0.55,-1.4689189515961922,102.0,0.0,0.0,110.0,3139.427516158818,0.0,0.0,1.0
36387,徳島県,美波町,5489,0.0,,1,0,0,0,0,0.0,0.0,0.0,0.0,0.0,0.0,0.0,0.5,-0.2820141332227416,-0.2720133891700019,-0.2671145702114149,-0.2475192943770672,1.3954062425002265,1.0,-1.677420375722968,50.0,0.0,144.0,194.0,910.9127345600291,0.0,2623.428675532884,1.0
36388,徳島県,海陽町,7453,0.0,,1,0,0,0,0,0.0,0.0,0.0,0.0,0.0,0.0,0.0,0.5,-0.2194375595847321,-0.2012357263019121,-0.1950127606615642,-0.1701208981001727,0.0502747880067476,1.0,-0.2697123475914797,45.0,0.0,0.0,45.0,603.7837112572118,0.0,0.0,1.0
36401,徳島県,松茂町,14192,162.1,,1,0,0,2,0,0.0,0.0,14.092446448703496,0.0,0.0,,0.0,0.35,0.105768546164703,0.1575654989999055,0.1613515444990697,0.1764957264957265,0.8666594225067406,1.0,-0.7608908763420374,23.0,97.0,216.0,336.0,162.0631341600902,683.4836527621195,1521.9842164599775,1.0
36402,徳島県,北島町,22821,411.9,1.516188149053146,1,1,2,2,0,4.381928925112835,8.76385785022567,8.76385785022567,,,1.958806630947219,1.618330875644086,0.65,0.0739003059334196,0.1080146797790538,0.1038902538518963,0.0873925501432664,1.269065356153646,1.0,-1.1951650502202265,146.0,167.0,0.0,313.0,639.7616230664738,731.7821304938434,0.0,1.0
36403,徳島県,藍住町,35228,73.8,-0.6940298507462687,1,0,1,1,0,0.0,2.8386510730101056,2.8386510730101056,0.0,,0.1093265015585416,-0.3889599413404154,0.85,0.1333800949067601,0.1706201924459199,0.1790801524716793,0.2129199925747169,-0.2971407926841652,1.0,0.4305208875909254,26.0,81.0,0.0,107.0,73.80492789826275,229.93073691381858,0.0,1.0
36404,徳島県,板野町,12289,325.5,,1,1,0,2,0,8.137358613394092,0.0,16.274717226788184,,0.0,,0.0,0.15,0.0193103869935155,0.05064354607638,0.0602308612018748,0.098580121703854,1.4143721025575935,1.0,-1.395061715564078,287.0,60.0,0.0,367.0,2335.4219220441046,488.24151680364554,0.0,1.0
36405,徳島県,上板町,10664,0.0,,0,0,0,0,1,0.0,0.0,0.0,0.0,0.0,0.0,0.0,0.5,-0.0502034932630739,-0.022415836889521,-0.0128449502133712,0.025438596491228,-0.1926912184053021,1.0,0.1424877251422282,0.0,0.0,228.0,228.0,0.0,0.0,2138.034508627157,1.0
36468,徳島県,つるぎ町,6713,1787.6,,1,0,0,0,0,0.0,0.0,0.0,0.0,0.0,0.0,0.0,0.5,-0.2454004018056098,-0.2323920830514776,-0.2205545222740909,-0.173204279164544,0.7853739356994964,1.0,-1.0307743375051062,99.0,0.0,0.0,99.0,1474.75048413526,0.0,0.0,1.0
36489,徳島県,東みよし町,12418,0.0,,0,0,0,2,0,0.0,0.0,16.105653084232568,0.0,0.0,,0.0,0.35,-0.0134994555216188,0.0123558803709042,0.0291070080384695,0.0961115187087306,0.6195337252377325,1.0,-0.6330331807593513,0.0,149.0,220.0,369.0,0.0,1199.8711547753262,1771.6218392655824,1.0
37201,香川県,高松市,404897,634.7,0.2452422993917993,22,5,7,13,2,1.2348819576336698,1.7288347406871378,3.210693089847542,0.1636565223608415,0.4795397504507663,0.3061678017925457,0.2732085870045648,1.0,0.0212445117279058,0.0525852639507792,0.0466236158545744,0.0227770234697552,0.209116585210652,1.0,-0.1878720734827462,3533.0,404.0,1347.0,4937.0,872.5675912639512,99.77846217680052,332.67719938651067,1.0
37202,香川県,丸亀市,107778,374.8,-0.0275038920601971,3,1,3,6,1,0.927833138488374,2.7834994154651227,5.566998830930245,-0.2478851093410294,1.6657115820506774,1.3345186432652487,0.3867055658990844,1.0,0.0107108226336695,0.0365308819709682,0.0333169674815364,0.0204613095238095,0.3832370908136278,1.0,-0.3725262681799582,776.0,407.0,673.0,1856.0,719.9985154669783,377.6280873647683,624.4317022026759,1.0
37203,香川県,坂出市,48036,1028.4,1.0284023668639053,5,1,1,2,3,2.0817720043300856,2.0817720043300856,4.163544008660171,0.0338990740785989,0.0393383576188497,-0.0152461233483253,0.5245948333882511,1.0,-0.1303985731389497,-0.115791262609586,-0.1206148654643476,-0.1399092768833941,0.9509414982761346,1.0,-1.0813400714150845,754.0,61.0,483.0,1302.0,1569.6560912648847,126.98809226413523,1005.4958780914316,1.0
37204,香川県,善通寺市,29419,1505.8,4.167467398764585,3,1,0,1,1,3.399163805703797,0.0,3.399163805703797,,0.0,0.0350972883053535,2.6112478657851192,0.8,-0.1013503139831215,-0.0896272381195242,-0.0883025810094533,-0.0830039525691699,1.6257862869701096,1.0,-1.7271366009532312,754.0,0.0,22.0,776.0,2562.9695095006628,0.0,74.78160372548354,1.0
37205,香川県,観音寺市,54530,992.1,1.250170106600136,4,1,1,3,0,1.8338529249954156,1.8338529249954156,5.501558774986246,0.0312566664150797,0.0212663106294224,0.5241591566564827,0.7131502066759697,1.0,-0.0794174238468724,-0.0613228992855265,-0.0581224951765616,-0.0453208787407023,0.723911638663473,1.0,-0.8033290625103454,664.0,244.0,161.0,1083.0,1217.6783421969558,447.46011369888134,295.25032092426187,1.0
37206,香川県,さぬき市,43765,262.8,-0.3826638477801268,1,1,0,1,0,2.2849308808408546,0.0,2.2849308808408546,-0.0193297995558496,-0.8,-0.4631290924755891,-0.3846672476725717,1.0,-0.1062444090622645,-0.0795735080165722,-0.077219090101201,-0.0678014184397163,-0.3286950253917839,1.0,0.2224506163295194,175.0,224.0,0.0,403.0,399.86290414714955,511.8245173083514,0.0,1.0
37207,香川県,東かがわ市,25293,790.7,1.109095758869032,3,0,0,0,0,0.0,0.0,0.0,-0.8,0.0,-0.8,0.274547879434516,1.0,-0.2234731570719787,-0.202860603899441,-0.2037440087260218,-0.207277628032345,0.3159300283235998,1.0,-0.5394031853955785,248.0,12.0,0.0,260.0,980.508441070652,47.44395682599929,0.0,1.0
37208,香川県,三豊市,58100,172.1,-0.6278114186851211,3,1,2,3,3,1.721170395869191,3.442340791738382,5.163511187607574,-0.116506027114159,0.8124470146413074,0.2323651029479698,-0.1804850971270007,1.0,-0.1082612189928817,-0.0923120653551738,-0.0893604651103881,-0.0775540641312453,-0.2467244782819153,1.0,0.1384632592890335,216.0,244.0,150.0,610.0,371.77280550774526,419.9655765920826,258.1755593803787,1.0
37322,香川県,土庄町,11591,0.0,,0,0,0,0,0,0.0,0.0,0.0,0.0,0.0,-0.8,-0.24,0.5,-0.167182325018818,-0.1518956148736669,-0.1427085448790659,-0.1059602649006622,-0.7065828887126272,1.0,0.5394005636938092,,,,,,,,0.0
37324,香川県,小豆島町,12569,899.0,2.812553011026293,1,0,0,2,0,0.0,0.0,15.912164850027846,0.0,0.0,1.3833409305922535,1.6137776451019843,1.0,-0.1923912647219872,-0.1802787862104708,-0.1771302903227416,-0.1645363067718248,1.4747841513869897,1.0,-1.667175416108977,130.0,107.0,184.0,430.0,1034.29071525181,851.3008194764898,1463.9191662025619,1.0
37341,香川県,三木町,26026,2559.0,14.953865336658351,1,2,0,0,1,7.684623069238453,0.0,0.0,,0.0,-0.8,9.19616583541147,0.8,-0.0024688332644245,0.0173329718273418,0.0247048232696444,0.0541922290388547,2.536606472882274,1.0,-2.539075306146698,666.0,0.0,26.0,692.0,2558.979482056405,0.0,99.9000999000999,1.0
37364,香川県,直島町,2943,0.0,,0,0,0,0,0,0.0,0.0,0.0,0.0,0.0,0.0,0.0,0.5,-0.2355653564388203,-0.2492663976933465,-0.2537502703641699,-0.2716857610474632,-0.020251344888332,0.55,-0.2153140115504882,,,,,,,,0.0
37386,香川県,宇多津町,18659,0.0,-1.0,1,0,0,0,0,0.0,0.0,0.0,0.0,0.0,-0.8,-0.62,1.0,0.1452581698729227,0.2039543582402029,0.1967248548014178,0.1678068410462776,0.0001690599997196,1.0,0.1450891098732031,50.0,0.0,0.0,50.0,267.9672008146203,0.0,0.0,1.0
37387,香川県,綾川町,21538,473.6,0.8868525896414343,2,1,1,1,0,4.642956634785031,4.642956634785031,4.642956634785031,,,0.1126832478501693,0.7081981261511424,0.65,-0.085820922312925,-0.0722850884092334,-0.0663564988210322,-0.0426421404682274,1.0174335579319238,1.0,-1.1032544802448487,226.0,28.0,0.0,254.0,1049.308199461417,130.00278577398086,0.0,1.0
37403,香川県,琴平町,7747,309.8,,1,0,0,1,0,0.0,0.0,12.908222537756547,0.0,0.0,,0.0,0.35,-0.1858360823027929,-0.1650667955161193,-0.1677845130466519,-0.1786553831687823,0.7504544066734652,1.0,-0.9362904889762582,53.0,34.0,0.0,87.0,684.1357945010973,438.8795662837227,0.0,1.0
37404,香川県,多度津町,21658,0.0,-1.0,1,0,0,2,0,0.0,0.0,9.23446301597562,0.0,0.0,1.344286234294843,-0.2983570648557735,1.0,-0.0676538804693024,-0.0511826256785797,-0.0529942933139481,-0.0602409638554216,0.0613677207749521,1.0,-0.1290216012442546,29.0,103.0,186.0,318.0,133.8997137316465,475.57484532274447,858.8050604857327,1.0
37406,香川県,まんのう町,15955,0.0,-1.0,1,0,0,0,0,0.0,0.0,0.0,0.0,0.0,-0.8,-0.62,1.0,-0.1060749848409774,-0.0991919714745801,-0.089247757073844,-0.0494708994708994,-0.3452255964679812,1.0,0.2391506116270037,40.0,0.0,0.0,40.0,250.70510811657786,0.0,0.0,1.0
38201,愛媛県,松山市,498626,607.7,0.1816060664981529,23,10,7,17,2,2.005511144625431,1.4038578012378016,3.4093689458632324,0.903988355163016,0.2319836803154822,0.4809771932176421,0.3785448353116483,1.0,0.0762548212985254,0.1143924624572201,0.1157409515786126,0.1211349080641828,0.2904701650033907,1.0,-0.2142153437048652,4099.0,1486.0,1551.0,7142.0,822.0590181819641,298.01895609133896,311.0547785314043,1.0
38202,愛媛県,今治市,143106,761.7,0.5077197149643706,15,2,3,12,0,1.397565441001775,2.0963481615026622,8.385392646010649,0.1905609919001758,0.7400999933924395,1.6167308930668265,0.6454966888311103,1.0,-0.1290557578223325,-0.1097226022181351,-0.1131220621184884,-0.1267199017199017,0.4191618442349514,1.0,-0.548217602057284,1140.0,508.0,293.0,1945.0,796.6123013710117,354.98162201445086,204.74333710676004,1.0
38203,愛媛県,宇和島市,63905,1064.1,1.3933873144399458,5,1,2,4,0,1.5648227838197324,3.1296455676394648,6.2592911352789296,-0.2643681358360964,0.6144427863218624,0.3924432916400977,0.7948529417470476,1.0,-0.1592608130228818,-0.1370194287922895,-0.1318677345375403,-0.1112609575185434,0.8541176039319456,1.0,-1.0133784169548274,925.0,164.0,266.0,1364.0,1447.4610750332524,256.6309365464361,416.2428604960488,1.0
38204,愛媛県,八幡浜市,28924,840.1,1.0170468187274913,2,1,1,2,1,3.457336467985064,3.457336467985064,6.914672935970128,0.0324272585530374,,0.5141677952654622,0.6966282710166735,0.85,-0.1836540149286882,-0.1616615047209152,-0.1576817936767711,-0.1417629495001947,0.6797733138948397,1.0,-0.863427328823528,285.0,254.0,217.0,758.0,985.3408933757433,878.1634628682064,750.242013552759,1.0
38205,愛媛県,新居浜市,109337,791.1,0.7398284583241699,6,4,1,6,0,3.658413894655971,0.9146034736639927,5.487620841983958,1.8460345775421645,-0.2415068540311092,0.8031223744240954,0.8233634727294658,1.0,-0.0749142697544047,-0.0540315073420781,-0.0582769793920586,-0.0752588675919806,0.5477672336143149,1.0,-0.6226815033687196,1146.0,273.0,712.0,2136.0,1048.135580818936,249.6867483102701,651.197673248763,1.0
38206,愛媛県,西条市,100467,409.1,-0.0929046563192904,6,3,3,7,0,2.9860551225775627,2.9860551225775627,6.9674619526809805,1.1655367606347329,1.4317698571313118,1.3797809223461344,0.6083876408889183,1.0,-0.0239059500307544,0.0008488729650384,0.0040182115749042,0.016695566014367,0.1225800873378284,1.0,-0.1464860373685828,807.0,377.0,220.0,1408.0,803.2488279733643,375.24759373724703,218.97737565568795,1.0
38207,愛媛県,大洲市,36736,873.8,1.4058370044052864,4,4,1,3,0,10.888501742160278,2.722125435540069,8.16637630662021,2.0,0.384047638519541,0.8166938810484357,1.2830297301378395,1.0,-0.1152410045479589,-0.0900233926570355,-0.0803384531142092,-0.0415986949429038,1.1378956167415124,1.0,-1.2531366212894712,458.0,182.0,199.0,847.0,1246.733449477352,495.4268292682927,541.7029616724739,1.0
38210,愛媛県,伊予市,33426,0.0,-1.0,0,0,1,1,0,0.0,2.9916831209238315,2.9916831209238315,-0.8,,-0.1084037947360961,-0.7956006696593111,0.85,-0.0602766999993402,-0.0373921622650897,-0.0324233547942477,-0.0125481249108797,-0.6013358636402886,1.0,0.5410591636409483,72.0,218.0,0.0,290.0,215.4011847065159,652.1869203613953,0.0,1.0
38213,愛媛県,四国中央市,76530,503.1,-0.0148815351478361,3,3,2,6,2,3.920031360250882,2.6133542401672547,7.840062720501764,1.2758513583688185,0.7132143610082939,1.2299334830593651,0.5392016807099945,1.0,-0.0531229472314498,-0.0245641154812145,-0.01861854832325,0.0051637203086081,0.1248415162535698,1.0,-0.1779644634850196,455.0,293.0,288.0,1040.0,594.5380896380505,382.85639618450284,376.32301058408467,1.0
38214,愛媛県,西予市,32081,339.8,-0.1561956791656319,1,0,0,2,0,0.0,0.0,6.23421963155762,-0.8,0.0,0.3494884798168196,-0.185674567610293,1.0,-0.2025577113730201,-0.1893409918408438,-0.1846109413798535,-0.1656907395358924,-0.1662973619615884,1.0,-0.0362603494114316,109.0,90.0,0.0,201.0,339.7649699198903,280.5398834200929,0.0,1.0
38215,愛媛県,東温市,33033,2437.0,7.082918739635158,3,0,1,2,2,0.0,3.027275754548482,6.054551509096964,0.0,,0.8730950592107616,4.320498386704934,0.85,0.029176088548193,0.0530270856927143,0.0632550018875047,0.1041666666666667,1.9329596048147824,1.0,-1.9037835162665893,1100.0,0.0,60.0,1178.0,3330.00333000333,0.0,181.6365452729089,1.0
38356,愛媛県,上島町,5864,0.0,,0,0,0,0,0,0.0,0.0,0.0,0.0,0.0,0.0,0.0,0.5,-0.2909095965529312,-0.2976761968705123,-0.2922934034577295,-0.2707622298065983,-0.2899332606780734,0.7,-0.0009763358748577,,,,,,,,0.0
38386,愛媛県,久万高原町,6378,940.7,,1,0,0,0,0,0.0,0.0,0.0,0.0,0.0,0.0,0.0,0.5,-0.2597175164205794,-0.2465773379689969,-0.2396068316155076,-0.2117248062015504,1.014590643038354,1.0,-1.2743081594589334,60.0,0.0,0.0,60.0,940.733772342427,0.0,0.0,1.0
38401,愛媛県,松前町,28695,0.0,-1.0,0,0,0,1,0,0.0,0.0,3.48492768775048,0.0,0.0,0.0520184262954073,-0.4921972360556889,1.0,-0.0143259287824958,0.0071102790598212,0.0122294255135248,0.032706011328339,-0.5055716523226055,1.0,0.4912457235401096,0.0,56.0,153.0,209.0,0.0,195.15595051402684,533.1939362258233,1.0
38402,愛媛県,砥部町,19500,0.0,-1.0,0,1,0,1,1,5.128205128205128,0.0,5.128205128205128,,0.0,0.1520432252530803,-0.5964918952650474,0.8,-0.0253418900413497,0.0022001132790708,0.010913517229849,0.0457671330329618,-0.345288621298347,1.0,0.3199467312569973,0.0,100.0,113.0,213.0,0.0,512.8205128205128,579.4871794871796,1.0
38422,愛媛県,内子町,13870,374.9,1.234207389749702,1,0,0,1,0,0.0,0.0,7.209805335255949,0.0,0.0,0.1865878301745203,0.645091869401029,1.0,-0.1708984222242995,-0.1549342704715867,-0.1474800852587754,-0.1176633444075304,0.0540442338710997,1.0,-0.2249426560953992,52.0,40.0,0.0,92.0,374.9098774333093,288.3922134102379,0.0,1.0
38442,愛媛県,伊方町,7349,0.0,,0,0,0,0,0,0.0,0.0,0.0,0.0,0.0,0.0,0.0,0.5,-0.2246039316086061,-0.2079234021381684,-0.197988856967523,-0.1582506762849413,-0.533038638319009,1.0,0.3084347067104028,,,,,,,,0.0
38484,愛媛県,松野町,3335,0.0,,0,0,0,0,0,0.0,0.0,0.0,0.0,0.0,0.0,0.0,0.5,-0.144681967190513,-0.1227256682023478,-0.1154939673976991,-0.0865671641791044,-0.0664062781165779,0.55,-0.078275689073935,,,,,,,,0.0
38488,愛媛県,鬼北町,8724,0.0,,1,0,0,1,0,0.0,0.0,11.462631820265932,0.0,0.0,,0.0,0.35,-0.1504843650238554,-0.1304369531699887,-0.1202673081567068,-0.0795887281035796,0.7289272356184754,1.0,-0.8794116006423308,187.0,44.0,0.0,231.0,2143.5121503897294,504.35580009170104,0.0,1.0
38506,愛媛県,愛南町,17431,510.6,0.5026486168334314,2,1,0,1,0,5.736905513166199,0.0,5.736905513166199,,0.0,-0.1248075311070591,0.290753973438321,0.8,-0.1803734085054656,-0.1541943904265791,-0.1433791158031043,-0.1001180173092053,0.6172433038554207,1.0,-0.7976167123608864,237.0,60.0,0.0,297.0,1359.6466066203889,344.2143307899719,0.0,1.0
39201,高知県,高知市,311164,1004.0,0.8472861085556578,28,10,10,34,7,3.2137393785913537,3.2137393785913537,10.926713887210605,1.9436393230254836,1.6076481329444112,2.0,1.3535181388245872,1.0,0.0073073184852032,0.0441146384875779,0.0421743901068231,0.034413396583804,0.8319952959436139,1.0,-0.8246879774584106,4650.0,2101.0,1580.0,8381.0,1494.3888110449795,675.2066434420435,507.7708218174339,1.0
39202,高知県,室戸市,9983,0.0,,0,0,0,1,0,0.0,0.0,10.017028949213662,0.0,0.0,,0.0,0.35,-0.3407394131919629,-0.3264223337636459,-0.3216003599607193,-0.3023124647490129,-0.0215929108285953,1.0,-0.3191465023633675,0.0,96.0,150.0,246.0,0.0,961.6347791245117,1502.5543423820495,1.0
39203,高知県,安芸市,14725,882.9,4.261620977353992,1,1,0,1,1,6.791171477079796,0.0,6.791171477079796,,0.0,0.123884527925715,2.6867414598323167,0.8,-0.1561357848230897,-0.1346899870654886,-0.1296815920833861,-0.109648012154976,1.3672464648360556,1.0,-1.5233822496591454,215.0,32.0,90.0,342.0,1460.1018675721562,217.31748726655348,611.2054329371816,1.0
39204,高知県,南国市,44842,1574.4,4.213245033112584,3,1,1,6,2,2.230052183221088,2.230052183221088,13.380313099326523,0.2577898377376832,0.2517618115445685,2.0,2.495944755835513,1.0,-0.0373437899599034,-0.0097357815999118,-0.0093101247286615,-0.0076074972436603,1.6167708287712927,1.0,-1.654114618731196,1026.0,361.0,283.0,1670.0,2288.033539984836,805.0488381428125,631.1047678515677,1.0
39205,高知県,土佐市,24210,396.5,0.3990825688073396,1,1,1,2,0,4.130524576621231,4.130524576621231,8.261049153242462,,,1.0447329728880534,0.5480788159028889,0.65,-0.1650395063738413,-0.1550845885584227,-0.1559242472990739,-0.1592828822616789,0.3942628309386527,1.0,-0.559302337312494,247.0,140.0,0.0,387.0,1020.2395704254441,578.2734407269724,0.0,1.0
39206,高知県,須崎市,18739,779.1,1.2961980548187446,2,0,1,3,0,0.0,5.336464058914563,16.009392176743688,0.0,,1.929273803923523,1.102929527056354,0.85,-0.1691594839783679,-0.1488506095448759,-0.1428113498437975,-0.1186543110394843,1.0148966570966114,1.0,-1.1840561410749793,156.0,185.0,216.0,559.0,832.4883931906718,987.2458508991941,1152.6762367255456,1.0
39208,高知県,宿毛市,17349,1965.5,5.169177652228499,1,1,1,3,1,5.764020981036371,5.764020981036371,17.292062943109116,,,2.0,4.437828963252692,0.65,-0.1092408542972745,-0.0794935317131679,-0.0702430248165177,-0.0332409972299169,2.002650202436829,1.0,-2.111891056734104,392.0,101.0,166.0,690.0,2259.4962245662573,582.1661190846735,956.8274828520375,1.0
39209,高知県,土佐清水市,10962,0.0,,0,1,0,3,0,9.122422915526364,0.0,27.367268746579093,,0.0,,0.0,0.15,-0.2787148450273805,-0.2650441155450446,-0.2619553776784438,-0.2496004262120404,0.6403182562849679,1.0,-0.9190331013123484,50.0,140.0,0.0,190.0,456.12114577631826,1277.139208173691,0.0,1.0
39210,高知県,四万十市,30604,176.4,-0.5261885576148267,2,1,1,3,0,3.267546725918181,3.267546725918181,9.802640177754542,0.1393618081919627,,1.553689886547045,-0.0025510990434871,0.85,-0.0868513610770824,-0.0642239326213481,-0.0596490949284988,-0.0413497441571013,0.1044962106206659,1.0,-0.1913475716977483,206.0,202.0,180.0,588.0,673.1146255391452,660.0444386354725,588.1584106652725,1.0
39211,高知県,香南市,31197,147.5,-0.5005079580088045,1,0,1,1,0,0.0,3.205436420168606,3.205436420168606,0.0,,-0.0323534717265536,-0.3001258820745709,0.85,-0.0399968033779852,-0.01740517306721,-0.0196678562624148,-0.0287185890432339,-0.3802759116643252,1.0,0.3402791082863399,91.0,74.0,0.0,165.0,291.69471423534316,237.20229509247682,0.0,1.0
39212,高知県,香美市,24986,0.0,-1.0,0,0,0,3,1,0.0,0.0,12.006723765308571,-0.8,0.0,2.0,-0.36,1.0,-0.1775479149197246,-0.174372414342731,-0.1726321152300381,-0.1656709187792668,-0.2416746772167443,1.0,0.0641267622970196,0.0,262.0,214.0,476.0,0.0,1048.5872088369488,856.4796285920115,1.0
39301,高知県,東洋町,1909,0.0,,0,0,0,0,0,0.0,0.0,0.0,0.0,0.0,0.0,0.0,0.5,-0.2353462970734464,-0.2156214555371985,-0.2073338673846577,-0.1741835147744945,0.1035038161585799,0.55,-0.3388501132320263,,,,,,,,0.0
39302,高知県,奈半利町,2821,0.0,,0,0,0,0,0,0.0,0.0,0.0,0.0,0.0,0.0,0.0,0.5,-0.1143738513532688,-0.1041121502875234,-0.0889715384118369,-0.0284090909090909,0.2223903046055487,0.55,-0.3367641559588176,,,,,,,,0.0
39303,高知県,田野町,2270,2555.1,,1,0,1,0,0,0.0,44.05286343612335,0.0,0.0,,0.0,0.0,0.35,-0.1819952124679023,-0.1650641125392923,-0.1575631010550559,-0.1275590551181102,-0.0255007687205945,0.55,-0.1564944437473077,103.0,0.0,0.0,103.0,4537.444933920705,0.0,0.0,1.0
39304,高知県,安田町,2092,0.0,,0,0,0,0,0,0.0,0.0,0.0,0.0,0.0,0.0,0.0,0.5,-0.2225075442156895,-0.2050442886233912,-0.1980288302386469,-0.1699669966996699,-0.0269862252980653,0.55,-0.1955213189176242,,,,,,,,0.0
39305,高知県,北川村,1027,0.0,,0,0,0,0,0,0.0,0.0,0.0,0.0,0.0,0.0,0.0,0.5,-0.2176466691837396,-0.2086885387066218,-0.2023249806251614,-0.1768707482993197,-0.1454545454545454,0.55,-0.0721921237291942,,,,,,,,0.0
39306,高知県,馬路村,656,0.0,,0,0,0,0,0,0.0,0.0,0.0,0.0,0.0,0.0,0.0,0.5,-0.2707271695972774,-0.2620930232558139,-0.2585116279069767,-0.2441860465116279,0.3636363636363636,0.55,-0.634363533233641,,,,,,,,0.0
39307,高知県,芸西村,3487,0.0,,0,0,0,1,1,0.0,0.0,28.677946659019213,0.0,0.0,,0.0,0.35,-0.0887414912337077,-0.0706133455392146,-0.0718919779498099,-0.0770065075921908,0.2088589170512082,0.55,-0.2976004082849159,0.0,48.0,136.0,184.0,0.0,1376.5414396329222,3900.2007456266133,1.0
39341,高知県,本山町,2912,0.0,,1,0,0,1,0,0.0,0.0,34.34065934065934,0.0,0.0,,0.0,0.35,-0.2327651405443028,-0.2198620026057541,-0.2180836949116075,-0.210970464135021,0.083039073138083,0.55,-0.315804213682386,53.0,36.0,0.0,89.0,1820.0549450549452,1236.2637362637363,0.0,1.0
39344,高知県,大豊町,2753,0.0,,0,0,0,1,0,0.0,0.0,36.32401017072285,0.0,0.0,,0.0,0.35,-0.3590407111829656,-0.3568551988796136,-0.3435973666508607,-0.2905660377358491,-0.0250634577834621,0.55,-0.3339772533995035,0.0,60.0,0.0,60.0,0.0,2179.440610243371,0.0,1.0
39363,高知県,土佐町,3415,0.0,,0,0,0,1,0,0.0,0.0,29.282576866764277,0.0,0.0,,0.0,0.35,-0.1866374495449931,-0.1846803680301031,-0.176838530471658,-0.1454711802378774,0.0453068845381242,0.55,-0.2319443340831174,0.0,50.0,0.0,50.0,0.0,1464.1288433382138,0.0,1.0
39364,高知県,大川村,312,0.0,,0,0,0,0,0,0.0,0.0,0.0,0.0,0.0,0.0,0.0,0.5,-0.258056133056133,-0.2612612612612612,-0.2468468468468468,-0.1891891891891891,0.3636363636363636,0.55,-0.6216924966924967,,,,,,,,0.0
39386,高知県,いの町,19592,306.2,-0.125642490005711,1,0,0,2,0,0.0,0.0,10.208248264597795,0.0,0.0,0.8678257047680316,0.0673526107123492,1.0,-0.1088017281049117,-0.0840240098467753,-0.0713190658031357,-0.0204992896285772,0.06673253520896,1.0,-0.1755342633138717,60.0,93.0,104.0,257.0,306.2474479379339,474.6835443037975,530.8289097590854,1.0
39387,高知県,仁淀川町,4147,0.0,,0,0,0,1,0,0.0,0.0,24.113817217265492,0.0,0.0,,0.0,0.35,-0.3572064388192579,-0.3548390449399277,-0.3515887643252082,-0.3385876418663304,-0.0104012842834042,0.55,-0.3468051545358536,0.0,21.0,0.0,21.0,0.0,506.3901615625754,0.0,1.0
39401,高知県,中土佐町,5289,0.0,,0,0,0,1,0,0.0,0.0,18.90716581584421,0.0,0.0,,0.0,0.35,-0.2392705928002333,-0.2194130062719806,-0.2143311104849566,-0.1940035273368606,0.1009803349408702,0.55,-0.3402509277411036,0.0,20.0,0.0,20.0,0.0,378.1433163168841,0.0,1.0
39402,高知県,佐川町,11489,0.0,,2,0,0,2,1,0.0,0.0,17.407955435634086,0.0,0.0,1.8007629330062658,0.5402288799018797,0.5,-0.1015172427364394,-0.0825864865175033,-0.0736616616345088,-0.0379623621025307,0.8348379227474669,1.0,-0.9363551654839064,86.0,95.0,251.0,432.0,748.5420837322656,826.877883192619,2184.6984071720776,1.0
39403,高知県,越知町,4622,1081.8,,2,1,0,2,0,21.63565556036348,0.0,43.27131112072696,,0.0,,0.0,0.15,-0.2042493675650362,-0.1893393100760085,-0.1843500292340674,-0.1643929058663028,0.9982657350536066,0.55,-1.202515102618643,72.0,109.0,0.0,181.0,1557.7672003461705,2358.2864560796193,0.0,1.0
39405,高知県,檮原町,2909,0.0,,1,0,0,0,0,0.0,0.0,0.0,0.0,0.0,0.0,0.0,0.5,-0.2659353660782195,-0.2568863932048272,-0.2491792655510859,-0.2183507549361207,0.2181296189415905,0.55,-0.48406498501981,30.0,0.0,0.0,30.0,1031.2822275696117,0.0,0.0,1.0
39410,高知県,日高村,4462,0.0,,0,0,0,0,0,0.0,0.0,0.0,0.0,0.0,0.0,0.0,0.5,-0.1367902383447006,-0.117633579054594,-0.1111013557692456,-0.084972462627852,-0.4151273321783718,0.55,0.2783370938336711,,,,,,,,0.0
39411,高知県,津野町,4773,0.0,,0,0,0,0,0,0.0,0.0,0.0,0.0,0.0,0.0,0.0,0.5,-0.1901152546327155,-0.175291742247627,-0.1674740430570994,-0.1362032462949893,-0.2411072531320265,0.55,0.050991998499311,,,,,,,,0.0
39412,高知県,四万十町,13797,362.4,0.1374764595103577,1,1,1,2,0,7.247952453431905,7.247952453431905,14.49590490686381,,,1.32767018588007,0.4121365502110605,0.65,-0.1750610275825546,-0.1608341182330103,-0.1503314244697162,-0.1083206494165398,0.5820866089164991,1.0,-0.7571476364990537,138.0,84.0,0.0,222.0,1000.2174385736029,608.8280060882801,0.0,1.0
39424,高知県,大月町,3887,643.2,,1,0,0,0,0,0.0,0.0,0.0,0.0,0.0,0.0,0.0,0.5,-0.2213625594066782,-0.206878393872144,-0.1932759279161211,-0.1388660640920296,-0.1117130378899267,0.55,-0.1096495215167514,25.0,0.0,0.0,25.0,643.1695394906097,0.0,0.0,1.0
39427,高知県,三原村,1291,0.0,,0,0,0,0,0,0.0,0.0,0.0,0.0,0.0,0.0,0.0,0.5,-0.187276314910822,-0.1714137673539675,-0.1656334293421112,-0.1425120772946859,0.0213363059232409,0.55,-0.2086126208340629,,,,,,,,0.0
39428,高知県,黒潮町,9275,0.0,,0,0,0,0,0,0.0,0.0,0.0,0.0,0.0,-0.8,-0.24,0.5,-0.1892764615140894,-0.1739014574033641,-0.1656632219974577,-0.1327102803738318,-0.7017881910984164,1.0,0.5125117295843269,,,,,,,,0.0
40101,福岡県,北九州市門司区,87119,673.8,0.388133498145859,5,3,3,3,0,3.443565697494232,3.443565697494232,3.443565697494232,0.9679179429700222,1.0481666965852212,-0.1083022157194929,0.5286300097967932,1.0,-0.1511488691136059,-0.1325402543645927,-0.1336619246353381,-0.1381486057183197,0.6217258108642676,1.0,-0.7728746799778735,901.0,322.0,836.0,2114.0,1034.2175644807676,369.6093848643809,959.6069743683928,1.0
40103,福岡県,北九州市若松区,77332,256.0,-0.4369914229162085,2,1,1,1,0,1.2931257435473025,1.2931257435473025,1.2931257435473025,-0.1445398503427634,-0.0238311799875684,-0.5992253615773804,-0.3408621627613992,1.0,-0.0632771104215831,-0.0472869138094482,-0.0435124376307908,-0.0284145329161611,-0.2414765538077186,1.0,0.1781994433861355,299.0,37.0,437.0,773.0,386.64459732064347,47.845652511250194,565.0959499301713,1.0
40105,福岡県,北九州市戸畑区,54284,558.2,0.6278798483522896,2,3,2,3,0,5.526490310220323,3.6843268734802153,5.526490310220323,2.0,1.1408830571926072,0.671127590188686,0.9857415212833388,1.0,-0.079476165693002,-0.0634241431954864,-0.0642448496117397,-0.0675276752767527,0.8451649701717487,1.0,-0.9246411358647508,645.0,275.0,0.0,920.0,1188.1954166973694,506.5949451035296,0.0,1.0
40106,福岡県,北九州市小倉北区,181230,1325.4,1.8951507208387943,10,6,4,13,1,3.3107101473266014,2.2071400982177343,7.173205319207637,2.0,0.798361607707053,2.0,1.7673296015754552,1.0,0.0002500740435255,0.0223090810897802,0.0176137277056133,-0.0011676858310543,1.387435412204708,1.0,-1.3871853381611825,2983.0,1318.0,536.0,4853.0,1645.9747282458754,727.2526623627435,295.7567731611764,1.0
40107,福岡県,北九州市小倉南区,203681,414.9,-0.1537833979196411,5,1,2,10,1,0.4909638110574869,0.981927622114974,4.909638110574869,-0.5049260862690182,-0.1209568019993995,1.1758844463825495,-0.0196377695561517,1.0,0.0057846139655121,0.0368740918837081,0.0332781473917674,0.0188943694240046,-0.0579746722998964,1.0,0.0637592862654085,1386.0,796.0,1071.0,3253.0,680.4758421256769,390.8071936017596,525.8222416425685,1.0
40108,福岡県,北九州市八幡東区,61218,1156.5,1.383553173948887,3,1,2,3,0,1.6335064850207457,3.267012970041491,4.900519455062237,-0.0786727448816819,0.8640804210449926,0.2726125652960758,0.8465459859492676,1.0,-0.1576064135490789,-0.1498528998131995,-0.1529009178476984,-0.1650929899856938,1.019939513095835,1.0,-1.177545926644914,1023.0,320.0,380.0,1723.0,1671.0771341762224,522.7220752066386,620.7324643078833,1.0
40109,福岡県,北九州市八幡西区,242914,814.7,0.5129062209842155,13,6,4,10,2,2.470009962373515,1.64667330824901,4.1166832706225245,1.213705094531094,0.3302142393027967,0.5323233397415619,0.6285747662549803,1.0,-0.0155870897764142,0.0102702501308701,0.0076193022308724,-0.0029844893691182,0.366515348606772,1.0,-0.3821024383831862,2489.0,812.0,742.0,4043.0,1024.6424660579464,334.274681574549,305.4578986801913,1.0
40131,福岡県,福岡市東区,330259,715.8,0.8223014256619143,11,6,7,9,4,1.8167559400349425,2.119548596707433,2.725133910052413,1.0129034481587662,1.201649508760081,0.3187660259034401,0.8417937326622386,1.0,0.2072524309914561,0.2509054770054371,0.2501241116604696,0.2469986502805996,0.4171798346321961,1.0,-0.2099274036407399,2959.0,1118.0,1235.0,5312.0,895.9634710938991,338.52219015984423,373.94893099052564,1.0
40132,福岡県,福岡市博多区,257240,395.0,-0.0710253998118531,11,6,3,10,0,2.3324521847302133,1.1662260923651069,3.887420307883688,2.0,0.2928163583916008,1.130200530279425,0.5779398333947272,1.0,0.1767830038561431,0.2199299141630892,0.2123216223597297,0.1818884551462916,0.2231615153827074,1.0,-0.0463785115265643,1530.0,672.0,0.0,2206.0,594.7753071062043,261.23464468978386,0.0,1.0
40133,福岡県,福岡市中央区,211979,935.5,1.2247324613555293,9,6,5,7,1,2.8304690558970464,2.3587242132475383,3.302213898546554,2.0,1.7344063060700097,0.8095233447009158,1.3939556782934035,1.0,0.1871518614030053,0.2343226637683504,0.2265515037665896,0.1954668637595467,1.073269644310249,1.0,-0.8861177829072435,2361.0,323.0,108.0,2794.0,1113.7895734954877,152.373584175791,50.94844300614684,1.0
40134,福岡県,福岡市南区,267714,642.9,0.6230749810653873,9,6,5,6,2,2.2411976960487685,1.867664746707307,2.2411976960487685,1.6297082634384812,0.9400089144001104,0.0888227060705233,0.791803886290985,1.0,0.1613415180987188,0.2039319041721231,0.2018694141321992,0.1936194539725033,0.5492256095654252,1.0,-0.3878840914667064,2468.0,311.0,1137.0,3918.0,921.8793189747267,116.1687472451945,424.70696340124164,1.0
40135,福岡県,福岡市西区,217224,365.1,-0.0897531787584143,9,10,6,8,2,4.603542886605531,2.762125731963319,3.682834309284426,2.0,1.794811909295036,0.8639370943783553,0.7539357611718015,1.0,0.1971998776915591,0.2438875940559827,0.2426269379898842,0.2375843137254902,0.2942450194188803,1.0,-0.0970451417273212,1410.0,864.0,909.0,3193.0,649.09954701138,397.74610540271794,418.46204839244285,1.0
40136,福岡県,福岡市城南区,132671,646.0,0.6251572327044026,6,1,2,4,2,0.7537442244348803,1.5074884488697606,3.0149768977395213,-0.1597298001341047,0.3746178906531536,0.4285682805646247,0.4011105820080471,1.0,0.1241494026594708,0.1600333536933251,0.1601041856457258,0.1603875134553283,0.4147117585195216,1.0,-0.2905623558600507,1250.0,200.0,188.0,1638.0,942.1802805436002,150.74884488697606,141.7039141937575,1.0
40137,福岡県,福岡市早良区,221319,425.2,0.0537794299876084,9,2,2,5,1,0.9036729788224238,0.9036729788224238,2.2591824470560598,0.099218843311519,-0.1734138187783903,0.0509632373376971,0.028365896440004,1.0,0.1358810383753736,0.1749434497017731,0.1763360461646251,0.181906432016033,0.1642287144676144,1.0,-0.0283476760922407,1011.0,416.0,235.0,1662.0,456.8066907947352,187.96397959506413,106.18157501163479,1.0
40202,福岡県,大牟田市,104141,843.1,0.569434102755026,10,6,4,10,1,5.761419613792838,3.840946409195226,9.602366022988065,2.0,1.7814752305549746,1.7907897611994883,1.2205568001406824,1.0,-0.1224600773327928,-0.1120938426327362,-0.1069475795953326,-0.0863625274457184,0.8679697512976605,1.0,-0.9904298286304534,2168.0,623.0,1207.0,4020.0,2081.792953783812,598.2274032321563,1159.0055789746593,1.0
40203,福岡県,久留米市,299292,988.7,0.91311919504644,14,5,7,15,7,1.670609304625583,2.338853026475816,5.011827913876749,0.5598511670518558,0.9414147763358603,0.9241295576257078,0.8483614810278264,1.0,0.0638960456238778,0.0947302541983226,0.0968123997125433,0.1051409817694262,0.6522966881529968,1.0,-0.588400642529119,3627.0,1231.0,1507.0,6379.0,1211.8599895753978,411.3040107988185,503.52164441415067,1.0
40204,福岡県,直方市,54692,588.8,0.4639482844356042,3,2,1,0,0,3.656841951290865,1.8284209756454328,0.0,1.0958319959649687,0.0622099841530008,-0.8,0.3404720390337459,1.0,-0.0744076748791489,-0.0682802189772503,-0.0673147974429747,-0.063453111305872,0.2238440182502643,1.0,-0.2982516931294132,372.0,50.0,489.0,935.0,680.172602940101,91.42104878227163,894.0978570906165,1.0
40205,福岡県,飯塚市,122880,1033.5,1.2729272047503848,7,4,3,5,2,3.255208333333333,2.44140625,4.069010416666666,1.9146452931035567,1.1375043956640236,0.4338162784436525,1.255090762112055,1.0,-0.0446802699001256,-0.0366144561730245,-0.0311030960305638,-0.0090576554607211,0.9074058287445028,1.0,-0.9520860986446285,1852.0,86.0,643.0,2581.0,1507.1614583333333,69.98697916666667,523.2747395833334,1.0
40206,福岡県,田川市,44186,1072.7,1.319852941176471,3,3,2,2,1,6.789480831032454,4.526320554021636,4.526320554021636,2.0,1.2775067260370498,0.2141827541671626,1.2836798926188675,1.0,-0.1057935747355601,-0.1028621673447068,-0.0989546109293464,-0.083324385267905,1.1704066898128291,1.0,-1.2762002645483892,774.0,60.0,935.0,1777.0,1751.686054406373,135.78961662064907,2116.054859005115,1.0
40207,福岡県,柳川市,60359,473.8,-0.0234954657873041,3,1,1,4,0,1.656753756689143,1.656753756689143,6.627015026756572,-0.0588185517816094,-0.0403193428067264,0.7209650264206975,0.0785854092921217,1.0,-0.05787095243445,-0.0334722471188744,-0.0261419687330903,0.0031791448100459,-0.0061730546574134,1.0,-0.0516978977770365,486.0,237.0,170.0,893.0,805.1823257509236,392.65064033532695,281.6481386371544,1.0
40210,福岡県,八女市,57013,694.6,0.3992747784045125,4,1,2,6,0,1.7539859330328171,3.5079718660656343,10.523915598196902,-0.1174476681048787,0.8096042351726558,1.4890974278939808,0.520953105041276,1.0,-0.098074773693041,-0.081105942908294,-0.0710777488847712,-0.0309649727906798,0.4030101157722984,1.0,-0.5010848894653395,562.0,528.0,284.0,1374.0,985.7400943644432,926.1045726413274,498.13200498132005,1.0
40211,福岡県,筑後市,48508,307.2,0.1219868517165814,1,1,0,1,1,2.0615156262884478,0.0,2.0615156262884478,0.3560866842502064,-0.8,-0.1943730107012388,-0.0169451888968538,1.0,0.0643780100709418,0.0900944360954725,0.0927828130152775,0.1035363206944977,0.2934788143694197,1.0,-0.2291008042984778,197.0,41.0,176.0,416.0,406.1185783788241,84.52214067782634,362.8267502267667,1.0
40212,福岡県,大川市,30660,1118.7,2.179931779420125,1,1,0,1,0,3.2615786040443577,0.0,3.2615786040443577,0.3159825370448876,0.0,-0.0545822498860761,1.1449750596361288,1.0,-0.1148752691859352,-0.0963473049322384,-0.0938316186263946,-0.0837688734030197,0.9786814039158324,1.0,-1.0935566731017676,479.0,140.0,0.0,619.0,1562.2961513372472,456.62100456621005,0.0,1.0
40213,福岡県,行橋市,70614,549.5,0.6025080198308546,3,1,2,4,1,1.4161497719998868,2.8322995439997736,5.664599087999547,-0.0201840888434545,1.248709758563053,1.0213230865929193,0.6377221189201322,1.0,0.0103034225398113,0.0306928280107056,0.0305553367697033,0.030005371805694,0.4751042257633012,1.0,-0.4648008032234899,433.0,212.0,468.0,1113.0,613.1928512759509,300.223751663976,662.758093295947,1.0
40214,福岡県,豊前市,22344,0.0,-1.0,0,0,0,1,1,0.0,0.0,4.475474400286431,0.0,0.0,0.0182945902879223,-0.4972558114568116,1.0,-0.1201666977716801,-0.1039836229953624,-0.1022505688082749,-0.0953183520599251,-0.3000787007601385,1.0,0.1799120029884584,0.0,45.0,427.0,472.0,0.0,201.39634801288938,1911.0275689223056,1.0
40215,福岡県,中間市,37969,0.0,-1.0,0,0,0,0,0,0.0,0.0,0.0,-0.8,-0.8,-0.8,-0.9,1.0,-0.1682593131147293,-0.1607107293365312,-0.1610166977294347,-0.1622405713010488,-0.7266600259783716,1.0,0.5584007128636423,103.0,42.0,0.0,145.0,271.2739339987885,110.61655561115647,0.0,1.0
40216,福岡県,小郡市,58798,273.8,-0.0918739635157545,4,0,2,6,1,0.0,3.401476240688459,10.204428722065376,-0.8,1.4433468279249606,2.0,0.3105650424308668,1.0,0.0913656450850305,0.1247989738721662,0.1273054051644061,0.1373311303333657,0.541959601828928,1.0,-0.4505939567438974,346.0,358.0,328.0,1032.0,588.4553896391034,608.8642470832341,557.8421034729072,1.0
40217,福岡県,筑紫野市,104865,556.9,0.5291048874244921,3,2,0,3,0,1.9072140370953128,0.0,2.8608210556429694,0.8813136433679103,-0.8,0.2498404890249523,0.358291245739571,1.0,0.144280393254286,0.1791244719166785,0.1864315165986668,0.2156596953266201,0.60432044160741,1.0,-0.460040048353124,841.0,72.0,471.0,1386.0,801.9835025985791,68.65970533543127,449.14890573594624,1.0
40218,福岡県,春日市,110361,732.1,0.9501864677677144,4,0,0,1,1,0.0,0.0,0.9061171971982857,-0.8,-0.8,-0.5731192289740041,0.1091253495377566,1.0,0.1572316715061905,0.2067129158897891,0.2085397316189351,0.215846994535519,0.3523531284546309,1.0,-0.1951214569484403,890.0,51.0,30.0,973.0,806.4443055064742,46.21197705711257,27.18351591594857,1.0
40219,福岡県,大野城市,103504,77.3,-0.7940863079381992,2,2,2,5,2,1.93229247178853,1.93229247178853,4.830731179471325,1.113304524550102,0.8774747818905346,1.1893826711461672,0.135646368896426,1.0,0.1657118161071421,0.2136280139858869,0.210972586627306,0.2003508771929825,-0.1877182191645202,1.0,0.3534300352716624,199.0,713.0,455.0,1367.0,192.26310094295872,688.862266192611,439.59653733189054,1.0
40220,福岡県,宗像市,96578,307.5,-0.202127659574468,5,2,1,5,0,2.0708650003106297,1.0354325001553148,5.177162500776575,0.6786729624850905,-0.1221180112302363,1.0328461616879094,0.171279985278435,1.0,0.0404235828149142,0.0542880820420039,0.0627496495950353,0.0965959198071608,-0.1112359417675284,1.0,0.1516595245824427,429.0,283.0,468.0,1180.0,444.2005425666301,293.02739754395407,484.5824100726873,1.0
40221,福岡県,太宰府市,72592,82.7,-0.7523210542078467,1,1,0,1,1,1.3775622658144149,0.0,1.3775622658144149,-0.0227847907441294,-0.8,-0.4814802987047446,-0.5729395300584609,1.0,0.0514913327150671,0.0770061008917398,0.0702345189502808,0.0431481911844449,-0.4661492000446151,1.0,0.5176405327596822,112.0,112.0,300.0,524.0,154.28697377121446,154.28697377121446,413.2686797443244,1.0
40223,福岡県,古賀市,57957,757.5,1.7140809745610892,2,1,1,3,2,1.7254171195886607,1.7254171195886607,5.176251358765982,0.1349975478304435,0.1977843964003018,0.9580449008862812,1.0574143914396208,1.0,0.1012624336831285,0.1210781181490495,0.1328145309054294,0.1797601819309489,0.9861482721633344,1.0,-0.884885838480206,777.0,261.0,283.0,1371.0,1340.6491019203893,450.33386821264037,488.29304484359096,1.0
40224,福岡県,福津市,69394,361.7,0.0987241798298905,2,1,1,3,1,1.4410467763783612,1.4410467763783612,4.323140329135083,0.0085158031331662,0.1334114325532289,0.6547743280215894,0.1692931146278012,1.0,0.0796957092838164,0.0868214757641068,0.0880649904584841,0.0930390492359931,0.270815751906374,1.0,-0.1911200426225575,360.0,151.0,500.0,1011.0,518.77683949621,217.59806323313254,720.5233881891807,1.0
40225,福岡県,うきは市,26210,213.7,-0.2763291567897055,1,0,0,1,1,0.0,0.0,3.815337657382678,-0.8,0.0,-0.0166946995466376,-0.3006687833268484,1.0,-0.0693317506723341,-0.0461262894192921,-0.0366264477015569,0.0013729191693838,-0.112509408309811,1.0,0.0431776576374768,56.0,114.0,180.0,350.0,213.65890881342997,434.9484929416253,686.7607783288821,1.0
40226,福岡県,宮若市,24838,209.4,-0.2611150317572335,1,3,1,3,1,12.078267171269829,4.026089057089942,12.078267171269829,2.0,,1.9895514095510776,0.6680884653576998,0.85,-0.0908429119586632,-0.0863696642788511,-0.0756182539456034,-0.0326126126126126,0.4694032775962943,1.0,-0.5602461895549576,145.0,237.0,236.0,618.0,583.7829132780417,954.1831065303164,950.1570174732265,1.0
40227,福岡県,嘉麻市,32024,131.2,-0.6781947510424332,1,4,2,4,0,12.490632025980515,6.245316012990258,12.490632025980515,2.0,,1.831279159730335,0.3948170569862749,0.85,-0.1604096103080651,-0.1478163485756641,-0.1351702320092085,-0.0845857657433859,0.0655906786993874,1.0,-0.2260002890074526,371.0,153.0,184.0,708.0,1158.5061204096928,477.7666749937547,574.5690731951037,1.0
40228,福岡県,朝倉市,47408,679.2,0.3998351195383347,3,3,2,3,0,6.328045899426257,4.218697266284171,6.328045899426257,2.0,1.0155930481957949,0.5435267807005699,0.8337855341036221,1.0,-0.075112677228725,-0.0580745436038195,-0.0490841502424352,-0.0131225767968983,0.5177284782551907,1.0,-0.5928411554839158,474.0,140.0,160.0,774.0,999.8312521093486,295.308808639892,337.49578130273375,1.0
40229,福岡県,みやま市,33410,422.0,0.199545196134167,1,1,1,1,0,2.99311583358276,2.99311583358276,2.99311583358276,0.0532701053561464,,-0.265801776978768,0.0830074736370559,0.85,-0.1127160792556229,-0.1008333725201289,-0.0883511763876044,-0.0384223918575064,-0.112239138008939,1.0,-0.0004769412466839,129.0,70.0,278.0,477.0,386.111942532176,209.51810835079317,832.0862017360072,1.0
40230,福岡県,糸島市,100207,229.5,-0.4238011549083605,3,1,2,5,0,0.9979342760485796,1.995868552097159,4.989671380242897,-0.1306734624609316,0.7457576939538371,0.9242592342908402,0.0124672692903349,1.0,0.0836757677217797,0.110899869415031,0.1197549702015905,0.1551753733478285,-0.157310124449322,1.0,0.2409858921711017,282.0,124.0,456.0,862.0,281.4174658456994,123.74385023002385,455.05802987815224,1.0
40231,福岡県,那珂川市,49180,170.8,-0.1696645600388915,2,1,0,0,0,2.03334688897926,0.0,0.0,0.5965172521314555,-0.8,-0.8,-0.2055288295931546,1.0,0.1704638021246983,0.2210630376376233,0.2202559135155821,0.2170274170274171,-0.0562763413549503,1.0,0.2267401434796487,159.0,0.0,0.0,159.0,323.30215534770235,0.0,0.0,1.0
40341,福岡県,宇美町,36936,0.0,-1.0,0,0,0,3,1,0.0,0.0,8.122157244964262,0.0,0.0,2.0,-0.2,1.0,0.0485389490126149,0.0649404015958093,0.081323433923503,0.1468555632342778,-0.1525033227231549,1.0,0.2010422717357699,0.0,352.0,202.0,572.0,0.0,952.9997834091402,546.891921160927,1.0
40342,福岡県,篠栗町,30620,147.0,-0.2062634989200863,1,1,1,3,1,3.265839320705421,3.265839320705421,9.797517962116263,,,2.0,0.3028742315999335,0.65,0.0910611320678378,0.1317780630666774,0.1254637727673915,0.100206611570248,0.4173395705450158,1.0,-0.3262784384771779,409.0,168.0,180.0,757.0,1335.7282821685174,548.6610058785108,587.8510777269759,1.0
40343,福岡県,志免町,47347,441.4,1.3807982740021574,3,2,2,1,0,4.224132468794221,4.224132468794221,2.1120662343971106,,2.0,-0.1691644531836802,1.2062805862794084,0.8,0.1007639415503867,0.1356207648919674,0.1244707713615257,0.0798707972397592,0.6292293691052964,1.0,-0.5284654275549096,352.0,34.0,200.0,586.0,743.447314507783,71.81025196950176,422.41324687942216,1.0
40344,福岡県,須恵町,29282,0.0,-1.0,0,1,0,2,0,3.415067276825353,0.0,6.830134553650706,,0.0,1.5083227168860849,-0.342189490583859,0.8,0.038755019200441,0.0534771366204243,0.0489176960293411,0.0306799336650083,-0.3192988759871628,1.0,0.3580538951876038,152.0,49.0,0.0,201.0,519.0902260774537,167.33829656444232,0.0,1.0
40345,福岡県,新宮町,33743,88.9,-0.4928693667997718,1,0,0,1,0,0.0,0.0,2.963577630916042,0.0,0.0,0.2995365085357264,-0.2015042071195269,1.0,0.2536018457906924,0.3132823774747184,0.3139882208203545,0.3168115942028986,-0.1627702447349652,1.0,0.4163720905256576,60.0,0.0,0.0,60.0,177.81465785496252,0.0,0.0,1.0
40348,福岡県,久山町,9284,0.0,,0,0,0,1,0,0.0,0.0,10.771219302024988,0.0,0.0,,0.0,0.35,0.0385769088328801,0.0431436851300184,0.039558080154446,0.0252156602521567,0.4897554765823982,1.0,-0.4511785677495181,94.0,0.0,0.0,94.0,1012.4946143903489,0.0,0.0,1.0
40349,福岡県,粕屋町,49274,505.3,0.5146882494004796,3,0,1,0,0,0.0,2.029467873523562,0.0,0.0,0.8395897552000071,-0.8,0.2632825879802408,1.0,0.2174138314903929,0.2713377668210288,0.2584857847409484,0.2070778564206268,0.6760612993410237,1.0,-0.4586474678506307,292.0,0.0,132.0,424.0,592.6046190688802,0.0,267.8897593051102,1.0
40381,福岡県,芦屋町,12599,714.3,,0,1,0,1,0,7.937137868084769,0.0,7.937137868084769,,0.0,,0.0,0.15,-0.0982014440661021,-0.0658488612836439,-0.0688281573498965,-0.0807453416149068,0.9216466553907336,1.0,-1.0198480994568355,105.0,32.0,0.0,137.0,833.3994761489006,253.98841177871262,0.0,1.0
40382,福岡県,水巻町,26925,753.9,2.5,1,0,1,1,0,0.0,3.7140204271123496,3.7140204271123496,0.0,,0.0879293420055093,1.4861051780009724,0.85,-0.0570459057215251,-0.0437199288142975,-0.0357954625150253,-0.0040975973179363,1.1111138371371538,1.0,-1.168159742858679,351.0,54.0,0.0,405.0,1303.6211699164346,200.55710306406687,0.0,1.0
40383,福岡県,岡垣町,30316,0.0,-1.0,0,1,1,0,0,3.298588204248581,3.298588204248581,0.0,,,-0.8,-0.9538461538461538,0.65,-0.0539655727057187,-0.0416012925906961,-0.0421512488251246,-0.0443510737628384,-0.4996188146846502,1.0,0.4456532419789315,100.0,0.0,360.0,460.0,329.85882042485815,0.0,1187.4917535294894,1.0
40384,福岡県,遠賀町,18150,991.7,4.4132096069869,2,2,1,1,0,11.019283746556477,5.5096418732782375,5.5096418732782375,,,0.2898801203065879,3.461672033137597,0.65,-0.0879970084337939,-0.0819040255737371,-0.0776119733281557,-0.0604437643458301,1.68197590231707,1.0,-1.769972910750864,238.0,94.0,0.0,332.0,1311.2947658402204,517.9063360881543,0.0,1.0
40401,福岡県,小竹町,6538,0.0,,1,0,0,0,0,0.0,0.0,0.0,0.0,0.0,0.0,0.0,0.5,-0.1567438198108413,-0.1397190547956891,-0.1321027424249194,-0.1016374929418407,0.3778995225383494,1.0,-0.5346433423491908,56.0,0.0,0.0,56.0,856.5310492505354,0.0,0.0,1.0
40402,福岡県,鞍手町,14051,711.7,,1,1,1,0,0,7.116931179275497,7.116931179275497,0.0,,,-0.8,-0.8,0.15,-0.140419185714329,-0.125764794642823,-0.1185292295478826,-0.089586969168121,0.6424058666603824,1.0,-0.7828250523747114,222.0,0.0,0.0,222.0,1579.95872179916,0.0,0.0,1.0
40421,福岡県,桂川町,12101,0.0,,1,0,0,1,0,0.0,0.0,8.263779852904719,0.0,0.0,,0.0,0.35,-0.066397539952636,-0.0575761781341215,-0.0440312781825509,0.0101483216237314,-0.4314425013152036,1.0,0.3650449613625676,30.0,30.0,0.0,60.0,247.91339558714157,247.91339558714157,0.0,1.0
40447,福岡県,筑前町,29564,0.0,-1.0,0,0,0,2,0,0.0,0.0,6.764984440535787,0.0,0.0,1.071163358482624,-0.3393254962276064,1.0,0.0632578676156401,0.0824443758397349,0.0924513835629133,0.1324794144556267,-0.2866580919013937,1.0,0.3499159595170338,60.0,216.0,158.0,434.0,202.9495332160736,730.6183195778649,534.4337708023271,1.0
40448,福岡県,東峰村,1676,0.0,,0,0,0,0,0,0.0,0.0,0.0,0.0,0.0,0.0,0.0,0.5,-0.138488650783479,-0.1235637397194001,-0.0975689404934688,0.0064102564102563,-0.0164392381583197,0.55,-0.1220494126251592,,,,,,,,0.0
40503,福岡県,大刀洗町,15738,0.0,-1.0,0,0,0,1,0,0.0,0.0,6.354047528275512,0.0,0.0,0.5798571564938575,-0.4130214265259214,1.0,0.069690817466932,0.0892000064641589,0.1015605557021961,0.1510027526543451,-0.5514677188675864,1.0,0.6211585363345185,120.0,0.0,0.0,120.0,762.4857033930614,0.0,0.0,1.0
40522,福岡県,大木町,13090,0.0,,0,0,0,1,0,0.0,0.0,7.639419404125286,0.0,0.0,,0.0,0.35,0.030499212550989,0.0619868821334009,0.0693137012771345,0.0986209778520685,-0.1892780062929994,1.0,0.2197772188439884,0.0,120.0,0.0,120.0,0.0,916.7303284950344,0.0,1.0
40544,福岡県,広川町,19503,933.2,4.8654934003771215,3,1,0,1,0,5.127416294928985,0.0,5.127416294928985,,0.0,0.2782900299459043,3.093112755850558,0.8,0.0499397395760387,0.077738912722698,0.0844794720769953,0.1114417094941844,1.8663689364179104,1.0,-1.8164291968418715,247.0,203.0,0.0,450.0,1266.4718248474594,1040.865507870584,0.0,1.0
40601,福岡県,香春町,9436,0.0,,0,0,0,0,0,0.0,0.0,0.0,0.0,0.0,0.0,0.0,0.5,-0.1423623831039941,-0.1316501802651316,-0.1206423979615986,-0.0766112687474666,-0.5469870978006035,1.0,0.4046247146966094,,,,,,,,0.0
40602,福岡県,添田町,7940,0.0,,0,0,0,0,1,0.0,0.0,0.0,0.0,0.0,0.0,0.0,0.5,-0.2020483863817517,-0.189261353964798,-0.1796991458396987,-0.1414503133393017,-0.0803979778236584,1.0,-0.1216504085580933,0.0,0.0,147.0,147.0,0.0,0.0,1851.3853904282114,1.0
40604,福岡県,糸田町,7896,683.9,,1,0,0,1,0,0.0,0.0,12.664640324214794,0.0,0.0,,0.0,0.35,-0.1287221277152287,-0.1196492084454094,-0.1129863159088699,-0.0863347457627118,1.0710153793657335,1.0,-1.1997375070809624,54.0,45.0,0.0,99.0,683.8905775075988,569.9088145896657,0.0,1.0
40605,福岡県,川崎町,13762,733.9,3.172256964184196,2,0,0,2,0,0.0,0.0,14.532771399505885,0.0,0.0,1.493775934137073,1.8101948722126588,1.0,-0.1518064393123486,-0.1295927469716442,-0.1200734845648376,-0.0819964349376114,1.300752712088019,1.0,-1.4525591514003673,99.0,70.0,0.0,169.0,719.3721842755414,508.646998982706,0.0,1.0
40608,福岡県,大任町,4763,0.0,,0,0,0,0,0,0.0,0.0,0.0,0.0,0.0,0.0,0.0,0.5,-0.0582198001456738,-0.0558941489255806,-0.0392075738736831,0.027538726333907,0.0029051660108867,0.55,-0.0611249661565605,,,,,,,,0.0
40609,福岡県,赤村,2576,0.0,,0,0,0,0,0,0.0,0.0,0.0,0.0,0.0,0.0,0.0,0.5,-0.0667460607303185,-0.0586736546256785,-0.0366329655684977,0.0515297906602254,-0.0316951501718779,0.55,-0.0350509105584405,,,,,,,,0.0
40610,福岡県,福智町,19626,0.0,-1.0,0,0,0,2,1,0.0,0.0,10.19056353816366,0.0,0.0,1.2807945754703498,-0.3078808136794475,1.0,-0.0718238893743978,-0.0515778257489524,-0.039033370757756,0.0111444492070296,-0.3318164276773323,1.0,0.2599925383029344,50.0,48.0,389.0,487.0,254.76408845409154,244.57352491592783,1982.0646081728319,1.0
40621,福岡県,苅田町,37734,598.9,1.911521633446767,1,1,1,2,0,2.650129856362962,2.650129856362962,5.300259712725924,,,0.962661470187903,1.6925539034639523,0.65,0.064253120394671,0.0886373090671797,0.0895864548958686,0.0933830382106244,0.7209934063843375,1.0,-0.6567402859896665,226.0,272.0,0.0,498.0,598.9293475380293,720.8353209307256,0.0,1.0
40625,福岡県,みやこ町,16993,0.0,-1.0,1,0,0,1,0,0.0,0.0,5.884776084269993,0.0,0.0,-0.0084568710731985,-0.5012685306609798,1.0,-0.1532758143837108,-0.1348053220515495,-0.1302162820777258,-0.111860122182431,-0.5405128964260475,1.0,0.3872370820423366,58.0,116.0,0.0,174.0,341.3170128876596,682.6340257753192,0.0,1.0
40642,福岡県,吉富町,6251,767.9,,1,0,0,1,0,0.0,0.0,15.997440409534471,0.0,0.0,,0.0,0.35,-0.0731251917048542,-0.0514719142782573,-0.0560959463410208,-0.0745920745920746,0.5873173081040881,0.55,-0.6604424998089423,72.0,0.0,0.0,72.0,1151.815709486482,0.0,0.0,1.0
40646,福岡県,上毛町,6913,0.0,,0,0,0,0,0,0.0,0.0,0.0,0.0,0.0,0.0,0.0,0.5,-0.0766366051470546,-0.0651143797497192,-0.0576617955769637,-0.0278514588859416,-0.1127241330661643,0.55,0.0360875279191096,,,,,,,,0.0
40647,福岡県,築上町,15717,0.0,-1.0,0,0,0,1,0,0.0,0.0,6.362537379907107,0.0,0.0,0.2837005091299103,-0.4574449236305135,1.0,-0.1611987708252972,-0.1495650110076532,-0.1445761746301873,-0.1246208291203235,-0.596417837437661,1.0,0.4352190666123637,0.0,44.0,0.0,44.0,0.0,279.9516447159127,0.0,1.0
41201,佐賀県,佐賀市,228262,786.8,0.5298463931557458,15,6,5,8,1,2.628558410948822,2.1904653424573515,3.5047445479317623,1.6252781660518512,0.865072377704666,0.434753222704227,0.784952669849577,1.0,0.0669819678762127,0.0962363750789057,0.1031142259377921,0.1306256293733378,0.6506481401884795,1.0,-0.5836661723122667,2593.0,640.0,755.0,3996.0,1135.9753265983825,280.379563834541,330.76026671106007,1.0
41202,佐賀県,唐津市,110274,619.4,0.2842629069044162,7,1,4,8,0,0.9068320728367522,3.6273282913470086,7.254656582694017,-0.3125623470374868,1.8841275196001592,1.2208555289103926,0.5453664413212935,1.0,-0.0286268636981237,-0.0097544089188888,0.0029968051828063,0.0540016615895873,0.4547971530127767,1.0,-0.4834240167109005,801.0,500.0,529.0,1834.0,726.3724903422384,453.416036418376,479.7141665306419,1.0
41203,佐賀県,鳥栖市,75219,296.5,-0.1227810650887574,2,3,3,6,1,3.9883540063016,3.9883540063016,7.976708012603199,2.0,2.0,2.0,0.9386094674556212,1.0,0.1310882692858273,0.1688216829584907,0.1664612419934004,0.1570194781330394,0.7193443899847558,1.0,-0.5882561206989285,401.0,651.0,358.0,1410.0,533.1099855089805,865.4728193674471,475.9435780853242,1.0
41204,佐賀県,多久市,16934,561.0,1.3964117898334043,2,0,0,1,0,0.0,0.0,5.905279319711823,0.0,0.0,0.2952402221388392,0.7424919282375282,1.0,-0.0706964014253014,-0.048570487544753,-0.032542304768668,0.0315704263356719,0.1397998296041504,1.0,-0.2104962310294519,139.0,45.0,155.0,339.0,820.8338254399433,265.737569387032,915.3182945553324,1.0
41205,佐賀県,伊万里市,49048,289.5,-0.3433885234747108,2,2,3,5,0,4.077638231936063,6.116457347904094,10.194095579840155,1.201546197282004,2.0,1.5930794385762774,0.607576893505487,1.0,-0.011768990898248,0.0052507747425566,0.0221306176467401,0.0896499892634743,0.3017863346318645,1.0,-0.3135553255301126,138.0,398.0,324.0,860.0,281.3570380035883,811.4500081552765,660.5773935736421,1.0
41206,佐賀県,武雄市,46267,406.3,0.2943612615482638,2,1,1,2,0,2.161367713489096,2.161367713489096,4.322735426978192,0.1906203414918181,0.1856829848269028,0.2748200354147989,0.2543801521087508,1.0,0.020421940982816,0.0392727396724869,0.0527431714340099,0.1066248984801021,0.4406510499775525,1.0,-0.4202291089947365,272.0,195.0,189.0,656.0,587.8920180690341,421.4667041303737,408.4984978494391,1.0
41207,佐賀県,鹿島市,25894,776.2,1.9092953523238383,3,1,1,1,0,3.861898509307175,3.861898509307175,3.861898509307175,,,0.0234127511520492,1.4740916751303483,0.65,-0.0347613037585866,-0.0117789717403078,0.0017953912731309,0.0560928433268859,0.9116593360004368,1.0,-0.9464206397590234,221.0,80.0,0.0,301.0,853.4795705568858,308.95188074457405,0.0,1.0
41208,佐賀県,小城市,42690,431.0,0.4271523178807948,1,2,1,2,0,4.684937924572499,2.3424689622862496,4.684937924572499,1.8702646471468876,0.4239948101746169,0.8032269789130932,0.7717123567329314,1.0,0.0649907418171742,0.0908653000827203,0.105632764119968,0.1647026202689587,-0.1088686481293677,1.0,0.173859389946542,128.0,160.0,0.0,288.0,299.83602717263994,374.7950339658,0.0,1.0
41209,佐賀県,嬉野市,24225,1543.9,4.13948069241012,4,0,1,3,1,0.0,4.12796697626419,12.38390092879257,0.0,,2.0,2.7879298190647765,0.85,-0.0268403726916944,-0.0058544462152742,0.01179059565039,0.0823707631130468,1.7091122094978912,1.0,-1.7359525821895856,540.0,162.0,532.0,1238.0,2229.1021671826625,668.7306501547988,2196.078431372549,1.0
41210,佐賀県,神埼市,29979,0.0,-1.0,1,0,0,2,0,0.0,0.0,6.671336602288268,0.0,0.0,1.031523875022862,-0.3452714187465707,1.0,-0.0009748925267674,0.0191343518491991,0.028369840346825,0.0653117943373284,-0.2594345850386028,1.0,0.2584596925118353,40.0,159.0,0.0,199.0,133.4267320457654,530.3712598819174,0.0,1.0
41327,佐賀県,吉野ヶ里町,16133,0.0,-1.0,0,0,0,1,1,0.0,0.0,6.198475175106924,0.0,0.0,0.8666493007871077,-0.3700026048819338,1.0,0.0594529440039784,0.0808386690124555,0.0892449262413545,0.1228699551569507,0.4581143876926667,1.0,-0.3986614436886883,100.0,0.0,446.0,546.0,619.8475175106923,0.0,2764.519928097688,1.0
41341,佐賀県,基山町,16866,0.0,-1.0,0,0,0,1,0,0.0,0.0,5.929088106249258,0.0,0.0,0.3880780376831831,-0.4417882943475225,1.0,0.0614011000469526,0.0758267107245888,0.1028441606787671,0.2109139604954804,-0.402559254226723,1.0,0.4639603542736756,0.0,160.0,0.0,160.0,0.0,948.6540969998814,0.0,1.0
41345,佐賀県,上峰町,9254,432.2,,1,0,0,1,0,0.0,0.0,10.80613788631943,0.0,0.0,,0.0,0.35,0.119221174697064,0.1608369037355057,0.166063290693787,0.1869688385269121,0.7077221928512083,0.7,-0.5885010181541442,40.0,16.0,0.0,56.0,432.24551545277717,172.89820618111088,0.0,1.0
41346,佐賀県,みやき町,25652,428.8,1.0876338851022394,2,1,1,1,1,3.89833151411196,3.89833151411196,3.89833151411196,,,0.1299901847221622,0.8666391850145293,0.65,-0.0474100466635828,-0.0392902646140491,-0.0338194795957486,-0.0119363395225464,0.8688408554239858,1.0,-0.9162509020875688,325.0,26.0,414.0,789.0,1266.957742086387,101.35661936691096,1613.9092468423516,1.0
41387,佐賀県,玄海町,5208,0.0,,0,0,0,0,0,0.0,0.0,0.0,0.0,0.0,0.0,0.0,0.5,0.0289219859688091,0.0663531928519964,0.0850497673963512,0.1598360655737705,0.3192567217086239,0.55,-0.2903347357398148,,,,,,,,0.0
41401,佐賀県,有田町,17905,1128.2,4.387774594078319,1,0,0,0,0,0.0,0.0,0.0,0.0,0.0,-0.8,2.0738872970391595,1.0,-0.0549740346256432,-0.0331435096498168,-0.0213905053352771,0.0256215119228817,1.0772606451552929,1.0,-1.1322346797809362,202.0,0.0,0.0,206.0,1128.1764870148004,0.0,0.0,1.0
41423,佐賀県,大町町,5810,0.0,,0,0,0,1,0,0.0,0.0,17.211703958691913,0.0,0.0,,0.0,0.35,-0.114321873084091,-0.1002945152406605,-0.0872895541012421,-0.0352697095435684,0.8681177653858339,1.0,-0.9824396384699248,0.0,115.0,0.0,115.0,0.0,1979.34595524957,0.0,1.0
41424,佐賀県,江北町,9451,0.0,,0,0,0,2,0,0.0,0.0,21.16178182202941,0.0,0.0,,0.0,0.35,0.0682334258418182,0.0835441212696543,0.0981260401708734,0.1564537157757497,0.8840911448948781,0.55,-0.8158577190530598,0.0,90.0,0.0,90.0,0.0,952.2801819913237,0.0,1.0
41425,佐賀県,白石町,20356,530.6,0.7663115845539283,1,0,1,1,0,0.0,4.912556494399686,4.912556494399686,0.0,,0.0128201616979992,0.4530339018019577,0.85,-0.0465896166097655,-0.0208137112179623,-0.0036016416201098,0.0652466367713004,0.6266618702516301,1.0,-0.6732514868613957,108.0,194.0,248.0,550.0,530.556101395166,953.0359599135389,1218.314010611122,1.0
41441,佐賀県,太良町,7337,817.8,,1,0,0,0,0,0.0,0.0,0.0,0.0,0.0,0.0,0.0,0.5,-0.1139913061528563,-0.0865691594620979,-0.0746607329750837,-0.0270270270270269,0.4476098409597684,1.0,-0.5616011471126248,60.0,0.0,0.0,60.0,817.7729317159602,0.0,0.0,1.0
42201,長崎県,長崎市,381884,724.6,0.2678915135608049,19,13,7,18,2,3.4041750898178504,1.8330173560557652,4.713473201286254,2.0,0.4807465304136835,0.7483535347282309,0.7183107665516896,1.0,-0.0141174192435982,0.010627055720599,0.0197987974854635,0.0564857645449214,0.5086756118245409,1.0,-0.5227930310681392,4059.0,1757.0,3438.0,9115.0,1062.8882068900505,460.0873563699971,900.2733814456745,1.0
42202,長崎県,佐世保市,226237,744.4,0.3203263568641363,9,8,1,9,0,3.5361147822858325,0.442014347785729,3.9781291300715615,2.0,-0.6482738602917293,0.4714136223595051,0.5336341427422345,1.0,-0.0574798964877049,-0.0394159061412964,-0.0328865155267555,-0.006768953068592,0.2948257601386372,1.0,-0.3523056566263421,1925.0,991.0,1072.0,4014.0,850.8776194875285,438.03621865565754,473.8393808263016,1.0
42203,長崎県,島原市,40805,580.8,0.385826771653543,2,3,2,4,0,7.352040191153045,4.901360127435363,9.802720254870726,2.0,1.3177820972812606,1.3185216134708906,0.9883589424395942,1.0,-0.0463984664106793,-0.0219120754870423,-0.0102858441352168,0.0362190812720848,0.9199686372654556,1.0,-0.9663671036761352,324.0,294.0,335.0,957.0,794.0203406445289,720.4999387329984,820.9778213454234,1.0
42204,長崎県,諫早市,128614,447.1,-0.0434317501069746,7,4,3,7,0,3.110081328626744,2.332560996470057,5.442642325096801,1.6494226337236468,1.047946073824654,0.8493203331956982,0.5927586127442949,1.0,0.0470832184147715,0.0832431181670043,0.0949041872049982,0.1415484633569739,0.5679940936349828,1.0,-0.5209108752202112,1263.0,589.0,1122.0,3002.0,982.0081795138942,457.95947564028796,872.3778126798017,1.0
42205,長崎県,大村市,95852,792.9,1.1867071152785438,3,1,3,3,3,1.043275049033927,3.129825147101782,3.129825147101782,-0.028767354397718,1.7981821129628344,0.2970166588009966,0.901879902524303,1.0,0.155308514977059,0.197108817779265,0.2057806478522794,0.2404679681443371,0.9075281638367936,1.0,-0.7522196488597346,1022.0,136.0,470.0,1632.0,1066.2271001126737,141.8854066686141,490.3392730459458,1.0
42207,長崎県,平戸市,26755,926.9,1.2459413617639932,5,0,1,4,0,0.0,3.7376191366099794,14.950476546439916,-0.8,,2.0,0.8976125657435253,0.85,-0.1488593232783498,-0.1303885898123038,-0.1169590931937165,-0.0632411067193675,0.5907139174370145,1.0,-0.7395732407153643,248.0,258.0,120.0,626.0,926.9295458792749,964.3057372453746,448.5142963931975,1.0
42208,長崎県,松浦市,19091,246.2,-0.1232193732193732,1,1,0,2,0,5.238070294903357,0.0,10.476140589806716,,0.0,1.069192168184299,0.1234614232724477,0.8,-0.1131604949067921,-0.0975739816649745,-0.0787545956240519,-0.0034770514603615,0.2512091960130952,1.0,-0.3643696909198873,85.0,131.0,0.0,198.0,445.2359750667854,686.1872086323399,0.0,1.0
42209,長崎県,対馬市,25313,537.3,0.4006777893639206,2,1,0,0,1,3.950539248607435,0.0,0.0,0.1635444248868565,0.0,-0.8,0.1130477796593316,1.0,-0.1591591114608167,-0.1446296126728321,-0.1279736287885724,-0.0613496932515337,0.34154391380275,1.0,-0.5007030252635668,282.0,0.0,45.0,335.0,1114.0520681072967,0.0,177.77426618733458,1.0
42210,長崎県,壱岐市,22451,596.9,0.556047966631908,3,2,0,3,1,8.908289163066232,0.0,13.36243374459935,1.6483679219520422,0.0,1.6762892364817268,0.8591409531786215,1.0,-0.14980604941717,-0.1337613568467152,-0.123830157230324,-0.0841053587647593,0.7139106232522444,1.0,-0.8637166726694144,217.0,111.0,50.0,388.0,966.5493741926863,494.41004855017593,222.70722907665584,1.0
42211,長崎県,五島市,31415,604.8,0.4573493975903613,3,2,0,1,1,6.366385484641095,0.0,3.1831927423205477,0.9172414670380016,0.0,-0.3109511392487125,0.3654803213154741,1.0,-0.086198612590598,-0.0638360223306662,-0.0446414497162888,0.0321368407412205,0.3701892051863512,1.0,-0.4563878177769492,340.0,45.0,60.0,459.0,1082.2855323889862,143.24367340442464,190.99156453923285,1.0
42212,長崎県,西海市,23248,0.0,-1.0,0,1,0,1,1,4.301445285615967,0.0,4.301445285615967,0.3051870312582823,0.0,-0.15040115960929,-0.461522767689737,1.0,-0.1428342151201787,-0.1256975042009954,-0.1111344179562484,-0.0528820729772606,-0.4491283116838398,1.0,0.306294096563661,0.0,110.0,224.0,334.0,0.0,473.15898141775637,963.5237439779766,1.0
42213,長崎県,雲仙市,38135,616.2,0.4702934860415175,2,2,1,0,1,5.244526025960404,2.622263012980202,0.0,1.1528902858906331,0.3194429290241654,-0.8,0.3936412395525102,1.0,-0.0239147762993787,0.0034406023198024,0.0230405527656043,0.101440354548812,0.3170234535677809,1.0,-0.3409382298671597,265.0,129.0,204.0,598.0,694.8996984397535,338.27192867444603,534.9416546479612,1.0
42214,長崎県,南島原市,37903,316.6,-0.2562837679116748,1,1,0,3,1,2.638313589953302,0.0,7.914940769859905,-0.1294773882208709,0.0,0.7181950784005071,-0.0463080998399355,1.0,-0.1026541353495614,-0.0771738757237716,-0.0607425263030908,0.0049828713796324,-0.0640207364538452,1.0,-0.0386333988957162,163.0,230.0,30.0,423.0,430.0451151623882,606.8121256892595,79.14940769859905,1.0
42307,長崎県,長与町,39161,199.2,-0.3440895620678301,2,0,1,2,0,0.0,2.5535609407318502,5.1071218814637005,0.0,,0.9657250767293976,-0.031983552381771,0.85,0.0833132626625352,0.1347852093021673,0.1453358033610985,0.1875381795968234,0.2982690415964531,1.0,-0.2149557789339178,153.0,195.0,0.0,348.0,390.69482393197313,497.94438344271083,0.0,1.0
42308,長崎県,時津町,28580,671.8,2.248549323017408,2,1,2,2,0,3.4989503149055285,6.997900629811057,6.997900629811057,,,1.247070984392196,2.0174389371808203,0.65,0.057643592808369,0.0998628595178077,0.1059716580639249,0.1304068522483941,1.4753915442563386,1.0,-1.4177479514479696,192.0,348.0,0.0,540.0,671.7984604618614,1217.6347095871238,0.0,1.0
42321,長崎県,東彼杵町,7108,0.0,,0,0,0,1,1,0.0,0.0,14.068655036578503,0.0,0.0,,0.0,0.35,-0.0684188185328438,-0.0418061610438533,-0.0239100451141524,0.0476744186046511,-0.0819653224242964,1.0,0.0135465038914526,0.0,85.0,101.0,186.0,0.0,1195.8356781091727,1420.9341586944288,1.0
42322,長崎県,川棚町,12490,480.4,,1,1,0,1,0,8.00640512409928,0.0,8.00640512409928,,0.0,,0.0,0.15,-0.0370644345706955,-0.0077238747964094,0.0031361867870762,0.046576433121019,1.2589378198504362,1.0,-1.2960022544211318,240.0,0.0,0.0,240.0,1921.537229783827,0.0,0.0,1.0
42323,長崎県,波佐見町,13696,0.0,,0,0,0,1,0,0.0,0.0,7.301401869158878,0.0,0.0,,0.0,0.35,0.0004889780124126,0.0221927907792171,0.0373019520561065,0.0977385971636641,0.5845248566535043,1.0,-0.5840358786410916,48.0,214.0,108.0,262.0,350.46728971962614,1562.5,788.5514018691588,1.0
42383,長崎県,小値賀町,1993,0.0,,0,0,0,0,0,0.0,0.0,0.0,0.0,0.0,0.0,0.0,0.5,-0.2491420391897565,-0.2492760566379218,-0.2294538486106675,-0.1501650165016501,-0.0451699896110473,0.55,-0.2039720495787091,,,,,,,,0.0
42391,長崎県,佐々町,13925,0.0,,0,0,0,0,0,0.0,0.0,0.0,0.0,0.0,-0.8,-0.24,0.5,0.0386329120654493,0.0660104255637118,0.076840383174601,0.1201602136181576,-0.1191243641321618,1.0,0.1577572761976111,0.0,0.0,147.0,147.0,0.0,0.0,1055.6552962298024,1.0
42411,長崎県,新上五島町,15504,851.4,1.518189884649512,1,1,0,0,0,6.449948400412796,0.0,0.0,,0.0,-0.8,0.7988686779059448,0.8,-0.1469825578978441,-0.1168113386681133,-0.1002983860029838,-0.0342465753424657,0.4975434734194413,1.0,-0.6445260313172855,132.0,50.0,0.0,186.0,851.3931888544892,322.4974200206398,0.0,1.0
43101,熊本県,熊本市中央区,187189,1514.5,2.7909887359199,25,11,5,13,2,5.876413678154165,2.671097126433712,6.94485252872765,2.0,1.6237492272141538,2.0,2.339056752042073,1.0,0.1346876781819787,0.176443576760465,0.1785239043386596,0.1868452146514376,1.770922688998703,1.0,-1.6362350108167243,3759.0,581.0,706.0,5061.0,2008.1308196528644,310.38148609159725,377.15891425244,1.0
43102,熊本県,熊本市東区,187831,568.6,0.3681424446583252,5,3,3,7,0,1.597180444122642,1.597180444122642,3.7267543696194982,0.6798169612882603,0.4298310524777085,0.6749841620773782,0.4857568967700776,1.0,0.1684996974005512,0.2100745256620064,0.2230077479668798,0.2747406371863734,0.5281108891026,1.0,-0.3596111917020487,1806.0,373.0,737.0,2868.0,961.5026273618306,198.58276855258183,392.37399577279575,1.0
43103,熊本県,熊本市西区,89445,80.5,-0.7852187833511206,3,1,2,3,0,1.1180054782268434,2.2360109564536867,3.354016434680529,-0.1512975787394643,0.8701307295848344,0.2826548748208362,-0.2499510667626026,1.0,0.0250033947542965,0.0461493821109595,0.0490490797739505,0.0606478704259147,-0.2942674524119245,1.0,0.319270847166221,291.0,331.0,419.0,1041.0,325.33959416401143,370.05981329308514,468.44429537704735,1.0
43104,熊本県,熊本市南区,132524,844.4,1.1909704203425011,8,6,6,7,1,4.527481814614711,4.527481814614711,5.282062117050496,2.0,2.0,1.5137893178166202,1.5225536078437436,1.0,0.1334285217968183,0.159039859735378,0.165823557219189,0.1929583471544329,1.1407408974983777,1.0,-1.0073123757015592,1700.0,1012.0,461.0,3183.0,1282.786514140835,763.6352660650147,347.86151942289695,1.0
43105,熊本県,熊本市北区,135395,264.4,-0.393160431489557,5,4,5,7,2,2.954318844861332,3.6928985560766647,5.170057978507331,1.6007926898673923,2.0,0.9302821418594356,0.5631206435076153,1.0,0.0370940838854806,0.0704116364878334,0.0751743431598559,0.0942251698479457,0.1025710805219623,1.0,-0.0654769966364817,1100.0,407.0,926.0,2433.0,812.4376823368663,300.6019424646405,683.9248125853983,1.0
43202,熊本県,八代市,117245,641.4,0.2266207687894434,3,2,2,5,1,1.7058296729071605,1.7058296729071605,4.264574182267901,0.327036899674731,0.4108219665290864,0.3515054924330771,0.2930668831739925,1.0,-0.0550389618296655,-0.0393341038783426,-0.031596984788796,-0.0006485084306095,0.3415290022595031,1.0,-0.3965679640891686,947.0,377.0,775.0,2103.0,807.7103501215403,321.54889334299975,661.0089982515245,1.0
43203,熊本県,人吉市,28976,1104.4,2.139283683911313,3,2,1,5,0,6.902263942573165,3.4511319712865824,17.25565985643291,1.1656594997981582,,2.0,1.885616166959163,0.85,-0.069206828971795,-0.0500662737681157,-0.0380480793079692,0.0100246985326166,1.7254597785435273,1.0,-1.7946666075153224,377.0,195.0,393.0,969.0,1301.0767531750414,672.9707344008835,1356.2948647156268,1.0
43204,熊本県,荒尾市,47435,489.1,0.0322921063739976,1,0,1,2,0,0.0,2.1081479919890374,4.216295983978075,-0.8,-0.0021768458018464,-0.0093325490542494,-0.1455803560414156,1.0,-0.0923344627347913,-0.0869089296106977,-0.0784397650477815,-0.0445631067961165,0.2365377872364902,1.0,-0.3288722499712816,320.0,289.0,547.0,1160.0,674.6073574364921,609.2547696848319,1153.1569516180036,1.0
43205,熊本県,水俣市,21298,1183.2,2.126849894291755,1,3,1,3,0,14.085829655366702,4.695276551788901,14.085829655366702,2.0,,1.5622023784479633,1.9973591810742024,0.85,-0.1549695966832446,-0.1412794310682971,-0.1317089085706762,-0.0934268185801928,1.656074687486032,1.0,-1.8110442841692769,529.0,121.0,380.0,1034.0,2483.801295896328,568.128462766457,1784.205089679782,1.0
43206,熊本県,玉名市,61365,508.4,0.0394602330811693,1,1,2,1,0,1.6295934164425976,3.259186832885195,1.6295934164425976,-0.0742480072840569,0.9618037957574062,-0.5628625505122606,0.064721701870545,1.0,-0.0486522359545475,-0.0361648549683022,-0.0246230868471732,0.0215439856373429,0.0970558953916479,1.0,-0.1457081313461954,402.0,139.0,351.0,892.0,655.0965534099242,226.51348488552108,571.9872891713517,1.0
43208,熊本県,山鹿市,45199,641.6,0.4729109274563821,4,1,3,4,0,2.212438328281599,6.637314984844798,8.849753313126396,-0.0936469124652008,2.0,1.0931276010017852,0.6816952213854186,1.0,-0.0897160528601662,-0.0761851341015575,-0.063841550664349,-0.0144672169155151,0.4453540747342013,1.0,-0.5350701275943676,375.0,207.0,235.0,821.0,829.6643731055997,457.9747339542911,519.9230071461758,1.0
43210,熊本県,菊池市,44156,224.2,-0.5120783460282916,3,1,0,3,0,2.264697889301567,0.0,6.7940936679047015,0.0863394559242598,-0.8,0.7282185021735108,-0.2495385065032672,1.0,-0.0245496938147072,-0.0124663543521305,0.00384751452494,0.0691029900332225,-0.2504497764059364,1.0,0.2259000825912292,241.0,72.0,183.0,500.0,545.7921913216777,163.05824802971284,414.4397137421868,1.0
43211,熊本県,宇土市,34948,0.0,-1.0,0,0,0,0,0,0.0,0.0,0.0,0.0,0.0,-0.8,-0.62,1.0,0.0405958220454794,0.0693699112416778,0.0777386608807441,0.1112136594370096,-0.6258792530097486,1.0,0.6664750750552281,0.0,0.0,272.0,272.0,0.0,0.0,778.2991873640838,1.0
43212,熊本県,上天草市,22087,416.5,0.1006871035940804,1,1,0,1,0,4.52755014261783,0.0,4.52755014261783,0.2996725334918753,0.0,-0.2152648203730069,0.0779883354394642,1.0,-0.1370593577862865,-0.1167337493970092,-0.100678666184274,-0.0364583333333333,-0.0436971174373061,1.0,-0.0933622403489804,125.0,40.0,0.0,165.0,565.9437678272287,181.10200570471318,0.0,1.0
43213,熊本県,宇城市,54396,382.4,-0.2118713932399011,3,2,2,4,1,3.676740936833591,3.676740936833591,7.353481873667182,0.8500241230361256,0.8966645757022322,0.7801177418117713,0.3155864756143751,1.0,-0.0262630581538165,-0.0099699312754028,0.0025871353101999,0.052815401652611,0.1458736609450033,1.0,-0.1721367190988198,629.0,133.0,325.0,1097.0,1156.3350246341643,244.50327229943377,597.4704022354586,1.0
43214,熊本県,阿蘇市,23124,579.5,0.6421082459620291,1,1,0,2,0,4.324511330219686,0.0,8.649022660439371,0.2964947504955419,0.0,0.6365953353255931,0.4758423733789619,1.0,-0.1030042663909509,-0.0915494520227196,-0.0787523162834727,-0.0275637733264851,0.422229784927726,1.0,-0.5252340513186771,200.0,277.0,270.0,751.0,864.9022660439371,1197.8896384708528,1167.6180591593152,1.0
43215,熊本県,天草市,68549,498.9,0.1176075268817204,6,2,0,7,0,2.9176209718595456,0.0,10.21167340150841,0.3715897906430219,-0.8,1.21677552503222,0.1956380503242976,1.0,-0.1150027325691487,-0.0953344563625269,-0.0804904323144254,-0.0211143361220191,0.6344512072633846,1.0,-0.7494539398325333,591.0,742.0,557.0,1916.0,862.1569971844958,1082.4373805598914,812.5574406628834,1.0
43216,熊本県,合志市,63212,325.9,0.0323091542603737,3,2,0,3,1,3.1639562108460417,0.0,4.745934316269063,1.6756458347022978,-0.8,1.118904880645618,0.3991194761674891,1.0,0.1325693873169765,0.1567228441987344,0.1628825064319876,0.1875211553650004,0.3191779313458884,1.0,-0.1866085440289119,917.0,65.0,306.0,1292.0,1450.6739226729103,102.82857685249635,484.08530025944435,1.0
43348,熊本県,美里町,8364,0.0,,0,0,0,2,0,0.0,0.0,23.91200382592061,0.0,0.0,,0.0,0.35,-0.143487795611692,-0.1308159312393661,-0.1113774285357967,-0.033623417721519,0.1706904694881075,1.0,-0.3141782650997995,86.0,52.0,0.0,138.0,1028.2161645145864,621.712099473936,0.0,1.0
43364,熊本県,玉東町,4793,0.0,,0,0,0,0,0,0.0,0.0,0.0,0.0,0.0,0.0,0.0,0.5,-0.0844270322904015,-0.0734730569978044,-0.0629021569384497,-0.0206185567010309,-0.0696777264909879,0.55,-0.0147493057994136,,,,,,,,0.0
43367,熊本県,南関町,8299,0.0,,0,0,0,0,0,0.0,0.0,0.0,0.0,0.0,0.0,0.0,0.5,-0.1166708236101486,-0.1041402600625781,-0.0903606661998422,-0.0352422907488987,-0.5251250032775129,1.0,0.4084541796673642,,,,,,,,0.0
43368,熊本県,長洲町,14572,0.0,,0,0,1,1,0,0.0,6.862475981334065,6.862475981334065,0.0,,1.8332418336535816,0.7856750715658207,0.35,-0.0906946219176088,-0.0889659166883098,-0.0712382856285895,-0.0003277613897082,-0.2109172831264134,1.0,0.1202226612088046,0.0,89.0,0.0,89.0,0.0,610.7603623387319,0.0,1.0
43369,熊本県,和水町,8535,0.0,,1,0,0,1,0,0.0,0.0,11.716461628588169,0.0,0.0,,0.0,0.35,-0.1130706668226738,-0.0987771820003571,-0.081906360984901,-0.0144230769230768,0.1912521714190641,1.0,-0.3043228382417379,49.0,42.0,0.0,91.0,574.1066198008201,492.09138840070295,0.0,1.0
43403,熊本県,大津町,36213,55.2,-0.6768149882903982,1,0,0,1,0,0.0,0.0,2.7614392621434294,0.0,0.0,0.1207209988508177,-0.3202993443175764,1.0,0.2451066909086135,0.2832079799460839,0.2956123688573476,0.3452299245024022,-0.5739618805872063,1.0,0.8190685714958198,20.0,40.0,0.0,60.0,55.22878524286858,110.45757048573716,0.0,1.0
43404,熊本県,菊陽町,45200,411.5,0.3968092328581125,4,1,1,2,1,2.2123893805309733,2.2123893805309733,4.424778761061947,,2.0,0.9112195255852188,0.7938594315835488,0.8,0.2422715317042208,0.2890200172197112,0.2914649156791364,0.3012445095168374,1.140371809167767,1.0,-0.8981002774635463,573.0,148.0,308.0,1029.0,1267.6991150442477,327.43362831858406,681.4159292035399,1.0
43423,熊本県,南小国町,3503,0.0,,0,0,0,0,0,0.0,0.0,0.0,0.0,0.0,0.0,0.0,0.5,-0.107313256259545,-0.1095662289770262,-0.0922296422205226,-0.022883295194508,-0.0576932032685528,0.55,-0.0496200529909921,,,,,,,,0.0
43424,熊本県,小国町,6007,1215.2,,1,0,0,0,0,0.0,0.0,0.0,0.0,0.0,0.0,0.0,0.5,-0.1467312837407397,-0.1374195939759174,-0.1231747497308625,-0.0661953727506426,0.9336746514227898,1.0,-1.0804059351635296,65.0,0.0,0.0,65.0,1082.070917263193,0.0,0.0,1.0
43425,熊本県,産山村,1237,0.0,,0,0,0,0,0,0.0,0.0,0.0,0.0,0.0,0.0,0.0,0.5,-0.1327054720877317,-0.1132590414838193,-0.1037808858816662,-0.0658682634730538,0.0265491202103621,0.55,-0.1592545922980939,,,,,,,,0.0
43428,熊本県,高森町,5333,0.0,,0,0,0,0,0,0.0,0.0,0.0,0.0,0.0,0.0,0.0,0.5,-0.1047956335775098,-0.0924867412590213,-0.0725898128812548,0.006997900629811,-0.3567614674412673,0.55,0.2519658338637575,,,,,,,,0.0
43432,熊本県,西原村,6415,0.0,,0,0,0,0,0,0.0,0.0,0.0,0.0,0.0,0.0,0.0,0.5,0.2017588402941645,0.2309084659561724,0.2529600190660693,0.3411662315056571,-0.3417296697479729,0.55,0.5434885100421375,,,,,,,,0.0
43433,熊本県,南阿蘇村,9315,0.0,,0,1,0,0,0,10.735373054213634,0.0,0.0,,0.0,0.0,0.0,0.3,-0.0252086874402269,-0.0160017533617413,-0.0002394192183186,0.062809917355372,-0.0057525593597388,1.0,-0.0194561280804881,56.0,32.0,0.0,88.0,601.1808910359636,343.5319377348363,0.0,1.0
43441,熊本県,御船町,16424,0.0,-1.0,0,0,0,0,0,0.0,0.0,0.0,0.0,0.0,-0.8,-0.62,1.0,-0.0052859614933008,-0.0011748910803934,0.0158136925361147,0.0837680270021479,-0.4046725961177756,1.0,0.3993866346244747,0.0,0.0,162.0,162.0,0.0,0.0,986.3614223088164,1.0
43442,熊本県,嘉島町,9636,622.7,,1,0,1,1,0,0.0,10.3777501037775,10.3777501037775,0.0,,,0.0,0.2,0.1023759853154264,0.1214414497005255,0.1256680112455689,0.1425742574257424,1.1872231967742597,1.0,-1.084847211458833,110.0,57.0,0.0,167.0,1141.552511415525,591.5317559153176,0.0,1.0
43443,熊本県,益城町,32802,0.0,-1.0,0,0,0,2,1,0.0,0.0,6.097189195780745,0.0,0.0,0.9267098100686976,-0.3609935284896953,1.0,0.0856392770716529,0.0962163306244332,0.1112236199601515,0.171252777303025,-0.3269858655799055,1.0,0.4126251426515585,0.0,194.0,198.0,392.0,0.0,591.4273519907322,603.6217303822938,1.0
43444,熊本県,甲佐町,9612,405.7,,0,1,0,1,0,10.403662089055349,0.0,10.403662089055349,,0.0,,0.0,0.15,-0.0992717230645211,-0.0939475580309078,-0.0831881593481892,-0.0401505646173149,0.6921664533352951,1.0,-0.7914381763998163,39.0,71.0,0.0,110.0,405.7428214731586,738.6600083229297,0.0,1.0
43447,熊本県,山都町,11830,481.8,,2,0,0,2,0,0.0,0.0,16.9061707523246,0.0,0.0,,0.0,0.35,-0.2123186494616658,-0.2029497804818741,-0.1827818092773983,-0.1021099244594946,0.7808332577264689,1.0,-0.9931519071881348,117.0,61.0,0.0,178.0,989.010989010989,515.6382079459003,0.0,1.0
43468,熊本県,氷川町,10244,575.9,,1,0,0,1,0,0.0,0.0,9.761811792268643,0.0,0.0,,0.0,0.35,-0.0625184581198919,-0.0426949169206568,-0.0293940287746206,0.0238095238095237,0.4927993945165838,1.0,-0.5553178526364757,59.0,30.0,0.0,89.0,575.9468957438501,292.85435376805935,0.0,1.0
43482,熊本県,芦北町,13551,0.0,-1.0,0,0,0,3,0,0.0,0.0,22.13858755811379,0.0,0.0,2.0,-0.2,1.0,-0.1854337362745059,-0.1726570433076262,-0.1562650490021517,-0.0906970717802539,0.0543408741144447,1.0,-0.2397746103889506,205.0,84.0,0.0,289.0,1512.8034831377759,619.8804516271862,0.0,1.0
43484,熊本県,津奈木町,3879,0.0,,0,0,0,0,0,0.0,0.0,0.0,0.0,0.0,0.0,0.0,0.5,-0.1198107787902141,-0.0978281977400239,-0.0839497619834883,-0.0284360189573459,-0.2869290403711494,0.55,0.1671182615809352,,,,,,,,0.0
43501,熊本県,錦町,9744,0.0,,0,0,0,0,0,0.0,0.0,0.0,0.0,0.0,0.0,0.0,0.5,0.0148216066532294,0.0366979613330324,0.0569518393139246,0.1379673512374934,-0.3810757818285572,0.55,0.3958973884817867,,,,,,,,0.0
43505,熊本県,多良木町,8238,1201.7,,1,1,0,1,0,12.138868657441126,0.0,12.138868657441126,,0.0,,0.0,0.15,-0.1445007213490794,-0.128411726580486,-0.11689343325901,-0.0708202599731062,0.9265329115633976,1.0,-1.071033632912477,178.0,0.0,0.0,178.0,2160.7186210245204,0.0,0.0,1.0
43506,熊本県,湯前町,3278,0.0,,0,0,0,0,0,0.0,0.0,0.0,0.0,0.0,0.0,0.0,0.5,-0.12319134935049,-0.0999630832692974,-0.0866861014527936,-0.0335781741867785,-0.0628858071620947,0.55,-0.0603055421883953,,,,,,,,0.0
43507,熊本県,水上村,1831,0.0,,0,0,0,0,0,0.0,0.0,0.0,0.0,0.0,0.0,0.0,0.5,-0.175823869402188,-0.165935355724088,-0.154286746117732,-0.1076923076923076,0.1622285542051193,0.55,-0.3380524236073073,,,,,,,,0.0
43510,熊本県,相良村,3630,0.0,,0,0,0,0,0,0.0,0.0,0.0,0.0,0.0,0.0,0.0,0.5,-0.1334828769547016,-0.1115385065645834,-0.0950192284053593,-0.028942115768463,0.044276775451413,0.55,-0.1777596524061146,,,,,,,,0.0
43511,熊本県,五木村,817,0.0,,0,0,0,0,0,0.0,0.0,0.0,0.0,0.0,0.0,0.0,0.5,-0.2469403672412896,-0.2506473953628425,-0.2395423065341764,-0.1951219512195121,0.0953592496802888,0.55,-0.3422996169215785,,,,,,,,0.0
43512,熊本県,山江村,2935,0.0,,0,0,0,0,0,0.0,0.0,0.0,0.0,0.0,0.0,0.0,0.5,-0.0877451153450323,-0.0698703642023713,-0.0484312835858473,0.0373250388802488,-0.1454545454545454,0.55,0.0577094301095131,,,,,,,,0.0
43513,熊本県,球磨村,1441,0.0,,0,0,0,0,0,0.0,0.0,0.0,0.0,0.0,0.0,0.0,0.5,-0.1494941890823996,-0.1369462098701066,-0.1056828758864,0.0193704600484261,0.0040368292247008,0.55,-0.1535310183071004,,,,,,,,0.0
43514,熊本県,あさぎり町,13566,0.0,,0,0,0,1,0,0.0,0.0,7.371369600471768,0.0,0.0,0.3408468783769405,0.1022540635130821,0.5,-0.0814866657328798,-0.0639110262318338,-0.0508809895108698,0.0012391573729864,-0.448598611910017,1.0,0.3671119461771371,0.0,54.0,0.0,54.0,0.0,398.05395842547546,0.0,1.0
43531,熊本県,苓北町,6431,653.1,,2,0,1,2,0,0.0,15.549681231534754,31.099362463069507,0.0,,,0.0,0.2,-0.1369806891855471,-0.1181282805648287,-0.104316499240357,-0.0490693739424703,1.471302436366737,1.0,-1.6082831255522845,192.0,138.0,0.0,330.0,2985.5387964546726,2145.8560099517963,0.0,1.0
44201,大分県,大分市,471405,638.5,0.3017329255861365,29,12,11,12,1,2.545581824545773,2.333450005833625,2.545581824545773,1.3669376369184434,1.0477660369051374,0.1260329697735112,0.6003238411785542,1.0,0.0882067638132163,0.1189143529526272,0.1240887848158078,0.1447865122685303,0.3747392742939024,1.0,-0.286532510480686,4333.0,400.0,2731.0,7476.0,919.1671704797361,84.85272748485909,579.3319969028755,1.0
44202,大分県,別府市,110673,1115.9,1.1850401409829647,12,6,2,7,1,5.421376487490173,1.807125495830058,6.3249392354052025,2.0,0.4368648093771199,0.936242758131446,1.1984862056177672,1.0,-0.0898783972910895,-0.0729546867430306,-0.0747529629862662,-0.0819460679592083,1.107649518547814,1.0,-1.1975279158389034,2209.0,534.0,708.0,3465.0,1995.9701101442988,482.50250738662544,639.7224255238405,1.0
44203,大分県,中津市,81159,589.0,0.6771070615034169,7,6,1,6,0,7.392895427494178,1.2321492379156964,7.392895427494178,2.0,0.0172045280471384,1.7580831558957293,1.0048466833431386,1.0,-0.0077100925325491,0.0058916417327312,0.0096315695169752,0.0245912806539509,0.8671701128211917,1.0,-0.8748802053537409,952.0,227.0,136.0,1315.0,1173.006074495743,279.69787700686305,167.5722963565347,1.0
44204,大分県,日田市,58000,644.8,0.2984293193717275,8,3,4,7,0,5.172413793103448,6.896551724137932,12.06896551724138,1.6475313481461122,2.0,1.8804763641893063,1.060792383943482,1.0,-0.0819017528329693,-0.0635211629518962,-0.0535232268026589,-0.0135314822057097,0.8234365186375581,1.0,-0.9053382714705274,598.0,258.0,519.0,1379.0,1031.0344827586207,444.82758620689657,894.8275862068965,1.0
44205,大分県,佐伯市,60638,1019.2,1.292397660818713,6,2,3,2,1,3.2982618160229555,4.947392724034434,3.2982618160229555,0.4827157445383641,1.7018116327457404,-0.2840051006891783,0.9554129591255138,1.0,-0.1581497277625033,-0.1417856452331062,-0.1344965662322585,-0.1053402502288678,0.5847226173981745,1.0,-0.7428723451606779,653.0,280.0,180.0,1117.0,1076.8824829314951,461.7566542432138,296.843563442066,1.0
44206,大分県,臼杵市,32750,262.6,-0.3815355628827132,1,2,1,1,1,6.106870229007633,3.0534351145038165,3.0534351145038165,0.8887945870810792,,-0.3313619952632332,-0.0737801921348537,0.85,-0.1706164939805808,-0.156746996643546,-0.1517979543779923,-0.1320017853157777,-0.0632623818608702,1.0,-0.1073541121197105,198.0,83.0,120.0,405.0,604.5801526717557,253.43511450381678,366.412213740458,1.0
44207,大分県,津久見市,14064,369.7,0.3571953010279003,1,1,0,1,0,7.110352673492605,0.0,7.110352673492605,,0.0,0.1062875943903884,0.2431759870906355,0.8,-0.2364666494970235,-0.2229277530705206,-0.2139020294626634,-0.177799135031235,0.644450668002642,1.0,-0.8809173174996654,120.0,0.0,0.0,120.0,853.2423208191127,0.0,0.0,1.0
44208,大分県,竹田市,17960,701.6,,2,1,0,1,0,5.56792873051225,0.0,5.56792873051225,,0.0,-0.1547446557640257,-0.0773723278820128,0.3,-0.2370349361584492,-0.235330492662779,-0.2234996983881098,-0.1761765212894328,0.7857418146813074,1.0,-1.0227767508397567,169.0,72.0,212.0,453.0,940.9799554565702,400.89086859688194,1180.400890868597,1.0
44209,大分県,豊後高田市,21038,732.0,1.5829216654904732,2,1,0,0,0,4.753303545964445,0.0,0.0,,0.0,-0.8,0.8393260409315457,0.8,-0.1072940311043995,-0.1043489799969115,-0.0978852835159883,-0.0720304975922953,0.7283779104541873,1.0,-0.8356719415585868,184.0,0.0,196.0,380.0,874.607852457458,0.0,931.6474950090312,1.0
44210,大分県,杵築市,25198,412.7,0.1294471811713191,2,1,1,0,0,3.9685689340423846,3.9685689340423846,0.0,0.2041823995036333,,-0.8,-0.0169881523689573,0.85,-0.1152252251992539,-0.0983942984474056,-0.0917498662999581,-0.0651721377101681,-0.0661429672680437,1.0,-0.0490822579312101,198.0,0.0,126.0,324.0,785.7766489403921,0.0,500.0396856893404,1.0
44211,大分県,宇佐市,49743,556.9,0.1214256947241239,5,1,2,4,0,2.0103331121966908,4.0206662243933815,8.041332448786763,-0.067443021748015,1.0230768589886634,0.9019213645674704,0.335973976545879,1.0,-0.0926434120438044,-0.0793424096008335,-0.0732265271786948,-0.0487629974901397,0.2009275171414129,1.0,-0.2935709291852173,307.0,213.0,248.0,772.0,617.1722654443842,428.20095289789515,498.56261182477937,1.0
44212,大分県,豊後大野市,30363,836.5,1.1806569343065694,2,2,1,1,0,6.586964397457432,3.293482198728716,3.293482198728716,0.940110481093106,,-0.3288920866464848,0.8576667651469803,0.85,-0.1940400412718004,-0.1865019815120926,-0.179184853475151,-0.1499163413273843,0.4081709240552363,1.0,-0.6022109653270368,326.0,39.0,0.0,369.0,1073.6751967855614,128.4458057504199,0.0,1.0
44213,大分県,由布市,31568,2024.2,6.140035273368607,2,1,1,1,1,3.1677648251393817,3.1677648251393817,3.1677648251393817,0.3567987518932696,,-0.0398509873393083,3.688705575249484,0.85,-0.0522440865826844,-0.0449121492439743,-0.0384059386311752,-0.0123810961799788,1.7660447822411096,1.0,-1.818288868823794,795.0,52.0,30.0,877.0,2518.3730359858087,164.72377090724785,95.03294475418144,1.0
44214,大分県,国東市,23895,518.9,0.3527111574556829,2,1,1,2,0,4.184975936388366,4.184975936388366,8.369951872776731,0.201333636628376,,0.4648848692843017,0.3368882781719552,0.85,-0.1618623308821933,-0.1451704083723756,-0.1393207691166182,-0.1159222120935885,0.2761991143379411,1.0,-0.4380614452201344,199.0,80.0,0.0,283.0,832.8102113412847,334.79807491106925,0.0,1.0
44322,大分県,姫島村,1484,0.0,,0,0,0,0,0,0.0,0.0,0.0,0.0,0.0,0.0,0.0,0.5,-0.2288740660767887,-0.2156327527799816,-0.1910033120505748,-0.0924855491329479,-0.0192762185637831,0.55,-0.2095978475130056,,,,,,,,0.0
44341,大分県,日出町,27098,719.6,1.606302064469395,2,2,1,0,0,7.3806184958299506,3.6903092479149753,0.0,,,-0.8,1.0510015880533807,0.65,0.016535868809927,0.0393371847265413,0.0409654136598776,0.047478329393223,0.5759615121034406,1.0,-0.5594256432935136,195.0,43.0,0.0,238.0,719.6103033434202,158.68329766034395,0.0,1.0
44461,大分県,九重町,7690,0.0,,0,0,0,0,0,0.0,0.0,0.0,0.0,0.0,0.0,0.0,0.5,-0.2056193074646136,-0.1966823898005936,-0.1858400507043161,-0.1424706943192064,-0.6087159794264478,1.0,0.4030966719618342,,,,,,,,0.0
44462,大分県,玖珠町,12814,0.0,,1,1,0,1,0,7.803964413922273,0.0,7.803964413922273,,0.0,0.3607090089066331,0.1803545044533165,0.3,-0.1451908641849419,-0.1262738042713627,-0.1179249445335176,-0.0845295055821371,0.2418219835289852,1.0,-0.3870128477139272,127.0,18.0,0.0,145.0,991.1034805681286,140.47135945060091,0.0,1.0
45201,宮崎県,宮崎市,396765,673.2,0.2725897920604916,21,7,3,17,6,1.764268521668998,0.7561150807152849,4.284652124053281,0.662509165143278,-0.3723705706626133,0.7430736883624656,0.3244021967138792,1.0,0.1058996451582375,0.1391522999040889,0.1463753737489377,0.1752676691283328,0.2660921929551152,1.0,-0.1601925477968777,3382.0,802.0,1377.0,5640.0,852.3937343263646,202.13476491121946,347.0568220483158,1.0
45202,宮崎県,都城市,154967,893.1,0.7522071806945263,20,4,4,7,0,2.581194705969658,2.581194705969658,4.517090735446901,1.2401036417367055,1.0430554585942071,0.6471229041677447,0.8776510731088971,1.0,-0.0128222243074888,-0.0012857701104319,0.0102843055515091,0.0565646081992734,0.6492594569365411,1.0,-0.6620816812440299,1740.0,280.0,1095.0,3132.0,1122.8196970968013,180.68362941787606,706.602050759194,1.0
45203,宮崎県,延岡市,110251,745.6,0.4665617623918177,9,3,3,6,1,2.7210637545237684,2.7210637545237684,5.442127509047537,1.007517170637056,1.075594678663165,0.613650886037346,0.6881711500283967,1.0,-0.0746029223186809,-0.0568662436172637,-0.0478595099687647,-0.0118325753747684,0.2942920935138589,1.0,-0.3688950158325398,888.0,331.0,688.0,1911.0,805.4348713390355,300.22403424912244,624.0306210374508,1.0
45204,宮崎県,日南市,46510,593.4,0.393939393939394,4,1,1,4,0,2.150075252633842,2.150075252633842,8.600301010535368,-0.0772085288660883,0.0931290223683178,1.0526169993915873,0.3533898944604651,1.0,-0.1260455364432299,-0.1142114372800999,-0.1026053040110538,-0.0561807709348692,0.354700820171601,1.0,-0.480746356614831,597.0,155.0,310.0,1066.0,1283.5949258224039,333.26166415824554,666.5233283164911,1.0
45205,宮崎県,小林市,41151,726.6,0.7218009478672986,4,3,2,4,1,7.290223809870962,4.860149206580642,9.720298413161284,2.0,1.3220635034110049,1.166790947768995,1.1342286416106493,1.0,-0.0685226313959685,-0.0581895778035735,-0.0439767361136904,0.012874630645842,0.9639004563168094,1.0,-1.032423087712778,434.0,255.0,381.0,1074.0,1054.6523778279993,619.6690238390319,925.8584238536123,1.0
45206,宮崎県,日向市,55965,302.0,-0.3427638737758433,3,2,1,2,1,3.573662110247476,1.786831055123738,3.573662110247476,1.0156101815003375,0.0195235880955271,-0.0413672978534754,0.0284635429484536,1.0,-0.0018718278044225,0.0212026410729916,0.0312796268820778,0.0715875701184223,-0.0366839854599559,1.0,0.0348121576555333,232.0,127.0,547.0,906.0,414.5448047887072,226.92754400071473,977.3965871526848,1.0
45207,宮崎県,串間市,14835,606.7,0.7944395149364094,1,1,0,1,1,6.740815638692283,0.0,6.740815638692283,,0.0,0.1278768774879315,0.520501611364243,0.8,-0.1952870371909793,-0.1931307304705007,-0.1749580097090767,-0.102267126663381,0.5835834546523968,1.0,-0.7788704918433762,121.0,48.0,364.0,533.0,815.6386922817661,323.5591506572295,2453.6568924839903,1.0
45208,宮崎県,西都市,26518,1052.1,1.981297818078776,3,0,1,2,1,0.0,3.771023455765895,7.54204691153179,-0.8,,0.779051251607616,1.114713643271212,0.85,-0.0887902518474844,-0.0703937482315927,-0.0587555691082536,-0.0122028526148969,0.3687799204008671,1.0,-0.4575701722483516,186.0,146.0,155.0,487.0,701.4103627724564,550.5694245418207,584.5086356437137,1.0
45209,宮崎県,えびの市,15645,0.0,-1.0,1,0,0,0,0,0.0,0.0,0.0,0.0,0.0,-0.8,-0.62,1.0,-0.1675065707091004,-0.1594603575597932,-0.1433935287662812,-0.079126213592233,-0.3870868109121964,1.0,0.219580240203096,84.0,0.0,0.0,84.0,536.9127516778523,0.0,0.0,1.0
45341,宮崎県,三股町,25393,0.0,-1.0,0,0,0,0,0,0.0,0.0,0.0,0.0,0.0,-0.8,-0.62,1.0,0.0947953889923602,0.1139471390159696,0.1309113241007169,0.1987680644397063,-0.5673985508586852,1.0,0.6621939398510454,0.0,0.0,301.0,301.0,0.0,0.0,1185.3660457606427,1.0
45361,宮崎県,高原町,7956,0.0,,1,0,0,0,0,0.0,0.0,0.0,0.0,0.0,0.0,0.0,0.5,-0.0947141009753283,-0.0823453252002598,-0.0619373138283516,0.019694731659281,0.5373301830900503,1.0,-0.6320442840653787,56.0,0.0,0.0,56.0,703.8712921065862,0.0,0.0,1.0
45382,宮崎県,国富町,17235,261.1,0.0605199025182778,0,1,0,1,0,5.802146794313896,0.0,5.802146794313896,,0.0,0.0731716991436477,0.0515446326633576,0.8,-0.0334070982356815,-0.0109057224878237,0.0081831526830577,0.0845386533665835,-0.2694934723961977,1.0,0.2360863741605161,45.0,84.0,0.0,129.0,261.0966057441253,487.3803307223673,0.0,1.0
45383,宮崎県,綾町,6638,0.0,,0,0,0,0,0,0.0,0.0,0.0,0.0,0.0,0.0,0.0,0.5,-0.0564278852189348,-0.0422257238815021,-0.0325741447888478,0.0060321715817694,0.1130720565956205,0.55,-0.1694999418145553,,,,,,,,0.0
45401,宮崎県,高鍋町,18976,316.2,0.6494522691705791,2,0,0,1,0,0.0,0.0,5.269814502529511,0.0,0.0,0.2612702493513994,0.3639166719879994,1.0,-0.0541646469761824,-0.0351562851183572,-0.0288603222123328,-0.0036764705882352,0.38616727680865,1.0,-0.4403319237848325,117.0,113.0,0.0,230.0,616.5682967959528,595.4890387858347,0.0,1.0
45402,宮崎県,新富町,15746,0.0,,0,0,0,0,0,0.0,0.0,0.0,0.0,0.0,-0.8,-0.24,0.5,-0.0064867451283913,0.0200852671304637,0.0312531585453833,0.0759247242050615,-0.6938034627022795,1.0,0.6873167175738881,,,,,,,,0.0
45403,宮崎県,西米良村,886,0.0,,0,0,0,0,0,0.0,0.0,0.0,0.0,0.0,0.0,0.0,0.5,-0.2948486750805553,-0.2959261213720316,-0.3023408970976253,-0.3279999999999999,0.333145129975414,0.55,-0.6279938050559694,,,,,,,,0.0
45404,宮崎県,木城町,4596,0.0,,0,0,0,0,0,0.0,0.0,0.0,0.0,0.0,0.0,0.0,0.5,-0.096677307220647,-0.0889873522562805,-0.0736566749739049,-0.0123339658444022,-0.2710498947258046,0.55,0.1743725875051576,,,,,,,,0.0
45405,宮崎県,川南町,14213,802.1,,2,1,0,2,0,7.035812284528248,0.0,14.071624569056496,,0.0,1.8808591645216304,0.940429582260815,0.3,-0.0550377215963636,-0.0379073588190578,-0.0239503690444079,0.0318775900541918,1.2262910441706054,1.0,-1.281328765766969,311.0,60.0,0.0,371.0,2188.1376204882854,422.14873707169494,0.0,1.0
45406,宮崎県,都農町,9238,660.3,,0,1,0,0,0,10.824853864472828,0.0,0.0,,0.0,0.0,0.0,0.3,-0.1262087536541604,-0.1173394182314584,-0.106680317750766,-0.0640439158279962,0.6307108375187314,1.0,-0.7569195911728918,61.0,0.0,0.0,65.0,660.3160857328427,0.0,0.0,1.0
45421,宮崎県,門川町,16305,656.2,,1,0,1,2,1,0.0,6.1330880098129406,12.26617601962588,0.0,,1.690413728512616,0.724463026505407,0.35,-0.0314037596943146,-0.0105713526232213,0.0022624052302897,0.0535974366443343,1.0802862737998085,1.0,-1.111690033494123,103.0,92.0,0.0,199.0,631.7080650107329,564.2440969027906,0.0,1.0
45429,宮崎県,諸塚村,1312,0.0,,0,0,0,0,0,0.0,0.0,0.0,0.0,0.0,0.0,0.0,0.5,-0.2639929345722028,-0.2579365079365079,-0.2507936507936508,-0.2222222222222222,0.0089712971638192,0.55,-0.2729642317360221,,,,,,,,0.0
45430,宮崎県,椎葉村,2155,1392.1,,1,0,0,0,0,0.0,0.0,0.0,0.0,0.0,0.0,0.0,0.5,-0.2413682906250088,-0.23546540943929,-0.2208047599838645,-0.1621621621621621,-0.033750510038213,0.55,-0.2076177805867957,30.0,0.0,0.0,30.0,1392.1113689095127,0.0,0.0,1.0
45431,宮崎県,美郷町,4233,685.1,,1,0,0,0,0,0.0,0.0,0.0,0.0,0.0,0.0,0.0,0.5,-0.2562239369116469,-0.2554418003916541,-0.2418268256930252,-0.1873669268985095,0.1081898277770726,0.55,-0.3644137646887195,29.0,0.0,0.0,29.0,685.0933144342074,0.0,0.0,1.0
45441,宮崎県,高千穂町,10302,1164.8,,1,0,0,0,0,0.0,0.0,0.0,0.0,0.0,-0.8,-0.24,0.5,-0.145015159618943,-0.1359468473842903,-0.1165648474805807,-0.0390368478657424,0.8512372237693518,1.0,-0.9962523833882948,0.0,0.0,256.0,256.0,0.0,0.0,2484.95437779072,1.0
45442,宮崎県,日之影町,3235,0.0,,0,0,0,1,0,0.0,0.0,30.91190108191654,0.0,0.0,,0.0,0.35,-0.1735870921804159,-0.1669863459154396,-0.1484372207143539,-0.0742407199100112,-0.0619368678140418,0.55,-0.111650224366374,,,,,,,,0.0
45443,宮崎県,五ヶ瀬町,3090,0.0,,1,0,0,0,0,0.0,0.0,0.0,0.0,0.0,0.0,0.0,0.5,-0.158910486524707,-0.1488044246824943,-0.1299658698430829,-0.0546116504854369,-0.0502576786500922,0.55,-0.1086528078746147,32.0,0.0,0.0,32.0,1035.598705501618,0.0,0.0,1.0
46201,鹿児島県,鹿児島市,583222,751.7,0.4209829867674859,38,13,20,39,7,2.2289968485413785,3.42922592083289,6.686990545624136,1.1161607875834036,2.0,1.957976738492832,1.0274201616743486,1.0,0.1069470935390783,0.137865029630872,0.1504536547838106,0.2008081553955654,0.7323215136891734,1.0,-0.625374420150095,6137.0,1960.0,2717.0,10748.0,1052.2579738075724,336.06414024162325,465.86034134514813,1.0
46203,鹿児島県,鹿屋市,96269,786.3,0.9741400954054732,8,1,3,3,0,1.0387559858313682,3.116267957494105,3.116267957494105,-0.1915296155833047,1.5558355224387168,0.1564746878080014,0.7056106561230833,1.0,0.0452724318608006,0.0635414984982374,0.0807274101381834,0.1494710566979673,0.859350279624837,1.0,-0.8140778477640364,1227.0,289.0,608.0,2104.0,1274.553594615089,300.20047990526547,631.563639385472,1.0
46204,鹿児島県,枕崎市,18370,424.6,0.2558414670215911,3,2,2,4,0,10.887316276537833,10.887316276537833,21.774632553075666,,,2.0,0.6583395900166086,0.65,-0.12572754404836,-0.1109758885182614,-0.0970571801080275,-0.0413823464670922,1.1495084792877253,1.0,-1.275236023336085,275.0,175.0,153.0,603.0,1497.005988023952,952.6401741970606,832.8796951551443,1.0
46206,鹿児島県,阿久根市,17187,733.1,1.0229028697571745,1,1,1,2,0,5.818351079304126,5.818351079304126,11.636702158608252,,,0.9117933443241346,0.9972622100418576,0.65,-0.147276458877742,-0.1280156318218571,-0.1161506622188982,-0.0686907838070628,1.1737866448332086,1.0,-1.3210631037109506,200.0,99.0,185.0,484.0,1163.670215860825,576.0167568511084,1076.394949671263,1.0
46208,鹿児島県,出水市,49555,337.0,-0.2711937716262975,1,1,2,2,0,2.017959842599132,4.035919685198264,4.035919685198264,0.0895110269830261,1.1054555108012294,-0.0187436332889275,0.0453121012103017,1.0,-0.0217992603426117,-4.938797104209192e-05,0.0103490701148396,0.0519429024583664,0.0341347646712371,1.0,-0.0559340250138489,257.0,93.0,310.0,571.0,518.6156795479769,187.6702653617193,625.567551205731,1.0
46210,鹿児島県,指宿市,36313,751.8,0.8176982591876207,4,2,2,3,1,5.50766942968083,5.50766942968083,8.261504144521247,0.9381353355519428,,0.7778080378376657,0.8389969439762927,0.85,-0.1094917992643929,-0.1021107732397391,-0.0853458928873634,-0.0182863714778608,0.8361002218561225,1.0,-0.9455920211205154,293.0,203.0,491.0,991.0,806.8735714482416,559.0284471126042,1352.132844986644,1.0
46213,鹿児島県,西之表市,13571,722.1,3.105173393973849,1,1,1,0,0,7.3686537469604305,7.3686537469604305,0.0,,,-0.8,2.203979533826037,0.65,-0.0904995358683478,-0.0714749574489641,-0.0582098983698568,-0.0051496620534277,1.1548433593796563,1.0,-1.2453428952480043,186.0,0.0,130.0,318.0,1370.56959693464,0.0,957.924987104856,1.0
46214,鹿児島県,垂水市,12426,370.2,0.5699745547073791,1,1,0,1,0,8.047642040882021,0.0,8.047642040882021,,0.0,0.221695314862232,0.3978019682287804,0.8,-0.1426643166895561,-0.1290512076303548,-0.1096945807490247,-0.0322680732237046,0.8496970883091534,1.0,-0.9923614049987096,91.0,35.0,0.0,126.0,732.335425720264,281.66747143087076,0.0,1.0
46215,鹿児島県,薩摩川内市,88422,499.9,0.0994062018913568,5,4,2,5,0,4.523761054941078,2.261880527470539,5.654701318676348,2.0,0.8137572238485891,0.8430377970187091,0.6982223540757732,1.0,-0.0027141420029235,0.0155676537737214,0.0282567093281479,0.0790129315458536,0.5348522276212395,1.0,-0.537566369624163,612.0,332.0,381.0,1105.0,692.1354414059849,375.4721675601095,430.8882404831377,1.0
46216,鹿児島県,日置市,45054,288.5,-0.4188154713940371,6,0,1,6,0,0.0,2.219558751720158,13.317352510320948,-0.8,0.053812317332941,2.0,-0.0613358880970774,1.0,-0.0086011061761701,0.0077307756612491,0.0248756211583259,0.093455003146633,0.2713160884271078,1.0,-0.2799171946032779,285.0,236.0,0.0,521.0,632.574244240245,523.8158654059573,0.0,1.0
46217,鹿児島県,曽於市,29818,550.0,0.4534883720930234,2,2,1,4,0,6.707357971694949,3.3536789858474747,13.4147159433899,0.9514383917067316,,1.8812209031577576,0.8226058821900254,0.85,-0.1402806074555653,-0.1315191387559808,-0.1120334928229665,-0.034090909090909,0.2090401918334292,1.0,-0.3493207992889946,259.0,210.0,0.0,471.0,868.602857334496,704.2725870279697,0.0,1.0
46218,鹿児島県,霧島市,120392,385.4,-0.0240567232210686,6,5,3,11,3,4.153099873745764,2.4918599242474584,9.13681972224068,2.0,1.4314591767599745,2.0,0.902690514903462,1.0,0.1184543457654328,0.1528720538138128,0.1670847735392925,0.223935652441211,0.4835465092234366,1.0,-0.3650921634580038,688.0,528.0,752.0,1972.0,571.4665426274171,438.56734666755267,624.6262210113629,1.0
46219,鹿児島県,いちき串木野市,25375,626.6,1.085885486018642,5,0,2,1,0,0.0,7.881773399014778,3.940886699507389,-0.8,,-0.1131946229829455,0.4305453524257402,0.85,-0.1191987210935291,-0.1021439350411771,-0.0916511534219615,-0.0496800269450993,0.4844527809847505,1.0,-0.6036515020782797,184.0,87.0,150.0,421.0,725.1231527093596,342.85714285714283,591.1330049261085,1.0
46220,鹿児島県,南さつま市,30324,656.2,0.5865570599613152,5,1,0,0,1,3.2977179791584224,0.0,0.0,0.0468627191610722,0.0,-0.8,0.182651073812872,1.0,-0.1421603899393327,-0.1398951456573899,-0.1251981184508397,-0.066410009624639,0.5899080935474912,1.0,-0.732068483486824,336.0,0.0,448.0,798.0,1108.03324099723,0.0,1477.377654662973,1.0
46221,鹿児島県,志布志市,26797,212.7,-0.2919440745672437,1,0,0,1,0,0.0,0.0,3.7317610180244056,-0.8,0.0,-0.0278373787129683,-0.3101476440905671,1.0,-0.083553690860678,-0.0770709994733953,-0.0585454554081167,0.0155567208529976,-0.3530940753444287,1.0,0.2695403844837507,60.0,40.0,124.0,100.0,223.90566108146433,149.27044072097624,462.73836623502626,1.0
46222,鹿児島県,奄美市,38904,1593.7,2.6146518484917216,5,2,1,3,0,5.140859551717047,2.5704297758585235,7.711289327575571,1.5531758134093965,0.3156900592267675,1.3013601013270546,1.8605186110108132,1.0,0.0310809922657148,0.0602136704114878,0.0807805225643398,0.1630479311757475,1.350728369947939,1.0,-1.3196473776822242,388.0,253.0,0.0,641.0,997.3267530331071,650.3187332922065,0.0,1.0
46223,鹿児島県,南九州市,29450,159.6,-0.6154216867469879,2,0,1,3,0,0.0,3.395585738539898,10.186757215619696,-0.8,,1.2516031972727468,-0.3293768985677435,0.85,-0.1059115509620845,-0.0919958289055491,-0.0726027371167088,0.0049696300386525,-0.1275337471556299,1.0,0.0216221961935454,116.0,300.0,276.0,692.0,393.88794567062814,1018.6757215619696,937.1816638370119,1.0
46224,鹿児島県,伊佐市,22048,820.9,1.1693974630021144,3,0,1,2,0,0.0,4.5355587808418,9.0711175616836,-0.8,,0.5785884379965036,0.6017494084712149,0.85,-0.1648950807381624,-0.1559452369254814,-0.1450409496036651,-0.1014238003164,0.8352957691788013,1.0,-1.0001908499169638,229.0,169.0,103.0,505.0,1038.6429608127721,766.5094339622642,467.16255442670536,1.0
46225,鹿児島県,姶良市,75531,545.5,0.3586550435865505,6,2,4,4,1,2.647919397333545,5.29583879466709,5.29583879466709,0.842615565542201,2.0,0.7826697157366349,0.7652510922622107,1.0,0.0428067130603051,0.0595383692131919,0.0715180833984221,0.1194369401393431,0.7267923067505058,1.0,-0.6839855936902006,902.0,357.0,587.0,1786.0,1194.211648197429,472.6536124240378,777.1643431173954,1.0
46303,鹿児島県,三島村,338,0.0,,0,0,0,0,0,0.0,0.0,0.0,0.0,0.0,0.0,0.0,0.5,-0.2759193513039666,-0.2703703703703703,-0.2755555555555555,-0.2962962962962963,0.3636363636363636,0.55,-0.6395557149403304,,,,,,,,0.0
46304,鹿児島県,十島村,695,0.0,,0,0,0,0,0,0.0,0.0,0.0,0.0,0.0,0.0,0.0,0.5,0.0351262108531336,0.0590138968208643,0.0785836664762993,0.1568627450980393,0.3636363636363636,0.55,-0.32851015278323,,,,,,,,0.0
46392,鹿児島県,さつま町,17573,682.9,0.9389551391254968,2,1,1,1,0,5.690547999772378,5.690547999772378,5.690547999772378,,,-0.0437358203662903,0.7121803023196998,0.65,-0.1510133710312515,-0.1379636094524023,-0.1250352740518748,-0.0733219324497648,0.5058689436878424,1.0,-0.656882314719094,202.0,153.0,0.0,355.0,1149.4906959540203,870.6538439651738,0.0,1.0
46404,鹿児島県,長島町,8980,0.0,,0,0,0,0,0,0.0,0.0,0.0,0.0,0.0,0.0,0.0,0.5,-0.0717190836036341,-0.0642090562930697,-0.040908333615032,0.0522945570971185,-0.1116643006511231,0.7,0.0399452170474889,,,,,,,,0.0
46452,鹿児島県,湧水町,8236,0.0,,0,0,0,1,1,0.0,0.0,12.141816415735793,0.0,0.0,,0.0,0.35,-0.1498553041967739,-0.1355273071783945,-0.1198699448456631,-0.0572404955147373,0.0856032226112168,1.0,-0.2354585268079907,0.0,25.0,165.0,190.0,0.0,303.5454103933949,2003.399708596406,1.0
46468,鹿児島県,大崎町,11467,0.0,,0,0,0,0,0,0.0,0.0,0.0,0.0,0.0,0.0,0.0,0.5,-0.0923393623309694,-0.0869766648074628,-0.0667592003940579,0.0141106572595617,-0.6714232167152051,1.0,0.5790838543842357,,,,,,,,0.0
46482,鹿児島県,東串良町,5885,0.0,,0,0,0,0,0,0.0,0.0,0.0,0.0,0.0,0.0,0.0,0.5,-0.0672654627821851,-0.0639733886599845,-0.0487942101828311,0.0119225037257824,-0.2425927128434981,0.55,0.1753272500613129,,,,,,,,0.0
46490,鹿児島県,錦江町,6071,0.0,,0,1,0,1,0,16.471750947125678,0.0,16.471750947125678,,0.0,,0.0,0.15,-0.1788093369794001,-0.1637177885631472,-0.147906049032336,-0.0846590909090909,1.2367249395398403,1.0,-1.4155342765192405,114.0,36.0,0.0,150.0,1877.7796079723275,592.9830340965244,0.0,1.0
46491,鹿児島県,南大隅町,5554,0.0,,0,0,0,0,0,0.0,0.0,0.0,0.0,0.0,0.0,0.0,0.5,-0.2462586213773581,-0.2366110393204372,-0.2207324316901311,-0.157218001168907,-0.4039463976838361,0.7,0.157687776306478,,,,,,,,0.0
46492,鹿児島県,肝付町,12486,320.4,0.368645877829987,2,0,0,1,0,0.0,0.0,8.008970046452026,0.0,0.0,0.2292666737818085,0.2187129399822648,1.0,-0.1596902677901384,-0.1536281866826241,-0.1382775101242606,-0.0768748038908063,0.6682808230358841,1.0,-0.8279710908260225,140.0,0.0,0.0,140.0,1121.2558065032836,0.0,0.0,1.0
46501,鹿児島県,中種子町,6968,0.0,,0,0,0,0,0,0.0,0.0,0.0,0.0,0.0,0.0,0.0,0.5,-0.0907765058842824,-0.0779224984610976,-0.0622163442676615,0.0006082725060827,-0.697304992006629,1.0,0.6065284861223466,,,,,,,,0.0
46502,鹿児島県,南種子町,5042,1190.0,,1,0,0,0,0,0.0,0.0,0.0,0.0,0.0,0.0,0.0,0.5,-0.0079442018924552,0.0156488380221134,0.0393347128757913,0.1340782122905028,0.5968819549807025,0.55,-0.6048261568731578,60.0,0.0,0.0,62.0,1190.003966679889,0.0,0.0,1.0
46505,鹿児島県,屋久島町,11129,404.3,,1,0,0,1,0,0.0,0.0,8.985533291400843,0.0,0.0,,0.0,0.35,-0.0735391687268469,-0.0646420783405657,-0.0521428472218088,-0.0021459227467811,1.0648726991616206,1.0,-1.1384118678884676,139.0,0.0,0.0,140.0,1248.9891275047173,0.0,0.0,1.0
46523,鹿児島県,大和村,1223,0.0,,0,0,0,0,0,0.0,0.0,0.0,0.0,0.0,0.0,0.0,0.5,-0.0582164391745685,-0.0326484806629834,-0.0148687845303868,0.0562499999999999,0.229688491597164,0.55,-0.2879049307717325,,,,,,,,0.0
46524,鹿児島県,宇検村,1512,0.0,,0,0,0,0,0,0.0,0.0,0.0,0.0,0.0,0.0,0.0,0.5,-0.0352942611526302,-0.0305919653559138,-0.0060951939063527,0.0918918918918918,0.0006012506012506,0.55,-0.0358955117538808,,,,,,,,0.0
46525,鹿児島県,瀬戸内町,7918,757.8,,1,0,0,0,0,0.0,0.0,0.0,0.0,0.0,0.0,0.0,0.5,-0.0130842956006493,-0.0010385621629866,0.0242427229594282,0.1253678634490878,1.3005042672561609,1.0,-1.3135885628568102,60.0,0.0,176.0,236.0,757.7671129072999,0.0,2222.783531194746,1.0
46527,鹿児島県,龍郷町,5670,0.0,,0,0,0,0,0,0.0,0.0,0.0,0.0,0.0,0.0,0.0,0.5,0.1387467581580053,0.1624222431668237,0.1829066918001884,0.2648444863336474,0.2313274966227553,0.55,-0.0925807384647499,,,,,,,,0.0
46529,鹿児島県,喜界町,6105,655.2,,1,0,0,1,0,0.0,0.0,16.380016380016382,0.0,0.0,,0.0,0.35,-0.0997209788881429,-0.087332969937634,-0.0710942067823036,-0.0061391541609823,0.8576690950671084,1.0,-0.9573900739552514,40.0,49.0,0.0,89.0,655.2006552006552,802.6208026208027,0.0,1.0
46530,鹿児島県,徳之島町,9340,1284.8,,2,0,1,1,0,0.0,10.70663811563169,10.70663811563169,0.0,,,0.0,0.2,0.0241053812732227,0.047239219874872,0.0759515121860986,0.190800681431005,1.157428295207047,0.55,-1.133322913933824,160.0,79.0,198.0,439.0,1713.0620985010707,845.8244111349036,2119.914346895075,1.0
46531,鹿児島県,天城町,5077,0.0,,0,0,0,0,0,0.0,0.0,0.0,0.0,0.0,0.0,0.0,0.5,0.0168647856914439,0.0376377351814401,0.0648099021584981,0.1734985700667302,-0.2261172555493963,0.55,0.2429820412408403,,,,,,,,0.0
46532,鹿児島県,伊仙町,5750,0.0,,0,0,0,0,0,0.0,0.0,0.0,0.0,0.0,0.0,0.0,0.5,-0.0012780756473876,0.0029724673611427,0.033299026520493,0.1546052631578947,-0.2827458494795332,0.55,0.2814677738321456,,,,,,,,0.0
46533,鹿児島県,和泊町,5807,0.0,,0,0,0,0,0,0.0,0.0,0.0,0.0,0.0,0.0,0.0,0.5,-0.0293093194172614,-0.018374325215729,0.0046944792213561,0.0969696969696969,0.4964092024839389,0.55,-0.5257185219012004,,,,,,,,0.0
46534,鹿児島県,知名町,5294,1133.4,,1,1,0,1,0,18.889308651303363,0.0,18.889308651303363,,0.0,,0.0,0.15,-0.0140409655929349,-0.0041464492833267,0.0244950637797159,0.1390611160318866,0.6148653906962938,0.55,-0.6289063562892288,60.0,72.0,0.0,132.0,1133.3585190782017,1360.030222893842,0.0,1.0
46535,鹿児島県,与論町,4824,1015.8,,1,0,0,1,0,0.0,0.0,20.729684908789388,0.0,0.0,,0.0,0.35,0.061080253203308,0.0755925723648279,0.1044740578918623,0.2199999999999999,0.1540592111438644,0.55,-0.0929789579405564,,,,,,,,0.0
47201,沖縄県,那覇市,306282,439.5,0.0336312323612417,6,7,4,8,2,2.2854754768481333,1.3059859867703618,2.611971973540724,1.2102890858561772,0.1826852366567595,0.157590246697211,0.3099147558549519,1.0,0.1767758858772396,0.2235609691453512,0.2308526522244467,0.2600193845408287,0.0470966023052913,1.0,0.1296792835719483,1385.0,331.0,565.0,2281.0,452.1976479192378,108.07034040524745,184.47052063131363,1.0
47205,沖縄県,宜野湾市,101378,782.2,1.0836441129461911,3,3,1,2,1,2.9592219219159976,0.9864073073053324,1.972814614610665,2.0,-0.0469067866066481,-0.1058814969941687,0.918903813932973,1.0,0.2930493543536405,0.3552854419600949,0.3649527802153275,0.4036221332362577,0.3543242483289801,1.0,-0.0612748939753395,365.0,45.0,0.0,440.0,360.0386671664464,44.388328828739965,0.0,1.0
47207,沖縄県,石垣市,47732,605.5,1.9436071949440932,3,0,1,1,1,0.0,2.0950305874465767,2.0950305874465767,0.0,0.4631407170043435,-0.194390529300355,1.012116125627645,1.0,0.2782062961435113,0.3196621582259964,0.3461695666389578,0.4521992002908033,0.8392455099615304,1.0,-0.5610392138180191,307.0,0.0,38.0,354.0,643.174390346099,0.0,79.61116232296992,1.0
47208,沖縄県,浦添市,116145,440.8,0.1897435897435897,4,1,1,5,1,0.860992724611477,0.860992724611477,4.304963623057385,0.0375212354419598,-0.1680857222662084,1.0698165818169263,0.2376356708927945,1.0,0.2913525439725813,0.3575922247679256,0.3680868828518628,0.4100655151876116,0.3839926206540313,1.0,-0.0926400766814499,602.0,352.0,309.0,1163.0,518.3176202161092,303.06943906323994,266.0467519049464,1.0
47209,沖縄県,名護市,64323,587.7,0.8033138999693159,3,2,3,3,1,3.109307712637781,4.663961568956672,4.663961568956672,1.6294315330939422,2.0,1.0452405282573325,1.184329335842046,1.0,0.2754489378771384,0.3203001089700286,0.3446921756281113,0.4422604422604423,1.101320904026862,1.0,-0.8258719661497237,550.0,0.0,0.0,550.0,855.0596209753899,0.0,0.0,1.0
47210,沖縄県,糸満市,61465,48.8,-0.8411458333333334,1,0,0,2,1,0.0,0.0,3.2538843244122675,-0.8,-0.8,0.4527532234102966,-0.6326599331551223,1.0,0.2865747235548947,0.3269548365024101,0.3553985388176317,0.469173348078518,-0.2542860707111453,1.0,0.54086079426604,0.0,60.0,958.0,1018.0,0.0,97.61652973236802,1558.610591393476,1.0
47211,沖縄県,沖縄市,141402,275.1,-0.25748987854251,3,3,2,3,2,2.121610726863835,1.414407151242557,2.121610726863835,1.788026868805639,0.5100549695616339,0.0390495559747081,0.3112261133203242,1.0,0.3321492550577407,0.3944541081051419,0.4081561004973855,0.4629640700663597,0.2122924206410383,1.0,0.1198568344167023,696.0,438.0,484.0,1618.0,492.21368863240974,309.7551661221199,342.2865306006987,1.0
47212,沖縄県,豊見城市,65312,736.5,1.0699831365935917,3,2,3,2,0,3.062224399804017,4.593336599706026,3.062224399804017,2.0,2.0,0.4371318632930163,1.3005613477907485,1.0,0.33129264464648,0.3875013760215945,0.4040495342555025,0.4702421671911343,0.9933136946939114,1.0,-0.6620210500474314,656.0,0.0,0.0,656.0,1004.4096031357178,0.0,0.0,1.0
47213,沖縄県,うるま市,126901,399.5,0.0,2,1,1,1,1,0.7880158548790002,0.7880158548790002,0.7880158548790002,-0.0973772260620973,-0.2494675067779812,-0.6266192103474573,-0.1508884527812352,1.0,0.2940551245125379,0.3436431618922279,0.3613275035911671,0.4320648703869238,-0.0934707482354836,1.0,0.3875258727480215,592.0,0.0,702.0,1298.0,466.5053860883681,0.0,553.187130125058,1.0
47214,沖縄県,宮古島市,52340,439.4,0.5743461125044784,3,1,0,1,1,1.9105846388995031,0.0,1.9105846388995031,0.2685334083664841,-0.8,-0.2533558655539873,0.1828763580924379,1.0,0.2271297505618764,0.2538857581649257,0.2874751100664702,0.4218325176726483,0.6002461789158363,1.0,-0.3731164283539599,425.0,216.0,45.0,692.0,811.9984715322888,412.6862820022927,85.97630875047764,1.0
47215,沖縄県,南城市,45359,0.0,-1.0,1,0,1,1,0,0.0,2.204634140964307,2.204634140964307,-0.8,0.4862787018591938,-0.1836342521211852,-0.6146033325392988,1.0,0.2455680777970021,0.2775737315969825,0.2996718582661815,0.3880643649429776,-0.6942929521224039,1.0,0.939861029919406,,,,,,,,0.0
47301,沖縄県,国頭村,4219,0.0,,0,0,0,0,0,0.0,0.0,0.0,0.0,0.0,0.0,0.0,0.5,0.057423835413303,0.0759327591389538,0.1082586451221083,0.2375621890547263,-0.1324009149075719,0.55,0.189824750320875,,,,,,,,0.0
47302,沖縄県,大宜味村,2941,0.0,,0,0,0,0,0,0.0,0.0,0.0,0.0,0.0,0.0,0.0,0.5,0.1058913134744154,0.1143982867027265,0.1529804233821147,0.3073089700996678,-0.0399991947523509,0.55,0.1458905082267663,,,,,,,,0.0
47303,沖縄県,東村,1517,0.0,,0,0,0,0,0,0.0,0.0,0.0,0.0,0.0,0.0,0.0,0.5,0.0756037805098181,0.0894656952034001,0.1234244080145719,0.2592592592592593,0.0047460402740256,0.55,0.0708577402357925,,,,,,,,0.0
47306,沖縄県,今帰仁村,8527,0.0,,0,0,0,1,0,0.0,0.0,11.727453969743168,0.0,0.0,,0.0,0.35,0.1223028420126027,0.1464147514071295,0.1779491088180113,0.3040865384615385,0.430685692969434,0.55,-0.3083828509568312,0.0,60.0,0.0,60.0,0.0,703.6472381845902,0.0,1.0
47308,沖縄県,本部町,11954,0.0,,0,0,0,1,0,0.0,0.0,8.365400702693659,0.0,0.0,,0.0,0.35,0.0987967889764862,0.1135495983440031,0.15058484148785,0.2987258140632374,0.4329740781685764,1.0,-0.3341772891920902,0.0,150.0,0.0,150.0,0.0,1254.8101054040487,0.0,1.0
47311,沖縄県,恩納村,11074,0.0,,0,0,0,0,0,0.0,0.0,0.0,0.0,0.0,0.0,0.0,0.5,0.2792814266095535,0.3192625026706132,0.3373907449150325,0.4099037138927097,-0.6088872894521548,1.0,0.8881687160617082,,,,,,,,0.0
47313,沖縄県,宜野座村,5990,0.0,,0,0,1,1,0,0.0,16.69449081803005,16.69449081803005,0.0,,,0.0,0.2,0.2738138351638645,0.3113832676832695,0.3263075170811528,0.3860045146726862,0.4892235934257614,0.55,-0.2154097582618968,,,,,,,,0.0
47314,沖縄県,金武町,10762,0.0,,0,0,0,1,1,0.0,0.0,9.29195316855603,0.0,0.0,,0.0,0.35,0.0707564305249598,0.0908881577331804,0.093933132876279,0.1061130334486735,0.4256359848011302,1.0,-0.3548795542761703,0.0,0.0,0.0,0.0,0.0,0.0,0.0,1.0
47315,沖縄県,伊江村,3863,0.0,,0,0,0,0,0,0.0,0.0,0.0,0.0,0.0,0.0,0.0,0.5,0.0665369460081516,0.0779849948360033,0.1216886951695019,0.2965034965034965,-0.2602349159928628,0.55,0.3267718620010145,,,,,,,,0.0
47324,沖縄県,読谷村,41473,0.0,-1.0,0,0,0,0,0,0.0,0.0,0.0,0.0,-0.8,-0.8,-0.74,1.0,0.3170851050828378,0.3746601151748608,0.3934108059322917,0.468413568962015,-0.7633340488918213,1.0,1.0804191539746593,,,,,,,,0.0
47325,沖縄県,嘉手納町,13020,307.2,,1,0,0,1,0,0.0,0.0,7.680491551459293,0.0,0.0,,0.0,0.35,0.1739279072731057,0.2072218705802413,0.2242816515888468,0.2925207756232686,0.6435304713138434,1.0,-0.4696025640407377,40.0,82.0,0.0,122.0,307.21966205837174,629.800307219662,0.0,1.0
47326,沖縄県,北谷町,28125,0.0,-1.0,0,0,0,2,0,0.0,0.0,7.111111111111111,0.0,0.0,2.0,-0.2,1.0,0.2314844117488979,0.2873536133332215,0.2943240233044312,0.3222056631892698,-0.423621567059186,1.0,0.655105978808084,0.0,120.0,0.0,120.0,0.0,426.6666666666667,0.0,1.0
47327,沖縄県,北中城村,18549,2199.6,15.197349042709869,1,1,1,2,1,5.391126206264489,5.391126206264489,10.782252412528978,,,2.0,12.151806955930669,0.65,0.26706542467171,0.322343140437807,0.3304450452656061,0.3628526645768024,3.195236540131177,1.0,-2.928171115459468,462.0,307.0,94.0,863.0,2490.700307294194,1655.075745323198,506.765863388862,1.0
47328,沖縄県,中城村,22990,1609.4,8.42271662763466,2,0,0,0,0,0.0,0.0,0.0,0.0,0.0,-0.8,4.09135831381733,1.0,0.468577362437591,0.5257200122353396,0.550380782022545,0.6490238611713666,1.5930154475117142,1.0,-1.1244380850741231,370.0,0.0,0.0,370.0,1609.3953892996956,0.0,0.0,1.0
47329,沖縄県,西原町,34834,0.0,-1.0,0,0,0,1,0,0.0,0.0,2.8707584543836484,0.0,0.0,0.2035510196824888,-0.4694673470476266,1.0,0.3169874853137386,0.3757314482885999,0.4028359624894009,0.5112540192926045,-0.6158022868816548,1.0,0.9327897721953936,598.0,0.0,40.0,648.0,1716.7135557214215,0.0,114.83033817534591,1.0
47348,沖縄県,与那原町,20510,468.1,2.0083547557840618,1,0,1,1,0,0.0,4.875670404680643,4.875670404680643,0.0,,0.9787747211791642,1.354110101257536,0.85,0.3452171181767001,0.3967768696537014,0.4133389474950562,0.4795872588604755,0.9322081546942456,1.0,-0.5869910365175455,96.0,74.0,0.0,170.0,468.06435884934183,360.7996099463676,0.0,1.0
47350,沖縄県,南風原町,41514,1144.2,2.883910386965377,2,0,0,2,3,0.0,0.0,4.817651876475407,0.0,0.0,1.1125528933622886,1.6088381274870316,1.0,0.2594358603688783,0.2984776386440275,0.3163467853130811,0.3878233719892952,1.4908590209908898,1.0,-1.2314231606220116,433.0,0.0,251.0,694.0,1043.0216312569255,0.0,604.6153104976635,1.0
47353,沖縄県,渡嘉敷村,649,0.0,,0,0,0,0,0,0.0,0.0,0.0,0.0,0.0,0.0,0.0,0.5,0.0254183621384649,0.0331527347781216,0.0554695562435499,0.144736842105263,0.1875911570447093,0.55,-0.1621727949062444,,,,,,,,0.0
47354,沖縄県,座間味村,828,0.0,,0,0,0,0,0,0.0,0.0,0.0,0.0,0.0,0.0,0.0,0.5,0.2874820472646559,0.360135135135135,0.378108108108108,0.4499999999999999,0.3636363636363636,0.55,-0.0761543163717077,,,,,,,,0.0
47355,沖縄県,粟国村,623,0.0,,0,0,0,0,0,0.0,0.0,0.0,0.0,0.0,0.0,0.0,0.5,-5.659134872622318e-05,0.0074786324786324,0.0367521367521367,0.1538461538461537,0.1673450623806766,0.55,-0.1674016537294028,,,,,,,,0.0
47356,沖縄県,渡名喜村,315,0.0,,0,0,0,0,0,0.0,0.0,0.0,0.0,0.0,0.0,0.0,0.5,-0.0891769384135796,-0.0954776775387462,-0.0733518390006939,0.0151515151515151,0.3636363636363636,0.55,-0.4528133020499433,,,,,,,,0.0
47357,沖縄県,南大東村,1207,0.0,,0,0,0,0,0,0.0,0.0,0.0,0.0,0.0,0.0,0.0,0.5,0.020495167317361,0.0243792808219178,0.0523801369863013,0.1643835616438356,0.0408971563971747,0.55,-0.0204019890798136,,,,,,,,0.0
47358,沖縄県,北大東村,563,0.0,,0,0,0,0,0,0.0,0.0,0.0,0.0,0.0,0.0,0.0,0.5,0.0846814978143452,0.0826309067688377,0.1253639846743294,0.2962962962962963,0.2175035678399539,0.55,-0.1328220700256087,,,,,,,,0.0
47359,沖縄県,伊平屋村,1013,0.0,,0,0,0,0,0,0.0,0.0,0.0,0.0,0.0,0.0,0.0,0.5,0.0570638242225816,0.0854521171349426,0.1219331222793826,0.2678571428571428,0.0617422691055006,0.55,-0.0046784448829189,,,,,,,,0.0
47360,沖縄県,伊是名村,1236,0.0,,0,0,0,0,0,0.0,0.0,0.0,0.0,0.0,0.0,0.0,0.5,0.0530556502928343,0.0650163996767599,0.1027903218139468,0.2538860103626943,0.0348622962666029,0.55,0.0181933540262313,,,,,,,,0.0
47361,沖縄県,久米島町,6618,604.4,,1,0,0,0,0,0.0,0.0,0.0,0.0,0.0,0.0,0.0,0.5,0.0872518512052567,0.116122470859165,0.1503071099585342,0.2870456663560112,0.5040324705964844,0.55,-0.4167806193912276,40.0,0.0,0.0,40.0,604.4122091266244,0.0,0.0,1.0
47362,沖縄県,八重瀬町,32232,986.6,4.7763466042154565,1,0,1,0,0,0.0,3.1025068255150163,0.0,0.0,,-0.8,2.6684391789502686,0.85,0.3739737260471032,0.4164457318440423,0.4453988863151422,0.5612115041995418,1.0790582585506128,1.0,-0.7050845325035096,357.0,0.0,0.0,357.0,1107.5949367088608,0.0,0.0,1.0
47375,沖縄県,多良間村,977,0.0,,0,0,0,0,0,0.0,0.0,0.0,0.0,0.0,0.0,0.0,0.5,0.0666751746761756,0.0993894805439796,0.1227864382363533,0.2163742690058478,0.0642357016163876,0.55,0.0024394730597879,,,,,,,,0.0
47381,沖縄県,竹富町,3754,0.0,,0,0,0,0,0,0.0,0.0,0.0,0.0,0.0,0.0,0.0,0.5,0.1638086679301379,0.1869802562917284,0.2154828225449034,0.3294930875576036,0.6545454545454545,0.55,-0.4907367866153165,,,,,,,,0.0
47382,沖縄県,与那国町,1552,0.0,,0,0,0,0,0,0.0,0.0,0.0,0.0,0.0,0.0,0.0,0.5,0.0673658016352648,0.1034482758620689,0.1241379310344827,0.2068965517241379,0.026355719943314,0.55,0.0410100816919507,,,,,,,,0.0
22138,静岡県,浜松市中央区,595838,,,12,2,6,7,2,0.3356617067055139,1.0069851201165418,1.174815973469299,-0.7016769246725914,-0.1162999320798304,-0.4793376321306281,-0.4593620391321741,0.5,,,,,-0.5826318450384491,1.0,0.6300534421766065,4094.0,985.0,1015.0,6114.0,687.099513626187,165.31339055246562,170.34831615304833,1.0
22139,静岡県,浜松市浜名区,152222,,,3,2,2,4,2,1.3138705311978558,1.3138705311978558,2.627741062395712,0.2532431660554017,0.0705320983982251,0.0628346001622901,0.1413072759903152,0.5,,,,,-0.4718073749363018,1.0,0.5192229623141354,665.0,484.0,479.0,1636.0,436.86195162328704,317.9566685498811,314.67199222188646,1.0
22140,静岡県,浜松市天竜区,24194,,,1,1,1,1,0,4.133256179217987,4.133256179217987,4.133256179217987,0.277865508513504,,-0.2957396125358208,0.0320347423495076,0.35,,,,,-0.497710184537905,1.0,0.5451263544970996,36.0,165.0,0.0,205.0,148.79722245184755,681.987269570968,0.0,1.0
